Year,Month,Day,Hour,Minuete,Second,Humidity,Temperature,voc,pm2_5_alt
2024,7,1,0,0,0,26.5,91.5,532.502,1
2024,7,1,0,10,0,26.8,90.9,537.774,1
2024,7,1,0,20,0,27,90.5,533.94,1.1
2024,7,1,0,30,0,27,90.5,529.308,1.1
2024,7,1,0,40,0,27,90,528.892,1.1
2024,7,1,0,50,0,27.5,89.5,538.874,1.2
2024,7,1,1,0,0,27.9,89.5,541.168,1.1
2024,7,1,1,10,0,28.4,88.7,533.482,1
2024,7,1,1,20,0,28.7,88.5,532.768,1
2024,7,1,1,30,0,29,88.4,532.966,1
2024,7,1,1,40,0,29,88.2,532.556,1
2024,7,1,1,50,0,29,87.7,533.43,1
2024,7,1,2,0,0,28.8,87.5,525.78,0.9
2024,7,1,2,10,0,28.9,87.5,519.468,1
2024,7,1,2,20,0,29,87.1,516.648,0.9
2024,7,1,2,30,0,29.3,86.6,520.57,1.6
2024,7,1,2,40,0,29.4,86.5,544.798,1.7
2024,7,1,2,50,0,29.2,86.5,527.96,1.1
2024,7,1,3,0,0,29.125,86.125,505.817,0.8
2024,7,1,3,10,0,29.1,85.5,505.348,0.8
2024,7,1,3,20,0,28.8,85.6,501.186,0.8
2024,7,1,3,30,0,29,85.5,510.543,1
2024,7,1,3,40,0,29.2,85.1,497.454,0.9
2024,7,1,3,50,0,29.4,84.7,489.412,0.8
2024,7,1,4,0,0,29.5,84.5,483.638,0.8
2024,7,1,4,10,0,29.7,84.5,486.618,0.8
2024,7,1,4,20,0,30,84.5,501.428,0.9
2024,7,1,4,30,0,30.2,84.5,510.028,1
2024,7,1,4,40,0,30.5,84.3,504.348,1
2024,7,1,4,50,0,30.6,84.3,501.852,0.9
2024,7,1,5,0,0,31,84,510.066,1
2024,7,1,5,10,0,31.7,83.5,511.334,1.1
2024,7,1,5,20,0,32,83.5,515.582,1.2
2024,7,1,5,30,0,32.3,83.1,520.818,1.4
2024,7,1,5,40,0,33.2,82.5,526.976,1.6
2024,7,1,5,50,0,33.4,82.5,522.944,1.3
2024,7,1,6,0,0,33.875,82.5,520.667,1.4
2024,7,1,6,10,0,34,82.5,525.804,1.5
2024,7,1,6,20,0,34,82.5,527.812,1.5
2024,7,1,6,30,0,33.7,83.3,520.252,1.5
2024,7,1,6,40,0,32.9,83.6,512.638,1.7
2024,7,1,6,50,0,32.3,84.4,501.776,1.6
2024,7,1,7,0,0,31.8,84.9,487.146,1.4
2024,7,1,7,10,0,31,85.7,477.484,1.4
2024,7,1,7,20,0,30.6,86.5,468.348,1.2
2024,7,1,7,30,0,29.8,87.3,464.9,1.2
2024,7,1,7,40,0,29.1,88.6,459.688,1.3
2024,7,1,7,50,0,29.1,89.4,461.11,2
2024,7,1,8,0,0,28.2,90.1,444.852,1.7
2024,7,1,8,10,0,27.9,91.1,436.41,1.6
2024,7,1,8,20,0,27.6,91.6,422.904,1.7
2024,7,1,8,30,0,27.5,92.5,412.104,1.6
2024,7,1,8,40,0,26.75,93.5,428.647,1.5
2024,7,1,8,50,0,25.8,94.4,443.03,1.5
2024,7,1,9,0,0,25.1,95.4,436.132,1.6
2024,7,1,9,10,0,25,96.1,426.708,1.6
2024,7,1,9,20,0,24.9,96.9,409.608,1.7
2024,7,1,9,30,0,24.8,97.1,390.55,1.5
2024,7,1,9,40,0,24.6,97.5,366.902,1.5
2024,7,1,9,50,0,22.7,98.1,360.812,1.4
2024,7,1,10,0,0,21.7,99.4,365.256,1.4
2024,7,1,10,10,0,21.6,100.6,362.974,1.5
2024,7,1,10,20,0,21,101.5,364.442,1.2
2024,7,1,10,30,0,20.8,101.9,352.028,1.1
2024,7,1,10,40,0,20.7,102.3,340.218,1.2
2024,7,1,10,50,0,20.3,103.1,329.75,1.2
2024,7,1,11,0,0,20.1,103.6,313.882,1.1
2024,7,1,11,10,0,20.1,103.9,292.338,1.3
2024,7,1,11,20,0,19.8,104.7,292.94,1.5
2024,7,1,11,30,0,19.4,104.6,265.986,1.5
2024,7,1,11,40,0,19.5,105.3,239.452,1.6
2024,7,1,11,50,0,19.1,106.3,232.998,1.4
2024,7,1,12,0,0,18.9,106.9,218.308,1.4
2024,7,1,12,10,0,18.6,107.8,210.388,1.4
2024,7,1,12,20,0,18.4,108.4,197.626,1.4
2024,7,1,12,30,0,18.4,108.9,186.968,1.7
2024,7,1,12,40,0,18.2,109.3,170.864,1.5
2024,7,1,12,50,0,17.7,109.9,156.606,1.5
2024,7,1,13,0,0,17,110.5,169.528,1.3
2024,7,1,13,10,0,17,110.9,167.446,1.3
2024,7,1,13,20,0,16.1,111.7,152.546,1.4
2024,7,1,13,30,0,15.7,112.3,151.762,1.4
2024,7,1,13,40,0,15.4,112.5,146.706,1.3
2024,7,1,13,50,0,15.5,112.5,125.918,1.5
2024,7,1,14,0,0,15.8,113.5,123.48,1.3
2024,7,1,14,10,0,15.5,113.5,117.55,1.5
2024,7,1,14,20,0,15.125,113.75,154.247,1.3
2024,7,1,14,30,0,14.8,114.5,157.792,1.3
2024,7,1,14,40,0,14.5,114.6,147.184,1.3
2024,7,1,14,50,0,14.1,115.5,145.664,1.4
2024,7,1,15,0,0,13.6,115.5,137.072,1.6
2024,7,1,15,10,0,13,115.5,132.8,1.4
2024,7,1,15,20,0,13.2,115.5,124.964,1.2
2024,7,1,15,30,0,12.8,115.5,113.092,1.1
2024,7,1,15,40,0,11.7,115.7,97.994,1
2024,7,1,15,50,0,11.4,116.3,114.782,1
2024,7,1,16,0,0,10.3,115.7,115.396,0.9
2024,7,1,16,10,0,10.3,116.3,126.486,0.9
2024,7,1,16,20,0,9.8,116,129.206,0.8
2024,7,1,16,30,0,10,115.9,133.434,0.8
2024,7,1,16,40,0,10.4,115.5,117.846,0.9
2024,7,1,16,50,0,9.9,115.4,123.068,0.8
2024,7,1,17,0,0,9.3,114.6,128.584,0.7
2024,7,1,17,10,0,9.6,114.5,130.562,0.8
2024,7,1,17,20,0,9.7,114.5,136.42,1
2024,7,1,17,30,0,10.8,113.9,110.84,0.9
2024,7,1,17,40,0,11.5,113.5,78.42,0.9
2024,7,1,17,50,0,11.5,113.4,54.986,0.9
2024,7,1,18,0,0,11.5,112.5,52.558,0.8
2024,7,1,18,10,0,11.8,112.5,58.528,0.9
2024,7,1,18,20,0,12.6,112.4,55.208,1
2024,7,1,18,30,0,13.4,111.8,51.594,1
2024,7,1,18,40,0,13.9,111.1,59.226,1
2024,7,1,18,50,0,14.4,110.5,78.202,0.9
2024,7,1,19,0,0,15,109.7,89.74,1
2024,7,1,19,10,0,16.1,108.9,93.826,1.1
2024,7,1,19,20,0,17.2,108.2,110.802,1.5
2024,7,1,19,30,0,18.4,107.3,116.496,1.7
2024,7,1,19,40,0,19.5,106.2,127.638,1.9
2024,7,1,19,50,0,20.9,105.1,136.626,1.9
2024,7,1,20,0,0,22,104.1,151.684,1.6
2024,7,1,20,10,0,22.9,103.1,164.25,1.6
2024,7,1,20,20,0,24.1,102.1,183.258,1.8
2024,7,1,20,30,0,24.9,101.1,199.674,1.7
2024,7,1,20,40,0,25.3,100.5,224.048,1.8
2024,7,1,20,50,0,25.4,99.5,236.024,1.7
2024,7,1,21,0,0,25.9,99.1,251.69,1.7
2024,7,1,21,10,0,26,98.5,276.142,1.7
2024,7,1,21,20,0,25.8,98.4,302.702,1.8
2024,7,1,21,30,0,25.2,98.2,311.31,1.8
2024,7,1,21,40,0,25.4,97.5,315.84,1.8
2024,7,1,21,50,0,26.1,97.3,334.616,1.8
2024,7,1,22,0,0,26.7,96.5,359.37,2
2024,7,1,22,10,0,27,95.7,335.424,1.7
2024,7,1,22,20,0,27,95.5,319.804,1.6
2024,7,1,22,30,0,27.6,94.9,325.976,1.5
2024,7,1,22,40,0,27.6,94.5,343.64,1.7
2024,7,1,22,50,0,27.7,94.3,342.274,1.8
2024,7,1,23,0,0,27.9,93.7,347.298,1.9
2024,7,1,23,10,0,27.9,93.4,343.472,1.8
2024,7,1,23,20,0,27.9,93.5,361.058,1.8
2024,7,1,23,30,0,27.8,92.7,381.666,1.7
2024,7,1,23,40,0,28,92.5,392.93,1.8
2024,7,1,23,50,0,28.2,92.2,407.28,1.7
2024,7,2,0,0,0,28.7,91.5,427.584,1.8
2024,7,2,0,10,0,28.9,91.5,443.722,2
2024,7,2,0,20,0,28.6,91.1,451.86,1.8
2024,7,2,0,30,0,28.1,90.9,445.716,1.7
2024,7,2,0,40,0,28.4,90.6,436.344,1.6
2024,7,2,0,50,0,28.5,90.5,431.196,1.8
2024,7,2,1,0,0,28.5,90.5,425.578,1.9
2024,7,2,1,10,0,28.5,90.2,432.518,2.2
2024,7,2,1,20,0,29,89.5,440.026,1.9
2024,7,2,1,30,0,29,89.5,432.552,1.7
2024,7,2,1,40,0,29.7,89.2,452.46,1.8
2024,7,2,1,50,0,30.8,88.7,469.046,1.9
2024,7,2,2,0,0,31.3,88.5,494.71,1.9
2024,7,2,2,10,0,31.1,88.5,488.15,2
2024,7,2,2,20,0,31.1,88,468.152,2.1
2024,7,2,2,30,0,30,87.7,436.404,1.9
2024,7,2,2,40,0,29.4,87.5,412.39,1.7
2024,7,2,2,50,0,29.2,87.5,411.056,1.8
2024,7,2,3,0,0,29.1,87.5,410.164,1.8
2024,7,2,3,10,0,28.8,87.5,391.326,2
2024,7,2,3,20,0,29,87.5,392.036,1.8
2024,7,2,3,30,0,29.3,87.4,401.55,1.8
2024,7,2,3,40,0,30,87.2,413.22,2
2024,7,2,3,50,0,29.7,87.5,405.226,2.1
2024,7,2,4,0,0,29.3,87.5,398.106,1.9
2024,7,2,4,10,0,29.6,87.4,385.442,2.1
2024,7,2,4,20,0,30.1,87.3,391.352,2.1
2024,7,2,4,30,0,31,86.5,411.974,2.2
2024,7,2,4,40,0,31.7,86.5,428.12,2.2
2024,7,2,4,50,0,32.1,86,440.95,2.8
2024,7,2,5,0,0,32.9,85.5,457.9,3.1
2024,7,2,5,10,0,33.7,85.5,472.448,3
2024,7,2,5,20,0,34,85.5,467.612,2.9
2024,7,2,5,30,0,34.6,85.5,463.906,2.8
2024,7,2,5,40,0,35.2,84.8,471.664,2.7
2024,7,2,5,50,0,34.6,84.5,447.86,3.3
2024,7,2,6,0,0,34.2,84.5,436.676,3
2024,7,2,6,10,0,35,84.5,445.116,3.1
2024,7,2,6,20,0,35,84.5,443.318,3
2024,7,2,6,30,0,34.8,84.6,434.542,2.8
2024,7,2,6,40,0,34.5,85.1,421.206,2.9
2024,7,2,6,50,0,33.4,85.8,413.86,2.9
2024,7,2,7,0,0,32,86.5,393.29,3
2024,7,2,7,10,0,31.6,87.4,395.142,3.4
2024,7,2,7,20,0,32.1,88,402.068,4.1
2024,7,2,7,30,0,33,88.5,420.83,4.6
2024,7,2,7,40,0,33.5,88.7,406.956,4.5
2024,7,2,7,50,0,32.2,89.6,367.448,4.3
2024,7,2,8,0,0,30.5,89.9,342.996,4.5
2024,7,2,8,10,0,30.6,91.4,332.994,4.3
2024,7,2,8,20,0,28.9,92.7,317.646,4.3
2024,7,2,8,30,0,27.9,93.7,301.588,3.9
2024,7,2,8,40,0,26.8,94.7,283.628,3.5
2024,7,2,8,50,0,26.8,95.7,267.764,3.8
2024,7,2,9,0,0,25.6,96.9,255.81,3.5
2024,7,2,9,10,0,25,98,232.642,4
2024,7,2,9,20,0,24,98.9,213.35,3.5
2024,7,2,9,30,0,22.3,100.2,186.528,3.2
2024,7,2,9,40,0,21.1,100.9,158.682,2.9
2024,7,2,9,50,0,20.2,101.6,129.394,2.8
2024,7,2,10,0,0,19.3,102.5,93.862,2.5
2024,7,2,10,10,0,18.7,103.5,61.64,2.7
2024,7,2,10,20,0,18.4,104.4,52.498,2.8
2024,7,2,10,30,0,16.7,105.1,52.158,2.2
2024,7,2,10,40,0,16.4,105.5,50.888,2.2
2024,7,2,10,50,0,16.5,106.3,56.18,2
2024,7,2,11,0,0,15.9,106.8,52.072,2
2024,7,2,11,10,0,15.5,107.5,51.992,2.1
2024,7,2,11,20,0,15.3,107.7,51.65,2.1
2024,7,2,11,30,0,14.7,108.5,54.022,2.1
2024,7,2,11,40,0,14.5,108.7,51.014,2.1
2024,7,2,11,50,0,14.7,109.5,54.812,2.2
2024,7,2,12,0,0,14.3,110.1,52.25,2.2
2024,7,2,12,10,0,14.4,110.7,55.942,2
2024,7,2,12,20,0,13.9,111.5,55.658,2.1
2024,7,2,12,30,0,13.2,111.5,58.452,1.9
2024,7,2,12,40,0,12.7,112.5,65.288,1.8
2024,7,2,12,50,0,12,112.8,78.368,1.6
2024,7,2,13,0,0,11.6,113.5,85.93,1.7
2024,7,2,13,10,0,11.7,114.4,90.476,1.6
2024,7,2,13,20,0,11.8,114.3,82.13,1.7
2024,7,2,13,30,0,11.6,114.7,74.73,1.7
2024,7,2,13,40,0,11.5,114.8,56.532,1.7
2024,7,2,13,50,0,11.7,114.9,53.82,1.7
2024,7,2,14,0,0,11.5,115.4,52.546,1.8
2024,7,2,14,10,0,11.7,116,62.68,1.8
2024,7,2,14,20,0,12,116.1,53.214,1.9
2024,7,2,14,30,0,11.9,116.6,58.036,1.8
2024,7,2,14,40,0,11.9,117.2,66.792,1.8
2024,7,2,14,50,0,11.2,117.6,68.47,1.8
2024,7,2,15,0,0,11.3,118.5,60.56,1.8
2024,7,2,15,10,0,11,118.5,55.076,1.8
2024,7,2,15,20,0,11.3,118.5,53.35,1.8
2024,7,2,15,30,0,11.3,118.5,59.62,2
2024,7,2,15,40,0,11.9,119.2,53.608,2
2024,7,2,15,50,0,11.4,119.5,60.118,1.8
2024,7,2,16,0,0,10.6,119.4,70.418,1.7
2024,7,2,16,10,0,10.7,119.1,83.296,1.6
2024,7,2,16,20,0,11,118.7,61.736,1.6
2024,7,2,16,30,0,11.5,118.9,67.954,1.6
2024,7,2,16,40,0,12,118.6,54.87,1.7
2024,7,2,16,50,0,12,118.5,53.182,1.7
2024,7,2,17,0,0,11.2,118.4,73.828,1.5
2024,7,2,17,10,0,12,117.7,86.39,1.6
2024,7,2,17,20,0,12.9,117.5,73.876,1.7
2024,7,2,17,30,0,13.25,117.5,63.997,1.9
2024,7,2,17,40,0,13.4,116.6,53.623,1.8
2024,7,2,17,50,0,13,116.5,54.496,1.7
2024,7,2,18,0,0,13.2,116.3,58.614,1.8
2024,7,2,18,10,0,13.6,115.7,57.754,1.9
2024,7,2,18,20,0,14.3,115.5,55.614,2
2024,7,2,18,30,0,14.9,114.5,52.73,1.9
2024,7,2,18,40,0,15.7,113.9,61.87,2
2024,7,2,18,50,0,16.3,113.3,102.184,1.9
2024,7,2,19,0,0,16.6,112.5,125.426,1.9
2024,7,2,19,10,0,17.1,111.5,147.714,1.8
2024,7,2,19,20,0,18,110.9,174.838,2
2024,7,2,19,30,0,19.1,109.7,150.534,1.9
2024,7,2,19,40,0,20.1,108.9,121.858,2.1
2024,7,2,19,50,0,21.2,107.7,120.182,2.2
2024,7,2,20,0,0,22,106.9,114.444,2.5
2024,7,2,20,10,0,23,105.9,111.656,2.3
2024,7,2,20,20,0,23.3,104.9,123.57,2.3
2024,7,2,20,30,0,24,104.1,121.82,2.3
2024,7,2,20,40,0,24,103.5,124.588,2.4
2024,7,2,20,50,0,24.7,102.5,131.094,3.4
2024,7,2,21,0,0,25,102.2,136.542,3.7
2024,7,2,21,10,0,25,101.5,126.962,2.8
2024,7,2,21,20,0,25.7,100.9,123.624,2.5
2024,7,2,21,30,0,25.7,100.5,126.704,2.7
2024,7,2,21,40,0,25.6,100.5,112.782,2.9
2024,7,2,21,50,0,26,99.6,119.4,3
2024,7,2,22,0,0,26,99.5,146.872,3.1
2024,7,2,22,10,0,26.6,99.5,192.64,3.2
2024,7,2,22,20,0,27,98.9,242.8,3.3
2024,7,2,22,30,0,27,98.5,293.072,3.2
2024,7,2,22,40,0,27.3,98.1,318.484,3.2
2024,7,2,22,50,0,28,97.5,339.538,3.5
2024,7,2,23,0,0,28.7,96.9,362.484,5.1
2024,7,2,23,10,0,29,96.5,407.474,8.9
2024,7,2,23,20,0,29,96.1,427.432,5.9
2024,7,2,23,30,0,28.6,95.5,416.504,3.9
2024,7,2,23,40,0,27.5,95.5,427.192,3.5
2024,7,2,23,50,0,27.2,95.5,446.906,3.4
2024,7,3,0,0,0,27,95.1,467.576,3.3
2024,7,3,0,10,0,26.9,94.5,468.64,3.3
2024,7,3,0,20,0,26.5,94.5,494.644,3.2
2024,7,3,0,30,0,26.7,94.5,507.27,3.3
2024,7,3,0,40,0,26.7,94.2,505.162,3.4
2024,7,3,0,50,0,26.5,93.7,514.096,3.1
2024,7,3,1,0,0,26,93.5,512.914,3
2024,7,3,1,10,0,25.9,93,498.762,3
2024,7,3,1,20,0,26.1,92.5,488.206,3
2024,7,3,1,30,0,26.2,92.5,498.004,3.1
2024,7,3,1,40,0,26.8,92,509.088,3.2
2024,7,3,1,50,0,27.2,91.5,534.974,3.3
2024,7,3,2,0,0,27.6,91.5,561.956,3.4
2024,7,3,2,10,0,28,90.5,588.476,3.4
2024,7,3,2,20,0,28.2,90.5,580.896,3.5
2024,7,3,2,30,0,28.4,90.5,581.32,3.4
2024,7,3,2,40,0,28.5,89.5,576.1,3.3
2024,7,3,2,50,0,28.6,89.9,567.796,3.4
2024,7,3,3,0,0,28.7,90.1,556.654,3.7
2024,7,3,3,10,0,28.8,89.6,553.83,3.5
2024,7,3,3,20,0,29.1,89.5,569.226,3.3
2024,7,3,3,30,0,29.3,89.4,579.758,3.5
2024,7,3,3,40,0,30.3,88.5,584.152,3.5
2024,7,3,3,50,0,32.3,88.5,607.698,3.4
2024,7,3,4,0,0,32.1,88.5,588.846,3.7
2024,7,3,4,10,0,30.5,88.2,529.228,3.8
2024,7,3,4,20,0,30.1,87.8,487.456,3.9
2024,7,3,4,30,0,30.8,87.5,495.408,3.7
2024,7,3,4,40,0,31.3,87.5,505.616,4
2024,7,3,4,50,0,32.4,87.5,523.384,4
2024,7,3,5,0,0,33.4,87.5,535.788,4.4
2024,7,3,5,10,0,33,86.5,558.188,3.9
2024,7,3,5,20,0,33.7,86.5,575.844,4
2024,7,3,5,30,0,34,86.5,581.256,4.4
2024,7,3,5,40,0,34.6,86.5,577.664,5
2024,7,3,5,50,0,35.4,86.1,572.436,5.7
2024,7,3,6,0,0,36.5,86,580.39,6.4
2024,7,3,6,10,0,37.3,85.6,590.968,6.9
2024,7,3,6,20,0,35.3,85.9,548.75,6
2024,7,3,6,30,0,34.6,86.5,530.298,5.5
2024,7,3,6,40,0,33.2,86.5,515.01,5.8
2024,7,3,6,50,0,32.9,87.2,504.972,6.2
2024,7,3,7,0,0,31.3,87.6,490.46,6.2
2024,7,3,7,10,0,30.9,88.7,480.974,6
2024,7,3,7,20,0,30,89.5,466.888,6.3
2024,7,3,7,30,0,29.1,90.3,451.294,6.2
2024,7,3,7,40,0,28,91.7,451.808,6.6
2024,7,3,7,50,0,26.9,92.5,437.286,6.3
2024,7,3,8,0,0,26.625,93.5,435.155,6
2024,7,3,8,10,0,26.125,94.625,441.743,8
2024,7,3,8,20,0,25.5,95.2,418.798,6.5
2024,7,3,8,30,0,26.125,96,408.905,6.9
2024,7,3,8,40,0,25.5,96.5,409.623,6.3
2024,7,3,8,50,0,25.1,96.6,364.074,6.4
2024,7,3,9,0,0,23.9,97.8,320.32,6.1
2024,7,3,9,10,0,23.2,98.5,279.088,6.1
2024,7,3,9,20,0,22.8,99.3,228.334,5.9
2024,7,3,9,30,0,22.5,99.5,191.856,5.9
2024,7,3,9,40,0,22.2,100.1,157.668,5.9
2024,7,3,9,50,0,21.9,100.9,117.932,5.7
2024,7,3,10,0,0,20.9,101.5,70.072,5.5
2024,7,3,10,10,0,19,102.3,50.476,5.2
2024,7,3,10,20,0,18.8,102.7,50,5.2
2024,7,3,10,30,0,19.2,103.8,55.096,5.2
2024,7,3,10,40,0,17.9,105.3,65.822,4.8
2024,7,3,10,50,0,16.5,106.5,69.388,4.8
2024,7,3,11,0,0,16,107.1,50.864,4.4
2024,7,3,11,10,0,15.4,107.5,50,4
2024,7,3,11,20,0,14.5,109.1,67.546,3.6
2024,7,3,11,30,0,14.6,110.1,85.656,3.8
2024,7,3,11,40,0,13.9,110.5,93.586,3.6
2024,7,3,11,50,0,14.8,111.3,110.06,3.8
2024,7,3,12,0,0,13.8,112,121.874,3.7
2024,7,3,12,10,0,13.7,112.5,113.18,3.7
2024,7,3,12,20,0,13.5,113.5,115.126,3.7
2024,7,3,12,30,0,13.6,113.7,111.64,3.8
2024,7,3,12,40,0,13.1,114.5,108.976,4.6
2024,7,3,12,50,0,12.4,115.5,108.482,6.8
2024,7,3,13,0,0,12.1,115.5,109.672,7.5
2024,7,3,13,10,0,11.9,116.5,130.632,7.4
2024,7,3,13,20,0,11.6,116.9,134.802,6.7
2024,7,3,13,30,0,10.9,117.1,129.302,4.8
2024,7,3,13,40,0,11.6,117.4,96.198,4.8
2024,7,3,13,50,0,12.5,117.5,60.692,5.3
2024,7,3,14,0,0,13,118.3,56.402,5.3
2024,7,3,14,10,0,12.9,118.7,64.162,4.6
2024,7,3,14,20,0,12,119.1,71.468,4.4
2024,7,3,14,30,0,11.8,119.5,68.436,4.5
2024,7,3,14,40,0,10.8,119.9,67.456,4.7
2024,7,3,14,50,0,10.4,120.5,77.124,5.2
2024,7,3,15,0,0,10.4,120.9,65.938,5.5
2024,7,3,15,10,0,10,121.5,79.54,6.2
2024,7,3,15,20,0,10.6,121.5,79.862,6.2
2024,7,3,15,30,0,10.7,122.2,75.792,6.5
2024,7,3,15,40,0,11,121.7,77.808,6.9
2024,7,3,15,50,0,10.6,122.5,79.362,7
2024,7,3,16,0,0,10.2,122.5,85.828,6.9
2024,7,3,16,10,0,10,122.5,103.986,7.2
2024,7,3,16,20,0,9.2,122.2,90.298,7.4
2024,7,3,16,30,0,8.7,122.5,152.96,8.2
2024,7,3,16,40,0,8.7,122.4,187.392,8.5
2024,7,3,16,50,0,8.7,122.2,205.76,7.8
2024,7,3,17,0,0,9.9,121.5,197.536,9.2
2024,7,3,17,10,0,10.2,121.5,187.414,9.7
2024,7,3,17,20,0,11,121.3,154.208,9.8
2024,7,3,17,30,0,11.6,120.5,164.436,9
2024,7,3,17,40,0,11.9,120,184.154,8.3
2024,7,3,17,50,0,11.8,119.5,179.7,8.2
2024,7,3,18,0,0,12.4,118.7,189.216,8.1
2024,7,3,18,10,0,12.6,117.9,186.974,8.1
2024,7,3,18,20,0,12.7,117.4,209.92,8
2024,7,3,18,30,0,12.5,116.7,225.606,7.9
2024,7,3,18,40,0,12.9,115.5,233.624,7.5
2024,7,3,18,50,0,13.5,114.9,236.136,7.4
2024,7,3,19,0,0,14.3,114.3,238.138,7
2024,7,3,19,10,0,15.1,113.2,224.828,7.3
2024,7,3,19,20,0,16.1,112.4,202.018,7.5
2024,7,3,19,30,0,16.8,111.4,203.296,7.6
2024,7,3,19,40,0,18.1,110.3,205.516,8.4
2024,7,3,19,50,0,19.8,109.5,210.116,9.1
2024,7,3,20,0,0,21.6,108.3,220.01,9
2024,7,3,20,10,0,22.8,107.5,240.252,9.3
2024,7,3,20,20,0,24.4,106.6,283.5,9.7
2024,7,3,20,30,0,25,106.1,314.894,10.3
2024,7,3,20,40,0,25.5,105,377.51,10.6
2024,7,3,20,50,0,24.6,104.6,387.254,11.3
2024,7,3,21,0,0,24.2,104.3,378.412,11.3
2024,7,3,21,10,0,24.8,103.5,401.694,12
2024,7,3,21,20,0,26,102.6,431.972,14.4
2024,7,3,21,30,0,25.3,102.4,442.384,12.3
2024,7,3,21,40,0,24.1,101.5,405.91,11.3
2024,7,3,21,50,0,24,101.5,385.734,10.8
2024,7,3,22,0,0,24,101.3,401.068,10.4
2024,7,3,22,10,0,24.4,100.6,394.558,10.5
2024,7,3,22,20,0,24.6,100.5,415.77,10.7
2024,7,3,22,30,0,24.5,100.5,423.002,10.8
2024,7,3,22,40,0,24.7,99.8,429.956,10.8
2024,7,3,22,50,0,25.2,99.5,426.856,10.5
2024,7,3,23,0,0,25.2,98.9,434.692,10.7
2024,7,3,23,10,0,25.3,98.5,445.312,10.5
2024,7,3,23,20,0,25.7,98.2,451.038,10.5
2024,7,3,23,30,0,25.7,97.7,470.992,10.7
2024,7,3,23,40,0,26,97.5,499.35,10.8
2024,7,3,23,50,0,25.9,96.9,499.676,11.5
2024,7,4,0,0,0,26.3,96.5,501.006,11.9
2024,7,4,0,10,0,27.6,95.9,533.392,10.9
2024,7,4,0,20,0,28.5,95.5,557.288,11.1
2024,7,4,0,30,0,28.6,95.3,559.818,10.7
2024,7,4,0,40,0,28.7,94.5,547.37,11
2024,7,4,0,50,0,28.9,94.5,552.636,11.2
2024,7,4,1,0,0,28.4,94.5,529.2,11.5
2024,7,4,1,10,0,27.9,93.9,503.424,11.9
2024,7,4,1,20,0,27.1,93.7,469.7,12.1
2024,7,4,1,30,0,26.9,93.6,442.96,12.2
2024,7,4,1,40,0,27.1,93.6,442.038,12.8
2024,7,4,1,50,0,27.5,93.5,444.934,12.9
2024,7,4,2,0,0,27.8,93.5,465.338,12.6
2024,7,4,2,10,0,27.8,93.1,450.958,12.6
2024,7,4,2,20,0,28.6,92.6,489.486,12.8
2024,7,4,2,30,0,29.8,92.4,515.684,13.1
2024,7,4,2,40,0,29.7,91.7,507.618,12.9
2024,7,4,2,50,0,30.1,91.5,531.146,12.7
2024,7,4,3,0,0,30.6,91.5,555.924,13.5
2024,7,4,3,10,0,30.8,91.5,548.946,13.4
2024,7,4,3,20,0,31.2,91.3,577.814,13.3
2024,7,4,3,30,0,32,90.7,582.324,14.7
2024,7,4,3,40,0,33,90.5,598.024,14.8
2024,7,4,3,50,0,33,90.5,590.37,14
2024,7,4,4,0,0,33,90,582.266,13.1
2024,7,4,4,10,0,33.6,89.5,572.31,13.4
2024,7,4,4,20,0,33.3,89.5,565.984,13.5
2024,7,4,4,30,0,32.9,89.5,554.516,14.4
2024,7,4,4,40,0,32,89.5,543.322,15.2
2024,7,4,4,50,0,32,89.5,531.49,13.9
2024,7,4,5,0,0,32,89.5,525.562,14.3
2024,7,4,5,10,0,32.5,89.5,542.44,15.1
2024,7,4,5,20,0,33,88.5,552.484,15.5
2024,7,4,5,30,0,33.2,88.5,537.53,15.2
2024,7,4,5,40,0,33.7,88.5,537.852,15
2024,7,4,5,50,0,34,88.5,549.766,15.7
2024,7,4,6,0,0,34,87.7,571.084,16.2
2024,7,4,6,10,0,34.5,87.5,565.364,15.7
2024,7,4,6,20,0,34,87.5,526.448,14.8
2024,7,4,6,30,0,33.9,87.7,507.102,13.9
2024,7,4,6,40,0,33.2,88.5,495.752,14.5
2024,7,4,6,50,0,33.1,88.7,486.204,14.2
2024,7,4,7,0,0,32.6,89.5,485.212,14.1
2024,7,4,7,10,0,31.9,90.1,473.192,14.9
2024,7,4,7,20,0,31.7,90.8,463.428,14.7
2024,7,4,7,30,0,32,91.6,449.06,13.7
2024,7,4,7,40,0,30.3,92.3,428.226,14.6
2024,7,4,7,50,0,29,93.4,407.66,13.6
2024,7,4,8,0,0,27.8,94.7,396.714,12.6
2024,7,4,8,10,0,25.9,95.6,367.792,11.6
2024,7,4,8,20,0,25,96.6,345.776,18.4
2024,7,4,8,30,0,24.6,97.5,327.114,11.6
2024,7,4,8,40,0,24.6,98.5,315.8,13
2024,7,4,8,50,0,24.5,99.4,308.15,12.9
2024,7,4,9,0,0,24,100.4,280.682,13
2024,7,4,9,10,0,24,100.9,259.468,14.7
2024,7,4,9,20,0,24,101.6,235.82,13.4
2024,7,4,9,30,0,23.7,102.3,203.738,13.4
2024,7,4,9,40,0,23.5,103,179.708,13.8
2024,7,4,9,50,0,23,103.9,143.06,13.8
2024,7,4,10,0,0,22.9,104.8,106.414,13.4
2024,7,4,10,10,0,22.5,105.5,73.978,14.5
2024,7,4,10,20,0,22.6,106.3,51.682,15.2
2024,7,4,10,30,0,22.6,106.9,50.004,13.6
2024,7,4,10,40,0,21.4,107.8,50.678,14.3
2024,7,4,10,50,0,20.2,108.7,51.114,11
2024,7,4,11,0,0,19.4,109.5,53.986,11.2
2024,7,4,11,10,0,19,110.1,50.176,10.8
2024,7,4,11,20,0,19.1,110.4,50.638,11.4
2024,7,4,11,30,0,19,111.3,50.758,11.1
2024,7,4,11,40,0,19,112.1,55.368,11.1
2024,7,4,11,50,0,18.7,112.7,60.862,10.3
2024,7,4,12,0,0,17.6,113.5,74.328,9.4
2024,7,4,12,10,0,17,114.5,99.2,9.6
2024,7,4,12,20,0,16.9,114.9,90.15,9.5
2024,7,4,12,30,0,17,115.3,69.97,9.7
2024,7,4,12,40,0,17,115.7,50.514,10.2
2024,7,4,12,50,0,17,116.4,50.576,10.2
2024,7,4,13,0,0,17,116.7,52.062,10.5
2024,7,4,13,10,0,16.2,117.3,59.842,10
2024,7,4,13,20,0,15,117.3,63.284,9.2
2024,7,4,13,30,0,15,118.1,97.46,9.5
2024,7,4,13,40,0,14.2,118.7,99.078,9.5
2024,7,4,13,50,0,13.4,119.5,125.144,8.8
2024,7,4,14,0,0,12.7,120.2,137.952,8.6
2024,7,4,14,10,0,12.1,120.5,142.712,8.4
2024,7,4,14,20,0,12,121.2,165.846,8
2024,7,4,14,30,0,12,121.5,161.898,8.2
2024,7,4,14,40,0,12,121.5,170.835,8.2
2024,7,4,14,50,0,12,122.5,188.05,8.3
2024,7,4,15,0,0,12.1,122,179.32,8.6
2024,7,4,15,10,0,12,122.5,184.08,8.3
2024,7,4,15,20,0,12,122.5,175.522,8
2024,7,4,15,30,0,11.6,123.5,202.162,7.5
2024,7,4,15,40,0,11,123.5,224.444,7.1
2024,7,4,15,50,0,10.1,123.5,229.998,6.7
2024,7,4,16,0,0,10.3,123.5,253.06,6.1
2024,7,4,16,10,0,11.4,123.5,262.976,6
2024,7,4,16,20,0,11.2,123.5,255.87,6
2024,7,4,16,30,0,11,123.5,246.03,5.7
2024,7,4,16,40,0,10.6665,123,237.402,5.6
2024,7,4,16,50,0,11,123.125,212.275,5.7
2024,7,4,17,0,0,11,122.4,206.74,5.5
2024,7,4,17,10,0,11,122.5,204.174,5.4
2024,7,4,17,20,0,11.7,121.9,203.858,5.5
2024,7,4,17,30,0,11.7,121.5,195.822,5.1
2024,7,4,17,40,0,12,121.3,201.524,5.4
2024,7,4,17,50,0,12.6,120.5,180.338,5.5
2024,7,4,18,0,0,13.4,120.3,172.58,5.8
2024,7,4,18,10,0,14.1,119.5,151.802,5.7
2024,7,4,18,20,0,15.1,118.9,143.306,6.1
2024,7,4,18,30,0,16.6,118.5,147.112,6.4
2024,7,4,18,40,0,17,117.5,164.306,6.4
2024,7,4,18,50,0,16.8,116.6,172.288,6
2024,7,4,19,0,0,16.4,115.8,180.716,5.6
2024,7,4,19,10,0,17.3,114.9,207.736,8.1
2024,7,4,19,20,0,18,113.9,280.58,8.9
2024,7,4,19,30,0,18.5,112.9,274.614,6
2024,7,4,19,40,0,19.4,112.1,250.396,5.9
2024,7,4,19,50,0,21.1,111,265.014,6.6
2024,7,4,20,0,0,22,109.7,295.748,6.5
2024,7,4,20,10,0,22.6,108.5,330.942,6.2
2024,7,4,20,20,0,23,107.5,348.806,5.9
2024,7,4,20,30,0,24.2,106.4,353.818,6.3
2024,7,4,20,40,0,25,105.3,355.728,11.1
2024,7,4,20,50,0,24.8,104.6,363.638,17.5
2024,7,4,21,0,0,24.9,104.3,394.954,22
2024,7,4,21,10,0,26.1,103.5,409.562,17.2
2024,7,4,21,20,0,27.6,102.8,463.768,27.5
2024,7,4,21,30,0,28.6,102.2,511.24,24.8
2024,7,4,21,40,0,29,101.5,532.7,13.1
2024,7,4,21,50,0,28,101.1,530.428,10.6
2024,7,4,22,0,0,28,100.5,517.51,7.3
2024,7,4,22,10,0,28,99.7,506.43,7.7
2024,7,4,22,20,0,28.4,99.5,508.372,8
2024,7,4,22,30,0,29,98.6,509.138,15.6
2024,7,4,22,40,0,29,98.5,509.554,14.4
2024,7,4,22,50,0,29.4,98.4,520.29,13.7
2024,7,4,23,0,0,29.7,97.6,526.062,9.8
2024,7,4,23,10,0,29.2,97.5,516.536,10
2024,7,4,23,20,0,28.9,96.7,510.352,7.5
2024,7,4,23,30,0,28,96.5,497.19,7.3
2024,7,4,23,40,0,27.6,96.5,493.284,7.6
2024,7,4,23,50,0,27,96.5,494.934,8
2024,7,5,0,0,0,27,96.375,503.033,7.2
2024,7,5,0,10,0,26.7,96.2,515.104,6.4
2024,7,5,0,20,0,26.5,95.5,546.258,6.4
2024,7,5,0,30,0,26,95.5,542.132,6.4
2024,7,5,0,40,0,25.8,95.5,538.85,6.7
2024,7,5,0,50,0,25.5,95.5,531.608,6.6
2024,7,5,1,0,0,25.3,94.6,531.806,6.6
2024,7,5,1,10,0,25.3,94.6,537.594,6.8
2024,7,5,1,20,0,25.3,94.5,539.518,7
2024,7,5,1,30,0,25,94.3,535.014,7.3
2024,7,5,1,40,0,25,93.6,530.818,7.8
2024,7,5,1,50,0,25.1,93.8,539.646,8.1
2024,7,5,2,0,0,25.4,93.5,556.428,9.1
2024,7,5,2,10,0,25.7,93.1,558.308,9.6
2024,7,5,2,20,0,26.1,92.5,582.584,9.3
2024,7,5,2,30,0,26.5,92.5,609.596,9
2024,7,5,2,40,0,26.9,91.7,592.258,8.8
2024,7,5,2,50,0,27.3,90.9,583.194,8.9
2024,7,5,3,0,0,27.3,91.1,580.97,9.3
2024,7,5,3,10,0,27.7,90.5,592.17,9
2024,7,5,3,20,0,28.1,89.9,615.088,9.8
2024,7,5,3,30,0,28.6,89.5,644.586,10.7
2024,7,5,3,40,0,28.5,89.5,645.46,10.7
2024,7,5,3,50,0,28.6,89.5,637.164,10.6
2024,7,5,4,0,0,28.6,89.1,622.55,10.3
2024,7,5,4,10,0,29,88.5,613.956,10.1
2024,7,5,4,20,0,29.5,88.5,626.962,10.8
2024,7,5,4,30,0,30.1,88.3,650.036,11.4
2024,7,5,4,40,0,30.3,87.6,660.178,11.8
2024,7,5,4,50,0,30.2,87.5,634.094,13.6
2024,7,5,5,0,0,30.9,87.5,640.116,12.9
2024,7,5,5,10,0,32,87.5,678.208,13.2
2024,7,5,5,20,0,32,86.9,662.516,13.7
2024,7,5,5,30,0,32.4,86.1,601.506,14.5
2024,7,5,5,40,0,32.6,86,603.138,13.8
2024,7,5,5,50,0,32.9,86,635.954,14.1
2024,7,5,6,0,0,33,85.5,633.016,14.5
2024,7,5,6,10,0,33,85.5,625.798,14.2
2024,7,5,6,20,0,33,85.5,630.314,14.4
2024,7,5,6,30,0,32.7,86.2,617.78,14.3
2024,7,5,6,40,0,32.1,86.5,607.25,13.9
2024,7,5,6,50,0,31.1,87.1,587.742,13.8
2024,7,5,7,0,0,31.4,87.5,567.926,14.1
2024,7,5,7,10,0,31.2,88.1,578.112,14.7
2024,7,5,7,20,0,31.1,88.5,576.522,15.2
2024,7,5,7,30,0,30.4,89,549.478,14.4
2024,7,5,7,40,0,29,90.1,538.944,13.9
2024,7,5,7,50,0,28.1,90.9,518.168,13.6
2024,7,5,8,0,0,27.5,91.5,495.864,13.2
2024,7,5,8,10,0,26.2,92.5,487.288,12.9
2024,7,5,8,20,0,25.2,93.5,466.61,12.3
2024,7,5,8,30,0,24.7,94.3,434.12,12.5
2024,7,5,8,40,0,24.8,94.9,432.554,12.5
2024,7,5,8,50,0,23.8,96.4,425.268,12.7
2024,7,5,9,0,0,23.4,97.3,416.394,13
2024,7,5,9,10,0,23.5,97.5,377.506,13.1
2024,7,5,9,20,0,23,98.5,360.95,12.9
2024,7,5,9,30,0,22.3,99.4,331.248,13
2024,7,5,9,40,0,21.9,99.9,304.65,12.8
2024,7,5,9,50,0,21.5,101.1,278.166,12.5
2024,7,5,10,0,0,21.3,101.5,242.924,12.4
2024,7,5,10,10,0,20.3,103,220.19,11.8
2024,7,5,10,20,0,18.5,103.6,171.446,10.6
2024,7,5,10,30,0,17.4,105.1,157.13,10
2024,7,5,10,40,0,17,106.1,134.938,9.5
2024,7,5,10,50,0,15.7,107.1,119.392,7.9
2024,7,5,11,0,0,15.5,107.9,112.372,7.9
2024,7,5,11,10,0,15.4,108.6,103.392,7.8
2024,7,5,11,20,0,15.5,109.5,85.644,8.5
2024,7,5,11,30,0,15.6,110.2,75.642,8.8
2024,7,5,11,40,0,15.7,110.8,65.07,9
2024,7,5,11,50,0,15.5,111.5,54.73,8.9
2024,7,5,12,0,0,15.4,111.9,52.3,8.3
2024,7,5,12,10,0,14.9,112.3,50.864,8.1
2024,7,5,12,20,0,15,112.5,59.916,7.7
2024,7,5,12,30,0,14.9,113.3,57.628,7.6
2024,7,5,12,40,0,14.7,114,59.898,6.8
2024,7,5,12,50,0,14,114.4,58.112,6.7
2024,7,5,13,0,0,14,115,75.47,6.5
2024,7,5,13,10,0,13.9,115.7,68.218,6.5
2024,7,5,13,20,0,13.6,116.5,62.15,6.4
2024,7,5,13,30,0,13.4,116.6,60.458,6.1
2024,7,5,13,40,0,13.5,117.5,66.534,6.2
2024,7,5,13,50,0,13,118.1,61.55,6.1
2024,7,5,14,0,0,13,118.5,57.636,5.9
2024,7,5,14,10,0,12.6,118.7,65.342,5.8
2024,7,5,14,20,0,12.3,119.5,63.46,5.9
2024,7,5,14,30,0,12,119.5,53.646,6.4
2024,7,5,14,40,0,12,120.1,64.774,6.7
2024,7,5,14,50,0,11.8,120.5,81.89,6
2024,7,5,15,0,0,11.4,120.6,102.746,5.7
2024,7,5,15,10,0,11.2,121.3,108.352,5.6
2024,7,5,15,20,0,11,121,112.844,5.8
2024,7,5,15,30,0,11,121.5,108.348,5.8
2024,7,5,15,40,0,11.5,121.5,113.1,6.1
2024,7,5,15,50,0,11.6,121.5,115.322,6.2
2024,7,5,16,0,0,12,121.5,106.73,6.1
2024,7,5,16,10,0,12,121.5,96.526,6.2
2024,7,5,16,20,0,13,121.5,69.576,6.3
2024,7,5,16,30,0,13,121,63.75,6.1
2024,7,5,16,40,0,13,120.6,68.922,6.3
2024,7,5,16,50,0,12.7,120.5,102.48,6.4
2024,7,5,17,0,0,12.9,120.3,126.77,6.5
2024,7,5,17,10,0,12.8,119.7,98.966,6.5
2024,7,5,17,20,0,13.2,119.5,82.384,6.4
2024,7,5,17,30,0,14,119.5,67.928,6.5
2024,7,5,17,40,0,14,119.3,66.082,6.5
2024,7,5,17,50,0,13.8,118.5,77.262,6.3
2024,7,5,18,0,0,13.4,118.3,98.184,5.9
2024,7,5,18,10,0,13.2,117.7,120.962,5.7
2024,7,5,18,20,0,14.4,117.1,97.228,5.9
2024,7,5,18,30,0,16,116.5,92.73,6.3
2024,7,5,18,40,0,17,115.9,54.814,6.5
2024,7,5,18,50,0,17,115.3,53.4,6.1
2024,7,5,19,0,0,17,114.3,65.872,5.7
2024,7,5,19,10,0,17.2,113.2,84.148,5.6
2024,7,5,19,20,0,17.9,112.4,93.242,5.6
2024,7,5,19,30,0,18.5,111.3,104.952,5.8
2024,7,5,19,40,0,19.9,110.2,126.374,5.9
2024,7,5,19,50,0,21.8,108.9,176.028,6.3
2024,7,5,20,0,0,22.6,108.1,209.39,6.3
2024,7,5,20,10,0,23.6,107.1,244.556,6.5
2024,7,5,20,20,0,24.6,106,284.038,6.8
2024,7,5,20,30,0,25.8,105.4,297.848,7
2024,7,5,20,40,0,26.5,104.5,306.256,7.1
2024,7,5,20,50,0,27,103.7,330.91,7.6
2024,7,5,21,0,0,27,103.5,356.274,7.3
2024,7,5,21,10,0,27.2,102.5,372.478,6.7
2024,7,5,21,20,0,27.1,101.9,402.382,6.9
2024,7,5,21,30,0,27,101.5,412.568,6.5
2024,7,5,21,40,0,27,101.1,419.124,6.6
2024,7,5,21,50,0,27.8,100.5,439.136,6.5
2024,7,5,22,0,0,28,100.4,453.324,6.9
2024,7,5,22,10,0,28,99.5,480.808,7.7
2024,7,5,22,20,0,28.9,99.1,500.85,6.7
2024,7,5,22,30,0,29,98.5,507.962,6.6
2024,7,5,22,40,0,30,98.2,534.22,6.8
2024,7,5,22,50,0,31,97.5,557.872,7.1
2024,7,5,23,0,0,30.4,97.5,560.334,7.6
2024,7,5,23,10,0,30,97.5,542.746,8
2024,7,5,23,20,0,30.2,97.5,562.698,8
2024,7,5,23,30,0,30,97.25,587.832,7.7
2024,7,5,23,40,0,29.6,96.5,603.115,8.2
2024,7,5,23,50,0,29.4,96.5,608.734,9.2
2024,7,6,0,0,0,28.8,96.1,609.868,9.4
2024,7,6,0,10,0,28.1,95.5,612.248,7.5
2024,7,6,0,20,0,27.1,95.5,601.312,6.9
2024,7,6,0,30,0,26.8,95.5,596.57,6.6
2024,7,6,0,40,0,26.4,95.5,589.234,6.5
2024,7,6,0,50,0,26.2,95.4,591.328,6.1
2024,7,6,1,0,0,26.1,94.7,577.768,6.4
2024,7,6,1,10,0,26.4,94.5,577.632,6.2
2024,7,6,1,20,0,26.2,94.5,566.864,6.1
2024,7,6,1,30,0,27,93.5,566.318,6.2
2024,7,6,1,40,0,26.6,93.5,550.72,6.4
2024,7,6,1,50,0,26.7,93.5,530.594,6.3
2024,7,6,2,0,0,27.1,93.2,542.534,6.4
2024,7,6,2,10,0,28.1,92.6,576.96,6.4
2024,7,6,2,20,0,28.3,92.4,579.23,6.6
2024,7,6,2,30,0,28.2,92.5,565.912,6.6
2024,7,6,2,40,0,29.1,91.8,579.83,6.7
2024,7,6,2,50,0,29.5,91.5,593.97,6.8
2024,7,6,3,0,0,30,91.167,603.105,6.6
2024,7,6,3,10,0,30,91.1,617.7,6.6
2024,7,6,3,20,0,30.4,90.5,618.016,6.9
2024,7,6,3,30,0,31,90.5,615.95,6.9
2024,7,6,3,40,0,31.4,90.4,622.612,6.9
2024,7,6,3,50,0,32,90.2,611.364,6.8
2024,7,6,4,0,0,32.2,89.8,619.772,7
2024,7,6,4,10,0,32.2,90,621.032,7.4
2024,7,6,4,20,0,33.6,89.5,633.594,7.5
2024,7,6,4,30,0,34.7,89.5,635.656,8.2
2024,7,6,4,40,0,35,89.2,629.838,10.4
2024,7,6,4,50,0,34.9,88.5,615.792,11.4
2024,7,6,5,0,0,34,88.5,590.464,11
2024,7,6,5,10,0,34,88,585.372,10.1
2024,7,6,5,20,0,34.4,87.5,584.356,9.7
2024,7,6,5,30,0,34.6,87.5,583.152,9.4
2024,7,6,5,40,0,34.1,87.2,570.34,9.2
2024,7,6,5,50,0,33.8,86.9,557.332,9
2024,7,6,6,0,0,33.8,86.7,550.114,9.8
2024,7,6,6,10,0,34,86.7,544.89,9.7
2024,7,6,6,20,0,34,87.5,550.676,9.4
2024,7,6,6,30,0,33.3,87.5,549.766,8.1
2024,7,6,6,40,0,32.7,88.3,549.12,8
2024,7,6,6,50,0,31.2,89.1,523.73,8.5
2024,7,6,7,0,0,29.7,90,497.188,8.1
2024,7,6,7,10,0,28.1,90.7,473.282,7.5
2024,7,6,7,20,0,26.5,91.8,424.106,7.8
2024,7,6,7,30,0,26.1,92.5,403.322,8.3
2024,7,6,7,40,0,25.2,93.6,391.392,8.2
2024,7,6,7,50,0,24.5,94.5,377.976,8.8
2024,7,6,8,0,0,25.2,95.3,371.298,10.9
2024,7,6,8,10,0,24.7,96.4,361.372,11.8
2024,7,6,8,20,0,24.3,97.6,355.01,11.7
2024,7,6,8,30,0,23.1,98.3,324.462,11.5
2024,7,6,8,40,0,22.7,99.3,306.862,10.8
2024,7,6,8,50,0,22.7,100.3,285.024,10.8
2024,7,6,9,0,0,23,100.7,250.178,11.5
2024,7,6,9,10,0,22.8,101.4,213.144,14.7
2024,7,6,9,20,0,22.8,101.7,153.098,17.7
2024,7,6,9,30,0,22,102.9,126.854,13.9
2024,7,6,9,40,0,21.2,104,93.572,11
2024,7,6,9,50,0,20.8,104.7,78.818,11.7
2024,7,6,10,0,0,20.3,105.9,53.634,10.7
2024,7,6,10,10,0,20.7,106.5,54.712,10.3
2024,7,6,10,20,0,20.1,107.1,50,9.8
2024,7,6,10,30,0,19.6,108.1,50.002,9.6
2024,7,6,10,40,0,20,108.7,50,10.2
2024,7,6,10,50,0,19.4,109.5,59.098,10
2024,7,6,11,0,0,19.7,110.3,50.132,10.8
2024,7,6,11,10,0,20.2,110.5,50,11.9
2024,7,6,11,20,0,20.6,110.7,50,12.8
2024,7,6,11,30,0,20,112.1,50,13
2024,7,6,11,40,0,19,112.7,50,12.9
2024,7,6,11,50,0,18.6,113.5,55.014,12.1
2024,7,6,12,0,0,17.8,114.1,57.976,11.3
2024,7,6,12,10,0,17.8,114.5,56.41,10.9
2024,7,6,12,20,0,17.7,115.5,84.932,10.7
2024,7,6,12,30,0,17,116.3,90.968,10.2
2024,7,6,12,40,0,17,116.1,69.932,10.2
2024,7,6,12,50,0,16.4,116.8,88.192,9.6
2024,7,6,13,0,0,17,117.3,61.69,9.8
2024,7,6,13,10,0,17,117,53.85,9.3
2024,7,6,13,20,0,16.5,117.7,91.914,9
2024,7,6,13,30,0,15.9,117.4,82.018,8.4
2024,7,6,13,40,0,16,117.3,85.222,8.5
2024,7,6,13,50,0,16,117.5,66.864,8.7
2024,7,6,14,0,0,16,117.5,57.06,8.7
2024,7,6,14,10,0,15.667,117.833,87.37,8.4
2024,7,6,14,20,0,15.6,118.4,86.54,8.5
2024,7,6,14,30,0,15.6,118.5,57.17,7.9
2024,7,6,14,40,0,15.4,119.1,54.018,8.2
2024,7,6,14,50,0,15.1,119.1,57.2,8.3
2024,7,6,15,0,0,15,120,72.756,8.1
2024,7,6,15,10,0,14.7,121.3,117.674,8.2
2024,7,6,15,20,0,14.1,122.4,185.784,8.6
2024,7,6,15,30,0,14,123.3,233.82,8.9
2024,7,6,15,40,0,13.8,124,278.322,8.8
2024,7,6,15,50,0,12.9,124.5,328.436,8.8
2024,7,6,16,0,0,11.6,124.7,389.434,8.5
2024,7,6,16,10,0,11.8,125.1,434.442,8.7
2024,7,6,16,20,0,12.9,125.3,380.674,9.2
2024,7,6,16,30,0,12.6,124.6,367.468,9.1
2024,7,6,16,40,0,13.2,124.5,343.752,9.5
2024,7,6,16,50,0,13.2,124.5,315.582,9.1
2024,7,6,17,0,0,12.7,124.2,330.79,8.7
2024,7,6,17,10,0,11,123.5,376.918,7.5
2024,7,6,17,20,0,11.4,123.5,417.008,7.8
2024,7,6,17,30,0,12,123.5,435.144,8.1
2024,7,6,17,40,0,13,122.6,434.916,8
2024,7,6,17,50,0,14,122.5,404.288,8.8
2024,7,6,18,0,0,15,121.6,388.406,8.6
2024,7,6,18,10,0,14.8,121.1,403.788,8.1
2024,7,6,18,20,0,14.6,120.3,426.652,7.6
2024,7,6,18,30,0,15,119.7,449.598,7.8
2024,7,6,18,40,0,15.2,118.7,480.72,7.6
2024,7,6,18,50,0,15.1,118.2,513.164,7.1
2024,7,6,19,0,0,16.2,117.5,563.406,7.2
2024,7,6,19,10,0,17,116.7,597.748,7.2
2024,7,6,19,20,0,17.9,115.8,600.932,7
2024,7,6,19,30,0,19,114.8,591.254,7.4
2024,7,6,19,40,0,19,113.3,547.972,7.1
2024,7,6,19,50,0,19.8,112.4,531.332,7.3
2024,7,6,20,0,0,21.6,111.1,559.306,8
2024,7,6,20,10,0,23.4,110.3,571.452,9.4
2024,7,6,20,20,0,24,109.3,568.536,9.8
2024,7,6,20,30,0,24.3,108.3,550.086,9.5
2024,7,6,20,40,0,25.2,107.5,564.866,9.9
2024,7,6,20,50,0,26.1,106.6,575.476,10.1
2024,7,6,21,0,0,26.8,105.9,570.232,10.7
2024,7,6,21,10,0,27.1,105.5,577.778,10.7
2024,7,6,21,20,0,28.1,104.5,591.004,11.1
2024,7,6,21,30,0,28.8,104.3,651.976,11.5
2024,7,6,21,40,0,29,103.5,665.21,11.5
2024,7,6,21,50,0,28.8,103.3,656.194,11.2
2024,7,6,22,0,0,28.8,102.5,636.304,11.5
2024,7,6,22,10,0,29,102.5,644.798,13.1
2024,7,6,22,20,0,29,102.3,645.338,11.4
2024,7,6,22,30,0,29,101.8,642.99,11.1
2024,7,6,22,40,0,29,101.5,622.256,11
2024,7,6,22,50,0,29,101.5,609.342,11.6
2024,7,6,23,0,0,29,101.5,609.93,11.9
2024,7,6,23,10,0,29.8,101.4,604.214,12.3
2024,7,6,23,20,0,30.3,100.7,652.166,12.7
2024,7,6,23,30,0,30.3,100.5,652.222,12.6
2024,7,6,23,40,0,31,99.8,656.714,12.2
2024,7,6,23,50,0,31.3,99.3,643.008,12.6
2024,7,7,0,0,0,31.7,98.7,668.218,12.8
2024,7,7,0,10,0,31.9,98.8,658.504,13.5
2024,7,7,0,20,0,32,98.5,681.168,12.5
2024,7,7,0,30,0,32.2,98.1,697.126,13.4
2024,7,7,0,40,0,32.7,97.5,719.774,14.3
2024,7,7,0,50,0,32.7,97.1,722.042,14.4
2024,7,7,1,0,0,33,96.6,738.746,14.1
2024,7,7,1,10,0,33.5,96.5,755.992,17.3
2024,7,7,1,20,0,33.1,96.5,759.558,17.4
2024,7,7,1,30,0,33.6,96.3,769.92,16.1
2024,7,7,1,40,0,34,95.7,793.884,15.1
2024,7,7,1,50,0,33.4,95.5,786.046,14.6
2024,7,7,2,0,0,33.8,95.5,780.964,13.9
2024,7,7,2,10,0,34.1,94.9,794.876,14.1
2024,7,7,2,20,0,34.4,94.5,801.428,13.9
2024,7,7,2,30,0,33.8,94.5,770.752,13.2
2024,7,7,2,40,0,33.1,94.5,743.942,13.2
2024,7,7,2,50,0,33.2,94.5,738.7,13
2024,7,7,3,0,0,33.2,94.1,716.636,13.1
2024,7,7,3,10,0,33.8,93.5,723.438,12.8
2024,7,7,3,20,0,33.5,93.5,696.53,13.6
2024,7,7,3,30,0,34,93.5,698.07,15.1
2024,7,7,3,40,0,35.1,92.7,706.692,15.6
2024,7,7,3,50,0,35.5,92.5,727.132,15.2
2024,7,7,4,0,0,35,92.5,699.344,14.5
2024,7,7,4,10,0,34.5,92.5,697.786,13.8
2024,7,7,4,20,0,35,92.3,699.23,15.3
2024,7,7,4,30,0,35,91.5,704.318,14.5
2024,7,7,4,40,0,35.7,91.5,713.324,14.5
2024,7,7,4,50,0,35.6,91.5,715.308,14.3
2024,7,7,5,0,0,35.8,90.8,715.312,15.1
2024,7,7,5,10,0,35.8,90.9,705.356,15.2
2024,7,7,5,20,0,35.9,90.7,702.906,15.2
2024,7,7,5,30,0,36,90.5,703.466,14.4
2024,7,7,5,40,0,36.3,90.5,704.214,15
2024,7,7,5,50,0,36.7,90.5,709.188,14.7
2024,7,7,6,0,0,37,89.8,708.51,14.8
2024,7,7,6,10,0,37.1,89.7,708.072,14.3
2024,7,7,6,20,0,37.5,90.2,702.2,14.1
2024,7,7,6,30,0,37.4,90.5,702.166,13.8
2024,7,7,6,40,0,37,91,692.292,14.1
2024,7,7,6,50,0,36,91.5,668.774,15.7
2024,7,7,7,0,0,34.9,92.5,657.976,15.2
2024,7,7,7,10,0,33.6,93.1,617.14,15.5
2024,7,7,7,20,0,33,93.7,586.234,15.9
2024,7,7,7,30,0,32.2,94.5,570.376,16.1
2024,7,7,7,40,0,31.2,95.1,551.512,15
2024,7,7,7,50,0,30.2,95.6,526.606,15.1
2024,7,7,8,0,0,28.6,96.5,506.47,14.8
2024,7,7,8,10,0,28.8,97.2,494.228,16.3
2024,7,7,8,20,0,29.5,97.9,498.526,17.1
2024,7,7,8,30,0,29.4,98.5,486.058,15.5
2024,7,7,8,40,0,29.1,99.2,458.504,14
2024,7,7,8,50,0,28.8,100.3,454.144,13.9
2024,7,7,9,0,0,27.4,101.3,443.44,14.5
2024,7,7,9,10,0,27.25,101.5,395.273,15
2024,7,7,9,20,0,27,102.25,384.263,14.5
2024,7,7,9,30,0,26.6,103.1,353.342,14.5
2024,7,7,9,40,0,25.4,103.9,301.864,13.8
2024,7,7,9,50,0,24.9,104.5,250.86,13.4
2024,7,7,10,0,0,23.7,105.3,205.47,12.6
2024,7,7,10,10,0,22.6,106.5,182.8,12.3
2024,7,7,10,20,0,22.3,107.3,122.666,12.3
2024,7,7,10,30,0,22,108.1,83.394,12.3
2024,7,7,10,40,0,21.3,109.1,71.222,11.5
2024,7,7,10,50,0,19.8,111.1,119.31,11
2024,7,7,11,0,0,18.6,112.3,124.508,10.4
2024,7,7,11,10,0,18.3,113.5,139.112,10.3
2024,7,7,11,20,0,16.8,114.1,121.538,9.3
2024,7,7,11,30,0,16.5,114.2,102.302,9.1
2024,7,7,11,40,0,15.2,114.4,60.358,8.3
2024,7,7,11,50,0,14.5,114.6,61.806,7.8
2024,7,7,12,0,0,15.7,114.5,50.026,8.8
2024,7,7,12,10,0,15.9,114.5,50,9
2024,7,7,12,20,0,15.7,115.3,50,9.4
2024,7,7,12,30,0,15.4,116.1,53.182,9.1
2024,7,7,12,40,0,14.6665,116.5,63.537,9
2024,7,7,12,50,0,15,116.4,51.12,9.1
2024,7,7,13,0,0,14.9,117.5,53.008,9.3
2024,7,7,13,10,0,14.4,117.7,51.154,8.7
2024,7,7,13,20,0,14,118.5,59.984,8.8
2024,7,7,13,30,0,13.1,119.7,140.246,8.3
2024,7,7,13,40,0,12.4,120.7,199.776,8.1
2024,7,7,13,50,0,13,121.5,249.724,8.6
2024,7,7,14,0,0,12.8,122.5,264.012,8.4
2024,7,7,14,10,0,11.9,123.5,323.254,7.7
2024,7,7,14,20,0,11.6,124.1,355.456,7.5
2024,7,7,14,30,0,11,124.5,406.428,7.3
2024,7,7,14,40,0,11,124.6,441.616,7.2
2024,7,7,14,50,0,11,125.3,446.22,8.1
2024,7,7,15,0,0,11,125.5,438.732,7.8
2024,7,7,15,10,0,11,125.8,422.902,9.4
2024,7,7,15,20,0,11,125.9,428.11,8.2
2024,7,7,15,30,0,10.8,126.4,445.66,7.8
2024,7,7,15,40,0,10,126.5,464.608,7.4
2024,7,7,15,50,0,10,126.5,504.62,7.6
2024,7,7,16,0,0,10.8,126.5,484.948,7.7
2024,7,7,16,10,0,11,126.5,472.148,7.8
2024,7,7,16,20,0,10.4,126.5,467.484,7.6
2024,7,7,16,30,0,10,126.3,500.174,6.9
2024,7,7,16,40,0,10,125.5,514.97,7.1
2024,7,7,16,50,0,11,125.5,389.71,7.5
2024,7,7,17,0,0,11.6,125.2,555.812,7.8
2024,7,7,17,10,0,12.1,124.5,545.832,7.9
2024,7,7,17,20,0,13.2,124.4,531.712,8.6
2024,7,7,17,30,0,14.1,123.5,507.134,8.6
2024,7,7,17,40,0,13.6,123.5,481.372,8.3
2024,7,7,17,50,0,14,122.5,447.676,8.1
2024,7,7,18,0,0,15,122.3,460.26,8.1
2024,7,7,18,10,0,15.1,121.5,427.262,8.4
2024,7,7,18,20,0,15.8,120.5,404.202,8.5
2024,7,7,18,30,0,16.6,120.3,395.51,8.9
2024,7,7,18,40,0,17.3,119.5,396.82,9.4
2024,7,7,18,50,0,18.1,118.7,334.236,9.5
2024,7,7,19,0,0,18.9,117.9,305.434,9.8
2024,7,7,19,10,0,20.2,117.1,299.088,9.9
2024,7,7,19,20,0,21.3,116.4,336.978,10.5
2024,7,7,19,30,0,22.5,115.3,361.726,11
2024,7,7,19,40,0,23.6,114.3,397.91,13.5
2024,7,7,19,50,0,25.1,113.3,482.042,12
2024,7,7,20,0,0,26.4,112.4,545.078,11.4
2024,7,7,20,10,0,27.6,111.3,605.142,11.5
2024,7,7,20,20,0,28.4,110.2,637.38,11.8
2024,7,7,20,30,0,29.4,109.3,686.198,12.6
2024,7,7,20,40,0,28.9,108.4,686.404,12.5
2024,7,7,20,50,0,28.6,107.7,663.928,12.3
2024,7,7,21,0,0,29.7,106.6,660.648,12.4
2024,7,7,21,10,0,31.1,105.5,645.848,12.2
2024,7,7,21,20,0,31.7,104.7,649.93,12.5
2024,7,7,21,30,0,32.6,104.3,667.914,13
2024,7,7,21,40,0,33,103.5,671.074,12.7
2024,7,7,21,50,0,33.5,103,674.346,12.5
2024,7,7,22,0,0,34.1,102.3,683.814,12.5
2024,7,7,22,10,0,33.9,101.4,676.67,12.1
2024,7,7,22,20,0,33.8,100.5,668.452,11.1
2024,7,7,22,30,0,34.1,100.5,674.088,11.4
2024,7,7,22,40,0,33.5,100.5,676.124,10.7
2024,7,7,22,50,0,33.4,99.5,673.256,10.4
2024,7,7,23,0,0,32.4,99.5,666.346,9.5
2024,7,7,23,10,0,30.9,99.1,654.368,8.8
2024,7,7,23,20,0,29.6,98.5,635.536,7.8
2024,7,7,23,30,0,29.3,98,620.754,7.4
2024,7,7,23,40,0,29,98.3,623.896,7.4
2024,7,7,23,50,0,29.8,97.1,626.494,7.9
2024,7,8,0,0,0,30.3,96.8,638.102,8.5
2024,7,8,0,10,0,30.5,96.5,649.414,9.6
2024,7,8,0,20,0,30.3,96.1,645.134,10.6
2024,7,8,0,30,0,31,95.5,650.33,11
2024,7,8,0,40,0,31.5,95.4,670.51,10.6
2024,7,8,0,50,0,32,94.5,684.354,10.9
2024,7,8,1,0,0,32,94.5,677.542,11.5
2024,7,8,1,10,0,32,94.3,667.914,11.1
2024,7,8,1,20,0,32.7,93.5,664.4,11.3
2024,7,8,1,30,0,33,93.2,664.816,11.2
2024,7,8,1,40,0,33,92.5,658.702,11.5
2024,7,8,1,50,0,33.4,92.5,664.758,11.5
2024,7,8,2,0,0,34,92.5,666.57,12.2
2024,7,8,2,10,0,34,92.5,663.828,12
2024,7,8,2,20,0,34,92.5,661.006,12.5
2024,7,8,2,30,0,34.6,91.9,659.976,12.7
2024,7,8,2,40,0,34.1,91.6,655.122,13
2024,7,8,2,50,0,34.7,91.5,646.436,13
2024,7,8,3,0,0,34.3,91.5,648.696,13
2024,7,8,3,10,0,34.6,90.5,636.186,13.5
2024,7,8,3,20,0,35,90.5,632.44,12.8
2024,7,8,3,30,0,34.7,90.5,631.392,12.7
2024,7,8,3,40,0,34.4,90.5,616.936,12.5
2024,7,8,3,50,0,35.2,89.8,626.156,12.5
2024,7,8,4,0,0,35.8,89.5,624.618,12.2
2024,7,8,4,10,0,35.9,89.5,624.43,12.3
2024,7,8,4,20,0,36.3,88.8,627.16,12.3
2024,7,8,4,30,0,36.4,88.5,622.832,11.5
2024,7,8,4,40,0,36.3,88.5,618.836,11.7
2024,7,8,4,50,0,36.7,87.7,624.99,11.4
2024,7,8,5,0,0,36.8,87.5,621.288,11.5
2024,7,8,5,10,0,37.3,87.5,626,11.6
2024,7,8,5,20,0,37.3,87.5,611.126,11.7
2024,7,8,5,30,0,37,87.5,603.406,11.4
2024,7,8,5,40,0,37,86.7,596.694,11
2024,7,8,5,50,0,37.8,86.5,595.386,10.9
2024,7,8,6,0,0,38.4,86.5,604.718,10.7
2024,7,8,6,10,0,38.1,86.5,593.202,10.7
2024,7,8,6,20,0,38,86.5,583.42,10.6
2024,7,8,6,30,0,37.4,86.5,577.538,10.4
2024,7,8,6,40,0,37,86.7,580.48,10
2024,7,8,6,50,0,35.9,87.5,562.03,9.8
2024,7,8,7,0,0,35.5,87.9,546.26,10
2024,7,8,7,10,0,34.8,88.5,548.748,9.4
2024,7,8,7,20,0,34.1,89,529.288,9.5
2024,7,8,7,30,0,33.6,89.8,520.774,9.6
2024,7,8,7,40,0,32,90.5,495.346,9.9
2024,7,8,7,50,0,32,91.3,483.938,10.8
2024,7,8,8,0,0,31.9,92.2,477.574,11.6
2024,7,8,8,10,0,30.2,92.5,451.778,12.3
2024,7,8,8,20,0,30,93.5,425.608,12
2024,7,8,8,30,0,30,94.1,416.41,12.5
2024,7,8,8,40,0,29.9,95.1,408.264,12.7
2024,7,8,8,50,0,29.1,95.9,388.178,12.3
2024,7,8,9,0,0,28.7,97.1,387.278,11.6
2024,7,8,9,10,0,27.9,97.5,356.208,12.6
2024,7,8,9,20,0,27.6,98.5,317.302,12.7
2024,7,8,9,30,0,27,99.3,283.956,13
2024,7,8,9,40,0,26.7,99.7,245.274,12.7
2024,7,8,9,50,0,26,101.1,217.196,12.5
2024,7,8,10,0,0,25.2,102.3,213.508,12.2
2024,7,8,10,10,0,24.7,103.2,157.22,12.1
2024,7,8,10,20,0,24.7,104.3,123.198,11.8
2024,7,8,10,30,0,24.75,105.25,137.86,11.8
2024,7,8,10,40,0,23.4,106.5,191.578,11.7
2024,7,8,10,50,0,22.2,107.3,153.338,10.9
2024,7,8,11,0,0,22,107.9,108.112,11
2024,7,8,11,10,0,21.7,109.1,92.234,11
2024,7,8,11,20,0,20.4,110.2,77.994,10.3
2024,7,8,11,30,0,18.2,111.5,110.26,9.2
2024,7,8,11,40,0,17,112.5,95.744,9.1
2024,7,8,11,50,0,15.7,113.3,98.49,7.6
2024,7,8,12,0,0,15.8,113.7,66.004,8
2024,7,8,12,10,0,16.3,113.7,53.02,8.5
2024,7,8,12,20,0,16.7,113.9,50,8.7
2024,7,8,12,30,0,13.8,114.1,54.296,6.9
2024,7,8,12,40,0,13.5,114.4,57.034,6.5
2024,7,8,12,50,0,13.2,114.5,53.798,6.4
2024,7,8,13,0,0,13,115.1,59.882,6.4
2024,7,8,13,10,0,13.5,114.8,50.484,6.9
2024,7,8,13,20,0,13.6,115.4,50,6.9
2024,7,8,13,30,0,13.2,115.7,50,6.7
2024,7,8,13,40,0,12.9,116.9,58.276,6.7
2024,7,8,13,50,0,12.9,118.7,84.85,7.6
2024,7,8,14,0,0,11.9,119.9,113.2,7.1
2024,7,8,14,10,0,11,120.5,123.133,7
2024,7,8,14,20,0,10.7,121.9,163.235,7.1
2024,7,8,14,30,0,8.3,122.5,264.828,5
2024,7,8,14,40,0,8.4,123.3,326.47,5.1
2024,7,8,14,50,0,7.8,123.7,359.648,5
2024,7,8,15,0,0,8.1,124.5,371.158,5.2
2024,7,8,15,10,0,9,124.5,356.972,5.8
2024,7,8,15,20,0,9.2,125.1,357.986,5.6
2024,7,8,15,30,0,9.2,125.5,359.932,5.4
2024,7,8,15,40,0,9.6,125.5,373.174,5.5
2024,7,8,15,50,0,8.8,125.5,371.818,5.3
2024,7,8,16,0,0,8.4,125.5,398.194,4.8
2024,7,8,16,10,0,8.9,125.1,408.414,4.9
2024,7,8,16,20,0,8.7,125.5,402.66,4.9
2024,7,8,16,30,0,8.4,125.5,419.972,4.4
2024,7,8,16,40,0,8.2,125.5,432.7,4.6
2024,7,8,16,50,0,8.2,125.3,437.34,4.5
2024,7,8,17,0,0,8,124.6,443.586,4
2024,7,8,17,10,0,7.3,124.5,449.338,3.7
2024,7,8,17,20,0,7.2,124.5,464.934,3.6
2024,7,8,17,30,0,7.9,123.6,446.746,3.6
2024,7,8,17,40,0,8.1,123.3,434.63,3.2
2024,7,8,17,50,0,8.9,122.4,435.632,3.2
2024,7,8,18,0,0,9.1,121.5,463.022,3
2024,7,8,18,10,0,9.7,120.5,457.812,2.9
2024,7,8,18,20,0,9.6,120.3,471.634,2.8
2024,7,8,18,30,0,10,119.5,473.202,2.9
2024,7,8,18,40,0,10.2,119.2,468.618,3
2024,7,8,18,50,0,10.5,118.5,460.41,2.9
2024,7,8,19,0,0,10.7,117.4,459.712,3
2024,7,8,19,10,0,11.7,116.5,462.664,3
2024,7,8,19,20,0,13,115.3,477.794,3.3
2024,7,8,19,30,0,15.1,114,492.888,3.6
2024,7,8,19,40,0,16.1,112.5,510.26,3.8
2024,7,8,19,50,0,16.7,111.3,510.398,3.8
2024,7,8,20,0,0,17.5,110.3,521.372,3.7
2024,7,8,20,10,0,18.1,109.3,534.892,4
2024,7,8,20,20,0,18.8,108.5,540.28,4.5
2024,7,8,20,30,0,19.1,107.5,529.16,4
2024,7,8,20,40,0,19.9,106.6,541.94,4
2024,7,8,20,50,0,20.9,105.7,532.098,4.1
2024,7,8,21,0,0,22.1,104.6,521.636,4.5
2024,7,8,21,10,0,23,104.1,528.896,4.6
2024,7,8,21,20,0,23.7,103.4,541.736,4.9
2024,7,8,21,30,0,24.6,102.6,549.312,5.1
2024,7,8,21,40,0,24.7,102.5,536.972,5.1
2024,7,8,21,50,0,24.6,102.5,509.972,5.2
2024,7,8,22,0,0,25,101.8,480.12,5.4
2024,7,8,22,10,0,25.8,101.5,475.204,5.6
2024,7,8,22,20,0,26.4,100.3,491.89,6.1
2024,7,8,22,30,0,27.4,99.5,477.316,6.1
2024,7,8,22,40,0,29,99,466.58,6.3
2024,7,8,22,50,0,30.2,98.5,462.882,7.2
2024,7,8,23,0,0,31.7,97.7,454.092,7.5
2024,7,8,23,10,0,32.6,97.5,452.202,7.9
2024,7,8,23,20,0,33.2,97.1,449.644,8.5
2024,7,8,23,30,0,33.9,96.5,451.582,8.8
2024,7,8,23,40,0,34.5,96.2,461.052,9
2024,7,8,23,50,0,35.2,95.5,476.172,9.4
2024,7,9,0,0,0,35.3,94.9,479.912,9.4
2024,7,9,0,10,0,34.3,94.5,484.788,8.9
2024,7,9,0,20,0,33.8,94.5,484.058,9
2024,7,9,0,30,0,33.9,93.8,479.052,8.3
2024,7,9,0,40,0,33.1,94.2,477.178,7.9
2024,7,9,0,50,0,32.5,94.2,475.938,8.2
2024,7,9,1,0,0,32,93.5,480.718,9.1
2024,7,9,1,10,0,32,93.5,491.752,10.3
2024,7,9,1,20,0,32,93,500.86,12.3
2024,7,9,1,30,0,31.8,92.5,512.538,10.2
2024,7,9,1,40,0,31,92.9,514.016,7.6
2024,7,9,1,50,0,31,92.6,513.91,7.4
2024,7,9,2,0,0,31,92.5,518.824,7.3
2024,7,9,2,10,0,31.4,92.1,520.412,7.3
2024,7,9,2,20,0,32,91.4,526.254,7.3
2024,7,9,2,30,0,32.4,90.6,537.006,7.4
2024,7,9,2,40,0,33,90.4,539.57,7.6
2024,7,9,2,50,0,33,90,552.258,7.8
2024,7,9,3,0,0,34,89.5,547.394,8.4
2024,7,9,3,10,0,34.2,88.9,548.31,8.2
2024,7,9,3,20,0,34.7,88.6,552.716,8.1
2024,7,9,3,30,0,35,88.5,555.386,8.3
2024,7,9,3,40,0,35.1,87.8,551.24,8.5
2024,7,9,3,50,0,34.7,88.4,549.808,8.4
2024,7,9,4,0,0,34.9,87.9,555.888,9.1
2024,7,9,4,10,0,35,87.5,562.5,9.5
2024,7,9,4,20,0,34,87.5,554.194,9.4
2024,7,9,4,30,0,34,87.5,554.964,9.2
2024,7,9,4,40,0,34.2,87.5,573.418,9.8
2024,7,9,4,50,0,34.9,87.3,568.546,9.5
2024,7,9,5,0,0,34.4,87.5,567.236,9.4
2024,7,9,5,10,0,35,87.1,574.86,8.9
2024,7,9,5,20,0,35,86.5,579.182,8.6
2024,7,9,5,30,0,35.1,86.6,557.764,9
2024,7,9,5,40,0,36,86.5,567.886,9.4
2024,7,9,5,50,0,36.7,86.5,578.8,10.2
2024,7,9,6,0,0,37,86.5,584.624,10.1
2024,7,9,6,10,0,37.7,86,584.648,9.8
2024,7,9,6,20,0,37.3,86.2,573.922,9.8
2024,7,9,6,30,0,37.5,86.4,568.548,10.3
2024,7,9,6,40,0,37.2,86.5,552.942,10.4
2024,7,9,6,50,0,37,86.5,545.484,10.1
2024,7,9,7,0,0,36.8,86.6,547.576,10
2024,7,9,7,10,0,35.1,87.4,532.736,9.5
2024,7,9,7,20,0,33.4,87.5,524.51,9
2024,7,9,7,30,0,32.8,88.1,512.642,9.4
2024,7,9,7,40,0,32.8,88.7,517.9,9.7
2024,7,9,7,50,0,32,89.5,505.06,9.4
2024,7,9,8,0,0,31.6,90.3,490.366,9.5
2024,7,9,8,10,0,31,90.5,470.1,10.1
2024,7,9,8,20,0,30.5,91.5,449.412,10
2024,7,9,8,30,0,29.5,91.9,425.77,10.2
2024,7,9,8,40,0,28.7,93,412.468,9.9
2024,7,9,8,50,0,28,93.7,401.236,9.9
2024,7,9,9,0,0,27.9,94.6,377.404,9.9
2024,7,9,9,10,0,28,94.8,348.512,9.7
2024,7,9,9,20,0,28,96.1,337.526,9.8
2024,7,9,9,30,0,28.1,96.5,316.716,10.2
2024,7,9,9,40,0,27.8,97.1,293.232,10
2024,7,9,9,50,0,27,98.3,271.67,9.9
2024,7,9,10,0,0,24.6,100.1,236.24,8.8
2024,7,9,10,10,0,24.1,101.2,214.326,8.8
2024,7,9,10,20,0,23,102.4,200.468,8.7
2024,7,9,10,30,0,21.2,103.5,171.738,8.4
2024,7,9,10,40,0,20.5,104.7,144.046,8.2
2024,7,9,10,50,0,19.3,106.1,134.944,7.8
2024,7,9,11,0,0,17.8,106.9,119.142,7.6
2024,7,9,11,10,0,17.3,108.1,102.596,7.3
2024,7,9,11,20,0,17.1,109.1,88.42,7.1
2024,7,9,11,30,0,16.4,109.5,64.504,6.7
2024,7,9,11,40,0,16.2,110.1,54.488,6.5
2024,7,9,11,50,0,15.7,110.9,52.918,6.2
2024,7,9,12,0,0,15.3,111.7,52.582,6
2024,7,9,12,10,0,14.9,112.3,53.256,5.7
2024,7,9,12,20,0,14.9,112.6,53.49,5.7
2024,7,9,12,30,0,14.5,113.1,52.858,5.5
2024,7,9,12,40,0,13.6,113.9,56.352,4.9
2024,7,9,12,50,0,12.1,114.5,64.608,4.2
2024,7,9,13,0,0,11,114.5,56.604,3.8
2024,7,9,13,10,0,10.9,115,59.568,3.9
2024,7,9,13,20,0,11.5,115.5,61.436,4.1
2024,7,9,13,30,0,11.3,116.3,80.898,4.1
2024,7,9,13,40,0,11.2,116.7,75.822,4.3
2024,7,9,13,50,0,11.4,116.9,54.73,4.4
2024,7,9,14,0,0,11.7,117.5,55.796,4.6
2024,7,9,14,10,0,11.5,117.9,51.596,4.6
2024,7,9,14,20,0,11.3,118.1,52.284,4.7
2024,7,9,14,30,0,10.5,118.5,57.05,4.3
2024,7,9,14,40,0,10.1,119.3,69.16,4.1
2024,7,9,14,50,0,11.3,119.9,92.224,4.6
2024,7,9,15,0,0,10.7,119.8,85.958,4.4
2024,7,9,15,10,0,10.5,120.2,90.798,4.2
2024,7,9,15,20,0,9.5,120.5,109.15,3.7
2024,7,9,15,30,0,9.1,120.5,112.296,3.8
2024,7,9,15,40,0,9.8,120.6,121.658,3.9
2024,7,9,15,50,0,10.7,120.7,122.646,4.4
2024,7,9,16,0,0,9.7,120.8,121.292,4.2
2024,7,9,16,10,0,8.8,120.9,141.89,3.7
2024,7,9,16,20,0,9.5,120.9,127.562,4.1
2024,7,9,16,30,0,9.8,120.5,110.63,3.9
2024,7,9,16,40,0,8.5,121.2,123.754,3.1
2024,7,9,16,50,0,9.2,120.7,160.18,3.4
2024,7,9,17,0,0,9.6,120.4,171.022,3.6
2024,7,9,17,10,0,10.7,120.5,149.916,4.1
2024,7,9,17,20,0,11.7,120.5,139.722,4.5
2024,7,9,17,30,0,12,119.7,126.586,4.4
2024,7,9,17,40,0,12.1,119.5,118.43,4.4
2024,7,9,17,50,0,12,118.5,96.766,4.2
2024,7,9,18,0,0,12.5,118.3,95.228,4.1
2024,7,9,18,10,0,13,117.5,89.144,3.9
2024,7,9,18,20,0,13,116.5,86.482,3.6
2024,7,9,18,30,0,13,115.8,108.408,3.2
2024,7,9,18,40,0,12.4,114.7,142.966,2.9
2024,7,9,18,50,0,13.3,114.1,189.386,2.9
2024,7,9,19,0,0,14.1,113.3,225.534,3.2
2024,7,9,19,10,0,14.9,112.3,252.964,3.3
2024,7,9,19,20,0,15.8,111.3,239.702,3.5
2024,7,9,19,30,0,16.4,110.3,252.644,3.7
2024,7,9,19,40,0,17.2,109.5,280.768,3.7
2024,7,9,19,50,0,18,108.4,295.872,3.7
2024,7,9,20,0,0,18.5,107.5,294.51,4
2024,7,9,20,10,0,19.8,106.5,328.164,4.1
2024,7,9,20,20,0,20.2,105.7,308.662,4.4
2024,7,9,20,30,0,21.3,104.7,304.902,4.7
2024,7,9,20,40,0,22.3,103.7,304.496,4.9
2024,7,9,20,50,0,22.9,103.2,301.714,5.1
2024,7,9,21,0,0,23.9,102.4,299.204,5.4
2024,7,9,21,10,0,25.5,101.5,307.576,6
2024,7,9,21,20,0,27.2,100.7,325.632,6.5
2024,7,9,21,30,0,28.5,100,333.128,7
2024,7,9,21,40,0,29,99.5,355.644,7.3
2024,7,9,21,50,0,29,98.8,353.3,7.6
2024,7,9,22,0,0,29.3,98,345.748,7.4
2024,7,9,22,10,0,29.6,97.5,354.334,7.3
2024,7,9,22,20,0,29,97.4,338.988,7.3
2024,7,9,22,30,0,29,97,323.456,7.4
2024,7,9,22,40,0,29,96.8,337.15,7.4
2024,7,9,22,50,0,28.7,96.5,363,7.4
2024,7,9,23,0,0,29,96.3,393.184,7.5
2024,7,9,23,10,0,29,95.5,418.272,7.8
2024,7,9,23,20,0,29.2,94.8,443.254,7.5
2024,7,9,23,30,0,30,94.4,453.616,7.5
2024,7,9,23,40,0,30,93.9,474.302,7.7
2024,7,9,23,50,0,30.3,93.1,483.148,7.7
2024,7,10,0,0,0,30.2,92.5,484.022,7.6
2024,7,10,0,10,0,30,92.1,481.756,7.5
2024,7,10,0,20,0,30,91.5,481.452,7.3
2024,7,10,0,30,0,30.2,91.5,484.532,7.1
2024,7,10,0,40,0,31,90.7,492.158,7.5
2024,7,10,0,50,0,31.4,90.1,494.482,7.6
2024,7,10,1,0,0,32,89.7,504.418,7.7
2024,7,10,1,10,0,32,89.5,499.814,7.6
2024,7,10,1,20,0,32.2,89,493.89,7.8
2024,7,10,1,30,0,32,89.2,495.806,9.3
2024,7,10,1,40,0,32.1,89.3,501.706,9.6
2024,7,10,1,50,0,32.8,88.5,503.868,8.7
2024,7,10,2,0,0,33.2,88.5,510.298,8.3
2024,7,10,2,10,0,34.4,87.4,512.896,8.6
2024,7,10,2,20,0,35,86.5,513.344,8.5
2024,7,10,2,30,0,35.5,86.5,514.3,8.5
2024,7,10,2,40,0,35.9,86.3,514.154,8.6
2024,7,10,2,50,0,36.5,85.5,514.424,8.5
2024,7,10,3,0,0,36.6,85.5,516.8,8.6
2024,7,10,3,10,0,37.1,85.1,515.456,8.5
2024,7,10,3,20,0,37,85.5,520.39,8.9
2024,7,10,3,30,0,37.2,85.4,531.474,9.3
2024,7,10,3,40,0,37.8,84.7,533.31,9.6
2024,7,10,3,50,0,38.1,84.5,533.746,10.1
2024,7,10,4,0,0,38.7,84.3,529.314,10.3
2024,7,10,4,10,0,38.2,84.5,528.216,10.1
2024,7,10,4,20,0,38.4,84,521.346,10
2024,7,10,4,30,0,38.1,83.6,520.414,10.2
2024,7,10,4,40,0,38.8,83.5,521.598,10.7
2024,7,10,4,50,0,39.4,83.5,527.054,10.8
2024,7,10,5,0,0,39.4,83.5,523.12,10.8
2024,7,10,5,10,0,39.2,83.5,527.1,11.1
2024,7,10,5,20,0,40.4,82.5,536.574,11.8
2024,7,10,5,30,0,40.5,82.5,542.586,12.1
2024,7,10,5,40,0,40.2,82.5,535.344,12.2
2024,7,10,5,50,0,40.5,82.5,531.756,12.7
2024,7,10,6,0,0,40.6,82.5,531.71,12.7
2024,7,10,6,10,0,40.9,82.5,526.654,11.4
2024,7,10,6,20,0,41,82.5,523.634,11.3
2024,7,10,6,30,0,40.6,82.8,523.994,11.7
2024,7,10,6,40,0,40.9,83.1,513.43,12.3
2024,7,10,6,50,0,41.1,83.5,509.256,12
2024,7,10,7,0,0,40.4,83.6,502.036,12.2
2024,7,10,7,10,0,39.6,84.4,502.08,12.2
2024,7,10,7,20,0,38.8,84.5,493.182,12.2
2024,7,10,7,30,0,38.2,85.4,484.444,12.7
2024,7,10,7,40,0,37.6,86.3,478.73,12.4
2024,7,10,7,50,0,36.6,87.3,468.564,12.6
2024,7,10,8,0,0,36,87.7,455.442,13.8
2024,7,10,8,10,0,35.4,88.9,451.864,12.9
2024,7,10,8,20,0,34.5,90.1,447.614,12.9
2024,7,10,8,30,0,33.9,91.1,434.562,13.1
2024,7,10,8,40,0,33.1,92.3,421.09,13.1
2024,7,10,8,50,0,32.4,93.2,403.814,12.7
2024,7,10,9,0,0,31.6,93.9,388.68,11.2
2024,7,10,9,10,0,30.6,94.9,363.832,10.2
2024,7,10,9,20,0,29.4,96.2,342.09,9.6
2024,7,10,9,30,0,28,97.5,313.24,8.9
2024,7,10,9,40,0,27.1,98.5,288.184,9.6
2024,7,10,9,50,0,26.6,99.5,274.68,10.1
2024,7,10,10,0,0,26.5,100.3,263.442,10.1
2024,7,10,10,10,0,25.9,101.3,250.256,9.9
2024,7,10,10,20,0,24.6,102.3,227.468,9.3
2024,7,10,10,30,0,24,103.1,202.57,9.7
2024,7,10,10,40,0,23.4,103.8,175.78,9.8
2024,7,10,10,50,0,23.1,104.6,149.676,9.9
2024,7,10,11,0,0,22.9,105.5,136.02,10.3
2024,7,10,11,10,0,23,106.3,117.57,10.2
2024,7,10,11,20,0,22.2,107.3,99.402,9.9
2024,7,10,11,30,0,21,107.6,65.696,9.4
2024,7,10,11,40,0,20.8,108.7,61.892,9.3
2024,7,10,11,50,0,20.7,109.3,51.044,9.5
2024,7,10,12,0,0,19.3,109.5,50.73,8.4
2024,7,10,12,10,0,19.7,110.3,52.802,8.9
2024,7,10,12,20,0,20,110.6,55.386,9.1
2024,7,10,12,30,0,19.2,111.1,52.48,8.3
2024,7,10,12,40,0,19.2,111.5,50.154,8.5
2024,7,10,12,50,0,18.3,112.2,55.21,7.7
2024,7,10,13,0,0,16.8,112.5,50.384,6.9
2024,7,10,13,10,0,15.6,112.1,51.674,6.4
2024,7,10,13,20,0,16.5,112.9,50,6.9
2024,7,10,13,30,0,16.2,113.6,55.378,6.8
2024,7,10,13,40,0,16.6,114.5,58.672,7.1
2024,7,10,13,50,0,16,115.2,60.68,6.8
2024,7,10,14,0,0,16.1,115.9,79.274,6.8
2024,7,10,14,10,0,15.9,116.1,82.25,6.9
2024,7,10,14,20,0,15.7,116.3,51.218,7
2024,7,10,14,30,0,15.4,116.9,62.39,7.1
2024,7,10,14,40,0,14.1,116.7,61.236,6.6
2024,7,10,14,50,0,13.5,117.9,98.562,6.4
2024,7,10,15,0,0,13.3,118.5,149.492,6.3
2024,7,10,15,10,0,13.6,119.4,180.104,6.4
2024,7,10,15,20,0,13,119.3,195.874,6.3
2024,7,10,15,30,0,12.7,119.4,156.47,6.1
2024,7,10,15,40,0,12,120.2,177.958,5.9
2024,7,10,15,50,0,12.6,119.2,128.552,5.9
2024,7,10,16,0,0,11.3,120.5,163.86,5.4
2024,7,10,16,10,0,11,120.5,212.762,5.5
2024,7,10,16,20,0,11.5,121.1,252.664,5.6
2024,7,10,16,30,0,12,121,240.406,5.9
2024,7,10,16,40,0,13,121,252.998,5.9
2024,7,10,16,50,0,13.6,120.7,233.624,6.4
2024,7,10,17,0,0,13.4,120.5,212.054,6.2
2024,7,10,17,10,0,13,120.5,239.626,5.8
2024,7,10,17,20,0,12.9,120.3,236.474,5.9
2024,7,10,17,30,0,12.1,119.5,213.192,5.6
2024,7,10,17,40,0,12.2,119.5,197.038,6
2024,7,10,17,50,0,12.8,119.3,184.676,5.7
2024,7,10,18,0,0,12.6,118.6,221.344,5.2
2024,7,10,18,10,0,13.3,117.6,242.752,5.1
2024,7,10,18,20,0,14.1,117.5,261.012,5.2
2024,7,10,18,30,0,15,116.5,270.55,5.3
2024,7,10,18,40,0,15.875,116.375,295.35,5.3
2024,7,10,18,50,0,16,115.7,333.332,5.4
2024,7,10,19,0,0,16.8,115.1,388.006,5.3
2024,7,10,19,10,0,18.1,114.5,426.04,5.6
2024,7,10,19,20,0,19,113.3,438.798,5.8
2024,7,10,19,30,0,20.3,112.5,497.178,5.8
2024,7,10,19,40,0,21.2,111.5,516.03,6.1
2024,7,10,19,50,0,22.2,110.5,519.41,6.4
2024,7,10,20,0,0,23.2,109.3,546.586,6.7
2024,7,10,20,10,0,24.2,107.8,548.982,6.6
2024,7,10,20,20,0,25.2,107,565.7,6.5
2024,7,10,20,30,0,26.5,105.7,571.086,7.2
2024,7,10,20,40,0,27,104.8,586.034,7.4
2024,7,10,20,50,0,28,104.5,626.46,7.4
2024,7,10,21,0,0,29.3,103.7,641.146,8.4
2024,7,10,21,10,0,30,102.7,631.538,8.3
2024,7,10,21,20,0,30,101.75,550.897,8.4
2024,7,10,21,30,0,30,101.5,624.608,8.8
2024,7,10,21,40,0,30.5,100.5,608.006,8.9
2024,7,10,21,50,0,31,100.3,597.904,9.1
2024,7,10,22,0,0,31,99.5,580.196,9.1
2024,7,10,22,10,0,30.7,99.5,567.68,9
2024,7,10,22,20,0,30,99.5,553.716,9
2024,7,10,22,30,0,30.7,99.5,554.5,9.5
2024,7,10,22,40,0,31.2,99.4,562.55,10.2
2024,7,10,22,50,0,32.4,98.5,565.262,10.2
2024,7,10,23,0,0,32.8,98.1,567.956,10.2
2024,7,10,23,10,0,33.1,97.6,555.856,10.3
2024,7,10,23,20,0,33.9,97.1,541.248,11.7
2024,7,10,23,30,0,34.2,96.6,557.914,11.8
2024,7,10,23,40,0,34.5,96.5,594.57,11.9
2024,7,10,23,50,0,34.7,96.5,593,12.4
2024,7,11,0,0,0,35,96.5,590.912,12.7
2024,7,11,0,10,0,35.5,95.6,599.26,13.4
2024,7,11,0,20,0,35.6,95.5,623.308,14.6
2024,7,11,0,30,0,36.1,95.3,621.002,16
2024,7,11,0,40,0,36.4,94.9,635.168,15.3
2024,7,11,0,50,0,36.6,94.6,636.13,16.7
2024,7,11,1,0,0,37.3,94.5,663.368,17.9
2024,7,11,1,10,0,37.4,94.3,680.134,18.2
2024,7,11,1,20,0,37.4,93.9,690.496,16.6
2024,7,11,1,30,0,38.1,93.5,657.654,15.9
2024,7,11,1,40,0,38.4,93.4,658.644,17.3
2024,7,11,1,50,0,38.5,92.6,677.732,17.6
2024,7,11,2,0,0,38.6,92.5,673.798,17.2
2024,7,11,2,10,0,38.7,92.1,688.596,16.9
2024,7,11,2,20,0,38.5,91.5,686.048,17
2024,7,11,2,30,0,39.1,90.9,676.84,18.3
2024,7,11,2,40,0,39,90.6,687.536,18.1
2024,7,11,2,50,0,38.9,90.5,685.822,18.4
2024,7,11,3,0,0,38.9,90.5,682.912,17.9
2024,7,11,3,10,0,39.2,90.3,691.066,18.3
2024,7,11,3,20,0,38.9,89.9,690.462,17.8
2024,7,11,3,30,0,38.8,89.7,688.578,18
2024,7,11,3,40,0,39.5,89.5,689.52,17.5
2024,7,11,3,50,0,40,89.5,701.418,17.1
2024,7,11,4,0,0,40.3,89.5,700.292,17.2
2024,7,11,4,10,0,40.3,89.5,691.914,17.6
2024,7,11,4,20,0,40.8,89.3,694.628,18.2
2024,7,11,4,30,0,41.1,88.5,696.612,18.3
2024,7,11,4,40,0,41.2,88.5,685.022,18.8
2024,7,11,4,50,0,40.7,88.5,670.548,19.1
2024,7,11,5,0,0,40.5,88.5,649.606,19.4
2024,7,11,5,10,0,41.2,88.5,644.404,19.1
2024,7,11,5,20,0,40.7,88.5,644.81,18.5
2024,7,11,5,30,0,39.7,88.5,627.078,19.2
2024,7,11,5,40,0,40.6,87.7,630.848,19.7
2024,7,11,5,50,0,41.9,86.9,644.736,20.3
2024,7,11,6,0,0,41.8,86.6,647.344,20.4
2024,7,11,6,10,0,41.5,86.7,637.758,19.8
2024,7,11,6,20,0,41.6,86.5,637.982,20.6
2024,7,11,6,30,0,40.9,87.4,627.846,20
2024,7,11,6,40,0,39.5,87.8,612.914,19.4
2024,7,11,6,50,0,37.6,88.5,579.092,19.7
2024,7,11,7,0,0,37,89.3,582.062,19.6
2024,7,11,7,10,0,36.4,89.9,574.346,19.7
2024,7,11,7,20,0,36.5,90.5,574.77,19.9
2024,7,11,7,30,0,35.7,91.1,558.894,20.1
2024,7,11,7,40,0,34.8,91.6,544.628,19.7
2024,7,11,7,50,0,34.5,92.5,528.376,20.2
2024,7,11,8,0,0,33.2,92.7,501.582,19.4
2024,7,11,8,10,0,32.9,93.6,486.968,20.2
2024,7,11,8,20,0,32.7,94.5,493.228,20.9
2024,7,11,8,30,0,32.4,95.5,493.658,20.9
2024,7,11,8,40,0,31.3,96.5,465.576,21.7
2024,7,11,8,50,0,31.6,97.3,445.59,23.1
2024,7,11,9,0,0,31.6,97.3,403.744,25.3
2024,7,11,9,10,0,30.5,98.1,362.514,22.9
2024,7,11,9,20,0,29,99.3,322.118,18.7
2024,7,11,9,30,0,26.8,100.3,269.098,16.1
2024,7,11,9,40,0,26.6,101.4,237.16,16.8
2024,7,11,9,50,0,25.8,102,186.79,17.2
2024,7,11,10,0,0,25.1,102.5,136.052,16.7
2024,7,11,10,10,0,25.1,104.1,121.872,15.9
2024,7,11,10,20,0,25,103.9,88.842,17.4
2024,7,11,10,30,0,25,103.6,50,17.1
2024,7,11,10,40,0,25.2,104.3,50,16.3
2024,7,11,10,50,0,24.7,105.1,50,15.8
2024,7,11,11,0,0,24.7,105.3,50,15.5
2024,7,11,11,10,0,24,106.5,50,14.7
2024,7,11,11,20,0,23.6,107.5,50,14.2
2024,7,11,11,30,0,23.2,107.5,50,13.9
2024,7,11,11,40,0,22.4,108.9,52.866,12.8
2024,7,11,11,50,0,21.6,109.9,79.118,12.7
2024,7,11,12,0,0,21,110.5,62.866,12.4
2024,7,11,12,10,0,21,110.7,50.006,12.2
2024,7,11,12,20,0,20.1,111.5,56.254,11.6
2024,7,11,12,30,0,19,112.7,79.836,10.5
2024,7,11,12,40,0,17.8,114.2,133.448,9.4
2024,7,11,12,50,0,17.5,114.7,159.968,9.4
2024,7,11,13,0,0,17,115.7,175.502,9
2024,7,11,13,10,0,16.4,116.8,221.424,8.9
2024,7,11,13,20,0,16,117.5,240.316,9
2024,7,11,13,30,0,16,117.9,250.82,8.7
2024,7,11,13,40,0,15,118.3,276.282,8.4
2024,7,11,13,50,0,15,118.9,284.394,8.4
2024,7,11,14,0,0,15,119.5,299.38,8.3
2024,7,11,14,10,0,14.6,119.7,290.726,8.3
2024,7,11,14,20,0,14,120.1,270.196,8.5
2024,7,11,14,30,0,14.1,120.3,243.652,8.4
2024,7,11,14,40,0,13,121.1,278.108,7.5
2024,7,11,14,50,0,13.6,121.3,278.766,8
2024,7,11,15,0,0,14.1,121.4,272.484,8.4
2024,7,11,15,10,0,13.8,121.3,230.026,8
2024,7,11,15,20,0,13.8,121.3,185.514,8
2024,7,11,15,30,0,12.5,121.9,238.206,7.1
2024,7,11,15,40,0,12.8,122.1,243.804,7.5
2024,7,11,15,50,0,13,121.7,209.686,7.8
2024,7,11,16,0,0,12.9,122.5,232.41,7.6
2024,7,11,16,10,0,12.8,122.3,249.238,7.7
2024,7,11,16,20,0,12.2,122.7,248.822,7.3
2024,7,11,16,30,0,12.1,123,291.958,7.1
2024,7,11,16,40,0,12,123.3,306.78,7.2
2024,7,11,16,50,0,12,122.5,307.168,7.1
2024,7,11,17,0,0,12,122.2,300.466,7
2024,7,11,17,10,0,11.3,121.9,310.062,6.8
2024,7,11,17,20,0,10.5,122.3,351.176,6.3
2024,7,11,17,30,0,10.8,121.7,384.064,6.6
2024,7,11,17,40,0,10.7,121.5,366.798,6.6
2024,7,11,17,50,0,11,121.5,356.936,7
2024,7,11,18,0,0,11.7,120.9,341.652,6.8
2024,7,11,18,10,0,12.5,120.5,325.358,7.1
2024,7,11,18,20,0,13.1,120.3,307.2,7.2
2024,7,11,18,30,0,13.8,119.5,297.808,7.3
2024,7,11,18,40,0,14,119.1,310.862,7.4
2024,7,11,18,50,0,14.2,118.5,317.724,7.3
2024,7,11,19,0,0,14.7,117.8,355.806,7.3
2024,7,11,19,10,0,15.8,117,397.816,8.1
2024,7,11,19,20,0,16.2,116.1,440.624,7.8
2024,7,11,19,30,0,17.4,115.2,460.67,7.6
2024,7,11,19,40,0,18.2,114.3,544.732,7.9
2024,7,11,19,50,0,20.7,113.3,592.262,7.8
2024,7,11,20,0,0,21.4,112.4,671.062,8.3
2024,7,11,20,10,0,22.6,111.2,705.646,8.6
2024,7,11,20,20,0,24,110.3,720.392,9.1
2024,7,11,20,30,0,23,109.5,758.732,8.8
2024,7,11,20,40,0,22.8,108.5,769.782,8.5
2024,7,11,20,50,0,23,107.7,726.512,8.8
2024,7,11,21,0,0,23.9,106.8,658.906,8.9
2024,7,11,21,10,0,25.6,106.4,694.322,10.3
2024,7,11,21,20,0,26.4,105.5,693.192,10.7
2024,7,11,21,30,0,27.6,104.7,726.654,10.6
2024,7,11,21,40,0,29.2,104.5,783.93,10.7
2024,7,11,21,50,0,28.3,104.5,771.372,10.7
2024,7,11,22,0,0,28.6,104,742,11
2024,7,11,22,10,0,29,102.9,749.676,10.8
2024,7,11,22,20,0,29,102.5,759.472,10.9
2024,7,11,22,30,0,29.7,102.5,758.204,11.5
2024,7,11,22,40,0,30.4,101.9,786.68,11.8
2024,7,11,22,50,0,31.7,101.5,772.192,12.4
2024,7,11,23,0,0,32.2,100.8,803.966,12.9
2024,7,11,23,10,0,31.4,100.6,762.114,12.8
2024,7,11,23,20,0,31,100.5,732.456,13.3
2024,7,11,23,30,0,30.7,100.5,712.172,13.5
2024,7,11,23,40,0,30.9,100.5,717.208,13.8
2024,7,11,23,50,0,30.5,100.1,708.012,13.5
2024,7,12,0,0,0,31.3,99.5,707.35,14.3
2024,7,12,0,10,0,31.1,99.3,712.166,14.2
2024,7,12,0,20,0,31.9,98.5,725.644,15.1
2024,7,12,0,30,0,32.3,98.5,733.546,15.2
2024,7,12,0,40,0,32.2,98,744.736,14.8
2024,7,12,0,50,0,31.4,97.5,731.098,13.6
2024,7,12,1,0,0,31.4,96.7,718.714,12.9
2024,7,12,1,10,0,31.9,96.3,702.442,13.2
2024,7,12,1,20,0,32.4,95.5,699.892,14
2024,7,12,1,30,0,34,95.5,726.75,14.7
2024,7,12,1,40,0,34.2,94.5,715.154,14.2
2024,7,12,1,50,0,33.3,94.5,695.862,11.4
2024,7,12,2,0,0,33,94.5,689.67,10.7
2024,7,12,2,10,0,33,93.7,670.76,10.3
2024,7,12,2,20,0,32.9,93.7,664.284,10.6
2024,7,12,2,30,0,32.4,93.1,655.174,9.8
2024,7,12,2,40,0,32,92.6,650.94,9.5
2024,7,12,2,50,0,32.8,92.5,650.974,10
2024,7,12,3,0,0,32.2,92.3,652.056,9.7
2024,7,12,3,10,0,34.2,91.6,653.774,11
2024,7,12,3,20,0,35,91.5,670.254,11.5
2024,7,12,3,30,0,35.2,91.1,680.002,11.3
2024,7,12,3,40,0,35.1,91.2,661.554,12.6
2024,7,12,3,50,0,34,90.7,652.82,11.4
2024,7,12,4,0,0,33.2,90.5,642.486,11
2024,7,12,4,10,0,32.4,90.5,620.496,10.3
2024,7,12,4,20,0,32.8,89.7,623.43,10.5
2024,7,12,4,30,0,34.1665,89.5,647.925,11.7
2024,7,12,4,40,0,34.9,89.3,678.986,11.8
2024,7,12,4,50,0,35.3,88.5,680.086,11.8
2024,7,12,5,0,0,35.9,88.5,674.494,11.6
2024,7,12,5,10,0,36,88.5,688.778,11.7
2024,7,12,5,20,0,36,88.3,680.424,12.1
2024,7,12,5,30,0,35.2,88.4,667.956,11.9
2024,7,12,5,40,0,35,87.7,662.074,11.5
2024,7,12,5,50,0,35,87.5,657.304,11.9
2024,7,12,6,0,0,35.3,87.7,660.1,11.5
2024,7,12,6,10,0,35.3,88.4,653.35,11.9
2024,7,12,6,20,0,36.5,88.1,651.394,12.4
2024,7,12,6,30,0,35.2,88.3,623.64,12.5
2024,7,12,6,40,0,35.6,87.9,632.802,12.4
2024,7,12,6,50,0,36.6,87.7,658.218,12.6
2024,7,12,7,0,0,35.4,88.4,638.704,13.7
2024,7,12,7,10,0,35,88.5,635.554,13.6
2024,7,12,7,20,0,34.1,89.3,615.534,13.7
2024,7,12,7,30,0,33.9,89.5,601.19,14.1
2024,7,12,7,40,0,32.9,89.9,580.336,14.1
2024,7,12,7,50,0,32.8,90.4,560.732,15.7
2024,7,12,8,0,0,33.4,91.6,567.844,15.8
2024,7,12,8,10,0,31.6,92.8,555.662,14.5
2024,7,12,8,20,0,29.2,93.9,512.71,12.4
2024,7,12,8,30,0,28.4,94.9,487.042,12
2024,7,12,8,40,0,27.3,95.5,462.498,11.9
2024,7,12,8,50,0,27.125,95.875,445.952,10.9
2024,7,12,9,0,0,26.625,96.5,466.46,10.8
2024,7,12,9,10,0,25.8,96.5,452.764,11
2024,7,12,9,20,0,26,97.1,457.504,11.5
2024,7,12,9,30,0,26.3,98.5,467.002,11.6
2024,7,12,9,40,0,25.25,98.75,433.18,11.9
2024,7,12,9,50,0,23.3,100.4,388.304,10.7
2024,7,12,10,0,0,22.3,102,378.774,9.8
2024,7,12,10,10,0,21.4,103.8,352.006,9.5
2024,7,12,10,20,0,19.8,105.3,320.264,9.4
2024,7,12,10,30,0,20.1,105.9,305.382,9.4
2024,7,12,10,40,0,19.5,106.6,257.866,9.3
2024,7,12,10,50,0,18.8,108,240.88,9.1
2024,7,12,11,0,0,17.8,109.1,227.382,8.4
2024,7,12,11,10,0,18,110,215.42,9.2
2024,7,12,11,20,0,17.7,110.4,181.324,9.4
2024,7,12,11,30,0,17.3,110.2,94.874,9.2
2024,7,12,11,40,0,17.2,110.8,58.5,9.3
2024,7,12,11,50,0,15.3,110.5,50,8.6
2024,7,12,12,0,0,14.9,111.3,50,8.2
2024,7,12,12,10,0,15.3,111.7,53.586,8.3
2024,7,12,12,20,0,14.8,112.3,54.38,8
2024,7,12,12,30,0,13.9,112.6,50.148,7.3
2024,7,12,12,40,0,13.4,113.1,62.172,7.5
2024,7,12,12,50,0,13,113.9,67.684,7.1
2024,7,12,13,0,0,12.5,115,124.288,7.3
2024,7,12,13,10,0,12.4,115.9,166.694,7.2
2024,7,12,13,20,0,12,116.9,175.718,7.4
2024,7,12,13,30,0,13.3,117.5,163.402,8.2
2024,7,12,13,40,0,13.1,117.6,154.536,8.2
2024,7,12,13,50,0,11.6,118.9,194.184,7.1
2024,7,12,14,0,0,12.4,119.7,217.552,7.7
2024,7,12,14,10,0,12.5,120.5,192.692,7.7
2024,7,12,14,20,0,11.8,120.5,191.594,7.7
2024,7,12,14,30,0,11.8,121.1,186.22,7.4
2024,7,12,14,40,0,11.6,122.3,233.946,7.4
2024,7,12,14,50,0,12.2,122.5,231.394,7.9
2024,7,12,15,0,0,12.2,121.6,187.024,8.1
2024,7,12,15,10,0,13.8,120.3,141.222,8.6
2024,7,12,15,20,0,13.9,119.3,74.282,8.6
2024,7,12,15,30,0,14.4,118.9,90.758,8.7
2024,7,12,15,40,0,14.1,118.9,111.754,8.7
2024,7,12,15,50,0,14.2,119.1,88.572,8.7
2024,7,12,16,0,0,13,118.3,66.696,8.2
2024,7,12,16,10,0,13,118.5,73.856,8.2
2024,7,12,16,20,0,13.2,118.9,89.872,8.6
2024,7,12,16,30,0,13,120.4,102.378,8.6
2024,7,12,16,40,0,12.9,119.5,82.132,8.3
2024,7,12,16,50,0,13,119.1,50.256,8.5
2024,7,12,17,0,0,13.1,118.5,50,8.3
2024,7,12,17,10,0,14,118.5,50.082,8.4
2024,7,12,17,20,0,16.7,117.5,102.204,8.9
2024,7,12,17,30,0,14.8,117.3,127.964,8.7
2024,7,12,17,40,0,14.4,116.6,52.528,8.7
2024,7,12,17,50,0,14.1,116.8,50.608,8.5
2024,7,12,18,0,0,14.5,116.9,60.266,8.4
2024,7,12,18,10,0,15.6,116.5,114.238,8.3
2024,7,12,18,20,0,16.6,116.1,133,8.3
2024,7,12,18,30,0,16.5,115.5,173.942,8.3
2024,7,12,18,40,0,16.9,114.7,275.434,8
2024,7,12,18,50,0,17.6,113.9,383.974,8.1
2024,7,12,19,0,0,19,113.1,498.052,8.2
2024,7,12,19,10,0,20.1,112.3,520.846,8.3
2024,7,12,19,20,0,21.6,111.3,512.178,9.1
2024,7,12,19,30,0,22.4,110.5,508.546,9.4
2024,7,12,19,40,0,23.6,109.3,512.362,9.6
2024,7,12,19,50,0,23.6,108.8,498.792,9.6
2024,7,12,20,0,0,23.9,108.5,507.928,9.8
2024,7,12,20,10,0,24,107.6,545.164,9.4
2024,7,12,20,20,0,25,107.1,582.94,9.6
2024,7,12,20,30,0,25.8,106.5,625.854,9.7
2024,7,12,20,40,0,26,106.2,641.548,9.7
2024,7,12,20,50,0,27.4,104.5,620.568,10.1
2024,7,12,21,0,0,28.6,103.5,648.34,10.5
2024,7,12,21,10,0,28.1,103.5,666.4,11
2024,7,12,21,20,0,28,103.5,698.9,10.8
2024,7,12,21,30,0,28.5,103.3,745.002,10.7
2024,7,12,21,40,0,29,102.9,760.82,10.4
2024,7,12,21,50,0,29.6,102.5,763.126,10.8
2024,7,12,22,0,0,30.7,102.3,806.336,10.8
2024,7,12,22,10,0,31.9,101.7,841.112,11.4
2024,7,12,22,20,0,30.9,101.5,832.61,11.1
2024,7,12,22,30,0,29.9,101.5,819.202,11.5
2024,7,12,22,40,0,29.2,101.5,794.13,11.4
2024,7,12,22,50,0,28,101.5,752.322,11.5
2024,7,12,23,0,0,28,101.4,741.944,11.4
2024,7,12,23,10,0,28,101.1,720.828,11.2
2024,7,12,23,20,0,28,100.5,744.528,10.9
2024,7,12,23,30,0,27.3,100.5,698.596,11.1
2024,7,12,23,40,0,27.25,100.25,690.238,11.1
2024,7,12,23,50,0,27,100.5,661.794,11.2
2024,7,13,0,0,0,27.6,99.7,671.592,11.1
2024,7,13,0,10,0,29.5,99.5,720.502,11.5
2024,7,13,0,20,0,30,98.9,784.944,11.3
2024,7,13,0,30,0,30,98.5,800.316,11.2
2024,7,13,0,40,0,30.2,98.2,811.392,11.1
2024,7,13,0,50,0,30,98.4,815.154,11
2024,7,13,1,0,0,30.4,98,796.372,11.1
2024,7,13,1,10,0,30.3,97.5,817.1,10.7
2024,7,13,1,20,0,30.7,97.4,793.148,11.1
2024,7,13,1,30,0,32.1,96.8,782.078,12
2024,7,13,1,40,0,32.6,96.4,769.302,12.5
2024,7,13,1,50,0,32.6,96.5,752.454,12.4
2024,7,13,2,0,0,32.9,96.5,771.556,12.5
2024,7,13,2,10,0,33,96.1,769.544,12.9
2024,7,13,2,20,0,33.6,95.8,754.728,12.9
2024,7,13,2,30,0,34.625,95.5,767.8,13.3
2024,7,13,2,40,0,34.2,95.3,765.362,12.8
2024,7,13,2,50,0,34.7,95.4,787.264,12.8
2024,7,13,3,0,0,34.9,94.9,768.474,13.8
2024,7,13,3,10,0,34.5,94.5,756.818,13.4
2024,7,13,3,20,0,34.8,94.5,769.956,13.6
2024,7,13,3,30,0,33.2,95.2,738.86,12.3
2024,7,13,3,40,0,32,95.5,701.1,11.6
2024,7,13,3,50,0,32.9,95.3,707.624,12.3
2024,7,13,4,0,0,31.7,94.5,716.454,11.5
2024,7,13,4,10,0,29.4,94.5,681.996,9.8
2024,7,13,4,20,0,29.1,94.5,638.354,10.4
2024,7,13,4,30,0,25.7,95.5,581.826,9.7
2024,7,13,4,40,0,27.375,95.625,570.168,10.5
2024,7,13,4,50,0,28.333,95.5,573.978,9.9
2024,7,13,5,0,0,27.6,95.5,607.524,9.5
2024,7,13,5,10,0,27.875,95.5,605.012,9.6
2024,7,13,5,20,0,27.3,95.7,622.724,9.2
2024,7,13,5,30,0,27.3,95.7,608.216,8.9
2024,7,13,5,40,0,25,95.5,575.012,8.2
2024,7,13,5,50,0,24.2,95.6,528.896,8.4
2024,7,13,6,0,0,24.1,96,534.214,7.9
2024,7,13,6,10,0,24.5,96.2,561.142,8
2024,7,13,6,20,0,24.6,96,583.55,7.9
2024,7,13,6,30,0,24,96.2,572.71,7.9
2024,7,13,6,40,0,24.1,96.5,604.424,7.6
2024,7,13,6,50,0,25.7,95.3,574.792,7.9
2024,7,13,7,0,0,26.4,96.3,614.844,8.3
2024,7,13,7,10,0,26.1,95.9,614.966,8.2
2024,7,13,7,20,0,25.7,96.3,576.756,8.5
2024,7,13,7,30,0,25.8,95.7,559.814,9.5
2024,7,13,7,40,0,25.9,96.2,574.47,9.5
2024,7,13,7,50,0,26.1,96.6,624.614,9.9
2024,7,13,8,0,0,26.3,97.3,642.792,11.2
2024,7,13,8,10,0,27,97.4,636.694,11
2024,7,13,8,20,0,26.2,97.3,606.544,10.6
2024,7,13,8,30,0,25.3,98.4,591.972,11
2024,7,13,8,40,0,24.8,98.8,550.87,11.2
2024,7,13,8,50,0,25.7,98.7,516.624,11.3
2024,7,13,9,0,0,27,99.1,532.48,11.3
2024,7,13,9,10,0,24.9,100,516.374,10
2024,7,13,9,20,0,23.2,101.1,498.194,9.9
2024,7,13,9,30,0,21.8,101.8,436.596,10
2024,7,13,9,40,0,22,102.7,419.83,10.1
2024,7,13,9,50,0,22,103.3,391.142,10.4
2024,7,13,10,0,0,22.1,103.5,382.304,10.1
2024,7,13,10,10,0,20.2,103.5,336.666,10
2024,7,13,10,20,0,20.3,103.5,257.54,10.1
2024,7,13,10,30,0,21.1,104.3,212.906,9.6
2024,7,13,10,40,0,19.5,105.25,175,9.4
2024,7,13,10,50,0,18.1,105.7,198.344,8.8
2024,7,13,11,0,0,17.9,106.7,165.986,8.5
2024,7,13,11,10,0,17.2,108.3,184.722,8.6
2024,7,13,11,20,0,16.3,108.5,149.238,8.2
2024,7,13,11,30,0,17.1,108.6,153.386,8.4
2024,7,13,11,40,0,16.4,108.5,170.472,8.3
2024,7,13,11,50,0,17.7,108.7,184.074,8.4
2024,7,13,12,0,0,17.3,110.2,185.35,8.8
2024,7,13,12,10,0,15.8,111.1,112.842,8.9
2024,7,13,12,20,0,13.9,111.4,50,8.5
2024,7,13,12,30,0,14.7,112.2,50,8
2024,7,13,12,40,0,14.8,111.9,50,7.9
2024,7,13,12,50,0,13.6,112.5,51.41,7.5
2024,7,13,13,0,0,13.1,113.1,51.928,7.8
2024,7,13,13,10,0,13.7,112.7,50.188,8.5
2024,7,13,13,20,0,12.2,113.3,50.008,8.2
2024,7,13,13,30,0,13.5,113.6,51.408,8.5
2024,7,13,13,40,0,14,113.3,54.146,9.6
2024,7,13,13,50,0,14,114.3,104.76,9.5
2024,7,13,14,0,0,12.7,115.5,173.072,9.3
2024,7,13,14,10,0,11.8,116.7,188.376,9.1
2024,7,13,14,20,0,11.5,117.5,204.484,9
2024,7,13,14,30,0,11.4,117.7,281.514,8.4
2024,7,13,14,40,0,11.6,118.5,314.796,8.5
2024,7,13,14,50,0,11,118.5,343.446,8.4
2024,7,13,15,0,0,9.4,119.6,376.006,7.4
2024,7,13,15,10,0,9.9,120.3,382.316,7.7
2024,7,13,15,20,0,9.2,121,380.188,7.6
2024,7,13,15,30,0,10,121.2,360.022,7.8
2024,7,13,15,40,0,10.2,121.4,359.394,8.2
2024,7,13,15,50,0,10.9,122.1,378.014,8
2024,7,13,16,0,0,11,122.5,392.6,8.1
2024,7,13,16,10,0,10.9,122,379.018,8.4
2024,7,13,16,20,0,11.6,121.5,377.632,8.7
2024,7,13,16,30,0,11.4,121.5,375.684,8.3
2024,7,13,16,40,0,12,121.4,390.202,8.2
2024,7,13,16,50,0,11.3,121.5,381.078,8.1
2024,7,13,17,0,0,11.4,121,396.92,8.2
2024,7,13,17,10,0,12.9,120.4,400.964,8.5
2024,7,13,17,20,0,12.8,120.2,396.768,8.4
2024,7,13,17,30,0,12,119.5,398.322,8.7
2024,7,13,17,40,0,13.2,119.5,398.256,9
2024,7,13,17,50,0,13.9,119.5,403.012,8.9
2024,7,13,18,0,0,13.9,118.9,401.236,9.3
2024,7,13,18,10,0,14.6,118.5,399.812,9.1
2024,7,13,18,20,0,15.2,117.5,422.79,9
2024,7,13,18,30,0,13.8,116.6,437.108,8.4
2024,7,13,18,40,0,15,116.3,426.394,8.7
2024,7,13,18,50,0,17,116.1,438.028,8.8
2024,7,13,19,0,0,18.8,115.1,445.468,9.3
2024,7,13,19,10,0,19.4,114.1,441.626,9.4
2024,7,13,19,20,0,21.5,112.5,442.198,9.7
2024,7,13,19,30,0,21.2,111.7,489.448,9.5
2024,7,13,19,40,0,21,109.9,492.392,9.2
2024,7,13,19,50,0,22,108.7,501.464,9.2
2024,7,13,20,0,0,22.7,107.5,522.196,9
2024,7,13,20,10,0,22.7,106.7,517.726,9.2
2024,7,13,20,20,0,23,105.5,503.004,9.4
2024,7,13,20,30,0,23.2,105.3,500.77,9
2024,7,13,20,40,0,24.3,104.4,517.948,9.2
2024,7,13,20,50,0,25,103.5,550.196,9.4
2024,7,13,21,0,0,26.1,103.5,555.416,9.6
2024,7,13,21,10,0,27.6,102.5,544.654,9.9
2024,7,13,21,20,0,28.125,102.125,532.215,9.5
2024,7,13,21,30,0,28,101.5,542.91,9.1
2024,7,13,21,40,0,28.4,101.1,618.506,9.3
2024,7,13,21,50,0,28.3,100.5,640.682,8.5
2024,7,13,22,0,0,27.4,99.5,667.278,7.8
2024,7,13,22,10,0,26.8,99.5,687.822,7.6
2024,7,13,22,20,0,25.8,99.2,689.67,6.8
2024,7,13,22,30,0,25.5,99,691.324,6.3
2024,7,13,22,40,0,25.9,98.2,682.378,6.2
2024,7,13,22,50,0,26,98.3,688.494,6.1
2024,7,13,23,0,0,27.2,97.5,692.01,6.4
2024,7,13,23,10,0,28.1,97.1,704.616,6.5
2024,7,13,23,20,0,29.2,96.4,699.136,6.5
2024,7,13,23,30,0,30,95.5,714.502,7
2024,7,13,23,40,0,30.4,95,718.67,6.8
2024,7,13,23,50,0,31.1,94.7,728.456,6.7
2024,7,14,0,0,0,32,94.5,736.694,6.6
2024,7,14,0,10,0,32,94.3,742.11,6.7
2024,7,14,0,20,0,31.8,94.4,741.166,6.9
2024,7,14,0,30,0,32.75,93.625,755.055,6.8
2024,7,14,0,40,0,32.5,93.5,753.058,6.7
2024,7,14,0,50,0,33,93.4,750.28,6.8
2024,7,14,1,0,0,32.8,92.7,751.166,6.9
2024,7,14,1,10,0,33.6,92.5,752.516,7
2024,7,14,1,20,0,34,92.5,758.214,7.1
2024,7,14,1,30,0,34,92.5,750.142,7.2
2024,7,14,1,40,0,33.3,92.5,745.844,7.2
2024,7,14,1,50,0,33.9,92.5,751.578,7.1
2024,7,14,2,0,0,33.7,92.5,753.556,7.3
2024,7,14,2,10,0,34.1,92.4,751.322,7.3
2024,7,14,2,20,0,35.8,91.5,766.976,8.1
2024,7,14,2,30,0,35.3,91.5,772.436,8.1
2024,7,14,2,40,0,35,91.5,764.5,7.6
2024,7,14,2,50,0,35.8,91,757.496,7.6
2024,7,14,3,0,0,35.1,91.3,755.48,7.2
2024,7,14,3,10,0,35,90.9,749.166,7.4
2024,7,14,3,20,0,34.5,91.3,748.7,7.5
2024,7,14,3,30,0,34,91.4,734.992,7.1
2024,7,14,3,40,0,34,90.8,715.506,6.9
2024,7,14,3,50,0,33,91.4,713.642,6.8
2024,7,14,4,0,0,33,90.9,710.046,6.8
2024,7,14,4,10,0,33.3,90.8,705.302,6.8
2024,7,14,4,20,0,33.5,90.2,699.992,6.6
2024,7,14,4,30,0,34,90.5,697.1,6.4
2024,7,14,4,40,0,36.2,89.3,695.732,6.7
2024,7,14,4,50,0,33.8,89.7,672.644,6.1
2024,7,14,5,0,0,41.1,89.5,707.728,11.4
2024,7,14,5,10,0,42,88.6,735.996,8.9
2024,7,14,5,20,0,40.9,87.9,713.278,7.3
2024,7,14,5,30,0,43.7,87.5,733.932,7.2
2024,7,14,5,40,0,44.6,87.5,747.828,7.6
2024,7,14,5,50,0,44.9,87.2,745.878,7.6
2024,7,14,6,0,0,44.4,86.8,742.732,7.6
2024,7,14,6,10,0,44.1,86.5,743.154,7.2
2024,7,14,6,20,0,43.1,86.7,730.34,7.2
2024,7,14,6,30,0,44.3,86.9,736.292,7.3
2024,7,14,6,40,0,43.7,86.9,733.982,7.5
2024,7,14,6,50,0,42.5,87.5,719.15,7.7
2024,7,14,7,0,0,42.4,87.5,719.9,7.6
2024,7,14,7,10,0,39,88.4,685.948,6.8
2024,7,14,7,20,0,37,89,666.086,6.4
2024,7,14,7,30,0,35.6,89.5,651.652,5.8
2024,7,14,7,40,0,33.1,90.3,629.106,5.2
2024,7,14,7,50,0,32.6,91.1,629.94,4.9
2024,7,14,8,0,0,31.5,92.3,614.768,5
2024,7,14,8,10,0,31.2,93.1,611.668,5.5
2024,7,14,8,20,0,30.6,94.1,600.68,5.2
2024,7,14,8,30,0,29,95.1,592.064,5.5
2024,7,14,8,40,0,28.2,95.9,569.91,5.5
2024,7,14,8,50,0,28.2,96.7,556.116,5.2
2024,7,14,9,0,0,27.3,97.6,551.742,5
2024,7,14,9,10,0,26.1,98.6,526.244,4.8
2024,7,14,9,20,0,25.3,99.3,511.598,5
2024,7,14,9,30,0,24.3,100.1,485.786,4.8
2024,7,14,9,40,0,24,100.7,468.55,5
2024,7,14,9,50,0,22.6,101.5,440.706,4.9
2024,7,14,10,0,0,22.5,102.3,418.934,4.9
2024,7,14,10,10,0,22.8,102.7,410.552,5.2
2024,7,14,10,20,0,23,103.3,396.686,5.5
2024,7,14,10,30,0,22.6,103.7,366.596,5.2
2024,7,14,10,40,0,21.8,104.3,338.244,5.3
2024,7,14,10,50,0,21.7,104.9,324.2,5.2
2024,7,14,11,0,0,20.8,105.6,308.166,5.3
2024,7,14,11,10,0,20,106.5,290.68,5.5
2024,7,14,11,20,0,19.9,107.1,263.412,5.4
2024,7,14,11,30,0,19.5,107.5,242.462,5.6
2024,7,14,11,40,0,19.3,107.5,219.324,5.7
2024,7,14,11,50,0,19,108.5,206.686,6
2024,7,14,12,0,0,18.4,109.3,185.68,5.9
2024,7,14,12,10,0,18.1,109.9,139.97,6.4
2024,7,14,12,20,0,17.8,110.9,133.482,6.4
2024,7,14,12,30,0,17.2,111.9,136.776,6.5
2024,7,14,12,40,0,17,112.5,101.04,6.5
2024,7,14,12,50,0,17.2,112.6,94.234,6.8
2024,7,14,13,0,0,16.9,113.5,79.478,6.4
2024,7,14,13,10,0,16.7,113.7,81.678,6.4
2024,7,14,13,20,0,16.8,113.7,92.768,6.6
2024,7,14,13,30,0,16.8,113.5,81.618,6.9
2024,7,14,13,40,0,17,112.7,67.32,6.9
2024,7,14,13,50,0,16.8,112.7,66.382,7.1
2024,7,14,14,0,0,15.8,113.7,58.788,7.2
2024,7,14,14,10,0,16.1,114.5,52.278,7.1
2024,7,14,14,20,0,16,115.3,52.262,7
2024,7,14,14,30,0,15.9,116,57.942,7.3
2024,7,14,14,40,0,14.2,116.5,76.842,8.1
2024,7,14,14,50,0,14.2,117.3,68.092,8.4
2024,7,14,15,0,0,15,117.6,70.006,8
2024,7,14,15,10,0,14,117.5,56.728,8.5
2024,7,14,15,20,0,14.5,118.1,57.698,8.1
2024,7,14,15,30,0,15,118.5,71.608,7.9
2024,7,14,15,40,0,14.4,118.9,94.2,7.8
2024,7,14,15,50,0,14.2,119.3,105.098,8.1
2024,7,14,16,0,0,14,119.3,111.226,7.9
2024,7,14,16,10,0,13.6,119.5,111.126,7.7
2024,7,14,16,20,0,13.3,119.5,121.548,7
2024,7,14,16,30,0,13.7,119.5,107.61,7.2
2024,7,14,16,40,0,13,119.5,96.218,7.3
2024,7,14,16,50,0,13,119.3,95.046,7.2
2024,7,14,17,0,0,13.1,118.6,101.422,7.1
2024,7,14,17,10,0,13.7,118.6,102.718,8.1
2024,7,14,17,20,0,13.9,118.3,85.364,7.1
2024,7,14,17,30,0,13.9,117.7,88.402,7.1
2024,7,14,17,40,0,13.7,117.4,66.116,7.6
2024,7,14,17,50,0,14.2,116.7,52.344,8
2024,7,14,18,0,0,14.4,116.5,52.12,7.6
2024,7,14,18,10,0,14,116.1,59.756,8
2024,7,14,18,20,0,14.3,115.5,82.562,8.8
2024,7,14,18,30,0,15.4,114.7,59.588,9.7
2024,7,14,18,40,0,16.4,113.7,55.706,9.9
2024,7,14,18,50,0,18,113.5,110.226,9.9
2024,7,14,19,0,0,19,112.5,189.33,9.9
2024,7,14,19,10,0,19.1,111.7,202.46,10.3
2024,7,14,19,20,0,20.3,110.9,239.41,11
2024,7,14,19,30,0,20.8,109.9,276.076,10.4
2024,7,14,19,40,0,21.5,108.9,293.402,10.3
2024,7,14,19,50,0,23,108.5,298.694,10.1
2024,7,14,20,0,0,24,107.5,320.538,9.8
2024,7,14,20,10,0,25.4,106.6,338.344,9.5
2024,7,14,20,20,0,26,105.8,320.246,9
2024,7,14,20,30,0,27,104.5,328.446,8.6
2024,7,14,20,40,0,27.4,104.1,329.29,8.4
2024,7,14,20,50,0,28,102.9,289.65,7.7
2024,7,14,21,0,0,28,102.5,286.328,7.3
2024,7,14,21,10,0,28.2,101.8,262.366,7.4
2024,7,14,21,20,0,28.8,101.4,266.304,7.5
2024,7,14,21,30,0,29.7,100.5,282.54,7.3
2024,7,14,21,40,0,29.8,100.3,265.006,6.9
2024,7,14,21,50,0,30,99.5,259.642,6.9
2024,7,14,22,0,0,30.1,99.5,261.506,6.9
2024,7,14,22,10,0,30.4,99,280.072,6.7
2024,7,14,22,20,0,30.5,98.5,290.064,6.5
2024,7,14,22,30,0,30.2,98.5,307.996,6.1
2024,7,14,22,40,0,30.1,98.5,321.34,5.8
2024,7,14,22,50,0,31,98,345.79,6
2024,7,14,23,0,0,31.3,97.8,386.236,6.5
2024,7,14,23,10,0,32,97.3,420.4,6.7
2024,7,14,23,20,0,32,96.7,456.368,6.5
2024,7,14,23,30,0,31.6,96.3,471.878,6.4
2024,7,14,23,40,0,31.7,95.5,470.012,6
2024,7,14,23,50,0,31,95.5,467.2,5.8
2024,7,15,0,0,0,31.4,94.9,467.424,5.7
2024,7,15,0,10,0,31.8,94.5,460.378,5.8
2024,7,15,0,20,0,31.9,94.5,472.368,6.1
2024,7,15,0,30,0,32.3,93.6,494.366,6.6
2024,7,15,0,40,0,32,93.6,502.144,6.2
2024,7,15,0,50,0,32,93.5,522.044,6.3
2024,7,15,1,0,0,32.1,93.1,534.57,6.1
2024,7,15,1,10,0,32.2,92.9,537.244,5.9
2024,7,15,1,20,0,32,92.5,544.524,5.5
2024,7,15,1,30,0,32.3,92.3,544.058,5.7
2024,7,15,1,40,0,32.9,91.6,542.352,5.9
2024,7,15,1,50,0,33.2,91.6,542.612,5.6
2024,7,15,2,0,0,34,91,550.856,5.4
2024,7,15,2,10,0,34,90.7,552.326,5.7
2024,7,15,2,20,0,34,90.5,557.03,5.7
2024,7,15,2,30,0,34,90.5,564.572,5.9
2024,7,15,2,40,0,34.1,90.3,567.37,5.9
2024,7,15,2,50,0,35,89.5,569.896,5.9
2024,7,15,3,0,0,35.6,89.5,582.424,6.5
2024,7,15,3,10,0,36,89.3,596.138,6.6
2024,7,15,3,20,0,36,88.7,591.87,6.4
2024,7,15,3,30,0,36,88.5,581.46,6.5
2024,7,15,3,40,0,36,88.3,575.368,6.3
2024,7,15,3,50,0,36.3,87.5,572.214,6.4
2024,7,15,4,0,0,36,87.5,564.13,6.3
2024,7,15,4,10,0,36.8,86.8,558.528,6.4
2024,7,15,4,20,0,37,86.5,556.902,6.4
2024,7,15,4,30,0,37.3,86,556.542,6.6
2024,7,15,4,40,0,37.3,85.8,555.248,6.6
2024,7,15,4,50,0,37.7,85.5,553.126,6.5
2024,7,15,5,0,0,37.2,85.5,552.112,6.2
2024,7,15,5,10,0,37.2,85.4,550.182,6.3
2024,7,15,5,20,0,37,85.5,550.712,6.2
2024,7,15,5,30,0,36.9,84.7,542.232,6.3
2024,7,15,5,40,0,37.2,84.6,538.166,6.1
2024,7,15,5,50,0,37.6,84.5,539.616,6.1
2024,7,15,6,0,0,37.8,84.5,540.048,6.7
2024,7,15,6,10,0,37.3,84.5,539.91,6.7
2024,7,15,6,20,0,37.3,84.5,538.508,6.9
2024,7,15,6,30,0,37.4,84.5,537.808,7.2
2024,7,15,6,40,0,37.4,84.5,528.612,6.8
2024,7,15,6,50,0,37,84.5,545.776,6.8
2024,7,15,7,0,0,36.1,85.5,519.632,6.7
2024,7,15,7,10,0,35.6,85.6,511.348,6.5
2024,7,15,7,20,0,34.7,86.5,499.496,6.6
2024,7,15,7,30,0,33.8,87.1,488.856,6.5
2024,7,15,7,40,0,33,87.8,484.112,6.5
2024,7,15,7,50,0,32,88.5,478.406,6.6
2024,7,15,8,0,0,31.8,88.8,466.114,6.6
2024,7,15,8,10,0,30.8,89.7,451.468,6.7
2024,7,15,8,20,0,29.8,90.9,439.296,6.4
2024,7,15,8,30,0,28.6,91.7,419.752,6.4
2024,7,15,8,40,0,28,93,406.698,6.8
2024,7,15,8,50,0,26.6,93.9,386.072,6.4
2024,7,15,9,0,0,25.8,95.3,370.94,6.9
2024,7,15,9,10,0,25,95.9,358.618,6.5
2024,7,15,9,20,0,24.4,96.5,336.204,6.1
2024,7,15,9,30,0,24.4,97.5,318.316,6.5
2024,7,15,9,40,0,24.8,97.9,308.45,6.7
2024,7,15,9,50,0,24,98.6,289.702,6.1
2024,7,15,10,0,0,24.3,98.7,275.144,5.9
2024,7,15,10,10,0,23.7,99.3,261.626,5.9
2024,7,15,10,20,0,23.1,100.3,253.932,6
2024,7,15,10,30,0,23,101,234.267,5.9
2024,7,15,10,40,0,22.4,101.6,216.64,5.8
2024,7,15,10,50,0,22.3,101.9,194.158,6
2024,7,15,11,0,0,21.6,102.7,184.59,5.6
2024,7,15,11,10,0,21.1,103.5,168.316,5.7
2024,7,15,11,20,0,20.9,104.3,156.426,5.6
2024,7,15,11,30,0,20.7,104.6,140.904,5.6
2024,7,15,11,40,0,20.5,105,137.402,5.6
2024,7,15,11,50,0,20,105.2,116.188,5.5
2024,7,15,12,0,0,20.1,105.2,71.4,5.6
2024,7,15,12,10,0,19.8,105.9,72.158,5.6
2024,7,15,12,20,0,19,106.5,54.736,5.4
2024,7,15,12,30,0,19.3,106.3,50,5.5
2024,7,15,12,40,0,18.1,106.8,50,5.1
2024,7,15,12,50,0,17.2,107.9,58.24,5
2024,7,15,13,0,0,16.7,108.7,68.332,5
2024,7,15,13,10,0,16.7,109.1,56.472,5.1
2024,7,15,13,20,0,15.9,109.8,50.988,5.2
2024,7,15,13,30,0,14.8,110.8,61.256,4.8
2024,7,15,13,40,0,14,111.5,87.056,4.4
2024,7,15,13,50,0,14.2,112,69.886,4.7
2024,7,15,14,0,0,13.6,112.5,56.326,4.4
2024,7,15,14,10,0,13.7,112.5,50.214,4.3
2024,7,15,14,20,0,14,113.5,63.066,4.6
2024,7,15,14,30,0,12.9,113,50.556,4.3
2024,7,15,14,40,0,13.2,113,50.784,4.4
2024,7,15,14,50,0,13.9,113.5,52.562,4.7
2024,7,15,15,0,0,14.2,114.5,81.91,4.8
2024,7,15,15,10,0,13.7,115.1,106.292,4.8
2024,7,15,15,20,0,12.9,115.7,105.326,4.7
2024,7,15,15,30,0,12.4,116.4,147.518,4.6
2024,7,15,15,40,0,12.5,116.6,165.094,4.7
2024,7,15,15,50,0,12.1,116.9,173.61,4.7
2024,7,15,16,0,0,12.4,117.1,164.568,5
2024,7,15,16,10,0,12.4,117.3,168.924,4.9
2024,7,15,16,20,0,12.3,117.3,182.012,5
2024,7,15,16,30,0,12.2,117.3,168.83,5
2024,7,15,16,40,0,12,117.5,174.228,5.2
2024,7,15,16,50,0,12.4,117.1,175.078,4.9
2024,7,15,17,0,0,13,116.5,168.546,5
2024,7,15,17,10,0,13.4,116.5,161.998,5.2
2024,7,15,17,20,0,13.8,116.2,172.96,5.2
2024,7,15,17,30,0,13.7,115.5,167.904,5.4
2024,7,15,17,40,0,13.5,115.2,169.3,5.3
2024,7,15,17,50,0,13.2,114.6,167.982,5.2
2024,7,15,18,0,0,14.4,114.5,150.12,5.2
2024,7,15,18,10,0,15.7,114.3,145.578,5.2
2024,7,15,18,20,0,16,113.5,97.002,5.3
2024,7,15,18,30,0,16.3,112.7,71.21,5.5
2024,7,15,18,40,0,16.9,112.4,79.924,5.5
2024,7,15,18,50,0,17.4,111.5,85.292,5.7
2024,7,15,19,0,0,18.7,111.2,112.73,5.5
2024,7,15,19,10,0,20.4,109.9,145.388,6
2024,7,15,19,20,0,21.2,109.1,185.206,6
2024,7,15,19,30,0,21.6,108,223.824,5.8
2024,7,15,19,40,0,21.3,107.1,223.322,5.7
2024,7,15,19,50,0,22,106.2,231.892,5.6
2024,7,15,20,0,0,22.7,104.9,246.46,5.7
2024,7,15,20,10,0,23.7,104,268.55,5.7
2024,7,15,20,20,0,25.3,102.7,292.526,5.9
2024,7,15,20,30,0,26.5,101.7,327.016,6
2024,7,15,20,40,0,27.3,101.1,309.14,6
2024,7,15,20,50,0,27.8,100.4,293.598,6.2
2024,7,15,21,0,0,27.8,99.5,245.904,6.1
2024,7,15,21,10,0,27.1,99.5,180.87,6.2
2024,7,15,21,20,0,27,99.5,146.376,6
2024,7,15,21,30,0,27,98.7,143.464,6
2024,7,15,21,40,0,27,98.5,149.268,6
2024,7,15,21,50,0,27.125,98.375,168.145,5.9
2024,7,15,22,0,0,28,97.5,182.315,6.2
2024,7,15,22,10,0,28.6,97.5,184.904,6.4
2024,7,15,22,20,0,29,96.6,193.874,6.2
2024,7,15,22,30,0,29.25,96.5,193.063,6.3
2024,7,15,22,40,0,30,95.75,198.873,6.3
2024,7,15,22,50,0,30.6,95,248.762,6.5
2024,7,15,23,0,0,31.4,94.5,270.52,6.3
2024,7,15,23,10,0,32,94.5,314.368,6.1
2024,7,15,23,20,0,32,94.4,348.834,6
2024,7,15,23,30,0,32,93.5,385.376,6.1
2024,7,15,23,40,0,32.7,92.7,418.006,5.7
2024,7,15,23,50,0,33,92.5,444.204,5.8
2024,7,16,0,0,0,33.2,91.5,464.374,5.6
2024,7,16,0,10,0,33.4,91.5,482.27,5.3
2024,7,16,0,20,0,34,91,501.284,5.4
2024,7,16,0,30,0,33,91.5,514.58,5
2024,7,16,0,40,0,33.3,91,523.468,5.1
2024,7,16,0,50,0,34.3,90,532.454,5.2
2024,7,16,1,0,0,35.4,89.1,542.124,5.4
2024,7,16,1,10,0,36,88.5,554.998,5.5
2024,7,16,1,20,0,36,88.5,567.964,5.6
2024,7,16,1,30,0,36.4,87.8,572.018,5.4
2024,7,16,1,40,0,37,87.5,569.48,5.3
2024,7,16,1,50,0,36.8,87.5,575.056,4.8
2024,7,16,2,0,0,36.8,87.5,589.042,5.2
2024,7,16,2,10,0,36.9,86.9,599.75,5.3
2024,7,16,2,20,0,37.9,86.2,598.532,5.1
2024,7,16,2,30,0,38.3,85.5,595.758,5.1
2024,7,16,2,40,0,38.6,85.5,598.97,5
2024,7,16,2,50,0,38.7,85.5,601.614,5.2
2024,7,16,3,0,0,38.9,85.1,601.918,5.3
2024,7,16,3,10,0,38.6,84.9,606.886,5.3
2024,7,16,3,20,0,39.1,84.4,604.982,5.4
2024,7,16,3,30,0,39.1,84,599.796,5.3
2024,7,16,3,40,0,38.4,84.3,597.132,5.1
2024,7,16,3,50,0,38.2,83.8,591.578,4.9
2024,7,16,4,0,0,38.8,83.5,591.072,4.9
2024,7,16,4,10,0,38.9,83.5,596.638,4.8
2024,7,16,4,20,0,39,82.9,598.636,4.8
2024,7,16,4,30,0,39,82.5,594.626,4.8
2024,7,16,4,40,0,38.9,82.6,593.456,4.7
2024,7,16,4,50,0,39,82.8,598.774,5.1
2024,7,16,5,0,0,39,82.5,599.274,5.4
2024,7,16,5,10,0,39.1,82.3,596.804,5.4
2024,7,16,5,20,0,40,81.5,593.824,5.5
2024,7,16,5,30,0,39.9,81.5,604.47,5.2
2024,7,16,5,40,0,40,80.9,586.618,5.4
2024,7,16,5,50,0,40.1,80.5,580.54,5.4
2024,7,16,6,0,0,40,80.5,579.1,4.9
2024,7,16,6,10,0,39.6,80.5,584.71,4.8
2024,7,16,6,20,0,39.8,80.5,581.56,4.8
2024,7,16,6,30,0,39.6,80.5,577.826,4.7
2024,7,16,6,40,0,39.1,80.9,571.784,5
2024,7,16,6,50,0,38.7,81.5,571.09,4.9
2024,7,16,7,0,0,38.2,81.7,566.22,5.2
2024,7,16,7,10,0,37.9,82.5,562.854,5.5
2024,7,16,7,20,0,37,82.6,552.818,5.7
2024,7,16,7,30,0,36.4,83.5,547.122,5.8
2024,7,16,7,40,0,35.4,84.2,539.812,5.7
2024,7,16,7,50,0,34.2,85.1,526.864,5.6
2024,7,16,8,0,0,33.4,85.6,509.084,5.7
2024,7,16,8,10,0,32.3,86.3,494.932,5.5
2024,7,16,8,20,0,31.9,87.3,487.666,5.6
2024,7,16,8,30,0,31.6,87.8,480.012,5.5
2024,7,16,8,40,0,30.7,88.5,466.266,5.2
2024,7,16,8,50,0,30.2,89.5,457.372,5
2024,7,16,9,0,0,29.2,90.3,440.844,4.8
2024,7,16,9,10,0,28.8,91,424.994,4.9
2024,7,16,9,20,0,28.1,91.5,409.488,4.4
2024,7,16,9,30,0,27.4,92.5,398.6,4.4
2024,7,16,9,40,0,26.8,93.5,385.532,4.2
2024,7,16,9,50,0,26.4,94.5,375.606,4.1
2024,7,16,10,0,0,25.9,95.5,364.906,4.2
2024,7,16,10,10,0,25.4,96.1,350.09,4.3
2024,7,16,10,20,0,25,96.5,326.764,4.2
2024,7,16,10,30,0,24.3,97.3,312.024,4
2024,7,16,10,40,0,23.8,98.2,293.908,3.8
2024,7,16,10,50,0,23.9,98.8,287.55,4
2024,7,16,11,0,0,23.4,99.5,273.998,4
2024,7,16,11,10,0,23.1,99.9,255.358,3.8
2024,7,16,11,20,0,22.2,101.1,235.8,3.6
2024,7,16,11,30,0,21.8,101.7,218.282,3.7
2024,7,16,11,40,0,21.5,102.5,201.356,3.8
2024,7,16,11,50,0,21.7,103.5,188.756,3.8
2024,7,16,12,0,0,21.6,103.3,164.484,4
2024,7,16,12,10,0,21.3,104.5,152.994,4
2024,7,16,12,20,0,21.1,104.7,123.256,3.9
2024,7,16,12,30,0,20.3,105.5,110.826,4
2024,7,16,12,40,0,20.4,105.7,75.858,4
2024,7,16,12,50,0,20.1,106.3,61.964,4
2024,7,16,13,0,0,20,106.6,51.426,4.1
2024,7,16,13,10,0,20,107,51.58,3.9
2024,7,16,13,20,0,20,107.4,51.678,4.1
2024,7,16,13,30,0,19.9,107.7,50.57,4.3
2024,7,16,13,40,0,19.2,109,67.898,4.1
2024,7,16,13,50,0,18.6,109.9,80.178,4.3
2024,7,16,14,0,0,18.7,110.3,63.926,4.2
2024,7,16,14,10,0,17.9,110.9,60.222,4.2
2024,7,16,14,20,0,17.6,111.9,51.668,4.2
2024,7,16,14,30,0,17.75,112.5,57.963,4
2024,7,16,14,40,0,18,113.25,50.42,4.3
2024,7,16,14,50,0,17.7,113.4,50.356,4.5
2024,7,16,15,0,0,17.1,113.5,51.542,4.4
2024,7,16,15,10,0,16.7,113.5,52.332,4.5
2024,7,16,15,20,0,16.6,113.1,51.696,4.8
2024,7,16,15,30,0,16.6,113.3,56.54,4.8
2024,7,16,15,40,0,16.1,114.1,71.622,4.7
2024,7,16,15,50,0,15.75,114.25,78.353,5.1
2024,7,16,16,0,0,15.8,114.5,61.176,5.3
2024,7,16,16,10,0,15.8,115.1,59.018,5.1
2024,7,16,16,20,0,16,115.2,66.21,4.9
2024,7,16,16,30,0,16,114.7,56.116,4.8
2024,7,16,16,40,0,16,114.8,58.896,4.7
2024,7,16,16,50,0,16,114.5,55.742,4.8
2024,7,16,17,0,0,16.2,114.4,55.012,4.9
2024,7,16,17,10,0,16.2,114.3,59.234,4.8
2024,7,16,17,20,0,16.4,114.4,59.26,4.7
2024,7,16,17,30,0,16.7,114.5,65.622,4.7
2024,7,16,17,40,0,17,113.7,59.83,4.7
2024,7,16,17,50,0,16.9,113.3,52.06,4.8
2024,7,16,18,0,0,16.8,112.9,51.246,4.6
2024,7,16,18,10,0,16.8,112.5,54.872,4.6
2024,7,16,18,20,0,17.4,112.3,61.816,4.6
2024,7,16,18,30,0,18.6,111.5,53.1,4.7
2024,7,16,18,40,0,18.3,111,51.884,4.7
2024,7,16,18,50,0,20.6,110.3,82.456,5
2024,7,16,19,0,0,21.3,109.3,150.34,5
2024,7,16,19,10,0,22.3,108.3,216.422,5
2024,7,16,19,20,0,23.6,107.1,241.644,4.9
2024,7,16,19,30,0,25.3,106.1,234.172,5
2024,7,16,19,40,0,26,104.7,234.474,4.7
2024,7,16,19,50,0,26,104.1,207.344,4.8
2024,7,16,20,0,0,26,102.6,161.026,4.7
2024,7,16,20,10,0,26.6,101.5,117.72,4.8
2024,7,16,20,20,0,27.6,100.5,110.922,4.6
2024,7,16,20,30,0,27.8,99.5,97.61,4.5
2024,7,16,20,40,0,27,99.4,57.778,4.3
2024,7,16,20,50,0,27.6,98.7,53.65,4.5
2024,7,16,21,0,0,28.7,97.7,58.952,4.6
2024,7,16,21,10,0,29,97.3,76.848,4.6
2024,7,16,21,20,0,29,96.5,85.542,4.7
2024,7,16,21,30,0,28.7,96.5,93.924,4.2
2024,7,16,21,40,0,28.8,96.1,118.97,4.2
2024,7,16,21,50,0,29,95.5,154.534,4.1
2024,7,16,22,0,0,30.2,94.9,207.652,4.1
2024,7,16,22,10,0,31,93.8,259.976,3.9
2024,7,16,22,20,0,31.875,93.375,302.575,3.9
2024,7,16,22,30,0,32.25,93.25,359.81,3.8
2024,7,16,22,40,0,32,93,387.932,3.6
2024,7,16,22,50,0,32.6,92,472.772,3.7
2024,7,16,23,0,0,33,91.25,524.04,3.7
2024,7,16,23,10,0,32.125,90.75,525.993,3.3
2024,7,16,23,20,0,32,90.5,607.902,3.1
2024,7,16,23,30,0,32,90.5,630.174,3.2
2024,7,16,23,40,0,32,89.5,638.998,3.2
2024,7,16,23,50,0,32,88.7,652.302,3
2024,7,17,0,0,0,32,88.5,664.61,3
2024,7,17,0,10,0,32,88.5,672.972,3
2024,7,17,0,20,0,31.8,87.6,673.074,2.7
2024,7,17,0,30,0,32.3,86.7,673.738,2.9
2024,7,17,0,40,0,33,86.5,680.424,2.8
2024,7,17,0,50,0,32.9,85.9,684.092,2.8
2024,7,17,1,0,0,33,85.5,682.318,2.9
2024,7,17,1,10,0,32.9,85.5,685.008,2.6
2024,7,17,1,20,0,33.1,85.1,687.768,2.7
2024,7,17,1,30,0,34,84.4,690.804,2.7
2024,7,17,1,40,0,34.2,83.5,696.826,2.6
2024,7,17,1,50,0,34.9,83.5,698.29,2.7
2024,7,17,2,0,0,34.8,83.1,699.466,2.7
2024,7,17,2,10,0,35,82.5,699.322,2.6
2024,7,17,2,20,0,36,82.2,699.44,2.5
2024,7,17,2,30,0,36,81.7,700.38,2.6
2024,7,17,2,40,0,36.1,81.6,703.122,2.7
2024,7,17,2,50,0,36.2,81.5,703.308,2.7
2024,7,17,3,0,0,37,80.5,703.358,2.8
2024,7,17,3,10,0,37,80.5,703.998,2.9
2024,7,17,3,20,0,37.8,80,701.522,2.8
2024,7,17,3,30,0,37.9,79.8,703.386,2.9
2024,7,17,3,40,0,38,79.5,702.26,3
2024,7,17,3,50,0,38.9,79,697.148,3.2
2024,7,17,4,0,0,39,78.5,694.658,3.3
2024,7,17,4,10,0,39,78.5,691.42,3.6
2024,7,17,4,20,0,39,78.5,686.114,3.8
2024,7,17,4,30,0,39,77.9,682.45,3.8
2024,7,17,4,40,0,39,77.5,688.216,4
2024,7,17,4,50,0,39,77.5,687.428,4.3
2024,7,17,5,0,0,39,77.5,686.894,4.4
2024,7,17,5,10,0,39.1,77.5,685.138,4.3
2024,7,17,5,20,0,39.1,77.5,679.042,4
2024,7,17,5,30,0,39.8,77.3,674.194,4
2024,7,17,5,40,0,39.8,77.3,674.08,3.9
2024,7,17,5,50,0,39.9,76.9,671.036,4.1
2024,7,17,6,0,0,40.1,76.5,673.542,4.4
2024,7,17,6,10,0,40.4,76.5,669.434,4.4
2024,7,17,6,20,0,40.4,76.5,667.536,4.5
2024,7,17,6,30,0,40,76.5,663.246,4.6
2024,7,17,6,40,0,39.6,77.3,652.872,4.6
2024,7,17,6,50,0,39,77.5,644.17,4.6
2024,7,17,7,0,0,38.6,77.6,645.534,4.6
2024,7,17,7,10,0,38,78.5,641.938,4.7
2024,7,17,7,20,0,37.3,78.5,631.058,4.7
2024,7,17,7,30,0,37,79.5,617.55,4.7
2024,7,17,7,40,0,36.2,79.9,609.49,4.8
2024,7,17,7,50,0,35.6,80.6,604.286,5.7
2024,7,17,8,0,0,35.7,81.5,593.83,5.5
2024,7,17,8,10,0,36,82.3,589.118,5
2024,7,17,8,20,0,34.8,82.6,569.074,4.5
2024,7,17,8,30,0,33.2,83.4,550.976,4.3
2024,7,17,8,40,0,31.8,84.5,538.024,4.3
2024,7,17,8,50,0,30.1,85.5,516.792,4.1
2024,7,17,9,0,0,29.7,85.7,490.568,4.1
2024,7,17,9,10,0,29.5,86.7,482.608,4
2024,7,17,9,20,0,29.25,87.5,484.127,3.5
2024,7,17,9,30,0,28.3,88.7,525.246,3.6
2024,7,17,9,40,0,27.4,89.5,505.728,3.4
2024,7,17,9,50,0,26.3,90.4,485.338,3.6
2024,7,17,10,0,0,26,91,478.862,3.3
2024,7,17,10,10,0,25.1,91.9,461.722,3.2
2024,7,17,10,20,0,24.4,93.1,458.106,3.2
2024,7,17,10,30,0,23.6,93.6,440.972,3.3
2024,7,17,10,40,0,22.6,94.5,416.422,3
2024,7,17,10,50,0,22.4,95.3,402.3,2.8
2024,7,17,11,0,0,21.6,96,384.212,2.9
2024,7,17,11,10,0,21,96.7,360.806,2.8
2024,7,17,11,20,0,20.5,97.5,334.464,2.6
2024,7,17,11,30,0,19.4,98.5,315.392,2.6
2024,7,17,11,40,0,18.8,99.3,293.674,2.6
2024,7,17,11,50,0,18.6,99.7,280.176,2.6
2024,7,17,12,0,0,18.1,100.7,259.304,2.4
2024,7,17,12,10,0,18.1,101.5,252.62,2.5
2024,7,17,12,20,0,17.6,102.1,240.318,2.5
2024,7,17,12,30,0,17.1,102.9,225.25,2.3
2024,7,17,12,40,0,16.4,103.3,207.424,2.2
2024,7,17,12,50,0,16.3,103.9,188.956,2.2
2024,7,17,13,0,0,15.2,104.8,168.406,2.1
2024,7,17,13,10,0,14.7,105.3,160.09,2.1
2024,7,17,13,20,0,13.6,105.9,131.284,2.2
2024,7,17,13,30,0,14.5,106.5,118.616,2.3
2024,7,17,13,40,0,14.3,107.5,121.3,2.3
2024,7,17,13,50,0,14.1,107.7,116.148,2.4
2024,7,17,14,0,0,13.7,108.5,94.966,2.5
2024,7,17,14,10,0,13.6,108.7,89.316,2.4
2024,7,17,14,20,0,13.4,109,72.084,2.3
2024,7,17,14,30,0,13.5,109.5,70.126,2.4
2024,7,17,14,40,0,12.9,110.1,80.184,2.4
2024,7,17,14,50,0,12.9,110.3,63.784,2.2
2024,7,17,15,0,0,13.2,110.5,62.864,2.5
2024,7,17,15,10,0,13.3,110.6,56.046,2.5
2024,7,17,15,20,0,13.1,111,52.142,2.7
2024,7,17,15,30,0,12.6,111.5,59.64,2.5
2024,7,17,15,40,0,12.4,112,65.88,2.5
2024,7,17,15,50,0,12.3,112.5,75.754,2.5
2024,7,17,16,0,0,12.1,112.1,64.86,2.6
2024,7,17,16,10,0,12.2,112.1,54.5,2.5
2024,7,17,16,20,0,11.6,112.3,61.592,2.5
2024,7,17,16,30,0,11.5,111.7,51.664,2.4
2024,7,17,16,40,0,11.9,111.5,50.738,2.6
2024,7,17,16,50,0,11.6,111.5,54.392,2.5
2024,7,17,17,0,0,12.1,111.2,59.436,2.5
2024,7,17,17,10,0,12.625,111.25,54.153,2.5
2024,7,17,17,20,0,12.7,111.3,52.434,2.5
2024,7,17,17,30,0,13,110.5,50.592,2.6
2024,7,17,17,40,0,13.75,109.875,50.343,2.7
2024,7,17,17,50,0,14.4,109.7,50,2.7
2024,7,17,18,0,0,14.6,109.5,55.93,2.7
2024,7,17,18,10,0,14.5,108.5,69.018,2.8
2024,7,17,18,20,0,14.8,108.3,147.028,2.8
2024,7,17,18,30,0,15.5,107.5,100.532,3
2024,7,17,18,40,0,15.7,106.9,77.12,3.3
2024,7,17,18,50,0,16.5,106.3,58.438,3.8
2024,7,17,19,0,0,17.3,105.4,51.946,4.6
2024,7,17,19,10,0,17.5,104.5,62.395,4.8
2024,7,17,19,20,0,18.2,103.5,50.063,5.1
2024,7,17,19,30,0,19,102.1,50.272,5
2024,7,17,19,40,0,20.2,101.3,67.878,5.1
2024,7,17,19,50,0,21.5,100.1,93.48,5.3
2024,7,17,20,0,0,23.1,99,140.854,5.4
2024,7,17,20,10,0,23.9,98.2,185.04,4.9
2024,7,17,20,20,0,24.6,97.5,209.222,4.1
2024,7,17,20,30,0,24.9,97.3,265.926,3.7
2024,7,17,20,40,0,24.4,96.7,308.71,3.4
2024,7,17,20,50,0,24.5,95.5,349.23,3.2
2024,7,17,21,0,0,24.3,94.9,349.732,3
2024,7,17,21,10,0,24.4,94.3,357.864,2.8
2024,7,17,21,20,0,24.5,93.5,372.76,3
2024,7,17,21,30,0,23.6,93.5,357.554,2.8
2024,7,17,21,40,0,24.2,92.5,351.546,3
2024,7,17,21,50,0,24.5,92.4,366.002,3
2024,7,17,22,0,0,24.4,92.2,371.03,3.3
2024,7,17,22,10,0,25.3,91.3,390.522,3.2
2024,7,17,22,20,0,25.5,90.5,425.656,3.2
2024,7,17,22,30,0,25.8,90.2,435.458,3
2024,7,17,22,40,0,25.8,90.5,438.264,3.1
2024,7,17,22,50,0,26.4,89.9,450.062,3.1
2024,7,17,23,0,0,27.4,88.8,472.798,3.3
2024,7,17,23,10,0,28.2,88.5,496.32,3.3
2024,7,17,23,20,0,28.2,88.4,501.314,3.2
2024,7,17,23,30,0,28.9,88.1,495.886,3.3
2024,7,17,23,40,0,30,87.5,508.466,3.3
2024,7,17,23,50,0,30.1,87.2,539.758,3.2
2024,7,18,0,0,0,30.5,86.5,562.086,3.4
2024,7,18,0,10,0,30.9,86.5,567.496,3.5
2024,7,18,0,20,0,31,86.5,582.232,3.7
2024,7,18,0,30,0,30.9,86.5,600.904,3.6
2024,7,18,0,40,0,31.7,85.5,609.466,3.7
2024,7,18,0,50,0,31.7,85.5,612.99,4
2024,7,18,1,0,0,31.8,85.5,612.832,4.1
2024,7,18,1,10,0,32.375,85.25,615.923,4.2
2024,7,18,1,20,0,33.2,84.5,629.342,4.5
2024,7,18,1,30,0,33.8,84.2,633.562,4.6
2024,7,18,1,40,0,34.9,83.5,647.464,5
2024,7,18,1,50,0,35,83.4,645.854,5
2024,7,18,2,0,0,35,83.4,643.848,5
2024,7,18,2,10,0,34.9,83.5,652.27,5.2
2024,7,18,2,20,0,34.7,83.4,649.868,5.3
2024,7,18,2,30,0,35,82.6,650.824,5.5
2024,7,18,2,40,0,35.2,82.6,654.342,5.2
2024,7,18,2,50,0,35.9,82.5,658.438,5.3
2024,7,18,3,0,0,36.2,82.5,654.376,5.1
2024,7,18,3,10,0,37,81.8,673.65,5.4
2024,7,18,3,20,0,37.1,81.6,682.958,5.7
2024,7,18,3,30,0,37,81.5,695.018,6
2024,7,18,3,40,0,37.3,81.5,703.892,6
2024,7,18,3,50,0,37,81.6,701.818,6.1
2024,7,18,4,0,0,37.2,81.5,715.784,6
2024,7,18,4,10,0,37,81.5,707.572,6.5
2024,7,18,4,20,0,37.6,81.5,721.772,6.2
2024,7,18,4,30,0,38.3,81.1,734.1,6.3
2024,7,18,4,40,0,39,80.5,731.816,6.2
2024,7,18,4,50,0,39,80.5,731.684,6
2024,7,18,5,0,0,38.1,80.9,727.53,5.9
2024,7,18,5,10,0,38,81.5,718.062,5.8
2024,7,18,5,20,0,38,81.5,712.164,6
2024,7,18,5,30,0,38,81.5,714.864,6.1
2024,7,18,5,40,0,38,81.5,710.844,6.4
2024,7,18,5,50,0,38,81.4,705.802,6.4
2024,7,18,6,0,0,38,81.1,713.526,6.2
2024,7,18,6,10,0,38.1,81,709.792,6.2
2024,7,18,6,20,0,38,81.5,707.046,6.8
2024,7,18,6,30,0,38,81.5,703.546,6.9
2024,7,18,6,40,0,38.9,81.5,696.608,7.2
2024,7,18,6,50,0,38.5,81.5,703.378,7.2
2024,7,18,7,0,0,38.3,82.1,689.336,6.8
2024,7,18,7,10,0,37.2,82.6,661.908,6.8
2024,7,18,7,20,0,36.3,83.5,647.04,6.8
2024,7,18,7,30,0,35.9,84.5,651.382,7
2024,7,18,7,40,0,35.2,84.5,644.39,7.5
2024,7,18,7,50,0,35.3,84.8,642.028,6.9
2024,7,18,8,0,0,35.4,85.1,631.438,6.7
2024,7,18,8,10,0,35.2,85.7,627.728,6.6
2024,7,18,8,20,0,34,86.5,611.88,6.6
2024,7,18,8,30,0,32.1,87.9,597.146,6.2
2024,7,18,8,40,0,30.9,88.8,577.328,6.1
2024,7,18,8,50,0,30,89.7,558.034,5.5
2024,7,18,9,0,0,29.5,90.7,538.162,4.9
2024,7,18,9,10,0,28.2,92.4,523.856,4.1
2024,7,18,9,20,0,27.1,93.9,515.654,4
2024,7,18,9,30,0,26.2,94.5,493.526,4.1
2024,7,18,9,40,0,25.8,95.4,477.254,4.1
2024,7,18,9,50,0,25,96.2,454.84,4.2
2024,7,18,10,0,0,24.6,96,437.172,4.2
2024,7,18,10,10,0,24,96.3,416.878,4.2
2024,7,18,10,20,0,23.2,96.7,394.662,4.1
2024,7,18,10,30,0,23.3,96.6,378.25,4.2
2024,7,18,10,40,0,23.1,97,350.908,4.1
2024,7,18,10,50,0,22.7,98.2,349.158,3.9
2024,7,18,11,0,0,22.1,99.3,330.874,3.9
2024,7,18,11,10,0,21.6,100.3,300.512,3.8
2024,7,18,11,20,0,21.3,100.6,274.462,3.7
2024,7,18,11,30,0,19.9,101.3,234.816,3.4
2024,7,18,11,40,0,19.2,102.3,222.604,3.4
2024,7,18,11,50,0,18,103.1,211.786,2.9
2024,7,18,12,0,0,17.2,103.9,222.554,2.9
2024,7,18,12,10,0,16.7,105.1,213.79,2.8
2024,7,18,12,20,0,16.2,105.5,205.16,2.6
2024,7,18,12,30,0,16,105.2,139.726,2.7
2024,7,18,12,40,0,16,105.8,113.218,2.9
2024,7,18,12,50,0,16,106.3,101.8,3
2024,7,18,13,0,0,15.7,106.9,61.388,3.1
2024,7,18,13,10,0,15.7,107.1,50,3.1
2024,7,18,13,20,0,15.5,107.75,50.1,3.1
2024,7,18,13,30,0,15.5,108.1,51.404,3.3
2024,7,18,13,40,0,15.6,109.5,72.488,3
2024,7,18,13,50,0,15,110.5,106.595,3.1
2024,7,18,14,0,0,14.375,111.125,123.385,3.2
2024,7,18,14,10,0,13.7,111.5,102.608,3
2024,7,18,14,20,0,13,112.5,93.042,2.9
2024,7,18,14,30,0,12.4,112.3,69.578,2.8
2024,7,18,14,40,0,12.3,113.1,69.72,2.6
2024,7,18,14,50,0,12.9,113.5,62.264,2.7
2024,7,18,15,0,0,14,113.5,51.96,3
2024,7,18,15,10,0,13.9,114.1,64.174,3
2024,7,18,15,20,0,13.4,114.5,66.768,3
2024,7,18,15,30,0,12.2,114.5,78.92,2.9
2024,7,18,15,40,0,11.1,114.5,106.644,2.5
2024,7,18,15,50,0,12,114.5,109.206,2.8
2024,7,18,16,0,0,12.5,115.2,96.71,3.2
2024,7,18,16,10,0,12.7,114.9,79.384,3.5
2024,7,18,16,20,0,12.3,114.6,62.928,3.4
2024,7,18,16,30,0,12.4,114.5,55.796,3
2024,7,18,16,40,0,12.4,114.7,52.146,2.9
2024,7,18,16,50,0,12.9,114.5,50.85,3.1
2024,7,18,17,0,0,12.9,114.4,54.932,2.7
2024,7,18,17,10,0,13.4,114,53.438,3
2024,7,18,17,20,0,13.4,113.5,56.596,3.5
2024,7,18,17,30,0,13.6,113.5,77.246,3
2024,7,18,17,40,0,13.8,113.5,76.92,2.9
2024,7,18,17,50,0,14.3,112.5,53.334,3.4
2024,7,18,18,0,0,15,112.1,50,3.2
2024,7,18,18,10,0,15.6,111.2,50,3.2
2024,7,18,18,20,0,16.5,110.7,52.812,3.3
2024,7,18,18,30,0,16.7,110.5,71.972,3.2
2024,7,18,18,40,0,17.2,109.7,115.88,3.1
2024,7,18,18,50,0,18.1,108.9,153.458,3
2024,7,18,19,0,0,18.6,108.2,162.522,3
2024,7,18,19,10,0,19.1,107.1,187.706,3
2024,7,18,19,20,0,19.8,106.3,242.824,3.1
2024,7,18,19,30,0,20.9,105.2,303.516,3
2024,7,18,19,40,0,21.8,104.3,362.058,3.3
2024,7,18,19,50,0,22.8,103.5,433.448,3.8
2024,7,18,20,0,0,23.6,102.5,484.194,3.7
2024,7,18,20,10,0,24.5,101.5,536.572,3.7
2024,7,18,20,20,0,25.3,100.5,581.43,3.6
2024,7,18,20,30,0,26,99.7,626.676,3.4
2024,7,18,20,40,0,26.8,99,659.818,3.3
2024,7,18,20,50,0,26.7,98.5,652.824,3.4
2024,7,18,21,0,0,27.6,97.9,691.634,3.5
2024,7,18,21,10,0,27.6,96.9,694.16,3.5
2024,7,18,21,20,0,27.1,96.5,666.116,3.2
2024,7,18,21,30,0,27,96.5,644.016,3.2
2024,7,18,21,40,0,27.4,95.5,628.242,3.3
2024,7,18,21,50,0,27.5,95.5,637.086,3.5
2024,7,18,22,0,0,28.7,94.7,671.87,3.6
2024,7,18,22,10,0,29,94.1,686.552,3.6
2024,7,18,22,20,0,30,93.5,678.55,3.8
2024,7,18,22,30,0,29.1,93.5,688.858,3.6
2024,7,18,22,40,0,29.7,93.5,665.38,3.7
2024,7,18,22,50,0,30.1,93,669.49,3.8
2024,7,18,23,0,0,30.9,92.5,719.6,4
2024,7,18,23,10,0,30.1,92.5,730.678,4
2024,7,18,23,20,0,30,92.3,701.046,4
2024,7,18,23,30,0,30.3,92,651.364,4.2
2024,7,18,23,40,0,30.5,91.5,645.956,4.2
2024,7,18,23,50,0,31,91.2,637.41,4.6
2024,7,19,0,0,0,31,90.9,616.802,4.7
2024,7,19,0,10,0,31.8,90.5,627.834,5
2024,7,19,0,20,0,32,90.4,636.254,5.1
2024,7,19,0,30,0,32.3,90.5,675.578,4.9
2024,7,19,0,40,0,33,89.5,705.834,5
2024,7,19,0,50,0,33,89.6,720.402,5.3
2024,7,19,1,0,0,33.7,89.3,706.162,5.6
2024,7,19,1,10,0,34,88.5,712.16,5.5
2024,7,19,1,20,0,34,89,722.35,5.8
2024,7,19,1,30,0,34,88.5,715.108,5.2
2024,7,19,1,40,0,33.8,87.9,704.394,5.1
2024,7,19,1,50,0,33.2,88.1,695.372,4.9
2024,7,19,2,0,0,33.2,87.5,694.96,5
2024,7,19,2,10,0,33,87.5,691.99,4.9
2024,7,19,2,20,0,32.1,87.2,688.176,4.7
2024,7,19,2,30,0,31.9,86.8,686.988,4.8
2024,7,19,2,40,0,32.3,86.5,687.486,4.8
2024,7,19,2,50,0,32.3,86.5,697.044,4.7
2024,7,19,3,0,0,32,86.5,703.402,4.9
2024,7,19,3,10,0,32,86.5,707.414,4.4
2024,7,19,3,20,0,32.8,86.1,726.266,4.5
2024,7,19,3,30,0,32.9,85.7,736.782,4.9
2024,7,19,3,40,0,34,85.5,718.872,5
2024,7,19,3,50,0,33.5,85.6,700.684,5
2024,7,19,4,0,0,34.4,84.5,721.726,5
2024,7,19,4,10,0,35,84.5,726.918,5.3
2024,7,19,4,20,0,34.8,84,726.902,5.4
2024,7,19,4,30,0,33.9,84.1,704.18,5.2
2024,7,19,4,40,0,34.6,83.5,704.388,5.2
2024,7,19,4,50,0,34,83.5,698.062,5.2
2024,7,19,5,0,0,34,83.5,702.708,5.4
2024,7,19,5,10,0,34.5,83.5,698.318,5.6
2024,7,19,5,20,0,35.2,82.7,697.82,5.6
2024,7,19,5,30,0,35,82.5,694.998,5.3
2024,7,19,5,40,0,35,82.4,687.074,5.5
2024,7,19,5,50,0,35.2,81.5,678.162,5.7
2024,7,19,6,0,0,35.4,82,681.246,5.9
2024,7,19,6,10,0,36,81.5,684.646,5.8
2024,7,19,6,20,0,36.9,81.5,687.47,5.8
2024,7,19,6,30,0,35.9,81.9,679.736,5.7
2024,7,19,6,40,0,35.6,82.5,675.3,5.4
2024,7,19,6,50,0,34.4,83.3,663.692,5.9
2024,7,19,7,0,0,33.2,84.1,648.428,6.2
2024,7,19,7,10,0,31.7,84.5,631.478,6.2
2024,7,19,7,20,0,30.7,85.5,604.366,5.8
2024,7,19,7,30,0,30,86.2,588.824,5.8
2024,7,19,7,40,0,29.9,87.5,596.43,6
2024,7,19,7,50,0,30.3,88.4,596.896,6.2
2024,7,19,8,0,0,29.5,88.9,588.816,6.4
2024,7,19,8,10,0,29,89.5,560.818,7.2
2024,7,19,8,20,0,28.1,90.5,540.082,6.9
2024,7,19,8,30,0,27.7,91.1,525.326,7
2024,7,19,8,40,0,27.2,92.1,518.682,6.4
2024,7,19,8,50,0,26.7,92.9,517.772,6.5
2024,7,19,9,0,0,25.9,93.6,499.908,5.7
2024,7,19,9,10,0,25.9,94.5,479.794,5.8
2024,7,19,9,20,0,25.7,95.6,482.516,5.7
2024,7,19,9,30,0,25,96.5,463.182,5.5
2024,7,19,9,40,0,24.9,97.3,439.82,5.4
2024,7,19,9,50,0,24.7,98.3,430.83,5.4
2024,7,19,10,0,0,24,99.3,399.754,5.1
2024,7,19,10,10,0,23.2,100.7,383.4,5
2024,7,19,10,20,0,21.5,101.8,355.412,4.7
2024,7,19,10,30,0,19.8,102.7,326.154,4.6
2024,7,19,10,40,0,20.1,103.5,305.822,4.5
2024,7,19,10,50,0,20,104.1,277.698,4.7
2024,7,19,11,0,0,19.9,104.5,261.882,4.6
2024,7,19,11,10,0,18.8,105.3,237.968,4.2
2024,7,19,11,20,0,17.6,106.3,233.91,3.7
2024,7,19,11,30,0,16.8,107.5,238.524,3.4
2024,7,19,11,40,0,16.6,108.5,227.522,3.3
2024,7,19,11,50,0,15.9,109.3,225.966,3.2
2024,7,19,12,0,0,15.5,109.9,226.004,3.4
2024,7,19,12,10,0,14.9,110.7,220.452,3.5
2024,7,19,12,20,0,14.8,111.3,191.606,3.4
2024,7,19,12,30,0,14.7,111.5,182.92,2.9
2024,7,19,12,40,0,14.9,112.3,180.818,2.9
2024,7,19,12,50,0,14.6,112.6,174.816,2.9
2024,7,19,13,0,0,13.3,112.5,167.824,2.6
2024,7,19,13,10,0,13,113.2,180.734,2.6
2024,7,19,13,20,0,12.7,113.5,185.912,2.5
2024,7,19,13,30,0,13.2,114.1,202.476,2.8
2024,7,19,13,40,0,13.9,113.3,153.014,3.1
2024,7,19,13,50,0,12.5,113.7,135.57,2.7
2024,7,19,14,0,0,12.8,113.7,131.268,2.8
2024,7,19,14,10,0,13.2,114.6,125.956,2.9
2024,7,19,14,20,0,12.7,115.5,144.814,2.8
2024,7,19,14,30,0,12.2,115.9,147.456,3
2024,7,19,14,40,0,11.3,116.3,155.57,2.9
2024,7,19,14,50,0,11.5,116.5,158.974,2.8
2024,7,19,15,0,0,11.9,117.4,168.568,3
2024,7,19,15,10,0,12,117.5,164.21,3
2024,7,19,15,20,0,12,117.5,133.506,3.1
2024,7,19,15,30,0,12.1,117.5,110.702,3.1
2024,7,19,15,40,0,12.1,117.6,93.992,3.1
2024,7,19,15,50,0,11.9,117.5,84.172,3.3
2024,7,19,16,0,0,12,117.5,89.022,3.2
2024,7,19,16,10,0,11.8,117.5,87.386,3.3
2024,7,19,16,20,0,11.3,117.5,79.5,3.5
2024,7,19,16,30,0,11,117.5,79.092,3.4
2024,7,19,16,40,0,11.9,117.5,94.5,3.6
2024,7,19,16,50,0,12.8,116.9,90.092,3.5
2024,7,19,17,0,0,13,116.8,72.908,3.8
2024,7,19,17,10,0,13,116.5,56.918,3.6
2024,7,19,17,20,0,13.6,116.5,51.18,3.5
2024,7,19,17,30,0,14.1,115.7,50.122,3.6
2024,7,19,17,40,0,14.7,115.1,50,3.8
2024,7,19,17,50,0,15,114.6,50.85,3.7
2024,7,19,18,0,0,15.6,114.3,54.778,4
2024,7,19,18,10,0,16.4,113.5,51.442,4.2
2024,7,19,18,20,0,17.2,113.1,50.226,4.2
2024,7,19,18,30,0,18.2,112.5,52.318,4.3
2024,7,19,18,40,0,19.3,111.7,52.412,4.4
2024,7,19,18,50,0,19.3,111.1,84.776,4.8
2024,7,19,19,0,0,19,110.3,110.906,5.2
2024,7,19,19,10,0,19,109.5,143.562,5.5
2024,7,19,19,20,0,19.4,108.7,183.35,5.8
2024,7,19,19,30,0,20,107.9,220.444,6.1
2024,7,19,19,40,0,20.9,106.9,271.28,6.2
2024,7,19,19,50,0,21.7,106.1,319.542,6.2
2024,7,19,20,0,0,23.1,104.8,361.298,6.5
2024,7,19,20,10,0,24.6,104,394.052,6.5
2024,7,19,20,20,0,25.4,103.2,470.49,6.6
2024,7,19,20,30,0,26,102.5,518.64,6.7
2024,7,19,20,40,0,26.5,102.1,495.368,7.3
2024,7,19,20,50,0,27,101.5,468.026,7.8
2024,7,19,21,0,0,27.4,100.9,497.13,8.4
2024,7,19,21,10,0,28.2,100.3,533.324,8.5
2024,7,19,21,20,0,29,99.5,569.666,9
2024,7,19,21,30,0,28.3,99.5,572.582,9.7
2024,7,19,21,40,0,28.1,98.9,601.21,10
2024,7,19,21,50,0,28,99.2,567.442,10.8
2024,7,19,22,0,0,28,98.6,547.492,11.3
2024,7,19,22,10,0,28,98.5,558.948,12
2024,7,19,22,20,0,29,97.6,583.53,12.4
2024,7,19,22,30,0,29,97.5,602.742,12.7
2024,7,19,22,40,0,29.2,97.5,640.874,12.8
2024,7,19,22,50,0,29.2,97.4,639.996,13.5
2024,7,19,23,0,0,30,96.5,643.39,13.8
2024,7,19,23,10,0,30.5,96.5,642.942,13.6
2024,7,19,23,20,0,31,95.9,649.174,14.1
2024,7,19,23,30,0,31.4,95.5,665.632,15.1
2024,7,19,23,40,0,31,95.1,673.768,15.9
2024,7,19,23,50,0,31.4,94.4,662.412,16.5
2024,7,20,0,0,0,31.2,94,662.348,17.4
2024,7,20,0,10,0,31,93.5,664.754,17.7
2024,7,20,0,20,0,31,93.5,659.378,18.4
2024,7,20,0,30,0,31,93.2,661.6,18.4
2024,7,20,0,40,0,30.8,93.3,668.408,18.4
2024,7,20,0,50,0,29.4,93,655.044,17.7
2024,7,20,1,0,0,28.7,93.1,654.458,17.4
2024,7,20,1,10,0,28,93.1,640.606,16.7
2024,7,20,1,20,0,28.9,92.5,649.6,16.6
2024,7,20,1,30,0,28.1,92.5,638.946,16.5
2024,7,20,1,40,0,27.2,91.9,628.59,15.3
2024,7,20,1,50,0,26.6,91.8,624.186,14.3
2024,7,20,2,0,0,25.4,92.1,618.398,12.7
2024,7,20,2,10,0,24.7,91.7,610.706,11.8
2024,7,20,2,20,0,24.8,91.5,611.622,11.2
2024,7,20,2,30,0,24.7,91.5,614.264,11.3
2024,7,20,2,40,0,25.3,90.7,618.942,10.9
2024,7,20,2,50,0,24.6,91.1,619.324,9.8
2024,7,20,3,0,0,25.5,90.5,613.586,9.8
2024,7,20,3,10,0,26,90.2,620.448,9.8
2024,7,20,3,20,0,26.2,90.1,616.288,10.6
2024,7,20,3,30,0,26.5,89.5,610.81,10.4
2024,7,20,3,40,0,26.2,89.6,613.262,10.7
2024,7,20,3,50,0,27.4,89.5,616.644,11.5
2024,7,20,4,0,0,28.5,89.4,617.786,11.6
2024,7,20,4,10,0,27.9,89.5,616.804,11.4
2024,7,20,4,20,0,27.9,89.1,608.128,10.9
2024,7,20,4,30,0,28.9,88.5,629.99,10.1
2024,7,20,4,40,0,27.8,89.2,620.714,10.4
2024,7,20,4,50,0,28,88.5,609.096,10.2
2024,7,20,5,0,0,28.9,88.3,626.414,10.1
2024,7,20,5,10,0,30.1,87.5,643.672,10.5
2024,7,20,5,20,0,30.6,87.5,655.748,12
2024,7,20,5,30,0,31.6,87.5,655.632,13.4
2024,7,20,5,40,0,32.5,87.3,650.58,13.8
2024,7,20,5,50,0,32.5,87.1,640.794,15.7
2024,7,20,6,0,0,32.3,87,634.242,15.8
2024,7,20,6,10,0,33,86.5,639.97,15.8
2024,7,20,6,20,0,33.3,86.5,637.658,15.8
2024,7,20,6,30,0,33.1,86.6,632.094,15.9
2024,7,20,6,40,0,33.3,86.5,630.758,15.8
2024,7,20,6,50,0,32.1,87.4,622.252,15.6
2024,7,20,7,0,0,30.7,88.5,612.044,14.8
2024,7,20,7,10,0,29.9,89.2,610.248,14.5
2024,7,20,7,20,0,28.9,90.3,596.234,14.6
2024,7,20,7,30,0,29.2,91.1,591.552,14.6
2024,7,20,7,40,0,26.7,92,566.166,13.5
2024,7,20,7,50,0,24.7,92.9,516.974,11.7
2024,7,20,8,0,0,24.5,93.9,504.384,11.4
2024,7,20,8,10,0,23.7,94.7,490.818,10.6
2024,7,20,8,20,0,21.9,95.9,471.492,9.3
2024,7,20,8,30,0,21.9,97.1,464.676,9.7
2024,7,20,8,40,0,20.9,97.8,447.848,9.9
2024,7,20,8,50,0,22.1,99,428.426,10.4
2024,7,20,9,0,0,22.7,99.8,424.464,10.9
2024,7,20,9,10,0,22.6,100.1,397.706,11
2024,7,20,9,20,0,21.6,100.6,371.89,10.2
2024,7,20,9,30,0,21.6,101.5,345.97,10.3
2024,7,20,9,40,0,20.6,102.1,327.212,10
2024,7,20,9,50,0,19.4,102.7,270.572,9.8
2024,7,20,10,0,0,18.9,102.8,229.49,10
2024,7,20,10,10,0,18.3,103.2,177.514,9.9
2024,7,20,10,20,0,18.2,103.8,139.08,10.3
2024,7,20,10,30,0,17.4,104.7,107.478,9.7
2024,7,20,10,40,0,15.4,105.2,78.032,7.7
2024,7,20,10,50,0,14.7,105.8,57.312,7.1
2024,7,20,11,0,0,15.7,106.8,50.048,7.9
2024,7,20,11,10,0,16.1,107.2,50.048,8.2
2024,7,20,11,20,0,15.9,107.9,50.008,8.3
2024,7,20,11,30,0,15.4,108.7,58.938,7.4
2024,7,20,11,40,0,13.5,109.3,83.216,5.7
2024,7,20,11,50,0,13.4,109.5,111.334,5.8
2024,7,20,12,0,0,12.4,109.7,121.556,5.8
2024,7,20,12,10,0,11.2,110.5,157.684,5
2024,7,20,12,20,0,9.5,111.1,204.952,4.3
2024,7,20,12,30,0,9.1,111.5,241.014,4
2024,7,20,12,40,0,8.7,111.5,246.7,3.9
2024,7,20,12,50,0,9.5,112.7,269.074,4
2024,7,20,13,0,0,9.3,113.8,308.632,4
2024,7,20,13,10,0,8.5,114.5,257.14,3.9
2024,7,20,13,20,0,8.8,115.1,346.776,3.8
2024,7,20,13,30,0,9.3,116.4,382.524,3.9
2024,7,20,13,40,0,8.6,117.3,405.63,4
2024,7,20,13,50,0,7.9,117.7,422.84,3.8
2024,7,20,14,0,0,8.5,118.2,406.084,4.1
2024,7,20,14,10,0,8.6,118.7,428.258,4.2
2024,7,20,14,20,0,8.1,118.7,423.248,4.3
2024,7,20,14,30,0,8.5,119.3,402.766,4.3
2024,7,20,14,40,0,9,119.5,401.626,4.4
2024,7,20,14,50,0,9,119.6,391.678,4.6
2024,7,20,15,0,0,9.4,119.7,370.598,4.8
2024,7,20,15,10,0,9.7,120.5,345.394,5.1
2024,7,20,15,20,0,10,120.5,327.014,5.1
2024,7,20,15,30,0,10,120.5,303.532,5.3
2024,7,20,15,40,0,10.1,121.1,285.312,5.5
2024,7,20,15,50,0,10,121.5,279.93,5.9
2024,7,20,16,0,0,9.3,121.5,286.392,6.1
2024,7,20,16,10,0,8.9,121.5,280.134,5.9
2024,7,20,16,20,0,8.9,121.5,294.044,6
2024,7,20,16,30,0,9.1,121.5,276.824,6.4
2024,7,20,16,40,0,9.4,121.5,267.324,6.8
2024,7,20,16,50,0,9.2,121.4,245.356,7.4
2024,7,20,17,0,0,9.5,120.3,214.378,7.7
2024,7,20,17,10,0,10.2,119.5,186.814,6.9
2024,7,20,17,20,0,10.6,119.5,201.396,7.1
2024,7,20,17,30,0,10.9,119.3,195.712,7.2
2024,7,20,17,40,0,11.1,118.6,176.314,7.2
2024,7,20,17,50,0,11.3,118.5,147.614,6.8
2024,7,20,18,0,0,11.6,118.2,141.502,7.1
2024,7,20,18,10,0,11.9,117.5,143.424,6.6
2024,7,20,18,20,0,12.5,116.5,126.852,6.6
2024,7,20,18,30,0,12.6,116.5,116.844,6.8
2024,7,20,18,40,0,13.3,115.9,100.238,6.7
2024,7,20,18,50,0,15.7,115.1,102.82,6.9
2024,7,20,19,0,0,16.1,114.5,135.364,6.9
2024,7,20,19,10,0,17,112.9,159.87,8.2
2024,7,20,19,20,0,17.6,112.1,188.974,8.7
2024,7,20,19,30,0,18.9,110.9,242.373,9.7
2024,7,20,19,40,0,19.9,109.5,279.426,7.3
2024,7,20,19,50,0,20.8,108.1,304.32,7.8
2024,7,20,20,0,0,21.1,107.5,344.212,7.3
2024,7,20,20,10,0,22.1,106.3,344.322,7.5
2024,7,20,20,20,0,22.9,105.1,343.618,7.4
2024,7,20,20,30,0,23.9,104,342.724,7.9
2024,7,20,20,40,0,24.3,103.3,340.422,7.3
2024,7,20,20,50,0,25.4,102.5,344.92,7.3
2024,7,20,21,0,0,26,101.5,347.912,7.3
2024,7,20,21,10,0,26.8,101,355.496,7.1
2024,7,20,21,20,0,27,100.1,352.86,6.7
2024,7,20,21,30,0,27,99.5,353.718,6.3
2024,7,20,21,40,0,26.1,99.1,339.486,5.5
2024,7,20,21,50,0,25.5,98.5,331.092,5.1
2024,7,20,22,0,0,25.4,98.5,335.648,4.8
2024,7,20,22,10,0,24.9,98.4,341.52,4.8
2024,7,20,22,20,0,24.6,97.5,343.996,4.7
2024,7,20,22,30,0,24.5,97.5,351,4.8
2024,7,20,22,40,0,24.5,97,370.15,4.7
2024,7,20,22,50,0,24.5,97.1,382.84,4.9
2024,7,20,23,0,0,24.6,96.5,392.134,4.7
2024,7,20,23,10,0,25,96.5,397.846,4.9
2024,7,20,23,20,0,25.3,95.6,406.04,5.2
2024,7,20,23,30,0,25.9,94.9,415.764,5.1
2024,7,20,23,40,0,26,95,428.954,4.9
2024,7,20,23,50,0,26.5,94.1,433.018,5
2024,7,21,0,0,0,26.8,94.4,437.662,5.2
2024,7,21,0,10,0,27.2,93.5,446.318,5.2
2024,7,21,0,20,0,27.6,92.9,451.242,5.8
2024,7,21,0,30,0,28,92.6,452.9,6
2024,7,21,0,40,0,28.8,92,459.214,5.9
2024,7,21,0,50,0,29.1,91.5,459.392,6.4
2024,7,21,1,0,0,29.1,91.5,468.464,6.5
2024,7,21,1,10,0,29.4,90.5,468.73,6.7
2024,7,21,1,20,0,28.8,91.2,464.348,6.9
2024,7,21,1,30,0,29,90.5,457.754,6.9
2024,7,21,1,40,0,29.4,90.1,459.46,7.2
2024,7,21,1,50,0,29.2,89.8,464.584,7.2
2024,7,21,2,0,0,29,89.5,465.382,7
2024,7,21,2,10,0,28.9,89.2,456.26,7.2
2024,7,21,2,20,0,28.7,89,454.078,6.9
2024,7,21,2,30,0,29.2,88.5,455.96,6.2
2024,7,21,2,40,0,29,88.5,459.15,6.2
2024,7,21,2,50,0,28.9,88.4,462.28,6
2024,7,21,3,0,0,29,87.7,459.084,6
2024,7,21,3,10,0,29.2,87.5,459.736,6
2024,7,21,3,20,0,28.6,88.3,472.134,6.1
2024,7,21,3,30,0,28,88.5,470.717,6.3
2024,7,21,3,40,0,28.5,88.5,467.675,6.7
2024,7,21,3,50,0,28.7,88.3,466.802,6.2
2024,7,21,4,0,0,28.7,87.8,460.72,6.1
2024,7,21,4,10,0,29,87.7,473.95,6.1
2024,7,21,4,20,0,28.6,87.6,469.3,6
2024,7,21,4,30,0,28.5,87.5,456.478,6.1
2024,7,21,4,40,0,28.9,87.5,452.072,6
2024,7,21,4,50,0,28.3,87.5,442.69,6.3
2024,7,21,5,0,0,29.4,86.7,440.65,6.4
2024,7,21,5,10,0,30,86.5,451.804,6.7
2024,7,21,5,20,0,30.4,86.5,453.666,6.8
2024,7,21,5,30,0,31.1,85.5,453.01,7
2024,7,21,5,40,0,31.4,85.5,459.538,7.2
2024,7,21,5,50,0,31.9,85.5,464.874,7
2024,7,21,6,0,0,31.8,85.5,467.816,6.7
2024,7,21,6,10,0,32.4,85.5,473.05,6.6
2024,7,21,6,20,0,33,85.4,474.456,6.9
2024,7,21,6,30,0,32.75,85.375,472.412,7.1
2024,7,21,6,40,0,32.2,85.7,469.446,7.1
2024,7,21,6,50,0,31.5,86.5,470.41,7.2
2024,7,21,7,0,0,30.9,86.5,456.958,7.2
2024,7,21,7,10,0,30,87.5,445.538,7.4
2024,7,21,7,20,0,30.1,87.8,448.228,7.7
2024,7,21,7,30,0,30.3,88.5,449.68,7.6
2024,7,21,7,40,0,30,89,442.564,7.9
2024,7,21,7,50,0,28.7,89.9,421.81,8.2
2024,7,21,8,0,0,27.7,91.1,407.572,8.1
2024,7,21,8,10,0,26.6,91.7,389.668,8.3
2024,7,21,8,20,0,25.8,92.8,372.586,8
2024,7,21,8,30,0,25.3,93.5,357.41,7.6
2024,7,21,8,40,0,24.5,94.3,340.934,7.1
2024,7,21,8,50,0,23.9,94.9,328.904,7
2024,7,21,9,0,0,23.375,96.125,327.503,6.3
2024,7,21,9,10,0,22.6,96.7,321.542,6.1
2024,7,21,9,20,0,22.3,97.7,311.696,5.9
2024,7,21,9,30,0,21.5,98.5,297.854,6.1
2024,7,21,9,40,0,21.3,99.3,295.318,6.2
2024,7,21,9,50,0,20.9,100.2,283.506,6.4
2024,7,21,10,0,0,20.2,100.9,272.496,6.7
2024,7,21,10,10,0,20,101.8,256.696,6.8
2024,7,21,10,20,0,19.4,102.6,252.484,6.8
2024,7,21,10,30,0,19.3,103.4,235.632,6.9
2024,7,21,10,40,0,18.5,104,222.24,6.8
2024,7,21,10,50,0,17.6,104.5,206.594,7.2
2024,7,21,11,0,0,17.5,105.1,190.59,7.5
2024,7,21,11,10,0,16.9,105.5,175.214,7.3
2024,7,21,11,20,0,16.6,106.5,168.506,7.3
2024,7,21,11,30,0,15.6,106.8,149.29,7.5
2024,7,21,11,40,0,15.5,107.5,144.372,7.4
2024,7,21,11,50,0,14.8,108.5,135.246,6.9
2024,7,21,12,0,0,14.5,108.4,113.916,6.1
2024,7,21,12,10,0,14.2,108.7,91.342,5.8
2024,7,21,12,20,0,13.6,109.5,90.5,5.9
2024,7,21,12,30,0,13,109.8,70.434,6
2024,7,21,12,40,0,12.9,110.3,55.522,6.2
2024,7,21,12,50,0,12.5,111.2,59.946,6.3
2024,7,21,13,0,0,12.6,111.5,63.016,6.3
2024,7,21,13,10,0,12.4,112.3,65.606,6.9
2024,7,21,13,20,0,12.1,113.1,83.408,7.3
2024,7,21,13,30,0,11.5,113.5,94.738,7.6
2024,7,21,13,40,0,11.4,113.5,87.946,7.8
2024,7,21,13,50,0,11.7,113.9,88.85,7.8
2024,7,21,14,0,0,11.7,114.5,92.172,7.8
2024,7,21,14,10,0,12.6,114.5,90.094,8.3
2024,7,21,14,20,0,12.1,115.3,86.436,8
2024,7,21,14,30,0,10.8,115.5,95.67,7.7
2024,7,21,14,40,0,10.6,115.5,90.354,7.5
2024,7,21,14,50,0,11,115.5,69.682,7.6
2024,7,21,15,0,0,10.6,116.3,64.94,7.5
2024,7,21,15,10,0,10.5,116.5,70.798,7.3
2024,7,21,15,20,0,10.4,116.5,67.164,7.1
2024,7,21,15,30,0,10.5,116.5,65.494,6.9
2024,7,21,15,40,0,10.5,116.9,71.108,6.5
2024,7,21,15,50,0,10.2,117.5,67.928,6.3
2024,7,21,16,0,0,10.5,117.3,56.896,6.4
2024,7,21,16,10,0,10.2,117.4,52.862,6.1
2024,7,21,16,20,0,10.8,117.5,63.004,6.1
2024,7,21,16,30,0,11.1,117.1,55.538,6.1
2024,7,21,16,40,0,10.9,116.9,51.156,5.6
2024,7,21,16,50,0,11.1,116.5,50.496,5.4
2024,7,21,17,0,0,11.2,116.4,57.188,5.3
2024,7,21,17,10,0,10.7,115.7,59.554,5.1
2024,7,21,17,20,0,10.8,115.1,53.8,5.2
2024,7,21,17,30,0,11.5,114.9,55.576,5.3
2024,7,21,17,40,0,12.3,114.5,51.442,5.4
2024,7,21,17,50,0,12.6,114.1,52.41,5.6
2024,7,21,18,0,0,12.1,113.5,60.308,5.9
2024,7,21,18,10,0,11.8,113.5,76.55,5.9
2024,7,21,18,20,0,13.3,112.5,110.87,5.8
2024,7,21,18,30,0,14.3,112.4,140.66,5.9
2024,7,21,18,40,0,14.8,111.4,173.144,6.2
2024,7,21,18,50,0,14.5,110.6,176.83,6.5
2024,7,21,19,0,0,14.5,109.9,179.928,6.3
2024,7,21,19,10,0,14.5,108.8,164.496,6.6
2024,7,21,19,20,0,15.4,108.1,154.19,6.6
2024,7,21,19,30,0,16.4,107.1,152.84,7.3
2024,7,21,19,40,0,17.5,106.3,167.216,7.5
2024,7,21,19,50,0,18.5,105.4,187.59,7.4
2024,7,21,20,0,0,20,103.9,190.77,7.6
2024,7,21,20,10,0,21,103.3,216.062,7.7
2024,7,21,20,20,0,22.3,102.2,230.33,8.4
2024,7,21,20,30,0,23.4,101.3,236.768,8.2
2024,7,21,20,40,0,24.1,100.5,212.434,8.4
2024,7,21,20,50,0,24.5,99.9,218.078,8.6
2024,7,21,21,0,0,25.1,99.4,231.372,8.6
2024,7,21,21,10,0,25.9,98.6,260.718,8.6
2024,7,21,21,20,0,26.2,98.5,273.474,9.1
2024,7,21,21,30,0,26.8,97.9,263.678,9
2024,7,21,21,40,0,27,97.5,243.56,9.3
2024,7,21,21,50,0,27.7,97,256.25,9.4
2024,7,21,22,0,0,27.9,96.5,246.782,9.9
2024,7,21,22,10,0,28.6,96.3,256.98,10.4
2024,7,21,22,20,0,29.1,95.7,279.528,10.8
2024,7,21,22,30,0,30,95.1,279.052,11.1
2024,7,21,22,40,0,29.4,95.5,287.658,11.4
2024,7,21,22,50,0,29,95.5,293.176,11.6
2024,7,21,23,0,0,30.25,94.5,285.673,11.8
2024,7,21,23,10,0,31.3,94.3,324.624,12.5
2024,7,21,23,20,0,32,93.5,339.64,13
2024,7,21,23,30,0,32.1,93.7,358.458,13
2024,7,21,23,40,0,33.1,92.7,364.024,13.4
2024,7,21,23,50,0,33.4,92.6,379.008,13.2
2024,7,22,0,0,0,33,92.5,383.186,12.5
2024,7,22,0,10,0,33,92.5,392.826,12.4
2024,7,22,0,20,0,33.6,91.9,410.224,12.3
2024,7,22,0,30,0,34,91.5,438.5,12.2
2024,7,22,0,40,0,33.4,91.4,455.904,12.2
2024,7,22,0,50,0,33.2,90.8,468.422,11.5
2024,7,22,1,0,0,33,90.5,474.172,10.9
2024,7,22,1,10,0,33,90.5,479.418,10.2
2024,7,22,1,20,0,33,90,478.164,10
2024,7,22,1,30,0,33,90.2,476.124,9.7
2024,7,22,1,40,0,33,89.5,484.998,9.5
2024,7,22,1,50,0,34,89.5,498.888,9.6
2024,7,22,2,0,0,34,89,502.524,9.9
2024,7,22,2,10,0,34,88.8,503,9.6
2024,7,22,2,20,0,34.2,88.5,502.64,9.2
2024,7,22,2,30,0,34.8,88.5,504.084,9.1
2024,7,22,2,40,0,35,88.5,511.712,8.7
2024,7,22,2,50,0,35,88,523.778,8.7
2024,7,22,3,0,0,34.9,88.1,524.472,9
2024,7,22,3,10,0,34.9,87.5,529.976,8.6
2024,7,22,3,20,0,35,87.5,524.63,8.4
2024,7,22,3,30,0,35,86.8,527.238,8.3
2024,7,22,3,40,0,34.5,86.5,523.448,8.1
2024,7,22,3,50,0,34,86.6,507.134,8
2024,7,22,4,0,0,34.1,86.5,507.892,7.7
2024,7,22,4,10,0,34.8,86.5,511.238,9
2024,7,22,4,20,0,36,86.3,511.316,9
2024,7,22,4,30,0,36.2,85.7,510.71,8.8
2024,7,22,4,40,0,36.2,85.6,511.61,8.8
2024,7,22,4,50,0,36.8,85.5,506.458,8.8
2024,7,22,5,0,0,36.3,85.1,495.786,8.6
2024,7,22,5,10,0,36.8,84.5,493.788,8.5
2024,7,22,5,20,0,36.9,85.1,493.848,8.8
2024,7,22,5,30,0,37,84.8,506.274,9
2024,7,22,5,40,0,37,84.5,501.884,9
2024,7,22,5,50,0,37,84.5,489.412,8.7
2024,7,22,6,0,0,37,84.3,485.284,8.5
2024,7,22,6,10,0,37,83.8,485.52,8.8
2024,7,22,6,20,0,37.1,84.1,479.95,8.6
2024,7,22,6,30,0,37,84.5,475.764,8.2
2024,7,22,6,40,0,36.9,84.7,469.536,8.6
2024,7,22,6,50,0,36.3,85.4,457.51,8.7
2024,7,22,7,0,0,36,86,441.73,8.2
2024,7,22,7,10,0,35.6,86.8,434.286,8.5
2024,7,22,7,20,0,35.1,87.4,424.858,9.1
2024,7,22,7,30,0,35.1,88.1,427.082,9.7
2024,7,22,7,40,0,34.4,89.3,428.812,10.7
2024,7,22,7,50,0,33.9,90.4,423.256,11.3
2024,7,22,8,0,0,32.9,91.4,403.36,12.7
2024,7,22,8,10,0,31.9,92.5,396.01,14.4
2024,7,22,8,20,0,31.3,93.3,380.392,14.9
2024,7,22,8,30,0,30.8,94.1,373.606,15.7
2024,7,22,8,40,0,29.6,95.3,339.648,16.6
2024,7,22,8,50,0,28.8,96.5,321.936,16.5
2024,7,22,9,0,0,28,97.3,286.256,16.6
2024,7,22,9,10,0,27.2,98.5,275.796,17
2024,7,22,9,20,0,27,98.7,226.2,17.9
2024,7,22,9,30,0,25.8,99.7,200.626,18.4
2024,7,22,9,40,0,25.1,100.5,173.85,18.3
2024,7,22,9,50,0,25,101.7,160.094,18.5
2024,7,22,10,0,0,25.4,101.5,126.736,20.6
2024,7,22,10,10,0,24.5,102.6,99.904,19.4
2024,7,22,10,20,0,23.3,103.5,77.646,18.3
2024,7,22,10,30,0,23,104.1,55.618,18.2
2024,7,22,10,40,0,22.7,105.5,56.39,18.2
2024,7,22,10,50,0,21,105.9,50.146,17.4
2024,7,22,11,0,0,20.7,106.2,50.05,16.7
2024,7,22,11,10,0,19.1,107.1,51.504,15.3
2024,7,22,11,20,0,18.7,107.5,50.256,14.9
2024,7,22,11,30,0,18.9,108.5,55.29,14.3
2024,7,22,11,40,0,18.4,109.5,51.312,13.7
2024,7,22,11,50,0,18.8,109.5,50,14.4
2024,7,22,12,0,0,18.8,110.3,50.844,15
2024,7,22,12,10,0,18.6,110.5,50.026,15.3
2024,7,22,12,20,0,17.9,111.3,64.176,14.1
2024,7,22,12,30,0,17.3,112.3,91,13.5
2024,7,22,12,40,0,16.7,112.9,88.996,12.8
2024,7,22,12,50,0,15.8,113.3,71.748,11.4
2024,7,22,13,0,0,14.6,113.9,80.998,10.4
2024,7,22,13,10,0,14,114.4,96.404,9.5
2024,7,22,13,20,0,12.6,113.9,61.072,8.5
2024,7,22,13,30,0,12.6,114.4,60.016,8.7
2024,7,22,13,40,0,13.1,115.7,107.52,9.1
2024,7,22,13,50,0,13.1,116.3,102.494,9.9
2024,7,22,14,0,0,13,117.4,102.708,10.2
2024,7,22,14,10,0,13,117,72.21,10.1
2024,7,22,14,20,0,13.2,117.7,53.692,10.4
2024,7,22,14,30,0,13.1,118.5,66.516,10.3
2024,7,22,14,40,0,13,118.5,78.476,9.9
2024,7,22,14,50,0,12.6,119.3,84.676,9.6
2024,7,22,15,0,0,12.1,119.7,100.632,9.1
2024,7,22,15,10,0,12.1,120.1,87.692,9.2
2024,7,22,15,20,0,11.9,119.9,68.716,9.1
2024,7,22,15,30,0,11.8,120.5,75.91,9
2024,7,22,15,40,0,11.4,120.7,106.472,8.5
2024,7,22,15,50,0,11.6,120.7,111.66,8.7
2024,7,22,16,0,0,11.9,121.1,97.566,9.1
2024,7,22,16,10,0,11,121.5,104.218,8.5
2024,7,22,16,20,0,10.2,121.2,73.516,8.1
2024,7,22,16,30,0,10,121.5,84.06,7.8
2024,7,22,16,40,0,10,121.5,115.942,7.7
2024,7,22,16,50,0,10,121.1,116.012,7.6
2024,7,22,17,0,0,9.9,121.4,119.734,7
2024,7,22,17,10,0,9.9,120.7,131.35,7.2
2024,7,22,17,20,0,10.3,120.4,121.862,7.3
2024,7,22,17,30,0,10.8,119.9,122.854,7.4
2024,7,22,17,40,0,11,119.5,113.2,7.4
2024,7,22,17,50,0,10.9,119.1,125.98,7.2
2024,7,22,18,0,0,11.4,118.7,136.166,7.3
2024,7,22,18,10,0,12,118.5,139.48,7.5
2024,7,22,18,20,0,12.6,118.3,161.09,7.4
2024,7,22,18,30,0,13.5,117.4,161.042,7.9
2024,7,22,18,40,0,13.7,116.7,141.914,8
2024,7,22,18,50,0,13.5,116.5,157.028,7.6
2024,7,22,19,0,0,13.5,115.8,176.462,7.3
2024,7,22,19,10,0,13.8,115.3,189.144,7.3
2024,7,22,19,20,0,15.2,114.5,214.504,7.6
2024,7,22,19,30,0,17.2,113.5,283.934,9.1
2024,7,22,19,40,0,18.7,112.4,365.606,9.3
2024,7,22,19,50,0,19.9,111.1,399.354,8.7
2024,7,22,20,0,0,20.8,109.9,421.666,9.3
2024,7,22,20,10,0,22.375,108.75,359.277,9.2
2024,7,22,20,20,0,22.9,108.1,512.04,9.2
2024,7,22,20,30,0,23,107.3,531.716,8.7
2024,7,22,20,40,0,23.8,106.5,544.742,9.1
2024,7,22,20,50,0,23.3,105.5,532.186,9.4
2024,7,22,21,0,0,24.5,105.1,550.876,9.8
2024,7,22,21,10,0,25.8,104.4,563.198,10.2
2024,7,22,21,20,0,26,103.5,580.342,10.4
2024,7,22,21,30,0,26,102.8,590.254,11
2024,7,22,21,40,0,26,102.5,577.106,11.2
2024,7,22,21,50,0,26,102.3,592.296,10.6
2024,7,22,22,0,0,26,101.5,599.926,10.7
2024,7,22,22,10,0,26.2,100.7,569.848,11
2024,7,22,22,20,0,26.9,100.4,573.696,10.8
2024,7,22,22,30,0,27.6,100.1,562.198,11.1
2024,7,22,22,40,0,29.1,99.5,576.884,11.4
2024,7,22,22,50,0,28.6,99.4,608.77,12.1
2024,7,22,23,0,0,28,98.7,592.786,11.9
2024,7,22,23,10,0,27.6,98.7,582.876,12
2024,7,22,23,20,0,28.1,98.4,584.152,12.3
2024,7,22,23,30,0,28.9,97.5,602.688,12.2
2024,7,22,23,40,0,29.5,96.9,618.952,12.1
2024,7,22,23,50,0,29.5,96.5,613.156,11.6
2024,7,23,0,0,0,30,96,612.052,10.9
2024,7,23,0,10,0,29.4,96.3,614.438,10.4
2024,7,23,0,20,0,30,95.5,619.01,10.5
2024,7,23,0,30,0,29.9,95.2,610.248,10.5
2024,7,23,0,40,0,29.8,94.7,620.906,9.8
2024,7,23,0,50,0,29.5,94.5,635.446,9.1
2024,7,23,1,0,0,29.2,94.5,628.718,8.6
2024,7,23,1,10,0,30,93.8,615.316,8.8
2024,7,23,1,20,0,30,93.7,629.896,8.8
2024,7,23,1,30,0,30,93.8,640.176,8.6
2024,7,23,1,40,0,30,93.5,630.74,8.4
2024,7,23,1,50,0,30.9,93,646.142,8.8
2024,7,23,2,0,0,31.1,92.6,642.872,8.8
2024,7,23,2,10,0,32,92.5,653.652,8.8
2024,7,23,2,20,0,32.7,92,658.97,9.2
2024,7,23,2,30,0,33,91.5,658.918,9.1
2024,7,23,2,40,0,32.9,91.5,664.302,8.8
2024,7,23,2,50,0,32.2,91.5,667.608,8.4
2024,7,23,3,0,0,31,92.2,638,8
2024,7,23,3,10,0,30.8,92.1,623.11,7.8
2024,7,23,3,20,0,31,91.6,616.788,7.5
2024,7,23,3,30,0,31,91.5,608.8,7.5
2024,7,23,3,40,0,32,91.5,617.498,7.9
2024,7,23,3,50,0,33,90.8,637.41,8.4
2024,7,23,4,0,0,33,90.5,639.216,8.8
2024,7,23,4,10,0,33.6,90.6,651.88,9.1
2024,7,23,4,20,0,34,90.7,653.91,9
2024,7,23,4,30,0,34.2,90.9,655.932,10.8
2024,7,23,4,40,0,34.8,90.9,653.358,10.9
2024,7,23,4,50,0,33.4,90.7,629.826,9.6
2024,7,23,5,0,0,32.8,90.5,601.082,9.3
2024,7,23,5,10,0,34,90.2,613.21,9.7
2024,7,23,5,20,0,34,89.6,622.454,9.2
2024,7,23,5,30,0,33.6,89.7,619.47,9.1
2024,7,23,5,40,0,33.6,89.7,609.47,9.6
2024,7,23,5,50,0,33.8,89.3,604.432,10.3
2024,7,23,6,0,0,34.2,89.5,606.298,9.7
2024,7,23,6,10,0,34,89.5,607.564,9.1
2024,7,23,6,20,0,34,89.5,601.17,9.2
2024,7,23,6,30,0,34,89.5,603.552,9.5
2024,7,23,6,40,0,34.8,89.5,601.912,10.3
2024,7,23,6,50,0,35,89.8,601.254,10.4
2024,7,23,7,0,0,33.6,90.3,593.074,10.1
2024,7,23,7,10,0,33,90.7,574.676,10.1
2024,7,23,7,20,0,33,91.5,572.668,10.4
2024,7,23,7,30,0,31.2,92.1,556.464,10.3
2024,7,23,7,40,0,31,92.7,556.734,10.4
2024,7,23,7,50,0,29.7,93.5,548.282,9.7
2024,7,23,8,0,0,28.5,94.3,512.788,9.2
2024,7,23,8,10,0,28.5,94.75,507.668,9
2024,7,23,8,20,0,28.1665,95.833,521.625,9
2024,7,23,8,30,0,27.8,97,499.136,9.5
2024,7,23,8,40,0,27.1,97.7,480.54,9.6
2024,7,23,8,50,0,27.6,98.7,467.054,9.7
2024,7,23,9,0,0,26,99.5,439.728,10
2024,7,23,9,10,0,25.5,100.6,413.548,9.9
2024,7,23,9,20,0,25.1,101.7,396.902,9.4
2024,7,23,9,30,0,24.3,102.3,374.74,9.2
2024,7,23,9,40,0,23.2,103.4,332.906,9
2024,7,23,9,50,0,22.1,104.4,310.124,9.1
2024,7,23,10,0,0,21.8,105.7,276.738,9.1
2024,7,23,10,10,0,21,106.5,252.774,9.3
2024,7,23,10,20,0,20,107.3,213.39,9.3
2024,7,23,10,30,0,20.1,108.1,183,9.4
2024,7,23,10,40,0,19.6,108.7,151.202,9.2
2024,7,23,10,50,0,18.9,109.9,137.552,8.8
2024,7,23,11,0,0,18.2,110.5,115.59,8.6
2024,7,23,11,10,0,17.9,111.1,101.2,8.7
2024,7,23,11,20,0,17.6,112.3,103.582,8.7
2024,7,23,11,30,0,16.9,112.7,80.682,8.4
2024,7,23,11,40,0,16.9,113.2,69.606,8.5
2024,7,23,11,50,0,16.9,113.6,59.67,8.2
2024,7,23,12,0,0,18,113.2,50,9
2024,7,23,12,10,0,17.6,113.1,50,9
2024,7,23,12,20,0,17,113.5,50,9.1
2024,7,23,12,30,0,16.8,113.4,50,8.8
2024,7,23,12,40,0,16.1,113.5,50,8.8
2024,7,23,12,50,0,16,114,50,9
2024,7,23,13,0,0,15.4,115.6,58.206,9.2
2024,7,23,13,10,0,16.8,115.5,50,9.6
2024,7,23,13,20,0,16.5,116.1,50,9.7
2024,7,23,13,30,0,15.2,116.7,63.69,9.2
2024,7,23,13,40,0,14.3,117.2,61.166,8.8
2024,7,23,13,50,0,13,116.9,67.3,7.4
2024,7,23,14,0,0,13.1,117.4,97.496,7.2
2024,7,23,14,10,0,11.6,118.3,133.738,6.3
2024,7,23,14,20,0,10.8,118.7,209.992,5.7
2024,7,23,14,30,0,11.8,119.5,194.46,6.3
2024,7,23,14,40,0,12,120.4,204.494,6.3
2024,7,23,14,50,0,12,121.9,251.548,6.3
2024,7,23,15,0,0,12,122.5,234.616,6.8
2024,7,23,15,10,0,11.4,122.3,231.69,6.1
2024,7,23,15,20,0,10.5,122.7,266.652,5.1
2024,7,23,15,30,0,9.4,123.3,379.27,3.9
2024,7,23,15,40,0,9.4,124.1,473.582,4.1
2024,7,23,15,50,0,10.4,124.2,462.096,4.9
2024,7,23,16,0,0,10.6,123.9,452.676,5.1
2024,7,23,16,10,0,10.8,124.3,457.55,5.1
2024,7,23,16,20,0,10.8,124.1,492.872,4.8
2024,7,23,16,30,0,11,123.9,509.05,5
2024,7,23,16,40,0,11.3,123.5,493.838,5.2
2024,7,23,16,50,0,12,123.5,476.682,5.4
2024,7,23,17,0,0,11.8,123,482.656,5.1
2024,7,23,17,10,0,12,122.5,485.432,4.9
2024,7,23,17,20,0,11.9,122.1,480.738,4.6
2024,7,23,17,30,0,11.9,121.5,465.854,4.5
2024,7,23,17,40,0,11.4,121.7,483.518,4.2
2024,7,23,17,50,0,12.4,121.2,489.98,4.4
2024,7,23,18,0,0,13.1,120.7,509.118,4.9
2024,7,23,18,10,0,13.9,120.1,507.922,4.8
2024,7,23,18,20,0,14.2,119.3,509.488,4.9
2024,7,23,18,30,0,15,118.5,505.392,5
2024,7,23,18,40,0,15.4,117.5,520.574,4.3
2024,7,23,18,50,0,15.8,117.1,531.242,3.9
2024,7,23,19,0,0,16.8,116.2,573.48,4
2024,7,23,19,10,0,18.6,115.5,623.174,4.2
2024,7,23,19,20,0,19,114.5,649.636,4.5
2024,7,23,19,30,0,18.4,113.5,624.092,4.5
2024,7,23,19,40,0,19.6,112.9,629.478,4.5
2024,7,23,19,50,0,20,112.5,663.924,4.4
2024,7,23,20,0,0,21.6,111.7,676.55,4.6
2024,7,23,20,10,0,22,110.7,685.33,4.6
2024,7,23,20,20,0,22.3,110.1,674.668,4.9
2024,7,23,20,30,0,22.3,109.5,660.76,5.3
2024,7,23,20,40,0,22.8,108.7,633.882,5.7
2024,7,23,20,50,0,23,108.2,621.252,5.7
2024,7,23,21,0,0,23,107.9,598.506,5.8
2024,7,23,21,10,0,23.1,107,566.646,5.8
2024,7,23,21,20,0,23,107.5,561.208,5.8
2024,7,23,21,30,0,23,106.6,561.976,6
2024,7,23,21,40,0,23.8,106.5,550.85,6.2
2024,7,23,21,50,0,25,106.4,571.66,6.6
2024,7,23,22,0,0,25,105.6,582.466,6.6
2024,7,23,22,10,0,25.6,105.3,590.068,6.6
2024,7,23,22,20,0,26.4,104.5,568.852,7.1
2024,7,23,22,30,0,27,103.5,546.132,7.1
2024,7,23,22,40,0,27.9,103.5,547.612,7.2
2024,7,23,22,50,0,28.7,102.4,525.976,7.4
2024,7,23,23,0,0,29.6,101.7,531.098,7.6
2024,7,23,23,10,0,29.3,101.5,551.758,7.2
2024,7,23,23,20,0,28.7,101.5,577.046,6.9
2024,7,23,23,30,0,27.3,100.9,593.176,5.9
2024,7,23,23,40,0,26.8,99.9,598.408,5.3
2024,7,23,23,50,0,25.7,100.1,606.324,4.7
2024,7,24,0,0,0,24.8,99.1,584.66,4.1
2024,7,24,0,10,0,23.8,99.1,566.55,3.8
2024,7,24,0,20,0,23.5,98.6,558.484,3.7
2024,7,24,0,30,0,23.4,98.5,564.3,3.7
2024,7,24,0,40,0,23.2,98.3,564.7,3.6
2024,7,24,0,50,0,23,97.6,556.956,3.6
2024,7,24,1,0,0,22.8,97.6,554.638,3.6
2024,7,24,1,10,0,23.2,97.5,555.41,3.7
2024,7,24,1,20,0,23,97,550.528,3.6
2024,7,24,1,30,0,23.8,95.9,553.012,3.7
2024,7,24,1,40,0,23.5,96.1,555.736,3.8
2024,7,24,1,50,0,24,95.5,556.272,4
2024,7,24,2,0,0,24.1,95.1,556.598,4.1
2024,7,24,2,10,0,25,94.5,555.856,4.1
2024,7,24,2,20,0,25.1,94.4,565.38,4.2
2024,7,24,2,30,0,25.1,94.5,580.258,4.2
2024,7,24,2,40,0,25.3,93.7,578.344,4.4
2024,7,24,2,50,0,25.3,93.5,572.19,4.7
2024,7,24,3,0,0,25.7,93.5,577.536,4.8
2024,7,24,3,10,0,26.2,93.1,587.066,5.1
2024,7,24,3,20,0,26.5,92.5,597.724,5.4
2024,7,24,3,30,0,26.5,92.6,596.404,5.3
2024,7,24,3,40,0,27,92.5,592.104,5.1
2024,7,24,3,50,0,26.6,92.5,597.646,4.8
2024,7,24,4,0,0,27.3,92.2,604.408,5
2024,7,24,4,10,0,27.4,91.7,602.806,5.1
2024,7,24,4,20,0,29.1,91.5,601.2,5.6
2024,7,24,4,30,0,28.2,91.5,591.566,6.8
2024,7,24,4,40,0,27.7,91.6,596.242,7.3
2024,7,24,4,50,0,27.5,91.5,581.248,6
2024,7,24,5,0,0,28,91.5,576.668,5.6
2024,7,24,5,10,0,27.8,91.5,576.788,5.2
2024,7,24,5,20,0,27.4,91.5,574.732,5
2024,7,24,5,30,0,26.6,91.5,565.174,4.7
2024,7,24,5,40,0,26.9,91.5,571.58,4.8
2024,7,24,5,50,0,27.5,91.5,573.248,5.1
2024,7,24,6,0,0,27.2,91.4,559.908,4.8
2024,7,24,6,10,0,27.4,91.5,562.192,4.9
2024,7,24,6,20,0,28.2,91.5,587.886,4.6
2024,7,24,6,30,0,26.4,91.3,591.13,4.3
2024,7,24,6,40,0,25.2,91.5,569.132,4.2
2024,7,24,6,50,0,24.5,91.5,572.636,4.2
2024,7,24,7,0,0,23,91.9,556.084,4
2024,7,24,7,10,0,23.2,92.5,545.264,4.1
2024,7,24,7,20,0,24.2,92.5,546.388,4.1
2024,7,24,7,30,0,24.7,92.5,555.35,4.5
2024,7,24,7,40,0,24.4,93.1,552.26,4.3
2024,7,24,7,50,0,22.1,93.5,530.65,3.9
2024,7,24,8,0,0,21.1,94.3,517.042,3.5
2024,7,24,8,10,0,20.9,94.5,490.662,3.3
2024,7,24,8,20,0,21.5,94.5,484.932,3.6
2024,7,24,8,30,0,21.4,94.5,482.912,3.6
2024,7,24,8,40,0,21.4,94.5,479.156,3.6
2024,7,24,8,50,0,20.6,94.5,468.226,3.6
2024,7,24,9,0,0,20.5,95.5,470.378,3.6
2024,7,24,9,10,0,20.5,95.5,454.372,3.7
2024,7,24,9,20,0,20.1,96.7,432.258,3.6
2024,7,24,9,30,0,18.3,98.1,412.806,3.4
2024,7,24,9,40,0,17.6,98.5,390.448,3.5
2024,7,24,9,50,0,17.9,98.7,386.852,3.2
2024,7,24,10,0,0,17.1,99.5,384.272,3
2024,7,24,10,10,0,15.6,100.9,363.466,2.7
2024,7,24,10,20,0,14.5,102.2,339.646,2.4
2024,7,24,10,30,0,13.3,103.7,313.998,2.3
2024,7,24,10,40,0,12.5,105,288.808,2.3
2024,7,24,10,50,0,12.5,105.7,269.42,2.2
2024,7,24,11,0,0,12.7,106.5,238.648,2.2
2024,7,24,11,10,0,12.5,108.2,232.328,2.2
2024,7,24,11,20,0,11.9,107.8,207.986,2.2
2024,7,24,11,30,0,11.6,108.7,195.942,2.2
2024,7,24,11,40,0,11.5,109.9,192.308,2.2
2024,7,24,11,50,0,11.6,110.9,182.534,2.3
2024,7,24,12,0,0,11.1,111.7,174.608,2.2
2024,7,24,12,10,0,10.4,112.9,162.864,1.9
2024,7,24,12,20,0,9.7,113.5,155.226,1.8
2024,7,24,12,30,0,9.5,114.1,148.356,1.6
2024,7,24,12,40,0,10.5,114.3,140.316,1.7
2024,7,24,12,50,0,10.5,115,132.412,1.7
2024,7,24,13,0,0,10.3,115.8,128.236,1.6
2024,7,24,13,10,0,10,116.5,123.044,1.5
2024,7,24,13,20,0,9.8,117.3,129.712,1.6
2024,7,24,13,30,0,9.8,117.5,131.594,1.5
2024,7,24,13,40,0,9.5,117.7,101.622,1.5
2024,7,24,13,50,0,9.6,118.3,108.686,1.4
2024,7,24,14,0,0,9.9,118.1,87.032,1.6
2024,7,24,14,10,0,10.3,118.6,57.764,1.7
2024,7,24,14,20,0,10.7,119.3,59.738,1.9
2024,7,24,14,30,0,11,119.5,61.522,1.8
2024,7,24,14,40,0,10.8,120.4,66.028,2
2024,7,24,14,50,0,10.2,120.5,79.364,1.9
2024,7,24,15,0,0,10,120.5,97.69,2
2024,7,24,15,10,0,10,121.3,96.733,2
2024,7,24,15,20,0,10.1,121.1,82.758,2
2024,7,24,15,30,0,10.3,122.4,124.182,2.1
2024,7,24,15,40,0,10.6,122.4,149.43,2.3
2024,7,24,15,50,0,10.4,122.5,173.422,2.4
2024,7,24,16,0,0,10.5,122.5,173.268,2.4
2024,7,24,16,10,0,10.6,122.6,180.556,2.4
2024,7,24,16,20,0,10.7,122.6,180.492,2.4
2024,7,24,16,30,0,11,122.3,192.322,2.7
2024,7,24,16,40,0,11,122.3,190.348,2.5
2024,7,24,16,50,0,11.4,121.5,180.56,2.5
2024,7,24,17,0,0,12.2,121.4,181.44,2.4
2024,7,24,17,10,0,12.6,121,183.658,2.4
2024,7,24,17,20,0,13,121.4,203.05,2.4
2024,7,24,17,30,0,13,120.7,223.834,2.4
2024,7,24,17,40,0,13.8,120.3,227.024,2.5
2024,7,24,17,50,0,14,119.9,234.874,2.6
2024,7,24,18,0,0,15,119.5,227.134,2.6
2024,7,24,18,10,0,14.9,119.1,222.47,2.6
2024,7,24,18,20,0,15.2,118.5,221.922,2.7
2024,7,24,18,30,0,15.9,117.5,233.084,2.9
2024,7,24,18,40,0,16,117.1,238.296,3
2024,7,24,18,50,0,17.4,116.6,244.84,3.4
2024,7,24,19,0,0,18.6,115.7,269.416,3.5
2024,7,24,19,10,0,19,114.6,259.038,3.3
2024,7,24,19,20,0,20,113.7,254.814,3.7
2024,7,24,19,30,0,20.5,112.6,266.516,3.7
2024,7,24,19,40,0,21,111.9,297.394,3.7
2024,7,24,19,50,0,21.1,111.1,295.576,3.6
2024,7,24,20,0,0,22.2,110.2,298.642,3.8
2024,7,24,20,10,0,23.1,109.4,307.826,3.9
2024,7,24,20,20,0,23.6,108.5,339.808,4.1
2024,7,24,20,30,0,24.8,107.7,347.294,4.1
2024,7,24,20,40,0,25.8,106.7,346.006,4
2024,7,24,20,50,0,26.3,105.7,351.982,3.9
2024,7,24,21,0,0,26.6,105.1,346.618,4
2024,7,24,21,10,0,27,104.4,353.488,3.8
2024,7,24,21,20,0,27,103.5,346.362,3.8
2024,7,24,21,30,0,27,103.3,334.006,3.7
2024,7,24,21,40,0,26.5,102.5,325.67,3.6
2024,7,24,21,50,0,26,102.3,314.34,3.5
2024,7,24,22,0,0,26,101.5,302.546,3.6
2024,7,24,22,10,0,26,101.4,298.852,3.6
2024,7,24,22,20,0,26,100.9,289.994,3.6
2024,7,24,22,30,0,25.5,100.5,297.636,3.4
2024,7,24,22,40,0,25,100.5,311.506,3.5
2024,7,24,22,50,0,25,100.5,311.96,3.6
2024,7,24,23,0,0,25.7,99.8,314.468,3.5
2024,7,24,23,10,0,26.8,98.6,332.736,3.7
2024,7,24,23,20,0,27,98.5,350.4,3.7
2024,7,24,23,30,0,27,97.7,354.572,3.8
2024,7,24,23,40,0,26.5,97.6,349.222,3.8
2024,7,24,23,50,0,26.125,97.375,338.018,3.9
2024,7,25,0,0,0,26.3,96.5,329.442,4
2024,7,25,0,10,0,26.1,96.6,317.84,4.2
2024,7,25,0,20,0,26.1,95.6,315.124,4.1
2024,7,25,0,30,0,26.2,95.6,314.034,4.6
2024,7,25,0,40,0,26,95.5,314.382,4.4
2024,7,25,0,50,0,25.5,95.5,309.16,4.5
2024,7,25,1,0,0,25.1,95.3,310.56,4.6
2024,7,25,1,10,0,24.6,94.6,310.598,4.5
2024,7,25,1,20,0,23.9,94.5,311.254,4.8
2024,7,25,1,30,0,22.8,94.3,314.434,5.1
2024,7,25,1,40,0,22.5,93.7,312.68,4.9
2024,7,25,1,50,0,22.1,94.1,314.884,4.9
2024,7,25,2,0,0,22.5,93.4,318.246,5
2024,7,25,2,10,0,22.5,93.1,327.786,5.1
2024,7,25,2,20,0,22.3,93.1,331.08,5.1
2024,7,25,2,30,0,22.5,92.5,332.684,5.2
2024,7,25,2,40,0,22.5,92,332.754,5.3
2024,7,25,2,50,0,23.1,91.7,340.322,5.3
2024,7,25,3,0,0,23.5,91.4,342.778,5.3
2024,7,25,3,10,0,23.5,91.5,348.056,5.2
2024,7,25,3,20,0,23.5,91.5,355.294,5.3
2024,7,25,3,30,0,23.5,91.4,361.9,5.4
2024,7,25,3,40,0,23.5,90.6,360.986,5.3
2024,7,25,3,50,0,23.5,90.7,355.836,5.1
2024,7,25,4,0,0,23.3,91,346.54,5.2
2024,7,25,4,10,0,23.9,90.7,373.624,5.5
2024,7,25,4,20,0,24.6,90.5,387.908,5.6
2024,7,25,4,30,0,25,90.4,399.606,5.8
2024,7,25,4,40,0,24.9,89.6,394.006,5.8
2024,7,25,4,50,0,25.5,89.5,405.232,6
2024,7,25,5,0,0,25.2,89.5,394.718,6.1
2024,7,25,5,10,0,26.7,89.5,400.342,6.1
2024,7,25,5,20,0,27.5,89.5,417.316,6.3
2024,7,25,5,30,0,26.9,89.5,417.592,6.6
2024,7,25,5,40,0,27.6,89.1,418.696,6.5
2024,7,25,5,50,0,27.8,88.5,415.402,6.8
2024,7,25,6,0,0,28.4,87.7,411.538,6.9
2024,7,25,6,10,0,28.3,87.5,417.068,6.8
2024,7,25,6,20,0,28.3,87.8,411.348,7
2024,7,25,6,30,0,28.5,87.5,406.294,7
2024,7,25,6,40,0,28.5,87.9,404.948,6.8
2024,7,25,6,50,0,28.2,88.5,395.466,6.8
2024,7,25,7,0,0,28.2,88.6,390.388,7
2024,7,25,7,10,0,28.5,89,392.204,7.3
2024,7,25,7,20,0,27.6,90.2,389.27,7
2024,7,25,7,30,0,26.4,90.9,387.514,7
2024,7,25,7,40,0,24.9,91.9,371.952,6.9
2024,7,25,7,50,0,24.2,92.8,357.938,6.8
2024,7,25,8,0,0,23.6,93.5,351.384,6.6
2024,7,25,8,10,0,23,94.6,333.794,6.3
2024,7,25,8,20,0,22.5,95.5,321.73,6.7
2024,7,25,8,30,0,20.9,96.7,304.882,6.4
2024,7,25,8,40,0,20.8,97.5,295.6,6.5
2024,7,25,8,50,0,20.2,98.2,282.6,6.5
2024,7,25,9,0,0,19.8,98.9,268.196,6.3
2024,7,25,9,10,0,19.4,100,255.302,6.5
2024,7,25,9,20,0,19.1,100.9,235.11,6.4
2024,7,25,9,30,0,18.5,101.5,218.746,6.5
2024,7,25,9,40,0,18,102.3,199.946,6.3
2024,7,25,9,50,0,16.7,103.4,186.168,5.6
2024,7,25,10,0,0,16.1,104.1,155.034,5.3
2024,7,25,10,10,0,15.3,105.1,125.288,5.1
2024,7,25,10,20,0,15.6,105.8,107.982,5.4
2024,7,25,10,30,0,14.8,106.5,82.86,4.6
2024,7,25,10,40,0,14.6665,107,66.897,4.6
2024,7,25,10,50,0,14,107.9,50.33,5.6
2024,7,25,11,0,0,13.1,108.5,52.902,5.2
2024,7,25,11,10,0,12.3,109.3,51.304,5
2024,7,25,11,20,0,11.6,110.2,54.004,4.6
2024,7,25,11,30,0,10.7,110.8,53.444,4.9
2024,7,25,11,40,0,10.5,111.5,52.24,4.7
2024,7,25,11,50,0,11.1,112.3,53.02,4.1
2024,7,25,12,0,0,11.2,112.9,62.568,4
2024,7,25,12,10,0,11.3,113.9,54.012,3.6
2024,7,25,12,20,0,11,114.5,51.132,3.6
2024,7,25,12,30,0,11.2,115.2,53.026,3.5
2024,7,25,12,40,0,11.3,115.8,55.83,3.5
2024,7,25,12,50,0,11.6,116.4,53.71,3.5
2024,7,25,13,0,0,11.9,116.5,64.972,3.7
2024,7,25,13,10,0,11.8,116.9,58.928,3.4
2024,7,25,13,20,0,11.9,117.5,60.316,3.4
2024,7,25,13,30,0,11.7,117.5,75.082,3.4
2024,7,25,13,40,0,11.6,118.1,88.854,3.3
2024,7,25,13,50,0,11.7,118.6,104.996,3.5
2024,7,25,14,0,0,11.7,119.4,106.994,3.3
2024,7,25,14,10,0,11.7,119.5,121.606,3.2
2024,7,25,14,20,0,12,120.3,132.03,3.3
2024,7,25,14,30,0,12,120.5,153.02,2.9
2024,7,25,14,40,0,11.1,120.6,182.982,2.4
2024,7,25,14,50,0,11,120.9,208.67,2.1
2024,7,25,15,0,0,10.9,121.5,207.012,2.1
2024,7,25,15,10,0,10.8,121.5,205.532,2.3
2024,7,25,15,20,0,10.5,121.5,201.412,2.2
2024,7,25,15,30,0,11,121.2,211.268,2.3
2024,7,25,15,40,0,11,121.5,202.62,2.3
2024,7,25,15,50,0,11,121.5,201.902,2.4
2024,7,25,16,0,0,11,121.5,190.382,2.5
2024,7,25,16,10,0,11.3,121.2,193.336,2.4
2024,7,25,16,20,0,11.7,121.5,203.17,2.3
2024,7,25,16,30,0,12,121.3,216.264,2.5
2024,7,25,16,40,0,12.1,121.5,200.874,2.8
2024,7,25,16,50,0,12.5,120.5,171.518,2.8
2024,7,25,17,0,0,13,120.4,181.412,2.8
2024,7,25,17,10,0,13.1,119.9,169.662,3
2024,7,25,17,20,0,13.9,119.5,156.63,3
2024,7,25,17,30,0,13.4,119.1,160.186,2.9
2024,7,25,17,40,0,13.9,118.5,155.272,3
2024,7,25,17,50,0,14.6,118.3,148.052,3
2024,7,25,18,0,0,15.1,117.7,132.976,3.2
2024,7,25,18,10,0,15.8,116.8,110.098,3.3
2024,7,25,18,20,0,16,116.6,119.594,3.6
2024,7,25,18,30,0,16,115.7,131.606,3.2
2024,7,25,18,40,0,16.2,114.9,138.21,3.1
2024,7,25,18,50,0,16.5,114.4,171.418,3
2024,7,25,19,0,0,16.5,113.4,201.282,2.8
2024,7,25,19,10,0,16.9,112.5,220.816,2.9
2024,7,25,19,20,0,16.7,111.7,223.686,2.8
2024,7,25,19,30,0,17.7,110.2,221.41,2.8
2024,7,25,19,40,0,18.5,109.5,214.024,2.8
2024,7,25,19,50,0,19,107.8,219.55,2.8
2024,7,25,20,0,0,19.3,107,198.568,2.9
2024,7,25,20,10,0,20.4,105.9,213.272,3.1
2024,7,25,20,20,0,22,104.7,221.15,3.1
2024,7,25,20,30,0,23.3,103.8,220.924,3.4
2024,7,25,20,40,0,24.1,102.9,216.956,3.4
2024,7,25,20,50,0,24.9,101.9,203.034,3.6
2024,7,25,21,0,0,25,101.5,191.712,3.9
2024,7,25,21,10,0,25,101.1,172.618,4.4
2024,7,25,21,20,0,25.4,100.4,144.956,4.7
2024,7,25,21,30,0,26,100.4,145.894,4.7
2024,7,25,21,40,0,25.8,99.7,136.102,4.9
2024,7,25,21,50,0,26,99.2,127,5.2
2024,7,25,22,0,0,26.2,98.5,116.448,5.6
2024,7,25,22,10,0,25.7,98.2,105.728,5.8
2024,7,25,22,20,0,26,97.5,109.022,6
2024,7,25,22,30,0,26.6,97.3,118.16,6.2
2024,7,25,22,40,0,28,96.3,137.45,6.5
2024,7,25,22,50,0,28,96,157.256,7
2024,7,25,23,0,0,28,95.4,163.712,7.1
2024,7,25,23,10,0,28.3,94.7,158.596,7.9
2024,7,25,23,20,0,28,95.2,153.626,8
2024,7,25,23,30,0,28.7,94.5,153.328,8.5
2024,7,25,23,40,0,28.2,94.5,166.094,8.7
2024,7,25,23,50,0,27.8,94,170.18,9
2024,7,26,0,0,0,26.8,93.5,161.486,9.5
2024,7,26,0,10,0,25.6,93.6,155.314,9.8
2024,7,26,0,20,0,25,93.5,137.248,10
2024,7,26,0,30,0,24.5,93.5,124.684,10.2
2024,7,26,0,40,0,23.5,93.5,109.824,10.2
2024,7,26,0,50,0,23.5,93.4,96.082,10.2
2024,7,26,1,0,0,23.5,92.7,98.058,9.9
2024,7,26,1,10,0,23.6,92.9,113.236,10.2
2024,7,26,1,20,0,24.4,92.4,128.466,10
2024,7,26,1,30,0,24.2,92,149.314,9.7
2024,7,26,1,40,0,23.7,91.8,169.528,9.2
2024,7,26,1,50,0,23.7,91.6,184.512,8.4
2024,7,26,2,0,0,24.3,91.5,202.964,8
2024,7,26,2,10,0,24,91.4,224.416,7.7
2024,7,26,2,20,0,24.6,90.7,246.428,7.4
2024,7,26,2,30,0,25.2,90.5,260.33,7.6
2024,7,26,2,40,0,25.6,90.3,280.706,7.9
2024,7,26,2,50,0,25.9,89.5,289.08,7.5
2024,7,26,3,0,0,26.2,89.2,297.686,7.2
2024,7,26,3,10,0,25.833,89.167,307.23,7.1
2024,7,26,3,20,0,26.4,88.6,315.502,6.7
2024,7,26,3,30,0,26.5,88.2,318.47,6.4
2024,7,26,3,40,0,26.5,87.5,323.222,6.3
2024,7,26,3,50,0,26.5,87.5,335.168,6.4
2024,7,26,4,0,0,27.3,87.5,349.002,6.2
2024,7,26,4,10,0,28.3,87.4,363.236,6.8
2024,7,26,4,20,0,27.9,87,357.34,6.3
2024,7,26,4,30,0,28.4,86.6,353.872,6.1
2024,7,26,4,40,0,28.9,86.5,355.534,6.3
2024,7,26,4,50,0,29.1,86,361.152,6.4
2024,7,26,5,0,0,28.6,85.6,359.866,6.3
2024,7,26,5,10,0,28.8,85.5,363.586,6.1
2024,7,26,5,20,0,29.3,85.4,362.364,6.5
2024,7,26,5,30,0,29.8,85.5,376.286,6.4
2024,7,26,5,40,0,30.3,85.1,393.292,6.4
2024,7,26,5,50,0,30.3,84.9,398.172,6.7
2024,7,26,6,0,0,30.3,85.5,395.56,7.2
2024,7,26,6,10,0,30.6,85.5,385.952,7.1
2024,7,26,6,20,0,32.5,85.3,391.988,7.2
2024,7,26,6,30,0,31.9,84.9,394.624,6.9
2024,7,26,6,40,0,30.6,85.5,385.92,7
2024,7,26,6,50,0,30.2,85.5,377.014,7.2
2024,7,26,7,0,0,29.2,86.3,361.562,6.8
2024,7,26,7,10,0,27.7,87.4,347.682,7
2024,7,26,7,20,0,27.4,87.9,329.836,6.9
2024,7,26,7,30,0,27,88.6,323.688,7
2024,7,26,7,40,0,26.2,89.6,320.31,6.7
2024,7,26,7,50,0,25.2,90.6,306.224,6.8
2024,7,26,8,0,0,24.3,91.3,288.57,6.3
2024,7,26,8,10,0,24.5,92.2,289.334,6.5
2024,7,26,8,20,0,23.3,93.2,266.272,6
2024,7,26,8,30,0,22.2,93.9,238.162,5.6
2024,7,26,8,40,0,21.3,94.9,219.1,4.9
2024,7,26,8,50,0,21.9,95.5,196.1,5.6
2024,7,26,9,0,0,21.3,95.7,169.766,5.2
2024,7,26,9,10,0,20.6,96.2,146.654,5
2024,7,26,9,20,0,20.1,97.3,136.344,4.8
2024,7,26,9,30,0,19.6,98.5,124.726,4.9
2024,7,26,9,40,0,19.5,98.9,95.894,4.7
2024,7,26,9,50,0,19.4,99.9,80.102,4.6
2024,7,26,10,0,0,18.6,100.9,57.524,4.6
2024,7,26,10,10,0,17.7,101.5,51.306,4.5
2024,7,26,10,20,0,17.6,102.4,51.4,4.6
2024,7,26,10,30,0,17.1,103,53.236,4.3
2024,7,26,10,40,0,16.5,104,51.718,4.1
2024,7,26,10,50,0,16.1,105.1,53.674,3.8
2024,7,26,11,0,0,15.1,105.7,50.696,3.5
2024,7,26,11,10,0,14.5,106.5,53.85,3.3
2024,7,26,11,20,0,14.3,106.7,51.418,3
2024,7,26,11,30,0,14.4,108.1,60.81,3
2024,7,26,11,40,0,13.6,109.3,70.896,2.7
2024,7,26,11,50,0,13.3,109.6,58.692,2.6
2024,7,26,12,0,0,12.7,110.5,79.188,2.5
2024,7,26,12,10,0,11.9,111.5,103.67,2.5
2024,7,26,12,20,0,11.5,111.8,94.66,2.3
2024,7,26,12,30,0,11.5,112.7,100.19,2.1
2024,7,26,12,40,0,11.3,113.5,115.67,2.1
2024,7,26,12,50,0,11,114,119.182,2.2
2024,7,26,13,0,0,10.8,114.4,120.454,2.2
2024,7,26,13,10,0,10.5,114.8,123.888,2.3
2024,7,26,13,20,0,9.9,115.1,123.946,2.3
2024,7,26,13,30,0,9.9,115.5,134.772,2.5
2024,7,26,13,40,0,10,115.9,113.078,2.2
2024,7,26,13,50,0,10.2,116.5,126.13,2.2
2024,7,26,14,0,0,10.3,116.5,127.702,2.2
2024,7,26,14,10,0,9.8,116.6,119.754,2.3
2024,7,26,14,20,0,10,117.1,88.978,2.3
2024,7,26,14,30,0,9.7,116.5,57.226,2.5
2024,7,26,14,40,0,10,116.3,53.45,2.4
2024,7,26,14,50,0,9.7,117.7,78.508,2.5
2024,7,26,15,0,0,9.5,118.5,105.392,2.6
2024,7,26,15,10,0,9.3,118.5,109.178,2.5
2024,7,26,15,20,0,9.2,118.5,107.464,2.6
2024,7,26,15,30,0,9.3,118.6,91.674,2.5
2024,7,26,15,40,0,10.2,118.5,60.518,2.8
2024,7,26,15,50,0,10.2,119.8,86.882,2.6
2024,7,26,16,0,0,10,120.4,123.828,2.7
2024,7,26,16,10,0,9.7,120.5,142.74,2.4
2024,7,26,16,20,0,9.3,120.5,125.512,2.4
2024,7,26,16,30,0,9.1,119.9,86.022,2.3
2024,7,26,16,40,0,9.9,119.9,65.908,2.3
2024,7,26,16,50,0,10.3,118.3,50.916,2.2
2024,7,26,17,0,0,10.4,117.5,53.226,2.5
2024,7,26,17,10,0,10.3,117.5,61.55,2.5
2024,7,26,17,20,0,10,117.5,54.65,2.7
2024,7,26,17,30,0,10.5,117.3,61.232,2.4
2024,7,26,17,40,0,10.3,116.8,54.68,2.6
2024,7,26,17,50,0,10.5,116.4,51.98,2.4
2024,7,26,18,0,0,10.5,115.9,50.834,2.5
2024,7,26,18,10,0,10.6,115.6,51.79,2.8
2024,7,26,18,20,0,10.5,115.5,64.072,2.7
2024,7,26,18,30,0,10.5,115.3,64.61,2.5
2024,7,26,18,40,0,10.5,114.5,77.456,2.6
2024,7,26,18,50,0,10.5,114.5,76.136,2.6
2024,7,26,19,0,0,10.8,113.9,91.686,2.7
2024,7,26,19,10,0,11,113.5,94.518,2.7
2024,7,26,19,20,0,13.1,112.7,98.678,2.8
2024,7,26,19,30,0,16.6,111.3,181.954,2.5
2024,7,26,19,40,0,15.5,109.9,290.072,2
2024,7,26,19,50,0,11.1,108.9,383.328,1.1
2024,7,26,20,0,0,10.3,108.3,463.044,0.9
2024,7,26,20,10,0,10.5,107.1,495.432,1
2024,7,26,20,20,0,10.7,105.8,516.13,0.9
2024,7,26,20,30,0,11.4,105.2,524.786,0.8
2024,7,26,20,40,0,13.9,104,560.08,1.3
2024,7,26,20,50,0,17,102.3,574.504,1.7
2024,7,26,21,0,0,17.6,101.3,558.242,2
2024,7,26,21,10,0,17.5,100.1,536.02,2.2
2024,7,26,21,20,0,16.6,99.1,510.19,2.5
2024,7,26,21,30,0,15.4,98.1,478.024,2.7
2024,7,26,21,40,0,15.2,97.5,459.494,2.8
2024,7,26,21,50,0,14.6,97,448.942,2.8
2024,7,26,22,0,0,14.2,96.2,424.03,2.8
2024,7,26,22,10,0,14.3,95.3,403.714,3.1
2024,7,26,22,20,0,15.5,94.3,409.72,3.1
2024,7,26,22,30,0,15.1,94,413.036,2.8
2024,7,26,22,40,0,15,93.5,414.596,2.8
2024,7,26,22,50,0,15.1,92.8,416.616,2.9
2024,7,26,23,0,0,15,92.6,415.734,2.7
2024,7,26,23,10,0,15.7,91.9,411.92,2.6
2024,7,26,23,20,0,16.2,91.5,417.264,2.6
2024,7,26,23,30,0,16.9,91.1,422.864,2.6
2024,7,26,23,40,0,16.8,91.2,417.338,2.4
2024,7,26,23,50,0,17,90.5,401.074,2.5
2024,7,27,0,0,0,16.9,90.3,397.59,2.7
2024,7,27,0,10,0,16.9,89.9,395.422,2.7
2024,7,27,0,20,0,17,89,391.36,2.8
2024,7,27,0,30,0,17.1,88.7,398.164,3
2024,7,27,0,40,0,17.8,88,407.16,3
2024,7,27,0,50,0,18.2,87.9,442.474,2.9
2024,7,27,1,0,0,18.1,87.6,445.956,3.1
2024,7,27,1,10,0,18.4,87.1,410.212,3
2024,7,27,1,20,0,19.4,86.5,406.802,3
2024,7,27,1,30,0,20.6,86.3,436.604,3
2024,7,27,1,40,0,20.9,85.5,457.004,2.9
2024,7,27,1,50,0,21,86,441.768,3
2024,7,27,2,0,0,22.3,85.5,447.478,3.2
2024,7,27,2,10,0,22.5,84.7,447.318,2.9
2024,7,27,2,20,0,22.9,84.6,444.436,3.1
2024,7,27,2,30,0,24.167,83.833,448.365,3.1
2024,7,27,2,40,0,24.6,83.5,534.728,3.1
2024,7,27,2,50,0,25.6,82.6,538.36,3.4
2024,7,27,3,0,0,26.5,81.7,544.18,3.4
2024,7,27,3,10,0,26.7,81.8,544.24,3.4
2024,7,27,3,20,0,27.5,81.8,559.71,3.4
2024,7,27,3,30,0,27.7,81.5,569.248,3.8
2024,7,27,3,40,0,28.8,80.3,582.74,3.6
2024,7,27,3,50,0,29,79.3,567.258,3.4
2024,7,27,4,0,0,30.2,78.1,558.164,3.2
2024,7,27,4,10,0,30.5,77.5,556.458,3.2
2024,7,27,4,20,0,30.5,77.7,560.702,3.3
2024,7,27,4,30,0,31.1,77.4,566.692,3.4
2024,7,27,4,40,0,31.6,76.9,569.156,3.3
2024,7,27,4,50,0,31.9,76.6,574.202,3.3
2024,7,27,5,0,0,32.5,76.5,576.736,3.6
2024,7,27,5,10,0,31.7,76.7,572.004,3.7
2024,7,27,5,20,0,32.2,76.5,577.614,4
2024,7,27,5,30,0,32.7,76.5,596.382,4.2
2024,7,27,5,40,0,33.1,76.5,594.468,4.2
2024,7,27,5,50,0,33.6,76.5,583.074,4.2
2024,7,27,6,0,0,34.4,76.5,604.842,4.3
2024,7,27,6,10,0,34.6,76.4,585.476,4.4
2024,7,27,6,20,0,34.5,76.5,583.516,4.4
2024,7,27,6,30,0,33.6,77.4,576.508,4.5
2024,7,27,6,40,0,34,77.5,576.668,4.3
2024,7,27,6,50,0,33.4,77.9,575.38,4.9
2024,7,27,7,0,0,32.8,78.5,563.256,5.1
2024,7,27,7,10,0,32.6,78.7,556.138,5.1
2024,7,27,7,20,0,32,79.3,546.72,5.3
2024,7,27,7,30,0,31.3,80.5,541.6,5.2
2024,7,27,7,40,0,30.3,81.4,532.506,5.6
2024,7,27,7,50,0,29.9,82.7,526.884,7
2024,7,27,8,0,0,29.7,83.4,512.932,5.7
2024,7,27,8,10,0,29,84.5,503.582,5.8
2024,7,27,8,20,0,27.8,85.5,490.742,6.1
2024,7,27,8,30,0,27.2,85.8,472.532,6.3
2024,7,27,8,40,0,26.2,87,460.916,5.9
2024,7,27,8,50,0,24.6,87.9,437.13,5.7
2024,7,27,9,0,0,24.5,88.8,417.214,5.7
2024,7,27,9,10,0,23.5,89.6,401.57,5.7
2024,7,27,9,20,0,22.1,90.9,379.21,5.5
2024,7,27,9,30,0,21.4,91.3,338.386,5.8
2024,7,27,9,40,0,20.9,92.1,321.332,5.8
2024,7,27,9,50,0,20.4,93.3,312.874,5.6
2024,7,27,10,0,0,20.3,94.3,308.798,5.5
2024,7,27,10,10,0,19.5,95.4,299.06,5.3
2024,7,27,10,20,0,18.5,95.5,272.094,4.7
2024,7,27,10,30,0,18.5,96,250.314,4.8
2024,7,27,10,40,0,17.8,97.1,237.056,5.2
2024,7,27,10,50,0,16.8,97.9,223.304,4.3
2024,7,27,11,0,0,17.3,98.5,211.664,4.3
2024,7,27,11,10,0,16.5,99.5,207.714,4
2024,7,27,11,20,0,16.5,100,186.478,4.3
2024,7,27,11,30,0,16.2,100.2,173.76,4.1
2024,7,27,11,40,0,15.6,101.4,169.434,4.1
2024,7,27,11,50,0,15.5,101.5,152.462,4
2024,7,27,12,0,0,15.5,102,146,4.2
2024,7,27,12,10,0,15.5,102.5,121.722,4.3
2024,7,27,12,20,0,15.1,103.1,119.644,4.3
2024,7,27,12,30,0,14.7,103.8,111.998,4.1
2024,7,27,12,40,0,14.5,104.5,98.35,4.1
2024,7,27,12,50,0,14.3,104.9,84.516,3.9
2024,7,27,13,0,0,13.5,104.9,60.636,3.9
2024,7,27,13,10,0,12.9,105.6,73.42,3.7
2024,7,27,13,20,0,12.4,106.1,90.118,3.5
2024,7,27,13,30,0,12.6,105.6,56.716,3.6
2024,7,27,13,40,0,12.5,105.7,54.096,3.4
2024,7,27,13,50,0,12.5,106.4,56.774,3.4
2024,7,27,14,0,0,13,106.4,57.132,3.6
2024,7,27,14,10,0,12.2,107.4,76.674,3.3
2024,7,27,14,20,0,12.167,107,71.955,3
2024,7,27,14,30,0,12,107.9,70.678,3.2
2024,7,27,14,40,0,11.7,108.3,69.59,3.1
2024,7,27,14,50,0,11.5,109.1,86.454,3.1
2024,7,27,15,0,0,11.5,108.3,70.384,3
2024,7,27,15,10,0,11.5,109.1,78.23,3.1
2024,7,27,15,20,0,11.1,110.1,93.266,2.8
2024,7,27,15,30,0,11.1,110.2,123.296,2.8
2024,7,27,15,40,0,10.4,110.6,151.574,2.6
2024,7,27,15,50,0,9.5,110.7,200.65,2.3
2024,7,27,16,0,0,9.5,111.4,213.13,2.4
2024,7,27,16,10,0,9.5,111.5,230.444,2.3
2024,7,27,16,20,0,9.5,111.5,245.554,2.3
2024,7,27,16,30,0,10.5,111.5,253.324,2.6
2024,7,27,16,40,0,10,111.5,239.132,2.5
2024,7,27,16,50,0,10.5,110.7,196.276,2.7
2024,7,27,17,0,0,10.9,110.3,190.624,2.7
2024,7,27,17,10,0,10.8,109.5,169.19,2.6
2024,7,27,17,20,0,11.5,109.5,164.638,2.8
2024,7,27,17,30,0,11.5,109.5,157.05,2.8
2024,7,27,17,40,0,12.1,108.5,149.664,2.7
2024,7,27,17,50,0,11.9,108.2,133.068,2.7
2024,7,27,18,0,0,12.1,107.8,132.424,2.6
2024,7,27,18,10,0,12.1,107.5,121.246,2.8
2024,7,27,18,20,0,13.5,106.8,98.218,4.4
2024,7,27,18,30,0,13.9,106.1,66.696,11.1
2024,7,27,18,40,0,14.5,105.4,50.094,4.2
2024,7,27,18,50,0,15.3,104.7,56.178,3.7
2024,7,27,19,0,0,15.7,103.6,62.822,3.7
2024,7,27,19,10,0,16.5,102.7,81.674,3.8
2024,7,27,19,20,0,17.9,101.7,104.476,5
2024,7,27,19,30,0,18.7,100.3,68.418,6.7
2024,7,27,19,40,0,19.7,99.2,51.166,7.8
2024,7,27,19,50,0,20.8,97.8,53.66,8.2
2024,7,27,20,0,0,21.625,96.5,56.397,9.1
2024,7,27,20,10,0,22.7,95.5,60.432,10.2
2024,7,27,20,20,0,23.3,94.5,54.548,11.3
2024,7,27,20,30,0,23.5,93.833,54.16,12.8
2024,7,27,20,40,0,23.9,93.5,50,14.8
2024,7,27,20,50,0,24.1,92.7,50.496,16.3
2024,7,27,21,0,0,24.5,92.2,50.668,17.2
2024,7,27,21,10,0,24.8,91.5,51.64,18
2024,7,27,21,20,0,25.5,91.4,50.574,18.5
2024,7,27,21,30,0,25.9,90.5,52.514,19
2024,7,27,21,40,0,26.5,90.5,59.088,19.5
2024,7,27,21,50,0,26.9,90.1,77.9,19.4
2024,7,27,22,0,0,27.6,89.5,99.124,19
2024,7,27,22,10,0,28.4,88.8,130.924,18.5
2024,7,27,22,20,0,29,88.5,178.026,18.1
2024,7,27,22,30,0,29.9,87.8,223.696,18.7
2024,7,27,22,40,0,30.7,87.4,282.582,17.7
2024,7,27,22,50,0,31.5,87,369.664,16.6
2024,7,27,23,0,0,32.1,86.5,407.91,16.9
2024,7,27,23,10,0,33,85.5,435.324,16.3
2024,7,27,23,20,0,33.2,85.3,473.136,14.7
2024,7,27,23,30,0,34,85,504.81,13.3
2024,7,27,23,40,0,34,84.5,531.968,12
2024,7,27,23,50,0,34.9,83.6,547.764,11.4
2024,7,28,0,0,0,35,83.5,561.228,10.6
2024,7,28,0,10,0,35,83.1,569.236,10.2
2024,7,28,0,20,0,35.1,82.5,577.66,9.8
2024,7,28,0,30,0,35.4,82.5,582.016,9.3
2024,7,28,0,40,0,36,81.7,591.562,8.6
2024,7,28,0,50,0,36,81.4,594.038,9.1
2024,7,28,1,0,0,36.2,80.7,595.47,8.9
2024,7,28,1,10,0,36,80.5,597.318,8.5
2024,7,28,1,20,0,36.8,79.9,599.61,8
2024,7,28,1,30,0,37,79.5,600.36,7.6
2024,7,28,1,40,0,37,79.5,604.66,7.3
2024,7,28,1,50,0,37,79.5,608.348,7.3
2024,7,28,2,0,0,37.4,78.6,611.028,6.8
2024,7,28,2,10,0,37.7,78.6,610.378,6.5
2024,7,28,2,20,0,37.8,78.5,611.236,6.4
2024,7,28,2,30,0,38.1,77.7,611.264,6.3
2024,7,28,2,40,0,39,77.5,609.72,6.4
2024,7,28,2,50,0,39,77.5,611.082,6.6
2024,7,28,3,0,0,39,77.5,615.866,6.8
2024,7,28,3,10,0,39.3,77.4,616.72,6.6
2024,7,28,3,20,0,40,77.1,618.968,6.9
2024,7,28,3,30,0,39.4,77.5,621.214,6.7
2024,7,28,3,40,0,39.7,77,620.386,6.8
2024,7,28,3,50,0,40,76.6,618.346,6.9
2024,7,28,4,0,0,39.7,77.5,616.138,7
2024,7,28,4,10,0,39.2,77.5,614.11,6.9
2024,7,28,4,20,0,39.6,77.5,614.088,6.9
2024,7,28,4,30,0,39.3,77.4,612.638,7.2
2024,7,28,4,40,0,40,77.5,617.664,7.8
2024,7,28,4,50,0,40.1,77.1,617.94,7.9
2024,7,28,5,0,0,41,75.8,619.956,7.7
2024,7,28,5,10,0,41,76.1,617.156,7.4
2024,7,28,5,20,0,41.4,75.7,612.046,7.7
2024,7,28,5,30,0,41,75.7,611.604,7.8
2024,7,28,5,40,0,41.8,75.6,614.292,8.2
2024,7,28,5,50,0,42.5,75.2,624.028,8.1
2024,7,28,6,0,0,42.5,75.2,614.966,7.7
2024,7,28,6,10,0,42,75.5,605.274,7.9
2024,7,28,6,20,0,42.7,74.7,598.818,8.2
2024,7,28,6,30,0,42.2,75.4,594.238,8.3
2024,7,28,6,40,0,42.4,75.1,589.57,8.6
2024,7,28,6,50,0,42.6,74.9,587.184,8.6
2024,7,28,7,0,0,42.4,75.4,579.334,8.5
2024,7,28,7,10,0,42.1,75.5,568.696,8.9
2024,7,28,7,20,0,41.4,76.3,562.216,9.2
2024,7,28,7,30,0,40.4,77,554.69,9.5
2024,7,28,7,40,0,39.2,78,543.256,9
2024,7,28,7,50,0,38.3,78.5,534.6,9
2024,7,28,8,0,0,37.4,79.3,526.968,9.1
2024,7,28,8,10,0,36.2,80.7,515.068,9.4
2024,7,28,8,20,0,35.2,81.5,509.424,9.3
2024,7,28,8,30,0,34.6,82.2,502.494,9
2024,7,28,8,40,0,33.9,82.9,492.674,9.1
2024,7,28,8,50,0,32.7,84.1,481.652,9.2
2024,7,28,9,0,0,32,85.1,464.066,9.4
2024,7,28,9,10,0,31.3,85.7,455.16,9.7
2024,7,28,9,20,0,30.4,86.7,441.822,9.6
2024,7,28,9,30,0,29.7,87.3,429.906,9.5
2024,7,28,9,40,0,29,88.3,412.394,9.3
2024,7,28,9,50,0,28.4,88.9,399.084,9.2
2024,7,28,10,0,0,27.5,89.5,385.88,9
2024,7,28,10,10,0,27.3,90.5,370.68,9
2024,7,28,10,20,0,26.6,91.1,360.766,9.2
2024,7,28,10,30,0,26,92.3,350.434,9.2
2024,7,28,10,40,0,25.2,93.1,348.374,8.9
2024,7,28,10,50,0,24.9,93.7,331.5,9.1
2024,7,28,11,0,0,24.2,94.1,304.418,9.4
2024,7,28,11,10,0,23.8,94.5,277.872,9.1
2024,7,28,11,20,0,22.6,94.8,249.652,8.8
2024,7,28,11,30,0,22,95.7,224.914,8.7
2024,7,28,11,40,0,21.5,95.8,195.372,8.7
2024,7,28,11,50,0,21.5,96.5,172.444,9
2024,7,28,12,0,0,21.6,96.8,164.846,8.5
2024,7,28,12,10,0,21.2,97.5,154.794,8.1
2024,7,28,12,20,0,20.5,97.7,113.324,9.1
2024,7,28,12,30,0,20.9,97.7,73.788,9
2024,7,28,12,40,0,20.5,98.2,56.836,9
2024,7,28,12,50,0,20.2,99.2,71.462,8.7
2024,7,28,13,0,0,20.1,99.7,55.576,8.9
2024,7,28,13,10,0,19.5,100.7,58.598,8.7
2024,7,28,13,20,0,19.4,101.8,65.682,8.6
2024,7,28,13,30,0,18.8,101.9,52.578,8.6
2024,7,28,13,40,0,18.3,102.8,53.05,8.3
2024,7,28,13,50,0,18.4,102.6,51.816,8.4
2024,7,28,14,0,0,17.5,103.5,50.674,8.2
2024,7,28,14,10,0,17.2,102.8,51.12,8.4
2024,7,28,14,20,0,16.1,103.9,51.564,8.5
2024,7,28,14,30,0,14.8,104.3,50.296,8.3
2024,7,28,14,40,0,15.3,104.9,54.068,8.1
2024,7,28,14,50,0,14.3,105.5,75.34,8
2024,7,28,15,0,0,13.8,106.3,73.54,7.6
2024,7,28,15,10,0,13.5,106.7,86.092,7.1
2024,7,28,15,20,0,13.5,107.4,103.33,7
2024,7,28,15,30,0,13.8,106.6,65.96,7.5
2024,7,28,15,40,0,13.9,107.3,71.508,7.3
2024,7,28,15,50,0,13.6,107.5,87.902,7.2
2024,7,28,16,0,0,13.7,107.8,81.608,7
2024,7,28,16,10,0,14.2,108.3,84.832,6.9
2024,7,28,16,20,0,13.5,108,82.744,6.9
2024,7,28,16,30,0,13.8,108.3,53.876,7.2
2024,7,28,16,40,0,13.4,107.8,54.338,6.3
2024,7,28,16,50,0,13.5,107.5,51.938,6.6
2024,7,28,17,0,0,13.5,107.4,50.46,6.3
2024,7,28,17,10,0,13.5,107.4,60.096,6.1
2024,7,28,17,20,0,13.7,107.5,64.17,6
2024,7,28,17,30,0,13.7,107.5,110.384,5.7
2024,7,28,17,40,0,14.4,107.5,136.176,6.1
2024,7,28,17,50,0,14.5,107.1,134.752,6.4
2024,7,28,18,0,0,14.3,106.8,99.48,6.4
2024,7,28,18,10,0,15,106.5,80.04,6.6
2024,7,28,18,20,0,14.5,106.1,81.676,6
2024,7,28,18,30,0,14.4,105.4,83.918,5.4
2024,7,28,18,40,0,14.5,105.4,86.114,5.5
2024,7,28,18,50,0,15.1,104.6,110.286,5.7
2024,7,28,19,0,0,15.5,103.9,147.616,5.7
2024,7,28,19,10,0,16.3,103.5,182.542,5.9
2024,7,28,19,20,0,16.7,102.7,209.754,5.9
2024,7,28,19,30,0,17.7,101.7,261.738,6
2024,7,28,19,40,0,18.6,101.1,292.024,6.1
2024,7,28,19,50,0,19.6,100.2,335.584,6.3
2024,7,28,20,0,0,20.7,99.3,382.426,6.1
2024,7,28,20,10,0,22.2,98.1,432.184,6.9
2024,7,28,20,20,0,23.3,97.3,458.296,6.6
2024,7,28,20,30,0,24.9,96.3,489.462,7.2
2024,7,28,20,40,0,25.5,95.5,508.404,6.9
2024,7,28,20,50,0,25.6,95,542.184,10.1
2024,7,28,21,0,0,26.1,94.5,563.736,9
2024,7,28,21,10,0,26.5,93.8,584.512,9.2
2024,7,28,21,20,0,27.2,92.9,619.524,8.8
2024,7,28,21,30,0,28.5,91.7,605.076,8
2024,7,28,21,40,0,29.3,91.3,605.738,8.4
2024,7,28,21,50,0,30.1,90.5,627.444,9.7
2024,7,28,22,0,0,30.4,90.5,624.992,9.4
2024,7,28,22,10,0,31,89.5,628.706,10
2024,7,28,22,20,0,31.6,89.3,624.788,9.8
2024,7,28,22,30,0,32,88.6,609.646,9.6
2024,7,28,22,40,0,32,87.8,611.732,10.5
2024,7,28,22,50,0,30.5,87.5,618.02,11.9
2024,7,28,23,0,0,30.6,87.1,619.494,11.8
2024,7,28,23,10,0,30.8,86.5,621.358,10.7
2024,7,28,23,20,0,30.1,86.5,618.956,9.7
2024,7,28,23,30,0,30.7,85.6,626.798,9.6
2024,7,28,23,40,0,30.9,85.5,631.14,9.3
2024,7,28,23,50,0,30.6,84.8,613.218,8.4
2024,7,29,0,0,0,30.5,84.5,589.424,8.2
2024,7,29,0,10,0,30.5,84.1,584.192,7.9
2024,7,29,0,20,0,30.7,83.5,582.532,8.1
2024,7,29,0,30,0,30.4,83.5,577.1,8.2
2024,7,29,0,40,0,30.5,82.7,558.858,8.7
2024,7,29,0,50,0,30.5,82.5,549.334,10.1
2024,7,29,1,0,0,30.5,82.3,546.186,9.9
2024,7,29,1,10,0,30.7,82.1,540.114,9.8
2024,7,29,1,20,0,30.9,81.6,545.754,9
2024,7,29,1,30,0,30.5,81.9,554.086,8.4
2024,7,29,1,40,0,31,81.5,557.622,8.3
2024,7,29,1,50,0,31.1,81.5,562.188,8.8
2024,7,29,2,0,0,32,81.4,564.78,9.1
2024,7,29,2,10,0,32.9,80.5,566.966,9.5
2024,7,29,2,20,0,33,80.5,569.536,9.4
2024,7,29,2,30,0,33.8,80.5,576,9.2
2024,7,29,2,40,0,34,80,575.978,9.1
2024,7,29,2,50,0,34.3,79.5,568.91,9
2024,7,29,3,0,0,34.6,79.5,568.004,8.7
2024,7,29,3,10,0,35.1,79.5,575.844,8.9
2024,7,29,3,20,0,35.3,79.5,585.286,9.2
2024,7,29,3,30,0,36,79.5,590.116,9.1
2024,7,29,3,40,0,36.4,79.3,598.302,9.2
2024,7,29,3,50,0,36.7,79.5,608.938,9.2
2024,7,29,4,0,0,37,79.2,621.114,9.2
2024,7,29,4,10,0,37,79.5,631.128,8.9
2024,7,29,4,20,0,37,79.5,632.44,8.6
2024,7,29,4,30,0,37.5,79.5,640.608,9
2024,7,29,4,40,0,38,78.8,647.536,9.2
2024,7,29,4,50,0,38,79.1,648.752,8.8
2024,7,29,5,0,0,38.4,78.5,649.696,8.8
2024,7,29,5,10,0,39.1,78.4,643.232,8.7
2024,7,29,5,20,0,40,77.8,641.01,9
2024,7,29,5,30,0,40.1,77.7,638.354,9.2
2024,7,29,5,40,0,41.2,77.1,627.984,9.5
2024,7,29,5,50,0,41.6,76.7,627.208,10.1
2024,7,29,6,0,0,42.5,76.5,620.136,9.9
2024,7,29,6,10,0,42.9,76.3,623.744,10.3
2024,7,29,6,20,0,43.3,75.8,631.208,10.3
2024,7,29,6,30,0,43.2,75.7,637.28,10.7
2024,7,29,6,40,0,42.7,76.9,635.6,10.2
2024,7,29,6,50,0,41.4,77.7,634.472,9.8
2024,7,29,7,0,0,41.1,78.1,633.57,9.7
2024,7,29,7,10,0,41.1,78.5,632.39,10
2024,7,29,7,20,0,41,79.3,626.71,10.3
2024,7,29,7,30,0,40.1,79.9,617.824,10.3
2024,7,29,7,40,0,39.2,81.1,618.488,11.1
2024,7,29,7,50,0,38.3,81.9,614.28,11.8
2024,7,29,8,0,0,37.4,82.9,608.606,11.4
2024,7,29,8,10,0,36.4,83.5,590.786,11.1
2024,7,29,8,20,0,35.5,84.8,579.342,10.6
2024,7,29,8,30,0,33.8,85.7,560.822,10.5
2024,7,29,8,40,0,33,86.6,541.636,10.5
2024,7,29,8,50,0,31.8,87.7,525.976,9.9
2024,7,29,9,0,0,30.4,88.5,495.126,10.3
2024,7,29,9,10,0,29.6,89.3,478.366,11.1
2024,7,29,9,20,0,28.8,90.4,467.24,11.5
2024,7,29,9,30,0,28.3,91.3,458.444,11.2
2024,7,29,9,40,0,27,92.3,425.726,10.8
2024,7,29,9,50,0,26.4,92.8,399.084,11.3
2024,7,29,10,0,0,25.9,93.7,384.936,11.8
2024,7,29,10,10,0,25.2,94.7,368.62,11.9
2024,7,29,10,20,0,24.5,95.3,345.472,11.5
2024,7,29,10,30,0,24.2,96.3,329.576,11.4
2024,7,29,10,40,0,23.7,97.5,321.608,11.8
2024,7,29,10,50,0,23.1,98.5,293.852,11.7
2024,7,29,11,0,0,22.6,98.9,263.948,12.3
2024,7,29,11,10,0,22.4,99.5,241.124,12.6
2024,7,29,11,20,0,21.6,100.2,208.864,12.3
2024,7,29,11,30,0,21.2,101.3,196.672,11.8
2024,7,29,11,40,0,20.6,102.1,175.164,12
2024,7,29,11,50,0,19.9,102.5,139.034,10.8
2024,7,29,12,0,0,19.6,103.4,120.912,10.4
2024,7,29,12,10,0,19.4,104.3,101.828,10
2024,7,29,12,20,0,19.3,104.2,86.67,10.3
2024,7,29,12,30,0,19.2,104.5,58.482,9.8
2024,7,29,12,40,0,17.7,105.4,56.21,9.6
2024,7,29,12,50,0,17.25,104.625,50,9.4
2024,7,29,13,0,0,17.3,104.9,50,9.7
2024,7,29,13,10,0,16.9,105.6,52.2,9.5
2024,7,29,13,20,0,15.5,105.9,56.616,8.9
2024,7,29,13,30,0,14.9,107.3,54.916,8.9
2024,7,29,13,40,0,14.5,107.9,67.518,9.1
2024,7,29,13,50,0,14.5,108.3,67.09,8.6
2024,7,29,14,0,0,14.5,109.2,83.632,8.4
2024,7,29,14,10,0,14.4,109.7,100.534,8.3
2024,7,29,14,20,0,13.5,110.1,102.508,8.1
2024,7,29,14,30,0,13.4,110.5,82.27,8.1
2024,7,29,14,40,0,13.6,110.8,98.202,8.4
2024,7,29,14,50,0,13,111.5,97.172,8.2
2024,7,29,15,0,0,13.3,111.5,100.964,8.3
2024,7,29,15,10,0,13.3,111.3,73.846,8.4
2024,7,29,15,20,0,12.6,112.1,57.194,7.8
2024,7,29,15,30,0,12.5,112.3,85.826,7.5
2024,7,29,15,40,0,12.4,112.5,116.056,6.8
2024,7,29,15,50,0,12.4,112.3,112.412,6.6
2024,7,29,16,0,0,12.5,112.5,127.156,6.2
2024,7,29,16,10,0,12,112.625,158.247,6
2024,7,29,16,20,0,11.6,112.9,149.908,6.2
2024,7,29,16,30,0,11.2,112.5,169.68,5.9
2024,7,29,16,40,0,11.8,112.5,164.974,6
2024,7,29,16,50,0,11.5,112.5,169.32,6
2024,7,29,17,0,0,11.5,112,161.814,5.8
2024,7,29,17,10,0,11.6,111.5,140.046,6.4
2024,7,29,17,20,0,11.8,111.5,139.456,6
2024,7,29,17,30,0,11.6,110.7,145.87,5.9
2024,7,29,17,40,0,11.7,110.5,139.23,5.9
2024,7,29,17,50,0,11.8,109.8,118.9,6
2024,7,29,18,0,0,12.6,109.5,97.862,6.4
2024,7,29,18,10,0,12.8,108.8,80.788,6.3
2024,7,29,18,20,0,13.5,108.4,72.51,6.6
2024,7,29,18,30,0,13.5,107.7,62.566,7.3
2024,7,29,18,40,0,14.5,107.1,52.96,7.7
2024,7,29,18,50,0,15.1,106.3,75.912,7.7
2024,7,29,19,0,0,15.8,105.5,56.682,8.3
2024,7,29,19,10,0,16.9,104.3,59.758,8.7
2024,7,29,19,20,0,17.8,103.5,53.334,9.7
2024,7,29,19,30,0,19.2,102.5,75.258,9.9
2024,7,29,19,40,0,19.5,101.3,96.822,10.3
2024,7,29,19,50,0,20.4,100.1,94.718,10.8
2024,7,29,20,0,0,21.4,98.9,60.484,10.9
2024,7,29,20,10,0,22.3,97.9,51.884,12.5
2024,7,29,20,20,0,23.7,96.6,57.078,11.5
2024,7,29,20,30,0,24.3,95.9,86.476,11.8
2024,7,29,20,40,0,24.7,95.1,100.548,12.5
2024,7,29,20,50,0,25.5,94.5,116.92,13.1
2024,7,29,21,0,0,25.8,93.9,111.874,13.4
2024,7,29,21,10,0,26.5,93.3,148.948,14
2024,7,29,21,20,0,26.7,92.8,203.898,14.4
2024,7,29,21,30,0,27.3,92.5,198.794,14.4
2024,7,29,21,40,0,27.9,91.8,215.084,14.3
2024,7,29,21,50,0,28.3,91,224.178,15.1
2024,7,29,22,0,0,29,90.5,224.404,15.5
2024,7,29,22,10,0,29,90.4,228.73,16.3
2024,7,29,22,20,0,29.7,89.5,234.026,16.9
2024,7,29,22,30,0,30,89.5,228.9,18.4
2024,7,29,22,40,0,30.1,89.5,219.268,18.9
2024,7,29,22,50,0,30.8,88.8,220.576,19.5
2024,7,29,23,0,0,31.3,88.6,235.52,19.8
2024,7,29,23,10,0,32.1,87.6,259.454,20.2
2024,7,29,23,20,0,32.9,87.5,291.636,20.6
2024,7,29,23,30,0,33.5,87.2,331.424,20.8
2024,7,29,23,40,0,33.4,87.1,369.208,20.5
2024,7,29,23,50,0,34.8,86.5,409.432,19.7
2024,7,30,0,0,0,34.4,86.3,445.408,19.1
2024,7,30,0,10,0,35,85.5,465.854,18.5
2024,7,30,0,20,0,35,85.5,494.916,17.5
2024,7,30,0,30,0,35,85.3,511.142,17.8
2024,7,30,0,40,0,35.5,84.5,527.804,17.2
2024,7,30,0,50,0,35.8,84.3,540.954,16.9
2024,7,30,1,0,0,35,84.3,553.792,16.3
2024,7,30,1,10,0,35.1,83.5,559.322,16
2024,7,30,1,20,0,35,83.3,564.892,15.6
2024,7,30,1,30,0,34.8,83.3,568.56,15
2024,7,30,1,40,0,35,82.5,572.16,14.7
2024,7,30,1,50,0,35.3,81.9,573.044,14.5
2024,7,30,2,0,0,35.5,81.7,577.95,14.7
2024,7,30,2,10,0,36,81.5,582.352,15.2
2024,7,30,2,20,0,36.2,81.5,589.552,15.1
2024,7,30,2,30,0,36.4,81.1,603.948,16
2024,7,30,2,40,0,36,81.5,608.202,15.9
2024,7,30,2,50,0,35.8,81.5,603.852,16.1
2024,7,30,3,0,0,36,81.4,601.376,16.5
2024,7,30,3,10,0,36,81.4,601.302,17
2024,7,30,3,20,0,36,80.5,596.69,16.6
2024,7,30,3,30,0,36.1,80.5,612.926,17.5
2024,7,30,3,40,0,36,80.5,615.058,17.7
2024,7,30,3,50,0,35.8,80.5,604.558,18.2
2024,7,30,4,0,0,35.6,80.5,597.902,18.1
2024,7,30,4,10,0,35.6,80.3,583.394,17.4
2024,7,30,4,20,0,37,79.5,596.84,18.1
2024,7,30,4,30,0,37.4,79.3,599.85,17.8
2024,7,30,4,40,0,38,78.5,594.182,17.5
2024,7,30,4,50,0,38,78.5,593.264,16.4
2024,7,30,5,0,0,38.4,78.5,590.736,15.8
2024,7,30,5,10,0,38.8,78.5,592.636,16.2
2024,7,30,5,20,0,39,78.5,591.756,16.3
2024,7,30,5,30,0,39,78.5,595.148,15.9
2024,7,30,5,40,0,38.4,78.5,593.828,16.1
2024,7,30,5,50,0,38.3,78.5,573.826,16.1
2024,7,30,6,0,0,38.9,78.5,599.328,16.1
2024,7,30,6,10,0,39.3,78.5,604.912,16.4
2024,7,30,6,20,0,39.1,78.5,599.284,16.1
2024,7,30,6,30,0,39.3,78.3,585.852,15.4
2024,7,30,6,40,0,39.1,78.5,580.156,15.1
2024,7,30,6,50,0,39,78.5,578.75,14.8
2024,7,30,7,0,0,38.9,78.9,577.946,14.7
2024,7,30,7,10,0,38.8,79.3,578.45,14.9
2024,7,30,7,20,0,38.4,79.9,573.636,15.3
2024,7,30,7,30,0,38,80.5,572.786,15
2024,7,30,7,40,0,37,81.4,569.854,14.5
2024,7,30,7,50,0,36,82.3,551.758,14.5
2024,7,30,8,0,0,35.2,83.1,544.624,14.1
2024,7,30,8,10,0,33.6,84.2,530.554,14.9
2024,7,30,8,20,0,33.1,85.3,520.314,15.2
2024,7,30,8,30,0,31.9,86.5,515.04,14.8
2024,7,30,8,40,0,30.7,87.5,495.562,14.7
2024,7,30,8,50,0,29.2,88.5,483.644,13.1
2024,7,30,9,0,0,28.2,89.9,467.646,12.6
2024,7,30,9,10,0,27.1,90.5,454.948,11.7
2024,7,30,9,20,0,26.4,91.4,444.156,11.8
2024,7,30,9,30,0,25.9,92.3,429.596,11.2
2024,7,30,9,40,0,25.3,92.9,416.826,10.9
2024,7,30,9,50,0,24.7,94,403.872,11.2
2024,7,30,10,0,0,24.3,94.6,384.318,11.5
2024,7,30,10,10,0,23.9,95.5,369.066,10.8
2024,7,30,10,20,0,22.6,96.3,351.742,10.6
2024,7,30,10,30,0,22.1,96.7,331.752,10.4
2024,7,30,10,40,0,21.6,97.7,326.6,10.7
2024,7,30,10,50,0,20.9,98.5,310.498,10.1
2024,7,30,11,0,0,20.5,99.7,303.136,10
2024,7,30,11,10,0,20.4,99.9,280.09,11.1
2024,7,30,11,20,0,20.1,100.7,272.288,10.5
2024,7,30,11,30,0,19.5,101.2,255,10.1
2024,7,30,11,40,0,19.5,101.7,245.224,9.9
2024,7,30,11,50,0,18.5,102.7,226.028,10.2
2024,7,30,12,0,0,18.1,103.6,221.514,9.9
2024,7,30,12,10,0,18.1,103.8,201.116,10.2
2024,7,30,12,20,0,17.6,104.5,195.516,10.3
2024,7,30,12,30,0,18.3,104.4,169.634,10.6
2024,7,30,12,40,0,17.7,105.2,163.76,10.8
2024,7,30,12,50,0,17.7,105.6,137.254,10.9
2024,7,30,13,0,0,17.6,105.3,104.748,11.3
2024,7,30,13,10,0,17.4,106.3,94.636,11.5
2024,7,30,13,20,0,16.7,107.3,98.816,11.9
2024,7,30,13,30,0,16.1,107.2,61.74,11.8
2024,7,30,13,40,0,15.5,108.4,63.4,12
2024,7,30,13,50,0,14.8,109.1,61.27,11.8
2024,7,30,14,0,0,13.9,109.3,52.368,12
2024,7,30,14,10,0,13.2,110.1,60.162,12
2024,7,30,14,20,0,12.7,110.9,75.794,11.7
2024,7,30,14,30,0,12.5,111.4,71.822,11.2
2024,7,30,14,40,0,12.2,111.7,59.606,10.9
2024,7,30,14,50,0,12.5,111.7,50.944,11.1
2024,7,30,15,0,0,11.9,112.1,52.388,10.9
2024,7,30,15,10,0,11.6,112.3,58.772,10.6
2024,7,30,15,20,0,12.1,112.5,51.338,10.7
2024,7,30,15,30,0,12,112.9,52.32,10.3
2024,7,30,15,40,0,11.5,113.3,62.914,10.2
2024,7,30,15,50,0,11.5,113.5,69.808,9.8
2024,7,30,16,0,0,11.5,113.6,59.984,10
2024,7,30,16,10,0,12.2,113.5,54.778,10.8
2024,7,30,16,20,0,12.4,113.3,51.846,10.5
2024,7,30,16,30,0,11.6,113.4,51.322,10.3
2024,7,30,16,40,0,12.1,113.5,54.14,10.7
2024,7,30,16,50,0,11.6,113.2,52.39,10.7
2024,7,30,17,0,0,11.7,112.4,50.974,10.4
2024,7,30,17,10,0,11.9,112.3,55.26,10.2
2024,7,30,17,20,0,11.6,111.5,57.45,9.8
2024,7,30,17,30,0,11.9,111.5,65.358,9.2
2024,7,30,17,40,0,11.7,111.3,81.554,9.1
2024,7,30,17,50,0,12.6,110.1,82.086,9.1
2024,7,30,18,0,0,13,109.7,92.548,8.9
2024,7,30,18,10,0,13.4,109.3,102.018,8.6
2024,7,30,18,20,0,14.4,108.7,117.868,8.5
2024,7,30,18,30,0,14.5,107.9,86.714,8.8
2024,7,30,18,40,0,15.5,107.7,83.624,9.3
2024,7,30,18,50,0,16.6,106.5,88.438,9.9
2024,7,30,19,0,0,17.4,106,98.708,10
2024,7,30,19,10,0,18.2,105,123.686,9.8
2024,7,30,19,20,0,19.1,103.9,171.974,9.5
2024,7,30,19,30,0,19.8,102.7,215.458,9.3
2024,7,30,19,40,0,20.2,101.8,243.012,8.9
2024,7,30,19,50,0,20.2,100.9,251.092,8.1
2024,7,30,20,0,0,21.3,99.5,261.902,8.2
2024,7,30,20,10,0,22.4,98.4,292.88,8.3
2024,7,30,20,20,0,23,97.9,333.716,8.4
2024,7,30,20,30,0,23.8,97.1,404.688,8.8
2024,7,30,20,40,0,24.4,96.3,434.804,8.5
2024,7,30,20,50,0,24.9,95.5,473.71,8.4
2024,7,30,21,0,0,25.6,94.5,462.992,8.3
2024,7,30,21,10,0,26.2,93.7,434.752,8
2024,7,30,21,20,0,27.1,92.7,432.13,8
2024,7,30,21,30,0,28,91.9,438.26,7.6
2024,7,30,21,40,0,28.5,91.5,440.046,7.8
2024,7,30,21,50,0,28.9,90.9,446.97,7.7
2024,7,30,22,0,0,29.8,90.3,441.756,7.4
2024,7,30,22,10,0,30,89.5,441.398,7.3
2024,7,30,22,20,0,30.4,89.1,435.178,7.1
2024,7,30,22,30,0,31.1,88.6,442.15,7.1
2024,7,30,22,40,0,31.9,88.5,454.45,7.2
2024,7,30,22,50,0,32.6,88,469.596,6.8
2024,7,30,23,0,0,33.5,87.5,486.954,6.9
2024,7,30,23,10,0,34.4,87.3,500.27,6.6
2024,7,30,23,20,0,34.8,87.1,523.606,6.3
2024,7,30,23,30,0,35.8,86.5,544.156,6.1
2024,7,30,23,40,0,36,86.5,562.264,5.8
2024,7,30,23,50,0,36.1,86.5,573.578,5.5
2024,7,31,0,0,0,36.8,86.4,585.596,5.4
2024,7,31,0,10,0,37.7,85.7,592.828,4.7
2024,7,31,0,20,0,38.8,85.5,601.062,4.1
2024,7,31,0,30,0,38.7,85.5,612.78,3.3
2024,7,31,0,40,0,38.9,85.5,622.996,2.9
2024,7,31,0,50,0,39,85.1,628.542,2.8
2024,7,31,1,0,0,39.1,84.7,632.196,2.5
2024,7,31,1,10,0,39,84.8,640.244,2.2
2024,7,31,1,20,0,39.7,84.5,649.706,2.2
2024,7,31,1,30,0,40.25,83.875,650.608,2.2
2024,7,31,1,40,0,41.1,83.5,651.298,2
2024,7,31,1,50,0,41.5,83,651.467,2.1
2024,7,31,2,0,0,41.9,82.5,653.024,2
2024,7,31,2,10,0,41.8,82.8,652.652,1.9
2024,7,31,2,20,0,42.5,82.3,653.132,1.8
2024,7,31,2,30,0,43.2,81.5,650.846,1.9
2024,7,31,2,40,0,43.5,81.3,650.064,1.8
2024,7,31,2,50,0,43.625,81,651.665,1.8
2024,7,31,3,0,0,44.5,80.5,649.594,2
2024,7,31,3,10,0,44.5,80.5,647.048,2
2024,7,31,3,20,0,44.7,80.5,648.474,1.9
2024,7,31,3,30,0,44.9,80.5,646.72,1.9
2024,7,31,3,40,0,44.9,80,643.592,2
2024,7,31,3,50,0,45.4,79.5,641.608,1.8
2024,7,31,4,0,0,45.5,79.5,638.646,1.8
2024,7,31,4,10,0,45.5,79.5,635.364,1.9
2024,7,31,4,20,0,45.5,79.2,634.42,1.7
2024,7,31,4,30,0,45.5,79.4,629.83,1.8
2024,7,31,4,40,0,45,79.5,625.67,1.6
2024,7,31,4,50,0,45.2,79.2,625.626,1.7
2024,7,31,5,0,0,45.5,78.5,623.902,1.7
2024,7,31,5,10,0,45.6,78.5,621.434,1.6
2024,7,31,5,20,0,45.4,78.7,618.472,1.5
2024,7,31,5,30,0,45.3,78.5,617.646,1.6
2024,7,31,5,40,0,44.8,79.3,611.228,1.6
2024,7,31,5,50,0,44.4,79.4,613.468,1.7
2024,7,31,6,0,0,44.833,79.5,611.05,1.7
2024,7,31,6,10,0,45,79.2,616.448,1.8
2024,7,31,6,20,0,46,78.5,608.514,1.9
2024,7,31,6,30,0,45.5,79.3,607.75,1.9
2024,7,31,6,40,0,44.7,79.5,600.352,2
2024,7,31,6,50,0,45,79.1,588.932,2.4
2024,7,31,7,0,0,43.4,80.3,586.41,2.5
2024,7,31,7,10,0,43,80.5,581.392,2.8
2024,7,31,7,20,0,42.2,81.1,579.154,2.8
2024,7,31,7,30,0,41.9,81.4,573.038,3
2024,7,31,7,40,0,40.7,82.4,559.316,3.3
2024,7,31,7,50,0,39.2,83.2,549.392,2.9
2024,7,31,8,0,0,39,83.6,544.44,3.1
2024,7,31,8,10,0,37.8,84.5,536.812,2.8
2024,7,31,8,20,0,37.1,85.4,528.642,2.9
2024,7,31,8,30,0,36.1,86.3,521.976,2.8
2024,7,31,8,40,0,34.9,87.3,510.904,2.4
2024,7,31,8,50,0,34.8,88.1,502.098,2.6
2024,7,31,9,0,0,33.6,89.5,500.67,2.7
2024,7,31,9,10,0,32.8,90.3,491.988,2.6
2024,7,31,9,20,0,31.6,91.4,479.228,2.6
2024,7,31,9,30,0,31,92.7,469.042,2.4
2024,7,31,9,40,0,30.3,93.4,457.9,2.4
2024,7,31,9,50,0,29.7,94.1,445.456,2.4
2024,7,31,10,0,0,28.5,95,439.804,2.2
2024,7,31,10,10,0,27.6,96.4,425.694,2.3
2024,7,31,10,20,0,27,96.6,404.03,2.1
2024,7,31,10,30,0,26.2,97.9,391.112,1.8
2024,7,31,10,40,0,26,98.1,372.632,1.7
2024,7,31,10,50,0,25.25,99,360.892,1.7
2024,7,31,11,0,0,24.6,100,415.353,1.7
2024,7,31,11,10,0,23.4,100.9,412.398,1.5
2024,7,31,11,20,0,23,101.5,398.988,1.7
2024,7,31,11,30,0,22.2,102.5,387.078,2.1
2024,7,31,11,40,0,22.1,103,375.706,2
2024,7,31,11,50,0,21.5,103.7,362.186,2.1
2024,7,31,12,0,0,21,104.7,360.79,1.8
2024,7,31,12,10,0,20.7,105.5,336.392,1.7
2024,7,31,12,20,0,20.2,105.8,313.998,1.7
2024,7,31,12,30,0,19.5,106.9,312.302,1.5
2024,7,31,12,40,0,19.6,107.3,301.642,1.5
2024,7,31,12,50,0,18.7,108.1,299.174,1.3
2024,7,31,13,0,0,18.3,108.1,285.802,1.4
2024,7,31,13,10,0,16.7,109.3,308.87,1
2024,7,31,13,20,0,16.6,109.9,329.268,1.1
2024,7,31,13,30,0,16,109.625,321.94,1
2024,7,31,13,40,0,15.417,109.333,293.557,1
2024,7,31,13,50,0,15.8,109.9,274.98,1.4
2024,7,31,14,0,0,15.1,110.7,292.564,1.3
2024,7,31,14,10,0,14,111,255.988,1.9
2024,7,31,14,20,0,13.8,111.8,236.234,2
2024,7,31,14,30,0,14,112.1,235.068,1.8
2024,7,31,14,40,0,14,112.7,225.642,1.8
2024,7,31,14,50,0,13.5,113.5,235.728,1.6
2024,7,31,15,0,0,13.3,113.8,224.614,1.8
2024,7,31,15,10,0,13.125,114,211.32,1.9
2024,7,31,15,20,0,13.1665,113.667,196.77,1.9
2024,7,31,15,30,0,12.9,114.5,204.858,2.1
2024,7,31,15,40,0,11.9,115.1,206.902,2.7
2024,7,31,15,50,0,12.6,114.8,199.19,3.3
2024,7,31,16,0,0,13,114.8,195.082,3.1
2024,7,31,16,10,0,13,114.5,206.325,3.7
2024,7,31,16,20,0,12.8335,114.5,197.393,3.8
2024,7,31,16,30,0,12.2,114.5,178.212,4.8
2024,7,31,16,40,0,11.5,114.5,163.11,6
2024,7,31,16,50,0,10.917,114.333,127.492,9.4
2024,7,31,17,0,0,9.75,113.75,96.505,12.6
2024,7,31,17,10,0,9.3,113.6,58.96,11.9
2024,7,31,17,20,0,9.5,113.7,54.938,13
2024,7,31,17,30,0,10.5,113.2,50.408,11.5
2024,7,31,17,40,0,11.6,112.7,61.278,7.5
2024,7,31,17,50,0,12.4,111.8,77.71,7.9
2024,7,31,18,0,0,12.5,111.5,92.704,8.8
2024,7,31,18,10,0,12.5,111.5,96.188,9.6
2024,7,31,18,20,0,12.7,110.7,84.112,11.8
2024,7,31,18,30,0,13.4,110.5,79.778,12.1
2024,7,31,18,40,0,13.7,109.9,61.736,10.9
2024,7,31,18,50,0,14.1,109.5,69.01,11.5
2024,7,31,19,0,0,14.6,108.9,84.5,11.3
2024,7,31,19,10,0,15.4,107.9,139.88,11.7
2024,7,31,19,20,0,15.6,107.5,174.83,13
2024,7,31,19,30,0,16.4,106.2,192.012,12.9
2024,7,31,19,40,0,17.2,105.3,216.656,13.1
2024,7,31,19,50,0,17.8,104.5,256.494,13.7
2024,7,31,20,0,0,18.5,103.5,308.852,14.2
2024,7,31,20,10,0,18.9,102.9,366.48,13.2
2024,7,31,20,20,0,20,101.8,386.822,11
2024,7,31,20,30,0,21.2,100.7,421.062,9.9
2024,7,31,20,40,0,22.5,99.9,453.75,9.6
2024,7,31,20,50,0,23.6,98.9,457.224,7.9
2024,7,31,21,0,0,24.5,97.7,450.55,7
2024,7,31,21,10,0,24.2,97.1,450.16,5.7
2024,7,31,21,20,0,24.4,96.7,448.15,4.9
2024,7,31,21,30,0,24.9,95.7,444.726,4.8
2024,7,31,21,40,0,25.2,95.5,442.918,4.1
2024,7,31,21,50,0,26.3,94.7,446.632,4
2024,7,31,22,0,0,26.7,94.5,467.828,3.8
2024,7,31,22,10,0,27.7,93.7,482.676,4.6
2024,7,31,22,20,0,28.6,93.5,508.53,5.3
2024,7,31,22,30,0,29.2,93.1,506.598,4.3
2024,7,31,22,40,0,29.8,92.5,494.174,3.9
2024,7,31,22,50,0,29.1,93.3,480.644,3.3
2024,7,31,23,0,0,29.5,92.9,471.604,3.2
2024,7,31,23,10,0,31,91.5,486.526,3.4
2024,7,31,23,20,0,31,91.5,486.14,3.2
2024,7,31,23,30,0,31,90.7,475.814,2.8
2024,7,31,23,40,0,31.5,90.5,486.778,3.1
2024,7,31,23,50,0,31.4,90.5,483.37,2.7
2024,8,1,0,0,0,31.8,89.9,464.482,2.3
2024,8,1,0,10,0,32.4,89.4,451.36,2.3
2024,8,1,0,20,0,33.8,88.5,445.6,2.2
2024,8,1,0,30,0,34.2,88.5,452.906,2.4
2024,8,1,0,40,0,34.8,87.8,457.09,2.5
2024,8,1,0,50,0,35.4,87.1,449.394,2.3
2024,8,1,1,0,0,35.8,87.1,454.544,2.2
2024,8,1,1,10,0,36,86.8,453.874,2.3
2024,8,1,1,20,0,36.1,86.5,449.206,2.3
2024,8,1,1,30,0,36.8,86.4,448.766,2.4
2024,8,1,1,40,0,36.2,86.5,441.772,2.4
2024,8,1,1,50,0,37,85.5,429.864,2.5
2024,8,1,2,0,0,36.8,85.9,423.08,2.7
2024,8,1,2,10,0,37.5,85.3,418.924,3.1
2024,8,1,2,20,0,37.8,85.4,415.732,3.2
2024,8,1,2,30,0,37.9,84.7,416.96,3.2
2024,8,1,2,40,0,38.6,84.5,423.946,3
2024,8,1,2,50,0,38.6,84.5,425.324,3.3
2024,8,1,3,0,0,38.7,84.1,426.806,3.5
2024,8,1,3,10,0,39.6,83.5,429.446,3.5
2024,8,1,3,20,0,39.7,83.5,434.03,3.5
2024,8,1,3,30,0,39.7,83.5,433.128,3.7
2024,8,1,3,40,0,39.4,83.5,431.32,3.4
2024,8,1,3,50,0,39.8,83.5,436.274,3.3
2024,8,1,4,0,0,40.3,82.5,446.91,3.6
2024,8,1,4,10,0,40.7,82.5,451.336,3.8
2024,8,1,4,20,0,40.2,82.7,446.668,3.5
2024,8,1,4,30,0,40,82.5,446.914,3.6
2024,8,1,4,40,0,40.3,82.5,445.036,3.5
2024,8,1,4,50,0,40.7,81.7,443.49,3.7
2024,8,1,5,0,0,40.9,81.5,443.24,3.7
2024,8,1,5,10,0,41.2,81.1,447.814,3.6
2024,8,1,5,20,0,41.3,81.1,449.582,3.4
2024,8,1,5,30,0,41,80.8,450.112,3.4
2024,8,1,5,40,0,40.3,81.3,448.76,3
2024,8,1,5,50,0,40.5,81.5,451.226,3.5
2024,8,1,6,0,0,40.1,81.5,456.374,3.7
2024,8,1,6,10,0,40.5,81.5,459.076,3.6
2024,8,1,6,20,0,40.6,81.5,463.91,3.2
2024,8,1,6,30,0,40.8,81,447.142,3.1
2024,8,1,6,40,0,40.4,81.5,437.878,3.1
2024,8,1,6,50,0,40,81.5,432.424,3.1
2024,8,1,7,0,0,39,82.3,428.17,3.1
2024,8,1,7,10,0,39,82.5,429.46,3.5
2024,8,1,7,20,0,37.9,83.3,423.472,3.5
2024,8,1,7,30,0,37.2,84.1,420.89,3.6
2024,8,1,7,40,0,36,85.3,411.626,3.4
2024,8,1,7,50,0,35.1,85.7,400.398,3.6
2024,8,1,8,0,0,34.3,87.2,391.46,3
2024,8,1,8,10,0,33.6,87.9,382.602,2.9
2024,8,1,8,20,0,32.7,88.9,374.672,2.9
2024,8,1,8,30,0,31.6,90.4,368.976,2.9
2024,8,1,8,40,0,30.7,91.1,355.928,2.8
2024,8,1,8,50,0,30.2,92.1,345.602,3.1
2024,8,1,9,0,0,30.5,92.7,336.132,3.4
2024,8,1,9,10,0,30,93.6,327.3,3.6
2024,8,1,9,20,0,29.8,94.5,312.21,3.5
2024,8,1,9,30,0,28.8,95.5,294.022,3.7
2024,8,1,9,40,0,28,96.3,259.284,3.8
2024,8,1,9,50,0,27.2,97.1,230.278,4.8
2024,8,1,10,0,0,26.9,97.4,198.872,5.5
2024,8,1,10,10,0,26.8,98.3,173.982,5.2
2024,8,1,10,20,0,26.1,99.5,155.144,5
2024,8,1,10,30,0,24.7,100.5,121.572,6.6
2024,8,1,10,40,0,24.2,101.3,97.184,7
2024,8,1,10,50,0,23.8,102.2,65.264,7.2
2024,8,1,11,0,0,23.7,103.2,54.126,7.5
2024,8,1,11,10,0,22.2,103.7,50.084,8.5
2024,8,1,11,20,0,21.9,104.5,50.036,8.4
2024,8,1,11,30,0,22,104.5,50,9
2024,8,1,11,40,0,22.125,104.875,50,9.1
2024,8,1,11,50,0,21.1,106.3,50,9.4
2024,8,1,12,0,0,20,107.3,50,10.1
2024,8,1,12,10,0,19.4,108.1,50,9.6
2024,8,1,12,20,0,19.2,108.5,50,9.3
2024,8,1,12,30,0,19.125,109.25,50,9.1
2024,8,1,12,40,0,18.9,109.5,50,8.8
2024,8,1,12,50,0,17.8,110,50,9.8
2024,8,1,13,0,0,17.9,110,50,9.3
2024,8,1,13,10,0,17,110.7,50,8.8
2024,8,1,13,20,0,15.8,110.4,50,8.8
2024,8,1,13,30,0,16.3,111.4,50,8.8
2024,8,1,13,40,0,15.8,111.5,50,9.1
2024,8,1,13,50,0,15.3,111.4,50,9.5
2024,8,1,14,0,0,14.5,111.7,50,10.3
2024,8,1,14,10,0,14,112.3,50,11
2024,8,1,14,20,0,13.7,113.2,50,11.2
2024,8,1,14,30,0,13,114.3,52.82,11.7
2024,8,1,14,40,0,13,115.5,76.792,11.5
2024,8,1,14,50,0,12.7,116.5,109.326,11.8
2024,8,1,15,0,0,12.5,117.5,124.332,11.8
2024,8,1,15,10,0,12.4,118.1,116.654,12.2
2024,8,1,15,20,0,12,118.5,139.318,12.3
2024,8,1,15,30,0,12,118.7,133.186,11.9
2024,8,1,15,40,0,12,118.3,121.974,11.7
2024,8,1,15,50,0,11.9,118.2,115.824,12.1
2024,8,1,16,0,0,11.5,118.3,107.156,12.7
2024,8,1,16,10,0,11.2,118.5,131.68,12.6
2024,8,1,16,20,0,11.1,118.5,126.98,12.6
2024,8,1,16,30,0,11.7,118,99.864,12.2
2024,8,1,16,40,0,12.1,117.5,78.222,12.3
2024,8,1,16,50,0,13,116.7,108.278,11.8
2024,8,1,17,0,0,13.2,116.4,143.238,11.5
2024,8,1,17,10,0,13.6,116.5,155.192,10.8
2024,8,1,17,20,0,13.4,116.3,160.626,11.5
2024,8,1,17,30,0,12.8,115.8,144.702,12
2024,8,1,17,40,0,13.4,115.5,118.448,12
2024,8,1,17,50,0,13.6,115.2,105.366,12.1
2024,8,1,18,0,0,14.2,114.5,80.282,11.9
2024,8,1,18,10,0,15.4,113.9,70.826,11.5
2024,8,1,18,20,0,15.5,113.5,71.79,11.4
2024,8,1,18,30,0,16.1,113.5,73.962,11.9
2024,8,1,18,40,0,17.2,112.7,78.802,12.5
2024,8,1,18,50,0,19,111.4,74.776,12.6
2024,8,1,19,0,0,19.8,110.1,132.34,13
2024,8,1,19,10,0,19.8,109.5,172.402,13.3
2024,8,1,19,20,0,20.7,109.1,251.554,12.9
2024,8,1,19,30,0,21.1,108.2,318.418,13.1
2024,8,1,19,40,0,21.6,107.4,358.848,12.8
2024,8,1,19,50,0,22.3,106.5,413.984,13.5
2024,8,1,20,0,0,22.8,105.8,454.082,13.3
2024,8,1,20,10,0,23,105.5,459.728,13.7
2024,8,1,20,20,0,23.1,105.5,489.944,13.3
2024,8,1,20,30,0,23.7,104.5,524.458,12.8
2024,8,1,20,40,0,24,104.3,535.164,13.1
2024,8,1,20,50,0,25.4,103.2,518.468,12.8
2024,8,1,21,0,0,26.2,102.3,523.684,12.5
2024,8,1,21,10,0,26.6,101.1,510.628,11.9
2024,8,1,21,20,0,26.3,100.3,480.376,11.4
2024,8,1,21,30,0,25.6,100.5,458.562,11
2024,8,1,21,40,0,25.8,99.8,459.32,11.1
2024,8,1,21,50,0,25.7,99.3,456.054,11.3
2024,8,1,22,0,0,26.4,98.5,439.458,11.7
2024,8,1,22,10,0,27.1,97.7,451.576,11.4
2024,8,1,22,20,0,27.5,97.2,439.286,11.9
2024,8,1,22,30,0,27.4,97.1,474.714,14.1
2024,8,1,22,40,0,28.3,96.1,489.948,12.3
2024,8,1,22,50,0,28.4,96.1,470.124,10.1
2024,8,1,23,0,0,28.9,95.5,484.162,9.8
2024,8,1,23,10,0,29.5,94.9,495.48,10.5
2024,8,1,23,20,0,29.8,94.7,514.914,10.2
2024,8,1,23,30,0,30.4,94.5,539.516,11.2
2024,8,1,23,40,0,30.5,94.5,563.402,10.5
2024,8,1,23,50,0,31,93.5,576.496,8.5
2024,8,2,0,0,0,30.8,93.4,581.514,6.2
2024,8,2,0,10,0,30.2,93.1,578.956,5.5
2024,8,2,0,20,0,30.3,92.3,575.838,5
2024,8,2,0,30,0,29.4,92.5,568.676,4.3
2024,8,2,0,40,0,28.4,92.5,550.888,3.7
2024,8,2,0,50,0,29,91.5,535.344,3.8
2024,8,2,1,0,0,28.2,92.3,541.198,3.6
2024,8,2,1,10,0,28.2,91.5,544.248,3.5
2024,8,2,1,20,0,28.1,91.5,554.166,3.5
2024,8,2,1,30,0,28.1,91.5,565.478,3.8
2024,8,2,1,40,0,28.7,90.9,570.21,3.7
2024,8,2,1,50,0,28.7,90.9,579.788,3.6
2024,8,2,2,0,0,28.7,90.7,589.114,3.7
2024,8,2,2,10,0,28.4,91.1,592.694,3.8
2024,8,2,2,20,0,29,90.5,594.78,3.6
2024,8,2,2,30,0,29.1,90.1,600.244,3.7
2024,8,2,2,40,0,29.7,89.5,603.824,3.7
2024,8,2,2,50,0,30,89.5,611.676,4
2024,8,2,3,0,0,30.1,89.5,620.382,3.8
2024,8,2,3,10,0,30.2,89.5,632.262,3.9
2024,8,2,3,20,0,29.8,89.5,644.106,3.8
2024,8,2,3,30,0,29.1,89.5,638.076,4
2024,8,2,3,40,0,28.8,89.6,632.396,4.3
2024,8,2,3,50,0,28.8,89.5,634.706,4.3
2024,8,2,4,0,0,29.8,88.9,648.494,3.9
2024,8,2,4,10,0,30.4,88.5,651.966,3.8
2024,8,2,4,20,0,30.6,88.1,648.336,3.9
2024,8,2,4,30,0,30.5,88,642.044,3.7
2024,8,2,4,40,0,30,87.7,636.608,3.7
2024,8,2,4,50,0,30.3,87.7,635.724,4
2024,8,2,5,0,0,30.9,87.5,644.62,4.3
2024,8,2,5,10,0,30.8,87.5,636.23,4.1
2024,8,2,5,20,0,30.9,87.5,638.04,4
2024,8,2,5,30,0,31,87.4,640.326,3.9
2024,8,2,5,40,0,30.2,88.5,639.836,3.9
2024,8,2,5,50,0,30.4,88.5,643.006,4.1
2024,8,2,6,0,0,31.6,88.5,651.902,4.6
2024,8,2,6,10,0,31.5,88.5,662.686,4.7
2024,8,2,6,20,0,32.2,88.3,670.294,4.8
2024,8,2,6,30,0,32.9,87.9,679.468,4.6
2024,8,2,6,40,0,33,87.5,679.264,4.6
2024,8,2,6,50,0,32.5,87.5,665.96,4.6
2024,8,2,7,0,0,32.1,87.5,641.242,4.9
2024,8,2,7,10,0,32.1,87.5,633.798,4.4
2024,8,2,7,20,0,32,88.1,627.098,4.1
2024,8,2,7,30,0,32.6,88,634.586,4.6
2024,8,2,7,40,0,33.4,88.1,639.904,4.8
2024,8,2,7,50,0,34.1,88.4,641.436,4.9
2024,8,2,8,0,0,32.7,88.5,635.954,5
2024,8,2,8,10,0,32.1,88.5,641.364,5.5
2024,8,2,8,20,0,32.7,88.3,630.236,4.7
2024,8,2,8,30,0,32,88.9,611.004,4.5
2024,8,2,8,40,0,32.6,88.8,601.064,4.7
2024,8,2,8,50,0,30.6,89.4,578.846,4.4
2024,8,2,9,0,0,28.9,89.5,555.178,4.5
2024,8,2,9,10,0,28.3,89.5,544.314,4.2
2024,8,2,9,20,0,27.6,90.3,527.802,4
2024,8,2,9,30,0,26.7,90.9,500.704,4
2024,8,2,9,40,0,25.5,91.3,477.554,4.1
2024,8,2,9,50,0,25.7,92.7,487.756,4
2024,8,2,10,0,0,26.4,92.7,488.086,4.4
2024,8,2,10,10,0,24.3,94.4,444.044,4.1
2024,8,2,10,20,0,21.9,95.5,404.272,4.1
2024,8,2,10,30,0,21.5,96.5,377.464,3.4
2024,8,2,10,40,0,20.8,96.5,367.706,3.8
2024,8,2,10,50,0,21.9,97.1,360.088,3.7
2024,8,2,11,0,0,21.2,98.1,356.812,3.5
2024,8,2,11,10,0,21.3,98.5,348.446,3.6
2024,8,2,11,20,0,20.6,98.5,319.192,3.8
2024,8,2,11,30,0,19.6,99.1,256.988,3.8
2024,8,2,11,40,0,20,99.1,223.854,3.8
2024,8,2,11,50,0,19.8,99.5,250.414,3.8
2024,8,2,12,0,0,19.5,99.5,203.456,3.9
2024,8,2,12,10,0,19.5,99.8,200.628,4.1
2024,8,2,12,20,0,19.2,100.2,163.988,4
2024,8,2,12,30,0,17.9,100.8,117.238,4
2024,8,2,12,40,0,16.9,101.5,70.65,3.9
2024,8,2,12,50,0,15.9,101.3,55.138,3.8
2024,8,2,13,0,0,15.7,102.1,56.076,3.7
2024,8,2,13,10,0,17,102.5,90.046,3.7
2024,8,2,13,20,0,17.5,101.7,125.454,3.7
2024,8,2,13,30,0,16.3,101.8,107.144,3.7
2024,8,2,13,40,0,16.5,101.5,57.694,3.9
2024,8,2,13,50,0,16.7,101.1,58.908,3.9
2024,8,2,14,0,0,17.1,100.3,71.494,3.8
2024,8,2,14,10,0,18.8,99.9,84.204,4.2
2024,8,2,14,20,0,19.7,99.5,66.404,4.1
2024,8,2,14,30,0,21.5,99.5,123.07,4.7
2024,8,2,14,40,0,23.2,99.4,212.854,4.7
2024,8,2,14,50,0,23.1,99.5,276.556,4.8
2024,8,2,15,0,0,23.7,99.5,281.836,5.2
2024,8,2,15,10,0,24.4,98.8,305.376,4.8
2024,8,2,15,20,0,25.2,98.5,329.452,4.7
2024,8,2,15,30,0,25.25,98.5,339.355,4.4
2024,8,2,15,40,0,24.75,99.75,290.003,4.2
2024,8,2,15,50,0,23.7,100.5,321.154,4.8
2024,8,2,16,0,0,23.3,100.5,292.516,4.4
2024,8,2,16,10,0,23.2,100.7,278.458,4.3
2024,8,2,16,20,0,22.4,102,269.744,4.3
2024,8,2,16,30,0,20.9,104,243.776,4
2024,8,2,16,40,0,19.5,104.9,226.264,3.8
2024,8,2,16,50,0,18.8,105.5,189.18,3.9
2024,8,2,17,0,0,18.9,105.4,164.94,3.9
2024,8,2,17,10,0,19,105.8,152.696,4
2024,8,2,17,20,0,19.8,105.5,138.664,4
2024,8,2,17,30,0,19.7,105.6,115.646,4
2024,8,2,17,40,0,19.3,105.5,128.796,4
2024,8,2,17,50,0,17.6,105.7,109.076,4.4
2024,8,2,18,0,0,17.6,105.3,93.62,4
2024,8,2,18,10,0,17.9,104.7,80.018,4.1
2024,8,2,18,20,0,18.3,104.3,71.432,4.2
2024,8,2,18,30,0,18.5,103.5,70.642,4.2
2024,8,2,18,40,0,18.5,103,82.832,4.2
2024,8,2,18,50,0,19.3,102.7,99.368,4.1
2024,8,2,19,0,0,20.2,102.3,130.73,4.5
2024,8,2,19,10,0,20.9,101.5,162.438,4.4
2024,8,2,19,20,0,21.8,101.2,179.684,4.7
2024,8,2,19,30,0,22.3,100.5,215.626,4.9
2024,8,2,19,40,0,24.1,99.7,236.448,5.2
2024,8,2,19,50,0,26.2,99,279.24,5
2024,8,2,20,0,0,27.3,98.5,346.294,5
2024,8,2,20,10,0,28.1,97.9,374.862,5.1
2024,8,2,20,20,0,29.8,96.7,441.358,4.7
2024,8,2,20,30,0,29.2,96,452.448,4.6
2024,8,2,20,40,0,27.2,96.1,426.612,4.5
2024,8,2,20,50,0,26.9,95.5,436.524,4.2
2024,8,2,21,0,0,27.5,95.2,432.15,4.1
2024,8,2,21,10,0,27.9,94.7,435.95,4.3
2024,8,2,21,20,0,28.1,94.5,393.83,4.4
2024,8,2,21,30,0,29.1,93.5,413.59,5
2024,8,2,21,40,0,29.9,93.5,449.442,5.3
2024,8,2,21,50,0,30.3,93.3,442.468,5.6
2024,8,2,22,0,0,31.7,92.5,468.928,5.5
2024,8,2,22,10,0,31.4,92.5,466.152,5.5
2024,8,2,22,20,0,32.5,91.9,471.508,5.9
2024,8,2,22,30,0,33.9,91.5,487.598,5.9
2024,8,2,22,40,0,34,91.5,489.022,5.7
2024,8,2,22,50,0,34,91.1,480.792,5.5
2024,8,2,23,0,0,34,90.5,477.346,5.3
2024,8,2,23,10,0,34.8,90.5,492.55,5.7
2024,8,2,23,20,0,35,90.3,479.078,5.8
2024,8,2,23,30,0,35,90.1,477.034,5.6
2024,8,2,23,40,0,36,89.5,509.184,5.4
2024,8,2,23,50,0,35.2,89.5,509.796,5.4
2024,8,3,0,0,0,35.3,89.3,497.018,5.4
2024,8,3,0,10,0,36,89.4,495.478,5.4
2024,8,3,0,20,0,35.6,89.5,469.238,5.7
2024,8,3,0,30,0,36.1,88.8,475.874,6.3
2024,8,3,0,40,0,36.9,88.5,501.794,6
2024,8,3,0,50,0,37,87.7,508.062,6.4
2024,8,3,1,0,0,37,87.5,506.084,5.8
2024,8,3,1,10,0,37.375,87.75,524.507,5.7
2024,8,3,1,20,0,36.7,88.1,529.626,6
2024,8,3,1,30,0,36.9,87.7,530.904,6
2024,8,3,1,40,0,37.3,87.5,525.762,6.1
2024,8,3,1,50,0,38.2,87.1,534.034,5.7
2024,8,3,2,0,0,38,86.9,539.872,5.4
2024,8,3,2,10,0,37.9,87,537.636,5.8
2024,8,3,2,20,0,38.6,86.5,535.6,5.6
2024,8,3,2,30,0,39.1,86.3,532.748,5.8
2024,8,3,2,40,0,39.1,86.4,520.08,5.6
2024,8,3,2,50,0,38.8,86.2,516.158,5.8
2024,8,3,3,0,0,39.4,85.6,518.95,5.8
2024,8,3,3,10,0,39.9,85.5,518.456,5.8
2024,8,3,3,20,0,39.9,85.6,509.326,6.3
2024,8,3,3,30,0,40.4,85.6,498.99,6.4
2024,8,3,3,40,0,41.5,84.8,513.912,6.2
2024,8,3,3,50,0,41.7,84.5,518.026,6.7
2024,8,3,4,0,0,41.1,85.1,517.336,7.7
2024,8,3,4,10,0,40.8,85.5,512.162,7.8
2024,8,3,4,20,0,41.4,85.5,510.968,7.5
2024,8,3,4,30,0,40.3,85.5,495.204,7.4
2024,8,3,4,40,0,40.1,85.5,482.6,7
2024,8,3,4,50,0,40.1,85.5,480.402,6.6
2024,8,3,5,0,0,39.9,85.5,485.124,6.4
2024,8,3,5,10,0,39,85.7,475.652,6.3
2024,8,3,5,20,0,39,85.7,469.724,6.2
2024,8,3,5,30,0,39,86.3,477.396,8
2024,8,3,5,40,0,39.5,85.8,479.05,9
2024,8,3,5,50,0,39.2,86.5,469.502,7.8
2024,8,3,6,0,0,39.3,86.4,488.3,8.5
2024,8,3,6,10,0,39.6,86.2,497.636,8.6
2024,8,3,6,20,0,39.9,86.2,491.162,8.2
2024,8,3,6,30,0,40.6,86.3,500.566,8
2024,8,3,6,40,0,40.4,86.5,496.606,9.7
2024,8,3,6,50,0,40,86.7,487.034,11.3
2024,8,3,7,0,0,39.8,87.1,479.51,12.3
2024,8,3,7,10,0,38.5,87.9,463.29,13.7
2024,8,3,7,20,0,36.5,88.7,437.402,13.7
2024,8,3,7,30,0,35.7,89.5,416.568,12.2
2024,8,3,7,40,0,35.4,90.1,406.336,12.2
2024,8,3,7,50,0,33.9,90.5,381.894,10.9
2024,8,3,8,0,0,33,90.5,361.092,9.9
2024,8,3,8,10,0,33.3,90.7,366.298,10.2
2024,8,3,8,20,0,33.8,91.3,370.96,11.5
2024,8,3,8,30,0,33.6,91.5,371.538,12.2
2024,8,3,8,40,0,32,92.5,338.06,10.5
2024,8,3,8,50,0,30.6,93.5,305.82,9.1
2024,8,3,9,0,0,29.4,94.4,267.544,8.3
2024,8,3,9,10,0,28.4,95.3,224.68,7.8
2024,8,3,9,20,0,28,96.3,188.066,7
2024,8,3,9,30,0,28,96.5,146.096,7.3
2024,8,3,9,40,0,27.8,97.5,122.77,7.3
2024,8,3,9,50,0,27,98.4,103.12,6.6
2024,8,3,10,0,0,26.7,99.3,88.068,6.5
2024,8,3,10,10,0,26,100.2,67.986,6.8
2024,8,3,10,20,0,26.1,100.7,50.246,6.4
2024,8,3,10,30,0,25.1,102.1,55.302,6.4
2024,8,3,10,40,0,24.5,102.5,50.404,6.4
2024,8,3,10,50,0,24.1,103.6,51.576,6.6
2024,8,3,11,0,0,23.8,103.9,52.822,7
2024,8,3,11,10,0,22.7,104.7,50,6.6
2024,8,3,11,20,0,21.7,105.4,50,6.6
2024,8,3,11,30,0,21.3,105.5,50,6.7
2024,8,3,11,40,0,21.1,105.9,50,6.9
2024,8,3,11,50,0,20.3,106.3,50,6.9
2024,8,3,12,0,0,20.2,106.6,50,6.9
2024,8,3,12,10,0,19.8,107.3,50,6.9
2024,8,3,12,20,0,19.8,107.5,50,7.3
2024,8,3,12,30,0,19.2,107.9,50,7.3
2024,8,3,12,40,0,19.9,108.1,50,7.4
2024,8,3,12,50,0,20,108.9,50,7.9
2024,8,3,13,0,0,19.5,109.5,50,7.8
2024,8,3,13,10,0,19.2,110.2,50,7.7
2024,8,3,13,20,0,19,110.3,50,8
2024,8,3,13,30,0,18.7,110.9,50,8
2024,8,3,13,40,0,18,111.6,66.284,7.8
2024,8,3,13,50,0,17.5,113,138.472,7.5
2024,8,3,14,0,0,16.5,114.2,226.864,7.1
2024,8,3,14,10,0,14.7,115.1,295.376,6.6
2024,8,3,14,20,0,13.8,115.6,385.336,6.2
2024,8,3,14,30,0,12.9,116.3,463.342,5.5
2024,8,3,14,40,0,12.1,117.3,542.278,5.1
2024,8,3,14,50,0,13,117.5,557.324,5.9
2024,8,3,15,0,0,13.3,117.9,517.846,5.7
2024,8,3,15,10,0,13.4,118.1,520.476,6
2024,8,3,15,20,0,12.6,118.5,507.71,5.7
2024,8,3,15,30,0,12,118.5,560.776,5.4
2024,8,3,15,40,0,12,118.5,556.624,5.9
2024,8,3,15,50,0,12.7,118.5,562.972,5.9
2024,8,3,16,0,0,12.8,118.5,557.384,5.6
2024,8,3,16,10,0,12.9,118.7,544.296,5.7
2024,8,3,16,20,0,13,118.6,544.322,5.7
2024,8,3,16,30,0,13,118.5,566.566,5.7
2024,8,3,16,40,0,13,118.7,590.558,5.6
2024,8,3,16,50,0,13,118.5,569.468,5.8
2024,8,3,17,0,0,13.4,118,526.11,5.9
2024,8,3,17,10,0,13.8,117.7,505.724,5.6
2024,8,3,17,20,0,14.1,117.5,497.098,5.8
2024,8,3,17,30,0,14.1,117.5,498.144,6
2024,8,3,17,40,0,14,116.5,479.584,6
2024,8,3,17,50,0,14,116.5,450.39,5.6
2024,8,3,18,0,0,14,115.7,440.214,5.6
2024,8,3,18,10,0,14.5,115.1,389.046,5.4
2024,8,3,18,20,0,15,114.5,366.646,5.4
2024,8,3,18,30,0,14.6,114.3,378.162,5.3
2024,8,3,18,40,0,14.6,113.5,421.47,5
2024,8,3,18,50,0,14.5,112.9,484.496,4.8
2024,8,3,19,0,0,14.6,112.4,576.14,4.8
2024,8,3,19,10,0,15.4,111.5,602.156,6.3
2024,8,3,19,20,0,16.2,110.9,653.88,6.3
2024,8,3,19,30,0,17,110.3,690.646,4.9
2024,8,3,19,40,0,17.7,109.1,731.286,4.9
2024,8,3,19,50,0,18.6,108.3,760.324,5
2024,8,3,20,0,0,20.7,107.3,742.014,5.3
2024,8,3,20,10,0,21.2,106.5,785.51,5.4
2024,8,3,20,20,0,21.9,105.5,812.734,5.9
2024,8,3,20,30,0,22.1,105.3,833.844,5.5
2024,8,3,20,40,0,22.4,104.5,886.126,5.6
2024,8,3,20,50,0,21.5,104,891.466,5.2
2024,8,3,21,0,0,21.2,103.5,874.086,5.4
2024,8,3,21,10,0,22,102.8,882.324,5.6
2024,8,3,21,20,0,22.9,102.3,899.392,5.5
2024,8,3,21,30,0,22.6,102.2,891.968,5.5
2024,8,3,21,40,0,23,101.6,839.944,5.7
2024,8,3,21,50,0,24.3,101.3,827.052,6.3
2024,8,3,22,0,0,25.6,100.5,833.648,6.4
2024,8,3,22,10,0,27.6,99.4,832.748,6.8
2024,8,3,22,20,0,28.2,98.5,849.87,6.7
2024,8,3,22,30,0,29,98.7,847.43,6.9
2024,8,3,22,40,0,29,98.5,881.44,7.6
2024,8,3,22,50,0,28.9,98.5,887.074,7.9
2024,8,3,23,0,0,28,98.5,858.644,8.3
2024,8,3,23,10,0,28.3,98,842.182,8.5
2024,8,3,23,20,0,29,97.2,842.746,7.4
2024,8,3,23,30,0,28.9,97.3,835.92,7.2
2024,8,3,23,40,0,29.8,96.1,798.31,7
2024,8,3,23,50,0,30.6,95.5,769.478,6.3
2024,8,4,0,0,0,31.4,95.1,758.704,6.3
2024,8,4,0,10,0,32,94.4,743.366,6.8
2024,8,4,0,20,0,32,94.3,738.922,6.5
2024,8,4,0,30,0,32.8,93.4,734.182,6.1
2024,8,4,0,40,0,32.1,92.8,719.226,5.7
2024,8,4,0,50,0,31,92.9,704.094,5.4
2024,8,4,1,0,0,30.9,92.5,684.058,5.2
2024,8,4,1,10,0,29.7,92.8,685.732,4.9
2024,8,4,1,20,0,29.9,92.1,684.232,4.8
2024,8,4,1,30,0,29,92.2,683.75,4.4
2024,8,4,1,40,0,28.2,92.3,685.972,4.5
2024,8,4,1,50,0,28.7,91.6,682.874,4.6
2024,8,4,2,0,0,28.9,91.5,682.67,4.5
2024,8,4,2,10,0,28.4,91.5,693.832,4.5
2024,8,4,2,20,0,28.3,91.1,692.916,4.1
2024,8,4,2,30,0,28.7,90.5,693.268,4.1
2024,8,4,2,40,0,28.4,90.3,696.256,4.1
2024,8,4,2,50,0,29,89.5,691.94,3.9
2024,8,4,3,0,0,28.7,89.5,691.362,4.1
2024,8,4,3,10,0,28.9,89.6,701.844,3.9
2024,8,4,3,20,0,29.2,89.1,716.156,4.1
2024,8,4,3,30,0,29,88.5,721.826,4
2024,8,4,3,40,0,29.2,88.5,723.362,4.2
2024,8,4,3,50,0,29.7,88.2,738.116,4
2024,8,4,4,0,0,30.2,88,754.954,4.1
2024,8,4,4,10,0,30.1,88.5,754.124,3.9
2024,8,4,4,20,0,29.8,87.9,755.02,3.6
2024,8,4,4,30,0,30.4,87.5,754.976,3.8
2024,8,4,4,40,0,31.1,87.5,753.536,3.9
2024,8,4,4,50,0,31.1,87.5,751.606,3.9
2024,8,4,5,0,0,32.4,86.9,755.3,4.2
2024,8,4,5,10,0,31.9,86.4,735.956,3.8
2024,8,4,5,20,0,31.8,85.7,720.208,3.7
2024,8,4,5,30,0,31,86.5,698.24,3.7
2024,8,4,5,40,0,32.2,85.8,708.162,3.8
2024,8,4,5,50,0,31.7,85.7,704.354,3.8
2024,8,4,6,0,0,32.1,85.7,705.676,4.1
2024,8,4,6,10,0,31.4,85.9,698.06,4.2
2024,8,4,6,20,0,32.1,85.5,695.266,4.4
2024,8,4,6,30,0,32.7,85.3,692.926,4.6
2024,8,4,6,40,0,32.4,85.4,687.774,4.3
2024,8,4,6,50,0,32.2,85.5,695.392,4.2
2024,8,4,7,0,0,31.8,86.5,702.202,4.1
2024,8,4,7,10,0,31,86.9,695.308,4
2024,8,4,7,20,0,30.375,87.5,687.215,3.9
2024,8,4,7,30,0,29.375,88.5,679.42,3.9
2024,8,4,7,40,0,28.7,89.5,672.023,3.9
2024,8,4,7,50,0,28,90.4,659.212,3.6
2024,8,4,8,0,0,27.6,90.9,652.132,3.8
2024,8,4,8,10,0,26.6,92,641.182,3.5
2024,8,4,8,20,0,25.4,92.7,615.194,3.6
2024,8,4,8,30,0,24.5,93.5,596.52,3.6
2024,8,4,8,40,0,23.8,94.8,585.79,3.7
2024,8,4,8,50,0,23.5,95.4,570.61,3.6
2024,8,4,9,0,0,22.3,96.3,551.096,3.5
2024,8,4,9,10,0,21.9,96.8,518.796,3.5
2024,8,4,9,20,0,21,97.8,491.524,3.4
2024,8,4,9,30,0,20.6,98.5,465.724,3.4
2024,8,4,9,40,0,20.6,99.6,456.186,3.4
2024,8,4,9,50,0,20.1,100.4,445.47,3.3
2024,8,4,10,0,0,19.6,100.8,406.432,3.2
2024,8,4,10,10,0,20,101.6,385.834,3.6
2024,8,4,10,20,0,20.5,102.1,344.018,3.5
2024,8,4,10,30,0,20.1,102.9,328.406,3.6
2024,8,4,10,40,0,18.8,103.8,317.902,3.5
2024,8,4,10,50,0,18.1,104.9,299.302,3.4
2024,8,4,11,0,0,17.1,105.8,280.038,3.5
2024,8,4,11,10,0,16.2,106.9,279.366,3.5
2024,8,4,11,20,0,16.1,107.9,275.86,3.8
2024,8,4,11,30,0,15.7,108.8,268.052,3.7
2024,8,4,11,40,0,15.6,109.7,258.346,3.7
2024,8,4,11,50,0,15.9,110.5,257.214,3.8
2024,8,4,12,0,0,15.7,110.9,237.022,4
2024,8,4,12,10,0,15.2,111.5,228.668,3.7
2024,8,4,12,20,0,15,112.1,221.36,3.9
2024,8,4,12,30,0,15,112.7,223.186,4
2024,8,4,12,40,0,14.9,113.5,223.198,4
2024,8,4,12,50,0,15,114,203.98,3.8
2024,8,4,13,0,0,14.5,114.6,203.3,3.9
2024,8,4,13,10,0,14.1,115.5,210.198,4.1
2024,8,4,13,20,0,14,115.7,194.576,4
2024,8,4,13,30,0,13.8,116.1,170.944,3.9
2024,8,4,13,40,0,13.5,116.4,174.362,4
2024,8,4,13,50,0,13,116.8,188.828,3.9
2024,8,4,14,0,0,13,117.5,172.928,3.8
2024,8,4,14,10,0,12.5,117.5,161.286,3.8
2024,8,4,14,20,0,12,117.7,156.216,3.8
2024,8,4,14,30,0,12,118,145.06,4
2024,8,4,14,40,0,11.8,119.3,173.814,3.7
2024,8,4,14,50,0,11.3,119.7,181.244,3.7
2024,8,4,15,0,0,11.2,120.3,200.854,3.6
2024,8,4,15,10,0,11,120.5,216.324,3.9
2024,8,4,15,20,0,11,120.5,214.766,3.6
2024,8,4,15,30,0,11,120.5,230.428,3.8
2024,8,4,15,40,0,11,120.6,223.032,3.6
2024,8,4,15,50,0,11,120.5,225.026,3.8
2024,8,4,16,0,0,11,120.6,216.7,3.9
2024,8,4,16,10,0,11,121.1,226.19,3.8
2024,8,4,16,20,0,11.2,120.7,225.878,3.9
2024,8,4,16,30,0,11.6,120.5,216.416,3.8
2024,8,4,16,40,0,11.8,120.5,216.036,4
2024,8,4,16,50,0,11.9,120.5,223.204,4.1
2024,8,4,17,0,0,12,119.9,213.692,4.1
2024,8,4,17,10,0,11.8,119.5,209.032,4
2024,8,4,17,20,0,12,119.5,207.198,4.1
2024,8,4,17,30,0,12.4,119.1,200.392,4.3
2024,8,4,17,40,0,13,118.5,170.808,4.3
2024,8,4,17,50,0,13,118.3,134.154,4.3
2024,8,4,18,0,0,13.1,117.7,115.676,4.2
2024,8,4,18,10,0,13,117.1,106.574,4.3
2024,8,4,18,20,0,13.1,116.5,94.258,4.4
2024,8,4,18,30,0,13.6,115.5,105.73,4.5
2024,8,4,18,40,0,13.9,115.5,107.504,4.5
2024,8,4,18,50,0,14.8,115.2,129.936,4.6
2024,8,4,19,0,0,15.3,114.5,167.396,4.9
2024,8,4,19,10,0,17,113.2,197.52,4.7
2024,8,4,19,20,0,18.2,112.3,253.328,4.7
2024,8,4,19,30,0,19.1,110.9,277.696,4.7
2024,8,4,19,40,0,20.5,109.9,300.222,4.9
2024,8,4,19,50,0,21,108.7,320.968,4.9
2024,8,4,20,0,0,21.9,107.6,323.954,5
2024,8,4,20,10,0,23,106.3,339.47,5.3
2024,8,4,20,20,0,23.6,105.5,347.894,5.4
2024,8,4,20,30,0,24.6,104.5,354.7,5.4
2024,8,4,20,40,0,25.8,103.6,369.592,5.5
2024,8,4,20,50,0,26.8,102.7,372.18,5.6
2024,8,4,21,0,0,28,101.7,375.998,5.8
2024,8,4,21,10,0,29.1,100.9,377.53,6
2024,8,4,21,20,0,30,99.9,387.548,6.2
2024,8,4,21,30,0,30,99.8,387.862,6.1
2024,8,4,21,40,0,29.9,99.4,361.518,6.2
2024,8,4,21,50,0,29.5,99.1,330.798,6.6
2024,8,4,22,0,0,29,98.5,307.23,6.7
2024,8,4,22,10,0,29,98.6,275.174,6.7
2024,8,4,22,20,0,29.1,98.4,253.16,7.1
2024,8,4,22,30,0,29.5,97.9,240.476,7.2
2024,8,4,22,40,0,29.4,97.5,231.782,7.9
2024,8,4,22,50,0,29,97.6,230.262,8.3
2024,8,4,23,0,0,29.1,97.1,223.264,8.9
2024,8,4,23,10,0,29,96.7,229.508,9
2024,8,4,23,20,0,29,96.1,238.214,9.3
2024,8,4,23,30,0,29.2,95.7,249.296,9.6
2024,8,4,23,40,0,29.9,94.9,259.814,9.8
2024,8,4,23,50,0,30,94.5,270.198,10.4
2024,8,5,0,0,0,29.3,94.4,294.38,10.7
2024,8,5,0,10,0,29.1,93.5,311.828,10.8
2024,8,5,0,20,0,28.2,94.3,339.108,10.8
2024,8,5,0,30,0,28.1,93.5,358.342,10.3
2024,8,5,0,40,0,27.4,93.3,365.71,10
2024,8,5,0,50,0,27,93.1,385.238,9.9
2024,8,5,1,0,0,27.4,91.9,387.23,9.8
2024,8,5,1,10,0,26.5,92.4,395.146,9.8
2024,8,5,1,20,0,26.4,91.5,404.232,10.2
2024,8,5,1,30,0,26.2,91.5,410.568,10.3
2024,8,5,1,40,0,26.2,91.3,413.594,10.4
2024,8,5,1,50,0,26,90.5,411.352,11
2024,8,5,2,0,0,25.1,90.5,404.494,11.8
2024,8,5,2,10,0,24.5,90.5,394.73,12
2024,8,5,2,20,0,24.7,89.5,391.624,12.4
2024,8,5,2,30,0,24.7,89.8,396.182,12.2
2024,8,5,2,40,0,25.1,89.5,402.344,12.4
2024,8,5,2,50,0,25.1,89.5,398.66,12.5
2024,8,5,3,0,0,25.3,89.5,401.6,12.6
2024,8,5,3,10,0,26.2,88.5,405.734,12.8
2024,8,5,3,20,0,26.7,87.7,413.816,13.7
2024,8,5,3,30,0,27.2,87.5,414.168,15
2024,8,5,3,40,0,27.4,87.3,422.074,15.1
2024,8,5,3,50,0,28.1,87.5,425.288,15.5
2024,8,5,4,0,0,28.7,87.1,430.042,16.6
2024,8,5,4,10,0,29.4,86.3,425.124,17.2
2024,8,5,4,20,0,29.9,86.2,430.042,17.1
2024,8,5,4,30,0,30.2,85.7,433.266,17.8
2024,8,5,4,40,0,30.8,85.4,435.03,18.1
2024,8,5,4,50,0,31.4,85.2,440.038,18.5
2024,8,5,5,0,0,32.1,84.5,450.254,18.9
2024,8,5,5,10,0,32,85.3,447.716,19.5
2024,8,5,5,20,0,31.8,85.5,449.758,19.3
2024,8,5,5,30,0,32.2,85.3,462.026,20.1
2024,8,5,5,40,0,32.2,85.5,468.806,19.9
2024,8,5,5,50,0,32.5,85.4,480.136,20.6
2024,8,5,6,0,0,32.6,84.6,481.478,20.3
2024,8,5,6,10,0,32.5,84.5,482.92,20.8
2024,8,5,6,20,0,32.5,84.5,464.402,20.9
2024,8,5,6,30,0,32.9,84.5,466.148,20.9
2024,8,5,6,40,0,33.8,84.2,474.664,22
2024,8,5,6,50,0,32.9,84.5,469.648,23
2024,8,5,7,0,0,32.7,84.5,479.312,22.7
2024,8,5,7,10,0,32.6,85.4,489.34,22.3
2024,8,5,7,20,0,31.9,85.5,507.83,23.6
2024,8,5,7,30,0,31.1,86.5,477.984,24.1
2024,8,5,7,40,0,30.2,87.3,467.03,24.9
2024,8,5,7,50,0,29.8,87.7,457.24,26.6
2024,8,5,8,0,0,29.3,88.7,431.562,26.2
2024,8,5,8,10,0,28.8,89.7,413.014,26.8
2024,8,5,8,20,0,27.5,90.7,384.856,28.9
2024,8,5,8,30,0,27.2,91.5,359.964,28.5
2024,8,5,8,40,0,26.6,92.5,356.988,28.2
2024,8,5,8,50,0,26.1,93.1,332.316,27.6
2024,8,5,9,0,0,25.9,94,322.084,27.7
2024,8,5,9,10,0,25.5,94.6,312.53,27.3
2024,8,5,9,20,0,23.4,95.6,282.048,26.3
2024,8,5,9,30,0,22.6,96.7,250.202,27.2
2024,8,5,9,40,0,20.2,98,215.994,26.3
2024,8,5,9,50,0,19.6,98.5,185.77,26.3
2024,8,5,10,0,0,19.3,99.3,159.072,26.7
2024,8,5,10,10,0,19.5,100,135,27.4
2024,8,5,10,20,0,18.2,100.7,110.146,27.1
2024,8,5,10,30,0,16.8,102,86.58,27.7
2024,8,5,10,40,0,16.1,102.5,61.324,27.4
2024,8,5,10,50,0,14.9,103.3,50.09,26.9
2024,8,5,11,0,0,15.5,103.9,51.37,27.8
2024,8,5,11,10,0,15.5,105.1,51.59,28
2024,8,5,11,20,0,15.5,105.9,62.134,28.8
2024,8,5,11,30,0,15.5,106.875,64.922,28.5
2024,8,5,11,40,0,15.2,107.7,54.798,28.9
2024,8,5,11,50,0,14.9,108.5,53.292,27.6
2024,8,5,12,0,0,15.5,109.2,56.928,28.1
2024,8,5,12,10,0,15.2,110.5,60.802,26.9
2024,8,5,12,20,0,14.7,111.3,78.924,25.2
2024,8,5,12,30,0,13.5,111.5,85.218,21.9
2024,8,5,12,40,0,13.5,111.7,70.794,20.5
2024,8,5,12,50,0,13.5,112.5,63.142,21.5
2024,8,5,13,0,0,13.4,113.3,87.52,20
2024,8,5,13,10,0,13.7,113.5,100.48,20
2024,8,5,13,20,0,13.2,114.4,105.158,19.5
2024,8,5,13,30,0,12.8,114.5,91.212,18.8
2024,8,5,13,40,0,12.4,115.3,90.582,18.2
2024,8,5,13,50,0,12.5,115.625,85.6,17.6
2024,8,5,14,0,0,12.7,116.3,76.77,17.9
2024,8,5,14,10,0,12.9,116.5,60.046,18.1
2024,8,5,14,20,0,13,117.1,58.572,18.4
2024,8,5,14,30,0,13,117.5,59.532,18.2
2024,8,5,14,40,0,12.5,118,77.485,16.4
2024,8,5,14,50,0,13,118.25,76.077,16.6
2024,8,5,15,0,0,12.7,118.5,50.776,16.6
2024,8,5,15,10,0,12.8,119.3,57.518,17
2024,8,5,15,20,0,12.6,119.5,67.656,16.4
2024,8,5,15,30,0,12.125,119.5,65.148,16.1
2024,8,5,15,40,0,13,119.75,50.27,17.2
2024,8,5,15,50,0,12.7,119.6,53.722,17.1
2024,8,5,16,0,0,12.2,119.9,59.274,16
2024,8,5,16,10,0,12.5,119.8,65.68,15.4
2024,8,5,16,20,0,12.7,119.1,62.888,14.9
2024,8,5,16,30,0,12.9,119.5,63.014,14.9
2024,8,5,16,40,0,12.8,119.4,77.798,12.7
2024,8,5,16,50,0,12.5,119.4,103.44,11.4
2024,8,5,17,0,0,12.8,119,111.804,11.6
2024,8,5,17,10,0,13.1,118,109.464,12.6
2024,8,5,17,20,0,13.5,117.8,109.072,13.3
2024,8,5,17,30,0,14.2,117.5,97.028,13.9
2024,8,5,17,40,0,15.3,116.5,64.718,16.3
2024,8,5,17,50,0,15.2,115.7,50.602,14.6
2024,8,5,18,0,0,14.9,115.3,50.602,12.8
2024,8,5,18,10,0,15.4,114.1,53.79,12.3
2024,8,5,18,20,0,16.7,113.5,113.326,12.7
2024,8,5,18,30,0,17.2,112.9,185.036,12.9
2024,8,5,18,40,0,17.6,112.3,156.166,13.1
2024,8,5,18,50,0,18,111.5,129.968,12.9
2024,8,5,19,0,0,18.5,110.9,116.586,13.5
2024,8,5,19,10,0,20,109.5,109.77,13.5
2024,8,5,19,20,0,20.4,108.4,128.813,13
2024,8,5,19,30,0,20.3,107.2,101.322,13
2024,8,5,19,40,0,21.5,106.1,61.554,13.5
2024,8,5,19,50,0,22.2,104.6,62.224,13.1
2024,8,5,20,0,0,23.1,103.3,63.78,13
2024,8,5,20,10,0,24.5,102.3,74.302,13.3
2024,8,5,20,20,0,25.7,101.1,100.654,13.2
2024,8,5,20,30,0,26.4,100.5,143.268,13.6
2024,8,5,20,40,0,27.6,100.2,183.916,14.2
2024,8,5,20,50,0,28.8,99.3,214.282,14.5
2024,8,5,21,0,0,29,98.9,235.388,14.6
2024,8,5,21,10,0,29,98.2,227.536,15.1
2024,8,5,21,20,0,28.5,98.4,226.076,15.5
2024,8,5,21,30,0,28.1,98.4,229.774,15.2
2024,8,5,21,40,0,28.4,97.9,216.664,15.5
2024,8,5,21,50,0,28.2,97.5,229.706,15.3
2024,8,5,22,0,0,28.9,97.2,243.964,15.7
2024,8,5,22,10,0,29.1,96.3,240.51,15.8
2024,8,5,22,20,0,29,96.2,242.394,15.8
2024,8,5,22,30,0,29,95.7,236.496,15.9
2024,8,5,22,40,0,29,95.1,233.356,15.8
2024,8,5,22,50,0,29,94.5,223.938,15.8
2024,8,5,23,0,0,28.9,94.8,231.628,16.2
2024,8,5,23,10,0,28.8,94.5,232.164,15.8
2024,8,5,23,20,0,28.3,94.5,228.122,15.9
2024,8,5,23,30,0,28.8,93.7,242.544,16
2024,8,5,23,40,0,29.375,93.375,267.547,15.6
2024,8,5,23,50,0,29.75,93.125,259.227,15.6
2024,8,6,0,0,0,29.7,92.7,338.448,15.9
2024,8,6,0,10,0,29.2,92.9,366.384,15.6
2024,8,6,0,20,0,29.3,92.1,385.584,15.8
2024,8,6,0,30,0,29.3,91.7,410.872,15.7
2024,8,6,0,40,0,29,91.2,432.8,15.8
2024,8,6,0,50,0,28.7,90.5,448.84,15.8
2024,8,6,1,0,0,28.1,90.8,469.002,15.5
2024,8,6,1,10,0,28.7,89.5,480.042,15.5
2024,8,6,1,20,0,29,89.5,492.454,15.8
2024,8,6,1,30,0,29.5,88.75,506.848,16.2
2024,8,6,1,40,0,30,88.5,474.93,16
2024,8,6,1,50,0,30,88.5,544.482,16.7
2024,8,6,2,0,0,30.4,87.8,549.238,16.8
2024,8,6,2,10,0,31,87.5,555.808,17.2
2024,8,6,2,20,0,31.6,86.7,556.31,17.5
2024,8,6,2,30,0,31.9,86.5,563.496,18
2024,8,6,2,40,0,32.2,86.5,571.31,18
2024,8,6,2,50,0,32.9,85.8,581.194,18.4
2024,8,6,3,0,0,33.8,85.5,595.134,18.4
2024,8,6,3,10,0,34,85.5,611.536,18.6
2024,8,6,3,20,0,34,85.2,615.632,18.9
2024,8,6,3,30,0,34.2,84.8,607.196,18.8
2024,8,6,3,40,0,34.8,84.5,605.94,19.4
2024,8,6,3,50,0,35,84.4,603.598,19.4
2024,8,6,4,0,0,35,83.5,600.524,19.5
2024,8,6,4,10,0,34.7,84.4,606.518,19.4
2024,8,6,4,20,0,34.6,84,606.666,19.1
2024,8,6,4,30,0,34.3,83.9,603.132,19.4
2024,8,6,4,40,0,34.1,84.1,609.084,19.7
2024,8,6,4,50,0,34.9,83.7,614.794,20.2
2024,8,6,5,0,0,35,84.2,637.274,20.7
2024,8,6,5,10,0,35,84.3,652.886,20.6
2024,8,6,5,20,0,35.1,84,648.992,19.9
2024,8,6,5,30,0,35.3,83.5,640.86,20.3
2024,8,6,5,40,0,36,82.8,639.462,21.8
2024,8,6,5,50,0,36,82.5,630.794,21.7
2024,8,6,6,0,0,36,82.4,627.072,22
2024,8,6,6,10,0,35.9,82.5,623.082,22
2024,8,6,6,20,0,36.2,82.6,632.818,21.9
2024,8,6,6,30,0,36,82.5,631.464,22.1
2024,8,6,6,40,0,35,82.5,608.88,21
2024,8,6,6,50,0,35,82.5,605.002,21.2
2024,8,6,7,0,0,33.8,83.3,605.966,21.3
2024,8,6,7,10,0,33,84,601.76,21.9
2024,8,6,7,20,0,31.5,84.5,593.776,22.1
2024,8,6,7,30,0,31.8,85.1,586.992,22.4
2024,8,6,7,40,0,32.1,85.7,593.888,22.2
2024,8,6,7,50,0,31.6,86.4,583.832,22.1
2024,8,6,8,0,0,30.2,87.7,566.738,21.7
2024,8,6,8,10,0,29.8,88.5,554.356,20.8
2024,8,6,8,20,0,28.7,89.2,537.378,22.2
2024,8,6,8,30,0,27.6,90.5,513.746,21.1
2024,8,6,8,40,0,27.2,91.4,511.564,20.7
2024,8,6,8,50,0,26.8,91.9,483.312,21
2024,8,6,9,0,0,26.1,92.9,465.966,20.5
2024,8,6,9,10,0,25.2,93.9,446.736,20.9
2024,8,6,9,20,0,24.2,94.8,421.592,20.3
2024,8,6,9,30,0,23.7,95.5,398.556,20.1
2024,8,6,9,40,0,23.2,95.9,368.568,19.6
2024,8,6,9,50,0,21.1,96.9,322.356,18.5
2024,8,6,10,0,0,19.6,98.1,290.388,16.5
2024,8,6,10,10,0,18.75,99.25,258.063,16.8
2024,8,6,10,20,0,17.25,100.5,262.21,15.3
2024,8,6,10,30,0,17.5,101.9,264.578,15.8
2024,8,6,10,40,0,16.3,102.7,228.63,14.7
2024,8,6,10,50,0,15.1,103.5,191.736,14.2
2024,8,6,11,0,0,15.1,103.9,149.972,13.8
2024,8,6,11,10,0,15,104.4,124.638,13.5
2024,8,6,11,20,0,15,105.3,92.252,13.2
2024,8,6,11,30,0,15.4,105.5,63.276,13.2
2024,8,6,11,40,0,14.8,106.4,56.786,12.8
2024,8,6,11,50,0,14.5,106.9,50,12.4
2024,8,6,12,0,0,14.4,107.2,50.11,12.5
2024,8,6,12,10,0,13.6,108.4,60.996,11.7
2024,8,6,12,20,0,13.5,108.6,63.324,12.2
2024,8,6,12,30,0,13.5,109.4,50.138,11.6
2024,8,6,12,40,0,13.7,110,53.878,11.9
2024,8,6,12,50,0,13.6,110.5,50,11.5
2024,8,6,13,0,0,13.4,112.2,71.796,12
2024,8,6,13,10,0,13.3,112.5,72.514,12
2024,8,6,13,20,0,13.1,113.3,88.672,12
2024,8,6,13,30,0,12.9,114.5,132.572,11.5
2024,8,6,13,40,0,12.2,115.5,152.018,11.2
2024,8,6,13,50,0,11.6,115.8,157.716,10.7
2024,8,6,14,0,0,11.3,116.6,150.152,10.6
2024,8,6,14,10,0,11.4,117.2,125.838,11.1
2024,8,6,14,20,0,11.9,117.8,115.384,11.6
2024,8,6,14,30,0,12,117.9,77.132,11.9
2024,8,6,14,40,0,11.8,118.5,78.656,11.9
2024,8,6,14,50,0,11.5,118.9,96.462,11.8
2024,8,6,15,0,0,10.2,119.4,124.43,10
2024,8,6,15,10,0,10.1,119.5,179.78,10.4
2024,8,6,15,20,0,10.7,120.1,202.938,10.1
2024,8,6,15,30,0,11.2,120.5,212.534,10.6
2024,8,6,15,40,0,11.7,120.5,201.466,11.2
2024,8,6,15,50,0,12,120.5,171.588,11.8
2024,8,6,16,0,0,11.4,120.5,192.692,11.4
2024,8,6,16,10,0,11.1,120.7,223.284,11.1
2024,8,6,16,20,0,11.1,120.5,228.646,11.2
2024,8,6,16,30,0,11.4,120.5,228.264,10.8
2024,8,6,16,40,0,10.9,120.5,250.442,10.8
2024,8,6,16,50,0,10.5,120.5,256.928,10.3
2024,8,6,17,0,0,10.8,120,245.544,10.3
2024,8,6,17,10,0,10.8,119.5,244.172,10.1
2024,8,6,17,20,0,10.9,119.5,207.314,9.8
2024,8,6,17,30,0,11,119.1,212.16,10
2024,8,6,17,40,0,10.5,118.5,221.756,9.4
2024,8,6,17,50,0,11.1,118.5,229.294,9.9
2024,8,6,18,0,0,12,117.5,201.408,10.2
2024,8,6,18,10,0,12.1,117.5,206.522,10.3
2024,8,6,18,20,0,12.1,116.8,216.408,10.3
2024,8,6,18,30,0,13,116.1,183.388,10.7
2024,8,6,18,40,0,14.2,115.5,167.14,11.3
2024,8,6,18,50,0,15.5,114.5,196.864,10.9
2024,8,6,19,0,0,16.5,113.4,225.016,10.9
2024,8,6,19,10,0,17.1,112.3,252.792,11
2024,8,6,19,20,0,18.6,111,294.162,11.5
2024,8,6,19,30,0,20.2,109.3,320.35,11.4
2024,8,6,19,40,0,20,108.1,347.97,11.4
2024,8,6,19,50,0,20.7,107.3,381.916,11.8
2024,8,6,20,0,0,21.9,106.2,401.502,12.1
2024,8,6,20,10,0,22.8,105.1,374.61,12.1
2024,8,6,20,20,0,23.7,104,339.238,12.4
2024,8,6,20,30,0,24.8,102.9,350.154,12.5
2024,8,6,20,40,0,25.5,102.167,392.723,12.7
2024,8,6,20,50,0,26,101.3,406.783,12.2
2024,8,6,21,0,0,26.5,100.7,469.58,12.3
2024,8,6,21,10,0,26,100.5,487.074,12
2024,8,6,21,20,0,25.5,100.5,489.088,11.8
2024,8,6,21,30,0,25,100.3,484.408,11.2
2024,8,6,21,40,0,25.3,99.9,466.728,11.3
2024,8,6,21,50,0,25.9,99.1,430.604,11.3
2024,8,6,22,0,0,26.4,98.9,406.328,11.9
2024,8,6,22,10,0,27.1,97.5,380.49,12.6
2024,8,6,22,20,0,27,97.5,338.878,12.9
2024,8,6,22,30,0,28,96.7,298.562,12.5
2024,8,6,22,40,0,29,95.5,281.772,11.4
2024,8,6,22,50,0,29.1,96.1,275.246,12.1
2024,8,6,23,0,0,30.6,94.5,276.592,12.3
2024,8,6,23,10,0,31.2,94.2,296.682,12.6
2024,8,6,23,20,0,30.4,94.4,309.268,12
2024,8,6,23,30,0,31.7,93.5,318.104,11.8
2024,8,6,23,40,0,31.8,92.9,309.546,11.8
2024,8,6,23,50,0,32,92.5,326.324,11.8
2024,8,7,0,0,0,32.3,92.3,327.232,11.9
2024,8,7,0,10,0,33,91.6,356.718,12
2024,8,7,0,20,0,33.4,91.5,382.91,12.7
2024,8,7,0,30,0,34,91.4,416.864,13.1
2024,8,7,0,40,0,34.3,90.7,450.086,13.6
2024,8,7,0,50,0,34.1,90.7,478.61,14.3
2024,8,7,1,0,0,35,90.5,502.686,14.4
2024,8,7,1,10,0,33.9,90.5,524.73,14.4
2024,8,7,1,20,0,33,90.5,555.268,14.2
2024,8,7,1,30,0,33,90.5,595.076,14.2
2024,8,7,1,40,0,33,89.8,584.596,13
2024,8,7,1,50,0,32.5,89.9,572.114,13.1
2024,8,7,2,0,0,33.5,89.2,571.194,13.3
2024,8,7,2,10,0,34,88.9,601.844,13.5
2024,8,7,2,20,0,33.8,88.5,628.352,14
2024,8,7,2,30,0,34,88.5,628.02,14
2024,8,7,2,40,0,34,88.1,635.856,14
2024,8,7,2,50,0,34.2,88.1,642.106,14
2024,8,7,3,0,0,34.9,87.7,655.018,13.9
2024,8,7,3,10,0,35,87.7,665.692,14.3
2024,8,7,3,20,0,35,87.5,648.916,15.3
2024,8,7,3,30,0,35,87.5,639.19,14.6
2024,8,7,3,40,0,35,87.1,640.074,14.2
2024,8,7,3,50,0,34.8,87.5,630.68,14.4
2024,8,7,4,0,0,35,87.3,621.614,15.1
2024,8,7,4,10,0,35,86.6,618.732,15.5
2024,8,7,4,20,0,35,86.8,630.052,15.3
2024,8,7,4,30,0,35.8,86.5,635.746,15.6
2024,8,7,4,40,0,35.6,86.7,639.454,16.4
2024,8,7,4,50,0,36.6,86.4,643.606,15.5
2024,8,7,5,0,0,35.1,86.5,620.368,14.5
2024,8,7,5,10,0,35,86.5,606.372,14.5
2024,8,7,5,20,0,35.2,86.5,606.934,14.6
2024,8,7,5,30,0,36.7,85.9,624.278,14.4
2024,8,7,5,40,0,37.7,84.9,632.236,14.7
2024,8,7,5,50,0,36.1,85.1,611.878,15.1
2024,8,7,6,0,0,36,85.5,607.252,16.5
2024,8,7,6,10,0,36,85.6,611.574,15.5
2024,8,7,6,20,0,35.7,85.5,598.034,16.1
2024,8,7,6,30,0,36.4,85.5,605.238,16.7
2024,8,7,6,40,0,36.5,85.5,604.664,15.4
2024,8,7,6,50,0,35.3,85.8,587.58,14.4
2024,8,7,7,0,0,34.5,86.3,582.69,13.9
2024,8,7,7,10,0,33.7,86.7,578.994,13.5
2024,8,7,7,20,0,32.8,87.6,574.072,13.1
2024,8,7,7,30,0,31.1,88.7,552.082,12.3
2024,8,7,7,40,0,29.8,89.6,507.24,12.2
2024,8,7,7,50,0,29,90.5,476.15,12.2
2024,8,7,8,0,0,27.7,91.5,456.942,12.2
2024,8,7,8,10,0,27,92.4,433.508,12.7
2024,8,7,8,20,0,26.5,93.1,426.142,13.7
2024,8,7,8,30,0,26.6,93.5,420.402,13.1
2024,8,7,8,40,0,26.7,94.2,424.33,12.7
2024,8,7,8,50,0,26,95.3,405.01,12.3
2024,8,7,9,0,0,26.2,95.9,390.464,12.4
2024,8,7,9,10,0,25.2,96.7,376.174,12.6
2024,8,7,9,20,0,25,97.9,361.614,12.8
2024,8,7,9,30,0,23.9,98.7,346.144,11.9
2024,8,7,9,40,0,23.4,99.7,299.196,11.8
2024,8,7,9,50,0,22.7,99.9,254.726,11.6
2024,8,7,10,0,0,22,100.5,202.172,11.3
2024,8,7,10,10,0,21.2,100.9,153.288,10.7
2024,8,7,10,20,0,20.3,102.1,106.78,9.9
2024,8,7,10,30,0,20.1,102.7,81.794,9.6
2024,8,7,10,40,0,19.4,104.1,68.688,9.1
2024,8,7,10,50,0,19.3,104.7,51.88,9.6
2024,8,7,11,0,0,18.9,105.5,50,9.2
2024,8,7,11,10,0,18.1,105.7,50,9.2
2024,8,7,11,20,0,17.7,106,50,8.6
2024,8,7,11,30,0,17.1,107.3,50,8.2
2024,8,7,11,40,0,16.5,108.7,57.182,7.5
2024,8,7,11,50,0,16.2,109.3,52.088,7.4
2024,8,7,12,0,0,15.6,110.5,62.762,7.3
2024,8,7,12,10,0,14.9,111.7,90.574,7.1
2024,8,7,12,20,0,14.3,112.7,96.55,6.9
2024,8,7,12,30,0,13.3,113.1,67.726,6.6
2024,8,7,12,40,0,12.6,113.5,68.626,6.3
2024,8,7,12,50,0,12.7,114.5,63.916,6.2
2024,8,7,13,0,0,11.2,115.3,97.214,5.7
2024,8,7,13,10,0,10.4,115.4,80.39,5.3
2024,8,7,13,20,0,11.4,116.1,52.484,6.1
2024,8,7,13,30,0,11.9,116.3,62.902,6
2024,8,7,13,40,0,11.2,117.3,81.696,5.7
2024,8,7,13,50,0,10.4,118.5,156.686,5.5
2024,8,7,14,0,0,9.9,119,166.902,5.8
2024,8,7,14,10,0,9.7,119,179.702,5.9
2024,8,7,14,20,0,9.3,119.1,135.584,5.6
2024,8,7,14,30,0,9.3,119.5,112.628,5.5
2024,8,7,14,40,0,9,119.7,93.622,5.6
2024,8,7,14,50,0,8.9,120.5,95.35,5.2
2024,8,7,15,0,0,9,121.5,119.94,5.3
2024,8,7,15,10,0,8.9,121.9,121.372,4.7
2024,8,7,15,20,0,8.7,122.7,166.47,4.6
2024,8,7,15,30,0,8,123.5,248.708,4.3
2024,8,7,15,40,0,7.7,123.8,305.076,4.2
2024,8,7,15,50,0,7.9,124.3,329.618,4.2
2024,8,7,16,0,0,7.4,124.5,352.01,4.2
2024,8,7,16,10,0,7.3,124.3,366.998,4
2024,8,7,16,20,0,7.7,124.5,399.334,4
2024,8,7,16,30,0,7.4,124.1,423.09,3.9
2024,8,7,16,40,0,6.6,123.5,477.36,3.6
2024,8,7,16,50,0,6.6,123.7,499.882,3.6
2024,8,7,17,0,0,7.1,123,485.316,3.3
2024,8,7,17,10,0,7.3,123,470.95,3.5
2024,8,7,17,20,0,7.6,122.3,476.438,3.7
2024,8,7,17,30,0,8,121.9,451.738,4
2024,8,7,17,40,0,9.2,121.3,449.914,4.4
2024,8,7,17,50,0,10.4,120.5,414.072,4.4
2024,8,7,18,0,0,10.5,119.8,402.002,5
2024,8,7,18,10,0,10.9,118.7,385.724,4.9
2024,8,7,18,20,0,11.1,118.3,377.18,4.6
2024,8,7,18,30,0,11.9,116.8,347.552,4.5
2024,8,7,18,40,0,13,116.1,328.05,4.6
2024,8,7,18,50,0,14.4,115,335.004,4.8
2024,8,7,19,0,0,15.1,114.1,340.516,4.5
2024,8,7,19,10,0,15.8,112.9,352.756,4.4
2024,8,7,19,20,0,15.7,112.7,351.288,4.8
2024,8,7,19,30,0,16.7,111.7,383.62,4.8
2024,8,7,19,40,0,17.1,110.5,407.624,7.5
2024,8,7,19,50,0,17.3,110,416.8,5.7
2024,8,7,20,0,0,18.5,108.3,443.462,4.8
2024,8,7,20,10,0,19.2,107.5,459.06,4.6
2024,8,7,20,20,0,20.7,105.9,463.096,4.7
2024,8,7,20,30,0,21.3,105,447.698,4.4
2024,8,7,20,40,0,21.8,104.5,418.062,4.6
2024,8,7,20,50,0,22.8,103.5,380.824,5.3
2024,8,7,21,0,0,22.6,103.1,327.97,4.9
2024,8,7,21,10,0,23.8,101.9,299.41,4.9
2024,8,7,21,20,0,24.2,101.5,297.906,4.8
2024,8,7,21,30,0,24.4,100.7,300.49,4.8
2024,8,7,21,40,0,24.1,100.5,307.852,4.9
2024,8,7,21,50,0,24.1,99.9,316.782,4.8
2024,8,7,22,0,0,24.4,98.9,326.36,5.3
2024,8,7,22,10,0,23,99.1,333.178,4.7
2024,8,7,22,20,0,23,97.8,350.034,4.8
2024,8,7,22,30,0,22.1,97.5,361.792,4.7
2024,8,7,22,40,0,21.5,97.6,375.28,4.8
2024,8,7,22,50,0,21.6,96.5,383.904,4.8
2024,8,7,23,0,0,21.8,96.8,392.94,4.7
2024,8,7,23,10,0,21.6,95.9,391.57,4.7
2024,8,7,23,20,0,22.2,95.5,397.242,4.8
2024,8,7,23,30,0,21.5,95.6,399.618,4.5
2024,8,7,23,40,0,21.5,95,391.99,4.9
2024,8,7,23,50,0,21.8,94.4,393.732,4.9
2024,8,8,0,0,0,21.9,94.1,400.418,5.1
2024,8,8,0,10,0,22.7,93.5,410.488,5
2024,8,8,0,20,0,23.4,93.1,431.95,5.5
2024,8,8,0,30,0,24.2,91.9,446.44,5.6
2024,8,8,0,40,0,24.5,91.5,452.08,5.8
2024,8,8,0,50,0,24.1,91.6,460.95,5.8
2024,8,8,1,0,0,24.6,90.5,456.88,5.8
2024,8,8,1,10,0,24.9,90.5,461.166,5.8
2024,8,8,1,20,0,25.3,89.9,468.916,5.8
2024,8,8,1,30,0,25.1,89.9,479.848,5.9
2024,8,8,1,40,0,25.5,89.5,485.088,6.3
2024,8,8,1,50,0,25.5,89.4,484.288,6.1
2024,8,8,2,0,0,25,89.5,488.236,6
2024,8,8,2,10,0,25.5,88.7,492.514,6.1
2024,8,8,2,20,0,25.5,88.7,497.794,6.2
2024,8,8,2,30,0,25.1,88.9,503.054,6.1
2024,8,8,2,40,0,25.5,88.5,506.676,5.9
2024,8,8,2,50,0,25.2,88.5,511.392,6
2024,8,8,3,0,0,25.5,88.1,518.182,6
2024,8,8,3,10,0,25.5,87.9,520.15,5.8
2024,8,8,3,20,0,26.3,87.5,520.314,5.7
2024,8,8,3,30,0,26.3,87.5,525.31,6.1
2024,8,8,3,40,0,25.7,87.5,537.768,6.1
2024,8,8,3,50,0,26.3,86.9,543.04,6
2024,8,8,4,0,0,26.6,86.5,549.486,6
2024,8,8,4,10,0,27.2,86.5,543.912,6
2024,8,8,4,20,0,27.5,85.6,538.708,6.2
2024,8,8,4,30,0,27.5,85.7,540.484,6.2
2024,8,8,4,40,0,27.6,85.6,557.436,6.1
2024,8,8,4,50,0,28.4,85.5,570.65,6.2
2024,8,8,5,0,0,28.5,85.5,578.24,6.1
2024,8,8,5,10,0,28.6,85.5,584.902,6.1
2024,8,8,5,20,0,28.5,85.5,573.77,6.2
2024,8,8,5,30,0,29,84.9,582.768,6
2024,8,8,5,40,0,28.7,85.1,592.614,6.1
2024,8,8,5,50,0,29.5,85.5,605.026,6.3
2024,8,8,6,0,0,30.5,85.5,612.19,6.3
2024,8,8,6,10,0,30.7,85.1,606.868,6.4
2024,8,8,6,20,0,30.6,84.8,604.602,6.5
2024,8,8,6,30,0,30.9,84.5,601.512,6.6
2024,8,8,6,40,0,31.8,84.1,603.772,6.9
2024,8,8,6,50,0,31.6,84.5,586.988,7.2
2024,8,8,7,0,0,31.1665,84.833,578.815,7.2
2024,8,8,7,10,0,30.4,85.5,555.37,7
2024,8,8,7,20,0,30.4,86,546.012,7.4
2024,8,8,7,30,0,29.7,87,539.08,7.6
2024,8,8,7,40,0,29,87.6,527.694,7.5
2024,8,8,7,50,0,28.5,88.5,517.144,7.6
2024,8,8,8,0,0,27.7,89.1,498.036,7.4
2024,8,8,8,10,0,26.9,89.9,495.406,7.6
2024,8,8,8,20,0,26.1,90.9,488.79,7.6
2024,8,8,8,30,0,24.1,91.9,474.558,7.2
2024,8,8,8,40,0,23.5,92.5,460.314,7.2
2024,8,8,8,50,0,22.9,92.9,442.002,6.7
2024,8,8,9,0,0,21.2,93.9,414.514,6.3
2024,8,8,9,10,0,20.5,94.8,402.626,6.3
2024,8,8,9,20,0,20.4,95.5,377.522,6.7
2024,8,8,9,30,0,20.2,96.1,350.33,6.6
2024,8,8,9,40,0,19.9,96.8,347.56,6.5
2024,8,8,9,50,0,19.5,97.7,326.954,6.5
2024,8,8,10,0,0,19.3,98.6,303.002,6.3
2024,8,8,10,10,0,18.5,99.6,282.3,6.4
2024,8,8,10,20,0,17.7,100.5,259.348,6
2024,8,8,10,30,0,16.7,101.6,236.36,6.3
2024,8,8,10,40,0,15.9,102.5,212.866,6.1
2024,8,8,10,50,0,15.6,102.9,168.03,6
2024,8,8,11,0,0,15.5,104.1,146.112,6
2024,8,8,11,10,0,15.5,104.9,138.916,5.5
2024,8,8,11,20,0,15,105.9,112.022,5.6
2024,8,8,11,30,0,14.5,106.9,104.168,5.4
2024,8,8,11,40,0,13.6,107.5,83.784,5.2
2024,8,8,11,50,0,13.5,107.7,54.416,5.3
2024,8,8,12,0,0,13.5,108.5,55.187,5.4
2024,8,8,12,10,0,13.5,109.2,51.63,5.5
2024,8,8,12,20,0,13.2,110,53.628,5.4
2024,8,8,12,30,0,13.2,110.9,58.298,5.3
2024,8,8,12,40,0,12.5,111.6,53.1,5.2
2024,8,8,12,50,0,12.2,112.5,54.766,5.1
2024,8,8,13,0,0,11.1,112.9,59.916,4.8
2024,8,8,13,10,0,10.2,113.5,60.764,4.6
2024,8,8,13,20,0,10.3,113.7,59.912,4.4
2024,8,8,13,30,0,9.3,114.5,76.836,4.4
2024,8,8,13,40,0,8.8,114.6,74.62,4.4
2024,8,8,13,50,0,8.6,115.1,76.674,4
2024,8,8,14,0,0,8.1,115.5,96.286,4.1
2024,8,8,14,10,0,7.4,116.1,121.306,3.8
2024,8,8,14,20,0,6.7,116.5,155.332,3.5
2024,8,8,14,30,0,6.2,117,176.072,3
2024,8,8,14,40,0,6.5,117.4,179.962,3.3
2024,8,8,14,50,0,6.5,117.6,163.852,3.3
2024,8,8,15,0,0,6.8,117.5,146.19,3.6
2024,8,8,15,10,0,7.1,117.9,141.64,3.5
2024,8,8,15,20,0,7.3,118.3,133.986,3.7
2024,8,8,15,30,0,7.6,118.3,110.44,3.9
2024,8,8,15,40,0,7.6,118.9,105.274,3.9
2024,8,8,15,50,0,7.9,119.2,104.61,3.9
2024,8,8,16,0,0,7.9,118.9,102.372,3.8
2024,8,8,16,10,0,8.2,119,90.192,3.9
2024,8,8,16,20,0,8.3,118.7,93.09,4.2
2024,8,8,16,30,0,7.9,118.5,78.188,3.8
2024,8,8,16,40,0,7.5,118.9,80.112,3.6
2024,8,8,16,50,0,7.5,118.5,70.314,3.8
2024,8,8,17,0,0,7.1,118.4,69.756,3.4
2024,8,8,17,10,0,7.1,118.1,62.382,3.2
2024,8,8,17,20,0,7.5,117.5,53.866,3.2
2024,8,8,17,30,0,7.5,117.5,81.206,3.2
2024,8,8,17,40,0,7.3,116.7,91.72,3.1
2024,8,8,17,50,0,7.5,116.1,89.786,3.1
2024,8,8,18,0,0,8.1,115.7,83.428,2.9
2024,8,8,18,10,0,8.5,114.9,76.64,2.8
2024,8,8,18,20,0,8.5,114.5,61.496,2.8
2024,8,8,18,30,0,9.4,113.6,70.5,2.7
2024,8,8,18,40,0,9.5,113,68.508,2.4
2024,8,8,18,50,0,9.5,112.3,90.8,2.2
2024,8,8,19,0,0,10.5,111.1,117.26,2.3
2024,8,8,19,10,0,10.7,110.5,110.006,2.2
2024,8,8,19,20,0,11.6,109,107.196,2.4
2024,8,8,19,30,0,12.3,107.5,100.222,2.4
2024,8,8,19,40,0,14,105.7,88.162,2.6
2024,8,8,19,50,0,16.3,104.3,77.918,2.8
2024,8,8,20,0,0,17.75,102.875,115.257,3.1
2024,8,8,20,10,0,17.7,102.6,134.978,4
2024,8,8,20,20,0,17.9,101.9,148.278,3.2
2024,8,8,20,30,0,18.5,100.7,161.216,3.4
2024,8,8,20,40,0,18.9,100.1,170.328,3.7
2024,8,8,20,50,0,19.9,98.8,181.582,3.7
2024,8,8,21,0,0,20.6,98.6,211.204,3.6
2024,8,8,21,10,0,21.2,97.7,219.066,3.8
2024,8,8,21,20,0,21.5,97.3,234.056,4.2
2024,8,8,21,30,0,21.1,97.4,254.1,4.4
2024,8,8,21,40,0,21.4,96.5,252.966,5.3
2024,8,8,21,50,0,21.1,96.4,238.382,6.5
2024,8,8,22,0,0,21.2,95.8,215.082,7.8
2024,8,8,22,10,0,21.5,94.5,208.198,9.4
2024,8,8,22,20,0,21.5,94.625,194.443,11.1
2024,8,8,22,30,0,22.1,94.4,223.674,13.5
2024,8,8,22,40,0,22.4,94,224.69,15.9
2024,8,8,22,50,0,22.3,94.1,226.286,17.7
2024,8,8,23,0,0,23.4,93.5,224.4,20
2024,8,8,23,10,0,23.8,93.5,207.184,23.5
2024,8,8,23,20,0,23.6,93.9,193.192,24.9
2024,8,8,23,30,0,23.9,93.5,189.754,25.2
2024,8,8,23,40,0,24.4,93.5,196.726,24.3
2024,8,8,23,50,0,24.3,93,220.002,24.2
2024,8,9,0,0,0,24.7,92.5,233.708,24.1
2024,8,9,0,10,0,25.4,91.8,246.698,23.3
2024,8,9,0,20,0,25.2,91.9,269.338,23.5
2024,8,9,0,30,0,26.2,90.8,274.718,24
2024,8,9,0,40,0,26.2,90.5,292.93,23.8
2024,8,9,0,50,0,25.4,90.8,298.206,23.7
2024,8,9,1,0,0,25.1,90.5,296.938,23.9
2024,8,9,1,10,0,25,90.3,297.172,22.8
2024,8,9,1,20,0,25.5,89.8,309.19,23.2
2024,8,9,1,30,0,24.8,89.9,308.368,24.1
2024,8,9,1,40,0,25.5,89.5,312.222,24.2
2024,8,9,1,50,0,25.5,89.4,314.636,24.1
2024,8,9,2,0,0,25.5,88.5,320.596,24.1
2024,8,9,2,10,0,25.5,88.5,327.302,24
2024,8,9,2,20,0,25.6,88.5,343.706,24
2024,8,9,2,30,0,25.5,88.5,339.47,23.9
2024,8,9,2,40,0,26.5,87.5,337.178,23.1
2024,8,9,2,50,0,26.5,87.5,353.592,23.3
2024,8,9,3,0,0,26.5,87.5,365.25,23.1
2024,8,9,3,10,0,27.5,87.4,392.896,23.9
2024,8,9,3,20,0,27.5,87,431.498,24.3
2024,8,9,3,30,0,27.5,87.3,458.95,23.7
2024,8,9,3,40,0,27.8,86.7,464.192,23.2
2024,8,9,3,50,0,27.9,86.1,453.258,22
2024,8,9,4,0,0,28.3,85.6,461.438,21.9
2024,8,9,4,10,0,29,85.5,492.188,22.4
2024,8,9,4,20,0,29.1,85.5,505.422,22.5
2024,8,9,4,30,0,29.1,85.5,508.806,22.3
2024,8,9,4,40,0,29.1,85.5,513.526,22.1
2024,8,9,4,50,0,29.6,85.5,522.782,22.3
2024,8,9,5,0,0,30.6,84.9,520.432,22.3
2024,8,9,5,10,0,30.7,84.5,516.98,21
2024,8,9,5,20,0,31.3,84.5,535.066,20.2
2024,8,9,5,30,0,30.6,84.5,528.796,19.9
2024,8,9,5,40,0,31.5,84.1,533.362,19.4
2024,8,9,5,50,0,31.5,83.5,536.48,18.5
2024,8,9,6,0,0,30.5,83.5,519.966,16.8
2024,8,9,6,10,0,30.9,83.5,518.278,16
2024,8,9,6,20,0,31.5,83.4,522.3,15.9
2024,8,9,6,30,0,32.6,82.5,530.172,15.6
2024,8,9,6,40,0,32.9,82.5,538.76,15
2024,8,9,6,50,0,32.6,83.1,537.548,14.7
2024,8,9,7,0,0,31.8,83.7,520.054,14.2
2024,8,9,7,10,0,31.2,84.6,521.762,13.9
2024,8,9,7,20,0,29.6,85.5,514.562,14.6
2024,8,9,7,30,0,28.1,86.3,505.83,14.4
2024,8,9,7,40,0,27.3,86.9,492.862,13.9
2024,8,9,7,50,0,26.2,87.8,480.328,13.9
2024,8,9,8,0,0,25.5,88.6,462.222,14.1
2024,8,9,8,10,0,25.6,89.1,443.676,14.6
2024,8,9,8,20,0,25.6,89.6,436.364,14.7
2024,8,9,8,30,0,25.4,90.5,421.698,14.7
2024,8,9,8,40,0,24.8,91.4,404.37,14.5
2024,8,9,8,50,0,24.5,92,389.076,15.4
2024,8,9,9,0,0,23.9,92.9,368.172,15.8
2024,8,9,9,10,0,22.6,94.2,352.582,18.8
2024,8,9,9,20,0,22.3,94.9,322.346,20.2
2024,8,9,9,30,0,21.6,95.8,298.526,16.8
2024,8,9,9,40,0,20.8,96.8,259.202,16.7
2024,8,9,9,50,0,19.2,97.8,219.02,16.9
2024,8,9,10,0,0,17.8,99.1,189.066,15.4
2024,8,9,10,10,0,16.6,100.2,163.492,14.4
2024,8,9,10,20,0,16.5,101.2,139.664,14.4
2024,8,9,10,30,0,16.1,102.4,107.8,14.7
2024,8,9,10,40,0,14.6,103.7,91.06,14.5
2024,8,9,10,50,0,14.7,104.5,67.062,14.1
2024,8,9,11,0,0,13.7,105.9,60.338,14.1
2024,8,9,11,10,0,13.1,105.9,50.842,14.3
2024,8,9,11,20,0,11.9,107.3,61.842,13.1
2024,8,9,11,30,0,11.1,108.3,57.614,11.8
2024,8,9,11,40,0,10.7,109,55.684,11.4
2024,8,9,11,50,0,9.9,109.5,58.402,11.3
2024,8,9,12,0,0,9.7,110.2,51.928,11.9
2024,8,9,12,10,0,9.8,111.1,51.904,12.1
2024,8,9,12,20,0,10.3,111.1,50.98,10.9
2024,8,9,12,30,0,9.5,111.2,50.426,10.6
2024,8,9,12,40,0,10.5,111.3,50.048,10.5
2024,8,9,12,50,0,10.5,111.833,52.305,10.9
2024,8,9,13,0,0,9.9,112.7,55.472,10.9
2024,8,9,13,10,0,9.3,113.5,88.786,10.9
2024,8,9,13,20,0,7.9,114.3,136.226,9.8
2024,8,9,13,30,0,7.9,115.1,195.788,10.3
2024,8,9,13,40,0,7.7,115.6,215.77,11.1
2024,8,9,13,50,0,8.1,116.3,223.802,11.2
2024,8,9,14,0,0,7.4,116.5,234.568,10.8
2024,8,9,14,10,0,7.5,116.7,234.356,10.6
2024,8,9,14,20,0,7,116.7,219.982,10.7
2024,8,9,14,30,0,7.5,117.3,221.984,11.1
2024,8,9,14,40,0,7.5,117.3,223.126,11.2
2024,8,9,14,50,0,7.4,118,207.432,12.3
2024,8,9,15,0,0,7.4,118.2,228.828,12.5
2024,8,9,15,10,0,6.6,118.5,243.092,11.2
2024,8,9,15,20,0,6.4,118.7,278.524,9.8
2024,8,9,15,30,0,6,119.4,302.176,8.4
2024,8,9,15,40,0,5.6,119.5,323.412,7.1
2024,8,9,15,50,0,5.7,119.9,342.7,6.8
2024,8,9,16,0,0,5.7,120.5,347.58,6.7
2024,8,9,16,10,0,6.5,120.1,347.26,7.1
2024,8,9,16,20,0,6.5,119.5,369.412,7.3
2024,8,9,16,30,0,6.6,119.5,349.342,8
2024,8,9,16,40,0,7.5,119.4,328.652,8.2
2024,8,9,16,50,0,7.5,118.9,315.128,8.7
2024,8,9,17,0,0,7.5,118.7,291.154,9.1
2024,8,9,17,10,0,7.5,118.5,269.05,9.1
2024,8,9,17,20,0,7.5,118.5,250.026,8.8
2024,8,9,17,30,0,8.1,117.8,261.708,8.5
2024,8,9,17,40,0,8.4,117.9,271.214,8.1
2024,8,9,17,50,0,8.5,117.1,273.842,8
2024,8,9,18,0,0,9.1,116.5,267.654,8.2
2024,8,9,18,10,0,9.6,116,283.62,7.5
2024,8,9,18,20,0,10.4,114.9,307.138,7.5
2024,8,9,18,30,0,10.7,114.5,323.106,7.1
2024,8,9,18,40,0,11.5,114.1,331.328,9.7
2024,8,9,18,50,0,12.4,113.1,329.608,7.9
2024,8,9,19,0,0,13.3,112.7,319.684,8.1
2024,8,9,19,10,0,14,111.3,318.032,8.5
2024,8,9,19,20,0,14.5,110.5,325.774,8.4
2024,8,9,19,30,0,14.7,109.3,335.994,8.5
2024,8,9,19,40,0,15.4,107.7,330.494,9.2
2024,8,9,19,50,0,15.7,107.2,331.486,9.7
2024,8,9,20,0,0,16.5,106.5,351.43,9.7
2024,8,9,20,10,0,17.6,105.4,373.46,10.1
2024,8,9,20,20,0,18.9,103.9,399.028,10.8
2024,8,9,20,30,0,19.9,102.6,395.158,11.3
2024,8,9,20,40,0,19.9,102.4,375.116,11.3
2024,8,9,20,50,0,20.4,102.3,385.086,12
2024,8,9,21,0,0,20.6,101.6,370.952,12.7
2024,8,9,21,10,0,21.6,100.4,349.326,13.9
2024,8,9,21,20,0,21.5,99.9,305.808,14.6
2024,8,9,21,30,0,22.3,99.5,278.826,15.1
2024,8,9,21,40,0,23,98.9,251.944,15.7
2024,8,9,21,50,0,23.7,98,234.664,16.7
2024,8,9,22,0,0,23.8,97.6,231.166,17.1
2024,8,9,22,10,0,24.2,97,223.016,17.5
2024,8,9,22,20,0,24.7,96.5,221.556,18.3
2024,8,9,22,30,0,25.3,96.1,236.89,18.3
2024,8,9,22,40,0,26.4,95.3,258.108,19.5
2024,8,9,22,50,0,27.1,94.9,274.214,19.8
2024,8,9,23,0,0,27.6,94.4,303.272,20
2024,8,9,23,10,0,28.9,93.5,317.486,20.8
2024,8,9,23,20,0,29.2,93.3,318.604,21.4
2024,8,9,23,30,0,30,92.5,304.644,21.3
2024,8,9,23,40,0,29.8,92.6,284.444,21.2
2024,8,9,23,50,0,29.6,92.5,290.206,20.6
2024,8,10,0,0,0,29.1,92.1,287.86,19.7
2024,8,10,0,10,0,27.8,92.1,286.97,17.3
2024,8,10,0,20,0,27.4,91.4,288.992,16.2
2024,8,10,0,30,0,26,91.3,286.102,14.6
2024,8,10,0,40,0,24.8,90.5,280.704,13.3
2024,8,10,0,50,0,23.8,90.5,274.878,11.4
2024,8,10,1,0,0,23.5,90.4,282.282,11.7
2024,8,10,1,10,0,23.3,89.6,286.866,11.1
2024,8,10,1,20,0,22.5,90.1,281.21,10.3
2024,8,10,1,30,0,22.5,89.5,278.476,10.6
2024,8,10,1,40,0,22.7,89.5,287.49,10.4
2024,8,10,1,50,0,23.3,88.7,303.986,10.6
2024,8,10,2,0,0,23.6,88.5,325.536,10.7
2024,8,10,2,10,0,24.4,88.1,337.828,10.4
2024,8,10,2,20,0,24.5,87.7,347.504,10.8
2024,8,10,2,30,0,25.3,86.9,355.07,10.7
2024,8,10,2,40,0,25.5,86.5,370.074,11
2024,8,10,2,50,0,26.3,86.3,380.04,11.1
2024,8,10,3,0,0,26.5,85.8,392.804,10.6
2024,8,10,3,10,0,26.6,85.4,398.604,10.4
2024,8,10,3,20,0,26.7,84.7,403.728,9.8
2024,8,10,3,30,0,27.5,84.5,406.872,9.8
2024,8,10,3,40,0,27.6,84.1,417.166,9.8
2024,8,10,3,50,0,27.5,83.8,420.852,9.9
2024,8,10,4,0,0,27.7,83.6,424.536,9.8
2024,8,10,4,10,0,28.1,83.5,435.368,9.5
2024,8,10,4,20,0,28.3,83.5,440.136,9.3
2024,8,10,4,30,0,28.5,83.4,442.858,9.6
2024,8,10,4,40,0,29.2,83,452.196,9.8
2024,8,10,4,50,0,29.5,82.5,452.794,9.8
2024,8,10,5,0,0,29.6,82.5,457.994,10
2024,8,10,5,10,0,30,82.5,464.782,9.8
2024,8,10,5,20,0,30.5,81.5,466.556,10.1
2024,8,10,5,30,0,30.1,82.3,471.576,10
2024,8,10,5,40,0,31.5,82.5,476.816,10.3
2024,8,10,5,50,0,31.1,81.8,470.602,10
2024,8,10,6,0,0,30.5,81.5,478.36,10.2
2024,8,10,6,10,0,30.8,81.1,478.276,9.6
2024,8,10,6,20,0,30.5,80.5,461.25,9
2024,8,10,6,30,0,30.3,80.9,455.922,8.6
2024,8,10,6,40,0,28.9,81.5,445.508,8.6
2024,8,10,6,50,0,28.5,82.1,451.668,8.5
2024,8,10,7,0,0,28.5,83.1,446.326,9.1
2024,8,10,7,10,0,28.7,83.5,450.98,9.4
2024,8,10,7,20,0,27.2,84.1,443.772,8.6
2024,8,10,7,30,0,26.4,84.8,421.63,8.3
2024,8,10,7,40,0,26.3,85.9,406.672,8.6
2024,8,10,7,50,0,25.9,86.8,421.004,9.4
2024,8,10,8,0,0,24.1,87.9,405.544,8.8
2024,8,10,8,10,0,23.3,88.8,389.504,8.7
2024,8,10,8,20,0,21.5,90,356.734,7.8
2024,8,10,8,30,0,21.5,90.9,336.914,7.5
2024,8,10,8,40,0,20.7,92.1,317.712,7.3
2024,8,10,8,50,0,19.7,93.1,299.596,6.6
2024,8,10,9,0,0,19.1,93.9,288.098,6.3
2024,8,10,9,10,0,17.9,94.6,255.516,6.4
2024,8,10,9,20,0,17.4,95.5,221.8,6.7
2024,8,10,9,30,0,16.9,96.3,196.242,7
2024,8,10,9,40,0,15.9,97.3,167.4,6.1
2024,8,10,9,50,0,15.6,98,143.736,5.9
2024,8,10,10,0,0,15.6,99.2,137.824,6
2024,8,10,10,10,0,15.1,100.1,112.748,5.7
2024,8,10,10,20,0,14.9,100.9,85.862,5.2
2024,8,10,10,30,0,15,101.5,67.37,5.4
2024,8,10,10,40,0,14.5,102.4,51.2,5.2
2024,8,10,10,50,0,13.5,102.9,50.696,5
2024,8,10,11,0,0,14.1,103.5,50.428,5.2
2024,8,10,11,10,0,13.5,104,51.722,5.7
2024,8,10,11,20,0,13.5,104.9,50.726,5.2
2024,8,10,11,30,0,13,105.2,50.578,4.9
2024,8,10,11,40,0,12.5,106.1,50.452,4.7
2024,8,10,11,50,0,12.3,106.3,50,4.6
2024,8,10,12,0,0,11.8,107.5,50.648,4.4
2024,8,10,12,10,0,11.8,108.1,54.63,4.5
2024,8,10,12,20,0,11.1,109.3,55.93,4.3
2024,8,10,12,30,0,10.7,110.4,96.04,3.9
2024,8,10,12,40,0,8.9,111.5,147.728,3.7
2024,8,10,12,50,0,8.5,112.3,159.568,3.6
2024,8,10,13,0,0,8.5,112.9,165.318,3.5
2024,8,10,13,10,0,8,113.5,186.178,3.4
2024,8,10,13,20,0,7.4,114.5,211.12,3.1
2024,8,10,13,30,0,7.5,114.5,219.46,3.3
2024,8,10,13,40,0,7.8,115.3,203.786,3.4
2024,8,10,13,50,0,8.1,115.3,191.868,3.6
2024,8,10,14,0,0,8.4,115.7,195.916,3.5
2024,8,10,14,10,0,7.7,116.4,196.318,3.3
2024,8,10,14,20,0,7.4,116.5,219.55,3.3
2024,8,10,14,30,0,6.7,116.8,224.25,3.2
2024,8,10,14,40,0,6.9,117.4,247.65,3.1
2024,8,10,14,50,0,7.3,117.6,244.582,3.3
2024,8,10,15,0,0,7.4,118.5,253.948,3.3
2024,8,10,15,10,0,7.6,118.5,234.728,3.4
2024,8,10,15,20,0,7.8,118.5,239.066,3.5
2024,8,10,15,30,0,7.5,118.8,253.206,3.4
2024,8,10,15,40,0,7.5,118.5,260.134,3.3
2024,8,10,15,50,0,7.5,119,253.712,3.1
2024,8,10,16,0,0,7.5,119.4,256.248,3
2024,8,10,16,10,0,7.5,118.5,258.544,3
2024,8,10,16,20,0,7.5,118.9,250.546,2.7
2024,8,10,16,30,0,7.5,118.5,259.008,2.5
2024,8,10,16,40,0,7.4,118.3,270.822,2.8
2024,8,10,16,50,0,6.9,117.7,268.364,2.9
2024,8,10,17,0,0,6.7,117.5,277.156,2.8
2024,8,10,17,10,0,6.9,117.5,265.216,3
2024,8,10,17,20,0,7.3,117.5,273.5,3
2024,8,10,17,30,0,8,116.7,282.092,2.8
2024,8,10,17,40,0,8,116.5,282.422,2.7
2024,8,10,17,50,0,8.5,115.5,259.387,2.7
2024,8,10,18,0,0,8.5,115.25,252.287,2.7
2024,8,10,18,10,0,8.5,114.8,302.714,2.6
2024,8,10,18,20,0,8.9,113.9,314.614,2.5
2024,8,10,18,30,0,8.6,113.2,324.884,2.3
2024,8,10,18,40,0,9.5,112.5,336.492,2.6
2024,8,10,18,50,0,10.3,111.7,360.222,2.7
2024,8,10,19,0,0,11.1,110.7,348.522,3.1
2024,8,10,19,10,0,11.5,109.2,335.41,3.3
2024,8,10,19,20,0,11.5,108.1,305.208,3.4
2024,8,10,19,30,0,12.3,106.9,281.5,3.8
2024,8,10,19,40,0,12.6,106.1,295.642,3.8
2024,8,10,19,50,0,14,104.7,303.14,3.9
2024,8,10,20,0,0,14.7,103.2,270.844,4.5
2024,8,10,20,10,0,15.4,102.1,271.706,4.6
2024,8,10,20,20,0,16.4,101.2,309.262,4.8
2024,8,10,20,30,0,17.2,100.5,337.806,5
2024,8,10,20,40,0,18.5,99.5,373.966,5.2
2024,8,10,20,50,0,19.5,98.5,401.504,5.4
2024,8,10,21,0,0,19.5,98.5,422.99,5.8
2024,8,10,21,10,0,18.9,98.3,405.276,5.8
2024,8,10,21,20,0,19.1,97.5,377.192,6.2
2024,8,10,21,30,0,19.5,97.1,365.182,6.3
2024,8,10,21,40,0,19.6,96.5,367.518,6.4
2024,8,10,21,50,0,20.5,95.7,360.962,7.1
2024,8,10,22,0,0,21.1,95.5,351.632,7.3
2024,8,10,22,10,0,21.8,94.9,346.308,7.5
2024,8,10,22,20,0,22.2,94.5,345.122,7.7
2024,8,10,22,30,0,22.2,94.4,339.19,8.2
2024,8,10,22,40,0,23,93.5,361.033,8.7
2024,8,10,22,50,0,24.5,93.125,393.647,8.9
2024,8,10,23,0,0,25.3,92.5,451.674,9.4
2024,8,10,23,10,0,25.5,92.5,466.064,9.6
2024,8,10,23,20,0,26.1,92.2,472.854,9.8
2024,8,10,23,30,0,26.7,91.6,472.898,10.4
2024,8,10,23,40,0,27.4,91.5,484.642,10.3
2024,8,10,23,50,0,27.75,90.75,498.76,10.6
2024,8,11,0,0,0,28.375,90.5,479.5,11.1
2024,8,11,0,10,0,28.5,90.5,492.926,11.2
2024,8,11,0,20,0,29,89.8,493.404,11.2
2024,8,11,0,30,0,29.2,89.5,494.484,11.8
2024,8,11,0,40,0,29.2,89.6,480.108,11.7
2024,8,11,0,50,0,29.5,89.4,489.598,11.8
2024,8,11,1,0,0,29,89.4,503.99,11.5
2024,8,11,1,10,0,28.125,90,513.667,11.1
2024,8,11,1,20,0,28.5,89.5,549.166,11.3
2024,8,11,1,30,0,28.6,89.5,578.426,11.1
2024,8,11,1,40,0,29.1,89.3,603.28,11.4
2024,8,11,1,50,0,28.9,88.7,605.924,11.1
2024,8,11,2,0,0,29,88.5,614.444,11.3
2024,8,11,2,10,0,29.1,88.5,627.778,10.9
2024,8,11,2,20,0,29.4,88.5,647.256,11.2
2024,8,11,2,30,0,30.1,88.1,643,11.8
2024,8,11,2,40,0,30.6,87.5,644.986,11.9
2024,8,11,2,50,0,30.5,87.5,641.318,11.6
2024,8,11,3,0,0,30.2,87.3,651.558,11.2
2024,8,11,3,10,0,30.3,86.9,653.388,11
2024,8,11,3,20,0,30.1,86.5,651.474,10.9
2024,8,11,3,30,0,30.3,86.5,653.596,11.4
2024,8,11,3,40,0,30.4,86.5,668.58,11.7
2024,8,11,3,50,0,30.5,86.5,679.426,11.9
2024,8,11,4,0,0,30.7,86.5,685.022,11.8
2024,8,11,4,10,0,31.4,86.1,689.946,12.4
2024,8,11,4,20,0,31.5,85.7,675.854,11.8
2024,8,11,4,30,0,31.5,85.5,677.178,11.7
2024,8,11,4,40,0,32,85.5,679.63,11.7
2024,8,11,4,50,0,32.5,85.5,688.17,11.9
2024,8,11,5,0,0,32.9,85.5,686.982,11.5
2024,8,11,5,10,0,34.4,85.1,699.46,11.5
2024,8,11,5,20,0,35.1,84.8,693.106,11.9
2024,8,11,5,30,0,35,84.5,665.43,12.2
2024,8,11,5,40,0,35,84.5,657.33,12
2024,8,11,5,50,0,35,84.3,660.856,12.6
2024,8,11,6,0,0,35,83.5,652.798,13.7
2024,8,11,6,10,0,35,84.1,649.556,12.6
2024,8,11,6,20,0,35.1,83.9,655.812,13
2024,8,11,6,30,0,35.7,83.5,656.116,13.3
2024,8,11,6,40,0,35.8,83.5,660.96,12.8
2024,8,11,6,50,0,35.6,83.9,662.76,13
2024,8,11,7,0,0,34.4,84.6,643.584,12.9
2024,8,11,7,10,0,33.8,85.1,625.562,12.6
2024,8,11,7,20,0,32.5,86.1,605.544,12.2
2024,8,11,7,30,0,31.2,86.7,591.552,11.6
2024,8,11,7,40,0,30.4,87.5,593.682,12
2024,8,11,7,50,0,29.2,88.4,576.31,12
2024,8,11,8,0,0,28.4,89.3,565.308,11.8
2024,8,11,8,10,0,28.1,90,554.41,11.4
2024,8,11,8,20,0,26.9,90.9,541.298,11
2024,8,11,8,30,0,26,92.1,535.722,10.6
2024,8,11,8,40,0,25.6,92.7,521.722,11.1
2024,8,11,8,50,0,25.1,93.5,506.03,11.3
2024,8,11,9,0,0,24.6,94.5,499.522,9.9
2024,8,11,9,10,0,24.5,95.1,473.452,10.5
2024,8,11,9,20,0,24.3,95.9,469.872,10
2024,8,11,9,30,0,23.9,96.7,452.488,9.1
2024,8,11,9,40,0,23.1,98.1,431.606,9.1
2024,8,11,9,50,0,23,98.7,404.774,9
2024,8,11,10,0,0,22.2,99.5,381.31,9.1
2024,8,11,10,10,0,20.9,100.3,326.844,9.9
2024,8,11,10,20,0,20.5,101.5,319.446,9.9
2024,8,11,10,30,0,19.2,102.5,306.372,9.7
2024,8,11,10,40,0,18.3,103.7,299.48,8.9
2024,8,11,10,50,0,18.4,104.5,301.204,8.8
2024,8,11,11,0,0,17.5,105.3,277.828,8.3
2024,8,11,11,10,0,17.3,105.6,258.012,8.3
2024,8,11,11,20,0,17,106.5,247.868,8
2024,8,11,11,30,0,16.1,107.5,237.962,7.9
2024,8,11,11,40,0,15.3,108.5,242.806,7.5
2024,8,11,11,50,0,15.2,109,240.746,7.4
2024,8,11,12,0,0,15.4,109.5,222.522,7.8
2024,8,11,12,10,0,15.5,109.5,167.078,7.2
2024,8,11,12,20,0,15.2,110.3,164.296,7.1
2024,8,11,12,30,0,15,110.9,165.886,6.5
2024,8,11,12,40,0,14.4,111.4,156.014,6.5
2024,8,11,12,50,0,13.9,112.3,159.004,6.9
2024,8,11,13,0,0,13.8,112.5,161.332,6.7
2024,8,11,13,10,0,13.8,112.8,148.604,6.2
2024,8,11,13,20,0,13.4,113.3,154.812,5.4
2024,8,11,13,30,0,12.6,113.5,156.216,5.1
2024,8,11,13,40,0,12.7,113.9,131.926,5.3
2024,8,11,13,50,0,11.4,113.8,116.252,4.4
2024,8,11,14,0,0,12.4,113.7,137.03,4.7
2024,8,11,14,10,0,12.3,114.9,153.352,4.4
2024,8,11,14,20,0,11.3,115.7,172.884,4.4
2024,8,11,14,30,0,10.2,116.5,178.9,4
2024,8,11,14,40,0,9.2,116.8,190.59,3.5
2024,8,11,14,50,0,8.4,117.5,216.416,3.3
2024,8,11,15,0,0,8.5,117.5,230.472,3
2024,8,11,15,10,0,8.6,117.5,220.08,3
2024,8,11,15,20,0,8.6,118.1,207.644,3.3
2024,8,11,15,30,0,8.8,118.4,226.296,3.2
2024,8,11,15,40,0,9,118.5,234.894,3.1
2024,8,11,15,50,0,8.5,117.9,231.418,3.2
2024,8,11,16,0,0,7.5,118.5,263.074,2.8
2024,8,11,16,10,0,7.5,118.1,273.334,2.7
2024,8,11,16,20,0,8,118.2,264.982,3
2024,8,11,16,30,0,8.1,117.5,264.214,3
2024,8,11,16,40,0,8.1,117.5,263.324,2.8
2024,8,11,16,50,0,8.1665,117.6665,273.637,2.8
2024,8,11,17,0,0,8.4,117.4,269.265,2.9
2024,8,11,17,10,0,8.5,117.7,281.06,3.1
2024,8,11,17,20,0,8.5,117.6,272.55,3.1
2024,8,11,17,30,0,7.8,117.4,262.032,2.9
2024,8,11,17,40,0,8,116.5,261.816,2.8
2024,8,11,17,50,0,8.2,116.5,264.494,2.5
2024,8,11,18,0,0,8.5,115.6,265.978,2.5
2024,8,11,18,10,0,8.6,115.2,273.316,2.3
2024,8,11,18,20,0,8.5,114.6,305.094,1.8
2024,8,11,18,30,0,8.9,113.9,326.08,1.7
2024,8,11,18,40,0,9.5,113.5,352.032,1.8
2024,8,11,18,50,0,10.1,112.9,341.692,1.9
2024,8,11,19,0,0,11.1,111.6,342.98,2
2024,8,11,19,10,0,12.4,110.6,342.448,2
2024,8,11,19,20,0,12.9,109.1,344.356,2
2024,8,11,19,30,0,13.9,108.1,351.596,2.1
2024,8,11,19,40,0,14.5,106.7,370.578,2.1
2024,8,11,19,50,0,15.2,105.9,381.832,2.1
2024,8,11,20,0,0,16.5,104.5,388.382,2.5
2024,8,11,20,10,0,17.2,103.5,375.566,2.3
2024,8,11,20,20,0,18.1,102.5,384.97,2.3
2024,8,11,20,30,0,18.3,101.8,379.334,2.1
2024,8,11,20,40,0,18.5,101.5,375.346,2.4
2024,8,11,20,50,0,18.5,100.5,375.722,2
2024,8,11,21,0,0,18.6,100.5,378.372,1.9
2024,8,11,21,10,0,18.7,99.7,361.522,1.9
2024,8,11,21,20,0,19.9,98.7,359.852,1.9
2024,8,11,21,30,0,20.8,98.5,367.062,2.2
2024,8,11,21,40,0,22.2,97.6,350.96,3.1
2024,8,11,21,50,0,23.4,96.7,325.878,3.8
2024,8,11,22,0,0,24.1,96.5,324.794,4
2024,8,11,22,10,0,24.6,96.1,327.916,4.1
2024,8,11,22,20,0,25.4,95.5,338.55,4.3
2024,8,11,22,30,0,26,95.1,351.844,4.2
2024,8,11,22,40,0,26.9,94.3,358.664,4.6
2024,8,11,22,50,0,27.2,93.8,368.118,4.6
2024,8,11,23,0,0,27.3,93.5,375.188,4.6
2024,8,11,23,10,0,27.3,92.9,380.926,4.6
2024,8,11,23,20,0,27.3,92.5,386.96,4.8
2024,8,11,23,30,0,27.9,91.5,396.432,4.8
2024,8,11,23,40,0,27.7,91.5,405.808,5
2024,8,11,23,50,0,27.9,91.2,408.85,4.5
2024,8,12,0,0,0,27.5,91.5,413.55,4.5
2024,8,12,0,10,0,26.8,91.3,416.478,4.3
2024,8,12,0,20,0,27,90.5,417.74,4.4
2024,8,12,0,30,0,27.3,90.5,418.232,4.2
2024,8,12,0,40,0,27.1,89.9,413.992,4.3
2024,8,12,0,50,0,27.3,89.5,412.728,4.1
2024,8,12,1,0,0,27.4,89.3,411.216,4.1
2024,8,12,1,10,0,27.4,89.4,412.48,4.1
2024,8,12,1,20,0,27.5,89.2,412.99,4
2024,8,12,1,30,0,27.5,88.7,411.392,4.1
2024,8,12,1,40,0,27.6,88.5,410.292,4
2024,8,12,1,50,0,27.6,88.5,417.656,4.1
2024,8,12,2,0,0,28,88.5,421.846,4.4
2024,8,12,2,10,0,28.3,88.2,415.892,4.3
2024,8,12,2,20,0,28.6,87.5,408.326,4.6
2024,8,12,2,30,0,28.9,87.5,411.304,4.4
2024,8,12,2,40,0,29.3335,87.167,419.05,4.8
2024,8,12,2,50,0,29.5,87,418.61,4.8
2024,8,12,3,0,0,29.5,86.7,412.906,5
2024,8,12,3,10,0,29.8,86.5,409.684,4.8
2024,8,12,3,20,0,30.3,86.5,410.48,4.6
2024,8,12,3,30,0,30.8,86.3,420.55,4.9
2024,8,12,3,40,0,31,86.3,430.136,5
2024,8,12,3,50,0,31.5,85.2,438.01,5.2
2024,8,12,4,0,0,31.625,85.5,435.777,5.3
2024,8,12,4,10,0,31.8,85.3,429.648,5.7
2024,8,12,4,20,0,32,85,425.704,6
2024,8,12,4,30,0,32.4,85.4,431.526,5.6
2024,8,12,4,40,0,32.6,85.5,442.476,5.4
2024,8,12,4,50,0,32.9,85.3,453.792,5.6
2024,8,12,5,0,0,33.1,84.6,461.818,5.5
2024,8,12,5,10,0,33.4,84.3,456.886,5.7
2024,8,12,5,20,0,33.9,83.5,456.262,6.2
2024,8,12,5,30,0,33.6,83.5,454.124,6.2
2024,8,12,5,40,0,33.2,84.5,454.892,6.5
2024,8,12,5,50,0,33.9,84.5,462.116,6.6
2024,8,12,6,0,0,34.1,84.5,466.588,5.9
2024,8,12,6,10,0,34.7,83.8,442.056,6
2024,8,12,6,20,0,34.8,83.6,443.792,6.1
2024,8,12,6,30,0,34.2,83.5,420.03,6
2024,8,12,6,40,0,34.9,83.5,419.544,6.5
2024,8,12,6,50,0,34.6,83.6,410.66,6.9
2024,8,12,7,0,0,34.3,84.3,406.06,7.5
2024,8,12,7,10,0,33.8,84.5,409.426,7.8
2024,8,12,7,20,0,32.5,85.5,397.036,8.3
2024,8,12,7,30,0,32.1,86.4,406.423,8.7
2024,8,12,7,40,0,31.3,87.4,407.952,9.3
2024,8,12,7,50,0,30.7,87.7,397.282,10.7
2024,8,12,8,0,0,29.6,88.6,371.084,11.9
2024,8,12,8,10,0,29.1,89.6,365.398,11.7
2024,8,12,8,20,0,29,90.6,361.678,11.8
2024,8,12,8,30,0,28,91.1,339.422,12.2
2024,8,12,8,40,0,26.9,92.1,319.468,12.5
2024,8,12,8,50,0,26.4,92.6,304.256,12.4
2024,8,12,9,0,0,26,93.3,281.49,12
2024,8,12,9,10,0,25.4,94,262.748,12.2
2024,8,12,9,20,0,24.9,94.9,260.264,12.1
2024,8,12,9,30,0,23.9,95.9,241.054,12.1
2024,8,12,9,40,0,22.4,96.9,192.576,12.2
2024,8,12,9,50,0,20.5,97.5,168.658,12.5
2024,8,12,10,0,0,20.4,98.4,145.766,13.1
2024,8,12,10,10,0,19.7,99.5,129.348,12.8
2024,8,12,10,20,0,19.4,100.3,119.07,12.9
2024,8,12,10,30,0,19.4,100.9,93.786,13
2024,8,12,10,40,0,18.4,101.8,68.036,12.6
2024,8,12,10,50,0,18.5,102.5,54.838,12.3
2024,8,12,11,0,0,18.5,103.1,54.072,12.2
2024,8,12,11,10,0,18,103.875,51.647,12.5
2024,8,12,11,20,0,17.5,104.5,51.072,12
2024,8,12,11,30,0,17.4,105.1,50.524,11.9
2024,8,12,11,40,0,16.5,106.3,53.258,11.4
2024,8,12,11,50,0,16.2,106.7,56.28,11.4
2024,8,12,12,0,0,15.8,107.5,52.04,10.8
2024,8,12,12,10,0,15.5,108.1,61.012,10.3
2024,8,12,12,20,0,15.5,108.5,68.968,10.6
2024,8,12,12,30,0,14.5,109.3,74.888,9.5
2024,8,12,12,40,0,14.2,109.7,73.188,9.5
2024,8,12,12,50,0,13.8,109.7,68.494,9.2
2024,8,12,13,0,0,14.2,110.3,58.87,9.2
2024,8,12,13,10,0,13.6,110.7,65.53,8.4
2024,8,12,13,20,0,13.4,111.4,60.272,8.7
2024,8,12,13,30,0,12.3,111.1,67.166,7.4
2024,8,12,13,40,0,12.1,111.3,60.32,7.1
2024,8,12,13,50,0,12.1,111.1,52.342,7.6
2024,8,12,14,0,0,11.7,111.5,64.258,6.6
2024,8,12,14,10,0,11.2,111.4,77.404,5.8
2024,8,12,14,20,0,10.5,112.1,99.342,5.9
2024,8,12,14,30,0,9.9,112,83.794,5.5
2024,8,12,14,40,0,9.5,112.4,108.724,4.6
2024,8,12,14,50,0,9.1,112.5,142.922,3.9
2024,8,12,15,0,0,9.3,113.1,165.004,4
2024,8,12,15,10,0,9.5,113.9,170.296,4.7
2024,8,12,15,20,0,8.7,114.5,149.986,5.2
2024,8,12,15,30,0,8.6,114.9,114.06,5.8
2024,8,12,15,40,0,8.5,114.5,66.646,6.1
2024,8,12,15,50,0,8.5,114.6,60.18,5.7
2024,8,12,16,0,0,8.3,115.1,79.73,6.5
2024,8,12,16,10,0,8.7,115.3,67.082,6.3
2024,8,12,16,20,0,8.7,115.5,86.15,6
2024,8,12,16,30,0,9.2,115.4,100.944,5.7
2024,8,12,16,40,0,9.1,114.8,106.806,5.3
2024,8,12,16,50,0,10,115.1,92.228,6.2
2024,8,12,17,0,0,9.9,114.1,87.554,5.6
2024,8,12,17,10,0,9.5,114.5,85.766,5.4
2024,8,12,17,20,0,9.5,113.7,87.474,5
2024,8,12,17,30,0,9.7,113.5,77.432,4.9
2024,8,12,17,40,0,11,112.4,61.69,5.2
2024,8,12,17,50,0,10.7,112.1,65.95,4.5
2024,8,12,18,0,0,10.5,110.9,76.182,3.8
2024,8,12,18,10,0,10.5,110.5,106.728,3.1
2024,8,12,18,20,0,10.9,110.1,139.966,2.8
2024,8,12,18,30,0,11.5,109.5,167.007,2.9
2024,8,12,18,40,0,12.25,108.75,148.337,3.1
2024,8,12,18,50,0,13.3,107.9,174.294,3.6
2024,8,12,19,0,0,14.5,107.5,179.796,4
2024,8,12,19,10,0,14.6,106.7,160.76,3.6
2024,8,12,19,20,0,14.9,105,173.04,3.3
2024,8,12,19,30,0,15.5,104.1,192.232,3.3
2024,8,12,19,40,0,16.8,102.7,226.954,3.2
2024,8,12,19,50,0,17.5,101.5,256.386,3
2024,8,12,20,0,0,18.1,100.5,267.29,2.8
2024,8,12,20,10,0,19.6,99.5,268.212,2.6
2024,8,12,20,20,0,20.6,99.1,259.578,2.5
2024,8,12,20,30,0,21.6,98.3,239.486,2.1
2024,8,12,20,40,0,22.5,97.8,231.212,1.8
2024,8,12,20,50,0,23.5,96.9,231.734,1.8
2024,8,12,21,0,0,24.4,96.1,241.766,1.9
2024,8,12,21,10,0,24.5,95.7,254.448,2.1
2024,8,12,21,20,0,25,95.5,262.654,2.2
2024,8,12,21,30,0,25.5,95.5,271.674,2.5
2024,8,12,21,40,0,25.9,94.5,279.604,2.7
2024,8,12,21,50,0,26.4,94.3,289.65,2.5
2024,8,12,22,0,0,26.9,93.5,306.276,2.5
2024,8,12,22,10,0,27.3,93.4,317.866,2.5
2024,8,12,22,20,0,27.7,92.5,328.456,2.4
2024,8,12,22,30,0,27.9,92.1,339.504,2.5
2024,8,12,22,40,0,28.2,91.5,352.74,2.6
2024,8,12,22,50,0,28,91.2,359.618,2.4
2024,8,12,23,0,0,27.6,91.1,369.426,2.1
2024,8,12,23,10,0,27.5,90.5,378.666,1.7
2024,8,12,23,20,0,27.5,90.5,388,1.5
2024,8,12,23,30,0,27,90.5,391.532,1.5
2024,8,12,23,40,0,26.6,89.7,390.818,1.4
2024,8,12,23,50,0,26.4,89.3,386.512,1.3
2024,8,13,0,0,0,25.1,89.1,381.512,1.1
2024,8,13,0,10,0,24.5,88.6,376.682,1.1
2024,8,13,0,20,0,24.5,88.5,373.36,1.2
2024,8,13,0,30,0,24.5,88.5,366.362,1.4
2024,8,13,0,40,0,24.3,88.5,359.04,1.4
2024,8,13,0,50,0,24.4,87.6,349.182,1.6
2024,8,13,1,0,0,24.2,87.5,337.178,1.6
2024,8,13,1,10,0,23.6,86.9,319.992,1.6
2024,8,13,1,20,0,23.3,86.7,304.7,1.6
2024,8,13,1,30,0,23.5,86.6,299.354,1.7
2024,8,13,1,40,0,24.2,86.5,310.092,1.8
2024,8,13,1,50,0,24.5,86.1,313.69,1.7
2024,8,13,2,0,0,24.5,85.5,311.15,1.6
2024,8,13,2,10,0,25.4,85.5,320.066,1.6
2024,8,13,2,20,0,25.5,85.4,326.184,1.6
2024,8,13,2,30,0,25.5,84.5,334.842,1.7
2024,8,13,2,40,0,25.6,84.5,337.08,1.9
2024,8,13,2,50,0,26.3,84.2,351.594,1.9
2024,8,13,3,0,0,26,83.5,349.33,1.7
2024,8,13,3,10,0,26.4,83.5,337.604,1.8
2024,8,13,3,20,0,26.5,83.5,340.714,1.8
2024,8,13,3,30,0,26.5,83.2,347.826,2.1
2024,8,13,3,40,0,26.8,83.2,358.924,1.9
2024,8,13,3,50,0,27.1,83.3,385.566,1.9
2024,8,13,4,0,0,27,82.9,401.112,1.9
2024,8,13,4,10,0,25.6,82.7,383.59,1.9
2024,8,13,4,20,0,25.5,82.3,368.822,2.1
2024,8,13,4,30,0,25.5,82.5,363.014,1.9
2024,8,13,4,40,0,27.8,82.5,388.536,2.2
2024,8,13,4,50,0,27.3,82.5,389.05,2.1
2024,8,13,5,0,0,27.7,82.1,391.872,2
2024,8,13,5,10,0,28.6,81.5,413.326,2
2024,8,13,5,20,0,29.3,81,407.106,2.1
2024,8,13,5,30,0,30,81,403.86,2.2
2024,8,13,5,40,0,30.3,80.6,402.502,2.1
2024,8,13,5,50,0,31,80.5,420.156,2.5
2024,8,13,6,0,0,31.3,80.5,422.402,2.8
2024,8,13,6,10,0,31.4,80.5,407.402,3
2024,8,13,6,20,0,32,79.8,406.132,2.5
2024,8,13,6,30,0,31.6,80.4,398.548,2.9
2024,8,13,6,40,0,31.9,79.9,396.52,3.4
2024,8,13,6,50,0,32.1,80.3,396.94,3.6
2024,8,13,7,0,0,31.7,80.7,403.578,3.6
2024,8,13,7,10,0,30.4,81.7,375.442,3
2024,8,13,7,20,0,29.9,82.5,371.898,3.6
2024,8,13,7,30,0,28.9,83.6,364.214,3.2
2024,8,13,7,40,0,28.2,84.6,349.814,3.2
2024,8,13,7,50,0,27.2,85.3,322.428,3.3
2024,8,13,8,0,0,25.5,86.1,295.718,3
2024,8,13,8,10,0,23.7,87.3,255.516,2.7
2024,8,13,8,20,0,22.5,88.1,224.67,2.9
2024,8,13,8,30,0,22.1,88.5,205.242,3.5
2024,8,13,8,40,0,22.4,89.4,200.416,3.6
2024,8,13,8,50,0,21.3,90.1,193.808,3.6
2024,8,13,9,0,0,20.4,90.7,169.188,3.6
2024,8,13,9,10,0,19,91.8,157.92,3.2
2024,8,13,9,20,0,18.5,92.5,128.876,3.1
2024,8,13,9,30,0,18.1,93.3,121.97,3.1
2024,8,13,9,40,0,17.5,94.2,100.124,3.1
2024,8,13,9,50,0,16.6,95.3,87.348,2.9
2024,8,13,10,0,0,15.6,95.9,65.152,2.7
2024,8,13,10,10,0,15,96.8,50.934,2.5
2024,8,13,10,20,0,15.6,97.5,53.674,2.8
2024,8,13,10,30,0,15.5,98.2,54.89,2.7
2024,8,13,10,40,0,15,98.6,50.5,2.5
2024,8,13,10,50,0,14.3,99.7,58.598,2.6
2024,8,13,11,0,0,14.3,100.4,50.914,2.6
2024,8,13,11,10,0,13.9,101.2,52.176,2.3
2024,8,13,11,20,0,14.1,101.5,52.48,2.3
2024,8,13,11,30,0,13.9,102.5,55.064,2.2
2024,8,13,11,40,0,13.5,103.6,58.67,2.1
2024,8,13,11,50,0,13,104.5,61.724,2.1
2024,8,13,12,0,0,12.25,104.5,50.657,2
2024,8,13,12,10,0,12,104.9,57.702,1.8
2024,8,13,12,20,0,12.3,105.5,63.962,2
2024,8,13,12,30,0,12.3,106.1,59.186,2
2024,8,13,12,40,0,12.5,106.8,54.952,2.2
2024,8,13,12,50,0,12.4,107.9,53.096,2
2024,8,13,13,0,0,12.5,108.3,58.31,2.2
2024,8,13,13,10,0,11.7,108.8,72.472,2
2024,8,13,13,20,0,11.5,108.8,77.614,1.9
2024,8,13,13,30,0,11.6,108.9,74.808,1.8
2024,8,13,13,40,0,11.5,109.5,93.935,1.9
2024,8,13,13,50,0,11.4,110.3,102.712,1.8
2024,8,13,14,0,0,10.625,110.625,128.722,1.8
2024,8,13,14,10,0,10.75,111.5,144.927,1.9
2024,8,13,14,20,0,9.9,111.5,176.176,1.8
2024,8,13,14,30,0,9.7,111.4,167.904,1.8
2024,8,13,14,40,0,8.7,111.5,190.876,1.7
2024,8,13,14,50,0,9.3,111.9,177.16,1.9
2024,8,13,15,0,0,9.6,112.3,163.824,1.9
2024,8,13,15,10,0,10.5,112.7,157.794,2
2024,8,13,15,20,0,10.4,113.3,159.42,1.9
2024,8,13,15,30,0,10.5,113.5,157.334,1.9
2024,8,13,15,40,0,9.9,113.9,159.898,1.8
2024,8,13,15,50,0,9.3,113.5,164.836,1.7
2024,8,13,16,0,0,8.8,113.5,167.032,1.8
2024,8,13,16,10,0,9.4,113.5,154.604,1.9
2024,8,13,16,20,0,9.4,113.5,156.888,1.8
2024,8,13,16,30,0,8.5,113.5,192.146,1.8
2024,8,13,16,40,0,9.2,113.5,189.94,1.8
2024,8,13,16,50,0,9.5,113.3,185.078,1.8
2024,8,13,17,0,0,9.5,113.2,197.84,1.6
2024,8,13,17,10,0,9.5,112.7,200.956,1.6
2024,8,13,17,20,0,9.5,112.3,197.32,1.7
2024,8,13,17,30,0,9.7,111.7,191.788,1.7
2024,8,13,17,40,0,9.5,111.5,197.06,1.2
2024,8,13,17,50,0,10.7,110.7,193.862,1.2
2024,8,13,18,0,0,11.8,110.3,182.474,1.2
2024,8,13,18,10,0,12.5,109.5,175.45,1.2
2024,8,13,18,20,0,12.5,108.7,165.864,1.1
2024,8,13,18,30,0,12.5,107.7,177.406,0.9
2024,8,13,18,40,0,13.3,107,197.424,1
2024,8,13,18,50,0,13.5,106.5,203.206,1
2024,8,13,19,0,0,14.5,105.7,210.784,1
2024,8,13,19,10,0,14.7,105.1,222.446,1
2024,8,13,19,20,0,15.9,103.3,235.552,1
2024,8,13,19,30,0,16.5,102,246.686,1.2
2024,8,13,19,40,0,16.9,101.2,245.794,1.4
2024,8,13,19,50,0,17.5,100.5,252.776,1.3
2024,8,13,20,0,0,18.5,99.8,247.512,1.4
2024,8,13,20,10,0,19.3,98.5,229.292,1.6
2024,8,13,20,20,0,20,97.3,227.36,1.6
2024,8,13,20,30,0,20.3,97,219.434,1.9
2024,8,13,20,40,0,21.4,95.7,219.442,1.9
2024,8,13,20,50,0,22.5,95.5,226.894,1.9
2024,8,13,21,0,0,23.1,94.8,214.078,1.9
2024,8,13,21,10,0,23.4,94,187.162,2
2024,8,13,21,20,0,22.7,94.2,132.57,2.3
2024,8,13,21,30,0,22.6,93.7,81.788,2.5
2024,8,13,21,40,0,22.5,93.5,53.254,2.6
2024,8,13,21,50,0,22.5,93.1,50.224,2.6
2024,8,13,22,0,0,22.5,92.3,50,2.7
2024,8,13,22,10,0,22.6,92.1,51.092,2.8
2024,8,13,22,20,0,23.5,91.5,54.742,2.8
2024,8,13,22,30,0,23.5,91.5,50.664,3.3
2024,8,13,22,40,0,22.5,90.7,50.608,3.3
2024,8,13,22,50,0,22.5,90.9,57.05,3.4
2024,8,13,23,0,0,22.5,90.5,63.226,3.3
2024,8,13,23,10,0,22.5,90.1,78.94,3.4
2024,8,13,23,20,0,23.3,89.1,116.124,3.3
2024,8,13,23,30,0,23.4,89.4,143.4,3.5
2024,8,13,23,40,0,23.5,88.5,160.642,3.5
2024,8,13,23,50,0,24.3,87.7,184.718,3.6
2024,8,14,0,0,0,24.7,87.3,207.17,4.6
2024,8,14,0,10,0,24.7,87.1,230.55,5.4
2024,8,14,0,20,0,25.5,86.5,257.762,3.6
2024,8,14,0,30,0,25.7,86.1,292.864,3.9
2024,8,14,0,40,0,25.5,85.5,321.038,3.9
2024,8,14,0,50,0,25.8,85.5,350.398,4.3
2024,8,14,1,0,0,25.9,84.9,373,4.2
2024,8,14,1,10,0,26,84.5,397.312,3.7
2024,8,14,1,20,0,26.4,84.4,412.266,3.8
2024,8,14,1,30,0,26.5,84.3,424.758,3.7
2024,8,14,1,40,0,26.6,84,436.884,3.9
2024,8,14,1,50,0,27.3,83.3,442.004,3.8
2024,8,14,2,0,0,27.5,83.1,458.212,3.7
2024,8,14,2,10,0,27.5,82.6,465.088,3.3
2024,8,14,2,20,0,27.7,82.5,474.966,3.5
2024,8,14,2,30,0,28.3,82.5,492.126,3.8
2024,8,14,2,40,0,28,82.5,511.652,3.8
2024,8,14,2,50,0,28.5,82.1,523.84,3.9
2024,8,14,3,0,0,28.5,81.6,529.87,3.7
2024,8,14,3,10,0,28.5,81.5,532.222,3.6
2024,8,14,3,20,0,28.8,81.3,528.682,3.3
2024,8,14,3,30,0,28.5,80.8,522.918,3.3
2024,8,14,3,40,0,28.7,80.5,522.204,3.4
2024,8,14,3,50,0,28.5,80.5,526.134,3.1
2024,8,14,4,0,0,28.9,80.5,526.38,3.2
2024,8,14,4,10,0,29.5,80.1,526.458,3.6
2024,8,14,4,20,0,29.9,79.7,536.72,3.2
2024,8,14,4,30,0,30.5,79.5,542.614,3.1
2024,8,14,4,40,0,31.1,79.5,545.602,3.1
2024,8,14,4,50,0,31.5,79.7,552.288,2.8
2024,8,14,5,0,0,31.8,79.5,552.902,2.8
2024,8,14,5,10,0,31.9,79.5,558.36,3.2
2024,8,14,5,20,0,32.4,79.3,562.656,3.1
2024,8,14,5,30,0,32.9,78.6,568.206,3
2024,8,14,5,40,0,32.6,79.3,570.766,2.9
2024,8,14,5,50,0,33.5,78.5,574.06,2.9
2024,8,14,6,0,0,32.8,78.9,576.734,3
2024,8,14,6,10,0,32.5,78.5,566.428,2.9
2024,8,14,6,20,0,32.625,79.125,559.3,3.1
2024,8,14,6,30,0,33.1,79.2,589.77,3.4
2024,8,14,6,40,0,33.4,79.5,591.738,3.3
2024,8,14,6,50,0,33.7,79.5,588.582,3.4
2024,8,14,7,0,0,33.1,79.7,575.678,3.6
2024,8,14,7,10,0,32.2,80.5,558.716,3.8
2024,8,14,7,20,0,32.2,80.9,539.452,3.4
2024,8,14,7,30,0,31.8,81.6,530.808,3.3
2024,8,14,7,40,0,30.6,82.4,514.8,3.4
2024,8,14,7,50,0,29.9,83.3,516.338,3.5
2024,8,14,8,0,0,29.1,84.3,505.192,3.4
2024,8,14,8,10,0,28.6,85.1,497.382,3.5
2024,8,14,8,20,0,27.8,86.3,488.076,3
2024,8,14,8,30,0,27,86.6,471.382,3
2024,8,14,8,40,0,26.1,87.5,454.176,2.9
2024,8,14,8,50,0,25.5,88.5,446.168,2.8
2024,8,14,9,0,0,25.5,89.1,441.92,3.1
2024,8,14,9,10,0,24.7,89.9,432.922,3.1
2024,8,14,9,20,0,24.5,90.5,424.7,2.8
2024,8,14,9,30,0,23.6,91.2,406.256,2.5
2024,8,14,9,40,0,23.5,91.6,382.584,2.3
2024,8,14,9,50,0,23.4,92.5,372.024,2.2
2024,8,14,10,0,0,23,92.9,367.756,2.9
2024,8,14,10,10,0,22.5,93.8,353.766,2.8
2024,8,14,10,20,0,22.2,94.5,334.754,2.3
2024,8,14,10,30,0,21.3,95.9,333.136,2.1
2024,8,14,10,40,0,20.4,97.3,332.194,2.2
2024,8,14,10,50,0,19.8,98.5,315.948,2.2
2024,8,14,11,0,0,19.2,99.1,292.636,2
2024,8,14,11,10,0,18.6,99.7,266.348,2.2
2024,8,14,11,20,0,17.9,100.7,248.318,2.9
2024,8,14,11,30,0,17.3,101.5,230.478,2.4
2024,8,14,11,40,0,16.4,102,202.904,2
2024,8,14,11,50,0,16.5,102.2,169.26,2.2
2024,8,14,12,0,0,16.1,103.3,152.14,2.1
2024,8,14,12,10,0,15.9,104.1,142.368,2.2
2024,8,14,12,20,0,15.6,104.8,125.698,2.2
2024,8,14,12,30,0,15.5,105.7,122.984,2.4
2024,8,14,12,40,0,15.3,106.3,100.484,2.1
2024,8,14,12,50,0,15.3,105.8,74.002,2.2
2024,8,14,13,0,0,14.6,106.7,72.072,2.1
2024,8,14,13,10,0,14.3,107.5,74.426,2
2024,8,14,13,20,0,13.6,108.5,70.898,1.9
2024,8,14,13,30,0,12.9,108.8,70.502,1.7
2024,8,14,13,40,0,12.1,109.4,83.484,1.5
2024,8,14,13,50,0,11.3,110.1,108.156,1.4
2024,8,14,14,0,0,11.3,110.5,124.792,1.4
2024,8,14,14,10,0,11.4,110.9,117.878,1.3
2024,8,14,14,20,0,10.8,111.4,117.352,1.3
2024,8,14,14,30,0,10.4,111.5,106.692,1.2
2024,8,14,14,40,0,10.1,112.1,115.972,1.1
2024,8,14,14,50,0,9.6,112.5,114.902,1.2
2024,8,14,15,0,0,9.5,112.5,112.218,1
2024,8,14,15,10,0,9.3,112.7,119.724,1
2024,8,14,15,20,0,9.5,112.8,132.4,0.9
2024,8,14,15,30,0,9.5,113.5,146.396,0.9
2024,8,14,15,40,0,9.1,113.3,159.042,1
2024,8,14,15,50,0,9.5,112.9,156.154,0.8
2024,8,14,16,0,0,9.5,112.7,153.818,1
2024,8,14,16,10,0,9.6,112.6,152.822,1
2024,8,14,16,20,0,10.1,112.7,152.004,0.9
2024,8,14,16,30,0,10.2,112.5,145.17,1
2024,8,14,16,40,0,9.6,112.4,114.358,0.9
2024,8,14,16,50,0,9.5,111.9,102.134,1.1
2024,8,14,17,0,0,10.5,111.5,84.506,1.1
2024,8,14,17,10,0,9.9,111.5,65.316,1
2024,8,14,17,20,0,9.9,110.5,56.438,0.9
2024,8,14,17,30,0,10.5,110.5,55.696,0.9
2024,8,14,17,40,0,10.6,109.7,53.278,0.8
2024,8,14,17,50,0,10.5,109,70.46,0.9
2024,8,14,18,0,0,10.9,108.5,77.648,0.8
2024,8,14,18,10,0,12.1,107.5,86.046,1.1
2024,8,14,18,20,0,13.3,107.5,111.438,1.5
2024,8,14,18,30,0,14.1,106.6,124.532,2.1
2024,8,14,18,40,0,14.4,105.7,122.958,2.4
2024,8,14,18,50,0,14.6,105.1,116.742,2.5
2024,8,14,19,0,0,15.5,104.1,111.212,2.5
2024,8,14,19,10,0,16.2,103.4,100.054,2.5
2024,8,14,19,20,0,17,102,101.677,2.4
2024,8,14,19,30,0,17.9,100.9,114.07,2.4
2024,8,14,19,40,0,18.75,100.125,122.555,2.3
2024,8,14,19,50,0,19.875,98.5,129.037,2.5
2024,8,14,20,0,0,21.3,97.8,168.934,2.5
2024,8,14,20,10,0,22.7,96.9,204.3,2.7
2024,8,14,20,20,0,22.5,96.9,225.43,2.6
2024,8,14,20,30,0,23.5,95.7,228.648,2.4
2024,8,14,20,40,0,24.1,95,230.384,2.4
2024,8,14,20,50,0,24.5,94.7,225.132,2.2
2024,8,14,21,0,0,24.9,94.1,228.87,2.1
2024,8,14,21,10,0,25.2,93.7,230.258,2.1
2024,8,14,21,20,0,25.6,93.3,230.794,2.1
2024,8,14,21,30,0,26,92.5,226.16,2.1
2024,8,14,21,40,0,26.1,92.4,223.398,2.1
2024,8,14,21,50,0,26.7,91.6,227.218,2.2
2024,8,14,22,0,0,26.8,91.6,232.782,2.2
2024,8,14,22,10,0,27.4,90.7,234.41,2.4
2024,8,14,22,20,0,27.5,90.6,235.726,2.5
2024,8,14,22,30,0,27.2,90.5,226.108,2.1
2024,8,14,22,40,0,26.6,90.5,241.142,1.7
2024,8,14,22,50,0,26.6,89.7,266.928,1.5
2024,8,14,23,0,0,27.2,89.4,285.448,1.6
2024,8,14,23,10,0,26.8,89.2,306.246,1.5
2024,8,14,23,20,0,27.4,88.5,324.916,1.4
2024,8,14,23,30,0,28.1,87.7,345.13,1.6
2024,8,14,23,40,0,28.6,87.3,354.322,1.5
2024,8,14,23,50,0,28.6,86.8,359.892,1.3
2024,8,15,0,0,0,29.3,86.4,367.252,1.4
2024,8,15,0,10,0,28.8,86.1,371.394,1.4
2024,8,15,0,20,0,28.6,85.7,378.078,1.5
2024,8,15,0,30,0,29.4,85.1,385.892,1.3
2024,8,15,0,40,0,28.9,84.5,392.894,2.2
2024,8,15,0,50,0,27.8,84.5,400.494,3
2024,8,15,1,0,0,27.1,84.7,401.184,2.8
2024,8,15,1,10,0,26.8,84.9,400.592,2.1
2024,8,15,1,20,0,26.4,84.9,397.92,1.6
2024,8,15,1,30,0,26.5,84.5,398.538,1.2
2024,8,15,1,40,0,26.8,84.5,399.172,1.1
2024,8,15,1,50,0,27.2,84.5,402.752,1
2024,8,15,2,0,0,27.5,84.5,404.594,0.9
2024,8,15,2,10,0,27.6,83.7,406.454,0.9
2024,8,15,2,20,0,27.7,83.6,405.734,0.9
2024,8,15,2,30,0,28.4,83.5,405.732,0.8
2024,8,15,2,40,0,28.5,83.3,400.746,0.7
2024,8,15,2,50,0,28.5,83,394.91,0.7
2024,8,15,3,0,0,28.8,82.5,393.168,0.7
2024,8,15,3,10,0,28.5,82.5,387.278,0.7
2024,8,15,3,20,0,28.4,82.5,380.262,0.8
2024,8,15,3,30,0,28.5,82.5,377.712,0.8
2024,8,15,3,40,0,28.5,82.5,375.768,0.8
2024,8,15,3,50,0,28.7,82.1,376.058,0.8
2024,8,15,4,0,0,29.4,81.5,373.268,0.8
2024,8,15,4,10,0,29.5,81.5,370.258,0.8
2024,8,15,4,20,0,29.5,81.5,368.586,0.8
2024,8,15,4,30,0,29.5,81.5,369.912,0.8
2024,8,15,4,40,0,30.2,80.7,367.676,0.8
2024,8,15,4,50,0,30.5,80.5,370.104,0.9
2024,8,15,5,0,0,30.7,80.5,378.304,1
2024,8,15,5,10,0,31.2,80.5,378.398,1.1
2024,8,15,5,20,0,31.8,80.2,382.356,1
2024,8,15,5,30,0,32.6,79.4,381.266,1.1
2024,8,15,5,40,0,33.3,78.6,390.556,1.2
2024,8,15,5,50,0,33.625,78.5,403.067,1.1
2024,8,15,6,0,0,33.5,78.5,387.893,1.5
2024,8,15,6,10,0,33.5,78.5,385.27,1.4
2024,8,15,6,20,0,33.5,78.5,383.822,1.4
2024,8,15,6,30,0,33.5,78.5,382.774,1.3
2024,8,15,6,40,0,33.5,78.5,384.068,1.4
2024,8,15,6,50,0,33.8,78.5,384.102,1.6
2024,8,15,7,0,0,33.4,79.5,388.332,1.7
2024,8,15,7,10,0,33.5,79.7,384.728,1.8
2024,8,15,7,20,0,32.8,80.9,396.044,2.1
2024,8,15,7,30,0,32.1,82,384.832,3.1
2024,8,15,7,40,0,31,83.2,371.844,2.1
2024,8,15,7,50,0,30.1,84.4,360.158,2
2024,8,15,8,0,0,29.6,84.9,351.314,2.1
2024,8,15,8,10,0,28.6,85.9,339.96,2.2
2024,8,15,8,20,0,27.6,87.1,323.036,2.3
2024,8,15,8,30,0,26.2,88.5,307.788,1.8
2024,8,15,8,40,0,25.2,89.3,282.896,1.5
2024,8,15,8,50,0,23.9,90.5,269.656,1.3
2024,8,15,9,0,0,23,91.5,247.342,1.3
2024,8,15,9,10,0,21.7,92.3,229.836,1.3
2024,8,15,9,20,0,20.4,93.1,208.522,1.3
2024,8,15,9,30,0,19.1,93.7,183.128,1.3
2024,8,15,9,40,0,18.7,94.5,168.366,1.1
2024,8,15,9,50,0,18.5,95,169.586,1.1
2024,8,15,10,0,0,18.6,96.1,164.522,1.2
2024,8,15,10,10,0,18.1,96.9,149.898,1.1
2024,8,15,10,20,0,17.5,97.5,143.152,1.1
2024,8,15,10,30,0,16.5,98.5,124.128,1.1
2024,8,15,10,40,0,16.4,98.7,135.564,1.3
2024,8,15,10,50,0,15.4,99.3,101.06,1.2
2024,8,15,11,0,0,14.4,100,72.756,1.1
2024,8,15,11,10,0,14.2,100.7,57.602,1.9
2024,8,15,11,20,0,13.5,101.5,51.308,1.3
2024,8,15,11,30,0,13,101.9,51.424,1.2
2024,8,15,11,40,0,12.5,102.5,51.948,1.1
2024,8,15,11,50,0,12,103.3,51.86,1.3
2024,8,15,12,0,0,12.5,104,53.918,1.1
2024,8,15,12,10,0,12.5,104.6,56.31,1.2
2024,8,15,12,20,0,12.3,105.3,52.392,1.1
2024,8,15,12,30,0,12.2,105.7,54.394,1
2024,8,15,12,40,0,11.9,106.5,61.272,1.1
2024,8,15,12,50,0,11.6,106.7,53.166,1
2024,8,15,13,0,0,12.2,107.1,54.43,1.1
2024,8,15,13,10,0,11.5,107.7,55.744,1
2024,8,15,13,20,0,11.8,108.2,53.696,1.1
2024,8,15,13,30,0,11.3,108.5,56.852,1
2024,8,15,13,40,0,11.3,109.3,57.96,0.9
2024,8,15,13,50,0,11.5,109.5,62.088,0.9
2024,8,15,14,0,0,11.3,109.9,70.314,0.9
2024,8,15,14,10,0,10.7,110.4,77.164,1
2024,8,15,14,20,0,10.5,111.5,89.014,0.9
2024,8,15,14,30,0,10.3,111.5,79.036,0.9
2024,8,15,14,40,0,10.5,111.5,89.262,0.9
2024,8,15,14,50,0,10.5,111.9,100.492,0.8
2024,8,15,15,0,0,10.5,112.5,122.114,0.8
2024,8,15,15,10,0,9.6,113.1,130.688,0.6
2024,8,15,15,20,0,9.6,112.5,152.334,0.7
2024,8,15,15,30,0,9.9,113.3,162.712,0.8
2024,8,15,15,40,0,9.7,112.8,165.71,0.6
2024,8,15,15,50,0,9.9,113.3,169.498,0.7
2024,8,15,16,0,0,10.3,113.5,169.336,0.6
2024,8,15,16,10,0,10.5,113.5,169.482,0.6
2024,8,15,16,20,0,10.5,113.1,166.38,0.7
2024,8,15,16,30,0,10.5,113.1,150.21,0.7
2024,8,15,16,40,0,10.5,112.7,144.806,0.7
2024,8,15,16,50,0,10.6,112.5,148.746,0.6
2024,8,15,17,0,0,10.7,112.4,140.022,0.7
2024,8,15,17,10,0,10.9,111.7,129.464,0.7
2024,8,15,17,20,0,11.5,111.5,116.074,0.8
2024,8,15,17,30,0,11.5,111.5,111.222,0.8
2024,8,15,17,40,0,11.5,110.5,106.674,0.7
2024,8,15,17,50,0,11.3,110,95.62,0.8
2024,8,15,18,0,0,11.5,109.5,78.89,0.7
2024,8,15,18,10,0,12.3,109.3,95.364,0.6
2024,8,15,18,20,0,12.5,108.5,90.32,0.7
2024,8,15,18,30,0,13.5,107.5,79.91,0.8
2024,8,15,18,40,0,13.5,107.3,101.072,0.6
2024,8,15,18,50,0,13.5,106.3,126.12,0.6
2024,8,15,19,0,0,14.1,105.3,139.684,0.6
2024,8,15,19,10,0,15.1,104.1,160.314,0.7
2024,8,15,19,20,0,16.5,102.6,176.774,0.8
2024,8,15,19,30,0,17.5,101.7,201.624,0.7
2024,8,15,19,40,0,18.5,100.5,203.614,0.7
2024,8,15,19,50,0,19.5,99.5,200.91,1
2024,8,15,20,0,0,19.5,98.8,201.218,1.4
2024,8,15,20,10,0,20.2,97.7,180.384,0.9
2024,8,15,20,20,0,20.6,96.7,170.594,1
2024,8,15,20,30,0,21.5,95.5,170.392,1
2024,8,15,20,40,0,21.5,94.9,171.176,1.1
2024,8,15,20,50,0,22.2,94.1,176.796,1.1
2024,8,15,21,0,0,22.9,93.1,184.438,1.5
2024,8,15,21,10,0,23.5,92.9,197.288,1.5
2024,8,15,21,20,0,23.3,92.7,217.336,1.4
2024,8,15,21,30,0,23.5,92.5,245.288,1.3
2024,8,15,21,40,0,24.5,91.5,250.81,1.3
2024,8,15,21,50,0,25,91,243.006,1.4
2024,8,15,22,0,0,25.7,90.5,241.684,1.3
2024,8,15,22,10,0,26.5,89.9,253.082,1.3
2024,8,15,22,20,0,26.5,89.9,234.312,1.4
2024,8,15,22,30,0,26.5,90.5,240.09,1.4
2024,8,15,22,40,0,26.5,90.3,247.14,1.4
2024,8,15,22,50,0,27,90.5,250.21,1.4
2024,8,15,23,0,0,27.6,90,268.756,1.6
2024,8,15,23,10,0,28.5,89.5,276.124,2
2024,8,15,23,20,0,30.1,87.9,272.744,2.2
2024,8,15,23,30,0,31.1,87,275.85,1.9
2024,8,15,23,40,0,31.7,86.5,283.784,1.9
2024,8,15,23,50,0,32,86.1,288.698,2.1
2024,8,16,0,0,0,31.9,85.5,288.616,2.2
2024,8,16,0,10,0,31.4,85.5,286.736,2
2024,8,16,0,20,0,31,85.4,285.2,2
2024,8,16,0,30,0,29.8,85.5,282.2,2.2
2024,8,16,0,40,0,29.5,85.5,281.22,2.1
2024,8,16,0,50,0,29.5,85.1,282.5,2.2
2024,8,16,1,0,0,29.9,84.5,288.968,2
2024,8,16,1,10,0,30,84.5,293.08,1.9
2024,8,16,1,20,0,29.5,84.5,302.698,2
2024,8,16,1,30,0,29.5,84.5,309.016,2
2024,8,16,1,40,0,29.9,84.4,312.086,2
2024,8,16,1,50,0,30.3,83.9,314.62,1.9
2024,8,16,2,0,0,30.5,83.5,325.914,2.1
2024,8,16,2,10,0,30.6,83.3,323.714,1.9
2024,8,16,2,20,0,31.4,82.7,321.238,2
2024,8,16,2,30,0,31.8,82.5,328.558,2.1
2024,8,16,2,40,0,31.9,82.5,332.27,2.1
2024,8,16,2,50,0,32,82.4,340.398,2.3
2024,8,16,3,0,0,32,82.2,346.29,2.1
2024,8,16,3,10,0,32,82.1,349.544,2
2024,8,16,3,20,0,32.5,81.5,348.226,2.1
2024,8,16,3,30,0,32.7,81.4,343.846,2.1
2024,8,16,3,40,0,32.9,81.5,347.086,2.3
2024,8,16,3,50,0,33,81.3,355.992,2.2
2024,8,16,4,0,0,33,80.6,355.51,2.7
2024,8,16,4,10,0,33.1,80.5,349.772,2.4
2024,8,16,4,20,0,32.8,80.5,343.94,2.2
2024,8,16,4,30,0,33.3,80,345.842,1.9
2024,8,16,4,40,0,33.9,80.3,359.738,2.4
2024,8,16,4,50,0,34.9,80.1,364.654,2.6
2024,8,16,5,0,0,34.8,79.7,366.988,2.7
2024,8,16,5,10,0,34.1,79.7,367.42,2.7
2024,8,16,5,20,0,34.3,79.5,371.236,2.7
2024,8,16,5,30,0,34.4,79.3,368.362,2.4
2024,8,16,5,40,0,35,78.5,361.46,2.6
2024,8,16,5,50,0,35.2,78.5,373.66,2.7
2024,8,16,6,0,0,36.2,77.8,377.346,2.9
2024,8,16,6,10,0,37.3,77.1,378.422,2.7
2024,8,16,6,20,0,36.7,77.5,371.298,2.7
2024,8,16,6,30,0,36.9,77.7,364.694,2.7
2024,8,16,6,40,0,36.3,78,363.276,2.8
2024,8,16,6,50,0,35.1,78.5,365.422,2.7
2024,8,16,7,0,0,35.3,79.1,357.562,3.4
2024,8,16,7,10,0,34.2,79.7,357.918,4.2
2024,8,16,7,20,0,33.5,80.3,339.564,3.4
2024,8,16,7,30,0,32.8,81,330.742,4
2024,8,16,7,40,0,32,81.8,318.906,4.8
2024,8,16,7,50,0,31.1,82.9,297.452,5
2024,8,16,8,0,0,29.6,83.9,284.102,4.5
2024,8,16,8,10,0,28.5,84.7,272,3.8
2024,8,16,8,20,0,27.9,85.5,260.046,3.1
2024,8,16,8,30,0,27.5,86.3,259.87,3.4
2024,8,16,8,40,0,27.6,87.1,250.106,3.4
2024,8,16,8,50,0,27.1,88,241.51,3.7
2024,8,16,9,0,0,26.2,88.4,225.988,3.6
2024,8,16,9,10,0,25.5,89.5,210.254,2.8
2024,8,16,9,20,0,25.3,90.1,193.468,2.9
2024,8,16,9,30,0,24.6,90.8,182.698,2.7
2024,8,16,9,40,0,24.6,91.5,167.012,2.8
2024,8,16,9,50,0,24.2,92.3,156.02,2.7
2024,8,16,10,0,0,24,93.3,151.234,2.7
2024,8,16,10,10,0,23.6,93.7,131.856,2.4
2024,8,16,10,20,0,23.4,94.3,105.714,2.4
2024,8,16,10,30,0,22.9,95.5,96.77,2.4
2024,8,16,10,40,0,22.4,96.7,85.272,2.5
2024,8,16,10,50,0,21.5,97.7,82.88,2.3
2024,8,16,11,0,0,20.2,98.5,66.05,2.4
2024,8,16,11,10,0,19.9,99.1,51.27,2.3
2024,8,16,11,20,0,19.6,100.2,58.104,3.1
2024,8,16,11,30,0,18.6,100.3,52.62,2.9
2024,8,16,11,40,0,18.5,100.7,51.386,2.4
2024,8,16,11,50,0,18.5,101.5,56.932,2.3
2024,8,16,12,0,0,18,102.5,57.352,2.1
2024,8,16,12,10,0,17.5,103.3,57.454,2
2024,8,16,12,20,0,17.5,103.9,52.456,2
2024,8,16,12,30,0,16.6,104.3,51.848,2
2024,8,16,12,40,0,16.5,104.3,50.802,1.8
2024,8,16,12,50,0,15.5,105.1,56.332,1.7
2024,8,16,13,0,0,15.3,106.1,69.06,1.8
2024,8,16,13,10,0,14.5,106.7,71.252,1.8
2024,8,16,13,20,0,14.7,107.4,60.366,1.7
2024,8,16,13,30,0,13.8,108.6,78.522,1.5
2024,8,16,13,40,0,13.5,108.7,72.01,1.5
2024,8,16,13,50,0,12.7,109.3,56.354,1.3
2024,8,16,14,0,0,12.6,109.5,60.602,1.3
2024,8,16,14,10,0,12.8,110.3,56.196,1.3
2024,8,16,14,20,0,12.6,111.5,73.722,1.4
2024,8,16,14,30,0,12.6,111.7,69.568,1.4
2024,8,16,14,40,0,12.5,111.7,67.262,1.5
2024,8,16,14,50,0,12.5,112.3,63.164,1.5
2024,8,16,15,0,0,12.5,112.1,51.076,1.5
2024,8,16,15,10,0,12.4,113.1,55.348,1.3
2024,8,16,15,20,0,12.4,113.3,55.378,1.5
2024,8,16,15,30,0,12.1,113.5,52.028,1.4
2024,8,16,15,40,0,11.6,113.5,56.262,1.3
2024,8,16,15,50,0,11.6,113.5,57.944,1.4
2024,8,16,16,0,0,11.5,113.4,70.448,1.4
2024,8,16,16,10,0,11.5,113.5,73.938,1.5
2024,8,16,16,20,0,11.5,113.5,73.27,1.4
2024,8,16,16,30,0,11.5,113.2,83.844,1.5
2024,8,16,16,40,0,11,113.3,107.234,1.4
2024,8,16,16,50,0,10.5,113.3,114.144,1.2
2024,8,16,17,0,0,10.4,112.8,137.508,0.9
2024,8,16,17,10,0,10.5,112.5,145.998,1
2024,8,16,17,20,0,10.5,112.5,149.276,1.1
2024,8,16,17,30,0,11.3,111.5,145.302,1.1
2024,8,16,17,40,0,11.5,111.5,146.798,1
2024,8,16,17,50,0,12,111.5,156.596,1.1
2024,8,16,18,0,0,12.1,111,153.166,1.2
2024,8,16,18,10,0,12.5,110.4,139.838,1.3
2024,8,16,18,20,0,13.3,109.6,130.716,1.3
2024,8,16,18,30,0,13.5,109,114.452,1.3
2024,8,16,18,40,0,13.7,108.5,102.994,1.3
2024,8,16,18,50,0,14.3,107.9,104.838,1.3
2024,8,16,19,0,0,15.2,106.7,118.618,1.2
2024,8,16,19,10,0,16.3,105.7,145.312,1.4
2024,8,16,19,20,0,17.2,105,156.244,1.6
2024,8,16,19,30,0,18.5,103.2,180.8,1.6
2024,8,16,19,40,0,18.4,102.5,212.41,1.4
2024,8,16,19,50,0,19.4,101.5,238.32,1.5
2024,8,16,20,0,0,20.1,100.6,276.336,1.5
2024,8,16,20,10,0,21.1,99.5,290.344,1.7
2024,8,16,20,20,0,21.7,98.6,336.008,10.6
2024,8,16,20,30,0,21.5,98.3,340.474,4.1
2024,8,16,20,40,0,22.1,96.9,312.45,4.3
2024,8,16,20,50,0,23.2,96.1,323.5,4.4
2024,8,16,21,0,0,23.4,95.5,320.162,4.3
2024,8,16,21,10,0,23.9,94.8,318.996,4.1
2024,8,16,21,20,0,24.5,94,318.506,3
2024,8,16,21,30,0,24.5,93.8,317.836,2.8
2024,8,16,21,40,0,24.6,93.5,335.732,2.8
2024,8,16,21,50,0,25.5,93.4,388.474,2.3
2024,8,16,22,0,0,25.7,92.7,396.878,2.2
2024,8,16,22,10,0,25.5,92.5,375.548,2.3
2024,8,16,22,20,0,25.9,92.1,341.314,2
2024,8,16,22,30,0,27.2,91.5,319.06,2
2024,8,16,22,40,0,27.75,91,302.235,1.8
2024,8,16,22,50,0,28.375,90.25,284.887,1.9
2024,8,16,23,0,0,28.2,90.1,270.094,1.8
2024,8,16,23,10,0,28.5,89.5,266.822,2
2024,8,16,23,20,0,28.7,89.5,270.362,2
2024,8,16,23,30,0,28.8,89,277.082,2.1
2024,8,16,23,40,0,28.9,88.5,288.406,2.2
2024,8,16,23,50,0,29.1,87.5,299.726,2.2
2024,8,17,0,0,0,29.2,87.6,313.92,2.1
2024,8,17,0,10,0,28.9,87.7,318.174,2.2
2024,8,17,0,20,0,28.6,87.4,321.93,2.3
2024,8,17,0,30,0,27.8,86.9,323.284,2.4
2024,8,17,0,40,0,27.5,86.6,326.628,1.9
2024,8,17,0,50,0,27.5,86.5,329.95,1.8
2024,8,17,1,0,0,28.1,85.9,334.98,1.9
2024,8,17,1,10,0,28.3,85.7,340.466,1.9
2024,8,17,1,20,0,28.5,85.5,349.29,1.9
2024,8,17,1,30,0,28.6,85.3,361.362,1.8
2024,8,17,1,40,0,29.1,84.5,361.668,1.9
2024,8,17,1,50,0,29.4,84.5,363.198,1.8
2024,8,17,2,0,0,29.1,84.1,365.082,1.7
2024,8,17,2,10,0,29.4,83.5,365.17,1.8
2024,8,17,2,20,0,29.5,83.4,364.516,1.5
2024,8,17,2,30,0,29,83.1,365.978,1.5
2024,8,17,2,40,0,28.5,83.5,369.352,1.3
2024,8,17,2,50,0,28.5,83.3,372.992,1.3
2024,8,17,3,0,0,28.9,82.6,373.318,1.3
2024,8,17,3,10,0,28.9,82.6,378.148,1.4
2024,8,17,3,20,0,29.4,82.6,389.426,1.5
2024,8,17,3,30,0,29.5,82.5,391.88,1.4
2024,8,17,3,40,0,30,82.2,392.46,1.3
2024,8,17,3,50,0,30.1,82.1,397.052,1.5
2024,8,17,4,0,0,30.5,81.8,401.798,1.4
2024,8,17,4,10,0,30.5,81.7,403.794,1.7
2024,8,17,4,20,0,31,81.5,407.212,2.2
2024,8,17,4,30,0,31.5,81.5,410.056,2.6
2024,8,17,4,40,0,31.6,81.3,411.832,3.1
2024,8,17,4,50,0,31.9,80.6,413.234,3.5
2024,8,17,5,0,0,32.2,80.5,412.996,3.7
2024,8,17,5,10,0,32.6,80.5,409.584,3.4
2024,8,17,5,20,0,33.1,79.8,410.2,2.8
2024,8,17,5,30,0,33.3,79.7,411.342,2.5
2024,8,17,5,40,0,33.1,80,412.716,2.3
2024,8,17,5,50,0,33.4,79.7,414.516,2.1
2024,8,17,6,0,0,34,79.5,413.546,1.8
2024,8,17,6,10,0,33.7,79.5,409.526,1.5
2024,8,17,6,20,0,33.8,79.5,411.086,1.4
2024,8,17,6,30,0,34,79.5,406.774,1.4
2024,8,17,6,40,0,34.3,79.5,410.498,1.4
2024,8,17,6,50,0,34.3,79.8,430.258,1.4
2024,8,17,7,0,0,34.1,80.5,405.822,1.4
2024,8,17,7,10,0,32.9,81.3,392.74,1.4
2024,8,17,7,20,0,32.1,82.2,385.034,1.4
2024,8,17,7,30,0,31.5,83.1,384.598,2.5
2024,8,17,7,40,0,31.6,83.5,383.854,2
2024,8,17,7,50,0,31.8,83.9,383.266,2.1
2024,8,17,8,0,0,31.6,84.7,384.46,2.1
2024,8,17,8,10,0,31,85.3,371.728,2
2024,8,17,8,20,0,30.5,86,363.536,1.9
2024,8,17,8,30,0,29.2,87.1,346.396,1.6
2024,8,17,8,40,0,28.6,87.7,333.494,2.2
2024,8,17,8,50,0,28.1,88.8,327.93,2.9
2024,8,17,9,0,0,27.8,89.3,317.13,2.6
2024,8,17,9,10,0,27.4,90.2,309.05,2.5
2024,8,17,9,20,0,26.6,91.2,297.734,2.6
2024,8,17,9,30,0,25.6,92.2,283.112,2.6
2024,8,17,9,40,0,25.3,92.9,278.172,3.3
2024,8,17,9,50,0,24.7,93.7,275.62,2.1
2024,8,17,10,0,0,24.3,94.7,269.992,1.8
2024,8,17,10,10,0,23.9,95.8,265.388,1.6
2024,8,17,10,20,0,23.3,96.5,258.734,1.6
2024,8,17,10,30,0,22.5,97.5,254.872,1.4
2024,8,17,10,40,0,21.9,98.4,251.038,1.2
2024,8,17,10,50,0,21.4,98.7,244.898,1.1
2024,8,17,11,0,0,20.9,99.6,237.192,1.4
2024,8,17,11,10,0,20.5,100.3,229.088,2.1
2024,8,17,11,20,0,20.4,100.9,221.434,1.4
2024,8,17,11,30,0,19.8,101.5,214.284,1.1
2024,8,17,11,40,0,19.2,102.3,205.214,0.9
2024,8,17,11,50,0,19,103.1,198.388,1
2024,8,17,12,0,0,18.7,103.5,189.812,1.1
2024,8,17,12,10,0,18.3,104.1,185.228,1.3
2024,8,17,12,20,0,17.7,104.7,170.058,1.2
2024,8,17,12,30,0,17.4,105.4,160.388,1.1
2024,8,17,12,40,0,17.4,105.9,151.222,1.1
2024,8,17,12,50,0,17.5,106.1,139.452,1.1
2024,8,17,13,0,0,17.1,106.6,127.614,1.2
2024,8,17,13,10,0,16.4,107.6,117.272,1.1
2024,8,17,13,20,0,16,107.8,116.358,1.2
2024,8,17,13,30,0,16.1,108.1,102.86,1.1
2024,8,17,13,40,0,15.5,108.5,90.026,1.2
2024,8,17,13,50,0,15.2,109.5,86.892,1
2024,8,17,14,0,0,15,109.4,71.256,1.2
2024,8,17,14,10,0,14.8,109.4,57.126,1.1
2024,8,17,14,20,0,14.75,109.75,55.693,1.1
2024,8,17,14,30,0,14.1,109.9,53.484,1.1
2024,8,17,14,40,0,14.3,110.5,67.696,1.1
2024,8,17,14,50,0,14.5,111.3,82.818,1
2024,8,17,15,0,0,14.3,111.5,93.936,1.1
2024,8,17,15,10,0,14.1,111.5,88.71,1
2024,8,17,15,20,0,14.3,111.5,79.436,1.2
2024,8,17,15,30,0,13.9,111.5,73.854,1.2
2024,8,17,15,40,0,13.9,112.1,74.266,1.1
2024,8,17,15,50,0,13.9,112.3,66.656,1.1
2024,8,17,16,0,0,13.8,112.4,74.776,1.1
2024,8,17,16,10,0,13.5,112.3,71.726,0.9
2024,8,17,16,20,0,13.7,112.1,65.228,0.9
2024,8,17,16,30,0,13.5,112.2,66.26,1
2024,8,17,16,40,0,13.5,111.8,68.21,0.9
2024,8,17,16,50,0,14,111.5,65.496,0.8
2024,8,17,17,0,0,14.3,110.6,60.606,0.9
2024,8,17,17,10,0,14.5,110.7,60.112,0.9
2024,8,17,17,20,0,14.6,110.1,60.658,0.8
2024,8,17,17,30,0,14.5,109.5,64.376,0.7
2024,8,17,17,40,0,14.9,109.3,67.186,0.7
2024,8,17,17,50,0,14.9,108.3,80.008,0.7
2024,8,17,18,0,0,15.3,107.5,89.004,0.6
2024,8,17,18,10,0,15.7,106.8,103.206,0.6
2024,8,17,18,20,0,16.5,106.1,118.826,0.7
2024,8,17,18,30,0,17.1,105.5,139.008,0.8
2024,8,17,18,40,0,17.6,104.7,160.526,0.7
2024,8,17,18,50,0,18.4,103.9,175.024,0.6
2024,8,17,19,0,0,18.8,103,183.552,0.6
2024,8,17,19,10,0,19.6,101.8,189.762,0.6
2024,8,17,19,20,0,20.4,100.7,191.222,0.6
2024,8,17,19,30,0,21.1,99.8,191.61,0.6
2024,8,17,19,40,0,21.4,99.3,194.334,0.7
2024,8,17,19,50,0,21.8,98.1,199.684,0.6
2024,8,17,20,0,0,22.6,97.3,200.018,0.6
2024,8,17,20,10,0,23.3,96.5,193.584,0.7
2024,8,17,20,20,0,23.6,95.7,198.316,0.6
2024,8,17,20,30,0,23.9,95.1,218.574,1.2
2024,8,17,20,40,0,23.9,94.7,243.668,1.4
2024,8,17,20,50,0,23.5,93.8,266.25,1.3
2024,8,17,21,0,0,24.3,92.7,282.864,1.2
2024,8,17,21,10,0,24.5,92.5,291.158,1
2024,8,17,21,20,0,24.7,91.9,296.172,0.7
2024,8,17,21,30,0,25.5,91.5,299.086,0.7
2024,8,17,21,40,0,25.9,91.2,299.13,0.6
2024,8,17,21,50,0,26.8,90.9,297.032,0.7
2024,8,17,22,0,0,28,90.5,298.368,0.7
2024,8,17,22,10,0,29.1,89.5,299.25,0.7
2024,8,17,22,20,0,30,89.5,302.162,0.7
2024,8,17,22,30,0,31,89.1,301.792,0.7
2024,8,17,22,40,0,31.6,89.3,301.788,0.7
2024,8,17,22,50,0,32,88.8,303.586,0.6
2024,8,17,23,0,0,32.9,88.5,305.082,0.7
2024,8,17,23,10,0,33.5,88.2,306.02,0.7
2024,8,17,23,20,0,34,87.8,308.228,0.7
2024,8,17,23,30,0,35,87.5,312.826,0.8
2024,8,17,23,40,0,35.9,86.6,314.852,0.7
2024,8,17,23,50,0,36.3,86.8,316.82,0.6
2024,8,18,0,0,0,37,86.1,317.152,0.6
2024,8,18,0,10,0,37.7,85.7,320.15,0.8
2024,8,18,0,20,0,37.9,85.5,339.742,1.3
2024,8,18,0,30,0,38.4,85.3,336.302,0.7
2024,8,18,0,40,0,39,84.5,333.112,0.6
2024,8,18,0,50,0,39.4,84.5,331.206,0.6
2024,8,18,1,0,0,39.7,84.5,331.602,0.6
2024,8,18,1,10,0,40,83.8,332.046,0.6
2024,8,18,1,20,0,40.3,83.7,332.922,0.6
2024,8,18,1,30,0,40.8,83.5,334.606,0.6
2024,8,18,1,40,0,40.9,83.5,337.886,0.5
2024,8,18,1,50,0,41.5,82.7,338.676,0.5
2024,8,18,2,0,0,42,82.5,338.608,0.5
2024,8,18,2,10,0,42.2,82.5,338.836,0.4
2024,8,18,2,20,0,42.4,82.5,337.268,0.4
2024,8,18,2,30,0,42.9,82,335.858,0.5
2024,8,18,2,40,0,43,81.7,335.422,0.4
2024,8,18,2,50,0,43.4,81.5,333.806,0.5
2024,8,18,3,0,0,43.6,81.3,331.154,0.5
2024,8,18,3,10,0,44,81.2,330.91,0.6
2024,8,18,3,20,0,44,80.9,329.518,0.6
2024,8,18,3,30,0,44.1,80.5,326.606,0.6
2024,8,18,3,40,0,44,80.5,322.07,0.6
2024,8,18,3,50,0,44.1,80.3,320.232,0.7
2024,8,18,4,0,0,44.5,80.2,318.534,0.6
2024,8,18,4,10,0,45.3,79.5,316.69,0.7
2024,8,18,4,20,0,45.3,79.5,315.222,0.7
2024,8,18,4,30,0,45.5,79.5,312.437,0.7
2024,8,18,4,40,0,45,79.5,308.13,0.7
2024,8,18,4,50,0,45.3,78.5,305.966,0.8
2024,8,18,5,0,0,45.5,78.4,303.682,0.8
2024,8,18,5,10,0,45.5,78.3,300.542,0.8
2024,8,18,5,20,0,45.4,78.5,300.546,0.7
2024,8,18,5,30,0,45.3,78.3,298.876,0.8
2024,8,18,5,40,0,44.8,78.4,297.744,0.7
2024,8,18,5,50,0,43.9,79,298.082,0.7
2024,8,18,6,0,0,45,77.7,293.096,0.7
2024,8,18,6,10,0,45.2,77.8,293.668,0.7
2024,8,18,6,20,0,44.1,78.3,294.072,0.8
2024,8,18,6,30,0,44.2,78.2,291.918,0.9
2024,8,18,6,40,0,43.4,78.5,289.208,0.9
2024,8,18,6,50,0,43.7,78.4,288.256,1
2024,8,18,7,0,0,44.4,78.2,284.956,1.1
2024,8,18,7,10,0,44.5,78.5,279.91,1.2
2024,8,18,7,20,0,44,78.625,276.5,1.4
2024,8,18,7,30,0,42.8,79.3,278.93,1.3
2024,8,18,7,40,0,40.9,80.5,278.148,1.4
2024,8,18,7,50,0,39.5,81.5,270.156,1.3
2024,8,18,8,0,0,37.9,82.3,259.59,1.4
2024,8,18,8,10,0,36.8,83.3,247.62,1.4
2024,8,18,8,20,0,36,83.9,238.972,1.6
2024,8,18,8,30,0,35.3,84.8,234.774,1.5
2024,8,18,8,40,0,34.1,85.2,223.598,1.5
2024,8,18,8,50,0,33.8,85.9,217.408,1.4
2024,8,18,9,0,0,32.8,86.5,208.796,1.6
2024,8,18,9,10,0,31.9,87.2,199.276,1.5
2024,8,18,9,20,0,31.4,88.2,196.438,1.5
2024,8,18,9,30,0,30.8,88.9,188.378,1.6
2024,8,18,9,40,0,29.9,89.7,183.256,1.5
2024,8,18,9,50,0,29.3,90.5,172.252,1.5
2024,8,18,10,0,0,29.1,90.9,157.76,1.6
2024,8,18,10,10,0,27.9,91.6,153.99,1.5
2024,8,18,10,20,0,27.4,92,148.762,1.6
2024,8,18,10,30,0,26.8,93,134.664,1.4
2024,8,18,10,40,0,26.1,93.9,133.98,1.3
2024,8,18,10,50,0,25.7,94.3,121.918,1.4
2024,8,18,11,0,0,25.3,95.3,116.74,1.3
2024,8,18,11,10,0,24.6,95.5,111.266,1.2
2024,8,18,11,20,0,24.9,95.7,100.466,1.2
2024,8,18,11,30,0,24.6,96.5,96.922,1.2
2024,8,18,11,40,0,23.9,97,89.624,1.1
2024,8,18,11,50,0,23.9,97.9,86.748,1.2
2024,8,18,12,0,0,23.4,98.3,80.63,1.1
2024,8,18,12,10,0,23.2,98.7,74.25,1.1
2024,8,18,12,20,0,22.6,99.6,73.436,1.3
2024,8,18,12,30,0,22,100.3,65.454,1.3
2024,8,18,12,40,0,21.7,101.1,68.116,0.9
2024,8,18,12,50,0,21.1,101.6,63.664,1
2024,8,18,13,0,0,21.4,102.3,53.356,1.1
2024,8,18,13,10,0,21,102.8,59.52,1
2024,8,18,13,20,0,20.7,103.3,59.35,1
2024,8,18,13,30,0,20.8,103.2,53.426,1
2024,8,18,13,40,0,20.2,104.1,57.066,1.1
2024,8,18,13,50,0,20,104.5,57.396,0.9
2024,8,18,14,0,0,19.7,104.7,54.864,1
2024,8,18,14,10,0,19.2,105.3,52.914,0.9
2024,8,18,14,20,0,19.2,105.5,61.982,1
2024,8,18,14,30,0,18.7,105.5,63.08,0.9
2024,8,18,14,40,0,17.9,106.4,68.17,0.9
2024,8,18,14,50,0,16.9,107.5,84.116,0.7
2024,8,18,15,0,0,17.1,107.5,83.66,0.7
2024,8,18,15,10,0,16.8,107.3,77.836,0.7
2024,8,18,15,20,0,17.2,107.3,56.794,0.8
2024,8,18,15,30,0,17.2,107.7,68.158,1.5
2024,8,18,15,40,0,17.4,108.5,70.154,1.3
2024,8,18,15,50,0,17.5,108.2,68.584,0.8
2024,8,18,16,0,0,17.2,108.5,72.192,0.8
2024,8,18,16,10,0,16.5,108.7,80.514,0.7
2024,8,18,16,20,0,16.4,108.5,70.756,0.7
2024,8,18,16,30,0,17.1,108.3,64.498,0.7
2024,8,18,16,40,0,17.2,107.8,57.568,0.7
2024,8,18,16,50,0,17.5,107.5,56.216,0.7
2024,8,18,17,0,0,17.3,107.5,57.932,0.7
2024,8,18,17,10,0,17,107.5,52.178,0.7
2024,8,18,17,20,0,17.1,107.5,53.202,0.7
2024,8,18,17,30,0,17.5,106.6,56.26,0.8
2024,8,18,17,40,0,18,106.5,53.196,0.8
2024,8,18,17,50,0,18.2,106.2,52.494,0.8
2024,8,18,18,0,0,18.5,105.5,54.942,0.8
2024,8,18,18,10,0,18.6,105,53.564,0.8
2024,8,18,18,20,0,18.7,104.5,54.804,0.8
2024,8,18,18,30,0,19,103.8,58.928,0.8
2024,8,18,18,40,0,19.4,103.2,58.698,0.8
2024,8,18,18,50,0,20,102.3,67.298,0.8
2024,8,18,19,0,0,20.4,101.5,68.756,0.9
2024,8,18,19,10,0,21.4,100.9,81.308,1.2
2024,8,18,19,20,0,23,99.5,86.284,1.2
2024,8,18,19,30,0,23.7,98.8,103.324,2.1
2024,8,18,19,40,0,24.4,97.6,111.24,2.7
2024,8,18,19,50,0,24.9,96.8,122.284,2.9
2024,8,18,20,0,0,25.5,96.5,145.824,1.6
2024,8,18,20,10,0,26.1,95.9,185.198,1.2
2024,8,18,20,20,0,27,94.9,195.564,1.2
2024,8,18,20,30,0,27.2,94.5,207.966,1.2
2024,8,18,20,40,0,27.4,94.5,214.402,1.4
2024,8,18,20,50,0,28,93.8,215.348,1.4
2024,8,18,21,0,0,29.5,92.3,194.19,1.3
2024,8,18,21,10,0,29.9,92,230.868,1.4
2024,8,18,21,20,0,30.7,91.3,229.376,1.5
2024,8,18,21,30,0,31.3,90.5,241.432,1.5
2024,8,18,21,40,0,32,90.2,247.342,1.4
2024,8,18,21,50,0,31.7,90,247.54,1.6
2024,8,18,22,0,0,32,89.3,244.534,1.4
2024,8,18,22,10,0,32.2,88.7,236.398,1.3
2024,8,18,22,20,0,32.8,88.5,234.184,1.3
2024,8,18,22,30,0,33,87.7,234.512,1.2
2024,8,18,22,40,0,33,87.8,235.724,1.3
2024,8,18,22,50,0,33.2,87.7,239.884,1.4
2024,8,18,23,0,0,33.8,87.1,239.514,1.4
2024,8,18,23,10,0,34,86.5,234.432,1.4
2024,8,18,23,20,0,33.7,86.5,231.262,1.3
2024,8,18,23,30,0,33.6,86.4,232.1,1.2
2024,8,18,23,40,0,33.9,85.6,227.272,1.4
2024,8,18,23,50,0,34,85.5,221.806,1.3
2024,8,19,0,0,0,34,85.1,221.448,1.3
2024,8,19,0,10,0,35,84.5,224.964,1.6
2024,8,19,0,20,0,34.8,84.5,226.878,1.9
2024,8,19,0,30,0,35,84.2,222.732,1.8
2024,8,19,0,40,0,34.8,83.6,216.072,1.6
2024,8,19,0,50,0,34.3,83.5,209.306,1.4
2024,8,19,1,0,0,34,83.5,204.054,1.4
2024,8,19,1,10,0,33.6,83.5,204.428,1.2
2024,8,19,1,20,0,33.2,83.3,207.506,1.3
2024,8,19,1,30,0,33.1,82.8,207.038,1.3
2024,8,19,1,40,0,32.5,82.6,207.002,1.3
2024,8,19,1,50,0,33.3,81.7,235.834,1.3
2024,8,19,2,0,0,33.2,81.5,234.098,1.3
2024,8,19,2,10,0,33.3,81.5,233.138,1.3
2024,8,19,2,20,0,33.2,81.1,229.2,1.4
2024,8,19,2,30,0,32.9,81.2,224.604,1.5
2024,8,19,2,40,0,32.6,80.7,216.59,1.5
2024,8,19,2,50,0,32.5,80.7,210.618,1.6
2024,8,19,3,0,0,32.8,80.5,206.378,1.5
2024,8,19,3,10,0,33,80.5,202.834,1.5
2024,8,19,3,20,0,32.9,80.5,203.018,1.5
2024,8,19,3,30,0,32,80.5,197.188,1.6
2024,8,19,3,40,0,31.3,80.5,180.826,1.5
2024,8,19,3,50,0,30.7,80.5,171.856,1.5
2024,8,19,4,0,0,30.5,80.5,172.074,1.6
2024,8,19,4,10,0,31.4,80.5,180.702,1.7
2024,8,19,4,20,0,31.8,79.8,181.764,1.7
2024,8,19,4,30,0,32.4,79.3,184.62,1.8
2024,8,19,4,40,0,32.5,79.1,192.912,1.7
2024,8,19,4,50,0,32.5,79.2,197.018,1.8
2024,8,19,5,0,0,32.2,79.5,202.394,1.7
2024,8,19,5,10,0,32.6,78.7,200.994,1.6
2024,8,19,5,20,0,33.5,78,203.052,1.6
2024,8,19,5,30,0,33.5,77.5,202.788,1.6
2024,8,19,5,40,0,33.9,77.5,205.39,1.7
2024,8,19,5,50,0,34.4,76.9,212.748,1.6
2024,8,19,6,0,0,34.8,76.5,219.878,1.8
2024,8,19,6,10,0,35.7,76.1,224.592,2
2024,8,19,6,20,0,35.9,76.3,234.784,1.9
2024,8,19,6,30,0,35,77.1,245.27,2
2024,8,19,6,40,0,35.2,77.2,247.614,1.8
2024,8,19,6,50,0,35.6,77.4,248.194,2
2024,8,19,7,0,0,35,78.1,247.43,2.3
2024,8,19,7,10,0,34.3,78.6,247.148,2.5
2024,8,19,7,20,0,33.7,79.3,242.978,2.5
2024,8,19,7,30,0,33.5,79.7,238.252,2.6
2024,8,19,7,40,0,32.8,80.7,236.18,2.5
2024,8,19,7,50,0,32.3,81.5,231.208,2.7
2024,8,19,8,0,0,31.5,82.5,227.838,3
2024,8,19,8,10,0,29.7,84.1,212.822,3.3
2024,8,19,8,20,0,29.3,84.5,194.408,3.1
2024,8,19,8,30,0,28.4,85.3,182.328,2.8
2024,8,19,8,40,0,26.3,86.5,155.242,3
2024,8,19,8,50,0,24.6,87.1,126.828,2.9
2024,8,19,9,0,0,22.9,87.9,84.414,2.6
2024,8,19,9,10,0,21.7,88.9,65.898,2.6
2024,8,19,9,20,0,21.2,89.9,56.024,3.6
2024,8,19,9,30,0,20.6,90.5,50.998,4.6
2024,8,19,9,40,0,20.4,91.3,51.898,2.6
2024,8,19,9,50,0,20.3,92.1,53.658,2.6
2024,8,19,10,0,0,20.1,93.4,53,2.8
2024,8,19,10,10,0,18.9,93.8,50.76,2.5
2024,8,19,10,20,0,18.4,94.9,52.252,2.4
2024,8,19,10,30,0,18.4,95.6,52.162,4.2
2024,8,19,10,40,0,17.3,96.5,52.506,2.7
2024,8,19,10,50,0,16.7,97.4,50.878,2.6
2024,8,19,11,0,0,16.4,98.2,51.738,2.6
2024,8,19,11,10,0,16.1,98.8,51.976,2.6
2024,8,19,11,20,0,15.8,99.2,55.31,3
2024,8,19,11,30,0,15.3,100.2,65.128,2.4
2024,8,19,11,40,0,15.3,100.8,58.874,2.4
2024,8,19,11,50,0,15.4,101.7,51.924,2.3
2024,8,19,12,0,0,15.4,102.5,56.866,2.3
2024,8,19,12,10,0,14.8,102.8,50.688,2.1
2024,8,19,12,20,0,14.9,103.6,57.918,2
2024,8,19,12,30,0,14.9,104.2,50.658,2.1
2024,8,19,12,40,0,14.8,103.9,50.316,2
2024,8,19,12,50,0,14.9,104.7,53.038,1.8
2024,8,19,13,0,0,14.6,105.4,60.126,1.8
2024,8,19,13,10,0,14.8,106.1,67.242,1.7
2024,8,19,13,20,0,14.5,107,82.316,1.7
2024,8,19,13,30,0,14.5,107.5,92.364,1.6
2024,8,19,13,40,0,14.8,108.3,90.856,1.5
2024,8,19,13,50,0,15.2,108.3,95.458,1.4
2024,8,19,14,0,0,15.5,108.3,74.164,1.7
2024,8,19,14,10,0,15.5,108.5,55.226,2
2024,8,19,14,20,0,15.1,109.5,55.832,2.1
2024,8,19,14,30,0,14.8,109.4,50.792,2.3
2024,8,19,14,40,0,14.6,109.2,54.388,2
2024,8,19,14,50,0,14.8,110.1,54.164,2
2024,8,19,15,0,0,14.6,110.6,78.574,1.9
2024,8,19,15,10,0,14.5,110.5,73.822,1.9
2024,8,19,15,20,0,14.5,110.8,86.092,1.8
2024,8,19,15,30,0,14.1,111.4,83.2,1.8
2024,8,19,15,40,0,13.5,111.4,82.06,1.8
2024,8,19,15,50,0,13.5,111.5,84.642,2.1
2024,8,19,16,0,0,13.3,111.9,72.64,1.9
2024,8,19,16,10,0,13.6,111.9,85.806,2
2024,8,19,16,20,0,13.5,111.5,78.05,1.8
2024,8,19,16,30,0,13.9,111.5,74.104,2
2024,8,19,16,40,0,14.2,111.2,69.516,2
2024,8,19,16,50,0,14.5,110.7,56.722,2.1
2024,8,19,17,0,0,13.8,110.5,53.41,1.8
2024,8,19,17,10,0,14.5,110.5,56.408,1.9
2024,8,19,17,20,0,14.5,110.1,54.768,1.8
2024,8,19,17,30,0,14.6,109.5,56.004,2
2024,8,19,17,40,0,14.6,109.2,53.866,1.9
2024,8,19,17,50,0,15,108.7,57.824,2
2024,8,19,18,0,0,15.5,108.2,55.77,2.1
2024,8,19,18,10,0,16.2,107.4,53.762,1.8
2024,8,19,18,20,0,16.2,106.7,56.21,1.8
2024,8,19,18,30,0,16.5,106.3,54.834,1.9
2024,8,19,18,40,0,17.1,105.6,71.32,1.6
2024,8,19,18,50,0,17.8,104.7,88.02,1.6
2024,8,19,19,0,0,18.7,103.5,98.744,1.7
2024,8,19,19,10,0,20.2,102.5,135.11,1.7
2024,8,19,19,20,0,21.6,101,204.134,2
2024,8,19,19,30,0,21.5,99.7,254.326,2.1
2024,8,19,19,40,0,21.5,98.8,288.574,2
2024,8,19,19,50,0,21.5,97.9,306.658,1.9
2024,8,19,20,0,0,23,96.5,296.218,1.7
2024,8,19,20,10,0,24.4,95.5,301.82,1.7
2024,8,19,20,20,0,24.4,95.6,308.266,1.6
2024,8,19,20,30,0,25.9,94.4,303.12,1.6
2024,8,19,20,40,0,25.8,94.4,300.97,1.6
2024,8,19,20,50,0,26.7,93.3,300.232,1.7
2024,8,19,21,0,0,27.4,92.5,299.724,1.6
2024,8,19,21,10,0,27.3,92.5,297.078,1.6
2024,8,19,21,20,0,27.9,91.7,293.704,1.7
2024,8,19,21,30,0,28,91.3,292.924,1.8
2024,8,19,21,40,0,28.3,91,297.974,1.7
2024,8,19,21,50,0,29,90.3,314.696,1.9
2024,8,19,22,0,0,28.8,90.2,315.43,1.9
2024,8,19,22,10,0,29,89.5,306.388,1.9
2024,8,19,22,20,0,29.4,89,307.222,2
2024,8,19,22,30,0,29.4,88.5,306.078,2
2024,8,19,22,40,0,29.1,88.5,305.072,1.9
2024,8,19,22,50,0,29,87.7,304.518,1.8
2024,8,19,23,0,0,28.8,87.5,302.17,1.8
2024,8,19,23,10,0,28.8,87.5,301.94,1.9
2024,8,19,23,20,0,29.6,86.5,308.764,2.1
2024,8,19,23,30,0,30,86.5,313.852,2
2024,8,19,23,40,0,30.5835,85.667,333.128,2.1
2024,8,19,23,50,0,30.3,85.6,357.564,2.2
2024,8,20,0,0,0,30.25,85.5,364.197,2.3
2024,8,20,0,10,0,29.8,85.4,370.162,2.4
2024,8,20,0,20,0,29.5,85.1,379.376,2.3
2024,8,20,0,30,0,29,84.5,387.668,2.5
2024,8,20,0,40,0,27.9,84.8,386.482,2.3
2024,8,20,0,50,0,27.8,84.4,389.294,2.4
2024,8,20,1,0,0,27.6,83.6,390.196,2.3
2024,8,20,1,10,0,27.5,83.5,397.866,2.2
2024,8,20,1,20,0,27.6,82.7,401.102,2.2
2024,8,20,1,30,0,27,83.3,407.062,2.2
2024,8,20,1,40,0,26.3,82.8,409.74,2.2
2024,8,20,1,50,0,25.8,82.5,412.24,2.1
2024,8,20,2,0,0,25.8,82.5,419.49,2.1
2024,8,20,2,10,0,26.2,82.2,449.504,2.1
2024,8,20,2,20,0,26.3,81.5,438.788,2.1
2024,8,20,2,30,0,25.6,82,439.28,1.9
2024,8,20,2,40,0,26.1,81.5,438.314,2
2024,8,20,2,50,0,26.4,81.5,438.684,2
2024,8,20,3,0,0,26.6,80.9,446.548,2
2024,8,20,3,10,0,27.5,80.1,443.57,2
2024,8,20,3,20,0,27.5,79.5,443.552,2
2024,8,20,3,30,0,27,79.5,446.576,1.9
2024,8,20,3,40,0,26.5,79.8,452.286,1.9
2024,8,20,3,50,0,26.7,80,458.34,2
2024,8,20,4,0,0,27.2,79.7,460.7,2
2024,8,20,4,10,0,27.3,79.5,464.386,2.1
2024,8,20,4,20,0,27.4,79.5,466.766,2.3
2024,8,20,4,30,0,27.3,79.5,470.642,2.2
2024,8,20,4,40,0,27,79.5,471.972,2.2
2024,8,20,4,50,0,26.8,79.1,472.766,2.1
2024,8,20,5,0,0,27.2,79.4,477.584,2
2024,8,20,5,10,0,27.5,79.1,489.054,2.1
2024,8,20,5,20,0,28.2,78.5,501.662,2.1
2024,8,20,5,30,0,29.125,77.75,503.94,2.2
2024,8,20,5,40,0,29.3,77.4,498.496,2.2
2024,8,20,5,50,0,30.1,77.5,500.102,2.2
2024,8,20,6,0,0,30.5,77.5,520.75,2.1
2024,8,20,6,10,0,31,76.9,514.242,2.2
2024,8,20,6,20,0,30.5,77.5,526.156,2.3
2024,8,20,6,30,0,30.5,77.5,537.69,2.7
2024,8,20,6,40,0,29.5,77.5,522.108,3.1
2024,8,20,6,50,0,29.9,77.5,538.75,3.3
2024,8,20,7,0,0,28.7,77.9,501.82,2.9
2024,8,20,7,10,0,28.3,78.5,495.216,2.9
2024,8,20,7,20,0,27.2,79.3,482.118,2.7
2024,8,20,7,30,0,26.625,79.75,473.273,2.5
2024,8,20,7,40,0,25.9,80.9,470.714,2.5
2024,8,20,7,50,0,24.9,82.1,470.85,2.8
2024,8,20,8,0,0,25,82.9,473.184,2.9
2024,8,20,8,10,0,25,83.5,470.476,2.7
2024,8,20,8,20,0,24.3,84.6,452.63,2.8
2024,8,20,8,30,0,23.3,85.8,436.81,2.7
2024,8,20,8,40,0,22.8,86.9,436.926,2.8
2024,8,20,8,50,0,21.2,88.3,430.532,2.9
2024,8,20,9,0,0,21.1,88.8,405.892,2.8
2024,8,20,9,10,0,20.5,89.8,398.372,2.5
2024,8,20,9,20,0,20.4,90.7,376.844,2.5
2024,8,20,9,30,0,19.8,91.5,366.028,2.7
2024,8,20,9,40,0,19.3,92.3,348.094,2.6
2024,8,20,9,50,0,18.6,93.4,330.092,2.9
2024,8,20,10,0,0,18.2,94.3,317.202,2.8
2024,8,20,10,10,0,17.4,95.2,303.658,2.8
2024,8,20,10,20,0,16.6,96.1,265.92,2.9
2024,8,20,10,30,0,15.75,97,279.033,3.3
2024,8,20,10,40,0,15.8,97.5,261,3
2024,8,20,10,50,0,15.5,98.3,241.738,3
2024,8,20,11,0,0,15.3,99.5,226.034,2.9
2024,8,20,11,10,0,14.6,100.1,202.438,3.5
2024,8,20,11,20,0,14.5,100.5,178.812,3.1
2024,8,20,11,30,0,14.5,101.2,155.004,2.3
2024,8,20,11,40,0,14.4,102.1,138.024,2.2
2024,8,20,11,50,0,13.6,102.5,106.124,2.3
2024,8,20,12,0,0,14.3,103.3,80,2.2
2024,8,20,12,10,0,13.9,103.7,63.182,2.3
2024,8,20,12,20,0,13.6,104.5,53.798,2.3
2024,8,20,12,30,0,13.3,105.3,50.582,2.2
2024,8,20,12,40,0,13.5,105.7,50.378,2.2
2024,8,20,12,50,0,13.2,106.4,52.25,2.2
2024,8,20,13,0,0,13,106.3,52.394,2.1
2024,8,20,13,10,0,12.5,107.2,50.99,2.2
2024,8,20,13,20,0,12.5,107.6,51.156,2.1
2024,8,20,13,30,0,12.1,108.5,51.072,2.1
2024,8,20,13,40,0,11.7,108.6,52.556,2.1
2024,8,20,13,50,0,11.5,109.1,52.682,2
2024,8,20,14,0,0,10.7,109.5,52.794,2
2024,8,20,14,10,0,10.6,110.3,73.396,1.9
2024,8,20,14,20,0,10.5,110.5,84.99,1.9
2024,8,20,14,30,0,10.5,110.6,92.736,1.9
2024,8,20,14,40,0,10.5,111.2,119.242,2
2024,8,20,14,50,0,10.4,111.5,136.804,1.9
2024,8,20,15,0,0,10.4,111.9,133.158,1.9
2024,8,20,15,10,0,10.3,112.5,140.486,1.8
2024,8,20,15,20,0,9.5,112.5,151.862,1.8
2024,8,20,15,30,0,9.5,112.9,149.464,1.8
2024,8,20,15,40,0,9.5,113,143.064,1.8
2024,8,20,15,50,0,9.5,113,140.578,2
2024,8,20,16,0,0,9.5,112.5,120.948,2
2024,8,20,16,10,0,10.2,112.5,110.346,1.9
2024,8,20,16,20,0,10.5,112.5,98.546,2
2024,8,20,16,30,0,10.5,112.5,95.844,1.9
2024,8,20,16,40,0,10.5,112.2,92.84,2
2024,8,20,16,50,0,10.7,111.5,90.224,1.9
2024,8,20,17,0,0,11.4,111.3,69.47,1.9
2024,8,20,17,10,0,11.5,110.7,57.818,1.8
2024,8,20,17,20,0,11.5,110.5,60.822,1.9
2024,8,20,17,30,0,11.5,109.9,71.664,1.7
2024,8,20,17,40,0,12,109.7,61.452,1.8
2024,8,20,17,50,0,12.5,109.1,64.53,1.6
2024,8,20,18,0,0,12.5,108.5,68.53,1.6
2024,8,20,18,10,0,13,107.9,70.298,1.6
2024,8,20,18,20,0,13.7,107.5,85.336,1.5
2024,8,20,18,30,0,14.5,106.5,118.504,1.4
2024,8,20,18,40,0,15.1,106.1,146.832,3.2
2024,8,20,18,50,0,14.9,105.3,193.966,2.3
2024,8,20,19,0,0,15.2,104.5,234.706,1.6
2024,8,20,19,10,0,15.8,103.1,264.918,1.7
2024,8,20,19,20,0,16.5,101.7,293.04,1.6
2024,8,20,19,30,0,17.3,100.3,322.48,1.3
2024,8,20,19,40,0,17.6,99.1,350.846,1.2
2024,8,20,19,50,0,18.5,97.9,357.232,1.2
2024,8,20,20,0,0,19.3,97,376.296,1.2
2024,8,20,20,10,0,19.5,96.5,393.084,1.2
2024,8,20,20,20,0,20.6,95.4,418.06,1.3
2024,8,20,20,30,0,21.5,94.2,444.95,1.3
2024,8,20,20,40,0,21.8,93.8,464.084,1.3
2024,8,20,20,50,0,22.5,92.9,471.568,1.3
2024,8,20,21,0,0,22.7,92.5,468.078,1.1
2024,8,20,21,10,0,23.3,91.8,461.54,1.2
2024,8,20,21,20,0,24,90.7,451.44,1.2
2024,8,20,21,30,0,24.5,90.5,449.442,1.2
2024,8,20,21,40,0,24.4,90.3,459.736,1.1
2024,8,20,21,50,0,25.3,89.5,462.884,1.2
2024,8,20,22,0,0,25.5,89.5,471.42,1.4
2024,8,20,22,10,0,25.5,89.5,484.104,1.6
2024,8,20,22,20,0,26.5,88.5,480.59,1.6
2024,8,20,22,30,0,27.2,88.5,498.208,1.6
2024,8,20,22,40,0,28.2,87.7,505.468,1.6
2024,8,20,22,50,0,28.1,87.5,500.464,1.7
2024,8,20,23,0,0,28,87,500.38,1.9
2024,8,20,23,10,0,28.5,86.5,497.194,1.9
2024,8,20,23,20,0,28.7,86.1,500.328,1.6
2024,8,20,23,30,0,28.6,86.2,505.4,1.7
2024,8,20,23,40,0,28.9,85.9,506.536,2
2024,8,20,23,50,0,28.6,86.3,508.872,1.9
2024,8,21,0,0,0,28.8,86.3,512.616,1.6
2024,8,21,0,10,0,28.6,86.5,519.818,1.5
2024,8,21,0,20,0,29.2,85.8,525.006,1.5
2024,8,21,0,30,0,29.5,85.5,530.948,1.5
2024,8,21,0,40,0,29.6,85.5,536.41,1.5
2024,8,21,0,50,0,29.4,84.9,537.388,1.5
2024,8,21,1,0,0,29.9,84.5,540.156,1.4
2024,8,21,1,10,0,30,84.3,542.022,1.3
2024,8,21,1,20,0,30,84.2,545.578,1.3
2024,8,21,1,30,0,30.3,83.5,546.642,1.3
2024,8,21,1,40,0,30.6,83.5,548.482,1.3
2024,8,21,1,50,0,30.9,82.7,548.05,1.2
2024,8,21,2,0,0,31.4,82.5,547.918,1.2
2024,8,21,2,10,0,31.5,82.3,545.232,1.2
2024,8,21,2,20,0,31.5,81.9,541.968,1.3
2024,8,21,2,30,0,31.4,81.6,538.158,1.2
2024,8,21,2,40,0,31.3,81.5,533.28,1.1
2024,8,21,2,50,0,31,81.5,528.156,1.1
2024,8,21,3,0,0,30.9,81.3,521.72,1.2
2024,8,21,3,10,0,31.2,81.1,517.716,1.1
2024,8,21,3,20,0,31.6,80.5,518.57,1.2
2024,8,21,3,30,0,31.6,80.5,524.134,1.2
2024,8,21,3,40,0,32,80.5,522.894,1.3
2024,8,21,3,50,0,32,80.5,526.262,1.3
2024,8,21,4,0,0,31.9,80.5,531.052,1.4
2024,8,21,4,10,0,32.2,80.5,534.006,1.4
2024,8,21,4,20,0,32.9,79.9,532,1.4
2024,8,21,4,30,0,33.8,79.5,530.866,1.3
2024,8,21,4,40,0,34,79.3,536.114,1.4
2024,8,21,4,50,0,33.9,79.3,542.374,1.5
2024,8,21,5,0,0,34.8,78.5,540.306,1.6
2024,8,21,5,10,0,35.5,78.2,543.182,1.5
2024,8,21,5,20,0,36,77.7,542.856,1.8
2024,8,21,5,30,0,35.8,77.9,547.39,1.9
2024,8,21,5,40,0,36,77.5,546.514,1.8
2024,8,21,5,50,0,35.8,77.5,546.442,2.4
2024,8,21,6,0,0,36.1,77.5,545.22,1.9
2024,8,21,6,10,0,36.4,77.3,544.14,1.9
2024,8,21,6,20,0,36.4,77.1,537.004,1.9
2024,8,21,6,30,0,36.7,76.8,531.12,3.5
2024,8,21,6,40,0,37,76.5,521.508,1.9
2024,8,21,6,50,0,36.2,77.5,521.028,2
2024,8,21,7,0,0,36,77.5,511.818,3.1
2024,8,21,7,10,0,35,78.1,504.558,2.2
2024,8,21,7,20,0,34.6,78.5,500.166,2.4
2024,8,21,7,30,0,34.5,79.5,500.936,2.5
2024,8,21,7,40,0,33.1,80.1,502.028,2.4
2024,8,21,7,50,0,31.5,81.7,492.91,2.3
2024,8,21,8,0,0,30,83,470.272,2.4
2024,8,21,8,10,0,28.8,84.1,455.48,3.5
2024,8,21,8,20,0,28.3,85.3,445.556,3.7
2024,8,21,8,30,0,27.5,86.1,431.094,3.5
2024,8,21,8,40,0,26.2,87.5,423.436,2.6
2024,8,21,8,50,0,24.7,88.5,394.38,3.9
2024,8,21,9,0,0,23.9,89.3,371.924,2.2
2024,8,21,9,10,0,22.9,90.5,362.772,2.5
2024,8,21,9,20,0,22.7,91.1,340.66,2.3
2024,8,21,9,30,0,21.9,92.1,328.382,1.8
2024,8,21,9,40,0,21.1,92.8,310.842,2
2024,8,21,9,50,0,20.5,93.5,295.736,1.9
2024,8,21,10,0,0,20.2,94.2,276.642,1.6
2024,8,21,10,10,0,19.5,94.9,262.786,1.6
2024,8,21,10,20,0,19.4,95.5,246.696,1.7
2024,8,21,10,30,0,18.7,96.4,240.26,1.5
2024,8,21,10,40,0,18.4,97.3,220.796,1.5
2024,8,21,10,50,0,17.6,98.1,207.484,1.4
2024,8,21,11,0,0,16.5,98.9,184.572,1.3
2024,8,21,11,10,0,16.3,99.7,169.702,1.3
2024,8,21,11,20,0,15.9,100.5,161.71,1.9
2024,8,21,11,30,0,15.5,101.2,145.524,1.3
2024,8,21,11,40,0,15.4,101.9,142.098,1.3
2024,8,21,11,50,0,14.9,102.5,125.322,1.4
2024,8,21,12,0,0,14.6,103.5,121.338,1.5
2024,8,21,12,10,0,14.5,103.6,113.784,1.5
2024,8,21,12,20,0,14.3,104.5,107.546,1.3
2024,8,21,12,30,0,14.2,105.1,107.42,1.6
2024,8,21,12,40,0,14.3,105.7,99.058,1.6
2024,8,21,12,50,0,13.6,106.6,98.746,1.6
2024,8,21,13,0,0,13.5,107.5,96.946,1.5
2024,8,21,13,10,0,13.5,107.5,91.708,1.4
2024,8,21,13,20,0,13.3,108.1,95.788,1.4
2024,8,21,13,30,0,12.5,108.5,95.428,1.3
2024,8,21,13,40,0,12.2,108.9,96.222,1.2
2024,8,21,13,50,0,11.7,109.7,105.668,1.1
2024,8,21,14,0,0,11.6,109.5,110.452,1
2024,8,21,14,10,0,11.5,110.1,97.676,1.1
2024,8,21,14,20,0,11.5,110.5,99.064,1.2
2024,8,21,14,30,0,11.5,110.5,99.374,1
2024,8,21,14,40,0,11.4,111,109.05,1
2024,8,21,14,50,0,11,111.5,111.036,1
2024,8,21,15,0,0,10.6,112,109.628,0.9
2024,8,21,15,10,0,10.5,112.5,113.896,1.1
2024,8,21,15,20,0,10.5,112.4,96.348,0.9
2024,8,21,15,30,0,10.6,112.5,71.912,1
2024,8,21,15,40,0,10.6,112.5,57.58,1
2024,8,21,15,50,0,10.5,112.5,62.488,1
2024,8,21,16,0,0,10.5,112.5,54.35,1
2024,8,21,16,10,0,10.5,112.5,66.388,1
2024,8,21,16,20,0,10.5,112.3,62.642,1.1
2024,8,21,16,30,0,10.5,112.5,58.118,1
2024,8,21,16,40,0,10.5,112.5,56.6,1
2024,8,21,16,50,0,10.8,111.6,55.866,1
2024,8,21,17,0,0,11.4,111.9,62.536,1
2024,8,21,17,10,0,11.5,111.5,60.164,1
2024,8,21,17,20,0,11.5,111.1,54.214,0.9
2024,8,21,17,30,0,11.5,110.7,58.116,1
2024,8,21,17,40,0,11.5,110.1,54.188,1
2024,8,21,17,50,0,11.5,109.7,53.542,1
2024,8,21,18,0,0,11.5,109.5,52.148,0.8
2024,8,21,18,10,0,12.1,108.7,53.08,0.9
2024,8,21,18,20,0,12.5,108.5,71.33,1
2024,8,21,18,30,0,12.5,107.5,62.168,0.9
2024,8,21,18,40,0,12.7,106.7,54.908,0.9
2024,8,21,18,50,0,13.5,106.1,65.786,1
2024,8,21,19,0,0,14.7,104.9,84.51,0.9
2024,8,21,19,10,0,15.9,104.1,115.732,1.1
2024,8,21,19,20,0,17,102.7,146.404,1.1
2024,8,21,19,30,0,17.3,101.7,179.198,1.1
2024,8,21,19,40,0,18.1,100.9,223.674,1.3
2024,8,21,19,50,0,19.9,99.7,265.388,1.3
2024,8,21,20,0,0,20.5,98.9,308.566,1.2
2024,8,21,20,10,0,21,97.9,324.358,1.2
2024,8,21,20,20,0,21.9,97.2,353.972,1.3
2024,8,21,20,30,0,22.5,96.3,374.526,1.3
2024,8,21,20,40,0,22.9,95.4,370.87,1.2
2024,8,21,20,50,0,23.3,94.5,378.7,1.1
2024,8,21,21,0,0,23.9,94.1,387.478,1.2
2024,8,21,21,10,0,24.6,93.5,405.358,1.2
2024,8,21,21,20,0,24.8,93.2,416.44,1.3
2024,8,21,21,30,0,25,92.5,411.412,1.3
2024,8,21,21,40,0,25.2,93.5,437.504,1.3
2024,8,21,21,50,0,25.5,92.7,460.47,1.1
2024,8,21,22,0,0,25.1,91.8,429.624,1.2
2024,8,21,22,10,0,25.7,91.1,394.02,1.1
2024,8,21,22,20,0,26,90.8,379.048,1.5
2024,8,21,22,30,0,26.2,90.3,374.238,1.9
2024,8,21,22,40,0,26.5,89.7,376.736,2
2024,8,21,22,50,0,26.5,89.2,369.784,2.3
2024,8,21,23,0,0,26.5,88.5,359.486,2.2
2024,8,21,23,10,0,26.4,88.3,350.47,2.3
2024,8,21,23,20,0,26.5,87.5,347.082,2.3
2024,8,21,23,30,0,26.5,87.1,346.256,2.4
2024,8,21,23,40,0,26.5,86.5,345.872,2.4
2024,8,21,23,50,0,26.6,86.5,355.37,2.6
2024,8,22,0,0,0,27.3,85.7,360.29,3
2024,8,22,0,10,0,27.5,85.5,364.948,2.8
2024,8,22,0,20,0,27.5,85.5,366.218,2.3
2024,8,22,0,30,0,27.4,85.4,371.254,2.3
2024,8,22,0,40,0,27.6,84.6,380.026,2.3
2024,8,22,0,50,0,28,84.5,383.93,2.3
2024,8,22,1,0,0,28.5,84.2,388.51,2.4
2024,8,22,1,10,0,29.125,83.5,412.633,2.4
2024,8,22,1,20,0,29.4,83.5,432.59,2.5
2024,8,22,1,30,0,29.6,83.5,435.572,2.8
2024,8,22,1,40,0,30.4,82.9,437.392,2.8
2024,8,22,1,50,0,30.7,82.7,437.222,2.7
2024,8,22,2,0,0,31.2,82.5,437.67,2.7
2024,8,22,2,10,0,31.6,82.5,441.632,2.8
2024,8,22,2,20,0,31.5,82.5,448.856,3.1
2024,8,22,2,30,0,32,82.2,452.866,3.3
2024,8,22,2,40,0,33,81.5,454.578,3.1
2024,8,22,2,50,0,33.1,81.5,458.58,3
2024,8,22,3,0,0,33.2,81.5,468,3.1
2024,8,22,3,10,0,33.6,80.7,471.13,3.1
2024,8,22,3,20,0,34.1,80.4,475.39,3.1
2024,8,22,3,30,0,34.7,79.5,473.626,3.4
2024,8,22,3,40,0,34.9,79.5,477.056,3.4
2024,8,22,3,50,0,34.4,79.5,482.866,3.6
2024,8,22,4,0,0,34.5,79.5,481.684,3.5
2024,8,22,4,10,0,34.8,79.4,491.142,3.5
2024,8,22,4,20,0,34.1,79.5,494.612,3.2
2024,8,22,4,30,0,33.5,79.5,489.514,2.9
2024,8,22,4,40,0,33.8,79.1,482.862,2.6
2024,8,22,4,50,0,33.9,79.5,489.74,3.2
2024,8,22,5,0,0,34.1,79.7,491.348,3.5
2024,8,22,5,10,0,34.4,79.7,495.6,3.2
2024,8,22,5,20,0,34.6,79.4,499.38,3
2024,8,22,5,30,0,34.9,79.1,498.578,2.9
2024,8,22,5,40,0,34.9,78.5,493.588,2.8
2024,8,22,5,50,0,34.7,78.5,495.474,2.9
2024,8,22,6,0,0,35,77.9,487.234,2.7
2024,8,22,6,10,0,35,78.1,473.944,2.9
2024,8,22,6,20,0,35.4,78.5,493.094,3.2
2024,8,22,6,30,0,35.8,78.5,516.692,3.6
2024,8,22,6,40,0,35,78.5,487.054,3.4
2024,8,22,6,50,0,35.3,78.5,486.498,4
2024,8,22,7,0,0,35.4,78.5,491.12,3.8
2024,8,22,7,10,0,34.9,79,472.086,3.8
2024,8,22,7,20,0,34.2,79.9,457.826,3.9
2024,8,22,7,30,0,33.5,80.5,450.834,3.9
2024,8,22,7,40,0,32.6,81.3,444.414,4.2
2024,8,22,7,50,0,31.9,82.1,435.828,4.2
2024,8,22,8,0,0,31.125,82.5,427.963,3.9
2024,8,22,8,10,0,30.9,83.2,422.534,4.1
2024,8,22,8,20,0,29.4,84.1,408.336,3.9
2024,8,22,8,30,0,28.6,84.9,396.04,3.8
2024,8,22,8,40,0,27.7,85.5,383.254,3.6
2024,8,22,8,50,0,26.4,86.6,360.906,3.3
2024,8,22,9,0,0,25.9,87.5,347.608,3.5
2024,8,22,9,10,0,25.6,88.1,340.95,5.2
2024,8,22,9,20,0,24.3,89.1,325.408,2.8
2024,8,22,9,30,0,23.3,90.2,310.4,2.5
2024,8,22,9,40,0,22.8,90.5,292.616,2.4
2024,8,22,9,50,0,22.75,91.5,289.67,2.6
2024,8,22,10,0,0,21.7,92.6,296.634,2.4
2024,8,22,10,10,0,21.25,93.5,290.41,2.3
2024,8,22,10,20,0,20.5,94.2,271.144,2.2
2024,8,22,10,30,0,20,95.375,265.303,2.3
2024,8,22,10,40,0,19.4,95.7,250.636,2.2
2024,8,22,10,50,0,18.9,96.5,243.146,2.2
2024,8,22,11,0,0,18.5,97.3,235.492,2.2
2024,8,22,11,10,0,17.8,97.7,215.654,2.3
2024,8,22,11,20,0,17.5,98.5,204.394,2.2
2024,8,22,11,30,0,17.4,98.5,181.99,2.4
2024,8,22,11,40,0,16.6,99.5,175.504,2.4
2024,8,22,11,50,0,16.5,100,160.504,3.3
2024,8,22,12,0,0,16.3,100.6,152.884,3.2
2024,8,22,12,10,0,15.5,101.5,141.168,2.4
2024,8,22,12,20,0,15.5,101.7,129.21,2.4
2024,8,22,12,30,0,15.3,102.1,114.036,2.6
2024,8,22,12,40,0,15.5,102.3,91.75,2.7
2024,8,22,12,50,0,15.3,103.3,101.344,3
2024,8,22,13,0,0,14.6,103.7,82.636,2.9
2024,8,22,13,10,0,14.5,104.5,65.222,2.9
2024,8,22,13,20,0,14.4,104.7,59.382,3
2024,8,22,13,30,0,14.2,105,56.346,3.2
2024,8,22,13,40,0,14.2,105.1,52.27,2.9
2024,8,22,13,50,0,13.7,105.6,55.69,2.9
2024,8,22,14,0,0,13.6,106.2,52.882,3
2024,8,22,14,10,0,13.5,106.5,50.714,2.9
2024,8,22,14,20,0,13.5,106.1,50.006,2.7
2024,8,22,14,30,0,13.5,106.3,54.052,2.8
2024,8,22,14,40,0,13.5,106.9,55.976,2.8
2024,8,22,14,50,0,13.5,106.2,50.678,2.7
2024,8,22,15,0,0,13.3,106.5,71.65,2.7
2024,8,22,15,10,0,12.9,106.7,54.398,2.7
2024,8,22,15,20,0,12.5,106.9,53.69,2.5
2024,8,22,15,30,0,11.8,107.7,55.542,2.5
2024,8,22,15,40,0,11.3,107.3,53.754,2.5
2024,8,22,15,50,0,10.5,107.9,50.318,2.6
2024,8,22,16,0,0,10.2,108.1,50.124,2.4
2024,8,22,16,10,0,9.5,108,51.49,2.3
2024,8,22,16,20,0,9.9,108,70.366,2.3
2024,8,22,16,30,0,10,108,104.898,2.3
2024,8,22,16,40,0,10.5,107.5,97.288,2.6
2024,8,22,16,50,0,10.5,107.7,91.994,2.6
2024,8,22,17,0,0,10.5,107.1,112.934,2.5
2024,8,22,17,10,0,10.8,106.7,116.942,2.5
2024,8,22,17,20,0,11.2,106.7,124.132,2.8
2024,8,22,17,30,0,11.7,106.5,123.326,3.1
2024,8,22,17,40,0,12.5,106.2,107.37,3.4
2024,8,22,17,50,0,12.2,105.5,93.452,3.6
2024,8,22,18,0,0,12,105.2,83.354,3
2024,8,22,18,10,0,12.2,104.7,96.106,3
2024,8,22,18,20,0,13.1,103.9,100.458,3.2
2024,8,22,18,30,0,13.6,103.4,126.074,3.7
2024,8,22,18,40,0,14.8,102.4,167.406,3.9
2024,8,22,18,50,0,16.3,101.1,215.532,5.4
2024,8,22,19,0,0,17.4,99.3,277.96,6
2024,8,22,19,10,0,17.6,98,311.072,6
2024,8,22,19,20,0,18.1,96.8,342.99,5.8
2024,8,22,19,30,0,18.2,96.1,368.958,5.7
2024,8,22,19,40,0,18.2,94.7,378.318,5.2
2024,8,22,19,50,0,18.7,93.6,380.634,5.1
2024,8,22,20,0,0,19.4,92.5,384.248,5.1
2024,8,22,20,10,0,19.7,92.1,385.92,4.6
2024,8,22,20,20,0,20.4,91.3,384.252,4.3
2024,8,22,20,30,0,21.1,90.5,391.336,4.2
2024,8,22,20,40,0,21.5,89.5,399.04,3.6
2024,8,22,20,50,0,22.2,89.5,400.488,2.9
2024,8,22,21,0,0,22.6,89.3,405.912,3.1
2024,8,22,21,10,0,23.2,88.5,410.818,3.5
2024,8,22,21,20,0,24.3,87.5,422.394,3.9
2024,8,22,21,30,0,25.1,87.3,428.916,4.4
2024,8,22,21,40,0,25.7,86.9,444.61,4.8
2024,8,22,21,50,0,26.8,86.5,463.494,4.8
2024,8,22,22,0,0,27.5,86.1,483.946,4.5
2024,8,22,22,10,0,28,85.8,493.8,4.7
2024,8,22,22,20,0,29.2,85.3,507.548,3.9
2024,8,22,22,30,0,29.6,84.7,524.794,3.6
2024,8,22,22,40,0,30.5,84.5,538.154,3.3
2024,8,22,22,50,0,30.7,84.2,550.69,3
2024,8,22,23,0,0,30.9,83.8,555.934,2.7
2024,8,22,23,10,0,31.3,83.4,564.248,2.6
2024,8,22,23,20,0,32.1,82.6,566.288,2.6
2024,8,22,23,30,0,32.7,82.4,571.876,2.4
2024,8,22,23,40,0,32.9,82.4,576.894,2.3
2024,8,22,23,50,0,33.2,81.7,580.526,2.2
2024,8,23,0,0,0,33.7,81.5,586.292,2.1
2024,8,23,0,10,0,33.7,81.5,587.114,2
2024,8,23,0,20,0,33.9,80.9,588.032,1.8
2024,8,23,0,30,0,34.8,80.5,587.108,1.7
2024,8,23,0,40,0,35,80.2,588.11,1.8
2024,8,23,0,50,0,35.1,80.3,593.3,1.7
2024,8,23,1,0,0,35.6,80,593.86,1.6
2024,8,23,1,10,0,35.1,79.9,581.522,1.5
2024,8,23,1,20,0,34.9,79.7,576.424,1.7
2024,8,23,1,30,0,35,79.5,569.02,1.7
2024,8,23,1,40,0,35.6,79.5,569.736,1.6
2024,8,23,1,50,0,36,79.4,561.904,1.8
2024,8,23,2,0,0,36,79.1,559.806,1.8
2024,8,23,2,10,0,36.5,78.5,554.994,1.8
2024,8,23,2,20,0,36.9,78.5,549.414,1.7
2024,8,23,2,30,0,37,78.4,550.742,1.8
2024,8,23,2,40,0,37.3,78.2,549.074,1.6
2024,8,23,2,50,0,37.7,77.9,541.098,1.8
2024,8,23,3,0,0,38,77.5,532.316,2
2024,8,23,3,10,0,38.2,77.5,529.638,2.1
2024,8,23,3,20,0,39,77.2,530.194,2.2
2024,8,23,3,30,0,38.9,77.1,530.432,2.2
2024,8,23,3,40,0,39,76.5,527.37,2.5
2024,8,23,3,50,0,39.3,76.5,525.508,2.8
2024,8,23,4,0,0,39.2,76.5,524.51,3.2
2024,8,23,4,10,0,39.5,76.5,520.882,3.6
2024,8,23,4,20,0,39,76.6,520.002,4.1
2024,8,23,4,30,0,39,76.5,521.29,4.7
2024,8,23,4,40,0,39.2,76.5,517.804,4.6
2024,8,23,4,50,0,40,76.4,515.726,4.8
2024,8,23,5,0,0,40,76.5,518.954,5
2024,8,23,5,10,0,40,76.3,520.832,5.1
2024,8,23,5,20,0,40,76.5,526.274,5.6
2024,8,23,5,30,0,40,76.1,523.668,6.4
2024,8,23,5,40,0,40,76.3,519.356,6.3
2024,8,23,5,50,0,40,76.2,525.48,6.1
2024,8,23,6,0,0,41,75.5,513.66,6.2
2024,8,23,6,10,0,41.2,75.1,506.86,6.6
2024,8,23,6,20,0,41.4,74.5,515.116,6.8
2024,8,23,6,30,0,41.2,74.6,513.17,7.3
2024,8,23,6,40,0,41.9,74.5,515.768,7.7
2024,8,23,6,50,0,42.2,74.5,515.074,7.5
2024,8,23,7,0,0,42,74.5,516.014,8.1
2024,8,23,7,10,0,42.1,74.9,502.724,8.1
2024,8,23,7,20,0,42,75.1,489.088,8.8
2024,8,23,7,30,0,41,76.4,498.834,9
2024,8,23,7,40,0,40.2,76.9,489.924,9
2024,8,23,7,50,0,39.1,77.9,484.486,8.9
2024,8,23,8,0,0,38.1,78.9,468.03,9.1
2024,8,23,8,10,0,36.5,79.7,452.584,8.7
2024,8,23,8,20,0,35.4,80.1,426.252,8.8
2024,8,23,8,30,0,35,80.5,414.558,8.9
2024,8,23,8,40,0,33.8,81.5,396.782,8.6
2024,8,23,8,50,0,32.5,81.9,370.754,8.4
2024,8,23,9,0,0,31.2,82.7,342.504,7.6
2024,8,23,9,10,0,29,83.6,314.812,6.7
2024,8,23,9,20,0,28,83.7,286.694,6.3
2024,8,23,9,30,0,26.7,84.5,264.706,5.4
2024,8,23,9,40,0,26.6,84.5,247.602,5.8
2024,8,23,9,50,0,25.9,84.5,223.722,5.3
2024,8,23,10,0,0,25.5,85.9,209.718,5.5
2024,8,23,10,10,0,24.7,86.5,198.528,6
2024,8,23,10,20,0,23.8,87.2,182.292,6.2
2024,8,23,10,30,0,23.5,87.7,174.374,6.2
2024,8,23,10,40,0,23.3,88.3,160.064,7
2024,8,23,10,50,0,22.5,89.3,159.432,7.3
2024,8,23,11,0,0,22.5,90.1,151.91,6.4
2024,8,23,11,10,0,21.5,90.8,152.846,6.1
2024,8,23,11,20,0,21.5,91.4,148.11,6
2024,8,23,11,30,0,21.5,92.1,149.484,5.9
2024,8,23,11,40,0,20.5,92.8,147.918,7.7
2024,8,23,11,50,0,20.6,93.3,153.538,6.7
2024,8,23,12,0,0,19.9,93.9,157.494,5.8
2024,8,23,12,10,0,19.5,94.3,151.306,5.8
2024,8,23,12,20,0,19.3,94.5,144.482,5.9
2024,8,23,12,30,0,19.4,95.3,139.798,5.9
2024,8,23,12,40,0,19,95.6,152.98,6
2024,8,23,12,50,0,18.5,96.5,160.718,5.9
2024,8,23,13,0,0,18.5,96.8,161.4,6.2
2024,8,23,13,10,0,18.5,97.2,156.314,6.3
2024,8,23,13,20,0,18.5,97.4,149.54,6.7
2024,8,23,13,30,0,18.5,97.1,142.18,6.8
2024,8,23,13,40,0,18.5,97.2,126.054,6.8
2024,8,23,13,50,0,18.5,97.5,124.624,6.9
2024,8,23,14,0,0,18.5,98.4,137.148,6.9
2024,8,23,14,10,0,18.2,98.5,137.298,6.7
2024,8,23,14,20,0,17.7,99.1,143.536,6.7
2024,8,23,14,30,0,17.5,99.5,151.386,6.6
2024,8,23,14,40,0,17.5,99.3,147.164,6.8
2024,8,23,14,50,0,17.5,99.4,140.986,6.9
2024,8,23,15,0,0,17.5,98.8,97.014,6.8
2024,8,23,15,10,0,17.5,99.3,97.386,6.9
2024,8,23,15,20,0,17.5,98.5,106.49,6.7
2024,8,23,15,30,0,17.5,98.4,104.334,6.6
2024,8,23,15,40,0,17.5,99.3,99.302,6.6
2024,8,23,15,50,0,17.4,99.5,107.694,7.1
2024,8,23,16,0,0,16.9,99.5,98.164,7.1
2024,8,23,16,10,0,16.9,99.7,88.748,7.2
2024,8,23,16,20,0,17.5,99.1,87.052,7.7
2024,8,23,16,30,0,17.5,98.4,77.386,7.5
2024,8,23,16,40,0,17.5,97.7,80.312,7.4
2024,8,23,16,50,0,17.5,97.5,73.174,7.6
2024,8,23,17,0,0,17.4,97.4,70.754,7.5
2024,8,23,17,10,0,17.8,96.4,67.836,7.2
2024,8,23,17,20,0,18.4,95.2,61.584,6.7
2024,8,23,17,30,0,18.5,94.8,52.364,6
2024,8,23,17,40,0,18.7,94.5,53.382,6
2024,8,23,17,50,0,19.3,94.3,54.446,6
2024,8,23,18,0,0,19.4,93.5,59.084,6.4
2024,8,23,18,10,0,19.4,92.5,66.932,6.5
2024,8,23,18,20,0,19.7,92.1,66.154,6.6
2024,8,23,18,30,0,20.3,91.5,64.94,6.4
2024,8,23,18,40,0,20.8,91.2,57.824,5.7
2024,8,23,18,50,0,21.5,90.5,67.576,5.6
2024,8,23,19,0,0,21.6,89.8,70.65,5.4
2024,8,23,19,10,0,22.5,89.2,59.152,4.9
2024,8,23,19,20,0,22.7,88.5,55.424,4.7
2024,8,23,19,30,0,23,87.5,64.502,4.7
2024,8,23,19,40,0,23,87.5,80.89,4.8
2024,8,23,19,50,0,23.4,86.7,99.458,4.7
2024,8,23,20,0,0,24.5,85.5,123.442,4.7
2024,8,23,20,10,0,23.9,85.3,147.25,4.3
2024,8,23,20,20,0,24.4,84.5,170.324,4.4
2024,8,23,20,30,0,24.9,83.5,186.1,4.6
2024,8,23,20,40,0,25.5,83.5,204.418,4.8
2024,8,23,20,50,0,25.5,82.9,213.428,4.5
2024,8,23,21,0,0,25.5,82.5,220.886,4.3
2024,8,23,21,10,0,25.5,82.5,224.658,4.2
2024,8,23,21,20,0,26,82.5,232.684,4.1
2024,8,23,21,30,0,26.5,81.6,241.792,4.1
2024,8,23,21,40,0,26.7,81.5,243.854,4
2024,8,23,21,50,0,27.1,81.4,246.79,3.9
2024,8,23,22,0,0,27.4,80.9,254.038,3.7
2024,8,23,22,10,0,27.5,80.5,265.382,3.7
2024,8,23,22,20,0,28.1,80.5,276.938,3.8
2024,8,23,22,30,0,28.9,79.8,283.932,3.6
2024,8,23,22,40,0,29.4,79.5,284.946,3.8
2024,8,23,22,50,0,29.8,79.5,287.08,3.9
2024,8,23,23,0,0,30.5,79.5,294.476,4.3
2024,8,23,23,10,0,31.2,79.3,298.97,4.2
2024,8,23,23,20,0,31.8,78.8,303.592,4.6
2024,8,23,23,30,0,32.5,78.4,309.624,4.6
2024,8,23,23,40,0,32.9,77.7,316.292,4.4
2024,8,23,23,50,0,33.4,77.5,318.586,4.3
2024,8,24,0,0,0,33.7,77.5,319.386,4.5
2024,8,24,0,10,0,33.9,77.5,319.994,4.3
2024,8,24,0,20,0,34.2,77.1,320.068,4.4
2024,8,24,0,30,0,34.4,76.7,315.286,4.1
2024,8,24,0,40,0,34.6,76.5,318.046,4.2
2024,8,24,0,50,0,35,76.5,321.762,4.3
2024,8,24,1,0,0,35.3,76.5,327.824,4.1
2024,8,24,1,10,0,35.2,76.5,340.118,4.3
2024,8,24,1,20,0,35.7,76.5,342.204,4.3
2024,8,24,1,30,0,36.2,76.5,345.868,4.4
2024,8,24,1,40,0,37,75.5,349.428,4.5
2024,8,24,1,50,0,37,76,358.358,4.7
2024,8,24,2,0,0,37,76.1,364.394,4.5
2024,8,24,2,10,0,37.3,76.3,364.536,4.4
2024,8,24,2,20,0,37.3,76.5,367.248,4.5
2024,8,24,2,30,0,37,76.7,372.38,4.6
2024,8,24,2,40,0,37.1,76.5,375.198,4.3
2024,8,24,2,50,0,37.2,76.5,375.922,4.4
2024,8,24,3,0,0,37,76.5,379.312,4.3
2024,8,24,3,10,0,37,76.7,385.556,4.1
2024,8,24,3,20,0,37,76.7,386.624,3.8
2024,8,24,3,30,0,36.9,77.3,387.882,3.8
2024,8,24,3,40,0,36.6,77.5,390.996,4.1
2024,8,24,3,50,0,36.3,77.5,393.176,3.9
2024,8,24,4,0,0,36.6,77.5,394.744,3.9
2024,8,24,4,10,0,36.1,77.9,393.61,3.8
2024,8,24,4,20,0,36,78.4,393.208,3.7
2024,8,24,4,30,0,36.1,77.9,388.956,3.5
2024,8,24,4,40,0,36.5,77.5,383.548,3.6
2024,8,24,4,50,0,36.4,77.7,380.54,3.3
2024,8,24,5,0,0,36.1,77.6,379.596,3.3
2024,8,24,5,10,0,36.7,77.5,373.968,3.2
2024,8,24,5,20,0,36.875,77.25,369.938,3.1
2024,8,24,5,30,0,36.125,77.375,370.523,3.1
2024,8,24,5,40,0,36.5,77.4,374.986,3.1
2024,8,24,5,50,0,37,77.1,371.854,3.1
2024,8,24,6,0,0,37,76.9,370.24,3.1
2024,8,24,6,10,0,36.4,76.9,366.558,2.9
2024,8,24,6,20,0,36.2,77.1,363.366,2.7
2024,8,24,6,30,0,36.1,77.1,356.414,2.6
2024,8,24,6,40,0,36,77.2,349.008,2.7
2024,8,24,6,50,0,35.9,77.1,347.116,2.7
2024,8,24,7,0,0,36,76.5,339.632,2.5
2024,8,24,7,10,0,35.7,77.2,341.938,2.6
2024,8,24,7,20,0,35.8,77.5,341.84,2.4
2024,8,24,7,30,0,35.5,77.5,342.268,2.5
2024,8,24,7,40,0,35.5,77.5,341.094,2.5
2024,8,24,7,50,0,35,78.1,340.456,2.6
2024,8,24,8,0,0,34.5,78.5,341.126,2.5
2024,8,24,8,10,0,34.2,78.6,342.268,2.6
2024,8,24,8,20,0,33.6,79.1,339.854,2.5
2024,8,24,8,30,0,32.4,80.5,331.246,2.6
2024,8,24,8,40,0,32.2,81,328.234,2.7
2024,8,24,8,50,0,32,81.3,329.732,2.9
2024,8,24,9,0,0,31.8,81.3,327.074,3.1
2024,8,24,9,10,0,32.3,81.5,328.932,3.6
2024,8,24,9,20,0,31.9,81.9,324.838,4
2024,8,24,9,30,0,30.8,83.3,310.054,3.6
2024,8,24,9,40,0,29.1,85.1,288.494,3.5
2024,8,24,9,50,0,27.4,86.5,268.096,3.5
2024,8,24,10,0,0,25.9,87.1,240.982,2.9
2024,8,24,10,10,0,24.9,88.1,223.514,2.7
2024,8,24,10,20,0,24.3,88.9,212.706,2.9
2024,8,24,10,30,0,22.7,90.3,196.764,2.2
2024,8,24,10,40,0,22.5,90.3,179.074,2.5
2024,8,24,10,50,0,22.3,91.3,169.262,2.5
2024,8,24,11,0,0,21.5,92.4,163.7,2.5
2024,8,24,11,10,0,21.7,92.7,151.932,3.1
2024,8,24,11,20,0,21.5,93.5,138.99,2.7
2024,8,24,11,30,0,20.9,93.9,129.858,2.8
2024,8,24,11,40,0,20.5,94.5,115.96,2.7
2024,8,24,11,50,0,20.3,95.1,100.35,2.7
2024,8,24,12,0,0,19.4,96.1,90.592,2.8
2024,8,24,12,10,0,19.1,96.3,72.74,2.8
2024,8,24,12,20,0,19.2,96.5,61.988,2.8
2024,8,24,12,30,0,18.4,96.5,52.07,3
2024,8,24,12,40,0,18.5,97.3,59.962,3.1
2024,8,24,12,50,0,18.5,97.1,51.548,3.1
2024,8,24,13,0,0,18.5,97.8,54.208,3.2
2024,8,24,13,10,0,17.7,98.2,57.828,3.4
2024,8,24,13,20,0,17.6,97.7,51.472,3.5
2024,8,24,13,30,0,17.8,97.7,51.172,3.5
2024,8,24,13,40,0,17.6,98.5,64.576,3.7
2024,8,24,13,50,0,17.5,98.5,76.374,4.6
2024,8,24,14,0,0,17.3,99.3,86.99,4
2024,8,24,14,10,0,17.1,99.4,83.346,4.3
2024,8,24,14,20,0,17,99.3,56.266,4.3
2024,8,24,14,30,0,16.8,99.7,59.03,4.6
2024,8,24,14,40,0,16.5,100.3,66.436,4.6
2024,8,24,14,50,0,16.9,100.5,69.63,4.6
2024,8,24,15,0,0,16.5,100.5,66.018,4.6
2024,8,24,15,10,0,15.9,101.1,66.11,4.3
2024,8,24,15,20,0,15.5,101.3,62.648,4.2
2024,8,24,15,30,0,15.5,101.3,54.142,3.9
2024,8,24,15,40,0,15.5,101.4,63.912,3.6
2024,8,24,15,50,0,15,101.5,75.45,3.3
2024,8,24,16,0,0,14.5,101.5,85.504,3.3
2024,8,24,16,10,0,14.5,101.9,107.612,2.9
2024,8,24,16,20,0,14,101.7,121.41,3.2
2024,8,24,16,30,0,13.7,101.6,122.95,3.3
2024,8,24,16,40,0,13.7,101.5,134.542,3.1
2024,8,24,16,50,0,13.6,101.5,139.55,3.1
2024,8,24,17,0,0,14.2,100.9,147.67,3.1
2024,8,24,17,10,0,14.5,100.7,157.36,2.8
2024,8,24,17,20,0,14.5,100.5,165.374,3
2024,8,24,17,30,0,15.2,99.9,149.812,3.3
2024,8,24,17,40,0,15.5,99.1,135.238,3.5
2024,8,24,17,50,0,15.8,98.2,130.124,3.2
2024,8,24,18,0,0,16.4,97.9,131.684,3
2024,8,24,18,10,0,17.4,97,127.43,3.1
2024,8,24,18,20,0,17.8,96.5,122.182,3.2
2024,8,24,18,30,0,18.5,95.9,127.242,3.5
2024,8,24,18,40,0,19.2,94.9,114.916,3.5
2024,8,24,18,50,0,20,94.1,111.606,3.6
2024,8,24,19,0,0,20.7,93.5,102.98,3.7
2024,8,24,19,10,0,21.5,92.5,101.888,3.9
2024,8,24,19,20,0,22.4,91.8,96.472,4.1
2024,8,24,19,30,0,23.3,91.1,85.8,4.6
2024,8,24,19,40,0,23.5,90.5,84.282,5.1
2024,8,24,19,50,0,24.2,89.7,85.436,6.7
2024,8,24,20,0,0,24.5,89.3,93.492,5.5
2024,8,24,20,10,0,25,88.5,108.362,5.9
2024,8,24,20,20,0,25,88.1,118.932,6
2024,8,24,20,30,0,26.1,87.1,132.888,6.7
2024,8,24,20,40,0,26.7,86.5,156.706,7.1
2024,8,24,20,50,0,27.5,85.7,185.692,6.3
2024,8,24,21,0,0,28.3,85.3,209.424,7.2
2024,8,24,21,10,0,29.1,84.6,234.01,7
2024,8,24,21,20,0,29.8,84.3,253.504,7.2
2024,8,24,21,30,0,30,83.7,254.466,6.6
2024,8,24,21,40,0,30.3,83.5,252.662,6.1
2024,8,24,21,50,0,30.7,83.5,243.924,5.9
2024,8,24,22,0,0,31.4,82.5,242.266,6.1
2024,8,24,22,10,0,31.7,82.5,246.684,6
2024,8,24,22,20,0,32.1,82,249.634,6
2024,8,24,22,30,0,32.4,81.7,252.584,6.1
2024,8,24,22,40,0,32.5,81.5,254.74,6.1
2024,8,24,22,50,0,32.7,81.5,255.884,6.3
2024,8,24,23,0,0,33,81.4,273.162,6.2
2024,8,24,23,10,0,34,80.5,270.192,6.2
2024,8,24,23,20,0,34.1,80.5,271.582,6.4
2024,8,24,23,30,0,34.8,80.5,265.488,6.4
2024,8,24,23,40,0,34.8,80.5,267.29,6.4
2024,8,24,23,50,0,35.3,79.8,277.118,6.2
2024,8,25,0,0,0,35.8,79.4,284.55,5.8
2024,8,25,0,10,0,36,79.5,300.066,5.7
2024,8,25,0,20,0,36,79.5,308.79,5.2
2024,8,25,0,30,0,36,79.5,311.956,5.2
2024,8,25,0,40,0,36,79.3,317.19,4.9
2024,8,25,0,50,0,36,79,323.006,5
2024,8,25,1,0,0,35.9,79.5,330.224,5.2
2024,8,25,1,10,0,36.375,78.75,339.825,5
2024,8,25,1,20,0,37,78.5,342.397,5.3
2024,8,25,1,30,0,37.5,78.1,350.22,5.4
2024,8,25,1,40,0,38,77.7,350.454,5.1
2024,8,25,1,50,0,38.2,77.5,352.186,5.2
2024,8,25,2,0,0,38,77.5,350.876,5
2024,8,25,2,10,0,38,77.5,352.522,5
2024,8,25,2,20,0,38,77.5,354.372,5.1
2024,8,25,2,30,0,38.4,77.1,353.868,5.3
2024,8,25,2,40,0,38.5,77.2,356.758,5
2024,8,25,2,50,0,38.5,77.4,358.09,5.4
2024,8,25,3,0,0,38.3,77.2,357.548,5.3
2024,8,25,3,10,0,38.8,76.7,355.43,5.1
2024,8,25,3,20,0,39,76.5,357.818,5.3
2024,8,25,3,30,0,39,76.5,359.556,5.8
2024,8,25,3,40,0,39.1,76.5,360.106,5.6
2024,8,25,3,50,0,39,76.4,359.128,5.5
2024,8,25,4,0,0,39,76.5,361.87,5.5
2024,8,25,4,10,0,39,76.5,365.242,5.6
2024,8,25,4,20,0,39.4,76.3,371.066,6
2024,8,25,4,30,0,40,75.5,372.628,5.7
2024,8,25,4,40,0,40,75.5,368.052,5.8
2024,8,25,4,50,0,40.8,75.3,366.582,5.9
2024,8,25,5,0,0,40.6,75.2,368.652,6.1
2024,8,25,5,10,0,41.8,74.2,373.352,6.8
2024,8,25,5,20,0,42,73.8,378.308,7
2024,8,25,5,30,0,42.5,73.5,377.934,7.1
2024,8,25,5,40,0,43,73.3,376.506,6.8
2024,8,25,5,50,0,43.6,72.5,373.316,7
2024,8,25,6,0,0,44.1,72.5,368.106,6.7
2024,8,25,6,10,0,44.4,72.4,364.816,6.5
2024,8,25,6,20,0,44.4,72.4,361.376,6.4
2024,8,25,6,30,0,44.4,72.5,359.604,6.4
2024,8,25,6,40,0,44.3,72.5,355.952,6.3
2024,8,25,6,50,0,43.8,72.6,352.616,6.4
2024,8,25,7,0,0,43.2,73.3,355.906,6.3
2024,8,25,7,10,0,42.1,74.3,355.95,6.3
2024,8,25,7,20,0,41.3,75.1,352.016,6.3
2024,8,25,7,30,0,40.7,75.7,347.216,6.3
2024,8,25,7,40,0,39,76.9,333.724,6.1
2024,8,25,7,50,0,38.5,77.7,325.678,5.9
2024,8,25,8,0,0,37.6,78.5,315.366,6
2024,8,25,8,10,0,36.6,79.3,307.068,5.9
2024,8,25,8,20,0,35.6,80.4,295.454,5.9
2024,8,25,8,30,0,34.7,81.4,285.48,6.4
2024,8,25,8,40,0,33.9,82.1,274.352,7.1
2024,8,25,8,50,0,33.2,83.1,270.998,7.4
2024,8,25,9,0,0,32.6,83.6,249.42,7.5
2024,8,25,9,10,0,31.7,84.4,232.496,7.4
2024,8,25,9,20,0,31.1,84.5,210.266,7.1
2024,8,25,9,30,0,30.4,85.7,193.162,7
2024,8,25,9,40,0,29.6,86.5,181.484,6.8
2024,8,25,9,50,0,29,87,163.058,7
2024,8,25,10,0,0,28.5,87.7,150.194,6.6
2024,8,25,10,10,0,27.9,88.4,139.08,7.1
2024,8,25,10,20,0,27.2,88.8,114.404,6.3
2024,8,25,10,30,0,26.2,89.7,91.21,5.7
2024,8,25,10,40,0,25.5,90.5,75.38,5.2
2024,8,25,10,50,0,24.4,91.5,64.764,5
2024,8,25,11,0,0,23.5,92.1,52.986,5.6
2024,8,25,11,10,0,23.2,92.9,53.854,5.1
2024,8,25,11,20,0,22.7,93.5,53.278,4.6
2024,8,25,11,30,0,22.1,94.3,52.362,4.6
2024,8,25,11,40,0,21.5,94.7,51.58,5.4
2024,8,25,11,50,0,20.5,95.7,51.842,5.5
2024,8,25,12,0,0,20.1,96.5,52.572,4.1
2024,8,25,12,10,0,19.6,96.6,52.278,4
2024,8,25,12,20,0,18.9,97.3,51.64,3.8
2024,8,25,12,30,0,19.3,97.9,56.232,4
2024,8,25,12,40,0,18.4,98.1,54.894,3.8
2024,8,25,12,50,0,18.3,98.3,54.01,3.8
2024,8,25,13,0,0,17.1,99.1,59.312,3.4
2024,8,25,13,10,0,16.5,99.1,51.668,3.3
2024,8,25,13,20,0,16.6,98.9,50.512,3.3
2024,8,25,13,30,0,16.6,99.5,62.776,3.4
2024,8,25,13,40,0,16,99.3,58.28,3.3
2024,8,25,13,50,0,15.2,100.6,70.976,3
2024,8,25,14,0,0,15.1,101.1,75.81,3.2
2024,8,25,14,10,0,15,101.5,68.948,3.1
2024,8,25,14,20,0,15.3,101.5,56.388,3
2024,8,25,14,30,0,14.4,102,62.308,3
2024,8,25,14,40,0,14.3,102.3,66.556,3
2024,8,25,14,50,0,14.4,102.5,63.56,3
2024,8,25,15,0,0,14.1,102.5,53.746,3
2024,8,25,15,10,0,13.7,102.8,63.572,3
2024,8,25,15,20,0,13.5,103.3,74.948,3
2024,8,25,15,30,0,13.5,103.3,62.89,3
2024,8,25,15,40,0,13.5,103.7,66.71,2.8
2024,8,25,15,50,0,13.4,103.5,61.14,3
2024,8,25,16,0,0,13.5,103.7,50.802,3
2024,8,25,16,10,0,13.5,103.5,54.566,3.1
2024,8,25,16,20,0,12.6,103.7,54.028,2.8
2024,8,25,16,30,0,12.1,104.2,65.128,2.7
2024,8,25,16,40,0,11.6,103.9,72.358,3.1
2024,8,25,16,50,0,11.5,103.6,84.486,4.2
2024,8,25,17,0,0,11.5,103.5,88.958,3.4
2024,8,25,17,10,0,11.3,103,82.77,4
2024,8,25,17,20,0,12,102.6,68.58,3.7
2024,8,25,17,30,0,12.5,102.5,56.232,3.4
2024,8,25,17,40,0,12.7,102,52.49,3.3
2024,8,25,17,50,0,13.4,100.9,53.792,3.6
2024,8,25,18,0,0,12.8,100.5,52.42,4.8
2024,8,25,18,10,0,13.4,100.1,55.178,4
2024,8,25,18,20,0,13.7,99.4,53.652,3.9
2024,8,25,18,30,0,14.4,98.4,51.042,4
2024,8,25,18,40,0,14.7,98.2,58.042,4.6
2024,8,25,18,50,0,15.7,97.1,53.328,3.8
2024,8,25,19,0,0,16.8,95.9,63.36,4.6
2024,8,25,19,10,0,17.8,94.7,69.856,3.9
2024,8,25,19,20,0,18.5,93.9,106.612,3.9
2024,8,25,19,30,0,19.6,92.5,123.434,4.5
2024,8,25,19,40,0,20,91.9,140.452,3.7
2024,8,25,19,50,0,21,90.9,166.206,3.7
2024,8,25,20,0,0,22,90,199.044,3.6
2024,8,25,20,10,0,22.9,89.4,233.114,3.7
2024,8,25,20,20,0,23.7,88.2,266.076,3.7
2024,8,25,20,30,0,24.1,87.7,286.93,3.6
2024,8,25,20,40,0,24.5,86.9,297.242,4.9
2024,8,25,20,50,0,24.6,86.5,300.592,6
2024,8,25,21,0,0,24.8,86.1,314.992,5.7
2024,8,25,21,10,0,25.5,85.5,306.504,5.9
2024,8,25,21,20,0,25.5,85.5,320.648,4.3
2024,8,25,21,30,0,25.5,85.5,354.262,4.2
2024,8,25,21,40,0,25.5,85.5,365.112,3.9
2024,8,25,21,50,0,26.3,84.7,398.962,3.7
2024,8,25,22,0,0,26.5,84.5,395.902,3.9
2024,8,25,22,10,0,27.4,83.5,399.516,3.8
2024,8,25,22,20,0,27.6,83.5,405.158,4
2024,8,25,22,30,0,28,82.8,398.378,4.1
2024,8,25,22,40,0,28.5,82.5,387.944,4.4
2024,8,25,22,50,0,28.5,82.5,391.168,4.7
2024,8,25,23,0,0,28.5,81.7,406.414,5.1
2024,8,25,23,10,0,28.5,81.8,427.764,4.8
2024,8,25,23,20,0,29.2,81.5,440.644,5
2024,8,25,23,30,0,29.5,81.5,442.03,4.8
2024,8,25,23,40,0,29.5,81.5,444.86,5.5
2024,8,25,23,50,0,29.5,81.1,453.638,5.2
2024,8,26,0,0,0,29.6,80.6,448.458,5.2
2024,8,26,0,10,0,30.3,80.2,457.79,4.8
2024,8,26,0,20,0,30.5,79.75,453.197,4.7
2024,8,26,0,30,0,29.9,80.3,458.974,4.7
2024,8,26,0,40,0,30.5,79.6,451.708,4.6
2024,8,26,0,50,0,30.5,79.5,444.308,4.5
2024,8,26,1,0,0,30.7,78.7,452.66,4.8
2024,8,26,1,10,0,31.4,78.5,467.218,4.7
2024,8,26,1,20,0,31.5,78.5,471.544,5
2024,8,26,1,30,0,31.6,78.5,488.28,5.3
2024,8,26,1,40,0,31.9,78.2,495.046,5.7
2024,8,26,1,50,0,31.8,78.5,502.596,5.6
2024,8,26,2,0,0,31.5,78.3,503.128,5.8
2024,8,26,2,10,0,31.6,78.4,507.062,5.9
2024,8,26,2,20,0,31.8,78.5,526.102,5.5
2024,8,26,2,30,0,32.1,78.3,542.09,5.7
2024,8,26,2,40,0,32.8,77.2,524.642,5.6
2024,8,26,2,50,0,33.1,76.9,523.66,5.2
2024,8,26,3,0,0,31.9,77.5,539.508,5
2024,8,26,3,10,0,31.6,77.5,546.728,4.9
2024,8,26,3,20,0,32.7,76.9,549.344,5.1
2024,8,26,3,30,0,32,77.5,556.86,5.1
2024,8,26,3,40,0,31.7,77.5,548.704,5
2024,8,26,3,50,0,32.4,77.5,549.98,5.4
2024,8,26,4,0,0,33.1,77.2,552.718,5.5
2024,8,26,4,10,0,33.5,76.5,534.848,5.6
2024,8,26,4,20,0,33.375,76.5,524.01,5.6
2024,8,26,4,30,0,33.3,76.7,521.544,5.2
2024,8,26,4,40,0,34.4,76.2,538.312,5.4
2024,8,26,4,50,0,34.5,76.2,533.586,5.5
2024,8,26,5,0,0,34.6,76.5,525.42,5.7
2024,8,26,5,10,0,34.8,76.3,527.51,5.6
2024,8,26,5,20,0,35.1,75.7,542.182,6.1
2024,8,26,5,30,0,35.5,75.5,544.794,6.3
2024,8,26,5,40,0,36.3,74.7,537.99,6.7
2024,8,26,5,50,0,35.9,74.5,537.294,6.8
2024,8,26,6,0,0,35.9,74.4,532.774,7
2024,8,26,6,10,0,35.5,74.3,534.226,6.7
2024,8,26,6,20,0,36,73.9,524.756,7.5
2024,8,26,6,30,0,36.4,73.7,507.456,7.9
2024,8,26,6,40,0,35.4,74.5,511.952,7.8
2024,8,26,6,50,0,35.2,74.5,513.84,8
2024,8,26,7,0,0,35.1,74.8,510.474,8.2
2024,8,26,7,10,0,34.6,75.5,500.424,8.1
2024,8,26,7,20,0,35.6,75.3,496.872,8.1
2024,8,26,7,30,0,36.3,75,485.204,8.3
2024,8,26,7,40,0,35.2,76.5,487.24,8.8
2024,8,26,7,50,0,34.8,77.7,479.808,9
2024,8,26,8,0,0,34,78.3,464.888,9.2
2024,8,26,8,10,0,33.4,79.3,454.456,8.9
2024,8,26,8,20,0,32.5,80.6,451.818,9.2
2024,8,26,8,30,0,31.3,81.7,420.972,9.1
2024,8,26,8,40,0,30.4,82.9,398.196,8.9
2024,8,26,8,50,0,29.8,83.9,388.112,8.7
2024,8,26,9,0,0,28.8,85.1,375.8,8.4
2024,8,26,9,10,0,27.7,86.4,348.748,8.3
2024,8,26,9,20,0,26.9,87.1,329.424,8.3
2024,8,26,9,30,0,26.1,88.1,303.002,7.4
2024,8,26,9,40,0,25.3,89.5,290.25,7
2024,8,26,9,50,0,24.5,90.5,269.956,6.9
2024,8,26,10,0,0,23.5,91.7,241.696,6.4
2024,8,26,10,10,0,22.8,92.7,214.624,6.3
2024,8,26,10,20,0,21.9,93.7,188.834,6.4
2024,8,26,10,30,0,21.5,94.5,153.87,6.2
2024,8,26,10,40,0,20.6,95.5,129.052,7.6
2024,8,26,10,50,0,20.3,96.2,93.898,7.8
2024,8,26,11,0,0,19.7,97.1,63.818,6.9
2024,8,26,11,10,0,18.9,97.9,51.148,5.9
2024,8,26,11,20,0,17.9,99,50.798,5.2
2024,8,26,11,30,0,17.4,99.5,50.144,5.6
2024,8,26,11,40,0,17.6,100.3,50.37,5.7
2024,8,26,11,50,0,16.5,100.9,51.84,5.3
2024,8,26,12,0,0,15.8,101.5,50.004,5
2024,8,26,12,10,0,15.4,102.5,50.264,4.9
2024,8,26,12,20,0,14.8,102.5,50.848,5
2024,8,26,12,30,0,14.7,103.5,56.738,5.1
2024,8,26,12,40,0,14.3,104.5,58.066,5
2024,8,26,12,50,0,14,104.7,56.904,5.2
2024,8,26,13,0,0,14.4,105.4,63.08,5
2024,8,26,13,10,0,13.7,105.9,58.368,5
2024,8,26,13,20,0,13.7,105.6,56.758,5.3
2024,8,26,13,30,0,13.8,106.5,55.098,5.4
2024,8,26,13,40,0,13.5,107.1,57.536,5.6
2024,8,26,13,50,0,13.5,107.3,71.626,5.8
2024,8,26,14,0,0,13.5,107.1,50.804,6.2
2024,8,26,14,10,0,13.4,107.7,52.468,6.1
2024,8,26,14,20,0,13,108.1,57.356,6.5
2024,8,26,14,30,0,12.8,108.4,55.876,6.1
2024,8,26,14,40,0,12.5,109.3,70.128,5.9
2024,8,26,14,50,0,12.5,109.1,65.34,5.7
2024,8,26,15,0,0,12.5,109.3,52.528,5.6
2024,8,26,15,10,0,12.5,109.5,58.072,5.5
2024,8,26,15,20,0,12.5,110.3,90.692,5.5
2024,8,26,15,30,0,12.5,110.5,92.53,5.4
2024,8,26,15,40,0,12.5,110.5,86.966,5.3
2024,8,26,15,50,0,12.5,110.5,90.614,5.4
2024,8,26,16,0,0,12.4,110.5,96.628,5
2024,8,26,16,10,0,12,110.7,82.806,4.9
2024,8,26,16,20,0,11.5,110.7,103.02,4.8
2024,8,26,16,30,0,11.5,110.6,108.578,4.8
2024,8,26,16,40,0,11.8,110.5,107.482,4.9
2024,8,26,16,50,0,11.7,110.5,101.23,5
2024,8,26,17,0,0,11.5,109.9,103.202,4.9
2024,8,26,17,10,0,11.5,109.6,94.716,4.9
2024,8,26,17,20,0,11.7,108.6,78.042,4.7
2024,8,26,17,30,0,11.7,108.6,102.174,4.9
2024,8,26,17,40,0,12.5,108.5,103.076,5.1
2024,8,26,17,50,0,12.5,107.9,93.732,5.2
2024,8,26,18,0,0,12.5,107.3,87.31,5.2
2024,8,26,18,10,0,13.2,106.5,82.648,5.1
2024,8,26,18,20,0,13.5,105.6,60.494,5.3
2024,8,26,18,30,0,14,105.4,56.392,5.4
2024,8,26,18,40,0,15.3,104.2,70.58,5.9
2024,8,26,18,50,0,15.7,103.1,77.254,5.8
2024,8,26,19,0,0,16.8,102.3,103.11,5.7
2024,8,26,19,10,0,17.5,101.7,124.564,5.8
2024,8,26,19,20,0,18,100.2,163.8,5.9
2024,8,26,19,30,0,18.6,99.7,201.218,6.4
2024,8,26,19,40,0,20.5,98,218.71,6.5
2024,8,26,19,50,0,21.8,96.7,249.64,6.8
2024,8,26,20,0,0,21.9,96.5,306.742,6.6
2024,8,26,20,10,0,22.4,95.3,343.996,6.5
2024,8,26,20,20,0,22.9,94.6,412.216,6.4
2024,8,26,20,30,0,23.6,93.7,415.846,6.5
2024,8,26,20,40,0,24.7,92.9,422.17,7.1
2024,8,26,20,50,0,25.4,92.1,420.958,7
2024,8,26,21,0,0,26,90.9,419.898,7.1
2024,8,26,21,10,0,25.7,90.7,436.418,7.1
2024,8,26,21,20,0,25.5,90.5,426.316,7.3
2024,8,26,21,30,0,25.7,89.7,415.442,7.3
2024,8,26,21,40,0,25.7,89.5,415.296,7.4
2024,8,26,21,50,0,25.8,88.9,414.484,7.6
2024,8,26,22,0,0,25.2,89.1,414.758,7.2
2024,8,26,22,10,0,25.6,88.5,389.766,6.9
2024,8,26,22,20,0,26.3,88,363.33,6.7
2024,8,26,22,30,0,26.5,87.5,353.402,6.8
2024,8,26,22,40,0,26.5,87.5,355.562,6.9
2024,8,26,22,50,0,26.2,87.5,363.24,7.1
2024,8,26,23,0,0,27,86.7,373.12,7.3
2024,8,26,23,10,0,26.7,87.1,423.52,6.9
2024,8,26,23,20,0,27.3,87,439.07,7.2
2024,8,26,23,30,0,28,86.7,458.276,8
2024,8,26,23,40,0,28.5,86.4,466.622,8.3
2024,8,26,23,50,0,28.5,86.5,489.464,8.1
2024,8,27,0,0,0,28.5,86.1,503.044,8.1
2024,8,27,0,10,0,29.2,85.5,513.274,7.7
2024,8,27,0,20,0,29.8,84.5,520.606,7.9
2024,8,27,0,30,0,30.3335,84.167,534.453,8
2024,8,27,0,40,0,29.6,84.5,557.515,7.9
2024,8,27,0,50,0,29.5,84.3,575.002,7.8
2024,8,27,1,0,0,29.8,83.5,580.838,8
2024,8,27,1,10,0,29.9,82.7,578.122,7.6
2024,8,27,1,20,0,30.4,82.5,586.808,7.5
2024,8,27,1,30,0,30.4,82.4,597.374,7.5
2024,8,27,1,40,0,30.5,82.3,603.51,7.7
2024,8,27,1,50,0,30.5,82,614.436,7.6
2024,8,27,2,0,0,30.2,82.3,612.174,7.3
2024,8,27,2,10,0,31,81.6,630.014,7.5
2024,8,27,2,20,0,30.7,81.8,645.85,7.4
2024,8,27,2,30,0,30.4,82.5,652.572,7.1
2024,8,27,2,40,0,30.6,82,664.342,7.4
2024,8,27,2,50,0,31.2,81.5,674.104,7.4
2024,8,27,3,0,0,31.1,81.5,676.23,7.1
2024,8,27,3,10,0,31.5,81.5,670.932,7.3
2024,8,27,3,20,0,31.7,81.5,669.396,7.2
2024,8,27,3,30,0,32.5,81.1,674.3,7.2
2024,8,27,3,40,0,33,80.5,684.858,7.3
2024,8,27,3,50,0,33.1,80.5,682.148,7.2
2024,8,27,4,0,0,33.1,80.5,681.524,7.4
2024,8,27,4,10,0,34.2,80.4,684.386,7.9
2024,8,27,4,20,0,34.9,79.6,680.326,8
2024,8,27,4,30,0,35.8,78.6,685.338,7.9
2024,8,27,4,40,0,35.6,79,676.554,8.2
2024,8,27,4,50,0,35,78.6,643.306,9.2
2024,8,27,5,0,0,35.6,78.5,639.968,9.4
2024,8,27,5,10,0,36.3,77.8,651.636,9.1
2024,8,27,5,20,0,36.5,77.5,658.486,9.6
2024,8,27,5,30,0,36.2,77.5,659.706,9.7
2024,8,27,5,40,0,36.5,78,659.504,10.1
2024,8,27,5,50,0,37.4,77.5,670.244,11.1
2024,8,27,6,0,0,37.1,77.5,678.126,12.7
2024,8,27,6,10,0,37,77.5,681.42,12.3
2024,8,27,6,20,0,37,77.5,669.462,12.1
2024,8,27,6,30,0,36.7,77.5,651.72,12.6
2024,8,27,6,40,0,36.8,77.4,643.73,12.7
2024,8,27,6,50,0,36.4,77.5,636.726,12.4
2024,8,27,7,0,0,36.6,77.5,630.664,12.3
2024,8,27,7,10,0,35.9,78.3,619.508,12.6
2024,8,27,7,20,0,35.2,78.7,618.352,12.4
2024,8,27,7,30,0,34.2,79.6,609.718,12.2
2024,8,27,7,40,0,33,80.8,605.492,11.9
2024,8,27,7,50,0,32.4,81.9,607.424,11.7
2024,8,27,8,0,0,31.2,82.9,591.176,10
2024,8,27,8,10,0,28.9,83.9,560.976,8.7
2024,8,27,8,20,0,28.1,85,526.886,8.6
2024,8,27,8,30,0,27.8,86.1,509.862,9.5
2024,8,27,8,40,0,27.7,86.9,493.386,9.6
2024,8,27,8,50,0,26.7,87.7,469.724,9.7
2024,8,27,9,0,0,26,88.5,436.572,10.1
2024,8,27,9,10,0,25.5,89.3335,460.93,9.8
2024,8,27,9,20,0,25.5,89.9,450.188,9.1
2024,8,27,9,30,0,25,90.9,427.214,8.4
2024,8,27,9,40,0,24.5,91.9,408.378,8.1
2024,8,27,9,50,0,23.6,92.9,394.614,7.6
2024,8,27,10,0,0,23.5,93.5,366.226,7.7
2024,8,27,10,10,0,22.6,94.5,344.008,7
2024,8,27,10,20,0,21.6,95.1,311.088,7
2024,8,27,10,30,0,21.3,96.5,288.88,6.7
2024,8,27,10,40,0,20.5,97.5,256.096,7.4
2024,8,27,10,50,0,20.3,98.1,220.314,6.1
2024,8,27,11,0,0,19.5,99.1,196.5,6.3
2024,8,27,11,10,0,19.5,100.1,163.556,6.4
2024,8,27,11,20,0,18.6,100.9,125.368,6.8
2024,8,27,11,30,0,17.8,102.3,106.91,6
2024,8,27,11,40,0,17.5,103,66.238,5.9
2024,8,27,11,50,0,17.5,103.7,52.578,6.3
2024,8,27,12,0,0,17.4,104.5,50.346,6.2
2024,8,27,12,10,0,16.5,105.4,50.372,6
2024,8,27,12,20,0,16.4,105.5,50.504,5.7
2024,8,27,12,30,0,15.7,106.8,61.942,5.1
2024,8,27,12,40,0,15.3,107.4,70.524,5
2024,8,27,12,50,0,14.6,108.3,51.636,4.9
2024,8,27,13,0,0,14.5,108.7,52.29,4.8
2024,8,27,13,10,0,14.1,109.4,53.04,4.9
2024,8,27,13,20,0,13.5,109.9,56.91,4.7
2024,8,27,13,30,0,12.9,110.7,76.382,4.7
2024,8,27,13,40,0,12.5,111.5,101.486,4.6
2024,8,27,13,50,0,12.7,111.5,96.66,4.4
2024,8,27,14,0,0,12.6,112.3,81.156,4.5
2024,8,27,14,10,0,12.5,112.5,79.382,4.3
2024,8,27,14,20,0,11.6,112.7,77.452,4
2024,8,27,14,30,0,11.4,113.3,82.444,3.9
2024,8,27,14,40,0,11.5,113.5,80.744,3.9
2024,8,27,14,50,0,11.5,113.7,72.39,4.2
2024,8,27,15,0,0,11,114.3,90.618,4.2
2024,8,27,15,10,0,10.5,114.5,112.042,4.4
2024,8,27,15,20,0,10.3,114.5,99.178,5.1
2024,8,27,15,30,0,10.4,114.5,106.74,4.1
2024,8,27,15,40,0,10,114.7,121.112,3.9
2024,8,27,15,50,0,10.5,114.6,117.54,3.9
2024,8,27,16,0,0,9.9,115.3,117.896,3.8
2024,8,27,16,10,0,9.3,114.5,118.6,3.7
2024,8,27,16,20,0,9.1,114.5,114.394,3.5
2024,8,27,16,30,0,8.8,114.8,115.866,3.4
2024,8,27,16,40,0,8.5,114.7,140.562,3.1
2024,8,27,16,50,0,8.5,114.3,161.33,3
2024,8,27,17,0,0,8.8,114.2,147.824,3.2
2024,8,27,17,10,0,9.5,113.5,126.346,3.4
2024,8,27,17,20,0,9.7,113,122.566,3.3
2024,8,27,17,30,0,9.6,112.9,113.988,3.4
2024,8,27,17,40,0,10.3,112.1,91.85,3.3
2024,8,27,17,50,0,10.5,111.5,82.11,3.4
2024,8,27,18,0,0,10.5,111.5,60.902,3.4
2024,8,27,18,10,0,11.1,110.5,53.302,3.2
2024,8,27,18,20,0,11.5,110.1,58.378,3.6
2024,8,27,18,30,0,12.3,108.7,77.568,3.3
2024,8,27,18,40,0,12.9,108.1,96.854,3.4
2024,8,27,18,50,0,13.5,107.5,88.484,3.6
2024,8,27,19,0,0,14.7,105.9,73.826,3.6
2024,8,27,19,10,0,15.5,104.7,73.204,3.8
2024,8,27,19,20,0,15.9,103.5,81.588,4.7
2024,8,27,19,30,0,16.7,102.3,95.998,3.7
2024,8,27,19,40,0,17.5,100.9,127.956,4.1
2024,8,27,19,50,0,17.5,100.5,162.556,3.9
2024,8,27,20,0,0,18.5,99.1,183.41,3.9
2024,8,27,20,10,0,18.6,98.5,220.254,3.8
2024,8,27,20,20,0,19.4,98.3,284.4,3.9
2024,8,27,20,30,0,20.25,97.625,320.17,3.9
2024,8,27,20,40,0,20.5835,96.667,356.322,4.1
2024,8,27,20,50,0,21.375,96,381.577,4.1
2024,8,27,21,0,0,21.5,95.3,392.728,4.1
2024,8,27,21,10,0,21.5,94.7,398.944,5
2024,8,27,21,20,0,21.5,94.9,423.78,5
2024,8,27,21,30,0,22,93.7,410.474,5.1
2024,8,27,21,40,0,22.5,93.1,425.69,4.5
2024,8,27,21,50,0,22.5,92.5,420.052,4.3
2024,8,27,22,0,0,22.5,92.9,419.844,4.8
2024,8,27,22,10,0,23.3,91.7,401.968,4.9
2024,8,27,22,20,0,23.9,91.5,393.982,5
2024,8,27,22,30,0,24.5,91.1,388.134,5.2
2024,8,27,22,40,0,25.1,90.7,374.97,5
2024,8,27,22,50,0,26.4,89.5,352.47,5.3
2024,8,27,23,0,0,26.6,89.5,343.882,5.3
2024,8,27,23,10,0,26.7,89.5,364.818,5.2
2024,8,27,23,20,0,27.4,88.5,382.282,5.3
2024,8,27,23,30,0,26.9,88.1,407.718,4.9
2024,8,27,23,40,0,26.5,87.6,429.618,4.8
2024,8,27,23,50,0,26.1,87.9,445.882,5.2
2024,8,28,0,0,0,25.7,87.7,455.838,5.4
2024,8,28,0,10,0,25.5,87.5,453.012,6.6
2024,8,28,0,20,0,25.5,87.4,445.546,7.2
2024,8,28,0,30,0,25.5,87.5,441.188,7
2024,8,28,0,40,0,25.5,87.5,442.798,6.7
2024,8,28,0,50,0,26,86.7,435.502,5.7
2024,8,28,1,0,0,26.5,86.5,438.98,4.5
2024,8,28,1,10,0,27.1,85.7,462.162,4.7
2024,8,28,1,20,0,27.1,85.7,488.346,4.4
2024,8,28,1,30,0,27.5,85.6,506.206,4.5
2024,8,28,1,40,0,27.5,86.1,527.486,4.7
2024,8,28,1,50,0,27.5,85.5,541.25,4.9
2024,8,28,2,0,0,27.7,85.4,568.218,4.8
2024,8,28,2,10,0,28.8,84.5,565.34,5
2024,8,28,2,20,0,29.4,84.5,574.79,5
2024,8,28,2,30,0,29.5,84.7,587.264,5.2
2024,8,28,2,40,0,30,84.5,597.138,5.6
2024,8,28,2,50,0,30.7,84.3,599.634,5.3
2024,8,28,3,0,0,31.2,83.7,580.77,5.6
2024,8,28,3,10,0,31.8,82.8,545.996,5.7
2024,8,28,3,20,0,32,82.5,543.398,5.6
2024,8,28,3,30,0,32.1,82.5,559.386,5.8
2024,8,28,3,40,0,32.5,82.5,566.602,5.7
2024,8,28,3,50,0,32.6,82.3,568.258,5.8
2024,8,28,4,0,0,33,82.5,571.575,5.9
2024,8,28,4,10,0,33,82.5,582.306,6.4
2024,8,28,4,20,0,33,82.3,594.362,6.2
2024,8,28,4,30,0,33,82,602.13,6.1
2024,8,28,4,40,0,33.6,81.5,607.08,6.9
2024,8,28,4,50,0,33.4,81.5,613.016,7.5
2024,8,28,5,0,0,34,81.3,628.096,7.8
2024,8,28,5,10,0,34.3,80.7,622.25,7.8
2024,8,28,5,20,0,34.7,80.5,612.528,7.8
2024,8,28,5,30,0,35.5,79.8,613.104,7.7
2024,8,28,5,40,0,35.2,79.5,620.292,8
2024,8,28,5,50,0,35.1,79.5,625.082,7.9
2024,8,28,6,0,0,34.9,79.5,620.11,7.8
2024,8,28,6,10,0,34.8,79.5,624.468,7.7
2024,8,28,6,20,0,35.4,79,637.762,8.2
2024,8,28,6,30,0,35.8,78.5,644.542,8.4
2024,8,28,6,40,0,36,78.3,641.842,8.4
2024,8,28,6,50,0,36.6,77.7,633.486,8.2
2024,8,28,7,0,0,35.5,78.3,615.302,8.1
2024,8,28,7,10,0,34.9,78.9,581.2,7.7
2024,8,28,7,20,0,34,79.7,577.268,7.9
2024,8,28,7,30,0,33.2,80.5,571.204,7.9
2024,8,28,7,40,0,32.2,81.2,560.75,7.8
2024,8,28,7,50,0,31.2,82.3,556.022,8
2024,8,28,8,0,0,30.7,83.8,558.764,8.3
2024,8,28,8,10,0,29.6,84.5,547.18,7.9
2024,8,28,8,20,0,29.2,86.1,537.046,8.1
2024,8,28,8,30,0,27.9,87.4,527.764,7.3
2024,8,28,8,40,0,26.2,88.7,496.068,7.1
2024,8,28,8,50,0,25.3,89.6,465.388,6.6
2024,8,28,9,0,0,23.8,90.5,438.162,6.3
2024,8,28,9,10,0,23.9,91.2,423.08,6.3
2024,8,28,9,20,0,23.3,92.4,396.512,5.9
2024,8,28,9,30,0,22.8,93.3,373.53,6
2024,8,28,9,40,0,21.1,93.8,326.904,5.8
2024,8,28,9,50,0,20.5,95,289.212,5.5
2024,8,28,10,0,0,19.5,96,267.716,5.3
2024,8,28,10,10,0,19.4,96.7,222.728,5.3
2024,8,28,10,20,0,19.1,97.7,206.96,5.3
2024,8,28,10,30,0,18.3,98.5,175.64,4.9
2024,8,28,10,40,0,17.4,99.7,155.214,4.5
2024,8,28,10,50,0,16.5,100.7,123.862,4.8
2024,8,28,11,0,0,16.5,101.3,91.242,4.6
2024,8,28,11,10,0,16.1,102.1,72.198,4.4
2024,8,28,11,20,0,15.5,103.2,51.472,4.3
2024,8,28,11,30,0,15.1,103.7,50.902,4.2
2024,8,28,11,40,0,15.1,104.1,50,4.4
2024,8,28,11,50,0,15.1,104.9,50,4.6
2024,8,28,12,0,0,14.5,105.1,50,4.6
2024,8,28,12,10,0,14.5,106.3,50.044,4.7
2024,8,28,12,20,0,14.5,106.7,50.886,4.7
2024,8,28,12,30,0,14.4,107.4,52.948,4.6
2024,8,28,12,40,0,14.5,108.1,57.602,5
2024,8,28,12,50,0,14,109.1,55.374,5.3
2024,8,28,13,0,0,13.5,109.5,52.578,5.2
2024,8,28,13,10,0,13.5,110.2,71.45,4.9
2024,8,28,13,20,0,13,111.1,99.874,5.3
2024,8,28,13,30,0,12.7,111.9,96.97,5.2
2024,8,28,13,40,0,12.5,112.5,86.856,5.1
2024,8,28,13,50,0,12.3,112.9,75.18,4.9
2024,8,28,14,0,0,12,113.5,89.94,4.8
2024,8,28,14,10,0,11.5,113.5,100.112,4.6
2024,8,28,14,20,0,11.2,114.5,120.132,4.5
2024,8,28,14,30,0,11.1,114.5,128.03,4.6
2024,8,28,14,40,0,10.6,115.1,131.094,4.3
2024,8,28,14,50,0,10.1,115.5,155.56,4
2024,8,28,15,0,0,9.6,115.5,169.382,3.7
2024,8,28,15,10,0,9.2,115.9,184.898,3.6
2024,8,28,15,20,0,9.5,116.1,189.98,3.6
2024,8,28,15,30,0,9.4,116.3,210.056,3.6
2024,8,28,15,40,0,9.1,116.2,229.896,3.5
2024,8,28,15,50,0,9.6,116.5,230.246,3.8
2024,8,28,16,0,0,9.5,116.5,210.97,4.1
2024,8,28,16,10,0,8.8,116.5,202.576,3.8
2024,8,28,16,20,0,9.2,116.5,197.702,3.9
2024,8,28,16,30,0,9.2,116.5,184.366,3.7
2024,8,28,16,40,0,9.4,116.1,141.588,3.7
2024,8,28,16,50,0,9.5,115.5,122.562,4.2
2024,8,28,17,0,0,9.5,115.5,94.956,3.9
2024,8,28,17,10,0,9.8,114.6,54.638,4
2024,8,28,17,20,0,10.1,114.3,50,3.9
2024,8,28,17,30,0,10.5,114.3,68.832,3.8
2024,8,28,17,40,0,10.7,113.7,72.496,4
2024,8,28,17,50,0,11.4,112.7,52.952,4
2024,8,28,18,0,0,11.5,112.3,50.31,3.8
2024,8,28,18,10,0,11.7,111.5,58.184,3.8
2024,8,28,18,20,0,12.5,110.5,69.874,3.9
2024,8,28,18,30,0,12.6,109.9,56.752,3.8
2024,8,28,18,40,0,13.5,109.3,65.948,4.1
2024,8,28,18,50,0,14.3,107.9,57.39,4.2
2024,8,28,19,0,0,15.5,106.7,61.094,4.3
2024,8,28,19,10,0,16.4,105.5,93.582,4.9
2024,8,28,19,20,0,16.5,104.5,138.946,4.4
2024,8,28,19,30,0,17.1,103.3,146.484,4.4
2024,8,28,19,40,0,18.6,102.1,177.874,4.7
2024,8,28,19,50,0,19.3,100.7,240.494,4.8
2024,8,28,20,0,0,19.5,100.1,286.726,4.8
2024,8,28,20,10,0,20.1,99.1,293.48,4.8
2024,8,28,20,20,0,19.9,99,328.194,4.7
2024,8,28,20,30,0,19.5,99.1,345.52,4.6
2024,8,28,20,40,0,21.4,97.5,382.198,4.7
2024,8,28,20,50,0,22.5,96.5,439.124,5.1
2024,8,28,21,0,0,23,95.9,523.276,5.1
2024,8,28,21,10,0,23.5,95.1,572.432,5.1
2024,8,28,21,20,0,23,95.3,597.472,5
2024,8,28,21,30,0,23.6,94.1,618.282,5
2024,8,28,21,40,0,24.2,93.6,619.572,4.8
2024,8,28,21,50,0,24.5,93.1,642.408,4.8
2024,8,28,22,0,0,25,92.5,682.32,4.9
2024,8,28,22,10,0,24.6,92.5,683.786,4.7
2024,8,28,22,20,0,25.3,91.9,638.264,5
2024,8,28,22,30,0,26,91.6,637.134,5.2
2024,8,28,22,40,0,26.5,90.6,615.616,4.9
2024,8,28,22,50,0,25.6,90.7,613.47,5
2024,8,28,23,0,0,25.1,90.5,612.484,4.9
2024,8,28,23,10,0,25.5,89.9,624.398,4.8
2024,8,28,23,20,0,25.6,89.7,642.452,4.9
2024,8,28,23,30,0,26.5,88.7,653.078,5
2024,8,28,23,40,0,26.3,88.6,661.248,4.5
2024,8,28,23,50,0,26.1,88.1,653.276,4.6
2024,8,29,0,0,0,26.2,87.6,638.162,4.7
2024,8,29,0,10,0,26.1,87.5,621.81,4.9
2024,8,29,0,20,0,25.6,87.5,608.574,4.7
2024,8,29,0,30,0,25.2,87.4,603.568,4.7
2024,8,29,0,40,0,25.5,86.9,600.56,4.8
2024,8,29,0,50,0,26,86.4,605.43,5.3
2024,8,29,1,0,0,26.5,86,600.956,5.6
2024,8,29,1,10,0,26.4,85.5,601.32,5
2024,8,29,1,20,0,26.4,85.5,621.282,3.7
2024,8,29,1,30,0,26.1,85.4,631.032,3.5
2024,8,29,1,40,0,25.5,85.5,622.63,3.6
2024,8,29,1,50,0,24.7,85.5,620.154,3.5
2024,8,29,2,0,0,24.1,85.5,617.996,3.5
2024,8,29,2,10,0,23.5,85.5,616.942,3.3
2024,8,29,2,20,0,23.6,85.5,620.334,3.3
2024,8,29,2,30,0,24.1,85.3,635.968,3.2
2024,8,29,2,40,0,24.1,85.5,651.888,3.1
2024,8,29,2,50,0,24.2,85.5,664.488,3.4
2024,8,29,3,0,0,24.2,85.4,667.134,3.3
2024,8,29,3,10,0,24.8,84.5,673.03,3.1
2024,8,29,3,20,0,25.5,84.3,675.54,3.4
2024,8,29,3,30,0,25.5,84.5,676.204,3.5
2024,8,29,3,40,0,25.5,84.3,672.854,3.5
2024,8,29,3,50,0,25.5,83.5,660.714,3.5
2024,8,29,4,0,0,26.1,83.3,662.712,3.5
2024,8,29,4,10,0,27,82.5,657.238,3.6
2024,8,29,4,20,0,27.3,82.5,671.346,3.5
2024,8,29,4,30,0,27.9,82.5,692.982,3.6
2024,8,29,4,40,0,28.7,81.9,702.214,3.7
2024,8,29,4,50,0,28.7,81.6,706.234,3.5
2024,8,29,5,0,0,28.9,81.5,704.886,3.7
2024,8,29,5,10,0,29.6,80.7,703.076,3.8
2024,8,29,5,20,0,30.1,80.5,703.542,3.8
2024,8,29,5,30,0,31.3,80.5,714.608,3.9
2024,8,29,5,40,0,30.1,79.6,687.686,4.1
2024,8,29,5,50,0,29.6,79.5,658.632,4.2
2024,8,29,6,0,0,30.1,79.5,647.904,4.8
2024,8,29,6,10,0,30.5,79.5,661.766,4.9
2024,8,29,6,20,0,30.6,79.5,676.722,5.1
2024,8,29,6,30,0,31.5,78.7,694.906,5.2
2024,8,29,6,40,0,32.2,78.5,706.362,5.4
2024,8,29,6,50,0,32.3,78.5,703.964,5.8
2024,8,29,7,0,0,31.8,78.9,690.836,5.6
2024,8,29,7,10,0,31.7,79.5,692.076,5.9
2024,8,29,7,20,0,30.9,80.5,682.646,6.1
2024,8,29,7,30,0,29.5,81.7,668.664,6.1
2024,8,29,7,40,0,29.6,82.2,666.774,6.2
2024,8,29,7,50,0,28.7,83.5,650.6,6.1
2024,8,29,8,0,0,27.6,84.2,627.268,6.1
2024,8,29,8,10,0,27.5,84.6,615.956,6.2
2024,8,29,8,20,0,26.6,85.8,602.946,6.1
2024,8,29,8,30,0,26.3,86.6,601.886,6.1
2024,8,29,8,40,0,25.7,87.5,594.022,5.5
2024,8,29,8,50,0,25.4,87.5,580.438,5.7
2024,8,29,9,0,0,25.5,88.1,571.68,5.8
2024,8,29,9,10,0,24.3,89.2,559.424,6.2
2024,8,29,9,20,0,23.7,90.3,539.984,5.8
2024,8,29,9,30,0,23.3,91.3,526.948,5.5
2024,8,29,9,40,0,22.6,91.6,501.596,5.5
2024,8,29,9,50,0,22.4,92.5,496.136,5.2
2024,8,29,10,0,0,21.3,93.7,481.374,4.9
2024,8,29,10,10,0,20.5,94.7,445.784,5.4
2024,8,29,10,20,0,20.3,95.5,429.434,5
2024,8,29,10,30,0,19.7,96.5,414.99,4.9
2024,8,29,10,40,0,19.1,97.2,371.704,6.1
2024,8,29,10,50,0,18.5,97.5,335.382,5.1
2024,8,29,11,0,0,18.1,97.9,309.016,5
2024,8,29,11,10,0,17.7,99,254.534,5
2024,8,29,11,20,0,17.5,99.8,236.7,4.9
2024,8,29,11,30,0,16.7,100.5,215.198,4.8
2024,8,29,11,40,0,16.2,101.7,197.88,5.9
2024,8,29,11,50,0,15.5,101.9,178.292,4.5
2024,8,29,12,0,0,15.4,102.8,148.86,4.3
2024,8,29,12,10,0,14.6,103.5,127.926,4.3
2024,8,29,12,20,0,14.1,104.5,115.956,4.1
2024,8,29,12,30,0,14.2,105.2,108.51,3.9
2024,8,29,12,40,0,13.3,105.7,92.878,3.9
2024,8,29,12,50,0,12.7,106.5,76.786,3.7
2024,8,29,13,0,0,11.9,107.5,67.298,3.5
2024,8,29,13,10,0,11.3,107.5,50.508,3.3
2024,8,29,13,20,0,11.4,107.7,50.13,3.3
2024,8,29,13,30,0,11.5,108.4,58.222,3.3
2024,8,29,13,40,0,10.7,108.9,76.516,2.9
2024,8,29,13,50,0,10.4,109.4,98.704,2.9
2024,8,29,14,0,0,10.4,110.1,85.97,3.2
2024,8,29,14,10,0,10.6,110.6,101.084,3.5
2024,8,29,14,20,0,11,111.1,85.722,3.8
2024,8,29,14,30,0,10.8,111.7,93.228,3.7
2024,8,29,14,40,0,10.5,112.1,68.772,3.9
2024,8,29,14,50,0,11.4,112.1,51.214,4
2024,8,29,15,0,0,10.9,112.7,62.126,4
2024,8,29,15,10,0,10.5,113.5,64.818,3.9
2024,8,29,15,20,0,10.5,113.4,62.88,3.8
2024,8,29,15,30,0,10.4,113.5,59.444,3.6
2024,8,29,15,40,0,10.5,113.5,73.858,3.6
2024,8,29,15,50,0,10.5,113.5,78.54,3.8
2024,8,29,16,0,0,10.6,113.7,92.112,4
2024,8,29,16,10,0,10.7,113.8,87.114,4.1
2024,8,29,16,20,0,11.5,113.5,74.042,4.3
2024,8,29,16,30,0,11.5,113.5,51.592,4.5
2024,8,29,16,40,0,11.7,113.5,51.174,4.5
2024,8,29,16,50,0,12.4,113.5,50.338,4.5
2024,8,29,17,0,0,12.6,113.4,51.406,4.6
2024,8,29,17,10,0,12.9,112.6,50,4.7
2024,8,29,17,20,0,12.8,112,50.654,4.4
2024,8,29,17,30,0,13.2,111.5,61.272,4.8
2024,8,29,17,40,0,13.5,111.1,52.316,4.5
2024,8,29,17,50,0,14,110.3,51.874,4.7
2024,8,29,18,0,0,14.5,109.5,50.28,4.8
2024,8,29,18,10,0,14.5,108.6,58.63,4.8
2024,8,29,18,20,0,14.5,108.1,64.008,4.6
2024,8,29,18,30,0,15.3,107.6,59.33,4.7
2024,8,29,18,40,0,15.9,106.6,88.07,4.6
2024,8,29,18,50,0,16.8,105.9,115.214,4.9
2024,8,29,19,0,0,18.1,104.9,163.36,5.8
2024,8,29,19,10,0,19.5,103.6,212.786,5.7
2024,8,29,19,20,0,20.5,102.3,256.19,5.3
2024,8,29,19,30,0,20.9,101.7,320.852,5.7
2024,8,29,19,40,0,21.5,100.9,361.85,6.2
2024,8,29,19,50,0,22.5,99.5,312.21,6.2
2024,8,29,20,0,0,22.5,98.3,445.874,5.8
2024,8,29,20,10,0,22.7,97.3,465.696,5.4
2024,8,29,20,20,0,23.2,96.5,495.446,5.4
2024,8,29,20,30,0,22.5,96.2,525.642,5.2
2024,8,29,20,40,0,22.7,95,536.154,4.7
2024,8,29,20,50,0,22.5,94.5,536.292,4.5
2024,8,29,21,0,0,22.5,94.1,538.37,4.1
2024,8,29,21,10,0,22.5,93.5,523.98,4.1
2024,8,29,21,20,0,21.9,94,519.186,4.1
2024,8,29,21,30,0,22.6,92.9,518.254,4
2024,8,29,21,40,0,22.9,92.5,519.658,4
2024,8,29,21,50,0,23.3,91.7,532.196,4
2024,8,29,22,0,0,23.5,91.1,545.172,3.8
2024,8,29,22,10,0,23.5,91,544.99,3.9
2024,8,29,22,20,0,24.1,90.5,546.996,3.8
2024,8,29,22,30,0,24.8,89.8,560.256,4.2
2024,8,29,22,40,0,25.5,89.5,569.026,4.2
2024,8,29,22,50,0,26.4,88.5,583.934,4.3
2024,8,29,23,0,0,26.6,88.5,603.304,4.3
2024,8,29,23,10,0,26.5,89.1,620.908,4.1
2024,8,29,23,20,0,27.3,88.5,630.02,4.2
2024,8,29,23,30,0,27.7,88.2,636.342,4
2024,8,29,23,40,0,28.6,87.5,640.806,4.1
2024,8,29,23,50,0,28.9,87,651.502,4.3
2024,8,30,0,0,0,29.6,86.5,666.68,5
2024,8,30,0,10,0,29.8,86.1,672.032,5.6
2024,8,30,0,20,0,30.1,85.6,673.134,6.5
2024,8,30,0,30,0,29.9,85.7,674.074,4
2024,8,30,0,40,0,29.8,85.7,673.86,4.3
2024,8,30,0,50,0,30.3,85.3,675.686,4
2024,8,30,1,0,0,31,84.6,678.884,4
2024,8,30,1,10,0,31.3,84.3,689.232,4
2024,8,30,1,20,0,30.7,84.2,692.166,3.8
2024,8,30,1,30,0,31.5,83.5,692.078,3.8
2024,8,30,1,40,0,31.9,83.3,694.358,4
2024,8,30,1,50,0,32.2,82.7,701.17,3.8
2024,8,30,2,0,0,32.6,82.3,705.318,4.1
2024,8,30,2,10,0,33,82.5,709.73,3.9
2024,8,30,2,20,0,33,81.8,716.075,4.3
2024,8,30,2,30,0,33.625,81.5,716.223,4.3
2024,8,30,2,40,0,34,81.5,725.024,4.5
2024,8,30,2,50,0,34,81.5,731.938,4.6
2024,8,30,3,0,0,34.4,81.1,738.202,4.6
2024,8,30,3,10,0,35,80.5,737.346,4.9
2024,8,30,3,20,0,35.7,80.3,733.032,5.6
2024,8,30,3,30,0,36,79.5,729.482,5.2
2024,8,30,3,40,0,36,79.5,726.522,5.1
2024,8,30,3,50,0,36,79.5,726.298,5.2
2024,8,30,4,0,0,35.9,79.6,727.124,5.1
2024,8,30,4,10,0,36.6,78.7,725.912,5.2
2024,8,30,4,20,0,37,78.5,727.278,5.3
2024,8,30,4,30,0,36.8,78.7,731.59,5.2
2024,8,30,4,40,0,36.4,79.1,736.26,5.1
2024,8,30,4,50,0,37,78.5,748.358,5.6
2024,8,30,5,0,0,37.4,78.3,740.668,6.1
2024,8,30,5,10,0,38.2,77.7,731.842,6
2024,8,30,5,20,0,39,77.5,728.316,5.7
2024,8,30,5,30,0,39,76.6,726.09,6
2024,8,30,5,40,0,38.4,78.1,735.246,6.3
2024,8,30,5,50,0,38.8,77.5,743.552,6.2
2024,8,30,6,0,0,39,76.8,733.16,6.2
2024,8,30,6,10,0,39.5,76.5,723.658,6.6
2024,8,30,6,20,0,39.4,76.6,727.028,6.7
2024,8,30,6,30,0,39.1,77.3,726.688,6.6
2024,8,30,6,40,0,40.1,76,718.782,6.5
2024,8,30,6,50,0,39.3,77.1,713.584,6.5
2024,8,30,7,0,0,40,76.5,715.672,6.8
2024,8,30,7,10,0,40.1,76.5,705.094,6.7
2024,8,30,7,20,0,40.1,76.9,692.03,6.8
2024,8,30,7,30,0,39.4,77.9,696.148,7
2024,8,30,7,40,0,38.3,78.9,691.606,7
2024,8,30,7,50,0,37.1,79.9,690.7,7.6
2024,8,30,8,0,0,37.2,80.3,688.674,7.6
2024,8,30,8,10,0,36.5,81.2,688.634,7.8
2024,8,30,8,20,0,35.2,82.1,675.974,7.6
2024,8,30,8,30,0,33.7,83.1,665.716,7.9
2024,8,30,8,40,0,33,84.1,660.984,7.5
2024,8,30,8,50,0,31.9,85.8,660.372,7.6
2024,8,30,9,0,0,30.8,86.7,653.362,7.6
2024,8,30,9,10,0,29.4,87.9,641.484,7.4
2024,8,30,9,20,0,27.9,88.7,621.882,6.7
2024,8,30,9,30,0,26.4,89.9,605.816,6.4
2024,8,30,9,40,0,26.2,91.3,595.504,6
2024,8,30,9,50,0,25.5,92.1,586.938,6
2024,8,30,10,0,0,24.6,92.7,568.954,5.7
2024,8,30,10,10,0,23.4,93.9,540.104,5.6
2024,8,30,10,20,0,22.7,94.7,506.684,5.4
2024,8,30,10,30,0,21.8,95.8,484.246,5.3
2024,8,30,10,40,0,20.9,96.5,443.982,5.6
2024,8,30,10,50,0,19.7,97.2,411.53,5.1
2024,8,30,11,0,0,19.3,98.5,397.822,4.7
2024,8,30,11,10,0,19.2,99.3,371.626,4.9
2024,8,30,11,20,0,18.5,100.1,350.436,5.4
2024,8,30,11,30,0,18.1,100.5,328.53,5
2024,8,30,11,40,0,17.5,101.5,301.788,4.8
2024,8,30,11,50,0,17.5,102.5,285.514,4.9
2024,8,30,12,0,0,16.7,102.9,249.83,4.8
2024,8,30,12,10,0,16.7,103.7,223.086,4.9
2024,8,30,12,20,0,16.5,104.3,199.784,4.9
2024,8,30,12,30,0,15.5,105.2,182.282,4.7
2024,8,30,12,40,0,15.4,106.1,168.798,4.7
2024,8,30,12,50,0,14.5,106.7,147.422,4.4
2024,8,30,13,0,0,14.5,107.7,135.864,4.4
2024,8,30,13,10,0,14.5,108.3,126.066,4.5
2024,8,30,13,20,0,14.4,108.7,101.514,4.6
2024,8,30,13,30,0,14.6,109.5,77.84,4.7
2024,8,30,13,40,0,14.8,109.9,65.57,4.9
2024,8,30,13,50,0,14.2,110.5,50.002,5.5
2024,8,30,14,0,0,14,111.1,53.178,6
2024,8,30,14,10,0,13.5,111.5,54.68,5
2024,8,30,14,20,0,14,111.5,51.398,4.9
2024,8,30,14,30,0,14.3,111.3,50.172,4.9
2024,8,30,14,40,0,14,111.5,50.746,4.9
2024,8,30,14,50,0,12.8,111.5,55.382,4.5
2024,8,30,15,0,0,12.5,112.5,56.454,4.4
2024,8,30,15,10,0,12.9,112.7,51.718,4.6
2024,8,30,15,20,0,12.4,112.7,52.334,4.9
2024,8,30,15,30,0,12.6,113.5,58.272,6.1
2024,8,30,15,40,0,12.7,113.5,50.104,6.7
2024,8,30,15,50,0,12.3,113.9,52.922,7.1
2024,8,30,16,0,0,12.4,114.2,51.012,6.9
2024,8,30,16,10,0,12.3,114.5,50.698,7.2
2024,8,30,16,20,0,12.2,114.5,52.19,7.1
2024,8,30,16,30,0,12.2,114.5,51.572,6.9
2024,8,30,16,40,0,11.7,114.7,53.904,7
2024,8,30,16,50,0,11.9,114.7,50.002,6.9
2024,8,30,17,0,0,12,114.4,50,7.2
2024,8,30,17,10,0,12.5,113.6,50.004,7.2
2024,8,30,17,20,0,12.5,113.5,51.616,6.6
2024,8,30,17,30,0,12.6,112.5,51.758,6.6
2024,8,30,17,40,0,12.9,112.4,61.926,6.7
2024,8,30,17,50,0,13.5,111.5,92.588,8.1
2024,8,30,18,0,0,13.6,110.9,125.046,8.3
2024,8,30,18,10,0,14.1,110.5,133.336,8.5
2024,8,30,18,20,0,14.4,109.7,117.03,8.3
2024,8,30,18,30,0,14.8,108.9,108.564,7.6
2024,8,30,18,40,0,16.2,108,120.734,7.5
2024,8,30,18,50,0,18.3,106.7,212.722,7.9
2024,8,30,19,0,0,20.6,104.9,539.082,8.6
2024,8,30,19,10,0,20.6,103.7,589.406,7.2
2024,8,30,19,20,0,21.7,102.5,550.154,7
2024,8,30,19,30,0,21.5,101.7,555.088,6.9
2024,8,30,19,40,0,21.4,101.5,544.068,7.1
2024,8,30,19,50,0,22.1,100.9,551.628,7
2024,8,30,20,0,0,23,99.7,565.058,6.7
2024,8,30,20,10,0,23.9,98.7,588.052,6.6
2024,8,30,20,20,0,24.7,97.3,606.938,6.7
2024,8,30,20,30,0,24.7,96.7,606.716,6.5
2024,8,30,20,40,0,24,96.5,613.436,6.1
2024,8,30,20,50,0,24.2,95.8,602.256,6
2024,8,30,21,0,0,24.3,95.5,580.146,6.5
2024,8,30,21,10,0,24.8,94.9,583.694,5.9
2024,8,30,21,20,0,25.5,94.1,592.93,6.4
2024,8,30,21,30,0,25.6,93.9,599.07,6.5
2024,8,30,21,40,0,25.9,93.7,617.582,6
2024,8,30,21,50,0,26.3,93.2,624.084,6.3
2024,8,30,22,0,0,26.5,92.7,614.732,6.6
2024,8,30,22,10,0,26.4,92.6,627.864,6.7
2024,8,30,22,20,0,27.4,91.7,633.632,6.7
2024,8,30,22,30,0,27.4,91.5,652.902,7
2024,8,30,22,40,0,27.7,91.5,661.286,7.1
2024,8,30,22,50,0,28.5,90.5,682.962,6.6
2024,8,30,23,0,0,29.2,90.5,723.626,6.3
2024,8,30,23,10,0,29.6,89.9,738.46,6.5
2024,8,30,23,20,0,30,89.5,730.992,6.4
2024,8,30,23,30,0,30.6,89.1,738.596,6.8
2024,8,30,23,40,0,31,88.7,754.216,6.7
2024,8,30,23,50,0,31.7,88.3,763.168,7
2024,8,31,0,0,0,32.4,87.7,773.468,7.1
2024,8,31,0,10,0,32.6,87.3,776.432,7.4
2024,8,31,0,20,0,33,86.5,792.538,8
2024,8,31,0,30,0,33,86.5,802.234,7.6
2024,8,31,0,40,0,33.4,86.5,817.454,7.2
2024,8,31,0,50,0,33.9,86.3,808.632,6.6
2024,8,31,1,0,0,34,85.5,798.9,6.6
2024,8,31,1,10,0,34.7,85.5,789.252,6.7
2024,8,31,1,20,0,35,84.7,795.932,6.8
2024,8,31,1,30,0,35,84.5,794.114,6.4
2024,8,31,1,40,0,35.4,84.5,802.36,6.7
2024,8,31,1,50,0,35.9,84.1,813.32,7
2024,8,31,2,0,0,36,83.5,813.002,6.7
2024,8,31,2,10,0,36.4,83.5,811.34,6.8
2024,8,31,2,20,0,37,82.9,810.21,7.1
2024,8,31,2,30,0,36.3,83.3,818.69,7.1
2024,8,31,2,40,0,36.4,83,824.106,6.9
2024,8,31,2,50,0,37,82.5,821.788,7
2024,8,31,3,0,0,37.8,82.3,818.912,7.6
2024,8,31,3,10,0,37.3,82.4,824.75,7.5
2024,8,31,3,20,0,37,82.4,818.48,6.9
2024,8,31,3,30,0,37.2,81.7,804.438,6.9
2024,8,31,3,40,0,38,81.2,801.258,6.9
2024,8,31,3,50,0,38,80.8,806.092,7
2024,8,31,4,0,0,38.2,80.5,797.152,6.9
2024,8,31,4,10,0,38.125,80.5,789.827,7
2024,8,31,4,20,0,38.625,80.25,797.243,7.3
2024,8,31,4,30,0,38,80.5,800.2,7.2
2024,8,31,4,40,0,38,80.5,817.14,7.4
2024,8,31,4,50,0,38,80.5,832.198,7.7
2024,8,31,5,0,0,38,80.5,837.726,7.4
2024,8,31,5,10,0,38.1,80.5,844.644,7.6
2024,8,31,5,20,0,38.2,80.3,826.33,8
2024,8,31,5,30,0,39.4,79.5,816.398,8
2024,8,31,5,40,0,39,79.7,829.532,7.4
2024,8,31,5,50,0,38.6,80.5,825.764,7.9
2024,8,31,6,0,0,38.2,80.4,820.822,8
2024,8,31,6,10,0,38.5,79.9,801.116,8.2
2024,8,31,6,20,0,39.4,79.6,803.864,8.5
2024,8,31,6,30,0,40,79,817.186,9.5
2024,8,31,6,40,0,39.6,79.3,810.374,9.7
2024,8,31,6,50,0,39.5,79.5,806.914,9.8
2024,8,31,7,0,0,38.8,79.7,803.574,9.8
2024,8,31,7,10,0,37.1,80.5,787.46,9.2
2024,8,31,7,20,0,36.1,80.5,780.774,8.6
2024,8,31,7,30,0,36.2,80.5,769.208,8.7
2024,8,31,7,40,0,37,80.5,759.028,8.9
2024,8,31,7,50,0,36.2,81.3,748.548,8.8
2024,8,31,8,0,0,35.4,82.4,739.232,8.9
2024,8,31,8,10,0,34.5,83.1,724.618,9
2024,8,31,8,20,0,33.9,84.1,722.46,9.1
2024,8,31,8,30,0,32.6,85.3,717.072,9.1
2024,8,31,8,40,0,31.2,86.9,711.206,8.7
2024,8,31,8,50,0,29.8,88.1,699.04,8.9
2024,8,31,9,0,0,28.4,89.4,674.956,8.2
2024,8,31,9,10,0,27.3,90.5,649.558,8.1
2024,8,31,9,20,0,26.375,91.25,624.178,8.6
2024,8,31,9,30,0,25,92.3,608.108,7
2024,8,31,9,40,0,23.125,93.5,614.887,6
2024,8,31,9,50,0,22.4,94.3,584.252,5.7
2024,8,31,10,0,0,21.4,95.3,553.138,5.7
2024,8,31,10,10,0,21,96,536.293,5.6
2024,8,31,10,20,0,20.25,97.25,537.36,6.5
2024,8,31,10,30,0,19.1,98.5,516.132,6.1
2024,8,31,10,40,0,19,99.25,497.918,4.9
2024,8,31,10,50,0,17.5,99.75,457.855,4.7
2024,8,31,11,0,0,17.4,100.5,434.73,5.3
2024,8,31,11,10,0,17.3,101.5,421.15,5.1
2024,8,31,11,20,0,17.2,102.5,383.702,5
2024,8,31,11,30,0,16.9,103.1,373.616,5
2024,8,31,11,40,0,16.6,103.6,344.986,5.1
2024,8,31,11,50,0,16.5,103.5,304.49,5.4
2024,8,31,12,0,0,16.5,104.5,252.262,5.5
2024,8,31,12,10,0,16.5,105.5,229.348,5.5
2024,8,31,12,20,0,16.4,106.1,219.19,5.4
2024,8,31,12,30,0,16.5,106,224.07,5.6
2024,8,31,12,40,0,15.8,106.7,189.912,5.6
2024,8,31,12,50,0,15.6,108,193.888,5.6
2024,8,31,13,0,0,15.2,108,178.96,5.4
2024,8,31,13,10,0,14.9,109.3,173.09,5.3
2024,8,31,13,20,0,14.6,109.6,159.842,5.4
2024,8,31,13,30,0,14.5,110.4,159.376,5.2
2024,8,31,13,40,0,13.9,110.9,149.52,5.3
2024,8,31,13,50,0,13.8,111.3,136.058,6.7
2024,8,31,14,0,0,13.8,111.3,123.988,6
2024,8,31,14,10,0,13.5,112.3,136.652,5.1
2024,8,31,14,20,0,13.2,112.6,159.386,5.1
2024,8,31,14,30,0,12.6,113.1,158.926,4.9
2024,8,31,14,40,0,12.5,113.4,155.558,5
2024,8,31,14,50,0,12.5,113.5,144.014,5
2024,8,31,15,0,0,12.7,114,141.022,5
2024,8,31,15,10,0,12.875,114.375,140.84,5
2024,8,31,15,20,0,12.3,114.5,171.8,5.4
2024,8,31,15,30,0,12.2,114.5,161.62,6
2024,8,31,15,40,0,11.9,114.5,176.304,6.7
2024,8,31,15,50,0,12.1,114.5,187.678,6.5
2024,8,31,16,0,0,12,114.5,182.544,6.6
2024,8,31,16,10,0,12.2,114.7,164.104,6.5
2024,8,31,16,20,0,11.9,115.5,160.506,6.5
2024,8,31,16,30,0,12,115.5,159.252,6.9
2024,8,31,16,40,0,12,115.3,143.948,7.6
2024,8,31,16,50,0,11.8,115.5,149.736,8.1
2024,8,31,17,0,0,11.9,115.4,132.59,9.3
2024,8,31,17,10,0,12.3,114.8,114.69,8.8
2024,8,31,17,20,0,13,114.2,90.36,9.1
2024,8,31,17,30,0,13,113.5,74.416,9.3
2024,8,31,17,40,0,13.1,113,57.546,9.9
2024,8,31,17,50,0,13.5,112.5,51.132,10.7
2024,8,31,18,0,0,13.6,111.6,50.456,11.1
2024,8,31,18,10,0,14.2,110.9,58.756,15
2024,8,31,18,20,0,15,110,68.004,22.3
2024,8,31,18,30,0,15.6,109.3,96.89,17.9
2024,8,31,18,40,0,16.5,108.5,97.842,13.7
2024,8,31,18,50,0,16.9,107.5,94.018,9.9
2024,8,31,19,0,0,17.1,106.6,116.04,9.1
2024,8,31,19,10,0,17.6,105.8,152.312,8.9
2024,8,31,19,20,0,18.5,105,180.076,8.8
2024,8,31,19,30,0,19.5,104.5,245.936,8.6
2024,8,31,19,40,0,20.2,103.2,265.168,8
2024,8,31,19,50,0,21.5,102.5,317.756,8.1
2024,8,31,20,0,0,22.1,101.9,396.902,8.3
2024,8,31,20,10,0,23,101.1,507.494,9.2
2024,8,31,20,20,0,23.9,99.9,548.066,10.2
2024,8,31,20,30,0,24,99.5,553.114,9
2024,8,31,20,40,0,24.3,98.6,537.962,8.5
2024,8,31,20,50,0,24.5,98.1,536.988,8
2024,8,31,21,0,0,24.5,97.5,498.61,7.5
2024,8,31,21,10,0,24.875,96.75,495.868,7.5
2024,8,31,21,20,0,25.875,96,488.91,7.6
2024,8,31,21,30,0,26.1,95.5,490.072,7.5
2024,8,31,21,40,0,26.3,95.3,502.114,7.5
2024,8,31,21,50,0,26.5,94.5,518.362,7.4
2024,8,31,22,0,0,26.8,94.3,524.298,8.5
2024,8,31,22,10,0,26.9,93.7,550.504,8.4
2024,8,31,22,20,0,26.9,93.5,539.142,9.1
2024,8,31,22,30,0,27.5,92.5,510.95,7.4
2024,8,31,22,40,0,27.8,92.5,484.756,6.7
2024,8,31,22,50,0,28,92.5,467.12,6.7
2024,8,31,23,0,0,28.1,92.4,466.11,6.7
2024,8,31,23,10,0,29.1,91.5,493.242,6.9
2024,8,31,23,20,0,29.8,91.5,513.032,7.1
2024,8,31,23,30,0,30.3,90.7,532.1,7.2
2024,8,31,23,40,0,30.9,90.4,542.858,7.2
2024,8,31,23,50,0,31.1,90.2,557.024,7.1
2024,9,1,0,0,0,31.4,89.5,561.604,6.7
2024,9,1,0,10,0,31.9,89.3,569.678,6.6
2024,9,1,0,20,0,32,89.4,581.16,6.9
2024,9,1,0,30,0,32,88.9,587.448,7.3
2024,9,1,0,40,0,32.2,88.5,592.588,7.4
2024,9,1,0,50,0,32.9,88.5,606.338,7.6
2024,9,1,1,0,0,33.4,87.5,612.13,7.3
2024,9,1,1,10,0,34.3,86.9,620.208,7.3
2024,9,1,1,20,0,34.875,86.5,632.343,7.4
2024,9,1,1,30,0,36.25,85.5,647.09,7.6
2024,9,1,1,40,0,36.1,85.5,644.406,7.5
2024,9,1,1,50,0,37,85.1,651.092,7.5
2024,9,1,2,0,0,37,84.5,647.132,7.5
2024,9,1,2,10,0,37,84.7,657.584,8.3
2024,9,1,2,20,0,36.7,84.6,675.492,8.3
2024,9,1,2,30,0,36.1,85.1,685.444,7.7
2024,9,1,2,40,0,37.2,84.2,672.808,7.5
2024,9,1,2,50,0,37.5,84.1,671.492,7.6
2024,9,1,3,0,0,38,83.5,677.718,7.4
2024,9,1,3,10,0,38.3,82.9,665.414,7.5
2024,9,1,3,20,0,38.5,82.9,668.572,7.8
2024,9,1,3,30,0,39,82.5,663.234,8
2024,9,1,3,40,0,39,82.5,662.464,8.2
2024,9,1,3,50,0,40.375,81.875,660.442,8.2
2024,9,1,4,0,0,40.1,81.5,657.872,7.9
2024,9,1,4,10,0,40.6,81.5,662.472,8.2
2024,9,1,4,20,0,41,80.8,669.85,8.1
2024,9,1,4,30,0,41,80.6,673.58,8.4
2024,9,1,4,40,0,41.4,80.5,675.392,8.4
2024,9,1,4,50,0,41.6,80.2,672.572,8.9
2024,9,1,5,0,0,41,80.5,676.236,8.9
2024,9,1,5,10,0,41.2,79.9,673.126,8.6
2024,9,1,5,20,0,41.1,79.8,675.252,9
2024,9,1,5,30,0,41.1,79.7,685.04,9.7
2024,9,1,5,40,0,42.1,79.3,683.622,9.7
2024,9,1,5,50,0,42.6,78.5,678.296,9.5
2024,9,1,6,0,0,42.3,78.5,675.348,9.5
2024,9,1,6,10,0,42.2,78.2,668.284,9.1
2024,9,1,6,20,0,42.2,78.1,662.382,9
2024,9,1,6,30,0,41.6,78.5,662.26,8.8
2024,9,1,6,40,0,42.2,77.5,657.378,9.1
2024,9,1,6,50,0,42.4,77.9,655.246,9.4
2024,9,1,7,0,0,42.2,77.6,647.036,8.9
2024,9,1,7,10,0,41.3,78.5,642.808,9
2024,9,1,7,20,0,40.6,79.3,634.276,8.7
2024,9,1,7,30,0,40,79.7,624.35,8.7
2024,9,1,7,40,0,38.5,80.7,617.478,8.4
2024,9,1,7,50,0,37.6,81.9,613.676,7.8
2024,9,1,8,0,0,36.2,83.2,601.636,8.1
2024,9,1,8,10,0,35.1,83.9,594.564,7.8
2024,9,1,8,20,0,33,85,579.216,7.5
2024,9,1,8,30,0,32.3,85.7,557.202,7
2024,9,1,8,40,0,30.5,87.1,544.208,6.5
2024,9,1,8,50,0,29.1,88.2,523.556,6.3
2024,9,1,9,0,0,28.6,89.1,510.026,6
2024,9,1,9,10,0,26.9,90.4,481.916,5.6
2024,9,1,9,20,0,25,91,437.692,5.4
2024,9,1,9,30,0,24.4,91.9,406.344,5.2
2024,9,1,9,40,0,23.8,92.9,378.278,5
2024,9,1,9,50,0,23.4,93.5,359.326,4.9
2024,9,1,10,0,0,23.1,94.3,339.848,5
2024,9,1,10,10,0,22.6,94.9,320.73,4.8
2024,9,1,10,20,0,22.6,96,322.382,4.9
2024,9,1,10,30,0,22.4,97.1,313.494,5.3
2024,9,1,10,40,0,21.6,98.7,314.122,5
2024,9,1,10,50,0,21.1,99.9,310.236,5.1
2024,9,1,11,0,0,20.4,100.5,288.982,5.7
2024,9,1,11,10,0,19.6,101.7,266.43,5
2024,9,1,11,20,0,19.5,102.3,243.134,4.8
2024,9,1,11,30,0,19,103.1,230.432,4.9
2024,9,1,11,40,0,18.6,103.7,203.508,4.8
2024,9,1,11,50,0,17.8,104.8,192.248,5
2024,9,1,12,0,0,17.6,105.5,179.242,5.1
2024,9,1,12,10,0,17.4,106.5,167.758,5.2
2024,9,1,12,20,0,17.1,107.1,136.298,5.2
2024,9,1,12,30,0,16.5,107.7,119.15,5
2024,9,1,12,40,0,16.5,108.5,109.634,5.1
2024,9,1,12,50,0,15.9,109.5,106.442,5
2024,9,1,13,0,0,15.5,109.9,94.742,5
2024,9,1,13,10,0,15.4,110.4,80.576,5.2
2024,9,1,13,20,0,15,110.9,60.268,5.3
2024,9,1,13,30,0,14.7,111.5,52.116,5
2024,9,1,13,40,0,14.4,111.7,51.668,5.3
2024,9,1,13,50,0,13.8,112.4,51.062,6.2
2024,9,1,14,0,0,13.8,112.3,51.136,6
2024,9,1,14,10,0,13.8,112.5,56.906,6.1
2024,9,1,14,20,0,13.5,113,54.98,6.7
2024,9,1,14,30,0,13.5,113.5,81.072,6.7
2024,9,1,14,40,0,13.1,114.3,99.138,7.1
2024,9,1,14,50,0,12.8,114.9,123.174,7.5
2024,9,1,15,0,0,12.4,115.2,68.43,8.4
2024,9,1,15,10,0,11.9,115.8,61.78,9.9
2024,9,1,15,20,0,11.9,116.3,81.316,10.9
2024,9,1,15,30,0,12,116.5,80.346,9.9
2024,9,1,15,40,0,11.7,116.7,67.888,10.8
2024,9,1,15,50,0,11.2,116.9,70.216,11.5
2024,9,1,16,0,0,11.1,117.3,67.166,12.5
2024,9,1,16,10,0,11,117.3,67.728,11.2
2024,9,1,16,20,0,11,117.5,73.832,10.7
2024,9,1,16,30,0,11.1,117.2,88.694,9.4
2024,9,1,16,40,0,11,117.5,76.104,9.3
2024,9,1,16,50,0,11,117.5,73.798,9.5
2024,9,1,17,0,0,10.8,117.2,82.67,10.2
2024,9,1,17,10,0,11,116.5,123.666,16.6
2024,9,1,17,20,0,11.1,116.2,121.448,10.4
2024,9,1,17,30,0,11.5,115.5,80.604,9.2
2024,9,1,17,40,0,11.7,114.6,91.57,9
2024,9,1,17,50,0,12.3,114.3,100.408,9.8
2024,9,1,18,0,0,13,113.5,104.162,9.8
2024,9,1,18,10,0,13.4,113.1,114.708,9.5
2024,9,1,18,20,0,14.1,112.1,126.706,9.3
2024,9,1,18,30,0,15.4,110.7,124.166,9.2
2024,9,1,18,40,0,15.9,110.1,124.908,9.8
2024,9,1,18,50,0,16.7,109.1,111.564,9.5
2024,9,1,19,0,0,18,107.8,125.664,9.4
2024,9,1,19,10,0,19.5,106.3,151.99,9.9
2024,9,1,19,20,0,20.3,105,189.528,10
2024,9,1,19,30,0,21.2,103.9,229.16,10
2024,9,1,19,40,0,22.5,102.9,282.238,10.4
2024,9,1,19,50,0,23.4,101.7,300.386,10.1
2024,9,1,20,0,0,24.1,100.5,286.96,10.7
2024,9,1,20,10,0,24.7,99.6,279.336,10.3
2024,9,1,20,20,0,25.2,98.5,294.998,11.5
2024,9,1,20,30,0,25.5,98,298.572,10.5
2024,9,1,20,40,0,25.5,97.5,278.04,9.6
2024,9,1,20,50,0,25.7,96.5,251.322,9
2024,9,1,21,0,0,25.7,96.5,233.052,8.8
2024,9,1,21,10,0,26,95.8,230.342,8.5
2024,9,1,21,20,0,25.9,95.5,223.174,8.3
2024,9,1,21,30,0,26.4,94.9,218.766,8.6
2024,9,1,21,40,0,27,94.5,220.048,8.4
2024,9,1,21,50,0,27,94,236.19,8.1
2024,9,1,22,0,0,27.5,93.5,254.314,7.9
2024,9,1,22,10,0,28.1,93.1,250.982,7.8
2024,9,1,22,20,0,28,93.2,259.164,7.6
2024,9,1,22,30,0,28.3,92.8,275.848,7.1
2024,9,1,22,40,0,28.4,93,295.666,6.4
2024,9,1,22,50,0,28.6,92.5,323.99,6.3
2024,9,1,23,0,0,28.7,92.3,348.726,6.3
2024,9,1,23,10,0,29.2,91.8,360.436,6
2024,9,1,23,20,0,29.8,91.1,379.756,5.4
2024,9,1,23,30,0,29.7,90.9,404.174,5.4
2024,9,1,23,40,0,30.3,90.1,423.042,5.1
2024,9,1,23,50,0,30.8,89.5,440.12,5.2
2024,9,2,0,0,0,31,89.1,456.118,5
2024,9,2,0,10,0,31.6,88.5,470.476,4.7
2024,9,2,0,20,0,31.9,87.8,482.402,5
2024,9,2,0,30,0,32,87.7,498.416,4.6
2024,9,2,0,40,0,32.3,87,509.296,5
2024,9,2,0,50,0,32.2,86.5,517.466,5.8
2024,9,2,1,0,0,31.875,87,530.573,5.4
2024,9,2,1,10,0,32.3,86.5,537.388,4
2024,9,2,1,20,0,32.1,85.8,539.824,4
2024,9,2,1,30,0,32,85.7,541.474,4
2024,9,2,1,40,0,32,85.5,542.424,3.8
2024,9,2,1,50,0,32.2,84.9,543.866,3.7
2024,9,2,2,0,0,32.3,84.5,546.364,3.9
2024,9,2,2,10,0,32.3,84.6,552.218,3.7
2024,9,2,2,20,0,32.9,84.3,553.462,3.5
2024,9,2,2,30,0,32.8,83.7,554.22,3.7
2024,9,2,2,40,0,32.8,83.5,554.12,3.4
2024,9,2,2,50,0,33,83.5,555.956,3.4
2024,9,2,3,0,0,33,83.2,560.238,3.5
2024,9,2,3,10,0,33,82.5,560.612,3.2
2024,9,2,3,20,0,33.2,82.6,562.196,3.4
2024,9,2,3,30,0,33.3,82.1,561.07,3.3
2024,9,2,3,40,0,33.3,82.1,558.108,3.2
2024,9,2,3,50,0,33.8,81.7,553.42,3.1
2024,9,2,4,0,0,34,81.4,554.036,3.2
2024,9,2,4,10,0,33.9,81.1,552.836,3.2
2024,9,2,4,20,0,33.8,81.3,552.36,3
2024,9,2,4,30,0,33.7,80.7,546.892,3
2024,9,2,4,40,0,34,80.4,541.032,2.8
2024,9,2,4,50,0,34,80.5,538.244,2.9
2024,9,2,5,0,0,34,80.1,538,2.9
2024,9,2,5,10,0,33.9,80.3,535.212,2.8
2024,9,2,5,20,0,34.4,79.7,530.694,2.7
2024,9,2,5,30,0,34.8,79.4,526.882,2.7
2024,9,2,5,40,0,35,79.5,524.442,2.8
2024,9,2,5,50,0,35,78.7,526.202,2.8
2024,9,2,6,0,0,35.2,78.5,523.52,2.7
2024,9,2,6,10,0,35.1,78.5,518.6,2.6
2024,9,2,6,20,0,35.6,78.5,518.798,2.7
2024,9,2,6,30,0,36,78,522.232,2.9
2024,9,2,6,40,0,36.1,77.6,522.996,3
2024,9,2,6,50,0,36,78.4,524.958,2.9
2024,9,2,7,0,0,36,78.2,529.656,2.9
2024,9,2,7,10,0,36,78.5,529.082,2.8
2024,9,2,7,20,0,35.9,78.6,527.388,2.9
2024,9,2,7,30,0,35.3,79.5,522.796,3
2024,9,2,7,40,0,34.7,79.9,513.302,2.9
2024,9,2,7,50,0,33.6,80.5,506.83,3
2024,9,2,8,0,0,32.8,81.7,495.272,3.4
2024,9,2,8,10,0,31.6,82.9,491.004,3.4
2024,9,2,8,20,0,30.3,83.9,483.064,3
2024,9,2,8,30,0,29.1,84.7,465.606,2.5
2024,9,2,8,40,0,27.9,85.5,447.126,2.5
2024,9,2,8,50,0,27.2,86.2,434.502,2.8
2024,9,2,9,0,0,25.7,87.3,411.704,2.9
2024,9,2,9,10,0,24.5,88.3,398.448,2.3
2024,9,2,9,20,0,24.3,88.8,381.16,2.6
2024,9,2,9,30,0,23.5,89.5,365.978,2.5
2024,9,2,9,40,0,22.5,90.7,351.062,2.4
2024,9,2,9,50,0,21.7,91.5,336.368,2.3
2024,9,2,10,0,0,21.5,92.1,330.564,2.3
2024,9,2,10,10,0,21.5,92.8,329.572,2.5
2024,9,2,10,20,0,20.5,94.3,313.66,2.9
2024,9,2,10,30,0,19.5,95.3,304.696,2.4
2024,9,2,10,40,0,19,95.7,284.826,2
2024,9,2,10,50,0,17.9,97.1,270.998,3.6
2024,9,2,11,0,0,17.3,97.5,251.49,2.7
2024,9,2,11,10,0,16.9,98.1,238.796,2
2024,9,2,11,20,0,16.5,99,229.25,2.1
2024,9,2,11,30,0,16.5,99.5,210.81,1.9
2024,9,2,11,40,0,16.1,100.8,205.572,2.4
2024,9,2,11,50,0,15.7,100.9,191.102,2.2
2024,9,2,12,0,0,15.5,102.5,192.752,2.2
2024,9,2,12,10,0,15.4,102.9,173.008,2.2
2024,9,2,12,20,0,15.4,103.5,155.91,2.2
2024,9,2,12,30,0,15.3,104.2,139.036,2.3
2024,9,2,12,40,0,14.6,104.5,125.06,2.5
2024,9,2,12,50,0,15.1,105.3,120.682,2.5
2024,9,2,13,0,0,14.6,105.7,114.994,2.4
2024,9,2,13,10,0,14.7,106.4,98.318,2.4
2024,9,2,13,20,0,14.5,107.5,91.496,2.4
2024,9,2,13,30,0,14.5,107.8,65.118,2.5
2024,9,2,13,40,0,14.5,108.5,76.368,2.6
2024,9,2,13,50,0,14.2,108.9,80.52,2.6
2024,9,2,14,0,0,14.1,109.1,60.076,2.6
2024,9,2,14,10,0,14.1,109.5,52.976,2.6
2024,9,2,14,20,0,13.9,110.3,56.316,2.8
2024,9,2,14,30,0,13.4,110.9,56.746,4.5
2024,9,2,14,40,0,13.5,111.5,59.14,4.3
2024,9,2,14,50,0,13.4,111.5,51.31,3.9
2024,9,2,15,0,0,13,111.5,52.294,3.6
2024,9,2,15,10,0,13.2,111.8,55.982,3.6
2024,9,2,15,20,0,13.5,112,55.962,3.6
2024,9,2,15,30,0,13.4,112.2,53.264,3.8
2024,9,2,15,40,0,13.4,112.5,56.444,3.8
2024,9,2,15,50,0,13.5,112.9,54.036,3.8
2024,9,2,16,0,0,13.2,112.5,53.046,4.1
2024,9,2,16,10,0,13.4,113.1,61.492,4.3
2024,9,2,16,20,0,13.2,113.4,52.864,4.3
2024,9,2,16,30,0,13.5,112.8,52.042,4.2
2024,9,2,16,40,0,13.9,112.5,57.494,4.3
2024,9,2,16,50,0,13.7,112.5,56.948,4.4
2024,9,2,17,0,0,13.5,112.5,55.186,4.3
2024,9,2,17,10,0,13.6,111.7,52.962,4.4
2024,9,2,17,20,0,13.5,111.5,50.458,4.8
2024,9,2,17,30,0,14,110.5,52.794,4.9
2024,9,2,17,40,0,14.3,110.3,51.918,6.6
2024,9,2,17,50,0,14.5,109.5,56.422,9
2024,9,2,18,0,0,15.3,108.8,53.898,5.7
2024,9,2,18,10,0,15.7,107.6,51.576,4.5
2024,9,2,18,20,0,16.5,107.4,59.914,4.6
2024,9,2,18,30,0,17.2,106.3,66.744,4.8
2024,9,2,18,40,0,17.6,105.5,63.058,4.7
2024,9,2,18,50,0,19,104.5,85.084,4.7
2024,9,2,19,0,0,21.2,103.1,130.476,5
2024,9,2,19,10,0,22,101.7,186.878,4.5
2024,9,2,19,20,0,22.4,100.5,209.66,4.6
2024,9,2,19,30,0,22.6,99.5,210.48,4.4
2024,9,2,19,40,0,23.2,98.1,212.048,4.4
2024,9,2,19,50,0,23.7,97.3,255.656,4.2
2024,9,2,20,0,0,24.2,96.7,278.502,4.3
2024,9,2,20,10,0,24.4,96.5,318.044,4.2
2024,9,2,20,20,0,24.5,96,338.948,4.1
2024,9,2,20,30,0,24.8,95.3,349.756,4.1
2024,9,2,20,40,0,24.7,94.5,361.446,4.2
2024,9,2,20,50,0,24.5,93.9,380.364,4
2024,9,2,21,0,0,24.5,93.5,390.916,3.9
2024,9,2,21,10,0,24.5,92.9,392.496,3.7
2024,9,2,21,20,0,24.5,92.7,389.138,3.4
2024,9,2,21,30,0,24.7,91.9,391.588,3.3
2024,9,2,21,40,0,24.8,91.5,400.224,3.2
2024,9,2,21,50,0,25.3,91.5,404.568,3.2
2024,9,2,22,0,0,25.5,91.3,408.814,3.1
2024,9,2,22,10,0,26.3,90.5,412.454,3.1
2024,9,2,22,20,0,26.8,89.9,422.032,3.4
2024,9,2,22,30,0,27.2,89.5,429.2,3.2
2024,9,2,22,40,0,27.5,89.5,435.474,3.2
2024,9,2,22,50,0,27.8,88.8,430.392,3.2
2024,9,2,23,0,0,28.6,88.5,425.47,3.1
2024,9,2,23,10,0,28.8,88.1,435.6,3.3
2024,9,2,23,20,0,29.5,87.5,436.192,3.5
2024,9,2,23,30,0,30.1,87.3,456.114,3.4
2024,9,2,23,40,0,30.4,86.7,466.95,3.4
2024,9,2,23,50,0,31,86.5,473.836,3.4
2024,9,3,0,0,0,31.5,86.5,482.442,3.5
2024,9,3,0,10,0,31.9,85.5,486.142,3.3
2024,9,3,0,20,0,32.2,85.5,490.65,3.4
2024,9,3,0,30,0,32.4,85.3,503.186,3.4
2024,9,3,0,40,0,32.5,85.5,515.238,3.5
2024,9,3,0,50,0,32.4,85.5,529.32,3.4
2024,9,3,1,0,0,32.8,84.8,545.448,3.3
2024,9,3,1,10,0,33,84.5,536.35,3.4
2024,9,3,1,20,0,33.1,84.7,540.58,3.3
2024,9,3,1,30,0,33.9,84.2,549.902,3.7
2024,9,3,1,40,0,34,83.5,557.186,3.9
2024,9,3,1,50,0,34,83.5,562.406,3.6
2024,9,3,2,0,0,34.6,83.5,566.468,3.7
2024,9,3,2,10,0,35.1,82.8,567.54,3.8
2024,9,3,2,20,0,35.9,82.4,567.4,4
2024,9,3,2,30,0,36,82.5,575.334,6
2024,9,3,2,40,0,36,82.2,570.094,4.5
2024,9,3,2,50,0,36,81.8,565.09,3.9
2024,9,3,3,0,0,36.3,81.5,564.908,3.8
2024,9,3,3,10,0,36.6,81.5,561.43,3.7
2024,9,3,3,20,0,36.8,81.5,564.236,3.7
2024,9,3,3,30,0,36.9,81.3,570.352,3.9
2024,9,3,3,40,0,37,80.7,565.248,3.8
2024,9,3,3,50,0,37,80.5,558.964,3.5
2024,9,3,4,0,0,38,80.5,555.486,3.8
2024,9,3,4,10,0,38,80.5,558.75,4
2024,9,3,4,20,0,38,80.5,560.322,4
2024,9,3,4,30,0,38,79.7,557.412,4.6
2024,9,3,4,40,0,38,79.5,556.756,4.3
2024,9,3,4,50,0,38,79.5,560.616,3.9
2024,9,3,5,0,0,38.2,79.5,564.766,4.1
2024,9,3,5,10,0,37.8,79.8,566.646,4.5
2024,9,3,5,20,0,38,79.7,567.092,4.9
2024,9,3,5,30,0,38,79.5,577.412,5.4
2024,9,3,5,40,0,38,79.3,576.174,5.3
2024,9,3,5,50,0,38.7,78.7,566.416,5.3
2024,9,3,6,0,0,39.8,77.6,557.756,5.5
2024,9,3,6,10,0,40.3,77.3,552.228,5.5
2024,9,3,6,20,0,41.1,76.5,548.788,5.6
2024,9,3,6,30,0,41.5,76.5,546.564,5.5
2024,9,3,6,40,0,41.8,76.3,544.752,5.5
2024,9,3,6,50,0,42,76.5,544.284,5.7
2024,9,3,7,0,0,41.8,76.5,540.804,5.6
2024,9,3,7,10,0,41,77.3,542.984,5.9
2024,9,3,7,20,0,40.8,77.5,537.95,6.1
2024,9,3,7,30,0,39.7,78,533.644,5.8
2024,9,3,7,40,0,39,78.9,530.572,5.8
2024,9,3,7,50,0,38.1,79.6,526.96,5.8
2024,9,3,8,0,0,36.6,81,515.772,5.4
2024,9,3,8,10,0,35.3,81.9,504.56,5.2
2024,9,3,8,20,0,33.4,83.4,494.844,4.6
2024,9,3,8,30,0,32.7,84.4,486.548,4.3
2024,9,3,8,40,0,31.9,85.3,478.936,4.7
2024,9,3,8,50,0,31.6,85.9,469.996,4.9
2024,9,3,9,0,0,30.625,87.25,500.84,5.1
2024,9,3,9,10,0,29.4,88.3,485.95,4.8
2024,9,3,9,20,0,28.1,89.3,470.106,4.6
2024,9,3,9,30,0,27.8,90.3,462.426,4.4
2024,9,3,9,40,0,27,91.1,445.258,4.4
2024,9,3,9,50,0,26.3,92.1,432.798,4.1
2024,9,3,10,0,0,25,92.9,400.978,3.9
2024,9,3,10,10,0,24.1,93.9,382.494,3.6
2024,9,3,10,20,0,23.4,94.9,362.464,3.3
2024,9,3,10,30,0,22.5,96,358.676,3.2
2024,9,3,10,40,0,21.8,96.9,337.192,3.5
2024,9,3,10,50,0,21,98.3,321.654,3.2
2024,9,3,11,0,0,20.3,98.9,298.95,2.9
2024,9,3,11,10,0,19.6,100,285.978,2.8
2024,9,3,11,20,0,18.5,101.1,273.328,3
2024,9,3,11,30,0,18.3,101.6,256.436,2.9
2024,9,3,11,40,0,17.9,102.6,240.364,3.2
2024,9,3,11,50,0,17,103.2,223.428,3.2
2024,9,3,12,0,0,16.8,103.7,194.09,3
2024,9,3,12,10,0,16.3,104.5,171.67,3.2
2024,9,3,12,20,0,16.1,104.9,146.482,3.4
2024,9,3,12,30,0,16.4,105.7,136.902,3.1
2024,9,3,12,40,0,15.6,106.3,132.704,3.2
2024,9,3,12,50,0,15.5,107.2,116.234,3.2
2024,9,3,13,0,0,15,108.1,110.362,3
2024,9,3,13,10,0,14.3,108.5,96.78,2.9
2024,9,3,13,20,0,14.3,108.9,59.962,3.1
2024,9,3,13,30,0,14.5,109.3,70.922,3.1
2024,9,3,13,40,0,13.9,109.7,59.392,3.2
2024,9,3,13,50,0,13.6,110.3,50.64,3.4
2024,9,3,14,0,0,13.8,111.1,54.62,3.7
2024,9,3,14,10,0,13.6,112,64.83,3.7
2024,9,3,14,20,0,13.5,112,53.584,3.7
2024,9,3,14,30,0,13.4,112.5,53.304,4.4
2024,9,3,14,40,0,13.5,113.1,56.402,4.2
2024,9,3,14,50,0,13.5,113.5,54.906,4.4
2024,9,3,15,0,0,13.5,113.7,52.166,4.2
2024,9,3,15,10,0,13.4,114.4,72.474,4.4
2024,9,3,15,20,0,13.5,114.3,59.754,4.4
2024,9,3,15,30,0,13.5,114.3,54.752,5.1
2024,9,3,15,40,0,13.8,114.1,53.164,5.2
2024,9,3,15,50,0,14,114.4,58.258,5.3
2024,9,3,16,0,0,13.5,114.5,52.098,6.1
2024,9,3,16,10,0,13.5,114.6,58.22,6.9
2024,9,3,16,20,0,13.6,114.7,57.186,7.5
2024,9,3,16,30,0,13.6,114.5,59.41,8.4
2024,9,3,16,40,0,13.5,114.4,52.152,8.7
2024,9,3,16,50,0,13.5,114.4,55.092,10.1
2024,9,3,17,0,0,13.6,114.2,50.404,12.8
2024,9,3,17,10,0,14.1,114.1,54.15,13.2
2024,9,3,17,20,0,14.3,113.8,62.352,13.4
2024,9,3,17,30,0,14.2,113.5,57.614,14.7
2024,9,3,17,40,0,14.8,113.4,53.812,12.6
2024,9,3,17,50,0,15.3,112.5,55.154,12
2024,9,3,18,0,0,15.8,111.7,51.994,12.2
2024,9,3,18,10,0,16.3,111.1,50.234,12.9
2024,9,3,18,20,0,17,110.4,51.724,15.2
2024,9,3,18,30,0,17.4,109.3,53.066,14.9
2024,9,3,18,40,0,18.2,108.7,75.32,14.5
2024,9,3,18,50,0,18.7,107.8,100.328,15
2024,9,3,19,0,0,19.2,107,124.576,15.8
2024,9,3,19,10,0,19.6,105.8,148.156,15.8
2024,9,3,19,20,0,20.7,104.7,178.884,17
2024,9,3,19,30,0,21.3,104.1,261.698,16.7
2024,9,3,19,40,0,21.7,103.5,328.85,16.5
2024,9,3,19,50,0,22.2,102.7,374.882,13.4
2024,9,3,20,0,0,22.4,102,413.9,10.3
2024,9,3,20,10,0,22.1,101.5,406.584,9.4
2024,9,3,20,20,0,24.8,99.8,419.164,11.5
2024,9,3,20,30,0,25.2,98.8,463.384,11.8
2024,9,3,20,40,0,25.9,97.7,501.264,11.6
2024,9,3,20,50,0,26.8,96.9,525.53,11.6
2024,9,3,21,0,0,27.4,96.3,549.196,10.9
2024,9,3,21,10,0,27.7,95.5,555.07,9.9
2024,9,3,21,20,0,28,94.7,565.818,9.7
2024,9,3,21,30,0,27.9,94.5,565.936,9
2024,9,3,21,40,0,27.5,94.8,555.904,8.1
2024,9,3,21,50,0,27.3,94.7,554.84,8
2024,9,3,22,0,0,27.9,93.8,540.19,7.5
2024,9,3,22,10,0,28.4,93.5,534.634,7.1
2024,9,3,22,20,0,28.3,93.3,555.764,7
2024,9,3,22,30,0,28.1,92.5,548.858,6.6
2024,9,3,22,40,0,28.3,92.5,537.566,6.3
2024,9,3,22,50,0,28.1,92.7,554.94,6.5
2024,9,3,23,0,0,27.9,92.5,599.644,6.5
2024,9,3,23,10,0,27.7,92.5,604.156,6.5
2024,9,3,23,20,0,28,92.5,619.07,6.9
2024,9,3,23,30,0,28.7,91.5,634.956,7
2024,9,3,23,40,0,29.4,90.9,667.432,7.4
2024,9,3,23,50,0,30.2,90.3,683.904,7.2
2024,9,4,0,0,0,31,89.5,687.528,7.2
2024,9,4,0,10,0,31.6,89.2,697.372,7.2
2024,9,4,0,20,0,31.8,88.9,722.116,7.3
2024,9,4,0,30,0,32,88.5,720.754,7.6
2024,9,4,0,40,0,32,88.5,720.89,7.3
2024,9,4,0,50,0,32,88.5,748.162,7.1
2024,9,4,1,0,0,32.1,88.5,773.992,7.1
2024,9,4,1,10,0,32.3,88.3,778.082,6.9
2024,9,4,1,20,0,32.9,87.4,752.58,7.1
2024,9,4,1,30,0,33,87.5,756.146,7.5
2024,9,4,1,40,0,33,87.4,763.054,7.5
2024,9,4,1,50,0,33.3,86.8,769.772,9.1
2024,9,4,2,0,0,34,86.5,764.568,9.5
2024,9,4,2,10,0,33.7,86.6,756.844,9.4
2024,9,4,2,20,0,34.6,85.6,744.136,8.5
2024,9,4,2,30,0,34,86.5,756.03,7
2024,9,4,2,40,0,33.3,86.5,761.196,6.8
2024,9,4,2,50,0,33.4,86.2,762.912,6.6
2024,9,4,3,0,0,33.1,86.5,753.61,6.6
2024,9,4,3,10,0,34.3,85.7,750.23,7.6
2024,9,4,3,20,0,34.5,85.3,735.756,7.2
2024,9,4,3,30,0,35.3,84.5,714.036,7.1
2024,9,4,3,40,0,35,84.9,707.666,7
2024,9,4,3,50,0,35.2,85.1,720.6,7.4
2024,9,4,4,0,0,36,84.5,729.582,7.5
2024,9,4,4,10,0,36.1,84.5,732.692,7.9
2024,9,4,4,20,0,36.6,84.8,749.678,8.7
2024,9,4,4,30,0,36.2,84.5,754.192,8.8
2024,9,4,4,40,0,37,83.6,756.532,8.4
2024,9,4,4,50,0,36.7,83.4,750.562,8.1
2024,9,4,5,0,0,36.5,83.2,754.768,7.6
2024,9,4,5,10,0,36.7,82.7,759.64,7.5
2024,9,4,5,20,0,36.5,82.7,750.138,7.4
2024,9,4,5,30,0,36.9,81.9,739.966,7.2
2024,9,4,5,40,0,37,81.5,733.616,6.9
2024,9,4,5,50,0,37,81.6,742.046,7.4
2024,9,4,6,0,0,37,81.7,742.878,7
2024,9,4,6,10,0,37.3,81.5,743.634,7.2
2024,9,4,6,20,0,38,81.5,740.656,7.4
2024,9,4,6,30,0,37.8,81.6,740.088,7.1
2024,9,4,6,40,0,38.6,80.9,726.866,7.2
2024,9,4,6,50,0,38.4,81.5,725.378,7.1
2024,9,4,7,0,0,37.6,81.7,731.412,7.4
2024,9,4,7,10,0,37,82.1,724.212,7.7
2024,9,4,7,20,0,36.6,83.1,716.216,7.7
2024,9,4,7,30,0,35.2,84.3,703.478,7.9
2024,9,4,7,40,0,32.7,85.9,695.304,8.1
2024,9,4,7,50,0,30.8,87.2,677.33,8.4
2024,9,4,8,0,0,30.3,88.3,663.48,8.3
2024,9,4,8,10,0,28.5,89.5,614.962,7
2024,9,4,8,20,0,26.8,91.1,568.164,7.9
2024,9,4,8,30,0,26.3,91.7,573.376,8.6
2024,9,4,8,40,0,25.7,93.2,596.996,9.1
2024,9,4,8,50,0,25.3,93.9,597.188,9.1
2024,9,4,9,0,0,23.7,95.2,567.606,9.3
2024,9,4,9,10,0,21.2,96.1,510.378,8.6
2024,9,4,9,20,0,19.6,96.9,438.194,8.3
2024,9,4,9,30,0,19.3,98.3,415.574,6.1
2024,9,4,9,40,0,19.1,99.3,378.892,6.9
2024,9,4,9,50,0,18.9,99.9,357.964,6.6
2024,9,4,10,0,0,17.7,100.9,378.976,5.5
2024,9,4,10,10,0,17.3,102,318.63,5.7
2024,9,4,10,20,0,17,102.7,275.544,6.5
2024,9,4,10,30,0,17.1,103.9,262.05,6.7
2024,9,4,10,40,0,16,104.5,232.072,5.6
2024,9,4,10,50,0,16.3,105.7,205.75,5.4
2024,9,4,11,0,0,15.2,106.5,226.078,4.4
2024,9,4,11,10,0,13.8,107.3,205.118,4.3
2024,9,4,11,20,0,14.4,108.3,171.558,4.6
2024,9,4,11,30,0,13.9,108.9,164.47,4.9
2024,9,4,11,40,0,13.7,109.5,131.748,4.8
2024,9,4,11,50,0,12.8,109.7,72.122,5
2024,9,4,12,0,0,12.9,109.7,51.194,5.1
2024,9,4,12,10,0,12.7,109.7,50,5.3
2024,9,4,12,20,0,12.6,110.5,50,5.2
2024,9,4,12,30,0,12.5,111.1,50.092,5.5
2024,9,4,12,40,0,12.5,111.5,55.036,6.3
2024,9,4,12,50,0,12.4,112.3,55.83,5.5
2024,9,4,13,0,0,12.4,112.3,55.324,4.8
2024,9,4,13,10,0,12.2,113.5,113.776,4.7
2024,9,4,13,20,0,11.8,114.5,136.546,4.3
2024,9,4,13,30,0,11.4,115.3,141.928,4.5
2024,9,4,13,40,0,10.9,116.4,156.844,4.1
2024,9,4,13,50,0,10.5,117.1,181.006,4
2024,9,4,14,0,0,10.4,118.1,227.344,3.5
2024,9,4,14,10,0,10.3,117.7,242.982,3.6
2024,9,4,14,20,0,10.2,118.1,218.2,3.8
2024,9,4,14,30,0,10,118.7,237.516,3.5
2024,9,4,14,40,0,9.6,119.2,280.796,3.3
2024,9,4,14,50,0,9.3,118.9,320.65,3
2024,9,4,15,0,0,8.9,119.1,341.822,2.8
2024,9,4,15,10,0,8.6,119.4,355.752,2.6
2024,9,4,15,20,0,9,119.5,391.87,2.8
2024,9,4,15,30,0,8.7,119.5,396.186,2.8
2024,9,4,15,40,0,8.8,119.5,393.412,2.7
2024,9,4,15,50,0,8.6,119.5,406.154,2.5
2024,9,4,16,0,0,8.8,119.5,428.438,2.5
2024,9,4,16,10,0,8.8,119.5,435.766,2.6
2024,9,4,16,20,0,8.9,119.5,450.394,2.6
2024,9,4,16,30,0,9,119.6,437.338,2.6
2024,9,4,16,40,0,8.9,119.8,430.026,2.5
2024,9,4,16,50,0,8.5,119.6,415.926,2.4
2024,9,4,17,0,0,8.7,118.7,398.05,2.4
2024,9,4,17,10,0,8.6,118.5,387.982,2.6
2024,9,4,17,20,0,8.8,118.1,410.134,2.6
2024,9,4,17,30,0,9.5,117.5,403.88,2.5
2024,9,4,17,40,0,9.5,117.4,390.83,2.5
2024,9,4,17,50,0,9.5,116.5,395.408,2.4
2024,9,4,18,0,0,9.5,116.0835,404.935,2.3
2024,9,4,18,10,0,10.1,115,387.57,2.4
2024,9,4,18,20,0,10.6,114.3,372.62,2.5
2024,9,4,18,30,0,11.3,113.2,376.202,2.5
2024,9,4,18,40,0,11.5,112.5,410.093,2.8
2024,9,4,18,50,0,12.2,112.4,467.096,2.6
2024,9,4,19,0,0,12.5,111,499.206,3.4
2024,9,4,19,10,0,14.5,110.1,527.964,3
2024,9,4,19,20,0,15.9,109.2,599.292,2.9
2024,9,4,19,30,0,17.3,108,624.38,3.4
2024,9,4,19,40,0,17.6,106.7,645.884,3.2
2024,9,4,19,50,0,18.8,105.4,699.914,3.3
2024,9,4,20,0,0,18.9,104.4,697.272,3.1
2024,9,4,20,10,0,18.7,103.6,686.772,2.9
2024,9,4,20,20,0,19.6,102.9,694.922,3.2
2024,9,4,20,30,0,20.4,102.1,709.364,3.3
2024,9,4,20,40,0,20.8,101.5,679.902,3.2
2024,9,4,20,50,0,21.2,100.9,648.042,3.9
2024,9,4,21,0,0,22.9,100.3,671.638,5
2024,9,4,21,10,0,23.5,99.5,653.788,4
2024,9,4,21,20,0,23.1,99.3,675.814,3.9
2024,9,4,21,30,0,23.1,98.5,664.616,3.8
2024,9,4,21,40,0,25.5,97.3,674.058,4.2
2024,9,4,21,50,0,25.4,96.5,657.632,4.1
2024,9,4,22,0,0,23.5,97.4,600.002,3.9
2024,9,4,22,10,0,23.1,97.5,571.554,3.8
2024,9,4,22,20,0,22.5,97.6,499.66,4.4
2024,9,4,22,30,0,22.8,97.7,458.104,4.7
2024,9,4,22,40,0,23.4,97.5,451.7,4.9
2024,9,4,22,50,0,23.4,97.5,460.674,5
2024,9,4,23,0,0,24.1,96.7,466.338,5.1
2024,9,4,23,10,0,24.4,96.5,481.434,5.4
2024,9,4,23,20,0,25.2,96,500.836,5.6
2024,9,4,23,30,0,26.2,95.1,519.688,5.7
2024,9,4,23,40,0,27,94.5,538.006,5.9
2024,9,4,23,50,0,27.1,93.9,558.786,6
2024,9,5,0,0,0,27.5,93.5,572.54,6.2
2024,9,5,0,10,0,27.4,93.5,575.334,6.7
2024,9,5,0,20,0,28.4,92.5,559.578,6.9
2024,9,5,0,30,0,29.1,91.5,553.194,7.2
2024,9,5,0,40,0,28.8,91.5,554.894,7.2
2024,9,5,0,50,0,28,91,541.268,6.9
2024,9,5,1,0,0,27.5,90.5,520.414,6.3
2024,9,5,1,10,0,27,90.5,506.88,6.2
2024,9,5,1,20,0,26.4,90.3,491.542,6.1
2024,9,5,1,30,0,26.7,89.5,493.078,6.2
2024,9,5,1,40,0,26.5,89.5,495.034,6.2
2024,9,5,1,50,0,26.7,89.1,496.02,6.1
2024,9,5,2,0,0,27.2,88.5,499.078,6.2
2024,9,5,2,10,0,27.5,88.3,498.2,6
2024,9,5,2,20,0,27.5,87.6,493.436,5.9
2024,9,5,2,30,0,27.7,87.5,495.994,5.7
2024,9,5,2,40,0,28.5,86.9,502.164,6
2024,9,5,2,50,0,28.9,86.6,524.212,6.3
2024,9,5,3,0,0,29.5,86.3,526.066,6.2
2024,9,5,3,10,0,29.7,85.6,521.274,6.3
2024,9,5,3,20,0,30,85.5,516.21,6.2
2024,9,5,3,30,0,30.4,85.5,509.404,6.5
2024,9,5,3,40,0,30.5,85.1,514.704,7.1
2024,9,5,3,50,0,30.2,85.4,516.088,6.5
2024,9,5,4,0,0,30.6,84.7,515.342,6.8
2024,9,5,4,10,0,31.5,84.5,527.246,6.4
2024,9,5,4,20,0,31.5,84.4,535.124,6.6
2024,9,5,4,30,0,31.5,83.7,528.936,6.5
2024,9,5,4,40,0,32.2,83.5,523.686,6.9
2024,9,5,4,50,0,32.5,83.3,526.41,7
2024,9,5,5,0,0,33.4,82.6,530.41,7.2
2024,9,5,5,10,0,33.1,82.5,532.55,7.6
2024,9,5,5,20,0,33.4,82.5,533.934,8.1
2024,9,5,5,30,0,33.6,82.5,538.166,7.7
2024,9,5,5,40,0,33.8,82.5,541.486,7.8
2024,9,5,5,50,0,34,81.5,541.084,8.2
2024,9,5,6,0,0,34.2,81.5,541.754,8.5
2024,9,5,6,10,0,34.9,81.5,546.418,8.5
2024,9,5,6,20,0,34.9,81.5,551.044,8.3
2024,9,5,6,30,0,34,81.5,541.542,8
2024,9,5,6,40,0,34.1,81.6,535.572,7.7
2024,9,5,6,50,0,34.6,81.5,537.782,8.1
2024,9,5,7,0,0,35,81.4,536.706,8.6
2024,9,5,7,10,0,34.8,81.5,545.394,9
2024,9,5,7,20,0,34.5,82.3,550.074,8.3
2024,9,5,7,30,0,33.5,83,533.072,8.1
2024,9,5,7,40,0,33.1,83.6,533.42,8.5
2024,9,5,7,50,0,32.6,84.8,521.966,8.5
2024,9,5,8,0,0,31.6,85.6,507.178,7.5
2024,9,5,8,10,0,31.3,87,503.504,7.6
2024,9,5,8,20,0,30.6,87.9,498.564,8.4
2024,9,5,8,30,0,29.8,89.2,495.86,8.8
2024,9,5,8,40,0,29.3,90.3,484.796,8.9
2024,9,5,8,50,0,29,91.5,465.892,9.6
2024,9,5,9,0,0,28.2,92.4,443.704,9.6
2024,9,5,9,10,0,27.6,93.4,422.426,9.5
2024,9,5,9,20,0,27.1,94.5,401.654,9.7
2024,9,5,9,30,0,26.4,95.4,372.372,9.2
2024,9,5,9,40,0,25.8,96.6,345.462,11
2024,9,5,9,50,0,25.1,98,317.214,9.5
2024,9,5,10,0,0,24.6,99,293.316,9.7
2024,9,5,10,10,0,23.7,100.1,268.774,10.4
2024,9,5,10,20,0,22.9,101.3,231.338,10.4
2024,9,5,10,30,0,22.5,102.3,205.564,10.5
2024,9,5,10,40,0,21.9,103.4,164.648,10.4
2024,9,5,10,50,0,21.9,104.3,124.764,10.5
2024,9,5,11,0,0,21.1,105.5,74.22,10.9
2024,9,5,11,10,0,20.6,106.1,50.024,11.2
2024,9,5,11,20,0,20,107,50.426,11.2
2024,9,5,11,30,0,20,107.6665,51.015,11.1
2024,9,5,11,40,0,19.2,108.9,50,11.1
2024,9,5,11,50,0,18.5,109.5,50,10.7
2024,9,5,12,0,0,18.1,110.1,50,11
2024,9,5,12,10,0,17.7,110.6,50,11.1
2024,9,5,12,20,0,17.1,111.7,50,11.1
2024,9,5,12,30,0,16.7,112.5,50,11.3
2024,9,5,12,40,0,16.1,112.7,50,11.6
2024,9,5,12,50,0,15.3,113.5,50,11.9
2024,9,5,13,0,0,14.9,113.9,50,10.9
2024,9,5,13,10,0,14.1,114.7,54.824,9.4
2024,9,5,13,20,0,12.9,115.5,66.486,7.6
2024,9,5,13,30,0,12.1,115.7,104.304,6.3
2024,9,5,13,40,0,12,116.6,113.494,6
2024,9,5,13,50,0,11.4,117.5,130.098,5.7
2024,9,5,14,0,0,11,117.5,212.054,4.8
2024,9,5,14,10,0,11.3,117.7,262.956,4.6
2024,9,5,14,20,0,11.4,118.2,226.454,4.4
2024,9,5,14,30,0,10.7,118.5,251.774,4.5
2024,9,5,14,40,0,10.5,118.5,284.814,4.5
2024,9,5,14,50,0,10.5,118.5,292.884,4.4
2024,9,5,15,0,0,10.1,119.2,303.528,4.1
2024,9,5,15,10,0,9,119.5,354.952,3.2
2024,9,5,15,20,0,8.8,119.5,402.594,3.2
2024,9,5,15,30,0,8.5,119.5,420.48,2.8
2024,9,5,15,40,0,8.5,119.3,442.008,2.6
2024,9,5,15,50,0,8.5,119.5,457.318,2.8
2024,9,5,16,0,0,8.5,119.4,454.634,3
2024,9,5,16,10,0,8.5,119.4,455.166,2.9
2024,9,5,16,20,0,8.6,119.3,452.47,3
2024,9,5,16,30,0,8.8,118.9,466.254,3
2024,9,5,16,40,0,8.5,119.2,461.512,3.2
2024,9,5,16,50,0,8.5,119.2,456.848,3.3
2024,9,5,17,0,0,8.9,118.5,434.794,3.5
2024,9,5,17,10,0,8.5,118.4,433.77,3.9
2024,9,5,17,20,0,9.2,117.5,416.022,4.1
2024,9,5,17,30,0,9.9,116.8,407.688,4.1
2024,9,5,17,40,0,10.2,116.2,391.364,4.4
2024,9,5,17,50,0,11.3,115.2,380.658,5.1
2024,9,5,18,0,0,11.7,114.3,406.388,5.2
2024,9,5,18,10,0,12.3,113.2,403.63,5
2024,9,5,18,20,0,13.1,112.3,411.846,5.5
2024,9,5,18,30,0,15.4,110.7,433.422,5.8
2024,9,5,18,40,0,15.3,109.3,445.174,5.9
2024,9,5,18,50,0,16.4,108.3,472.396,5.9
2024,9,5,19,0,0,17.5,107.1,482.804,7.2
2024,9,5,19,10,0,17.4,106.3,476.702,8.1
2024,9,5,19,20,0,17.5,105.5,455.614,8.8
2024,9,5,19,30,0,17.9,104.5,441.15,13.1
2024,9,5,19,40,0,18.7,103.2,537.334,32.3
2024,9,5,19,50,0,19.4,102.5,500.772,10.3
2024,9,5,20,0,0,19.6,101.5,450.012,7.7
2024,9,5,20,10,0,19.8,100.7,429.454,7.4
2024,9,5,20,20,0,20.5,100.3,420.63,7.2
2024,9,5,20,30,0,20.9,99.5,423.972,6.7
2024,9,5,20,40,0,21,99,453.622,6
2024,9,5,20,50,0,21.6,98.5,457.11,5.8
2024,9,5,21,0,0,21.7,97.9,464.212,5.6
2024,9,5,21,10,0,22.4,97.1,465.818,5.8
2024,9,5,21,20,0,22.6,96.5,487.564,5.7
2024,9,5,21,30,0,23.1,96.5,521.634,4.9
2024,9,5,21,40,0,23.6,96.1,557.584,4.9
2024,9,5,21,50,0,23.9,95.5,570.366,5.2
2024,9,5,22,0,0,24.2,95.4,573.758,5.1
2024,9,5,22,10,0,24.5,94.5,594.92,4.9
2024,9,5,22,20,0,24.5,94.5,591.314,4.9
2024,9,5,22,30,0,25,93.9,594.176,4.8
2024,9,5,22,40,0,25.3,93.5,602.738,5
2024,9,5,22,50,0,25.3,93.1,608.578,4.6
2024,9,5,23,0,0,26.1,92.5,592.266,4.8
2024,9,5,23,10,0,26.5,91.5,598.744,4.7
2024,9,5,23,20,0,26.2,91.5,584.27,4.3
2024,9,5,23,30,0,26.2,91.4,578.032,4.4
2024,9,5,23,40,0,25.8,91.1,576.434,4.3
2024,9,5,23,50,0,24.9,91.6,580.814,3.9
2024,9,6,0,0,0,24.2,91.5,573.888,3.7
2024,9,6,0,10,0,25.5,90.5,564.942,3.7
2024,9,6,0,20,0,25.8,90.5,589.73,3.8
2024,9,6,0,30,0,26.5,90.3,610.258,4
2024,9,6,0,40,0,26.7,89.7,611.396,4.2
2024,9,6,0,50,0,27.2,89.8,614.324,3.9
2024,9,6,1,0,0,28.3,88.9,624.754,4
2024,9,6,1,10,0,28.3,89.2,632.176,4.2
2024,9,6,1,20,0,29.1,88.2,649.172,4.1
2024,9,6,1,30,0,29.2,87.5,631.382,4.1
2024,9,6,1,40,0,28.7,87.8,611.348,3.9
2024,9,6,1,50,0,28.8,87.5,590.258,4.2
2024,9,6,2,0,0,29,87.4,585.218,4.2
2024,9,6,2,10,0,29.1,86.9,586.496,4.3
2024,9,6,2,20,0,29,86.5,595.268,4.3
2024,9,6,2,30,0,29.4,86.5,604.5,4.7
2024,9,6,2,40,0,29.4,86.2,600.012,4.4
2024,9,6,2,50,0,29.7,85.7,593.878,4.4
2024,9,6,3,0,0,30,85.2,593.574,4.1
2024,9,6,3,10,0,30.1,84.5,595.29,4
2024,9,6,3,20,0,30.3,84.5,604.616,4
2024,9,6,3,30,0,29.9,84.7,615.648,4
2024,9,6,3,40,0,30.1,84.5,619.272,3.6
2024,9,6,3,50,0,29.5,84.7,625.316,3.7
2024,9,6,4,0,0,30,84.5,626.336,3.8
2024,9,6,4,10,0,30.2,84.5,610.662,4.2
2024,9,6,4,20,0,29.3,84.7,605.072,3.7
2024,9,6,4,30,0,29.2,84.7,597.366,3.7
2024,9,6,4,40,0,28.3,84.5,592.794,3.5
2024,9,6,4,50,0,28.5,84.5,581.044,3.7
2024,9,6,5,0,0,29.1,83.9,580.822,3.7
2024,9,6,5,10,0,29,83.5,582.018,3.4
2024,9,6,5,20,0,28.6,84,583.79,3.5
2024,9,6,5,30,0,28.6,83.7,588.926,3.3
2024,9,6,5,40,0,28.6,84.2,589.53,3.4
2024,9,6,5,50,0,29.5,83.3,583.804,3.6
2024,9,6,6,0,0,29.9,83.3,589.382,3.6
2024,9,6,6,10,0,30.3,82.5,591.004,3.9
2024,9,6,6,20,0,30.4,82.7,595.002,4.1
2024,9,6,6,30,0,30.5,82.5,603.714,4.3
2024,9,6,6,40,0,31,82.7,603.992,4.3
2024,9,6,6,50,0,30.4,82.6,586.47,3.7
2024,9,6,7,0,0,30.4,82.5,586.804,3.9
2024,9,6,7,10,0,30.5,83.1,592.004,4
2024,9,6,7,20,0,30.6,83.2,592.974,3.9
2024,9,6,7,30,0,29.6,83.5,592.472,3.9
2024,9,6,7,40,0,29.1,84.3,579.262,3.6
2024,9,6,7,50,0,28.3,85.2,567.6,3.5
2024,9,6,8,0,0,27.6,86.3,557.34,3.5
2024,9,6,8,10,0,26.1,87.9,551.606,3.5
2024,9,6,8,20,0,24.3,88.7,532.642,3.2
2024,9,6,8,30,0,23.5,89.4,516.292,3.2
2024,9,6,8,40,0,23.6,89.9,509.438,3.7
2024,9,6,8,50,0,24,90.9,510.306,3.2
2024,9,6,9,0,0,24.3,91.9,511.79,3.6
2024,9,6,9,10,0,24,93.1,508.046,4.5
2024,9,6,9,20,0,24.3,93.8,490.254,5.1
2024,9,6,9,30,0,23.9,95.1,476.944,6.8
2024,9,6,9,40,0,23.9,95.7,459.27,5.9
2024,9,6,9,50,0,23.8,96.1,441.498,5.7
2024,9,6,10,0,0,23.7,96.6,414.294,6.1
2024,9,6,10,10,0,23.1,97.5,391.838,6.7
2024,9,6,10,20,0,22.7,98.7,376.876,6.4
2024,9,6,10,30,0,22.4,99.7,355.532,5.9
2024,9,6,10,40,0,21.5,100.9,310.198,6.1
2024,9,6,10,50,0,20.7,101.5,276.614,6
2024,9,6,11,0,0,19.9,102.5,230.788,5.5
2024,9,6,11,10,0,18.6,103.2,166.128,5.4
2024,9,6,11,20,0,18.3,104.1,136.38,5
2024,9,6,11,30,0,17.6,105.1,112.624,5.2
2024,9,6,11,40,0,17.5,105.5,66.882,5.2
2024,9,6,11,50,0,17,106.3,50.258,5.4
2024,9,6,12,0,0,16.9,107.3,50.01,5.5
2024,9,6,12,10,0,16.3,107.9,50,5.1
2024,9,6,12,20,0,15.9,108.9,51.778,5.5
2024,9,6,12,30,0,16,109.9,51.074,6.1
2024,9,6,12,40,0,15.8,110.7,50.856,6.5
2024,9,6,12,50,0,15.4,111.1,50,8.6
2024,9,6,13,0,0,14.8,111.7,50,7.4
2024,9,6,13,10,0,14.9,112,50,7.1
2024,9,6,13,20,0,14.6,113.3,50,5.9
2024,9,6,13,30,0,14.6,113.6,66.95,5.7
2024,9,6,13,40,0,14,114.5,50,5.6
2024,9,6,13,50,0,14.3335,114.5,59.465,5.8
2024,9,6,14,0,0,14.1,115.4,51.424,5.5
2024,9,6,14,10,0,14,115.7,50.29,5.4
2024,9,6,14,20,0,13.9,116.5,63.274,5.3
2024,9,6,14,30,0,13.1,116.5,52.036,5.2
2024,9,6,14,40,0,13,117.1,52.894,5.3
2024,9,6,14,50,0,13,117.5,52.188,5.3
2024,9,6,15,0,0,13,117.5,53.748,5.1
2024,9,6,15,10,0,13,117.5,56.806,5.3
2024,9,6,15,20,0,12.7,117.9,55.49,5.1
2024,9,6,15,30,0,12,118.5,63.698,4.9
2024,9,6,15,40,0,11.8,118.5,83.51,5
2024,9,6,15,50,0,11.6,118.5,106.222,5.5
2024,9,6,16,0,0,11.5,118.6,131.88,5.1
2024,9,6,16,10,0,11.4,118.5,161.694,5.1
2024,9,6,16,20,0,11.9,118.5,168.246,4.9
2024,9,6,16,30,0,11.8,118.5,161.07,5.4
2024,9,6,16,40,0,11.8,118.5,157.5,5.3
2024,9,6,16,50,0,11.7,118.5,160.886,5.3
2024,9,6,17,0,0,11.9,117.4,171.874,5.3
2024,9,6,17,10,0,12,117.5,176.362,5.4
2024,9,6,17,20,0,12,117.2,151.874,5.6
2024,9,6,17,30,0,12,116.5,116.476,5.6
2024,9,6,17,40,0,12,115.7,102.232,5.8
2024,9,6,17,50,0,12.6,115.1,78.124,5.9
2024,9,6,18,0,0,12.8,114.5,51.97,5.8
2024,9,6,18,10,0,13.3,113.6,80.59,6.2
2024,9,6,18,20,0,13.9,113,150.996,6.2
2024,9,6,18,30,0,14.4,112,261.7,6.7
2024,9,6,18,40,0,17.1,110.8,378.528,7.1
2024,9,6,18,50,0,16.9,109.7,485.678,6.9
2024,9,6,19,0,0,17.9,108.1,542.088,6.9
2024,9,6,19,10,0,19.7,107.2,636.372,6.8
2024,9,6,19,20,0,19.9,106.1,688.19,7.2
2024,9,6,19,30,0,20.8,105.1,713.294,10.2
2024,9,6,19,40,0,21,104.2,736.166,8.6
2024,9,6,19,50,0,21.5,103.3,735.76,7.5
2024,9,6,20,0,0,21.2,102.5,722.354,5.9
2024,9,6,20,10,0,21.6,101.7,719.408,5.5
2024,9,6,20,20,0,21.5,101.2,739.674,5.4
2024,9,6,20,30,0,21.5,100.5,763.246,5.3
2024,9,6,20,40,0,21.8,100.1,793.32,5.1
2024,9,6,20,50,0,22.5,99.4,798.188,4.5
2024,9,6,21,0,0,23.2,98.5,798.206,4.7
2024,9,6,21,10,0,23.7,97.8,802.746,5.1
2024,9,6,21,20,0,23.5,97.5,816.082,4.9
2024,9,6,21,30,0,24,97,819.582,4.7
2024,9,6,21,40,0,23.9,96.5,827.502,4.6
2024,9,6,21,50,0,24.1,96.3,828.706,4.2
2024,9,6,22,0,0,24.5,95.5,855.974,4
2024,9,6,22,10,0,25.1,95.5,848.848,4.1
2024,9,6,22,20,0,25.1,94.5,853.5,4.2
2024,9,6,22,30,0,25.2,94.5,835.972,4
2024,9,6,22,40,0,25.6,93.7,842.584,4
2024,9,6,22,50,0,25.5,93.5,847.966,3.6
2024,9,6,23,0,0,25.5,93.5,827.896,3.4
2024,9,6,23,10,0,25.3,93.3,805.454,3.5
2024,9,6,23,20,0,25.6,92.5,809.484,3.6
2024,9,6,23,30,0,26,92.5,803.464,3.9
2024,9,6,23,40,0,26.2,91.7,807.354,3.6
2024,9,6,23,50,0,25.8,91.5,811.67,3.6
2024,9,7,0,0,0,25.5,91.4,821.784,3.5
2024,9,7,0,10,0,25.5,90.5,819.33,3.3
2024,9,7,0,20,0,24.7,91.1,824.038,3.1
2024,9,7,0,30,0,24.4,90.8,819.01,3.2
2024,9,7,0,40,0,24.7,90.7,814.39,3.2
2024,9,7,0,50,0,24.7,90.2,811.056,3.1
2024,9,7,1,0,0,24.9,89.7,808.926,2.7
2024,9,7,1,10,0,25.3,89.5,797.438,2.7
2024,9,7,1,20,0,25,89.5,790.924,2.4
2024,9,7,1,30,0,25.5,88.6,787.452,2.4
2024,9,7,1,40,0,25.5,88.5,787.428,2.5
2024,9,7,1,50,0,25.5,88.4,780.24,2.4
2024,9,7,2,0,0,25.5,88.1,772.684,2.4
2024,9,7,2,10,0,26.2,87.6,783.386,2.4
2024,9,7,2,20,0,26.5,87.5,792.274,2.6
2024,9,7,2,30,0,27.1,87.5,787.018,2.7
2024,9,7,2,40,0,27.4,87.1,786.564,2.7
2024,9,7,2,50,0,28.2,86.5,787.118,2.6
2024,9,7,3,0,0,28.4,86.5,784.832,2.5
2024,9,7,3,10,0,28.5,86.3,781.708,2.6
2024,9,7,3,20,0,28.9,85.5,778.444,2.7
2024,9,7,3,30,0,28.5,85.5,773.834,2.6
2024,9,7,3,40,0,29.4,85.4,768.33,2.6
2024,9,7,3,50,0,29.5,84.9,759.866,2.7
2024,9,7,4,0,0,30.2,84.7,755.798,2.8
2024,9,7,4,10,0,30,84.9,760.18,3.1
2024,9,7,4,20,0,30.3,84.7,764.498,3.1
2024,9,7,4,30,0,30.4,84.5,777.264,3.6
2024,9,7,4,40,0,30.7,84.5,776.172,3.5
2024,9,7,4,50,0,30.2,84.7,774.808,3.2
2024,9,7,5,0,0,30.9,84.7,772.126,3.1
2024,9,7,5,10,0,30.7,84.5,766.166,3.4
2024,9,7,5,20,0,31.5,83.5,756.674,3.4
2024,9,7,5,30,0,32.1,83.5,758.632,3.6
2024,9,7,5,40,0,32.6,83.5,763.958,3.5
2024,9,7,5,50,0,34,82.1,760.174,3.3
2024,9,7,6,0,0,34.1,82.3,750.456,3.9
2024,9,7,6,10,0,33.4,82.3,739.854,3.7
2024,9,7,6,20,0,33.4,82,740.318,4
2024,9,7,6,30,0,34,81.5,742.69,3.9
2024,9,7,6,40,0,33.8,82.1,739.402,4.1
2024,9,7,6,50,0,34.4,81.5,734.624,3.9
2024,9,7,7,0,0,33.8,81.7,731.972,4.1
2024,9,7,7,10,0,33.6,82.4,723.958,4.3
2024,9,7,7,20,0,34,81.7,727.624,4.5
2024,9,7,7,30,0,33.2,83.1,722.654,4.7
2024,9,7,7,40,0,33.2,83,724.064,4.9
2024,9,7,7,50,0,32.6,83.5,710.82,5.1
2024,9,7,8,0,0,32,84.4,706.696,7
2024,9,7,8,10,0,30.7,85.7,695.618,5.2
2024,9,7,8,20,0,29.8,86.7,678.064,6.6
2024,9,7,8,30,0,29.1,87.9,669.548,5
2024,9,7,8,40,0,27.6,88.8,656.462,5.4
2024,9,7,8,50,0,27.1,89.7,641.042,5.3
2024,9,7,9,0,0,25.8,90.6,620.896,4.2
2024,9,7,9,10,0,25.5,91.7,613.216,4.1
2024,9,7,9,20,0,24.1,93,595.126,3.9
2024,9,7,9,30,0,23.4,93.9,574.808,3.6
2024,9,7,9,40,0,22.5,95.1,559.854,3.9
2024,9,7,9,50,0,22.3,96.3,536.02,3.7
2024,9,7,10,0,0,21.5,96.9,505.386,3.5
2024,9,7,10,10,0,20.7,98.2,476.184,3.8
2024,9,7,10,20,0,20.875,99.25,461.745,5.5
2024,9,7,10,30,0,19.625,100.5,442.233,11.1
2024,9,7,10,40,0,19.5,100.6,439.52,12.1
2024,9,7,10,50,0,19.2,102.2,423.308,6.7
2024,9,7,11,0,0,18.4,103.3,400.176,3.7
2024,9,7,11,10,0,18,104.3,373.166,3.5
2024,9,7,11,20,0,16.8,105.1,354.218,3.6
2024,9,7,11,30,0,16.2,106.4,342.13,3.3
2024,9,7,11,40,0,14.8,107.5,317.526,3.1
2024,9,7,11,50,0,14.5,107.7,301.346,3.2
2024,9,7,12,0,0,14,108.5,288.29,3.4
2024,9,7,12,10,0,14.1,109.1,256.752,3.7
2024,9,7,12,20,0,13.5,110.5,246.04,3.7
2024,9,7,12,30,0,14,111.1,222.254,4.7
2024,9,7,12,40,0,14.1,111.9,203.04,5
2024,9,7,12,50,0,14.1,112.8,187.966,3.9
2024,9,7,13,0,0,13.8,113.5,160.964,3.8
2024,9,7,13,10,0,12.7,113.9,140.404,3.4
2024,9,7,13,20,0,12.5,113.9,138.75,3.4
2024,9,7,13,30,0,12.8,114.9,127.116,4.4
2024,9,7,13,40,0,12.3,115.5,78.294,4.5
2024,9,7,13,50,0,12.1,115.9,59.93,3.9
2024,9,7,14,0,0,11.8,116.5,78.088,3.3
2024,9,7,14,10,0,11.1,116.6,111.248,2.7
2024,9,7,14,20,0,10.5,116.7,142.778,2.6
2024,9,7,14,30,0,10.3,117.4,155.682,2.3
2024,9,7,14,40,0,9.8,117.5,212.168,2.1
2024,9,7,14,50,0,9.6,117.9,226.556,1.9
2024,9,7,15,0,0,9.5,117.9,238.448,1.8
2024,9,7,15,10,0,9.5,117.5,245.334,1.8
2024,9,7,15,20,0,9.5,118.3,251.766,1.8
2024,9,7,15,30,0,9.5,118.3,234.436,2.2
2024,9,7,15,40,0,9.3,118.5,235.55,1.9
2024,9,7,15,50,0,9.5,118.7,232.558,2.3
2024,9,7,16,0,0,9.5,119.1,225.404,2.5
2024,9,7,16,10,0,9.5,119.2,221.324,2.3
2024,9,7,16,20,0,9.5,119.5,228.588,2.4
2024,9,7,16,30,0,9.5,119.5,224.482,2.5
2024,9,7,16,40,0,9.5,119.3,221.428,2.2
2024,9,7,16,50,0,9.5,119.3,230.308,2.2
2024,9,7,17,0,0,9.5,118.8,248.374,2.2
2024,9,7,17,10,0,9.5,119,268.876,2
2024,9,7,17,20,0,8.9,118.4,255.318,1.9
2024,9,7,17,30,0,9.6,117.5,256.582,2
2024,9,7,17,40,0,9.8,116.6,268.478,2.1
2024,9,7,17,50,0,10.5,115.7,261.996,2
2024,9,7,18,0,0,11.1,115.3,269.598,2
2024,9,7,18,10,0,11.5,114.5,284.288,2.1
2024,9,7,18,20,0,12.1,113.7,305.584,2.1
2024,9,7,18,30,0,12.9,112.6,324.536,2
2024,9,7,18,40,0,13.9,111.1,358.908,2.4
2024,9,7,18,50,0,14.4,110,397.248,3.3
2024,9,7,19,0,0,14.5,108.9,419.728,2.3
2024,9,7,19,10,0,14.6,108.4,424.786,1.9
2024,9,7,19,20,0,15.5,107.3,431.002,1.8
2024,9,7,19,30,0,16.7,106.7,462.778,2.1
2024,9,7,19,40,0,17.9,106.1,500.53,4.6
2024,9,7,19,50,0,18.6,105.1,519.672,4.5
2024,9,7,20,0,0,18.9,104.5,524.438,4
2024,9,7,20,10,0,18.9,103.5,515.272,2.7
2024,9,7,20,20,0,19.5,102.9,532.682,4.5
2024,9,7,20,30,0,20.3,101.7,538.164,6.9
2024,9,7,20,40,0,21.4,100.7,545.322,2.9
2024,9,7,20,50,0,22.1,99.6,537.13,2.8
2024,9,7,21,0,0,22.5,98.7,534.938,3.4
2024,9,7,21,10,0,22.6,98.3,524.168,3.5
2024,9,7,21,20,0,23.3,97.5,510.672,2.4
2024,9,7,21,30,0,23.5,96.6,510.566,2.6
2024,9,7,21,40,0,23.5,96.5,512.468,2.4
2024,9,7,21,50,0,23.5,96.1,502.966,2.1
2024,9,7,22,0,0,24.3,95.5,501.042,2.1
2024,9,7,22,10,0,24.8,95.5,544.448,2.2
2024,9,7,22,20,0,25.6,94.8,566.402,2.2
2024,9,7,22,30,0,25.4,94.8,581.744,2.3
2024,9,7,22,40,0,25.3,94.5,573.204,2.4
2024,9,7,22,50,0,25,94.3,552.006,2.4
2024,9,7,23,0,0,24.5,94.5,528.562,2.3
2024,9,7,23,10,0,24.7,94.1,523.358,2.4
2024,9,7,23,20,0,25.6,92.9,522.57,2.2
2024,9,7,23,30,0,25.8,92.5,516.72,2.1
2024,9,7,23,40,0,25.5,92.5,519.69,2
2024,9,7,23,50,0,26.1,91.6,518.99,2.1
2024,9,8,0,0,0,26.375,91.25,511.915,1.9
2024,9,8,0,10,0,26.5,90.625,512.313,2
2024,9,8,0,20,0,26,90.8,533.534,2
2024,9,8,0,30,0,25.6,90.9,518.206,1.9
2024,9,8,0,40,0,25.9,90.7,523.03,2
2024,9,8,0,50,0,26,90.5,519.44,2
2024,9,8,1,0,0,27,89.7,504.002,2
2024,9,8,1,10,0,27.6,89.5,499.284,2
2024,9,8,1,20,0,27.5,89.5,497.113,1.9
2024,9,8,1,30,0,28.625,88.375,502.537,2.2
2024,9,8,1,40,0,29,88.1,528.604,2.6
2024,9,8,1,50,0,29.6,87.5,529.74,2.5
2024,9,8,2,0,0,30.4,86.5,534.33,2.7
2024,9,8,2,10,0,30.6,86.5,535.016,2.6
2024,9,8,2,20,0,30.9,86.5,536.076,2.3
2024,9,8,2,30,0,31,85.9,540.67,2.3
2024,9,8,2,40,0,31.2,86,539.148,2.4
2024,9,8,2,50,0,31.9,85.5,536.058,2.4
2024,9,8,3,0,0,31.8,85.5,524.88,2.3
2024,9,8,3,10,0,31.9,85,525.53,2.4
2024,9,8,3,20,0,32.2,85,534.578,2.5
2024,9,8,3,30,0,32.7,84.9,547.534,2.6
2024,9,8,3,40,0,32.9,84.7,557.626,2.7
2024,9,8,3,50,0,32.9,84.5,542.016,2.6
2024,9,8,4,0,0,33,84.5,536.21,2.5
2024,9,8,4,10,0,33.7,83.5,533.54,3
2024,9,8,4,20,0,33.9,83.4,531.456,3.1
2024,9,8,4,30,0,33.2,83.5,528.658,2.5
2024,9,8,4,40,0,33,83.3,523.708,2.3
2024,9,8,4,50,0,34.1,82.7,531.754,2.6
2024,9,8,5,0,0,34.1,82.5,531.676,2.6
2024,9,8,5,10,0,33.5,82.5,510.668,2.4
2024,9,8,5,20,0,33.7,82.1,506.938,2.3
2024,9,8,5,30,0,34.1,81.6,509.528,2.3
2024,9,8,5,40,0,34.6,81.5,516.084,2.7
2024,9,8,5,50,0,34.3,81.5,516.738,2.9
2024,9,8,6,0,0,35,80.833,522.803,3
2024,9,8,6,10,0,34.8,80.7,524.055,3.1
2024,9,8,6,20,0,34.7,80.7,519.836,3.3
2024,9,8,6,30,0,35,80.5,518.808,3.3
2024,9,8,6,40,0,35,79.9,515.964,3.4
2024,9,8,6,50,0,34.7,79.7,512.066,3.1
2024,9,8,7,0,0,33.8,80.5,509.776,3
2024,9,8,7,10,0,32.8,81.1,503.562,2.7
2024,9,8,7,20,0,31.2,81.7,492.65,2
2024,9,8,7,30,0,29.6,83.4,486.128,2
2024,9,8,7,40,0,28.9,83.7,482.866,1.9
2024,9,8,7,50,0,27.5,85,475.092,1.9
2024,9,8,8,0,0,26.8,85.5,465.692,1.9
2024,9,8,8,10,0,25.8,86.8,456.614,2.1
2024,9,8,8,20,0,24.6,88,459.998,2.4
2024,9,8,8,30,0,24.5,88.5,487.772,2.5
2024,9,8,8,40,0,23.5,89.5,445.37,3
2024,9,8,8,50,0,23.4,90.3,426.41,2.7
2024,9,8,9,0,0,22.8,91,411.382,2.1
2024,9,8,9,10,0,22.1,92.4,398.796,2.1
2024,9,8,9,20,0,21.5,93.5,381.656,2
2024,9,8,9,30,0,20.7,94.7,371.844,2.5
2024,9,8,9,40,0,20.5,95.7,356.574,2.2
2024,9,8,9,50,0,20.3,96.9,344.39,2.8
2024,9,8,10,0,0,19.5,98.3,332.28,2.5
2024,9,8,10,10,0,19.1,98.7,308.678,2.2
2024,9,8,10,20,0,18.5,99.9,287.122,1.8
2024,9,8,10,30,0,18.5,100.7,264.896,2.1
2024,9,8,10,40,0,18.1,101.9,245.192,2.4
2024,9,8,10,50,0,17.8,102.5,229.63,1.9
2024,9,8,11,0,0,17.5,103.5,209.472,2
2024,9,8,11,10,0,16.7,104.3,181.24,2
2024,9,8,11,20,0,16.5,105.3,171.508,2.1
2024,9,8,11,30,0,16.1,106.3,154.626,2.2
2024,9,8,11,40,0,15.8,106.9,92.176,2.4
2024,9,8,11,50,0,15.4,107.5,72.182,2.5
2024,9,8,12,0,0,15.5,108.3,57.308,2.7
2024,9,8,12,10,0,14.9,108.9,50.794,2.6
2024,9,8,12,20,0,14.7,110.1,51.638,2.4
2024,9,8,12,30,0,14.5,111.1,58.622,3.2
2024,9,8,12,40,0,13.9,111.9,54.92,3.4
2024,9,8,12,50,0,14,113.1,58.306,2.9
2024,9,8,13,0,0,13.6,113.9,60.284,2.9
2024,9,8,13,10,0,12.8,114.5,56.778,2.6
2024,9,8,13,20,0,12.2,115.5,51.978,3.2
2024,9,8,13,30,0,12.2,115.5,56.754,3
2024,9,8,13,40,0,11.5,116.1,63.224,2.6
2024,9,8,13,50,0,11.6,116.7,80.672,2.4
2024,9,8,14,0,0,11.3,117,75.556,2.2
2024,9,8,14,10,0,10.9,117.3,62.084,2.1
2024,9,8,14,20,0,10.5,117.5,108.654,2
2024,9,8,14,30,0,10.2,118,126.664,1.9
2024,9,8,14,40,0,10.5,118.5,125.79,1.8
2024,9,8,14,50,0,10.4,118.5,123.692,1.8
2024,9,8,15,0,0,10.2,118.5,109.082,1.8
2024,9,8,15,10,0,10,119.2,110.104,1.7
2024,9,8,15,20,0,9.8,119.5,116.616,1.7
2024,9,8,15,30,0,9.5,119.5,139.458,1.6
2024,9,8,15,40,0,9.5,119.5,148.154,1.6
2024,9,8,15,50,0,9.5,119.3,147.814,1.6
2024,9,8,16,0,0,9.5,119.5,138.948,1.7
2024,9,8,16,10,0,9.5,119.5,163.198,1.6
2024,9,8,16,20,0,9.1,119.3,147.332,1.6
2024,9,8,16,30,0,9.2,119.5,145.064,1.6
2024,9,8,16,40,0,9.5,119,133.918,1.8
2024,9,8,16,50,0,9,119.2,153.23,1.5
2024,9,8,17,0,0,8.9,119,177.102,1.6
2024,9,8,17,10,0,8.6,118.5,184.378,1.4
2024,9,8,17,20,0,9.4,118.5,201.106,1.5
2024,9,8,17,30,0,9.7,117.5,201.086,1.8
2024,9,8,17,40,0,10,117.5,196.42,2.1
2024,9,8,17,50,0,10.4,116.5,194.984,1.7
2024,9,8,18,0,0,10.8,115.9,160.198,1.9
2024,9,8,18,10,0,11.5,115.2,156.962,1.9
2024,9,8,18,20,0,12.2,114.3,138.41,2
2024,9,8,18,30,0,12.5,113.5,118.246,2
2024,9,8,18,40,0,12.9,112.4,128.5,2
2024,9,8,18,50,0,13.5,111.4,175.812,1.9
2024,9,8,19,0,0,14.3,110,230.824,2.2
2024,9,8,19,10,0,14.5,109.1,295.396,3.5
2024,9,8,19,20,0,15.3,108,348.968,2.8
2024,9,8,19,30,0,16.4,106.6,408.752,2.7
2024,9,8,19,40,0,16.6,105.9,427.138,4.6
2024,9,8,19,50,0,16.8,105.5,429.708,4.3
2024,9,8,20,0,0,17.5,104.5,479.096,4.7
2024,9,8,20,10,0,18.3,103.9,516.094,4.9
2024,9,8,20,20,0,19.6,102.7,518.218,4.8
2024,9,8,20,30,0,20.6,102.3,464.748,3.3
2024,9,8,20,40,0,22.6,100.8,449.76,2.5
2024,9,8,20,50,0,23.4,99.6,487.456,2.6
2024,9,8,21,0,0,23.7,99.1,516.85,2.8
2024,9,8,21,10,0,23.6,98.4,483.054,3.1
2024,9,8,21,20,0,23.6,98.3,472.664,3
2024,9,8,21,30,0,24.8,97.5,499.21,3
2024,9,8,21,40,0,24.5,96.9,500.738,3.4
2024,9,8,21,50,0,23.5,96.7,455.492,2.9
2024,9,8,22,0,0,22.7,97,439.25,2.8
2024,9,8,22,10,0,24.5,97.2,449.628,3
2024,9,8,22,20,0,25.3,96.5,485.936,3
2024,9,8,22,30,0,26.2,95.3,503.11,2.9
2024,9,8,22,40,0,26.1,94.7,517.684,2.9
2024,9,8,22,50,0,26.2,94.5,510.494,2.9
2024,9,8,23,0,0,26.5,93.7,501.904,2.5
2024,9,8,23,10,0,25.9,93.5,488.606,2.3
2024,9,8,23,20,0,26.5,93.5,468.21,2.4
2024,9,8,23,30,0,27.1,93.5,496.822,2.5
2024,9,8,23,40,0,26.8,93.5,496.474,2.5
2024,9,8,23,50,0,26.7,92.5,501.648,2.6
2024,9,9,0,0,0,25.4,92.7,492.312,2.4
2024,9,9,0,10,0,25.4,92.1,494.996,2.3
2024,9,9,0,20,0,24.4,91.5,484.28,2.1
2024,9,9,0,30,0,24,91.5,476.554,2.1
2024,9,9,0,40,0,23.9,91.2,478.188,2.3
2024,9,9,0,50,0,24,90.5,470.52,2.4
2024,9,9,1,0,0,25,89.7,469.276,2.4
2024,9,9,1,10,0,26,89.5,478.344,2.3
2024,9,9,1,20,0,26.5,89.5,489.086,2.4
2024,9,9,1,30,0,26.8,88.7,479.502,2.4
2024,9,9,1,40,0,27.1,87.7,458.888,2.6
2024,9,9,1,50,0,27,87.8,452.832,3.3
2024,9,9,2,0,0,27.4,87.6,458.46,3.2
2024,9,9,2,10,0,27.6,87.5,456.418,3
2024,9,9,2,20,0,28.4,87.5,455.848,3.1
2024,9,9,2,30,0,28.7,86.5,453.862,3.6
2024,9,9,2,40,0,29.3,86.5,448.958,3.6
2024,9,9,2,50,0,29.4,86.3,455.376,3.3
2024,9,9,3,0,0,30.4,85.5,464.724,3.1
2024,9,9,3,10,0,31.6,84.8,467.886,3
2024,9,9,3,20,0,32,84.5,467.664,3.1
2024,9,9,3,30,0,32.7,84.5,466.652,3.3
2024,9,9,3,40,0,33,84.1,457.938,3.5
2024,9,9,3,50,0,33.1,83.9,450.38,3.5
2024,9,9,4,0,0,33.3,83.9,451.388,3.8
2024,9,9,4,10,0,34.2,83.4,446.426,3.8
2024,9,9,4,20,0,34.5,83.1,447.306,3.9
2024,9,9,4,30,0,35,82.7,446.278,4
2024,9,9,4,40,0,35.7,82.3,445.552,4.1
2024,9,9,4,50,0,36.4,81.5,448.932,4.5
2024,9,9,5,0,0,37,81.5,449.138,4.7
2024,9,9,5,10,0,37.3,81.5,448.142,5.4
2024,9,9,5,20,0,37.5,81.5,444.78,5.4
2024,9,9,5,30,0,37.8,81.5,442.668,5.4
2024,9,9,5,40,0,37.8,80.9,445.356,5.1
2024,9,9,5,50,0,38,80.8,445.108,5.1
2024,9,9,6,0,0,38.6,80.5,439.364,6
2024,9,9,6,10,0,38.9,80.5,435.972,6.3
2024,9,9,6,20,0,38.1,80.9,435.126,6.2
2024,9,9,6,30,0,37.8,80.9,435.714,6
2024,9,9,6,40,0,38.1,80.9,435.846,6.1
2024,9,9,6,50,0,38,80.8,438.402,5.7
2024,9,9,7,0,0,38,81.1,425.316,5.5
2024,9,9,7,10,0,36.8,82.1,419.974,5.5
2024,9,9,7,20,0,35.8,82.5,418.816,5.7
2024,9,9,7,30,0,35.1,83.5,414.896,5.6
2024,9,9,7,40,0,34.4,84.2,413.762,6.4
2024,9,9,7,50,0,33.6,85.5,403.622,6.8
2024,9,9,8,0,0,34,85.5,395.154,7.1
2024,9,9,8,10,0,33.4,86.9,391.248,7.3
2024,9,9,8,20,0,32.7,87.9,379.504,7.9
2024,9,9,8,30,0,32,88.833,369.997,7.7
2024,9,9,8,40,0,31,90.4,369.95,8.2
2024,9,9,8,50,0,29.8,91.6,356.27,8.7
2024,9,9,9,0,0,28.2,92.9,337.46,8
2024,9,9,9,10,0,26.5,93.9,305.186,7.5
2024,9,9,9,20,0,24.7,94.7,279.26,6.6
2024,9,9,9,30,0,23.4,95.9,247.73,5.9
2024,9,9,9,40,0,22.5,97.1,235.856,6.5
2024,9,9,9,50,0,21.8,98.2,201.138,6.3
2024,9,9,10,0,0,22.5,98.5,177.76,5.9
2024,9,9,10,10,0,22.9,98.9,147.088,5.8
2024,9,9,10,20,0,22.9,99.9,121.88,5.6
2024,9,9,10,30,0,21.5,100.9,94.356,5.4
2024,9,9,10,40,0,20.5,102.4,75.356,4.6
2024,9,9,10,50,0,19.7,103.5,73.576,4.3
2024,9,9,11,0,0,19.2,104.5,50.486,4.2
2024,9,9,11,10,0,18.1,105.4,52.184,3.8
2024,9,9,11,20,0,17.5,105.8,55.806,3.4
2024,9,9,11,30,0,17.1,107.3,65.08,3.1
2024,9,9,11,40,0,16.2,108.5,79.442,2.9
2024,9,9,11,50,0,15.4,109.1,61.552,2.8
2024,9,9,12,0,0,15.6,110.1,71.056,2.9
2024,9,9,12,10,0,14,111.5,90.916,2.9
2024,9,9,12,20,0,13.5,112,58.578,3.6
2024,9,9,12,30,0,13,113.3,64.948,2.4
2024,9,9,12,40,0,11.9,114.2,76.466,2.2
2024,9,9,12,50,0,11.5,114.1,53.426,1.9
2024,9,9,13,0,0,11.4,114.9,55.834,2.4
2024,9,9,13,10,0,11.1,116.3,79.584,2
2024,9,9,13,20,0,9.5,116.4,60.1,1.6
2024,9,9,13,30,0,9,116.8,54.008,1.4
2024,9,9,13,40,0,9.4,116.6,53.178,1.6
2024,9,9,13,50,0,9.2,117.5,57.85,1.7
2024,9,9,14,0,0,8.7,117.7,55.72,1.7
2024,9,9,14,10,0,8.4,118.5,76.64,1.5
2024,9,9,14,20,0,8.4,118.5,83.412,1.6
2024,9,9,14,30,0,8.2,118.3,59.584,1.6
2024,9,9,14,40,0,7.6,118.9,66.942,1.4
2024,9,9,14,50,0,7.5,119.5,86.014,1.4
2024,9,9,15,0,0,7.6,118.8,88.146,1.4
2024,9,9,15,10,0,7.6,118.1,80.058,1.4
2024,9,9,15,20,0,7.5,118.2,53.762,1.5
2024,9,9,15,30,0,7.5,118.5,64.52,1.3
2024,9,9,15,40,0,7.5,118.5,80.958,1.1
2024,9,9,15,50,0,7.5,118.5,91.948,1.2
2024,9,9,16,0,0,7.4,118.3,97.252,1.2
2024,9,9,16,10,0,6.9,118,113.646,1
2024,9,9,16,20,0,6.5,117.7,124.65,1
2024,9,9,16,30,0,6.5,117.9,144.204,1
2024,9,9,16,40,0,6.6,117.7,149.424,1
2024,9,9,16,50,0,6.6,117.5,139.664,1.1
2024,9,9,17,0,0,6.5,117.6,147.326,1.1
2024,9,9,17,10,0,6.5,117.5,143.806,1.3
2024,9,9,17,20,0,6.5,117.3,162.69,1
2024,9,9,17,30,0,6.5,116.5,167.618,1.2
2024,9,9,17,40,0,6.5,116.5,189.422,1.2
2024,9,9,17,50,0,6.5,116.1,189.308,1.6
2024,9,9,18,0,0,6.5,115.5,178.808,1.7
2024,9,9,18,10,0,7.1,114.7,160.94,1.2
2024,9,9,18,20,0,7.7,113.9,204.16,1.1
2024,9,9,18,30,0,8.5,113.3,237.45,1.1
2024,9,9,18,40,0,8.8,112.7,262.106,1.2
2024,9,9,18,50,0,9.2,111.9,257.022,1.7
2024,9,9,19,0,0,9.9,110.7,254.79,1.4
2024,9,9,19,10,0,10.5,110.3,309.638,1.6
2024,9,9,19,20,0,10.7,109.2,270.532,2.1
2024,9,9,19,30,0,9.9,108.6,256.546,1.8
2024,9,9,19,40,0,9.7,107.7,281.648,1.2
2024,9,9,19,50,0,9.6,107,304.066,1
2024,9,9,20,0,0,10.5,106.5,339.726,1.1
2024,9,9,20,10,0,11,105.7,365.958,1.3
2024,9,9,20,20,0,11.6,104.7,393.492,1.6
2024,9,9,20,30,0,13,103.4,438.87,1.2
2024,9,9,20,40,0,13.2,102.7,464.292,1.1
2024,9,9,20,50,0,13.5,101.7,466.542,1.1
2024,9,9,21,0,0,14.5,100.8,499.808,2.5
2024,9,9,21,10,0,14.7,100.4,502.314,3.1
2024,9,9,21,20,0,15.6,99.5,505.832,2.6
2024,9,9,21,30,0,14.9,99.5,506.41,3.1
2024,9,9,21,40,0,14.4,99.2,497.878,3.2
2024,9,9,21,50,0,15,98.5,504.652,3.2
2024,9,9,22,0,0,15.7,97.7,531.922,3.2
2024,9,9,22,10,0,16.1,97.3,530.294,1.3
2024,9,9,22,20,0,16.8,96.1,536.612,1.4
2024,9,9,22,30,0,17,95.5,544.054,1.3
2024,9,9,22,40,0,16.6,95.7,531.694,1.4
2024,9,9,22,50,0,17,95.5,518.082,1.4
2024,9,9,23,0,0,17.5,94.5,525.756,1.6
2024,9,9,23,10,0,18.3,94.1,530.05,1.3
2024,9,9,23,20,0,19,93.2,531.3,1.1
2024,9,9,23,30,0,19.8,92.5,541.668,1.2
2024,9,9,23,40,0,21.3,92.3,552.568,1.3
2024,9,9,23,50,0,22,92.1,552.596,1.5
2024,9,10,0,0,0,22.2,91.3,532.69,1.3
2024,9,10,0,10,0,22,90.5,510.786,1
2024,9,10,0,20,0,23.7,90.3,510.432,1.1
2024,9,10,0,30,0,23.6,90.4,510.066,1.2
2024,9,10,0,40,0,23.5,89.6,501.066,1.1
2024,9,10,0,50,0,23.5,89,487.408,1.1
2024,9,10,1,0,0,23.6,88.4,466.842,1.1
2024,9,10,1,10,0,25.1,87.9,466.87,1.6
2024,9,10,1,20,0,26.4,87.5,475.002,2.9
2024,9,10,1,30,0,26.7,87.1,474.236,3.7
2024,9,10,1,40,0,27.5,86.5,475.257,2.5
2024,9,10,1,50,0,28.4,85.6,501.638,2.6
2024,9,10,2,0,0,28.7,85.5,471.314,2.3
2024,9,10,2,10,0,28.5,85.5,466.796,2.4
2024,9,10,2,20,0,29.6,85.1,468.886,2.8
2024,9,10,2,30,0,31.8,83.9,470.37,3.4
2024,9,10,2,40,0,32,84.4,470.17,3.7
2024,9,10,2,50,0,32.6,83.5,469.184,4.2
2024,9,10,3,0,0,33.1,83.5,469.288,4.5
2024,9,10,3,10,0,34.6,82.7,466.61,5.1
2024,9,10,3,20,0,36.1,81.7,461.326,5.4
2024,9,10,3,30,0,37.3,80.7,465.078,5.7
2024,9,10,3,40,0,37.8,80.5,472.14,6.1
2024,9,10,3,50,0,38.6,80.1,469.824,6.5
2024,9,10,4,0,0,38.3,80.1,471.074,6.4
2024,9,10,4,10,0,39,79.5,470.674,6.8
2024,9,10,4,20,0,39.1,79.5,465.468,6.7
2024,9,10,4,30,0,39.7,78.8,461.74,6.9
2024,9,10,4,40,0,39.7,78.7,465.86,7
2024,9,10,4,50,0,40,78.5,466.286,7.2
2024,9,10,5,0,0,40.1,78.5,468.872,7.4
2024,9,10,5,10,0,40.7,78.2,471.008,7.6
2024,9,10,5,20,0,41,77.6,468.296,7.7
2024,9,10,5,30,0,41,77.5,465.816,7.4
2024,9,10,5,40,0,41,77.5,465.714,7.5
2024,9,10,5,50,0,41.2,77.1,464.49,7.7
2024,9,10,6,0,0,42,76.5,465.056,7.6
2024,9,10,6,10,0,41.5,76.7,465.482,7.9
2024,9,10,6,20,0,42,75.9,463.786,7.9
2024,9,10,6,30,0,41.2,75.7,458.168,7.5
2024,9,10,6,40,0,41,75.5,449.882,6.9
2024,9,10,6,50,0,40.8,75.5,448.936,6.7
2024,9,10,7,0,0,41,75.5,449.724,6.6
2024,9,10,7,10,0,40.8,75.7,441.326,6.8
2024,9,10,7,20,0,38.8,77.3,429.156,6.8
2024,9,10,7,30,0,38.3,78.3,422.044,7.1
2024,9,10,7,40,0,38.2,78.7,426.444,7.9
2024,9,10,7,50,0,38,79.3,414.678,7.8
2024,9,10,8,0,0,36.7,80.3,401.382,7.9
2024,9,10,8,10,0,35.6,81.3,395.376,8.3
2024,9,10,8,20,0,34.5,82.5,388.966,7.7
2024,9,10,8,30,0,33.1,83.5,375.152,7.6
2024,9,10,8,40,0,31.7,84.7,357.986,7.4
2024,9,10,8,50,0,31.1,85.7,346.538,7.5
2024,9,10,9,0,0,30.5,86.7,337.938,7.3
2024,9,10,9,10,0,29.1,88.1,324.81,6.7
2024,9,10,9,20,0,28.3,88.9,311.862,6.1
2024,9,10,9,30,0,27.4,89.7,291.196,5.7
2024,9,10,9,40,0,26.4,90.5,281.79,5.3
2024,9,10,9,50,0,25.7,91.7,269.008,5.3
2024,9,10,10,0,0,24.7,92.8,252.296,4.9
2024,9,10,10,10,0,23.6,93.9,239.9,5
2024,9,10,10,20,0,22.6,94.7,223.73,5
2024,9,10,10,30,0,22.2,96.1,212.316,5.4
2024,9,10,10,40,0,21.3,97.3,203.876,5.2
2024,9,10,10,50,0,20.7,98.4,193.12,5.2
2024,9,10,11,0,0,20.5,99.5,180.27,5
2024,9,10,11,10,0,19.7,99.8,150.566,5.2
2024,9,10,11,20,0,19.5,101.1,137.428,5
2024,9,10,11,30,0,19,102,140.794,4.9
2024,9,10,11,40,0,17.7,102.5,115.13,4.5
2024,9,10,11,50,0,16.9,102.9,76.654,4.2
2024,9,10,12,0,0,16.3,104.3,63.578,4
2024,9,10,12,10,0,15.9,104.7,53.508,3.8
2024,9,10,12,20,0,16,105.5,55.684,3.8
2024,9,10,12,30,0,14.8,106.1,60.616,3.2
2024,9,10,12,40,0,14.6,106.5,50.804,3.3
2024,9,10,12,50,0,14.5,107.5,57.42,3.2
2024,9,10,13,0,0,13.5,107.7,54.656,3
2024,9,10,13,10,0,14.5,108.3,54.002,3.7
2024,9,10,13,20,0,14,108.7,52.898,3.7
2024,9,10,13,30,0,13.8,109.5,59.83,3.6
2024,9,10,13,40,0,13.5,110.4,56.008,3.6
2024,9,10,13,50,0,13.6,110.5,54.522,3.4
2024,9,10,14,0,0,13.3,111.2,67.554,3.3
2024,9,10,14,10,0,12.7,111.5,53.016,3.2
2024,9,10,14,20,0,12.5,111.5,62.864,3.5
2024,9,10,14,30,0,12.4,112.3,76.502,3.2
2024,9,10,14,40,0,11.7,112.6,71.872,2.8
2024,9,10,14,50,0,10.6,113.4,76.244,2.3
2024,9,10,15,0,0,9.8,113.3,67.642,2.3
2024,9,10,15,10,0,7.2,113.7,63.826,1.6
2024,9,10,15,20,0,7.3,113.7,84.972,1.6
2024,9,10,15,30,0,8.5,113.6,57.48,1.9
2024,9,10,15,40,0,8,114.3,86.942,2.8
2024,9,10,15,50,0,7.6,113.9,96.182,1.6
2024,9,10,16,0,0,8.5,114,84.524,2
2024,9,10,16,10,0,8.9,114.1,65.674,2.1
2024,9,10,16,20,0,9.3,113.6,55.83,2.4
2024,9,10,16,30,0,9.4,113.6,51.34,2.3
2024,9,10,16,40,0,9.1,113.7,53.464,2.3
2024,9,10,16,50,0,9.4,113.5,53.082,2.5
2024,9,10,17,0,0,9.6,113,53.646,2.7
2024,9,10,17,10,0,9.5,112.5,52.278,2.7
2024,9,10,17,20,0,10.1,112.1,57.394,2.8
2024,9,10,17,30,0,10.5,110.9,63.544,2.8
2024,9,10,17,40,0,11.3,110.2,59.08,3.2
2024,9,10,17,50,0,12.5,108.9,51.998,3.6
2024,9,10,18,0,0,13.1,107.8,50.628,3.6
2024,9,10,18,10,0,13.5,106.7,53.03,3.7
2024,9,10,18,20,0,14.5,105.5,52.54,3.6
2024,9,10,18,30,0,14.5,104.6,54.6,3.5
2024,9,10,18,40,0,15.3,103.6,58.43,3.7
2024,9,10,18,50,0,16.5,102.3,70.264,3.7
2024,9,10,19,0,0,17.3,101.8,65.898,4.9
2024,9,10,19,10,0,19.1,99.5,68.008,4.2
2024,9,10,19,20,0,19.9,98.6,70.116,4.5
2024,9,10,19,30,0,20.5,97.3,76.354,4.5
2024,9,10,19,40,0,20.7,96.7,99.516,4.2
2024,9,10,19,50,0,20.9,95.7,109.206,4.6
2024,9,10,20,0,0,21.7,95,116.314,5.3
2024,9,10,20,10,0,22.5,93.8,130.054,4.9
2024,9,10,20,20,0,22.8,93.5,135.102,4.4
2024,9,10,20,30,0,23.1,92.5,140.234,3.9
2024,9,10,20,40,0,23.5,92.3,130.062,4.1
2024,9,10,20,50,0,23.5,92.3,114.424,4
2024,9,10,21,0,0,24.2,91.2,121.228,4.2
2024,9,10,21,10,0,24.5,90.5,134.052,4.2
2024,9,10,21,20,0,24.5,90.5,169.798,4
2024,9,10,21,30,0,24.5,89.5,211.172,3.5
2024,9,10,21,40,0,24.1,89.3,268.644,3.3
2024,9,10,21,50,0,23.7,88.5,315.454,3.1
2024,9,10,22,0,0,24.3,87.9,344.196,2.9
2024,9,10,22,10,0,24.2,87.5,366.792,3
2024,9,10,22,20,0,24.7,86.5,388.616,3.1
2024,9,10,22,30,0,24.8,86.1,404.06,2.9
2024,9,10,22,40,0,24.7,85.9,411.954,2.8
2024,9,10,22,50,0,24.5,85.4,406.89,2.8
2024,9,10,23,0,0,24.5,85.5,399.606,3
2024,9,10,23,10,0,24.7,85,403.09,3
2024,9,10,23,20,0,25.5,84.4,413.078,3
2024,9,10,23,30,0,25.5,84.3,422.322,3
2024,9,10,23,40,0,26.3,83.7,423.28,3.5
2024,9,10,23,50,0,27.3,82.7,427.92,3.4
2024,9,11,0,0,0,28.5,82.167,434.49,3.5
2024,9,11,0,10,0,28.5,82.1,430.154,3.6
2024,9,11,0,20,0,28.5,82,432.28,3.8
2024,9,11,0,30,0,28.5,82,433.792,3.9
2024,9,11,0,40,0,28.5,82.2,443.842,3.9
2024,9,11,0,50,0,29,82,439.65,3.7
2024,9,11,1,0,0,29.3,82.4,433.666,3.7
2024,9,11,1,10,0,29.4,81.9,436.636,4
2024,9,11,1,20,0,30,81.6,445.188,4.4
2024,9,11,1,30,0,30.4,81.5,457.408,5
2024,9,11,1,40,0,30.5,81.5,463.672,4.9
2024,9,11,1,50,0,31.2,80.6,460.262,4.7
2024,9,11,2,0,0,31.5,80.5,456.202,4.4
2024,9,11,2,10,0,31.5,80.6,452.362,3.9
2024,9,11,2,20,0,31.7,80.5,448.71,4.5
2024,9,11,2,30,0,32.4,79.9,445.958,4.2
2024,9,11,2,40,0,32.5,79.7,452.3,4.3
2024,9,11,2,50,0,33.3,79.4,454.002,4.5
2024,9,11,3,0,0,34,78.5,457.472,4.9
2024,9,11,3,10,0,34,78.5,461.714,5.4
2024,9,11,3,20,0,34.2,78.5,466.354,5.8
2024,9,11,3,30,0,34.3,78.4,480.626,5.2
2024,9,11,3,40,0,35,77.6,465.37,5.1
2024,9,11,3,50,0,35.5,77.4,465.548,5.2
2024,9,11,4,0,0,35.4,77.5,473.314,5.4
2024,9,11,4,10,0,35,77.5,476.482,5
2024,9,11,4,20,0,35,77.5,480.374,5.2
2024,9,11,4,30,0,35.3,77.5,476.05,5.3
2024,9,11,4,40,0,35.4,77.5,473.566,5
2024,9,11,4,50,0,36,77.1,483.692,5.6
2024,9,11,5,0,0,36,77.2,473.968,5.7
2024,9,11,5,10,0,36.2,76.6,482.644,6.8
2024,9,11,5,20,0,36.8,76.6,482.218,6
2024,9,11,5,30,0,36.9,76.3,486.742,5.9
2024,9,11,5,40,0,37.1,76.1,492.722,5.7
2024,9,11,5,50,0,37.1,76.3,478.6,5.8
2024,9,11,6,0,0,38.5,74.9,473.04,6.2
2024,9,11,6,10,0,39.7,73.5,472.222,7
2024,9,11,6,20,0,39,74.4,480.178,7.2
2024,9,11,6,30,0,39,74.5,483.916,7.1
2024,9,11,6,40,0,38.4,74.5,479.32,6.7
2024,9,11,6,50,0,38.6,73.7,473.564,7
2024,9,11,7,0,0,38.1,73.9,457.606,6.4
2024,9,11,7,10,0,38.8,73.5,450.788,6.8
2024,9,11,7,20,0,35.6,75.9,453.024,6.8
2024,9,11,7,30,0,35.6,76.1,450.714,7.3
2024,9,11,7,40,0,35.7,76.4,444.488,7.4
2024,9,11,7,50,0,35.5,77.2,437.288,7.5
2024,9,11,8,0,0,36,77.8,436.194,7.9
2024,9,11,8,10,0,35.4,78.7,425.066,8
2024,9,11,8,20,0,34.6,79.9,414.514,8.1
2024,9,11,8,30,0,33.1,81.3,408.82,7.9
2024,9,11,8,40,0,32.3,81.9,401.458,8.6
2024,9,11,8,50,0,30.8,83.7,390.466,8.5
2024,9,11,9,0,0,29.9,84.7,378.7,8.1
2024,9,11,9,10,0,29.6,85.4,367.636,8
2024,9,11,9,20,0,29,86.1,353.778,8
2024,9,11,9,30,0,28.5,87,338.028,8.2
2024,9,11,9,40,0,27.5,88.4,327.56,8.7
2024,9,11,9,50,0,27.1,88.9,318.51,7.8
2024,9,11,10,0,0,25.9,90.3,300.232,7.5
2024,9,11,10,10,0,25.4,90.9,285.702,7.1
2024,9,11,10,20,0,24.1,92.5,282.468,6.8
2024,9,11,10,30,0,23.4,92.9,248.898,6.9
2024,9,11,10,40,0,23.1,93.4,224.238,6.7
2024,9,11,10,50,0,22.5,94.3,213.688,5.8
2024,9,11,11,0,0,21.5,94.6,195.996,5.2
2024,9,11,11,10,0,21.1,95.7,183.966,5.2
2024,9,11,11,20,0,20.4,96.2,169.782,5.1
2024,9,11,11,30,0,19.9,97.1,150.978,6.1
2024,9,11,11,40,0,18.7,97.8,129.262,5.4
2024,9,11,11,50,0,18.3,99.4,148.818,4.4
2024,9,11,12,0,0,17.5,99.9,125.508,4.3
2024,9,11,12,10,0,17.5,100.5,130.876,4.3
2024,9,11,12,20,0,16.4,101.3,133.59,3.4
2024,9,11,12,30,0,15.9,101.9,144.242,3.1
2024,9,11,12,40,0,15.7,102.5,147.8,2.5
2024,9,11,12,50,0,15.5,103.1,143.736,2.5
2024,9,11,13,0,0,14.5,103.7,143.61,2.4
2024,9,11,13,10,0,13.9,104.5,148.02,2.3
2024,9,11,13,20,0,13.5,104.6,152.338,2.1
2024,9,11,13,30,0,13.5,105.2,147.214,2.3
2024,9,11,13,40,0,13.5,104.9,133.39,3.1
2024,9,11,13,50,0,13.2,105.7,130.708,2.4
2024,9,11,14,0,0,12.5,106.5,144.764,1.8
2024,9,11,14,10,0,12.1,107.1,152.294,1.8
2024,9,11,14,20,0,12.1,107.1,146.814,1.8
2024,9,11,14,30,0,12.3,106.9,139.308,1.9
2024,9,11,14,40,0,10.8,107.2,143.212,1.5
2024,9,11,14,50,0,11,107.5,154.556,1.7
2024,9,11,15,0,0,10.6,107.3,150.806,1.4
2024,9,11,15,10,0,10.5,107.7,158.322,1.4
2024,9,11,15,20,0,10.5,107.6,161.364,1.3
2024,9,11,15,30,0,10.1,107.5,165.95,1.1
2024,9,11,15,40,0,9.9,107.5,157.742,1.1
2024,9,11,15,50,0,9.9,107.5,144.44,1.1
2024,9,11,16,0,0,10.4,107.4,134.876,1.1
2024,9,11,16,10,0,10.2,106.9,124.994,1.1
2024,9,11,16,20,0,9.6,106.7,121.206,1.1
2024,9,11,16,30,0,10.3,106.5,112.942,1.3
2024,9,11,16,40,0,10.5,106.4,101.338,1.2
2024,9,11,16,50,0,10.625,105.5,97.695,1.1
2024,9,11,17,0,0,11.4,105.4,88.688,1.3
2024,9,11,17,10,0,11.4,105,83.928,1.3
2024,9,11,17,20,0,11.3,104.6,92.92,1.3
2024,9,11,17,30,0,11,104,100.546,1.4
2024,9,11,17,40,0,11.6,103,88.79,1.5
2024,9,11,17,50,0,12.7,102,82.778,1.5
2024,9,11,18,0,0,13.4,101.4,64.228,1.7
2024,9,11,18,10,0,14,100.7,50,2.1
2024,9,11,18,20,0,14.9,99.8,50.202,2.4
2024,9,11,18,30,0,15.5,99,53.838,2.4
2024,9,11,18,40,0,16.2,98.5,57.7,2.2
2024,9,11,18,50,0,16.7,97.1,68.322,2.3
2024,9,11,19,0,0,18,96,94.92,2.1
2024,9,11,19,10,0,19,94.8,122.376,2
2024,9,11,19,20,0,18.8,94.4,147.072,2.2
2024,9,11,19,30,0,19.5,93.3,165.476,1.9
2024,9,11,19,40,0,19.5,92.6,198.186,1.8
2024,9,11,19,50,0,19.5,92.3,207.738,1.8
2024,9,11,20,0,0,20.6,91.2,211.094,1.7
2024,9,11,20,10,0,21.5,90.7,206.146,1.9
2024,9,11,20,20,0,21.8,90.3,219.49,2
2024,9,11,20,30,0,23.1,88.9,247.754,2.5
2024,9,11,20,40,0,24.4,88,253.264,2.4
2024,9,11,20,50,0,24.5,88.4,248.8,2.8
2024,9,11,21,0,0,24.5,87.5,260.758,3.1
2024,9,11,21,10,0,24.5,87.5,285,2.6
2024,9,11,21,20,0,24.5,87.5,315.258,2.5
2024,9,11,21,30,0,25.1,86.7,339.912,1.1
2024,9,11,21,40,0,25.5,86.5,353.38,1
2024,9,11,21,50,0,25.5,86.5,365.348,0.8
2024,9,11,22,0,0,25.8,86.4,377.222,0.7
2024,9,11,22,10,0,26.5,85.5,385.716,0.7
2024,9,11,22,20,0,26.9,85.5,392.866,0.6
2024,9,11,22,30,0,27.5,85.4,398.316,0.5
2024,9,11,22,40,0,27.5,84.7,401.534,0.5
2024,9,11,22,50,0,28,84.1,404.2,0.5
2024,9,11,23,0,0,28.4,83.5,406.19,0.5
2024,9,11,23,10,0,28.5,83.5,409.858,0.5
2024,9,11,23,20,0,28.8,83.5,407.83,0.5
2024,9,11,23,30,0,29.2,83.3,407.258,0.5
2024,9,11,23,40,0,30.4,82.5,409.028,0.8
2024,9,11,23,50,0,31.2,81.8,412.584,0.8
2024,9,12,0,0,0,31.5,81.5,412.252,0.6
2024,9,12,0,10,0,31.7,81.5,410.018,0.6
2024,9,12,0,20,0,31.9,81.5,407.354,0.6
2024,9,12,0,30,0,32.7,81,405.238,0.5
2024,9,12,0,40,0,32.9,81.3,403.772,0.5
2024,9,12,0,50,0,33.3,80.6,403.674,0.5
2024,9,12,1,0,0,33.9,80.5,400.526,0.4
2024,9,12,1,10,0,34.5,80.5,398.978,0.4
2024,9,12,1,20,0,35,80.5,397.074,0.4
2024,9,12,1,30,0,35.5,79.9,396.884,0.4
2024,9,12,1,40,0,36.1,79.5,394.918,0.4
2024,9,12,1,50,0,36.5,79.5,394.272,0.4
2024,9,12,2,0,0,37,79,392.722,0.4
2024,9,12,2,10,0,37,79.1,388.592,0.4
2024,9,12,2,20,0,37.3,78.5,383.746,0.4
2024,9,12,2,30,0,37.8,78.5,383.984,0.4
2024,9,12,2,40,0,37.9,78.5,382.556,0.4
2024,9,12,2,50,0,38,78,382.408,0.4
2024,9,12,3,0,0,38.2,77.7,380.358,0.4
2024,9,12,3,10,0,38.3,77.6,377.64,0.5
2024,9,12,3,20,0,38.3,77.5,370.556,0.6
2024,9,12,3,30,0,38.7,77.5,364.518,0.7
2024,9,12,3,40,0,38.8,77.2,363.748,0.6
2024,9,12,3,50,0,38,77.5,361.828,0.7
2024,9,12,4,0,0,38,77.5,356.262,0.8
2024,9,12,4,10,0,38.5,77.1,352.618,0.9
2024,9,12,4,20,0,39,76.5,350.716,1.1
2024,9,12,4,30,0,39,76.6,349.276,1
2024,9,12,4,40,0,39.1,76.5,350.392,1.2
2024,9,12,4,50,0,40,76.1,348.528,1.2
2024,9,12,5,0,0,40.1,75.5,346.916,1.4
2024,9,12,5,10,0,40.5,75.5,345.758,1.4
2024,9,12,5,20,0,41,74.8,340.412,1.6
2024,9,12,5,30,0,40.9,75.5,338.47,1
2024,9,12,5,40,0,40.9,75.3,341.708,1.1
2024,9,12,5,50,0,41.8,74.5,338.796,1
2024,9,12,6,0,0,42,74.4,337.598,1.1
2024,9,12,6,10,0,42.2,74.2,342.158,1.1
2024,9,12,6,20,0,42.7,73.5,336.256,1.3
2024,9,12,6,30,0,42.9,73.5,336.066,1.4
2024,9,12,6,40,0,43.9,72.8,338.692,1.4
2024,9,12,6,50,0,44.2,72.5,358.218,1.7
2024,9,12,7,0,0,44.5,72.5,352.786,2.1
2024,9,12,7,10,0,43.9,73.5,352.996,2.4
2024,9,12,7,20,0,40.8,76.3,343.218,1.8
2024,9,12,7,30,0,40,76.8,343.588,1.9
2024,9,12,7,40,0,38.4,78.5,342.112,2
2024,9,12,7,50,0,38.6,78.5,328.916,2
2024,9,12,8,0,0,38.7,78.5,321.768,2.2
2024,9,12,8,10,0,38,78.8,311.46,2.3
2024,9,12,8,20,0,37.6,79.9,308.054,2.3
2024,9,12,8,30,0,36.2,81.2,298.294,2.5
2024,9,12,8,40,0,34.7,81.9,279.838,2.5
2024,9,12,8,50,0,33.9,83,272.128,2.2
2024,9,12,9,0,0,32.9,83.8,267.578,2.2
2024,9,12,9,10,0,31.9,84.7,254.708,2.1
2024,9,12,9,20,0,31.3,85.5,245.646,1.9
2024,9,12,9,30,0,30.4,86.3,236.728,2.2
2024,9,12,9,40,0,29.6,86.5,226.676,2
2024,9,12,9,50,0,29.2,87.2,214.998,1.9
2024,9,12,10,0,0,28.7,87.5,202.298,1.8
2024,9,12,10,10,0,28.2,88.2,193.488,2.4
2024,9,12,10,20,0,27.6,88.4,182.54,2.1
2024,9,12,10,30,0,27.4,89.3,170.334,2
2024,9,12,10,40,0,26.9,89.7,163.78,1.9
2024,9,12,10,50,0,25.8,91.1,157.702,1.9
2024,9,12,11,0,0,25,92.1,148.462,1.5
2024,9,12,11,10,0,24.4,92.8,147.226,1.8
2024,9,12,11,20,0,23.6,93.7,138.478,1.5
2024,9,12,11,30,0,23.1,94.5,129.326,1.5
2024,9,12,11,40,0,22.8,94.7,119.558,1.4
2024,9,12,11,50,0,22.5,94.7,108.672,1.4
2024,9,12,12,0,0,22.1,95.7,97.572,1.4
2024,9,12,12,10,0,21.3,96.8,97.292,1.3
2024,9,12,12,20,0,20.9,97.9,93.498,1.3
2024,9,12,12,30,0,20.5,98.2,91.07,1.5
2024,9,12,12,40,0,20.5,98.4,80.146,1.6
2024,9,12,12,50,0,20.6,98.3,60.438,1.7
2024,9,12,13,0,0,20,98.6,53.258,1.8
2024,9,12,13,10,0,19.5,99.5,55.252,1.9
2024,9,12,13,20,0,18.4,100.2,54.452,1.8
2024,9,12,13,30,0,18.5,100.2,51.62,1.7
2024,9,12,13,40,0,18.1,100.6,52.84,1.6
2024,9,12,13,50,0,17.5,100.7,52.892,1.6
2024,9,12,14,0,0,17.3,100.7,51.9,1.3
2024,9,12,14,10,0,16.6,101.9,61.116,1.3
2024,9,12,14,20,0,16.5,102.1,66.68,1.4
2024,9,12,14,30,0,16.5,102,57.03,1.5
2024,9,12,14,40,0,16.3,102.3,60.358,1.2
2024,9,12,14,50,0,16.4,102.5,61.098,1.3
2024,9,12,15,0,0,15.7,103.1,60.466,1.2
2024,9,12,15,10,0,15.3,103.1,63.256,1.1
2024,9,12,15,20,0,15.5,103.4,56.594,1.1
2024,9,12,15,30,0,15.4,103.1,56.378,1.1
2024,9,12,15,40,0,15.5,103.3,54.768,1.3
2024,9,12,15,50,0,15.6,103.4,53.41,1.1
2024,9,12,16,0,0,15.5,103.2,53.462,1
2024,9,12,16,10,0,15.5,103.5,54.24,1.1
2024,9,12,16,20,0,16.2,103.3,54.728,1.2
2024,9,12,16,30,0,15.5,103.5,53.526,1.2
2024,9,12,16,40,0,15.5,103.7,56.664,1.2
2024,9,12,16,50,0,15.5,103,50.396,1.2
2024,9,12,17,0,0,15.9,102.7,59.542,1.4
2024,9,12,17,10,0,15.7,102.6,61.022,1.3
2024,9,12,17,20,0,15.5,101.8,52.174,1.3
2024,9,12,17,30,0,16.5,100.8,51.458,1.3
2024,9,12,17,40,0,16.5,100,51.408,1.4
2024,9,12,17,50,0,16.9,100,51.126,1.5
2024,9,12,18,0,0,17.9,98.5,50.334,1.6
2024,9,12,18,10,0,18.5,97.5,50,1.6
2024,9,12,18,20,0,18.5,97.3,50.174,1.4
2024,9,12,18,30,0,18.6,96.4,58.224,1.5
2024,9,12,18,40,0,19.5,95.5,58.622,1.7
2024,9,12,18,50,0,19.8,94.8,65.668,3.1
2024,9,12,19,0,0,20.9,93.7,79.276,3.6
2024,9,12,19,10,0,21.7,92.6,99.784,7.8
2024,9,12,19,20,0,22.5,92.1,124.992,2.1
2024,9,12,19,30,0,23.6,91.4,138.134,2.2
2024,9,12,19,40,0,24.2,90.9,144.086,2.3
2024,9,12,19,50,0,24.5,90.7,184.272,2.3
2024,9,12,20,0,0,25,90.1,241.518,2.3
2024,9,12,20,10,0,25.5,89.5,269.156,2.2
2024,9,12,20,20,0,25.5,88.9,274.018,1.8
2024,9,12,20,30,0,26.1,87.9,285.484,1.9
2024,9,12,20,40,0,26.5,87.5,307,1.7
2024,9,12,20,50,0,26.5,87.5,325.89,1.5
2024,9,12,21,0,0,26.9,86.6,351.022,1.7
2024,9,12,21,10,0,27.2,86.5,364.982,1.9
2024,9,12,21,20,0,27.8,85.7,383.422,1.9
2024,9,12,21,30,0,27.8,85.4,376.564,1.9
2024,9,12,21,40,0,28.5,84.6,372.426,1.9
2024,9,12,21,50,0,28.5,84.4,361.888,1.8
2024,9,12,22,0,0,28.5,83.6,350.418,1.8
2024,9,12,22,10,0,28.5,83.6,351.348,1.7
2024,9,12,22,20,0,28.5,83.5,347.48,1.6
2024,9,12,22,30,0,28.5,83.5,359.284,1.6
2024,9,12,22,40,0,28.5,83.5,369.832,1.5
2024,9,12,22,50,0,28.5,83.5,391.676,1.6
2024,9,12,23,0,0,28.5,83.5,411.464,1.9
2024,9,12,23,10,0,28.8,82.9,391.398,2
2024,9,12,23,20,0,29,83.4,383.098,2.5
2024,9,12,23,30,0,29.8,82.7,414.018,2.9
2024,9,12,23,40,0,30.4,82.5,441.264,3.2
2024,9,12,23,50,0,30.2,82.3,460.47,3.6
2024,9,13,0,0,0,30.5,81.5,476.006,3.7
2024,9,13,0,10,0,31,81.4,480.052,3.4
2024,9,13,0,20,0,30.6,81.5,474.954,3.1
2024,9,13,0,30,0,30.8,81.5,477.812,3.1
2024,9,13,0,40,0,31.5,80.9,480.406,3.3
2024,9,13,0,50,0,31.3,80.8,470.422,3.2
2024,9,13,1,0,0,31.6,80.5,480.154,3
2024,9,13,1,10,0,31.3,80.7,476.176,2.6
2024,9,13,1,20,0,32.1,80.3,466.164,2.4
2024,9,13,1,30,0,31.6,80.4,461.634,2.5
2024,9,13,1,40,0,32.5,80.1,464.956,2.3
2024,9,13,1,50,0,32.9,79.5,464.454,2.4
2024,9,13,2,0,0,33.5,79.3,463.752,2.4
2024,9,13,2,10,0,33.4,79.1,460.402,2.3
2024,9,13,2,20,0,32.9,79.3,450.61,2.1
2024,9,13,2,30,0,32.4,79.5,448.962,2.1
2024,9,13,2,40,0,32.9,78.9,442.742,2.4
2024,9,13,2,50,0,33.2,78.5,458.142,2.3
2024,9,13,3,0,0,33.7,78,454.868,2.5
2024,9,13,3,10,0,34.5,77.4,459.082,2.8
2024,9,13,3,20,0,35.4,76.6,459.094,2.9
2024,9,13,3,30,0,35.3,76.7,466.878,2.9
2024,9,13,3,40,0,35.9,76.5,471.986,2.9
2024,9,13,3,50,0,36.8,75.7,461.976,3
2024,9,13,4,0,0,35.8,76.4,456.29,3
2024,9,13,4,10,0,35.7,76.5,456.772,2.8
2024,9,13,4,20,0,35.5,76.5,458.592,3
2024,9,13,4,30,0,35.9,76.2,458.55,2.8
2024,9,13,4,40,0,35.3,76.5,456.548,2.8
2024,9,13,4,50,0,35.6,76.5,444.316,3.1
2024,9,13,5,0,0,35.9,75.9,450.024,3.1
2024,9,13,5,10,0,36.2,75.4,452.258,3.1
2024,9,13,5,20,0,36.7,75.3,453.208,3.1
2024,9,13,5,30,0,36.5,75.5,453.04,3.1
2024,9,13,5,40,0,36.2,75.5,454.05,3
2024,9,13,5,50,0,36.5,75.5,451.864,3
2024,9,13,6,0,0,36.4,75.4,451.942,2.7
2024,9,13,6,10,0,37,75.5,455.47,2.6
2024,9,13,6,20,0,37,75.5,453.918,2.8
2024,9,13,6,30,0,37.7,74.5,443.19,3.1
2024,9,13,6,40,0,38,73.9,435.66,3
2024,9,13,6,50,0,38.1,74.5,424.004,3.8
2024,9,13,7,0,0,37.3,75.1,428.014,4.2
2024,9,13,7,10,0,36.5,75.8,426.982,3.6
2024,9,13,7,20,0,32.9,78.7,405.162,3.1
2024,9,13,7,30,0,30.4,80.7,391.666,3
2024,9,13,7,40,0,29,82,380.894,2.9
2024,9,13,7,50,0,29.5,80.8,375.626,3.7
2024,9,13,8,0,0,30.2,80.7,378.994,4.2
2024,9,13,8,10,0,29.3,81.1,371.1,3.8
2024,9,13,8,20,0,28.7,82,361.83,4.2
2024,9,13,8,30,0,28.3,83,357.292,4.4
2024,9,13,8,40,0,28.4,83.3,340.66,4.4
2024,9,13,8,50,0,28.2,84.3,318.056,4.7
2024,9,13,9,0,0,27.7,85.3,303.914,4.3
2024,9,13,9,10,0,27.5,85.4,284.956,4.5
2024,9,13,9,20,0,26.4,86.9,275.47,4.4
2024,9,13,9,30,0,26.1,87.9,272.072,4.4
2024,9,13,9,40,0,25.4,88.5,249.406,4.1
2024,9,13,9,50,0,25.6,88.5,225.682,4.1
2024,9,13,10,0,0,24.8,90.3,216.016,3.4
2024,9,13,10,10,0,23.5,91.5,192.462,4.3
2024,9,13,10,20,0,23,92.9,182.822,3
2024,9,13,10,30,0,22.5,93.7,161,2.7
2024,9,13,10,40,0,21.5,94.5,145.858,2.5
2024,9,13,10,50,0,20.7,95.4,127.304,2.3
2024,9,13,11,0,0,20.2,96.7,104.642,2.2
2024,9,13,11,10,0,19.5,97.5,85.542,2.2
2024,9,13,11,20,0,19.1,97.9,59.124,2.2
2024,9,13,11,30,0,18.7,98.7,52.018,2.5
2024,9,13,11,40,0,18,99.9,51.756,2.7
2024,9,13,11,50,0,17,100.8,51.076,2.5
2024,9,13,12,0,0,15.7,102,51.804,2
2024,9,13,12,10,0,15.5,102.7,51.95,1.9
2024,9,13,12,20,0,14.7,103.5,50.902,1.7
2024,9,13,12,30,0,14.2,104.4,51.744,1.5
2024,9,13,12,40,0,13.7,104.5,50.936,1.7
2024,9,13,12,50,0,13.5,105.1,50.824,1.7
2024,9,13,13,0,0,13.5,105.7,53.512,1.6
2024,9,13,13,10,0,13.4,106.5,57.896,1.7
2024,9,13,13,20,0,12.7,106.9,51.232,1.5
2024,9,13,13,30,0,12.3,107.2,51.904,1.6
2024,9,13,13,40,0,12.3,107.4,50.448,1.5
2024,9,13,13,50,0,12.5,108.1,54.492,1.8
2024,9,13,14,0,0,12.5,108.5,51.566,1.6
2024,9,13,14,10,0,11.9,108.4,54.262,1.7
2024,9,13,14,20,0,11.9,109.1,52.126,1.8
2024,9,13,14,30,0,11.7,109.4,52.462,1.7
2024,9,13,14,40,0,11.6,109.3,50.978,1.9
2024,9,13,14,50,0,12,109.6,56.056,1.8
2024,9,13,15,0,0,11.5,109.7,56.812,1.9
2024,9,13,15,10,0,12.3,108.8,50.576,1.8
2024,9,13,15,20,0,12.1,109.3,56.97,1.6
2024,9,13,15,30,0,12.1,109.1,69.844,1.6
2024,9,13,15,40,0,12.4,109.3,68.506,1.5
2024,9,13,15,50,0,12.1,109.2,83.894,1.5
2024,9,13,16,0,0,12.4,109.2,81.426,1.5
2024,9,13,16,10,0,12.2,109.7,97.902,1.6
2024,9,13,16,20,0,11.5,110.1,113.042,1.7
2024,9,13,16,30,0,11.6,109.6,112.244,1.6
2024,9,13,16,40,0,12,109.2,99.904,1.5
2024,9,13,16,50,0,11.5,109.5,115.102,1.6
2024,9,13,17,0,0,11.5,109.4,142.846,1.4
2024,9,13,17,10,0,11.5,109.3,158.514,1.5
2024,9,13,17,20,0,11.7,108.3,159.194,1.4
2024,9,13,17,30,0,12.4,107.5,168.972,1.4
2024,9,13,17,40,0,12.5,107.5,187.784,1.5
2024,9,13,17,50,0,12.6,106.7,178.37,1.4
2024,9,13,18,0,0,13.2,105.7,174.972,1.6
2024,9,13,18,10,0,13.7,104.8,174.38,1.6
2024,9,13,18,20,0,14.2,103.7,180.144,1.5
2024,9,13,18,30,0,14.6,102.7,187.236,1.6
2024,9,13,18,40,0,15.5,101.2,198.816,1.7
2024,9,13,18,50,0,16,100,201.596,1.6
2024,9,13,19,0,0,17.4,98.7,243.928,1.8
2024,9,13,19,10,0,17.5,97.9,279,1.8
2024,9,13,19,20,0,19.2,97,383.396,2.4
2024,9,13,19,30,0,20.3,96.1,464.986,3
2024,9,13,19,40,0,21.2,95.4,524.19,2.2
2024,9,13,19,50,0,21.7,94.5,559.502,1.7
2024,9,13,20,0,0,21.8,93.9,591.152,1.9
2024,9,13,20,10,0,21.7,93,582.402,2.3
2024,9,13,20,20,0,21.9,92.5,561.612,2
2024,9,13,20,30,0,22.7,91.9,547.686,2.2
2024,9,13,20,40,0,24.3,91.2,616.218,2.4
2024,9,13,20,50,0,25.3,90.5,642.53,2.4
2024,9,13,21,0,0,25.5,90.5,643.394,2.4
2024,9,13,21,10,0,25,90.375,629.213,2.5
2024,9,13,21,20,0,25.7,89.5,625.26,2.5
2024,9,13,21,30,0,26.4,89,624.148,2.5
2024,9,13,21,40,0,26.5,88.5,635.998,2.4
2024,9,13,21,50,0,26.5,88.5,629.012,2.4
2024,9,13,22,0,0,26.6,88.5,627.658,2.9
2024,9,13,22,10,0,27.2,87.7,645.134,3
2024,9,13,22,20,0,27.5,87.5,653.95,3.5
2024,9,13,22,30,0,28.2,87.2,657.548,3.2
2024,9,13,22,40,0,29.3,86.5,662.338,2.8
2024,9,13,22,50,0,29.4,86.5,666.322,3
2024,9,13,23,0,0,29.8,86.3,663.49,3
2024,9,13,23,10,0,30.4,85.5,660.024,2.9
2024,9,13,23,20,0,30.5,85.2,656.142,3.1
2024,9,13,23,30,0,31.3,84.7,647.168,3.1
2024,9,13,23,40,0,31.3,84.2,623.286,3.5
2024,9,13,23,50,0,31.1,83.6,581.934,4.1
2024,9,14,0,0,0,31.3,83.1,574.34,3.9
2024,9,14,0,10,0,31.4,83.4,597.698,3.9
2024,9,14,0,20,0,31.7,82.7,609.626,4.1
2024,9,14,0,30,0,31.9,82.5,621.424,4.1
2024,9,14,0,40,0,30.9,83.5,625.322,4
2024,9,14,0,50,0,31.5,82.6665,628.815,3.9
2024,9,14,1,0,0,31.5,82.5,634.598,3.8
2024,9,14,1,10,0,31.5,82.5,626.216,4
2024,9,14,1,20,0,31.8,82.4,627.68,3.7
2024,9,14,1,30,0,32.5,82.5,637.826,3.7
2024,9,14,1,40,0,32.5,82.5,635.206,4
2024,9,14,1,50,0,33,81.6,631.362,3.9
2024,9,14,2,0,0,32.9,81.5,628.184,3.8
2024,9,14,2,10,0,33,81.5,626.692,3.8
2024,9,14,2,20,0,33.4,81.5,625.852,3.8
2024,9,14,2,30,0,33.8,81.2,621.742,3.7
2024,9,14,2,40,0,34.3,80.6,616.49,3.7
2024,9,14,2,50,0,34.9,80.3,610.29,3.9
2024,9,14,3,0,0,34.5,80.5,599.978,4
2024,9,14,3,10,0,34.4,80.3,594.088,4.2
2024,9,14,3,20,0,35.3,79.6,589.362,4.3
2024,9,14,3,30,0,36.1,78.8,582.218,4.4
2024,9,14,3,40,0,36.4,79.1,580.71,4.5
2024,9,14,3,50,0,36.8,78.4,574.784,4.6
2024,9,14,4,0,0,36.2,77.6,568.638,5.1
2024,9,14,4,10,0,35.2,77.6,561.674,5.4
2024,9,14,4,20,0,35,77.5,553.724,5.7
2024,9,14,4,30,0,34.9,77.5,558.41,5.5
2024,9,14,4,40,0,34.9,77.5,553.106,5.4
2024,9,14,4,50,0,34.9,77.3,549.796,5.4
2024,9,14,5,0,0,35,76.5,540.62,5.5
2024,9,14,5,10,0,35.4,76.9,547.528,4.9
2024,9,14,5,20,0,36.1,77.2,554.964,4.6
2024,9,14,5,30,0,36.9,76.7,554.124,4.9
2024,9,14,5,40,0,36.8,77,550.43,4.9
2024,9,14,5,50,0,36.8,76.5,546.396,5
2024,9,14,6,0,0,36.8,76.4,542.62,5.1
2024,9,14,6,10,0,36.4,76.4,540.392,5
2024,9,14,6,20,0,37.3,75.8,535.144,5.5
2024,9,14,6,30,0,36.8,76.2,530.49,5.8
2024,9,14,6,40,0,37.875,75,531.473,5.9
2024,9,14,6,50,0,38.7,74.6,526.602,6.1
2024,9,14,7,0,0,38.5,74.5,516.318,6.2
2024,9,14,7,10,0,37.8,75.5,509.784,6.4
2024,9,14,7,20,0,35.9,77.8,507.442,6.9
2024,9,14,7,30,0,33.9,80,501.2,7.1
2024,9,14,7,40,0,30.7,82.5,492.128,6.9
2024,9,14,7,50,0,31,81.6,477.268,6.9
2024,9,14,8,0,0,32.4,80.5,471.55,7
2024,9,14,8,10,0,32.1,81.2,467.414,7
2024,9,14,8,20,0,31.5,82.4,461.09,6.7
2024,9,14,8,30,0,30.8,83.3,443.652,6.9
2024,9,14,8,40,0,29.8,84.7,431.26,6.8
2024,9,14,8,50,0,28.9,85.5,418.62,6.5
2024,9,14,9,0,0,28,86.3,403.342,6.6
2024,9,14,9,10,0,26.8,87.6,388.794,6.1
2024,9,14,9,20,0,25.5,89,366.486,5.2
2024,9,14,9,30,0,24.8,89.9,354.856,4.9
2024,9,14,9,40,0,24.3,91.1,345.124,4.8
2024,9,14,9,50,0,23.3,91.9,325.82,4.2
2024,9,14,10,0,0,22.5,92.9,303.866,3.6
2024,9,14,10,10,0,21.5,93.9,285.66,3.5
2024,9,14,10,20,0,20.9,95.3,266.064,3
2024,9,14,10,30,0,20.9,96.3,242.918,4
2024,9,14,10,40,0,19.7,97.3,229.828,3
2024,9,14,10,50,0,19,97.75,211.713,2.7
2024,9,14,11,0,0,18.1,99.3,224.196,2.5
2024,9,14,11,10,0,17.5,100.2,206.076,3
2024,9,14,11,20,0,17.5,101.6,185.95,2.6
2024,9,14,11,30,0,16.5,102.3,174.442,2.5
2024,9,14,11,40,0,16.5,103,139.494,2.5
2024,9,14,11,50,0,15.7,104,124.19,2.4
2024,9,14,12,0,0,15.6,105.3,111.916,2.4
2024,9,14,12,10,0,15,105.8,84.62,2.3
2024,9,14,12,20,0,14.375,106.5,89.647,2.1
2024,9,14,12,30,0,12.9,106.8,73.246,1.4
2024,9,14,12,40,0,12.5,107.9,74.488,1.5
2024,9,14,12,50,0,12.4,107.4,54.412,1.5
2024,9,14,13,0,0,12.3,107.7,50.464,1.6
2024,9,14,13,10,0,11.5,108.8,69.398,1.3
2024,9,14,13,20,0,11.5,109.1,68.078,1.5
2024,9,14,13,30,0,11.2,109.5,59.248,1.5
2024,9,14,13,40,0,11.5,109.4,50.462,1.7
2024,9,14,13,50,0,11.5,109.5,50.024,1.8
2024,9,14,14,0,0,11.3,110.1,55.818,1.8
2024,9,14,14,10,0,11,110.2,59.862,1.8
2024,9,14,14,20,0,10.5,111.3,88.228,1.6
2024,9,14,14,30,0,10.5,111.7,96.714,1.5
2024,9,14,14,40,0,10.5,111.7,95.224,1.7
2024,9,14,14,50,0,10.2,112.4,95.604,1.9
2024,9,14,15,0,0,10.3,112.3,89.248,1.6
2024,9,14,15,10,0,9.9,112.5,83.58,1.6
2024,9,14,15,20,0,9.5,112.8,99.772,1.5
2024,9,14,15,30,0,9.5,112.4,82.734,1.5
2024,9,14,15,40,0,10.1,112.5,73.562,1.5
2024,9,14,15,50,0,10.1,112.5,53.704,1.6
2024,9,14,16,0,0,10.1,112.5,54.468,1.5
2024,9,14,16,10,0,10,112.9,54.354,1.6
2024,9,14,16,20,0,10.3,112.7,60.294,1.6
2024,9,14,16,30,0,10.1,112.5,69.352,1.5
2024,9,14,16,40,0,10.1,112.5,64.882,1.5
2024,9,14,16,50,0,10.3,111.7,56.406,1.5
2024,9,14,17,0,0,10.4,111.5,71,1.5
2024,9,14,17,10,0,10.3,111,57.028,1.6
2024,9,14,17,20,0,10.5,110.5,132.408,2.9
2024,9,14,17,30,0,10.5,110.2,118.594,2
2024,9,14,17,40,0,10.8,108.8,94.676,9.7
2024,9,14,17,50,0,11.4,108.3,73.28,2.3
2024,9,14,18,0,0,11.5,107.5,77.904,1.7
2024,9,14,18,10,0,12.4,106.9,77.254,1.7
2024,9,14,18,20,0,12.6,106.2,111.71,1.5
2024,9,14,18,30,0,13.2,105.2,149.068,1.5
2024,9,14,18,40,0,13.7,104.1,166.902,1.5
2024,9,14,18,50,0,15.2,102.7,189.348,1.7
2024,9,14,19,0,0,16,101.2,210.328,2
2024,9,14,19,10,0,16.3,100.7,242.72,2.8
2024,9,14,19,20,0,16.6,99.6,287.114,1.8
2024,9,14,19,30,0,17.4,98.5,304.71,2
2024,9,14,19,40,0,17.5,97.7,289.47,1.9
2024,9,14,19,50,0,18.3,96.8,288.292,1.9
2024,9,14,20,0,0,18.9,95.9,302.618,2.2
2024,9,14,20,10,0,19.5,95,309.45,2.2
2024,9,14,20,20,0,20.5,93.75,325.87,2.3
2024,9,14,20,30,0,20.5,93.5,349.378,2.5
2024,9,14,20,40,0,20.4,93.5,370.294,2.4
2024,9,14,20,50,0,20.5,92.7,356.768,2.3
2024,9,14,21,0,0,21.3,91.9,359.97,2.2
2024,9,14,21,10,0,22.2,91.5,397.628,2
2024,9,14,21,20,0,22.1,90.5,408.954,1.9
2024,9,14,21,30,0,21.5,91.1,359.45,2
2024,9,14,21,40,0,22.3,90.3,357.118,1.9
2024,9,14,21,50,0,22.5,89.5,369.164,1.9
2024,9,14,22,0,0,22.5,89.4,370.67,1.9
2024,9,14,22,10,0,22.5,88.6,374.65,1.9
2024,9,14,22,20,0,22.5,88.3,381.628,1.8
2024,9,14,22,30,0,22.5,87.8,387.566,1.8
2024,9,14,22,40,0,22.4,87.7,399.192,1.9
2024,9,14,22,50,0,22.8,87.3,402.93,1.9
2024,9,14,23,0,0,23.8,86.5,412.994,2.1
2024,9,14,23,10,0,24.5,86.1,446.454,2.1
2024,9,14,23,20,0,25.5,85.5,437.902,2.1
2024,9,14,23,30,0,25.5,84.9,429.494,2
2024,9,14,23,40,0,26.2,84.5,443.762,2
2024,9,14,23,50,0,26.5,84.5,470.218,2
2024,9,15,0,0,0,27.4,83.9,481.038,2.2
2024,9,15,0,10,0,27.5,83.2,479.156,2
2024,9,15,0,20,0,27.5,82.5,475.998,2
2024,9,15,0,30,0,27.5,82.5,487.924,2.2
2024,9,15,0,40,0,27.6,82.5,507.252,2.3
2024,9,15,0,50,0,28.5,82.5,500.848,2.6
2024,9,15,1,0,0,28.5,82.5,507.316,2.6
2024,9,15,1,10,0,28.5,82.5,502.786,2.7
2024,9,15,1,20,0,28.6,81.5,488.61,2.5
2024,9,15,1,30,0,29.1,81.4,475.838,2.5
2024,9,15,1,40,0,29.5,80.5,473.63,2.5
2024,9,15,1,50,0,30.3,80.5,479.5,2.5
2024,9,15,2,0,0,30.5,79.9,484.44,2.6
2024,9,15,2,10,0,30.8,79.5,488.932,2.6
2024,9,15,2,20,0,31.5,79.5,496.828,2.9
2024,9,15,2,30,0,31,80.3,511.392,3
2024,9,15,2,40,0,32.1,79.4,506.802,2.8
2024,9,15,2,50,0,32.7,78.7,495.076,3.3
2024,9,15,3,0,0,33,78.5,497.082,3.6
2024,9,15,3,10,0,32.7,79.1,491.356,3.4
2024,9,15,3,20,0,32.5,79.7,473.346,3.2
2024,9,15,3,30,0,32.5,80,477.408,3.1
2024,9,15,3,40,0,33,79.6,478.142,3.2
2024,9,15,3,50,0,33.2,79.7,476.76,3.2
2024,9,15,4,0,0,33.8,79.5,477.44,3.2
2024,9,15,4,10,0,34,79.5,476.414,3.5
2024,9,15,4,20,0,34,79.3,465.034,3.5
2024,9,15,4,30,0,34.7,78.8,468.162,3.7
2024,9,15,4,40,0,34.5,79.3,470.08,3.7
2024,9,15,4,50,0,34.9,78.8,484.306,3.9
2024,9,15,5,0,0,35.2,78.5,500.13,3.7
2024,9,15,5,10,0,34.8,78.3,500.264,3.4
2024,9,15,5,20,0,35.5,77.6,502.362,3.6
2024,9,15,5,30,0,35.3,77.7,505.55,3.4
2024,9,15,5,40,0,35.7,77.6,497.974,3.5
2024,9,15,5,50,0,36.2,77.5,490.626,4
2024,9,15,6,0,0,36.7,76.7,499.754,4
2024,9,15,6,10,0,37,76.5,505.064,5.3
2024,9,15,6,20,0,37.1,76.4,507.18,5.4
2024,9,15,6,30,0,37.1,75.9,500.654,4.9
2024,9,15,6,40,0,37.1,75.7,489.956,4.7
2024,9,15,6,50,0,37.2,75.8,485.974,4.6
2024,9,15,7,0,0,38,75.5,487.658,5
2024,9,15,7,10,0,37.4,76.7,487.994,5
2024,9,15,7,20,0,34.4,79.4,478.98,5.1
2024,9,15,7,30,0,31.1,82.4,472.06,5
2024,9,15,7,40,0,30.5,83.5,480.584,5.5
2024,9,15,7,50,0,30.8,82.8,475.492,5.5
2024,9,15,8,0,0,31.5,81.9,469.12,5.5
2024,9,15,8,10,0,31.1,82.5,461.28,5.7
2024,9,15,8,20,0,29.9,83.7,446.89,5.3
2024,9,15,8,30,0,28.7,84.4,425.296,4.9
2024,9,15,8,40,0,28.1,85.1,407.652,4.5
2024,9,15,8,50,0,26.5,86.1,389.668,4.2
2024,9,15,9,0,0,25.5,86.7,377.476,3.7
2024,9,15,9,10,0,25.4,87.6,362.306,3.9
2024,9,15,9,20,0,24.9,88.1,350.734,3.8
2024,9,15,9,30,0,24.1,88.5,333.578,3.5
2024,9,15,9,40,0,22.9,89.6,315.474,3
2024,9,15,9,50,0,21.3,91,303.418,2.7
2024,9,15,10,0,0,20.5,92.1,293.308,2.6
2024,9,15,10,10,0,19.7,93.1,278.15,2
2024,9,15,10,20,0,19,93.9,256.802,2
2024,9,15,10,30,0,17.9,95.1,241.612,1.6
2024,9,15,10,40,0,16.9,95.7,226.054,1.4
2024,9,15,10,50,0,15.9,96.3,212.22,1.4
2024,9,15,11,0,0,15.4,97.5,206.328,1.4
2024,9,15,11,10,0,14.5,98.1,196.794,1
2024,9,15,11,20,0,13.9,99.1,188.058,1
2024,9,15,11,30,0,13.2,99.5,172.594,1
2024,9,15,11,40,0,12.1,100,153.906,0.8
2024,9,15,11,50,0,12.4,101.1,145.324,0.9
2024,9,15,12,0,0,11.8,101.5,143.908,0.8
2024,9,15,12,10,0,11.7,102.9,140.876,0.8
2024,9,15,12,20,0,11.1,103.5,143.096,0.7
2024,9,15,12,30,0,11.25,103.5,128.795,0.7
2024,9,15,12,40,0,10.6665,103.5,114.182,0.8
2024,9,15,12,50,0,10.5,104.6,105.882,0.8
2024,9,15,13,0,0,10.3,105,95.02,0.8
2024,9,15,13,10,0,10.3,104.5,74.41,0.8
2024,9,15,13,20,0,9.9,104.8,56.922,0.7
2024,9,15,13,30,0,10,104,50.414,0.7
2024,9,15,13,40,0,10,104.2,54.454,0.7
2024,9,15,13,50,0,9.9,105.1,75.242,0.7
2024,9,15,14,0,0,9.5,105.7,87.368,0.6
2024,9,15,14,10,0,9.1,105.4,74.338,0.6
2024,9,15,14,20,0,9.3,105.4,69.438,0.5
2024,9,15,14,30,0,9.2,105.9,60.442,0.6
2024,9,15,14,40,0,9.3,106.2,73.97,0.5
2024,9,15,14,50,0,9.1,107,89.976,0.5
2024,9,15,15,0,0,9.125,106.5,74.01,0.5
2024,9,15,15,10,0,8.9165,107.0835,81.787,0.5
2024,9,15,15,20,0,8.9,107.3,94.168,0.5
2024,9,15,15,30,0,9.2,107.8,96.722,0.5
2024,9,15,15,40,0,9.375,107.375,96.78,0.5
2024,9,15,15,50,0,9.5,106.0835,77.81,0.5
2024,9,15,16,0,0,9.6,106.1,69.442,0.5
2024,9,15,16,10,0,10.2,104.9,79.044,0.5
2024,9,15,16,20,0,10.5,104.5,82.985,0.9
2024,9,15,16,30,0,10.8,104.4,103.506,2.6
2024,9,15,16,40,0,10.6,105.5,117.774,1.3
2024,9,15,16,50,0,10.5,105.7,119.106,0.6
2024,9,15,17,0,0,11.1,105,112.056,0.6
2024,9,15,17,10,0,11.5,103.9,114.826,1.8
2024,9,15,17,20,0,11.7,102.6,119.308,1.9
2024,9,15,17,30,0,12.4,101.5,126.456,1.2
2024,9,15,17,40,0,12.9,101,143.168,1.3
2024,9,15,17,50,0,13,100.1,156.664,1.2
2024,9,15,18,0,0,12.6,98.9,144.048,0.9
2024,9,15,18,10,0,12.3,98,140.262,0.8
2024,9,15,18,20,0,12.1,96.2,133.724,0.9
2024,9,15,18,30,0,13.1,95.4,135.504,1.2
2024,9,15,18,40,0,14.6,94.2,144.978,1.2
2024,9,15,18,50,0,15.8,92.8,167.674,1.2
2024,9,15,19,0,0,16.1,91.9,176.23,1.2
2024,9,15,19,10,0,16.6,91.1,172.786,1.5
2024,9,15,19,20,0,17.6,90.1,182.9,1.5
2024,9,15,19,30,0,18,89.5,196.28,1.5
2024,9,15,19,40,0,18.3,88.8,194.218,1.4
2024,9,15,19,50,0,19.2,88.1,193.612,1.4
2024,9,15,20,0,0,19.8,87.5,198.132,1.5
2024,9,15,20,10,0,20.2,87.3,208.752,1.7
2024,9,15,20,20,0,20.5,86.7,218.684,1.9
2024,9,15,20,30,0,21.1,86.5,235.576,1.9
2024,9,15,20,40,0,21.5,86.5,242.244,1.7
2024,9,15,20,50,0,22.3,85.7,239.206,1.8
2024,9,15,21,0,0,22.8,85.1,256.916,1.8
2024,9,15,21,10,0,23.4,84.9,268.806,1.8
2024,9,15,21,20,0,23.6,84.5,275.402,1.9
2024,9,15,21,30,0,24.4,84.5,281.192,2
2024,9,15,21,40,0,24.5,83.8,275.972,1.9
2024,9,15,21,50,0,24.8,83.5,279.896,2
2024,9,15,22,0,0,25.5,83.2,283.406,2
2024,9,15,22,10,0,25.5,82.8,284.714,2
2024,9,15,22,20,0,26.3,82.5,280.164,2.1
2024,9,15,22,30,0,27,81.5,283.77,2
2024,9,15,22,40,0,27.2,81.5,287.102,2.1
2024,9,15,22,50,0,27.6,81.1,333.388,2.2
2024,9,15,23,0,0,27.7,80.5,322.184,2
2024,9,15,23,10,0,27.5,80.3,312.376,2
2024,9,15,23,20,0,27.6,79.5,302.336,1.9
2024,9,15,23,30,0,27.5,79.5,307.348,1.9
2024,9,15,23,40,0,27.7,79.5,302.146,1.9
2024,9,15,23,50,0,28.1,79.4,295.06,1.9
2024,9,16,0,0,0,28.5,79,285.296,1.8
2024,9,16,0,10,0,29.3,78.5,283.872,1.9
2024,9,16,0,20,0,29.5,78.4,294.214,2
2024,9,16,0,30,0,29.7,78.3,304.82,2
2024,9,16,0,40,0,30.3,78.1,305.196,2
2024,9,16,0,50,0,30.4,77.8,303.474,2
2024,9,16,1,0,0,30.6,77.5,303.866,1.9
2024,9,16,1,10,0,30.5,77.5,303.254,1.7
2024,9,16,1,20,0,30.5,77.3,307.302,1.8
2024,9,16,1,30,0,30.5,76.8,304.884,1.7
2024,9,16,1,40,0,30.5,76.8,310.138,1.7
2024,9,16,1,50,0,30.5,77.1,321.892,1.7
2024,9,16,2,0,0,30.5,76.6,327.368,1.5
2024,9,16,2,10,0,30.5,76.5,325.666,1.5
2024,9,16,2,20,0,30.5,76.5,329.506,1.5
2024,9,16,2,30,0,31.4,75.5,316.61,1.6
2024,9,16,2,40,0,32.1,75.5,329.18,1.7
2024,9,16,2,50,0,31.9,75.5,332.944,1.7
2024,9,16,3,0,0,32.4,74.8,319.302,1.7
2024,9,16,3,10,0,32.5,74.7,318.868,1.8
2024,9,16,3,20,0,32.5,74.5,321.724,1.8
2024,9,16,3,30,0,32.6,74.5,323.884,1.8
2024,9,16,3,40,0,33.4,73.9,324.578,1.8
2024,9,16,3,50,0,33.5,74.1,335.628,1.9
2024,9,16,4,0,0,34.1,73.5,338.466,1.8
2024,9,16,4,10,0,34.5,73.5,331.446,1.8
2024,9,16,4,20,0,34.6,73.3,339.908,2.2
2024,9,16,4,30,0,34.8,73.2,354.912,2.3
2024,9,16,4,40,0,35,73,375.274,2.3
2024,9,16,4,50,0,35.4,72.4,444.63,2.3
2024,9,16,5,0,0,35.5,72.1,410.71,2.2
2024,9,16,5,10,0,35.2,72.4,398.28,2.2
2024,9,16,5,20,0,35.9,71.7,389.386,2.2
2024,9,16,5,30,0,35.8,71.9,397.662,2.1
2024,9,16,5,40,0,35.4,71.9,398.71,2.2
2024,9,16,5,50,0,37.1,71.1,391.866,2.1
2024,9,16,6,0,0,36.7,71.4,393.596,2.3
2024,9,16,6,10,0,36,71.9,415.806,2.3
2024,9,16,6,20,0,36.2,71.6,415.82,2.4
2024,9,16,6,30,0,36,71.7,417.832,2.2
2024,9,16,6,40,0,36.3,71.3,411.976,2.7
2024,9,16,6,50,0,36.6,71.2,419.742,2.5
2024,9,16,7,0,0,36.3,71.6,413.724,2.5
2024,9,16,7,10,0,34.8,73.6,418.328,2.5
2024,9,16,7,20,0,34,75.5,421.114,2.7
2024,9,16,7,30,0,32.7,77.4,396.488,2.9
2024,9,16,7,40,0,30.7,79.2,344.906,2.5
2024,9,16,7,50,0,31.4,77.9,302.006,2.7
2024,9,16,8,0,0,32.2,77.2,270.256,2.7
2024,9,16,8,10,0,32.5,76.5,233.304,2.9
2024,9,16,8,20,0,32.3,77.4,214.132,2.7
2024,9,16,8,30,0,31.5,78.1,205.004,2.8
2024,9,16,8,40,0,30.8,78.3,184.09,2.5
2024,9,16,8,50,0,30.3,79.2,169.178,2.5
2024,9,16,9,0,0,29.5,79.6,150.412,2.6
2024,9,16,9,10,0,29.1,80.2,144.216,2.9
2024,9,16,9,20,0,28.3,80.9,143.61,2.7
2024,9,16,9,30,0,27.5,81.5,129.086,2.8
2024,9,16,9,40,0,27.5,81.3,118.294,2.9
2024,9,16,9,50,0,26.5,82.7,115.694,2.6
2024,9,16,10,0,0,25.4,83.9,113.124,2.9
2024,9,16,10,10,0,24.7,85,111.166,2.6
2024,9,16,10,20,0,23.2,86.2,106.03,2.5
2024,9,16,10,30,0,22.4,86.7,93.496,2.2
2024,9,16,10,40,0,22.2,86.8,74.872,2.3
2024,9,16,10,50,0,21.5,86.2,50.98,1.8
2024,9,16,11,0,0,21.5,87.1,56.726,1.9
2024,9,16,11,10,0,21.7,86.5,51.722,2.1
2024,9,16,11,20,0,22,86,54.542,2
2024,9,16,11,30,0,22.3,85.4,55.294,2.1
2024,9,16,11,40,0,22.5,84.9,53.014,2.2
2024,9,16,11,50,0,22.2,86.1,54.574,2.2
2024,9,16,12,0,0,21.2,88.1,61.376,2.2
2024,9,16,12,10,0,20.9,88.1,61.414,2.6
2024,9,16,12,20,0,20.7,87.6,59.146,2.6
2024,9,16,12,30,0,20.5,88.3,66.46,2.5
2024,9,16,12,40,0,20.4,88.5,54.698,2.4
2024,9,16,12,50,0,20.8,87.8,52.284,2.7
2024,9,16,13,0,0,20.6,88.5,55.2,2.9
2024,9,16,13,10,0,19.7,89.9,62.922,2.5
2024,9,16,13,20,0,19.9,88.6,51.738,2.3
2024,9,16,13,30,0,19.375,89,52.928,2.1
2024,9,16,13,40,0,19.5,88.875,51.357,2.2
2024,9,16,13,50,0,19.5,89.1,57.804,2.1
2024,9,16,14,0,0,18.8,89.9,56.298,1.9
2024,9,16,14,10,0,18.5,90.3,54.792,2
2024,9,16,14,20,0,18.7,90.2,53.696,2
2024,9,16,14,30,0,17.9,91.9,76.8,1.9
2024,9,16,14,40,0,17.4,91.7,69.302,1.9
2024,9,16,14,50,0,16.9,92.1,55.35,1.9
2024,9,16,15,0,0,17.1,92.4,62.452,1.6
2024,9,16,15,10,0,16.9,92.7,82.328,1.6
2024,9,16,15,20,0,16.2,93.3,84.788,1.6
2024,9,16,15,30,0,16,93.5,89.764,1.5
2024,9,16,15,40,0,16,93.7,96.138,1.6
2024,9,16,15,50,0,15.4,93.3,78.92,1.5
2024,9,16,16,0,0,16,91.6,51.548,1.4
2024,9,16,16,10,0,16.2,92.1,62.634,1.5
2024,9,16,16,20,0,16.1,92.1,80.044,1.5
2024,9,16,16,30,0,15.6,93.3,92.19,1.4
2024,9,16,16,40,0,15,93.7,96.894,1.4
2024,9,16,16,50,0,15.1,93.2,91.802,1.2
2024,9,16,17,0,0,15,92.9,105.234,1.3
2024,9,16,17,10,0,15.1,92.4,102.57,1.2
2024,9,16,17,20,0,15.3,91.6,102.636,1.2
2024,9,16,17,30,0,15.9,91.5,110.484,1.3
2024,9,16,17,40,0,16.7,90.4,106.394,1.3
2024,9,16,17,50,0,18.3,89.4,117.952,1.5
2024,9,16,18,0,0,18.8,88.7,145.806,1.5
2024,9,16,18,10,0,18.4,88.1,138.624,1.4
2024,9,16,18,20,0,19.5,87.1,141.312,1.8
2024,9,16,18,30,0,20.3,86.5,159.398,1.5
2024,9,16,18,40,0,21.6,85.4,213.002,1.5
2024,9,16,18,50,0,22.5,84.4,262.864,1.2
2024,9,16,19,0,0,23.8,83.7,298.746,1.2
2024,9,16,19,10,0,24.3,83.2,327.236,1.1
2024,9,16,19,20,0,24.9,82.8,352.552,1.1
2024,9,16,19,30,0,25.5,82.2,367.848,1
2024,9,16,19,40,0,25.9,81.6,380.026,1.2
2024,9,16,19,50,0,26,81,378.146,1.1
2024,9,16,20,0,0,26.5,80.5,390.644,1.3
2024,9,16,20,10,0,26.5,80.5,396.966,1.1
2024,9,16,20,20,0,26.9,80.6,430.652,1.4
2024,9,16,20,30,0,27.5,80.7,448.616,1.8
2024,9,16,20,40,0,27.5,80.5,458.192,2.2
2024,9,16,20,50,0,28.5,79.9,460.648,2.1
2024,9,16,21,0,0,29.3,78.8,461.136,1.8
2024,9,16,21,10,0,30,78.5,458.736,1.4
2024,9,16,21,20,0,30.625,77.625,450.015,1.3
2024,9,16,21,30,0,32.2,77.1,448.867,1.3
2024,9,16,21,40,0,33.4,76.5,449.66,1.4
2024,9,16,21,50,0,33.7,76.1,441.76,1.3
2024,9,16,22,0,0,34.2,76.3,434.214,1.4
2024,9,16,22,10,0,34.1,76.5,428.75,1.4
2024,9,16,22,20,0,34.2,76.3,431.01,1.5
2024,9,16,22,30,0,34.5,75.8,437.274,1.7
2024,9,16,22,40,0,35.2,75.4,440.4,1.6
2024,9,16,22,50,0,35.1,75.5,450.766,1.6
2024,9,16,23,0,0,35.4,74.9,452.344,1.8
2024,9,16,23,10,0,36,74.5,447.028,1.9
2024,9,16,23,20,0,36.4,74.5,448.036,1.9
2024,9,16,23,30,0,36.3,74.5,452.966,1.9
2024,9,16,23,40,0,36.6,74.4,458.488,2.2
2024,9,16,23,50,0,35.9,74.7,461.98,2.1
2024,9,17,0,0,0,35.7,74.6,464.304,2.3
2024,9,17,0,10,0,36.2,74.2,463.934,2.4
2024,9,17,0,20,0,37.1,73.4,460.3,2.4
2024,9,17,0,30,0,38,72.6,454.522,2.6
2024,9,17,0,40,0,38,72.5,459.444,2.6
2024,9,17,0,50,0,38.1,72.5,465.874,2.6
2024,9,17,1,0,0,38,72.5,465.374,2.6
2024,9,17,1,10,0,38,72.5,466.856,3.3
2024,9,17,1,20,0,38.4,72.4,466.358,3.2
2024,9,17,1,30,0,39,71.5,470.248,3.3
2024,9,17,1,40,0,39.9,71.1,464.302,3.4
2024,9,17,1,50,0,40.3,70.5,461.4,3.3
2024,9,17,2,0,0,40.9,70.5,468.324,3.4
2024,9,17,2,10,0,41,70.5,472.392,3.8
2024,9,17,2,20,0,40.7,70.5,474.758,4.1
2024,9,17,2,30,0,40,70.6,476.682,4.3
2024,9,17,2,40,0,40.8,70.3,469.054,4.2
2024,9,17,2,50,0,41,70.5,462.002,3.9
2024,9,17,3,0,0,41.4,69.6,457.386,4.2
2024,9,17,3,10,0,41.9,69.5,465.064,4.6
2024,9,17,3,20,0,40.7,70.5,469.626,4.9
2024,9,17,3,30,0,41.4,69.9,461.056,4.9
2024,9,17,3,40,0,41.7,69.5,462.3,4.9
2024,9,17,3,50,0,41.7,69.6,462.506,5
2024,9,17,4,0,0,41,69.9,469.41,4.9
2024,9,17,4,10,0,41,69.5,466.512,4.8
2024,9,17,4,20,0,41,69.5,458.554,4.8
2024,9,17,4,30,0,41,69.5,455.452,5
2024,9,17,4,40,0,41.25,69.375,450.178,5.1
2024,9,17,4,50,0,42.333,68.8335,460.34,5.4
2024,9,17,5,0,0,42.1,69.1,454.656,5.4
2024,9,17,5,10,0,42,69.2,452.62,5.5
2024,9,17,5,20,0,42.1,69,451.514,5.7
2024,9,17,5,30,0,42.2,69,450.718,5.8
2024,9,17,5,40,0,42.1,69.3,471.948,5.6
2024,9,17,5,50,0,41.7,69.5,473.22,5.5
2024,9,17,6,0,0,42.1,68.4,465.56,5.4
2024,9,17,6,10,0,42.8,68.2,448.948,5.1
2024,9,17,6,20,0,43.7,67.9,446.214,4.8
2024,9,17,6,30,0,43.7,67.1,456.148,4.6
2024,9,17,6,40,0,43.3,67.5,454.578,4.6
2024,9,17,6,50,0,43.4,67.5,450.032,4.7
2024,9,17,7,0,0,42.4,68.3,453.572,4.6
2024,9,17,7,10,0,41.3,69.7,450.832,5.1
2024,9,17,7,20,0,39.5,71.3,444.634,5.1
2024,9,17,7,30,0,38.3,73.2,436.266,5.2
2024,9,17,7,40,0,36.3,75.3,440.6,5.3
2024,9,17,7,50,0,36.8,75,439.956,5.5
2024,9,17,8,0,0,37.6,75.3,424.604,5.5
2024,9,17,8,10,0,38,75.5,396.286,6.2
2024,9,17,8,20,0,37.5,76.4,380.146,6.8
2024,9,17,8,30,0,36.3,77.7,367.084,6.6
2024,9,17,8,40,0,35.6,78.4,350.776,6.5
2024,9,17,8,50,0,35.3,78.5,346.27,6.9
2024,9,17,9,0,0,34.9,78.7,330.86,7.1
2024,9,17,9,10,0,34.2,79.2,317.166,7
2024,9,17,9,20,0,33.2,80.4,317.534,7.2
2024,9,17,9,30,0,32.9,80.3,304.178,7.3
2024,9,17,9,40,0,32.2,81.1,292.212,7.4
2024,9,17,9,50,0,31.3,82.1,279.924,7.4
2024,9,17,10,0,0,31.2,82.3,254.018,7.3
2024,9,17,10,10,0,30.6,82.7,239.59,7.1
2024,9,17,10,20,0,29.8,83.6,231.21,7.4
2024,9,17,10,30,0,28.9,85.1,227.508,6.7
2024,9,17,10,40,0,29.1,84.5,199.702,7.6
2024,9,17,10,50,0,28.2,85.2,167.654,6.2
2024,9,17,11,0,0,27.6,86.1,153.298,5.9
2024,9,17,11,10,0,26.7,87.2,141.348,5.9
2024,9,17,11,20,0,26.4,87.7,121.416,6.1
2024,9,17,11,30,0,25.5,88.8,112.382,5.2
2024,9,17,11,40,0,25.1,89.5,94.59,5
2024,9,17,11,50,0,24.2,89.7,69.638,4.2
2024,9,17,12,0,0,23.1,90.4,56.802,3.4
2024,9,17,12,10,0,22.9,90.2,51.484,3.3
2024,9,17,12,20,0,22.9,89.8,50.68,2.8
2024,9,17,12,30,0,22.4,90.7,57.186,2.7
2024,9,17,12,40,0,21.5,91.5,64.788,2.7
2024,9,17,12,50,0,21.5,91.9,60.284,2.8
2024,9,17,13,0,0,20.8,92.9,67.564,2.5
2024,9,17,13,10,0,19.7,92.6,60.606,2.1
2024,9,17,13,20,0,20.6,91.4,50,2.3
2024,9,17,13,30,0,20.3,93.5,60.774,2.3
2024,9,17,13,40,0,19.1,94.1,83.624,2
2024,9,17,13,50,0,18,95.1,98.878,2
2024,9,17,14,0,0,17.5,95.9,86.684,1.9
2024,9,17,14,10,0,17.5,96.9,94.982,1.9
2024,9,17,14,20,0,17.4,96.1,97.002,2.5
2024,9,17,14,30,0,17.5,96.7,82.002,2.1
2024,9,17,14,40,0,16.9,97.7,77.972,2.5
2024,9,17,14,50,0,17,95.9,57.784,2.8
2024,9,17,15,0,0,16.8,97.3,51.228,2.8
2024,9,17,15,10,0,16.8,97.5,55.524,2.7
2024,9,17,15,20,0,16.4,97.9,59.048,2.6
2024,9,17,15,30,0,15.6,98.4,61.29,2.4
2024,9,17,15,40,0,15.5,98.2,53.682,2.4
2024,9,17,15,50,0,16,97.9,50.516,2.5
2024,9,17,16,0,0,16,98.5,53.708,2.6
2024,9,17,16,10,0,15.6,98.7,57.258,2.5
2024,9,17,16,20,0,15.3,99.4,67.116,2.5
2024,9,17,16,30,0,14.6,99.4,83.634,2.2
2024,9,17,16,40,0,15,99,80.292,2.3
2024,9,17,16,50,0,15.1,98.7,86.378,2.5
2024,9,17,17,0,0,15,98.3,79.208,2.2
2024,9,17,17,10,0,15.4,97.6,72.396,2
2024,9,17,17,20,0,14.9,97.2,89.972,2
2024,9,17,17,30,0,14.8,97.2,115.04,1.8
2024,9,17,17,40,0,14.9,96.4,107.698,1.8
2024,9,17,17,50,0,15.5,95.2,114.972,2
2024,9,17,18,0,0,16.3,94.5,112.338,2.6
2024,9,17,18,10,0,16.7,93.9,103.336,2.1
2024,9,17,18,20,0,17.3,93.4,112.722,2.2
2024,9,17,18,30,0,18.2,92.3,117.07,2.6
2024,9,17,18,40,0,18.1,91.2,142.718,1.9
2024,9,17,18,50,0,18.5,90.3,173.104,1.9
2024,9,17,19,0,0,19.1,89.4,207.972,1.8
2024,9,17,19,10,0,19.9,88.4,246.146,2.1
2024,9,17,19,20,0,20.5,87.5,293.548,2.2
2024,9,17,19,30,0,21.2,86.5,313.534,2.7
2024,9,17,19,40,0,21.5,86.5,350.728,3
2024,9,17,19,50,0,21.8,85.8,408.216,2.7
2024,9,17,20,0,0,22.1,84.8,431.812,2.8
2024,9,17,20,10,0,22.5,84.3,414.826,2.6
2024,9,17,20,20,0,22.8,84.2,442.744,2.7
2024,9,17,20,30,0,23.2,83.7,468.14,2.8
2024,9,17,20,40,0,23.6,83.5,491.574,2.5
2024,9,17,20,50,0,24.1,83.2,497.444,2.3
2024,9,17,21,0,0,24.5,82.5,498.012,2.9
2024,9,17,21,10,0,24.5,83.1,522.898,3.1
2024,9,17,21,20,0,25.2,82.6,546.896,3
2024,9,17,21,30,0,25.6,82.1,556.142,2.7
2024,9,17,21,40,0,25.8,82,557.102,2.4
2024,9,17,21,50,0,26.4,81.5,539.402,2.6
2024,9,17,22,0,0,26.8,81.5,531.352,3
2024,9,17,22,10,0,27.4,81.2,518.08,3.5
2024,9,17,22,20,0,26.9,81.5,520.158,3.4
2024,9,17,22,30,0,27.3,81.5,488.496,3.4
2024,9,17,22,40,0,27.5,81.5,468.256,3.4
2024,9,17,22,50,0,27.7,81.3,463.578,3.5
2024,9,17,23,0,0,28.5,80.8,455.66,3.5
2024,9,17,23,10,0,29.1,80.5,452.326,3.4
2024,9,17,23,20,0,30.4,79.7,441.668,3.4
2024,9,17,23,30,0,30.5,80.1,447.068,3.4
2024,9,17,23,40,0,30.9,79.5,441.258,3.4
2024,9,17,23,50,0,31.4,79.5,439.452,3.5
2024,9,18,0,0,0,32.1,79.1,448.114,3.6
2024,9,18,0,10,0,32.2,79.4,452.894,3.5
2024,9,18,0,20,0,32.7,79.5,455.162,3.6
2024,9,18,0,30,0,33.6,78.6,451.722,3.6
2024,9,18,0,40,0,34,78.5,448.038,3.7
2024,9,18,0,50,0,34,78.5,452.742,3.8
2024,9,18,1,0,0,34.4,78.5,456.162,3.8
2024,9,18,1,10,0,34.8,78.4,461.274,3.8
2024,9,18,1,20,0,35,78.2,468.612,3.8
2024,9,18,1,30,0,34.5,78.5,477.084,3.8
2024,9,18,1,40,0,34.4,78.5,496.732,3.7
2024,9,18,1,50,0,34.5,78.5,492.918,4
2024,9,18,2,0,0,34.6,78.5,474.39,3.9
2024,9,18,2,10,0,34.6,78.5,474.09,4.3
2024,9,18,2,20,0,35.8,77.7,465.078,4.5
2024,9,18,2,30,0,36.9,77.4,463.222,4.5
2024,9,18,2,40,0,37,76.7,462.666,4.6
2024,9,18,2,50,0,37.2,76.8,460.748,4.7
2024,9,18,3,0,0,37.6,76.5,466.97,4.9
2024,9,18,3,10,0,38,76.4,464.828,4.8
2024,9,18,3,20,0,38,76.5,468.284,4.9
2024,9,18,3,30,0,38.5,76.2,465.794,4.8
2024,9,18,3,40,0,39,75.5,458.714,5
2024,9,18,3,50,0,39.1,75.5,465.148,5.1
2024,9,18,4,0,0,39.8,75.5,461.792,5.3
2024,9,18,4,10,0,39.2,75.5,460.644,5.1
2024,9,18,4,20,0,39,76.1,462.408,5.2
2024,9,18,4,30,0,38.9,76.5,461.144,5
2024,9,18,4,40,0,38.7,76.5,467.39,5.1
2024,9,18,4,50,0,38.6,76.5,474.064,5.5
2024,9,18,5,0,0,38,76.5,475.132,5.5
2024,9,18,5,10,0,38.2,76.4,472.528,5.7
2024,9,18,5,20,0,39,75.5,471.486,5.6
2024,9,18,5,30,0,39,75.5,475.402,5.7
2024,9,18,5,40,0,39.6,75.1,477.632,5.8
2024,9,18,5,50,0,40.6,74.4,467.27,6.2
2024,9,18,6,0,0,41.1,74.2,460.47,6.2
2024,9,18,6,10,0,40.8,74.4,467.454,6.6
2024,9,18,6,20,0,40.6,74.5,469.698,6.3
2024,9,18,6,30,0,41.1,74.1,468.608,6.6
2024,9,18,6,40,0,41.6,73.5,465.256,6.9
2024,9,18,6,50,0,42.3,73.5,468.732,6.9
2024,9,18,7,0,0,42.2,73.3,464.714,6.9
2024,9,18,7,10,0,41.1,74.6,462.43,6.7
2024,9,18,7,20,0,39.2,76.3,459.838,6.6
2024,9,18,7,30,0,37.1,78.4,453.022,6.4
2024,9,18,7,40,0,35.3,80.2,446.288,6.5
2024,9,18,7,50,0,35.5,79.7,432.98,6.4
2024,9,18,8,0,0,36,79.5,427.422,7
2024,9,18,8,10,0,36.6,78.9,421.51,7.3
2024,9,18,8,20,0,36.1,79.6,414.278,7.5
2024,9,18,8,30,0,35.9,79.8,409.69,7.7
2024,9,18,8,40,0,35.8,80.1,412.088,7.7
2024,9,18,8,50,0,35,81.1,399.94,7.2
2024,9,18,9,0,0,33.7,82.4,391.184,7.2
2024,9,18,9,10,0,32.6,83.8,379.886,7.5
2024,9,18,9,20,0,31.8,84.9,365.746,7.5
2024,9,18,9,30,0,30.6,85.6,351.142,6.7
2024,9,18,9,40,0,29.1,86.4,324.094,6.3
2024,9,18,9,50,0,29.1,86.8,306.552,6.7
2024,9,18,10,0,0,28.2,88.1,286.484,6.3
2024,9,18,10,10,0,27.1,88.9,261.74,6.1
2024,9,18,10,20,0,26.7,88.9,243.292,5.9
2024,9,18,10,30,0,26.2,89.5,232.796,5.5
2024,9,18,10,40,0,25.5,90.1,215.764,4.8
2024,9,18,10,50,0,24.7,91.2,199.68,4.8
2024,9,18,11,0,0,24.4,92,178.072,5
2024,9,18,11,10,0,23.8,93,165.2,5.5
2024,9,18,11,20,0,23,93.5,137.614,4.6
2024,9,18,11,30,0,22.25,94,114.938,4.3
2024,9,18,11,40,0,21.2,94.4,90.585,3.7
2024,9,18,11,50,0,20.6,94.9,59.968,4.7
2024,9,18,12,0,0,20.5,95,51.404,3.9
2024,9,18,12,10,0,19.9,95.5,59.06,3.1
2024,9,18,12,20,0,19.7,95.4,53.216,3
2024,9,18,12,30,0,20.1,94.5,50.01,3.2
2024,9,18,12,40,0,19.6,95.8,51.734,3.2
2024,9,18,12,50,0,19.6,96.9,62.9,3.1
2024,9,18,13,0,0,19.1,97.5,52.378,3.3
2024,9,18,13,10,0,18.5,98.7,52.428,3
2024,9,18,13,20,0,18.8,97.6,50.21,3.2
2024,9,18,13,30,0,17.7,99.8,56.516,2.9
2024,9,18,13,40,0,17.6,98.6,50,3
2024,9,18,13,50,0,17.375,99.625,50.125,2.9
2024,9,18,14,0,0,16.6665,99.833,67.023,2.7
2024,9,18,14,10,0,16.9,99.2,52.318,2.8
2024,9,18,14,20,0,16.6,100.1,53.326,2.6
2024,9,18,14,30,0,16.5,100.5,65.702,2.8
2024,9,18,14,40,0,16.5,100.7,82.004,2.7
2024,9,18,14,50,0,16.5,100.1,86.638,2.8
2024,9,18,15,0,0,16.5,100.5,94.7,2.7
2024,9,18,15,10,0,16.4,100.3,98.598,2.5
2024,9,18,15,20,0,15.5,100.6,76.14,2.5
2024,9,18,15,30,0,15.6,100.5,80.286,2.5
2024,9,18,15,40,0,15.5,100.6,86.656,2.4
2024,9,18,15,50,0,15.5,101,92.028,2.5
2024,9,18,16,0,0,15.5,100.9,96.548,2.4
2024,9,18,16,10,0,15.5,100.4,87.762,2.4
2024,9,18,16,20,0,15.5,100.3,92.17,2.5
2024,9,18,16,30,0,16.3,99.2,92.642,2.5
2024,9,18,16,40,0,16.5,98.8,80.946,2.7
2024,9,18,16,50,0,16.5,98.5,62.902,2.8
2024,9,18,17,0,0,16.5,98,60.426,2.7
2024,9,18,17,10,0,17.2,97.3,56.898,2.7
2024,9,18,17,20,0,17.6,96.6,72.666,2.7
2024,9,18,17,30,0,18.2,96.5,81.362,3.3
2024,9,18,17,40,0,19.5,95.6,91.552,3.1
2024,9,18,17,50,0,20.1,95.3,93.09,3.4
2024,9,18,18,0,0,22,93.9,148.66,3.4
2024,9,18,18,10,0,23,92.5,210.622,3.3
2024,9,18,18,20,0,23.5,91.75,205.403,3.5
2024,9,18,18,30,0,24.2,90.9,284.946,4.8
2024,9,18,18,40,0,25.1,89.9,326.892,3.4
2024,9,18,18,50,0,25.1,89.4,343.664,3
2024,9,18,19,0,0,24.5,88.5,349.382,2.8
2024,9,18,19,10,0,25.3,87.6,369.696,3
2024,9,18,19,20,0,25.5,87.3,409.674,3.5
2024,9,18,19,30,0,26.8,86.3,432.59,3.6
2024,9,18,19,40,0,27.5,85.4,441.598,3.2
2024,9,18,19,50,0,28.4,84.7,450.116,3.2
2024,9,18,20,0,0,28.5,84.5,454.016,3.1
2024,9,18,20,10,0,28.5,83.5,465.814,3.1
2024,9,18,20,20,0,28.1,83.1,465.644,2.8
2024,9,18,20,30,0,27.8,82.5,460.8,3
2024,9,18,20,40,0,28.5,81.6,458.266,2.9
2024,9,18,20,50,0,28.5,81.5,460.22,3.1
2024,9,18,21,0,0,28.6,81.3,458.344,3.2
2024,9,18,21,10,0,29.5,80.5,467.976,3.1
2024,9,18,21,20,0,29.5,80.5,472.278,3.1
2024,9,18,21,30,0,30.2,79.8,471.526,3.2
2024,9,18,21,40,0,30.5,79.5,473.686,3.3
2024,9,18,21,50,0,31.2,79.5,478.562,3.1
2024,9,18,22,0,0,31.6,79.5,477.362,3.2
2024,9,18,22,10,0,31.9,79.5,487.94,3.3
2024,9,18,22,20,0,31.8,79.5,489.786,3.4
2024,9,18,22,30,0,32.3,79.4,490.022,3.5
2024,9,18,22,40,0,33.2,78.5,492.456,3.6
2024,9,18,22,50,0,33.7,78.6,504.734,3.7
2024,9,18,23,0,0,33.7,78.7,511.328,3.6
2024,9,18,23,10,0,33.2,78.7,514.42,3.7
2024,9,18,23,20,0,33.2,78.7,510.154,3.8
2024,9,18,23,30,0,33.2,78.5,501.838,3.5
2024,9,18,23,40,0,32.4,79.1,485.958,3
2024,9,18,23,50,0,31.8,79.5,457.056,2.7
2024,9,19,0,0,0,31.5,79.5,448.454,2.7
2024,9,19,0,10,0,31.5,79.5,440.956,2.7
2024,9,19,0,20,0,31.5,79.5,440.988,2.7
2024,9,19,0,30,0,31.5,79.5,442.088,3
2024,9,19,0,40,0,31.7,79.5,447.142,2.6
2024,9,19,0,50,0,32.1,78.9,447.18,2.8
2024,9,19,1,0,0,32.5,78.5,449.202,2.9
2024,9,19,1,10,0,32.5,78.5,460.514,2.8
2024,9,19,1,20,0,33.1,78.2,464.478,2.8
2024,9,19,1,30,0,33.9,77.5,463.97,2.7
2024,9,19,1,40,0,34.5,77.3,469.538,2.8
2024,9,19,1,50,0,35,76.5,475.268,2.9
2024,9,19,2,0,0,35.5,76.5,478.064,3
2024,9,19,2,10,0,35.1,76.5,486.886,3
2024,9,19,2,20,0,35.5,76.5,499.432,3.2
2024,9,19,2,30,0,35.5,76.5,497.642,2.9
2024,9,19,2,40,0,35.8,76.5,496.896,2.5
2024,9,19,2,50,0,36.8,76.1,485.21,2.8
2024,9,19,3,0,0,37,75.5,480.92,2.9
2024,9,19,3,10,0,37,75.5,482.082,2.7
2024,9,19,3,20,0,37,75.6,485.034,2.7
2024,9,19,3,30,0,37.6,75.5,481.474,2.7
2024,9,19,3,40,0,38,75.5,476.906,2.8
2024,9,19,3,50,0,38,75.5,481.334,2.8
2024,9,19,4,0,0,38,75.5,488.904,2.8
2024,9,19,4,10,0,38,75.5,490.078,2.8
2024,9,19,4,20,0,38,75.9,486.916,2.9
2024,9,19,4,30,0,38.4,76.5,485.22,2.9
2024,9,19,4,40,0,38.9,76.4,485.338,3.1
2024,9,19,4,50,0,39,76.5,493.688,3.1
2024,9,19,5,0,0,38.9,76.5,500.244,3.1
2024,9,19,5,10,0,39,76.5,501.092,3
2024,9,19,5,20,0,39.1,76.5,498.692,3
2024,9,19,5,30,0,39.1,76.8,497.936,3.1
2024,9,19,5,40,0,39.9,76.5,498.556,3.1
2024,9,19,5,50,0,39.8,76.7,502.082,3.2
2024,9,19,6,0,0,39.6,77,492.472,3.4
2024,9,19,6,10,0,39.4,77.1,484.14,3.4
2024,9,19,6,20,0,39.5,76.7,492.748,3.3
2024,9,19,6,30,0,39.9,76.5,495.956,3.4
2024,9,19,6,40,0,40,76.5,498.496,3.5
2024,9,19,6,50,0,40.7,76.3,490.358,3.5
2024,9,19,7,0,0,40.9,76.1,497.146,3.6
2024,9,19,7,10,0,40.9,76.6,523.51,4.2
2024,9,19,7,20,0,40.6,77.2,520.07,3.9
2024,9,19,7,30,0,40.9,76.5,511.228,4
2024,9,19,7,40,0,40.8,77.2,505.704,4.2
2024,9,19,7,50,0,40.9,77.5,492.282,4.2
2024,9,19,8,0,0,40.4,78.1,481.236,4.3
2024,9,19,8,10,0,40,79.1,472.858,4.2
2024,9,19,8,20,0,39.4,79.6,461.49,4.3
2024,9,19,8,30,0,38.6,80.6,449.832,4.3
2024,9,19,8,40,0,37.3,81.6,434.81,4.1
2024,9,19,8,50,0,36.5,82.5,420.052,3.7
2024,9,19,9,0,0,35,83.9,400.43,3.1
2024,9,19,9,10,0,34.2,83.9,389.446,3.3
2024,9,19,9,20,0,33.7,84.5,375.986,3.5
2024,9,19,9,30,0,32.8,85.7,369.578,3.6
2024,9,19,9,40,0,31.5,86.7,356.644,3.9
2024,9,19,9,50,0,30.7,87.9,345.276,3.8
2024,9,19,10,0,0,29.9,88.9,334.95,3.9
2024,9,19,10,10,0,28.9,89.9,323.95,4.1
2024,9,19,10,20,0,28.1,90.5,305.11,4.2
2024,9,19,10,30,0,27.1,91.5,276.778,3.6
2024,9,19,10,40,0,26.4,92.2,258.65,3.9
2024,9,19,10,50,0,25.7,92.7,239.878,3.1
2024,9,19,11,0,0,25.4,93.3,220.392,3.6
2024,9,19,11,10,0,25.3,93.5,208.392,3.4
2024,9,19,11,20,0,24.9,93.8,193.104,3
2024,9,19,11,30,0,24.7,94.7,179.634,3.2
2024,9,19,11,40,0,24.2,95.3,167.408,3.5
2024,9,19,11,50,0,23.6,95.6,150.442,3
2024,9,19,12,0,0,22.9,96.1,129.144,2.7
2024,9,19,12,10,0,22.3,96.5,115.852,2.5
2024,9,19,12,20,0,21.7,96.9,96.54,2.3
2024,9,19,12,30,0,20.8,98.1,90.124,2.2
2024,9,19,12,40,0,19.8,98.9,72.348,2.2
2024,9,19,12,50,0,19.5,99.6,51.524,2.5
2024,9,19,13,0,0,19.2,99.7,50.698,2.4
2024,9,19,13,10,0,18.8,99.5,52.33,2.2
2024,9,19,13,20,0,18,100.2,52.3,2.3
2024,9,19,13,30,0,17.7,100.5,52.09,2.1
2024,9,19,13,40,0,17.6,100.9,53.648,2.2
2024,9,19,13,50,0,17.3,101.8,63.582,2.3
2024,9,19,14,0,0,17.1,101.9,65.08,2.2
2024,9,19,14,10,0,16.4,102,56.67,2.1
2024,9,19,14,20,0,16.4,101.9,53.782,2.1
2024,9,19,14,30,0,16.7,101.9,51.2,2.3
2024,9,19,14,40,0,17.5,101.2,52.958,2.5
2024,9,19,14,50,0,17.5,100.4,51.73,2.4
2024,9,19,15,0,0,17.3,100.9,64.19,2.3
2024,9,19,15,10,0,16.5,101,59.744,2.2
2024,9,19,15,20,0,16.9,101.5,53.958,2.4
2024,9,19,15,30,0,17.2,101.4,54.218,2.2
2024,9,19,15,40,0,16.5,101.6,64.25,2.3
2024,9,19,15,50,0,16.5,101.5,52.674,2.3
2024,9,19,16,0,0,16.5,101.5,53.858,2.3
2024,9,19,16,10,0,16.4,101.4,51.502,2.3
2024,9,19,16,20,0,16,100.9,53.444,2.2
2024,9,19,16,30,0,16.5,100.2,59.252,2.1
2024,9,19,16,40,0,16.5,100.5,60.732,2.1
2024,9,19,16,50,0,16.5,100.1,61.858,2
2024,9,19,17,0,0,17.4,100,52.632,2.1
2024,9,19,17,10,0,17.4,99.9,61.632,2.1
2024,9,19,17,20,0,18.1,98.4,51.272,2.2
2024,9,19,17,30,0,18.5,97.4,51.446,3.4
2024,9,19,17,40,0,19.5,96.5,59.848,2.3
2024,9,19,17,50,0,19.5,96.5,66.506,2.2
2024,9,19,18,0,0,19.9,95.5,70.19,2.3
2024,9,19,18,10,0,20.5,95.2,66.99,2.3
2024,9,19,18,20,0,20.7,94.5,65.912,2.4
2024,9,19,18,30,0,21.4,93.7,71.14,2.5
2024,9,19,18,40,0,22.5,92.7,85.956,2.5
2024,9,19,18,50,0,22.9,92.3,106.424,2.5
2024,9,19,19,0,0,23.5,91.5,99.544,2.4
2024,9,19,19,10,0,24.2,91.5,102.09,2.5
2024,9,19,19,20,0,24.5,91.3,131.474,2.5
2024,9,19,19,30,0,25.1,91.4,137.132,5.3
2024,9,19,19,40,0,28.2,89.9,167.238,3.2
2024,9,19,19,50,0,27.5,89.9,238.034,4.1
2024,9,19,20,0,0,27.5,89.3,289.35,3.3
2024,9,19,20,10,0,27.5,89.1,337.776,2.9
2024,9,19,20,20,0,27.5,88.9,348.948,3.3
2024,9,19,20,30,0,28.5,88.4,390.892,5.4
2024,9,19,20,40,0,29,87.5,481.138,5.7
2024,9,19,20,50,0,29.5,87.5,504.234,5.2
2024,9,19,21,0,0,29.9,87.1,528.464,4.9
2024,9,19,21,10,0,29.5,87.1,526.784,4.9
2024,9,19,21,20,0,29.7,86.6,536.762,4.4
2024,9,19,21,30,0,30.1,85.5,530.202,3.6
2024,9,19,21,40,0,30.7,85.4,480.794,3.4
2024,9,19,21,50,0,30.9,85.5,461.16,3.3
2024,9,19,22,0,0,31.5,85.4,464.514,3.9
2024,9,19,22,10,0,31.9,84.9,489.518,4
2024,9,19,22,20,0,31.2,84.5,477.554,3.4
2024,9,19,22,30,0,31.2,84.5,459.59,3.5
2024,9,19,22,40,0,31,84.5,459.434,3.4
2024,9,19,22,50,0,31.2,84.5,470.894,3.6
2024,9,19,23,0,0,31.75,83.75,458.648,3.5
2024,9,19,23,10,0,33,83,462.747,3.4
2024,9,19,23,20,0,33,82.7,487.198,3.3
2024,9,19,23,30,0,33.2,82.5,504.462,3.4
2024,9,19,23,40,0,33.7,82.4,516.87,3.7
2024,9,19,23,50,0,34,81.8,514.306,3.4
2024,9,20,0,0,0,33.8,81.5,509.29,3.3
2024,9,20,0,10,0,34,81.5,512.304,3.7
2024,9,20,0,20,0,34,81.5,506.13,3.8
2024,9,20,0,30,0,34,81.5,503.088,3.6
2024,9,20,0,40,0,34,81.4,497.552,3.4
2024,9,20,0,50,0,34,81.5,497.888,3.2
2024,9,20,1,0,0,34,81.5,525.764,3.3
2024,9,20,1,10,0,34,81.5,524.07,3.5
2024,9,20,1,20,0,34.5,81.3,522.578,3.4
2024,9,20,1,30,0,35.6,80.4,519.07,3.7
2024,9,20,1,40,0,35.4,80.5,529.102,3.8
2024,9,20,1,50,0,36.2,80.1,534.236,4.3
2024,9,20,2,0,0,38,78.8,537.842,5.3
2024,9,20,2,10,0,39.5,78.5,579.78,5.6
2024,9,20,2,20,0,40.4,77.5,598.228,5.3
2024,9,20,2,30,0,41,77.5,604.55,5.2
2024,9,20,2,40,0,41.3,77.2,599.684,5.1
2024,9,20,2,50,0,40.4,77.5,590.312,4.5
2024,9,20,3,0,0,40,77.5,584.002,4.5
2024,9,20,3,10,0,40,77.5,579.706,4.8
2024,9,20,3,20,0,39,77.5,573.068,4.5
2024,9,20,3,30,0,39,77.5,566.734,4.7
2024,9,20,3,40,0,39,77.5,562.056,4.4
2024,9,20,3,50,0,39.6,77.2,557.916,4.4
2024,9,20,4,0,0,40.6,77,563.008,4.7
2024,9,20,4,10,0,40.9,76.6,560.844,5.4
2024,9,20,4,20,0,41.1,76.5,551.532,6
2024,9,20,4,30,0,41.6,75.9,543.632,6
2024,9,20,4,40,0,41.5,75.7,545.394,6.1
2024,9,20,4,50,0,41.2,75.5,531.216,5.8
2024,9,20,5,0,0,41.4,75.5,515.018,5.6
2024,9,20,5,10,0,41.1,75.5,512.284,5.6
2024,9,20,5,20,0,41.4,75.5,503.588,5.8
2024,9,20,5,30,0,41.8,75,496.284,5.6
2024,9,20,5,40,0,41.9,74.6,494.398,6.3
2024,9,20,5,50,0,42,74.5,492.164,6.2
2024,9,20,6,0,0,42.3,74,491.134,6.4
2024,9,20,6,10,0,42.8,73.5,488.33,6.6
2024,9,20,6,20,0,42.8,73.5,488.666,7.1
2024,9,20,6,30,0,42.6,73.6,496.746,6.8
2024,9,20,6,40,0,42.8,73.5,500.892,7.2
2024,9,20,6,50,0,42.7,73.5,499.22,7.5
2024,9,20,7,0,0,42.4,74,497.328,7.7
2024,9,20,7,10,0,40.9,75.5,493.73,7.6
2024,9,20,7,20,0,39.7,76.7,487.088,7.8
2024,9,20,7,30,0,38.2,78.2,494.362,8.6
2024,9,20,7,40,0,36.4,80,495.624,8.7
2024,9,20,7,50,0,36.6,79.5,483.828,9.3
2024,9,20,8,0,0,38.3,77.9,467.648,10
2024,9,20,8,10,0,37.1,78.7,437.826,9.6
2024,9,20,8,20,0,36.2,79.3,412.932,9
2024,9,20,8,30,0,36.1,79.3,385.904,9.2
2024,9,20,8,40,0,35.5,79.9,368.386,8.9
2024,9,20,8,50,0,34,81.6,351.842,7.6
2024,9,20,9,0,0,32.4,82.7,341.996,7.4
2024,9,20,9,10,0,31.6,84,339.596,7.7
2024,9,20,9,20,0,30.6,85.1,323.832,7.2
2024,9,20,9,30,0,29.8,85.8,314.104,7.1
2024,9,20,9,40,0,29.2,86.4,295.402,6.7
2024,9,20,9,50,0,28.4,87.3,286.862,5.9
2024,9,20,10,0,0,27.6,87.9,268.11,5.6
2024,9,20,10,10,0,26.4,88.7,258.76,5.3
2024,9,20,10,20,0,26.4,89.5,236.098,5.4
2024,9,20,10,30,0,25.6,90.2,223.562,5.2
2024,9,20,10,40,0,25,91.5,218.868,4.7
2024,9,20,10,50,0,24,92.5,202.164,5.2
2024,9,20,11,0,0,23.4,92.2,163.962,5.1
2024,9,20,11,10,0,23.3,92.5,136.536,5
2024,9,20,11,20,0,22.6,93.5,124.422,4.3
2024,9,20,11,30,0,21.7,94.5,104.284,3.9
2024,9,20,11,40,0,21.7,95.3,86.642,4.1
2024,9,20,11,50,0,21.4,95.4,60.682,3.9
2024,9,20,12,0,0,21.5,95.5,50.058,4.1
2024,9,20,12,10,0,21.7,95.7,50.906,3.9
2024,9,20,12,20,0,20.7,97.2,61.022,3.7
2024,9,20,12,30,0,20.2,97.1,66.52,3.6
2024,9,20,12,40,0,21,95.8,50,3.7
2024,9,20,12,50,0,19.9,97.2,53.934,3.3
2024,9,20,13,0,0,19.9,97.3,50.056,3.3
2024,9,20,13,10,0,20.4,96.5,50,3.4
2024,9,20,13,20,0,19.8,98.4,62.538,3.1
2024,9,20,13,30,0,18.7,99.5,73.364,3
2024,9,20,13,40,0,18.5,99.9,62.928,2.9
2024,9,20,13,50,0,18.4,99.8,51.716,2.9
2024,9,20,14,0,0,19.3,98.2,50,3
2024,9,20,14,10,0,18.6,99.1,50,2.9
2024,9,20,14,20,0,18.1,100.5,60.906,2.9
2024,9,20,14,30,0,17.5,102,103.424,2.8
2024,9,20,14,40,0,17.1,102.2,93.02,3
2024,9,20,14,50,0,16.8,102.7,69.534,2.9
2024,9,20,15,0,0,16.5,103.4,74.238,2.8
2024,9,20,15,10,0,16.5,103.3,57.928,2.9
2024,9,20,15,20,0,16,104.1,75.738,2.8
2024,9,20,15,30,0,16,104.1,74.27,3
2024,9,20,15,40,0,16.2,103.9,60.066,3.1
2024,9,20,15,50,0,16.4,103.7,51.818,3
2024,9,20,16,0,0,16.4,103.5,50,2.9
2024,9,20,16,10,0,16.5,102.9,50.512,2.9
2024,9,20,16,20,0,16.5,103.1,54.484,3
2024,9,20,16,30,0,16.4,103.3,55.824,3
2024,9,20,16,40,0,16.5,103.3,50,3
2024,9,20,16,50,0,16.4,103.3,52.148,3.1
2024,9,20,17,0,0,16.5,102.6,55.18,3.1
2024,9,20,17,10,0,16.5,102.7,60.916,3.2
2024,9,20,17,20,0,16.5,102.5,76.194,3.4
2024,9,20,17,30,0,17.2,101.7,76.54,3.4
2024,9,20,17,40,0,17.5,101.2,67.972,3.6
2024,9,20,17,50,0,17.3,101.5,95.98,3.6
2024,9,20,18,0,0,17.9,100.1,100.368,3.4
2024,9,20,18,10,0,18.5,99.5,88.856,3.5
2024,9,20,18,20,0,18.5,99.4,107.73,3.5
2024,9,20,18,30,0,19.7,98.8,153.848,3.4
2024,9,20,18,40,0,21.1,97.6,183.156,4.6
2024,9,20,18,50,0,21.3,97,223.708,5.4
2024,9,20,19,0,0,21.9,96.2,273.938,3.5
2024,9,20,19,10,0,22.5,95.3,354.604,3.5
2024,9,20,19,20,0,22.7,94.2,412.372,3.7
2024,9,20,19,30,0,23.6,93.6,495.068,3.5
2024,9,20,19,40,0,24.2,93,604.306,3.4
2024,9,20,19,50,0,24.5,92.5,653.882,3.6
2024,9,20,20,0,0,25.3,91.7,706.2,3.7
2024,9,20,20,10,0,25.8,91.1,748.65,4
2024,9,20,20,20,0,26.3,90.5,785.058,4.5
2024,9,20,20,30,0,26.5,90.4,805.096,4.3
2024,9,20,20,40,0,27.1,89.6,796.332,4.1
2024,9,20,20,50,0,27.6,89,791.552,4.1
2024,9,20,21,0,0,28.8,88.3,798.152,3.9
2024,9,20,21,10,0,29.9,87.4,780.336,3.8
2024,9,20,21,20,0,30.1,87.1,779.94,3.9
2024,9,20,21,30,0,30,86.5,765.348,4
2024,9,20,21,40,0,30.1,86.5,786.546,4.4
2024,9,20,21,50,0,30.3,86.4,810.274,4.3
2024,9,20,22,0,0,30.7,86,813.226,4.4
2024,9,20,22,10,0,31.1,85.5,840.002,5.4
2024,9,20,22,20,0,31.8,85.5,857.868,7.4
2024,9,20,22,30,0,32,85.5,872.2,8.1
2024,9,20,22,40,0,32.3,85.2,884.324,6.7
2024,9,20,22,50,0,32.7,84.5,894.144,6
2024,9,20,23,0,0,33.3,84.5,895.166,6.5
2024,9,20,23,10,0,33.9,84.4,892.368,5.1
2024,9,20,23,20,0,34,84.5,896.06,5.6
2024,9,20,23,30,0,34.2,83.8,888.102,5.7
2024,9,20,23,40,0,34.7,83.7,866.962,5.6
2024,9,20,23,50,0,36,82.5,839.842,6.9
2024,9,21,0,0,0,36,82.4,851,7.7
2024,9,21,0,10,0,36.5,81.7,842.76,8.2
2024,9,21,0,20,0,36.2,82,834.02,8.1
2024,9,21,0,30,0,36.8,81.5,810.49,8
2024,9,21,0,40,0,37,81.5,767.068,7.6
2024,9,21,0,50,0,37,81.5,756.66,7.4
2024,9,21,1,0,0,36.9,80.8,750.2,7.1
2024,9,21,1,10,0,38,80.5,744.326,7.3
2024,9,21,1,20,0,38.1,80.2,761.846,7.1
2024,9,21,1,30,0,38.2,80.5,758.902,6.9
2024,9,21,1,40,0,38.8,80.3,755.092,7
2024,9,21,1,50,0,38.7,80.4,781.316,7.9
2024,9,21,2,0,0,38.1,80.3,791.04,8.3
2024,9,21,2,10,0,37.8,80.1,786.642,8.9
2024,9,21,2,20,0,37.1,80.5,777.716,9.1
2024,9,21,2,30,0,37.7,80.3,779.128,9.1
2024,9,21,2,40,0,38,80.3,783.194,8.7
2024,9,21,2,50,0,37.6,80.3,779.03,9
2024,9,21,3,0,0,38,79.6,778.116,9.1
2024,9,21,3,10,0,38,79.5,776.472,9.5
2024,9,21,3,20,0,37.8,79.7,770.896,10.2
2024,9,21,3,30,0,38.4,79.2,762.65,10.2
2024,9,21,3,40,0,39,78.5,753.312,9.2
2024,9,21,3,50,0,38.9,78.9,754.712,10
2024,9,21,4,0,0,39.2,78.6,753.562,11.2
2024,9,21,4,10,0,39,78.5,729.328,14.1
2024,9,21,4,20,0,39,78.5,722.618,17.4
2024,9,21,4,30,0,39.1,78.5,737.24,20.3
2024,9,21,4,40,0,38.8,78.5,734.176,20.5
2024,9,21,4,50,0,38,78.4,722.744,19.3
2024,9,21,5,0,0,38.3,78,717.194,18.9
2024,9,21,5,10,0,38.5,77.9,714.456,18.2
2024,9,21,5,20,0,38.6,77.6,710.04,18
2024,9,21,5,30,0,38,77.9,704.464,17.1
2024,9,21,5,40,0,38.5,77.5,704.994,17.8
2024,9,21,5,50,0,39,77.1,706.388,18.7
2024,9,21,6,0,0,39.6,76.6,703.988,18.5
2024,9,21,6,10,0,40.2,76.4,697.052,18.4
2024,9,21,6,20,0,40,76.5,694.226,17.9
2024,9,21,6,30,0,40,76.4,691.92,18
2024,9,21,6,40,0,40.2,76.5,685.04,17.9
2024,9,21,6,50,0,40,76.5,679.638,18.2
2024,9,21,7,0,0,39.6,76.7,678.062,18.3
2024,9,21,7,10,0,38.9,77.9,678.336,18.4
2024,9,21,7,20,0,37.1,79.8,666.78,18.9
2024,9,21,7,30,0,35,81.6,659.356,18.8
2024,9,21,7,40,0,32.9,83.9,647.544,18.4
2024,9,21,7,50,0,32.8,83.5,638.038,18.2
2024,9,21,8,0,0,34,82.4,633.748,18
2024,9,21,8,10,0,34.4,81.9,624.532,17.5
2024,9,21,8,20,0,34.1,82.3,611.248,16.6
2024,9,21,8,30,0,33.8,82.9,600.528,15.6
2024,9,21,8,40,0,33,83.7,586.294,16.7
2024,9,21,8,50,0,32.5,84.4,570.918,18.5
2024,9,21,9,0,0,32,84.8,565.082,19.4
2024,9,21,9,10,0,31.7,85.2,546.404,19.2
2024,9,21,9,20,0,30.9,86.1,532.26,18.9
2024,9,21,9,30,0,30.375,87,552.747,17.4
2024,9,21,9,40,0,29,87.9,535.26,16.4
2024,9,21,9,50,0,28,89.3,497.692,14
2024,9,21,10,0,0,27.5,90,480.25,13.8
2024,9,21,10,10,0,26.9,90.7,452.552,13.4
2024,9,21,10,20,0,26,91.6,428.994,12.7
2024,9,21,10,30,0,25.4,92.7,406.692,12.2
2024,9,21,10,40,0,24.5,94,394.93,11.6
2024,9,21,10,50,0,23.3,94.9,381.064,9.6
2024,9,21,11,0,0,22.3,95.8,326.086,9.4
2024,9,21,11,10,0,21.5,97,298.055,8.8
2024,9,21,11,20,0,20.8,97.7,228.832,7.6
2024,9,21,11,30,0,20.5,98.6,160.912,6
2024,9,21,11,40,0,19.6,100.1,142.006,4.6
2024,9,21,11,50,0,19.3,100,68.696,4.6
2024,9,21,12,0,0,19.1,100.3,50.004,4.4
2024,9,21,12,10,0,18.9,100.5,50,4.1
2024,9,21,12,20,0,18,101.9,50,3.9
2024,9,21,12,30,0,17.3,102.5,50.01,3.8
2024,9,21,12,40,0,16.8,104.3,61.082,3.6
2024,9,21,12,50,0,16.5,105.1,72.074,3.8
2024,9,21,13,0,0,16.1,106.2,70.336,3.8
2024,9,21,13,10,0,16,105.4,50.814,4.6
2024,9,21,13,20,0,16,105.2,50,4.2
2024,9,21,13,30,0,16,105.6,53.61,3.8
2024,9,21,13,40,0,16,106.4,63.48,3.8
2024,9,21,13,50,0,15.3,108.1,107.092,3.7
2024,9,21,14,0,0,14.7,108.5,109.64,3.9
2024,9,21,14,10,0,14.6,108.4,84.652,3.8
2024,9,21,14,20,0,14.5,108.8,74.228,3.8
2024,9,21,14,30,0,14.5,108.3,56.69,3.7
2024,9,21,14,40,0,14.6,108.9,62.054,3.6
2024,9,21,14,50,0,14.3,109.7,85.312,3.7
2024,9,21,15,0,0,14,110.5,123.77,4.1
2024,9,21,15,10,0,14.1,110.3,119.404,4
2024,9,21,15,20,0,14.2,110.4,106.32,4.6
2024,9,21,15,30,0,13.7,110.6,125.746,4.3
2024,9,21,15,40,0,13.5,110.7,155.29,4.3
2024,9,21,15,50,0,13.5,111.3,180.948,3.8
2024,9,21,16,0,0,13.6,111.3,188.356,3.9
2024,9,21,16,10,0,13.8,110.5,175.498,4
2024,9,21,16,20,0,13.9,110.5,153.202,3.8
2024,9,21,16,30,0,14.4,110,126.752,3.7
2024,9,21,16,40,0,13.9,110,120.328,3.9
2024,9,21,16,50,0,13.9,110.5,127.97,4.2
2024,9,21,17,0,0,14.3,109.5,159.38,3.8
2024,9,21,17,10,0,14.5,109.2,139.18,4.6
2024,9,21,17,20,0,14.5,108.5,145.382,7.2
2024,9,21,17,30,0,14.8,107.9,160.004,6.2
2024,9,21,17,40,0,15.4,107.2,130.306,3.4
2024,9,21,17,50,0,15.5,106.7,136.102,3.4
2024,9,21,18,0,0,15.5,106.5,142.75,3.5
2024,9,21,18,10,0,16,105.6,147.964,3.6
2024,9,21,18,20,0,16.5,105.3,162.262,3.4
2024,9,21,18,30,0,16.8,104.1,168.564,3.6
2024,9,21,18,40,0,17.7,102.9,177.944,3.6
2024,9,21,18,50,0,18.5,101.6,307.178,3.7
2024,9,21,19,0,0,19.4,101,543.408,3.8
2024,9,21,19,10,0,20.4,99.7,502.786,4.5
2024,9,21,19,20,0,20.8,98.6,481.252,5.1
2024,9,21,19,30,0,22,97,446.906,4.6
2024,9,21,19,40,0,22.5,96.2,410.416,5.6
2024,9,21,19,50,0,22.5,95.5,394.412,4.4
2024,9,21,20,0,0,23.4,95.3,368.308,4.5
2024,9,21,20,10,0,24.2,94.3,314.2,4.9
2024,9,21,20,20,0,24.6,93.5,277.842,4.4
2024,9,21,20,30,0,25,93.5,341.22,4.5
2024,9,21,20,40,0,25.5,93.5,482.6,4.8
2024,9,21,20,50,0,26,92.8,570.058,4.5
2024,9,21,21,0,0,26.3,92.5,654.452,4.5
2024,9,21,21,10,0,26.5,91.9,678.724,4.7
2024,9,21,21,20,0,26.6,91.5,692.472,4.5
2024,9,21,21,30,0,27.4,91.1,734.082,4.7
2024,9,21,21,40,0,28.2,90.6,744.214,5.6
2024,9,21,21,50,0,28.6,90.1,765.024,8
2024,9,21,22,0,0,29.2,89.5,751.998,6.2
2024,9,21,22,10,0,29.2,89.5,733.024,5.3
2024,9,21,22,20,0,29.8,88.7,725.002,5.2
2024,9,21,22,30,0,30.1,88.5,739.372,5.1
2024,9,21,22,40,0,30.5,88,720.366,5.6
2024,9,21,22,50,0,30.5,88,671.47,5.9
2024,9,21,23,0,0,31,87.5,679.58,6.8
2024,9,21,23,10,0,31,87.5,673.65,7.4
2024,9,21,23,20,0,31.1,87.5,642.198,7.8
2024,9,21,23,30,0,31.6,87.3,662.864,8.9
2024,9,21,23,40,0,32.6,86.7,675.01,8
2024,9,21,23,50,0,33.5,86,673.083,8
2024,9,22,0,0,0,34,85.5,706.344,8.2
2024,9,22,0,10,0,34,85.5,720.104,9.2
2024,9,22,0,20,0,34,85.2,722.164,9.6
2024,9,22,0,30,0,34.1,84.9,721.638,9.7
2024,9,22,0,40,0,35,84.5,716.568,10.9
2024,9,22,0,50,0,35,84.5,716.252,11
2024,9,22,1,0,0,35,84,732.452,11.7
2024,9,22,1,10,0,35.2,83.5,743.522,11.7
2024,9,22,1,20,0,35,83.5,758.426,11.6
2024,9,22,1,30,0,35,83.5,760.678,11.5
2024,9,22,1,40,0,35.5,83.3,756.758,10.9
2024,9,22,1,50,0,36.4,82.4,742.414,10.2
2024,9,22,2,0,0,37,81.5,733.37,9.8
2024,9,22,2,10,0,37.1,81.5,728.246,9.6
2024,9,22,2,20,0,37.333,80.8335,727.187,9
2024,9,22,2,30,0,37,80.5,732.648,8.8
2024,9,22,2,40,0,37,80.5,725.47,8.3
2024,9,22,2,50,0,36.8,80.5,720.562,7.5
2024,9,22,3,0,0,36,80.5,712.828,7.3
2024,9,22,3,10,0,36.3,80.5,725.5,7.7
2024,9,22,3,20,0,36,80.5,737.174,7.3
2024,9,22,3,30,0,35.8,81.3,738.698,7.1
2024,9,22,3,40,0,35.9,80.5,735.208,6.9
2024,9,22,3,50,0,36.1,80.4,731.17,6.9
2024,9,22,4,0,0,36.8,79.7,719.738,6.9
2024,9,22,4,10,0,37,79.5,719.594,6.7
2024,9,22,4,20,0,37,79.4,728.232,6.7
2024,9,22,4,30,0,37,78.8,716.836,6.6
2024,9,22,4,40,0,37.2,78.5,712.592,6.4
2024,9,22,4,50,0,37.8,78.5,712.9,6.7
2024,9,22,5,0,0,38,78.5,708.314,6.7
2024,9,22,5,10,0,38,78.5,707.538,7.6
2024,9,22,5,20,0,37.6,78.5,714.294,7
2024,9,22,5,30,0,37.6,78.3,715.144,7.3
2024,9,22,5,40,0,38,78.1,708.082,7.2
2024,9,22,5,50,0,38,78,703.436,7.2
2024,9,22,6,0,0,38.9,77.5,694.272,7.1
2024,9,22,6,10,0,39.2,77.1,688.346,7.1
2024,9,22,6,20,0,39.9,76.5,687.116,7.1
2024,9,22,6,30,0,40,76.5,690.14,7.3
2024,9,22,6,40,0,40,76.5,689.598,7.4
2024,9,22,6,50,0,40,76.5,690.398,7.7
2024,9,22,7,0,0,40,76.8,691.46,9.4
2024,9,22,7,10,0,38.4,78.5,693.444,8.9
2024,9,22,7,20,0,36.5,80.4,695.97,8.4
2024,9,22,7,30,0,34.8,82.1,700.128,9.2
2024,9,22,7,40,0,33.6,83.5,695.972,8.5
2024,9,22,7,50,0,32.9,84.7,694.566,9.4
2024,9,22,8,0,0,33.6,84.2,681.53,8.9
2024,9,22,8,10,0,34.2,84.3,674.068,9.2
2024,9,22,8,20,0,35,84.3,669.04,9.5
2024,9,22,8,30,0,34,85.2,651.226,9.2
2024,9,22,8,40,0,33.2,86.1,631.238,9.2
2024,9,22,8,50,0,32.2,86.9,618.022,10.1
2024,9,22,9,0,0,31.6,87.7,604.234,10.8
2024,9,22,9,10,0,31,88.7,593.242,10.6
2024,9,22,9,20,0,30.2,89.6,573.39,11
2024,9,22,9,30,0,29.5,90.5,540.468,11.6
2024,9,22,9,40,0,28.1,91.4,488.84,11.1
2024,9,22,9,50,0,27.7,92.8,461.756,10.9
2024,9,22,10,0,0,26.9,94.2,451.652,10.4
2024,9,22,10,10,0,25.8,94.9,411.704,9.6
2024,9,22,10,20,0,24.8,95.7,370.5,8.4
2024,9,22,10,30,0,24,96.7,326.456,7.3
2024,9,22,10,40,0,22.6,98.3,294.186,6.2
2024,9,22,10,50,0,22.5,98.7,248.46,6.3
2024,9,22,11,0,0,21.8,100,221.16,5.9
2024,9,22,11,10,0,21.3,101,188.908,6.6
2024,9,22,11,20,0,20.6,102,166.556,5.5
2024,9,22,11,30,0,20.5,102.6,133.436,5.6
2024,9,22,11,40,0,20.1,103.3,96.076,5.2
2024,9,22,11,50,0,19.8,104.5,84.56,5
2024,9,22,12,0,0,18.9,105.3,69.298,4.8
2024,9,22,12,10,0,18.8,105.3,56.232,4.8
2024,9,22,12,20,0,18.9,106.3,50.596,4.7
2024,9,22,12,30,0,18.6,106.3,50.074,4.3
2024,9,22,12,40,0,18.2,106.9,50.022,4.4
2024,9,22,12,50,0,17.6,107.4,51.828,4.3
2024,9,22,13,0,0,16.7,108.5,65.716,4
2024,9,22,13,10,0,16,109.5,66.876,3.7
2024,9,22,13,20,0,15.8,110,62.55,3.9
2024,9,22,13,30,0,15.3,110.1,56.232,3.8
2024,9,22,13,40,0,14.875,110.75,70.537,3.4
2024,9,22,13,50,0,14.75,111.375,79.437,3.9
2024,9,22,14,0,0,14.4,112.2,64.872,3.8
2024,9,22,14,10,0,14.1,112.5,56.812,3.7
2024,9,22,14,20,0,13.7,112.9,58.774,3.7
2024,9,22,14,30,0,13.5,112.7,51.66,3.4
2024,9,22,14,40,0,13.3,113.1,65.634,3.4
2024,9,22,14,50,0,14,112.7,56.74,3.4
2024,9,22,15,0,0,14,113.1,73.156,3.6
2024,9,22,15,10,0,13.6,113.1,73.572,3.6
2024,9,22,15,20,0,13.1,113.5,73.132,3.4
2024,9,22,15,30,0,12.5,113.8,82.26,3.3
2024,9,22,15,40,0,12.8,114,75.416,3.6
2024,9,22,15,50,0,12.8,114.1,67.656,3.5
2024,9,22,16,0,0,13,113.5,61.642,3.5
2024,9,22,16,10,0,13.1,114,52.402,3.6
2024,9,22,16,20,0,13.4,114.3,51.804,3.5
2024,9,22,16,30,0,13.2,114.1,60.716,3.5
2024,9,22,16,40,0,13.1,113.4,59.048,3.6
2024,9,22,16,50,0,13.3,112.5,51.516,3.6
2024,9,22,17,0,0,13.4,112,57.812,3.6
2024,9,22,17,10,0,13.7,111.3,54.204,3.7
2024,9,22,17,20,0,14.2,110.5,51.214,3.6
2024,9,22,17,30,0,14.5,110.2,56.866,3.4
2024,9,22,17,40,0,14.5,109.5,54.968,3.7
2024,9,22,17,50,0,14.7,108.7,77.42,3.4
2024,9,22,18,0,0,14.9,107.7,71.268,3.4
2024,9,22,18,10,0,15.5,106.9,87.086,3.5
2024,9,22,18,20,0,15.8,106.2,102.722,3.7
2024,9,22,18,30,0,16.5,105.2,130.288,3.9
2024,9,22,18,40,0,16.8,104,156.938,5.2
2024,9,22,18,50,0,17.9,103,203.17,4.2
2024,9,22,19,0,0,18.5,101.6,240.902,4.2
2024,9,22,19,10,0,19.4,100.6,317.84,4.2
2024,9,22,19,20,0,20.4,99.4,342.148,4.6
2024,9,22,19,30,0,21.4,98.5,418.512,33.3
2024,9,22,19,40,0,21.8,97.9,541.066,37.6
2024,9,22,19,50,0,22.5,97.1,541.76,23.5
2024,9,22,20,0,0,23.2,96.2,501.57,5.2
2024,9,22,20,10,0,23.5,95.5,465.468,4.8
2024,9,22,20,20,0,23.7,95.5,485.82,4.6
2024,9,22,20,30,0,24.4,95,499.86,4.5
2024,9,22,20,40,0,25.2,94.5,528.576,5.1
2024,9,22,20,50,0,25.1,94.2,574.772,4.9
2024,9,22,21,0,0,25.6,93.2,585.308,4.5
2024,9,22,21,10,0,26.1,92.5,579.462,4.6
2024,9,22,21,20,0,27.1,91.5,581.804,4.8
2024,9,22,21,30,0,27.9,90.6,604.786,5.1
2024,9,22,21,40,0,28,90.5,617.85,4.7
2024,9,22,21,50,0,28,89.5,617.904,4.6
2024,9,22,22,0,0,28,89.5,613.79,4.5
2024,9,22,22,10,0,27.6,89.5,605.636,4.4
2024,9,22,22,20,0,27.5,89.3,596.286,4.2
2024,9,22,22,30,0,27.5,89.3,611.712,4.2
2024,9,22,22,40,0,28.1,88.5,624.386,4.7
2024,9,22,22,50,0,28.4,88.5,648.522,5.2
2024,9,22,23,0,0,28.5,88.4,677.836,5.4
2024,9,22,23,10,0,28.7,88,704.344,5.5
2024,9,22,23,20,0,29,87.5,732.92,5.6
2024,9,22,23,30,0,29.5,86.9,753.314,5.6
2024,9,22,23,40,0,29.6,86.5,757.244,6.1
2024,9,22,23,50,0,29.8,86,753.446,6.7
2024,9,23,0,0,0,29.7,85.5,755.222,6.2
2024,9,23,0,10,0,29.8,85.5,761.414,5.6
2024,9,23,0,20,0,30.1,85.5,753.566,5.6
2024,9,23,0,30,0,30.7,85.5,753.322,5.7
2024,9,23,0,40,0,30.5,85.5,748.91,5.4
2024,9,23,0,50,0,30.2,85.5,731.288,5.4
2024,9,23,1,0,0,30.3,85.5,708.59,5.2
2024,9,23,1,10,0,30.4,85.5,714.568,5.3
2024,9,23,1,20,0,30.6,85.5,710.354,5.4
2024,9,23,1,30,0,31,85.3,709.578,6.1
2024,9,23,1,40,0,31,84.6,720.062,6.2
2024,9,23,1,50,0,31,84.5,724.17,6.2
2024,9,23,2,0,0,31.5,84.5,704.582,6.2
2024,9,23,2,10,0,31.7,84.5,693.478,6.1
2024,9,23,2,20,0,32.2,83.9,704.198,6
2024,9,23,2,30,0,32.7,83.5,710.482,6.3
2024,9,23,2,40,0,33,83.5,703.062,6.4
2024,9,23,2,50,0,33,83.5,700.828,6.2
2024,9,23,3,0,0,33.3,83.2,704.336,6.4
2024,9,23,3,10,0,33.4,82.9,704.97,6.5
2024,9,23,3,20,0,33.7,82.5,707.582,6.5
2024,9,23,3,30,0,34.1,82.4,708.226,6.6
2024,9,23,3,40,0,35,82.1,703.78,7
2024,9,23,3,50,0,35.7,81.5,680.454,7.1
2024,9,23,4,0,0,35.9,80.9,672.12,7.5
2024,9,23,4,10,0,35.5,81.2,681.404,7.8
2024,9,23,4,20,0,35.9,80.5,683.564,9.1
2024,9,23,4,30,0,36,80.5,691.05,9.4
2024,9,23,4,40,0,36,80.5,699.018,9.4
2024,9,23,4,50,0,36.3,80.5,706.42,10.3
2024,9,23,5,0,0,36.6,80.1,703.678,10.6
2024,9,23,5,10,0,36.8,80.2,674.798,10.1
2024,9,23,5,20,0,37.4,79.5,678.286,10.6
2024,9,23,5,30,0,37.9,79.1,682.438,10.7
2024,9,23,5,40,0,38,78.5,682.154,10.9
2024,9,23,5,50,0,38.2,78.5,684.81,10.4
2024,9,23,6,0,0,38.5,78.5,677.626,9.9
2024,9,23,6,10,0,38,78.5,673.816,9.6
2024,9,23,6,20,0,38.2,78.5,676.088,9.7
2024,9,23,6,30,0,38.9,77.7,676.636,9.7
2024,9,23,6,40,0,39,77.6,682.284,9.7
2024,9,23,6,50,0,39.6,77.5,681.982,9.9
2024,9,23,7,0,0,39.4,77.7,681.948,10
2024,9,23,7,10,0,38.1,79.4,680.012,10
2024,9,23,7,20,0,36.2,81.3,676.552,9.6
2024,9,23,7,30,0,34.25,83.5,671.65,10.3
2024,9,23,7,40,0,31.6665,85.4165,657.923,10.3
2024,9,23,7,50,0,31.1,86,667.274,10.3
2024,9,23,8,0,0,30.7,85.5,640.49,9.1
2024,9,23,8,10,0,30.2,85.9,606.35,8.6
2024,9,23,8,20,0,28.8,86.5,588.316,8.1
2024,9,23,8,30,0,27.9,87.9,563.628,7.5
2024,9,23,8,40,0,27.6,88.5,546.326,7.8
2024,9,23,8,50,0,27.2,89.8,534.132,8.1
2024,9,23,9,0,0,27,90.8,521.396,8.3
2024,9,23,9,10,0,26.8,91.5,506.418,8.6
2024,9,23,9,20,0,25.7,92.2,488.936,9.4
2024,9,23,9,30,0,25.3,93.3,478.782,9.8
2024,9,23,9,40,0,25,94.4,455.092,10.3
2024,9,23,9,50,0,24.5,94.9,428.416,9.6
2024,9,23,10,0,0,23.7,96.6,400.824,7.5
2024,9,23,10,10,0,22.6,97.9,393.026,6
2024,9,23,10,20,0,21.9,98.7,364.184,5.5
2024,9,23,10,30,0,21.4,99.7,337.69,5.4
2024,9,23,10,40,0,20.9,101,314.228,5.4
2024,9,23,10,50,0,19.3,101.7,278.276,5
2024,9,23,11,0,0,18.6,102.6,256.12,4.7
2024,9,23,11,10,0,18.5,103.2,219.722,5.1
2024,9,23,11,20,0,18,104.1,186.174,4.9
2024,9,23,11,30,0,17.1,105.3,152.01,4.8
2024,9,23,11,40,0,16.5,106.1,107.298,4.7
2024,9,23,11,50,0,16.4,106.7,77.44,4.7
2024,9,23,12,0,0,15.9,107.7,50.612,4.8
2024,9,23,12,10,0,15.5,108.2,50.024,4.7
2024,9,23,12,20,0,15.2,109.7,58.832,4.8
2024,9,23,12,30,0,14.7,110.7,61.55,4.8
2024,9,23,12,40,0,14.125,111.25,61.81,4.4
2024,9,23,12,50,0,13.7,111.4,54.798,4
2024,9,23,13,0,0,13.8,111.9,53.306,4.1
2024,9,23,13,10,0,13.8,112.5,54.462,4.4
2024,9,23,13,20,0,13.5,112.6,50.86,4.3
2024,9,23,13,30,0,13.5,113.25,51.955,4.1
2024,9,23,13,40,0,13.3,113.7,56.858,4.2
2024,9,23,13,50,0,13.1,114.2,51.438,4.4
2024,9,23,14,0,0,13.2,113.4,50,4.4
2024,9,23,14,10,0,13,113.5,50,4.6
2024,9,23,14,20,0,12.9,114,50.164,4.4
2024,9,23,14,30,0,12.8,113.6,50.97,4.6
2024,9,23,14,40,0,12.8,113.5,50,4.5
2024,9,23,14,50,0,12.8,114.3,64.272,4.4
2024,9,23,15,0,0,12.4,114.9,111.794,4.4
2024,9,23,15,10,0,12.2,115.3,125.042,4.6
2024,9,23,15,20,0,12.3,115.3,127.82,4.5
2024,9,23,15,30,0,12,115.5,116.732,4.2
2024,9,23,15,40,0,11.6,115.5,112.422,4.1
2024,9,23,15,50,0,11.5,116,125.456,4
2024,9,23,16,0,0,11.5,116.5,149.95,4.2
2024,9,23,16,10,0,11.8,116.5,167.114,4.3
2024,9,23,16,20,0,11.6,116.5,215.338,4.2
2024,9,23,16,30,0,11.2,116.5,248.556,3.9
2024,9,23,16,40,0,11.4,115.5,262.904,3.8
2024,9,23,16,50,0,11.4,115,269.124,4
2024,9,23,17,0,0,11.7,114.3,263.73,4.1
2024,9,23,17,10,0,12.1,113.9,254.016,3.9
2024,9,23,17,20,0,12.4,113.5,238.628,3.9
2024,9,23,17,30,0,12.6,112.5,211.854,3.9
2024,9,23,17,40,0,13.3,111.8,199.754,4
2024,9,23,17,50,0,13.5,111.2,196.042,3.9
2024,9,23,18,0,0,14,110.1,194.534,4
2024,9,23,18,10,0,14.7,109.2,199.488,4.1
2024,9,23,18,20,0,15.5,108.3,204.75,4.2
2024,9,23,18,30,0,16.1,107.3,247.84,4.2
2024,9,23,18,40,0,16.7,106.3,325.272,4.3
2024,9,23,18,50,0,17.5,105.1,413.958,4.4
2024,9,23,19,0,0,17.9,104,475.276,5.5
2024,9,23,19,10,0,21.2,103.2,613.53,5.4
2024,9,23,19,20,0,21.8,101.8,679.166,6.2
2024,9,23,19,30,0,22.3,101.1,716.972,5.5
2024,9,23,19,40,0,20.5,100.5,623.838,5
2024,9,23,19,50,0,21.7,99.3,617.998,5
2024,9,23,20,0,0,22.5,98.5,690.832,4.8
2024,9,23,20,10,0,22.6,97.7,674.708,5.2
2024,9,23,20,20,0,24,97.4,657.726,6.5
2024,9,23,20,30,0,25.1,96.5,717.648,7.4
2024,9,23,20,40,0,25.9,96.3,716.37,9.1
2024,9,23,20,50,0,26.3,95.2,711.512,7.7
2024,9,23,21,0,0,26.5,94.6,702.612,6.9
2024,9,23,21,10,0,26.7,94.5,660.668,7.8
2024,9,23,21,20,0,27,94,659.838,8.9
2024,9,23,21,30,0,27,93.5,659.592,6.6
2024,9,23,21,40,0,27.3,92.8,665.552,6.3
2024,9,23,21,50,0,27.3,92.5,654.876,6.4
2024,9,23,22,0,0,27.4,92.2,643.87,6.2
2024,9,23,22,10,0,27.5,91.6,639.026,6.2
2024,9,23,22,20,0,27.8,91.5,643.14,6.6
2024,9,23,22,30,0,28.2,91.5,643.986,7.2
2024,9,23,22,40,0,28.9,90.5,669.63,8
2024,9,23,22,50,0,28.2,90.5,681.476,8.2
2024,9,23,23,0,0,27.7,89.5,687.89,8
2024,9,23,23,10,0,27.8,89.5,695.046,8.1
2024,9,23,23,20,0,28.6,89.1,707.59,8.1
2024,9,23,23,30,0,28.2,88.9,709.846,7.2
2024,9,23,23,40,0,28.3,88.7,699.292,6.4
2024,9,23,23,50,0,28.9,87.6,708.49,6.6
2024,9,24,0,0,0,29.2,87.2,718.448,7
2024,9,24,0,10,0,29.7,86.5,721.77,7.1
2024,9,24,0,20,0,30,86.5,724.666,6.7
2024,9,24,0,30,0,30.2,86.5,741.868,6.4
2024,9,24,0,40,0,30.6,86.5,754.042,6.9
2024,9,24,0,50,0,31.3,85.5,758.644,6.9
2024,9,24,1,0,0,31.7,85.5,752.388,7.1
2024,9,24,1,10,0,31.8,85.3,725.766,7
2024,9,24,1,20,0,31.8,85.5,722.196,6.7
2024,9,24,1,30,0,31.8,85.4,711.806,6.8
2024,9,24,1,40,0,32,85.1,723.036,6.8
2024,9,24,1,50,0,32.5,84.6,718.986,6.9
2024,9,24,2,0,0,32.8,84.5,709.326,6.9
2024,9,24,2,10,0,32.9,84.5,716.824,7.1
2024,9,24,2,20,0,34,84,699.11,8.1
2024,9,24,2,30,0,33.7,84.2,709.322,7.9
2024,9,24,2,40,0,33.8,84.5,711.964,8.1
2024,9,24,2,50,0,34.1,83.9,704.69,8.7
2024,9,24,3,0,0,34.4,83.5,709.818,8.7
2024,9,24,3,10,0,34.6,83.5,703.024,9.2
2024,9,24,3,20,0,35.1,83.5,688.932,9.8
2024,9,24,3,30,0,34.7,83.4,688.552,11.1
2024,9,24,3,40,0,35.4,82.8,697.174,12.4
2024,9,24,3,50,0,35.4,82.5,700.792,12.8
2024,9,24,4,0,0,36,82.5,707.566,13.3
2024,9,24,4,10,0,36.1,82.2,705.69,13.7
2024,9,24,4,20,0,36,82.2,700.642,14.1
2024,9,24,4,30,0,36.4,81.9,696.366,15.3
2024,9,24,4,40,0,36.4,82,690.2,15.3
2024,9,24,4,50,0,36.5,81.6,688.442,15.3
2024,9,24,5,0,0,36.9,81.5,683.8,14.9
2024,9,24,5,10,0,36.9,81,673.484,14.8
2024,9,24,5,20,0,36.5,81.2,659.264,14.8
2024,9,24,5,30,0,36.9,80.7,654.65,14.2
2024,9,24,5,40,0,37.6,80.1,659.702,14.8
2024,9,24,5,50,0,37,80.5,658.626,13.9
2024,9,24,6,0,0,37.3,80.2,656.266,13.8
2024,9,24,6,10,0,38.2,80,655.026,13.7
2024,9,24,6,20,0,38.1,79.7,654.974,13.2
2024,9,24,6,30,0,38.7,79.6,654.494,13.4
2024,9,24,6,40,0,39.1,79.5,653.178,12.9
2024,9,24,6,50,0,39.8,79.5,655.704,13.1
2024,9,24,7,0,0,40.6,79.1,655.188,13
2024,9,24,7,10,0,39.1,80.8,651.556,13.8
2024,9,24,7,20,0,38.4,82.1,650.584,15.4
2024,9,24,7,30,0,36.7,84.1,649.806,16.2
2024,9,24,7,40,0,34,86.1,638.888,18.4
2024,9,24,7,50,0,33.1,86.9,630.078,20
2024,9,24,8,0,0,34,85.5,623.324,22.2
2024,9,24,8,10,0,34,85.9,617.252,23.1
2024,9,24,8,20,0,33.4,86.4,612.15,23.7
2024,9,24,8,30,0,32.2,87.3,599.172,24.3
2024,9,24,8,40,0,31,88.7,589.966,23.4
2024,9,24,8,50,0,30,89.5,623.65,24.5
2024,9,24,9,0,0,28.6,91,599.112,20.9
2024,9,24,9,10,0,26.9,92.6,554.984,19
2024,9,24,9,20,0,25.8,93.3,531.928,18
2024,9,24,9,30,0,24.5,94.5,498.154,15.7
2024,9,24,9,40,0,23.9,95.7,480.706,15.2
2024,9,24,9,50,0,22.9,97,466.112,12
2024,9,24,10,0,0,22.2,97.9,425.638,8
2024,9,24,10,10,0,22.1,98.9,415.042,9.4
2024,9,24,10,20,0,21.7,100.5,401.668,8.9
2024,9,24,10,30,0,21.3,101,371.636,8.7
2024,9,24,10,40,0,21,101.7,351.52,7.9
2024,9,24,10,50,0,20,103.3,314.652,7.1
2024,9,24,11,0,0,19.5,104.1,267.05,6.7
2024,9,24,11,10,0,18.6,104.6,211.128,6.5
2024,9,24,11,20,0,18.2,106,173.45,6.1
2024,9,24,11,30,0,17.7,106.1,119.674,6
2024,9,24,11,40,0,17.5,106.7,67.59,5.8
2024,9,24,11,50,0,17.1,108.2,56.708,6
2024,9,24,12,0,0,16.3,107.4,50,5.3
2024,9,24,12,10,0,15.8,107.5,50,4.6
2024,9,24,12,20,0,15.7,107.2,50,5.2
2024,9,24,12,30,0,15.4,107.9,50,5
2024,9,24,12,40,0,15.4,107.9,50,5
2024,9,24,12,50,0,15.6,108.7,50,5.4
2024,9,24,13,0,0,14.9,110.1,50,5.3
2024,9,24,13,10,0,14.5,111.5,50,5.3
2024,9,24,13,20,0,14,112.7,51.86,5.2
2024,9,24,13,30,0,13.8,114.1,66.956,6
2024,9,24,13,40,0,13.3,114.7,89.116,5.1
2024,9,24,13,50,0,13.4,115.3,97.294,5
2024,9,24,14,0,0,13.1,114.2,56.398,4.9
2024,9,24,14,10,0,12.8,115.8,59.884,4.9
2024,9,24,14,20,0,12.7,116,72.24,4.7
2024,9,24,14,30,0,12.4,116.6,78.904,4.7
2024,9,24,14,40,0,12.3,117.2,82.05,4.6
2024,9,24,14,50,0,12,116.6,67.326,4.5
2024,9,24,15,0,0,11.9,116.5,62.338,4.4
2024,9,24,15,10,0,11.1,117.6,101.02,4.3
2024,9,24,15,20,0,11,117.9,128.542,4
2024,9,24,15,30,0,11,117.9,156.688,4
2024,9,24,15,40,0,11.7,118,131.344,4.2
2024,9,24,15,50,0,12.1,117.7,122.558,4.6
2024,9,24,16,0,0,12,117.5,101.864,4.7
2024,9,24,16,10,0,12,117.8,88.714,4.7
2024,9,24,16,20,0,12,117.5,53.048,4.7
2024,9,24,16,30,0,11.6,117.8,57.256,4.5
2024,9,24,16,40,0,11.5,117.5,82.528,4.4
2024,9,24,16,50,0,11.5,116.7,88.11,4.4
2024,9,24,17,0,0,11.6,116.3,92.122,4.4
2024,9,24,17,10,0,11.7,115.9,104.748,4.3
2024,9,24,17,20,0,11.4,115.5,126.572,4.1
2024,9,24,17,30,0,10.9,115.5,163.78,3.7
2024,9,24,17,40,0,11.1,114.6,219.166,3.6
2024,9,24,17,50,0,11.5,113.8,247.734,4
2024,9,24,18,0,0,11.4,113.2,228.848,3.8
2024,9,24,18,10,0,11.8,112.1,199.194,3.8
2024,9,24,18,20,0,13,110.9,192.838,4.4
2024,9,24,18,30,0,14,110.1,223.27,4.3
2024,9,24,18,40,0,15.8,108.4,302.428,4.5
2024,9,24,18,50,0,18.5,107.5,480.852,5.2
2024,9,24,19,0,0,20.1,106.4,725.758,5.5
2024,9,24,19,10,0,20.2,105.5,785.73,5.1
2024,9,24,19,20,0,19.9,104.3,792.978,5.9
2024,9,24,19,30,0,21.1,103,778.788,5.4
2024,9,24,19,40,0,22.2,101.7,832.672,5.1
2024,9,24,19,50,0,21.8,101.5,809.356,5.5
2024,9,24,20,0,0,22.6,100.5,847.114,5.4
2024,9,24,20,10,0,22.7,99.5,878.044,6.2
2024,9,24,20,20,0,22.2,99.5,756.968,6
2024,9,24,20,30,0,22.5,98.7,714.36,6.4
2024,9,24,20,40,0,23.9,97.5,748.92,6.6
2024,9,24,20,50,0,24.5,96.6,784.768,7.5
2024,9,24,21,0,0,24.5,96.5,799.908,9.1
2024,9,24,21,10,0,23.9,96.3,729.48,8.5
2024,9,24,21,20,0,23.8,96.4,736.208,7.6
2024,9,24,21,30,0,24.7,95.3,784.096,7.6
2024,9,24,21,40,0,25.4,95,806.846,8.9
2024,9,24,21,50,0,26.6,94.1,801.902,8.6
2024,9,24,22,0,0,27.8,93.3,783.232,9.1
2024,9,24,22,10,0,27.7,93.5,774.384,7.3
2024,9,24,22,20,0,27.6,93,752.024,6.6
2024,9,24,22,30,0,28.3,92,734.96,6.2
2024,9,24,22,40,0,28,91.5,675.81,6.7
2024,9,24,22,50,0,27.5,92,634.62,7.3
2024,9,24,23,0,0,28,91.5,632.666,6.9
2024,9,24,23,10,0,28.7,91,665.682,6.8
2024,9,24,23,20,0,29.2,90.5,690.69,7
2024,9,24,23,30,0,28.8,90.4,684.122,6.7
2024,9,24,23,40,0,27.9,89.7,663.766,5.7
2024,9,24,23,50,0,28,89.9,657.19,5.7
2024,9,25,0,0,0,28,89.5,667.178,5.4
2024,9,25,0,10,0,28.4,88.9,673.382,5.6
2024,9,25,0,20,0,28.9,88.5,662.924,5.4
2024,9,25,0,30,0,28.5,88.5,658.168,5.1
2024,9,25,0,40,0,28.3,88.5,673.074,5.2
2024,9,25,0,50,0,28.5,88.5,698.75,5.2
2024,9,25,1,0,0,28.6,87.9,705.872,5.6
2024,9,25,1,10,0,29.4,87.1,719,5.8
2024,9,25,1,20,0,29.5,87,724.03,6.3
2024,9,25,1,30,0,29.9,86.7,731.358,5.4
2024,9,25,1,40,0,30.1,86.5,728.926,5.6
2024,9,25,1,50,0,30.4,86.5,696.24,5.8
2024,9,25,2,0,0,30.4,86.4,693.372,5.6
2024,9,25,2,10,0,31.6,85.3,704.3,5.7
2024,9,25,2,20,0,32.2,85,719.926,6
2024,9,25,2,30,0,32.1,85,724.318,6.2
2024,9,25,2,40,0,32.4,84.5,728.348,6.4
2024,9,25,2,50,0,32.7,84.5,714.714,6.6
2024,9,25,3,0,0,33,84.5,706.3,6.7
2024,9,25,3,10,0,33,84.5,708.13,7
2024,9,25,3,20,0,34.3,83.7,724.378,7.4
2024,9,25,3,30,0,34.9,83.2,738.286,8.5
2024,9,25,3,40,0,35.5,83.5,744.422,9.3
2024,9,25,3,50,0,35.1,83.2,744.328,9.2
2024,9,25,4,0,0,35.2,82.5,736.866,9.1
2024,9,25,4,10,0,35.7,82.4,727.458,9.5
2024,9,25,4,20,0,35.1,82.6,722.446,10.1
2024,9,25,4,30,0,35.5,82.5,715.936,9.9
2024,9,25,4,40,0,35.6,82.4,725.344,9.6
2024,9,25,4,50,0,36.4,81.7,720.346,9.5
2024,9,25,5,0,0,35.7,81.5,679.632,8.8
2024,9,25,5,10,0,35.1,81.5,663.25,8.4
2024,9,25,5,20,0,36,81.6,662.704,9.4
2024,9,25,5,30,0,36.1,81.5,676.76,9.4
2024,9,25,5,40,0,36.25,81.5,702.973,9.7
2024,9,25,5,50,0,36,81.4,693.328,9.8
2024,9,25,6,0,0,36.2,81,684.65,9.8
2024,9,25,6,10,0,36.2,81.3,692.476,9.7
2024,9,25,6,20,0,36.3,80.8,694.552,10.1
2024,9,25,6,30,0,36,81.2,702.982,10.5
2024,9,25,6,40,0,36.7,80.7,669.74,10.8
2024,9,25,6,50,0,37.5,80.5,667.306,10.3
2024,9,25,7,0,0,36.7,80.5,672.502,9.5
2024,9,25,7,10,0,36.1,80.7,681.972,9.3
2024,9,25,7,20,0,35.1,81.9,673.052,9.2
2024,9,25,7,30,0,32.8,83.7,658.21,8.7
2024,9,25,7,40,0,30.8,85.3,664.648,11.5
2024,9,25,7,50,0,29.9,86.4,665.68,15.3
2024,9,25,8,0,0,30.8,85.5,648.51,11.8
2024,9,25,8,10,0,31.4,85.5,635.93,8.7
2024,9,25,8,20,0,30.9,85.7,618.244,8.2
2024,9,25,8,30,0,29.9,86.7,601.51,8
2024,9,25,8,40,0,29.2,88,593.262,7.3
2024,9,25,8,50,0,28.8,88.9,578.82,7.3
2024,9,25,9,0,0,27.9,89.7,561.894,7
2024,9,25,9,10,0,26.6,90.9,539.92,7.2
2024,9,25,9,20,0,26.1,92.1,543.436,7.3
2024,9,25,9,30,0,25.4,93.1,524.878,6.9
2024,9,25,9,40,0,24.9,93.7,504.12,6.7
2024,9,25,9,50,0,24.1,95,486.156,6.6
2024,9,25,10,0,0,23.875,96,512.96,7.3
2024,9,25,10,10,0,22.8,97.3,550.984,6.5
2024,9,25,10,20,0,22.5,98.1,525.542,6.5
2024,9,25,10,30,0,22.3,98.9,509.128,6.6
2024,9,25,10,40,0,21.5,100.1,489.228,6.3
2024,9,25,10,50,0,20.8,100.9,467.21,6.1
2024,9,25,11,0,0,20.3,102,451.358,6
2024,9,25,11,10,0,20,102.7,431.006,5.8
2024,9,25,11,20,0,19.6,103.4,409.45,5.6
2024,9,25,11,30,0,19,104.1,382.74,5.7
2024,9,25,11,40,0,18.6,104.6,358.806,5.6
2024,9,25,11,50,0,18.3,105.2,333.278,5.3
2024,9,25,12,0,0,17.1,105.7,297.038,4.9
2024,9,25,12,10,0,16.3,106.9,264.598,4.6
2024,9,25,12,20,0,15.4,107.9,251.014,4.4
2024,9,25,12,30,0,15.3,108.3,230.016,4.5
2024,9,25,12,40,0,15,108.4,211.506,4.5
2024,9,25,12,50,0,14.7,109.2,181.68,4.4
2024,9,25,13,0,0,14.7,109.3,145.794,4.4
2024,9,25,13,10,0,14.3,110.3,142.104,4.6
2024,9,25,13,20,0,14,110.6,127.32,4.9
2024,9,25,13,30,0,13.5,110.7,94.998,5
2024,9,25,13,40,0,13.5,110.7,54.634,5.2
2024,9,25,13,50,0,13,112,65.414,4.2
2024,9,25,14,0,0,13.2,112.5,76.586,4.4
2024,9,25,14,10,0,12.9,113.2,86.878,4.4
2024,9,25,14,20,0,13,113.3,70.816,4.5
2024,9,25,14,30,0,12.5,113.1,71.346,4.2
2024,9,25,14,40,0,12.5,113.4,59.216,4.4
2024,9,25,14,50,0,11.6,113.5,80.056,3.8
2024,9,25,15,0,0,11.2,113.9,79.846,3.6
2024,9,25,15,10,0,10.9,113.5,89.088,3.5
2024,9,25,15,20,0,10.9,114.2,81.218,3.5
2024,9,25,15,30,0,11.5,114.3,73.018,3.9
2024,9,25,15,40,0,10.8,114.4,83.162,3.5
2024,9,25,15,50,0,10.5,114.3,92.784,3.1
2024,9,25,16,0,0,11.4,113.7,64.46,3.6
2024,9,25,16,10,0,11.5,113.3,53.244,3.6
2024,9,25,16,20,0,11.3,113.3,56.912,3.2
2024,9,25,16,30,0,11.7,113.4,57.56,3.6
2024,9,25,16,40,0,11.8,113.1,75.768,3.6
2024,9,25,16,50,0,12.5,112.5,57.568,3.8
2024,9,25,17,0,0,12.9,111.8,51.858,4.1
2024,9,25,17,10,0,13.5,111.1,50.004,4.1
2024,9,25,17,20,0,13.9,110.4,50,4.9
2024,9,25,17,30,0,14.7,109.5,50,4.9
2024,9,25,17,40,0,15.4,108.5,50.554,4.7
2024,9,25,17,50,0,15.7,107.3,50.454,4.5
2024,9,25,18,0,0,16.4,106.3,63.376,4.5
2024,9,25,18,10,0,16.9,105.6,74.272,4.7
2024,9,25,18,20,0,18.1,103.7,91.64,5
2024,9,25,18,30,0,18.5,102.5,111.38,4.4
2024,9,25,18,40,0,19,101.375,112.223,4.1
2024,9,25,18,50,0,19.9,100.1,118.372,4.4
2024,9,25,19,0,0,21.1,99.3,83.578,5.9
2024,9,25,19,10,0,22.6,97.7,60.456,5.3
2024,9,25,19,20,0,22.6,97.3,55.252,4.9
2024,9,25,19,30,0,23.5,96.2,63.722,5
2024,9,25,19,40,0,24.1,95.2,91.076,4.9
2024,9,25,19,50,0,24.7,94.5,121.52,5.2
2024,9,25,20,0,0,25.2,93.7,147.658,5.2
2024,9,25,20,10,0,25.9,92.8,176.982,5.2
2024,9,25,20,20,0,26.6,92.1,213.702,5.1
2024,9,25,20,30,0,26.8,91.9,236.714,5.1
2024,9,25,20,40,0,27.5,91.1,262.4,5.3
2024,9,25,20,50,0,28.2,90.6,287.704,5.4
2024,9,25,21,0,0,28.5,90.4,344.3,5.3
2024,9,25,21,10,0,29.1,89.9,404.234,5.4
2024,9,25,21,20,0,29.7,89.2,465.048,5.1
2024,9,25,21,30,0,30.4,88.3,524.164,4.9
2024,9,25,21,40,0,30.9,87.7,567.946,4.9
2024,9,25,21,50,0,31,87.5,604.592,4.8
2024,9,25,22,0,0,31.4,87,634.81,5.4
2024,9,25,22,10,0,32,86,650.596,5.3
2024,9,25,22,20,0,32,85.5,653.108,4.2
2024,9,25,22,30,0,31,85.7,649.104,4
2024,9,25,22,40,0,29.9,85.5,646.702,3.8
2024,9,25,22,50,0,29.6,85.4,652.82,3.7
2024,9,25,23,0,0,29.8,84.7,655.43,3.6
2024,9,25,23,10,0,30.2,84.5,663.072,3.7
2024,9,25,23,20,0,30.4,84.4,677.436,3.7
2024,9,25,23,30,0,31.3,83.5,683.482,3.8
2024,9,25,23,40,0,32,83.3,688.844,4
2024,9,25,23,50,0,32.4,82.8,694.744,4
2024,9,26,0,0,0,33,82.5,700.116,4.1
2024,9,26,0,10,0,34,81.7,704.93,4.3
2024,9,26,0,20,0,34.6,81.5,725.506,4.3
2024,9,26,0,30,0,34.9,81.3,715.07,4.5
2024,9,26,0,40,0,35.3,80.5,707.996,4.5
2024,9,26,0,50,0,36,79.7,707.308,4.6
2024,9,26,1,0,0,37,79.5,706.062,4.6
2024,9,26,1,10,0,37,79.3,707.044,4.6
2024,9,26,1,20,0,37.6,78.8,705.078,4.9
2024,9,26,1,30,0,38,78.5,700.022,5.2
2024,9,26,1,40,0,38.2,78.5,702.13,5.3
2024,9,26,1,50,0,38.7,78.3,702.072,5.5
2024,9,26,2,0,0,39,77.6,701.304,5.7
2024,9,26,2,10,0,39,77.6,701.084,5.7
2024,9,26,2,20,0,39,77.5,702.744,6
2024,9,26,2,30,0,39.2,77.3,702.11,6
2024,9,26,2,40,0,39.5,76.7,703.356,6.2
2024,9,26,2,50,0,40.1665,76.167,705.455,5.9
2024,9,26,3,0,0,39.7,76.5,702.892,6
2024,9,26,3,10,0,39.2,76.7,702.28,6.1
2024,9,26,3,20,0,39.4,76.5,700.262,6.1
2024,9,26,3,30,0,39.5,76.5,698.126,6.2
2024,9,26,3,40,0,39,76.5,701.49,6.5
2024,9,26,3,50,0,38.9,76.6,702.682,6.2
2024,9,26,4,0,0,39.6,76.4,699.726,6.5
2024,9,26,4,10,0,39.8,75.9,703.256,6.5
2024,9,26,4,20,0,40,75.5,697.518,6.6
2024,9,26,4,30,0,40,75.5,697.79,6.4
2024,9,26,4,40,0,39.7,76.3,697.24,6.7
2024,9,26,4,50,0,39,76.5,701.614,6.9
2024,9,26,5,0,0,38.9,76.4,712.236,7
2024,9,26,5,10,0,39.1,76.4,706.07,7.8
2024,9,26,5,20,0,39,76.5,703.156,7.8
2024,9,26,5,30,0,39,76.5,706.87,7.6
2024,9,26,5,40,0,39,76.1,708.396,7.5
2024,9,26,5,50,0,39,75.7,706.838,7.9
2024,9,26,6,0,0,39.3,75.5,705.756,7.9
2024,9,26,6,10,0,39.2,75.5,698.706,7.5
2024,9,26,6,20,0,39.7,75.5,695.62,7.7
2024,9,26,6,30,0,40.1,74.4,691.4,7.7
2024,9,26,6,40,0,40,74.3,706.34,8.1
2024,9,26,6,50,0,40.9,73.7,703.74,8
2024,9,26,7,0,0,41.7,72.9,684.348,8.2
2024,9,26,7,10,0,42,72.9,674.686,8.6
2024,9,26,7,20,0,40.4,74.7,667.412,8.4
2024,9,26,7,30,0,39.1,75.9,661.864,8.7
2024,9,26,7,40,0,37.2,77.8,660.908,9
2024,9,26,7,50,0,36.2,79.1,660.166,9.3
2024,9,26,8,0,0,37.8,77.7,652.908,9.9
2024,9,26,8,10,0,38.5,77.6,643.324,10.4
2024,9,26,8,20,0,37.6,78.5,631.716,10.8
2024,9,26,8,30,0,36.2,79.2,619.91,10.5
2024,9,26,8,40,0,35.5,79.9,607.576,11.1
2024,9,26,8,50,0,34.2,80.9,600.08,10.9
2024,9,26,9,0,0,33.2,81.8,589.826,10.1
2024,9,26,9,10,0,32,82.7,580.586,10.2
2024,9,26,9,20,0,31,83.9,567.228,9.7
2024,9,26,9,30,0,29.9,85.1,555.776,10.1
2024,9,26,9,40,0,29.3,86.1,545.228,10.5
2024,9,26,9,50,0,28.3,86.8,531.218,9.7
2024,9,26,10,0,0,27.6,87.4,509.964,9.7
2024,9,26,10,10,0,26.7,89,496.282,8.6
2024,9,26,10,20,0,25.7,89.7,479.098,7.3
2024,9,26,10,30,0,25,90.6,462.952,6.4
2024,9,26,10,40,0,24.5,91.4,450.44,6.4
2024,9,26,10,50,0,23.8,92.3,440.164,6
2024,9,26,11,0,0,23.2,93.1,421.66,5.9
2024,9,26,11,10,0,22.625,93.625,415.505,5.7
2024,9,26,11,20,0,22.375,94.5,412.037,6
2024,9,26,11,30,0,21.7,95.3,419.224,5.9
2024,9,26,11,40,0,21.5,95.5,397.584,5.4
2024,9,26,11,50,0,20.9,96.5,379.508,5.3
2024,9,26,12,0,0,20.5,97.4,370.758,5.2
2024,9,26,12,10,0,19.9,98.3,354.454,5.2
2024,9,26,12,20,0,19.1,99.2,337.12,4.6
2024,9,26,12,30,0,18.5,99.7,321.188,4.5
2024,9,26,12,40,0,17.9,100.9,296.874,4.2
2024,9,26,12,50,0,17.5,102,282.592,4.4
2024,9,26,13,0,0,17.2,102.8,268.266,4.3
2024,9,26,13,10,0,16.9,103.1,238.962,4.3
2024,9,26,13,20,0,16.5,103.6,217.046,4.4
2024,9,26,13,30,0,15.9,104.9,211.546,4.1
2024,9,26,13,40,0,15.5,105.4,196.976,4.2
2024,9,26,13,50,0,15.2,105.5,176.556,4.1
2024,9,26,14,0,0,14.5,106.5,148.448,4.2
2024,9,26,14,10,0,14.5,107.3,135.652,4
2024,9,26,14,20,0,14.3,107.5,115.742,4.1
2024,9,26,14,30,0,13.8,108.5,103.358,4.1
2024,9,26,14,40,0,13.7,108.5,74.498,4.2
2024,9,26,14,50,0,13.6,108.3,51.256,4.3
2024,9,26,15,0,0,13.7,108.7,53.674,4.4
2024,9,26,15,10,0,13.5,109.5,63.32,4.7
2024,9,26,15,20,0,13.3,109.5,52.884,5.6
2024,9,26,15,30,0,13.5,109.5,50.212,5.3
2024,9,26,15,40,0,13.5,109.4,50.748,4.9
2024,9,26,15,50,0,13.5,109.3,50.746,5.3
2024,9,26,16,0,0,13.5,109.8,60.766,5.9
2024,9,26,16,10,0,13.4,110.4,87.206,5
2024,9,26,16,20,0,13.7,109.2,59.03,4.8
2024,9,26,16,30,0,13.5,109.3,52.148,5.2
2024,9,26,16,40,0,13.5,108.7,50.708,4.5
2024,9,26,16,50,0,13.5,108.5,54.674,4.1
2024,9,26,17,0,0,13.6,108,57.452,3.9
2024,9,26,17,10,0,13.6,107.6,59.314,3.8
2024,9,26,17,20,0,14.4,107.2,54.376,3.8
2024,9,26,17,30,0,14.1,105.8,58.164,3.6
2024,9,26,17,40,0,14.1,105,57.762,3.4
2024,9,26,17,50,0,14.7,103.9,64.62,3.4
2024,9,26,18,0,0,15.5,103.5,80.262,3.3
2024,9,26,18,10,0,16.1,102.4,106.268,3.2
2024,9,26,18,20,0,16.9,101.5,152.098,3.3
2024,9,26,18,30,0,17.7,100.3,213.42,3.4
2024,9,26,18,40,0,18.5,99.3,247.13,4.4
2024,9,26,18,50,0,18.5,98.9,315.648,5.2
2024,9,26,19,0,0,19.5,98.4,392.42,4.6
2024,9,26,19,10,0,19.7,97.3,460.2,3.7
2024,9,26,19,20,0,20.8,95.7,469.972,3.9
2024,9,26,19,30,0,21.5,94.7,472.132,3.7
2024,9,26,19,40,0,22.2,94.1,534.54,3.9
2024,9,26,19,50,0,23.6,93.2,594.342,4
2024,9,26,20,0,0,23.7,92.5,622.952,4.3
2024,9,26,20,10,0,24.3,91.9,660.578,4.1
2024,9,26,20,20,0,25,91.1,686.424,4.2
2024,9,26,20,30,0,25.8,90.5,694.546,4.1
2024,9,26,20,40,0,26.5,90,698.742,4.2
2024,9,26,20,50,0,26.4,90.5,697.736,4.2
2024,9,26,21,0,0,27.3,88.7,677.212,5.2
2024,9,26,21,10,0,27.6,88.3,644.274,5
2024,9,26,21,20,0,28.6,87.5,577.63,5.1
2024,9,26,21,30,0,29.2,86.8,548.612,5.9
2024,9,26,21,40,0,29.3,87.3,567.272,5.4
2024,9,26,21,50,0,29.6,87.1,610.56,5.2
2024,9,26,22,0,0,29.9,86.5,600.976,5.1
2024,9,26,22,10,0,30.4,86,591.382,5
2024,9,26,22,20,0,30.9,85.6,554.502,5.2
2024,9,26,22,30,0,31.1,85.5,532.008,5.2
2024,9,26,22,40,0,31.9,84.7,515.954,5.6
2024,9,26,22,50,0,32.8,84.1,515.348,5.8
2024,9,26,23,0,0,33.6,83.7,537.67,6.3
2024,9,26,23,10,0,35,82.5,561.532,6.5
2024,9,26,23,20,0,35,82.2,573.776,6.8
2024,9,26,23,30,0,35,82.3,586.406,6.4
2024,9,26,23,40,0,35.9,81.5,586.216,6.3
2024,9,26,23,50,0,36,81.5,591.968,6.8
2024,9,27,0,0,0,35.8,81.5,609.368,6.7
2024,9,27,0,10,0,35.9,81.3,602.218,6.7
2024,9,27,0,20,0,36,80.9,599.812,6.4
2024,9,27,0,30,0,36.2,80.7,606.65,6.6
2024,9,27,0,40,0,36,80.9,607.836,6.6
2024,9,27,0,50,0,36,80.7,610.462,6.6
2024,9,27,1,0,0,36.6,80.2,603.872,6.6
2024,9,27,1,10,0,36,80.5,618.058,6
2024,9,27,1,20,0,36.8,80,615.096,6.5
2024,9,27,1,30,0,37,80,607.018,6.5
2024,9,27,1,40,0,37,79.8,609.284,6.6
2024,9,27,1,50,0,36.7,80.5,621.588,6.5
2024,9,27,2,0,0,36.1,80.5,626.79,6.8
2024,9,27,2,10,0,36,80.5,625.734,6.8
2024,9,27,2,20,0,36,80.3,632.222,7
2024,9,27,2,30,0,36.8,79.5,632.408,7.5
2024,9,27,2,40,0,36.9,79.5,631.704,8
2024,9,27,2,50,0,37,79.5,634.154,8.1
2024,9,27,3,0,0,37,79.5,633.704,8.2
2024,9,27,3,10,0,36.9,79.3,636.748,7.4
2024,9,27,3,20,0,36.8,78.5,634.444,7.2
2024,9,27,3,30,0,37,78.5,634.236,7.4
2024,9,27,3,40,0,37,78.5,631.764,7.6
2024,9,27,3,50,0,37.5,78.2,623.696,7.4
2024,9,27,4,0,0,38.1,77.4,606.706,7.7
2024,9,27,4,10,0,38.1,77.5,599.242,7.8
2024,9,27,4,20,0,38,77.5,594.068,7.5
2024,9,27,4,30,0,38,77.5,593.138,7.2
2024,9,27,4,40,0,38.2,76.8,594.832,7.6
2024,9,27,4,50,0,39.6,76.7,583.868,9.3
2024,9,27,5,0,0,39,76.6,589.546,8.9
2024,9,27,5,10,0,39,76.5,596.262,8.8
2024,9,27,5,20,0,39,76.5,592.672,8.7
2024,9,27,5,30,0,39.4,76.2,584.924,9.1
2024,9,27,5,40,0,39.2,76.2,572.076,9.2
2024,9,27,5,50,0,39.6,75.9,572.648,9.5
2024,9,27,6,0,0,39.8,75.4,587.04,9.1
2024,9,27,6,10,0,39.8,75.3,584.292,8.9
2024,9,27,6,20,0,39.6,75.1,569.59,8.5
2024,9,27,6,30,0,39.4,75,574.462,8.1
2024,9,27,6,40,0,41.7,73.6,584.464,9.7
2024,9,27,6,50,0,41.5,73.7,581.456,12.2
2024,9,27,7,0,0,40,74.9,582.12,13.3
2024,9,27,7,10,0,38.3,76.4,586.482,13.3
2024,9,27,7,20,0,36.4,77.9,578.39,11.5
2024,9,27,7,30,0,33.6,79.9,568.218,10.2
2024,9,27,7,40,0,31.7,81.7,549.246,9.3
2024,9,27,7,50,0,30,82.9,537.836,8.2
2024,9,27,8,0,0,30.6,81.6,528.844,9.6
2024,9,27,8,10,0,30.7,81.8,521.152,10.1
2024,9,27,8,20,0,31.7,81.8,517.404,9.5
2024,9,27,8,30,0,32.9,81.5,506.1,9.4
2024,9,27,8,40,0,33.6,81.8,496.684,10.8
2024,9,27,8,50,0,33.6,82.7,485.89,11.7
2024,9,27,9,0,0,33.1,83.5,475.884,12.9
2024,9,27,9,10,0,32.3,84.8,466.684,13.3
2024,9,27,9,20,0,31.4,85.9,451.114,13.4
2024,9,27,9,30,0,30.4,87.3,432.984,13.7
2024,9,27,9,40,0,30.4,87.6,418.382,14
2024,9,27,9,50,0,29.7,88.6,405.596,14.2
2024,9,27,10,0,0,28.6,89.9,393.24,13.9
2024,9,27,10,10,0,27.7,91.2,369.208,13.1
2024,9,27,10,20,0,27.1,91.9,347.968,13.4
2024,9,27,10,30,0,26.3,93.2,331.61,12.4
2024,9,27,10,40,0,25.6,94.3,305.716,12.1
2024,9,27,10,50,0,25.1,95.3,282.992,10.9
2024,9,27,11,0,0,23.9,96.5,268.004,10.5
2024,9,27,11,10,0,23.4,97.5,237.712,11.2
2024,9,27,11,20,0,22.8,97.9,211.904,11.1
2024,9,27,11,30,0,22.6,98.9,180.578,11
2024,9,27,11,40,0,22,99.8,140.756,11.2
2024,9,27,11,50,0,21.4,100.3,109.924,10.3
2024,9,27,12,0,0,20.8,101.1,71.608,9.5
2024,9,27,12,10,0,20,102.7,51.538,9
2024,9,27,12,20,0,19.4,103.6,50.172,10
2024,9,27,12,30,0,19.3,103.9,50,11.5
2024,9,27,12,40,0,18.7,104.4,50.004,11.8
2024,9,27,12,50,0,18.4,105.2,50,10.6
2024,9,27,13,0,0,17.7,106.3,54.066,9.3
2024,9,27,13,10,0,17.2,106.6,50.08,7.5
2024,9,27,13,20,0,17.1,106.7,50,7.2
2024,9,27,13,30,0,16.8,107.6,50,6.8
2024,9,27,13,40,0,16.1,108.3,50.02,5.6
2024,9,27,13,50,0,16.2,108.1,51.48,5.7
2024,9,27,14,0,0,15.8,108.9,55.242,5.7
2024,9,27,14,10,0,14.6,109.8,78.544,5.1
2024,9,27,14,20,0,14.1,110.1,95.72,4.1
2024,9,27,14,30,0,14.4,109.7,64.682,4.1
2024,9,27,14,40,0,13.5,110.2,75.57,3.6
2024,9,27,14,50,0,12.7,110.8,94.25,3.1
2024,9,27,15,0,0,12.3,111.3,139.02,3.1
2024,9,27,15,10,0,11.6,112.2,210.794,2.8
2024,9,27,15,20,0,11,112.4,244.136,3.1
2024,9,27,15,30,0,11.1,111.9,238.722,3.2
2024,9,27,15,40,0,10.6,111.9,232.344,2.9
2024,9,27,15,50,0,11.2,111.5,206.718,3.3
2024,9,27,16,0,0,11.5,111.5,169.922,3.3
2024,9,27,16,10,0,11.3,111.6,142.336,3.3
2024,9,27,16,20,0,11.5,111.5,128.294,3.3
2024,9,27,16,30,0,11.5,111.6,97.03,3.5
2024,9,27,16,40,0,12,110.8,56.792,3.5
2024,9,27,16,50,0,12.5,110.5,50,3.7
2024,9,27,17,0,0,12.5,110.4,50,3.8
2024,9,27,17,10,0,13,109.7,50,4
2024,9,27,17,20,0,13.4,109,50,4.1
2024,9,27,17,30,0,13.3,108.1,50,3.8
2024,9,27,17,40,0,12.5,107.5,60.71,3.3
2024,9,27,17,50,0,13.1,106.2,109.356,3.1
2024,9,27,18,0,0,13.7,105.5,159.052,3.1
2024,9,27,18,10,0,15.3,104.1,229.84,3.2
2024,9,27,18,20,0,16.5,103.2,323.516,3.4
2024,9,27,18,30,0,17.8,101.6,418.33,3.6
2024,9,27,18,40,0,18.5,100.5,513.496,3.2
2024,9,27,18,50,0,18.8,99.5,597.33,4.2
2024,9,27,19,0,0,19.4,99.3,716.44,4.7
2024,9,27,19,10,0,20,98.5,791.244,4.9
2024,9,27,19,20,0,20.5,97.9,866.892,3
2024,9,27,19,30,0,20.9,96.8,838.1,4.5
2024,9,27,19,40,0,22.1,95.9,879.566,5.7
2024,9,27,19,50,0,22.6,95.5,911.64,3.7
2024,9,27,20,0,0,22.9,94.8,942.008,3.5
2024,9,27,20,10,0,23.3,94.3,946.792,3.5
2024,9,27,20,20,0,23.5,93.5,939.68,3.7
2024,9,27,20,30,0,24,93.1,949.894,3.7
2024,9,27,20,40,0,24.5,92.5,916.926,3.7
2024,9,27,20,50,0,25.1,91.1,910.328,3.6
2024,9,27,21,0,0,25.5,91,918.14,3.5
2024,9,27,21,10,0,25.6,91.5,934.418,3.6
2024,9,27,21,20,0,25.9,91,936.682,3.7
2024,9,27,21,30,0,26.6,89.8,945.234,4.6
2024,9,27,21,40,0,26.9,89.5,963.01,4.9
2024,9,27,21,50,0,27.2,89.5,978.666,4.7
2024,9,27,22,0,0,27.5,89.4,968.446,4.5
2024,9,27,22,10,0,27.5,88.9,958.954,4.4
2024,9,27,22,20,0,27.5,88.5,952.894,4.6
2024,9,27,22,30,0,27.8,88.5,947.84,4.7
2024,9,27,22,40,0,28.6,88.4,950.538,5.2
2024,9,27,22,50,0,29.3,87.7,946.14,6
2024,9,27,23,0,0,30.1,87,934.234,6.5
2024,9,27,23,10,0,30.6,86.6,931.34,5.3
2024,9,27,23,20,0,30.4,86.5,894.548,4.2
2024,9,27,23,30,0,29.5,86.5,847.228,4.8
2024,9,27,23,40,0,29.9,86.5,839.368,5.2
2024,9,27,23,50,0,30.6,86.1,856.272,5.6
2024,9,28,0,0,0,31.6,85.1,851.468,6.2
2024,9,28,0,10,0,31.9,84.9,852.954,6.1
2024,9,28,0,20,0,31.5,85.2,855.702,6.1
2024,9,28,0,30,0,31.6,84.5,840.354,6.2
2024,9,28,0,40,0,31.5,84.4,846.36,6.2
2024,9,28,0,50,0,31.5,84.5,842.566,6.2
2024,9,28,1,0,0,31.7,84.3,850.55,6.1
2024,9,28,1,10,0,32.3,83.6,853.024,5.9
2024,9,28,1,20,0,33.1,83.1,856.592,5.7
2024,9,28,1,30,0,32.6,83.4,861.704,5.7
2024,9,28,1,40,0,32.8,83.5,857.198,5.9
2024,9,28,1,50,0,33.2,82.7,851.188,5.8
2024,9,28,2,0,0,33.3,82.5,842.816,6.1
2024,9,28,2,10,0,33.6,82.5,842.064,6.4
2024,9,28,2,20,0,33.7,82.3,844.446,7.3
2024,9,28,2,30,0,34,81.7,835.246,7.4
2024,9,28,2,40,0,34,81.5,824.25,7.2
2024,9,28,2,50,0,34.4,81.5,817.83,7
2024,9,28,3,0,0,35,80.9,810.082,6.5
2024,9,28,3,10,0,35.1,80.5,804.22,6.5
2024,9,28,3,20,0,35.1,80.5,800.71,6.7
2024,9,28,3,30,0,35.7,80.5,802.902,6.5
2024,9,28,3,40,0,36.4,79.8,798.424,6.6
2024,9,28,3,50,0,36.8,79.6,805.2,6.3
2024,9,28,4,0,0,36.9,79.6,797.454,6.5
2024,9,28,4,10,0,37,79.5,785.176,6.4
2024,9,28,4,20,0,37,79.5,778.018,6.3
2024,9,28,4,30,0,37,79.5,773.648,6.3
2024,9,28,4,40,0,37,79.5,773.678,5.9
2024,9,28,4,50,0,36.9,79.5,788.17,6.1
2024,9,28,5,0,0,37,79.3,783.828,6
2024,9,28,5,10,0,37,79.3,775.646,5.6
2024,9,28,5,20,0,37,79.1,767.048,6.4
2024,9,28,5,30,0,37,79.3,756.026,6.4
2024,9,28,5,40,0,37.6,78.6,757.264,6.4
2024,9,28,5,50,0,38,78.5,748.58,6.1
2024,9,28,6,0,0,38,78.5,737.956,6.2
2024,9,28,6,10,0,38,78.5,735.914,6.5
2024,9,28,6,20,0,38.4,78.4,734.316,7.5
2024,9,28,6,30,0,39.7,77.9,730.288,9
2024,9,28,6,40,0,40.6,77.5,729.008,9.8
2024,9,28,6,50,0,40.8,77.5,727.628,13.2
2024,9,28,7,0,0,40.6,77.7,721.434,14.8
2024,9,28,7,10,0,39.4,78.8,720.612,15.9
2024,9,28,7,20,0,38,80.2,717.778,21
2024,9,28,7,30,0,36.2,81.7,716.452,24
2024,9,28,7,40,0,35,83.4,709.372,25.4
2024,9,28,7,50,0,33.1,85.2,705.248,26.6
2024,9,28,8,0,0,33.9,84.3,696.31,28.9
2024,9,28,8,10,0,34,83.7,688.06,31.4
2024,9,28,8,20,0,34,84.4,682.334,32
2024,9,28,8,30,0,34,84.9,675.928,33.9
2024,9,28,8,40,0,32.8,85.6,666.006,33.3
2024,9,28,8,50,0,31.7,86.7,656.704,30.9
2024,9,28,9,0,0,30.4,88.2,652.906,31.1
2024,9,28,9,10,0,29.3,89.2,643.876,30.9
2024,9,28,9,20,0,28.4,90.3,629.018,31.6
2024,9,28,9,30,0,27.5,90.4,598.296,29.7
2024,9,28,9,40,0,26.6,90.9,573.032,27.9
2024,9,28,9,50,0,26.3335,91.5,564.935,28.5
2024,9,28,10,0,0,25.2,93.7,616.468,27.6
2024,9,28,10,10,0,24.4,93.7,584.322,27.5
2024,9,28,10,20,0,23.2,95.8,572.008,26.1
2024,9,28,10,30,0,22,96.7,544.208,24.6
2024,9,28,10,40,0,21.2,97.9,513.158,21.9
2024,9,28,10,50,0,20.5,99.1,489.332,20.2
2024,9,28,11,0,0,19.2,101.3,466.56,11.9
2024,9,28,11,10,0,19.3,102.7,449.124,18
2024,9,28,11,20,0,19,103.7,429.47,20.3
2024,9,28,11,30,0,18.5,104.7,400.716,21
2024,9,28,11,40,0,17.4,105.2,364.152,16.4
2024,9,28,11,50,0,17.1,105.7,326.06,14
2024,9,28,12,0,0,16.8,107.1,304.862,13.7
2024,9,28,12,10,0,15.4,107.7,265.978,8.1
2024,9,28,12,20,0,15,108.6,217.696,8.5
2024,9,28,12,30,0,14.5,109.5,196.96,9.8
2024,9,28,12,40,0,13.7,110.2,168.65,11.2
2024,9,28,12,50,0,13.3,111.3,135.57,12.4
2024,9,28,13,0,0,12.5,112,112.086,9.4
2024,9,28,13,10,0,12.4,111.9,82.924,7
2024,9,28,13,20,0,12.3,112.1,64.642,5.5
2024,9,28,13,30,0,12.5,112.5,51.748,4.9
2024,9,28,13,40,0,12.5,113.3,53.922,5.1
2024,9,28,13,50,0,12.3,113.6,53.65,4.9
2024,9,28,14,0,0,12.3,113.2,50,5.2
2024,9,28,14,10,0,12.2,113.7,50,5
2024,9,28,14,20,0,11.5,113.7,50,5.1
2024,9,28,14,30,0,11.7,113.6,50,4.9
2024,9,28,14,40,0,11.5,113.6,50.412,4.5
2024,9,28,14,50,0,11.2,114.2,58.176,4.6
2024,9,28,15,0,0,10.5,114.7,77.708,4.9
2024,9,28,15,10,0,10.5,115.1,109.742,4
2024,9,28,15,20,0,10,115.6,134.208,4
2024,9,28,15,30,0,10.2,114.9,109.082,3.8
2024,9,28,15,40,0,10.1,115.4,110.872,3.8
2024,9,28,15,50,0,9.9,115.3,119.806,3.7
2024,9,28,16,0,0,9.7,115.7,127.106,3.9
2024,9,28,16,10,0,10.2,115.5,124.118,3.8
2024,9,28,16,20,0,10.1,115.3,133.532,3.6
2024,9,28,16,30,0,9.8,115.2,153.112,3.7
2024,9,28,16,40,0,10,114.7,162.676,3.6
2024,9,28,16,50,0,10.1,114.5,169.744,3.5
2024,9,28,17,0,0,10.4,113.8,184.144,3.5
2024,9,28,17,10,0,11,112.9,156.328,3.8
2024,9,28,17,20,0,11.5,111.6,110.444,3.7
2024,9,28,17,30,0,11.5,110.8,88.736,3.8
2024,9,28,17,40,0,12,110.2,77.254,3.7
2024,9,28,17,50,0,12.4,109.5,115.498,3.4
2024,9,28,18,0,0,12.5,108.9,158.448,3.6
2024,9,28,18,10,0,12.5,107.8,171.432,3.4
2024,9,28,18,20,0,12.9,106.7,223.654,3.5
2024,9,28,18,30,0,13.4,105.3,186.806,3.6
2024,9,28,18,40,0,14.5,104.1,184.036,3.5
2024,9,28,18,50,0,15.5,102.5,245.06,3.7
2024,9,28,19,0,0,16.5,101.5,371.033,3.9
2024,9,28,19,10,0,16.7,100.5,418.415,3.7
2024,9,28,19,20,0,17.5,99.9,572.446,4.6
2024,9,28,19,30,0,17.6,98.8,605.182,5
2024,9,28,19,40,0,18.5,98.1,633.182,5
2024,9,28,19,50,0,17.7,97.2,658.248,4.1
2024,9,28,20,0,0,18.5,96.5,675.888,3.9
2024,9,28,20,10,0,19.5,95.7,703.798,3.9
2024,9,28,20,20,0,19.4,95.5,697.746,4
2024,9,28,20,30,0,20,94.6,704.986,3.9
2024,9,28,20,40,0,20.4,93.7,722.876,3.7
2024,9,28,20,50,0,20.9,93.3,738.31,4
2024,9,28,21,0,0,21.5,92.5,714.486,4.1
2024,9,28,21,10,0,21.6,92.4,719.506,4
2024,9,28,21,20,0,22.4,91.6,736.134,4.3
2024,9,28,21,30,0,22.7,91.3,747.162,4.3
2024,9,28,21,40,0,23.5,90.4,726.988,4.4
2024,9,28,21,50,0,23.6,89.6,699.898,4.5
2024,9,28,22,0,0,23.9,89.3,692.892,4.8
2024,9,28,22,10,0,25.2,88,627.68,5.4
2024,9,28,22,20,0,26,87.5,602.794,5
2024,9,28,22,30,0,26.9,86.9,601.318,5
2024,9,28,22,40,0,27.5,86.5,605.81,5.3
2024,9,28,22,50,0,27.5,86.25,625.452,4.7
2024,9,28,23,0,0,27.875,85.875,650.983,4.9
2024,9,28,23,10,0,28.5,85.4,643.592,5.1
2024,9,28,23,20,0,28.9,85,642.478,4.9
2024,9,28,23,30,0,29.3,84.5,646.216,5.2
2024,9,28,23,40,0,29.5,84.3,644.968,5
2024,9,28,23,50,0,29.5,84.1,643.952,5.2
2024,9,29,0,0,0,29.4,84.5,656.914,5.1
2024,9,29,0,10,0,29.5,84.4,676.404,4.8
2024,9,29,0,20,0,29.6,84.3,688.94,5
2024,9,29,0,30,0,29.5,84.5,706.816,5.1
2024,9,29,0,40,0,29.8,84,710.388,5.3
2024,9,29,0,50,0,31.4,82.5,675.028,5.2
2024,9,29,1,0,0,32.1,81.8,654.174,5.3
2024,9,29,1,10,0,32.5,81.8,648.448,5.4
2024,9,29,1,20,0,31.5,82.4,650.682,4.8
2024,9,29,1,30,0,31.9,82.3,650.826,4.8
2024,9,29,1,40,0,32.2,81.6,671.076,5
2024,9,29,1,50,0,32.5,81.5,684.68,5.6
2024,9,29,2,0,0,32.7,81.5,666.562,4.6
2024,9,29,2,10,0,33,81.4,653.89,4.9
2024,9,29,2,20,0,33.9,80.5,656.28,5.5
2024,9,29,2,30,0,35.3,79.3,663.104,5.9
2024,9,29,2,40,0,35.3,79.5,666.498,6.2
2024,9,29,2,50,0,34.4,79.7,673.102,5.9
2024,9,29,3,0,0,34.1,80,670.03,5.3
2024,9,29,3,10,0,34,80.3,673.202,5.3
2024,9,29,3,20,0,33.9,80.5,676.63,4.6
2024,9,29,3,30,0,33.7,80.5,674.88,3.9
2024,9,29,3,40,0,33.9,80.3,671.136,4
2024,9,29,3,50,0,34.2,79.8,668.708,4.9
2024,9,29,4,0,0,34.9,79.5,678.472,4.8
2024,9,29,4,10,0,35.2,78.9,676.118,5.3
2024,9,29,4,20,0,36,78.4,668.644,5.6
2024,9,29,4,30,0,37,77.5,669.842,6
2024,9,29,4,40,0,37,77.5,671.192,5.7
2024,9,29,4,50,0,37.5,77.1,669.756,6.1
2024,9,29,5,0,0,37.6,77.3,671.826,6.1
2024,9,29,5,10,0,37.8,76.9,669.778,6.4
2024,9,29,5,20,0,38.2,76.3,660.096,6.8
2024,9,29,5,30,0,38.2,76.5,657.408,7.2
2024,9,29,5,40,0,38.1,76.5,659.266,7.2
2024,9,29,5,50,0,38.2,75.7,660.356,7.3
2024,9,29,6,0,0,39.8,74.9,657.366,7
2024,9,29,6,10,0,40,74.7,647.12,6.7
2024,9,29,6,20,0,40.1,75.2,641.828,6.6
2024,9,29,6,30,0,40.9,74.7,646.142,6.5
2024,9,29,6,40,0,40.7,74.9,640.4,5.9
2024,9,29,6,50,0,41,74.5,638.178,6.2
2024,9,29,7,0,0,41,74.5,631.896,6.3
2024,9,29,7,10,0,40,75.8,633.814,6.2
2024,9,29,7,20,0,38.6,77,643.622,6.3
2024,9,29,7,30,0,36,79.5,638.734,6.3
2024,9,29,7,40,0,33.9,81.9,631.884,6.4
2024,9,29,7,50,0,31,84.5,626.258,6.4
2024,9,29,8,0,0,32,83.2,617.34,6.5
2024,9,29,8,10,0,33.2,82.3,609.21,6.6
2024,9,29,8,20,0,34.6,81.3,593.678,6.5
2024,9,29,8,30,0,34.8,81.7,588.77,6.6
2024,9,29,8,40,0,34.1,82.5,587.474,7
2024,9,29,8,50,0,34,82.7,579.556,7.4
2024,9,29,9,0,0,32.7,84.1,571.37,7.5
2024,9,29,9,10,0,31.9,85,565.1,7.6
2024,9,29,9,20,0,31,86.1,556.314,7.4
2024,9,29,9,30,0,30.3,86.2,537.74,7.2
2024,9,29,9,40,0,30.5,86.5,516.998,7.7
2024,9,29,9,50,0,28.8,88.5,513.556,6.9
2024,9,29,10,0,0,28,89,485.012,7
2024,9,29,10,10,0,27.6,89,459.846,6.9
2024,9,29,10,20,0,26.9,89.8,431.3,6.3
2024,9,29,10,30,0,25.4,91.5,427.018,5.4
2024,9,29,10,40,0,24.4,92.9,415.916,5
2024,9,29,10,50,0,23.4,94.4,407.478,4.3
2024,9,29,11,0,0,23,95.5,390.83,5
2024,9,29,11,10,0,22.3,96.5,369.022,4.8
2024,9,29,11,20,0,21.5,97.7,352.342,4.3
2024,9,29,11,30,0,20.8,99,336.626,3.9
2024,9,29,11,40,0,19.7,99.9,318.552,3.6
2024,9,29,11,50,0,18.2,100.7,287.316,3.4
2024,9,29,12,0,0,17.9,101.7,273.668,3.2
2024,9,29,12,10,0,17.2,102.4,244.238,3
2024,9,29,12,20,0,16.5,102.9,223.46,2.9
2024,9,29,12,30,0,16.6,103.8,223.77,3
2024,9,29,12,40,0,16.3,104.6,224.734,2.9
2024,9,29,12,50,0,15.5,105.4,208.01,2.5
2024,9,29,13,0,0,15.3,105.5,198.712,2.3
2024,9,29,13,10,0,15,106.5,194.926,2.3
2024,9,29,13,20,0,14.5,107.5,190.506,2.4
2024,9,29,13,30,0,14.5,107.5,179.698,2.4
2024,9,29,13,40,0,14.2,108.1,175.696,2.4
2024,9,29,13,50,0,13.5,108.6,179.27,2.3
2024,9,29,14,0,0,12.5,109.3,174.456,1.8
2024,9,29,14,10,0,12.5,109.4,171.41,2.4
2024,9,29,14,20,0,12.2,109.9,177.938,2.3
2024,9,29,14,30,0,11.5,110.5,183.994,2.4
2024,9,29,14,40,0,11.625,110.5,184.047,2
2024,9,29,14,50,0,12,110.5,194.543,1.7
2024,9,29,15,0,0,11.6,110.7,180.684,1.7
2024,9,29,15,10,0,11.5,110.7,166.138,1.8
2024,9,29,15,20,0,11.4,111.1,172.542,1.6
2024,9,29,15,30,0,11.2,110.6,148.204,1.6
2024,9,29,15,40,0,10.8,110.9,124.234,1.7
2024,9,29,15,50,0,10.4,110.9,99.108,1.8
2024,9,29,16,0,0,9.7,110.7,78.18,1.6
2024,9,29,16,10,0,9.5,110.5,58.65,1.7
2024,9,29,16,20,0,10.1,110.3,52.492,1.7
2024,9,29,16,30,0,10.5,110.5,53.892,1.9
2024,9,29,16,40,0,10.5,110.5,63.028,2
2024,9,29,16,50,0,10.5,109.9,63.064,1.9
2024,9,29,17,0,0,10.5,109.4,61.33,2.2
2024,9,29,17,10,0,10.5,110.1,121.446,3.1
2024,9,29,17,20,0,10.5,109.5,156.382,2.8
2024,9,29,17,30,0,11.3,109.4,173.796,2.1
2024,9,29,17,40,0,11.5,108.4,179.6,2.2
2024,9,29,17,50,0,12.5,107.4,175.99,1.9
2024,9,29,18,0,0,12.7,106.7,196.358,1.9
2024,9,29,18,10,0,13.3,105.6,213.376,1.7
2024,9,29,18,20,0,13.5,104.7,225.234,1.8
2024,9,29,18,30,0,14.3,104,367.134,2.6
2024,9,29,18,40,0,14.9,102.9,450.164,1.9
2024,9,29,18,50,0,15.6,101.8,463.158,2
2024,9,29,19,0,0,16.5,100.4,453.896,1.9
2024,9,29,19,10,0,17.4,99.3,426.62,2.2
2024,9,29,19,20,0,17.6,98.2,431.694,1.9
2024,9,29,19,30,0,18.5,97,448.006,1.9
2024,9,29,19,40,0,19,96,465.626,3
2024,9,29,19,50,0,19.9,94.8,477.192,2.4
2024,9,29,20,0,0,20.8,93.2,469.366,2.1
2024,9,29,20,10,0,20.3,92.5,430.26,2.4
2024,9,29,20,20,0,20.1,92,417.528,1.8
2024,9,29,20,30,0,20.8,90.7,392.224,2
2024,9,29,20,40,0,22.3,89.7,372.874,2.2
2024,9,29,20,50,0,23.9,88.9,348.976,2.8
2024,9,29,21,0,0,25.5,88.3,339.32,2.9
2024,9,29,21,10,0,27.3,87.1,339.754,3.5
2024,9,29,21,20,0,28.7,86.3,346.948,3.5
2024,9,29,21,30,0,28.9,85.5,339.844,3.1
2024,9,29,21,40,0,29.2,85.1,327.658,3
2024,9,29,21,50,0,29.3,84.9,333.864,3.1
2024,9,29,22,0,0,28.9,85.5,349.456,3
2024,9,29,22,10,0,28.9,85.5,349.99,3
2024,9,29,22,20,0,28.9,85.3,361.046,2.8
2024,9,29,22,30,0,29.6,85,375.766,3.1
2024,9,29,22,40,0,28.9,85.5,412.822,3
2024,9,29,22,50,0,29,85.5,444.87,3.1
2024,9,29,23,0,0,28.9,85.5,458.276,3.1
2024,9,29,23,10,0,29.2,85.1,460.538,3.5
2024,9,29,23,20,0,30,84.4,450.34,3.4
2024,9,29,23,30,0,30,84.5,430.248,3.4
2024,9,29,23,40,0,30.4,83.9,456.612,3.5
2024,9,29,23,50,0,30.4,83.5,479.948,3.4
2024,9,30,0,0,0,30.5,83.3,486.954,3.4
2024,9,30,0,10,0,30.8,82.7,461.014,4
2024,9,30,0,20,0,31,82.5,458.268,4.3
2024,9,30,0,30,0,31.3,82.5,460.376,4.9
2024,9,30,0,40,0,32.3,81.6,443.012,5.3
2024,9,30,0,50,0,33.5,80.9,423.412,5.4
2024,9,30,1,0,0,33.7,80.5,416.036,5.2
2024,9,30,1,10,0,34.4,80.2,415.014,5.2
2024,9,30,1,20,0,35,79.5,418.538,5.4
2024,9,30,1,30,0,35.5,79.5,424.776,5.1
2024,9,30,1,40,0,35.9,79.7,434.43,5
2024,9,30,1,50,0,36,79.5,441.336,5.1
2024,9,30,2,0,0,35.9,79.5,445.662,5.2
2024,9,30,2,10,0,35.9,80,454.612,5.1
2024,9,30,2,20,0,35.3,80.3,466.762,5.2
2024,9,30,2,30,0,35.7,79.7,457.51,5.3
2024,9,30,2,40,0,35.6,79.5,458.186,5.3
2024,9,30,2,50,0,35.6,79.5,456.158,5.9
2024,9,30,3,0,0,36,79.4,450.296,5.9
2024,9,30,3,10,0,36.1,79.1,442.142,5.6
2024,9,30,3,20,0,36.8,78.7,441.254,5.7
2024,9,30,3,30,0,36.1,79.5,449.122,5.9
2024,9,30,3,40,0,36,79.5,459.536,5.6
2024,9,30,3,50,0,35.6,79.5,466.374,5.8
2024,9,30,4,0,0,37,78.2,476.296,5.9
2024,9,30,4,10,0,37.4,78.1,470.344,5.9
2024,9,30,4,20,0,37,78.3,463.11,5.9
2024,9,30,4,30,0,36.7,78.5,466.368,6.2
2024,9,30,4,40,0,36.4,78.5,475.912,6.1
2024,9,30,4,50,0,36.9,78.5,478.772,6.1
2024,9,30,5,0,0,36.8,78.1,477.566,6.2
2024,9,30,5,10,0,36.7,77.8,479.856,6.1
2024,9,30,5,20,0,37.6,77.3,482.862,6
2024,9,30,5,30,0,37.4,77.5,483.516,6
2024,9,30,5,40,0,37,77.5,485.824,5.9
2024,9,30,5,50,0,37.7,76.9,490.684,6
2024,9,30,6,0,0,37.8,77,488.78,5.8
2024,9,30,6,10,0,37.5,76.5,485.634,6.1
2024,9,30,6,20,0,37.5,76.5,482.624,5.7
2024,9,30,6,30,0,37.7,76.5,468.694,6
2024,9,30,6,40,0,38,76.5,452.026,6.7
2024,9,30,6,50,0,38.4,76.3,444.698,6.6
2024,9,30,7,0,0,38.8,76,439.06,6.9
2024,9,30,7,10,0,39.6,75.3,457.322,8.3
2024,9,30,7,20,0,38.6,76.3,471.892,7.5
2024,9,30,7,30,0,37.4,77.6,458.988,7.7
2024,9,30,7,40,0,36.9,78.4,463.732,8.6
2024,9,30,7,50,0,36.25,79.25,459.132,9.5
2024,9,30,8,0,0,36,79.5,486.907,9.8
2024,9,30,8,10,0,36.7,79.1,495.154,9.9
2024,9,30,8,20,0,35.9,78.9,428.656,8.6
2024,9,30,8,30,0,34.8,79.5,401.938,7.5
2024,9,30,8,40,0,33.7,80.5,393.968,7.5
2024,9,30,8,50,0,32.5,81.5,370.834,7
2024,9,30,9,0,0,31.6,82.8,349.812,6.7
2024,9,30,9,10,0,31.8,83.7,346.872,7.8
2024,9,30,9,20,0,31.1,85.2,347.552,8.3
2024,9,30,9,30,0,30.5,86.5,330.988,8.1
2024,9,30,9,40,0,29.3,88.1,321.926,7.3
2024,9,30,9,50,0,28.4,89.3,298.078,7
2024,9,30,10,0,0,27.5,90.4,268.384,6.4
2024,9,30,10,10,0,26.3,92.1,254.812,6.1
2024,9,30,10,20,0,24.8,93.3,233.256,5.3
2024,9,30,10,30,0,24.2,94.4,212.158,5.1
2024,9,30,10,40,0,23.8,95.5,198.194,5.3
2024,9,30,10,50,0,23,96.7,183.658,5.9
2024,9,30,11,0,0,21.9,98.2,161.79,5.2
2024,9,30,11,10,0,21.4,98.5,132.418,5.1
2024,9,30,11,20,0,20.6,99.7,121.484,5.1
2024,9,30,11,30,0,20.4,100.7,96.994,5.1
2024,9,30,11,40,0,19.4,101.5,75.164,5.1
2024,9,30,11,50,0,18.9,102.2,54.84,4.4
2024,9,30,12,0,0,18,102.8,84.944,4.1
2024,9,30,12,10,0,17.6,103.7,92.424,3.9
2024,9,30,12,20,0,17.4,104.6,51.782,3.8
2024,9,30,12,30,0,17.1,105,51.656,3.7
2024,9,30,12,40,0,16.5,106,50.738,3.8
2024,9,30,12,50,0,16.5,106.2,50.56,3.7
2024,9,30,13,0,0,16.2,107.1,52.498,3.8
2024,9,30,13,10,0,15.5,107.6,51.186,3.9
2024,9,30,13,20,0,15.5,108.5,52.046,3.8
2024,9,30,13,30,0,15.2,109,54.626,3.9
2024,9,30,13,40,0,15.2,109.3,50.57,4
2024,9,30,13,50,0,14.9,109.8,51.102,3.9
2024,9,30,14,0,0,14.4,110.3,57.122,3.6
2024,9,30,14,10,0,13.6,111.1,61.19,3.4
2024,9,30,14,20,0,13.5,111.5,53.472,3.2
2024,9,30,14,30,0,13.6,111.4,53.354,3.5
2024,9,30,14,40,0,13.6,110.9,50.598,3.4
2024,9,30,14,50,0,13.6,111.3,56.066,3.3
2024,9,30,15,0,0,13.3,111.4,58.396,3.4
2024,9,30,15,10,0,13.4,111.5,50.506,3.6
2024,9,30,15,20,0,13.2,111.5,50.938,3.6
2024,9,30,15,30,0,13.1,111.7,51.198,3.8
2024,9,30,15,40,0,12.5,112.5,60.538,3.5
2024,9,30,15,50,0,13,112.5,55.624,3.6
2024,9,30,16,0,0,12.5,112.9,77.448,5.1
2024,9,30,16,10,0,12.4,112.5,76.674,3.7
2024,9,30,16,20,0,12.2,112.5,86.292,4
2024,9,30,16,30,0,12.2,112.9,83.27,3.8
2024,9,30,16,40,0,11.7,112.4,99.932,3.7
2024,9,30,16,50,0,12.5,111.8,88.694,3.8
2024,9,30,17,0,0,13.2,110.8,66.38,3.9
2024,9,30,17,10,0,13.2,110.7,74.43,4
2024,9,30,17,20,0,13.7,109.8,53.638,4.1
2024,9,30,17,30,0,14.1,109.5,61.294,4.6
2024,9,30,17,40,0,14.3,109,90.01,4.3
2024,9,30,17,50,0,14.9,108,95.608,4.2
2024,9,30,18,0,0,15.4,107.3,98.398,4.2
2024,9,30,18,10,0,16.5,106,104.372,4.1
2024,9,30,18,20,0,16.8,105,120.386,4.2
2024,9,30,18,30,0,18.3,103.5,173.784,4.8
2024,9,30,18,40,0,20.2,102.1,242.59,5.2
2024,9,30,18,50,0,21.7,101.2,338.964,5.7
2024,9,30,19,0,0,22.2,99.4,338.658,4.9
2024,9,30,19,10,0,24.7,98.6,339.93,5.7
2024,9,30,19,20,0,25.6,98,429.524,5.1
2024,9,30,19,30,0,24.9,96.9,449.234,5.2
2024,9,30,19,40,0,24.7,95.8,420.38,5.1
2024,9,30,19,50,0,25.7,95,462.054,4.8
2024,9,30,20,0,0,25.8,94.5,501.718,4.5
2024,9,30,20,10,0,24.9,93.9,463.302,4.6
2024,9,30,20,20,0,25.5,93.5,454.576,4.5
2024,9,30,20,30,0,25.5,93.5,501.306,4.4
2024,9,30,20,40,0,25.5,93,512.334,4.5
2024,9,30,20,50,0,25,92.5,438.058,4.2
2024,9,30,21,0,0,26.4,91.6,464.502,4.4
2024,9,30,21,10,0,26,91.5,484.058,4.8
2024,9,30,21,20,0,26.6,91.5,504.996,5.2
2024,9,30,21,30,0,27.3,90.5,525.078,5.4
2024,9,30,21,40,0,28.2,90.5,558.978,5.6
2024,9,30,21,50,0,28.5,90.1,577.318,5.6
2024,9,30,22,0,0,28.9,89.5,579.324,5.5
2024,9,30,22,10,0,29,88.7,578.952,5.5
2024,9,30,22,20,0,28.9,88.6,567.918,5.7
2024,9,30,22,30,0,28.6,88.3,531.124,6.3
2024,9,30,22,40,0,29,87.5,489.492,7
2024,9,30,22,50,0,29.3,87.3,510.474,9.1
2024,9,30,23,0,0,29.6,87.4,535.954,8.6
2024,9,30,23,10,0,29.6,87.3,562.972,9.4
2024,9,30,23,20,0,29.9,87,571.58,7.4
2024,9,30,23,30,0,30.4,86.2,549.552,6.3
2024,9,30,23,40,0,30.3,86.5,558.998,6.5
2024,9,30,23,50,0,30.625,86.5,575.433,7
2024,10,1,0,0,0,31.1,85.6,591.592,7.4
2024,10,1,0,10,0,31.6,85.2,601.848,7.6
2024,10,1,0,20,0,31.6,85.4,591.376,7.7
2024,10,1,0,30,0,31.6,85.5,591.21,6.8
2024,10,1,0,40,0,31.9,84.9,587.942,6.5
2024,10,1,0,50,0,32.5,84.5,604.648,6.5
2024,10,1,1,0,0,32.8,84.5,602.788,7.2
2024,10,1,1,10,0,32.9,84.1,603.44,7
2024,10,1,1,20,0,33,83.7,603.332,6.9
2024,10,1,1,30,0,33.4,83.5,615.348,7.1
2024,10,1,1,40,0,33.8,83.5,619.936,7.3
2024,10,1,1,50,0,34,83.1,612.126,7.7
2024,10,1,2,0,0,34.2,82.5,611.79,7.8
2024,10,1,2,10,0,35.1,82.1,616.626,7.8
2024,10,1,2,20,0,34.9,82.4,623.834,7.8
2024,10,1,2,30,0,35.1,81.5,620.764,7.9
2024,10,1,2,40,0,35.3,81.3,616.828,8.4
2024,10,1,2,50,0,35.8,80.9,613.382,8.5
2024,10,1,3,0,0,35.1,81.1,606.588,8
2024,10,1,3,10,0,35.1,80.8,602.544,8.2
2024,10,1,3,20,0,34.9,81.2,599.612,8.9
2024,10,1,3,30,0,35,81.2,598.728,8.6
2024,10,1,3,40,0,34.9,80.6,597.216,8.4
2024,10,1,3,50,0,35,80.5,594.408,8.5
2024,10,1,4,0,0,36,79.6,590.75,8
2024,10,1,4,10,0,37.8,78.7,582.774,7.8
2024,10,1,4,20,0,37.4,79,578.558,7.8
2024,10,1,4,30,0,37.2,79.1,578.53,8
2024,10,1,4,40,0,38.2,78.5,574.956,8.4
2024,10,1,4,50,0,38.2,78.5,575.216,8
2024,10,1,5,0,0,38.1,78.9,572.998,8.5
2024,10,1,5,10,0,38.4,78.5,570.4,8.6
2024,10,1,5,20,0,38.8,78.5,568.89,8.8
2024,10,1,5,30,0,38.4,78.5,573.31,8.7
2024,10,1,5,40,0,39,78.3,571.078,8.9
2024,10,1,5,50,0,39.6,77.6,564.706,9
2024,10,1,6,0,0,39.1,78.1,560.448,8.6
2024,10,1,6,10,0,38.8,78,557.65,8.2
2024,10,1,6,20,0,39.6,77.4,557.046,8.5
2024,10,1,6,30,0,39.2,77.5,557.26,8.4
2024,10,1,6,40,0,39.6,77.3,552.084,8.7
2024,10,1,6,50,0,39.9,77.4,547.586,8.8
2024,10,1,7,0,0,39.6,77.4,547.418,8.7
2024,10,1,7,10,0,39,78.1,542.428,8.8
2024,10,1,7,20,0,38.1,79.3,543.224,9
2024,10,1,7,30,0,36.6,81.4,548.234,9.4
2024,10,1,7,40,0,35.4,83.1,551.028,9.9
2024,10,1,7,50,0,33.9,84.9,562.836,10.8
2024,10,1,8,0,0,34.4,84.8,553.42,12
2024,10,1,8,10,0,35,84.125,546.245,15.1
2024,10,1,8,20,0,35.2,84.1,541.702,18.5
2024,10,1,8,30,0,34,85.6,534.096,20.5
2024,10,1,8,40,0,32.4,87.1,531.388,21.3
2024,10,1,8,50,0,32,87.7,532.308,24.2
2024,10,1,9,0,0,32.2,87.1,522.3,27.2
2024,10,1,9,10,0,31.125,87.5,502.373,27.4
2024,10,1,9,20,0,30.5,88.5,497.19,28
2024,10,1,9,30,0,28.7,89.8,467.274,26.3
2024,10,1,9,40,0,27.9,91.5,461.258,26.6
2024,10,1,9,50,0,26.9,93.3,457.024,26
2024,10,1,10,0,0,25,95.1,437.924,21.1
2024,10,1,10,10,0,23.5,96.5,408.484,20.6
2024,10,1,10,20,0,22.9,97.8,392.332,21
2024,10,1,10,30,0,21.6,99.1,375.01,21
2024,10,1,10,40,0,21.1,99.8,357.054,20.6
2024,10,1,10,50,0,20.7,100.8,334.41,18.4
2024,10,1,11,0,0,19.9,101.7,292.128,16.2
2024,10,1,11,10,0,18.9,102.8,265.658,14.7
2024,10,1,11,20,0,19.1,103.6,242.392,14.4
2024,10,1,11,30,0,17.6,104.7,210.456,12.3
2024,10,1,11,40,0,16.7,105.5,160.746,11.9
2024,10,1,11,50,0,16.5,106.3,111.876,11.7
2024,10,1,12,0,0,16.3,106.9,83.766,9.3
2024,10,1,12,10,0,15.8,107.7,56.64,7.3
2024,10,1,12,20,0,15,108.2,50.576,5.4
2024,10,1,12,30,0,14.4,108.9,50.246,5.3
2024,10,1,12,40,0,14.4,109.6,50,5.4
2024,10,1,12,50,0,13.6,110.1,50,5.5
2024,10,1,13,0,0,13.5,110.4,50.276,5.5
2024,10,1,13,10,0,13.3,110.9,51.356,5.5
2024,10,1,13,20,0,12.6,111.5,54.908,5.1
2024,10,1,13,30,0,12.5,112.5,54.508,5.2
2024,10,1,13,40,0,12.4,112.7,53.572,5.3
2024,10,1,13,50,0,12.2,112.6,67.744,4.9
2024,10,1,14,0,0,11.7,113.7,67.504,4.4
2024,10,1,14,10,0,11.4,114.3,90.682,4.6
2024,10,1,14,20,0,11.4,114.5,72.378,4.6
2024,10,1,14,30,0,11,114.6,62.014,4.5
2024,10,1,14,40,0,10.5,114.5,63.156,4.1
2024,10,1,14,50,0,10.5,114.9,61.536,4.5
2024,10,1,15,0,0,10.9,115.3,50.36,4.5
2024,10,1,15,10,0,10.9,115.1,51.182,4.5
2024,10,1,15,20,0,11,115,51.15,4.5
2024,10,1,15,30,0,11.5,114.5,50.998,4.7
2024,10,1,15,40,0,11.5,114.5,55.442,4.6
2024,10,1,15,50,0,11.5,114.6,62.232,4.7
2024,10,1,16,0,0,11.5,114.6,59.768,5
2024,10,1,16,10,0,11.6,114.5,50.372,5.2
2024,10,1,16,20,0,11.7,114.7,56.096,5.3
2024,10,1,16,30,0,11.8,114.5,57.012,5.4
2024,10,1,16,40,0,11.8,114.5,91.008,5.1
2024,10,1,16,50,0,11.8,113.8,104.464,5.2
2024,10,1,17,0,0,12.2,113.6,145.584,5.1
2024,10,1,17,10,0,12.5,114.3,132.116,5.4
2024,10,1,17,20,0,12.5,113.8,146.316,5.2
2024,10,1,17,30,0,13.2,112.9,176.978,5.2
2024,10,1,17,40,0,14,111.5,185.3,5.3
2024,10,1,17,50,0,14.2,111.2,242.672,5.5
2024,10,1,18,0,0,15.2,109.7,255.026,5.5
2024,10,1,18,10,0,15.6,108.6,266.948,5.3
2024,10,1,18,20,0,16.6,107.4,320.686,5.6
2024,10,1,18,30,0,17.3,106.3,401.702,6
2024,10,1,18,40,0,18.8,105.6,538.54,20.5
2024,10,1,18,50,0,25.7,104.2,585.92,105.4
2024,10,1,19,0,0,25.5,102.5,612.9,12.4
2024,10,1,19,10,0,28.6,101.7,704.08,7.1
2024,10,1,19,20,0,28.8,100.7,753.26,46.5
2024,10,1,19,30,0,23.5,100.3,705.17,6.5
2024,10,1,19,40,0,26.9,99,716.08,5.9
2024,10,1,19,50,0,26.1,98.1,712.11,6
2024,10,1,20,0,0,26.5,97.5,737.588,6.4
2024,10,1,20,10,0,26.4,96.7,729.22,6.3
2024,10,1,20,20,0,27.2,96,753.134,6.4
2024,10,1,20,30,0,27.2,95.5,772.192,7.3
2024,10,1,20,40,0,25.8,95.5,745.508,7.5
2024,10,1,20,50,0,27.6,94.9,773.72,7.7
2024,10,1,21,0,0,28.2,94.2,773.562,7.4
2024,10,1,21,10,0,28.7,93.5,772.234,7
2024,10,1,21,20,0,28.7,93.5,775.25,6.9
2024,10,1,21,30,0,28,92.9,776.29,10.4
2024,10,1,21,40,0,28.4,92.5,757.562,8.5
2024,10,1,21,50,0,28.7,92,724.796,7.2
2024,10,1,22,0,0,29,91.5,716.966,7.1
2024,10,1,22,10,0,29.2,91.1,714.232,7.2
2024,10,1,22,20,0,29.1,90.5,704.376,7.1
2024,10,1,22,30,0,29,90.5,694.358,7.4
2024,10,1,22,40,0,29.9,90.5,711.42,7.2
2024,10,1,22,50,0,30,89.8,722.908,7.2
2024,10,1,23,0,0,30.7,89.3,735.318,7.4
2024,10,1,23,10,0,33,88.5,737.732,8.7
2024,10,1,23,20,0,32.6,88.5,741.366,8.7
2024,10,1,23,30,0,32,88.5,731.832,8.4
2024,10,1,23,40,0,31.6,88.5,714.406,8.2
2024,10,1,23,50,0,32,88.4,708.892,8.7
2024,10,2,0,0,0,32,88.4,712.726,8.2
2024,10,2,0,10,0,32.1,87.6,709.602,8.1
2024,10,2,0,20,0,32,87.5,694.328,8.2
2024,10,2,0,30,0,32.2,87.3,687.646,8.3
2024,10,2,0,40,0,33.4,86.5,677.128,8.3
2024,10,2,0,50,0,33,86.5,669.32,8.5
2024,10,2,1,0,0,33.3,86.5,666.74,8.5
2024,10,2,1,10,0,33,86.5,676.844,9.2
2024,10,2,1,20,0,33.2,86.2,687.202,9.7
2024,10,2,1,30,0,34,85.6,688.598,9.3
2024,10,2,1,40,0,34,85.5,687.54,9.4
2024,10,2,1,50,0,34.4,85.5,686.82,10.4
2024,10,2,2,0,0,35,85.4,681.506,10.8
2024,10,2,2,10,0,35,85,676.402,11
2024,10,2,2,20,0,35.3,84.5,669.736,11
2024,10,2,2,30,0,35.5,84.5,664.308,10.9
2024,10,2,2,40,0,35.8,84.5,659.508,10.6
2024,10,2,2,50,0,35,84.5,646.162,9.7
2024,10,2,3,0,0,35.1,84.5,636.21,9.4
2024,10,2,3,10,0,36,83.5,631.28,9.4
2024,10,2,3,20,0,36,83.5,630.598,9.8
2024,10,2,3,30,0,36.8,82.9,628.862,10.8
2024,10,2,3,40,0,37,82.5,630.878,12.2
2024,10,2,3,50,0,37,82.7,628.94,13.8
2024,10,2,4,0,0,37.8,82.4,623.566,17.2
2024,10,2,4,10,0,37.4,82.3,618.998,19.8
2024,10,2,4,20,0,38.4,82.3,610.018,23.9
2024,10,2,4,30,0,37.125,82.5,606.73,26.2
2024,10,2,4,40,0,37.1,82.3,626.957,19.7
2024,10,2,4,50,0,37.5,82,626.736,18
2024,10,2,5,0,0,38.1,81.3,623.028,18.1
2024,10,2,5,10,0,38.6,81.3,618.444,17.9
2024,10,2,5,20,0,39.1,81.1,612.604,16.4
2024,10,2,5,30,0,39.6,81.1,608.882,16.8
2024,10,2,5,40,0,39.4,81,608.638,18.2
2024,10,2,5,50,0,39.2,81.5,606.182,20.2
2024,10,2,6,0,0,39.1,80.9,602.482,21.6
2024,10,2,6,10,0,39,80.9,600.352,22.1
2024,10,2,6,20,0,39,80.6,597.696,23.9
2024,10,2,6,30,0,39.6,80.5,598.164,25.6
2024,10,2,6,40,0,40.1,80.5,595.776,27.8
2024,10,2,6,50,0,40,80.5,586.904,28.4
2024,10,2,7,0,0,39.5,80.5,580.748,28
2024,10,2,7,10,0,39,81.2,574.438,27.6
2024,10,2,7,20,0,38.1,82.6,572.054,27.8
2024,10,2,7,30,0,36.3,84.7,566.106,28.1
2024,10,2,7,40,0,34.3,87,567.158,27.6
2024,10,2,7,50,0,33,87.8,555.37,27.5
2024,10,2,8,0,0,33.4,87.4,556.276,27.4
2024,10,2,8,10,0,34.1,86.7,548.722,27.4
2024,10,2,8,20,0,34,87.2,540.82,26.7
2024,10,2,8,30,0,33.4,87.8,534.336,27.1
2024,10,2,8,40,0,32.6,88.1,523.296,27.9
2024,10,2,8,50,0,31.4,89.7,515.116,29.3
2024,10,2,9,0,0,30.5,90.5,504.802,28.9
2024,10,2,9,10,0,29.9,91.3,488.292,26.9
2024,10,2,9,20,0,28.6,92.5,476.982,25.4
2024,10,2,9,30,0,27.8,93.3,452.45,23.7
2024,10,2,9,40,0,26.2,94.3,419.566,19.7
2024,10,2,9,50,0,25.2,95.3,375.212,17.5
2024,10,2,10,0,0,24.3,96.3,349.526,17.2
2024,10,2,10,10,0,23.9,97.3,327.16,16.8
2024,10,2,10,20,0,22.6,99.3,305.682,14.2
2024,10,2,10,30,0,21.6,100.3,274.266,12.4
2024,10,2,10,40,0,20.9,100.9,220.904,10.2
2024,10,2,10,50,0,20.5,101.5,171.688,9.2
2024,10,2,11,0,0,20.5,102.5,130.412,8.7
2024,10,2,11,10,0,19.6,103.8,84.192,9.2
2024,10,2,11,20,0,19.4,104.7,55.76,9.1
2024,10,2,11,30,0,19,105.3,50,9.7
2024,10,2,11,40,0,17.7,106.7,50.93,8.4
2024,10,2,11,50,0,16.3,107.8,55.966,7.9
2024,10,2,12,0,0,15.8,109.2,57.25,9.8
2024,10,2,12,10,0,14.3,110.7,67.848,10.2
2024,10,2,12,20,0,12.8,111.5,60.672,7.6
2024,10,2,12,30,0,12.4,112.4,63.878,7.1
2024,10,2,12,40,0,12,113.4,74.894,6.7
2024,10,2,12,50,0,11.9,113.7,60.238,6.9
2024,10,2,13,0,0,11.6,113.7,52.808,7.2
2024,10,2,13,10,0,11.4,114.1,54.52,7.3
2024,10,2,13,20,0,10.8,114.4,56.724,7.1
2024,10,2,13,30,0,10.6,115.7,64.33,6.9
2024,10,2,13,40,0,10.5,116.2,76.664,6.8
2024,10,2,13,50,0,10.5,116.9,77.62,6.8
2024,10,2,14,0,0,10.3,116.5,58.178,6.6
2024,10,2,14,10,0,9.9,116.9,51.432,6.7
2024,10,2,14,20,0,9.8,116.3,50.828,7.3
2024,10,2,14,30,0,9.4,117.4,52.666,6.9
2024,10,2,14,40,0,9.5,117.2,58.818,6.9
2024,10,2,14,50,0,9.5,117.5,70.638,7
2024,10,2,15,0,0,9.5,117.5,56.448,7.1
2024,10,2,15,10,0,9.5,117.5,55.712,6.9
2024,10,2,15,20,0,9.7,117.6,66.716,6.9
2024,10,2,15,30,0,9.5,117.5,52.44,6.5
2024,10,2,15,40,0,9.5,117.6,55.67,6.7
2024,10,2,15,50,0,9.1,117.8,78.174,6.6
2024,10,2,16,0,0,9.4,117.8,86.05,6.6
2024,10,2,16,10,0,10,117.7,67.81,7.2
2024,10,2,16,20,0,9.8,118.5,65.696,7.2
2024,10,2,16,30,0,10,117.6,51.942,7
2024,10,2,16,40,0,10.3,117.5,66.926,7.2
2024,10,2,16,50,0,10.5,117.4,64.906,7.6
2024,10,2,17,0,0,10.6,117,61.064,7.1
2024,10,2,17,10,0,10.8,115.5,71.286,6.4
2024,10,2,17,20,0,11.5,114.9,110.228,6.4
2024,10,2,17,30,0,12.1,114.4,142.216,6.8
2024,10,2,17,40,0,12.6,114.3,193.848,6.7
2024,10,2,17,50,0,13.1,112.9,236.148,6.5
2024,10,2,18,0,0,13.8,112,246.056,6.4
2024,10,2,18,10,0,14.3,111.3,305.02,6.6
2024,10,2,18,20,0,15.2,109.5,334.918,7.2
2024,10,2,18,30,0,16.3,107.3,323.836,8.5
2024,10,2,18,40,0,17,105.9,341.428,7.3
2024,10,2,18,50,0,17.8,104.7,335.91,7.1
2024,10,2,19,0,0,19,103.5,326.974,7.6
2024,10,2,19,10,0,19.4,102.5,362.474,7.4
2024,10,2,19,20,0,19.6,102.2,443.932,7.4
2024,10,2,19,30,0,20.5,101.2,547.16,7.3
2024,10,2,19,40,0,21.3,101.3,599.552,7.3
2024,10,2,19,50,0,22,99.9,621.312,8.5
2024,10,2,20,0,0,22.4,99.5,659.964,9.2
2024,10,2,20,10,0,22.8,98.7,664.858,10.1
2024,10,2,20,20,0,23.5,98.1,687.012,9.9
2024,10,2,20,30,0,23.9,97.6,697.604,10.3
2024,10,2,20,40,0,24.6,97,715.952,8.2
2024,10,2,20,50,0,25.4,96.5,715.494,8.2
2024,10,2,21,0,0,25.8,95.7,708.452,8.4
2024,10,2,21,10,0,26.1,95.5,718.39,9.4
2024,10,2,21,20,0,25.5,95.5,705.968,10.1
2024,10,2,21,30,0,26.1,94.5,686.538,10.2
2024,10,2,21,40,0,26.5,94.1,691.51,9.7
2024,10,2,21,50,0,26.7,94.5,712.376,10.5
2024,10,2,22,0,0,27.3,93.8,744.952,10.6
2024,10,2,22,10,0,28.4,92.5,753.038,11.1
2024,10,2,22,20,0,28.3,92.5,746.58,10.2
2024,10,2,22,30,0,28.5,92.5,741.992,10.4
2024,10,2,22,40,0,28.9,92.5,737.41,10.5
2024,10,2,22,50,0,29.7,91.7,727.654,10.8
2024,10,2,23,0,0,30.6,90.5,708.594,10.7
2024,10,2,23,10,0,30,90.7,686.182,10.5
2024,10,2,23,20,0,29.9,90.9,671.006,10.6
2024,10,2,23,30,0,30.2,90.3,686.284,10.5
2024,10,2,23,40,0,30.6,89.7,654.284,10.9
2024,10,2,23,50,0,30.7,89.4,606.982,11.3
2024,10,3,0,0,0,30.8,89.1,624.986,11.1
2024,10,3,0,10,0,31.1,88.5,635.422,11.2
2024,10,3,0,20,0,31.5,88.5,649.778,11.3
2024,10,3,0,30,0,31.7,87.9,653.42,11.6
2024,10,3,0,40,0,32.2,87.7,668.308,11.5
2024,10,3,0,50,0,33.9,86.7,676.148,12.8
2024,10,3,1,0,0,33.5,86.7,672.388,12.7
2024,10,3,1,10,0,33,87,672.114,12.5
2024,10,3,1,20,0,33,87,676.158,13.6
2024,10,3,1,30,0,33,86.5,677.452,14.6
2024,10,3,1,40,0,33,86.5,674.534,15.9
2024,10,3,1,50,0,33,86.5,668.704,16.4
2024,10,3,2,0,0,33.5,85.7,661.924,16.6
2024,10,3,2,10,0,33.8,85.5,656.162,16.5
2024,10,3,2,20,0,34,85.5,656.028,16
2024,10,3,2,30,0,34.6,84.9,653.62,16.1
2024,10,3,2,40,0,35,84.5,646.962,15.9
2024,10,3,2,50,0,35.6,84.5,641.552,15.8
2024,10,3,3,0,0,35.9,84.2,639.866,15.7
2024,10,3,3,10,0,36,83.5,633.032,15.9
2024,10,3,3,20,0,36,83.5,628.734,16.1
2024,10,3,3,30,0,36,83.5,620.668,19
2024,10,3,3,40,0,36.5,83.5,613.37,20.8
2024,10,3,3,50,0,37,83,606.502,21.9
2024,10,3,4,0,0,37,82.6,604.398,23.2
2024,10,3,4,10,0,37.1,82.5,601.91,24.4
2024,10,3,4,20,0,37.3,82.5,593.96,25.9
2024,10,3,4,30,0,37.4,82.5,584.856,27.7
2024,10,3,4,40,0,37.5,82.4,576.9,28.8
2024,10,3,4,50,0,37.8,82,571.2,29.5
2024,10,3,5,0,0,38.25,81.5,576.822,30.3
2024,10,3,5,10,0,38,81.5,579.533,30
2024,10,3,5,20,0,38.2,81.4,574.09,30.3
2024,10,3,5,30,0,38.3,81.4,570.944,30.4
2024,10,3,5,40,0,38.9,80.9,576.312,31.2
2024,10,3,5,50,0,38.9,80.6,566.54,32.8
2024,10,3,6,0,0,39,80.6,551.996,33.4
2024,10,3,6,10,0,38.7,80.6,535.82,33.8
2024,10,3,6,20,0,38.6,80.5,526.716,34.3
2024,10,3,6,30,0,38.4,80.5,524.768,34.5
2024,10,3,6,40,0,38.375,80.5,529.09,36
2024,10,3,6,50,0,38.5,80.625,540.59,35.2
2024,10,3,7,0,0,38,80.7,556.186,35.8
2024,10,3,7,10,0,37.8,81.1,559.516,34.8
2024,10,3,7,20,0,36.9,82.1,574.02,34.7
2024,10,3,7,30,0,35.9,84.1,585.472,34.2
2024,10,3,7,40,0,34.3,86.3,586.47,35.4
2024,10,3,7,50,0,31.8,88.3,568.176,37.1
2024,10,3,8,0,0,31.7,87.9,551.02,36.3
2024,10,3,8,10,0,32,87.2,547.03,35.7
2024,10,3,8,20,0,31.9,87.4,543.758,35.3
2024,10,3,8,30,0,30.9,88.7,530.144,34.9
2024,10,3,8,40,0,29.8,89.5,516.712,31.6
2024,10,3,8,50,0,27.8,90.3,484.544,29
2024,10,3,9,0,0,27.6,90.5,462.2,31.1
2024,10,3,9,10,0,26.6,91.5,448.278,28.7
2024,10,3,9,20,0,25.4,92.5,415.86,26.5
2024,10,3,9,30,0,24.4,93.4,399.63,24.9
2024,10,3,9,40,0,23,94.5,378.684,21.8
2024,10,3,9,50,0,22.6,95.5,361.586,21.1
2024,10,3,10,0,0,21.7,96.9,345.872,19.5
2024,10,3,10,10,0,21.5,98.1,320.04,18.6
2024,10,3,10,20,0,20.6,99.5,305.132,16.6
2024,10,3,10,30,0,19.8,100.3,279.53,14.3
2024,10,3,10,40,0,18.9,101.2,217.308,13.6
2024,10,3,10,50,0,17.7,102.7,163.986,15.2
2024,10,3,11,0,0,16.9,103.4,124.254,14.5
2024,10,3,11,10,0,16.5,104.3,65.414,15.8
2024,10,3,11,20,0,15.7,105.1,53.332,15.2
2024,10,3,11,30,0,14.6,106.7,62.278,12.3
2024,10,3,11,40,0,13.6,107.4,53.226,9.6
2024,10,3,11,50,0,13.6,108.6,56.966,9.9
2024,10,3,12,0,0,13.3,110.7,69.298,10.5
2024,10,3,12,10,0,12.8,111.3,58.304,12
2024,10,3,12,20,0,12.2,113.2,60.544,10.8
2024,10,3,12,30,0,11.5,113.7,50.346,9
2024,10,3,12,40,0,11.2,114.3,52.1,8.6
2024,10,3,12,50,0,10.9,114,50.19,8.5
2024,10,3,13,0,0,10.7,115.7,61.888,7.7
2024,10,3,13,10,0,10.1,116.8,52.8,8.1
2024,10,3,13,20,0,10,117.3,57.052,7.8
2024,10,3,13,30,0,10.4,117.5,50.584,8.2
2024,10,3,13,40,0,10.4,118.6,65.05,7.9
2024,10,3,13,50,0,10.2,118.6,53.202,7.8
2024,10,3,14,0,0,10,119.2,50.596,7.4
2024,10,3,14,10,0,9.6,119.5,56.862,7
2024,10,3,14,20,0,9.1,119.5,62.578,6.7
2024,10,3,14,30,0,8.6,119.9,80.614,6.4
2024,10,3,14,40,0,8.8,119.9,84.244,6.3
2024,10,3,14,50,0,9.5,119.9,74.66,6.6
2024,10,3,15,0,0,9.9,119.5,61.31,6.7
2024,10,3,15,10,0,9.5,119.8,61.714,6.5
2024,10,3,15,20,0,9.9,119.7,69.78,6.5
2024,10,3,15,30,0,10,119.7,62.078,6.2
2024,10,3,15,40,0,10,119.5,51.004,6.3
2024,10,3,15,50,0,10,119.5,56.128,6.2
2024,10,3,16,0,0,9.8,119.5,60.572,6.4
2024,10,3,16,10,0,9.5,119.3,50.824,6.1
2024,10,3,16,20,0,9.8,119.5,74.248,6.2
2024,10,3,16,30,0,9.5,119.5,104.762,5.8
2024,10,3,16,40,0,9.5,119.3,130.798,6
2024,10,3,16,50,0,9.5,118.5,118.566,6.1
2024,10,3,17,0,0,9.8,118.4,116.872,6.2
2024,10,3,17,10,0,10,118.5,162.766,6.2
2024,10,3,17,20,0,10.5,117.9,195.74,6.3
2024,10,3,17,30,0,10.7,117.5,200.438,6.6
2024,10,3,17,40,0,11.3,116.3,226.282,6.8
2024,10,3,17,50,0,11.5,115.3,235.144,6.3
2024,10,3,18,0,0,12.5,114.6,338.944,6.5
2024,10,3,18,10,0,13,113.2,366.77,6.3
2024,10,3,18,20,0,14.4,111.8,454.932,6.1
2024,10,3,18,30,0,17.3,110.3,610.924,7.9
2024,10,3,18,40,0,18.9,108.7,737.162,7.8
2024,10,3,18,50,0,19.2,107.5,767.65,7.1
2024,10,3,19,0,0,19,106.4,776.098,6.9
2024,10,3,19,10,0,19.6,105.4,787.774,6.9
2024,10,3,19,20,0,19.7,104.3,765.618,6.7
2024,10,3,19,30,0,20.8,103.1,788.668,7.1
2024,10,3,19,40,0,21,102.2,831.86,7.1
2024,10,3,19,50,0,22.2,101.5,854.228,7.1
2024,10,3,20,0,0,22.9,100.9,858.16,7.9
2024,10,3,20,10,0,23.4,99.8,873.012,8.6
2024,10,3,20,20,0,23.4,99,841.992,8.8
2024,10,3,20,30,0,24.3,98.5,858.432,8.9
2024,10,3,20,40,0,24.5,98.5,877.286,9.9
2024,10,3,20,50,0,24.2,98.4,900.192,10
2024,10,3,21,0,0,24.7,97.5,908.91,10.1
2024,10,3,21,10,0,25.2,96.9,902.674,9.7
2024,10,3,21,20,0,25.9,96.3,875.026,8.7
2024,10,3,21,30,0,26.2,95.5,830.99,9.6
2024,10,3,21,40,0,26.4,95.5,782.566,10.5
2024,10,3,21,50,0,26.8,94.6,783.164,11.3
2024,10,3,22,0,0,26.9,94.4,779.584,10.9
2024,10,3,22,10,0,26.8,93.8,748.922,9
2024,10,3,22,20,0,27,93.3,744.584,9.1
2024,10,3,22,30,0,27.5,92.6,751.632,8.8
2024,10,3,22,40,0,28,92.1,761.212,8.6
2024,10,3,22,50,0,28.7,91.5,773.574,8.6
2024,10,3,23,0,0,29.2,91.5,770.038,9.3
2024,10,3,23,10,0,31.4,90.5,760.532,10.3
2024,10,3,23,20,0,29.6,90.5,764.648,9.7
2024,10,3,23,30,0,28.2,90.7,749.93,9.2
2024,10,3,23,40,0,27.9,90.5,740.254,8.7
2024,10,3,23,50,0,28.4,90.1,748.434,8.6
2024,10,4,0,0,0,28.5,89.8,761.6,8.5
2024,10,4,0,10,0,29,89.3,757.932,8.6
2024,10,4,0,20,0,29.2,88.8,746.282,9.3
2024,10,4,0,30,0,29.3,88.5,752.988,9.4
2024,10,4,0,40,0,29.4,88.5,751.53,8.5
2024,10,4,0,50,0,29.9,88.4,749.114,8.7
2024,10,4,1,0,0,28.7,88.5,696.318,9.5
2024,10,4,1,10,0,29.8,87.7,683.05,9.3
2024,10,4,1,20,0,30,87.3,685.614,9.3
2024,10,4,1,30,0,30.7,86.5,687.26,9
2024,10,4,1,40,0,30.6,86.7,687.128,9.3
2024,10,4,1,50,0,30.8,86.4,680.99,8.8
2024,10,4,2,0,0,30.7,86.5,695.192,8.8
2024,10,4,2,10,0,31.4,85.5,700.914,8.9
2024,10,4,2,20,0,31.3,85.5,698.416,9.1
2024,10,4,2,30,0,31.6,85.6,696.84,9
2024,10,4,2,40,0,32,84.9,691.782,9.3
2024,10,4,2,50,0,32.3,84.5,687.624,10.4
2024,10,4,3,0,0,32.5,84.5,685.468,10.5
2024,10,4,3,10,0,32.4,84.5,685.38,10.7
2024,10,4,3,20,0,32.6,83.8,662.136,10.5
2024,10,4,3,30,0,32.9,83.6,653.232,10.3
2024,10,4,3,40,0,33.8,82.9,652.08,10.9
2024,10,4,3,50,0,34.3,82.7,653.098,12.2
2024,10,4,4,0,0,34.6,82.5,656.914,13
2024,10,4,4,10,0,34.8,82.5,653.34,13.8
2024,10,4,4,20,0,34.9,82.5,649.62,14
2024,10,4,4,30,0,35,82.1,649.136,14.8
2024,10,4,4,40,0,35,81.5,648.245,14.7
2024,10,4,4,50,0,36,81.375,648.193,15
2024,10,4,5,0,0,35.1,81.5,718.83,14.1
2024,10,4,5,10,0,35.2,81.5,709.238,13.9
2024,10,4,5,20,0,35,81.4,709.05,13.1
2024,10,4,5,30,0,35.1,81.4,711.81,12.6
2024,10,4,5,40,0,35,81.4,710.41,12.9
2024,10,4,5,50,0,35.9,80.6,708.266,13.4
2024,10,4,6,0,0,36,80.5,709.584,13.3
2024,10,4,6,10,0,35.9,80.9,710.374,13
2024,10,4,6,20,0,36.6,80.7,705.55,12.8
2024,10,4,6,30,0,36.5,81.4,713.264,13.4
2024,10,4,6,40,0,35.7,81.1,707.722,15.2
2024,10,4,6,50,0,35.1,81,681.686,14.3
2024,10,4,7,0,0,35,80.5,662.692,13.4
2024,10,4,7,10,0,35,80.8,653.94,13.5
2024,10,4,7,20,0,35,80.9,650.344,14.1
2024,10,4,7,30,0,35,81.5,646.468,14.5
2024,10,4,7,40,0,34.5,82.9,653.95,15.3
2024,10,4,7,50,0,32.3,86.4,662.806,17.1
2024,10,4,8,0,0,32.9,86.3,671.732,20.9
2024,10,4,8,10,0,33.2,86.3,675.37,23.4
2024,10,4,8,20,0,33.7,85.8,665.732,25.9
2024,10,4,8,30,0,32.3,86.7,658.88,28.4
2024,10,4,8,40,0,31.2,86.9,686.115,29.6
2024,10,4,8,50,0,30.9,86.5,715.422,29.4
2024,10,4,9,0,0,29.9,86.3,693.174,25.6
2024,10,4,9,10,0,27.8,86.8,666.074,21.2
2024,10,4,9,20,0,26.4,87.5,640.644,18.5
2024,10,4,9,30,0,24.6,89.2,627.444,16.9
2024,10,4,9,40,0,23.8,89.7,606.856,15.2
2024,10,4,9,50,0,21.9,91.9,592.682,11.8
2024,10,4,10,0,0,20.5,93.3,571.394,10.7
2024,10,4,10,10,0,20.25,94.375,564.325,10.5
2024,10,4,10,20,0,19.375,95.25,560.793,9.8
2024,10,4,10,30,0,19.7,95.5,552.296,9.6
2024,10,4,10,40,0,19.6,96.9,552.816,9.3
2024,10,4,10,50,0,19.5,98,537.194,8.9
2024,10,4,11,0,0,18.7,99.5,528.328,8.9
2024,10,4,11,10,0,18.9,100.3,518.96,10.1
2024,10,4,11,20,0,18.4,102.5,515.822,10.4
2024,10,4,11,30,0,17.3,103.5,497.222,10.1
2024,10,4,11,40,0,17.2,103.5,466.794,9.5
2024,10,4,11,50,0,17.2,104.1,452.598,8.1
2024,10,4,12,0,0,17.1,105,441.05,7.6
2024,10,4,12,10,0,16.4,105.7,410.372,7.8
2024,10,4,12,20,0,16.5,106.5,399.918,7.4
2024,10,4,12,30,0,16.9,107.5,386.008,7.6
2024,10,4,12,40,0,16.8,108.5,357.754,8.1
2024,10,4,12,50,0,16,108.5,363.973,8
2024,10,4,13,0,0,15.1,109.5,322.942,7.6
2024,10,4,13,10,0,14.1,110,268.218,8.1
2024,10,4,13,20,0,12.8,110.7,222.622,8.3
2024,10,4,13,30,0,12.8,112.4,207.742,7.1
2024,10,4,13,40,0,12.2,113.1,177.762,6.1
2024,10,4,13,50,0,11.8,113.2,136.086,6
2024,10,4,14,0,0,11.5,114.5,124.588,5.6
2024,10,4,14,10,0,11.5,115.1,114.97,5.8
2024,10,4,14,20,0,10.8,116.3,153.958,5.4
2024,10,4,14,30,0,10.6,117.2,142.49,5.1
2024,10,4,14,40,0,10.4,117.7,150.872,4.7
2024,10,4,14,50,0,10.5,118.5,174.448,4.6
2024,10,4,15,0,0,10.9,118.1,151.574,4.8
2024,10,4,15,10,0,11,118.5,143.358,4.7
2024,10,4,15,20,0,10.8,118.5,120.658,4.9
2024,10,4,15,30,0,11,117.8,81.544,5.2
2024,10,4,15,40,0,10.9,118.1,52.928,5.5
2024,10,4,15,50,0,9.7,118.3,50.328,5.2
2024,10,4,16,0,0,10.1,118.5,55.57,5.6
2024,10,4,16,10,0,11,117.6,50,6
2024,10,4,16,20,0,10.5,117.7,50,5.8
2024,10,4,16,30,0,10.2,117.7,53.452,5.8
2024,10,4,16,40,0,10.4,117.1,66.38,5.4
2024,10,4,16,50,0,11.5,117,50.736,6
2024,10,4,17,0,0,11.9,115.9,54.204,6.2
2024,10,4,17,10,0,12,115.3,67.914,6.2
2024,10,4,17,20,0,13.3,114.3,67.11,6.6
2024,10,4,17,30,0,13.8,113.1,56.572,6.7
2024,10,4,17,40,0,13.8,112,74.738,6.2
2024,10,4,17,50,0,14.4,110.7,105.648,6.1
2024,10,4,18,0,0,15.1,109.4,141.478,5.7
2024,10,4,18,10,0,16,108.1,185.584,5.7
2024,10,4,18,20,0,16.6,106.7,233.708,5.5
2024,10,4,18,30,0,17,105.5,300.166,5.3
2024,10,4,18,40,0,18.1,104.2,336.218,6
2024,10,4,18,50,0,19.9,102.9,412.076,6.4
2024,10,4,19,0,0,20.6,101.6,468.922,5.3
2024,10,4,19,10,0,20.7,101.1,504.54,5.1
2024,10,4,19,20,0,21.1,100.2,527.47,5.5
2024,10,4,19,30,0,21.4,99.3,549.8,7.2
2024,10,4,19,40,0,21.4,98.3,541.196,5.9
2024,10,4,19,50,0,21.5,97.4,551.94,4.5
2024,10,4,20,0,0,20.8,97.2,565.942,4.6
2024,10,4,20,10,0,20.6,96.5,584.678,6
2024,10,4,20,20,0,20.5,96.2,622.43,5.6
2024,10,4,20,30,0,20.5,95.7,650.7,4.4
2024,10,4,20,40,0,20.6,95.5,664.952,3.5
2024,10,4,20,50,0,20.5,94.5,671.648,3.2
2024,10,4,21,0,0,20.5,94.5,679.352,3.2
2024,10,4,21,10,0,20.5,93.9,696.822,4
2024,10,4,21,20,0,20.6,93.5,707.946,4.9
2024,10,4,21,30,0,20.6,93.4,725.232,3.2
2024,10,4,21,40,0,21.1,92.7,723.432,2.7
2024,10,4,21,50,0,21.3,92.5,742.692,2.7
2024,10,4,22,0,0,21.5,92.3,752.108,2.6
2024,10,4,22,10,0,20.9,91.5,739.048,2.5
2024,10,4,22,20,0,21.9,90.9,731.91,2.4
2024,10,4,22,30,0,22.1,90.2,726.61,3.3
2024,10,4,22,40,0,20.6,89.5,676.378,2
2024,10,4,22,50,0,21.3,89.5,668.714,2
2024,10,4,23,0,0,22.5,88.5,677.538,2
2024,10,4,23,10,0,22,88.9,685.044,1.9
2024,10,4,23,20,0,21.5,88.5,685.614,2
2024,10,4,23,30,0,21.3335,88,662.96,2.2
2024,10,4,23,40,0,20.7,88.5,683.775,2.6
2024,10,4,23,50,0,21.2,87.7,682.414,2.5
2024,10,5,0,0,0,21.5,87.5,682.62,2.3
2024,10,5,0,10,0,22,87.5,698.716,3.4
2024,10,5,0,20,0,22.5,87.5,720.048,2.7
2024,10,5,0,30,0,22.7,87.3,727.64,3.8
2024,10,5,0,40,0,22.9,86.7,724.646,2.3
2024,10,5,0,50,0,23.6,86.3,724.268,2
2024,10,5,1,0,0,23.7,85.7,708.858,2
2024,10,5,1,10,0,24.3,85.2,705.456,2.1
2024,10,5,1,20,0,24.5,85.5,716.396,2.2
2024,10,5,1,30,0,24.5,84.7,715.78,2.6
2024,10,5,1,40,0,24.5,84.5,712.412,2.7
2024,10,5,1,50,0,24.5,84.5,720.658,2.5
2024,10,5,2,0,0,24.8,84.5,725.81,2.4
2024,10,5,2,10,0,25.5,84.5,730.842,2.4
2024,10,5,2,20,0,25.9,84.2,733.222,2.5
2024,10,5,2,30,0,26.1,84.2,732.53,2.4
2024,10,5,2,40,0,25.9,83.9,727.586,2.6
2024,10,5,2,50,0,26.1,83.7,726.896,2.8
2024,10,5,3,0,0,26.3,83.9,728,2.7
2024,10,5,3,10,0,26.5,84.1,726.18,2.7
2024,10,5,3,20,0,26.5,83.8,725.16,2.7
2024,10,5,3,30,0,26.5,84.1,727.582,2.7
2024,10,5,3,40,0,26.5,84,728.304,2.7
2024,10,5,3,50,0,26.5,83.9,728.428,2.9
2024,10,5,4,0,0,26.5,84.5,731.354,3
2024,10,5,4,10,0,26.5,84.5,730.84,3
2024,10,5,4,20,0,26.9,84.3,723.818,3
2024,10,5,4,30,0,26.8,84.5,715.6,3.2
2024,10,5,4,40,0,26.9,84.4,710.572,3.3
2024,10,5,4,50,0,27.4,84,711.798,3.4
2024,10,5,5,0,0,27.5,83.6,712.114,3.4
2024,10,5,5,10,0,27.5,83.5,709.356,3.6
2024,10,5,5,20,0,28.2,83.3,704.346,3.7
2024,10,5,5,30,0,28.5,82.8,705.716,3.6
2024,10,5,5,40,0,29.2,82.1,699.532,3.7
2024,10,5,5,50,0,29.5,82,695.268,3.7
2024,10,5,6,0,0,29.4,82.5,695.85,3.5
2024,10,5,6,10,0,29.9,82.1,693.798,3.6
2024,10,5,6,20,0,30.8,81.3,690.9,4
2024,10,5,6,30,0,30.8,81.3,684.746,3.9
2024,10,5,6,40,0,31,81.3,679.318,3.7
2024,10,5,6,50,0,30.6,81,678.136,3.8
2024,10,5,7,0,0,31.3,80.3,677.236,3.7
2024,10,5,7,10,0,31.5,80.5,676.968,3.7
2024,10,5,7,20,0,30.3,82.2,672.896,3.9
2024,10,5,7,30,0,29.7,82.7,681.77,4.5
2024,10,5,7,40,0,28.4,85.1,679.862,4.5
2024,10,5,7,50,0,27.4,86,672.692,4.8
2024,10,5,8,0,0,28.5,84.8,666.192,5
2024,10,5,8,10,0,29.2,84.7,660.134,5
2024,10,5,8,20,0,29.2,85.3,649.492,4.8
2024,10,5,8,30,0,28.9,85.8,633.088,5
2024,10,5,8,40,0,28,86.3,620.516,5.7
2024,10,5,8,50,0,27.2,87.3,613.674,5.2
2024,10,5,9,0,0,26.6,87.9,600.684,5.1
2024,10,5,9,10,0,26.125,89.125,617.063,5.2
2024,10,5,9,20,0,24.9,90.7,614.54,5.4
2024,10,5,9,30,0,24.4,91.4,595.206,5.7
2024,10,5,9,40,0,23,93.9,595.98,5.7
2024,10,5,9,50,0,22.3,95.6,594.646,5.5
2024,10,5,10,0,0,21.375,96.25,590.373,7.3
2024,10,5,10,10,0,21,97.3,573.576,7.7
2024,10,5,10,20,0,20.3,97.9,565.64,8.2
2024,10,5,10,30,0,19.6,98.5,551.3,8.4
2024,10,5,10,40,0,19.5,98.9,524.578,8.2
2024,10,5,10,50,0,19.3,98.1,498.626,12.5
2024,10,5,11,0,0,18.7,99.1,489.452,15.2
2024,10,5,11,10,0,18.1,100.3,471.474,15.8
2024,10,5,11,20,0,17.5,101.4,447.792,16
2024,10,5,11,30,0,16.9,102.3,419.82,17.8
2024,10,5,11,40,0,16.5,102.5,374.066,21.8
2024,10,5,11,50,0,16.5,103.1,332.942,21.5
2024,10,5,12,0,0,15.7,105.3,325.786,19.7
2024,10,5,12,10,0,15.2,106.1,286.596,20.4
2024,10,5,12,20,0,14.7,106.6,231.676,21.9
2024,10,5,12,30,0,14.5,108.2,215.444,18.7
2024,10,5,12,40,0,13.8,109.7,203.23,18.8
2024,10,5,12,50,0,13.4,110.5,169.704,17.4
2024,10,5,13,0,0,12.8,112.1,145.634,17.4
2024,10,5,13,10,0,12.4,112.5,97.662,16.9
2024,10,5,13,20,0,12.1,112.5,54.5,16.3
2024,10,5,13,30,0,12.4,113.5,52.438,13.8
2024,10,5,13,40,0,12.5,113.7,51.702,12.6
2024,10,5,13,50,0,11.9,114.5,50.234,11.6
2024,10,5,14,0,0,11.5,114.8,55.978,11.2
2024,10,5,14,10,0,11.6,114,50,11.3
2024,10,5,14,20,0,11.7,113.7,50.162,10
2024,10,5,14,30,0,11.4,114.6,51.436,8.7
2024,10,5,14,40,0,11.4,115.5,51.454,7.5
2024,10,5,14,50,0,11.8,115.8,60.976,5.8
2024,10,5,15,0,0,12,116.5,54.322,5.5
2024,10,5,15,10,0,12,116.3,50.476,5.8
2024,10,5,15,20,0,11.8,116.3,50.454,5.7
2024,10,5,15,30,0,10.9,116.3,53.384,6.4
2024,10,5,15,40,0,10.8,116.5,51.68,7
2024,10,5,15,50,0,11.5,116.5,52.044,6.6
2024,10,5,16,0,0,11.8,115.9,57.374,4.9
2024,10,5,16,10,0,11.2,116.9,97.02,4.3
2024,10,5,16,20,0,10.8,117.3,176.642,4.1
2024,10,5,16,30,0,11,116.9,209.892,3.8
2024,10,5,16,40,0,11.6,116.2,213.97,3.8
2024,10,5,16,50,0,11.8,116,212.426,3.7
2024,10,5,17,0,0,12.4,115.4,210.696,3.7
2024,10,5,17,10,0,13.3,114.2,193.166,3.6
2024,10,5,17,20,0,13.9,113.4,180.402,3.8
2024,10,5,17,30,0,14.5,113.2,203.14,4.4
2024,10,5,17,40,0,15.3,112,229.21,4.2
2024,10,5,17,50,0,15.8,110.9,259.808,4.1
2024,10,5,18,0,0,16.4,110.2,289.23,4.4
2024,10,5,18,10,0,17,109,364.312,4.1
2024,10,5,18,20,0,17.8,107.8,428.818,4.1
2024,10,5,18,30,0,18.6,106.6,528.15,3.9
2024,10,5,18,40,0,19.1,105.6,599.016,4.9
2024,10,5,18,50,0,19.5,104.5,596.816,10.9
2024,10,5,19,0,0,20.1,103.4,587.698,12.7
2024,10,5,19,10,0,20.6,102.5,628.854,10.7
2024,10,5,19,20,0,20.5,101.3,632.566,8
2024,10,5,19,30,0,20.5,100.5,589.954,7.4
2024,10,5,19,40,0,21.2,99.7,593.946,16.1
2024,10,5,19,50,0,21.5,99.5,612.084,6.5
2024,10,5,20,0,0,22.5,98,575.112,5
2024,10,5,20,10,0,23.7,96.8,533.224,4.8
2024,10,5,20,20,0,24.3,96.5,532.064,5.9
2024,10,5,20,30,0,24.7,96.1,546.9,7.2
2024,10,5,20,40,0,24.9,95.5,561.33,10
2024,10,5,20,50,0,24.7,95.5,574.688,6.6
2024,10,5,21,0,0,25,95.1,577.394,6.9
2024,10,5,21,10,0,25,95.4,595.582,7
2024,10,5,21,20,0,24.9,95.4,630.932,8.5
2024,10,5,21,30,0,25,94.9,645.024,7.8
2024,10,5,21,40,0,25.4,94,629.028,6.6
2024,10,5,21,50,0,24.9,94.5,637.216,5.8
2024,10,5,22,0,0,24.8,94.4,639.54,5.4
2024,10,5,22,10,0,25,94,632.878,5.5
2024,10,5,22,20,0,25.1,93.5,667.874,5.3
2024,10,5,22,30,0,25.2,93.5,695.974,5.6
2024,10,5,22,40,0,25.5,93.3,702.834,5.9
2024,10,5,22,50,0,26.3,92.1,711.058,6.3
2024,10,5,23,0,0,26.8,91.6,723.376,6.1
2024,10,5,23,10,0,26.7,92.5,745.582,5.7
2024,10,5,23,20,0,26.7,92,738.722,5.7
2024,10,5,23,30,0,27.5,91.3,733.154,5.4
2024,10,5,23,40,0,27.5,91.5,736.418,5.6
2024,10,5,23,50,0,28.2,91,728.424,6
2024,10,6,0,0,0,28.3,90.6,715.924,5.8
2024,10,6,0,10,0,28.2,90.5,711.696,6
2024,10,6,0,20,0,28.3,90,724.38,5.9
2024,10,6,0,30,0,28.5,89.6,699.746,6
2024,10,6,0,40,0,29,89.5,687.342,6.3
2024,10,6,0,50,0,28.7,89.6,697.478,6.3
2024,10,6,1,0,0,28.9,89.5,690.57,6.5
2024,10,6,1,10,0,28.6,89.5,703.588,6.5
2024,10,6,1,20,0,28.5,89.5,696.818,6.6
2024,10,6,1,30,0,29,89.1,683.314,6.8
2024,10,6,1,40,0,29,89.2,666.682,6.7
2024,10,6,1,50,0,29,89.3,653.696,6.5
2024,10,6,2,0,0,29.8,88.3,655.134,6.9
2024,10,6,2,10,0,30.8,87.5,663.392,6.9
2024,10,6,2,20,0,30.1,88.4,670.154,7
2024,10,6,2,30,0,31.5,87.2,651.776,7.7
2024,10,6,2,40,0,31.9,87.3,654.878,9.1
2024,10,6,2,50,0,32.1,87.1,675.036,8
2024,10,6,3,0,0,32,86.7,672.94,8.5
2024,10,6,3,10,0,31.6,87.1,676.812,7.8
2024,10,6,3,20,0,32,86.5,674.09,8.7
2024,10,6,3,30,0,32.1,86.4,682.13,9.5
2024,10,6,3,40,0,32.1,86.4,687.664,8.2
2024,10,6,3,50,0,32.6,86.1,686.048,7.5
2024,10,6,4,0,0,32.9,85.6,697.3,7.1
2024,10,6,4,10,0,33.7,85.5,699.864,7.6
2024,10,6,4,20,0,33.6,85.2,704.862,7.7
2024,10,6,4,30,0,34,84.7,699.274,8.2
2024,10,6,4,40,0,34.1,84.7,705.558,8.5
2024,10,6,4,50,0,35.3,84.5,706.646,9
2024,10,6,5,0,0,34.6,84.5,709.024,8.6
2024,10,6,5,10,0,35.2,84,708.228,9
2024,10,6,5,20,0,36,84,706.366,9.4
2024,10,6,5,30,0,36.9,82.9,701.434,9.2
2024,10,6,5,40,0,36.8,82.8,701.406,9.5
2024,10,6,5,50,0,36.8,82.7,696.266,10.1
2024,10,6,6,0,0,37,82.6,690.69,11.3
2024,10,6,6,10,0,37.1,82.5,689.402,12.1
2024,10,6,6,20,0,37,82.5,685.342,12.1
2024,10,6,6,30,0,37,82.5,680.628,12.4
2024,10,6,6,40,0,37.9,81.8,675.996,13.3
2024,10,6,6,50,0,37.7,82.2,675.276,14.8
2024,10,6,7,0,0,37.1,82.1,671.524,16.2
2024,10,6,7,10,0,37,82.5,661.364,16.5
2024,10,6,7,20,0,36.2,83.4,656.806,17.2
2024,10,6,7,30,0,34.9,84.4,648.818,17.2
2024,10,6,7,40,0,32.6,86.1,636.108,16.2
2024,10,6,7,50,0,30.8,87.6,623.106,15.9
2024,10,6,8,0,0,30.8,86.8,619.482,15.5
2024,10,6,8,10,0,31,86.5,618.65,15.7
2024,10,6,8,20,0,30.6,86.9,606.906,16.2
2024,10,6,8,30,0,30.1,87.5,594.468,16.1
2024,10,6,8,40,0,29.5,88.3,587.214,17.3
2024,10,6,8,50,0,29,88.9,576.212,18.1
2024,10,6,9,0,0,28,90.2,561.5,17.9
2024,10,6,9,10,0,27.9,91.3,560.912,19
2024,10,6,9,20,0,27.5,91.9,553.134,20.3
2024,10,6,9,30,0,27.3,92.7,538.936,21.9
2024,10,6,9,40,0,26.9,93.3,532.638,21.7
2024,10,6,9,50,0,25.5,94.9,517.714,20.8
2024,10,6,10,0,0,24.7,96,500.588,19.5
2024,10,6,10,10,0,23.8,97.5,485.028,18.7
2024,10,6,10,20,0,23,97.9,460.49,17.6
2024,10,6,10,30,0,22.2,99.3,441.718,16.5
2024,10,6,10,40,0,20.8,101.7,448.412,14.2
2024,10,6,10,50,0,18.9,102.9,421.09,13.6
2024,10,6,11,0,0,17.5,104.2,388.856,9.9
2024,10,6,11,10,0,15.9,105.3,359.318,5
2024,10,6,11,20,0,16.4,106.7,348.67,6
2024,10,6,11,30,0,15.5,107.8,334.164,4.3
2024,10,6,11,40,0,14.2,108.7,322.49,3.7
2024,10,6,11,50,0,14.3,109.7,310.536,3.8
2024,10,6,12,0,0,13.4,110.9,302.538,3.9
2024,10,6,12,10,0,12.9,112,292.672,4.8
2024,10,6,12,20,0,12.5,113.2,288.88,3.6
2024,10,6,12,30,0,12.4,113.8,285.476,3.4
2024,10,6,12,40,0,11.5,114.6,277.456,3
2024,10,6,12,50,0,10.7,115.1,276.616,2.9
2024,10,6,13,0,0,10.6,116.1,276.768,2.7
2024,10,6,13,10,0,10.5,116.5,266.082,2.9
2024,10,6,13,20,0,10,117.3,248.456,3
2024,10,6,13,30,0,9.9,117.3,217.224,2.8
2024,10,6,13,40,0,9.6,117.5,200.372,2.8
2024,10,6,13,50,0,8.9,117.9,195.552,2.7
2024,10,6,14,0,0,8.9,118.1,175.278,2.9
2024,10,6,14,10,0,8.8,118.7,163.288,2.9
2024,10,6,14,20,0,8.7,119.4,151.328,3.2
2024,10,6,14,30,0,9.4,119.3,124.268,3.3
2024,10,6,14,40,0,9.5,119.3,105.552,3.2
2024,10,6,14,50,0,9.3,119.5,89.686,3.2
2024,10,6,15,0,0,9.1,119.6,90.27,3.2
2024,10,6,15,10,0,9,119.4,86.882,3.1
2024,10,6,15,20,0,9.5,118.2,76.378,3.2
2024,10,6,15,30,0,9.5,117.6,51.006,3.3
2024,10,6,15,40,0,9.5,117.9,61.516,3.2
2024,10,6,15,50,0,9.375,117.625,61.283,3.3
2024,10,6,16,0,0,9.4,117.8,58.148,3.5
2024,10,6,16,10,0,9.5,117.7,52.712,3.5
2024,10,6,16,20,0,10,117.5,55.072,3.4
2024,10,6,16,30,0,10,117.5,53.014,3.4
2024,10,6,16,40,0,10.2,116.5,50.942,3.6
2024,10,6,16,50,0,10.5,116.1,68.78,3.4
2024,10,6,17,0,0,11.3,115,99.506,3.5
2024,10,6,17,10,0,12.1,113.4,99.032,3.5
2024,10,6,17,20,0,12.5,112.5,115.6,3.4
2024,10,6,17,30,0,13.1,112.1,147.966,3.6
2024,10,6,17,40,0,13.5,111.4,172.016,3.8
2024,10,6,17,50,0,14.5,110.5,192.684,4.2
2024,10,6,18,0,0,14.8,110,251.054,4.6
2024,10,6,18,10,0,15.6,108.7,284.652,4
2024,10,6,18,20,0,16.4,108,323.75,4.7
2024,10,6,18,30,0,17.1,106.9,370.45,5.1
2024,10,6,18,40,0,17.8,105.6,385.262,4.9
2024,10,6,18,50,0,18.5,104.5,395.132,4.5
2024,10,6,19,0,0,18.6,103.5,410.504,4.5
2024,10,6,19,10,0,18.9,102.7,411.694,4.6
2024,10,6,19,20,0,20,101.3,413.356,4.6
2024,10,6,19,30,0,20,100.7,403.922,4.8
2024,10,6,19,40,0,20.5,100.4,404.334,5.2
2024,10,6,19,50,0,20.8,99.7,412.376,5.7
2024,10,6,20,0,0,21.5,99.5,445.206,6.1
2024,10,6,20,10,0,21.6,99.4,474.952,5.9
2024,10,6,20,20,0,22.4,98.5,491.428,6
2024,10,6,20,30,0,23,98.1,505.796,6
2024,10,6,20,40,0,23.7,97.5,495.666,6.8
2024,10,6,20,50,0,23.8,97.1,468.768,7.9
2024,10,6,21,0,0,23.5,96.7,441.796,7.6
2024,10,6,21,10,0,24.2,96.5,450.436,8.3
2024,10,6,21,20,0,24.5,96.4,499.392,7.7
2024,10,6,21,30,0,24.6,95.3,514.9,8.2
2024,10,6,21,40,0,24.5,94.6,436.756,8.8
2024,10,6,21,50,0,25.1,94.5,388.502,8.5
2024,10,6,22,0,0,25.5,94.5,373.036,9.5
2024,10,6,22,10,0,25.9,94.5,380.28,8.4
2024,10,6,22,20,0,26.5,93.9,396.344,7.1
2024,10,6,22,30,0,26.8,93.5,415.662,8
2024,10,6,22,40,0,27.6,93.3,451.858,8.9
2024,10,6,22,50,0,28.4,91.9,470.318,9.3
2024,10,6,23,0,0,28.4,91.3,465.122,8.1
2024,10,6,23,10,0,28.2,91.3,470.89,7.7
2024,10,6,23,20,0,28.5,90.5,470.812,8.1
2024,10,6,23,30,0,28.6,90.5,473.658,7.8
2024,10,6,23,40,0,28.5,90.1,478.658,7.7
2024,10,6,23,50,0,28.5,89.6,488.606,7.7
2024,10,7,0,0,0,28.5,89.5,489.864,6.7
2024,10,7,0,10,0,28.5,89.5,490.68,6.7
2024,10,7,0,20,0,29.2,89,492.492,7.1
2024,10,7,0,30,0,30.1,88.5,492.194,7
2024,10,7,0,40,0,30,88.5,497.982,6.9
2024,10,7,0,50,0,31.1,87.8,489.508,7.4
2024,10,7,1,0,0,31.9,87.2,483.45,7.8
2024,10,7,1,10,0,32.1,87,466.066,9
2024,10,7,1,20,0,31.3,87.5,440.342,9
2024,10,7,1,30,0,30.9,87.3,435.338,8.1
2024,10,7,1,40,0,31,86.9,431.756,9.5
2024,10,7,1,50,0,31,87.5,438.742,8.9
2024,10,7,2,0,0,31,87.1,436.3,8.9
2024,10,7,2,10,0,31,86.7,443.02,8.8
2024,10,7,2,20,0,31.2,86.5,447.98,7.8
2024,10,7,2,30,0,31.4,86.5,460.558,9.4
2024,10,7,2,40,0,32,85.8,456.736,9.8
2024,10,7,2,50,0,32.1,85.7,443.288,8.4
2024,10,7,3,0,0,32.1,85.5,438.002,7.5
2024,10,7,3,10,0,32,85.2,445.528,7.4
2024,10,7,3,20,0,32.6,84.9,462.078,7.9
2024,10,7,3,30,0,33.9,84,463.772,8.3
2024,10,7,3,40,0,33.8,84.3,469.206,8.4
2024,10,7,3,50,0,33.9,83.6,471.274,8.2
2024,10,7,4,0,0,34,83.5,466.554,8.4
2024,10,7,4,10,0,34,83.7,468.366,8.9
2024,10,7,4,20,0,34,83.5,470.192,9.3
2024,10,7,4,30,0,34,82.8,459.182,9.1
2024,10,7,4,40,0,34,83.2,451.324,8.8
2024,10,7,4,50,0,34.6,82.5,445.808,9
2024,10,7,5,0,0,35,82.1,449.284,9
2024,10,7,5,10,0,35,82.2,450.686,9.4
2024,10,7,5,20,0,35.4,82.3,449.848,9.2
2024,10,7,5,30,0,36,81.5,449.766,9.4
2024,10,7,5,40,0,36,81.5,446.874,9.3
2024,10,7,5,50,0,36,81.5,445.466,9.3
2024,10,7,6,0,0,36.8,81.3,442.828,9.3
2024,10,7,6,10,0,37,81.5,441.702,9.9
2024,10,7,6,20,0,37,81.5,441.518,10.8
2024,10,7,6,30,0,37.5,81.1,438.404,13.6
2024,10,7,6,40,0,38.2,81,433.5,16.9
2024,10,7,6,50,0,38.8,80.4,432.094,18
2024,10,7,7,0,0,38.1,80.5,431.512,20.2
2024,10,7,7,10,0,38.1,80.5,430.904,19.7
2024,10,7,7,20,0,37.6,81.7,431.46,19.7
2024,10,7,7,30,0,36.2,83.2,428.554,20.4
2024,10,7,7,40,0,34.8,85,425.608,22.8
2024,10,7,7,50,0,32.8,87,418.492,24.1
2024,10,7,8,0,0,32,88.1,410.212,25.1
2024,10,7,8,10,0,32,87.1,405.512,27
2024,10,7,8,20,0,31.9,87.4,401.336,28.2
2024,10,7,8,30,0,31.3,88,397.3,29.1
2024,10,7,8,40,0,30.1,88.6,384.858,28.6
2024,10,7,8,50,0,29.1,89.6,374.44,27.5
2024,10,7,9,0,0,28.3,90.6,367.42,26.9
2024,10,7,9,10,0,27.3,91.5,359.786,25
2024,10,7,9,20,0,26,92.7,364.074,22.7
2024,10,7,9,30,0,24.9,94.5,337.602,21.5
2024,10,7,9,40,0,23.6,95.6,317.56,19.9
2024,10,7,9,50,0,23,96.9,302.828,19.4
2024,10,7,10,0,0,21.9,98.4,287.328,16
2024,10,7,10,10,0,19.7,100,269.114,11.6
2024,10,7,10,20,0,18.1,101.1,253.458,9.6
2024,10,7,10,30,0,17.6,102.5,241.35,9.3
2024,10,7,10,40,0,16.2,103.1,220.164,6.4
2024,10,7,10,50,0,15.6,104.8,202.578,6.1
2024,10,7,11,0,0,14.7,105.7,184.348,4.8
2024,10,7,11,10,0,14.1,106.7,166.128,4.9
2024,10,7,11,20,0,14.2,107.5,157.904,4.8
2024,10,7,11,30,0,14.4,108.3,137.358,4.8
2024,10,7,11,40,0,14,108.5,116.122,4.6
2024,10,7,11,50,0,13.6,109.7,102.008,4.8
2024,10,7,12,0,0,12.6,110.3,82.61,4.7
2024,10,7,12,10,0,12.6,110.6,66.742,5
2024,10,7,12,20,0,12.5,111.5,58.162,6.1
2024,10,7,12,30,0,11.9,112.2,51.262,4.7
2024,10,7,12,40,0,11.5,112.6,50.728,4.6
2024,10,7,12,50,0,11.5,113.1,53.59,4.2
2024,10,7,13,0,0,11.2,113.3,52.05,4.2
2024,10,7,13,10,0,10.7,114.5,57.436,4
2024,10,7,13,20,0,10.5,114.9,51.156,3.9
2024,10,7,13,30,0,11,115.5,54.172,4.4
2024,10,7,13,40,0,11,115.625,50.09,4.3
2024,10,7,13,50,0,10.1,116.7,59.156,3.8
2024,10,7,14,0,0,10.3,117.3,54.526,4.1
2024,10,7,14,10,0,10.4,116.9,50.972,4.5
2024,10,7,14,20,0,10.9,116.3,50,4.8
2024,10,7,14,30,0,11.6,116.5,50.74,5.2
2024,10,7,14,40,0,11.5,116.5,51.032,5.1
2024,10,7,14,50,0,11.6,116.5,51.498,5.2
2024,10,7,15,0,0,11.3,116.8,52.872,4.9
2024,10,7,15,10,0,11,116.5,50.636,4.8
2024,10,7,15,20,0,11.5,116.3,51.46,5
2024,10,7,15,30,0,11.9,116.5,53.398,5.4
2024,10,7,15,40,0,12.1,116.2,72.344,5.5
2024,10,7,15,50,0,12.625,115.5,51.148,5.7
2024,10,7,16,0,0,12.5,115.7,50,5.1
2024,10,7,16,10,0,12.1,116.3,50.648,4.9
2024,10,7,16,20,0,11.8,116.3,61.464,4.7
2024,10,7,16,30,0,12.1,116,50.782,5
2024,10,7,16,40,0,12.8,115.5,51.464,5.4
2024,10,7,16,50,0,13,115.2,51.582,5.7
2024,10,7,17,0,0,13,114.9,69.808,5.6
2024,10,7,17,10,0,13,114.6,89.534,5.7
2024,10,7,17,20,0,13.5,113.6,64.992,5.6
2024,10,7,17,30,0,13.4,113,70.318,5.7
2024,10,7,17,40,0,14.2,112.3,102.39,5.8
2024,10,7,17,50,0,15.3,110.9,115.522,6
2024,10,7,18,0,0,16.2,110.1,143.964,5.9
2024,10,7,18,10,0,16.7,109.2,195.804,5.9
2024,10,7,18,20,0,17.8,107.4,193.964,6.3
2024,10,7,18,30,0,18.6,106.6,269.71,5.9
2024,10,7,18,40,0,19.6,104.9,319.256,6.6
2024,10,7,18,50,0,19.9,104.1,338.634,6.7
2024,10,7,19,0,0,21.4,103.2,358.45,6.8
2024,10,7,19,10,0,21.5,102.6,478.682,6.8
2024,10,7,19,20,0,21.5,101.5,535.286,8.6
2024,10,7,19,30,0,21.7,100.7,548.494,7.6
2024,10,7,19,40,0,22,100.1,546.758,7.6
2024,10,7,19,50,0,22.3,99.5,564.646,7.8
2024,10,7,20,0,0,22.5,98.7,575.988,7.9
2024,10,7,20,10,0,22.4,97.6,499.92,7
2024,10,7,20,20,0,22.5,97.5,462.448,5.8
2024,10,7,20,30,0,22.6,96.6,463.084,7.5
2024,10,7,20,40,0,22.9,96.5,485.704,7.3
2024,10,7,20,50,0,23.7,96.1,495.902,8
2024,10,7,21,0,0,23.5,95.5,500.034,8.4
2024,10,7,21,10,0,23.5,95.5,501.38,8.6
2024,10,7,21,20,0,23.7,94.9,479.39,7.6
2024,10,7,21,30,0,23.6,94.5,433.2,7.6
2024,10,7,21,40,0,24.1,94.3,437.268,8.3
2024,10,7,21,50,0,24.7,93.5,427.908,7.2
2024,10,7,22,0,0,25.1,93.4,440.342,6.5
2024,10,7,22,10,0,25.3,93.2,477.516,6.7
2024,10,7,22,20,0,26.1,92.3,465.154,6.6
2024,10,7,22,30,0,26.5,92.3,491.736,6.9
2024,10,7,22,40,0,26.2,92.1,521.22,7
2024,10,7,22,50,0,26.6,91.4,534.522,6.2
2024,10,7,23,0,0,26.4,91.5,560.948,5.6
2024,10,7,23,10,0,25.8,91.1,584.492,6
2024,10,7,23,20,0,26.5,90.5,595.422,6.7
2024,10,7,23,30,0,26.2,90.5,612.734,7
2024,10,7,23,40,0,26,90.1,624.55,7.4
2024,10,7,23,50,0,26.5,89.5,618.946,5
2024,10,8,0,0,0,26.5,89.3,600.272,5.2
2024,10,8,0,10,0,26.5,89.2,581.536,5
2024,10,8,0,20,0,26.5,88.9,588.944,4.6
2024,10,8,0,30,0,26.5,88.5,597.072,4.7
2024,10,8,0,40,0,26.5,87.5,588.828,4.7
2024,10,8,0,50,0,27.2,87.5,563.252,5.8
2024,10,8,1,0,0,28.4,87.2,556.76,6.1
2024,10,8,1,10,0,28.2,86.9,561.946,6.9
2024,10,8,1,20,0,29.625,86.25,628.317,8.9
2024,10,8,1,30,0,30.2,85.7,654.126,9.6
2024,10,8,1,40,0,30.7,85.5,664.022,9.2
2024,10,8,1,50,0,30.7,85.5,660.74,8.4
2024,10,8,2,0,0,30.5,85.5,651.82,7.9
2024,10,8,2,10,0,31,84.5,651.52,7.9
2024,10,8,2,20,0,30.7,84.7,641.776,7.9
2024,10,8,2,30,0,30.4,84.5,640.942,7.1
2024,10,8,2,40,0,30.7,83.9,636.392,6.8
2024,10,8,2,50,0,31.7,82.9,633.734,6.5
2024,10,8,3,0,0,31.8,82.7,631.28,6.8
2024,10,8,3,10,0,31.5,82.7,627.676,6.8
2024,10,8,3,20,0,31.7,82.6,625.2,6.5
2024,10,8,3,30,0,32,82.5,625.968,6.4
2024,10,8,3,40,0,32,82.5,622.12,6.3
2024,10,8,3,50,0,32.3,82.5,625.668,5.9
2024,10,8,4,0,0,32.6,82.8,627.984,6.3
2024,10,8,4,10,0,32.6,82.6,621.114,6.1
2024,10,8,4,20,0,33.1,82.3,618.176,6.1
2024,10,8,4,30,0,33.9,81.5,615.74,6.4
2024,10,8,4,40,0,34.1,81.5,614.326,6.5
2024,10,8,4,50,0,34.6,81.5,614.688,6.9
2024,10,8,5,0,0,34.8,81.4,621.814,7.7
2024,10,8,5,10,0,34.7,81,607.73,7.3
2024,10,8,5,20,0,34.3,81.3,601.336,7.4
2024,10,8,5,30,0,35,80.6,596.756,8
2024,10,8,5,40,0,33.9,80.5,587.738,8.5
2024,10,8,5,50,0,33.4,80.7,577.844,8.1
2024,10,8,6,0,0,34,80.5,577.136,8.2
2024,10,8,6,10,0,34,80.5,578.054,8.3
2024,10,8,6,20,0,33.5,80.5,567.29,8
2024,10,8,6,30,0,33.8,79.7,558.408,8
2024,10,8,6,40,0,34.3,79.5,558.122,7.9
2024,10,8,6,50,0,34.6,79.5,562.202,8
2024,10,8,7,0,0,35,79.5,597.84,8.2
2024,10,8,7,10,0,35.2,79.3,596.388,8.2
2024,10,8,7,20,0,34.6,80.1,592.826,8.9
2024,10,8,7,30,0,33.1,81.9,588.514,9.2
2024,10,8,7,40,0,31.1,83.9,586.404,10
2024,10,8,7,50,0,29.8,85,581.162,11.1
2024,10,8,8,0,0,28.5,85.8,573.068,10.5
2024,10,8,8,10,0,29.3,84.5,561.756,11.7
2024,10,8,8,20,0,29.2,84.5,561.814,11.9
2024,10,8,8,30,0,28.1,84.8,554.078,11.6
2024,10,8,8,40,0,26.5,85.9,543.948,11.2
2024,10,8,8,50,0,25,87.3,535.536,10.3
2024,10,8,9,0,0,24,88.9,532.174,11
2024,10,8,9,10,0,22.8,89.9,525.674,11.5
2024,10,8,9,20,0,23.2,89.7,518.15,11.7
2024,10,8,9,30,0,22.4,91.4,515.052,11.5
2024,10,8,9,40,0,21.9,91.8,506.072,12.1
2024,10,8,9,50,0,21.5,93.1,497.064,11.1
2024,10,8,10,0,0,20.6,94.3,488.168,11.8
2024,10,8,10,10,0,20.5,94.6,472.496,12.1
2024,10,8,10,20,0,19.5,95.7,462.44,12.2
2024,10,8,10,30,0,19.3,97.3,449.074,11.5
2024,10,8,10,40,0,18.5,98.3,434.542,11.3
2024,10,8,10,50,0,18,99.7,413.764,11.6
2024,10,8,11,0,0,17.6,100.2,393.796,11.6
2024,10,8,11,10,0,17.5,100.6,373.642,12.1
2024,10,8,11,20,0,17.5,100.3,344.464,12.5
2024,10,8,11,30,0,17,102.7,334.662,11.5
2024,10,8,11,40,0,16.6,103.4,324.368,12
2024,10,8,11,50,0,16.3,104.2,303.802,13.7
2024,10,8,12,0,0,15.6,104.9,278.124,16.8
2024,10,8,12,10,0,14.7,105.9,255.71,16.4
2024,10,8,12,20,0,14.7,107.3,241.47,15.1
2024,10,8,12,30,0,14.4,107.6,212.512,15.3
2024,10,8,12,40,0,14.5,107.1,174.618,13.2
2024,10,8,12,50,0,13.6,109,165.098,10.4
2024,10,8,13,0,0,13.4,109.5,142.264,9.6
2024,10,8,13,10,0,12.6,110.7,124.256,9.4
2024,10,8,13,20,0,12.6,110.5,78.75,9.8
2024,10,8,13,30,0,12.875,110.5,64.723,7.3
2024,10,8,13,40,0,12.6,111.9,63.338,7.4
2024,10,8,13,50,0,12.4,110.8,50,6.8
2024,10,8,14,0,0,12.5,112.7,50.944,5.9
2024,10,8,14,10,0,12.4,112.9,50.74,5.6
2024,10,8,14,20,0,12.5,113.4,52.888,5.5
2024,10,8,14,30,0,12.5,113.3,50.234,5.6
2024,10,8,14,40,0,12.3,113.5,50.594,5.3
2024,10,8,14,50,0,11.8,114.4,61.628,5.2
2024,10,8,15,0,0,11.5,114.3,51.74,5.1
2024,10,8,15,10,0,11.5,114.1,52.752,4.9
2024,10,8,15,20,0,11.6,114.5,51.62,5
2024,10,8,15,30,0,11.6,114.5,51.48,5.1
2024,10,8,15,40,0,12,114.1,50.546,5.1
2024,10,8,15,50,0,11.9,114.2,52.608,5.1
2024,10,8,16,0,0,11.5,114.5,54.194,5
2024,10,8,16,10,0,12,113.5,50.326,5
2024,10,8,16,20,0,12.1,113.3,51.272,5.2
2024,10,8,16,30,0,12.8,112.1,50.25,5.4
2024,10,8,16,40,0,13.2,112,50.832,5.5
2024,10,8,16,50,0,13.1,111.6,55.882,5.4
2024,10,8,17,0,0,13.4,110.9,67.214,5.2
2024,10,8,17,10,0,13.5,110.3,53.946,5.2
2024,10,8,17,20,0,13.5,110.1,57.772,5.2
2024,10,8,17,30,0,13.9,109.1,75.722,5.2
2024,10,8,17,40,0,14.3,108.5,95.59,5.1
2024,10,8,17,50,0,14.5,108.3,156.156,5.1
2024,10,8,18,0,0,15.5,106.8,224.176,5.2
2024,10,8,18,10,0,15.8,106.4,280.95,5.3
2024,10,8,18,20,0,16.6,105.3,323.484,5.1
2024,10,8,18,30,0,17.6,104.5,360.402,5.2
2024,10,8,18,40,0,19,102.7,379.196,5.4
2024,10,8,18,50,0,19.3,102,436.154,5.4
2024,10,8,19,0,0,20,101.5,509.504,5.6
2024,10,8,19,10,0,20.6,100.2,515.206,6.1
2024,10,8,19,20,0,21,99.6,544.374,7.4
2024,10,8,19,30,0,21.5,98.9,566.904,6
2024,10,8,19,40,0,22.5,97.5,574.882,6.1
2024,10,8,19,50,0,22.7,97.5,628.008,6.9
2024,10,8,20,0,0,23.3,97,615.802,7.8
2024,10,8,20,10,0,24.1,96.1,525.08,8.9
2024,10,8,20,20,0,24.5,95.5,498.064,8.2
2024,10,8,20,30,0,24.9,95.5,531.072,8.4
2024,10,8,20,40,0,25.3,94.9,550.74,9
2024,10,8,20,50,0,25.5,94.5,626.702,8.6
2024,10,8,21,0,0,25.5,94.4,673.976,7
2024,10,8,21,10,0,25.5,93.5,659.784,6.4
2024,10,8,21,20,0,25.4,92.9,646.176,6.4
2024,10,8,21,30,0,24.5,92.5,604.997,5.8
2024,10,8,21,40,0,24.6,92.5,672.633,5.4
2024,10,8,21,50,0,24.1,92.5,700.86,5.4
2024,10,8,22,0,0,23.5,92.5,631.438,5.3
2024,10,8,22,10,0,23.9,91.9,592.774,5.3
2024,10,8,22,20,0,24.5,91.3,561.838,5.4
2024,10,8,22,30,0,24.7,91.3,567.826,5.9
2024,10,8,22,40,0,25.1,91,621.436,6.4
2024,10,8,22,50,0,24.5,90.7,643.236,6.1
2024,10,8,23,0,0,24.5,90.5,642.97,5.9
2024,10,8,23,10,0,24.5,90.5,653.868,6.3
2024,10,8,23,20,0,24.6,90.5,675.45,6.2
2024,10,8,23,30,0,25.5,89.5,675.096,6.5
2024,10,8,23,40,0,25.5,89.4,684.428,5
2024,10,8,23,50,0,26.1,88.8,701.47,5.1
2024,10,9,0,0,0,26.5,88.5,718.308,5.4
2024,10,9,0,10,0,26.7,88.5,731.168,5.4
2024,10,9,0,20,0,27.3,88.5,747.878,5.7
2024,10,9,0,30,0,27.7,87.7,751.296,5.9
2024,10,9,0,40,0,28.5,87.5,754.37,6.4
2024,10,9,0,50,0,28.4,86.7,749.948,7
2024,10,9,1,0,0,27.8,86.5,738.078,6.2
2024,10,9,1,10,0,28,85.9,723.152,6.2
2024,10,9,1,20,0,27.7,85.5,723.038,7.6
2024,10,9,1,30,0,27.5,86.1,734.618,6.7
2024,10,9,1,40,0,27.5,86.2,743.74,6.1
2024,10,9,1,50,0,27.5,85.5,741.336,5.8
2024,10,9,2,0,0,27.5,85.5,756.126,5.9
2024,10,9,2,10,0,28.4,84.5,749.798,5.5
2024,10,9,2,20,0,28.5,84.5,747.242,5.6
2024,10,9,2,30,0,29.2,84.3,751.812,5.4
2024,10,9,2,40,0,29.3,84.4,756.912,5.3
2024,10,9,2,50,0,29.5,84,762.61,5.4
2024,10,9,3,0,0,29.5,83.7,759.904,5.4
2024,10,9,3,10,0,29.8,83.5,761.102,5.5
2024,10,9,3,20,0,30,83.4,763.498,5.6
2024,10,9,3,30,0,30.2,82.5,748.5,5.6
2024,10,9,3,40,0,30.2,82.4,727.684,6.9
2024,10,9,3,50,0,30.5,82.5,732.062,7.3
2024,10,9,4,0,0,30.7,82.4,740.496,6.8
2024,10,9,4,10,0,31.1,81.9,744.758,6.7
2024,10,9,4,20,0,31.1,81.5,739.644,6.4
2024,10,9,4,30,0,31.7,81.1,731.934,6.8
2024,10,9,4,40,0,31.9,81.3,722.602,8.5
2024,10,9,4,50,0,31.5,80.5,711.068,6.9
2024,10,9,5,0,0,30.9,80.5,705.462,6.8
2024,10,9,5,10,0,31.9,79.5,706.202,7.1
2024,10,9,5,20,0,31.4,79.5,706.828,7.1
2024,10,9,5,30,0,30.9,79.7,703.634,6.7
2024,10,9,5,40,0,31.2,79.1,690.818,6.8
2024,10,9,5,50,0,31.3335,79.5,700.73,6.7
2024,10,9,6,0,0,31,79.5,693.546,6.6
2024,10,9,6,10,0,31,79,684.09,6.5
2024,10,9,6,20,0,30.6,78.5,667.408,5.8
2024,10,9,6,30,0,30.5,78.5,661.65,5.7
2024,10,9,6,40,0,30.7,78.5,663.872,6.1
2024,10,9,6,50,0,30.6,78.5,667.172,6.1
2024,10,9,7,0,0,31.3,78.3,663.272,6.2
2024,10,9,7,10,0,31.2,78.4,660.908,5.9
2024,10,9,7,20,0,30.5,78.5,658.66,5.5
2024,10,9,7,30,0,30,79.7,646.782,5.6
2024,10,9,7,40,0,28.4,82.3,654.11,5.7
2024,10,9,7,50,0,27.5,83.5,645.668,5.8
2024,10,9,8,0,0,26.3,84.8,647.582,5.6
2024,10,9,8,10,0,27.1,83.8,642.164,5.8
2024,10,9,8,20,0,27.5,83.5,638.69,5.9
2024,10,9,8,30,0,27.4,84.5,631.616,5.7
2024,10,9,8,40,0,26.4,85.6,625,5.9
2024,10,9,8,50,0,25.6,86.5,616.004,5.6
2024,10,9,9,0,0,25,87.5,607.866,5
2024,10,9,9,10,0,24,88.1,596.596,4.5
2024,10,9,9,20,0,23,88.9,586.146,4.5
2024,10,9,9,30,0,22.5,89.7,580.252,5.3
2024,10,9,9,40,0,22.2,90.9,578.018,5.5
2024,10,9,9,50,0,21.5,91.9,571.46,5.6
2024,10,9,10,0,0,20.9,93,559.006,5.6
2024,10,9,10,10,0,20,94.1,538.622,5.6
2024,10,9,10,20,0,19.2,95.3,521.358,5.4
2024,10,9,10,30,0,19,96.2,499.68,5.3
2024,10,9,10,40,0,18.3,98,499.1,5.2
2024,10,9,10,50,0,17.6,98.9,480.306,5
2024,10,9,11,0,0,17.5,99.1,466.782,4.7
2024,10,9,11,10,0,17.3,99.5,442.286,4.9
2024,10,9,11,20,0,16.5,100.9,415.336,4.5
2024,10,9,11,30,0,16.5,101.8,408.6,4.4
2024,10,9,11,40,0,16.5,102.4,382.538,4.1
2024,10,9,11,50,0,15.7,103.6,367.694,4.2
2024,10,9,12,0,0,15.7,103.5,334.052,4.4
2024,10,9,12,10,0,15.5,105.3,307.714,4.6
2024,10,9,12,20,0,15.3,106,277.16,5.2
2024,10,9,12,30,0,15.1,106.8,237.96,5.4
2024,10,9,12,40,0,15.3,107.5,199.86,6
2024,10,9,12,50,0,15,107.5,161.274,5.5
2024,10,9,13,0,0,15.4,107.9,112.718,6.8
2024,10,9,13,10,0,14.4,109.3,86.282,5.3
2024,10,9,13,20,0,13.8,110.1,74.144,5.4
2024,10,9,13,30,0,14,110.5,61.485,6
2024,10,9,13,40,0,13.875,111.25,50,5.6
2024,10,9,13,50,0,13.5,111.5,50,5.3
2024,10,9,14,0,0,13.5,112.2,50.162,5.5
2024,10,9,14,10,0,13.5,112.1,50,5.6
2024,10,9,14,20,0,13.2,112.5,51.882,5.5
2024,10,9,14,30,0,12.6,112.5,50.998,5
2024,10,9,14,40,0,12.4,113.2,62.604,4.8
2024,10,9,14,50,0,12.5,113.7,56.062,4.8
2024,10,9,15,0,0,12.2,114.3,65.052,5
2024,10,9,15,10,0,12.2,114.5,50.58,5
2024,10,9,15,20,0,11.8,114.8,51.244,5
2024,10,9,15,30,0,11.5,115,74.82,4.8
2024,10,9,15,40,0,11.9,114.7,73.748,4.9
2024,10,9,15,50,0,12.2,113.9,51.004,5
2024,10,9,16,0,0,11.9,113.9,51.928,4.8
2024,10,9,16,10,0,12,114.5,68.87,5
2024,10,9,16,20,0,11.9,114.5,52.622,5.2
2024,10,9,16,30,0,12.3,113.8,50.316,5.2
2024,10,9,16,40,0,12.3,113.5,50.082,5.1
2024,10,9,16,50,0,12.5,113.2,57.394,5.1
2024,10,9,17,0,0,13.3,111.4,50.024,5
2024,10,9,17,10,0,13.5,110.5,51.586,5
2024,10,9,17,20,0,13.6,109.7,65.56,4.9
2024,10,9,17,30,0,14.4,109.5,88.834,4.8
2024,10,9,17,40,0,15.2,108.2,138.856,4.9
2024,10,9,17,50,0,15.6,107.3,146.222,4.9
2024,10,9,18,0,0,16,106.6,195.316,4.7
2024,10,9,18,10,0,17.1,105.4,254.128,5.1
2024,10,9,18,20,0,18.5,103.9,313.944,5.1
2024,10,9,18,30,0,20.1,102.9,366.712,6
2024,10,9,18,40,0,20.5,101.9,464.646,6
2024,10,9,18,50,0,20.8,100.6,513.336,5.6
2024,10,9,19,0,0,21.6,100.1,614.418,7.1
2024,10,9,19,10,0,21.6,99.3,681.766,7.7
2024,10,9,19,20,0,21.7,98.3,707.744,7.3
2024,10,9,19,30,0,21.7,96.9,738.576,5.8
2024,10,9,19,40,0,21,96.4,718.158,4.9
2024,10,9,19,50,0,20.7,95.3,741.794,3.3
2024,10,9,20,0,0,21.5,93.9,737.136,3.2
2024,10,9,20,10,0,21.5,92.7,731.876,3.7
2024,10,9,20,20,0,21.5,92.2,737.886,2.6
2024,10,9,20,30,0,21.5,91.6,731.032,2.4
2024,10,9,20,40,0,21.5,91.3,733.416,2.1
2024,10,9,20,50,0,21.9,91.5,756.266,2.2
2024,10,9,21,0,0,23.1,89.9,762.546,2.1
2024,10,9,21,10,0,23.5,89.3,753.762,2.2
2024,10,9,21,20,0,24.5,88.5,751.728,2.1
2024,10,9,21,30,0,25,87.9,752.28,2.7
2024,10,9,21,40,0,25.5,87.5,751.526,3.4
2024,10,9,21,50,0,25.5,87.5,754.118,4.3
2024,10,9,22,0,0,25.6,86.9,756.768,3.8
2024,10,9,22,10,0,26.1,86.8,751.798,4.2
2024,10,9,22,20,0,27.2,86.1,752.028,6.1
2024,10,9,22,30,0,28,85.7,756.976,4.9
2024,10,9,22,40,0,28.6,85.4,768.018,2.7
2024,10,9,22,50,0,29.2,84.9,776.882,2.9
2024,10,9,23,0,0,29.7,84.5,782.41,2.6
2024,10,9,23,10,0,30.4,83.8,782.676,2.3
2024,10,9,23,20,0,30.4,83.7,777.726,2.2
2024,10,9,23,30,0,30.5,83.5,764.872,2.3
2024,10,9,23,40,0,30.5,83.5,765.024,2.2
2024,10,9,23,50,0,30.6,83.5,770.61,2.2
2024,10,10,0,0,0,31.3,82.8,758.182,2.2
2024,10,10,0,10,0,31.4,82.8,757.096,2.1
2024,10,10,0,20,0,30.7,83.5,768.972,2
2024,10,10,0,30,0,30.5,83.5,772.244,2.1
2024,10,10,0,40,0,30.5,83.5,777.188,2.1
2024,10,10,0,50,0,30.7,83.3,774.088,2.6
2024,10,10,1,0,0,30.8,83.5,778.244,2.9
2024,10,10,1,10,0,30.9,83.2,769.862,3
2024,10,10,1,20,0,30.9,82.5,765.524,3.1
2024,10,10,1,30,0,30.9,82.5,764.96,3.1
2024,10,10,1,40,0,31,82.5,773.818,3
2024,10,10,1,50,0,31.5,82.4,772.41,3.3
2024,10,10,2,0,0,31.9,82.1,768.598,3.4
2024,10,10,2,10,0,31.5,82.3,771.56,3.1
2024,10,10,2,20,0,31.7,81.8,763.46,2.5
2024,10,10,2,30,0,32.5,81.3,744.804,2.8
2024,10,10,2,40,0,32.9,81.1,739.886,2.7
2024,10,10,2,50,0,32.5,81.5,742.146,2.6
2024,10,10,3,0,0,32.5,81.5,746.222,2.9
2024,10,10,3,10,0,32.7,80.9,742.278,3
2024,10,10,3,20,0,33,80.5,735.262,2.9
2024,10,10,3,30,0,33,80.5,746.798,2.9
2024,10,10,3,40,0,33.2,80.5,750.544,3
2024,10,10,3,50,0,33.4,80.5,753.47,3.2
2024,10,10,4,0,0,33.5,80.5,752.512,3.7
2024,10,10,4,10,0,33.6,80.5,750.114,3.5
2024,10,10,4,20,0,34.4,79.5,729.97,3.7
2024,10,10,4,30,0,35.5,78.5,719.224,4.1
2024,10,10,4,40,0,36,78.5,716.208,4.5
2024,10,10,4,50,0,34.9,78.9,721.894,4.9
2024,10,10,5,0,0,34.4,79.5,725.572,5.1
2024,10,10,5,10,0,34.7,78.9,728.374,5.8
2024,10,10,5,20,0,35.5,78.4,723.504,5.6
2024,10,10,5,30,0,35.9,78.3,708.876,4.4
2024,10,10,5,40,0,36,78.5,710.996,4
2024,10,10,5,50,0,35.8,77.9,709.502,4
2024,10,10,6,0,0,36.4,77.5,701.77,4
2024,10,10,6,10,0,36.2,77,703.298,3.7
2024,10,10,6,20,0,36.7,76.5,692.692,3.5
2024,10,10,6,30,0,36.6,76.6,692.948,3.3
2024,10,10,6,40,0,37,76.2,697.416,3.3
2024,10,10,6,50,0,36.375,76.5,697.138,3.2
2024,10,10,7,0,0,36.4,76.5,694.527,3.3
2024,10,10,7,10,0,36.7,75.5,683.66,3.4
2024,10,10,7,20,0,36.4,76,677.024,3.4
2024,10,10,7,30,0,33.9,78.9,677.342,3.4
2024,10,10,7,40,0,31.1,82.1,677.514,3.2
2024,10,10,7,50,0,27.9,84.4,670.936,3.1
2024,10,10,8,0,0,25.8,85.9,667.998,2.8
2024,10,10,8,10,0,26.3,85.1,645.036,2.5
2024,10,10,8,20,0,26.5,84.5,633.472,2.6
2024,10,10,8,30,0,27.1,85.1,621.782,2.6
2024,10,10,8,40,0,26.3,85.7,612.844,2.4
2024,10,10,8,50,0,25.5,87.1,604.624,2.6
2024,10,10,9,0,0,24.9,88.2,601.244,2.6
2024,10,10,9,10,0,24.4,89.1,595.09,2.5
2024,10,10,9,20,0,24,89.7,582.478,2.8
2024,10,10,9,30,0,24.2,90.4,578.902,3.1
2024,10,10,9,40,0,24,91.1,570.1,3.2
2024,10,10,9,50,0,23.3,92.5,553.362,3.1
2024,10,10,10,0,0,23.1,92.8,538.342,2.8
2024,10,10,10,10,0,22.3,94.3,532.68,2.7
2024,10,10,10,20,0,22,95.1,514.454,2.5
2024,10,10,10,30,0,21.3,95.6,492.102,2.5
2024,10,10,10,40,0,20.4,97.1,472.36,2.3
2024,10,10,10,50,0,20,97.3,457.858,2.4
2024,10,10,11,0,0,19.7,97.6,440.366,2.6
2024,10,10,11,10,0,19.1,98.9,431.204,2.2
2024,10,10,11,20,0,18.6,99.7,415.234,2.1
2024,10,10,11,30,0,18.5,100.3,411.288,1.7
2024,10,10,11,40,0,18.6,100.5,405.392,1.8
2024,10,10,11,50,0,18.3,100.9,392.966,1.7
2024,10,10,12,0,0,18.1,102.1,381.728,1.6
2024,10,10,12,10,0,17.1,102.6,372.32,1.5
2024,10,10,12,20,0,16.5,102.6,363.82,1.6
2024,10,10,12,30,0,16.5,103.3,359.906,1.7
2024,10,10,12,40,0,16.2,104.3,355.694,1.6
2024,10,10,12,50,0,16.4,104.1,348.988,1.7
2024,10,10,13,0,0,16.1,104.5,347.638,1.5
2024,10,10,13,10,0,15.6,104.5,340.074,1.4
2024,10,10,13,20,0,15.7,104.3,334.374,1.3
2024,10,10,13,30,0,15.5,104.1,331.01,1.2
2024,10,10,13,40,0,14.7,104.3,337.108,0.9
2024,10,10,13,50,0,14.6,104.5,341.834,1.1
2024,10,10,14,0,0,14.5,104.6,333.296,1.1
2024,10,10,14,10,0,14.3,105.5,318.402,1.1
2024,10,10,14,20,0,14.1,104.9,320.812,1.1
2024,10,10,14,30,0,13.5,105.3,322.176,0.9
2024,10,10,14,40,0,13.5,105.5,315.546,0.9
2024,10,10,14,50,0,13.9,105.5,313.722,1.2
2024,10,10,15,0,0,14.7,105.3,297.914,1.3
2024,10,10,15,10,0,14.6,106.5,284.502,1.4
2024,10,10,15,20,0,14.5,106.6,278.67,1.4
2024,10,10,15,30,0,15,106.2,268.006,1.8
2024,10,10,15,40,0,15,106.4,246.206,1.7
2024,10,10,15,50,0,14.4,106.6,233.682,2.1
2024,10,10,16,0,0,14.3,106.7,225.41,2.1
2024,10,10,16,10,0,14.2,107.1,217.908,2.3
2024,10,10,16,20,0,14.4,107.1,197.812,2.4
2024,10,10,16,30,0,13.5,106.5,179.662,2.5
2024,10,10,16,40,0,14,105.7,154.91,2.9
2024,10,10,16,50,0,14.5,105.5,127.154,3.4
2024,10,10,17,0,0,14.9,104.1,100.698,3.7
2024,10,10,17,10,0,16.3,102.6,81.144,4.5
2024,10,10,17,20,0,17.1,101.7,70.29,4.5
2024,10,10,17,30,0,17.6,100.9,68.23,4.4
2024,10,10,17,40,0,18.6,99.8,71.726,4.6
2024,10,10,17,50,0,19.5,99,100.38,3.6
2024,10,10,18,0,0,19.5,98.6,169.77,3.3
2024,10,10,18,10,0,20,97.6,223.92,4.4
2024,10,10,18,20,0,20.5,97.2,252.18,4.2
2024,10,10,18,30,0,20.9,96.5,288.132,4.1
2024,10,10,18,40,0,21.5,96.2,318.318,3.6
2024,10,10,18,50,0,22.5,94.9,333.046,4.1
2024,10,10,19,0,0,23.1,94.5,349.6,4.8
2024,10,10,19,10,0,23.7,93.8,362.84,3.9
2024,10,10,19,20,0,25.8,91.8,362.198,4.2
2024,10,10,19,30,0,25.6,92.4,373.162,4.5
2024,10,10,19,40,0,26.2,91.7,384.558,4.7
2024,10,10,19,50,0,27,91,407.502,3.5
2024,10,10,20,0,0,27.6,90.4,401.262,4.1
2024,10,10,20,10,0,27.5,90.5,417.522,3.9
2024,10,10,20,20,0,28.2,89.9,419.576,4.1
2024,10,10,20,30,0,28.7,88.9,428.232,3.8
2024,10,10,20,40,0,29.4,88.1,433.09,4.1
2024,10,10,20,50,0,29.3,87.9,441.76,4
2024,10,10,21,0,0,29.4,88.3,452.31,3.9
2024,10,10,21,10,0,29.9,87.3,431.594,4.1
2024,10,10,21,20,0,29.7,87.1,425.508,4.1
2024,10,10,21,30,0,29.7,86.8,418.884,3.6
2024,10,10,21,40,0,29.8,86.8,427.162,3.6
2024,10,10,21,50,0,29.7,86.5,431.048,3.4
2024,10,10,22,0,0,30,85.9,443.538,3.4
2024,10,10,22,10,0,30,85.5,443.18,3.5
2024,10,10,22,20,0,30.5,85.3,457.416,3.4
2024,10,10,22,30,0,30.6,85.5,468.004,3.1
2024,10,10,22,40,0,31.2,85,464.138,3.1
2024,10,10,22,50,0,31.8,84.5,449.226,3.5
2024,10,10,23,0,0,31.7,84.5,457.678,3.2
2024,10,10,23,10,0,32.2,83.9,472.748,3.5
2024,10,10,23,20,0,32.4,83.8,475.79,3.5
2024,10,10,23,30,0,33.2,83.1,479.07,3.5
2024,10,10,23,40,0,33.7,82.5,479.046,3.4
2024,10,10,23,50,0,33.4,82.5,475.642,3.6
2024,10,11,0,0,0,33.8,81.9,463.5,3.4
2024,10,11,0,10,0,33.8,81.5,457.92,3.9
2024,10,11,0,20,0,33.4,81.5,455.41,6.6
2024,10,11,0,30,0,34,80.8,448.696,7.1
2024,10,11,0,40,0,34.2,80.3,446.186,5.8
2024,10,11,0,50,0,34,80.5,448.276,4.9
2024,10,11,1,0,0,34.3,80,451.728,4.5
2024,10,11,1,10,0,35.4,79.1,448.718,4.1
2024,10,11,1,20,0,34.9,79.5,457.394,4.4
2024,10,11,1,30,0,34.8,79.5,466.954,4.8
2024,10,11,1,40,0,35.4,79.1,461.62,5.1
2024,10,11,1,50,0,36,78.5,452.608,4.6
2024,10,11,2,0,0,35.9,78.5,451.164,4.2
2024,10,11,2,10,0,36,78.5,450.018,4.1
2024,10,11,2,20,0,36.3,78.5,446.166,4.1
2024,10,11,2,30,0,36.2,78.5,443.628,4.2
2024,10,11,2,40,0,36.2,78.5,443.542,4.1
2024,10,11,2,50,0,36.6,78.3,443.794,4.1
2024,10,11,3,0,0,37,77.5,426.224,4
2024,10,11,3,10,0,37.9,77.2,417.968,4.1
2024,10,11,3,20,0,38,77.5,426.222,4.2
2024,10,11,3,30,0,37.8,77.2,434.076,4.3
2024,10,11,3,40,0,38,77.1,434.382,4.4
2024,10,11,3,50,0,37.9,77,434.016,4.4
2024,10,11,4,0,0,38,76.5,424.972,4.3
2024,10,11,4,10,0,38,76.5,415.518,4.1
2024,10,11,4,20,0,37.9,76.5,420.98,4.3
2024,10,11,4,30,0,37.4,76.5,421.184,4.1
2024,10,11,4,40,0,37.8,76.5,416.414,4.2
2024,10,11,4,50,0,37.5,76.5,412.986,4.2
2024,10,11,5,0,0,37.8,76.5,420.662,4.3
2024,10,11,5,10,0,38,76.5,421.484,4.2
2024,10,11,5,20,0,38,75.5,413.392,4.1
2024,10,11,5,30,0,38,75.5,407.514,4.3
2024,10,11,5,40,0,38,75.5,405.952,4.2
2024,10,11,5,50,0,38,75.5,408.356,4.1
2024,10,11,6,0,0,38,75.5,411.21,4.4
2024,10,11,6,10,0,38.7,75.1,419.772,4.7
2024,10,11,6,20,0,38.9,74.8,415.364,4.7
2024,10,11,6,30,0,39,74.9,407.226,4.5
2024,10,11,6,40,0,39,74.5,403.232,4.6
2024,10,11,6,50,0,38.9,74.5,402.968,4.7
2024,10,11,7,0,0,38,74.5,406.274,4.6
2024,10,11,7,10,0,38.2,74.7,404.714,4.7
2024,10,11,7,20,0,39,75,409.312,5.3
2024,10,11,7,30,0,36.5,76.3,424.612,5.4
2024,10,11,7,40,0,32.6,79.9,397.956,4.2
2024,10,11,7,50,0,29,83.2,382.174,3.9
2024,10,11,8,0,0,27.4,83.9,362.84,3
2024,10,11,8,10,0,28,82.5,358.766,2.9
2024,10,11,8,20,0,28.1,83.1,357.1,3
2024,10,11,8,30,0,26.4,84.4,343.15,3
2024,10,11,8,40,0,25.5,85.1,329.78,3
2024,10,11,8,50,0,25.5,85.5,321.896,2.9
2024,10,11,9,0,0,25.5,86.5,312.874,5.4
2024,10,11,9,10,0,26,87.9,311.226,7
2024,10,11,9,20,0,26.4,88.4,309.778,5.7
2024,10,11,9,30,0,26,89,304.432,5.5
2024,10,11,9,40,0,25.8,89.1,293.34,5.8
2024,10,11,9,50,0,26,88.6,282.466,6
2024,10,11,10,0,0,26,88.2,263.47,6
2024,10,11,10,10,0,26.1,88.5,267.634,6.1
2024,10,11,10,20,0,25.2,90.3,275.942,6.3
2024,10,11,10,30,0,24.4,91.7,255.936,6.4
2024,10,11,10,40,0,23.4,93.5,254.57,6.5
2024,10,11,10,50,0,23,93.6,235.378,6.8
2024,10,11,11,0,0,22.7,93.4,218.998,6.7
2024,10,11,11,10,0,22.3,94.5,203.906,6.7
2024,10,11,11,20,0,21.6,95.4,185.656,6.6
2024,10,11,11,30,0,21.6,94.9,168.344,6.7
2024,10,11,11,40,0,21.5,95.5,159.494,6.7
2024,10,11,11,50,0,21.4,95.1,160.272,7.6
2024,10,11,12,0,0,21.9,95,135.998,7.3
2024,10,11,12,10,0,21.3,96.5,127.548,7.1
2024,10,11,12,20,0,20.4,97.7,103.898,5
2024,10,11,12,30,0,19.1,99.9,101.642,3.8
2024,10,11,12,40,0,18.5,99,58.034,4
2024,10,11,12,50,0,18.7,99,58.27,3.7
2024,10,11,13,0,0,17.2,100.4,50.4,2.6
2024,10,11,13,10,0,16.5,101.4,50.566,2.4
2024,10,11,13,20,0,15.5,102.1,54.538,1.7
2024,10,11,13,30,0,14.6,104,52.868,1.6
2024,10,11,13,40,0,14.5,104.7,58.74,1.6
2024,10,11,13,50,0,14.4,105.7,53.7,1.8
2024,10,11,14,0,0,14.8,107.1,53.454,2.3
2024,10,11,14,10,0,14.8,107,50.094,2.4
2024,10,11,14,20,0,13.9,108.3,58.204,1.9
2024,10,11,14,30,0,13,108.7,69.104,1.5
2024,10,11,14,40,0,12.5,109.1,74.578,1.5
2024,10,11,14,50,0,12.5,108,54.16,1.5
2024,10,11,15,0,0,12.5,108.8,70.068,1.5
2024,10,11,15,10,0,12.4,109,71.03,1.4
2024,10,11,15,20,0,12.1,108.9,55.276,1.3
2024,10,11,15,30,0,11.5,109.5,89.344,1.1
2024,10,11,15,40,0,11.5,109,88.5,1.1
2024,10,11,15,50,0,11.5,109.1,83.12,1.3
2024,10,11,16,0,0,11.8,109.2,65.812,1.4
2024,10,11,16,10,0,11.5,108.8,64.666,1.3
2024,10,11,16,20,0,11.5,108.9,74.51,1.3
2024,10,11,16,30,0,11.5,107.9,59.154,1.2
2024,10,11,16,40,0,11.5,108.4,61.248,1.1
2024,10,11,16,50,0,11.5,107.8,89.328,1
2024,10,11,17,0,0,11.6,106.6,86.214,0.9
2024,10,11,17,10,0,12.5,105.5,76.582,1
2024,10,11,17,20,0,12.3,104.9,92.246,0.9
2024,10,11,17,30,0,11.8,105,136.356,0.8
2024,10,11,17,40,0,13.4,105.2,191.262,1
2024,10,11,17,50,0,14.5,104.9,184.88,1.1
2024,10,11,18,0,0,15.1,104.4,212.636,1.3
2024,10,11,18,10,0,16.3,103.4,234.624,1.7
2024,10,11,18,20,0,17.7,102.3,283.938,1.7
2024,10,11,18,30,0,18.5,101,310.098,2
2024,10,11,18,40,0,19.5,99.8,343.762,2.1
2024,10,11,18,50,0,20.6,98.1,381.048,4.5
2024,10,11,19,0,0,21.5,97.2,420.25,2.7
2024,10,11,19,10,0,21.7,96.5,457.542,2.4
2024,10,11,19,20,0,22.4,95.2,476.888,4.2
2024,10,11,19,30,0,22.9,94.5,487.76,1.8
2024,10,11,19,40,0,23.2,93.6,506.91,2.5
2024,10,11,19,50,0,24.1,93,535.568,2.6
2024,10,11,20,0,0,24.6,92.2,551.022,2.4
2024,10,11,20,10,0,25.3,91.5,552.57,2.6
2024,10,11,20,20,0,25.5,91.3,547.414,2.4
2024,10,11,20,30,0,26,90.5,556.81,2.5
2024,10,11,20,40,0,26.5,90.4,556.042,2.6
2024,10,11,20,50,0,26.7,89.7,571.582,3.3
2024,10,11,21,0,0,27.4,89.1,569.73,3.6
2024,10,11,21,10,0,27.7,88.5,542.426,2.7
2024,10,11,21,20,0,28.3,88.5,516.34,2.5
2024,10,11,21,30,0,28.8,87.5,518.26,3.1
2024,10,11,21,40,0,29.1,87.5,525.828,3.7
2024,10,11,21,50,0,30,87,528.214,4.1
2024,10,11,22,0,0,30.2,86.9,528.84,3.8
2024,10,11,22,10,0,30.1,86.5,515.882,4
2024,10,11,22,20,0,30.1,86.5,503.744,5.3
2024,10,11,22,30,0,31.6,85.8,491.996,3.4
2024,10,11,22,40,0,31.5,85.5,490.54,3.5
2024,10,11,22,50,0,30.9,85.1,462.97,4.1
2024,10,11,23,0,0,30.7,84.5,440.106,3.5
2024,10,11,23,10,0,30.7,84.5,424.544,3.2
2024,10,11,23,20,0,29.6,84.5,398.618,3.3
2024,10,11,23,30,0,29.6,83.5,389.574,3.4
2024,10,11,23,40,0,29.8,82.5,364.356,3.1
2024,10,11,23,50,0,29.5,82.5,360.818,3
2024,10,12,0,0,0,30,81.9,356.284,3
2024,10,12,0,10,0,30.8,81.3,354.96,3.3
2024,10,12,0,20,0,31.6,80.5,361.312,3.1
2024,10,12,0,30,0,32.6,79.7,370.404,3.1
2024,10,12,0,40,0,33,78.9,376.612,3
2024,10,12,0,50,0,33,78.5,411.697,2.9
2024,10,12,1,0,0,32.6,78.3,415.668,2.7
2024,10,12,1,10,0,32,77.6,404.902,2.4
2024,10,12,1,20,0,31.8,77.5,398.518,2.5
2024,10,12,1,30,0,31.9,77.1,398.1,2.3
2024,10,12,1,40,0,32.2,76.7,400.746,2.4
2024,10,12,1,50,0,32,77,408.124,2.5
2024,10,12,2,0,0,32.5,76.6,412.92,2.6
2024,10,12,2,10,0,33,76.5,412.992,2.6
2024,10,12,2,20,0,32.8,76.5,417.778,2.7
2024,10,12,2,30,0,32.5,76.8,422.838,2.7
2024,10,12,2,40,0,32.7,76.5,425.348,2.7
2024,10,12,2,50,0,33.8,75.6,422.362,2.6
2024,10,12,3,0,0,34.3,75.5,420.33,2.7
2024,10,12,3,10,0,34.2,75.5,424.72,2.7
2024,10,12,3,20,0,33.9,75.5,428.162,2.8
2024,10,12,3,30,0,33.7,75.5,429.604,2.6
2024,10,12,3,40,0,34,75.5,433.308,2.7
2024,10,12,3,50,0,34.3,75.5,436.31,2.9
2024,10,12,4,0,0,34.8,74.7,434.716,2.8
2024,10,12,4,10,0,36,73.9,430.972,2.9
2024,10,12,4,20,0,35.8,74.2,433.004,3.1
2024,10,12,4,30,0,35.9,74.1,439.332,3.3
2024,10,12,4,40,0,36.3,73.5,438.654,3.3
2024,10,12,4,50,0,37,72.6,432.276,3.3
2024,10,12,5,0,0,37.3,72.7,431.278,3.5
2024,10,12,5,10,0,37.8,71.9,430.636,3.6
2024,10,12,5,20,0,38.2,71.5,426.528,3.6
2024,10,12,5,30,0,38,71.7,427.528,3.7
2024,10,12,5,40,0,38,71.4,422.712,3.5
2024,10,12,5,50,0,38.9,71.2,418.724,3.6
2024,10,12,6,0,0,39.2,70.4,414.286,3.4
2024,10,12,6,10,0,39,70.5,410.94,3.5
2024,10,12,6,20,0,39.1,70.5,409.348,3.6
2024,10,12,6,30,0,39.9,70.5,405.398,3.5
2024,10,12,6,40,0,39.7,70.1,402.226,3.3
2024,10,12,6,50,0,39.8,69.8,399.728,3.4
2024,10,12,7,0,0,40,69.5,396.61,3.4
2024,10,12,7,10,0,40,69.5,394.87,3.3
2024,10,12,7,20,0,39.7,70.5,401.356,3.6
2024,10,12,7,30,0,37.6,72.5,407.422,3.8
2024,10,12,7,40,0,34.7,75.5,405.94,3.7
2024,10,12,7,50,0,31.9,78.3,405.288,4.6
2024,10,12,8,0,0,29.3,80.9,405.064,3.8
2024,10,12,8,10,0,30.5,79.3,402.07,3.4
2024,10,12,8,20,0,30.8,78.9,394.312,3.2
2024,10,12,8,30,0,30.4,79.3,384.522,3.2
2024,10,12,8,40,0,30.5,79.3,379.782,3.9
2024,10,12,8,50,0,29.5,80.5,372.424,3.5
2024,10,12,9,0,0,29.4,80.9,366.132,3.7
2024,10,12,9,10,0,28.4,82.5,367.12,3.7
2024,10,12,9,20,0,26.8,84.2,361.976,3.7
2024,10,12,9,30,0,26.3,84.7,347.588,3.9
2024,10,12,9,40,0,26.4,84.9,334.606,4.2
2024,10,12,9,50,0,25.7,86.3,323.528,4.4
2024,10,12,10,0,0,24.6,87.2,311.492,4
2024,10,12,10,10,0,24.3,87.4,289.084,3.2
2024,10,12,10,20,0,23.6,88.2,276.562,3.1
2024,10,12,10,30,0,22.5,89.3,257.228,3
2024,10,12,10,40,0,21.9,90.3,239.068,2.8
2024,10,12,10,50,0,21.5,91.2,226.06,3
2024,10,12,11,0,0,20.7,92.2,210.076,2.8
2024,10,12,11,10,0,20.5,92.6,196.806,2.5
2024,10,12,11,20,0,19.7,93.9,183.856,2.2
2024,10,12,11,30,0,19,95.9,178.364,2.2
2024,10,12,11,40,0,17.9,97.1,165.024,1.9
2024,10,12,11,50,0,17.5,97.5,141.848,2.2
2024,10,12,12,0,0,17.1,99,128.878,1.8
2024,10,12,12,10,0,16.5,100,122.162,1.6
2024,10,12,12,20,0,16.5,100.6,107.12,1.8
2024,10,12,12,30,0,16.5,100.4,89.646,1.6
2024,10,12,12,40,0,16.6,100.7,76.02,1.6
2024,10,12,12,50,0,16.4,101.6,60,1.5
2024,10,12,13,0,0,15.6,103.1,53.23,1.6
2024,10,12,13,10,0,15.3,103.7,51.868,1.4
2024,10,12,13,20,0,14.6,104.2,52.826,1.5
2024,10,12,13,30,0,14.9,103.2,51.27,1.5
2024,10,12,13,40,0,14.5,104,55.478,1.4
2024,10,12,13,50,0,14.1,104.7,59.302,1.3
2024,10,12,14,0,0,13.8,105,54.236,1.3
2024,10,12,14,10,0,13.9,106.2,59.026,1.2
2024,10,12,14,20,0,13.7,106.2,54.218,1.3
2024,10,12,14,30,0,13.1,106.7,53.524,1.2
2024,10,12,14,40,0,13.2,106.3,53.176,1.3
2024,10,12,14,50,0,13.4,106.7,53.758,1.2
2024,10,12,15,0,0,13.3,106.7,53.108,1.2
2024,10,12,15,10,0,12.4,106.5,51.334,1.2
2024,10,12,15,20,0,12.4,106.5,53.842,1.2
2024,10,12,15,30,0,12.5,106.3,56.954,1.1
2024,10,12,15,40,0,12.5,106.1,52.156,1.3
2024,10,12,15,50,0,12.5,106.3,55.374,1.3
2024,10,12,16,0,0,12.5,106,52.664,1.5
2024,10,12,16,10,0,12.5,106.5,58.52,1.5
2024,10,12,16,20,0,13.1,105.4,51.376,1.5
2024,10,12,16,30,0,12.5,105.2,56.786,1.3
2024,10,12,16,40,0,12.5,104.4,56.862,1.2
2024,10,12,16,50,0,12.5,104.1,53.582,1.1
2024,10,12,17,0,0,12.8,104.1,72.286,1.2
2024,10,12,17,10,0,14.4,102.5,73.952,1.4
2024,10,12,17,20,0,15.3,101,67.932,1.6
2024,10,12,17,30,0,16.3,99.8,71.684,2.1
2024,10,12,17,40,0,16.9,98.5,80.954,1.4
2024,10,12,17,50,0,18.1,97.3,87.944,1.4
2024,10,12,18,0,0,19.3,96.3,97.712,1.4
2024,10,12,18,10,0,20.5,95,114.268,1.3
2024,10,12,18,20,0,21.5,93.5,133.862,1.3
2024,10,12,18,30,0,22.2,93.3,175.78,1.6
2024,10,12,18,40,0,23.3,91.6,198.808,1.6
2024,10,12,18,50,0,23.5,91.1,225.602,1.8
2024,10,12,19,0,0,24.2,90.3,252.07,1.9
2024,10,12,19,10,0,25,89.3,254.978,1.8
2024,10,12,19,20,0,25.1,88.9,272.06,2
2024,10,12,19,30,0,25.5,88.5,274.47,1.8
2024,10,12,19,40,0,25.8,88.3,298.096,1.9
2024,10,12,19,50,0,27.1,86.9,292.842,2
2024,10,12,20,0,0,27.5,86.5,301.282,2.5
2024,10,12,20,10,0,27.8,86.3,316.174,2.6
2024,10,12,20,20,0,28.9,85.2,323.108,2.2
2024,10,12,20,30,0,29.4,84.8,351.174,1.9
2024,10,12,20,40,0,30.4,83.9,363.73,2.1
2024,10,12,20,50,0,30.6,83.7,382.338,2
2024,10,12,21,0,0,31.2,83.7,398.12,2.2
2024,10,12,21,10,0,31.8,83.5,407.062,2.1
2024,10,12,21,20,0,32.6,83.4,413.046,2.1
2024,10,12,21,30,0,33.4,82.7,419.772,2.2
2024,10,12,21,40,0,33.9,82.5,428.206,2.2
2024,10,12,21,50,0,35,81.833,437.675,2.4
2024,10,12,22,0,0,35.3,81.9,444.996,2.4
2024,10,12,22,10,0,35.8,81.5,450.754,2.5
2024,10,12,22,20,0,36,81.5,456.696,2.5
2024,10,12,22,30,0,36.4,81,461.916,2.4
2024,10,12,22,40,0,36.8,80.5,469.798,3.3
2024,10,12,22,50,0,37.8,79.9,471.424,2.7
2024,10,12,23,0,0,38.1,79.7,469.122,2.8
2024,10,12,23,10,0,37.9,79.9,471.81,2.5
2024,10,12,23,20,0,38.2,79.5,471.028,2.3
2024,10,12,23,30,0,38.1,79.5,471.962,2.1
2024,10,12,23,40,0,38.9,79.3,468.516,2.1
2024,10,12,23,50,0,39.5,79.3,471.432,2
2024,10,13,0,0,0,40.1,79,473.668,2.2
2024,10,13,0,10,0,40.9,78.5,472.546,2.1
2024,10,13,0,20,0,41.5,78.5,473.06,2.2
2024,10,13,0,30,0,42.4,77.9,473.686,2.3
2024,10,13,0,40,0,42.9,77.8,473.328,2.1
2024,10,13,0,50,0,42.8,78.5,473.986,2.1
2024,10,13,1,0,0,42.4,78.5,478.382,2.2
2024,10,13,1,10,0,43.3,77.9,476.046,2.1
2024,10,13,1,20,0,44,77.5,475.89,2
2024,10,13,1,30,0,44.8,77.5,473.204,2.1
2024,10,13,1,40,0,45.1,77.2,472.572,2
2024,10,13,1,50,0,45.5,77.3,471.852,2
2024,10,13,2,0,0,45.5,77.5,472.532,2
2024,10,13,2,10,0,45.5,77.2,468.816,2
2024,10,13,2,20,0,44.5,77.7,469.632,1.9
2024,10,13,2,30,0,44.2,78.1,470.456,1.9
2024,10,13,2,40,0,45.1,77.3,465.914,1.9
2024,10,13,2,50,0,45.2,77.3,464.998,1.9
2024,10,13,3,0,0,44.6,77.5,467.514,2
2024,10,13,3,10,0,44.8,77.2,467.958,2
2024,10,13,3,20,0,44.7,77.5,468.718,2.1
2024,10,13,3,30,0,46,76.5,465.91,2.2
2024,10,13,3,40,0,47.1,75.9,462.406,2.3
2024,10,13,3,50,0,46.5,76.5,463.582,2.4
2024,10,13,4,0,0,46.5,76.5,460.696,2.7
2024,10,13,4,10,0,47.1,76,456.778,3
2024,10,13,4,20,0,48.5,75.5,450.556,3.4
2024,10,13,4,30,0,49.5,74.9,445.332,3.4
2024,10,13,4,40,0,49.3,75,443.178,3.6
2024,10,13,4,50,0,48.3,75.6,445.074,3.6
2024,10,13,5,0,0,47,76.3,448.86,3.6
2024,10,13,5,10,0,46.5,76.5,450.45,3.8
2024,10,13,5,20,0,45.4,76.5,452.344,3.9
2024,10,13,5,30,0,45.7,76.5,448.736,3.9
2024,10,13,5,40,0,45.6,76.5,444.758,4
2024,10,13,5,50,0,45.1,76.5,445.82,4
2024,10,13,6,0,0,45.3,76.5,443.072,4
2024,10,13,6,10,0,45.3,76.5,441.496,4.3
2024,10,13,6,20,0,44.3,76.5,441.288,4.3
2024,10,13,6,30,0,43.6,76.5,440.57,4.2
2024,10,13,6,40,0,43.2,76.4,438.994,4.3
2024,10,13,6,50,0,43.7,75.7,436.156,3.8
2024,10,13,7,0,0,44.5,75.5,430.79,3.2
2024,10,13,7,10,0,45.3,75.5,426.006,3.5
2024,10,13,7,20,0,45.4,75.5,423.242,4.5
2024,10,13,7,30,0,45,76.6,419.038,5.1
2024,10,13,7,40,0,43.3,78.3,418.088,7.9
2024,10,13,7,50,0,43.5,78.2,416.93,7.8
2024,10,13,8,0,0,45.5,77.5,411.636,5.9
2024,10,13,8,10,0,46.5,77.4,406.648,7.7
2024,10,13,8,20,0,47.3,77.3,402.474,8.5
2024,10,13,8,30,0,48.4,76.5,397.964,9.4
2024,10,13,8,40,0,48.5,76.6,397.598,10
2024,10,13,8,50,0,48.5,76.9,398.242,10.7
2024,10,13,9,0,0,49.2,76.7,397.15,11.5
2024,10,13,9,10,0,48.7,77,395.944,10.7
2024,10,13,9,20,0,48.8,77.3,394.02,10.6
2024,10,13,9,30,0,48.4,77.7,385.1,11.5
2024,10,13,9,40,0,48.4,77.6,373.738,10.4
2024,10,13,9,50,0,48.5,78,364.998,10.3
2024,10,13,10,0,0,48.1,77.8,361.992,11.2
2024,10,13,10,10,0,47.5,78.7,360.682,11.8
2024,10,13,10,20,0,47.1,79.3,358.73,12.2
2024,10,13,10,30,0,46.3,79.7,354.676,12.5
2024,10,13,10,40,0,45.5,79.8,351.266,14.1
2024,10,13,10,50,0,45,80.5,344.044,13.3
2024,10,13,11,0,0,43.6,81.7,328.03,11.6
2024,10,13,11,10,0,40.5,85,323.024,11.7
2024,10,13,11,20,0,37.8,86.5,307.194,11.2
2024,10,13,11,30,0,36.2,87.5,290.54,11.3
2024,10,13,11,40,0,33.9,89.3,275.774,11.2
2024,10,13,11,50,0,31.9,91.5,261.496,10.4
2024,10,13,12,0,0,30.6,91.9,245.264,10.5
2024,10,13,12,10,0,30,93,225.078,10.3
2024,10,13,12,20,0,28.4,94.1,213.696,10.2
2024,10,13,12,30,0,27.8,94.6,191.378,10.4
2024,10,13,12,40,0,27,95.2,175.276,11.5
2024,10,13,12,50,0,26.5,96.7,163.12,10.2
2024,10,13,13,0,0,26.3,96.7,153.766,10
2024,10,13,13,10,0,25.1,97.7,139.456,8.9
2024,10,13,13,20,0,24.4,98.7,128.522,7.6
2024,10,13,13,30,0,23.8,99.2,115.086,8.4
2024,10,13,13,40,0,23.5,99.7,103.806,6.4
2024,10,13,13,50,0,22.7,100.5,98.29,5.6
2024,10,13,14,0,0,22.1,101.2,93.438,6.1
2024,10,13,14,10,0,21.9,101.2,74.658,6.1
2024,10,13,14,20,0,21.5,101.9,66.414,4.4
2024,10,13,14,30,0,21.2,101.5,55.684,4.3
2024,10,13,14,40,0,20.7,101.6,52.672,4.1
2024,10,13,14,50,0,20.7,101.8,54.126,3.7
2024,10,13,15,0,0,20.5,101.5,61.2,3.3
2024,10,13,15,10,0,20.4,102,65.636,3.2
2024,10,13,15,20,0,19.9,102.5,65.66,3.1
2024,10,13,15,30,0,19.7,102.6,71.148,3.2
2024,10,13,15,40,0,19.8,102.5,52.666,3.7
2024,10,13,15,50,0,19.2,102.9,64.07,3.1
2024,10,13,16,0,0,19.4,102.4,69.934,3
2024,10,13,16,10,0,19.5,102.1,62.862,2.7
2024,10,13,16,20,0,19.3,102.4,74.02,2.7
2024,10,13,16,30,0,19.7,101.7,70.812,2.8
2024,10,13,16,40,0,20,101.2,58.698,2.6
2024,10,13,16,50,0,20.4,101.4,58.36,2.8
2024,10,13,17,0,0,20.6,101.2,59.642,2.7
2024,10,13,17,10,0,20.5,100.9,67.17,2.8
2024,10,13,17,20,0,21,99.8,67.376,2.8
2024,10,13,17,30,0,20.9,99.5,77.79,2.8
2024,10,13,17,40,0,21.2,99.2,90.608,2.7
2024,10,13,17,50,0,21.4,98.6,114.32,2.7
2024,10,13,18,0,0,21.9,97.9,134.632,2.6
2024,10,13,18,10,0,22.6,97,154.852,3.1
2024,10,13,18,20,0,23.5,96.1,188.57,3.8
2024,10,13,18,30,0,24.4,95.1,223.486,2.7
2024,10,13,18,40,0,25.4,94,244.472,3.2
2024,10,13,18,50,0,26.4,93.5,258.048,3.9
2024,10,13,19,0,0,26.8,92.7,277.168,4.5
2024,10,13,19,10,0,27.6,91.9,282.958,3.8
2024,10,13,19,20,0,28.2,91.1,279.508,3.5
2024,10,13,19,30,0,28.6,90.4,283.626,3.4
2024,10,13,19,40,0,29.3,89.4,292.706,3.6
2024,10,13,19,50,0,29.9,89.5,290.274,3.5
2024,10,13,20,0,0,30.6,88.7,286.174,3.5
2024,10,13,20,10,0,30.9,88.5,289.802,4.9
2024,10,13,20,20,0,31.4,88,308.332,3.9
2024,10,13,20,30,0,31.9,87.5,329.718,3.9
2024,10,13,20,40,0,32.4,87,344.744,3.8
2024,10,13,20,50,0,33.7,86.5,357.49,4
2024,10,13,21,0,0,34,85.9,362.204,4
2024,10,13,21,10,0,34.3,85.5,365.004,4.4
2024,10,13,21,20,0,34.7,85.4,366.542,4.1
2024,10,13,21,30,0,35,84.6,365.638,4.4
2024,10,13,21,40,0,35.6,84.5,366.436,4.3
2024,10,13,21,50,0,36,84.5,359.174,4.3
2024,10,13,22,0,0,36.5,83.6,335.662,5.9
2024,10,13,22,10,0,37,83.5,334.344,6.5
2024,10,13,22,20,0,37,83.4,346.788,5.8
2024,10,13,22,30,0,37.1,82.9,347.778,5.6
2024,10,13,22,40,0,37.5,82.5,342.002,7
2024,10,13,22,50,0,38,82.5,344.674,7.1
2024,10,13,23,0,0,38,82.5,355.09,5.7
2024,10,13,23,10,0,38,82.4,348.224,6.2
2024,10,13,23,20,0,38.1,82,342.372,6.9
2024,10,13,23,30,0,38.6,81.7,340.566,7.7
2024,10,13,23,40,0,39.7,81.5,337.436,7.7
2024,10,13,23,50,0,40.1,81.5,334.732,7.2
2024,10,14,0,0,0,40.6,81.3,319.588,6.8
2024,10,14,0,10,0,41,81.2,304.482,6.6
2024,10,14,0,20,0,40.9,80.9,300.102,6.7
2024,10,14,0,30,0,41,81.2,296.82,6.4
2024,10,14,0,40,0,41.375,80.5,303.337,5.9
2024,10,14,0,50,0,42.1,80.5,283.448,6.7
2024,10,14,1,0,0,42.8,80.2,269.19,8.1
2024,10,14,1,10,0,42.3,80.5,273.024,9.4
2024,10,14,1,20,0,41.8,80.5,284.69,9.1
2024,10,14,1,30,0,41.4,80.7,298.506,11.5
2024,10,14,1,40,0,41,80.5,300.778,11.6
2024,10,14,1,50,0,42.5,79,297.934,12.9
2024,10,14,2,0,0,43.4,77.7,298.144,14.2
2024,10,14,2,10,0,42.8,78.3,299.624,13.9
2024,10,14,2,20,0,41.7,78.5,306.242,14.1
2024,10,14,2,30,0,41.9,78.5,305.798,14.7
2024,10,14,2,40,0,42.2,78.1,300.524,15.6
2024,10,14,2,50,0,43.3,77.5,295.096,16.6
2024,10,14,3,0,0,44,76.8,293.12,17.6
2024,10,14,3,10,0,44,77.1,294.614,18
2024,10,14,3,20,0,43.9,76.7,299.164,18.5
2024,10,14,3,30,0,44.2,76.7,301.534,18.6
2024,10,14,3,40,0,44.6,76.4,300.718,19.4
2024,10,14,3,50,0,45.4,75.7,298.222,19.8
2024,10,14,4,0,0,45.4,75.9,299.296,20.3
2024,10,14,4,10,0,44.1,76.5,303.374,20.2
2024,10,14,4,20,0,43.2,77,306.404,20.1
2024,10,14,4,30,0,43,77.2,307.792,20.6
2024,10,14,4,40,0,43,77.2,307.236,21.3
2024,10,14,4,50,0,43.1,76.9,305.29,21.1
2024,10,14,5,0,0,43,77.2,305.384,21.4
2024,10,14,5,10,0,42.6,77.3,304.84,21.2
2024,10,14,5,20,0,42.1,77.2,305.602,21.3
2024,10,14,5,30,0,42.6,77.2,305.568,21.5
2024,10,14,5,40,0,42.5,76.5,304.018,21.5
2024,10,14,5,50,0,42.6,76.5,303.268,21.2
2024,10,14,6,0,0,42.6,76.5,305.282,21.4
2024,10,14,6,10,0,42.5,76.5,306.932,21.1
2024,10,14,6,20,0,42.9,76.5,308.064,21
2024,10,14,6,30,0,43.375,75.625,305.757,21.3
2024,10,14,6,40,0,43.375,75.375,304.757,21.8
2024,10,14,6,50,0,43.25,75.125,306.333,22
2024,10,14,7,0,0,42.9,75.5,305.3,21.7
2024,10,14,7,10,0,42.8,75.5,308.982,21.4
2024,10,14,7,20,0,42.4,75.5,307.482,21
2024,10,14,7,30,0,41.5,77.3,321.174,21.7
2024,10,14,7,40,0,39.7,80.1,315.834,22.6
2024,10,14,7,50,0,37.7,82.3,299.2,23.3
2024,10,14,8,0,0,35.4,84.8,292.522,24.1
2024,10,14,8,10,0,37.9,82.4,291.17,24.8
2024,10,14,8,20,0,40.3,81.1,286.906,25.7
2024,10,14,8,30,0,39.6,81.9,279.04,28.6
2024,10,14,8,40,0,38.5,82.7,275.446,30.5
2024,10,14,8,50,0,38.6,82.3,260.896,30.9
2024,10,14,9,0,0,37.8,83.1,245.01,31.5
2024,10,14,9,10,0,36.7,84.6,228.862,29.8
2024,10,14,9,20,0,34.5,86.4,222.972,28.8
2024,10,14,9,30,0,34,86.5,204.872,28.1
2024,10,14,9,40,0,32.8,88,191.628,25.7
2024,10,14,9,50,0,32,88.5,163.33,21.9
2024,10,14,10,0,0,32.1,88.5,154.242,23.9
2024,10,14,10,10,0,31,89.8,142.024,22
2024,10,14,10,20,0,29.8,91.4,131.018,21.4
2024,10,14,10,30,0,28.7,92.6,108.632,20.1
2024,10,14,10,40,0,27.7,93.5,88.676,20.2
2024,10,14,10,50,0,26.9,94.3,67.168,18.7
2024,10,14,11,0,0,26.1,94.9,55.7,18.6
2024,10,14,11,10,0,26,95.7,51.808,19.5
2024,10,14,11,20,0,25.5,96.6,54.076,18.9
2024,10,14,11,30,0,24.6,98.1,52.006,17.2
2024,10,14,11,40,0,23.9,98.5,50.928,16.9
2024,10,14,11,50,0,23.7,99.1,51.326,18.4
2024,10,14,12,0,0,23.3,99.6,50.686,19.9
2024,10,14,12,10,0,22.1,101.5,53.526,17.2
2024,10,14,12,20,0,21.7,102.2,51.102,16.5
2024,10,14,12,30,0,21.1,102.5,50.974,16.1
2024,10,14,12,40,0,20.8,103.4,51.394,14.2
2024,10,14,12,50,0,20.6,103.2,51.582,13.1
2024,10,14,13,0,0,20.3,104,52,13
2024,10,14,13,10,0,20,103.8,56.562,11.4
2024,10,14,13,20,0,19.6,104.3,53.708,11
2024,10,14,13,30,0,19.2,105.3,53.504,11
2024,10,14,13,40,0,18.9,105.6,51.166,11.3
2024,10,14,13,50,0,18.2,106.3,61.952,9
2024,10,14,14,0,0,18.2,106.1,63.848,8.7
2024,10,14,14,10,0,17.9,106.4,79.148,6.7
2024,10,14,14,20,0,18,106.3,114.062,7
2024,10,14,14,30,0,17.9,106.5,100.922,6.7
2024,10,14,14,40,0,17.3,107.1,138.336,5.2
2024,10,14,14,50,0,17.4,106.9,147.102,5.5
2024,10,14,15,0,0,17.4,107,141.92,5.5
2024,10,14,15,10,0,17.2,107.3,150.344,5.1
2024,10,14,15,20,0,17.5,106.5,145.518,4.4
2024,10,14,15,30,0,17.5,105.8,147.038,4.1
2024,10,14,15,40,0,16.5,106.4,164.47,3.8
2024,10,14,15,50,0,16.8,105.6,166.392,3.7
2024,10,14,16,0,0,17.7,105.5,158.696,4.5
2024,10,14,16,10,0,17.1,105.4,143.978,4.2
2024,10,14,16,20,0,17.4,104.3,129.132,4
2024,10,14,16,30,0,17.8,103.6,117.292,3.6
2024,10,14,16,40,0,18.5,103.5,118.448,4.1
2024,10,14,16,50,0,18.3,102.7,112.868,3.6
2024,10,14,17,0,0,18.6,101.5,108.558,3.2
2024,10,14,17,10,0,19.8,100.8,114.266,3.9
2024,10,14,17,20,0,20.9,99.9,115.32,4.3
2024,10,14,17,30,0,21.6,98.5,100.866,3.8
2024,10,14,17,40,0,22.3,97.6,103.06,3.5
2024,10,14,17,50,0,22.5,97.1,128.826,3.4
2024,10,14,18,0,0,22.8,96.8,161.444,3.4
2024,10,14,18,10,0,23.6,95.2,180.226,3.5
2024,10,14,18,20,0,23.9,95,207.268,3.5
2024,10,14,18,30,0,24.6,94.3,228.924,3.5
2024,10,14,18,40,0,26.3,92.5,233.528,3.2
2024,10,14,18,50,0,26.6,92.5,262.486,4
2024,10,14,19,0,0,27.1,92.3,300.23,4.3
2024,10,14,19,10,0,27.4,91.6,324.592,3.7
2024,10,14,19,20,0,28,90.7,320.144,3.5
2024,10,14,19,30,0,29.1,90.5,336.01,3.5
2024,10,14,19,40,0,30,90.4,384.698,3.9
2024,10,14,19,50,0,30,89.7,406.65,3.9
2024,10,14,20,0,0,29.9,89.5,410.166,3.8
2024,10,14,20,10,0,30,89.1,416.718,4
2024,10,14,20,20,0,30.5,88.5,426.382,4.3
2024,10,14,20,30,0,30.8,88.5,435.24,4.1
2024,10,14,20,40,0,31.5,87.7,438.072,3.7
2024,10,14,20,50,0,32,87.4,436.532,3.6
2024,10,14,21,0,0,32.3,86.5,432.618,3.8
2024,10,14,21,10,0,32.4,86.5,423.258,3.6
2024,10,14,21,20,0,32.8,86.4,420.378,3.6
2024,10,14,21,30,0,33,85.8,415.508,3.7
2024,10,14,21,40,0,33,85.5,410.334,3.6
2024,10,14,21,50,0,33.4,85.3,414.022,3.8
2024,10,14,22,0,0,34,84.5,410.326,4
2024,10,14,22,10,0,34,84.5,427.498,4.5
2024,10,14,22,20,0,34.3,84.5,434.132,5
2024,10,14,22,30,0,34.7,84.4,436.994,5.7
2024,10,14,22,40,0,35,83.6,435.064,6.3
2024,10,14,22,50,0,35.2,83.5,429.282,6
2024,10,14,23,0,0,36.1,83.3,415.528,6.4
2024,10,14,23,10,0,37.6,82.3,382.766,6.5
2024,10,14,23,20,0,38.4,81.8,373.012,6.9
2024,10,14,23,30,0,38.3,81.5,370.782,7.7
2024,10,14,23,40,0,38.5,81.5,374.992,8.1
2024,10,14,23,50,0,39.2,80.7,384.63,8.7
2024,10,15,0,0,0,40.4,79.8,381.8,9.9
2024,10,15,0,10,0,40.4,79.5,385.188,31.4
2024,10,15,0,20,0,39.8,79.5,385.532,13.2
2024,10,15,0,30,0,40,79.1,384.488,11.1
2024,10,15,0,40,0,40,78.7,386.164,10
2024,10,15,0,50,0,40,78.5,384.57,8.1
2024,10,15,1,0,0,40.1,78.5,381.35,7.5
2024,10,15,1,10,0,40.1,78.9,379.638,6.6
2024,10,15,1,20,0,41,78,376.134,6.4
2024,10,15,1,30,0,41,78.25,379.22,6.7
2024,10,15,10,50,0,28,94.5,287.067,10.9
2024,10,15,11,0,0,27,95.3,271.198,10.6
2024,10,15,11,10,0,26.4,95.8,250.74,10.6
2024,10,15,11,20,0,25.9,96.7,224.456,8.8
2024,10,15,11,30,0,25.1,97.3,201.62,7.6
2024,10,15,11,40,0,24.4,98.3,183.376,6.8
2024,10,15,11,50,0,23.7,99.7,164.07,6.3
2024,10,15,12,0,0,23,100.8,148.418,5.5
2024,10,15,12,10,0,22.1,101.6,127.416,6.2
2024,10,15,12,20,0,21.9,102.1,105.134,5.4
2024,10,15,12,30,0,21.3,102.4,75.222,5.5
2024,10,15,12,40,0,20.8,102.5,55.04,5
2024,10,15,12,50,0,20.3,102.9,51.256,4.5
2024,10,15,13,0,0,19.8,103.7,53.272,4.1
2024,10,15,13,10,0,19.2,104.7,51.516,4.1
2024,10,15,13,20,0,19.2,104.5,51.41,4.1
2024,10,15,13,30,0,19,104.4,51.982,3.8
2024,10,15,13,40,0,18.7,104.5,52.946,3.7
2024,10,15,13,50,0,18.6,105.5,51.212,3.9
2024,10,15,14,0,0,18.3,105.1,52.134,3.8
2024,10,15,14,10,0,18.4,105.5,52.308,3.9
2024,10,15,14,20,0,18.5,105.5,51.216,4.1
2024,10,15,14,30,0,18.1,105.4,53.624,3.5
2024,10,15,14,40,0,18,105.5,54.466,3.6
2024,10,15,14,50,0,17.8,105.6,54.24,3.7
2024,10,15,15,0,0,17.8,105.6,55.346,3.6
2024,10,15,15,10,0,17.7,105.8,54.104,3.6
2024,10,15,15,20,0,17.4,105.5,52.592,3.7
2024,10,15,15,30,0,17.5,105.5,51.874,3.9
2024,10,15,15,40,0,17.7,105.5,52.2,3.7
2024,10,15,15,50,0,17.5,105.5,57.212,3.9
2024,10,15,16,0,0,17.4,105.6,64.934,3.7
2024,10,15,16,10,0,17.3,105.5,64.946,4
2024,10,15,16,20,0,17.1,105.4,55.618,4
2024,10,15,16,30,0,17.2,105.8,67.074,3.7
2024,10,15,16,40,0,17.2,105.1,68.792,3.5
2024,10,15,16,50,0,17.7,104,71.262,3.5
2024,10,15,17,0,0,18.4,102.8,67.69,3.5
2024,10,15,17,10,0,18.4,102.8,82.924,3.6
2024,10,15,17,20,0,18.2,102.4,93.732,4.1
2024,10,15,17,30,0,18.8,101.8,109.89,4
2024,10,15,17,40,0,19.1,101.1,145.72,4.3
2024,10,15,17,50,0,20,99.2,129.94,5.4
2024,10,15,18,0,0,21.3,98.4,148.204,4.3
2024,10,15,18,10,0,22.2,97.6,193.704,4.1
2024,10,15,18,20,0,23,96.6,242.2,4.4
2024,10,15,18,30,0,24.5,94.3,263.158,4.8
2024,10,15,18,40,0,24.5,94.3,302.842,4.2
2024,10,15,18,50,0,24.8,94.4,368.388,3.9
2024,10,15,19,0,0,25.6,94,419.466,4.6
2024,10,15,19,10,0,25.8,93,435.968,4.2
2024,10,15,19,20,0,26.4,92.5,444.1,5.1
2024,10,15,19,30,0,27.1,91.6,455.664,9.4
2024,10,15,19,40,0,27.5,90.8,456.198,14.1
2024,10,15,19,50,0,27.9,90.4,448.644,10.6
2024,10,15,20,0,0,28.5,90,465.75,9.9
2024,10,15,20,10,0,29.1,89.5,482.826,7.8
2024,10,15,20,20,0,29.5,88.7,472.104,6.1
2024,10,15,20,30,0,29.9,88.5,470.628,6.3
2024,10,15,20,40,0,30.4,88,487.42,6
2024,10,15,20,50,0,31.1,87.1,486.88,5.1
2024,10,15,21,0,0,32.5,85.9,452.558,5.1
2024,10,15,21,10,0,32.2,86.4,443.798,5.3
2024,10,15,21,20,0,32,86.5,463.742,5.9
2024,10,15,21,30,0,32.1,86.3,472.142,6.6
2024,10,15,21,40,0,33.2,85.8,483.716,6.5
2024,10,15,21,50,0,33.7,85.5,501.396,6.8
2024,10,15,22,0,0,34,85.1,502.09,6.7
2024,10,15,22,10,0,34.4,84.5,508.886,6.7
2024,10,15,22,20,0,34.6,84.5,511.896,7.2
2024,10,15,22,30,0,35,84.3,497.074,7.1
2024,10,15,22,40,0,35.4,83.5,461.042,7.6
2024,10,15,22,50,0,35.9,83.2,442.348,8.7
2024,10,15,23,0,0,36.2,82.5,421.662,8.8
2024,10,15,23,10,0,37,81.8,408.048,8.9
2024,10,15,23,20,0,36.4,82,412.316,8.4
2024,10,15,23,30,0,36.4,81.6,410.424,8.1
2024,10,15,23,40,0,36.6,81.5,396.078,8.4
2024,10,15,23,50,0,36,82.1,409.832,8.1
2024,10,16,0,0,0,35.9,82.3,424.804,8.3
2024,10,16,0,10,0,36,82.1,436.596,8.5
2024,10,16,0,20,0,36,81.5,441.438,8.3
2024,10,16,0,30,0,36,81.5,444.628,8.5
2024,10,16,0,40,0,36.2,81.5,453.658,9.2
2024,10,16,0,50,0,36.125,81.5,456.738,9.8
2024,10,16,1,0,0,36.2,81.4,460.678,10.3
2024,10,16,1,10,0,36.2,81.2,458.25,10.4
2024,10,16,1,20,0,36,81,453.276,9.6
2024,10,16,1,30,0,35.8,80.7,451.406,8.6
2024,10,16,1,40,0,36.8,79.4,433.118,7.8
2024,10,16,1,50,0,37,78.6,421.488,7
2024,10,16,2,0,0,36.7,78.6,420.314,6.4
2024,10,16,2,10,0,36.3,78.8,423.61,5.8
2024,10,16,2,20,0,36,79.2,426.228,5.6
2024,10,16,2,30,0,36,78.7,425.374,5.2
2024,10,16,2,40,0,35.6,79,430.618,4.7
2024,10,16,2,50,0,35.4,79.4,435.388,5.2
2024,10,16,3,0,0,36,78.9,436.842,5.5
2024,10,16,3,10,0,35.9,78.5,442.71,6.1
2024,10,16,3,20,0,36,78.5,440.826,6.4
2024,10,16,3,30,0,36.2,78.4,437.156,6.2
2024,10,16,3,40,0,37.5,77.6,437.516,5.7
2024,10,16,3,50,0,38.4,77,424.578,6
2024,10,16,4,0,0,39,76.2,420.47,7
2024,10,16,4,10,0,38.4,76.5,425.29,6.8
2024,10,16,4,20,0,38,77.1,433.73,6.5
2024,10,16,4,30,0,37.9,76.9,436.33,6.3
2024,10,16,4,40,0,38,77.1,431.856,6.1
2024,10,16,4,50,0,38,76.5,428.74,6.4
2024,10,16,5,0,0,38.2,76.5,428.928,5.9
2024,10,16,5,10,0,38.9,76.2,424.332,6.2
2024,10,16,5,20,0,39.4,75.9,416.052,5.7
2024,10,16,5,30,0,39,75.7,415.288,5.5
2024,10,16,5,40,0,39.2,75.5,418.174,6.2
2024,10,16,5,50,0,39,75.5,416.006,5.6
2024,10,16,6,0,0,39,75.5,420.11,5.8
2024,10,16,6,10,0,38.8,75.5,422.322,5.7
2024,10,16,6,20,0,38.8,75.5,420.738,5.6
2024,10,16,6,30,0,39.7,75.2,416.562,5.9
2024,10,16,6,40,0,40,74.9,407.55,5.8
2024,10,16,6,50,0,40.3,74.5,412.206,6.3
2024,10,16,7,0,0,40.7,74.5,421.974,6.3
2024,10,16,7,10,0,40.1,74.5,421.68,6.3
2024,10,16,7,20,0,40.2,74.8,424.294,7.6
2024,10,16,7,30,0,38.4,76.9,423.33,8.4
2024,10,16,7,40,0,36.1,79.5,401.376,8.7
2024,10,16,7,50,0,33.8,81.1,387.56,6
2024,10,16,8,0,0,33.8,81.5,384.492,6
2024,10,16,8,10,0,33.9,81.2,375.67,5.6
2024,10,16,8,20,0,34.3,81,370.78,5.8
2024,10,16,8,30,0,34.2,81.1,361.746,5.4
2024,10,16,8,40,0,34.1,81.1,353.454,5.4
2024,10,16,8,50,0,33.2,82.5,350.748,5.4
2024,10,16,9,0,0,33.9,82.5,340.526,4.7
2024,10,16,9,10,0,33,83,329.132,4.4
2024,10,16,9,20,0,32.7,83.7,320.462,4.3
2024,10,16,9,30,0,31.6,84.5,305.372,3.8
2024,10,16,9,40,0,31.125,85.5,302.623,4.9
2024,10,16,9,50,0,30.2,86.5,313.642,5
2024,10,16,10,0,0,29.4,87.9,302.728,4.1
2024,10,16,10,10,0,28,89.3,293.406,4.3
2024,10,16,10,20,0,27.2,90.7,284.482,4.5
2024,10,16,10,30,0,26.3,92.1,276.05,4.5
2024,10,16,10,40,0,25.6,92.9,261.636,4.3
2024,10,16,10,50,0,25.1,93.4,251.682,4
2024,10,16,11,0,0,24.4,94.3,241.146,3.1
2024,10,16,11,10,0,23.8,95.8,225.646,2.9
2024,10,16,11,20,0,23,96.7,213.412,3.1
2024,10,16,11,30,0,22.1,98,194.942,2.5
2024,10,16,11,40,0,21.3,99.2,177.85,1.9
2024,10,16,11,50,0,20.7,99.8,163.976,2.4
2024,10,16,12,0,0,19.7,100.1,148.622,1.7
2024,10,16,12,10,0,19.4,101.3,139.894,1.8
2024,10,16,12,20,0,19,102.3,134.17,1.7
2024,10,16,12,30,0,19.2,102.3,126.894,1.6
2024,10,16,12,40,0,19.7,101,122.754,1.3
2024,10,16,12,50,0,20,101,132.278,1.1
2024,10,16,13,0,0,20.8,100.3,124.52,1.4
2024,10,16,13,10,0,21.3,100,133.488,1.8
2024,10,16,13,20,0,21.5,99.5,149.06,1
2024,10,16,13,30,0,20.9,99.7,140.92,1.2
2024,10,16,13,40,0,21.3,99.5,133.002,1.4
2024,10,16,13,50,0,21.3,99.8,126.4,1.8
2024,10,16,14,0,0,21.5,99.2,120.342,2
2024,10,16,14,10,0,21.9,99.2,115.582,2.6
2024,10,16,14,20,0,21.3,100.1,111.234,2.2
2024,10,16,14,30,0,20.7,101.4,118.626,1.6
2024,10,16,14,40,0,20.1,102.2,122.324,1.1
2024,10,16,14,50,0,20,102.2,122.046,1
2024,10,16,15,0,0,20.8,100.8,118.682,1
2024,10,16,15,10,0,21.9,99.1,120.444,1.3
2024,10,16,15,20,0,22.5,98.5,130.786,1.1
2024,10,16,15,30,0,23.1,97.7,133.898,0.8
2024,10,16,15,40,0,24.6,96,148.542,1.1
2024,10,16,15,50,0,24.9,95.7,160.988,1.1
2024,10,16,16,0,0,25.1,95.5,163.386,0.9
2024,10,16,16,10,0,25.1,95.5,159.136,0.9
2024,10,16,16,20,0,25.375,95.25,153.392,1.2
2024,10,16,16,30,0,25.875,94.625,170.787,1.6
2024,10,16,16,40,0,26.2,94.5,193.094,1.5
2024,10,16,16,50,0,26.4,93.9,220.312,2
2024,10,16,17,0,0,26.8,93.4,238.886,1.7
2024,10,16,17,10,0,26.7,93.4,240.708,2
2024,10,16,17,20,0,27.1,93,242.204,1.3
2024,10,16,17,30,0,27.625,92.375,223.55,0.8
2024,10,16,17,40,0,28,91.6,241.57,0.6
2024,10,16,17,50,0,28.3,91.1,239.232,0.6
2024,10,16,18,0,0,29.2,90.5,241.526,0.6
2024,10,16,18,10,0,28.9,89.7,229.122,0.7
2024,10,16,18,20,0,29,89.5,220.914,0.6
2024,10,16,18,30,0,29.2,88.7,223.292,0.7
2024,10,16,18,40,0,29.5,87.7,219.25,0.4
2024,10,16,18,50,0,29.6,87.6,222.022,0.4
2024,10,16,19,0,0,29.9,87.6,218.416,0.8
2024,10,16,19,10,0,30.2,87.3,221.696,0.9
2024,10,16,19,20,0,31,86.4,229.158,0.6
2024,10,16,19,30,0,32.4,85.1,232.156,0.6
2024,10,16,19,40,0,33,84.8,234.586,0.7
2024,10,16,19,50,0,33.9,83.9,237.482,0.6
2024,10,16,20,0,0,33.4,84.4,247.422,0.7
2024,10,16,20,10,0,32.9,84.6,252.5,0.6
2024,10,16,20,20,0,32.9,84.5,249.242,0.5
2024,10,16,20,30,0,32.9,84.5,252.682,0.5
2024,10,16,20,40,0,33,84.5,269.022,0.5
2024,10,16,20,50,0,33,84.2,269.704,0.5
2024,10,16,21,0,0,33.9,83.2,264.02,0.5
2024,10,16,21,10,0,34.1,82.5,262.884,0.5
2024,10,16,21,20,0,34.5,82.5,259.624,0.5
2024,10,16,21,30,0,34.2,82.5,260.622,0.6
2024,10,16,21,40,0,34.8,82.4,274.442,0.6
2024,10,16,21,50,0,35,81.5,281.812,0.9
2024,10,16,22,0,0,35.5,81.3,280.338,0.8
2024,10,16,22,10,0,36,80.9,282.556,0.9
2024,10,16,22,20,0,36.6,79.8,275.126,1
2024,10,16,22,30,0,36,80.2,262.394,1.1
2024,10,16,22,40,0,36.7,79.6,245.164,1
2024,10,16,22,50,0,37,79.5,234.494,1
2024,10,16,23,0,0,37.6,79,232.506,1
2024,10,16,23,10,0,38.1,78.4,227.426,1.1
2024,10,16,23,20,0,38.2,78.2,226.028,1.2
2024,10,16,23,30,0,39.1,77.6,222.436,1.4
2024,10,16,23,40,0,38.5,78,230.422,1.4
2024,10,16,23,50,0,38.2,78.3,244.098,2
2024,10,17,0,0,0,38,78.5,261.89,2.3
2024,10,17,0,10,0,38,78.5,267.724,2.1
2024,10,17,0,20,0,37.8,78.5,269.566,1.6
2024,10,17,0,30,0,38,78.5,276.934,1.6
2024,10,17,0,40,0,38,78.3,282.326,1.7
2024,10,17,0,50,0,38.6,77.7,283.184,1.8
2024,10,17,1,0,0,38.9,77.5,281.644,2
2024,10,17,1,10,0,38.7,77.5,288.134,2
2024,10,17,1,20,0,38.1,77.5,300.456,2
2024,10,17,1,30,0,38.2,77.5,306.04,2
2024,10,17,1,40,0,38.7,77.4,308.206,2.1
2024,10,17,1,50,0,38.8,77,299.502,2.4
2024,10,17,2,0,0,39.4,76.5,291.644,2.6
2024,10,17,2,10,0,40,76.5,289.914,2.8
2024,10,17,2,20,0,41.2,75.7,276.046,2.6
2024,10,17,2,30,0,42,75.2,269.104,2.3
2024,10,17,2,40,0,41.6,75.3,272.796,2.3
2024,10,17,2,50,0,42.1,74.6,272.598,2.5
2024,10,17,3,0,0,42,74.9,277.398,2.5
2024,10,17,3,10,0,41.3,75,291.558,2.6
2024,10,17,3,20,0,41,74.7,299.842,2.6
2024,10,17,3,30,0,41,74.5,298.078,2.5
2024,10,17,3,40,0,41.2,74.5,289.822,2.4
2024,10,17,3,50,0,42,73.7,278.732,2.4
2024,10,17,4,0,0,41.8,74.1,271.068,2.6
2024,10,17,4,10,0,41.9,73.8,268.208,2.6
2024,10,17,4,20,0,42.25,73.625,266.397,2.7
2024,10,17,4,30,0,41.625,73.5,281.583,2.7
2024,10,17,4,40,0,41.2,73.5,286.33,2.6
2024,10,17,4,50,0,41.7,73.5,285.424,2.8
2024,10,17,5,0,0,41.9,73.4,281.058,2.7
2024,10,17,5,10,0,42,73.1,278.952,2.5
2024,10,17,5,20,0,42,73.2,281.236,2.5
2024,10,17,5,30,0,41,73.5,281.578,2.5
2024,10,17,5,40,0,41,73,279.576,2.5
2024,10,17,5,50,0,41,72.5,285.376,2.7
2024,10,17,6,0,0,41.6,72.5,284.066,2.9
2024,10,17,6,10,0,42.1,72.5,295.35,3.1
2024,10,17,6,20,0,41.8,72.5,287.436,3.1
2024,10,17,6,30,0,42.2,72.5,281.992,3
2024,10,17,6,40,0,41.4,72.5,283.968,2.8
2024,10,17,6,50,0,41.1,71.9,285.874,2.7
2024,10,17,7,0,0,41.7,71.5,285.576,2.8
2024,10,17,7,10,0,43,70.8,285.65,2.8
2024,10,17,7,20,0,43.2,70.9,296.596,2.9
2024,10,17,7,30,0,41.2,72.7,299.068,3.1
2024,10,17,7,40,0,38.9,75,299.172,3
2024,10,17,7,50,0,36.3,77.8,296.47,3
2024,10,17,8,0,0,32.7,80.9,265.884,2.8
2024,10,17,8,10,0,33.1,80.2,251.14,3.3
2024,10,17,8,20,0,34.7,78.8,248.572,2.7
2024,10,17,8,30,0,34.7,78.8,235.47,2.4
2024,10,17,8,40,0,34,79.6,213.346,2.2
2024,10,17,8,50,0,33.7,80.1,210.442,2.1
2024,10,17,9,0,0,33,80.5,197.176,2
2024,10,17,9,10,0,32.9,81.2,190.57,2.3
2024,10,17,9,20,0,32.5,81.6665,192.803,2.2
2024,10,17,9,30,0,32.1,82.4,194.023,2.5
2024,10,17,9,40,0,32,83.2,190.432,2.5
2024,10,17,9,50,0,31.2,84.3,186.852,2.4
2024,10,17,10,0,0,30.3,85.5,178.352,2.6
2024,10,17,10,10,0,29.9,85.7,169.514,2.7
2024,10,17,10,20,0,28.9,86.9,160.628,2.4
2024,10,17,10,30,0,28.3,87.7,149.384,2.4
2024,10,17,10,40,0,27.4,88.5,134.066,2.2
2024,10,17,10,50,0,26.5,89.5,120.883,2
2024,10,17,11,0,0,26.1,89.9,105.466,1.8
2024,10,17,11,10,0,25.4,90.7,86.606,1.8
2024,10,17,11,20,0,25.2,91.1,71.608,1.9
2024,10,17,11,30,0,24.2,92.1,60.42,2
2024,10,17,11,40,0,23.7,92.7,51.56,1.7
2024,10,17,11,50,0,22.6,93.9,52.44,1.2
2024,10,17,12,0,0,21.8,94.4,51.36,1.3
2024,10,17,12,10,0,21.7,94.7,53.264,1.1
2024,10,17,12,20,0,21.2,95.7,53.006,1.1
2024,10,17,12,30,0,20.8,96,52.09,2.8
2024,10,17,12,40,0,20.4,97.1,53.11,1.9
2024,10,17,12,50,0,20,97.4,53.156,1
2024,10,17,13,0,0,19.4,98,51.97,0.8
2024,10,17,13,10,0,19,98.5,54.668,0.8
2024,10,17,13,20,0,18.7,98.9,54.886,0.9
2024,10,17,13,30,0,18.5,100.2,52.748,0.9
2024,10,17,13,40,0,18.5,100,53.294,0.7
2024,10,17,13,50,0,18,100.3,52.04,0.7
2024,10,17,14,0,0,18.1,100.4,53.47,0.8
2024,10,17,14,10,0,18,100.5,54.334,0.7
2024,10,17,14,20,0,18.2,100.4,52.264,0.7
2024,10,17,14,30,0,18.2,100.5,53.618,0.7
2024,10,17,14,40,0,18.3,100.3,53.104,0.9
2024,10,17,14,50,0,18.3,100.2,54.02,1.5
2024,10,17,15,0,0,18.5,99.5,58.27,1.8
2024,10,17,15,10,0,18.2,99.5,52.474,2.7
2024,10,17,15,20,0,18.5,99,51.578,1.2
2024,10,17,15,30,0,18.1,99.1,55.798,0.9
2024,10,17,15,40,0,17.5,98.9,51.184,0.9
2024,10,17,15,50,0,17.5,98.5,53.78,0.8
2024,10,17,16,0,0,17.5,98.3,51.348,0.7
2024,10,17,16,10,0,16.9,97.5,51.936,0.7
2024,10,17,16,20,0,16,97.1,51.64,1.8
2024,10,17,16,30,0,15.2,96,50.67,0.7
2024,10,17,16,40,0,15,95.3,51.52,0.8
2024,10,17,16,50,0,15.4,94.5,56.384,0.7
2024,10,17,17,0,0,15.9,93.7,60.814,1.2
2024,10,17,17,10,0,16.7,92.2,64.72,1
2024,10,17,17,20,0,16.8,91.4,56.09,0.9
2024,10,17,17,30,0,17.1,90.4,53.412,0.8
2024,10,17,17,40,0,17.7,89.6,67.206,0.8
2024,10,17,17,50,0,18.3,88.9,80.006,0.9
2024,10,17,18,0,0,19.4,87.9,66.56,0.9
2024,10,17,18,10,0,21.3,86.7,50.26,1.2
2024,10,17,18,20,0,22.5,85.7,52.07,1.3
2024,10,17,18,30,0,22.5,85.2,52.376,1.1
2024,10,17,18,40,0,23.3,84.3,52.906,1.1
2024,10,17,18,50,0,24.3,83.5,64.61,1.3
2024,10,17,19,0,0,26,82.625,79.647,1.4
2024,10,17,19,10,0,26.7,82.3,115.114,1.4
2024,10,17,19,20,0,27.5,81.5,128.385,1.5
2024,10,17,19,30,0,28.1,81,152.634,1.4
2024,10,17,19,40,0,28.6,80.5,168.65,1.4
2024,10,17,19,50,0,29.3,80.5,192.21,1.5
2024,10,17,20,0,0,30.3,80,214.55,1.6
2024,10,17,20,10,0,31,79.5,236.55,1.6
2024,10,17,20,20,0,31.4,79.5,261.658,1.8
2024,10,17,20,30,0,31.6,79,284.842,1.8
2024,10,17,20,40,0,31.9,78.5,298.286,1.7
2024,10,17,20,50,0,31.9,78.5,319.086,1.6
2024,10,17,21,0,0,31.9,77.9,335.936,1.7
2024,10,17,21,10,0,30.4,77.9,332.21,1.5
2024,10,17,21,20,0,28.3,77.6,321.916,1.4
2024,10,17,21,30,0,27.2,77.3,303.604,1.3
2024,10,17,21,40,0,27.1,77.1,304.704,1.3
2024,10,17,21,50,0,27.5,76.4,310.418,1.1
2024,10,17,22,0,0,27.5,75.8,318.448,1.2
2024,10,17,22,10,0,27.5,75.5,329.586,1.1
2024,10,17,22,20,0,27.5,75.2,333.776,1.1
2024,10,17,22,30,0,27.5,74.7,335.444,1
2024,10,17,22,40,0,26.8,74.7,331.822,1
2024,10,17,22,50,0,27.3,74,345.174,1
2024,10,17,23,0,0,27.4,73.6,372.88,1
2024,10,17,23,10,0,26.1,73.7,360.782,0.9
2024,10,17,23,20,0,25,74,355.536,0.9
2024,10,17,23,30,0,24.3,73.5,350.91,0.9
2024,10,17,23,40,0,24.1,73.4,352.158,1
2024,10,17,23,50,0,24,72.9,354.07,1
2024,10,18,0,0,0,24,72.4,353.84,1.1
2024,10,18,0,10,0,23.6,71.9,348.594,1
2024,10,18,0,20,0,23.1,71.5,340.26,1.1
2024,10,18,0,30,0,23,71.5,335.514,1.1
2024,10,18,0,40,0,23,71.5,336.404,1.1
2024,10,18,0,50,0,23,71.2,336.01,1.1
2024,10,18,1,0,0,23,71,334.55,1.3
2024,10,18,1,10,0,23,70.7,333.166,1.4
2024,10,18,1,20,0,23,70.6,332.46,1.4
2024,10,18,1,30,0,23,70.6,337.058,1.4
2024,10,18,1,40,0,23.2,70.5,345.038,1.5
2024,10,18,1,50,0,23.1,70.5,342.62,1.7
2024,10,18,2,0,0,23,70.4,338.106,1.6
2024,10,18,2,10,0,23,70.2,333.848,1.6
2024,10,18,2,20,0,23,70.4,331.326,1.6
2024,10,18,2,30,0,24,69.8,339.66,1.6
2024,10,18,2,40,0,23.7,69.5,339.616,1.6
2024,10,18,2,50,0,23.1,69.7,335.714,1.6
2024,10,18,3,0,0,23,69.5,332.326,1.6
2024,10,18,3,10,0,22.9,69.6,326.45,1.6
2024,10,18,3,20,0,22.6,69.5,321.378,1.4
2024,10,18,3,30,0,22,69.8,317.412,1.5
2024,10,18,3,40,0,22,69.5,317.984,1.6
2024,10,18,3,50,0,22.4,69.5,321.022,1.4
2024,10,18,4,0,0,23,69.4,324.972,1.4
2024,10,18,4,10,0,23,69.5,330.524,1.5
2024,10,18,4,20,0,22.9,69.5,340.284,1.9
2024,10,18,4,30,0,23,69.5,341.54,1.7
2024,10,18,4,40,0,23,69.4,340.264,1.6
2024,10,18,4,50,0,23.4,69,340.166,1.5
2024,10,18,5,0,0,24,68.2,338.92,1.6
2024,10,18,5,10,0,24,67.8,338.836,1.5
2024,10,18,5,20,0,24.2,67.5,337.006,1.5
2024,10,18,5,30,0,24.375,67.5,341.435,1.5
2024,10,18,5,40,0,24.2,67.5,375.32,1.5
2024,10,18,5,50,0,24,67.9,389.938,1.6
2024,10,18,6,0,0,24,68.3,393.422,1.7
2024,10,18,6,10,0,24,67.6,393.258,1.8
2024,10,18,6,20,0,24,67.1,390.878,2.1
2024,10,18,6,30,0,24,66.7,377.228,2.4
2024,10,18,6,40,0,24.25,66.5,377.675,2.5
2024,10,18,6,50,0,24.375,66.5,382.22,2.4
2024,10,18,7,0,0,24.8,66.1,391.986,2.5
2024,10,18,7,10,0,25,66.1,397.792,2.6
2024,10,18,7,20,0,25,65.5,403.232,2.7
2024,10,18,7,30,0,25.1,65.9,391.21,2.4
2024,10,18,7,40,0,24.9,66.7,390.356,2.1
2024,10,18,7,50,0,23.4,68.4,381.652,2.1
2024,10,18,8,0,0,21.6,71.7,375.576,2.1
2024,10,18,8,10,0,20.8,72.3,368.216,1.9
2024,10,18,8,20,0,21,71.5,356.256,2.1
2024,10,18,8,30,0,21.1,71.5,347.91,2.1
2024,10,18,8,40,0,21,72.1,339.464,2.2
2024,10,18,8,50,0,20.6,72.5,328.69,2.1
2024,10,18,9,0,0,20,73,318.652,2.5
2024,10,18,9,10,0,19.5,73.7,317.576,2.4
2024,10,18,9,20,0,18.8,74.9,312.352,2.3
2024,10,18,9,30,0,18.3,75.4,310.342,2
2024,10,18,9,40,0,18,76,307.446,2
2024,10,18,9,50,0,17.3,77.4,297.38,2.1
2024,10,18,10,0,0,17,77.9,285.55,1.9
2024,10,18,10,10,0,16.7,78.3,273.794,1.7
2024,10,18,10,20,0,16.5,79.5,269.196,1.7
2024,10,18,10,30,0,16,80.1,260.342,1.6
2024,10,18,10,40,0,15.6,81.1,255.98,1.8
2024,10,18,10,50,0,15.25,82,261.233,1.7
2024,10,18,11,0,0,14.8,82.9,275.716,1.7
2024,10,18,11,10,0,14.4,83.7,266.672,1.7
2024,10,18,11,20,0,14,85.5,265.824,1.6
2024,10,18,11,30,0,13.4,86.4,258.994,1.7
2024,10,18,11,40,0,13,87.1,246.538,2.5
2024,10,18,11,50,0,13,87,225.786,2.2
2024,10,18,12,0,0,13,87.4,213.658,2.2
2024,10,18,12,10,0,13,88.25,209.12,1.7
2024,10,18,12,20,0,12.75,88.3335,196.853,1.7
2024,10,18,12,30,0,12.8,89.1,186.262,1.6
2024,10,18,12,40,0,12.4,89.4,182.76,1.5
2024,10,18,12,50,0,12.2,89.5,171.336,1.5
2024,10,18,13,0,0,12,90.1,161.972,1.5
2024,10,18,13,10,0,12,91.1,161.7,1.6
2024,10,18,13,20,0,12,91.1,147.188,1.6
2024,10,18,13,30,0,11.7,91.3,131.072,1.5
2024,10,18,13,40,0,11.6,92.4,136.546,1.6
2024,10,18,13,50,0,11.1,92.3,128.756,1.6
2024,10,18,14,0,0,11.2,92.5,114.47,1.7
2024,10,18,14,10,0,11,93.5,107.6,1.5
2024,10,18,14,20,0,11,93,98.366,1.5
2024,10,18,14,30,0,11,92.5,81.774,1.5
2024,10,18,14,40,0,11,92.7,72.918,1.4
2024,10,18,14,50,0,11,93.5,67.934,1.5
2024,10,18,15,0,0,11.4,93.1,56.982,1.5
2024,10,18,15,10,0,11.9,93.1,53.076,1.3
2024,10,18,15,20,0,11.4,93.5,53.77,1.3
2024,10,18,15,30,0,12,93.7,56.66,1.3
2024,10,18,15,40,0,11.8,94.1,59.74,1.3
2024,10,18,15,50,0,12,92.8,53.302,1.3
2024,10,18,16,0,0,12,93.4,61.406,1.3
2024,10,18,16,10,0,12,92.9,61.852,1.4
2024,10,18,16,20,0,13,92.5,53.892,1.4
2024,10,18,16,30,0,13,92.2,57.082,1.8
2024,10,18,16,40,0,13.2,92,58.662,1.5
2024,10,18,16,50,0,14,91.1,53.512,1.5
2024,10,18,17,0,0,13.6,91,59.25,1.6
2024,10,18,17,10,0,13.5,91.1,63.068,1.6
2024,10,18,17,20,0,13.9,90.2,76.204,1.6
2024,10,18,17,30,0,14.8,88.1,71.114,1.7
2024,10,18,17,40,0,15.6,87.5,96.396,2.1
2024,10,18,17,50,0,16.5,87,133.77,1.8
2024,10,18,18,0,0,17.3,86.4,175.056,1.7
2024,10,18,18,10,0,18,85.6,213.724,1.9
2024,10,18,18,20,0,18.7,84.7,253.432,1.7
2024,10,18,18,30,0,19.5,83.8,286.482,3
2024,10,18,18,40,0,20,83.2,311.756,2.6
2024,10,18,18,50,0,20.3,82.3,334.198,3.8
2024,10,18,19,0,0,21.2,81.5,357.9,3.7
2024,10,18,19,10,0,22.4,80.7,371.562,16.1
2024,10,18,19,20,0,22.5,80.5,383.734,32
2024,10,18,19,30,0,22.5,79.9,383.232,10.7
2024,10,18,19,40,0,23.1,79.4,400.256,3.1
2024,10,18,19,50,0,23,78.7,404.758,2.9
2024,10,18,20,0,0,23.6,78.3,418.43,3.3
2024,10,18,20,10,0,23.9,77.7,430.698,4.3
2024,10,18,20,20,0,24,77.5,436.45,3.8
2024,10,18,20,30,0,24.4,77,438.75,5.4
2024,10,18,20,40,0,24.6,76.5,454.998,4.9
2024,10,18,20,50,0,24.9,76.5,458.854,5.4
2024,10,18,21,0,0,25.3,75.8,463.762,5.1
2024,10,18,21,10,0,25.9,75.5,466.994,4
2024,10,18,21,20,0,26.5,75.5,463.35,3.7
2024,10,18,21,30,0,27.2,74.6,445.958,2.8
2024,10,18,21,40,0,28,74.5,442.73,2.6
2024,10,18,21,50,0,28.5,73.8,454.174,2.6
2024,10,18,22,0,0,28.7,73.5,470.336,2.5
2024,10,18,22,10,0,28.5,73.5,463.542,2.7
2024,10,18,22,20,0,28.5,73.5,466.044,3.5
2024,10,18,22,30,0,28.5,73.5,468.42,3.8
2024,10,18,22,40,0,28.7,73.4,464.328,5.1
2024,10,18,22,50,0,29.5,72.2,449.712,4.9
2024,10,18,23,0,0,29.5,71.5,445.532,5
2024,10,18,23,10,0,30.1,71.1,443.25,5.2
2024,10,18,23,20,0,30.5,70.3,447.602,5
2024,10,18,23,30,0,31.3,69.5,457.506,4.6
2024,10,18,23,40,0,31.4,69.5,464.292,4.8
2024,10,18,23,50,0,31.375,69.5,467.005,4.9
2024,10,19,0,0,0,31,69.5,466.195,5.5
2024,10,19,0,10,0,30.4,69.6,459.594,6
2024,10,19,0,20,0,30.2,69.5,445.088,7
2024,10,19,0,30,0,29.625,69.75,443.14,7.8
2024,10,19,0,40,0,30.3335,69.25,443.035,8
2024,10,19,0,50,0,30.5,69.375,438.788,8.5
2024,10,19,1,0,0,31,68.6,435.366,10
2024,10,19,1,10,0,30.5,68.7,428.498,10.8
2024,10,19,1,20,0,31.1,68.6,426.754,10.5
2024,10,19,1,30,0,31.3,68.5,425.93,9.5
2024,10,19,1,40,0,31.5,67.8,420.632,9.6
2024,10,19,1,50,0,31.5,67.6,418.03,10
2024,10,19,2,0,0,31.7,67.5,415.194,9.5
2024,10,19,2,10,0,32.5,67.4,411.862,9.2
2024,10,19,2,20,0,32.4,66.9,406.84,8.3
2024,10,19,2,30,0,31.5,67.5,401.95,7.3
2024,10,19,2,40,0,32,66.9,402.298,7.2
2024,10,19,2,50,0,31.5,66.9,397.782,6.2
2024,10,19,3,0,0,31.1,67.2,392.964,5.4
2024,10,19,3,10,0,31.4,66.5,391.242,5
2024,10,19,3,20,0,31.5,65.8,384.718,4.9
2024,10,19,3,30,0,30.9,66.3,377.158,4.4
2024,10,19,3,40,0,30.5,66.3,374.14,4.3
2024,10,19,3,50,0,30.8,65.8,372.648,4.5
2024,10,19,4,0,0,30.5,65.5,365.93,3.8
2024,10,19,4,10,0,30.5,65.6,362.958,3.9
2024,10,19,4,20,0,31.1,65.6,364.536,4.2
2024,10,19,4,30,0,31.5,65.5,370.37,4.5
2024,10,19,4,40,0,31.5,65.5,376.832,4.9
2024,10,19,4,50,0,31.5,65.5,383.178,4.7
2024,10,19,5,0,0,31.5,65.5,383.448,4.9
2024,10,19,5,10,0,31.5,65.5,383.68,4.8
2024,10,19,5,20,0,31.5,65.5,383.578,4.8
2024,10,19,5,30,0,32.3,65.3,380.016,4.9
2024,10,19,5,40,0,33.5,64.5,367.854,4.7
2024,10,19,5,50,0,33.5,64.1,363.838,4.6
2024,10,19,6,0,0,33.5,64,372.414,4.9
2024,10,19,6,10,0,33.5,64.3,375.044,4.9
2024,10,19,6,20,0,34.2,63.6,374.772,4.9
2024,10,19,6,30,0,34.6,63.5,373.334,4.9
2024,10,19,6,40,0,34.5,63.6,371.126,4.7
2024,10,19,6,50,0,34.3,63.5,370.104,5.2
2024,10,19,7,0,0,34.4,63.7,361.922,6.1
2024,10,19,7,10,0,35.2,63.2,355.052,5.3
2024,10,19,7,20,0,35.3,63.4,354.868,5.2
2024,10,19,7,30,0,34.6,63.6,355.776,5.4
2024,10,19,7,40,0,32.8,64.9,348.796,4.9
2024,10,19,7,50,0,30.9,66.1,339.866,5
2024,10,19,8,0,0,28.8,68.9,331.09,5.2
2024,10,19,8,10,0,28.1,68.9,325.808,5
2024,10,19,8,20,0,28.4,68.5,323.096,5.1
2024,10,19,8,30,0,27.5,68.6,318.378,4.6
2024,10,19,8,40,0,27.1,69.3,308.664,4
2024,10,19,8,50,0,26,69.5,301.13,4.1
2024,10,19,9,0,0,25.2,70.2,290.148,4
2024,10,19,9,10,0,24.6,70.6,280.186,3.6
2024,10,19,9,20,0,23.8,72,266.458,3.3
2024,10,19,9,30,0,23,72.5,257.18,3.3
2024,10,19,9,40,0,22,73.4,247.02,3.4
2024,10,19,9,50,0,21.9,73.7,240.236,3.6
2024,10,19,10,0,0,21,74.4,216.99,3.3
2024,10,19,10,10,0,20.9,75.5,200.664,3.3
2024,10,19,10,20,0,20.5,76.1,188.516,3.3
2024,10,19,10,30,0,20.2,77.1,181.62,3.4
2024,10,19,10,40,0,20.2,77.5,174.514,3.7
2024,10,19,10,50,0,19.6,79,159.162,3.6
2024,10,19,11,0,0,18.7,80,137.824,3.4
2024,10,19,11,10,0,18,81.3,111.154,3.6
2024,10,19,11,20,0,17.6,82.9,103.356,3.4
2024,10,19,11,30,0,17,84,83.762,2.8
2024,10,19,11,40,0,16,84.8,55.088,2.5
2024,10,19,11,50,0,16,85.8,52.354,2.8
2024,10,19,12,0,0,15.3,86.9,51.394,3.4
2024,10,19,12,10,0,15,88,51.694,6.8
2024,10,19,12,20,0,13.9,89.5,51.732,2.8
2024,10,19,12,30,0,13.2,90.6,50.404,3
2024,10,19,12,40,0,12.9,90.3,50.036,2.8
2024,10,19,12,50,0,12.8,91.8,55.85,3.1
2024,10,19,13,0,0,12,92.3,52.672,2.8
2024,10,19,13,10,0,12,92.2,56.788,2.5
2024,10,19,13,20,0,11.5,93.9,61.746,2.1
2024,10,19,13,30,0,11,94.2,57.944,2
2024,10,19,13,40,0,11,94.5,53.442,2.2
2024,10,19,13,50,0,10.2,95.8,74.062,2.2
2024,10,19,14,0,0,10,95.4,54.644,1.7
2024,10,19,14,10,0,10,94.9,50.192,1.8
2024,10,19,14,20,0,10,95.1,50.914,1.9
2024,10,19,14,30,0,10,95.9,58.456,2
2024,10,19,14,40,0,10,94.6,50.158,2.3
2024,10,19,14,50,0,10.2,94.3,50.206,2.9
2024,10,19,15,0,0,10,94.1,50.128,4
2024,10,19,15,10,0,10,94.6,51.972,4.6
2024,10,19,15,20,0,10,95.5,65.734,4.1
2024,10,19,15,30,0,10,95.1,61.19,5.7
2024,10,19,15,40,0,9.5,95.1,52.89,3.3
2024,10,19,15,50,0,10,95.5,59.696,4
2024,10,19,16,0,0,10,95.8,75.9,3.7
2024,10,19,16,10,0,10,96.8,109.152,3.8
2024,10,19,16,20,0,10,96.8,117.446,4.1
2024,10,19,16,30,0,10,96.5,116.956,3.5
2024,10,19,16,40,0,10,97.1,140.632,3.3
2024,10,19,16,50,0,9.3,97.5,165.828,2.8
2024,10,19,17,0,0,9.1,97.1,172.006,3.7
2024,10,19,17,10,0,9.2,96.7,189.092,3.3
2024,10,19,17,20,0,9,96.5,210.732,2.1
2024,10,19,17,30,0,9.9,95.6,235.456,2.1
2024,10,19,17,40,0,10.2,95,260.892,2
2024,10,19,17,50,0,11,94.2,281.92,2.4
2024,10,19,18,0,0,11.6,92.9,323.614,2
2024,10,19,18,10,0,12.9,91.9,374.444,1.7
2024,10,19,18,20,0,13.9,90.6,419.644,4.2
2024,10,19,18,30,0,15,89.2,463.692,2.4
2024,10,19,18,40,0,15.5,88.1,480.074,2.8
2024,10,19,18,50,0,16.5,87,485.26,2.5
2024,10,19,19,0,0,18.4,85.8,514.16,1.9
2024,10,19,19,10,0,19.1,84.6,544.31,2.1
2024,10,19,19,20,0,19.9,83.5,562.79,2.4
2024,10,19,19,30,0,20.2,82.6,572.616,3
2024,10,19,19,40,0,21,81.9,586.116,3.7
2024,10,19,19,50,0,21.1,81.2,577.234,3.7
2024,10,19,20,0,0,21.9,80.3,588.69,4.7
2024,10,19,20,10,0,22.5,79.6,611.344,5
2024,10,19,20,20,0,23.2,79,620.466,5.5
2024,10,19,20,30,0,23.9,78.5,649.872,10.3
2024,10,19,20,40,0,24.4,78,648.908,10.8
2024,10,19,20,50,0,25.3,77.4,645.024,12.2
2024,10,19,21,0,0,25.5,76.9,647.962,8.4
2024,10,19,21,10,0,25.6,76.5,646.814,7.5
2024,10,19,21,20,0,26.3,76.3,649.73,9.3
2024,10,19,21,30,0,26.75,75.375,647.408,7.5
2024,10,19,21,40,0,27.8,75.4,644.658,8.3
2024,10,19,21,50,0,29.3,74.9,646.262,9.8
2024,10,19,22,0,0,28.7,74.6,645.452,9.2
2024,10,19,22,10,0,28.5,74.5,645.942,10.7
2024,10,19,22,20,0,28.5,73.8,641.424,13
2024,10,19,22,30,0,28.4,73.5,627.236,10.8
2024,10,19,22,40,0,27.9,73.5,604.056,11.5
2024,10,19,22,50,0,27.6,73.1,583.614,9.8
2024,10,19,23,0,0,27.5,72.8,560.79,7.7
2024,10,19,23,10,0,28.6,72.5,557.05,8.1
2024,10,19,23,20,0,29.5,72.5,587.04,10.2
2024,10,19,23,30,0,30.4,71.9,597.498,8.4
2024,10,19,23,40,0,31.5,71.6,590.682,6.9
2024,10,19,23,50,0,32,71.3,588.994,6.6
2024,10,20,0,0,0,31.5,71.4,576.318,8.4
2024,10,20,0,10,0,31.5,70.7,582.55,8.9
2024,10,20,0,20,0,31.5,70.6,601.114,9.5
2024,10,20,0,30,0,31.5,70.6,603.232,9.7
2024,10,20,0,40,0,31.5,70.5,594.97,10.7
2024,10,20,0,50,0,31.5,70.5,596.558,10.5
2024,10,20,1,0,0,31.5,70.5,596.828,11.1
2024,10,20,1,10,0,31.5,70.4,594.95,11
2024,10,20,1,20,0,31.5,70.2,596.854,10.3
2024,10,20,1,30,0,32.5,69.5,590.694,9.9
2024,10,20,1,40,0,32.5,69.5,589.78,10.7
2024,10,20,1,50,0,32.5,69.5,584.672,11.5
2024,10,20,2,0,0,32.5,69.4,580.012,12
2024,10,20,2,10,0,32.5,69.4,572.934,12.7
2024,10,20,2,20,0,32.5,68.9,561.728,13.7
2024,10,20,2,30,0,32.5,69.3,553.232,13.8
2024,10,20,2,40,0,32.3,68.7,542.896,13.2
2024,10,20,2,50,0,31.8,68.8,537.084,12.6
2024,10,20,3,0,0,32.2,68.4,533.204,12.3
2024,10,20,3,10,0,33,67.8,527.34,12.8
2024,10,20,3,20,0,32.7,67.5,513.932,14.2
2024,10,20,3,30,0,32.5,67.6,513.258,14.6
2024,10,20,3,40,0,32.5,67.5,517.566,15.3
2024,10,20,3,50,0,32.5,67.5,522.466,16.4
2024,10,20,4,0,0,32.7,67.5,521.036,18.2
2024,10,20,4,10,0,33,66.9,514.372,17.4
2024,10,20,4,20,0,32.7,66.5,506.65,16.4
2024,10,20,4,30,0,33.5,65.5,501.084,16.2
2024,10,20,4,40,0,33.5,65.5,497.212,15.4
2024,10,20,4,50,0,33.5,65.5,494.592,15.1
2024,10,20,5,0,0,34.1,65.4,491.58,15
2024,10,20,5,10,0,34.1,65.5,491.5,15.2
2024,10,20,5,20,0,34.2,65.3,490.614,15.5
2024,10,20,5,30,0,34.5,65,488.024,15.4
2024,10,20,5,40,0,34.5,64.7,486.512,15.1
2024,10,20,5,50,0,34.5,64.5,484.81,15.3
2024,10,20,6,0,0,34.7,64.5,482.778,14.5
2024,10,20,6,10,0,34.5,64.5,480.652,14.9
2024,10,20,6,20,0,35.3,64.4,481.874,15.1
2024,10,20,6,30,0,35.5,64.1,478.998,14.6
2024,10,20,6,40,0,35.5,63.7,482.318,15.2
2024,10,20,6,50,0,35.7,64,477.876,15.1
2024,10,20,7,0,0,35.8,63.7,471.572,15
2024,10,20,7,10,0,35.8,63.5,468.846,15
2024,10,20,7,20,0,36.4,63.7,467.53,15
2024,10,20,7,30,0,36,64.8,471.426,18.4
2024,10,20,7,40,0,34.75,66.125,477.32,22.8
2024,10,20,7,50,0,33.7,68.1,472.448,19.1
2024,10,20,8,0,0,30.3,71.9,463.566,17.5
2024,10,20,8,10,0,28.8,72.2,448.302,15.2
2024,10,20,8,20,0,28.3,71.6,436.064,13.9
2024,10,20,8,30,0,27.6,71.6,437.43,17
2024,10,20,8,40,0,26.9,73.3,437.666,13.4
2024,10,20,8,50,0,25.7,74.9,435.62,13.3
2024,10,20,9,0,0,24.2,76.3,421.256,14.8
2024,10,20,9,10,0,22.7,77.1,406.816,12.2
2024,10,20,9,20,0,22.2,77.9,397.084,14
2024,10,20,9,30,0,21.3,79,389.704,10.3
2024,10,20,9,40,0,20.5,79.7,374.134,18.5
2024,10,20,9,50,0,20.1,80.5,367.514,11.5
2024,10,20,10,0,0,19,82.5,363.318,10.2
2024,10,20,10,10,0,18.1,83.5,349.266,9.2
2024,10,20,10,20,0,17.8,84,334.31,8.1
2024,10,20,10,30,0,17.1,84.8,323.465,6.9
2024,10,20,10,40,0,16.3,85.7,307.344,6.1
2024,10,20,10,50,0,15.5,86.9,292.742,7.7
2024,10,20,11,0,0,15.2,87.9,287.586,7.6
2024,10,20,11,10,0,14.4,89.5,283.79,7.1
2024,10,20,11,20,0,13.9,90.9,266.086,7.4
2024,10,20,11,30,0,13.1,92.3,256.224,7.1
2024,10,20,11,40,0,12,92.6,217.316,6.4
2024,10,20,11,50,0,11,92.7,185.216,5.7
2024,10,20,12,0,0,11,93.2,159.876,6.5
2024,10,20,12,10,0,10.8,93.7,145.764,5.2
2024,10,20,12,20,0,10.8,94,113.75,4.9
2024,10,20,12,30,0,10.375,95.875,103.668,4.9
2024,10,20,12,40,0,10,97.5,139.492,4.4
2024,10,20,12,50,0,9.5,98.2,102.266,4.2
2024,10,20,13,0,0,9.2,98.7,70.954,3.2
2024,10,20,13,10,0,8.7,99.3,58.038,3
2024,10,20,13,20,0,9,98.5,50.882,3.5
2024,10,20,13,30,0,9,98.2,50.202,3.5
2024,10,20,13,40,0,9,99.3,53.54,3.6
2024,10,20,13,50,0,9,99.2,51.848,3.8
2024,10,20,14,0,0,8.6,100,54.388,3.9
2024,10,20,14,10,0,8.7,101.5,65.032,4.1
2024,10,20,14,20,0,8.4,102.8,92.886,3.7
2024,10,20,14,30,0,8.5,103.3,85.454,3.9
2024,10,20,14,40,0,8.5,103.5,66.29,3.9
2024,10,20,14,50,0,8,103.1,53.354,3.6
2024,10,20,15,0,0,8,102.7,50.838,2.8
2024,10,20,15,10,0,7.3,103.5,68.91,2
2024,10,20,15,20,0,6.8,103.4,59.456,1.6
2024,10,20,15,30,0,7,103.5,50.594,1.9
2024,10,20,15,40,0,7.5,103.8,57.106,2
2024,10,20,15,50,0,7.5,104.5,86.024,1.9
2024,10,20,16,0,0,7.6,103.8,69.664,2.2
2024,10,20,16,10,0,8.1,103.2,50.15,2.4
2024,10,20,16,20,0,8.7,102.5,50.758,3
2024,10,20,16,30,0,8.9,101.9,51.942,3.5
2024,10,20,16,40,0,9,101.9,57.302,4.3
2024,10,20,16,50,0,9,102,63.532,4.3
2024,10,20,17,0,0,9,101.7,72.654,4.7
2024,10,20,17,10,0,9,101.9,86.084,4.2
2024,10,20,17,20,0,9,101.5,107.534,3.4
2024,10,20,17,30,0,9.3,100.8,112.108,2.4
2024,10,20,17,40,0,10,99.8,115.226,2.2
2024,10,20,17,50,0,10,98.6,126.136,2
2024,10,20,18,0,0,11,97.3,197.8,1.6
2024,10,20,18,10,0,11.9,95.9,272.206,3.4
2024,10,20,18,20,0,12.9,94.5,329.656,7.8
2024,10,20,18,30,0,13.6,93,373.472,4.5
2024,10,20,18,40,0,14.1,91.9,421.49,2.4
2024,10,20,18,50,0,15,90.7,438.476,2.6
2024,10,20,19,0,0,15.4,89.2,453.69,2.6
2024,10,20,19,10,0,16,88.2,459.658,2.8
2024,10,20,19,20,0,16.7,87.4,476.938,2.3
2024,10,20,19,30,0,17.1,86.6,496.8,4.1
2024,10,20,19,40,0,18.1,85.6,532.074,3.4
2024,10,20,19,50,0,19,84.9,544.84,3.8
2024,10,20,20,0,0,19.3,84.1,546.894,9.7
2024,10,20,20,10,0,20.6,83.5,567.156,8.8
2024,10,20,20,20,0,21.8,82.6,608.432,7.9
2024,10,20,20,30,0,22.3,82.3,638.902,6.1
2024,10,20,20,40,0,23.3,81.5,610.206,4.9
2024,10,20,20,50,0,23.6,80.7,596.812,4.6
2024,10,20,21,0,0,24,80.5,594.178,4.5
2024,10,20,21,10,0,24.5,79.7,599.36,4.1
2024,10,20,21,20,0,24.5,79.5,611.522,3.3
2024,10,20,21,30,0,25,78.8,624.258,3.7
2024,10,20,21,40,0,26,78.5,613.754,4.1
2024,10,20,21,50,0,27.2,78.5,593.728,3.8
2024,10,20,22,0,0,28.3,77.6,558.07,3.5
2024,10,20,22,10,0,28.5,77.2,523.126,3.2
2024,10,20,22,20,0,28.5,76.5,519.57,3.2
2024,10,20,22,30,0,28.5,76.4,538.308,3.2
2024,10,20,22,40,0,29.4,75.5,537.846,4.2
2024,10,20,22,50,0,29.3,75.5,524.666,6.2
2024,10,20,23,0,0,29.3,75,521.26,6.4
2024,10,20,23,10,0,28.5,75.1,505.21,6.3
2024,10,20,23,20,0,28.6,74.6,508.506,6
2024,10,20,23,30,0,28.5,74.5,493.468,5.6
2024,10,20,23,40,0,29,74.5,503.866,5.5
2024,10,20,23,50,0,29.5,74.1,514.516,5.4
2024,10,21,0,0,0,30,73.6,519.16,5.1
2024,10,21,0,10,0,30.5,73.5,524.006,5.1
2024,10,21,0,20,0,30.5,73.4,529.262,5.5
2024,10,21,0,30,0,31,73.2,530.052,6.3
2024,10,21,0,40,0,31.4,72.5,525.256,7.3
2024,10,21,0,50,0,31.5,72.6,520.976,6.5
2024,10,21,1,0,0,31.5,72.5,531.534,6.5
2024,10,21,1,10,0,31.5,72.5,528.348,7.2
2024,10,21,1,20,0,31.5,72.5,527.478,7.9
2024,10,21,1,30,0,31.5,72.3,532.274,7.6
2024,10,21,1,40,0,31.5,72.1,528.998,7.8
2024,10,21,1,50,0,31.5,71.5,514.738,7.8
2024,10,21,2,0,0,31.5,71.5,503.846,8
2024,10,21,2,10,0,31.5,71.5,500.226,7.8
2024,10,21,2,20,0,31.8,71.5,496.454,8.6
2024,10,21,2,30,0,31.5,71.5,496.68,10.4
2024,10,21,2,40,0,31.4,71.5,492.16,12.5
2024,10,21,2,50,0,31.3,71.4,489.31,14
2024,10,21,3,0,0,30.9,71.5,490.338,15
2024,10,21,3,10,0,30.6,70.6,492.16,14.7
2024,10,21,3,20,0,30.6,70.5,492.924,14.9
2024,10,21,3,30,0,31.1,70.4,490.976,15
2024,10,21,3,40,0,31.5,69.8,489.252,15.1
2024,10,21,3,50,0,31.5,69.5,485.61,15.1
2024,10,21,4,0,0,32.2,69.5,483.87,14.9
2024,10,21,4,10,0,32.5,69.4,485.786,14.2
2024,10,21,4,20,0,32.5,68.9,480.716,13.7
2024,10,21,4,30,0,32.5,68.5,465.018,12.6
2024,10,21,4,40,0,32.9,68.4,459.426,12.3
2024,10,21,4,50,0,33.7,67.8,455.966,12.6
2024,10,21,5,0,0,34.8,67.5,451.112,12.2
2024,10,21,5,10,0,35.7,66.9,444.328,12.2
2024,10,21,5,20,0,36.2,66.4,443.762,11.5
2024,10,21,5,30,0,36.5,65.6,440.02,11.6
2024,10,21,5,40,0,37.1,65.5,439.772,11.5
2024,10,21,5,50,0,36.6,65.7,440.842,11
2024,10,21,6,0,0,36.1,65.9,442.19,11.2
2024,10,21,6,10,0,35.8,65.7,443.712,11
2024,10,21,6,20,0,35.9,65.5,443.272,11.1
2024,10,21,6,30,0,35.5,65.6,440.022,10.9
2024,10,21,6,40,0,35.5,65.6,441.726,11
2024,10,21,6,50,0,35.5,65.6,445.526,11.4
2024,10,21,7,0,0,34.6,65.6,437.224,11.1
2024,10,21,7,10,0,35.4,65.5,433.364,11.3
2024,10,21,7,20,0,35.5,65.5,428.636,11.4
2024,10,21,7,30,0,35.3,66.2,420.486,12
2024,10,21,7,40,0,34.5,66.5,418.01,12.4
2024,10,21,7,50,0,33.8,68,431.118,13.3
2024,10,21,8,0,0,31.7,70.9,421.57,14.7
2024,10,21,8,10,0,31.3,71.8,426.622,13.8
2024,10,21,8,20,0,29.8,72.5,421.046,14.7
2024,10,21,8,30,0,27.6,73.9,406.216,14.3
2024,10,21,8,40,0,26.8,74.5,397.742,13.6
2024,10,21,8,50,0,25.1,75.4,384.47,13.2
2024,10,21,9,0,0,23.9,76.9,361.368,13
2024,10,21,9,10,0,22.6,77.9,339.206,13
2024,10,21,9,20,0,22.2,79.1,332.832,13.3
2024,10,21,9,30,0,22.2,81,334.06,13.3
2024,10,21,9,40,0,21.5,82.3,322.994,13.7
2024,10,21,9,50,0,21.1,83,313.444,13.6
2024,10,21,10,0,0,20.7,84.3,309.604,13.8
2024,10,21,10,10,0,19.5,85.9,296.72,14.2
2024,10,21,10,20,0,18.2,87.5,284.128,14.8
2024,10,21,10,30,0,17.7,88.2,261.434,15.3
2024,10,21,10,40,0,16.8,88.7,238.406,14.9
2024,10,21,10,50,0,16.1,90.1,229.994,13.6
2024,10,21,11,0,0,15.4,90.9,208.016,13.5
2024,10,21,11,10,0,14.6,92.7,206.604,13
2024,10,21,11,20,0,14.125,93.625,195.942,12.8
2024,10,21,11,30,0,13,94.5,164.308,11.5
2024,10,21,11,40,0,12.5,96,160.64,11.2
2024,10,21,12,0,0,11.125,98.375,123.537,8.4
2024,10,21,12,10,0,10.5,98.875,97.683,8.3
2024,10,21,12,20,0,10.625,99.75,84.075,7.9
2024,10,21,12,30,0,10.5,100.5,74.04,8.7
2024,10,21,12,40,0,9.625,100.5,50,6.2
2024,10,21,12,50,0,9.9,101.5,50.686,6.5
2024,10,21,13,0,0,9.7,102.2,51.556,5.7
2024,10,21,13,10,0,9.5,102.5,50.168,5.4
2024,10,21,13,20,0,9.6,102.8,51.056,5.2
2024,10,21,13,30,0,9.1,103.5,51.426,5.3
2024,10,21,13,40,0,9,103.8,53.92,5.2
2024,10,21,13,50,0,9.1,103.8,50.352,4.8
2024,10,21,14,0,0,8.5,103.8,54.24,4.3
2024,10,21,14,10,0,8,104.1,51.016,3.9
2024,10,21,14,20,0,8,104.7,56.742,2.5
2024,10,21,14,30,0,8.1,105.1,53.272,2.4
2024,10,21,14,40,0,8.1665,104.833,59.665,2.5
2024,10,21,14,50,0,7.8,105.5,73.548,2.6
2024,10,21,15,0,0,7.7,105.5,73.752,2.6
2024,10,21,15,10,0,7,105.9,92.654,2.2
2024,10,21,15,20,0,7,105.8,83.034,2.1
2024,10,21,15,30,0,7,106,78.634,2.2
2024,10,21,15,40,0,7.2,105.3,60.158,1.9
2024,10,21,15,50,0,7.5,104.7,50.71,2
2024,10,21,16,0,0,7.9,105,63.016,2.1
2024,10,21,16,10,0,8,104.5,55.024,2.2
2024,10,21,16,20,0,8,104.6,54.072,2.4
2024,10,21,16,30,0,8,104.3,59.752,2
2024,10,21,16,40,0,8,104.3,77.48,1.8
2024,10,21,16,50,0,7.9,103.2,79.992,1.6
2024,10,21,17,0,0,7.8,102.8,100.222,1.5
2024,10,21,17,10,0,8,101.9,111.168,1.3
2024,10,21,17,20,0,8.5,100.2,98.756,1.3
2024,10,21,17,30,0,9,99.5,93.096,2.3
2024,10,21,17,40,0,9.3,99.3,131.472,1.4
2024,10,21,17,50,0,10,98.7,209.822,1.7
2024,10,21,18,0,0,12.125,97.5,251.9,4.1
2024,10,21,18,10,0,14.3,96.3,317.978,3.2
2024,10,21,18,20,0,15.4,95.2,435.09,2.1
2024,10,21,18,30,0,15.9,93.9,461.728,2
2024,10,21,18,40,0,16.25,92.625,488.092,2.3
2024,10,21,18,50,0,17,91.3,475.972,2.5
2024,10,21,19,0,0,17.8,90.1,491.782,3.8
2024,10,21,19,10,0,18.1,89.1,507.478,2.8
2024,10,21,19,20,0,18.4,88,510.792,5.1
2024,10,21,19,30,0,19,87.5,497.076,5.7
2024,10,21,19,40,0,18.9,86.6,506.338,5
2024,10,21,19,50,0,19.4,86,500.896,5.5
2024,10,21,20,0,0,20,85.5,503.584,6.5
2024,10,21,20,10,0,20.7,84.5,506.13,4.3
2024,10,21,20,20,0,21.3,83.8,518.998,3.3
2024,10,21,20,30,0,22.1,83.3,513.028,3.2
2024,10,21,20,40,0,23.4,82.5,511.908,4.1
2024,10,21,20,50,0,24.3,82.2,523.404,4.8
2024,10,21,21,0,0,24.3,81.6,522.122,5.4
2024,10,21,21,10,0,24.2,81.5,506.104,5.5
2024,10,21,21,20,0,24,81,499.052,4.9
2024,10,21,21,30,0,24.1,80.5,496.992,5.1
2024,10,21,21,40,0,24.1,80.5,496.604,4.9
2024,10,21,21,50,0,24.3,80.3,488.322,5
2024,10,21,22,0,0,24,79.6,480.624,4.8
2024,10,21,22,10,0,24,79.4,481.068,4.5
2024,10,21,22,20,0,24,78.5,432.992,3.9
2024,10,21,22,30,0,24.1,78.3,407.4,3.8
2024,10,21,22,40,0,24.6,77.5,405.418,4.3
2024,10,21,22,50,0,24.9,76.9,402.27,4.9
2024,10,21,23,0,0,25.7,76,406.39,5.2
2024,10,21,23,10,0,26.5,75.3,419.902,5.6
2024,10,21,23,20,0,26.3,75.3,443.894,5.3
2024,10,21,23,30,0,26.1,75.3,466.47,5.2
2024,10,21,23,40,0,26,75.5,488.996,5
2024,10,21,23,50,0,26,75.2,500.938,5
2024,10,22,0,0,0,26.6,73.9,494.682,4.7
2024,10,22,0,10,0,27.3,73.5,495.592,4.6
2024,10,22,0,20,0,27.5,73.2,493.038,4.6
2024,10,22,0,30,0,27.5,73.5,492.714,4.8
2024,10,22,0,40,0,27.3,73.5,497.53,5.3
2024,10,22,0,50,0,27.3,73.5,492.704,5.7
2024,10,22,1,0,0,27.3,73.5,496.272,5.2
2024,10,22,1,10,0,27.4,73.5,499.352,5.7
2024,10,22,1,20,0,27.7,73.1,502.604,5.8
2024,10,22,1,30,0,27.8,72.9,504.25,5.5
2024,10,22,1,40,0,27.6,72.6,488.95,5.7
2024,10,22,1,50,0,27.5,72.5,483.72,5.9
2024,10,22,2,0,0,27.5,72.2,482.204,5.2
2024,10,22,2,10,0,27.7,71.9,482.358,4.4
2024,10,22,2,20,0,28,71.5,481.692,4.2
2024,10,22,2,30,0,28.5,71.5,493.16,4.4
2024,10,22,2,40,0,28.5,71.5,498.95,4.3
2024,10,22,2,50,0,28.8,71.2,487.116,4.1
2024,10,22,3,0,0,29.5,70.5,472.896,4.2
2024,10,22,3,10,0,29.9,70.1,476.102,4.5
2024,10,22,3,20,0,31,69.25,470.457,4.4
2024,10,22,3,30,0,31.833,68.5,474.505,4.5
2024,10,22,3,40,0,32.5,68.5,477.42,4.4
2024,10,22,3,50,0,32.3,68.5,482.45,4.6
2024,10,22,4,0,0,32.2,68.5,485.156,4.6
2024,10,22,4,10,0,32.5,68,483.698,4.8
2024,10,22,4,20,0,32.6,67.8,487.666,4.9
2024,10,22,4,30,0,32.5,68.4,497.464,5
2024,10,22,4,40,0,32.75,68.25,508.303,5.1
2024,10,22,4,50,0,33.5,67.5,501.443,5.3
2024,10,22,5,0,0,33.5,67.5,497.026,5.4
2024,10,22,5,10,0,33.5,67.5,504.658,5.4
2024,10,22,5,20,0,33.5,67.5,509.828,5.5
2024,10,22,5,30,0,33.5,67.5,506.836,5.9
2024,10,22,5,40,0,33.5,67.5,509.814,5.7
2024,10,22,5,50,0,33.5,67.4,513.274,5.6
2024,10,22,6,0,0,33.6,67.4,511.06,5.9
2024,10,22,6,10,0,33.7,66.8,511.968,5.8
2024,10,22,6,20,0,33.9,66.5,512.852,5.9
2024,10,22,6,30,0,34.5,66.5,515.108,6.1
2024,10,22,6,40,0,34.7,66.5,509.132,6.2
2024,10,22,6,50,0,35.2,66.3,501.836,6.4
2024,10,22,7,0,0,35.5,66.4,500.75,6.7
2024,10,22,7,10,0,35.6,66.4,504.102,6.8
2024,10,22,7,20,0,36.9,65.9,502.774,7.1
2024,10,22,7,30,0,37,66.2,514.828,7.9
2024,10,22,7,40,0,36.3,67,517.128,7.4
2024,10,22,7,50,0,34.2,69.8,515.672,7.4
2024,10,22,8,0,0,31.5,72.6,508.098,8
2024,10,22,8,10,0,32.5,71.4,515.182,8.8
2024,10,22,8,20,0,32.6,71.9,519.894,9.1
2024,10,22,8,30,0,32.6,72.6,494.76,8.8
2024,10,22,8,40,0,31.7,73.5,489.946,9.4
2024,10,22,8,50,0,31.9,74.7,488.216,9.4
2024,10,22,9,0,0,31.5,75.5,467.606,9.1
2024,10,22,9,10,0,31,76.9,453.708,9.4
2024,10,22,9,20,0,29.9,78.3,447.262,9
2024,10,22,9,30,0,29.3,78.4,436.302,9.9
2024,10,22,9,40,0,28.7,78.9,427.142,9.7
2024,10,22,9,50,0,27.3,81,417.498,9.1
2024,10,22,10,0,0,26.4,81.5,406.122,9
2024,10,22,10,10,0,25.5,81.7,390.284,8.9
2024,10,22,10,20,0,24.5,83,376.736,8.4
2024,10,22,10,30,0,23,84.1,358.802,7
2024,10,22,10,40,0,21.2,85.7,314.822,5.4
2024,10,22,10,50,0,19.4,86.9,280.54,4.7
2024,10,22,11,0,0,17.5,88.5,242.506,3.9
2024,10,22,11,10,0,16.6,89.6,215.616,4
2024,10,22,11,20,0,16,90.7,199.654,4.3
2024,10,22,11,30,0,15.4,92,186.046,5.2
2024,10,22,11,40,0,15.4,92.5,182.382,4.8
2024,10,22,11,50,0,15.4,93.6,173.252,4.6
2024,10,22,12,0,0,14.2,94.1,151.924,4.3
2024,10,22,12,10,0,14.2,95.1,134.164,4.5
2024,10,22,12,20,0,14.6,95.6,139.508,5.2
2024,10,22,12,30,0,14.4,97,126.796,5.2
2024,10,22,12,40,0,14.3,97.3,124.1,5.3
2024,10,22,12,50,0,14.4,98,118.442,5.1
2024,10,22,13,0,0,14.4,98.1,106.884,5.4
2024,10,22,13,10,0,13.5,99.3,92.958,5.5
2024,10,22,13,20,0,13.5,100.4,81.21,5.2
2024,10,22,13,30,0,13.3,100.9,75.84,5.3
2024,10,22,13,40,0,13.1,101.5,65.302,5.3
2024,10,22,13,50,0,13.3,102.1,53.556,5.6
2024,10,22,14,0,0,13.4,101.5,50.988,5.6
2024,10,22,14,10,0,12.9,102.3,52.51,4.8
2024,10,22,14,20,0,12.6,102.4,51.138,4.1
2024,10,22,14,30,0,12.3,102.5,51.718,2.5
2024,10,22,14,40,0,11.5,102.5,50.576,3
2024,10,22,14,50,0,11.9,102.5,51.438,4.2
2024,10,22,15,0,0,12.5,103.1,55.052,6.1
2024,10,22,15,10,0,12.3,102.7,51.982,3.9
2024,10,22,15,20,0,11.6,103,56.234,3.6
2024,10,22,15,30,0,10.8,102.8,60.742,2.7
2024,10,22,15,40,0,10.125,103.125,67.763,2.8
2024,10,22,15,50,0,10.9,102.9,55.738,2.9
2024,10,22,16,0,0,10.6,102.8,51.478,2.9
2024,10,22,16,10,0,10.4,102.8,51.77,3.2
2024,10,22,16,20,0,10.3,102.5,51.736,3.2
2024,10,22,16,30,0,10.4,102.2,51.8,3.2
2024,10,22,16,40,0,10.6,102.2,51.628,3.7
2024,10,22,16,50,0,10.9,101.7,51.702,4.5
2024,10,22,17,0,0,11.1,100.9,51.384,5
2024,10,22,17,10,0,11.3,100.6,57.738,6.9
2024,10,22,17,20,0,11.5,100.2,57.412,8.5
2024,10,22,17,30,0,12.3,99.4,58.806,8.2
2024,10,22,17,40,0,12.5,98.3,75.938,5.9
2024,10,22,17,50,0,13.1,97.2,116.274,4.5
2024,10,22,18,0,0,13.5,96,163.138,4.5
2024,10,22,18,10,0,14.1,94.7,248.238,4.3
2024,10,22,18,20,0,14.7,93.9,320.786,4
2024,10,22,18,30,0,15.4,92.4,385.114,3.4
2024,10,22,18,40,0,16,91.4,433.31,3.8
2024,10,22,18,50,0,16.7,90.5,437.018,3.9
2024,10,22,19,0,0,17.8,89.4,443.612,4.5
2024,10,22,19,10,0,18.2,88.6,455.008,4.3
2024,10,22,19,20,0,18.8,87.8,456.628,4.8
2024,10,22,19,30,0,19.1,87.1,456.628,5.8
2024,10,22,19,40,0,20,86.5,454.776,6.1
2024,10,22,19,50,0,20.5,85.8,468.97,7.4
2024,10,22,20,0,0,21,85,487.812,7.8
2024,10,22,20,10,0,21.3,84.5,502.122,4.6
2024,10,22,20,20,0,21.7,83.8,518.244,4.1
2024,10,22,20,30,0,22.2,83.5,525.416,4
2024,10,22,20,40,0,22.6,82.8,504.402,4.7
2024,10,22,20,50,0,23.3,82.4,465.204,4.1
2024,10,22,21,0,0,23.5,81.8,492.248,3.8
2024,10,22,21,10,0,24.2,81.5,513.494,3.9
2024,10,22,21,20,0,24.8,81.2,541.098,4
2024,10,22,21,30,0,25.4,80.5,558.33,4.3
2024,10,22,21,40,0,25.5,80.5,535.936,4.5
2024,10,22,21,50,0,26.5,79.6,500.054,4.7
2024,10,22,22,0,0,26.5,79.6,511.146,4.8
2024,10,22,22,10,0,26.9,79.4,482.378,4.3
2024,10,22,22,20,0,27.3,79.1,458.626,3.9
2024,10,22,22,30,0,28.1,78.5,433.612,4.2
2024,10,22,22,40,0,28.7,78,437.61,4.2
2024,10,22,22,50,0,28.7,77.9,451.108,4.2
2024,10,22,23,0,0,29.9,77.1,457.164,4.3
2024,10,22,23,10,0,30.5,77.5,465.376,4.4
2024,10,22,23,20,0,30.5,77.4,496.938,4.7
2024,10,22,23,30,0,30.5,77.1,517.094,4.7
2024,10,22,23,40,0,32.1,75.7,489.616,5
2024,10,22,23,50,0,32.9,75.2,478.876,5.3
2024,10,23,0,0,0,32.6,75.4,498.26,5.4
2024,10,23,0,10,0,33,75,510.662,5.3
2024,10,23,0,20,0,33.2,74.7,520.012,5.6
2024,10,23,0,30,0,33.6,74.4,525.298,18.1
2024,10,23,0,40,0,34.6,73.8,522.608,12.3
2024,10,23,0,50,0,36.2,72.6,516.654,7.6
2024,10,23,1,0,0,36.6,72.4,520.592,6.3
2024,10,23,1,10,0,36.8,72.2,524.122,5.8
2024,10,23,1,20,0,36.3,72.6,532.856,5.7
2024,10,23,1,30,0,35.4,73.3,545.402,5.5
2024,10,23,1,40,0,35.1,73.5,552.914,5.5
2024,10,23,1,50,0,34.5,73.5,561.288,5.7
2024,10,23,2,0,0,34.6,73.5,561.924,5.5
2024,10,23,2,10,0,34.8,73.4,560.384,5.7
2024,10,23,2,20,0,34.7,73.4,562.554,5.4
2024,10,23,2,30,0,35.6,72.5,552.25,5.9
2024,10,23,2,40,0,36,72.3,544.54,5.2
2024,10,23,2,50,0,36.5,71.7,535.942,4.9
2024,10,23,3,0,0,36.6,71.5,535.11,4.8
2024,10,23,3,10,0,36.6,71.5,537.324,4.9
2024,10,23,3,20,0,37,70.5,527.332,4.7
2024,10,23,3,30,0,37,70.5,523.414,4.7
2024,10,23,3,40,0,37,70.5,525.044,5
2024,10,23,3,50,0,36.6,70.4,532.622,5
2024,10,23,4,0,0,36.8,70.5,529.826,5.1
2024,10,23,4,10,0,37,69.8,526.85,5
2024,10,23,4,20,0,37.667,69.5,533.97,5.2
2024,10,23,4,30,0,37,69.5,527.083,5.3
2024,10,23,4,40,0,36.9,69.1,525.896,5.4
2024,10,23,4,50,0,36.5,69.5,533.582,5.4
2024,10,23,5,0,0,36,69.5,532.37,5.6
2024,10,23,5,10,0,36.1,69.5,528.852,5.6
2024,10,23,5,20,0,36.2,69.1,526.992,5.8
2024,10,23,5,30,0,36.2,68.6,523.572,5.8
2024,10,23,5,40,0,35.9,68.5,552.432,6.2
2024,10,23,5,50,0,35.7,68.5,538.22,6.5
2024,10,23,6,0,0,35.9,68.5,522.566,6.4
2024,10,23,6,10,0,35.8,68.3,522.18,6.4
2024,10,23,6,20,0,36,68.2,516.738,6.8
2024,10,23,6,30,0,35.9,67.8,514.224,6.4
2024,10,23,6,40,0,36,67.6,511.998,7.5
2024,10,23,6,50,0,36.2,67.5,511.358,11.3
2024,10,23,7,0,0,36,67.5,514.81,10.4
2024,10,23,7,10,0,36.1,67.5,517.026,9.1
2024,10,23,7,20,0,36.2,67.5,520.504,9.6
2024,10,23,7,30,0,35.8,68.3,518.294,8.3
2024,10,23,7,40,0,36.1,68.6,516.802,8
2024,10,23,7,50,0,35.5,70.2,512.138,8.1
2024,10,23,8,0,0,32.9,73.9,508.96,8.3
2024,10,23,8,10,0,32.7,74.1,504.3,8.1
2024,10,23,8,20,0,32.5,74.1,502.238,8.5
2024,10,23,8,30,0,32.4,74.4,493.79,8.4
2024,10,23,8,40,0,31.6,74.7,472.024,9.1
2024,10,23,8,50,0,30.8,76.1,468.056,9.6
2024,10,23,9,0,0,29.6,76.8,457.994,10.1
2024,10,23,9,10,0,28.3,78.3,451.042,9.9
2024,10,23,9,20,0,27.5,78.5,430.862,8.8
2024,10,23,9,30,0,27.4,79.9,430.26,8.7
2024,10,23,9,40,0,26,81.5,420.646,9.5
2024,10,23,9,50,0,25.5,82.3,409.05,9.4
2024,10,23,10,0,0,24.5,83.1,387.594,7.9
2024,10,23,10,10,0,23.5,84.5,366.402,6.7
2024,10,23,10,20,0,22.5,85.7,348.878,6.3
2024,10,23,10,30,0,22.2,86.7,341.988,6.5
2024,10,23,10,40,0,21.5,87.7,330.702,5.9
2024,10,23,10,50,0,20.5,88.9,309.88,5.8
2024,10,23,11,0,0,18.2,89.5,265.414,4.1
2024,10,23,11,10,0,18.1,90.2,235.52,4
2024,10,23,11,20,0,17.8,91.5,231.722,4.2
2024,10,23,11,30,0,17.3,92.4,217.252,4.2
2024,10,23,11,40,0,16.9,93.4,203.838,4.3
2024,10,23,11,50,0,16.4,94.7,190.99,3.8
2024,10,23,12,0,0,15.8,95.3,178.026,3.9
2024,10,23,12,10,0,15.5,96.5,163.69,3.6
2024,10,23,12,20,0,14.8,97.3,147.536,3.3
2024,10,23,12,30,0,14.625,97.75,140.185,3.6
2024,10,23,12,40,0,14.375,98.625,129.91,3.5
2024,10,23,12,50,0,14.2,99.3,121.132,4.5
2024,10,23,13,0,0,14,99.6,105.06,5.3
2024,10,23,13,10,0,14.2,99.6,93.07,5.6
2024,10,23,13,20,0,13.5,101.3,91.006,4.7
2024,10,23,13,30,0,13.5,101.5,80.992,4.2
2024,10,23,13,40,0,13.5,101.7,65.742,3.3
2024,10,23,13,50,0,13.5,102.2,51.094,3.2
2024,10,23,14,0,0,13.2,102.3,51.554,2.9
2024,10,23,14,10,0,13,102.4,50.704,3
2024,10,23,14,20,0,12.5,102.9,53.796,2.8
2024,10,23,14,30,0,12.6,102.9,50.992,3.3
2024,10,23,14,40,0,12.5,103.4,54.106,2.7
2024,10,23,14,50,0,12.5,103.5,51.254,2.8
2024,10,23,15,0,0,12.5,103.3,52.112,2.8
2024,10,23,15,10,0,12.6,103.5,51.028,2.7
2024,10,23,15,20,0,12.5,103.5,51.856,2.5
2024,10,23,15,30,0,12.5,103.5,53.834,2.4
2024,10,23,15,40,0,12.2,103.8,62.648,1.9
2024,10,23,15,50,0,12.2,103.5,55.012,2
2024,10,23,16,0,0,12.3,102.5,51.266,2.1
2024,10,23,16,10,0,12.5,101.5,51.834,2.3
2024,10,23,16,20,0,12.7,101.3,55.23,2.4
2024,10,23,16,30,0,13.4,100.8,50.858,3
2024,10,23,16,40,0,13.6,100,51.432,2.6
2024,10,23,16,50,0,14.2,98.9,52.204,2.5
2024,10,23,17,0,0,14.5,98,51.56,2.5
2024,10,23,17,10,0,15.1,97.7,60.554,2.3
2024,10,23,17,20,0,15.5,97.1,81.86,2.3
2024,10,23,17,30,0,15.9,96.5,117.07,2.5
2024,10,23,17,40,0,16.5,95.2,157.08,2.6
2024,10,23,17,50,0,17.7,93.4,192.276,2.7
2024,10,23,18,0,0,18.5,92.7,232.3,5.4
2024,10,23,18,10,0,19.7,90.8,250.692,3.1
2024,10,23,18,20,0,20.5,89.5,266.444,3.1
2024,10,23,18,30,0,20.7,88.7,299.464,3.3
2024,10,23,18,40,0,21.1,88.3,325.876,3.3
2024,10,23,18,50,0,21.5,87.3,343.004,3.9
2024,10,23,19,0,0,22.1,87,365.964,4.2
2024,10,23,19,10,0,22.6,86.1,392.146,4.5
2024,10,23,19,20,0,22.6,85.9,411.396,4.1
2024,10,23,19,30,0,22.5,85.5,428.848,4.7
2024,10,23,19,40,0,22.5,85.5,485.132,4.6
2024,10,23,19,50,0,22.6,85.4,495.194,3.9
2024,10,23,20,0,0,23.2,84.4,499.08,3.6
2024,10,23,20,10,0,23.5,84.2,510.8,3.5
2024,10,23,20,20,0,23.9,83.5,538.438,3.6
2024,10,23,20,30,0,24.4,83.2,569.084,3.7
2024,10,23,20,40,0,25.3,82.5,581.942,3.9
2024,10,23,20,50,0,27.5,81.9,584.438,4.4
2024,10,23,21,0,0,29.6,81.5,591.084,4.5
2024,10,23,21,10,0,27,81.4,614.622,4.1
2024,10,23,21,20,0,26.5,80.5,607.5,4.1
2024,10,23,21,30,0,26.5,80.3,592.332,4.5
2024,10,23,21,40,0,26.7,79.7,595.302,4.4
2024,10,23,21,50,0,27.4,79.3,594.064,4.6
2024,10,23,22,0,0,27.5,78.9,591.704,4.8
2024,10,23,22,10,0,27.6,78.5,592.886,5.2
2024,10,23,22,20,0,28.1,78.3,596.792,5.5
2024,10,23,22,30,0,28.4,77.6,593.406,5.9
2024,10,23,22,40,0,28.5,77.4,596.646,5.9
2024,10,23,22,50,0,29,76.9,617.21,5.9
2024,10,23,23,0,0,29.5,76.5,614.904,5.9
2024,10,23,23,10,0,29.5,76.5,611.642,5.6
2024,10,23,23,20,0,29.5,76.3,613.284,5.7
2024,10,23,23,30,0,30.1,75.9,610.682,5.4
2024,10,23,23,40,0,31,75.167,615.065,5.9
2024,10,23,23,50,0,31.1,74.9,610.906,5.9
2024,10,24,0,0,0,31.5,74.7,607.954,5.8
2024,10,24,0,10,0,32.1,74.5,596.454,5.7
2024,10,24,0,20,0,32.4,74.5,586.542,5.7
2024,10,24,0,30,0,32.5,74.1,596.99,5.6
2024,10,24,0,40,0,32.5,73.7,596.274,5.5
2024,10,24,0,50,0,32.5,73.5,594.392,5.8
2024,10,24,1,0,0,32.5,73.3,597.212,5.9
2024,10,24,1,10,0,32.9,73.1,600.068,5.8
2024,10,24,1,20,0,33.4,72.6,601.87,6.2
2024,10,24,1,30,0,34.1,72.5,597.718,6
2024,10,24,1,40,0,33.9,72.5,596.522,6.1
2024,10,24,1,50,0,33.8,72.3,595.738,6.2
2024,10,24,2,0,0,33.8,71.6,592.912,6.1
2024,10,24,2,10,0,33.6,71.5,584.48,6
2024,10,24,2,20,0,33.8,71.3,576.906,5.9
2024,10,24,2,30,0,34.6,70.6,573.95,6.4
2024,10,24,2,40,0,35,70.5,564.244,7.2
2024,10,24,2,50,0,35.8,70.4,547.586,7.4
2024,10,24,3,0,0,35.4,70.4,536.272,7.5
2024,10,24,3,10,0,35.5,70,527.216,7.2
2024,10,24,3,20,0,36.7,68.6,509.844,7.9
2024,10,24,3,30,0,36.6,69.3,490.238,8.5
2024,10,24,3,40,0,36.1,69,498.37,8.5
2024,10,24,3,50,0,36.3,69,501.644,8.6
2024,10,24,4,0,0,36.8,68.5,484.108,9
2024,10,24,4,10,0,37.6,67.5,475.052,8.9
2024,10,24,4,20,0,38.1,66.8,463.886,8.9
2024,10,24,4,30,0,37.2,67.4,471.818,9.1
2024,10,24,4,40,0,36.4,67.6,487.294,9.3
2024,10,24,4,50,0,35.9,68.2,495.012,9.4
2024,10,24,5,0,0,36,67.3,494.47,9.2
2024,10,24,5,10,0,35.9,66.6,494.478,9.2
2024,10,24,5,20,0,36.1,66.5,496.052,8.7
2024,10,24,5,30,0,36.2,65.8,482.838,8.4
2024,10,24,5,40,0,36.7,65.4,462.608,8.5
2024,10,24,5,50,0,36.5,65.5,448.968,8.1
2024,10,24,6,0,0,36.5,65.3,438.062,7.8
2024,10,24,6,10,0,36.3,65.4,426.064,7
2024,10,24,6,20,0,36.1,64.9,416.042,6.7
2024,10,24,6,30,0,35.8,65.2,407.232,5.9
2024,10,24,6,40,0,35,65.2,397.924,5.5
2024,10,24,6,50,0,34.5,65.4,394.536,5.3
2024,10,24,7,0,0,34.5,64.9,393.5,4.8
2024,10,24,7,10,0,34.5,64.8,391.572,4.9
2024,10,24,7,20,0,34.4,64.7,390.84,4.9
2024,10,24,7,30,0,34.1,64.8,398.074,4.9
2024,10,24,7,40,0,33.9,64.5,390.228,4.6
2024,10,24,7,50,0,33.4,65.7,386.222,4.4
2024,10,24,8,0,0,31,68.6,379.974,4.3
2024,10,24,8,10,0,30.5,68.5,376.204,4.2
2024,10,24,8,20,0,30.1,69.1,363.172,3.5
2024,10,24,8,30,0,28.7,70.5,350.048,3.6
2024,10,24,8,40,0,27.9,71.7,344.4,3.7
2024,10,24,8,50,0,26.4,73.1,333.096,3.5
2024,10,24,9,0,0,25.3,73.5,316.684,3
2024,10,24,9,10,0,24.6,74.6,305.042,2.8
2024,10,24,9,20,0,23.8,76,305.876,2.8
2024,10,24,9,30,0,23,76.6,302.33,2.7
2024,10,24,9,40,0,22.6,76.7,291.98,2.7
2024,10,24,9,50,0,22.3,77.2,286.612,2.6
2024,10,24,10,0,0,21.8,77.7,279.358,2.6
2024,10,24,10,10,0,21.1,79.5,282.292,2.5
2024,10,24,10,20,0,21,79.8,279.408,2.5
2024,10,24,10,30,0,20.4,80.1,273.418,2.6
2024,10,24,10,40,0,20.5,80.6,264.668,2.7
2024,10,24,10,50,0,19.8,82.2,253.332,2.9
2024,10,24,11,0,0,19.6,82,247.84,2.8
2024,10,24,11,10,0,19.2,82.9,242.548,3
2024,10,24,11,20,0,18.6,84.1,233.258,3
2024,10,24,11,30,0,18.1,84.7,222.374,2.9
2024,10,24,11,40,0,18,85.1,217.274,3.5
2024,10,24,11,50,0,17.7,86.4,209.996,3.5
2024,10,24,12,0,0,17,87.5,198.534,3.5
2024,10,24,12,10,0,16.9,88.1,188.82,3.8
2024,10,24,12,20,0,16.9,88.1,185.01,3.9
2024,10,24,12,30,0,17,88.3,171.932,4.3
2024,10,24,12,40,0,16.3,89.1,165.316,4
2024,10,24,12,50,0,15.8,91.1,167.296,3.7
2024,10,24,13,0,0,15.6,90.9,149.524,4
2024,10,24,13,10,0,15.5,91.5,147.098,4
2024,10,24,13,20,0,15.6,90.8,132.74,4.4
2024,10,24,13,30,0,15.2,91.8,122.524,4.1
2024,10,24,13,40,0,15,93.2,108.532,4
2024,10,24,13,50,0,14.6,93.6,93.19,4.4
2024,10,24,14,0,0,14.9,93.1,74.702,4.3
2024,10,24,14,10,0,14.2,94.9,79.524,3.9
2024,10,24,14,20,0,14.3,94.7,72.554,4
2024,10,24,14,30,0,14.1,94.7,63.592,4.2
2024,10,24,14,40,0,13.8,95.4,60.162,4.2
2024,10,24,14,50,0,13.7,95.7,51.084,4.2
2024,10,24,15,0,0,13.8,95.1,53.076,4.4
2024,10,24,15,10,0,14,95.7,53.07,4.4
2024,10,24,15,20,0,13.5,96.2,52.374,4.4
2024,10,24,15,30,0,13.5,96.5,51.324,4.2
2024,10,24,15,40,0,13.8,96.5,53.546,4.3
2024,10,24,15,50,0,13.7,96.1,50.44,4.3
2024,10,24,16,0,0,14,96.1,51.116,4.1
2024,10,24,16,10,0,13.9,95,50,4.6
2024,10,24,16,20,0,14,95.7,52.682,5.9
2024,10,24,16,30,0,13.9,95.6,69.55,5.6
2024,10,24,16,40,0,13.7,95.5,56.116,5.3
2024,10,24,16,50,0,14,94.6,52.84,5.3
2024,10,24,17,0,0,14.3,93.9,53.076,4.8
2024,10,24,17,10,0,14.4,94.9,89.884,4.6
2024,10,24,17,20,0,15.2,93.4,111.166,4.7
2024,10,24,17,30,0,15.6,92.9,140.284,5.3
2024,10,24,17,40,0,16.9,92.8,201.898,5.1
2024,10,24,17,50,0,17,92.4,287.618,6.3
2024,10,24,18,0,0,18.1,91.6,368.312,7.2
2024,10,24,18,10,0,18.6,90.5,414.622,4.8
2024,10,24,18,20,0,19.2,89.5,465.012,5.3
2024,10,24,18,30,0,19.7,88.4,504.296,4.9
2024,10,24,18,40,0,20.6,87.4,524.646,5
2024,10,24,18,50,0,21.2,86.3,541.084,5.1
2024,10,24,19,0,0,22.6,85.3,568.742,6.1
2024,10,24,19,10,0,23.3,84.3,573.12,7.1
2024,10,24,19,20,0,24.4,83.6,548.302,5.5
2024,10,24,19,30,0,24.8,82.7,547.218,5.7
2024,10,24,19,40,0,25.3,82.3,559.556,5.9
2024,10,24,19,50,0,25.6,81.5,574.28,5.7
2024,10,24,20,0,0,26.4,80.7,589.074,5.7
2024,10,24,20,10,0,26.5,80.2,589.922,5.9
2024,10,24,20,20,0,27.5,79.6,578.136,7.7
2024,10,24,20,30,0,27.5,79.2,574.382,10.6
2024,10,24,20,40,0,28.1,78.5,556.264,8.5
2024,10,24,20,50,0,28.5,78.4,545.4,8.3
2024,10,24,21,0,0,28.7,78,551.658,7.2
2024,10,24,21,10,0,29.1,77.6,534.314,6.1
2024,10,24,21,20,0,29.5,77.4,531.636,6.2
2024,10,24,21,30,0,29.5,76.7,523.872,7
2024,10,24,21,40,0,29.5,76.5,517.63,6.7
2024,10,24,21,50,0,30,76.4,511.526,6.9
2024,10,24,22,0,0,30.5,75.9,519.474,6.9
2024,10,24,22,10,0,30.7,75.5,530.972,6.6
2024,10,24,22,20,0,31.5,75.4,541.272,6.7
2024,10,24,22,30,0,31.6,74.8,557.402,6.8
2024,10,24,22,40,0,31.5,74.5,550.35,6.9
2024,10,24,22,50,0,31.6,74.4,544,7
2024,10,24,23,0,0,32.3,73.8,542.21,7.2
2024,10,24,23,10,0,33.8,73.1,536.52,7.5
2024,10,24,23,20,0,34.6,72.6,526.808,7.9
2024,10,24,23,30,0,34.7,72.5,522.86,8.2
2024,10,24,23,40,0,34.6,72.5,527.144,8.5
2024,10,24,23,50,0,34.4,72.2,528.902,8.4
2024,10,25,0,0,0,34.5,71.8,518.236,8.4
2024,10,25,0,10,0,34.5,71.6,515.284,8.7
2024,10,25,0,20,0,34.5,71.5,508.322,9.4
2024,10,25,0,30,0,34.5,71.5,501.056,9.7
2024,10,25,0,40,0,34.5,71.4,501.558,9.4
2024,10,25,0,50,0,34.5,71,509.136,9.3
2024,10,25,1,0,0,34.5,70.7,512.194,9.2
2024,10,25,1,10,0,35,70.5,512.734,9.3
2024,10,25,1,20,0,34.7,70.4,507.364,9.8
2024,10,25,1,30,0,34.9,70.2,507.112,9.7
2024,10,25,1,40,0,34.7,69.6,505.484,9.3
2024,10,25,1,50,0,35,69.5,505.634,9.4
2024,10,25,2,0,0,35.1,69.5,506.312,9.5
2024,10,25,2,10,0,35.2,69.5,506.988,8.9
2024,10,25,2,20,0,35,69.3,502.868,8.6
2024,10,25,2,30,0,35,69.3,500.14,8.5
2024,10,25,2,40,0,35.5,68.8,496.88,8.3
2024,10,25,2,50,0,35.9,68.5,489.922,8.6
2024,10,25,3,0,0,36.2,68.5,479.324,8.7
2024,10,25,3,10,0,36.6,68.2,476.072,8.7
2024,10,25,3,20,0,36.8,68.1,474.114,9.1
2024,10,25,3,30,0,36.1,67.5,472.932,9
2024,10,25,3,40,0,35.8,67.5,472.576,9
2024,10,25,3,50,0,35.9,67.5,471.268,9
2024,10,25,4,0,0,36.1,67.5,469.566,9
2024,10,25,4,10,0,36.1,67.1,468.34,8.8
2024,10,25,4,20,0,35.9,66.8,468.598,8.9
2024,10,25,4,30,0,36.5,66.5,467.002,9
2024,10,25,4,40,0,36.3,66.5,463.436,8.6
2024,10,25,4,50,0,36,66.5,461.674,8.8
2024,10,25,5,0,0,36.1,66.5,462.344,8.6
2024,10,25,5,10,0,36,66.1,458.604,8.6
2024,10,25,5,20,0,36,66,454.206,8.9
2024,10,25,5,30,0,36.4,65.5,454.616,8.7
2024,10,25,5,40,0,36.5,65.5,462.602,8.9
2024,10,25,5,50,0,36.5,65.5,460.422,9.2
2024,10,25,6,0,0,36.8,65.5,460.168,9.5
2024,10,25,6,10,0,37.1,65.5,457.436,9.3
2024,10,25,6,20,0,37.7,65.5,461.17,9.9
2024,10,25,6,30,0,38,65.5,459.126,10.7
2024,10,25,6,40,0,37.6,65.5,457.062,10.7
2024,10,25,6,50,0,37.6,65.4,458.984,11.3
2024,10,25,7,0,0,37.6,65,460.6,11.8
2024,10,25,7,10,0,37.9,65,462.464,12.4
2024,10,25,7,20,0,38.1,65.1,463.064,13.2
2024,10,25,7,30,0,39.5,65,469.234,16.7
2024,10,25,7,40,0,39.8,65.4,467.94,18.6
2024,10,25,7,50,0,39.8,66.5,476.096,21.7
2024,10,25,8,0,0,38,69.1,468.338,23.5
2024,10,25,8,10,0,38,69.2,456.826,23.9
2024,10,25,8,20,0,38.6,69,450.828,25.4
2024,10,25,8,30,0,38.2,69.5,451.908,26.7
2024,10,25,8,40,0,37.2,70.5,440.854,24.8
2024,10,25,8,50,0,35.7,72,424.544,25
2024,10,25,9,0,0,33.8,73.3,411.386,24.4
2024,10,25,9,10,0,33,74,409.772,25
2024,10,25,9,20,0,31,76.3,406.184,24.2
2024,10,25,9,30,0,28.8,78.1,382.036,23.6
2024,10,25,9,40,0,28.5,78.5,376.866,28.1
2024,10,25,9,50,0,27.6,80.1,368.896,31.3
2024,10,25,10,0,0,26.7,80.5,357.908,32.9
2024,10,25,10,10,0,25.8,81.1,342.652,31.9
2024,10,25,10,20,0,24.6,82.3,329.23,29.8
2024,10,25,10,30,0,23.5,84.9,324.19,29.9
2024,10,25,10,40,0,22,86.4,311.524,27
2024,10,25,10,50,0,20.5,88.3,288.428,25.2
2024,10,25,11,0,0,20.6,88.3,255.582,22.4
2024,10,25,11,10,0,19.9,90.4,253.844,23.8
2024,10,25,11,20,0,19.6,90.6,239.518,26
2024,10,25,11,30,0,19,91.1,214.264,25.7
2024,10,25,11,40,0,18.4,92.3,205.238,24.5
2024,10,25,11,50,0,18.4,91.5,172.708,26.7
2024,10,25,12,0,0,18,92.2,148.938,27
2024,10,25,12,10,0,17.9,92.1,117.508,28.4
2024,10,25,12,20,0,17.625,93.5,82.107,28.7
2024,10,25,12,30,0,17.375,94.5,76.107,27.6
2024,10,25,12,40,0,16.8,96,70.418,27.1
2024,10,25,12,50,0,16.5,96.5,55.038,27.3
2024,10,25,13,0,0,16.1,97.3,50.99,27.9
2024,10,25,13,10,0,16.2,97.5,50.978,29.1
2024,10,25,13,20,0,15.5,98.3,54.34,26.3
2024,10,25,13,30,0,15.5,98.4,53.072,26.8
2024,10,25,13,40,0,15.4,99.4,50.176,25.2
2024,10,25,13,50,0,15.2,100.4,51.126,23.9
2024,10,25,14,0,0,15.1,100.9,51.016,23.9
2024,10,25,14,10,0,14.7,100.9,50.602,23.4
2024,10,25,14,20,0,14.5,101.4,50.742,22
2024,10,25,14,30,0,14.2,101.3,50.366,20.6
2024,10,25,14,40,0,13.7,101.8,53.05,19.3
2024,10,25,14,50,0,13.5,102.5,56.294,17.8
2024,10,25,15,0,0,13.5,103.1,59.682,16.4
2024,10,25,15,10,0,13.5,102.9,51.228,17.4
2024,10,25,15,20,0,13.5,102.5,50.174,17.4
2024,10,25,15,30,0,14,102.6,54.678,16.6
2024,10,25,15,40,0,14.5,102.4,50.56,16.8
2024,10,25,15,50,0,14.5,102.4,50.088,16.4
2024,10,25,16,0,0,14.5,101.3,50.014,15.7
2024,10,25,16,10,0,14.625,101.25,67.2,14.8
2024,10,25,16,20,0,15.5,99.75,54.62,15.3
2024,10,25,16,30,0,15.833,99,50.105,18.3
2024,10,25,16,40,0,16.5,97.5,50,22.2
2024,10,25,16,50,0,16.5,97.5,50,21.8
2024,10,25,17,0,0,17.4,96,50.466,20.6
2024,10,25,17,10,0,17.6,96.1,86.9,20
2024,10,25,17,20,0,18.7,94.8,79.94,19.1
2024,10,25,17,30,0,19.4,94.5,82.164,20.1
2024,10,25,17,40,0,19.5,94.1,160.32,22.2
2024,10,25,17,50,0,19.9,93.5,280.904,19.5
2024,10,25,18,0,0,20.5,92.5,313.724,16
2024,10,25,18,10,0,21.8,90.6,353.078,14.2
2024,10,25,18,20,0,24,88.7,364.668,12.6
2024,10,25,18,30,0,25.1,87.4,403.104,12.4
2024,10,25,18,40,0,24.6,87.3,447.568,12.5
2024,10,25,18,50,0,24.5,87,498.33,11.6
2024,10,25,19,0,0,24.7,86.7,558.106,11.6
2024,10,25,19,10,0,24.9,85.8,564.05,11.9
2024,10,25,19,20,0,25.7,84.7,544.734,11.8
2024,10,25,19,30,0,25.5,84.5,597.094,12.3
2024,10,25,19,40,0,25.9,84.5,654.676,12.4
2024,10,25,19,50,0,26.3,83.9,693.886,11.1
2024,10,25,20,0,0,27.1,83.3,712.198,11
2024,10,25,20,10,0,27.5,82.6,727.96,11.1
2024,10,25,20,20,0,27.8,82.3,728.242,11.3
2024,10,25,20,30,0,29.1,80.8,659.81,12.4
2024,10,25,20,40,0,29.5,80.5,642.534,11.8
2024,10,25,20,50,0,29.6,80.3,668.414,11.7
2024,10,25,21,0,0,29.5,79.9,672.862,10.7
2024,10,25,21,10,0,29.8,79.5,676.012,10.3
2024,10,25,21,20,0,29.8,79.5,686.97,10.2
2024,10,25,21,30,0,30.1,79.4,697.652,10.6
2024,10,25,21,40,0,30.5,78.7,691.264,10.1
2024,10,25,21,50,0,31.1,78.5,685.346,10.1
2024,10,25,22,0,0,31.2,78.3,686.106,10.7
2024,10,25,22,10,0,32.125,77.375,535.33,11.4
2024,10,25,22,20,0,32.6,76.7,713.288,11.3
2024,10,25,22,30,0,32.6,76.5,738.822,11.2
2024,10,25,22,40,0,32.5,76.4,733.696,12.1
2024,10,25,22,50,0,32.5,76.5,749.534,11.9
2024,10,25,23,0,0,32.6,76,755.104,12.3
2024,10,25,23,10,0,32.4,76.2,773.252,11.9
2024,10,25,23,20,0,33,75.5,770.31,12.3
2024,10,25,23,30,0,34,74.3,725.93,11.8
2024,10,25,23,40,0,34.4,74.4,710.712,11.8
2024,10,25,23,50,0,33.8,74.5,745.492,12
2024,10,26,0,0,0,33.9,74.5,774.472,12
2024,10,26,0,10,0,34.5,73.9,778.448,12.5
2024,10,26,0,20,0,36,72.9,763.65,12.4
2024,10,26,0,30,0,35.4,73.4,773.788,13.4
2024,10,26,0,40,0,34.9,72.8,786.622,14
2024,10,26,0,50,0,34.9,72.5,777.774,13.4
2024,10,26,1,0,0,34.7,72,769.004,12.6
2024,10,26,1,10,0,34.5,71.6,765.78,12.1
2024,10,26,1,20,0,34.5,71.5,763.028,11.9
2024,10,26,1,30,0,34.4,71.1,760.556,11.2
2024,10,26,1,40,0,34.5,70.5,747.054,10.4
2024,10,26,1,50,0,34.2,70.6,747.806,10.4
2024,10,26,2,0,0,33.9,70.7,753.276,10.6
2024,10,26,2,10,0,33.9,71,751.96,10.8
2024,10,26,2,20,0,33.6,70.9,758.98,11.3
2024,10,26,2,30,0,33.9,70.6,755.046,11.6
2024,10,26,2,40,0,33.9,70.5,740.406,11.1
2024,10,26,2,50,0,34.2,70.4,730.304,11.2
2024,10,26,3,0,0,34.4,70.2,709.242,10.6
2024,10,26,3,10,0,34,70.3,709.268,10.5
2024,10,26,3,20,0,33.7,70,708.882,10.3
2024,10,26,3,30,0,33.6,69.9,712.84,10.4
2024,10,26,3,40,0,33.9,69.5,718.394,10.5
2024,10,26,3,50,0,34.4,69.5,711.394,10.5
2024,10,26,4,0,0,34.5,69.5,712.38,10.2
2024,10,26,4,10,0,34.5,69.4,712.85,10.7
2024,10,26,4,20,0,34.5,69.1,714.614,10.6
2024,10,26,4,30,0,34.7,68.7,714.834,10.6
2024,10,26,4,40,0,35.4,68.5,705.346,10.7
2024,10,26,4,50,0,35.5,68.3,701.948,10.8
2024,10,26,5,0,0,35.9,67.5,694.142,11.2
2024,10,26,5,10,0,36.8,67.3,682.636,11.7
2024,10,26,5,20,0,37.4,66.6,682.576,12.3
2024,10,26,5,30,0,37.3,66.8,692.916,12.3
2024,10,26,5,40,0,37,67.1,692.808,12.4
2024,10,26,5,50,0,37.3,67.2,671.502,12.7
2024,10,26,6,0,0,36.9,66.6,657.532,12.1
2024,10,26,6,10,0,37.2,66.7,644.268,11.3
2024,10,26,6,20,0,37.4,66.7,640.556,11.2
2024,10,26,6,30,0,37,66.8,645.84,11
2024,10,26,6,40,0,37.1,66.5,647.074,10.6
2024,10,26,6,50,0,37.1,66.5,644.12,10.2
2024,10,26,7,0,0,36.9,66.5,646.276,10.2
2024,10,26,7,10,0,36.5,66.5,646.748,9.9
2024,10,26,7,20,0,36.5,66.5,658.318,10.5
2024,10,26,7,30,0,37,66.5,674,10.7
2024,10,26,7,40,0,36.9,66.8,670.31,10.5
2024,10,26,7,50,0,36.6,67.7,654.86,10.4
2024,10,26,8,0,0,36,69.1,655.238,11.3
2024,10,26,8,10,0,35.2,69.9,649.088,11
2024,10,26,8,20,0,34.6,70,629.77,10.9
2024,10,26,8,30,0,33,71.3,614.202,11.1
2024,10,26,8,40,0,31.8,72.6,608.766,10.1
2024,10,26,8,50,0,30.7,73.2,591.156,10.8
2024,10,26,9,0,0,30.4,74.1,576.784,10.8
2024,10,26,9,10,0,30.1,74.3,577.838,10.9
2024,10,26,9,20,0,29,75.6,568.846,11.5
2024,10,26,9,30,0,28.6,76.4,561.972,12.5
2024,10,26,9,40,0,28.5,77.3,548.872,14.7
2024,10,26,9,50,0,28.4,78.1,540.466,16.2
2024,10,26,10,0,0,26.9,80.1,544.518,16.2
2024,10,26,10,10,0,26.125,81.25,525.66,19.4
2024,10,26,10,20,0,25.9,81.8,557.472,19.2
2024,10,26,10,30,0,25.4,83,549.786,18.5
2024,10,26,10,40,0,24.5,84.2,544.358,17.3
2024,10,26,10,50,0,23.5,85.2,520.358,17
2024,10,26,11,0,0,23,86.6,506.784,16.8
2024,10,26,11,10,0,22.3,87.3,491.642,17.5
2024,10,26,11,20,0,21.6,88.5,487.81,16.6
2024,10,26,11,30,0,21,89.25,482.04,17.1
2024,10,26,11,40,0,20.3,90.6,482.566,18.1
2024,10,26,11,50,0,19.5,91.1,458.164,16.4
2024,10,26,12,0,0,19.1,91.7,439.996,15.8
2024,10,26,12,10,0,18.5,91.9,417.114,15
2024,10,26,12,20,0,18.5,92.1,403.85,14.8
2024,10,26,12,30,0,17.5,92.9,382.836,10.8
2024,10,26,12,40,0,16.5,94.1,366.382,8.7
2024,10,26,12,50,0,16.3,94.5,350.412,10
2024,10,26,13,0,0,16.1,94.9,336.932,9.9
2024,10,26,13,10,0,15,95.8,332.454,8.5
2024,10,26,13,20,0,14.5,96.9,316.068,7.9
2024,10,26,13,30,0,14.6,96.9,296.13,8.4
2024,10,26,13,40,0,14.3,97.4,279.756,8
2024,10,26,13,50,0,14.5,97.4,266.404,7.6
2024,10,26,14,0,0,14.3,98.9,247.506,7.5
2024,10,26,14,10,0,13.7,99.5,246.312,8.4
2024,10,26,14,20,0,13.5,99.7,230.406,8.3
2024,10,26,14,30,0,13,100.2,222.236,8.2
2024,10,26,14,40,0,12.75,100.5,206.48,7.5
2024,10,26,14,50,0,12.5,100.8,237.077,6.2
2024,10,26,15,0,0,12.1,100.5,237.542,5.1
2024,10,26,15,10,0,11.9,99.6,219.67,5
2024,10,26,15,20,0,12.2,98.9,189.39,5.2
2024,10,26,15,30,0,12.7,98.8,180.968,5.5
2024,10,26,15,40,0,13,99.3,190.22,6.3
2024,10,26,15,50,0,13.3,99.3,212.96,5.9
2024,10,26,16,0,0,13.8,98.1,217.668,5.7
2024,10,26,16,10,0,14.2,98,217.9,5.8
2024,10,26,16,20,0,14.2,98.3,212.226,5.6
2024,10,26,16,30,0,13.5,97.4,207.108,4.9
2024,10,26,16,40,0,13.5,96.7,217.156,5.1
2024,10,26,16,50,0,14.4,95,201.168,4.7
2024,10,26,17,0,0,15,94.4,200.76,6.8
2024,10,26,17,10,0,15,94.5,255.598,5.6
2024,10,26,17,20,0,15.3,94.3,280.426,5.1
2024,10,26,17,30,0,15.9,93.5,325.042,5.6
2024,10,26,17,40,0,16.3,93.2,388.984,5.5
2024,10,26,17,50,0,16.9,92.5,447.218,5.1
2024,10,26,18,0,0,17.7,91.7,443.24,5.2
2024,10,26,18,10,0,19.3,90.5,460.462,4.6
2024,10,26,18,20,0,19.75,89.625,513.732,5.9
2024,10,26,18,30,0,19.5835,88.6665,525.562,6.9
2024,10,26,18,40,0,19.7,87.8,537.784,5
2024,10,26,18,50,0,20.3,87.4,558.834,4.6
2024,10,26,19,0,0,21.8,86.5,575.808,5.6
2024,10,26,19,10,0,22.5,85.9,593.784,9.5
2024,10,26,19,20,0,22.1,85.1,602.884,12
2024,10,26,19,30,0,22.7,84.5,608.44,10.6
2024,10,26,19,40,0,23.3,83.7,618.656,8.8
2024,10,26,19,50,0,24,83,618.406,9.7
2024,10,26,20,0,0,24.6,82.3,635.258,10.4
2024,10,26,20,10,0,25.8,81.7,658.596,10
2024,10,26,20,20,0,28.4,81.5,669.702,10.5
2024,10,26,20,30,0,26.9,81.4,668.174,9.8
2024,10,26,20,40,0,26.8,81,666.804,10.1
2024,10,26,20,50,0,27.5,80.625,675.412,10.1
2024,10,26,21,0,0,27.5,80.4,669.366,9.7
2024,10,26,21,10,0,28.2,79.9,663.734,10.2
2024,10,26,21,20,0,28.7,79.5,649.19,10.3
2024,10,26,21,30,0,29.3,79.3,641.226,10.2
2024,10,26,21,40,0,29.5,78.7,632.048,10.2
2024,10,26,21,50,0,29.1,78.7,605.474,10.3
2024,10,26,22,0,0,28.5,78.5,575.288,10
2024,10,26,22,10,0,28.6,78.5,569.418,11.4
2024,10,26,22,20,0,28.7,78.2,584.202,13.8
2024,10,26,22,30,0,29.3,78,568.538,11.2
2024,10,26,22,40,0,28.9,77.6,561.14,10.3
2024,10,26,22,50,0,29.5,77.5,556.07,9.3
2024,10,26,23,0,0,30,77.5,557.954,9.1
2024,10,26,23,10,0,30,77,556.256,10.3
2024,10,26,23,20,0,31.6,76.5,541.96,9
2024,10,26,23,30,0,31.7,76.5,547.314,8.6
2024,10,26,23,40,0,32.5,76.1,560.892,10.1
2024,10,26,23,50,0,32.8,75.5,572.094,13.5
2024,10,27,0,0,0,33.3,75.5,572.198,13.1
2024,10,27,0,10,0,34,74.5,562.694,12.3
2024,10,27,0,20,0,34.7,74.5,557.324,11.8
2024,10,27,0,30,0,34.9,74.3,550.682,11.1
2024,10,27,0,40,0,34.3,74.5,545.566,11.3
2024,10,27,0,50,0,34.4,74.1,548.548,11.2
2024,10,27,1,0,0,34.5,73.8,542.916,11.7
2024,10,27,1,10,0,34.5,73.7,548.106,11.7
2024,10,27,1,20,0,34.6,73.8,549.538,12.2
2024,10,27,1,30,0,34.6,73.5,546.404,12.3
2024,10,27,1,40,0,34.6,73.5,544.47,12.6
2024,10,27,1,50,0,34.7,73.6,542.882,12.7
2024,10,27,2,0,0,34.7,74.1,540.8,14
2024,10,27,2,10,0,34.8,73.8,527.79,13.9
2024,10,27,2,20,0,34.8,73.3,513.88,13.3
2024,10,27,2,30,0,34.5,73.5,514.738,12.9
2024,10,27,2,40,0,34.4,73.3,506.298,14.9
2024,10,27,2,50,0,33.6,73.5,500.03,13.5
2024,10,27,3,0,0,33.5,73.2,497.916,12.9
2024,10,27,3,10,0,32.8,73.1,491.672,12.1
2024,10,27,3,20,0,31.9,73.3,481.23,11.5
2024,10,27,3,30,0,31.5,72.7,466.314,11.3
2024,10,27,3,40,0,30.9,73.1,463.698,11.2
2024,10,27,3,50,0,31,73.1,467.682,11
2024,10,27,4,0,0,31.6,72.4,463.038,10.9
2024,10,27,4,10,0,31.5,72.4,461.396,10.4
2024,10,27,4,20,0,31.3,72.8,461.288,10.3
2024,10,27,4,30,0,31.9,72.9,468.586,10.9
2024,10,27,4,40,0,32.9,72.4,471.66,11.6
2024,10,27,4,50,0,32.9,72.5,470.986,12
2024,10,27,5,0,0,32.4,72.9,465.844,13
2024,10,27,5,10,0,33.1,73.2,469.17,13.6
2024,10,27,5,20,0,34.3,72.9,471.242,15.5
2024,10,27,5,30,0,35.1,72.5,477.18,16.6
2024,10,27,5,40,0,34.9,73.4,474.326,16.7
2024,10,27,5,50,0,35,73,471.666,17.1
2024,10,27,6,0,0,34.9,72.9,464.834,17.2
2024,10,27,6,10,0,34.7,72.8,462.11,15.1
2024,10,27,6,20,0,34.3,72.6,459.566,14.9
2024,10,27,6,30,0,34.5,72.3,460.112,14.9
2024,10,27,6,40,0,34.3,72,450.122,14.5
2024,10,27,6,50,0,34.7,71.4,444.51,13.2
2024,10,27,7,0,0,34.7,71.3,443.364,13.4
2024,10,27,7,10,0,34.4,71.1,443.24,13
2024,10,27,7,20,0,34.7,70.5,442.478,11.9
2024,10,27,7,30,0,34.6,70.5,438.652,11.5
2024,10,27,7,40,0,34.5,70.6,439.96,10.4
2024,10,27,7,50,0,34.3,71.2,441.7,11.5
2024,10,27,8,0,0,35,70.4,438.778,11.6
2024,10,27,8,10,0,35.3,70.8,435.166,11.9
2024,10,27,8,20,0,34.7,71.6,434.578,12.3
2024,10,27,8,30,0,34.3,72.4,431.188,12.5
2024,10,27,8,40,0,34.3,72.3,429.18,13.4
2024,10,27,8,50,0,33.7,73.4,430.432,13.5
2024,10,27,9,0,0,33.3,73.8,425.85,14.3
2024,10,27,9,10,0,33.7,73.5,419.764,15.2
2024,10,27,9,20,0,34,73.5,416.708,16.4
2024,10,27,9,30,0,34.4,73.4,413.342,16.5
2024,10,27,9,40,0,33.9,74.3,415.988,15.9
2024,10,27,9,50,0,33.3,75.4,415.194,15.6
2024,10,27,10,0,0,34.5,74.9,412.476,16.4
2024,10,27,10,10,0,35.1,75.1,410.044,16.9
2024,10,27,10,20,0,35,75.5,410.084,15.9
2024,10,27,10,30,0,34.9,76.2,405.306,15.7
2024,10,27,10,40,0,33.6,78.1,400.064,15.2
2024,10,27,10,50,0,31.6,79.6,388.746,14.4
2024,10,27,11,0,0,29.8,81.1,372.282,13.3
2024,10,27,11,10,0,29,82.2,360.282,13.9
2024,10,27,11,20,0,27.8,83.4,351.248,13.5
2024,10,27,11,30,0,27.3,84.4,345.86,13.9
2024,10,27,11,40,0,25.2,85.9,330.422,12.9
2024,10,27,11,50,0,24.5,86.7,318.85,12.2
2024,10,27,12,0,0,24.3,87.3,315.51,11.9
2024,10,27,12,10,0,23.2,88.1,302.926,11.6
2024,10,27,12,20,0,22.3,89.2,296.772,12.2
2024,10,27,12,30,0,22,89.5,277.492,12.5
2024,10,27,12,40,0,22.7,89.2,268.896,13.5
2024,10,27,12,50,0,22.1,89.8,260.45,12.7
2024,10,27,13,0,0,21.4,90.6,243.456,12.1
2024,10,27,13,10,0,20.5,91.3,230.29,10.3
2024,10,27,13,20,0,20.5,92.5,230.848,10.7
2024,10,27,13,30,0,20.4,91.2,194.474,11.8
2024,10,27,13,40,0,20.5,90.7,178.884,11.9
2024,10,27,13,50,0,21.1,90.2,167.278,13.6
2024,10,27,14,0,0,21.4,89.6,148.396,14.2
2024,10,27,14,10,0,21.4,89.7,125.948,15.6
2024,10,27,14,20,0,21.1,88.9,81.772,17.6
2024,10,27,14,30,0,21.6,89.1,57.118,20.6
2024,10,27,14,40,0,22,88.9,50.386,22.3
2024,10,27,14,50,0,21.5,89.3,62.084,22.4
2024,10,27,15,0,0,21.5,88.8,52.296,21.8
2024,10,27,15,10,0,21.6,88.5,90.794,29.7
2024,10,27,15,20,0,21.5,88.3,56.996,20.2
2024,10,27,15,30,0,21.3,88.5,60.708,19.9
2024,10,27,15,40,0,21,89.3,65.97,18.2
2024,10,27,15,50,0,21.4,89.5,117.274,17.9
2024,10,27,16,0,0,22.5,88.7,140.136,26.4
2024,10,27,16,10,0,22.5,89.1,181.68,13.8
2024,10,27,16,20,0,22.4,89,215.336,14.4
2024,10,27,16,30,0,22.5,88.5,227.712,12.5
2024,10,27,16,40,0,22.1,88.5,278.134,17.7
2024,10,27,16,50,0,21.5,88.5,263.612,19.5
2024,10,27,17,0,0,21.5,88.4,256.88,16.8
2024,10,27,17,10,0,20.7,88.4,257.212,10
2024,10,27,17,20,0,20.6,88.1,267.938,9.1
2024,10,27,17,30,0,21.5,87.5,317.952,9.4
2024,10,27,17,40,0,23,86.1,320.974,10.2
2024,10,27,17,50,0,23.1,85.9,356.318,13.5
2024,10,27,18,0,0,23.5,85.5,385.162,11.7
2024,10,27,18,10,0,23.5,85.5,433.908,11.1
2024,10,27,18,20,0,24.2,85.5,459.942,9.5
2024,10,27,18,30,0,24.5,85.3,468.736,8.3
2024,10,27,18,40,0,24.8,84.8,469.95,9.2
2024,10,27,18,50,0,25.5,84.5,473.844,11
2024,10,27,19,0,0,26.3,84,465.55,11.3
2024,10,27,19,10,0,27.3,83,453.118,11.3
2024,10,27,19,20,0,27.6,82.5,454.284,12.6
2024,10,27,19,30,0,27.7,82.5,463.292,15
2024,10,27,19,40,0,28,82.6,478.008,15.9
2024,10,27,19,50,0,28.5,82.5,475.028,16.8
2024,10,27,20,0,0,29,82.3,483.588,18.3
2024,10,27,20,10,0,29.5,81.8,479.224,20.7
2024,10,27,20,20,0,29.5,81.6,469.056,23.7
2024,10,27,20,30,0,30.2,81.5,476.438,24.6
2024,10,27,20,40,0,30.5,81.4,484.932,26.2
2024,10,27,20,50,0,30.5,81.1,479.524,26.3
2024,10,27,21,0,0,30.7,80.9,478.714,27.4
2024,10,27,21,10,0,31.4,80.6,476.272,28
2024,10,27,21,20,0,31.5,80.5,489.84,26.2
2024,10,27,21,30,0,31.9,80.5,488.562,23.8
2024,10,27,21,40,0,32.8,79.7,475.222,23.1
2024,10,27,21,50,0,33.1,79.5,477.393,23.4
2024,10,27,22,0,0,33.1,79.5,470.786,23.5
2024,10,27,22,10,0,33.2,79.4,464.92,23.5
2024,10,27,22,20,0,33.9,78.8,463.566,25.1
2024,10,27,22,30,0,34.7,78.4,442.912,25.9
2024,10,27,22,40,0,35.3,78,442.162,26.6
2024,10,27,22,50,0,35.6,77.9,444.944,27.9
2024,10,27,23,0,0,36.2,77.5,428.936,29.3
2024,10,27,23,10,0,36.7,76.9,404.592,32.2
2024,10,27,23,20,0,37.1,76.5,391.942,33.1
2024,10,27,23,30,0,37,76.5,397.304,33.5
2024,10,27,23,40,0,38,75.7,389.226,31.8
2024,10,27,23,50,0,40.5,73.8,371.966,27.4
2024,10,28,0,0,0,41.3,73.2,371.634,22.2
2024,10,28,0,10,0,42.5,72.5,374.276,19.9
2024,10,28,0,20,0,43.1,72.6,374.42,17
2024,10,28,0,30,0,43.5,72.9,378.42,13.7
2024,10,28,0,40,0,43.2,73.5,381.908,11.3
2024,10,28,0,50,0,43.8,73.5,383.398,9.9
2024,10,28,1,0,0,43.6,73.8,384.412,9.5
2024,10,28,1,10,0,43,74.4,387.664,9.2
2024,10,28,1,20,0,43.5,73.8,390.842,9.2
2024,10,28,1,30,0,44.5,73.4,389.268,8.3
2024,10,28,1,40,0,45.8,73,388.712,6.7
2024,10,28,1,50,0,46.6,72.9,385.046,4.2
2024,10,28,2,0,0,47.2,73.3,379.796,2.8
2024,10,28,2,10,0,47.4,73.2,377.12,2.3
2024,10,28,2,20,0,47.4,73.4,374.534,2.1
2024,10,28,2,30,0,47.5,73.5,369.714,2.1
2024,10,28,2,40,0,47.4,73.7,363.778,2.1
2024,10,28,2,50,0,47.1,73.5,361.028,1.9
2024,10,28,3,0,0,46.8,73.8,357.984,1.9
2024,10,28,3,10,0,45.9,74.2,355.366,1.7
2024,10,28,3,20,0,45.5,74.1,348.466,1.5
2024,10,28,3,30,0,45.7,73.5,343.936,1.4
2024,10,28,3,40,0,45.5,73.8,345.174,1.5
2024,10,28,3,50,0,46,73.75,343.663,1.6
2024,10,28,4,0,0,46.3,73.6,347.212,1.8
2024,10,28,4,10,0,46.1,73.7,342.778,1.9
2024,10,28,4,20,0,46.2,73.5,333.162,2
2024,10,28,4,30,0,46.2,73.5,324.716,1.8
2024,10,28,4,40,0,45.8,73.5,318.566,1.8
2024,10,28,4,50,0,45.5,73.5,312.168,1.6
2024,10,28,5,0,0,45.4,72.9,302.322,1.6
2024,10,28,5,10,0,45.3,72.6,292.692,1.7
2024,10,28,5,20,0,44.9,72.6,283.73,2.3
2024,10,28,5,30,0,44.5,72.5,276.186,2.3
2024,10,28,5,40,0,44.5,72.5,270.624,1.7
2024,10,28,5,50,0,43.9,72.3,263.706,1.4
2024,10,28,6,0,0,43.1,72.5,256.91,1.5
2024,10,28,6,10,0,42.9,71.9,252.18,1.3
2024,10,28,6,20,0,42,71.5,234.778,0.9
2024,10,28,6,30,0,40.2,71.7,213.482,0.9
2024,10,28,6,40,0,39.2,71.6,194.298,0.8
2024,10,28,6,50,0,38.4,71.8,184.092,0.7
2024,10,28,7,0,0,36.4,72.1,167.066,0.8
2024,10,28,7,10,0,34.2,72.1,142.962,1
2024,10,28,7,20,0,33.1,72,122.37,0.9
2024,10,28,7,30,0,31.8,71.7,103.254,0.9
2024,10,28,7,40,0,32,71.5,91.246,1
2024,10,28,7,50,0,31.2,71.8,89.676,1.2
2024,10,28,8,0,0,30.1,71.5,90.95,1.1
2024,10,28,8,10,0,29.5,71.9,93.516,1.2
2024,10,28,8,20,0,29.5,72,90.704,1
2024,10,28,8,30,0,29.5,72.4,86.328,1.1
2024,10,28,8,40,0,29.5,72.5,79.054,1.6
2024,10,28,8,50,0,29.5,72.5,79.09,1.8
2024,10,28,9,0,0,29.5,72.7,75.872,2.3
2024,10,28,9,10,0,29.5,73.7,73.072,2.2
2024,10,28,9,20,0,30,73.2,67.664,2.2
2024,10,28,9,30,0,30,73.5,71.41,1.9
2024,10,28,9,40,0,30.5,73.4,71.022,1.8
2024,10,28,9,50,0,30.4,73.3,65.152,2.4
2024,10,28,10,0,0,30.5,73.4,63.682,2.6
2024,10,28,10,10,0,29.7,74.3,72.686,1.8
2024,10,28,10,20,0,28.9,74.6,57.324,2.6
2024,10,28,10,30,0,28.5,75.5,50.8,2.6
2024,10,28,10,40,0,28.1,76.8,51.234,2.6
2024,10,28,10,50,0,27.1,77.6,51.328,2.3
2024,10,28,11,0,0,27.3,77.8,53.558,1.6
2024,10,28,11,10,0,27.5,77.5,51.304,1.6
2024,10,28,11,20,0,26.5,79.6,58.278,1.8
2024,10,28,11,30,0,25,81.4,65.19,1.6
2024,10,28,11,40,0,23.4,82.5,53.816,1.6
2024,10,28,11,50,0,22.5,83.7,51.866,1.6
2024,10,28,12,0,0,22.3,84.3,52.61,1.3
2024,10,28,12,10,0,21.7,84.9,53.802,1.4
2024,10,28,12,20,0,21.4,85.4,51.43,1.2
2024,10,28,12,30,0,21.2,85.4,51.368,1.5
2024,10,28,12,40,0,21,85.7,53.636,1.4
2024,10,28,12,50,0,20.8,86.4,54.47,1.3
2024,10,28,13,0,0,20.4,86.5,51.394,1.2
2024,10,28,13,10,0,19.6,87.2,52.708,1
2024,10,28,13,20,0,18.5,88.1,55.108,1.1
2024,10,28,13,30,0,18.4,88.5,51.448,0.9
2024,10,28,13,40,0,17.8,88.9,52.274,0.9
2024,10,28,13,50,0,17.8,89,54.798,1.1
2024,10,28,14,0,0,17.6,88.8,52.292,1
2024,10,28,14,10,0,17.4,88.7,53.954,1.1
2024,10,28,14,20,0,17.2,89.3,52.712,1
2024,10,28,14,30,0,17.4,89.4,51.412,1.1
2024,10,28,14,40,0,17.5,89.3,52.002,1
2024,10,28,14,50,0,18,88.6,52.708,1.2
2024,10,28,15,0,0,17.3,88.5,52.378,1.3
2024,10,28,15,10,0,16.8,88.5,53.52,1
2024,10,28,15,20,0,16.6,88.4,53.644,1.1
2024,10,28,15,30,0,17.6,87.4,50.872,1.1
2024,10,28,15,40,0,18,87.5,56.684,0.9
2024,10,28,15,50,0,18,87.9,56.74,0.9
2024,10,28,16,0,0,18.8,86.1,50.822,0.9
2024,10,28,16,10,0,18.7,86.1,56.4,0.9
2024,10,28,16,20,0,18.7,86.1,57.996,0.9
2024,10,28,16,30,0,18.8,85.4,51.806,1.2
2024,10,28,16,40,0,19.4,85.2,57.094,1.4
2024,10,28,16,50,0,19.9,84.4,52.48,0.7
2024,10,28,17,0,0,20.1,84.1,52.826,0.7
2024,10,28,17,10,0,20.2,84.3,55.606,0.7
2024,10,28,17,20,0,21.1,83.1,60.836,0.7
2024,10,28,17,30,0,21.8,82.4,73.72,0.7
2024,10,28,17,40,0,22.6,81.8,103.418,0.8
2024,10,28,17,50,0,23.8,81,133.414,1.3
2024,10,28,18,0,0,25.9,80,175.394,0.8
2024,10,28,18,10,0,26.4,79,200.246,0.8
2024,10,28,18,20,0,26.4,78.6,229.068,0.8
2024,10,28,18,30,0,27.2,77.7,253.282,0.7
2024,10,28,18,40,0,27.5,77.5,279.466,0.8
2024,10,28,18,50,0,27.9,76.9,296.522,0.7
2024,10,28,19,0,0,27.5,77.1,320.336,0.7
2024,10,28,19,10,0,27.9,76.6,336.312,0.8
2024,10,28,19,20,0,28.7,75.8,349.844,0.9
2024,10,28,19,30,0,29.7,74.9,347.93,0.9
2024,10,28,19,40,0,31,73.875,342.135,1
2024,10,28,19,50,0,31.75,73.25,263.75,0.9
2024,10,28,20,0,0,32.2,72.7,356.398,0.9
2024,10,28,20,10,0,32.1,73,355.186,0.9
2024,10,28,20,20,0,32.5,72.5,346.716,0.8
2024,10,28,20,30,0,33.3,71.7,324.024,0.7
2024,10,28,20,40,0,33.8,71,298.9,0.6
2024,10,28,20,50,0,34.2,70.8,289.616,0.6
2024,10,28,21,0,0,34.5,70.7,289.548,0.7
2024,10,28,21,10,0,34.8,70.5,286.428,0.7
2024,10,28,21,20,0,34.9,70.4,286.85,0.6
2024,10,28,21,30,0,35.1,70.5,291.254,0.7
2024,10,28,21,40,0,35.4,69.9,287.382,0.6
2024,10,28,21,50,0,35.75,70.125,289.685,0.7
2024,10,28,22,0,0,35.75,69.875,301.53,0.7
2024,10,28,22,10,0,35.9,69.6,305.39,0.6
2024,10,28,22,20,0,35.9,69.6,302.688,0.7
2024,10,28,22,30,0,36,69.5,307.662,0.7
2024,10,28,22,40,0,35.7,69.8,313.622,0.6
2024,10,28,22,50,0,35.4,70.4,320.856,0.7
2024,10,28,23,0,0,35.4,70.1,323.316,0.7
2024,10,28,23,10,0,35.7,69.5,331.642,0.7
2024,10,28,23,20,0,36,69.5,337.478,0.7
2024,10,28,23,30,0,36.3,69,344.938,0.7
2024,10,28,23,40,0,36.5,69,352.89,0.8
2024,10,28,23,50,0,36.6,68.9,367.704,0.8
2024,10,29,0,0,0,36.5,68.8,374.496,0.8
2024,10,29,0,10,0,37.6,67.8,378.44,0.8
2024,10,29,0,20,0,37.6,68,387.338,0.8
2024,10,29,0,30,0,38.1,67.4,383.99,0.9
2024,10,29,0,40,0,38.4,67.1,376.562,0.9
2024,10,29,0,50,0,38.8,66.7,371.044,0.9
2024,10,29,1,0,0,39,66.5,360.284,0.8
2024,10,29,1,10,0,39,66.4,359.458,0.8
2024,10,29,1,20,0,39.2,66.1,360.48,0.8
2024,10,29,1,30,0,39.1,66.1,365.272,0.9
2024,10,29,1,40,0,39.3,65.7,370.086,0.8
2024,10,29,1,50,0,39.1,65.5,366.31,0.8
2024,10,29,2,0,0,38.9,65.6,363.756,0.9
2024,10,29,2,10,0,39,65.2,360.58,0.9
2024,10,29,2,20,0,39,65.3,360.728,0.9
2024,10,29,2,30,0,39.5,64.8,367.63,1
2024,10,29,2,40,0,38.7,65.2,383.306,1
2024,10,29,2,50,0,37.8,66.2,403.096,0.9
2024,10,29,3,0,0,38.1,65.4,400.8,1
2024,10,29,3,10,0,38,65.5,408.342,1
2024,10,29,3,20,0,37.6,65.5,424.8,1
2024,10,29,3,30,0,37.7,65.1,431.53,1.1
2024,10,29,3,40,0,37.8,65.3,419.196,1.1
2024,10,29,3,50,0,37.5,65.5,421.422,1.2
2024,10,29,4,0,0,37,65.4,427.856,1.1
2024,10,29,4,10,0,36.9,65.3,424.372,1.1
2024,10,29,4,20,0,36.7,65.5,427.394,1.1
2024,10,29,4,30,0,36.8,65.1,426.044,1
2024,10,29,4,40,0,37,64.9,421.168,1.1
2024,10,29,4,50,0,36.6,65.1,440.496,1.2
2024,10,29,5,0,0,36.2,65,458.498,1.1
2024,10,29,5,10,0,36,65,468.74,1.3
2024,10,29,5,20,0,36.3,64.8,470.194,1.4
2024,10,29,5,30,0,37.1,64.4,457.622,1.3
2024,10,29,5,40,0,37.1,64.5,451.498,1.4
2024,10,29,5,50,0,37.9,64.3,438.376,1.4
2024,10,29,6,0,0,37.6,63.7,442.334,1.3
2024,10,29,6,10,0,38.3,63.5,450.214,1.6
2024,10,29,6,20,0,38.5,63.5,463.14,2.2
2024,10,29,6,30,0,38,63.3,481.174,2.2
2024,10,29,6,40,0,38.3,63.3,481.766,2.2
2024,10,29,6,50,0,37.8,63.2,496.726,2.3
2024,10,29,7,0,0,37.9,62.7,494.588,2.5
2024,10,29,7,10,0,37.8,62.5,487.1,2.5
2024,10,29,7,20,0,37.7,62.7,485.956,2.5
2024,10,29,7,30,0,38.7,62.5,479.572,2.8
2024,10,29,7,40,0,38.6,63,470.76,2.6
2024,10,29,7,50,0,38.3,64.2,463.07,2.5
2024,10,29,8,0,0,38.1,64.7,452.97,2.4
2024,10,29,8,10,0,38.6,65.3,452.814,2.8
2024,10,29,8,20,0,38.2,66.7,427.296,2.9
2024,10,29,8,30,0,36.7,68.8,402.246,3.2
2024,10,29,8,40,0,35.7,69.4,385.844,2.6
2024,10,29,8,50,0,36.2,69.2,371.07,3.3
2024,10,29,9,0,0,36.6,69.4,360.28,2.9
2024,10,29,9,10,0,35.2,71.3,349.71,2.8
2024,10,29,9,20,0,33.1,72.7,348.794,2.8
2024,10,29,9,30,0,31.9,74.1,344.232,3.3
2024,10,29,9,40,0,30.6,75.3,344.032,2.7
2024,10,29,9,50,0,29.5,76.5,342.322,3
2024,10,29,10,0,0,28.7,76.9,330.87,2.7
2024,10,29,10,10,0,27.6,77.4,314.762,2.5
2024,10,29,10,20,0,26.6,77.6,293.222,2.1
2024,10,29,10,30,0,25.8,78.1,275.484,2.2
2024,10,29,10,40,0,25.1,78.6,268.542,2.1
2024,10,29,10,50,0,24,79.2,252.906,1.5
2024,10,29,11,0,0,23.2,79.6,235.264,1.3
2024,10,29,11,10,0,22.9,80.2,228.618,1.5
2024,10,29,11,20,0,22.5,80.7,214.948,1.2
2024,10,29,11,30,0,22,81.4,210.748,1.1
2024,10,29,11,40,0,21.8,81.6,202.428,1.3
2024,10,29,11,50,0,21.1,82.3,196.658,1.1
2024,10,29,12,0,0,20,84.2,192.764,1.2
2024,10,29,12,10,0,19.4,84.7,183.042,1.2
2024,10,29,12,20,0,18.7,85.2,170.052,1.4
2024,10,29,12,30,0,18.8,84.9,155.058,0.9
2024,10,29,12,40,0,18.7,85.7,152.066,1.5
2024,10,29,12,50,0,18.1,85.5,139.742,1
2024,10,29,13,0,0,18.1,86.6,143.584,1.1
2024,10,29,13,10,0,17.4,87.2,132.534,1
2024,10,29,13,20,0,17.2,87.1,119.304,0.9
2024,10,29,13,30,0,17,87.4,113.01,1.1
2024,10,29,13,40,0,16.9,87.5,105.182,1
2024,10,29,13,50,0,16.5,88.4,102.814,1
2024,10,29,14,0,0,16.2,88.7,100.302,0.8
2024,10,29,14,10,0,16.2,88.2,85.554,0.9
2024,10,29,14,20,0,16,88.4,85.47,0.7
2024,10,29,14,30,0,16,88.9,82.476,0.9
2024,10,29,14,40,0,15.9,88.3,72.466,0.8
2024,10,29,14,50,0,16,88.5,64.436,0.9
2024,10,29,15,0,0,15.9,88.5,65.234,1
2024,10,29,15,10,0,15.3,89.6,65.92,0.8
2024,10,29,15,20,0,15.3,89.1,62.94,1
2024,10,29,15,30,0,15.3,88.9,59.314,1
2024,10,29,15,40,0,15.5,88.9,61.424,1
2024,10,29,15,50,0,15.4,89,54.226,1
2024,10,29,16,0,0,15.2,88.6,54.102,1
2024,10,29,16,10,0,15.9,87.4,51.564,1
2024,10,29,16,20,0,16,87.7,57.836,1.2
2024,10,29,16,30,0,16,87.1,60.938,1.1
2024,10,29,16,40,0,16.9,85.4,50.586,1
2024,10,29,16,50,0,16.2,84.6,51.66,1
2024,10,29,17,0,0,16,85,56.658,1.1
2024,10,29,17,10,0,16,85.9,73.266,1
2024,10,29,17,20,0,16,85.6,83.744,0.7
2024,10,29,17,30,0,15.9,85.8,105.408,0.6
2024,10,29,17,40,0,16,85.6,129.746,0.7
2024,10,29,17,50,0,16.5,84.6,161.516,0.8
2024,10,29,18,0,0,17.4,83.9,194.212,1.5
2024,10,29,18,10,0,17.6,83.2,234.106,1.5
2024,10,29,18,20,0,18.3,82.2,264.832,3.1
2024,10,29,18,30,0,18.8,81.3,291.234,1.4
2024,10,29,18,40,0,20,80,324.26,1.8
2024,10,29,18,50,0,21.4,78.5,342.952,0.7
2024,10,29,19,0,0,22,77.4,353.224,0.7
2024,10,29,19,10,0,22.6665,76.5,384.413,0.8
2024,10,29,19,20,0,23.2,75.9,393.072,0.8
2024,10,29,19,30,0,23.9,75.5,404.888,0.8
2024,10,29,19,40,0,24,74.9,415.43,1
2024,10,29,19,50,0,24.6665,74.167,416.983,1.1
2024,10,29,20,0,0,25.8,73.5,410.88,1
2024,10,29,20,10,0,26.2,73.2,412.372,1.5
2024,10,29,20,20,0,26.8,72.2,412.134,2.3
2024,10,29,20,30,0,27.3,72.1,415.724,1.4
2024,10,29,20,40,0,27.8,71.5,420.736,2.3
2024,10,29,20,50,0,27.9,71.3,429.052,2.6
2024,10,29,21,0,0,28.2,70.6,432.084,2.8
2024,10,29,21,10,0,28.7,70.4,438.926,3.1
2024,10,29,21,20,0,29.2,70.2,443.23,3.7
2024,10,29,21,30,0,29.5,69.9,444.504,3.7
2024,10,29,21,40,0,29.9,69.5,439.488,8.3
2024,10,29,21,50,0,30.1,69.1,423.622,5
2024,10,29,22,0,0,30.7,68.6,411.892,3.2
2024,10,29,22,10,0,31,68.1,386.086,1.8
2024,10,29,22,20,0,31.5,67.5,384.582,1.8
2024,10,29,22,30,0,31.5,67.5,390.088,1.8
2024,10,29,22,40,0,32.3,66.8,379.178,2.2
2024,10,29,22,50,0,32.5,66.5,380.482,2.2
2024,10,29,23,0,0,32.4,66.5,385.56,2.4
2024,10,29,23,10,0,32.9,65.9,401.172,3.3
2024,10,29,23,20,0,32.5,66.3,408.346,3.9
2024,10,29,23,30,0,32.3,65.8,393.94,6.3
2024,10,29,23,40,0,31.6,66.5,381.944,5
2024,10,29,23,50,0,31.7,65.7,373.238,3.1
2024,10,30,0,0,0,32.5,65,374.604,3.6
2024,10,30,0,10,0,32.5,65.4,382.09,3.3
2024,10,30,0,20,0,31.7,65.5,387.942,3.3
2024,10,30,0,30,0,32.3,65.5,391.132,3.2
2024,10,30,0,40,0,32.5,65.2,396.162,3.1
2024,10,30,0,50,0,33.5,64.1,393.114,2.8
2024,10,30,1,0,0,33.5,64,382.496,2.8
2024,10,30,1,10,0,33.7,64.3,389.144,3
2024,10,30,1,20,0,34.2,63.7,389.722,3.2
2024,10,30,1,30,0,34.4,63.7,394.398,3.5
2024,10,30,1,40,0,34.7,63.6,397.096,3.9
2024,10,30,1,50,0,35,63.4,403.194,4.4
2024,10,30,2,0,0,35.1,63.3,405.348,4.7
2024,10,30,2,10,0,34.7,63.4,402.726,4.9
2024,10,30,2,20,0,34.5,63.2,402.936,4.9
2024,10,30,2,30,0,35.5,62.6,405.226,5.4
2024,10,30,2,40,0,35.1,63.2,401.234,5.2
2024,10,30,2,50,0,35.2,63.2,400.226,5.5
2024,10,30,3,0,0,36.2,62.3,398.64,5.8
2024,10,30,3,10,0,35.1,62.9,391.16,5.7
2024,10,30,3,20,0,34.8,62.9,384.164,5.3
2024,10,30,3,30,0,34.5,62.6,366.004,4.7
2024,10,30,3,40,0,34.4,62.5,360.168,4.5
2024,10,30,3,50,0,34.5,62.4,361.51,4.7
2024,10,30,4,0,0,34.9,62.3,362.5,5.6
2024,10,30,4,10,0,34.7,62.3,357.528,5.5
2024,10,30,4,20,0,35.3,61.5,354.552,5
2024,10,30,4,30,0,36,61.2,353.774,4.7
2024,10,30,4,40,0,36.4,60.7,353.926,5
2024,10,30,4,50,0,36.8,60.5,353.012,4.8
2024,10,30,5,0,0,35.8,60.8,350.578,4.6
2024,10,30,5,10,0,35.7,60.8,351.226,4.7
2024,10,30,5,20,0,35.7,60.8,351.018,4.6
2024,10,30,5,30,0,37.5,59.7,355.704,4.6
2024,10,30,5,40,0,38.8,59.5,355.284,4.5
2024,10,30,5,50,0,40,58.7,352.754,4.4
2024,10,30,6,0,0,40.2,58.5,346.784,4.5
2024,10,30,6,10,0,40.6,58.4,341.376,4.9
2024,10,30,6,20,0,41,58.5,340.762,5.3
2024,10,30,6,30,0,41,58.4,340.802,5.2
2024,10,30,6,40,0,41,58.3,340,5.9
2024,10,30,6,50,0,40.5,58.7,339.332,6
2024,10,30,7,0,0,39.5,59.3,338.062,6.2
2024,10,30,7,10,0,40,58.7,345.448,6.6
2024,10,30,7,20,0,39.4,59.4,345.998,7.3
2024,10,30,7,30,0,38.4,60.1,342.568,6.9
2024,10,30,7,40,0,38.4,60.5,341.366,7
2024,10,30,7,50,0,39.1,60.5,344.048,7.7
2024,10,30,8,0,0,39,61.4,356.722,8
2024,10,30,8,10,0,38.4,62.1,343.61,8.5
2024,10,30,8,20,0,37.5,63,324.326,7.7
2024,10,30,8,30,0,37.8,62.6,308.882,7.8
2024,10,30,8,40,0,37.9,62.5,308.072,8.1
2024,10,30,8,50,0,36.7,63.6,307.698,7.8
2024,10,30,9,0,0,36.2,63.8,307.666,7.7
2024,10,30,9,10,0,35.9,64.4,301.768,7.6
2024,10,30,9,20,0,35.5,64.5,293.858,7
2024,10,30,9,30,0,34.6,65.4,286.926,6.9
2024,10,30,9,40,0,34.1,65.9,277.396,6
2024,10,30,9,50,0,33,66.7,274.328,5.5
2024,10,30,10,0,0,31.3,68.3,269.708,5.1
2024,10,30,10,10,0,29.5,70,258.466,4.6
2024,10,30,10,20,0,27.4,71.9,246.124,4.2
2024,10,30,10,30,0,27.1,72.5,239.186,4.6
2024,10,30,10,40,0,26.4,72.9,229.42,4.3
2024,10,30,10,50,0,25.3,74.3,216.9,4
2024,10,30,11,0,0,24,75.2,202.426,2.8
2024,10,30,11,10,0,23,76.4,179.338,2.1
2024,10,30,11,20,0,22.8,76.1,160.058,2.4
2024,10,30,11,30,0,22.1,77.3,144.222,1.8
2024,10,30,11,40,0,21.6,78.2,134.274,1.7
2024,10,30,11,50,0,20.6,79.9,120.796,1.7
2024,10,30,12,0,0,19.6,81.3,102.09,1.7
2024,10,30,12,10,0,19.4,81.5,85.912,1.7
2024,10,30,12,20,0,18.2,82.4,63.04,1.3
2024,10,30,12,30,0,18.4,82.5,52.546,1.5
2024,10,30,12,40,0,17.8,84,51.67,1.5
2024,10,30,12,50,0,17.9,84,51.592,1.5
2024,10,30,13,0,0,17.8,84.6,53.388,1.6
2024,10,30,13,10,0,16.9,86.6,53.582,1.8
2024,10,30,13,20,0,16.5,86.9,53.834,2.2
2024,10,30,13,30,0,16.5,87.3,52.758,2
2024,10,30,13,40,0,15.7,88.5,51.628,2
2024,10,30,13,50,0,15.3,89.5,52.802,2.2
2024,10,30,14,0,0,15.1,90.2,52.464,2.3
2024,10,30,14,10,0,15,89.7,52.798,2.5
2024,10,30,14,20,0,15.3,89.3,51.97,2.7
2024,10,30,14,30,0,15,89.6,56.08,3
2024,10,30,14,40,0,15,89.7,56.878,3.5
2024,10,30,14,50,0,15.125,89.5,55.897,3.2
2024,10,30,15,0,0,15,90.5,55.538,3.5
2024,10,30,15,10,0,14.625,90.5,58.21,3.5
2024,10,30,15,20,0,14.3,89.9,50.026,3.8
2024,10,30,15,30,0,14.4,89.7,50.348,4.2
2024,10,30,15,40,0,14.2,90.3,54.312,4.3
2024,10,30,15,50,0,14.1,89.7,50.99,4.1
2024,10,30,16,0,0,14.1,89.3,52.15,4.2
2024,10,30,16,10,0,14.6,88.8,51.676,4.2
2024,10,30,16,20,0,14.1,89.3,57.824,4.1
2024,10,30,16,30,0,14.5,88.6,62.116,3.9
2024,10,30,16,40,0,14.8,88.2,54.584,3.6
2024,10,30,16,50,0,14.3,89.5,77.246,3.1
2024,10,30,17,0,0,14,90,111.11,2.8
2024,10,30,17,10,0,14,90.1,133.098,3
2024,10,30,17,20,0,14,90.6,150.252,3.9
2024,10,30,17,30,0,14.1,90.2,166.58,2.7
2024,10,30,17,40,0,14.1,90.3,185.232,1.9
2024,10,30,17,50,0,15.2,89.2,204.674,1.9
2024,10,30,18,0,0,16,88,218.506,1.7
2024,10,30,18,10,0,16.8,86.8,247.936,1.6
2024,10,30,18,20,0,17.8,85.3,267.422,1.5
2024,10,30,18,30,0,18.2,84.3,320.676,1.6
2024,10,30,18,40,0,19,83.2,363.374,1.7
2024,10,30,18,50,0,19.9,82.2,396.258,1.6
2024,10,30,19,0,0,20.5,81.3,408.868,1.8
2024,10,30,19,10,0,21,80.1,398.776,1.5
2024,10,30,19,20,0,21.6,79.3,407.242,1.6
2024,10,30,19,30,0,22.5,78.5,437.51,1.5
2024,10,30,19,40,0,23.6,77.5,468.958,1.7
2024,10,30,19,50,0,24.4,76.6,483.87,4.3
2024,10,30,20,0,0,24.9,76,468.98,3.9
2024,10,30,20,10,0,25.6,75.3,458.85,2.4
2024,10,30,20,20,0,26,74.7,456.314,1.7
2024,10,30,20,30,0,26.4,74.4,458.644,1.9
2024,10,30,20,40,0,28,73.9,458.596,2.3
2024,10,30,20,50,0,28.5,73.4,466.54,2.5
2024,10,30,21,0,0,28.5,73,483.554,2.3
2024,10,30,21,10,0,29.1,72.5,490.184,2.4
2024,10,30,21,20,0,29.3,72.2,488.514,2.9
2024,10,30,21,30,0,29.5,71.8,483.816,3.2
2024,10,30,21,40,0,29.8,71.5,491.064,3.4
2024,10,30,21,50,0,30.1,71.5,494.448,3.5
2024,10,30,22,0,0,30.5,71.2,501.256,3.5
2024,10,30,22,10,0,30.9,70.5,503.862,3.5
2024,10,30,22,20,0,31.5,70.5,503.044,3.6
2024,10,30,22,30,0,31.5,70.4,496.27,3.5
2024,10,30,22,40,0,31.9,70,489.202,3.3
2024,10,30,22,50,0,32.7,69.4,494.898,3.7
2024,10,30,23,0,0,33.2,69.5,479.34,3.5
2024,10,30,23,10,0,33,69,483.022,6
2024,10,30,23,20,0,32.5,69.3,497.47,7.6
2024,10,30,23,30,0,32.5,69,490.43,7.5
2024,10,30,23,40,0,33.375,67.75,483.55,7.4
2024,10,30,23,50,0,33.2,67.5,466.18,6.3
2024,10,31,0,0,0,32.6,67.8,461.694,6.9
2024,10,31,0,10,0,32.5,67.6,467.794,7.5
2024,10,31,0,20,0,32.5,67.5,477.426,8.4
2024,10,31,0,30,0,33.4,67.5,481.244,8.5
2024,10,31,0,40,0,33.6,67.5,472.812,6.7
2024,10,31,0,50,0,34.3,67.1,460.332,5.9
2024,10,31,1,0,0,35,66.5,451.632,5.9
2024,10,31,1,10,0,34.8,66.1,443.53,6.1
2024,10,31,1,20,0,34.6,66.5,441.958,6.2
2024,10,31,1,30,0,34.5,66.3,440.246,6.4
2024,10,31,1,40,0,34.5,66,438.204,6.5
2024,10,31,1,50,0,34.5,65.5,439.228,7.1
2024,10,31,2,0,0,34.6,65.3,436.428,7.7
2024,10,31,2,10,0,34.8,65.2,431.216,8.3
2024,10,31,2,20,0,35.3,65.1,424.538,7.7
2024,10,31,2,30,0,35,64.5,420.366,7.3
2024,10,31,2,40,0,35.4,64.5,412.304,7
2024,10,31,2,50,0,36.2,63.6,408.7,7.5
2024,10,31,3,0,0,36.4,63.5,406.882,7.6
2024,10,31,3,10,0,37.3,62.6,404.446,7.8
2024,10,31,3,20,0,37.3,62.4,406.578,8.6
2024,10,31,3,30,0,37.3,62.5,406.978,10
2024,10,31,3,40,0,38.7,61.8,407.544,12
2024,10,31,3,50,0,38.4,62.3,405.354,13.4
2024,10,31,4,0,0,38.1,62.1,401.034,14.1
2024,10,31,4,10,0,38.4,62.3,396.704,14.5
2024,10,31,4,20,0,39,61.5,394.116,15
2024,10,31,4,30,0,39,61.5,391.413,14.2
2024,10,31,4,40,0,38.9,61.5,387.482,13.6
2024,10,31,4,50,0,38.5,61.6,383.686,13.1
2024,10,31,5,0,0,38.4,61.5,378.904,12.6
2024,10,31,5,10,0,37.7,61.6,374.224,11.4
2024,10,31,5,20,0,37.3,61.8,369.634,10.8
2024,10,31,5,30,0,37,62.1,366.91,10.9
2024,10,31,5,40,0,36.6,61.5,366.3,11.4
2024,10,31,5,50,0,36.8,61.5,364.74,11.2
2024,10,31,6,0,0,37.3,61.3,362.114,12.3
2024,10,31,6,10,0,38,60.6,368.554,13.7
2024,10,31,6,20,0,38.6,60.3,372.112,13.4
2024,10,31,6,30,0,40.5,58.9,363.264,12.6
2024,10,31,6,40,0,40.8,58.7,355.566,11.9
2024,10,31,6,50,0,41.2,58.6,351,11.8
2024,10,31,7,0,0,41,59,350.636,11.1
2024,10,31,7,10,0,42,59,346.806,10.7
2024,10,31,7,20,0,42,59.5,349.608,11
2024,10,31,7,30,0,41.6,59.9,351.176,11.7
2024,10,31,7,40,0,41.6,60.4,350.494,12.3
2024,10,31,7,50,0,41.3,60.7,353.364,12.3
2024,10,31,8,0,0,41,60.9,351.068,12.4
2024,10,31,8,10,0,40.2,61.5,354.76,12.4
2024,10,31,8,20,0,40.5,61.8,350.528,12.6
2024,10,31,8,30,0,40.4,62.6,342.854,12.7
2024,10,31,8,40,0,39.5,63.3,339.69,12.9
2024,10,31,8,50,0,38.4,63.7,337.108,12.8
2024,10,31,9,0,0,37.2,64.5,332.202,13.1
2024,10,31,9,10,0,35.4,65.1,324.816,11.9
2024,10,31,9,20,0,33.5,66.5,317.138,11.1
2024,10,31,9,30,0,32.1,67.2,309.482,9.8
2024,10,31,9,40,0,31.3,68.1,305.302,10
2024,10,31,9,50,0,29.8,69.3,297.18,12.9
2024,10,31,10,0,0,28.3,71.3,292.254,8.4
2024,10,31,10,10,0,26.7,72.8,284.592,8.1
2024,10,31,10,20,0,25,74.7,279.366,8.7
2024,10,31,10,30,0,24.2,75.7,277.188,9
2024,10,31,10,40,0,23.2,77.9,272.642,8.9
2024,10,31,10,50,0,21.7,79.9,267.3,8.5
2024,10,31,11,0,0,21.7,79.6,258.68,8
2024,10,31,11,10,0,21.1,79.9,255.852,8.2
2024,10,31,11,20,0,20.5,81.2,258.828,8.3
2024,10,31,11,30,0,20.1,81.1,256.914,8.3
2024,10,31,11,40,0,19.9,81.7,246.144,7.5
2024,10,31,11,50,0,19.1,82.5,235.388,6.6
2024,10,31,12,0,0,18.9,83.3,222.146,6.6
2024,10,31,12,10,0,18.7,84,214.326,6.2
2024,10,31,12,20,0,18.1,85.1,201.802,5.9
2024,10,31,12,30,0,18.1,85.6,190.072,6.6
2024,10,31,12,40,0,17.6,86.7,171.348,7.2
2024,10,31,12,50,0,18,87.1,159.844,8.1
2024,10,31,13,0,0,17,88.5,144.556,8
2024,10,31,13,10,0,17,88.7,126.266,9.5
2024,10,31,13,20,0,17,88.6,98.19,10.7
2024,10,31,13,30,0,16.4,89.4,80.926,10.4
2024,10,31,13,40,0,16.2,90,65.59,9.8
2024,10,31,13,50,0,15.5,90.1,51.698,8.3
2024,10,31,14,0,0,16.7,89.2,53.642,7.9
2024,10,31,14,10,0,18.9,88.6,63.352,6.2
2024,10,31,14,20,0,18.6,88.8,57.542,5.4
2024,10,31,14,30,0,18.7,88.4,55.148,4.2
2024,10,31,14,40,0,19.3,87,54.124,3.2
2024,10,31,14,50,0,19.2,87.4,52.772,3.2
2024,10,31,15,0,0,18.6,88,53.296,3.2
2024,10,31,15,10,0,18.7,88,54.872,2.7
2024,10,31,15,20,0,18.5,88.5,58.238,2.4
2024,10,31,15,30,0,19,87.9,57.97,2.2
2024,10,31,15,40,0,19.2,87,52.04,2.7
2024,10,31,15,50,0,19.4,87,53.392,2.7
2024,10,31,16,0,0,20.1,86.6,58.038,2.1
2024,10,31,16,10,0,20.9,87,63.504,1.7
2024,10,31,16,20,0,22.1,86.9,75.38,1.3
2024,10,31,16,30,0,22.5,87.1,89.322,0.9
2024,10,31,16,40,0,23.7,84.8,78.542,0.7
2024,10,31,16,50,0,24.5,83.6,80.334,0.6
2024,10,31,17,0,0,24.7,83.6,88.616,0.7
2024,10,31,17,10,0,24.5,83.6,88.926,0.6
2024,10,31,17,20,0,25.4,83.1,91.324,0.7
2024,10,31,17,30,0,24.8,82.7,87.728,1.1
2024,10,31,17,40,0,25.5,81.2,78.652,1.3
2024,10,31,17,50,0,26.9,79.7,78.436,1.5
2024,10,31,18,0,0,27.7,78.2,82.108,1.4
2024,10,31,18,10,0,28.7,77.1,87.584,1.6
2024,10,31,18,20,0,29.6,76.3,102.604,2
2024,10,31,18,30,0,29.8,75.6,112.772,2.4
2024,10,31,18,40,0,30.5,74.5,124.88,2.7
2024,10,31,18,50,0,30.4,74.3,132.046,2.5
2024,10,31,19,0,0,31,73.4,138.918,2.3
2024,10,31,19,10,0,31.6,72.5,139.492,2.5
2024,10,31,19,20,0,32.5,72.3,145.758,2.9
2024,10,31,19,30,0,33.4,71.5,150.21,3
2024,10,31,19,40,0,33.5,71.3,153.444,3.1
2024,10,31,19,50,0,33.4,71.5,152.586,3.2
2024,10,31,20,0,0,33.9,70.9,160.012,3.5
2024,10,31,20,10,0,34.1,70.6,169.118,3.3
2024,10,31,20,20,0,33.8,71.1,185.388,3.4
2024,10,31,20,30,0,33.1,71.5,210.302,3.2
2024,10,31,20,40,0,32.8,71.4,224.306,3.1
2024,10,31,20,50,0,33.2,71.3,237.93,3.7
2024,10,31,21,0,0,33.5,70.9,253.232,3.6
2024,10,31,21,10,0,34.2,70,247.268,3.5
2024,10,31,21,20,0,35.5,69.1,234.762,3.6
2024,10,31,21,30,0,34.7,69.5,242.528,3.5
2024,10,31,21,40,0,35.1,68.7,246.702,3.6
2024,10,31,21,50,0,34.2,69.3,264.608,3.7
2024,10,31,22,0,0,34.9,68.1,270.246,3.4
2024,10,31,22,10,0,35.5,67.4,276.658,3.2
2024,10,31,22,20,0,35.8,66.6,269.336,2.8
2024,10,31,22,30,0,35.7,66.6,266.198,2.5
2024,10,31,22,40,0,35.5,66.4,264.612,2.3
2024,10,31,22,50,0,35.5,65.9,259.744,2.2
2024,10,31,23,0,0,34.4,66.5,263.242,1.9
2024,10,31,23,10,0,33.5,67.1,272.282,1.9
2024,10,31,23,20,0,33.5,66.5,269.834,1.8
2024,10,31,23,30,0,33.6,66.1,265.392,1.7
2024,10,31,23,40,0,33.5,65.8,268.728,1.7
2024,10,31,23,50,0,34.4,65.2,266.108,1.8
2024,11,1,0,0,0,34.4,65.5,261.182,1.5
2024,11,1,0,10,0,34.8,64.7,262.792,1.6
2024,11,1,0,20,0,35.9,63.6,264.106,1.7
2024,11,1,0,30,0,36.4,63.5,270.366,2
2024,11,1,0,40,0,37.2,62.6,274.754,4.3
2024,11,1,0,50,0,37.3,62.8,277.43,2.4
2024,11,1,1,0,0,37.9,62.4,272.37,1.6
2024,11,1,1,10,0,38.4,61.9,268.294,1.7
2024,11,1,1,20,0,38.5,62.1,268.074,1.7
2024,11,1,1,30,0,39,61.5,267.156,1.6
2024,11,1,1,40,0,39.3,61.8,268.308,1.5
2024,11,1,1,50,0,38.9,62.4,271.478,1.6
2024,11,1,2,0,0,39,62.3,271.212,1.7
2024,11,1,2,10,0,39.9,61.6,270.802,1.6
2024,11,1,2,20,0,40.4,61.5,272.404,1.7
2024,11,1,2,30,0,40.9,61.3,268.776,1.9
2024,11,1,2,40,0,41,61.6,269.994,1.9
2024,11,1,2,50,0,41.2,61.7,271.278,2
2024,11,1,3,0,0,42.1,61.3,271.168,2.1
2024,11,1,3,10,0,42.6,61.5,272.994,2.2
2024,11,1,3,20,0,40.5,62.3,290.19,2
2024,11,1,3,30,0,39.2,62.6,303.924,2.1
2024,11,1,3,40,0,39,62.5,308.526,2.2
2024,11,1,3,50,0,40.8,61.9,292.598,2.4
2024,11,1,4,0,0,42.4,61.4,278.084,2.4
2024,11,1,4,10,0,42.6,61.3,279.214,2.5
2024,11,1,4,20,0,42.6,61.6,284.146,2.5
2024,11,1,4,30,0,42,61.9,288.302,2.7
2024,11,1,4,40,0,42,61.7,290.272,2.6
2024,11,1,4,50,0,42,61.6,289.514,2.7
2024,11,1,5,0,0,42.2,61.7,288.264,2.7
2024,11,1,5,10,0,42,61.5,289.412,2.9
2024,11,1,5,20,0,41.4,62.3,299.944,2.8
2024,11,1,5,30,0,42.1,61.6,296.658,3
2024,11,1,5,40,0,42,61.5,304.88,3.1
2024,11,1,5,50,0,41.2,62.3,313.824,3.1
2024,11,1,6,0,0,40.8,62.5,321.718,3.3
2024,11,1,6,10,0,40.9,62.2,320.592,3.2
2024,11,1,6,20,0,41,61.7,315.174,3.3
2024,11,1,6,30,0,41,61.6,311.314,3.4
2024,11,1,6,40,0,41.2,61.8,305.624,3.6
2024,11,1,6,50,0,42.3,61.5,297.832,3.9
2024,11,1,7,0,0,42.4,61.8,296.622,3.9
2024,11,1,7,10,0,42,62,308.308,3.9
2024,11,1,7,20,0,41.5,61.6665,309.75,3.8
2024,11,1,7,30,0,43,61.5,311.787,4.1
2024,11,1,7,40,0,42.5,61.4,325.678,4.1
2024,11,1,7,50,0,42.6,61.2,331.684,3.9
2024,11,1,8,0,0,42.8,61.1,324.734,4.7
2024,11,1,8,10,0,42.8,61,325.1,5.7
2024,11,1,8,20,0,42,62.1,319.88,5.4
2024,11,1,8,30,0,42,62,308.072,5.5
2024,11,1,8,40,0,40.75,63.375,288.063,5.9
2024,11,1,8,50,0,40,64.9,279.048,6.1
2024,11,1,9,0,0,38.9,65.7,270.456,5.9
2024,11,1,9,10,0,37.6,67.8,264.082,6.6
2024,11,1,9,20,0,36.8,69.1,259.926,6.9
2024,11,1,9,30,0,37.3,69,252.038,7.3
2024,11,1,9,40,0,36.7,70.4,247.402,6.7
2024,11,1,9,50,0,35.5,71.7,242.976,6.4
2024,11,1,10,0,0,33.7,73.5,236.36,6.3
2024,11,1,10,10,0,32.5,74.5,223.662,6.4
2024,11,1,10,20,0,32.3,74.9,216.566,6.5
2024,11,1,10,30,0,30.8,76.2,200.528,6.1
2024,11,1,10,40,0,30,77.5,182.412,6
2024,11,1,10,50,0,28.2,79.2,170.16,5.9
2024,11,1,11,0,0,27.6,79.9,152.148,5.7
2024,11,1,11,10,0,27.7,79.7,143.976,5.8
2024,11,1,11,20,0,27.2,80.6,133.36,5.4
2024,11,1,11,30,0,26.5,80.8,117.462,5.7
2024,11,1,11,40,0,27,80.4,114.258,5.8
2024,11,1,11,50,0,26.5,81,97.588,5.6
2024,11,1,12,0,0,25.9,81.9,91.498,5.8
2024,11,1,12,10,0,25.5,82.5,88.61,5.9
2024,11,1,12,20,0,24.8,83.4,80.398,6
2024,11,1,12,30,0,24.3,84.3,66.412,5.9
2024,11,1,12,40,0,24.6,83.1,55.558,6
2024,11,1,12,50,0,24.1,84.4,53.73,6.1
2024,11,1,13,0,0,22.6,86.5,54.66,6.8
2024,11,1,13,10,0,22.1,87.2,54.784,6.6
2024,11,1,13,20,0,22.3,87,56.174,8.9
2024,11,1,13,30,0,21.5,88.2,63.36,7.2
2024,11,1,13,40,0,21.3,88.3,53.948,6.8
2024,11,1,13,50,0,20.7,89,51.53,6.2
2024,11,1,14,0,0,21.1,88.9,51.638,6.4
2024,11,1,14,10,0,20.6,89.2,52.85,6
2024,11,1,14,20,0,21.3,87.7,56.466,6
2024,11,1,14,30,0,22,87,57.948,6.5
2024,11,1,14,40,0,22.8,85.3,50.84,6.2
2024,11,1,14,50,0,23.4,84.5,51.038,6.6
2024,11,1,15,0,0,22.6,85.7,54.656,6.5
2024,11,1,15,10,0,22.8,85.8,51.906,7.2
2024,11,1,15,20,0,22.7,85.6,55.016,6.2
2024,11,1,15,30,0,22.1,86.5,51.39,5.7
2024,11,1,15,40,0,21.8,86.9,50.364,5.9
2024,11,1,15,50,0,21.8,86.8,51.966,5.2
2024,11,1,16,0,0,21.8,86.6,53.906,4.8
2024,11,1,16,10,0,21.5,86.6,57.47,4.8
2024,11,1,16,20,0,21.9,86.3,52.368,5.6
2024,11,1,16,30,0,21.9,86.6,57.27,6.4
2024,11,1,16,40,0,21.2,87.9,62.822,6
2024,11,1,16,50,0,20.6,88.5,68.906,5.3
2024,11,1,17,0,0,20.5,88.3,70.336,4.3
2024,11,1,17,10,0,20.4,88.7,83.224,3.3
2024,11,1,17,20,0,19.9,88.6,84.7,2.5
2024,11,1,17,30,0,19.6,88.4,102.906,2
2024,11,1,17,40,0,20.1,87.3,123.174,1.8
2024,11,1,17,50,0,21.1,86.4,142.064,2.2
2024,11,1,18,0,0,21.5,85.4,178.524,2.9
2024,11,1,18,10,0,22.5,83.9,231.874,2.8
2024,11,1,18,20,0,23.3,82.7,283.25,2.9
2024,11,1,18,30,0,24.3,81.4,320.506,2.9
2024,11,1,18,40,0,25.4,79.9,352.306,2.9
2024,11,1,18,50,0,26.1,79,392.51,3.1
2024,11,1,19,0,0,27.3,78,414.376,3.3
2024,11,1,19,10,0,28.1,77.1,398.658,2.9
2024,11,1,19,20,0,29.9,75.5,387.97,3.4
2024,11,1,19,30,0,30.6,74.8,407.904,4.5
2024,11,1,19,40,0,30.5,74.7,416.51,5.1
2024,11,1,19,50,0,30.9,74.5,412.45,5.5
2024,11,1,20,0,0,31.5,74.2,411.778,8.6
2024,11,1,20,10,0,31.5,73.7,429.426,11.5
2024,11,1,20,20,0,31.6,73.4,437.702,8.9
2024,11,1,20,30,0,32.2,73.1,434.366,6.6
2024,11,1,20,40,0,32.4,72.7,429.358,5.8
2024,11,1,20,50,0,33.1,72.3,420.356,5.9
2024,11,1,21,0,0,33.3,72,420.812,5.6
2024,11,1,21,10,0,33.5,71.6,426.486,6.3
2024,11,1,21,20,0,33.7,71.5,443.288,6.7
2024,11,1,21,30,0,34.1,71.5,448.274,6
2024,11,1,21,40,0,34.3,71.3,449.64,6.3
2024,11,1,21,50,0,34.6,70.7,447.53,6.2
2024,11,1,22,0,0,35.8,70.1,453.754,6.9
2024,11,1,22,10,0,35.6,70.5,459.414,8.6
2024,11,1,22,20,0,35.5,70.5,456.466,9.8
2024,11,1,22,30,0,35.6,70.5,451.94,9.1
2024,11,1,22,40,0,36.667,70,452.35,9.2
2024,11,1,22,50,0,36.3,70.4,446.486,9.8
2024,11,1,23,0,0,36.8,70.1,449.03,11.8
2024,11,1,23,10,0,36.8,70.4,449.066,13
2024,11,1,23,20,0,37.1,69.9,446.198,13.4
2024,11,1,23,30,0,38.1,69.3,434.646,14.7
2024,11,1,23,40,0,38,69.3,393.654,15.6
2024,11,1,23,50,0,38,69,366.608,15
2024,11,2,0,0,0,37.3,69.5,357.786,15
2024,11,2,0,10,0,37.1,69.3,349.178,17.7
2024,11,2,0,20,0,37,69.5,346.864,19.4
2024,11,2,0,30,0,37.4,69,348.614,17.4
2024,11,2,0,40,0,37.4,68.5,348.698,15.8
2024,11,2,0,50,0,37,68.6,361.328,18.5
2024,11,2,1,0,0,37,68.5,372.834,22.3
2024,11,2,1,10,0,36.8,68.8,377.23,17.3
2024,11,2,1,20,0,36.9,68.5,381.46,15.2
2024,11,2,1,30,0,37.1,68.3,382.234,12.9
2024,11,2,1,40,0,37.3,67.9,377.214,11.2
2024,11,2,1,50,0,37.7,67.6,372.594,10.2
2024,11,2,2,0,0,38,67.5,356.488,9.4
2024,11,2,2,10,0,38,67.3,337.81,8.8
2024,11,2,2,20,0,37.8,67.4,328.04,9.1
2024,11,2,2,30,0,37.5,67.5,321.074,8.7
2024,11,2,2,40,0,37.7,67.4,322.786,9.1
2024,11,2,2,50,0,37.4,67.5,321.872,8.8
2024,11,2,3,0,0,37.4,67.4,316.868,8.2
2024,11,2,3,10,0,36.9,67.5,316.098,7.3
2024,11,2,3,20,0,37,67.5,321.774,7.5
2024,11,2,3,30,0,37,67.6,322.394,7.4
2024,11,2,3,40,0,37.2,67.4,320.002,7.7
2024,11,2,3,50,0,37.1,67.5,314.554,7.7
2024,11,2,4,0,0,37,67.5,312.99,7.8
2024,11,2,4,10,0,36.9,67.7,315.49,8.2
2024,11,2,4,20,0,37,67.5,316.112,8.3
2024,11,2,4,30,0,37.3,67.5,324.09,9.2
2024,11,2,4,40,0,37.1,68,328.282,9.7
2024,11,2,4,50,0,37.6,68.3,327.034,9.9
2024,11,2,5,0,0,42.6,66.9,333.526,11.5
2024,11,2,5,10,0,46.2,65.9,343.494,12.3
2024,11,2,5,20,0,46.5,66.4,346.104,12
2024,11,2,5,30,0,46.7,65.6,340.902,12.1
2024,11,2,5,40,0,47.6,65.2,338.336,11.6
2024,11,2,5,50,0,48,66.1,340.574,10.8
2024,11,2,6,0,0,46.7,66.4,346.11,11.1
2024,11,2,6,10,0,47,66.6,352.174,11.2
2024,11,2,6,20,0,46.7,65.9,351.564,11.3
2024,11,2,6,30,0,47,65.5,349.43,10.9
2024,11,2,6,40,0,47.8,65.3,347.386,11.6
2024,11,2,6,50,0,48.2,65.5,344.376,11.2
2024,11,2,7,0,0,49.2,64.8,344.32,11.9
2024,11,2,7,10,0,49.9,64.9,349.33,11.7
2024,11,2,7,20,0,49.5,65.5,351.774,11.8
2024,11,2,7,30,0,49.4,65.6,348.574,11.5
2024,11,2,7,40,0,48.7,66.3,350.184,14.6
2024,11,2,7,50,0,48.5,66,346.182,13.3
2024,11,2,8,0,0,47.4,66.3,337.36,12.2
2024,11,2,8,10,0,45.5,68.1,332.662,12.4
2024,11,2,8,20,0,44.5,69.9,340.032,13.2
2024,11,2,8,30,0,42.7,70.7,337.014,15
2024,11,2,8,40,0,42.1,71.3,334.054,13.3
2024,11,2,8,50,0,40.9,72.1,333.696,13
2024,11,2,9,0,0,39,73.2,330.456,13
2024,11,2,9,10,0,38.5,73.9,330.604,13.3
2024,11,2,9,20,0,36.4,74.5,325.682,13.1
2024,11,2,9,30,0,35,75.3,321.632,13.2
2024,11,2,9,40,0,35.1,75.3,309.912,13.2
2024,11,2,9,50,0,35.1,76.1,298.642,13.3
2024,11,2,10,0,0,34.8,76.4,286.404,13.1
2024,11,2,10,10,0,35.2,75.6,270.042,12
2024,11,2,10,20,0,33.9,76.9,251.18,11.6
2024,11,2,10,30,0,31.5,78.9,229.754,10.7
2024,11,2,10,40,0,31.9,79.8,218.778,12.3
2024,11,2,10,50,0,32,81.4,229.016,12
2024,11,2,11,0,0,31.7,81.7,229.144,12.9
2024,11,2,11,10,0,30.8,82.1,218.344,13.2
2024,11,2,11,20,0,29,83.6,202.774,12.7
2024,11,2,11,30,0,27.8,83.9,184.412,10.6
2024,11,2,11,40,0,27.1,83.5,160.644,9.9
2024,11,2,11,50,0,25.7,84.4,136.982,9
2024,11,2,12,0,0,25.4,84.9,123.676,9.4
2024,11,2,12,10,0,27.3,84.2,125.508,10.4
2024,11,2,12,20,0,27.5,84.6,127.044,11.8
2024,11,2,12,30,0,28.1,85.4,136.84,13
2024,11,2,12,40,0,26.6,86.6,125.644,12.3
2024,11,2,12,50,0,25.9,87.3,115.53,10.9
2024,11,2,13,0,0,25.3,88.2,108.95,11
2024,11,2,13,10,0,25,88.3,110.478,10.8
2024,11,2,13,20,0,24.5,88.5,95.83,10
2024,11,2,13,30,0,24.5,88.1,65.342,9.6
2024,11,2,13,40,0,23.7,88.5,52.696,8.8
2024,11,2,13,50,0,23.7,89,53.418,8.2
2024,11,2,14,0,0,23.3,89.1,50.428,7.1
2024,11,2,14,10,0,23.5,88,51.9,6.4
2024,11,2,14,20,0,23.5,87.6,51.398,6.3
2024,11,2,14,30,0,23.5,87.25,56.065,5.6
2024,11,2,14,40,0,23.9,85.9,51.3,5.7
2024,11,2,14,50,0,23.8,86,52.31,6.1
2024,11,2,15,0,0,24.5,85.5,54.598,4.2
2024,11,2,15,10,0,24.9,85.6,51.068,4.7
2024,11,2,15,20,0,25.25,85,52.525,5.9
2024,11,2,15,30,0,26,84,59.6,5.9
2024,11,2,15,40,0,25,84.9,52.202,4.9
2024,11,2,15,50,0,25.4,84.7,51.85,3.9
2024,11,2,16,0,0,26.3,83.9,51.778,4.2
2024,11,2,16,10,0,26.5,83.5,53.228,4.4
2024,11,2,16,20,0,25.5,84.2,54.418,4.3
2024,11,2,16,30,0,25.5,84.5,52.03,5.2
2024,11,2,16,40,0,25.8,84.3,56.866,6.1
2024,11,2,16,50,0,26.3,83.8,58.29,6.2
2024,11,2,17,0,0,26.5,83.7,61.508,5.2
2024,11,2,17,10,0,27.3,82.7,66.218,5.9
2024,11,2,17,20,0,26.5,82.9,67.874,5.9
2024,11,2,17,30,0,27.4,81.6,73.188,6
2024,11,2,17,40,0,28.8,80,76.182,6.2
2024,11,2,17,50,0,30.3,78.7,94.034,6
2024,11,2,18,0,0,32.1,77.5,117.204,6.2
2024,11,2,18,10,0,32.9,76.4,130.592,5.7
2024,11,2,18,20,0,34.1,75.4,142.496,5.9
2024,11,2,18,30,0,34.8,74.6,158.05,5.9
2024,11,2,18,40,0,35.2,74.4,180.832,6.3
2024,11,2,18,50,0,36.4,73.3,196.898,6.1
2024,11,2,19,0,0,37.1,72.6,215.364,5.8
2024,11,2,19,10,0,37.8,72.1,233.156,5.6
2024,11,2,19,20,0,38.2,71.5,241.296,5.8
2024,11,2,19,30,0,38.9,71,242.62,5.8
2024,11,2,19,40,0,39,70.4,248.162,5.5
2024,11,2,19,50,0,38.9,70.4,257.064,5
2024,11,2,20,0,0,37.9,70.8,256.274,4.8
2024,11,2,20,10,0,37.3,71,251.26,4.8
2024,11,2,20,20,0,37.5,70.6,253.626,4.9
2024,11,2,20,30,0,37.2,70.6,258.774,5.2
2024,11,2,20,40,0,37.4,70.6,269.998,5.3
2024,11,2,20,50,0,37.6,70.4,267.586,5.1
2024,11,2,21,0,0,37.4,70.4,259.98,4.6
2024,11,2,21,10,0,37,70.3,255.158,4.2
2024,11,2,21,20,0,37.3,69.9,253.17,3.8
2024,11,2,21,30,0,38.3,69.3,260.996,3.8
2024,11,2,21,40,0,38.6,68.9,269.386,4
2024,11,2,21,50,0,38.6,69.2,284.92,4.1
2024,11,2,22,0,0,39.6,68.5,288.802,4.4
2024,11,2,22,10,0,38.7,69.4,301.078,4.7
2024,11,2,22,20,0,38,69.8,315.496,5.2
2024,11,2,22,30,0,38.4,69.5,337.852,5.3
2024,11,2,22,40,0,39.5,68.3,344.778,5.1
2024,11,2,22,50,0,41.2,66.9,336.664,7.6
2024,11,2,23,0,0,42,66.2,325.876,4.6
2024,11,2,23,10,0,42.3,65.8,322.964,4.6
2024,11,2,23,20,0,43,65.4,316.634,4.4
2024,11,2,23,30,0,43.2,65.4,310.816,4.6
2024,11,2,23,40,0,43.1,65.4,310.088,4.3
2024,11,2,23,50,0,43.8,64.8,308.226,4.5
2024,11,3,0,0,0,44.1,64.6,306.802,4.7
2024,11,3,0,10,0,44.5,64.5,303.828,4.7
2024,11,3,0,20,0,44.8,64.5,297.694,4.4
2024,11,3,0,30,0,45.3,64.1,293.634,4.6
2024,11,3,0,40,0,45.5,64.1,291.456,4.8
2024,11,3,0,50,0,45.8,63.6,294.692,4.8
2024,11,3,1,0,0,46.2,63.8,296.834,4.8
2024,11,3,1,10,0,46.4,63.5,292.95,4.7
2024,11,3,1,20,0,46.5,63.5,295.312,4.6
2024,11,3,1,30,0,46.1,63.5,296.91,4.3
2024,11,3,1,40,0,46,63.5,296.154,3.9
2024,11,3,1,50,0,45.5,63.5,291.916,3.5
2024,11,3,1,0,0,45.5,63.5,279.708,3.2
2024,11,3,1,10,0,45.3,63.4,266.844,3
2024,11,3,1,20,0,44.9,63.6,256.192,2.7
2024,11,3,1,30,0,45,63.5,251.376,2.6
2024,11,3,1,40,0,45,63.6,253.094,2.6
2024,11,3,1,50,0,45.3,63.2,261.12,2.9
2024,11,3,2,0,0,46,62.6,261.04,2.9
2024,11,3,2,10,0,45.9,63.1,264.368,2.9
2024,11,3,2,20,0,45.3,62.8,271.72,2.7
2024,11,3,2,30,0,45.1,62.7,278.104,2.5
2024,11,3,2,40,0,45,62.9,280.838,2.9
2024,11,3,2,50,0,45.1,62.5,281.35,2.6
2024,11,3,3,0,0,45.1,62.4,284.296,2.7
2024,11,3,3,10,0,45.5,62.5,272.606,2.7
2024,11,3,3,20,0,46.1,61.9,268.978,2.5
2024,11,3,3,30,0,46.5,61.7,266.812,2.5
2024,11,3,3,40,0,46.7,62,268.46,2.8
2024,11,3,3,50,0,47.1,62,272.914,2.6
2024,11,3,4,0,0,47.4,61.7,277.9,2.8
2024,11,3,4,10,0,47.6,61.8,279.02,2.9
2024,11,3,4,20,0,47.6,61.8,281.374,2.9
2024,11,3,4,30,0,47.5,62.3,281.41,2.8
2024,11,3,4,40,0,47.8,62.4,278.002,2.8
2024,11,3,4,50,0,48.1,62.3,274.91,3
2024,11,3,5,0,0,48.2,61.8,269.852,3.1
2024,11,3,5,10,0,48,61.9,269.914,2.9
2024,11,3,5,20,0,47.5,61.8,273.754,2.9
2024,11,3,5,30,0,47.5,61.8,278.616,3.1
2024,11,3,5,40,0,47.7,61.5,274.902,3
2024,11,3,5,50,0,48.5,61.4,270.982,3
2024,11,3,6,0,0,47,62.2,280.906,3
2024,11,3,6,10,0,45.4,63.2,293.778,3.1
2024,11,3,6,20,0,45.1,62.7,300.054,2.9
2024,11,3,6,30,0,45.3,62.4,300.544,3
2024,11,3,6,40,0,46,62.3,304.708,3.2
2024,11,3,6,50,0,46.1,62.5,316.85,3.5
2024,11,3,7,0,0,46.2,62.7,312.638,3.7
2024,11,3,7,10,0,45.5,63.7,310.222,4.2
2024,11,3,7,20,0,45.3,64.2,300.364,4.3
2024,11,3,7,30,0,44.8,64.7,291.268,4.2
2024,11,3,7,40,0,44.2,65.4,285.112,4
2024,11,3,7,50,0,44.1,65.5,277.848,4
2024,11,3,8,0,0,43.7,66.3,276.04,4.2
2024,11,3,8,10,0,43.3,66.8,267.274,4.4
2024,11,3,8,20,0,42.9,67.9,257.248,4.7
2024,11,3,8,30,0,42.4,68.8,254.308,4.9
2024,11,3,8,40,0,41.1,69.5,249.638,4.8
2024,11,3,8,50,0,39.7,70.5,229.274,6.3
2024,11,3,9,0,0,39.6,70.7,212.392,7.1
2024,11,3,9,10,0,38.9,71.2,206.364,7.4
2024,11,3,9,20,0,38.5,71.1,201.034,7.2
2024,11,3,9,30,0,38.3,71.1,183.096,7.3
2024,11,3,9,40,0,37.5,72.3,170.796,7
2024,11,3,9,50,0,34.8,74.3,159.59,6.3
2024,11,3,10,0,0,33.6,75.6,154.492,6
2024,11,3,10,10,0,32.1,76.6,148.972,5.8
2024,11,3,10,20,0,30.8,77.9,147.054,5.7
2024,11,3,10,30,0,30,78.9,144.924,5.5
2024,11,3,10,40,0,28.7,80.3,142.564,6
2024,11,3,10,50,0,27.3,81.6,137.514,5.2
2024,11,3,11,0,0,27.3,81.9,134.014,5.6
2024,11,3,11,10,0,27.9,81.1,146.764,13.3
2024,11,3,11,20,0,28.3,80.7,150.01,12.8
2024,11,3,11,30,0,28.2,80.7,144.748,13.9
2024,11,3,11,40,0,28.1,81.3,143.152,14.2
2024,11,3,11,50,0,27.2,81.8,134.914,12.4
2024,11,3,12,0,0,26.125,83.25,120.088,11.3
2024,11,3,12,10,0,25.4,84.1,108.518,10.3
2024,11,3,12,20,0,24.5,85,103.538,13.7
2024,11,3,12,30,0,24.6,84.9,100.88,14.8
2024,11,3,12,40,0,25,84.3,86.556,14.7
2024,11,3,12,50,0,25.3,84.5,83.402,15.6
2024,11,3,13,0,0,25.1,84.5,72.108,14.6
2024,11,3,13,10,0,24.5,84.8,66.952,14.9
2024,11,3,13,20,0,24.5,84.9,61.884,14.8
2024,11,3,13,30,0,24.5,85.125,53.087,14.7
2024,11,3,13,40,0,24.5,84.8,54.227,14.3
2024,11,3,13,50,0,24.8,84.5,52.992,13.8
2024,11,3,14,0,0,24.7,84.2,51.856,13.4
2024,11,3,14,10,0,25.1,83.5,53.032,14.7
2024,11,3,14,20,0,25.4,83.4,61.434,16.9
2024,11,3,14,30,0,24.7,83.7,59.294,15.6
2024,11,3,14,40,0,24.7,83.7,54.508,16.7
2024,11,3,14,50,0,24.8,84,61.49,15.8
2024,11,3,15,0,0,24.7,84,70.664,17.5
2024,11,3,15,10,0,25.7,83,77.656,18.1
2024,11,3,15,20,0,26.2,81.4,64.566,17.4
2024,11,3,15,30,0,26.9,80.3,60.222,18.4
2024,11,3,15,40,0,27.5,79.5,65.152,18.9
2024,11,3,15,50,0,27.5,79.5,63.69,18.8
2024,11,3,16,0,0,27.8,79.2,69.414,18.7
2024,11,3,16,10,0,27.7,79.2,74.108,18.4
2024,11,3,16,20,0,27.6,78.7,76.366,19.3
2024,11,3,16,30,0,28.5,78.3,97.266,19.1
2024,11,3,16,40,0,28.8,77.7,112.62,20.6
2024,11,3,16,50,0,29.8,76.1,120.068,21.7
2024,11,3,17,0,0,30.8,75.2,137.988,21.7
2024,11,3,17,10,0,30.7,75.3,167.468,20.7
2024,11,3,17,20,0,31.1,74.9,198.974,21.3
2024,11,3,17,30,0,31.7,74.4,225.954,22.2
2024,11,3,17,40,0,32.5,73.8,242.824,26
2024,11,3,17,50,0,33.2,73.4,260.248,26.5
2024,11,3,18,0,0,33.4,73.2,276.098,26.8
2024,11,3,18,10,0,34.2,72.3,294.76,25.4
2024,11,3,18,20,0,34.1,72.4,303.342,28.4
2024,11,3,18,30,0,34.4,72.4,314.166,29.6
2024,11,3,18,40,0,35.7,70.6,314.114,28.4
2024,11,3,18,50,0,36.4,70.3,310.192,26.9
2024,11,3,19,0,0,37,69.9,305.706,27.8
2024,11,3,19,10,0,36.8,70,307.476,27.3
2024,11,3,19,20,0,36.3,70.1,321.512,31.6
2024,11,3,19,30,0,37.8,68.8,311.852,26.5
2024,11,3,19,40,0,37.9,68.8,316.802,25.7
2024,11,3,19,50,0,38.1,68.3,307.944,25.8
2024,11,3,20,0,0,38.5,68,296.55,26.3
2024,11,3,20,10,0,38.3,67.6,296.222,26.2
2024,11,3,20,20,0,39.3,67.2,288.05,26.5
2024,11,3,20,30,0,39.6,67,291.498,26.7
2024,11,3,20,40,0,39.6,67,296.844,27.4
2024,11,3,20,50,0,40,66.6,312.916,27.7
2024,11,3,21,0,0,40.1,66.3,325.336,28.7
2024,11,3,21,10,0,39.5,66.5,324.64,30.6
2024,11,3,21,20,0,40.8,66.2,331.726,35.1
2024,11,3,21,30,0,41,66,326.22,35.1
2024,11,3,21,40,0,41.2,65.9,297.756,32.8
2024,11,3,21,50,0,42,65.5,278.22,33.9
2024,11,3,22,0,0,42,65.3,277.638,33.5
2024,11,3,22,10,0,42,64.8,275.638,30.8
2024,11,3,22,20,0,41.4,65.4,274.606,28.9
2024,11,3,22,30,0,41.3,65.1,276.846,28.1
2024,11,3,22,40,0,42,64.5,289.588,27.6
2024,11,3,22,50,0,41.7,64.3,298.544,26.7
2024,11,3,23,0,0,41.3,64.4,299.85,25
2024,11,3,23,10,0,40.7,64.5,301.104,24.1
2024,11,3,23,20,0,41,64.2,295.922,24.2
2024,11,3,23,30,0,41.6,63,295.132,23.6
2024,11,3,23,40,0,43,62.4,300.826,23.4
2024,11,3,23,50,0,43.9,62.1,296.57,23.3
2024,11,4,0,0,0,44.1,61.7,292.534,25.5
2024,11,4,0,10,0,44.2,61.5,290.648,28.5
2024,11,4,0,20,0,43.8,62,287.588,30
2024,11,4,0,30,0,44,61.6,286.408,30.2
2024,11,4,0,40,0,44.6,61.4,286.878,31.4
2024,11,4,0,50,0,44.4,61.4,284.672,30.4
2024,11,4,1,0,0,44.7,61.1,276.358,27.4
2024,11,4,1,10,0,44.4,60.9,267.91,25.3
2024,11,4,1,20,0,44.3,61.4,261.296,23.9
2024,11,4,1,30,0,44.6,61,250.758,22.4
2024,11,4,1,40,0,44.8,60.6,241.614,21.2
2024,11,4,1,50,0,44.4,60.8,243.65,20.6
2024,11,4,2,0,0,43.5,60.7,252.776,20.5
2024,11,4,2,10,0,43.8,60.6,256.506,20.7
2024,11,4,2,20,0,43.8,60.9,253.912,20.3
2024,11,4,2,30,0,42.7,60.7,257.326,19.6
2024,11,4,2,40,0,43.2,60.1,259.112,19.5
2024,11,4,2,50,0,44,59.6,259.278,19.4
2024,11,4,3,0,0,44,59.9,259.352,19.7
2024,11,4,3,10,0,43.8,59.7,259.158,19.1
2024,11,4,3,20,0,42.2,60.2,262.802,18.9
2024,11,4,3,30,0,42.8,60.2,260.384,18.1
2024,11,4,3,40,0,41.9,60.3,259.826,17.7
2024,11,4,3,50,0,41.1,60.3,262.722,17.2
2024,11,4,4,0,0,41.6,59.7,262.324,17
2024,11,4,4,10,0,42.9,58.5,259.984,18.6
2024,11,4,4,20,0,42.5,58.875,263.025,18.8
2024,11,4,4,30,0,42.2,59,262.028,19.2
2024,11,4,4,40,0,42.5,58.3,262.002,19.5
2024,11,4,4,50,0,41.9,58.4,258.214,19.4
2024,11,4,5,0,0,42.2,57.7,252.984,19.5
2024,11,4,5,10,0,42.9,57.7,255.618,19
2024,11,4,5,20,0,41.8,58.3,261.312,18.9
2024,11,4,5,30,0,42.5,57.3,255.558,19.3
2024,11,4,5,40,0,41.6,57.8,254.368,18.8
2024,11,4,5,50,0,41.5,57.2,250.492,18.8
2024,11,4,6,0,0,40.6,58.1,251.654,18.5
2024,11,4,6,10,0,40.5,57.8,252.822,18.5
2024,11,4,6,20,0,39.9,58,269.068,17.6
2024,11,4,6,30,0,41.4,57,259.766,19
2024,11,4,6,40,0,42.8,56.3,240.448,20.3
2024,11,4,6,50,0,44,56.4,238.662,19.7
2024,11,4,7,0,0,45,57.1,254.702,22.5
2024,11,4,7,10,0,42.1,60.4,235.14,19.5
2024,11,4,7,20,0,41,61.6,226.526,19.4
2024,11,4,7,30,0,42.2,61.6,227.796,19.4
2024,11,4,7,40,0,42.1,62.5,242.288,19.5
2024,11,4,7,50,0,41.1,63.5,234.562,19.6
2024,11,4,8,0,0,39.7,64.9,231.822,18.5
2024,11,4,8,10,0,36.2,67.4,233.934,18.3
2024,11,4,8,20,0,35.7,68.2,234.078,17.9
2024,11,4,8,30,0,34.9,69.1,230.446,17.2
2024,11,4,8,40,0,33.8,70.5,228.704,16.5
2024,11,4,8,50,0,33.6,70.8,217.052,16.8
2024,11,4,9,0,0,31.9,71.8,212.706,16.1
2024,11,4,9,10,0,30.6,73.3,212.324,15.6
2024,11,4,9,20,0,30.2,74.4,206.486,15.2
2024,11,4,9,30,0,28.6,75.9,190.004,13.7
2024,11,4,9,40,0,27.7,76.6,176.754,13.4
2024,11,4,9,50,0,26.8,77.8,161.524,13.2
2024,11,4,10,0,0,26.5,78.8,152.548,12.9
2024,11,4,10,10,0,25.8,80,150.268,13.2
2024,11,4,10,20,0,25.1,80.8,142.95,13.4
2024,11,4,10,30,0,24.5,81.8,134.384,13
2024,11,4,10,40,0,23.4,83.7,132.03,12.9
2024,11,4,10,50,0,23.5,83.2,118.038,12.8
2024,11,4,11,0,0,23.5,83.7,109.566,12.3
2024,11,4,11,10,0,22.4,84.9,88.416,11
2024,11,4,11,20,0,21.5,86.2,67.642,11.1
2024,11,4,11,30,0,20.7,87.2,60.726,10.9
2024,11,4,11,40,0,21.5,86.7,51.128,9.8
2024,11,4,11,50,0,20.7,86.8,52.336,9.3
2024,11,4,12,0,0,19.8,86.9,51.122,9.2
2024,11,4,12,10,0,20.4,86.4,51.682,10.2
2024,11,4,12,20,0,20.5,86.3,51.45,9.3
2024,11,4,12,30,0,20.5,86,52.8,9.1
2024,11,4,12,40,0,20.2,87.3,53.52,9.4
2024,11,4,12,50,0,20,87.8,52.94,9.5
2024,11,4,13,0,0,19.5,88,51.766,8.7
2024,11,4,13,10,0,19.4,87.6,55.452,8.3
2024,11,4,13,20,0,18.6,89.3,64.396,8.1
2024,11,4,13,30,0,18.6,89.1,52.62,7.9
2024,11,4,13,40,0,18.6,89.5,53.728,7.5
2024,11,4,13,50,0,18.3,89.9,51.914,7.3
2024,11,4,14,0,0,17.5,90.4,50.784,7.6
2024,11,4,14,10,0,17.9,89.6,55.836,7.7
2024,11,4,14,20,0,18.6,88.7,57.71,7.1
2024,11,4,14,30,0,18.6,89,55.84,7.1
2024,11,4,14,40,0,18.7,88.4,53.202,6.3
2024,11,4,14,50,0,18.6,88.1,51.184,6.2
2024,11,4,15,0,0,19.4,87.3,51.278,6
2024,11,4,15,10,0,19.5,86.6,52.276,6
2024,11,4,15,20,0,19.5,87.1,55.804,6.4
2024,11,4,15,30,0,19.5,87.5,67.674,6.2
2024,11,4,15,40,0,19.875,87,71.517,6.2
2024,11,4,15,50,0,19.8,87,67.496,6.1
2024,11,4,16,0,0,19.9,86.8,73.42,6.9
2024,11,4,16,10,0,20.6,85.6,64.01,6.4
2024,11,4,16,20,0,21.2,84.6,66.726,6.9
2024,11,4,16,30,0,21.6,83.9,83.354,7
2024,11,4,16,40,0,22.3,83.1,113.07,7.6
2024,11,4,16,50,0,22.4,83,145.16,7
2024,11,4,17,0,0,22.9,82.3,196.322,7.2
2024,11,4,17,10,0,23.4,81.7,254.284,7.8
2024,11,4,17,20,0,24.2,81.1,306.304,8
2024,11,4,17,30,0,25.2,79.7,334.894,8.5
2024,11,4,17,40,0,25.8,78.9,327.276,8.2
2024,11,4,17,50,0,26.3,78.4,344.968,8.6
2024,11,4,18,0,0,27,77.7,363.858,9.7
2024,11,4,18,10,0,27.8,77,394.18,8.4
2024,11,4,18,20,0,28.5,76.2,410.62,8.5
2024,11,4,18,30,0,29.2,75.7,418.532,8.6
2024,11,4,18,40,0,29.8,74.7,417.434,9.3
2024,11,4,18,50,0,30.9,74.2,412.844,9.5
2024,11,4,19,0,0,31.5,73.7,405.904,9.5
2024,11,4,19,10,0,31.7,73.1,404.426,10
2024,11,4,19,20,0,32.5,72.5,411.862,10.6
2024,11,4,19,30,0,32.5,72.2,421.706,13.3
2024,11,4,19,40,0,33.2,71.9,424.316,13
2024,11,4,19,50,0,33.3,71.7,423.406,12.1
2024,11,4,20,0,0,33.5,71.5,422.816,11.5
2024,11,4,20,10,0,33.5,71.4,429.708,11.7
2024,11,4,20,20,0,33.9,70.9,424.536,12.1
2024,11,4,20,30,0,34.5,70.6,406.806,13
2024,11,4,20,40,0,34.4,70.6,407.288,13.9
2024,11,4,20,50,0,34.5,70.3,414.336,14.2
2024,11,4,21,0,0,34.5,70,415.5,13.6
2024,11,4,21,10,0,34.5,69.6,423.686,14
2024,11,4,21,20,0,34.9,69.4,421.424,13.9
2024,11,4,21,30,0,34.8,69.2,422.154,13.2
2024,11,4,21,40,0,35.2,68.9,416.264,13.9
2024,11,4,21,50,0,35.7,68.5,399.624,14.3
2024,11,4,22,0,0,35.5,68.4,388.62,15.3
2024,11,4,22,10,0,35.5,68.4,375.878,15.3
2024,11,4,22,20,0,35.6,68.4,371.564,13.9
2024,11,4,22,30,0,35.8,68,372.93,14.1
2024,11,4,22,40,0,36.2,67.2,374.1,13.8
2024,11,4,22,50,0,38.3,66.2,364.646,12.8
2024,11,4,23,0,0,38.3,65.9,367.99,12.9
2024,11,4,23,10,0,38,65.9,377.564,12.7
2024,11,4,23,20,0,38.1,65.4,381.96,13.2
2024,11,4,23,30,0,39.5,64.5,378.302,14.5
2024,11,4,23,40,0,41.1,64.1,373.524,15.5
2024,11,4,23,50,0,41,64,373.788,16.1
2024,11,5,0,0,0,40.5,64.3,374.714,16
2024,11,5,0,10,0,40,64.4,375.57,16.3
2024,11,5,0,20,0,41,63.6,374.466,16.2
2024,11,5,0,30,0,41,63.4,370.57,16.2
2024,11,5,0,40,0,40.6,62.9,364.778,15.8
2024,11,5,0,50,0,40,63.3,365.252,15.4
2024,11,5,1,0,0,39.7,63.3,365.632,15.8
2024,11,5,1,10,0,39.1,63.5,368.464,15.4
2024,11,5,1,20,0,39.6,63.1,368.564,15.4
2024,11,5,1,30,0,40,63.2,365.482,15.2
2024,11,5,1,40,0,40.6,62.6,359.834,16
2024,11,5,1,50,0,42,62.3,355.108,17
2024,11,5,2,0,0,42.1,62.1,356.274,16.9
2024,11,5,2,10,0,42.6,61.4,354.44,16.9
2024,11,5,2,20,0,41.6,62.3,353.458,16.9
2024,11,5,2,30,0,41.8,62.1,353.438,17.1
2024,11,5,2,40,0,42.8,61.5,357.25,17.7
2024,11,5,2,50,0,43,61.6,360.392,18.7
2024,11,5,3,0,0,41.8,62.2,357.82,18.5
2024,11,5,3,10,0,40.7,62.5,360.538,18.2
2024,11,5,3,20,0,41.1,62.5,359.604,17.8
2024,11,5,3,30,0,42,61.8,350.374,17.2
2024,11,5,3,40,0,42.6,61.5,344.986,16.7
2024,11,5,3,50,0,42,61.8,343.718,16
2024,11,5,4,0,0,43.1,60.7,343.01,15.6
2024,11,5,4,10,0,43.7,60.6,346.096,15.9
2024,11,5,4,20,0,43.2,60.9,350.898,16.4
2024,11,5,4,30,0,42.4,60.8,352.318,16.4
2024,11,5,4,40,0,40.9,61.4,351.664,16.3
2024,11,5,4,50,0,40.4,61.1,350.112,16.3
2024,11,5,5,0,0,40.3,61.3,347.238,16.5
2024,11,5,5,10,0,41,60.6,345.27,16.2
2024,11,5,5,20,0,41.7,59.9,345.7,16.6
2024,11,5,5,30,0,40.4,60.5,357.436,15.5
2024,11,5,5,40,0,41.4,59.8,365.204,16
2024,11,5,5,50,0,42.4,59.4,339.778,15.7
2024,11,5,6,0,0,42.2,59.4,334.5,15.3
2024,11,5,6,10,0,41,60,334.454,14.3
2024,11,5,6,20,0,40.3,60.5,337.334,13.7
2024,11,5,6,30,0,41.8,59.8,335.188,14.6
2024,11,5,6,40,0,41.7,60.4,334.944,14.1
2024,11,5,6,50,0,42,60.6,334.454,14.6
2024,11,5,7,0,0,41.9,61.2,334.202,15.3
2024,11,5,7,10,0,40.5,62.1,322.006,15.3
2024,11,5,7,20,0,39.8,62.4,327.378,16.8
2024,11,5,7,30,0,40.8,61.8,326.454,16.6
2024,11,5,7,40,0,40.9,62.5,327.28,15.6
2024,11,5,7,50,0,39.5,63.4,314.336,15.3
2024,11,5,8,0,0,38.4,64.6,303.974,15.5
2024,11,5,8,10,0,37.2,66.1,293.094,14.2
2024,11,5,8,20,0,36.2,67.7,290.494,14.7
2024,11,5,8,30,0,34.8,68.5,286.742,14.9
2024,11,5,8,40,0,34,69.3,286.144,14.9
2024,11,5,8,50,0,32.7,71.1,287.91,15.3
2024,11,5,9,0,0,31.9,71.7,290.038,16.2
2024,11,5,9,10,0,31,73.4,288.902,16.6
2024,11,5,9,20,0,31.1,73.9,288.712,16.6
2024,11,5,9,30,0,31.2,74.6,284.454,18.2
2024,11,5,9,40,0,29.9,76.1,272.622,18.9
2024,11,5,9,50,0,29.4,77.6,263.392,18.9
2024,11,5,10,0,0,27.8,79.2,242.936,19.8
2024,11,5,10,10,0,27,79.8,224.33,19.4
2024,11,5,10,20,0,26,81.4,210.522,18.4
2024,11,5,10,30,0,25.5,81.9,197.688,18.1
2024,11,5,10,40,0,24.5,82.5,189.606,18.2
2024,11,5,10,50,0,24.9,82.6,175.574,17.6
2024,11,5,11,0,0,24.5,83.2,152.042,17.4
2024,11,5,11,10,0,23.7,83.8,130.376,16.2
2024,11,5,11,20,0,23.4,84.2,118.472,17
2024,11,5,11,30,0,22.8,85.4,105.658,16.2
2024,11,5,11,40,0,22.8,84.7,94.32,16.2
2024,11,5,11,50,0,22.5,85.5,82.948,16.9
2024,11,5,12,0,0,22.2,86.1,74.438,17.5
2024,11,5,12,10,0,22.2,86.6,71.61,17.9
2024,11,5,12,20,0,21.5,86.9,57.516,16.5
2024,11,5,12,30,0,21.5,87.6,57.274,17.8
2024,11,5,12,40,0,21.25,87.625,55.493,18.7
2024,11,5,12,50,0,21.2,87.7,50.652,18.2
2024,11,5,13,0,0,20.8,88.5,51.28,17.5
2024,11,5,13,10,0,20,88.5,50.586,15.3
2024,11,5,13,20,0,20.3,88.4,51.372,14.7
2024,11,5,13,30,0,19.7,88.7,51.792,13.6
2024,11,5,13,40,0,19.3,88.8,51.46,13.3
2024,11,5,13,50,0,19.1,89,52.554,13.9
2024,11,5,14,0,0,18.9,89.2,51.872,14.2
2024,11,5,14,10,0,18.6,88.6,51.316,14
2024,11,5,14,20,0,17.8,89.5,57.168,13.5
2024,11,5,14,30,0,17.8,89,52.806,12.6
2024,11,5,14,40,0,18.2,88.5,51.47,13.3
2024,11,5,14,50,0,18.5,87.6,52.798,12.6
2024,11,5,15,0,0,18.1,87,52.024,9.6
2024,11,5,15,10,0,18.5,86.2,52.77,8.9
2024,11,5,15,20,0,18.9,85.1,51.256,8.8
2024,11,5,15,30,0,18.6,85,56.464,8.6
2024,11,5,15,40,0,18.4,84.9,76.358,8.8
2024,11,5,15,50,0,18.3,84.6,82.028,7.5
2024,11,5,16,0,0,19.3,83.9,106.894,7.7
2024,11,5,16,10,0,20.3,82.9,152.236,8
2024,11,5,16,20,0,20.9,82.3,150.948,7.3
2024,11,5,16,30,0,21.2,82.3,189.808,7.3
2024,11,5,16,40,0,21.3,82,226.216,7.3
2024,11,5,16,50,0,22.2,81.1,240.382,7.5
2024,11,5,17,0,0,23.1,80.3,267.442,7.3
2024,11,5,17,10,0,23.6,79.5,287.654,7.3
2024,11,5,17,20,0,24.1,79.4,306.74,7.3
2024,11,5,17,30,0,24.8,78.4,334.628,9.2
2024,11,5,17,40,0,25.6,77.5,344.686,13.1
2024,11,5,17,50,0,27,76.6,345.846,7.5
2024,11,5,18,0,0,27.7,76,362.76,7.6
2024,11,5,18,10,0,28.9,75.2,358.038,8.2
2024,11,5,18,20,0,30.9,73.8,337.732,9.1
2024,11,5,18,30,0,32,73,328.278,8.5
2024,11,5,18,40,0,33.1,72.2,332.808,9.2
2024,11,5,18,50,0,33.5,71.5,339.02,9.1
2024,11,5,19,0,0,34.1,71.5,345.002,9.5
2024,11,5,19,10,0,34,71.875,352.71,9.5
2024,11,5,19,20,0,34.375,71.5,350.553,9.5
2024,11,5,19,30,0,34.7,71.2,355.388,9.2
2024,11,5,19,40,0,34.5,71.1,359.552,9.1
2024,11,5,19,50,0,34.6,70.7,359.162,9.5
2024,11,5,20,0,0,34.8,70.5,362.188,11
2024,11,5,20,10,0,34.6,70.5,369.266,11.1
2024,11,5,20,20,0,35,70.5,380.556,12.2
2024,11,5,20,30,0,34.5,70.5,387.136,10.2
2024,11,5,20,40,0,34,70.8,387.498,9.2
2024,11,5,20,50,0,33.6,70.7,393.198,8.9
2024,11,5,21,0,0,34.7,69.8,379.936,9.3
2024,11,5,21,10,0,34.8,69.3,363.94,8.7
2024,11,5,21,20,0,33.1,69.4,358.982,7
2024,11,5,21,30,0,32.5,69.1,359.682,6
2024,11,5,21,40,0,32.5,68.5,359.782,5.5
2024,11,5,21,50,0,32.5,68.5,365.836,5.6
2024,11,5,22,0,0,32.5,68.2,366.676,5.4
2024,11,5,22,10,0,32.5,68.2,376.136,5.5
2024,11,5,22,20,0,32.4,68.2,380.036,5.2
2024,11,5,22,30,0,32.5,67.7,379.41,5
2024,11,5,22,40,0,33.3,67.5,383.806,5.2
2024,11,5,22,50,0,33.6,67.3,397.966,5
2024,11,5,23,0,0,34.2,66.4,401.014,5
2024,11,5,23,10,0,34.8,66.3,398.45,6.2
2024,11,5,23,20,0,33.3,66.7,387.378,9.7
2024,11,5,23,30,0,32.9,66.7,372.226,5.6
2024,11,5,23,40,0,34,65.6,375.806,5.3
2024,11,5,23,50,0,34.3,65.4,385.596,5.4
2024,11,6,0,0,0,33.7,65.5,388.018,5.8
2024,11,6,0,10,0,34.1,65.2,390.496,6.4
2024,11,6,0,20,0,34.4,65.3,387.252,6.4
2024,11,6,0,30,0,33.7,65.7,388.27,6.5
2024,11,6,0,40,0,33.7,65.8,388.256,6.6
2024,11,6,0,50,0,34,65.7,385.904,6.6
2024,11,6,1,0,0,34.3,65.2,383.784,6.8
2024,11,6,1,10,0,35,64.3,382.952,6.8
2024,11,6,1,20,0,35.6,64.1,382.368,7.1
2024,11,6,1,30,0,35.6,64.2,380.776,7.2
2024,11,6,1,40,0,35.6,63.8,379.258,7.6
2024,11,6,1,50,0,35.5,63.9,377.584,7.4
2024,11,6,2,0,0,35.5,63.5,375.326,8
2024,11,6,2,10,0,35.5,63.4,373.798,7.7
2024,11,6,2,20,0,36.1,62.8,369.676,7.9
2024,11,6,2,30,0,35.2,62.5,356.61,6.6
2024,11,6,2,40,0,35.7,62.4,355.224,7
2024,11,6,2,50,0,35.7,62.4,353.794,7.1
2024,11,6,3,0,0,36.6,61.9,352.758,7.4
2024,11,6,3,10,0,37.9,61.2,350.056,7.8
2024,11,6,3,20,0,38.9,60.7,346.96,8.9
2024,11,6,3,30,0,39.7,60.6,346.776,11.3
2024,11,6,3,40,0,40.2,60.5,347.048,13.4
2024,11,6,3,50,0,41,60.3,346.932,15.1
2024,11,6,4,0,0,41.1,60.5,345.908,16.1
2024,11,6,4,10,0,41,60.2,341.188,16.1
2024,11,6,4,20,0,40.6,60.7,338.008,15.4
2024,11,6,4,30,0,40,60.9,335.358,15.4
2024,11,6,4,40,0,38.9,60.9,334.98,15.1
2024,11,6,4,50,0,38.4,60.9,334.702,15.2
2024,11,6,5,0,0,38.4,61,334.428,15.2
2024,11,6,5,10,0,38.7,60.5,336.242,15.8
2024,11,6,5,20,0,40.7,59.2,332.936,16.3
2024,11,6,5,30,0,40.8,59.1,328.888,16.3
2024,11,6,5,40,0,39.7,59.4,328.858,16.2
2024,11,6,5,50,0,41.1,58.6,328.476,17
2024,11,6,6,0,0,40.8,58.8,330.596,17
2024,11,6,6,10,0,39.9,59.2,335.25,16.9
2024,11,6,6,20,0,39.9,59,333.968,16.8
2024,11,6,6,30,0,40.1,58.6,328.682,18.8
2024,11,6,6,40,0,40.4,58.3,324.474,19.4
2024,11,6,6,50,0,40.2,59,323.044,19.2
2024,11,6,7,0,0,40.6,59.1,322.714,18.5
2024,11,6,7,10,0,41.9,58.5,316.12,18.7
2024,11,6,7,20,0,42.5,58.8,318.434,19.9
2024,11,6,7,30,0,42.6,59.5,323.564,20.3
2024,11,6,7,40,0,42.2,60.4,329.284,20
2024,11,6,7,50,0,42,61,305.228,19.6
2024,11,6,8,0,0,41.8,61.8,313.804,21
2024,11,6,8,10,0,40.3,63.3,324.524,23.3
2024,11,6,8,20,0,39.8,63.6,325.6,22.7
2024,11,6,8,30,0,38.2,64.8,322.71,22.6
2024,11,6,8,40,0,37.8,65.3,306.622,20.9
2024,11,6,8,50,0,36.4,66.4,290.436,19.6
2024,11,6,9,0,0,33.3,68.4,277.578,18
2024,11,6,9,10,0,31.8,69.7,268.406,15.9
2024,11,6,9,20,0,31,70.4,264.586,14.9
2024,11,6,9,30,0,30.2,71.3,261.466,13.8
2024,11,6,9,40,0,29.1,71.9,254.324,12.6
2024,11,6,9,50,0,27.9,72.5,246.372,10
2024,11,6,10,0,0,27,73.9,241.978,9.3
2024,11,6,10,10,0,25.8,74.6,232.182,8.1
2024,11,6,10,20,0,24.3,76.4,226.342,8.1
2024,11,6,10,30,0,23.1,77.7,220.56,7.4
2024,11,6,10,40,0,21.7,79.5,212.456,6.9
2024,11,6,10,50,0,20.5,80,201.074,7.1
2024,11,6,11,0,0,19.8,80.7,191.242,6.7
2024,11,6,11,10,0,19.2,81.6,182.058,6.2
2024,11,6,11,20,0,18.9,81.6,171.628,5.7
2024,11,6,11,30,0,18.3,83,163.714,5.6
2024,11,6,11,40,0,17.9,83.5,157.032,5.7
2024,11,6,11,50,0,17.7,84.3,154.458,5.6
2024,11,6,12,0,0,16.9,84.4,143.808,6.1
2024,11,6,12,10,0,15.875,85.25,125.527,5.9
2024,11,6,12,20,0,15.2,85.9,137.598,6.7
2024,11,6,12,30,0,15,85.7,127.854,6.7
2024,11,6,12,40,0,15.4,85.9,122.558,7.2
2024,11,6,12,50,0,15.1,86.3,118.042,7.8
2024,11,6,13,0,0,15,86.6,113.126,8.9
2024,11,6,13,10,0,15,86.8,104.24,9
2024,11,6,13,20,0,14.9,87.2,95.422,9.2
2024,11,6,13,30,0,14.4,88.3,85.866,9.4
2024,11,6,13,40,0,14.3,88,80.434,9.3
2024,11,6,13,50,0,14.8,87.4,73.76,10.2
2024,11,6,14,0,0,14.6,87.4,66.59,9.1
2024,11,6,14,10,0,14,87.6,61.962,8.8
2024,11,6,14,20,0,14,88.1,58.322,8.1
2024,11,6,14,30,0,14,87.9,55.022,7.8
2024,11,6,14,40,0,14,87.8,54.888,8.2
2024,11,6,14,50,0,13.8,88.4,56.196,7.9
2024,11,6,15,0,0,13.4,87.7,51.81,6.8
2024,11,6,15,10,0,13.4,88.1,57.944,6.9
2024,11,6,15,20,0,13.7,87.9,53.362,7.2
2024,11,6,15,30,0,14,87.2,54.646,6.8
2024,11,6,15,40,0,13.8,88.7,69.068,7.8
2024,11,6,15,50,0,13.1,89.3,76.15,7.3
2024,11,6,16,0,0,13,89.1,74.51,7.8
2024,11,6,16,10,0,13,90.3,86.182,7.6
2024,11,6,16,20,0,13,89.4,97.66,7.4
2024,11,6,16,30,0,13.8,88.6,111.432,7.4
2024,11,6,16,40,0,14.4,87.1,139.532,7.4
2024,11,6,16,50,0,15.8,85.2,157.788,7.7
2024,11,6,17,0,0,16.2,84,170.2,7.3
2024,11,6,17,10,0,17.4,82.4,175.078,6.8
2024,11,6,17,20,0,18.4,80.7,197.946,7.6
2024,11,6,17,30,0,19.2,79.2,213.542,9.5
2024,11,6,17,40,0,20,78.5,218.436,9
2024,11,6,17,50,0,20.7,77.9,223.266,8.5
2024,11,6,18,0,0,21.5,76.6,241.976,8.1
2024,11,6,18,10,0,22.9,75,253.432,8
2024,11,6,18,20,0,24,74.4,275.078,7.7
2024,11,6,18,30,0,24.5,73.2,282.396,7.8
2024,11,6,18,40,0,25.2,72.6,289.082,8.7
2024,11,6,18,50,0,26.5,71.9,295.17,9.1
2024,11,6,19,0,0,27.9,70.6,282.146,10
2024,11,6,19,10,0,28.1,70.1,274.666,9.7
2024,11,6,19,20,0,28.1,69.9,267.816,9.3
2024,11,6,19,30,0,28.8,69.2,264.574,9.6
2024,11,6,19,40,0,29.5,68.5,281.864,9.8
2024,11,6,19,50,0,29.7,68.8,296.062,9.8
2024,11,6,20,0,0,29.8,68.4,302.136,9.9
2024,11,6,20,10,0,29.7,68.4,306.708,9.8
2024,11,6,20,20,0,30,68.2,309.264,9.9
2024,11,6,20,30,0,30.6,67.7,306.4,10.6
2024,11,6,20,40,0,30.5,67.5,297.436,10.8
2024,11,6,20,50,0,31.5,66.7,294.746,10.9
2024,11,6,21,0,0,32.5,65.9,290.468,11.4
2024,11,6,21,10,0,32.875,65.625,282.465,11.7
2024,11,6,21,20,0,32.75,65.625,279.537,11.7
2024,11,6,21,30,0,33.5,65,278.938,12
2024,11,6,21,40,0,33.5,64.5,280.688,12
2024,11,6,21,50,0,34.2,63.9,296.452,21.7
2024,11,6,22,0,0,34.5,63.5,304.352,12.3
2024,11,6,22,10,0,34.7,63.2,296.344,12.2
2024,11,6,22,20,0,35.4,62.5,292.874,12.1
2024,11,6,22,30,0,36.5,62.1,293.112,12.5
2024,11,6,22,40,0,36.6,61.6,292.816,12.5
2024,11,6,22,50,0,37,61.5,293.848,12.4
2024,11,6,23,0,0,37.4,61.2,290.856,12
2024,11,6,23,10,0,37.3,60.7,287.384,11.9
2024,11,6,23,20,0,36.8,60.5,280.77,11.7
2024,11,6,23,30,0,36.6,60.6,271.968,11.9
2024,11,6,23,40,0,36.7,60.5,270.232,12.2
2024,11,6,23,50,0,36.7,60.5,270.556,11.9
2024,11,7,0,0,0,36.8,60.5,267.87,11.1
2024,11,7,0,10,0,36.7,60.5,267.626,11
2024,11,7,0,20,0,36.8,60.3,269.628,11.2
2024,11,7,0,30,0,37.3,60,269.198,11
2024,11,7,0,40,0,37.8,59.5,268.592,11.1
2024,11,7,0,50,0,37.6,59.5,270.278,11
2024,11,7,1,0,0,37.5,59.4,271.406,11.1
2024,11,7,1,10,0,37.6,58.9,271.172,11.3
2024,11,7,1,20,0,37.9,58.6,269.204,11.4
2024,11,7,1,30,0,38.2,58.4,269.398,11.2
2024,11,7,1,40,0,38.4,58.2,268.772,11.4
2024,11,7,1,50,0,39.3,57.5,265.19,12.8
2024,11,7,2,0,0,40,57.125,265.333,12.6
2024,11,7,2,10,0,40.4,56.8,260.864,14
2024,11,7,2,20,0,40.8,56.5,260.57,14.3
2024,11,7,2,30,0,41.4,56,259.616,14.1
2024,11,7,2,40,0,41.5,56,257.408,13.7
2024,11,7,2,50,0,41.2,56,257.302,14
2024,11,7,3,0,0,41.2,55.6,256.67,13.7
2024,11,7,3,10,0,41.7,55.6,256.988,13.6
2024,11,7,3,20,0,42,55.125,252.673,13.9
2024,11,7,3,30,0,42.125,55,255.697,13.7
2024,11,7,3,40,0,42.3,54.9,248.496,14.1
2024,11,7,3,50,0,42.3,54.7,249.608,14.1
2024,11,7,4,0,0,42.8,54.5,250.538,14
2024,11,7,4,10,0,42.8,54.6,241.98,14.3
2024,11,7,4,20,0,43.7,54.1,234.768,14.2
2024,11,7,4,30,0,43.6,54.2,235.06,14.3
2024,11,7,4,40,0,43.3,53.6,237.828,14.4
2024,11,7,4,50,0,43.7,53.5,253.812,14.5
2024,11,7,5,0,0,43.1,53.4,265.964,14.4
2024,11,7,5,10,0,42.5,53.5,254.584,14.8
2024,11,7,5,20,0,42.3,53.5,247.68,14.9
2024,11,7,5,30,0,42.4,53.5,243.05,14.6
2024,11,7,5,40,0,42.3,53.4,236.104,14.5
2024,11,7,5,50,0,42,53.3,235.858,14.4
2024,11,7,6,0,0,42.5,53,235.594,14.7
2024,11,7,6,10,0,42.8,52.9,234.946,15
2024,11,7,6,20,0,43,52.7,243.938,14.5
2024,11,7,6,30,0,43,52.9,267.382,14.5
2024,11,7,6,40,0,43.3,53.1,260.178,14.7
2024,11,7,6,50,0,43.625,53.5,259.687,15.4
2024,11,7,7,0,0,43.4,54.2,262.65,15.7
2024,11,7,7,10,0,41.2,57.5,257.612,16
2024,11,7,7,20,0,38.4,60.5,254.032,16.6
2024,11,7,7,30,0,37.6,62,241.362,18
2024,11,7,7,40,0,37.5,62,235.228,18.1
2024,11,7,7,50,0,37.1,62.6,228.782,18.9
2024,11,7,8,0,0,36.5,63.7,237.318,19
2024,11,7,8,10,0,35,65.4,254.622,19
2024,11,7,8,20,0,34.2,66.2,253.55,19.4
2024,11,7,8,30,0,33.5,66.9,246.13,20.4
2024,11,7,8,40,0,32.2,68.1,225.118,20.9
2024,11,7,8,50,0,30.5,69.8,214.878,20.2
2024,11,7,9,0,0,29.1,71.9,210.01,21.2
2024,11,7,9,10,0,27.7,73.2,205.15,21.1
2024,11,7,9,20,0,27,73.5,200.2,21.7
2024,11,7,9,30,0,26.8,74.2,198.238,22
2024,11,7,9,40,0,25.5,75.7,184.544,22.1
2024,11,7,9,50,0,24.3,76.8,164.108,22.2
2024,11,7,10,0,0,24,77.4,159.91,22.8
2024,11,7,10,10,0,23.3,78.4,158.84,23.2
2024,11,7,10,20,0,23,79.1,159.38,23.6
2024,11,7,10,30,0,22.3,79.4,153.828,23.1
2024,11,7,10,40,0,22.3,78.4,135.778,22.2
2024,11,7,10,50,0,21.3,79.4,107.556,20.1
2024,11,7,11,0,0,20.7,80.7,86.156,19.1
2024,11,7,11,10,0,19.7,80.6,62.552,17.6
2024,11,7,11,20,0,20,81.1,59.5,19.1
2024,11,7,11,30,0,19.2,81.9,51.112,17.9
2024,11,7,11,40,0,18.9,82.1,50.556,17.4
2024,11,7,11,50,0,18.7,81.7,50.85,17
2024,11,7,12,0,0,18.2,83.2,56.856,17.7
2024,11,7,12,10,0,18.2,82.9,51.726,16.9
2024,11,7,12,20,0,16.3,84.4,52.146,14.4
2024,11,7,12,30,0,15,84.8,50.09,11.5
2024,11,7,12,40,0,14.4,84,51.002,9.5
2024,11,7,12,50,0,13,84.6,50.092,7.2
2024,11,7,13,0,0,13.2,85,51.422,7.8
2024,11,7,13,10,0,13.2,85.7,51.452,7.7
2024,11,7,13,20,0,12.3,87.1,51.574,7.5
2024,11,7,13,30,0,12.1,87,51.46,6.7
2024,11,7,13,40,0,12,87,52.462,7.4
2024,11,7,13,50,0,12,87.3,57.622,7.3
2024,11,7,14,0,0,11.8,88.7,68.502,7.2
2024,11,7,14,10,0,11.7,88.9,68.718,7
2024,11,7,14,20,0,11,89.5,66.678,6.7
2024,11,7,14,30,0,11,88.6,61.698,6.4
2024,11,7,14,40,0,11,88.375,53.503,6.6
2024,11,7,14,50,0,10.5,87.4,52.022,7.2
2024,11,7,15,0,0,10,88.4,56.24,7.6
2024,11,7,15,10,0,10.8,85.1,50.646,7.5
2024,11,7,15,20,0,10.4,86.9,57.106,8.3
2024,11,7,15,30,0,10.3,86.8,78.358,8.9
2024,11,7,15,40,0,10.6,85.5,66.736,9.5
2024,11,7,15,50,0,10,87.2,85.494,9.4
2024,11,7,16,0,0,10,87.3,95.546,10.2
2024,11,7,16,10,0,10,87,88.88,9.7
2024,11,7,16,20,0,10.3,86.9,113.516,9.6
2024,11,7,16,30,0,11.1,86.2,153.352,9.7
2024,11,7,16,40,0,12.2,84.7,207.946,9.1
2024,11,7,16,50,0,13.3,82.8,250.144,9
2024,11,7,17,0,0,14.8,80.9,306.12,8.6
2024,11,7,17,10,0,16.2,79.5,337.448,7.2
2024,11,7,17,20,0,17.2,78.2,349.066,6.5
2024,11,7,17,30,0,18.2,76.9,359.35,6.1
2024,11,7,17,40,0,19,75.9,377.138,6.4
2024,11,7,17,50,0,20.2,74.6,401.982,6.6
2024,11,7,18,0,0,21.2,73.6,414.636,6.4
2024,11,7,18,10,0,21.9,72.7,421.448,6.5
2024,11,7,18,20,0,22.5,71.9,424.634,8.6
2024,11,7,18,30,0,23.1,71.4,427.73,10.9
2024,11,7,18,40,0,24.3,70.6,450.36,8.7
2024,11,7,18,50,0,25.6,69.9,463.53,7.4
2024,11,7,19,0,0,26.3,69.4,462.548,8.5
2024,11,7,19,10,0,27.1,68.5,454.452,14.8
2024,11,7,19,20,0,27.5,68.3,447.688,13.7
2024,11,7,19,30,0,28.1,67.5,439.502,9.1
2024,11,7,19,40,0,28.6,67.3,433.69,8.4
2024,11,7,19,50,0,29.3,66.5,441.458,8.8
2024,11,7,20,0,0,29.7,66.3,450.188,10.4
2024,11,7,20,10,0,30.5,66.1,449.66,9.3
2024,11,7,20,20,0,30.7,65.5,450.84,8
2024,11,7,20,30,0,31.5,65.5,446.242,8.3
2024,11,7,20,40,0,31.5,64.6,439.652,8.4
2024,11,7,20,50,0,32.25,64.5,450.573,8.4
2024,11,7,21,0,0,32.5,64.4,440.8,8.5
2024,11,7,21,10,0,32.7,63.7,411.928,9.5
2024,11,7,21,20,0,32.9,63.3,403.792,10
2024,11,7,21,30,0,34,63.4,419.316,9.5
2024,11,7,21,40,0,34.5,63.4,429.764,10.6
2024,11,7,21,50,0,34.6,63.1,421.954,11.1
2024,11,7,22,0,0,34.4,62.9,405.98,11
2024,11,7,22,10,0,34.6,62.5,388.54,11
2024,11,7,22,20,0,34.9,62.2,383.076,10.9
2024,11,7,22,30,0,35.1,61.6,361.344,10.4
2024,11,7,22,40,0,35.9,61.2,348.816,9.9
2024,11,7,22,50,0,36.8,60.5,353.608,9.4
2024,11,7,23,0,0,36.5,60.6,353.804,9.8
2024,11,7,23,10,0,36.3,60.5,356.904,10
2024,11,7,23,20,0,36.4,60.5,359.366,10
2024,11,7,23,30,0,36.1,60.4,359.91,10.5
2024,11,7,23,40,0,36.8,60.1,361.218,10.3
2024,11,7,23,50,0,37,59.5,365.238,10.6
2024,11,8,0,0,0,37.5,59.1,367.054,10.7
2024,11,8,0,10,0,37.7,59,381.664,11.1
2024,11,8,0,20,0,37.9,59.2,382.638,13.1
2024,11,8,0,30,0,37.9,59,384.222,13.7
2024,11,8,0,40,0,37.8,58.6,383.182,12.5
2024,11,8,0,50,0,37.7,58.5,382.162,12
2024,11,8,1,0,0,38.1,58.4,381.334,11.9
2024,11,8,1,10,0,38.5,58.3,376.254,11.8
2024,11,8,1,20,0,38.8,58.1,373.312,12.5
2024,11,8,1,30,0,38.7,58.5,374.068,13.3
2024,11,8,1,40,0,38.9,57.7,376.252,14
2024,11,8,1,50,0,39.1,57.6,379.998,14.1
2024,11,8,2,0,0,39.7,57.4,376.984,14.7
2024,11,8,2,10,0,39.4,57.5,372.996,15.9
2024,11,8,2,20,0,39.1,57.4,365.934,15.5
2024,11,8,2,30,0,39.9,57.2,363.766,15.3
2024,11,8,2,40,0,40,56.7,354.714,15.6
2024,11,8,2,50,0,39.6,56.5,352.562,15.9
2024,11,8,3,0,0,39.4,56.5,353.01,15.5
2024,11,8,3,10,0,39.9,56.4,349.934,14.6
2024,11,8,3,20,0,39.3,55.5,347.42,13.5
2024,11,8,3,30,0,39.7,55.7,348.71,13.8
2024,11,8,3,40,0,40.6,55.5,348.622,14.6
2024,11,8,3,50,0,40.9,55.3,344.716,14.5
2024,11,8,4,0,0,41.1,55.2,341.804,14.8
2024,11,8,4,10,0,41,55.5,341.444,15.2
2024,11,8,4,20,0,41.3,55.4,344.596,15.5
2024,11,8,4,30,0,41.1,54.7,341.85,15.8
2024,11,8,4,40,0,40.8,55.5,337.758,15.5
2024,11,8,4,50,0,40,55,334.448,14.9
2024,11,8,5,0,0,40.1,54.5,332.444,15.6
2024,11,8,5,10,0,40,54.5,332.446,16.4
2024,11,8,5,20,0,40.1,54.5,335.296,18.3
2024,11,8,5,30,0,40.2,54.5,335.552,16.6
2024,11,8,5,40,0,40,54.2,330.462,15
2024,11,8,5,50,0,40.2,54.4,333.356,14.8
2024,11,8,6,0,0,40.6,54,340.958,15.1
2024,11,8,6,10,0,41.9,54,350.108,17.8
2024,11,8,6,20,0,42.9,53.9,357.656,20.8
2024,11,8,6,30,0,42.5,54.3,358.728,22
2024,11,8,6,40,0,42,54.5,356.2,21.4
2024,11,8,6,50,0,41.3,54.8,349.03,19.3
2024,11,8,7,0,0,39.8,56.2,342.546,17.8
2024,11,8,7,10,0,37,58.8,337.38,17.6
2024,11,8,7,20,0,34.3,61.1,330.708,17.5
2024,11,8,7,30,0,32.9,61.9,327.524,17.3
2024,11,8,7,40,0,33.4,61.5,321.35,17.1
2024,11,8,7,50,0,32.6,62,318.438,18.3
2024,11,8,8,0,0,31.7,62.7,314.53,17.8
2024,11,8,8,10,0,31,64,307.268,18
2024,11,8,8,20,0,29.3,64.6,296.022,16.9
2024,11,8,8,30,0,28.1,65.1,288.916,17.4
2024,11,8,8,40,0,27.9,64.6,290.058,17.7
2024,11,8,8,50,0,27.6,65.6,291.828,18.1
2024,11,8,9,0,0,27.1,67.1,279.926,17.6
2024,11,8,9,10,0,25.6,67.9,269.232,17.2
2024,11,8,9,20,0,25.9,68.1,261.506,17.3
2024,11,8,9,30,0,24.8,68.9,251.46,16.4
2024,11,8,9,40,0,23.2,70.7,234.036,14.5
2024,11,8,9,50,0,21,73.5,221.856,13.9
2024,11,8,10,0,0,19.9,74.4,217.79,12.9
2024,11,8,10,10,0,20.2,74.9,202.172,12.8
2024,11,8,10,20,0,18.3,77.2,191.832,11.7
2024,11,8,10,30,0,16.9,78.4,165.492,10.9
2024,11,8,10,40,0,16.1,78.8,146.758,12.1
2024,11,8,10,50,0,15.8,81.2,146.35,13.3
2024,11,8,11,0,0,15.9,81.4,140.714,13.2
2024,11,8,11,10,0,15.8,81.8,133.71,13.8
2024,11,8,11,20,0,15,83.3,126.444,14.3
2024,11,8,11,30,0,14.2,85.1,98.402,13.2
2024,11,8,11,40,0,13.9,86.1,82.376,13.7
2024,11,8,11,50,0,13.6,86.8,70.168,13.1
2024,11,8,12,0,0,12.8,87.8,54.032,12.2
2024,11,8,12,10,0,12.2,88.5,50.884,11.1
2024,11,8,12,20,0,13,87.8,52.306,13.2
2024,11,8,12,30,0,12.9,88.4,52.248,13.1
2024,11,8,12,40,0,12.6,89.5,57.112,11.9
2024,11,8,12,50,0,11.8,90.5,52.546,10.8
2024,11,8,13,0,0,11.6,90.8,51.732,9.8
2024,11,8,13,10,0,11,91.3,53.082,8.4
2024,11,8,13,20,0,11,91.5,55.242,9
2024,11,8,13,30,0,10,91.8,52.57,8.1
2024,11,8,13,40,0,10,92.4,56.23,8.9
2024,11,8,13,50,0,10.3,92.6,55.218,8.3
2024,11,8,14,0,0,10,92.5,52.148,7.8
2024,11,8,14,10,0,9.4,92.5,59.266,6.8
2024,11,8,14,20,0,9,92.3,53.422,6.4
2024,11,8,14,30,0,9.6,91.8,52.442,6.7
2024,11,8,14,40,0,10,92.2,56.938,7.2
2024,11,8,14,50,0,9.875,92.25,55.54,7.5
2024,11,8,15,0,0,10,91.7,63.942,7.3
2024,11,8,15,10,0,10.25,92.25,53.257,7.3
2024,11,8,15,20,0,10.125,92.25,52.425,7.3
2024,11,8,15,30,0,10,92.3335,55.937,7
2024,11,8,15,40,0,10.125,92.375,60.73,6.8
2024,11,8,15,50,0,11,92.3,69.192,7.3
2024,11,8,16,0,0,11,91.6,72.67,7.1
2024,11,8,16,10,0,11,91.2,70.732,6.7
2024,11,8,16,20,0,11.5,89.875,66.492,6.8
2024,11,8,16,30,0,11.9,88.2,87.067,5.9
2024,11,8,16,40,0,12.8,86.4,122.996,5.4
2024,11,8,16,50,0,14,84.7,164.184,5.4
2024,11,8,17,0,0,15.4,82.8,206.524,5.5
2024,11,8,17,10,0,16.6,81.2,271.152,5.8
2024,11,8,17,20,0,18.1,79.4,326.638,5.8
2024,11,8,17,30,0,19.1,78,347.372,10.8
2024,11,8,17,40,0,20.3,77,357.94,6.8
2024,11,8,17,50,0,21.4,75.8,377.796,6.3
2024,11,8,18,0,0,22.6,74.7,394.432,7.3
2024,11,8,18,10,0,23.7,73.7,409.546,8.2
2024,11,8,18,20,0,24.8,72.9,414.19,7.5
2024,11,8,18,30,0,25.7,72,403.042,7.6
2024,11,8,18,40,0,26.4,71.4,368.442,8
2024,11,8,18,50,0,27.2,70.7,369.09,11.7
2024,11,8,19,0,0,27.9,70,375.526,11.2
2024,11,8,19,10,0,28.5,69.5,385.774,11.1
2024,11,8,19,20,0,29.2,68.7,388.712,12.1
2024,11,8,19,30,0,29.5,68.5,396.222,12.7
2024,11,8,19,40,0,30.1,67.8,400.916,12.3
2024,11,8,19,50,0,30.5,67.5,403.518,12.2
2024,11,8,20,0,0,30.8,67.2,407.49,12
2024,11,8,20,10,0,31.9,66.5,410.774,11.5
2024,11,8,20,20,0,32.5,66.5,412.856,10.4
2024,11,8,20,30,0,32.8,65.8,407.884,9.8
2024,11,8,20,40,0,33.4,65.5,407.074,9.8
2024,11,8,20,50,0,33.5,65.3,409.746,13.4
2024,11,8,21,0,0,33.5,65,407.762,13.4
2024,11,8,21,10,0,34.3,64.5,406.89,10.1
2024,11,8,21,20,0,34.7,64.5,407.638,12.4
2024,11,8,21,30,0,34.9,64.2,400.922,11.3
2024,11,8,21,40,0,35.9,63.5,368.974,14
2024,11,8,21,50,0,35.5,63.3,360.496,15.2
2024,11,8,22,0,0,35.6,62.5,360.782,15.8
2024,11,8,22,10,0,35.5,62.5,363.676,15.5
2024,11,8,22,20,0,36.1,62.3,369.214,16
2024,11,8,22,30,0,36.3,62.1,370.308,16.3
2024,11,8,22,40,0,36.2,61.5,369.238,16.4
2024,11,8,22,50,0,37.6,61.4,374.844,16.5
2024,11,8,23,0,0,37.4,61.3,378.248,16.2
2024,11,8,23,10,0,37.7,60.5,376.31,16.1
2024,11,8,23,20,0,37.7,60.5,371.56,16.4
2024,11,8,23,30,0,37.2,60.5,362.392,15.8
2024,11,8,23,40,0,37.3,60.4,356.786,15.7
2024,11,8,23,50,0,37.3,60.3,347.596,16.1
2024,11,9,0,0,0,36.8,59.7,337.998,16
2024,11,9,0,10,0,36.8,59.6,333.672,15.4
2024,11,9,0,20,0,36.2,59.5,325.21,15.3
2024,11,9,0,30,0,36,59.5,320.35,14.9
2024,11,9,0,40,0,36.1,59.4,322.728,15.6
2024,11,9,0,50,0,36.4,58.9,326.656,17
2024,11,9,1,0,0,36.5,58.9,327.684,17.3
2024,11,9,1,10,0,36.7,58.5,328.784,17.5
2024,11,9,1,20,0,37.2,58.5,329.882,17.2
2024,11,9,1,30,0,37.4,58.5,328.224,17.1
2024,11,9,1,40,0,37.5,58.3,323.866,16.2
2024,11,9,1,50,0,37.9,57.6,320.186,15.8
2024,11,9,2,0,0,37.9,57.5,323.738,16.4
2024,11,9,2,10,0,38.2,57.5,321.792,17.4
2024,11,9,2,20,0,38,57.5,314.196,17.2
2024,11,9,2,30,0,38,57.5,309.93,17
2024,11,9,2,40,0,38.5,57.2,309.67,17.1
2024,11,9,2,50,0,39,57,315.914,16.7
2024,11,9,3,0,0,39.3,57.3,315.354,16.6
2024,11,9,3,10,0,40.1,56.5,315.314,18.1
2024,11,9,3,20,0,40.5,56.5,320.57,19.6
2024,11,9,3,30,0,40.1,56.5,323.654,20.2
2024,11,9,3,40,0,40.2,56.5,323.866,20.6
2024,11,9,3,50,0,40.7,56.5,323.734,21.6
2024,11,9,4,0,0,41.1,56.2,323.634,22.1
2024,11,9,4,10,0,40.5,56.4,311.236,20.4
2024,11,9,4,20,0,40.8,56.3,309.514,21.1
2024,11,9,4,30,0,40.6,55.5,311.516,21.5
2024,11,9,4,40,0,40.6,55.5,314.542,22.5
2024,11,9,4,50,0,40.4,55.5,312.836,22.7
2024,11,9,5,0,0,40.1,55.4,313.7,22.6
2024,11,9,5,10,0,40.3,55.3,314.532,22.5
2024,11,9,5,20,0,40.3,55,314.512,23.1
2024,11,9,5,30,0,40,54.7,314.298,23.7
2024,11,9,5,40,0,40.1,54.5,313.462,23.9
2024,11,9,5,50,0,39.8,54.5,310.234,23.1
2024,11,9,6,0,0,40.2,54.4,307.942,21.5
2024,11,9,6,10,0,40.4,54.4,308.114,22.5
2024,11,9,6,20,0,41,54.4,309.71,23
2024,11,9,6,30,0,41.3,54.5,308.714,23.9
2024,11,9,6,40,0,41.3,54.5,307.492,23.6
2024,11,9,6,50,0,41.1,54.5,305.158,22.7
2024,11,9,7,0,0,41.1,56.1,296.814,21.5
2024,11,9,7,10,0,38.6,58.7,292.888,22.4
2024,11,9,7,20,0,36.5,61.5,296.696,23.4
2024,11,9,7,30,0,34.2,63.6,298.546,25.6
2024,11,9,7,40,0,33.9,62.9,303.662,25.5
2024,11,9,7,50,0,34.5,62.8,300.056,27.1
2024,11,9,8,0,0,33.5,64,292.1,29.5
2024,11,9,8,10,0,32.4,64.5,279.096,29.3
2024,11,9,8,20,0,32.2,65.5,273.376,30.1
2024,11,9,8,30,0,30.7,66.4,266.634,29
2024,11,9,8,40,0,29.3,66.9,264.546,27.5
2024,11,9,8,50,0,28.8,69,260.618,26.1
2024,11,9,9,0,0,26.7,70.3,252.366,25.4
2024,11,9,9,10,0,27,69.7,246.4,24.5
2024,11,9,9,20,0,25.7,71.7,244.324,25.3
2024,11,9,9,30,0,25,72.3,241.334,26
2024,11,9,9,40,0,23.5,73.8,234.554,26.9
2024,11,9,9,50,0,23.7,73.3,228.648,27
2024,11,9,10,0,0,23.3,75.1,225.106,27
2024,11,9,10,10,0,22.2,76.6,219.748,27.3
2024,11,9,10,20,0,20.8,78.7,211.264,26.5
2024,11,9,10,30,0,20,80.1,203.056,25.1
2024,11,9,10,40,0,19.1,80.9,193.682,24.3
2024,11,9,10,50,0,18.875,81.375,185.797,24.1
2024,11,9,11,0,0,18.3,82.3,186.828,25
2024,11,9,11,10,0,18.2,83.4,174.184,24.8
2024,11,9,11,20,0,18,84.1,170.59,24.5
2024,11,9,11,30,0,17.9,84,160.658,24.3
2024,11,9,11,40,0,17.3,85.6,148.876,22.3
2024,11,9,11,50,0,17.2,85.8,131.286,21.6
2024,11,9,12,0,0,16.9,86.2,112.802,20.8
2024,11,9,12,10,0,16.1,87.6,95.464,19.4
2024,11,9,12,20,0,15.7,88.5,79.456,18.7
2024,11,9,12,30,0,15.7,88.4,65.842,20.4
2024,11,9,12,40,0,15.4,89.1,61.334,20.5
2024,11,9,12,50,0,15.2,89.5,52.028,21
2024,11,9,13,0,0,15,89.3,51.894,20.5
2024,11,9,13,10,0,14.6,89.5,50.426,18.1
2024,11,9,13,20,0,14.4,89.8,51.624,17.9
2024,11,9,13,30,0,13.3,90.9,50.754,16.2
2024,11,9,13,40,0,13,91.1,50.674,15.7
2024,11,9,13,50,0,13.2,90.4,53.48,15.4
2024,11,9,14,0,0,13,91.1,52.586,15.8
2024,11,9,14,10,0,12.7,91.6,53.776,14.4
2024,11,9,14,20,0,12.6,91.5,50.478,14.4
2024,11,9,14,30,0,13,91.2,54.182,15.2
2024,11,9,14,40,0,13,91.5,54.438,15.3
2024,11,9,14,50,0,13,91,51.392,14.4
2024,11,9,15,0,0,13,90.7,50.886,14.6
2024,11,9,15,10,0,13,90.3,52.878,15
2024,11,9,15,20,0,13.8,90,50.444,15.9
2024,11,9,15,30,0,14,89.5,51.49,16.3
2024,11,9,15,40,0,14,89.5,54.366,15.1
2024,11,9,15,50,0,14,88.7,53.68,13.9
2024,11,9,16,0,0,14,88.4,59.468,13.5
2024,11,9,16,10,0,14.4,87.7,77,13.4
2024,11,9,16,20,0,15,87.4,91.936,12.8
2024,11,9,16,30,0,15.3,86.2,118.776,12.8
2024,11,9,16,40,0,16.5,84.9,173.482,13.1
2024,11,9,16,50,0,18,83.125,193.52,13
2024,11,9,17,0,0,18.6,81.8,279.74,13.9
2024,11,9,17,10,0,20,80.3,325.574,13.6
2024,11,9,17,20,0,21.2,78.9,358.514,12.7
2024,11,9,17,30,0,22.2,77.6,388.332,13
2024,11,9,17,40,0,23.1,76.5,392.916,14.9
2024,11,9,17,50,0,24.2,75.6,431.936,16.4
2024,11,9,18,0,0,25.6,74.2,459.668,16.2
2024,11,9,18,10,0,26.2,73.5,445.586,15
2024,11,9,18,20,0,27.3,72.5,436.822,15
2024,11,9,18,30,0,28.3,71.7,431.32,15.3
2024,11,9,18,40,0,28.9,71.2,444.098,15.9
2024,11,9,18,50,0,29.6,70.6,452.918,16.5
2024,11,9,19,0,0,32.3,70,459.862,17.3
2024,11,9,19,10,0,32.1,69.5,470.094,25.8
2024,11,9,19,20,0,32,69.2,468.746,21.3
2024,11,9,19,30,0,32,68.5,459.388,19.5
2024,11,9,19,40,0,32.5,68.1,464.74,18.7
2024,11,9,19,50,0,32.7,67.6,481.816,20.3
2024,11,9,20,0,0,33.4,67.5,489.46,21.2
2024,11,9,20,10,0,33.7,66.8,488.662,21.2
2024,11,9,20,20,0,34.3,66.5,484.896,21.6
2024,11,9,20,30,0,34,66.5,479.218,24.6
2024,11,9,20,40,0,34.3,66.1,477.736,25.6
2024,11,9,20,50,0,34.4,65.5,485.11,23.8
2024,11,9,21,0,0,34.9,65.5,494.784,24.7
2024,11,9,21,10,0,35.1,65.4,477.7,26.4
2024,11,9,21,20,0,35.2,64.8,447.708,29
2024,11,9,21,30,0,35.5,64.5,440.322,29.8
2024,11,9,21,40,0,35.8,64.5,442.826,29.9
2024,11,9,21,50,0,36.5,64.3,448.354,29.8
2024,11,9,22,0,0,37.9,63.7,394.184,20.6
2024,11,9,22,10,0,37.9,63.4,392.03,21
2024,11,9,22,20,0,38,62.8,395.362,21.8
2024,11,9,22,30,0,38.3,62.6,403.33,22.1
2024,11,9,22,40,0,38.6,62.5,410.202,22.3
2024,11,9,22,50,0,38.2,62.5,416.468,22
2024,11,9,23,0,0,38.4,62.3,418.506,22.6
2024,11,9,23,10,0,38.1,62.2,420.87,22.8
2024,11,9,23,20,0,38.1,61.6,420.57,23.2
2024,11,9,23,30,0,38.3,61.5,419.98,23
2024,11,9,23,40,0,39.4,61.2,425.106,22.7
2024,11,9,23,50,0,39.7,61.3,428.724,25.4
2024,11,10,0,0,0,39.6,61.3,430.004,26.8
2024,11,10,0,10,0,38.8,60.9,422.632,24.5
2024,11,10,0,20,0,39,60.5,420.13,24.4
2024,11,10,0,30,0,39,60.4,416.484,27
2024,11,10,0,40,0,39.5,60.4,412.396,27.9
2024,11,10,0,50,0,39.5,59.9,408.728,27.9
2024,11,10,1,0,0,39.1,59.5,406.614,27.3
2024,11,10,1,10,0,39.7,59.5,408.05,26.6
2024,11,10,1,20,0,39.8,59.4,407.93,25.5
2024,11,10,1,30,0,39.8,59.2,403.828,25.2
2024,11,10,1,40,0,39.6,59,399.162,25.2
2024,11,10,1,50,0,39.7,58.7,385.24,25.7
2024,11,10,2,0,0,39.5,58.5,372.8,24.9
2024,11,10,2,10,0,39.9,58.5,371.014,25.5
2024,11,10,2,20,0,39.7,58.3,375.226,24.7
2024,11,10,2,30,0,40,58.4,380.29,25.1
2024,11,10,2,40,0,40.1,58.1,377.448,25.9
2024,11,10,2,50,0,40.2,57.5,374.752,26.3
2024,11,10,3,0,0,40.9,57.5,373.996,25.8
2024,11,10,3,10,0,41,57.5,366.952,26.7
2024,11,10,3,20,0,40.6,57.4,360.022,27.6
2024,11,10,3,30,0,40.9,57.4,359.706,26.9
2024,11,10,3,40,0,40.9,56.6,364.156,25.3
2024,11,10,3,50,0,41.3,56.6,372.064,26.4
2024,11,10,4,0,0,41.8,56.6,377.99,28.5
2024,11,10,4,10,0,42.3,56.5,389.066,34.2
2024,11,10,4,20,0,42.2,56.5,385.61,33.8
2024,11,10,4,30,0,42.6,56.1,362.422,29.7
2024,11,10,4,40,0,43,56.4,359.988,32.1
2024,11,10,4,50,0,41.9,56.6,358.406,30.3
2024,11,10,5,0,0,41.9,55.9,357.92,29
2024,11,10,5,10,0,41.4,55.6,357.888,30.2
2024,11,10,5,20,0,41.5,55.5,359.792,30.2
2024,11,10,5,30,0,41.8,55.5,359.062,31.1
2024,11,10,5,40,0,42,55.5,362.504,33.3
2024,11,10,5,50,0,41.8,55.3,368.762,34.1
2024,11,10,6,0,0,42,55,372.974,35
2024,11,10,6,10,0,41.8,55.1,367.032,33.6
2024,11,10,6,20,0,42,54.6,348.206,30.1
2024,11,10,6,30,0,41.2,54.5,338.312,29
2024,11,10,6,40,0,41.5,54.5,348.77,29.8
2024,11,10,6,50,0,43,54.5,354.67,34.2
2024,11,10,7,0,0,43.5,55.5,366.25,36.9
2024,11,10,7,10,0,41.2,58.1,364.082,37.5
2024,11,10,7,20,0,38.7,60.5,358.758,38.3
2024,11,10,7,30,0,37.3,61.7,348.376,37
2024,11,10,7,40,0,36.2,62.1,335.98,58
2024,11,10,7,50,0,37.2,61.7,324.546,49.2
2024,11,10,8,0,0,36.6,63.3,317.518,42.9
2024,11,10,8,10,0,36,65.167,321.837,37.8
2024,11,10,8,20,0,33.7,67.2,317.955,35.5
2024,11,10,8,30,0,32.3,68.6,311.856,37
2024,11,10,8,40,0,31.1,69.9,308.762,37.6
2024,11,10,8,50,0,29.6,71.1,296.822,35.8
2024,11,10,9,0,0,28.3,72.1,290.268,35.3
2024,11,10,9,10,0,27.5,73.1,285.898,35.7
2024,11,10,9,20,0,27.1,74.9,287.432,35.9
2024,11,10,9,30,0,25.5,76.5,285.532,36.8
2024,11,10,9,40,0,24.8,76.7,280.04,36.8
2024,11,10,9,50,0,23.8,77.7,273.752,36.9
2024,11,10,10,0,0,22.8,78.5,264.34,36.2
2024,11,10,10,10,0,22.1,78.7,248.46,34.8
2024,11,10,10,20,0,21.4,78.8,230.562,33.4
2024,11,10,10,30,0,21,79.8,215.826,32.3
2024,11,10,10,40,0,20.1,81.5,206.69,32
2024,11,10,10,50,0,19.3,82.1,192.614,31.2
2024,11,10,11,0,0,18.9,82.8,177.052,30.8
2024,11,10,11,10,0,18.5,82.3,157.9,30.4
2024,11,10,11,20,0,18.8,82.6,138.148,31.2
2024,11,10,11,30,0,17.9,84.7,132.258,31.1
2024,11,10,11,40,0,17.5,85.2,118.668,30.9
2024,11,10,11,50,0,17.4,85.1,98.208,30.3
2024,11,10,12,0,0,16.8,86.3,80.498,28.8
2024,11,10,12,10,0,16.6,86.9,55.486,27.7
2024,11,10,12,20,0,16.1,87.9,59.286,29.2
2024,11,10,12,30,0,15.6,88.7,53.05,28.7
2024,11,10,12,40,0,15.4,88.7,50.436,28.3
2024,11,10,12,50,0,15,89.7,53.098,26.6
2024,11,10,13,0,0,14,91.1,53.838,24.6
2024,11,10,13,10,0,13.8,90.7,50.502,23.7
2024,11,10,13,20,0,14,90.5,51.372,24.2
2024,11,10,13,30,0,13.2,91.1,50.652,22.9
2024,11,10,13,40,0,13.7,90.3,50.56,23.2
2024,11,10,13,50,0,13.5,90.3,50.448,22.7
2024,11,10,14,0,0,13.9,90.6,51.93,22.6
2024,11,10,14,10,0,14,90.3,50.882,22.8
2024,11,10,14,20,0,14,91.2,56.132,21.9
2024,11,10,14,30,0,14,91.5,62.634,22.9
2024,11,10,14,40,0,13.9,92,86.936,22.1
2024,11,10,14,50,0,13.8,91.8,82.248,20.1
2024,11,10,15,0,0,13.8,91.5,77.096,19.6
2024,11,10,15,10,0,13.5,91.4,71.226,18.4
2024,11,10,15,20,0,13.8,91,66.712,18.9
2024,11,10,15,30,0,14.1,90.7,60.432,19.9
2024,11,10,15,40,0,14.1,91.4,63.39,22.7
2024,11,10,15,50,0,13.7,91.7,73.018,19.2
2024,11,10,16,0,0,13,91.6,80.382,17.9
2024,11,10,16,10,0,13.5,91.4,90.772,18.7
2024,11,10,16,20,0,14.4,90.2,88.998,19.8
2024,11,10,16,30,0,15.3,88.6,111.49,19.2
2024,11,10,16,40,0,16.7,86.7,153.746,19.8
2024,11,10,16,50,0,18.1,84.7,215.106,19.4
2024,11,10,17,0,0,19.3,82.8,260.164,20.1
2024,11,10,17,10,0,20.667,80.833,289.515,20
2024,11,10,17,20,0,21.8,79.7,289.282,21.3
2024,11,10,17,30,0,23.1,78.1,382.692,21.1
2024,11,10,17,40,0,24.3,77,418.026,20.9
2024,11,10,17,50,0,25,76,414.484,22.2
2024,11,10,18,0,0,26,74.8,421.442,28.7
2024,11,10,18,10,0,26.5,74,399.972,32.6
2024,11,10,18,20,0,27.4,73.2,399.076,32.6
2024,11,10,18,30,0,28.1,72.5,411.732,29.9
2024,11,10,18,40,0,28.7,71.5,435.672,29
2024,11,10,18,50,0,29.4,70.8,445.328,25.9
2024,11,10,19,0,0,30.3,70.5,429.364,26.4
2024,11,10,19,10,0,31.1,69.5,454.456,28.2
2024,11,10,19,20,0,31.5,69.4,463.39,27.9
2024,11,10,19,30,0,31.7,68.5,476.972,29.1
2024,11,10,19,40,0,32.6,68,489.634,30
2024,11,10,19,50,0,33.3,67.5,503.336,29.1
2024,11,10,20,0,0,33.5,67.5,502.606,29.4
2024,11,10,20,10,0,34.3,66.5,510.842,30.3
2024,11,10,20,20,0,34.7,66.5,518.572,34.7
2024,11,10,20,30,0,35.3,66.1,523.014,38.8
2024,11,10,20,40,0,35.3,66,520.286,38
2024,11,10,20,50,0,36.2,65.5,532.334,40.3
2024,11,10,21,0,0,35.9,65.5,534.188,42.4
2024,11,10,21,10,0,35.7,65.2,531.452,44.1
2024,11,10,21,20,0,36.1,64.7,528.356,44.9
2024,11,10,21,30,0,36.4,64.5,527.75,43.8
2024,11,10,21,40,0,37.1,64.2,524.434,42.1
2024,11,10,21,50,0,37.9,63.9,491.262,39.8
2024,11,10,22,0,0,37.1,63.6,467.334,39
2024,11,10,22,10,0,37.7,63.5,458.52,39.8
2024,11,10,22,20,0,38,62.9,468.218,40.6
2024,11,10,22,30,0,38,62.7,480.256,41.2
2024,11,10,22,40,0,38.4,62.5,487.114,40.7
2024,11,10,22,50,0,38.3,62.5,487.832,40.4
2024,11,10,23,0,0,39,62.5,481.486,41.5
2024,11,10,23,10,0,39.2,62.3,475.854,45.9
2024,11,10,23,20,0,39.5,62.3,455.552,44.3
2024,11,10,23,30,0,39.8,61.9,422,37.9
2024,11,10,23,40,0,40.1,61.6,414.536,35.2
2024,11,10,23,50,0,39.7,61.6,414.134,34.6
2024,11,11,0,0,0,39.9,61.5,416.128,34.8
2024,11,11,0,10,0,40.2,60.9,420.116,35.4
2024,11,11,0,20,0,40,60.6,415.418,35
2024,11,11,0,30,0,39.9,60.5,412.12,34.6
2024,11,11,0,40,0,40.1,60.5,409.296,36.2
2024,11,11,0,50,0,40.2,60.6,411.676,37.2
2024,11,11,1,0,0,40,60.5,414.332,39.6
2024,11,11,1,10,0,40.2,60.2,417.01,40.6
2024,11,11,1,20,0,40.2,60,417.794,40.8
2024,11,11,1,30,0,40.2,59.5,425.706,43.9
2024,11,11,1,40,0,39.7,60,431.118,43.9
2024,11,11,1,50,0,39.4,59.7,429.16,40.5
2024,11,11,2,0,0,39.9,59.5,423.532,39.3
2024,11,11,2,10,0,39.7,59.3,423.86,38.6
2024,11,11,2,20,0,40,58.9,422.596,38.5
2024,11,11,2,30,0,40.1,58.5,422,39.1
2024,11,11,2,40,0,40,58.5,418.59,39.4
2024,11,11,2,50,0,41.7,58.1,409.382,39.4
2024,11,11,3,0,0,42.6,57.5,399.508,40.6
2024,11,11,3,10,0,42.2,57.4,392.998,43.8
2024,11,11,3,20,0,41.8,57.4,387.27,45.5
2024,11,11,3,30,0,41.6,57.2,386.856,45.3
2024,11,11,3,40,0,42.3,56.8,388.458,46.3
2024,11,11,3,50,0,41.8,56.6,386.342,45.4
2024,11,11,4,0,0,41.7,56.5,386.588,45.3
2024,11,11,4,10,0,41.5,56.5,383.684,42.8
2024,11,11,4,20,0,40.9,56.5,382.96,41.8
2024,11,11,4,30,0,41.8,56.4,379.792,42.5
2024,11,11,4,40,0,43.2,55.8,370.124,43.5
2024,11,11,4,50,0,42.3,55.5,368.28,43.3
2024,11,11,5,0,0,42.7,55.5,369.114,43.5
2024,11,11,5,10,0,42.2,55.5,370.01,42.1
2024,11,11,5,20,0,43,54.9,366.364,42.1
2024,11,11,5,30,0,43.3,54.5,362.998,42.2
2024,11,11,5,40,0,44.2,54.5,354.86,43.1
2024,11,11,5,50,0,43.7,54.5,353.316,42.1
2024,11,11,6,0,0,43.7,54.5,354.252,42
2024,11,11,6,10,0,43.6,54.5,346.552,41.8
2024,11,11,6,20,0,43.2,54.5,342.198,42.4
2024,11,11,6,30,0,43.3,54.5,338.022,41.6
2024,11,11,6,40,0,42.9,54.6,336.206,40.5
2024,11,11,6,50,0,42.8,55,334.258,40.9
2024,11,11,7,0,0,42.2,56.7,334.79,40.6
2024,11,11,7,10,0,39.4,59.4,331.38,38.7
2024,11,11,7,20,0,37.3,62.1,324.206,36.3
2024,11,11,7,30,0,34.9,64.6,319.862,36.1
2024,11,11,7,40,0,34.4,66,314.754,37.9
2024,11,11,7,50,0,34.8,65.9,315,40
2024,11,11,8,0,0,33.8,66.9,312.772,40
2024,11,11,8,10,0,32.6,67.5,306.47,41.5
2024,11,11,8,20,0,31.9,67.5,306.57,43.2
2024,11,11,8,30,0,31.1,68.2,301.212,41
2024,11,11,8,40,0,29.6,69.3,291.516,37
2024,11,11,8,50,0,28.3,71.2,280.256,35.5
2024,11,11,9,0,0,27.3,71.7,272.8,35.2
2024,11,11,9,10,0,27.2,71.4,268.124,35.1
2024,11,11,9,20,0,27.1,70.5,265.35,34.1
2024,11,11,9,30,0,27.4,71.5,271.738,36.5
2024,11,11,9,40,0,26.8,71,268.802,36.5
2024,11,11,9,50,0,28.3,69.5,273.942,37.7
2024,11,11,10,0,0,29.1,69.6,283.416,40
2024,11,11,10,10,0,29.6,69.6,287.998,42.2
2024,11,11,10,20,0,29.9,69.9,281.404,43.2
2024,11,11,10,30,0,28.4,71.2,266.506,43
2024,11,11,10,40,0,27.4,72.3,257.648,43
2024,11,11,10,50,0,26.8,72.8,254.094,41.1
2024,11,11,11,0,0,27,72.9,242.446,40.3
2024,11,11,11,10,0,26.9,73.3,227.21,40
2024,11,11,11,20,0,25.1,74,211.218,39
2024,11,11,11,30,0,25.2,74.4,201.524,40
2024,11,11,11,40,0,25.5,74.6,196.918,40.7
2024,11,11,11,50,0,25.3,74.3,173.832,38.9
2024,11,11,12,0,0,24.5,74.4,148.578,37.4
2024,11,11,12,10,0,24.9,75.7,135.154,37.1
2024,11,11,12,20,0,23.6,76.4,122.696,36.5
2024,11,11,12,30,0,22.8,79.6,108.172,31.8
2024,11,11,12,40,0,21.7,81.1,89.806,27.1
2024,11,11,12,50,0,21.5,82,93.55,28.9
2024,11,11,13,0,0,21,82.4,84.022,28.3
2024,11,11,13,10,0,21.1,83.2,70.068,25.1
2024,11,11,13,20,0,22.4,82.6,55.618,21.5
2024,11,11,13,30,0,22,83.5,54.694,19.4
2024,11,11,13,40,0,21.6,85.1,59.056,16.1
2024,11,11,13,50,0,23,84.9,68.804,10.9
2024,11,11,14,0,0,23.6,83.7,66.378,10.9
2024,11,11,14,10,0,23.6,83.8,72.616,10.6
2024,11,11,14,20,0,23.5,84,85.462,11
2024,11,11,14,30,0,26.167,81.3335,102.495,16.1
2024,11,11,14,40,0,31.5,75.6,73.008,6
2024,11,11,14,50,0,40.1,71.7,80.956,1.1
2024,11,11,15,0,0,42.1,69.8,80.516,0.3
2024,11,11,15,10,0,44.2,68,84.754,0.3
2024,11,11,15,20,0,45.7,67.1,88.152,0.3
2024,11,11,15,30,0,47.8,66.2,95.386,0.2
2024,11,11,15,40,0,48.9,65.6,97.612,0.3
2024,11,11,15,50,0,50.1,65.2,86.36,0.3
2024,11,11,16,0,0,50.5,64.7,78.982,0.2
2024,11,11,16,10,0,50.4,64.8,74.642,0.2
2024,11,11,16,20,0,50.6,64.6,75.918,0.2
2024,11,11,16,30,0,50.9,64.7,83.522,0.2
2024,11,11,16,40,0,50.5,65.3,86.836,0.3
2024,11,11,16,50,0,50.1,65.5,100.706,0.3
2024,11,11,17,0,0,49.4,65.5,112.48,0.3
2024,11,11,17,10,0,49.2,65.3,122.27,0.3
2024,11,11,17,20,0,48.7,64.8,134.518,0.4
2024,11,11,17,30,0,49.5,64.1,163.796,0.4
2024,11,11,17,40,0,50.3,63.5,178.544,0.4
2024,11,11,17,50,0,51.375,62.875,163.607,0.7
2024,11,11,18,0,0,51,62.6,204.108,0.7
2024,11,11,18,10,0,51,62.5,216.302,0.6
2024,11,11,18,20,0,51.4,62.5,223.066,0.6
2024,11,11,18,30,0,51.6,62.5,222.944,0.7
2024,11,11,18,40,0,51.5,62.5,225.77,0.8
2024,11,11,18,50,0,51.8,62.2,228.382,0.9
2024,11,11,19,0,0,51.7,61.9,237,0.8
2024,11,11,19,10,0,52.1,61.7,234.324,1
2024,11,11,19,20,0,52.5,61.6,232.916,0.9
2024,11,11,19,30,0,52.3,61.5,240.332,1
2024,11,11,19,40,0,52.3,61.4,250.366,1.1
2024,11,11,19,50,0,52.5,61.5,259.082,1.2
2024,11,11,20,0,0,52.6,61.5,263.01,1.3
2024,11,11,20,10,0,52.1,61.3,268.476,1.4
2024,11,11,20,20,0,53.4,60.6,257.272,1.5
2024,11,11,20,30,0,53.2,61.1,267.466,1.5
2024,11,11,20,40,0,51.4,60.6,290.746,1.6
2024,11,11,20,50,0,50.3,60.4,300.07,1.5
2024,11,11,21,0,0,50.5,60.1,300.668,1.7
2024,11,11,21,10,0,51,60.2,292.214,1.7
2024,11,11,21,20,0,51.4,59.5,283.196,1.8
2024,11,11,21,30,0,51.4,59.4,283.748,1.8
2024,11,11,21,40,0,50.6,59.1,296.946,1.9
2024,11,11,21,50,0,51.3,58.9,298.266,2.1
2024,11,11,22,0,0,51.2,58.7,295.14,2.3
2024,11,11,22,10,0,51.6,58.9,285.178,2.3
2024,11,11,22,20,0,52.6,58.7,270.248,2.5
2024,11,11,22,30,0,52.6,59.3,271.674,3.1
2024,11,11,22,40,0,52.6,59.4,273.898,4.1
2024,11,11,22,50,0,52.7,59.4,280.456,4.6
2024,11,11,23,0,0,52.2,59.5,288.282,4.3
2024,11,11,23,10,0,52.5,59.5,289.51,4.3
2024,11,11,23,20,0,52.8,59.5,288.476,5.5
2024,11,11,23,30,0,52.5,59.5,288.442,5.7
2024,11,11,23,40,0,52.1,59.5,282.818,5.1
2024,11,11,23,50,0,53,59.2,278.742,5.5
2024,11,12,0,0,0,53,59.1,264.492,8.3
2024,11,12,0,10,0,54.2,58.8,259.716,10.9
2024,11,12,0,20,0,54,59.2,260.414,10.9
2024,11,12,0,30,0,54.2,59.4,260.554,11.1
2024,11,12,0,40,0,54.6,59.4,264.382,12.5
2024,11,12,0,50,0,55.1,59.4,256.412,11.2
2024,11,12,1,0,0,55.1,59.5,254.592,11.7
2024,11,12,1,10,0,54.5,59.6,246.584,11.1
2024,11,12,1,20,0,55.8,59.4,243.548,11.7
2024,11,12,1,30,0,55.6,59.4,242.594,11.3
2024,11,12,1,40,0,55.1,59.8,239.9,11.5
2024,11,12,1,50,0,56.9,58.6,235.172,11.9
2024,11,12,2,0,0,57.1,58.7,240.388,12.2
2024,11,12,2,10,0,57.4,58.5,255.262,13.4
2024,11,12,2,20,0,56.7,59.1,271.146,12.3
2024,11,12,2,30,0,56,59.6,272.864,12.5
2024,11,12,2,40,0,55.4,59.6,271.468,12.8
2024,11,12,2,50,0,54.8,60.4,273.298,12.7
2024,11,12,3,0,0,55.2,60.3,270.008,12.6
2024,11,12,3,10,0,54,60.9,272.6,12.8
2024,11,12,3,20,0,53.7,61,270.988,12.7
2024,11,12,3,30,0,53.5,61.3,271.966,12.3
2024,11,12,3,40,0,53.4,61.5,270.266,12.2
2024,11,12,3,50,0,53.1,61.3,257.496,12.3
2024,11,12,4,0,0,53.3,61.5,248.346,12.1
2024,11,12,4,10,0,53,61.5,248.722,12.9
2024,11,12,4,20,0,52.9,61.5,253.978,12.3
2024,11,12,4,30,0,53.3,61.5,256.86,12.7
2024,11,12,4,40,0,52.8,61.4,248.118,12.5
2024,11,12,4,50,0,52.7,61.5,249.63,12.5
2024,11,12,5,0,0,51.4,61.2,261.786,12.2
2024,11,12,5,10,0,51.1,60.6,268.092,12.3
2024,11,12,5,20,0,50.6,60.5,275.438,12.9
2024,11,12,5,30,0,50.9,60.2,283.722,15
2024,11,12,5,40,0,51.6,59.5,283.778,16.4
2024,11,12,5,50,0,52.6,59.5,283.24,14.4
2024,11,12,6,0,0,53.3,59.5,279.546,15.4
2024,11,12,6,10,0,53.2,59.6,277.69,16.4
2024,11,12,6,20,0,53.6,60,279.828,18.1
2024,11,12,6,30,0,54,60.3,262.612,17.5
2024,11,12,6,40,0,53.9,60.5,258.28,18.3
2024,11,12,6,50,0,54.3,60.5,244.82,18.6
2024,11,12,7,0,0,54.2,60.6,240.87,19
2024,11,12,7,10,0,53.8,61,245.2,16.7
2024,11,12,7,20,0,53.6,61,237.212,16.6
2024,11,12,7,30,0,53.8,61.2,242.91,16
2024,11,12,7,40,0,54.3,61,247.762,14.9
2024,11,12,7,50,0,54.2,60.9,245.236,14.4
2024,11,12,8,0,0,53.6,61.4,230.104,14.7
2024,11,12,8,10,0,53.1,61.5,216.896,16
2024,11,12,8,20,0,53.1,62.2,218.954,17.5
2024,11,12,8,30,0,52.7,62.5,203.81,18.3
2024,11,12,8,40,0,52.5,63.1,197.684,19.5
2024,11,12,8,50,0,52,64,186.734,18.7
2024,11,12,9,0,0,50.9,64.6,171.756,17.3
2024,11,12,9,10,0,50.2,65,167.564,19.6
2024,11,12,9,20,0,48.8,65.2,160.398,17.7
2024,11,12,9,30,0,46.8,65.5,137.214,15.3
2024,11,12,9,40,0,47,66,136.946,16.9
2024,11,12,9,50,0,47,66.3,139.91,16.8
2024,11,12,10,0,0,45.7,67.1,134.088,15.3
2024,11,12,10,10,0,44.9,67.5,120.434,14.9
2024,11,12,10,20,0,45,68,129.808,15.6
2024,11,12,10,30,0,44.8,68.4,133.952,15.3
2024,11,12,10,40,0,43.6,67.8,120.646,13.6
2024,11,12,10,50,0,43.8,67.8,99.926,13.5
2024,11,12,11,0,0,44,67.4,88.332,13.5
2024,11,12,11,10,0,43.4,68.3,86.114,13.3
2024,11,12,11,20,0,42.3,68.3,80.05,12.6
2024,11,12,11,30,0,41.4,69.8,76.086,11.9
2024,11,12,11,40,0,39.5,71.8,68.544,11.1
2024,11,12,11,50,0,37.6,73.1,54.24,10.2
2024,11,12,12,0,0,36.1,73.6,53.67,9.9
2024,11,12,12,10,0,36,73.8,52.122,9.6
2024,11,12,12,20,0,33.6,74.9,51.222,8.3
2024,11,12,12,30,0,33.5,75.5,51.054,8
2024,11,12,12,40,0,32.1,77,59.218,8.2
2024,11,12,12,50,0,31.7,76.8,57.852,9.1
2024,11,12,13,0,0,31.3,76.5,51.734,8.5
2024,11,12,13,10,0,30.4,78.8,64.152,8.6
2024,11,12,13,20,0,31.2,76.8,70.83,9.2
2024,11,12,13,30,0,30.9,77.2,63.838,8.9
2024,11,12,13,40,0,30.4,78.5,60.09,8.7
2024,11,12,13,50,0,30.2,77.6,68.636,8.3
2024,11,12,14,0,0,31,76.4,72.864,8.5
2024,11,12,14,10,0,31,77,64.434,8.3
2024,11,12,14,20,0,31.3,76.2,71.858,8.3
2024,11,12,14,30,0,31.6,76,68.05,7.8
2024,11,12,14,40,0,30.7,76.6,55.552,7.6
2024,11,12,14,50,0,30.375,76.75,52.172,7.1
2024,11,12,15,0,0,30.7,77.2,59.827,7.6
2024,11,12,15,10,0,30.2,78.8,77.358,8.4
2024,11,12,15,20,0,29.5,78.5,81.808,7.8
2024,11,12,15,30,0,28.9,78.7,84.22,7.9
2024,11,12,15,40,0,28.8,78.5,84.61,8.1
2024,11,12,15,50,0,28.6,78.5,83.54,7.7
2024,11,12,16,0,0,28.7,78.3,90.508,8.1
2024,11,12,16,10,0,29.3,77.6,88.61,8.2
2024,11,12,16,20,0,30.1,76.6,95.138,9
2024,11,12,16,30,0,31.4,75.5,112.046,9.1
2024,11,12,16,40,0,32.3,74.5,124.796,9.4
2024,11,12,16,50,0,33.3,73.2,136.292,9
2024,11,12,17,0,0,34.7,71.9,169.446,9.2
2024,11,12,17,10,0,36.1,70.6,196.96,9.7
2024,11,12,17,20,0,37,69.5,215.024,11.7
2024,11,12,17,30,0,38.2,68.3,225.572,10.6
2024,11,12,17,40,0,39.4,67.3,237.236,11.1
2024,11,12,17,50,0,40.2,66.8,258.05,12.3
2024,11,12,18,0,0,40.5,66.3,275.756,16.8
2024,11,12,18,10,0,41,65.6,291.994,20.9
2024,11,12,18,20,0,41.6,65.1,300.426,21.4
2024,11,12,18,30,0,42,64.5,306.342,17.9
2024,11,12,18,40,0,42.5,64.3,312.138,16.5
2024,11,12,18,50,0,42.4,64,314.706,18
2024,11,12,19,0,0,43.4,63.5,309.454,17.9
2024,11,12,19,10,0,43.6,63.2,296.238,18.2
2024,11,12,19,20,0,43.7,62.9,300.418,19.1
2024,11,12,19,30,0,43.8,62.5,299.298,16.5
2024,11,12,19,40,0,43.9,62.2,290.886,15.5
2024,11,12,19,50,0,43.4,61.7,289.97,15.6
2024,11,12,20,0,0,44.2,61.5,302.624,14.5
2024,11,12,20,10,0,44.1,61.1,299.296,14.2
2024,11,12,20,20,0,44.3,60.8,295.144,13.8
2024,11,12,20,30,0,44.8,60.5,290.012,13.6
2024,11,12,20,40,0,44.6,60.5,276.882,12.3
2024,11,12,20,50,0,44.8,60.3,273.346,12.3
2024,11,12,21,0,0,44.7,60,270.824,12.2
2024,11,12,21,10,0,44.6,59.6,272.18,12.6
2024,11,12,21,20,0,45,59.5,274.072,12.3
2024,11,12,21,30,0,44.8,59.5,269.36,12.8
2024,11,12,21,40,0,45.6,58.7,263.392,13.2
2024,11,12,21,50,0,45.6,58.6,257.764,13.5
2024,11,12,22,0,0,45.6,58.5,256.604,13.8
2024,11,12,22,10,0,45.3,58.4,256.466,13.5
2024,11,12,22,20,0,46,58,269.143,13.3
2024,11,12,22,30,0,45.5,58,269.65,12.9
2024,11,12,22,40,0,47.5,57.5,261.204,12.8
2024,11,12,22,50,0,47.5,57.3,252.312,13.1
2024,11,12,23,0,0,46.9,57.2,251.96,12.8
2024,11,12,23,10,0,46.4,57.3,258.01,13.7
2024,11,12,23,20,0,47.3,57,262.026,14.5
2024,11,12,23,30,0,47.7,56.9,270.146,17.1
2024,11,12,23,40,0,47.5,56.9,280.732,18.9
2024,11,12,23,50,0,47.4,57.1,286.066,19.7
2024,11,13,0,0,0,48.25,56.625,287.48,20.7
2024,11,13,0,10,0,47,56.7,285.194,20.5
2024,11,13,0,20,0,46.6,56.6,282.34,19.9
2024,11,13,0,30,0,46.6,56.5,279.5,19.6
2024,11,13,0,40,0,46.2,56.5,266.718,17.9
2024,11,13,0,50,0,46,56,262.044,17.5
2024,11,13,1,0,0,45.9,55.6,265.454,18.5
2024,11,13,1,10,0,46.1,55.5,266.996,19.2
2024,11,13,1,20,0,46.2,55.5,267.284,21.4
2024,11,13,1,30,0,46.1,55.5,260.336,22.3
2024,11,13,1,40,0,46.3,55.4,257.59,25.8
2024,11,13,1,50,0,46.2,55,256.064,23.6
2024,11,13,2,0,0,45.6,54.7,254.412,23.4
2024,11,13,2,10,0,46,54.6,256.784,22.5
2024,11,13,2,20,0,45.7,54.5,256.464,22.1
2024,11,13,2,30,0,45.6,54.6,250.856,21.7
2024,11,13,2,40,0,46.1,54.5,247.232,22.7
2024,11,13,2,50,0,46,54.5,245.376,22
2024,11,13,3,0,0,45.8,54.5,237.034,19.7
2024,11,13,3,10,0,45.4,54.4,233.692,19.4
2024,11,13,3,20,0,45.4,54,238.778,19.2
2024,11,13,3,30,0,45.8,53.9,235.7,19.1
2024,11,13,3,40,0,47.2,54,227.89,18.8
2024,11,13,3,50,0,46.5,53.5,223.162,17.2
2024,11,13,4,0,0,48.5,53.6,219.04,19
2024,11,13,4,10,0,49.8,53.5,218.302,20.5
2024,11,13,4,20,0,50.3,53.6,223.907,20.1
2024,11,13,4,30,0,50.6,53.5,244.31,18.7
2024,11,13,4,40,0,49.9,53.5,241.858,17
2024,11,13,4,50,0,49.6,53.6,241.522,15.6
2024,11,13,5,0,0,50.5,53.2,243.156,16.8
2024,11,13,5,10,0,50.9,53.4,245.976,16.2
2024,11,13,5,20,0,50.7,52.7,246.79,15.1
2024,11,13,5,30,0,51.2,52.5,246.124,14.6
2024,11,13,5,40,0,51.1,52.8,246.058,15.7
2024,11,13,5,50,0,51.4,52.5,245.714,17.2
2024,11,13,6,0,0,51.7,52.3,245.65,19
2024,11,13,6,10,0,53.1,51.8,248.212,22.7
2024,11,13,6,20,0,52.5,52.1,244.54,22.9
2024,11,13,6,30,0,52.6,51.6,234.644,18.3
2024,11,13,6,40,0,53.3,51.5,231.032,17.5
2024,11,13,6,50,0,53.4,51.7,231.28,17.3
2024,11,13,7,0,0,55.2,51.1,228.344,21.6
2024,11,13,7,10,0,56.2,51.8,226.72,24
2024,11,13,7,20,0,56.1,52.3,230.948,22.9
2024,11,13,7,30,0,55,53,233.212,23.8
2024,11,13,7,40,0,54.8,53.3,235.818,24.9
2024,11,13,7,50,0,55,53.25,230.6,26.7
2024,11,13,8,0,0,55.4,54.4,245.886,30.3
2024,11,13,8,10,0,54.9,55.3,245.8,36.1
2024,11,13,8,20,0,54.9,55.3,235.446,46.7
2024,11,13,8,30,0,56.2,55,230.088,47
2024,11,13,8,40,0,54.6,56.5,233.768,45.8
2024,11,13,8,50,0,54.6,57.3,241.238,42.9
2024,11,13,9,0,0,53.4,57.4,237.148,43.5
2024,11,13,9,10,0,52.6,58.1,233.336,46.2
2024,11,13,9,20,0,52.3,58.6,227.678,47.8
2024,11,13,9,30,0,51.4,59.4,222.65,47.9
2024,11,13,9,40,0,50.5,60.1,215.118,53.3
2024,11,13,9,50,0,49.2,61.7,212.992,50.9
2024,11,13,10,0,0,46.9,63.8,210.076,50.9
2024,11,13,10,10,0,45.3,64.8,203.478,50.9
2024,11,13,10,20,0,44.9,65.1,192.698,51.9
2024,11,13,10,30,0,43.8,66.5,187.094,49.5
2024,11,13,10,40,0,41.3,68.2,187.432,50
2024,11,13,10,50,0,40.9,68.9,178.35,47.1
2024,11,13,11,0,0,39.1,69.9,160,40.2
2024,11,13,11,10,0,37.7,70.9,144.76,37.5
2024,11,13,11,20,0,37,71.5,135.146,37.5
2024,11,13,11,30,0,34.9,73,117.928,36.3
2024,11,13,11,40,0,33.9,73.6,102.864,36.4
2024,11,13,11,50,0,32.8,73.8,82.944,33.9
2024,11,13,12,0,0,32.4,74.2,68.778,32.3
2024,11,13,12,10,0,30.7,75.1,52.77,29.2
2024,11,13,12,20,0,30.2,75.7,50.976,28.9
2024,11,13,12,30,0,29.4,75.9,50.84,28.3
2024,11,13,12,40,0,29.5,76.5,52.548,30.3
2024,11,13,12,50,0,29.8,77,53.952,32.5
2024,11,13,13,0,0,27.8,78.5,52.482,29.9
2024,11,13,13,10,0,27,78.6,51.226,29
2024,11,13,13,20,0,27,78.5,52.93,28.1
2024,11,13,13,30,0,26.4,79.2,51.744,27.7
2024,11,13,13,40,0,25.6,80,54.864,29.5
2024,11,13,13,50,0,25.9,80.3,53.662,32.5
2024,11,13,14,0,0,25.3,81.2,55.086,32.2
2024,11,13,14,10,0,25.8,80.7,51.826,32.4
2024,11,13,14,20,0,24.4,81.6,54.238,29.4
2024,11,13,14,30,0,24.1,81.5,53.562,30.3
2024,11,13,14,40,0,24.2,81.6,53.412,32.2
2024,11,13,14,50,0,24.3,82,58.602,33.5
2024,11,13,15,0,0,24.4,81.8,53.52,35.8
2024,11,13,15,10,0,24.5,81.5,53.688,37.3
2024,11,13,15,20,0,24.5,81.6,62.182,38.9
2024,11,13,15,30,0,24.5,81.7,64.938,38.4
2024,11,13,15,40,0,23.9,81.7,64.786,37.8
2024,11,13,15,50,0,23.9,83,74.706,37.4
2024,11,13,16,0,0,25.7,80.3,59.458,40.2
2024,11,13,16,10,0,26,80.1,52.642,40.9
2024,11,13,16,20,0,26.7,79.3,60.804,42.8
2024,11,13,16,30,0,28.5,77.7,70.028,42.1
2024,11,13,16,40,0,29.3,77,95.602,41.9
2024,11,13,16,50,0,29.8,76.7,135.432,42.4
2024,11,13,17,0,0,30.6,75.5,179.394,43.3
2024,11,13,17,10,0,31.7,74,205.636,42.6
2024,11,13,17,20,0,32.6,73.1,229.24,44.6
2024,11,13,17,30,0,33.8,71.9,243.302,47.4
2024,11,13,17,40,0,35,71.1,264.158,44.6
2024,11,13,17,50,0,36.5,69.9,265.364,44.9
2024,11,13,18,0,0,37,69.5,244.002,44.9
2024,11,13,18,10,0,37.6,68.8,235.322,45
2024,11,13,18,20,0,38.3,68.3,246.352,45
2024,11,13,18,30,0,38.8,67.7,239.262,45.6
2024,11,13,18,40,0,39.2,67.5,237.75,45.8
2024,11,13,18,50,0,39.3,67.5,227.986,45.3
2024,11,13,19,0,0,39.7,67.5,219.734,45.2
2024,11,13,19,10,0,40,66.5,228.676,46.2
2024,11,13,19,20,0,40.2,66.5,233.588,44.5
2024,11,13,19,30,0,40.9,65.9,242.418,44.7
2024,11,13,19,40,0,41.1,65.6,239.926,45.1
2024,11,13,19,50,0,41.4,65.5,244.074,43.7
2024,11,13,20,0,0,41.6,65.5,233.93,41.7
2024,11,13,20,10,0,41.875,65.125,241.367,41.7
2024,11,13,20,20,0,42,64.5,242.212,41
2024,11,13,20,30,0,42,64.3,243.798,40.8
2024,11,13,20,40,0,42.1,63.7,250.378,39.9
2024,11,13,20,50,0,42.7,63.5,250.256,40.7
2024,11,13,21,0,0,42.7,63.3,242.372,39.8
2024,11,13,21,10,0,43.333,62.833,250.03,40.5
2024,11,13,21,20,0,43.3,62.5,253.1,40.6
2024,11,13,21,30,0,43.8,62.5,254.972,40.8
2024,11,13,21,40,0,43.5,61.8,259.882,41.4
2024,11,13,21,50,0,43.5,61.8,263.994,41
2024,11,13,22,0,0,43.7,61.3,271.344,40.3
2024,11,13,22,10,0,43.8,60.8,274.232,40.9
2024,11,13,22,20,0,44.2,60.4,267.002,41.8
2024,11,13,22,30,0,44.9,59.9,258.554,42
2024,11,13,22,40,0,44.9,59.7,258.764,42.2
2024,11,13,22,50,0,44.7,59.6,261.364,42.1
2024,11,13,23,0,0,46.1,59.5,258.098,43.3
2024,11,13,23,10,0,46.2,59.5,254.842,43.4
2024,11,13,23,20,0,45.2,59.2,260.144,41.7
2024,11,13,23,30,0,45.1,58.6,265.596,41.9
2024,11,13,23,40,0,45,58.5,268.882,42.6
2024,11,13,23,50,0,46.7,58.5,259.444,45.9
2024,11,14,0,0,0,47.5,58.5,253.458,45.5
2024,11,14,0,10,0,47.5,58.5,250.682,45.2
2024,11,14,0,20,0,47.5,58.3,247.896,44.9
2024,11,14,0,30,0,47.7,58,246.4,44.6
2024,11,14,0,40,0,47.7,57.5,244.994,45
2024,11,14,0,50,0,47.8,57.6,243.868,45.3
2024,11,14,1,0,0,47.2,57.5,244.654,45.2
2024,11,14,1,10,0,46.6,57.5,244.428,44.4
2024,11,14,1,20,0,46.1,57.5,241.212,44
2024,11,14,1,30,0,45.7,57.2,240.438,43
2024,11,14,1,40,0,45.3,57,240.898,41.9
2024,11,14,1,50,0,45,56.5,241.686,42.3
2024,11,14,2,0,0,45.2,56.5,241.182,41.9
2024,11,14,2,10,0,45.5,56.3,241.602,41.3
2024,11,14,2,20,0,45.2,56,240.816,41.9
2024,11,14,2,30,0,45,55.9,237.434,42.2
2024,11,14,2,40,0,45.4,55.6,235.902,41.9
2024,11,14,2,50,0,46.7,55.6,233.802,42.2
2024,11,14,3,0,0,46.6,55.6,233.348,42.1
2024,11,14,3,10,0,46.4,55.5,233.788,41.8
2024,11,14,3,20,0,45.8,55.5,233.008,40.8
2024,11,14,3,30,0,45.8,55.5,232.146,39.9
2024,11,14,3,40,0,46,55.5,232.536,40.1
2024,11,14,3,50,0,46.1,55.5,232.196,40.4
2024,11,14,4,0,0,45.8,55.5,232.174,39.4
2024,11,14,4,10,0,45.7,55.5,231.83,39.2
2024,11,14,4,20,0,45.4,55.5,231.86,39
2024,11,14,4,30,0,45.4,55.1,233.868,38.9
2024,11,14,4,40,0,45.9,55.1,230.496,39.4
2024,11,14,4,50,0,45.5,55,228.788,39.8
2024,11,14,5,0,0,46.6,55.2,231.122,41.1
2024,11,14,5,10,0,46.8,55.3,233.2,41.6
2024,11,14,5,20,0,49.1,54.4,236.08,42.1
2024,11,14,5,30,0,48.9,54.3,230.026,41.6
2024,11,14,5,40,0,49.6,54.1,221.22,42.1
2024,11,14,5,50,0,49.7,53.9,223.124,43.1
2024,11,14,6,0,0,50,54,225.076,43
2024,11,14,6,10,0,49,54.5,229.384,43.2
2024,11,14,6,20,0,49.3,54.1,233.406,42.7
2024,11,14,6,30,0,49.2,54.5,234.352,42.6
2024,11,14,6,40,0,50.3,54,236.112,42.8
2024,11,14,6,50,0,50.5,54.3,234.44,45.9
2024,11,14,7,0,0,48.8,55.7,233.432,44.4
2024,11,14,7,10,0,46.6,56.9,227.846,42
2024,11,14,7,20,0,45.5,58.7,229.892,42.3
2024,11,14,7,30,0,44.3,60.1,224.994,44.7
2024,11,14,7,40,0,43,62,221.772,47
2024,11,14,7,50,0,43.4,62.1,216.07,48.9
2024,11,14,8,0,0,43.8,63.1,216.764,48.6
2024,11,14,8,10,0,43.1,63.6,222.7,50.7
2024,11,14,8,20,0,42.5,65.5,229.164,51.2
2024,11,14,8,30,0,40.6,66.4,210.784,51.8
2024,11,14,8,40,0,40.6,67.1,200.95,52
2024,11,14,8,50,0,40.8,66,194.332,52.8
2024,11,14,9,0,0,40.3,67.7,180.572,53.2
2024,11,14,9,10,0,39.6,68.7,175.464,53.3
2024,11,14,9,20,0,39.6,68.5,169.904,53
2024,11,14,9,30,0,39.9,68.7,170.986,54.1
2024,11,14,9,40,0,38.6,70,175.686,54.8
2024,11,14,9,50,0,38.7,70.1,177.456,54.4
2024,11,14,10,0,0,36.2,72.1,177.232,52.6
2024,11,14,10,10,0,34.5,73.5,168.628,48
2024,11,14,10,20,0,34.5,73.6,157.192,46.2
2024,11,14,10,30,0,34.8,73.2,145.018,46
2024,11,14,10,40,0,34,74.6,138.272,45
2024,11,14,10,50,0,33.1,74.9,128.188,45.2
2024,11,14,11,0,0,33.2,75.8,118.528,42.6
2024,11,14,11,10,0,31.2,78.3,113.65,40.3
2024,11,14,11,20,0,30.3,79.2,98.936,36.3
2024,11,14,11,30,0,29.4,80.8,83.574,33.3
2024,11,14,11,40,0,29,81.4,75.398,32.3
2024,11,14,11,50,0,28.7,82.4,66.802,27.4
2024,11,14,12,0,0,27.9,83.1,57.502,21.9
2024,11,14,12,10,0,28.4,83.1,55.886,22
2024,11,14,12,20,0,28.1,84.1,56.712,21.2
2024,11,14,12,30,0,27.2,85,51.444,18.8
2024,11,14,12,40,0,26.1,85.7,51.98,16.5
2024,11,14,12,50,0,26.7,85.6,53.402,16.3
2024,11,14,13,0,0,26.5,85.9,53.06,17.8
2024,11,14,13,10,0,25.4,86.1,51.112,8.7
2024,11,14,13,20,0,24.7,86.1,51.718,5
2024,11,14,13,30,0,25.4,85.6,51.78,6.7
2024,11,14,13,40,0,24.5,86,51.942,4.6
2024,11,14,13,50,0,25,84.9,52.536,6.2
2024,11,14,14,0,0,25.6,84.5,53.912,6
2024,11,14,14,10,0,25.8,84.6,53.302,6.1
2024,11,14,14,20,0,25.5,84.4,52.578,4.1
2024,11,14,14,30,0,25.2,84.2,51.52,4.4
2024,11,14,14,40,0,25.1,84.5,52.93,4.3
2024,11,14,14,50,0,24.8,84.5,52.89,4.3
2024,11,14,15,0,0,24.5,84.9,59.066,4.5
2024,11,14,15,10,0,24.8,84.5,60.92,4.8
2024,11,14,15,20,0,24.6,84.4,62.312,3.4
2024,11,14,15,30,0,24.5,84.2,59.018,3.2
2024,11,14,15,40,0,24.9,82.8,53.49,3.2
2024,11,14,15,50,0,26.5,80.7,53.552,3.9
2024,11,14,16,0,0,27.5,80.3,67.398,3.9
2024,11,14,16,10,0,28.4,80.1,74.968,5.2
2024,11,14,16,20,0,28.3,79.7,71.166,5
2024,11,14,16,30,0,29.7,77.9,75.588,4.3
2024,11,14,16,40,0,31.1,76.4,88.45,4.2
2024,11,14,16,50,0,32.1,75.3,102.47,4.6
2024,11,14,17,0,0,33.1,74.1,111.354,4.4
2024,11,14,17,10,0,34,73.4,122.208,4.4
2024,11,14,17,20,0,34.8,72.6,136.744,5
2024,11,14,17,30,0,35.4,72,164.176,4.7
2024,11,14,17,40,0,36.6,71.3,173.424,12.5
2024,11,14,17,50,0,37,71.3,193.054,34.2
2024,11,14,18,0,0,37.2,71.2,191.888,6.1
2024,11,14,18,10,0,38,70.6,201.518,5.2
2024,11,14,18,20,0,38.4,70.4,208.276,5.8
2024,11,14,18,30,0,39.3,69.5,203.684,5.9
2024,11,14,18,40,0,40.2,68.9,197.578,6.6
2024,11,14,18,50,0,41,68.625,190.68,7.2
2024,11,14,19,0,0,41.75,68.375,162.803,6.3
2024,11,14,19,10,0,41,68.6,191.128,5.8
2024,11,14,19,20,0,40.9,68.8,189.854,5.7
2024,11,14,19,30,0,40.7,68.5,188.422,5.5
2024,11,14,19,40,0,40.7,68.5,179.604,5.7
2024,11,14,19,50,0,40.7,68.7,183.734,4.9
2024,11,14,20,0,0,40.9,68.5,189.988,4.6
2024,11,14,20,10,0,41.3,68.4,192.706,4.6
2024,11,14,20,20,0,41.5,68.2,194.236,4.5
2024,11,14,20,30,0,42,68,200.536,4.8
2024,11,14,20,40,0,42.1,67.7,202.252,3.9
2024,11,14,20,50,0,41.1,67.9,184.51,3
2024,11,14,21,0,0,41,67.5,174.576,2.7
2024,11,14,21,10,0,40.9,67.5,172.652,2.8
2024,11,14,21,20,0,41,66.8,172.838,2.9
2024,11,14,21,30,0,41,66.9,174.792,2.9
2024,11,14,21,40,0,41.4,66.5,181.232,3.1
2024,11,14,21,50,0,42.3,66.2,189.494,3.4
2024,11,14,22,0,0,43,65.9,198.048,3.8
2024,11,14,22,10,0,43.4,65.5,203.192,3.7
2024,11,14,22,20,0,43.9,65.5,205.924,3.7
2024,11,14,22,30,0,44.1,65.3,207.226,3.9
2024,11,14,22,40,0,44.4,64.9,208.77,4
2024,11,14,22,50,0,44.4,64.6,209.314,3.7
2024,11,14,23,0,0,44.5,64.5,206.938,3.6
2024,11,14,23,10,0,45.2,63.9,210.07,3.6
2024,11,14,23,20,0,45.6,63.5,209.906,3.5
2024,11,14,23,30,0,45.8,63.5,209.766,3.4
2024,11,14,23,40,0,46.2,63.5,207.806,3.2
2024,11,14,23,50,0,45.4,63.5,207.202,3.3
2024,11,15,0,0,0,45.4,63.5,204.718,3
2024,11,15,0,10,0,45.1,63.8,191.038,2.7
2024,11,15,0,20,0,45.5,63.6,180.496,2.5
2024,11,15,0,30,0,45.1,63.8,170.832,2.6
2024,11,15,0,40,0,44.9,63.8,167.448,2.5
2024,11,15,0,50,0,45.2,63.5,165.946,2.6
2024,11,15,1,0,0,45.4,63.5,159.406,2.3
2024,11,15,1,10,0,45.5,63.4,164.802,2.7
2024,11,15,1,20,0,46.4,62.7,179.018,2.8
2024,11,15,1,30,0,46.4,62.4,193.17,2.9
2024,11,15,1,40,0,46.6,61.5,207.282,3
2024,11,15,1,50,0,47.4,61.4,211.654,3
2024,11,15,2,0,0,48,60.5,211.286,3.1
2024,11,15,2,10,0,48.3,60.5,209.748,2.9
2024,11,15,2,20,0,48.2,60.1,202.318,2.8
2024,11,15,2,30,0,48.5,59.7,200.494,2.8
2024,11,15,2,40,0,49,59.5,201.024,2.6
2024,11,15,2,50,0,48.8,59.5,201.014,3
2024,11,15,3,0,0,48.5,59.5,196.234,3.2
2024,11,15,3,10,0,48.4,59.7,190.672,3.1
2024,11,15,3,20,0,48.5,59.5,186.108,3
2024,11,15,3,30,0,48.4,59.3,185.816,2.9
2024,11,15,3,40,0,48.1,59.2,173.492,2.8
2024,11,15,3,50,0,47.8,59.4,167.744,3
2024,11,15,4,0,0,47.9,59.1,168.748,2.9
2024,11,15,4,10,0,48,58.9,163.464,3
2024,11,15,4,20,0,47.8,58.9,157.776,3
2024,11,15,4,30,0,47.7,59.1,164.86,3.2
2024,11,15,4,40,0,48.4,58.8,174.284,3.1
2024,11,15,4,50,0,47.5,58.7,169.896,3.4
2024,11,15,5,0,0,47.5,58.5,176.058,3.5
2024,11,15,5,10,0,47.5,58.5,178.42,3.7
2024,11,15,5,20,0,48.1,58.1,182.406,4.1
2024,11,15,5,30,0,48.1,57.9,173.326,3.6
2024,11,15,5,40,0,47.8,57.6,169.866,3.5
2024,11,15,5,50,0,48.2,57.5,170.124,4.1
2024,11,15,6,0,0,48.3,57.5,173.82,4
2024,11,15,6,10,0,48.4,57.4,168.372,3.7
2024,11,15,6,20,0,48.5,57.5,154.486,3.6
2024,11,15,6,30,0,48.5,57.5,150.962,3.8
2024,11,15,6,40,0,48.5,57.5,159.926,4.1
2024,11,15,6,50,0,47.8,57.3,182.164,4.3
2024,11,15,7,0,0,47.7,57.5,205.274,4.6
2024,11,15,7,10,0,46.6,58.4,201.83,4.4
2024,11,15,7,20,0,44.8,60.2,194.808,5.1
2024,11,15,7,30,0,44.1,61.1,199.762,5.2
2024,11,15,7,40,0,42.7,62.9,205.38,4.6
2024,11,15,7,50,0,42.5,63.5,202.992,4.3
2024,11,15,8,0,0,41.9,63.6,190.652,4.2
2024,11,15,8,10,0,41.7,64.8,172.054,4.4
2024,11,15,8,20,0,40,65.9,149.308,4.2
2024,11,15,8,30,0,38.3,67.8,123.75,4.1
2024,11,15,8,40,0,37,69.1,116.872,3.8
2024,11,15,8,50,0,35.1,71.1,104.266,3.2
2024,11,15,9,0,0,31.7,72.4,75.138,2.3
2024,11,15,9,10,0,30.4,73.2,52.76,2.2
2024,11,15,9,20,0,29.8,73.5,52.464,2.1
2024,11,15,9,30,0,29.1,74.5,53.522,2.2
2024,11,15,9,40,0,28.2,75.5,52.68,2.1
2024,11,15,9,50,0,26.8,75.9,50.742,1.8
2024,11,15,10,0,0,26.5,74.8,51.234,1.6
2024,11,15,10,10,0,25.7,75.5,50.748,1.4
2024,11,15,10,20,0,25.1,76.5,51.6,1.4
2024,11,15,10,30,0,24.5,76.5,51.614,1.4
2024,11,15,10,40,0,24.5,77.5,53.444,1.6
2024,11,15,10,50,0,24.1,78,62.448,1.8
2024,11,15,11,0,0,24.1,78.6,57.77,2
2024,11,15,11,10,0,23.6,78.9,54.936,2.2
2024,11,15,11,20,0,23.1,79.1,51.122,1.9
2024,11,15,11,30,0,22.9,79.3,57.376,1.8
2024,11,15,11,40,0,22.3,79.8,52.818,1.8
2024,11,15,11,50,0,22.1,80,54.116,1.8
2024,11,15,12,0,0,21.9,80.1,55.346,1.7
2024,11,15,12,10,0,22.1,80.1,53.138,1.8
2024,11,15,12,20,0,21.9,80,53.374,1.9
2024,11,15,12,30,0,22.1,80.4,53.37,1.9
2024,11,15,12,40,0,22,80.1,52.062,1.9
2024,11,15,12,50,0,22.1,80,52.612,1.9
2024,11,15,13,0,0,22.25,79.375,51.05,1.5
2024,11,15,13,10,0,21.6,79.5,53.444,1.5
2024,11,15,13,20,0,22.3,79.8,60.43,2
2024,11,15,13,30,0,22.7,79.4,68.292,2.2
2024,11,15,13,40,0,22.8,78.6,58.976,2.1
2024,11,15,13,50,0,22.8,79.2,62.078,1.8
2024,11,15,14,0,0,21.8,79.8,53.156,1.7
2024,11,15,14,10,0,22.3,79.4,65.332,2.1
2024,11,15,14,20,0,22.6,78.6,79.284,2.1
2024,11,15,14,30,0,22.7,79.1,66.76,2
2024,11,15,14,40,0,22.3,79.5,64.108,1.9
2024,11,15,14,50,0,22.2,78.5,68.228,1.9
2024,11,15,15,0,0,23.2,77.2,68.246,2.2
2024,11,15,15,10,0,23.3,77.3,70.444,2.4
2024,11,15,15,20,0,22.6,77.8,68.926,1.9
2024,11,15,15,30,0,22,78.3,64.984,1.7
2024,11,15,15,40,0,21.9,78.3,58.584,1.8
2024,11,15,15,50,0,21.9,78.5,66.354,2.1
2024,11,15,16,0,0,22.1,78.6,72.102,2.2
2024,11,15,16,10,0,21.8,78.3,76.73,2.2
2024,11,15,16,20,0,22.5,76.9,80.974,2.4
2024,11,15,16,30,0,23.4,75.3,101.02,2.7
2024,11,15,16,40,0,24.8,73.7,116.346,2.7
2024,11,15,16,50,0,26.2,72.2,125.51,2.9
2024,11,15,17,0,0,27.4,71.1,148.596,5.1
2024,11,15,17,10,0,28.4,70,165.312,6.1
2024,11,15,17,20,0,29.5,69.1,177.624,3.5
2024,11,15,17,30,0,30.6,68.1,191.386,3.4
2024,11,15,17,40,0,31.9,67,200.182,3.7
2024,11,15,17,50,0,32.4,66.4,208.556,4.4
2024,11,15,18,0,0,33.5,65.8,218.108,5.2
2024,11,15,18,10,0,33.8,65.5,241.576,6.9
2024,11,15,18,20,0,34.4,65,243.364,5.2
2024,11,15,18,30,0,35.3,64.3,258.578,4.9
2024,11,15,18,40,0,36.2,63.5,265.486,4.8
2024,11,15,18,50,0,36.8,63.5,273.214,5.2
2024,11,15,19,0,0,37.2,62.8,284.218,5.6
2024,11,15,19,10,0,37.3,62.5,302.726,6.1
2024,11,15,19,20,0,38.4,62.5,310.2,6.2
2024,11,15,19,30,0,38.5,62.5,297.272,6.6
2024,11,15,19,40,0,39,61.8,304.698,6.2
2024,11,15,19,50,0,38.875,61.5,315.637,6.2
2024,11,15,20,0,0,39.25,60.875,325.78,6.2
2024,11,15,20,10,0,39,60.5,328.25,6.4
2024,11,15,20,20,0,39.3,60.4,331.462,7.4
2024,11,15,20,30,0,39.9,59.6,335.198,7.2
2024,11,15,20,40,0,40.4,59.4,340.07,7
2024,11,15,20,50,0,41.3,59.4,321.526,8
2024,11,15,21,0,0,42.9,58.4,329.752,12.4
2024,11,15,21,10,0,42.2,58.5,339.668,11.6
2024,11,15,21,20,0,43,58.3,327.748,10.6
2024,11,15,21,30,0,43.1,58.4,318.37,10.7
2024,11,15,21,40,0,43,57.7,319.876,11.4
2024,11,15,21,50,0,42.8,57.5,313.79,10.8
2024,11,15,22,0,0,43.2,57.3,309.414,10
2024,11,15,22,10,0,42.9,57.3,308.538,9.3
2024,11,15,22,20,0,42.7,56.8,306.236,8.9
2024,11,15,22,30,0,42.2,56.5,308.878,8.6
2024,11,15,22,40,0,42.25,56.25,318.293,8.1
2024,11,15,22,50,0,41.7,56.5,324.765,9
2024,11,15,23,0,0,41.5,56.3,331.734,9.9
2024,11,15,23,10,0,41.7,55.7,338.188,10.2
2024,11,15,23,20,0,41.5,55.7,335.458,10.2
2024,11,15,23,30,0,41.4,55.5,334.618,9.9
2024,11,15,23,40,0,41.2,55,330.028,9
2024,11,15,23,50,0,41,54.5,322.29,8.9
2024,11,16,0,0,0,42,54.5,323.482,9.4
2024,11,16,0,10,0,42,54.5,324.674,9.1
2024,11,16,0,20,0,42.2,54.5,319.594,9.2
2024,11,16,0,30,0,42.4,53.9,308.184,8.7
2024,11,16,0,40,0,43.3,53.5,305.076,8.8
2024,11,16,0,50,0,43.4,53.4,303.292,8.9
2024,11,16,1,0,0,43.4,53.5,293.826,8.5
2024,11,16,1,10,0,43.7,53.5,287.436,8.5
2024,11,16,1,20,0,43.5,53.5,284.538,7.9
2024,11,16,1,30,0,43.9,53.5,280.908,7.1
2024,11,16,1,40,0,44.5,54.2,263.758,5.8
2024,11,16,1,50,0,44.9,54.5,252.892,5.6
2024,11,16,2,0,0,44.8,55.2,253.572,5.2
2024,11,16,2,10,0,44.4,55.8,230.78,5.5
2024,11,16,2,20,0,44.2,56.3,228.662,5.3
2024,11,16,2,30,0,44.1,56.4,228.668,6
2024,11,16,2,40,0,43.9,56.5,236.194,6.4
2024,11,16,2,50,0,43.6,56.8,245.74,6.4
2024,11,16,3,0,0,43.1,56.6,253.632,7.1
2024,11,16,3,10,0,44.2,56.5,259.574,7.2
2024,11,16,3,20,0,43.9,56.5,261.898,7.6
2024,11,16,3,30,0,44.1,56.5,262.794,7.8
2024,11,16,3,40,0,43.6,56.5,263.822,8.1
2024,11,16,3,50,0,44.1,56.3,266.092,8.6
2024,11,16,4,0,0,44.4,56,263.52,10.3
2024,11,16,4,10,0,44.2,56.1,265.882,10.2
2024,11,16,4,20,0,44.5,55.7,270.772,9.1
2024,11,16,4,30,0,44.4,55.7,283.216,9.4
2024,11,16,4,40,0,45.5,55.1,295.432,12.6
2024,11,16,4,50,0,45,55.5,293.768,11
2024,11,16,5,0,0,44.4,55.8,289.342,9.8
2024,11,16,5,10,0,44.7,56.3,287.546,10.3
2024,11,16,5,20,0,44.4,56.5,285.434,10.5
2024,11,16,5,30,0,44.2,56.4,257.194,6.8
2024,11,16,5,40,0,44.1,56.4,230.616,6.4
2024,11,16,5,50,0,44.3,55.9,228.92,6.2
2024,11,16,6,0,0,44.3,55.6,230.104,6.1
2024,11,16,6,10,0,43.8,55.6,230.246,6.3
2024,11,16,6,20,0,43.4,55,231.77,5.8
2024,11,16,6,30,0,43.4,54.6,233.81,7.8
2024,11,16,6,40,0,43.9,53.9,238.136,6.7
2024,11,16,6,50,0,44.2,53.5,236.98,6.7
2024,11,16,7,0,0,44.7,53,237.856,6
2024,11,16,7,10,0,44.4,53.4,239.542,6.3
2024,11,16,7,20,0,44.4,53.2,240.208,6.6
2024,11,16,7,30,0,44.5,53.2,237.62,6.9
2024,11,16,7,40,0,42.4,56.4,237.856,7.2
2024,11,16,7,50,0,40.9,58.1,236.17,8.1
2024,11,16,8,0,0,39.9,59.3,235.144,7.5
2024,11,16,8,10,0,39,59.9,231.772,8.2
2024,11,16,8,20,0,38.3,59.7,228.276,8.2
2024,11,16,8,30,0,37.2,60.3,217.638,9.6
2024,11,16,8,40,0,36.5,61,209.35,8.1
2024,11,16,8,50,0,36.5,61.4,206.276,8.2
2024,11,16,9,0,0,35.4,63.2,205.32,8.3
2024,11,16,9,10,0,35.2,63.1,204.678,8.3
2024,11,16,9,20,0,34.7,64.9,202.61,8.4
2024,11,16,9,30,0,33.4,67.1,196.394,8.3
2024,11,16,9,40,0,31.4,69.2,187.586,8.2
2024,11,16,9,50,0,30.3,70,175.326,8
2024,11,16,10,0,0,29.6,70.6,170.24,8.3
2024,11,16,10,10,0,28.7,71.2,164.94,9
2024,11,16,10,20,0,28.5,71.7,163.218,9.3
2024,11,16,10,30,0,28.1,72.3,153.786,9.6
2024,11,16,10,40,0,27.5,73.3,135.586,9.2
2024,11,16,10,50,0,27,73.6,128.91,9.1
2024,11,16,11,0,0,26.5,74.3,124.506,8.8
2024,11,16,11,10,0,26.167,74.167,117.255,8.8
2024,11,16,11,20,0,25.3,75,105.59,8.3
2024,11,16,11,30,0,24.7,75.5,97.474,8.1
2024,11,16,11,40,0,24,76.4,91.954,7.5
2024,11,16,11,50,0,23.7,76.7,78.756,7.9
2024,11,16,12,0,0,23.6,77.3,67.308,7.6
2024,11,16,12,10,0,22.8,77.8,64.07,7.4
2024,11,16,12,20,0,22.5,78.4,59.506,7.3
2024,11,16,12,30,0,22.3,78.3,52.264,6.9
2024,11,16,12,40,0,21.9,78.9,52.56,6.9
2024,11,16,12,50,0,21.5,78.8,51.434,6.8
2024,11,16,13,0,0,21.6,78.5,52.076,6.8
2024,11,16,13,10,0,21.8,78.6,53.14,6.8
2024,11,16,13,20,0,21.2,79.3,52.36,7.1
2024,11,16,13,30,0,21.2,79.1,55.114,7
2024,11,16,13,40,0,21.4,79.1,52.326,7.3
2024,11,16,13,50,0,21.7,78.6,52.32,7.6
2024,11,16,14,0,0,23,76.5,50.542,8.1
2024,11,16,14,10,0,23.2,76.9,58.008,7.9
2024,11,16,14,20,0,22.1,78.1,68.762,7.4
2024,11,16,14,30,0,21.5,78.5,70.382,7.4
2024,11,16,14,40,0,21.5,79,73.71,7.8
2024,11,16,14,50,0,21.3,78.9,70.588,8.1
2024,11,16,15,0,0,21.6,78,58.958,8
2024,11,16,15,10,0,21.8,78,64.564,7.6
2024,11,16,15,20,0,21.5,78.6,75.058,7.8
2024,11,16,15,30,0,21.1665,78.833,64.1,7.2
2024,11,16,15,40,0,20.8,79.3,78.016,7
2024,11,16,15,50,0,20.3,79.3,78.542,6.8
2024,11,16,16,0,0,20.9,78.8,72.414,7.5
2024,11,16,16,10,0,21.3,78.3,76.014,7.9
2024,11,16,16,20,0,22.3,76.9,87.344,8.2
2024,11,16,16,30,0,23.4,74.9,93.324,8.2
2024,11,16,16,40,0,24.5,73.4,97.756,11
2024,11,16,16,50,0,25.8,71.7,123.204,18.9
2024,11,16,17,0,0,27.2,70.3,159.662,16.9
2024,11,16,17,10,0,28.6,68.9,169.562,12.1
2024,11,16,17,20,0,29.75,68,179.52,11.2
2024,11,16,17,30,0,30.625,67.125,158.91,19.6
2024,11,16,17,40,0,31.6,66.4,215.514,22.5
2024,11,16,17,50,0,32.5,65.6,232.258,19.7
2024,11,16,18,0,0,33.8,64.7,237.872,13.7
2024,11,16,18,10,0,34.9,63.7,236.802,13.5
2024,11,16,18,20,0,35.5,63,247.228,16
2024,11,16,18,30,0,36.8,62.3,243.124,15.1
2024,11,16,18,40,0,37,62.1,250.634,14.8
2024,11,16,18,50,0,37.6,61.5,250.456,15.2
2024,11,16,19,0,0,37.9,61.4,247.476,15.5
2024,11,16,19,10,0,38,61,249.828,16.3
2024,11,16,19,20,0,37.9,60.7,256.978,15.7
2024,11,16,19,30,0,38,60.7,268.652,14.8
2024,11,16,19,40,0,37.9,60.5,268.164,14.2
2024,11,16,19,50,0,38.2,60.5,276.652,14.5
2024,11,16,20,0,0,38.4,60,289.782,14.4
2024,11,16,20,10,0,38.4,59.5,295.24,14.9
2024,11,16,20,20,0,38.6,59.5,286.318,14.4
2024,11,16,20,30,0,39.2,59.1,282.384,15.2
2024,11,16,20,40,0,39.5,58.7,303.648,15.3
2024,11,16,20,50,0,40,58.5,312.608,15.3
2024,11,16,21,0,0,39.9,58.3,302.602,15.5
2024,11,16,21,10,0,40.4,58.2,300.722,16.2
2024,11,16,21,20,0,40.4,57.6,310.416,16.8
2024,11,16,21,30,0,40.6,57.5,315.992,17.7
2024,11,16,21,40,0,41.2,57,303.136,16.8
2024,11,16,21,50,0,41.5,56.8,294.542,18
2024,11,16,22,0,0,41.4,56.5,295.912,19.3
2024,11,16,22,10,0,42,56.5,298.582,19.1
2024,11,16,22,20,0,42.7,56.2,277.494,19
2024,11,16,22,30,0,42.4,55.8,280.576,18.8
2024,11,16,22,40,0,42.2,55.5,287.02,20.4
2024,11,16,22,50,0,42.9,55.4,282.496,21.2
2024,11,16,23,0,0,42.5,55.3,286.138,21.5
2024,11,16,23,10,0,43.5,54.6,281.162,22.5
2024,11,16,23,20,0,43.1,54.6,281.878,22.1
2024,11,16,23,30,0,43,54.6,284.992,22.7
2024,11,16,23,40,0,43.4,54.5,284.964,24.2
2024,11,16,23,50,0,42.7,54.4,292.282,22.2
2024,11,17,0,0,0,42.8,54.4,292.496,21.3
2024,11,17,0,10,0,43.9,54.1,295.606,23.9
2024,11,17,0,20,0,44.3,53.7,308.976,25.4
2024,11,17,0,30,0,44.2,53.5,313.006,24.7
2024,11,17,0,40,0,43.4,53.6,308.066,24.2
2024,11,17,0,50,0,43.5,53.3,304.294,24.4
2024,11,17,1,0,0,44.3,52.7,302.538,26
2024,11,17,1,10,0,44.625,52.625,298.028,26.7
2024,11,17,1,20,0,45,52.375,296.383,27.6
2024,11,17,1,30,0,44.5,52.4,296.508,27.1
2024,11,17,1,40,0,45.5,52.1,302.632,27.5
2024,11,17,1,50,0,44.1,52.4,301.322,26.6
2024,11,17,2,0,0,44.1,51.9,302.268,27
2024,11,17,2,10,0,44.1,51.8,300.932,26.2
2024,11,17,2,20,0,44.6,51.5,292.616,25.1
2024,11,17,2,30,0,43.9,51.5,289.254,24.5
2024,11,17,2,40,0,44.1665,51,294.27,22.6
2024,11,17,2,50,0,43.3,51.5,293.62,21.6
2024,11,17,3,0,0,43.9,51.1,282.51,21.2
2024,11,17,3,10,0,44.1,50.7,282.692,21.7
2024,11,17,3,20,0,44,50.6,284.642,21.5
2024,11,17,3,30,0,42.9,50.5,286.356,20.7
2024,11,17,3,40,0,43.1,50.5,286.55,20
2024,11,17,3,50,0,42.8,50.5,288.816,20.4
2024,11,17,4,0,0,43.7,50.5,293.462,22.6
2024,11,17,4,10,0,45,50.5,298.668,25.9
2024,11,17,4,20,0,45.4,50.5,299.294,27.1
2024,11,17,4,30,0,45.2,50.5,297.008,27.3
2024,11,17,4,40,0,45,50.5,295.87,26.9
2024,11,17,4,50,0,44.2,50.5,294.864,26.2
2024,11,17,5,0,0,44.1,50.6,292.904,25.9
2024,11,17,5,10,0,44.6,50.7,293.982,25.8
2024,11,17,5,20,0,45.3,50.4,296.73,25.2
2024,11,17,5,30,0,45.7,50.5,294.712,26.5
2024,11,17,5,40,0,45.8,50.5,293.134,24.9
2024,11,17,5,50,0,46.1,50.3,289.186,22
2024,11,17,6,0,0,45.5,50.5,285.476,21.3
2024,11,17,6,10,0,46,50.5,285.708,20.3
2024,11,17,6,20,0,46,50.5,283.408,20.2
2024,11,17,6,30,0,46.1,50.4,284.346,19.7
2024,11,17,6,40,0,46.5,50.2,279.332,19.3
2024,11,17,6,50,0,46.4,50.5,277.06,19.1
2024,11,17,7,0,0,44.9,52,274.784,18.3
2024,11,17,7,10,0,42.8,53.5,271.516,17.6
2024,11,17,7,20,0,40.9,55,272.188,18.1
2024,11,17,7,30,0,38.4,57.2,268.426,19.3
2024,11,17,7,40,0,36.2,59.7,267.654,19.6
2024,11,17,7,50,0,36.5,59.2,267.838,18.6
2024,11,17,8,0,0,36.6,59.9,262.972,17.5
2024,11,17,8,10,0,36.3,59.9,254.952,17.2
2024,11,17,8,20,0,36,60.1,247.908,17.2
2024,11,17,8,30,0,36.1,59.5,240.492,17.5
2024,11,17,8,40,0,35.9,59.9,235.85,17.6
2024,11,17,8,50,0,35.4,61.1,231.572,18.1
2024,11,17,9,0,0,34.5,61.8,228.784,19.5
2024,11,17,9,10,0,34,63,225.382,19.8
2024,11,17,9,20,0,33,64,222.372,20.1
2024,11,17,9,30,0,33.5,63.1,224.518,21
2024,11,17,9,40,0,32.2,65,221.858,20.8
2024,11,17,9,50,0,31.5,65.6,217.542,21.3
2024,11,17,10,0,0,31.5,65.8,210.402,21.8
2024,11,17,10,10,0,30.3,67,202.512,21.3
2024,11,17,10,20,0,30.3,67.2,193.434,21.1
2024,11,17,10,30,0,29.8,68.3,182.698,20.1
2024,11,17,10,40,0,28.4,69.2,166.374,20.3
2024,11,17,10,50,0,28.1,70.2,158.292,20.8
2024,11,17,11,0,0,26.6,71.4,146.798,19.3
2024,11,17,11,10,0,27,71.2,130.13,20.8
2024,11,17,11,20,0,25.8,71.7,114.418,20
2024,11,17,11,30,0,25.5,72.9,98.288,19.6
2024,11,17,11,40,0,25,74,85.184,20.3
2024,11,17,11,50,0,23.9,75.5,77.224,19.9
2024,11,17,12,0,0,23.1,77.3,74.616,18.7
2024,11,17,12,10,0,22.2,78.3,60.086,17.3
2024,11,17,12,20,0,22.2,78.1,51.932,17.8
2024,11,17,12,30,0,21.6,78.6,52.014,18
2024,11,17,12,40,0,21.3,79.1,51.65,17.8
2024,11,17,12,50,0,20.7,79.3,51.364,16.5
2024,11,17,13,0,0,21.2,78,50.308,16.3
2024,11,17,13,10,0,21.4,78,51.16,16.5
2024,11,17,13,20,0,21.6,77.3,51.168,16.6
2024,11,17,13,30,0,21,78.9,52.56,16.1
2024,11,17,13,40,0,21.1,78.2,51.962,15.9
2024,11,17,13,50,0,21.5,78.2,53.106,16.2
2024,11,17,14,0,0,21.7,76.4,52.05,16
2024,11,17,14,10,0,20.6,79.6,62.758,14.2
2024,11,17,14,20,0,19.9,80,68.418,13.5
2024,11,17,14,30,0,20.3,79.6,59.292,13.8
2024,11,17,14,40,0,19.2,80.9,65.976,11.7
2024,11,17,14,50,0,19.1,81.5,75.682,13.4
2024,11,17,15,0,0,19.3,80.5,75.542,13.3
2024,11,17,15,10,0,19.5,80.5,70.984,13.5
2024,11,17,15,20,0,19.6,80.4,72.598,13.7
2024,11,17,15,30,0,19.7,81,68.67,14.3
2024,11,17,15,40,0,19.625,80.125,71.11,14.7
2024,11,17,15,50,0,20.1665,79.8335,69.635,15.1
2024,11,17,16,0,0,19.375,80.625,94.137,14.4
2024,11,17,16,10,0,19.4,80.5,113.628,14
2024,11,17,16,20,0,19.6,79.4,113.036,13.5
2024,11,17,16,30,0,20.5,78,117.077,13.8
2024,11,17,16,40,0,22.375,75.375,119.923,15.5
2024,11,17,16,50,0,23.3,74,142.622,15.1
2024,11,17,17,0,0,24.4,73,170.554,16.8
2024,11,17,17,10,0,25.5,71.9,208.432,17.7
2024,11,17,17,20,0,26.5,71,234.312,16
2024,11,17,17,30,0,27.4,70,261.502,16
2024,11,17,17,40,0,28.3,69.1,277.718,19.3
2024,11,17,17,50,0,29.1,68.4,291.248,18
2024,11,17,18,0,0,30,67.6,288.6,19.6
2024,11,17,18,10,0,30.5,67.4,300.692,24
2024,11,17,18,20,0,31.2,66.9,321.418,21.8
2024,11,17,18,30,0,31.5,66.8,348.21,25
2024,11,17,18,40,0,31.6,67.4,357.796,27
2024,11,17,18,50,0,31.3,67.5,350.936,27.9
2024,11,17,19,0,0,31.1,67.4,351.182,30.4
2024,11,17,19,10,0,31.6,67.5,359.106,30.7
2024,11,17,19,20,0,32.2,67.5,363.082,30.7
2024,11,17,19,30,0,32,67.3,358.892,30.2
2024,11,17,19,40,0,32.4,67.3,347.792,26.9
2024,11,17,19,50,0,32.6,67,343.518,25.5
2024,11,17,20,0,0,32.5,67.1,335.562,26.2
2024,11,17,20,10,0,32.4,67.4,327.492,25.7
2024,11,17,20,20,0,32.9,66.8,328.05,27.1
2024,11,17,20,30,0,33.875,66.5,334.745,26.7
2024,11,17,20,40,0,34.75,66.375,344.47,26.5
2024,11,17,20,50,0,34.9,66.2,340.758,26.9
2024,11,17,21,0,0,34.5,65.6,341.868,27.5
2024,11,17,21,10,0,34.9,65.4,343.454,27.6
2024,11,17,21,20,0,35.3,64.9,348.188,27.4
2024,11,17,21,30,0,36.3,63.8,359.588,27.6
2024,11,17,21,40,0,36.9,63.5,373.066,28.2
2024,11,17,21,50,0,37.1,63.4,383.374,31.8
2024,11,17,22,0,0,37.2,63.2,381.298,35.1
2024,11,17,22,10,0,37.5,62.5,376.034,37.1
2024,11,17,22,20,0,37.5,62.5,363.64,36.2
2024,11,17,22,30,0,37.8,61.8,356.75,36.5
2024,11,17,22,40,0,37.7,61.6,346.878,35.8
2024,11,17,22,50,0,38.3,61,334.314,36
2024,11,17,23,0,0,38.5,60.7,331.712,35.9
2024,11,17,23,10,0,39.5,60,339.542,39.4
2024,11,17,23,20,0,40,59.8,345.818,43.5
2024,11,17,23,30,0,40,59.6,348.072,44.2
2024,11,17,23,40,0,40.2,59.6,345.456,43
2024,11,17,23,50,0,40.7,59.5,339.916,42.3
2024,11,18,0,0,0,40.4,59.2,331.964,40.5
2024,11,18,0,10,0,40.8,59.1,324.43,40.3
2024,11,18,0,20,0,40.7,59.2,315.828,40.4
2024,11,18,0,30,0,40.6,58.6,311.134,41.6
2024,11,18,0,40,0,40.9,58.5,308.552,41.3
2024,11,18,0,50,0,40.7,58.4,304.83,41.2
2024,11,18,1,0,0,41,57.9,302.69,40.8
2024,11,18,1,10,0,41.1,58,304.1,39.8
2024,11,18,1,20,0,42,58.4,294.612,39.6
2024,11,18,1,30,0,42,58.5,287.158,39
2024,11,18,1,40,0,41.6,58.8,282.906,38.9
2024,11,18,1,50,0,41,59.4,279.628,38.9
2024,11,18,2,0,0,41.1,59.2,277.332,39.2
2024,11,18,2,10,0,41.1,59.3,274.922,39.4
2024,11,18,2,20,0,41.2,59.3,274.142,40.6
2024,11,18,2,30,0,41.2,59.5,273.02,39.9
2024,11,18,2,40,0,41,59.5,269.746,39.9
2024,11,18,2,50,0,40.7,59.5,269.512,39.8
2024,11,18,3,0,0,41.6,59.5,268.354,38.3
2024,11,18,3,10,0,41.1,59.5,268.552,39
2024,11,18,3,20,0,41.6,59.5,267.83,39.5
2024,11,18,3,30,0,42.5,59.5,264.86,39.9
2024,11,18,3,40,0,42.8,59.5,263.926,39.8
2024,11,18,3,50,0,42.7,59.4,261.904,40.3
2024,11,18,4,0,0,42.2,59.5,260.564,40
2024,11,18,4,10,0,42.2,59.5,259.96,40.3
2024,11,18,4,20,0,41.9,60,258.986,41.1
2024,11,18,4,30,0,42,60.1,258.2,41
2024,11,18,4,40,0,42.333,60,269.62,40.2
2024,11,18,4,50,0,42,60.3,269.276,40
2024,11,18,5,0,0,41.7,60.5,267.31,40.5
2024,11,18,5,10,0,42,60.5,266.81,41.2
2024,11,18,5,20,0,41.9,60.5,264.806,41.7
2024,11,18,5,30,0,42.2,60.5,260.072,41.3
2024,11,18,5,40,0,42.1,60.5,258.962,40.7
2024,11,18,5,50,0,42.3,60.5,259.88,40.8
2024,11,18,6,0,0,42.8,60.5,259.642,40.1
2024,11,18,6,10,0,42.8,60.5,258.506,40.5
2024,11,18,6,20,0,43.1,60.5,255.506,38.6
2024,11,18,6,30,0,43.9,60.4,250.974,36.1
2024,11,18,6,40,0,44.9,60.1,246.78,33.1
2024,11,18,6,50,0,45.5,59.6,242.578,32
2024,11,18,7,0,0,45.9,59.7,241.314,30.6
2024,11,18,7,10,0,46.1,59.9,239.786,29.5
2024,11,18,7,20,0,46,60.3,236.544,28.6
2024,11,18,7,30,0,45.6,60.5,238.08,28.1
2024,11,18,7,40,0,45.8,60.6,241.284,28.5
2024,11,18,7,50,0,45.2,60.5,238.728,28.1
2024,11,18,8,0,0,45.8,60.6,239.516,28.3
2024,11,18,8,10,0,45.9,60.9,235.698,26.7
2024,11,18,8,20,0,45.6,61.7,227.286,25.4
2024,11,18,8,30,0,44.3,64,215.98,24.5
2024,11,18,8,40,0,41.9,65.9,208.362,23.2
2024,11,18,8,50,0,39.4,66.9,196.574,20.4
2024,11,18,9,0,0,37.5,67.9,188.174,18.8
2024,11,18,9,10,0,36.4,69.4,183.672,16.2
2024,11,18,9,20,0,33.3,70.8,175.12,12.6
2024,11,18,9,30,0,31,71.5,163.362,10.3
2024,11,18,9,40,0,29.6,72.6,149.39,9.6
2024,11,18,9,50,0,27.7,73.6,144.374,8.9
2024,11,18,10,0,0,26.3,74.1,130.302,6.6
2024,11,18,10,10,0,25.4,74.6,116.67,7.4
2024,11,18,10,20,0,25.1,74.4,108.662,7.6
2024,11,18,10,30,0,24.5,74.6,96.624,6.3
2024,11,18,10,40,0,23.5,75,86.226,4.9
2024,11,18,10,50,0,22.7,75.8,79.272,3.6
2024,11,18,11,0,0,22.7,76.1,72.086,3.3
2024,11,18,11,10,0,22.5,76.4,68.81,3.6
2024,11,18,11,20,0,22.1,77.2,64.692,3.6
2024,11,18,11,30,0,22.5,77.5,58.074,4.3
2024,11,18,11,40,0,22.2,77.5,53.57,3.9
2024,11,18,11,50,0,22.2,77.7,52.988,3.9
2024,11,18,12,0,0,22,77.5,54.054,3.7
2024,11,18,12,10,0,21.9,77.5,51.796,3.1
2024,11,18,12,20,0,21.9,77.6,52.406,3.4
2024,11,18,12,30,0,21.8,77.8,52.938,3.6
2024,11,18,12,40,0,21.4,78.4,52.864,4
2024,11,18,12,50,0,21.1,78.5,52.498,4.5
2024,11,18,13,0,0,21,78.5,52.968,4.6
2024,11,18,13,10,0,21.7,78,56.96,5.1
2024,11,18,13,20,0,21.3,78.5,55.974,4.7
2024,11,18,13,30,0,21.1,78.5,54.544,4.3
2024,11,18,13,40,0,21,79.1,56.182,4
2024,11,18,13,50,0,20.1,79.7,56.19,3.4
2024,11,18,14,0,0,19.9,79.5,53.366,3
2024,11,18,14,10,0,19,79.5,51.338,3.1
2024,11,18,14,20,0,19,79.5,54.022,3.2
2024,11,18,14,30,0,19,79.7,54.602,3.1
2024,11,18,14,40,0,18.8,80.3,56.53,2.8
2024,11,18,14,50,0,18.5,79.5,60.703,3
2024,11,18,15,0,0,18.125,79.375,50.63,3
2024,11,18,15,10,0,18,78.6,53.548,2.8
2024,11,18,15,20,0,18,78.5,55.516,2.9
2024,11,18,15,30,0,17.8,79.2,62.45,2.7
2024,11,18,15,40,0,17.7,79.6,62.986,3
2024,11,18,15,50,0,17.9,80.3,70.312,2.8
2024,11,18,16,0,0,17.3,79.8,74.724,2.4
2024,11,18,16,10,0,17.6,79.1,72.824,2.5
2024,11,18,16,20,0,18.9,77.3,83.368,2.5
2024,11,18,16,30,0,20,75.5,94.974,2.9
2024,11,18,16,40,0,21,73.375,101.98,2.5
2024,11,18,16,50,0,22.125,71.75,110.813,2.5
2024,11,18,17,0,0,23.1,70.4,105.365,2.5
2024,11,18,17,10,0,24.1,69.5,129.824,2.4
2024,11,18,17,20,0,25,68.6,142.808,3.4
2024,11,18,17,30,0,25.8,67.6,159.984,3.5
2024,11,18,17,40,0,26.5,67,166.782,3.2
2024,11,18,17,50,0,27.2,66.3,174.446,3.4
2024,11,18,18,0,0,27.7,65.5,183.232,3.7
2024,11,18,18,10,0,28.7,64.8,199.986,3.5
2024,11,18,18,20,0,29.2,64.5,211.092,3.2
2024,11,18,18,30,0,29.5,64,216.544,2.9
2024,11,18,18,40,0,30,63.4,223.166,2.7
2024,11,18,18,50,0,30.5,63.1,233.532,3.2
2024,11,18,19,0,0,30.8,62.5,210.69,2.8
2024,11,18,19,10,0,31.3,62.4,215.41,3
2024,11,18,19,20,0,31.7,61.8,215.288,2.4
2024,11,18,19,30,0,32.1,61.4,217.222,2.7
2024,11,18,19,40,0,32.5,61.3,221.19,2.9
2024,11,18,19,50,0,32.4,60.7,230.858,3.4
2024,11,18,20,0,0,32.8,60.4,242.79,3.3
2024,11,18,20,10,0,33.2,59.8,246.97,3.1
2024,11,18,20,20,0,33.5,59.2,235.088,2.5
2024,11,18,20,30,0,34.4,58.5,220.014,2.2
2024,11,18,20,40,0,34.6,58.5,214.356,2.1
2024,11,18,20,50,0,34.8,58.5,233.768,2.1
2024,11,18,21,0,0,35.4,57.6,239.304,2.1
2024,11,18,21,10,0,35.9,56.9,244.516,2.2
2024,11,18,21,20,0,36.2,56.5,227.412,2.2
2024,11,18,21,30,0,35.7,56.7,218.614,4
2024,11,18,21,40,0,35.3,56.5,219.14,3.7
2024,11,18,21,50,0,34.6,56.7,213.538,9.3
2024,11,18,22,0,0,34.1,57,216.156,11.2
2024,11,18,22,10,0,34,57.2,211.354,5.9
2024,11,18,22,20,0,34,56.7,210.02,2.9
2024,11,18,22,30,0,34.3,56.5,213.742,3.6
2024,11,18,22,40,0,34.5,56.6,208.584,2.9
2024,11,18,22,50,0,34.4,56.4,197.342,1.1
2024,11,18,23,0,0,34.7,56.3,196.816,1.1
2024,11,18,23,10,0,35.4,55.6,204.69,1.2
2024,11,18,23,20,0,35.6,55.5,216.002,1.3
2024,11,18,23,30,0,35.7,55.5,211.266,1.1
2024,11,18,23,40,0,36.2,55.5,205.274,1
2024,11,18,23,50,0,36,55.5,201.022,1.1
2024,11,19,0,0,0,36.1,55.5,201.04,1.1
2024,11,19,0,10,0,36.4,55.8,200.99,1.1
2024,11,19,0,20,0,35.9,55.6,199.17,1.4
2024,11,19,0,30,0,36.6,55.1,211.786,1.4
2024,11,19,0,40,0,36.8,55.1,243.174,1.6
2024,11,19,0,50,0,37.2,54.6,261.128,1.5
2024,11,19,1,0,0,37.2,54.5,251.116,1.6
2024,11,19,1,10,0,37.9,54,244.25,1.7
2024,11,19,1,20,0,38,54.1,239.862,1.7
2024,11,19,1,30,0,38.3,53.5,250.452,1.5
2024,11,19,1,40,0,38.6,53.1,252.38,1.9
2024,11,19,1,50,0,39.4,53.3,250.686,2.7
2024,11,19,2,0,0,39.4,53.5,258.388,3
2024,11,19,2,10,0,39.2,53.6,256.016,2.8
2024,11,19,2,20,0,39.2,53,258.93,3
2024,11,19,2,30,0,39.6,52.6,270.602,3
2024,11,19,2,40,0,39.5,52.6,268.188,2.9
2024,11,19,2,50,0,39.9,52.5,269.432,2.9
2024,11,19,3,0,0,39.7,52.3,272.866,2.9
2024,11,19,3,10,0,39.9,51.8,271.228,2.9
2024,11,19,3,20,0,40.1,51.5,273.356,2.8
2024,11,19,3,30,0,40.6,51.4,278.944,2.8
2024,11,19,3,40,0,40.9,51.5,263.624,2.9
2024,11,19,3,50,0,41.4,50.6,255.642,3.1
2024,11,19,4,0,0,42.2,50.3,251.208,3.5
2024,11,19,4,10,0,43.7,49.3,248.752,4.6
2024,11,19,4,20,0,43.2,50.2,245.09,4.3
2024,11,19,4,30,0,42.2,50,245.912,4.2
2024,11,19,4,40,0,42.6,49.6,247.614,4.1
2024,11,19,4,50,0,41.9,49.5,252.794,4.1
2024,11,19,5,0,0,42.4,49.4,241.112,3.4
2024,11,19,5,10,0,43,49.2,231.952,3.4
2024,11,19,5,20,0,42.4,49.6,237.066,3.5
2024,11,19,5,30,0,42,49.4,244.39,3.4
2024,11,19,5,40,0,41.9,49.3,250.162,3.1
2024,11,19,5,50,0,41.9,49.2,258.778,3.1
2024,11,19,6,0,0,41.2,48.8,266.624,3.5
2024,11,19,6,10,0,41.3,48.9,283.872,4.5
2024,11,19,6,20,0,41.9,49.2,275.622,4.4
2024,11,19,6,30,0,41.8,48.9,276.984,4.6
2024,11,19,6,40,0,41.7,48.8,274.808,4.7
2024,11,19,6,50,0,42.9,49.3,277.236,5.2
2024,11,19,7,0,0,42.5,50,275.066,5.5
2024,11,19,7,10,0,41,51.5,262.682,5.4
2024,11,19,7,20,0,39.5,52.6,259.204,6.3
2024,11,19,7,30,0,36.8,55.4,261.746,7.5
2024,11,19,7,40,0,35.6,56.4,264.028,9.3
2024,11,19,7,50,0,34.9,57.7,260.866,9.7
2024,11,19,8,0,0,34.1,58.5,245.746,8.9
2024,11,19,8,10,0,34.3,57.9,234.262,8.4
2024,11,19,8,20,0,34.1,58.4,235.328,8.3
2024,11,19,8,30,0,33.6,59.1,233.604,8.8
2024,11,19,8,40,0,33.2,60.4,233.22,8.4
2024,11,19,8,50,0,32.3,61.4,231.342,8.6
2024,11,19,9,0,0,31.3,62.7,225.636,8.4
2024,11,19,9,10,0,30,64,219.43,7.4
2024,11,19,9,20,0,29.4,65.2,200.506,6.6
2024,11,19,9,30,0,29.3,64.8,181.482,6.6
2024,11,19,9,40,0,29.3,65.2,167.16,7.4
2024,11,19,9,50,0,28.8,65.5,157.776,7.6
2024,11,19,10,0,0,28.8,66.3,149.756,7.8
2024,11,19,10,10,0,26.9,67.9,143.836,8.1
2024,11,19,10,20,0,28.375,66.125,130.625,8.1
2024,11,19,10,30,0,27.75,66.75,123.94,7.7
2024,11,19,10,40,0,26.2,68.8,136.918,7
2024,11,19,10,50,0,24.8,70.4,134.598,6.5
2024,11,19,11,0,0,24.6,70.4,124.918,5.3
2024,11,19,11,10,0,24.1,70.4,123.802,5
2024,11,19,11,20,0,24,71.375,108.557,4.6
2024,11,19,11,30,0,23.5,70.9,100.494,4.4
2024,11,19,11,40,0,23.2,70.5,81.55,4
2024,11,19,11,50,0,22.7,72.6,80.142,4
2024,11,19,12,0,0,22.2,74.5,91.474,4.3
2024,11,19,12,10,0,20.5,75.9,90.99,4.1
2024,11,19,12,20,0,19.9,76.7,83.982,4
2024,11,19,12,30,0,20,76.2,79.382,4.1
2024,11,19,12,40,0,19.6,76.6,70.102,4
2024,11,19,12,50,0,19.6,76.5,66.124,4
2024,11,19,13,0,0,19,76.5,63.276,3.9
2024,11,19,13,10,0,19.4,76.2,58.034,4.1
2024,11,19,13,20,0,19.9,75.5,55.162,4.1
2024,11,19,13,30,0,19.9,75.5,61.326,4.2
2024,11,19,13,40,0,20,75.5,60.908,4
2024,11,19,13,50,0,19.7,75.1,53.162,3.8
2024,11,19,14,0,0,20.4,74.7,64.666,3.8
2024,11,19,14,10,0,20.4,74.5,65.892,3.7
2024,11,19,14,20,0,21.1,74.5,65.642,4.1
2024,11,19,14,30,0,21,74.5,62.472,4.1
2024,11,19,14,40,0,21,74.5,61.698,4.1
2024,11,19,14,50,0,21,74.5,59.898,4.2
2024,11,19,15,0,0,21,74.7,56.53,4.2
2024,11,19,15,10,0,20.9,74.8,53.276,4.5
2024,11,19,15,20,0,21,74.3,55.864,4.4
2024,11,19,15,30,0,21.5,73.7,57.174,4.5
2024,11,19,15,40,0,22,73.5,73.566,5.1
2024,11,19,15,50,0,22,73.6,73.97,5.9
2024,11,19,16,0,0,22,73.2,71.166,6
2024,11,19,16,10,0,22.9,72.4,68.192,5.6
2024,11,19,16,20,0,23,71.7,72.882,5.4
2024,11,19,16,30,0,23,71.2,64.44,5.4
2024,11,19,16,40,0,24.2,70.3,75.312,5.5
2024,11,19,16,50,0,24.6,70.2,104.04,5.7
2024,11,19,17,0,0,25.2,69.6,129.524,6.3
2024,11,19,17,10,0,26.2,68.9,164.888,6.7
2024,11,19,17,20,0,27.1,68.3,193.462,6.7
2024,11,19,17,30,0,27.1,67.7,213.438,7.7
2024,11,19,17,40,0,27.7,67.2,229.036,8.3
2024,11,19,17,50,0,28.4,66.5,255.984,8.9
2024,11,19,18,0,0,29.1,66,285.232,11.2
2024,11,19,18,10,0,29,65.8,312.688,46
2024,11,19,18,20,0,29.1,65.7,264.816,11.2
2024,11,19,18,30,0,30.5,64.7,236.21,7.5
2024,11,19,18,40,0,30.6,64.5,240.994,8
2024,11,19,18,50,0,31,64.4,250.774,11.3
2024,11,19,19,0,0,30.7,64.4,258.948,11.7
2024,11,19,19,10,0,31.1,64.5,275.67,10.3
2024,11,19,19,20,0,31.5,64.1,280.168,10.9
2024,11,19,19,30,0,31.5,63.6,289.62,12.3
2024,11,19,19,40,0,31.5,63.7,294.37,14.1
2024,11,19,19,50,0,31.6,63.3,278.994,15.1
2024,11,19,20,0,0,31.6,63.3,284.712,14.7
2024,11,19,20,10,0,32.3,62.7,278.028,15.4
2024,11,19,20,20,0,31.9,62.8,236.464,17
2024,11,19,20,30,0,32.5,62.5,235.592,14.8
2024,11,19,20,40,0,32.5,62.5,235.37,15
2024,11,19,20,50,0,32.5,62.5,227.196,14.9
2024,11,19,21,0,0,32.4,62.5,229.876,14.6
2024,11,19,21,10,0,32.5,62.5,220.744,15.1
2024,11,19,21,20,0,33.5,61.9,233.376,15.6
2024,11,19,21,30,0,34,61.5,238.938,16.1
2024,11,19,21,40,0,34.3,61.4,242.886,16.5
2024,11,19,21,50,0,34.6,61.2,245.486,18.3
2024,11,19,22,0,0,34.8,60.6,250.42,20.7
2024,11,19,22,10,0,34.8,60.8,248.602,17.9
2024,11,19,22,20,0,35.3,60.4,240.024,15.3
2024,11,19,22,30,0,35.6,60.5,235.384,15.5
2024,11,19,22,40,0,35.8,60.2,235.658,15.6
2024,11,19,22,50,0,36.1,60.1,238.128,15.7
2024,11,19,23,0,0,36.3,59.6,241.104,16.2
2024,11,19,23,10,0,36.9,59.5,241.62,17.7
2024,11,19,23,20,0,37,59.6,237.794,18.3
2024,11,19,23,30,0,36.5,59.7,230.878,19.2
2024,11,19,23,40,0,36.8,59.5,227.462,19.1
2024,11,19,23,50,0,37.5,59.5,229.482,19.4
2024,11,20,0,0,0,37.8,59.3,231.188,19.5
2024,11,20,0,10,0,37.7,59.4,234.648,20.3
2024,11,20,0,20,0,38,59.4,237.004,22.8
2024,11,20,0,30,0,38.1,59.4,236.756,24.8
2024,11,20,0,40,0,38,59.5,235.312,25.3
2024,11,20,0,50,0,38.3,59.4,233.664,24.9
2024,11,20,1,0,0,38.4,59.2,231.518,25.1
2024,11,20,1,10,0,38.4,58.6,231.768,24.4
2024,11,20,1,20,0,38.6,58.9,229.852,24.5
2024,11,20,1,30,0,39,58.5,227.39,24.5
2024,11,20,1,40,0,39.1,58.5,222.722,24
2024,11,20,1,50,0,39.3,58.5,218.828,23.9
2024,11,20,2,0,0,39.6,58.5,219.39,21.3
2024,11,20,2,10,0,39.8,58.5,217.316,21.8
2024,11,20,2,20,0,40,58.5,215.12,22.3
2024,11,20,2,30,0,40,58.5,210.564,22.7
2024,11,20,2,40,0,40,58.5,209.296,22.8
2024,11,20,2,50,0,40,58.5,209.08,22.6
2024,11,20,3,0,0,40.3,58.5,208.41,22.8
2024,11,20,3,10,0,40.1,58.5,207.376,23.6
2024,11,20,3,20,0,40,58.3,206.49,22.6
2024,11,20,3,30,0,40.4,57.6,205.182,23.3
2024,11,20,3,40,0,41.2,57.5,203.104,23.9
2024,11,20,3,50,0,41.9,57.3,203.116,24.3
2024,11,20,4,0,0,41.8,57.4,203.748,24.1
2024,11,20,4,10,0,42,56.7,209.162,23.5
2024,11,20,4,20,0,42.1,56.9,226.416,22.9
2024,11,20,4,30,0,41.8,57,227.764,23.2
2024,11,20,4,40,0,41.4,56.9,224.038,22.7
2024,11,20,4,50,0,41.6,57,222.81,23
2024,11,20,5,0,0,41.6,57,224.708,23.2
2024,11,20,5,10,0,41.8,57.2,212.476,23.3
2024,11,20,5,20,0,41.9,57.2,204.298,23.9
2024,11,20,5,30,0,41.9,56.6,204.652,23.8
2024,11,20,5,40,0,41.9,56.2,207.464,23.6
2024,11,20,5,50,0,42,56.2,211.92,23.1
2024,11,20,6,0,0,41.6,55.9,212.176,22.7
2024,11,20,6,10,0,42,56,209.046,22.8
2024,11,20,6,20,0,42.1,56.2,195.874,24.5
2024,11,20,6,30,0,41.9,56.4,183.194,23.9
2024,11,20,6,40,0,42.1,56.2,186.65,23.9
2024,11,20,6,50,0,41.9,56.3,189.008,24.2
2024,11,20,7,0,0,41.7,57.1,189.638,26
2024,11,20,7,10,0,39.1,59.9,190.226,27
2024,11,20,7,20,0,35.6,62.4,180.046,22.5
2024,11,20,7,30,0,33.6,63.9,180.418,21.3
2024,11,20,7,40,0,32.2,65.5,183.18,21
2024,11,20,7,50,0,31.5,66.3,185.894,22.1
2024,11,20,8,0,0,32,65.1,188.406,21.8
2024,11,20,8,10,0,33,64,187.626,20.3
2024,11,20,8,20,0,34.1,63.1,182.264,20.1
2024,11,20,8,30,0,34.7,62.8,177.932,20.5
2024,11,20,8,40,0,34,64.3,173.884,20.4
2024,11,20,8,50,0,33.1,65.1,164.624,20.6
2024,11,20,9,0,0,32.1,66.5,159.246,20.1
2024,11,20,9,10,0,30.7,67.5,154.326,19.2
2024,11,20,9,20,0,30.7,67.6,152.072,19.2
2024,11,20,9,30,0,30.3,68.8,147.728,20.3
2024,11,20,9,40,0,28.8,69.9,140.174,20.9
2024,11,20,9,50,0,27.7,71.2,132.582,18.6
2024,11,20,10,0,0,26.3,71.7,123.07,16.6
2024,11,20,10,10,0,25.2,72.9,116.958,16.3
2024,11,20,10,20,0,24.1,73.5,110.118,15.2
2024,11,20,10,30,0,22.3,73.8,88.996,12.7
2024,11,20,10,40,0,22.1,74.8,82.312,13.6
2024,11,20,10,50,0,21.1,75.5,71.638,13.5
2024,11,20,11,0,0,20.9,74.9,66.54,13.8
2024,11,20,11,10,0,20.6,76.4,65.662,14.4
2024,11,20,11,20,0,19.5,76.7,58.026,13.7
2024,11,20,11,30,0,18.7,78.1,52.818,12.6
2024,11,20,11,40,0,16.1,78.6,50.21,7.9
2024,11,20,11,50,0,15,78.6,50.478,6.8
2024,11,20,12,0,0,15,80.3,56.914,8.1
2024,11,20,12,10,0,14.9,80.3,78.898,7.6
2024,11,20,12,20,0,14.5,80.4,63.918,9.3
2024,11,20,12,30,0,14.2,81.6,52.216,9.6
2024,11,20,12,40,0,13.6,83.1,52.478,9.5
2024,11,20,12,50,0,12.7,84.2,51.492,8.3
2024,11,20,13,0,0,12.5,84.1,52.838,9.9
2024,11,20,13,10,0,12.9,84.3,54.204,11.4
2024,11,20,13,20,0,12.6,84.5,52.688,10.8
2024,11,20,13,30,0,12.1,84.9,51.49,9.9
2024,11,20,13,40,0,12,84.6,50.926,8.8
2024,11,20,13,50,0,11.7,83.5,50,7.7
2024,11,20,14,0,0,11.4,83.9,51.238,7.7
2024,11,20,14,10,0,11.5,84.2,52.87,7.5
2024,11,20,14,20,0,11.7,83.6,53.972,7.1
2024,11,20,14,30,0,11.1,85.2,52.798,5.3
2024,11,20,14,40,0,11,85.3,52.704,4.9
2024,11,20,14,50,0,10.6,85.8,53.392,3.8
2024,11,20,15,0,0,10.8,85.8,51.15,3.3
2024,11,20,15,10,0,10.4,86,52.95,3.5
2024,11,20,15,20,0,10,87.4,64.176,3.8
2024,11,20,15,30,0,9.9,88,67.736,3
2024,11,20,15,40,0,10,86.8,57.372,3
2024,11,20,15,50,0,11,84.4,51.652,3.2
2024,11,20,16,0,0,12,81.9,52.648,3.7
2024,11,20,16,10,0,11.9,82.6,58.25,4
2024,11,20,16,20,0,11.6,84.2,81.792,4.4
2024,11,20,16,30,0,12,83.4,144.646,5
2024,11,20,16,40,0,13,82,193.524,5.2
2024,11,20,16,50,0,13.8,80.7,242.176,5.9
2024,11,20,17,0,0,14.6,79.6,278.794,6.1
2024,11,20,17,10,0,15.7,77.8,310.702,6.6
2024,11,20,17,20,0,16.5,76.6,333.8,7.9
2024,11,20,17,30,0,17.1,75.5,359.814,8.7
2024,11,20,17,40,0,17.8,74.2,360.918,8.4
2024,11,20,17,50,0,18.5,72.1,335.688,11.3
2024,11,20,18,0,0,18.1,72.5,313.048,10.8
2024,11,20,18,10,0,18.4,72.5,317.446,12.9
2024,11,20,18,20,0,19.4,71.5,338.476,13.3
2024,11,20,18,30,0,20.2,70.8,359.428,15.8
2024,11,20,18,40,0,20.9,70.2,389.026,18
2024,11,20,18,50,0,21.1,70.1,396.594,19.9
2024,11,20,19,0,0,21,70.5,375.384,21.9
2024,11,20,19,10,0,20.9,69.9,368.536,24.9
2024,11,20,19,20,0,21,70.3,356.93,27.1
2024,11,20,19,30,0,21.4,69.4,366.794,42
2024,11,20,19,40,0,22.5,68.7,386.076,33.5
2024,11,20,19,50,0,23,68,385.864,26.7
2024,11,20,20,0,0,23,67.5,362.656,26.7
2024,11,20,20,10,0,23.3,67.6,348.178,26.3
2024,11,20,20,20,0,23,67.8,342.37,26.8
2024,11,20,20,30,0,23.4,67.4,348.566,27.5
2024,11,20,20,40,0,24.8,66.6,365.9,28
2024,11,20,20,50,0,25,65.8,368.174,28
2024,11,20,21,0,0,25.5,65.5,367.632,28
2024,11,20,21,10,0,26,65.5,371.9,29.3
2024,11,20,21,20,0,26,65.5,359.912,29.9
2024,11,20,21,30,0,25.6,65.5,344.074,30.2
2024,11,20,21,40,0,25.7,65.5,340.824,29.8
2024,11,20,21,50,0,25.9,65.5,355.212,29.4
2024,11,20,22,0,0,25.5,65.6,355.07,29.2
2024,11,20,22,10,0,25.2,65.6,343.186,33.1
2024,11,20,22,20,0,25.1,66.1,337.87,36.1
2024,11,20,22,30,0,25.3,65.7,337.53,36
2024,11,20,22,40,0,26,65.5,345.042,32.1
2024,11,20,22,50,0,26.5,65.4,355.608,32
2024,11,20,23,0,0,27.5,64.4,363.374,32.8
2024,11,20,23,10,0,27.9,63.9,366.774,32.7
2024,11,20,23,20,0,28.6,63.2,365.434,32.9
2024,11,20,23,30,0,29.4,62.5,363.66,32.5
2024,11,20,23,40,0,29.4,62.5,355.776,32.2
2024,11,20,23,50,0,30.1,62,350.386,31.2
2024,11,21,0,0,0,30.3,61.9,345.032,30.7
2024,11,21,0,10,0,31,61.3,346.768,29.4
2024,11,21,0,20,0,31.4,61.5,347.578,28.4
2024,11,21,0,30,0,31.8,60.7,345.672,27.9
2024,11,21,0,40,0,32.1,60.5,343.202,27.4
2024,11,21,0,50,0,32.1,60.5,340.564,28.3
2024,11,21,1,0,0,32.4,60.4,336.694,28.6
2024,11,21,1,10,0,32.5,59.8,325.22,24.9
2024,11,21,1,20,0,32.6,59.5,319.564,24.3
2024,11,21,1,30,0,33.1,59.5,318.936,24.2
2024,11,21,1,40,0,33.5,58.9,319.212,24.3
2024,11,21,1,50,0,33.5,58.9,319.358,24
2024,11,21,2,0,0,33.6,59,316.486,22.8
2024,11,21,2,10,0,34.1,58.5,315.554,21.9
2024,11,21,2,20,0,33.5,58.8,314.686,21.1
2024,11,21,2,30,0,33.6,58.6,314.692,19.7
2024,11,21,2,40,0,34.1,58.4,314.904,19.2
2024,11,21,2,50,0,34.5,57.9,318.156,18.4
2024,11,21,3,0,0,34.8,57.5,313.12,19
2024,11,21,3,10,0,35.4,57.2,309.6,18.9
2024,11,21,3,20,0,35.9,56.5,306.568,18.8
2024,11,21,3,30,0,35.9,56.5,301.692,18.1
2024,11,21,3,40,0,36.3,56.2,297.248,17.1
2024,11,21,3,50,0,36.3,56.2,293.104,16.3
2024,11,21,4,0,0,36.1,56.2,288.52,15.2
2024,11,21,4,10,0,35.9,56.5,285.44,14.4
2024,11,21,4,20,0,35.7,56.4,283.64,13.8
2024,11,21,4,30,0,35.8,56.5,281.6,13.1
2024,11,21,4,40,0,35.6,56.5,279.998,12.3
2024,11,21,4,50,0,35.6,56.5,277.136,11.7
2024,11,21,5,0,0,35.5,56.8,275.276,11.1
2024,11,21,5,10,0,35.6,56.8,274.954,11.2
2024,11,21,5,20,0,35.5,56.8,273.614,10.9
2024,11,21,5,30,0,35,57.2,274.91,10.8
2024,11,21,5,40,0,35.1,56.8,275.116,10.5
2024,11,21,5,50,0,34.8,56.7,272.692,10.4
2024,11,21,6,0,0,34.5,56.5,275.274,10.1
2024,11,21,6,10,0,34.7,56.5,275.584,10.3
2024,11,21,6,20,0,34.5,56.5,274.794,10.6
2024,11,21,6,30,0,34.5,56.8,272.776,11
2024,11,21,6,40,0,34.4,57,272.248,11.1
2024,11,21,6,50,0,34.5,56.8,271.238,11.2
2024,11,21,7,0,0,33.2,58.7,268.326,11.3
2024,11,21,7,10,0,30.6,61.1,261.478,11.4
2024,11,21,7,20,0,28.5,63.7,254.414,10.3
2024,11,21,7,30,0,26.4,66.1,252.586,10.5
2024,11,21,7,40,0,24.8,68.5,249.602,9.7
2024,11,21,7,50,0,23.4,70,244.142,9.3
2024,11,21,8,0,0,22.8,70.8,237.658,8.7
2024,11,21,8,10,0,24,68.6,234.302,8.6
2024,11,21,8,20,0,24.5,68.3,234.482,7.9
2024,11,21,8,30,0,24.7,67.8,220.364,7.5
2024,11,21,8,40,0,24.25,69,220.395,7.5
2024,11,21,8,50,0,24,69.1,238.313,7.2
2024,11,21,9,0,0,23.2,70.2,233.14,6.9
2024,11,21,9,10,0,22.5,70.5,225.36,6.7
2024,11,21,9,20,0,21.7,71.7,218.664,6.4
2024,11,21,9,30,0,22.1,70.6,210.12,7
2024,11,21,9,40,0,21.9,71.4,205.146,7.6
2024,11,21,9,50,0,21.1,72.9,198.4,8.7
2024,11,21,10,0,0,20.3,73.9,196.298,11
2024,11,21,10,10,0,20.4,74.2,193.56,12.5
2024,11,21,10,20,0,20,75.7,194.528,12.6
2024,11,21,10,30,0,18.6,77.5,185.738,11.6
2024,11,21,10,40,0,18,78.6,174.096,11
2024,11,21,10,50,0,16.8,79.3,160.56,10.4
2024,11,21,11,0,0,16,79.9,131.286,10.3
2024,11,21,11,10,0,15.9,80.2,118.104,10.3
2024,11,21,11,20,0,14.6,82,106.052,11
2024,11,21,11,30,0,14.3,82.5,90.932,12.4
2024,11,21,11,40,0,14,83,75.856,14.2
2024,11,21,11,50,0,13.8,83.6,74.146,14.5
2024,11,21,12,0,0,13,83.8,57.88,13
2024,11,21,12,10,0,12.7,84.4,51.244,13.6
2024,11,21,12,20,0,12.5,84.4,51.168,13.3
2024,11,21,12,30,0,13.3,84.1,54.672,13.8
2024,11,21,12,40,0,13.5,84.8,57.592,14.2
2024,11,21,12,50,0,13.1,85.4,54.892,15.8
2024,11,21,13,0,0,13.1,85.4,51.804,17.1
2024,11,21,13,10,0,13.1,85.7,53.154,19.7
2024,11,21,13,20,0,12.2,86.5,52.61,21.9
2024,11,21,13,30,0,12.7,84.8,51.08,22.1
2024,11,21,13,40,0,12.1,86.7,51.496,21.1
2024,11,21,13,50,0,12,87.6,52.644,20.6
2024,11,21,14,0,0,11.6,88.5,58.33,19.5
2024,11,21,14,10,0,11.3,89.1,56.65,19.1
2024,11,21,14,20,0,11,89.5,53.888,18.7
2024,11,21,14,30,0,11,89.4,59.306,19
2024,11,21,14,40,0,11,88.4,62.634,19.7
2024,11,21,14,50,0,11,89.1,65.82,20
2024,11,21,15,0,0,11,89.4,62.786,19.3
2024,11,21,15,10,0,10,89.8,55.524,17.2
2024,11,21,15,20,0,10,90.2,58.084,16.5
2024,11,21,15,30,0,10,89.1,57.038,14.7
2024,11,21,15,40,0,10,89.3,68.052,14.1
2024,11,21,15,50,0,10,89.9,75.23,16
2024,11,21,16,0,0,9.8335,89.833,92.88,14.7
2024,11,21,16,10,0,9.8,89.2,119.012,12.9
2024,11,21,16,20,0,10.7,88.1,186.804,11.8
2024,11,21,16,30,0,11.9,86.5,250.584,11.4
2024,11,21,16,40,0,12.9,84.5,292.286,11
2024,11,21,16,50,0,13.5,82.9,322.654,11.4
2024,11,21,17,0,0,14.8,81.6,343.63,12.6
2024,11,21,17,10,0,15.4,80,355.41,13.4
2024,11,21,17,20,0,16.3,78.9,371.164,14.2
2024,11,21,17,30,0,16,78.1,371.092,16.2
2024,11,21,17,40,0,16,77.6,339.814,18.5
2024,11,21,17,50,0,16.9,76.9,344.334,19.3
2024,11,21,18,0,0,17.6,76.1,360.376,20.1
2024,11,21,18,10,0,18.2,75.5,367.54,21
2024,11,21,18,20,0,19,74.4,380.508,22.4
2024,11,21,18,30,0,19.6,73.5,383.664,22.8
2024,11,21,18,40,0,20,73,388.084,24.5
2024,11,21,18,50,0,20.6,72.5,395.708,26.5
2024,11,21,19,0,0,21,72,408.304,25.9
2024,11,21,19,10,0,20.2,72.2,411.618,28.5
2024,11,21,19,20,0,20.6,71.9,400.136,27.8
2024,11,21,19,30,0,21.2,71.3,399.822,27.1
2024,11,21,19,40,0,22,70.6,402.032,28.3
2024,11,21,19,50,0,22.9,69.6,405.252,27.7
2024,11,21,20,0,0,22.7,69.6,403.236,29.8
2024,11,21,20,10,0,23.7,69.4,402.736,28.9
2024,11,21,20,20,0,24.3,68.6,407.692,35.3
2024,11,21,20,30,0,25.1,68.1,407.954,27.9
2024,11,21,20,40,0,25.5,67.5,405.836,27
2024,11,21,20,50,0,26.3,66.7,402.268,28.6
2024,11,21,21,0,0,26.6,66.6,398.966,34.7
2024,11,21,21,10,0,27.1,66.1,398.076,34.3
2024,11,21,21,20,0,27.5,65.5,394.982,32.1
2024,11,21,21,30,0,28,65.5,394.448,33
2024,11,21,21,40,0,27.8,65.5,383.666,34.4
2024,11,21,21,50,0,27.7,65.2,371.772,35.6
2024,11,21,22,0,0,27.9,64.9,361.102,37.3
2024,11,21,22,10,0,28.3,64.5,353.422,37.4
2024,11,21,22,20,0,28.1,64.5,345.428,37.8
2024,11,21,22,30,0,28.2,63.8,339.272,37.9
2024,11,21,22,40,0,28.1,64.1,332.258,37.3
2024,11,21,22,50,0,27.9,64.2,325.408,38.2
2024,11,21,23,0,0,27.8,64.1,319.038,38.8
2024,11,21,23,10,0,27.5,64.2,317.942,39.6
2024,11,21,23,20,0,27.3,64.4,316.806,39.5
2024,11,21,23,30,0,27.5,64.2,316.518,38.7
2024,11,21,23,40,0,28.6,63.5,318.596,37.9
2024,11,21,23,50,0,29.4,62.9,317.914,36.5
2024,11,22,0,0,0,29.8,62.5,315.252,35.7
2024,11,22,0,10,0,30.4,62,314.996,35.6
2024,11,22,0,20,0,31,61.5,313.704,35.4
2024,11,22,0,30,0,31.9,60.7,312.332,34.9
2024,11,22,0,40,0,32.6,60.5,308.226,34.3
2024,11,22,0,50,0,33.2,60.5,302.308,32.9
2024,11,22,1,0,0,33.5,60.9,296.252,31.4
2024,11,22,1,10,0,33.6,60.9,291.494,30.7
2024,11,22,1,20,0,34.3,60.5,288.668,29.8
2024,11,22,1,30,0,34.6,60.3,287.702,29.7
2024,11,22,1,40,0,34.9,59.9,286.65,29.6
2024,11,22,1,50,0,34.9,59.6,313.23,29
2024,11,22,2,0,0,35.3,59.5,309.468,28.5
2024,11,22,2,10,0,35.5,59.5,306.806,27.9
2024,11,22,2,20,0,34.8,59.6,303.872,27.5
2024,11,22,2,30,0,34.6,59.5,302.418,25.9
2024,11,22,2,40,0,34.2,59.5,302.7,25.7
2024,11,22,2,50,0,33.9,59.5,299.154,25.9
2024,11,22,3,0,0,33.9,59.3,294.482,27.1
2024,11,22,3,10,0,33.5,59.5,291.198,27
2024,11,22,3,20,0,32.9,59.2,289.952,22.1
2024,11,22,3,30,0,32.8,59.1,291.434,20.9
2024,11,22,3,40,0,33.5,58.5,295.846,20.6
2024,11,22,3,50,0,33.6,58.5,296.132,20.2
2024,11,22,4,0,0,33.7,58,295.172,19.7
2024,11,22,4,10,0,34.4,57.5,297.896,19.3
2024,11,22,4,20,0,34.4,57.5,296.742,19.2
2024,11,22,4,30,0,33.5,58.1,291.554,19.3
2024,11,22,4,40,0,32.5,58.4,287.488,18.5
2024,11,22,4,50,0,32.5,58.5,291.274,19.4
2024,11,22,5,0,0,32.5,58.5,288.13,20
2024,11,22,5,10,0,32.5,58.3,286.004,19.2
2024,11,22,5,20,0,32.5,58.4,283.636,18.9
2024,11,22,5,30,0,31.9,58.5,278.956,18.7
2024,11,22,5,40,0,31.4,58.6,277.086,18.5
2024,11,22,5,50,0,30.5,59.3,278.578,18.4
2024,11,22,6,0,0,30.1,59.5,283.26,18.9
2024,11,22,6,10,0,29.3,59.9,284.908,19.2
2024,11,22,6,20,0,29.1,60.3,283.454,19.2
2024,11,22,6,30,0,28.8,60.5,280.65,18.5
2024,11,22,6,40,0,28.5,60.5,279.856,18.7
2024,11,22,6,50,0,28.2,60.7,278.018,18.6
2024,11,22,7,0,0,26.8,62.2,271.372,18.6
2024,11,22,7,10,0,25.5,63.9,268.224,17.9
2024,11,22,7,20,0,25.4,64.9,270.382,17.2
2024,11,22,7,30,0,25.6,65.2,265.69,15.8
2024,11,22,7,40,0,25.3,66,264.972,15.8
2024,11,22,7,50,0,25.7,65.5,266.586,15.6
2024,11,22,8,0,0,24.5,67.2,267.934,15.2
2024,11,22,8,10,0,24,67.5,268.118,14.6
2024,11,22,8,20,0,24,68.2,268.344,14.1
2024,11,22,8,30,0,24.4,68.3,266.534,13.3
2024,11,22,8,40,0,24.9,69.9,263.874,13.2
2024,11,22,8,50,0,24.1,70.6,255.99,12.5
2024,11,22,9,0,0,24.2,71.3,245.97,11.4
2024,11,22,9,10,0,23.9,72.5,237.762,10.6
2024,11,22,9,20,0,23.8,73.1,229.384,10.2
2024,11,22,9,30,0,23.2,74.9,221.126,9.9
2024,11,22,9,40,0,22.875,75.625,213.567,10.1
2024,11,22,9,50,0,23.3,75.4,206.026,9.9
2024,11,22,10,0,0,22.8,76.7,208.428,9.3
2024,11,22,10,10,0,21.9,77.5,191.924,9.5
2024,11,22,10,20,0,21.2,77.3,174.182,10
2024,11,22,10,30,0,21.4,78.3,166.39,8.7
2024,11,22,10,40,0,20.4,78.9,155.4,9.1
2024,11,22,10,50,0,19.1,79.6,137.748,10.5
2024,11,22,11,0,0,19,79.1,111.974,10.6
2024,11,22,11,10,0,17.6,80.8,98.448,11
2024,11,22,11,20,0,16.4,81.7,88.864,12
2024,11,22,11,30,0,17.4,79.3,73.5,11.5
2024,11,22,11,40,0,17,80,64.064,9.7
2024,11,22,11,50,0,16,80.8,60.928,8.5
2024,11,22,12,0,0,16.8,79.5,58.694,8.2
2024,11,22,12,10,0,16.4,80,56.036,8.7
2024,11,22,12,20,0,15.5,81.6,53.224,10
2024,11,22,12,30,0,14.4,82.1,51.94,10.6
2024,11,22,12,40,0,14,83.3,58.57,11
2024,11,22,12,50,0,13.9,84.3,61.998,10.8
2024,11,22,13,0,0,13.1,83.9,51.022,11.2
2024,11,22,13,10,0,13,83.9,51.134,11.6
2024,11,22,13,20,0,13,83.3,51.488,11.3
2024,11,22,13,30,0,12.6,84,51.858,11.3
2024,11,22,13,40,0,12,84.5,54.337,11.1
2024,11,22,13,50,0,11.625,85.25,60.06,10.8
2024,11,22,14,0,0,10.7,85.6,53.648,9.5
2024,11,22,14,10,0,10.9,85.4,58.264,9.7
2024,11,22,14,20,0,11.1,85.9,64.926,10.6
2024,11,22,14,30,0,11.3,86.4,73.312,12.1
2024,11,22,14,40,0,11.6,86.4,81.428,13.5
2024,11,22,14,50,0,11.2,86.2,83.984,12.3
2024,11,22,15,0,0,10.9,86.4,85.596,11.7
2024,11,22,15,10,0,10.7,86.5,87.076,11.5
2024,11,22,15,20,0,11,87,97.366,11.4
2024,11,22,15,30,0,11,86.5,111.748,12.9
2024,11,22,15,40,0,11.6,86.5,148.072,14.1
2024,11,22,15,50,0,12,86.6,153.594,17
2024,11,22,16,0,0,12,87.4,167.398,18.2
2024,11,22,16,10,0,12,87.3,189.462,18.3
2024,11,22,16,20,0,12,86.5,212.762,20.1
2024,11,22,16,30,0,12.6,85.5,228.202,20
2024,11,22,16,40,0,13.3,84.4,219.554,15.9
2024,11,22,16,50,0,14.333,82.833,157.87,13.1
2024,11,22,17,0,0,14.6,82.9,232.744,12
2024,11,22,17,10,0,16.4,81.9,260.602,9.4
2024,11,22,17,20,0,18,80.1,271.06,7.8
2024,11,22,17,30,0,19.5,78.3,281.102,7.5
2024,11,22,17,40,0,21.5,77.5,274.876,4.2
2024,11,22,17,50,0,23.1,76.9,271.904,2.3
2024,11,22,18,0,0,24.1,76.4,252.392,1.1
2024,11,22,18,10,0,24.5,75.7,224.732,0.6
2024,11,22,18,20,0,23.7,76.8,209.728,0.6
2024,11,22,18,30,0,23.3,77.5,207.464,0.5
2024,11,22,18,40,0,24.6,75.8,210.436,0.8
2024,11,22,18,50,0,27.4,74.7,205.834,0.7
2024,11,22,19,0,0,28.9,74.5,198.144,0.7
2024,11,22,19,10,0,30.1,74.2,205.33,0.7
2024,11,22,19,20,0,30.6,74.7,215.22,0.6
2024,11,22,19,30,0,31.9,74.2,223.794,0.8
2024,11,22,19,40,0,33.2,73.6,226.088,0.7
2024,11,22,19,50,0,33.9,73.7,234.52,0.7
2024,11,22,20,0,0,34.6,73,235.276,0.6
2024,11,22,20,10,0,35.6,72.6,232.95,0.6
2024,11,22,20,20,0,36.9,71.6,232.582,0.6
2024,11,22,20,30,0,37.9,70.9,238.276,0.6
2024,11,22,20,40,0,37.4,71.3,246.522,0.6
2024,11,22,20,50,0,36.9,71.8,254.942,0.6
2024,11,22,21,0,0,37.2,71.4,254.676,0.7
2024,11,22,21,10,0,37.8,71.3,252.548,0.6
2024,11,22,21,20,0,37.5,71.8,254.288,0.6
2024,11,22,21,30,0,36,72.9,267.854,0.7
2024,11,22,21,40,0,36.4,72.2,280.87,1
2024,11,22,21,50,0,36.1,72.4,296.92,1.1
2024,11,22,22,0,0,36,72.4,318.614,1.2
2024,11,22,22,10,0,36.1,72.2,331.652,1.5
2024,11,22,22,20,0,36,72.3,326.084,1.7
2024,11,22,22,30,0,36,72.4,316.868,2.1
2024,11,22,22,40,0,36,72.5,310.088,1.4
2024,11,22,22,50,0,36.1,71.7,303.662,1.4
2024,11,22,23,0,0,35.6,71.7,294.932,1.5
2024,11,22,23,10,0,35.2,71.6,273.578,1.3
2024,11,22,23,20,0,35,71.7,287.504,2
2024,11,22,23,30,0,35.6,71.5,326.666,2.7
2024,11,22,23,40,0,35.4,71.1,351.648,3.4
2024,11,22,23,50,0,36,70.4,361.016,4
