0.010100534 48384945 48384945 9330  78
0.027911365 106915605 58530660 257  10
0.043895948 165609588 58693983 249  18
0.059890523 196332128 30722540 9760  5022
0.071636740 196728188 396060 56714  37935
0.083633388 197224147 495959 36814  31385
0.094622470 198441785 1217638 56693  44446
0.106617871 199686057 1244272 56685  46588
0.118626649 200950708 1264651 56672  47066
0.130616457 202251998 1301290 56684  47668
0.142625636 203550985 1298987 56679  47801
0.154615660 204851173 1300188 56683  47859
0.166626239 206148585 1297412 56677  47792
0.178614794 207438277 1289692 56676  47449
0.190638426 208735279 1297002 56680  47845
0.202615290 210029496 1294217 56672  47552
0.214626532 211324937 1295441 56677  47686
0.226614463 212625450 1300513 56680  48119
0.238615395 213919568 1294118 56697  47892
0.250615320 215212262 1292694 56682  47686
0.262627972 216506882 1294620 56679  47587
0.274627270 217800749 1293867 56674  47572
0.286613701 219102021 1301272 56681  48117
0.298627270 220397181 1295160 56673  47829
0.310612121 221691428 1294247 56679  47777
0.322626620 222987336 1295908 56676  47586
0.334613045 224278858 1291522 56674  47030
0.346638324 225575772 1296914 56668  46539
0.358614668 226869705 1293933 56686  45058
0.370623873 228161305 1291600 56676  45451
0.382613721 229458245 1296940 56682  44777
0.394624246 230751138 1292893 56691  44918
0.406625865 232042891 1291753 56689  44566
0.418624879 233338226 1295335 56680  44111
0.430617365 234629896 1291670 56699  44511
0.442613236 235939774 1309878 56686  44230
0.454624258 237276704 1336930 56690  43906
0.466612912 238566972 1290268 56686  44183
0.478613574 239858547 1291575 56693  43710
0.490614056 241147689 1289142 56674  44116
0.502635298 242440185 1292496 56683  44244
0.514615559 243727878 1287693 56690  43569
0.526623961 245016215 1288337 56698  43881
0.538612419 246312480 1296265 56681  43837
0.550624724 247617563 1305083 56672  43734
0.562612229 248928910 1311347 56672  44103
0.574613357 250237316 1308406 56690  43807
0.586611482 251537989 1300673 56676  43683
0.598612747 252847268 1309279 56693  43979
0.610625292 254151116 1303848 56687  43876
0.622611650 255453975 1302859 56689  43905
0.634614535 256760143 1306168 56682  43945
0.646611587 258061511 1301368 56683  43961
0.658622339 259365905 1304394 56674  44018
0.670612437 260665996 1300091 56660  43692
0.682612385 261966985 1300989 56676  43718
0.694613973 263303480 1336495 56676  43886
0.706623872 264630155 1326675 56681  43677
0.718626760 265931890 1301735 56676  43773
0.730624071 267229430 1297540 56681  43639
0.742613223 268526155 1296725 56678  43517
0.754624414 269828330 1302175 56684  43905
0.766628110 271126254 1297924 56675  43721
0.778613754 272423463 1297209 56678  43676
0.790624319 273721322 1297859 56675  43707
0.802626111 275015055 1293733 56686  43664
0.814623916 276317167 1302112 56672  44029
0.826635614 277616355 1299188 56675  43786
0.838624173 278912512 1296157 56689  43668
0.850625871 280213040 1300528 56677  43917
0.862626003 281512895 1299855 56675  43584
0.874611134 282863460 1350565 56681  43556
0.886615326 284157521 1294061 56675  43597
0.898609063 285451013 1293492 56690  43712
0.910614979 286746803 1295790 56682  43896
0.922610956 288039496 1292693 56681  43598
0.934614408 289335079 1295583 56684  43802
0.946626084 290631430 1296351 56681  43842
0.958624336 291921844 1290414 56673  43636
0.970612380 293221595 1299751 56679  44193
0.982648675 294512641 1291046 56673  43729
0.994614343 295803979 1291338 56684  43845
1.006611118 297155279 1351300 56677  43644
1.018613696 298442983 1287704 56691  43703
1.030611785 299735182 1292199 56668  44043
1.042625303 301024203 1289021 56695  43758
1.054624284 302312183 1287980 56669  43882
1.066624953 303602049 1289866 56681  43937
1.078613087 304889767 1287718 56693  43904
1.090624899 306184680 1294913 56674  44289
1.102625525 307479705 1295025 56680  44112
1.114612629 308771145 1291440 56670  43930
1.126624388 310125215 1354070 56694  43988
1.138635340 311416012 1290797 56685  43883
1.150625607 312710117 1294105 56675  44057
1.162625639 314006387 1296270 56692  44345
1.174624844 315295306 1288919 56681  43876
1.186625302 316593870 1298564 56682  44465
1.198626161 317884132 1290262 56679  44122
1.210610145 319174190 1290058 56679  44013
1.222613541 320525206 1351016 56682  43803
1.234611978 321812111 1286905 56671  43898
1.246625690 323104334 1292223 56680  44123
1.258610841 324392373 1288039 56675  44061
1.270612413 325679986 1287613 56685  44045
1.282626059 326970927 1290941 56672  44214
1.294621680 328259990 1289063 56678  44234
1.306613872 329580458 1320468 56683  44351
1.318610919 330894641 1314183 56675  43759
1.330612911 332176726 1282085 56667  43794
1.342610433 333462725 1285999 56666  44214
1.354613754 334747368 1284643 56684  43983
1.366611950 336038766 1291398 56669  44466
1.378624158 337327106 1288340 56682  44229
1.390611553 338610704 1283598 56678  43990
1.402623968 339957878 1347174 56680  44059
1.414624980 341240752 1282874 56677  43950
1.426611724 342526942 1286190 56672  44082
1.438625049 343816096 1289154 56702  44387
1.450624124 345099598 1283502 56691  44079
1.462632323 346387948 1288350 56679  44409
1.474626454 347726469 1338521 56662  43854
1.486624206 349005875 1279406 56685  44001
1.498614023 350288321 1282446 56673  43984
1.510611545 351569811 1281490 56683  44242
1.522613010 352856673 1286862 56695  44502
1.534643586 354136918 1280245 56673  44095
1.546624654 355418526 1281608 56698  44187
1.558613845 356757576 1339050 56675  44091
1.570611400 358034918 1277342 56688  43867
1.582613125 359319192 1284274 56671  44533
1.594624250 360597324 1278132 56684  44198
1.606625668 361875281 1277957 56677  44164
1.618624163 363159860 1284579 56671  44923
1.630625161 364490565 1330705 56670  44017
1.642613556 365770878 1280313 56681  44348
1.654611138 367059979 1289101 56683  44684
1.666625673 368347154 1287175 56677  44164
1.678624001 369648195 1301041 56683  44875
1.690613279 371000238 1352043 56686  44326
1.702623645 372289756 1289518 56692  44188
1.714624222 373583326 1293570 56683  44488
1.726624798 374874411 1291085 56684  44397
1.738623912 376170718 1296307 56685  44682
1.750625927 377519571 1348853 56681  44176
1.762610798 378806900 1287329 56676  44336
1.774634404 380098326 1291426 56672  44297
1.786635729 381387319 1288993 56689  44452
1.798623343 382680476 1293157 56684  44559
1.810627258 383985350 1304874 56682  44325
1.822623660 385312316 1326966 56690  44148
1.834614682 386602659 1290343 56681  44535
1.846611209 387889804 1287145 56676  44365
1.858612951 389181056 1291252 56688  44669
1.870611279 390523169 1342113 56683  44028
1.882610224 391805194 1282025 56676  44131
1.894613369 393094736 1289542 56683  44818
1.906610671 394380556 1285820 56692  44470
1.918612475 395669354 1288798 56681  44629
1.930633535 397008048 1338694 56691  44067
1.942625782 398288974 1280926 56673  44027
1.954623741 399582106 1293132 56673  44941
1.966612172 400870396 1288290 56674  44656
1.978624794 402213880 1343484 56673  44343
1.990612248 403494066 1280186 56678  44145
2.002625757 404773804 1279738 56683  44301
2.014626781 406063971 1290167 56686  44824
2.026612633 407347625 1283654 56668  44755
2.038623635 408685328 1337703 56681  44316
2.050623550 409966114 1280786 56688  44423
2.062625835 411246303 1280189 56685  44553
2.074623676 412533031 1286728 56687  44801
2.086625761 413871715 1338684 56676  44408
2.098634103 415149387 1277672 56675  44369
2.110613724 416433237 1283850 56676  44744
2.122610439 417712926 1279689 56687  44806
2.134626197 419018830 1305904 56674  44577
2.146624369 420324724 1305894 56693  44408
2.158624741 421603099 1278375 56682  44611
2.170611982 422885375 1282276 56679  44971
2.182624984 424163268 1277893 56682  44748
2.194624775 425495196 1331928 56680  44302
2.206611200 426773558 1278362 56680  44272
2.218611655 428058856 1285298 56679  44699
2.230612560 429348841 1289985 56668  45105
2.242611861 430683700 1334859 56677  44142
2.254623657 431968454 1284754 56676  44728
2.266611934 433250483 1282029 56686  44727
2.278625336 434530686 1280203 56678  44544
2.290624952 435868773 1338087 56678  44705
2.302610863 437148207 1279434 56683  44569
2.314613231 438432954 1284747 56681  45018
2.326604632 439769107 1336153 56672  44604
2.338625814 441042951 1273844 56668  44295
2.350612135 442327039 1284088 56672  45147
2.362613007 443609963 1282924 56674  45036
2.374623576 444944582 1334619 56693  44521
2.386623134 446221042 1276460 56680  44584
2.398625639 447494268 1273226 56680  44500
2.410633551 448777994 1283726 56683  45180
2.422626962 450106284 1328290 56676  44496
2.434625510 451382151 1275867 56677  44666
2.446614638 452659722 1277571 56673  45050
2.458610693 453963455 1303733 56691  44587
2.470625252 455261999 1298544 56678  44521
2.482624940 456541247 1279248 56678  45054
2.494611168 457819135 1277888 56678  44920
2.506613003 459150726 1331591 56688  44548
2.518624862 460422687 1271961 56675  44594
2.530624673 461702974 1280287 56678  45151
2.542611884 463034415 1331441 56692  44723
2.554631126 464305863 1271448 56681  44715
2.566622218 465581163 1275300 56674  44881
2.578610655 466852973 1271810 56687  45043
2.590612304 468180050 1327077 56678  44730
2.602612102 469450191 1270141 56684  44796
2.614624900 470726132 1275941 56686  45258
2.626624856 472056596 1330464 56682  45077
2.638610630 473323357 1266761 56684  44804
2.650613635 474599849 1276492 56685  45407
2.662610723 475886549 1286700 56670  44911
2.674624668 477189129 1302580 56674  44442
2.686611033 478462427 1273298 56674  45284
2.698612525 479732460 1270033 56682  45173
2.710624239 481050992 1318532 56668  44726
2.722623958 482313631 1262639 56690  44704
2.734641423 483584296 1270665 56688  45119
2.746624571 484932567 1348271 56678  44984
2.758625516 486240801 1308234 56674  44932
2.770625044 487567185 1326384 56690  45520
2.782613449 488939544 1372359 56672  44493
2.794612480 490254668 1315124 56682  44824
2.806626085 491577817 1323149 56684  45508
2.818627364 492952252 1374435 56689  44826
2.830623485 494272077 1319825 56672  45243
2.842613046 495588522 1316445 56686  45211
2.854624005 496957428 1368906 56675  44597
2.866626710 498275640 1318212 56677  45416
2.878610381 499593124 1317484 56682  45289
2.890622416 500966534 1373410 56692  44793
2.902612711 502281533 1314999 56676  45370
2.914624359 503594436 1312903 56675  45121
2.926613177 504963061 1368625 56679  44827
2.938611239 506276841 1313780 56684  45274
2.950626361 507653540 1376699 56685  45218
2.962623179 508960551 1307011 56675  45017
2.974613260 510271211 1310660 56678  45112
2.986612612 511643225 1372014 56679  45248
2.998610960 512948611 1305386 56679  44839
3.010625388 514265868 1317257 56684  45535
3.022611637 515630609 1364741 56694  44814
3.034612771 516939577 1308968 56672  44924
3.046633080 518256427 1316850 56680  45637
3.058625654 519617506 1361079 56679  44530
3.070626639 520932627 1315121 56688  45438
3.082625588 522301424 1368797 56687  45128
3.094625106 523604108 1302684 56696  44803
3.106625001 524918048 1313940 56680  45716
3.118612465 526279796 1361748 56689  45012
3.130611561 527587535 1307739 56677  45264
3.142623758 528896932 1309397 56680  45627
3.154625907 530253782 1356850 56677  44728
3.166623152 531564636 1310854 56686  45590
3.178612803 532893875 1329239 56675  45242
3.190623391 534228387 1334512 56667  44934
3.202635716 535537199 1308812 56686  45682
3.214611895 536895504 1358305 56677  44958
3.226612923 538201825 1306321 56681  45545
3.238613365 539506537 1304712 56675  45507
3.250623056 540862694 1356157 56684  44792
3.262614261 542168314 1305620 56682  45596
3.274609792 543526763 1358449 56691  45156
3.286625681 544829360 1302597 56667  45498
3.298623213 546140472 1311112 56691  45623
3.310625057 547500796 1360324 56685  44728
3.322625726 548811776 1310980 56686  45648
3.334612717 550174523 1362747 56677  45105
3.346625029 551483367 1308844 56683  45520
3.358610860 552791450 1308083 56683  45635
3.370621355 554149787 1358337 56673  44759
3.382624520 555456841 1307054 56682  45640
3.394625758 556815000 1358159 56702  44972
3.406613759 558122280 1307280 56678  45696
3.418610491 559484375 1362095 56672  45324
3.430625713 560785141 1300766 56682  45153
3.442624534 562091198 1306057 56679  45696
3.454613329 563444706 1353508 56683  45062
3.466610804 564752364 1307658 56675  46024
3.478624786 566110156 1357792 56687  45511
3.490612303 567411066 1300910 56670  45560
3.502623169 568711712 1300646 56681  45640
3.514612816 570060087 1348375 56673  44762
3.526633792 571366342 1306255 56672  46036
3.538625237 572718554 1352212 56677  45258
3.550610075 574021112 1302558 56676  45682
3.562612810 575376320 1355208 56683  45331
3.574625771 576670517 1294197 56685  45071
3.586611856 577977372 1306855 56672  46083
3.598612864 579328111 1350739 56680  45002
3.610610975 580632958 1304847 56672  45792
3.622625104 581981537 1348579 56684  45181
3.634624549 583277038 1295501 56686  45432
3.646613287 584633137 1356099 56682  45765
3.658625729 585927210 1294073 56677  45472
3.670611153 587285780 1358570 56681  45705
3.682635655 588577091 1291311 56690  45529
3.694612086 589873106 1296015 56672  45498
3.706611761 591225356 1352250 56680  45620
3.718624559 592521318 1295962 56677  45673
3.730612571 593873024 1351706 56695  45394
3.742612015 595169063 1296039 56690  45926
3.754623897 596515660 1346597 56676  45140
3.766626943 597811875 1296215 56687  45878
3.778611267 599160586 1348711 56684  45379
3.790624632 600455287 1294701 56689  45628
3.802611657 601803807 1348520 56683  45514
3.814612568 603093057 1289250 56688  45356
3.826612180 604418023 1324966 56680  45912
3.838623938 605752040 1334017 56671  45183
3.850634247 607067083 1315043 56686  46188
3.862612608 608425493 1358410 56683  45075
3.874612046 609732920 1307427 56683  45762
3.886624401 611094267 1361347 56681  45474
3.898624936 612400376 1306109 56672  45869
3.910626491 613761523 1361147 56674  45532
3.922623796 615066650 1305127 56674  45751
3.934627434 616422972 1356322 56699  45337
3.946624605 617726977 1304005 56683  45834
3.958612973 619084800 1357823 56697  45489
3.970611201 620390093 1305293 56672  45889
3.982625970 621748799 1358706 56683  45646
3.994625595 623051553 1302754 56674  45781
4.006619846 624409748 1358195 56673  45724
4.018614804 625707180 1297432 56675  45622
4.030611072 627066310 1359130 56683  45807
4.042625868 628363605 1297295 56677  45741
4.054609592 629721006 1357401 56690  45945
4.066613417 631019634 1298628 56686  45864
4.078625005 632370924 1351290 56673  45654
4.090611410 633669324 1298400 56677  45831
4.102612571 635026346 1357022 56661  45718
4.114611583 636324407 1298061 56687  45876
4.126625659 637682776 1358369 56679  46006
4.138622670 638977678 1294902 56687  45945
4.150614287 640334317 1356639 56672  45981
4.162636236 641629557 1295240 56682  46026
4.174624351 642984065 1354508 56681  45912
4.186624799 644281389 1297324 56675  46157
4.198612178 645629217 1347828 56673  45619
4.210612259 646927193 1297976 56674  46137
4.222625331 648276931 1349738 56666  45855
4.234625268 649572506 1295575 56673  45889
4.246614376 650924166 1351660 56674  45943
4.258623491 652215623 1291457 56686  45807
4.270625757 653566869 1351246 56676  46019
4.282624441 654863088 1296219 56693  46214
4.294612660 656208739 1345651 56679  45450
4.306611674 657505433 1296694 56670  46370
4.318636419 658846928 1341495 56674  45416
4.330626368 660145989 1299061 56681  46793
4.342610122 661486046 1340057 56668  45525
4.354613113 662796406 1310360 56677  46162
4.366623335 664130045 1333639 56675  45868
4.378626217 665485393 1355348 56679  45845
4.390610445 666783763 1298370 56677  46369
4.402613036 668134661 1350898 56687  45885
4.414626691 669432279 1297618 56680  46088
4.426610720 670781211 1348932 56674  45862
4.438612724 672077813 1296602 56679  46334
4.450611056 673427399 1349586 56683  46510
4.462625318 674722269 1294870 56689  46905
4.474622746 676070008 1347739 56672  46352
4.486621734 677404712 1334704 56666  46522
4.498626726 678712569 1307857 56673  46324
4.510628123 680062598 1350029 56683  46471
4.522626662 681352906 1290308 56675  46358
4.534625481 682698662 1345756 56676  46076
4.546612755 683990049 1291387 56685  46590
4.558623924 685333865 1343816 56675  46063
4.570626585 686629061 1295196 56689  46641
4.582611532 687967849 1338788 56680  45902
4.594623858 689316601 1348752 56675  46410
4.606625403 690603609 1287008 56680  46434
4.618611151 691945728 1342119 56676  46104
4.630611848 693239174 1293446 56679  46775
4.642620544 694576780 1337606 56674  45909
4.654625512 695875676 1298896 56673  46832
4.666611853 697214716 1339040 56672  46322
4.678611981 698561013 1346297 56680  46273
4.690613380 699851614 1290601 56678  46609
4.702624478 701189033 1337419 56676  45872
4.714625246 702483775 1294742 56674  47009
4.726612977 703819209 1335434 56676  45895
4.738624862 705165015 1345806 56675  46414
4.750640291 706450418 1285403 56678  46512
4.762609795 707788433 1338015 56687  46017
4.774613144 709081318 1292885 56665  46969
4.786611578 710416395 1335077 56672  45885
4.798634944 711759172 1342777 56670  46492
4.810623915 713042032 1282860 56682  46365
4.822625520 714379223 1337191 56682  46086
4.834626298 715668481 1289258 56683  46847
4.846624123 717003318 1334837 56684  46131
4.858625224 718343172 1339854 56672  46458
4.870609926 719623912 1280740 56686  46462
4.882613357 720966169 1342257 56675  46259
4.894622706 722322184 1356015 56673  46587
4.906612427 723627574 1305390 56686  46358
4.918610864 725003123 1375549 56678  46273
4.930624196 726320527 1317404 56673  46846
4.942623975 727690771 1370244 56676  46078
4.954634723 729066147 1375376 56678  46644
4.966613975 730374695 1308548 56667  46292
4.978610879 731747368 1372673 56677  46517
4.990613647 733078697 1331329 56682  46758
5.002610749 734432368 1353671 56683  46445
5.014611533 735798561 1366193 56673  46322
5.026625308 737111560 1312999 56682  46661
5.038612439 738481344 1369784 56684  46648
5.050625431 739848706 1367362 56678  46397
5.062610589 741162990 1314284 56686  46844
5.074624988 742527969 1364979 56681  46339
5.086623683 743895338 1367369 56677  46450
5.098610607 745203825 1308487 56682  46727
5.110613365 746564417 1360592 56680  46364
5.122619540 747901671 1337254 56672  46906
5.134614669 749239473 1337802 56678  46811
5.146610000 750602661 1363188 56685  46743
5.158625409 751912973 1310312 56689  46999
5.170624096 753274415 1361442 56686  46478
5.182624338 754641816 1367401 56684  46553
5.194625129 755953649 1311833 56671  47271
5.206610680 757317275 1363626 56682  46466
5.218625036 758680399 1363124 56672  46578
5.230610668 759984017 1303618 56671  46732
5.242614015 761347678 1363661 56675  46734
5.254611237 762706403 1358725 56676  46574
5.266624218 764016592 1310189 56676  46922
5.278634444 765374270 1357678 56689  46651
5.290625305 766732565 1358295 56674  46531
5.302625233 768040023 1307458 56689  47053
5.314623541 769396631 1356608 56674  46533
5.326612670 770758237 1361606 56683  46894
5.338612377 772062631 1304394 56685  47032
5.350610449 773418188 1355557 56682  46525
5.362612830 774774799 1356611 56689  46673
5.374611568 776076444 1301645 56680  47074
5.386610937 777435382 1358938 56677  46792
5.398623929 778789754 1354372 56682  46871
5.410625180 780150901 1361147 56678  46886
5.422623252 781452724 1301823 56679  46986
5.434635683 782808480 1355756 56678  46409
5.446679199 784178079 1369599 56685  47365
5.458608686 785485021 1306942 56669  47671
5.470612844 786845852 1360831 56680  47079
5.482610972 788203922 1358070 56676  47263
5.494626477 789505948 1302026 56693  47097
5.506623885 790867217 1361269 56666  47361
5.518611984 792222723 1355506 56686  46952
5.530625849 793536738 1314015 56677  47477
5.542623453 794885172 1348434 56684  46925
5.554624764 796240788 1355616 56687  46867
5.566610339 797603359 1362571 56674  47375
5.578612584 798903307 1299948 56694  47184
5.590619923 800261091 1357784 56679  47107
5.602611620 801614829 1353738 56671  47040
5.614625082 802916558 1301729 56679  47231
5.626612203 804271188 1354630 56672  47136
5.638624459 805619769 1348581 56669  46883
5.650624850 806980412 1360643 56688  47520
5.662625048 808277496 1297084 56676  47524
5.674611303 809628520 1351024 56687  46897
5.686623671 810979370 1350850 56680  46974
5.698611722 812293800 1314430 56667  47279
5.710623454 813640213 1346413 56675  47453
5.722612252 814990728 1350515 56670  46878
5.734624841 816345333 1354605 56683  47294
5.746626108 817644375 1299042 56674  47430
5.758632970 818993761 1349386 56674  46940
5.770624685 820346318 1352557 56683  47230
5.782612692 821696499 1350181 56679  47233
5.794612421 822996986 1300487 56680  47555
5.806612702 824344131 1347145 56671  47079
5.818612924 825693424 1349293 56676  46946
5.830625473 827047191 1353767 56677  47437
5.842611707 828338585 1291394 56689  47065
5.854628596 829689849 1351264 56676  47405
5.866624510 831034490 1344641 56679  46934
5.878610778 832384420 1349930 56684  47101
5.890625503 833676490 1292070 56675  47325
5.902610471 835020323 1343833 56686  46964
5.914619389 836366807 1346484 56669  47325
5.926624387 837711484 1344677 56675  47099
5.938612399 839009495 1298011 56679  47537
5.950626387 840366375 1356880 56680  47037
5.962623639 841728813 1362438 56682  47246
5.974625980 843094077 1365264 56683  47373
5.986623642 844397279 1303202 56675  47251
5.998613746 845760480 1363201 56674  47378
6.010624561 847120277 1359797 56681  47406
6.022625569 848481149 1360872 56678  47306
6.034613441 849812786 1331637 56685  47509
6.046611282 851140524 1327738 56690  47057
6.058612526 852501135 1360611 56679  47664
6.070632952 853858370 1357235 56676  47208
6.082626644 855223050 1364680 56676  47885
6.094623711 856523376 1300326 56676  47535
6.106627307 857878308 1354932 56681  47226
6.118612654 859234248 1355940 56664  47452
6.130611699 860588175 1353927 56686  47424
6.142612057 861949931 1361756 56681  47896
6.154611702 863250229 1300298 56669  47923
6.166624477 864601875 1351646 56680  47327
6.178625172 865955623 1353748 56679  47557
6.190612353 867305949 1350326 56679  47216
6.202624211 868615864 1309915 56671  48211
6.214610732 869965804 1349940 56674  47595
6.226634785 871324098 1358294 56692  47713
6.238612546 872675779 1351681 56670  47282
6.250624380 874029159 1353380 56677  47404
6.262612452 875346051 1316892 56665  47944
6.274612113 876684456 1338405 56665  47618
6.286627019 878040050 1355594 56687  47763
6.298624660 879391570 1351520 56675  47571
6.310626515 880739991 1348421 56671  47385
6.322610123 882096746 1356755 56682  47668
6.334613454 883388878 1292132 56689  47597
6.346611396 884743859 1354981 56672  47997
6.358624584 886093594 1349735 56680  47549
6.370611992 887444835 1351241 56680  47822
6.382623751 888794889 1350054 56670  47544
6.394635315 890089606 1294717 56673  47903
6.406624890 891439478 1349872 56667  47835
6.418612751 892785657 1346179 56670  47553
6.430623979 894133354 1347697 56677  47848
6.442625321 895480326 1346972 56675  47782
6.454613145 896830611 1350285 56682  47886
6.466611541 898127612 1297001 56676  48205
6.478613068 899473600 1345988 56673  47454
6.490623800 900830806 1357206 56678  48086
6.502625102 902183918 1353112 56687  47675
6.514624333 903539317 1355399 56675  47889
6.526611338 904891955 1352638 56679  47802
6.538611622 906245132 1353177 56681  47793
6.550621411 907541447 1296315 56675  48131
6.562612813 908890618 1349171 56672  47721
6.574610097 910242153 1351535 56680  48053
6.586625946 911593258 1351105 56677  48192
6.598611370 912940038 1346780 56678  47716
6.610613228 914291750 1351712 56681  48130
6.622624866 915591458 1299708 56672  48001
6.634627068 916935703 1344245 56681  48411
6.646624346 918283538 1347835 56686  48154
6.658610524 919631817 1348279 56677  48066
6.670611619 920975691 1343874 56673  47831
6.682611243 922318494 1342803 56687  47823
6.694623629 923665590 1347096 56675  48041
6.706623413 925011452 1345862 56681  48040
6.718624732 926311058 1299606 56675  48426
6.730624839 927649979 1338921 56674  48252
6.742623268 928992985 1343006 56679  47751
6.754613479 930341237 1348252 56688  48161
6.766625198 932467566 2126329 56669  37747
6.778625889 936146611 3679045 51959  13541
6.789612606 939529796 3383185 56666  16449
6.801625728 943541521 4011725 56681  16211
6.813624496 946847489 3305968 56679  18720
6.825624735 950852569 4005080 56671  15348
6.837612072 954232658 3380089 56671  19401
6.849624448 957907281 3674623 51949  15269
6.860636432 961337641 3430360 56689  16762
6.872611933 965322478 3984837 56666  16451
6.884624975 968626553 3304075 56669  17622
6.896613379 972620388 3993835 56679  15867
6.908622855 975915447 3295059 56684  18610
6.920625536 979921199 4005752 56663  15244
6.932624534 983317407 3396208 56663  19166
6.944613222 987035855 3718448 51956  14328
6.955624843 990411993 3376138 56674  16831
6.967613208 994406385 3994392 56667  16435
6.979613469 997705930 3299545 56671  17922
6.991610374 1001276703 3570773 51953  15733
7.002625739 1004915509 3638806 56668  16163
7.014612590 1008781444 3865935 56680  17198
7.026632349 1012207348 3425904 56682  16897
7.038625771 1016135495 3928147 56682  16379
7.050625922 1019478495 3343000 56670  17087
7.062624393 1023484900 4006405 56683  16402
7.074611645 1026790237 3305337 56676  18195
7.086613296 1030371256 3581019 51945  14780
7.097610064 1033987099 3615843 56677  16411
7.109626609 1037842385 3855286 56664  17101
7.121610993 1041271138 3428753 56668  16772
7.133626588 1045265474 3994336 56668  16253
7.145623420 1048562412 3296938 56672  17674
7.157612515 1052572044 4009632 56681  15349
7.169624536 1055869511 3297467 56671  19087
7.181621058 1059513153 3643642 51954  14553
7.192612069 1063053979 3540826 56671  16580
7.204611490 1066928140 3874161 56672  16536
7.216625742 1070332157 3404017 56680  16902
7.228625284 1074329005 3996848 56665  16294
7.240611828 1077621120 3292115 56675  17785
7.252625777 1081628608 4007488 56685  15541
7.264624351 1084939289 3310681 56675  18518
7.276611672 1088564031 3624742 51952  14477
7.287611121 1092092764 3528733 56679  16462
7.299614492 1095957111 3864347 56676  16845
7.311612039 1099367834 3410723 56669  16794
7.323625248 1103365542 3997708 56669  16194
7.335634663 1106676287 3310745 56680  18549
7.347625964 1110340256 3663969 51967  14741
7.358612269 1113877325 3537069 56668  16869
7.370625311 1117873518 3996193 56661  16643
7.382612608 1121167913 3294395 56672  17561
7.394625837 1125172365 4004452 56677  15155
7.406624941 1128496924 3324559 56678  18739
7.418612412 1132209806 3712882 51964  14346
7.429626294 1135428130 3218324 56679  19036
7.441612765 1139182229 3754099 51948  14400
7.452624141 1142470889 3288660 56679  18708
7.464612655 1146140584 3669695 51960  14583
7.475623907 1149426708 3286124 56672  17864
7.487624258 1153117240 3690532 51959  15444
7.498621023 1156513273 3396033 56682  17059
7.510614014 1160565554 4052281 56673  16029
7.522625446 1163910764 3345210 56667  17530
7.534627444 1167950696 4039932 56669  15887
7.546625582 1171302918 3352222 56673  17492
7.558624674 1175365088 4062170 56679  15825
7.570611641 1178708191 3343103 56672  17422
7.582625506 1182760256 4052065 56678  15630
7.594613224 1186101307 3341051 56682  17577
7.606624682 1190173973 4072666 56682  15807
7.618613464 1193506189 3332216 56669  18292
7.630641432 1197574767 4068578 56672  14853
7.642611953 1200900460 3325693 56669  18384
7.654622028 1204958401 4057941 56672  14806
7.666625623 1208289474 3331073 56662  18224
7.678612911 1212349134 4059660 56673  15121
7.690607795 1215686364 3337230 56684  18261
7.702612610 1219745459 4059095 56676  14788
7.714613845 1223071951 3326492 56668  18517
7.726611416 1227134986 4063035 56671  14839
7.738624935 1230471541 3336555 56668  18210
7.750625556 1234540367 4068826 56668  14842
7.762624214 1237888628 3348261 56665  18655
7.774610752 1241591428 3702800 51955  14230
7.785612004 1245177645 3586217 56686  16464
7.797611882 1248996664 3819019 56687  17044
7.809621387 1252566404 3569740 56668  16131
7.821628355 1256419424 3853020 56684  16901
7.833610892 1259962305 3542881 56675  16317
7.845617013 1263831006 3868701 56672  19531
7.857615450 1267350406 3519400 56675  17343
7.869626747 1271232188 3881782 56675  17857
7.881623618 1274726785 3494597 56672  16690
7.893615424 1278616850 3890065 56672  17927
7.905624121 1282127311 3510461 56670  17123
7.917624373 1286053982 3926671 56675  17401
7.929611901 1289516396 3462414 56672  16788
7.941611285 1293435434 3919038 56664  16827
7.953612714 1296908714 3473280 56675  16567
7.965632136 1300858468 3949754 56676  16983
7.977612530 1304287317 3428849 56659  16702
7.989612381 1308225803 3938486 56675  16951
8.001625430 1311683378 3457575 56666  16450
8.013625188 1315616107 3932729 56668  16505
8.025612265 1319064692 3448585 56664  16618
8.037612404 1323025817 3961125 56672  16632
8.049612368 1326452726 3426909 56678  17018
8.061624370 1330431918 3979192 56669  16550
8.073610428 1333840168 3408250 56675  16766
8.085611653 1337804060 3963892 56674  16493
8.097625148 1341220330 3416270 56679  16434
8.109624536 1345128611 3908281 56668  16900
8.121624997 1348606854 3478243 56665  16541
8.133625356 1352565932 3959078 56673  16641
8.145629414 1355987631 3421699 56675  16691
8.157625718 1359955413 3967782 56672  16746
8.169609299 1363368946 3413533 56673  16778
8.181613678 1367299023 3930077 56673  16545
8.193623625 1370761832 3462809 56672  16550
8.205613624 1374714277 3952445 56664  16492
8.217610032 1378144801 3430524 56679  16715
8.229612410 1382198268 4053467 56682  16605
8.241624628 1385537925 3339657 56669  17346
8.253624487 1389592997 4055072 56678  15739
8.265611824 1392934056 3341059 56680  17647
8.277610269 1397000775 4066719 56674  15449
8.289634284 1400341814 3341039 56671  18683
8.301610788 1403995571 3653757 51948  14719
8.312611029 1407660101 3664530 56689  16416
8.324612865 1411629799 3969698 56670  16731
8.336623213 1415044097 3414298 56678  16843
8.348625361 1419013012 3968915 56670  16544
8.360609639 1422438313 3425301 56676  16630
8.372626677 1426492540 4054227 56669  16211
8.384622948 1429842788 3350248 56676  17525
8.396625540 1433897855 4055067 56671  15420
8.408611975 1437249231 3351376 56672  18798
8.420610926 1440876739 3627508 51945  14554
8.431612428 1444564938 3688199 56670  16313
8.443634973 1448481933 3916995 56683  16602
8.455626204 1451959747 3477814 56684  16558
8.467612112 1455884298 3924551 56661  16521
8.479613143 1459343917 3459619 56676  16715
8.491611568 1463295630 3951713 56671  16460
8.503624546 1466716111 3420481 56676  16484
8.515625188 1470780851 4064740 56674  16515
8.527623835 1474126944 3346093 56681  17509
8.539624574 1478189591 4062647 56685  15486
8.551611778 1481529482 3339891 56661  17907
8.563623950 1485589451 4059969 56677  15280
8.575717016 1488923590 3334139 56673  20167
8.587610492 1492550498 3626908 51947  15262
8.598623638 1496100447 3549949 51950  14970
8.609611842 1499437698 3337251 56673  18397
8.621612077 1503501534 4063836 56678  15812
8.633624315 1506842624 3341090 56673  19161
8.645625637 1510896259 4053635 56671  15106
8.657611637 1514336179 3439920 56661  19276
8.669611399 1517985905 3649726 51952  14599
8.680610810 1521536053 3550148 56673  16677
8.692643626 1525528553 3992500 56665  16667
8.704611273 1528919692 3391139 56676  17000
8.716612054 1532988808 4069116 56680  16346
8.728624263 1536330047 3341239 56657  17695
8.740623797 1540384723 4054676 56669  15389
8.752635896 1543733914 3349191 56678  18685
8.764612233 1547404439 3670525 51952  14576
8.775624289 1551025395 3620956 56669  16413
8.787627063 1554959537 3934142 56674  17002
8.799610857 1558426299 3466762 56670  16471
8.811615126 1562392438 3966139 56675  16253
8.823623580 1565802257 3409819 56672  16747
8.835626822 1569787253 3984996 56668  16335
8.847610453 1573184131 3396878 56677  17165
8.859613148 1577222508 4038377 56667  16091
8.871611933 1580574703 3352195 56672  17553
8.883624721 1584615778 4041075 56679  15484
8.895616352 1587963773 3347995 56683  17866
8.907611160 1591553596 3589823 51946  15238
8.918620768 1595151599 3598003 51961  14129
8.929611126 1598494943 3343344 56681  17715
8.941613078 1602117629 3622686 51950  15369
8.952624202 1605690120 3572491 51945  14431
8.963625254 1609038809 3348689 56664  18022
8.975612032 1612652063 3613254 51956  14727
8.986611183 1616227679 3575616 51949  14118
8.997643938 1619564722 3337043 56665  17841
9.009611382 1623148701 3583979 51952  15178
9.020612450 1626746431 3597730 51961  14119
9.031610972 1630086310 3339879 56679  17551
9.043625736 1634139060 4052750 56677  15517
9.055610757 1637481306 3342246 56678  18302
9.067624166 1641545760 4064454 56678  14606
9.079625450 1645009782 3464022 56667  18434
9.091613672 1648681368 3671586 51952  14312
9.102616607 1652183300 3501932 56675  16574
9.114611561 1656183433 4000133 56675  16585
9.126625590 1659558257 3374824 56672  16974
9.138623791 1663614538 4056281 56675  15916
9.150611729 1666956033 3341495 56677  17762
9.162612240 1670598493 3642460 51949  15144
9.173611941 1674274690 3676197 56660  16174
9.185611557 1678118570 3843880 56678  17082
9.197611104 1681659125 3540555 56674  16352
9.209624822 1685619714 3960589 56674  16529
9.221634694 1689032052 3412338 56679  16877
9.233611855 1693003595 3971543 56674  16364
9.245611177 1696414616 3411021 56679  16712
9.257613691 1700457742 4043126 56668  16191
9.269623323 1703809973 3352231 56675  17540
9.281611684 1707854722 4044749 56681  15234
9.293612282 1711201674 3346952 56669  18841
9.305625661 1715250210 4048536 56667  14611
9.317624246 1718704525 3454315 56668  18739
9.329611199 1722411319 3706794 51958  14094
9.340624708 1725891614 3480295 56677  16724
9.352622929 1729940265 4048651 56669  16254
9.364625051 1733285940 3345675 56687  17636
9.376611795 1737330969 4045029 56674  15586
9.388619360 1740671637 3340668 56664  18266
9.400624542 1744723572 4051935 56670  14631
9.412622963 1748155983 3432411 56663  18887
9.424625751 1751849649 3693666 51957  14214
9.435611189 1755355494 3505845 56670  16549
9.447627164 1759278507 3923013 56680  16334
9.459625935 1762725044 3446537 56670  16700
9.471611973 1766704189 3979145 56669  16579
9.483624715 1770080810 3376621 56682  16756
9.495623089 1774064209 3983399 56673  16516
9.507612448 1777459898 3395689 56688  16575
9.519611072 1781506619 4046721 56663  16176
9.531612520 1784849361 3342742 56685  17745
9.543634859 1788906908 4057547 56674  15336
9.555611666 1792243929 3337021 56679  19072
9.567625218 1795956716 3712787 51957  14283
9.578624613 1799535462 3578746 56680  16260
9.590612177 1803444426 3908964 56667  16735
9.602612735 1806924953 3480527 56681  16708
9.614624833 1810964596 4039643 56664  16365
9.626623755 1814314307 3349711 56668  17198
9.638610409 1818361495 4047188 56687  15655
9.650610667 1821700382 3338887 56669  18119
9.662624473 1825753328 4052946 56669  15130
9.674622937 1829092087 3338759 56675  18699
9.686610741 1832827454 3735367 51953  14082
9.697636260 1836399942 3572488 56675  16281
9.709624594 1840366206 3966264 56674  16590
9.721612075 1843778524 3412318 56668  16688
9.733624654 1847837183 4058659 56675  16581
9.745625252 1851176164 3338981 56677  17812
9.757625864 1855243954 4067790 56676  15088
9.769624068 1858574923 3330969 56674  18565
9.781626060 1862262550 3687627 51957  14258
9.792623301 1865869332 3606782 56670  16334
9.804624315 1869783663 3914331 56677  16743
9.816612390 1873253216 3469553 56678  16539
9.828610668 1877300266 4047050 56662  16156
9.840624786 1880641489 3341223 56674  17729
9.852633181 1884701826 4060337 56676  15470
9.864625999 1888048498 3346672 56685  18282
9.876623843 1891747236 3698738 51946  14286
9.887625699 1895341656 3594420 56668  16159
9.899613200 1899275237 3933581 56679  16696
9.911611841 1902724018 3448781 56677  17076
9.923625153 1906694663 3970645 56675  16308
9.935632831 1910086576 3391913 56681  16574
9.947625129 1914005973 3919397 56677  16161
9.959611740 1917462685 3456712 56678  16741
9.971625398 1921479907 4017222 56669  16208
9.983610493 1924844348 3364441 56663  17417
9.995613034 1928876964 4032616 56677  15767
10.007624953 1932222696 3345732 56675  17733
10.019619740 1936273901 4051205 56670  15145
10.031626568 1939611526 3337625 56671  18692
10.043611006 1943273950 3662424 51957  14125
10.054613474 1946910596 3636646 56675  16421
10.066611912 1950871910 3961314 56672  16341
10.078626071 1954284387 3412477 56677  16607
10.090612505 1958318314 4033927 56674  16337
10.102612469 1961660853 3342539 56673  17553
10.114612348 1965711645 4050792 56677  15833
10.126622889 1969064635 3352990 56674  18206
10.138613304 1972735511 3670876 51945  14289
10.149610575 1976352785 3617274 56667  16207
10.161624841 1980244694 3891909 56672  16742
10.173622472 1983730110 3485416 56667  16959
10.185611449 1987688741 3958631 56674  16342
10.197613117 1991093216 3404475 56670  16635
10.209625316 1995090158 3996942 56670  16154
10.221612397 1998482571 3392413 56675  17243
10.233625109 2002517226 4034655 56672  15661
10.245612706 2005868013 3350787 56677  17877
10.257625588 2009914952 4046939 56685  14763
10.269611845 2013290793 3375841 56666  18732
10.281611677 2016978054 3687261 51947  14377
10.292623355 2020533772 3555718 56696  16384
10.304624677 2024447840 3914068 56686  16504
10.316623314 2027907734 3459894 56671  16344
10.328621486 2031854570 3946836 56673  16390
10.340623724 2035270477 3415907 56678  16532
10.352625102 2039260089 3989612 56672  16531
10.364625817 2042637934 3377845 56664  16995
10.376610775 2046688285 4050351 56682  15822
10.388612923 2050021357 3333072 56667  17632
10.400609561 2053629323 3607966 51947  15070
10.411613679 2057205136 3575813 51946  14219
10.422610606 2060541280 3336144 56670  17425
10.434624938 2064588721 4047441 56688  15267
10.446623859 2067924622 3335901 56675  18576
10.458610485 2071571961 3647339 51955  14397
10.469624139 2075208752 3636791 56678  16142
10.481625820 2079128603 3919851 56673  16778
10.493614165 2082585957 3457354 56670  16226
10.505611900 2086531534 3945577 56676  16421
10.517625132 2089941913 3410379 56669  16365
10.529624613 2093883939 3942026 56683  16674
10.541613750 2097294767 3410828 56664  16569
10.553612825 2101343583 4048816 56668  16230
10.565610847 2104689643 3346060 56675  17567
10.577612124 2108753620 4063977 56677  16893
10.589613496 2112088316 3334696 56670  19832
10.601612681 2115708025 3619709 51953  14896
10.612611055 2119241126 3533101 51960  14740
10.623624974 2122579867 3338741 56676  19069
10.635624915 2126620940 4041073 56674  15422
10.647633043 2130024780 3403840 56669  19451
10.659625921 2133698314 3673534 51956  14714
10.670624495 2137247521 3549207 56667  16670
10.682612106 2141246689 3999168 56663  16559
10.694622995 2144609278 3362589 56670  16822
10.706626479 2148656940 4047662 56680  16409
10.718610120 2151983746 3326806 56672  17708
10.730625709 2156040510 4056764 56675  15326
10.742624527 2159368538 3328028 56669  18474
10.754623721 2163026713 3658175 51953  14452
10.765611942 2166644238 3617525 56680  15964
10.777611324 2170532879 3888641 56683  17245
10.789626466 2174018449 3485570 56673  16276
10.801622564 2177994138 3975689 56670  16414
10.813625948 2181370855 3376717 56670  16668
10.825626093 2185357232 3986377 56665  16466
10.837624354 2188746290 3389058 56678  16688
10.849626375 2192783262 4036972 56666  16097
10.861624340 2196125857 3342595 56675  17510
10.873611765 2200152434 4026577 56679  15200
10.885611443 2203502254 3349820 56681  18692
10.897612281 2207127880 3625626 51942  14326
10.908610666 2210786158 3658278 56683  16023
10.920610430 2214690100 3903942 56684  16772
10.932624915 2218167641 3477541 56671  16575
10.944610876 2222105777 3938136 56675  16255
10.956629707 2225518759 3412982 56674  16588
10.968624883 2229423385 3904626 56669  16397
10.980612370 2232872974 3449589 56682  16537
10.992611815 2236914023 4041049 56684  16244
11.004611743 2240260901 3346878 56676  17616
11.016613141 2244314009 4053108 56683  15234
11.028611269 2247646775 3332766 56671  18399
11.040626667 2251687415 4040640 56681  14263
11.052622955 2255156978 3469563 56677  18547
11.064625450 2258874134 3717156 51957  14351
11.075624141 2262285542 3411408 56668  16678
11.087626696 2266227177 3941635 56673  16514
11.099624784 2269648500 3421323 56672  16220
11.111622142 2273684693 4036193 56671  16170
11.123625757 2277019851 3335158 56662  17277
11.135624672 2281047068 4027217 56673  15579
11.147613189 2284380799 3333731 56674  17813
11.159611214 2288412478 4031679 56674  15362
11.171625659 2291754892 3342414 56673  18176
11.183626130 2295799684 4044792 56692  14592
11.195611672 2299247950 3448266 56672  18648
11.207612776 2302907807 3659857 51956  14274
11.218622521 2306405336 3497529 56679  16118
11.230625396 2310292436 3887100 56681  16538
11.242624370 2313758657 3466221 56680  16567
11.254613445 2317728476 3969819 56671  16407
11.266622403 2321115721 3387245 56680  16638
11.278633648 2325150575 4034854 56674  16007
11.290613249 2328491684 3341109 56674  17125
11.302611774 2332518501 4026817 56669  15500
11.314624965 2335845861 3327360 56672  17416
11.326624697 2339888735 4042874 56678  15498
11.338613011 2343208695 3319960 56673  18207
11.350610416 2346841618 3632923 51938  14382
11.361626738 2350485886 3644268 56669  15791
11.373612328 2354415180 3929294 56678  16920
11.385611863 2357857560 3442380 56665  16396
11.397612914 2361751107 3893547 56674  16524
11.409624039 2365203633 3452526 56677  16110
11.421612800 2369243012 4039379 56678  16403
11.433627292 2372581765 3338753 56669  17668
11.445626760 2376632732 4050967 56677  15635
11.457624451 2379967639 3334907 56678  18555
11.469612742 2383713202 3745563 51949  14406
11.480612354 2387249888 3536686 56665  16299
11.492611578 2391118437 3868549 56691  16480
11.504623670 2394589941 3471504 56676  16632
11.516625158 2398465548 3875607 56676  16784
11.528612139 2401944042 3478494 56670  16332
11.540626411 2405923317 3979275 56686  16344
11.552624309 2409309668 3386351 56679  16688
11.564626640 2413333342 4023674 56667  16030
11.576609762 2416677381 3344039 56679  17407
11.588636406 2420697494 4020113 56684  15572
11.600623921 2424031731 3334237 56670  17644
11.612612232 2428073265 4041534 56683  15042
11.624611880 2431451685 3378420 56683  18661
11.636624178 2435012597 3560912 51956  14010
11.647612990 2438674416 3661819 56681  16085
11.659623817 2442558129 3883713 56664  16605
11.671612978 2446031120 3472991 56680  16312
11.683612984 2449994014 3962894 56681  16501
11.695624278 2453371460 3377446 56670  16675
11.707611789 2457340623 3969163 56689  16343
11.719623338 2460725516 3384893 56682  16309
11.731612989 2464756514 4030998 56669  15953
11.743632384 2468090000 3333486 56676  17302
11.755626115 2472110047 4020047 56677  15353
11.767611243 2475442799 3332752 56675  17790
11.779626868 2479488191 4045392 56672  15236
11.791623146 2482859974 3371783 56677  18382
11.803625637 2486466656 3606682 51953  14218
11.814626215 2489979147 3512491 51951  14053
11.825626330 2493303005 3323858 56670  18080
11.837625257 2497337994 4034989 56679  14377
11.849610748 2500753766 3415772 56668  18444
11.861625677 2504440601 3686835 51952  14271
11.872623508 2507915246 3474645 56666  16328
11.884624902 2511828839 3913593 56677  16698
11.896610027 2515271502 3442663 56692  16008
11.908643049 2519204257 3932755 56670  16215
11.920624633 2522614414 3410157 56674  16480
11.932624498 2526545680 3931266 56673  16211
11.944612966 2529955629 3409949 56679  16821
11.956624697 2533981000 4025371 56668  16173
11.968625469 2537321161 3340161 56684  17261
11.980625300 2541354368 4033207 56667  15374
11.992612364 2544690383 3336015 56673  18009
12.004612125 2548717852 4027469 56677  14676
12.016625461 2552075675 3357823 56673  18397
12.028612978 2555649082 3573407 51955  13941
12.039611979 2559306347 3657265 56675  16205
12.051613168 2563223959 3917612 56670  16689
12.063634539 2566669205 3445246 56674  16546
12.075626431 2570573832 3904627 56672  16124
12.087612259 2574029386 3455554 56666  16290
12.099612906 2577969846 3940460 56672  16101
12.111624458 2581385571 3415725 56673  16140
12.123613049 2585279528 3893957 56679  16455
12.135612910 2588741813 3462285 56667  16685
12.147612328 2592709340 3967527 56668  16330
12.159624890 2596111897 3402557 56670  16631
12.171626991 2600126769 4014872 56688  16322
12.183610882 2603492792 3366023 56674  16547
12.195624767 2607526845 4034053 56680  15286
12.207611012 2610868994 3342149 56684  16841
12.219633940 2614906475 4037481 56673  15080
12.231610985 2618235025 3328550 56672  17861
12.243612806 2621861735 3626710 51949  14466
12.254624261 2625545940 3684205 56687  15927
12.266623782 2629459749 3913809 56665  16652
12.278614980 2632931052 3471303 56668  16267
12.290611667 2636884498 3953446 56677  15888
12.302625786 2640290403 3405905 56671  16555
12.314624074 2644263891 3973488 56667  16352
12.326611511 2647648554 3384663 56678  16285
12.338610870 2651636822 3988268 56685  16094
12.350624785 2655018636 3381814 56684  16655
12.362624850 2659019603 4000967 56667  15864
12.374633337 2662376868 3357265 56679  16386
12.386613355 2666346657 3969789 56678  16145
12.398624044 2669730180 3383523 56671  16363
12.410625515 2673776436 4046256 56665  15970
12.422611662 2677114454 3338018 56685  17156
12.434612687 2681164853 4050399 56690  15213
12.446625755 2684499069 3334216 56659  17877
12.458610206 2688102777 3603708 51951  14489
12.469612154 2691780264 3677487 56678  15412
12.481623076 2695677107 3896843 56681  17154
12.493624854 2699156908 3479801 56666  16409
12.505611465 2703081690 3924782 56685  16265
12.517611677 2706524632 3442942 56681  16207
12.529612581 2710561343 4036711 56678  16073
12.541634540 2713905741 3344398 56689  17356
12.553613061 2717935119 4029378 56671  15073
12.565611642 2721270119 3335000 56669  17753
12.577626560 2725323519 4053400 56673  14979
12.589623808 2728686097 3362578 56675  18564
12.601612832 2732354480 3668383 51948  13915
12.612625051 2735939825 3585345 56680  15895
12.624611229 2739839283 3899458 56661  16545
12.636625770 2743309217 3469934 56670  16368
12.648610574 2747256989 3947772 56684  16125
12.660612449 2750664124 3407135 56673  16626
12.672623400 2754689534 4025410 56667  16004
12.684624606 2758040130 3350596 56671  17148
12.696621947 2762080466 4040336 56677  15283
12.708625554 2765435141 3354675 56669  18306
12.720623435 2769471381 4036240 56678  14093
12.732624541 2772801692 3330311 56668  18409
12.744612672 2776475283 3673591 51948  14064
12.755612549 2780066991 3591708 56680  16089
12.767625125 2783994674 3927683 56664  16375
12.779611948 2787440740 3446066 56684  16556
12.791631023 2791488407 4047667 56670  15777
12.803612884 2794821233 3332826 56673  17458
12.815623880 2798860497 4039264 56675  15062
12.827625507 2802196097 3335600 56683  18161
12.839609585 2805831910 3635813 51946  14231
12.850620373 2809476528 3644618 56675  16103
12.862624248 2813378778 3902250 56670  16368
12.874613012 2816847199 3468421 56676  16176
12.886614543 2820885676 4038477 56669  16145
12.898610041 2824222738 3337062 56673  17007
12.910625316 2828248117 4025379 56674  15271
12.922624404 2831581993 3333876 56678  17654
12.934612282 2835620621 4038628 56672  15043
12.946611107 2838963041 3342420 56667  18483
12.958611555 2842594616 3631575 51958  13780
12.969610809 2846251563 3656947 56680  16205
12.981611614 2850201969 3950406 56669  16236
12.993624485 2853607373 3405404 56679  16345
13.005622911 2857563012 3955639 56687  16174
13.017621188 2860947453 3384441 56667  16301
13.029625276 2864978700 4031247 56678  16098
13.041612947 2868329133 3350433 56676  17357
13.053624689 2872374172 4045039 56684  14999
13.065610987 2875699630 3325458 56667  17840
13.077611891 2879734782 4035152 56680  14423
13.089623676 2883060792 3326010 56668  18462
13.101626034 2886733946 3673154 51953  13956
13.112610715 2890210011 3476065 51968  13984
13.123612399 2893548297 3338286 56677  18253
13.135623478 2897585830 4037533 56685  14042
13.147625979 2900980451 3394621 56673  18474
13.159612363 2904588357 3607906 51949  13966
13.170619405 2908164474 3576117 56678  15481
13.182625990 2911976427 3811953 56667  17022
13.194610071 2915524246 3547819 56677  16116
13.206612189 2919560029 4035783 56670  16256
13.218610444 2922902532 3342503 56687  17162
13.230626781 2926946748 4044216 56684  15210
13.242624809 2930274166 3327418 56675  17650
13.254612238 2934316459 4042293 56674  14573
13.266611559 2937653234 3336775 56675  18405
13.278623630 2941328944 3675710 51942  13945
13.289624185 2944891441 3562497 56676  15585
13.301611276 2948765032 3873591 56670  16994
13.313625647 2952270100 3505068 56674  15957
13.325621071 2956308265 4038165 56672  16153
13.337625293 2959644717 3336452 56672  17272
13.349625744 2963669110 4024393 56673  15079
13.361611322 2966997587 3328477 56679  17583
13.373624851 2971022887 4025300 56682  14987
13.385623728 2974359391 3336504 56672  18031
13.397612203 2977963289 3603898 51955  14316
13.408624985 2981639443 3676154 56680  15510
13.420613869 2985468703 3829260 56664  16807
13.432611697 2989001251 3532548 56680  16091
13.444588991 2992865524 3864273 56679  16375
13.456611616 2996348770 3483246 56677  16430
13.468612761 3000319533 3970763 56668  16097
13.480635226 3003696881 3377348 56667  16513
13.492613784 3007645986 3949105 56680  15850
13.504611265 3011049347 3403361 56668  16481
13.516614069 3015018283 3968936 56664  15865
13.528607687 3018386876 3368593 56674  16225
13.540613079 3022313100 3926224 56674  16214
13.552610936 3025721043 3407943 56674  16311
13.564612688 3029668198 3947155 56666  16047
13.576623329 3033070048 3401850 56676  16453
13.588612420 3037022522 3952474 56680  16083
13.600613136 3040412547 3390025 56668  16408
13.612623340 3044284558 3872011 56676  16282
13.624612784 3047754618 3470060 56676  16392
13.636622930 3051740582 3985964 56659  16168
13.648620951 3055103234 3362652 56670  17012
13.660630098 3059128288 4025054 56663  15680
13.672626524 3062468965 3340677 56681  17155
13.684613421 3066488877 4019912 56669  15293
13.696622859 3069820520 3331643 56672  17537
13.708612630 3073831196 4010676 56674  14605
13.720624362 3077159531 3328335 56673  17909
13.732625233 3081189322 4029791 56671  14759
13.744611237 3084526995 3337673 56673  18538
13.756625179 3088550717 4023722 56680  13726
13.768625557 3092069226 3518509 56677  18430
13.780610871 3095655752 3586526 51952  13873
13.791625199 3099140896 3485144 56677  16226
13.803621261 3103022045 3881149 56679  16231
13.815625922 3106474485 3452440 56679  16243
13.827624800 3110457550 3983065 56670  16017
13.839612827 3113837647 3380097 56677  17038
13.851624159 3117874459 4036812 56675  15273
13.863611317 3121204193 3329734 56665  17735
13.875625908 3125234391 4030198 56667  14513
13.887611456 3128563764 3329373 56679  18419
13.899612924 3132246077 3682313 51948  13950
13.910611235 3135804492 3558415 56657  15675
13.922612316 3139665477 3860985 56676  16839
13.934610458 3143176151 3510674 56690  16179
13.946625499 3147196907 4020756 56671  15880
13.958623440 3150529943 3333036 56665  17098
13.970625215 3154556467 4026524 56673  15095
13.982612053 3157878768 3322301 56668  17626
13.994611104 3161456586 3577818 51945  14811
14.005612155 3165027365 3570779 51955  13888
14.016612120 3168358493 3331128 56668  17371
14.028625175 3172392335 4033842 56674  14904
14.040611693 3175708329 3315994 56663  17562
14.052641705 3179729203 4020874 56671  14621
14.064612991 3183058777 3329574 56671  18266
14.076611437 3186686913 3628136 51946  14094
14.087624611 3190298339 3611426 56668  15441
14.099611029 3194127882 3829543 56680  17020
14.111633804 3197659823 3531941 56669  15699
14.123625372 3201616623 3956800 56671  16334
14.135624747 3205001726 3385103 56675  16270
14.147625958 3208907846 3906120 56664  15922
14.159624416 3212340074 3432228 56671  16706
14.171626737 3216360096 4020022 56663  15881
14.183623952 3219697788 3337692 56674  17356
14.195613030 3223717553 4019765 56674  14959
14.207622334 3227054520 3336967 56670  17751
14.219612648 3230653295 3598775 51946  14411
14.230624880 3234308029 3654734 56681  15253
14.242623781 3238038379 3730350 56680  17097
14.254612672 3241654647 3616268 56683  15941
14.266623730 3245558290 3903643 56677  16459
14.278621655 3248997387 3439097 56675  16231
14.290611206 3253027781 4030394 56676  16012
14.302612207 3256360163 3332382 56678  17035
14.314611422 3260371928 4011765 56673  15160
14.326610664 3263693584 3321656 56676  17161
14.338613391 3267724756 4031172 56687  15192
14.350624346 3271042179 3317423 56672  18150
14.362627351 3275080529 4038350 56668  14097
14.374611195 3278594655 3514126 56673  18380
14.386625287 3282253695 3659040 51946  13836
14.397611627 3285647253 3393558 56662  16115
14.409612336 3289537120 3889867 56683  16184
14.421612030 3292978215 3441095 56675  16215
14.433632949 3296960745 3982530 56674  16048
14.445626407 3300308820 3348075 56682  16600
14.457611884 3304296380 3987560 56679  15891
14.469625553 3307661649 3365269 56670  16618
14.481611954 3311685468 4023819 56669  15677
14.493625282 3315019920 3334452 56665  17405
14.505625613 3319030066 4010146 56669  14761
14.517627998 3322353976 3323910 56672  17846
14.529625639 3326378064 4024088 56681  14673
14.541610927 3329709378 3331314 56668  18296
14.553613071 3333304737 3595359 51955  13811
14.564623290 3336968748 3664011 56674  15590
14.576625247 3340831953 3863205 56677  16699
14.588633558 3344309269 3477316 56676  15798
14.600610346 3348170434 3861165 56677  16620
14.612611950 3351648775 3478341 56670  16130
14.624625156 3355602740 3953965 56666  16115
14.636624053 3358991002 3388262 56681  16445
14.648624699 3362937285 3946283 56680  15925
14.660626100 3366326193 3388908 56658  16264
14.672612914 3370310318 3984125 56680  15855
14.684610762 3373664865 3354547 56667  16504
14.696611897 3377685009 4020144 56669  15817
14.708622358 3381006847 3321838 56671  17249
14.720625059 3385025518 4018671 56676  15177
14.732609410 3388353314 3327796 56670  17163
14.744623025 3392385775 4032461 56676  14811
14.756613876 3395712076 3326301 56673  18313
14.768624137 3399730826 4018750 56686  13794
14.780624655 3403047520 3316694 56668  18680
14.792611414 3406678258 3630738 51949  13763
14.803625835 3410286862 3608604 56681  15539
14.815612099 3414171641 3884779 56680  16730
14.827612683 3417654222 3482581 56679  16333
14.839626189 3421576104 3921882 56667  15862
14.851623426 3424976505 3400401 56675  16187
14.863625804 3428858460 3881955 56670  16047
14.875610548 3432303011 3444551 56681  16323
14.887613074 3436246892 3943881 56679  15973
14.899623158 3439635981 3389089 56671  16368
14.911634557 3443665387 4029406 56670  15771
14.923624234 3446997627 3332240 56665  17153
14.935610942 3450486865 3489238 51952  14938
14.946606936 3453963463 3476598 51952  13688
14.957611777 3457425872 3462409 56675  16325
14.969613365 3461405847 3979975 56669  16088
14.981623107 3464758527 3352680 56663  16344
14.993626741 3468683111 3924584 56681  15839
15.005610579 3472094286 3411175 56676  16231
15.017613147 3476013096 3918810 56676  15942
15.029629412 3479414946 3401850 56668  16157
15.041623970 3483296025 3881079 56674  15979
15.053611797 3486737120 3441095 56681  16365
15.065635763 3490676928 3939808 56680  16021
15.077626140 3494062550 3385622 56679  16241
15.089625271 3497962116 3899566 56670  15960
15.101627530 3501396866 3434750 56672  16179
15.113611464 3505300212 3903346 56668  15967
15.125625019 3508709812 3409600 56674  15743
15.137625236 3512589760 3879948 56679  16590
15.149624764 3516034642 3444882 56674  16160
15.161613483 3519946306 3911664 56663  16058
15.173624100 3523373068 3426762 56677  16372
15.185627165 3527394887 4021819 56675  15858
15.197625623 3530719703 3324816 56664  17210
15.209592187 3534164524 3444821 51942  15332
15.220634092 3537696178 3531654 51946  13938
15.231612073 3541155824 3459646 56677  16299
15.243613391 3545039488 3883664 56669  16181
15.255626259 3548483013 3443525 56680  16333
15.267612807 3552506307 4023294 56677  16009
15.279624858 3555841965 3335658 56676  17143
15.291625177 3559852813 4010848 56668  15049
15.303612691 3563167366 3314553 56663  17233
15.315624059 3567189348 4021982 56681  15060
15.327624643 3570496870 3307522 56668  17894
15.339611464 3574522573 4025703 56667  14315
15.351624606 3577837300 3314727 56676  18313
15.363611374 3581471510 3634210 51949  13757
15.374622578 3585072658 3601148 56680  15316
15.386612126 3588800153 3727495 56671  16892
15.398624334 3592403356 3603203 56679  15670
15.410626022 3596303768 3900412 56669  16602
15.422610753 3599735242 3431474 56681  16327
15.434626552 3603656291 3921049 56681  16005
15.446623743 3607066671 3410380 56677  16118
15.458615007 3611044531 3977860 56666  16058
15.470623652 3614393556 3349025 56663  16322
15.482611580 3618301703 3908147 56676  15817
15.494611034 3621709322 3407619 56678  16607
15.506624285 3625684447 3975125 56673  15858
15.518611193 3629032788 3348341 56670  16466
15.530625915 3633045427 4012639 56676  15620
15.542634246 3636376617 3331190 56679  17142
15.554626544 3640375075 3998458 56664  14971
15.566610705 3643698244 3323169 56671  17151
15.578612030 3647697381 3999137 56685  15054
15.590624554 3651013499 3316118 56669  17328
15.602612965 3655035653 4022154 56684  14779
15.614624211 3658357086 3321433 56674  18248
15.626624942 3662379113 4022027 56673  13949
15.638610559 3665685933 3306820 56667  18175
15.650610394 3669253213 3567280 51945  13895
15.661611669 3672786649 3533436 51957  13660
15.672623210 3676102946 3316297 56676  17575
15.684612718 3680115944 4012998 56674  14849
15.696631649 3683443549 3327605 56675  18154
15.708623310 3687458770 4015221 56672  13921
15.720610927 3690828268 3369498 56672  18266
15.732624733 3694773020 3944752 56660  13803
15.744624964 3698090117 3317097 56674  18192
15.756624209 3702094631 4004514 56680  14005
15.768624827 3705462748 3368117 56672  18186
15.780610438 3709013361 3550613 51946  13875
15.791612785 3712526478 3513117 51953  13792
15.802610393 3715851691 3325213 56682  17695
15.814625587 3719872557 4020866 56665  14306
15.826609643 3723183994 3311437 56673  18308
15.838611057 3726751593 3567599 51960  13684
15.849635581 3730403968 3652375 56672  15502
15.861612752 3734168954 3764986 56678  16863
15.873611193 3737724683 3555729 56664  15336
15.885611938 3741543847 3819164 56680  16660
15.897626503 3745066122 3522275 56690  15968
15.909624724 3748938969 3872847 56663  16082
15.921611185 3752385012 3446043 56678  16121
15.933626150 3756227602 3842590 56675  16071
15.945611218 3759683336 3455734 56686  15776
15.957613859 3763547183 3863847 56668  16284
15.969623861 3767010883 3463700 56670  16088
15.981625002 3770931871 3920988 56669  16062
15.993611900 3774327972 3396101 56662  15944
16.005621214 3778182216 3854244 56661  16003
16.017613668 3781636785 3454569 56678  15820
16.029611469 3785555622 3918837 56675  16354
16.041625648 3788948950 3393328 56673  16296
16.053623909 3792872450 3923500 56663  16049
16.065613380 3796273867 3401417 56672  15978
16.077610518 3800287739 4013872 56664  15858
16.089625560 3803605236 3317497 56667  16967
16.101611904 3807611854 4006618 56678  15081
16.113623356 3810924803 3312949 56684  17304
16.125625264 3814921279 3996476 56678  14942
16.137611275 3818242355 3321076 56670  17458
16.149612359 3822254038 4011683 56664  14657
16.161624327 3825581670 3327632 56675  17962
16.173622272 3829579307 3997637 56666  14177
16.185611883 3832894919 3315612 56665  18050
16.197610597 3836464865 3569946 51953  14097
16.208613122 3840115990 3651125 56671  15329
16.220610253 3843898930 3782940 56675  16873
16.232613298 3847434823 3535893 56684  15566
16.244610736 3851302107 3867284 56679  16442
16.256625788 3854770250 3468143 56670  16059
16.268610848 3858632569 3862319 56673  15908
16.280612016 3862073308 3440739 56672  15869
16.292611964 3865961967 3888659 56677  16269
16.304623812 3869376266 3414299 56677  16069
16.316611733 3873335128 3958862 56668  15988
16.328618891 3876691849 3356721 56684  16044
16.340613279 3880591465 3899616 56682  15972
16.352641908 3884007410 3415945 56659  16168
16.364642062 3887851500 3844090 56676  15965
16.376624960 3891308886 3457386 56678  15889
16.388625234 3895219270 3910384 56665  16121
16.400624619 3898618836 3399566 56675  16284
16.412611099 3902545630 3926794 56673  15826
16.424611188 3905942557 3396927 56689  16148
16.436610269 3909949727 4007170 56669  15841
16.448625893 3913269390 3319663 56675  16842
16.460624064 3917271194 4001804 56675  15106
16.472610750 3920586558 3315364 56693  17577
16.484633884 3924595926 4009368 56668  14734
16.496624788 3927919865 3323939 56681  18218
16.508611036 3931493018 3573153 51953  13702
16.519609980 3935146717 3653699 56679  15306
16.531613052 3938908972 3762255 56668  16771
16.543613413 3942449255 3540283 56687  15290
16.555611691 3946210681 3761426 56684  16921
16.567613605 3949765821 3555140 56664  15741
16.579623867 3953619963 3854142 56680  16257
16.591624918 3957081734 3461771 56670  16068
16.603611379 3960968375 3886641 56686  15998
16.615612880 3964394043 3425668 56678  16043
16.627625926 3968225844 3831801 56675  15901
16.639623727 3971694320 3468476 56675  15899
16.651620694 3975602707 3908387 56675  16192
16.663611679 3978989631 3386924 56678  16068
16.675626761 3982831062 3841431 56683  16117
16.687623878 3986307274 3476212 56675  15920
16.699625496 3990264318 3957044 56659  15853
16.711626160 3993609816 3345498 56678  16166
16.723624826 3997459336 3849520 56674  15680
16.735624627 4000913684 3454348 56672  16370
16.747613928 4004777088 3863404 56674  15814
16.759612415 4008215489 3438401 56672  16231
16.771625031 4012121859 3906370 56681  15731
16.783612365 4015528758 3406899 56691  16106
16.795626779 4019448419 3919661 56672  15784
16.807619940 4022822118 3373699 56684  15992
16.819627089 4026664627 3842509 56681  16008
16.831625057 4030118786 3454159 56686  16109
16.843613141 4033989256 3870470 56667  15947
16.855611059 4037419804 3430548 56679  16003
16.867612546 4041340391 3920587 56683  15885
16.879613051 4044728925 3388534 56663  16057
16.891611519 4048610598 3881673 56667  15829
16.903612630 4052027387 3416789 56686  15954
16.915624361 4055900189 3872802 56670  16093
16.927624722 4059321376 3421187 56663  16011
16.939611523 4063241600 3920224 56660  15864
16.951624979 4066633135 3391535 56681  15925
16.963622710 4070575451 3942316 56684  15897
16.975623307 4073955018 3379567 56669  16008
16.987612425 4077795355 3840337 56670  16019
16.999612049 4081264739 3469384 56668  15769
17.011624725 4085163253 3898514 56670  16141
17.023623842 4088582135 3418882 56667  16178
17.035625733 4092503392 3921257 56674  15767
17.047626619 4095909468 3406076 56683  15997
17.059624223 4099824637 3915169 56666  15814
17.071624784 4103224626 3399989 56679  16006
17.083611562 4107090472 3865846 56673  15798
17.095612666 4110531762 3441290 56670  16190
17.107624575 4114395723 3863961 56675  16017
17.119634819 4117847972 3452249 56669  15998
17.131626543 4121696048 3848076 56680  15872
17.143610838 4125170609 3474561 56685  16031
17.155625596 4129008314 3837705 56662  15887
17.167623541 4132472555 3464241 56680  15692
17.179613755 4136307180 3834625 56670  16453
17.191623766 4139788200 3481020 56672  15945
17.203613387 4143668258 3880058 56669  15930
17.215611716 4147109887 3441629 56667  16128
17.227611487 4151030784 3920897 56680  15778
17.239612494 4154419096 3388312 56663  15772
17.251624196 4158281721 3862625 56668  16094
17.263625227 4161732990 3451269 56681  15835
17.275623258 4165653627 3920637 56672  16146
17.287620229 4169040532 3386905 56666  16181
17.299613180 4172927267 3886735 56679  15918
17.311622656 4176361116 3433849 56667  15845
17.323613943 4180292570 3931454 56672  15769
17.335611028 4183668220 3375650 56678  16002
17.347627029 4187514972 3846752 56674  15807
17.359611036 4190980937 3465965 56674  16318
17.371626435 4194896989 3916052 56664  15784
17.383624533 4198289885 3392896 56674  16167
17.395625287 4202181254 3891369 56671  15714
17.407624908 4205618582 3437328 56679  16284
17.419612246 4209572403 3953821 56674  15572
17.431612270 4212921163 3348760 56672  16228
17.443619525 4216778427 3857264 56676  15728
17.455626006 4220216461 3438034 56672  16062
17.467624231 4224075213 3858752 56671  15901
17.479612698 4227524420 3449207 56688  15947
17.491624320 4231368681 3844261 56675  15886
17.503625401 4234841260 3472579 56681  15969
17.515613972 4238695851 3854591 56669  15935
17.527624204 4242143626 3447775 56675  15803
17.539625242 4246016561 3872935 56680  16219
17.551612100 4249446572 3430011 56670  16095
17.563611694 4253324842 3878270 56671  15817
17.575612382 4256757454 3432612 56675  15877
17.587625604 4260696759 3939305 56677  15951
17.599634341 4264068362 3371603 56674  16006
17.611624939 4267905278 3836916 56669  16015
17.623612090 4271367564 3462286 56665  15687
17.635611438 4275244370 3876806 56682  16221
17.647624230 4278676736 3432366 56675  16133
17.659612904 4282529274 3852538 56676  15826
17.671611208 4285989078 3459804 56675  15647
17.683626526 4289865965 3876887 56670  16105
17.695609700 4293299652 3433687 56665  15856
17.707625842 4297131454 3831802 56687  15912
17.719624353 4300604669 3473215 56662  16267
17.731624518 4304507589 3902920 56665  15905
17.743624872 4307905055 3397466 56672  15821
17.755619637 4311764173 3859118 56685  15909
17.767613981 4315224455 3460282 56678  16120
17.779611546 4319134596 3910141 56669  15734
17.791626090 4322524036 3389440 56670  15977
17.803623858 4326346221 3822185 56681  16065
17.815612696 4329816649 3470428 56680  15848
17.827624734 4333692716 3876067 56675  15926
17.839611795 4337134045 3441329 56675  16190
17.851612303 4341067948 3933903 56685  15609
17.863623807 4344435197 3367249 56666  15915
17.875613155 4348278466 3843269 56668  15822
17.887611583 4351723031 3444565 56676  15517
17.899612887 4355612791 3889760 56679  16491
17.911612216 4359031250 3418459 56671  16155
17.923633674 4362918882 3887632 56664  15945
17.935624875 4366347226 3428344 56676  15940
17.947625273 4370311737 3964511 56668  15683
17.959612334 4373643790 3332053 56668  16047
17.971612522 4377508999 3865209 56669  15703
17.983625436 4380946095 3437096 56676  16311
17.995612787 4384842701 3896606 56664  15768
18.007611545 4388246274 3403573 56675  16153
18.019625530 4392153208 3906934 56670  15637
18.031611841 4395557856 3404648 56667  16017
18.043626612 4399457370 3899514 56678  15717
18.055624631 4402849663 3392293 56674  15948
18.067624088 4406668394 3818731 56678  15910
18.079633916 4410143497 3475103 56681  16066
18.091612694 4414019487 3875990 56678  15870
18.103613218 4417439782 3420295 56675  15933
18.115623553 4421298430 3858648 56681  15899
18.127624924 4424751629 3453199 56674  16075
18.139624229 4428624561 3872932 56663  15755
18.151612420 4432044354 3419793 56677  15833
18.163625944 4435910566 3866212 56681  16122
18.175624562 4439330748 3420182 56672  15887
18.187613616 4443205253 3874505 56675  15962
18.199610645 4446642226 3436973 56676  16030
18.211625702 4450582119 3939893 56676  15660
18.223610763 4453941666 3359547 56657  15954
18.235620391 4457781075 3839409 56676  15934
18.247613900 4461235474 3454399 56676  15745
18.259625424 4465108148 3872674 56678  16038
18.271626095 4468533450 3425302 56680  16066
18.283623973 4472400237 3866787 56673  15774
18.295613007 4475842227 3441990 56686  15653
18.307611245 4479725956 3883729 56666  16045
18.319624093 4483148341 3422385 56674  15967
18.331612661 4486999625 3851284 56672  15743
18.343611925 4490445231 3445606 56675  16359
18.355625091 4494380138 3934907 56669  15690
18.367624408 4497742113 3361975 56681  16054
18.379612239 4501669065 3926952 56662  15596
18.391633614 4505048151 3379086 56671  16146
18.403626835 4508915330 3867179 56663  15638
18.415625153 4512340269 3424939 56680  15988
18.427611974 4516170505 3830236 56675  15978
18.439614125 4519629569 3459064 56669  16035
18.451612770 4523576422 3946853 56676  15670
18.463625217 4526931503 3355081 56667  16131
18.475626575 4530818894 3887391 56676  15695
18.487612223 4534232153 3413259 56668  16016
18.499625331 4538088894 3856741 56658  15655
18.511624326 4541518866 3429972 56686  15724
18.523612050 4545420302 3901436 56679  16102
18.535609384 4548812664 3392362 56672  16208
18.547627206 4552678857 3866193 56673  15777
18.559617181 4556116723 3437866 56668  16262
18.571614298 4560026878 3910155 56666  16379
18.583607420 4563408398 3381520 56670  16489
18.595621487 4567256148 3847750 56679  16128
18.607633372 4570695308 3439160 56679  16379
18.619625000 4574595706 3900398 56675  16284
18.631611651 4577992093 3396387 56677  16322
18.643612159 4581892653 3900560 56686  16061
18.655624456 4585296351 3403698 56675  16128
18.667611767 4589213513 3917162 56673  15848
18.679624453 4592585678 3372165 56663  16049
18.691612953 4596411765 3826087 56678  15832
18.703624238 4599870994 3459229 56673  16103
18.715635690 4603768433 3897439 56664  15866
18.727611137 4607165106 3396673 56660  16095
18.739612521 4611026226 3861120 56681  15748
18.751625673 4614463708 3437482 56677  16067
18.763624811 4618372956 3909248 56670  15763
18.775612898 4621748387 3375431 56675  15757
18.787611159 4625618922 3870535 56677  16089
18.799625557 4629034112 3415190 56662  16126
18.811624869 4632961423 3927311 56672  15702
18.823612603 4636327945 3366522 56673  16004
18.835625954 4640263546 3935601 56660  15715
18.847611749 4643623635 3360089 56669  16064
18.859625330 4647405866 3782231 56674  15836
18.871621832 4650899377 3493511 56673  15495
18.883614123 4654778244 3878867 56670  16323
18.895622950 4658195989 3417745 56677  16136
18.907616941 4662108398 3912409 56684  15715
18.919613002 4665502183 3393785 56677  15949
18.931612477 4669449642 3947459 56663  15695
18.943625782 4672796386 3346744 56673  16173
18.955624636 4676666461 3870075 56669  15461
18.967613214 4680077016 3410555 56670  16361
18.979611312 4684004482 3927466 56672  15579
18.991625853 4687365053 3360571 56672  16081
19.003613420 4691305540 3940487 56678  15430
19.015623916 4694661974 3356434 56675  16090
19.027623690 4698558115 3896141 56664  15578
19.039624581 4701938805 3380690 56677  15779
19.051625375 4705751530 3812725 56683  16023
19.063612680 4709217456 3465926 56681  15832
19.075626575 4713060116 3842660 56666  15813
19.087613845 4716518651 3458535 56675  16146
19.099624194 4720449814 3931163 56680  15516
19.111625475 4723806411 3356597 56670  15970
19.123611299 4727677589 3871178 56670  15645
19.135606417 4731091604 3414015 56681  15911
19.147612685 4735002990 3911386 56671  15854
19.159624993 4738368315 3365325 56666  16137
19.171625491 4742251921 3883606 56674  15751
19.183623998 4745663090 3411169 56687  15796
19.195621006 4749564821 3901731 56671  15663
19.207611577 4752945008 3380187 56678  16114
19.219625562 4756765463 3820455 56670  15608
19.231625087 4760228530 3463067 56676  16160
19.243613424 4764129765 3901235 56676  15735
19.255625329 4767511741 3381976 56666  15955
19.267611303 4771428212 3916471 56672  15626
19.279625124 4774813725 3385513 56670  16016
19.291611505 4778741503 3927778 56658  15601
19.303612663 4782090173 3348670 56671  16015
19.315623515 4785938783 3848610 56679  15650
19.327611842 4789366022 3427239 56678  16130
19.339625467 4793259893 3893871 56667  15650
19.351633805 4796648265 3388372 56676  15991
19.363626373 4800502308 3854043 56679  15682
19.375622997 4803934559 3432251 56674  15835
19.387627318 4807794811 3860252 56664  15800
19.399609903 4811198259 3403448 56671  15243
19.411626407 4815066089 3867830 56678  16514
19.423625766 4818487122 3421033 56664  15836
19.435612207 4822409216 3922094 56681  15809
19.447624698 4825786565 3377349 56674  16016
19.459625525 4829711747 3925182 56670  15619
19.471612603 4833076317 3364570 56680  15958
19.483612187 4836884458 3808141 56678  15861
19.495612079 4840359030 3474572 56667  15601
19.507622614 4844237878 3878848 56669  16002
19.519611911 4847651208 3413330 56674  16153
19.531612186 4851597460 3946252 56678  15569
19.543612770 4854953705 3356245 56685  15977
19.555625242 4858941813 3988108 56666  15588
19.567624723 4862259375 3317562 56654  16635
19.579624384 4866162725 3903350 56675  14917
19.591613522 4869525099 3362374 56677  16310
19.603623463 4873461645 3936546 56671  15552
19.615625567 4876808247 3346602 56676  16000
19.627610951 4880749287 3941040 56675  15555
19.639612549 4884105889 3356602 56676  16140
19.651624638 4888035920 3930031 56665  15486
19.663634739 4891385358 3349438 56673  15947
19.675612530 4895179605 3794247 56684  15838
19.687623237 4898656528 3476923 56663  15751
19.699627089 4902511659 3855131 56680  15822
19.711621907 4905955958 3444299 56687  16173
19.723608060 4909876387 3920429 56674  15474
19.735610682 4913242924 3366537 56671  15999
19.747627837 4917137283 3894359 56671  15551
19.759624581 4920516281 3378998 56672  15613
19.771612239 4924392948 3876667 56665  16112
19.783611283 4927799394 3406446 56674  16100
19.795624245 4931682227 3882833 56679  15742
19.807625389 4935092637 3410410 56686  15764
19.819610640 4939032620 3939983 56679  15590
19.831622365 4942369117 3336497 56670  15880
19.843625772 4946188432 3819315 56671  15640
19.855610663 4949645867 3457435 56677  15876
19.867613031 4953515987 3870120 56669  15982
19.879610866 4956935913 3419926 56676  16057
19.891613374 4960838870 3902957 56673  15588
19.903624442 4964230797 3391927 56676  15922
19.915613143 4968127202 3896405 56669  15575
19.927612100 4971506470 3379268 56678  15945
19.939611405 4975318009 3811539 56684  15635
19.951624330 4978776480 3458471 56674  15922
19.963611311 4982637784 3861304 56669  15855
19.975612035 4986058355 3420571 56671  15940
19.987632660 4989965328 3906973 56665  15728
19.999626721 4993347401 3382073 56677  15886
20.011612592 4997204597 3857196 56664  15671
20.023624154 5000620190 3415593 56674  15608
20.035625855 5004492109 3871919 56672  16041
20.047624882 5007892908 3400799 56676  15949
20.059626123 5011769331 3876423 56669  15677
20.071610808 5015177783 3408452 56673  15831
20.083625909 5019092604 3914821 56684  15621
20.095623817 5022462764 3370160 56667  15935
20.107624002 5026269364 3806600 56678  15745
20.119612966 5029729271 3459907 56669  15526
20.131623327 5033628192 3898921 56675  16113
20.143634521 5037011450 3383258 56677  16054
20.155612166 5040919252 3907802 56679  15626
20.167612900 5044305274 3386022 56682  15837
20.179624449 5048155193 3849919 56672  15687
20.191611896 5051573686 3418493 56678  15644
20.203614891 5055386267 3812581 56674  16010
20.215610635 5058847780 3461513 56670  15988
20.227612646 5062670349 3822569 56672  15948
20.239623244 5066124313 3453964 56670  15643
20.251612831 5069982716 3858403 56687  15852
20.263635310 5073415046 3432330 56675  15941
20.275613181 5077231269 3816223 56660  15644
20.287625209 5080687182 3455913 56673  15812
20.299612103 5084476930 3789748 56671  15971
20.311630995 5087953124 3476194 56667  15911
20.323607058 5091828872 3875748 56679  15938
20.335612663 5095242348 3413476 56687  16267
20.347644705 5099179819 3937471 56673  15512
20.359611336 5102522908 3343089 56664  16085
20.371613847 5106429710 3906802 56671  15509
20.383623524 5109789449 3359739 56685  15865
20.395579703 5113694342 3904893 56674  15926
20.407571180 5116950320 3255978 51944  13699
20.418613038 5120240561 3290241 56665  18077
20.430624153 5124227997 3987436 56670  13637
20.442625557 5127612552 3384555 56674  18063
20.454612205 5131174439 3561887 51943  13617
20.465619856 5134700806 3526367 56668  14972
20.477626270 5138344075 3643269 56682  16804
20.489610751 5141985866 3641791 56667  15624
20.501613706 5145868013 3882147 56660  16108
20.513623454 5149278777 3410764 56678  16173
20.525626155 5153229087 3950310 56674  15452
20.537625899 5156558751 3329664 56664  16073
20.549611234 5160491084 3932333 56673  15460
20.561612775 5163821662 3330578 56675  15844
20.573622973 5167732637 3910975 56673  17359
20.585628218 5171084346 3351709 56670  17261
20.597613075 5175008115 3923769 56669  16506
20.609611916 5178365977 3357862 56674  16684
20.621635062 5182315942 3949965 56669  16306
20.633625932 5185632005 3316063 56670  16666
20.645624864 5189464700 3832695 56681  16187
20.657611984 5192897498 3432798 56671  16578
20.669626009 5196842522 3945024 56666  16483
20.681624680 5200169350 3326828 56672  16357
20.693613964 5204083023 3913673 56673  15804
20.705624625 5207464886 3381863 56680  16188
20.717626333 5211411009 3946123 56665  15383
20.729624344 5214732253 3321244 56668  16123
20.741612488 5218627867 3895614 56673  15492
20.753613256 5221991398 3363531 56677  16137
20.765624645 5225893379 3901981 56682  15646
20.777635509 5229262753 3369374 56670  16000
20.789625193 5233112375 3849622 56674  15610
20.801612224 5236540939 3428564 56675  15840
20.813612375 5240415698 3874759 56667  15674
20.825612440 5243810143 3394445 56672  15745
20.837625765 5247676522 3866379 56690  15967
20.849611622 5251076576 3400054 56682  16068
20.861613217 5255065885 3989309 56677  15484
20.873612791 5258363016 3297131 56687  16378
20.885624952 5262356355 3993339 56673  15022
20.897624410 5265647013 3290658 56673  16788
20.909611994 5269625148 3978135 56667  14916
20.921613175 5272918770 3293622 56672  16846
20.933610690 5276893216 3974446 56680  14692
20.945634418 5280181741 3288525 56672  16977
20.957624976 5284176348 3994607 56675  14548
20.969611063 5287470890 3294542 56679  16969
20.981625125 5291454733 3983843 56672  14459
20.993625129 5294752137 3297404 56680  17533
21.005613413 5298731967 3979830 56681  13862
21.017623448 5302090864 3358897 56671  18173
21.029612812 5305654516 3563652 51940  13598
21.040611186 5309208283 3553767 56681  14973
21.052610991 5312963651 3755368 56667  16409
21.064611376 5316502245 3538594 56675  15618
21.076625007 5320371778 3869533 56666  15854
21.088623578 5323772032 3400254 56678  15875
21.100632780 5327586076 3814044 56683  15840
21.112625091 5331029156 3443080 56681  15807
21.124611024 5334898597 3869441 56680  15689
21.136624680 5338306308 3407711 56692  16072
21.148617524 5342295401 3989093 56675  15448
21.160613028 5345593108 3297707 56664  16576
21.172625443 5349569759 3976651 56668  14952
21.184611277 5352858838 3289079 56667  16669
21.196626095 5356830163 3971325 56670  14926
21.208623213 5360121598 3291435 56669  17082
21.220613033 5364098756 3977158 56676  14569
21.232622782 5367406246 3307490 56669  17055
21.244626283 5371406068 3999822 56669  14189
21.256644651 5374730636 3324568 56673  18031
21.268610798 5378654202 3923566 56676  13462
21.280612913 5381948448 3294246 56685  18176
21.292624227 5385578301 3629853 51951  13539
21.303624155 5389131803 3553502 56665  15339
21.315626290 5392974427 3842624 56674  16173
21.327612557 5396426511 3452084 56682  15850
21.339613065 5400311079 3884568 56675  15634
21.351622860 5403683455 3372376 56676  15743
21.363613707 5407474892 3791437 56668  15765
21.375611278 5410937948 3463056 56678  15901
21.387625263 5414828977 3891029 56665  15689
21.399611424 5418206416 3377439 56675  15948
21.411620455 5422027186 3820770 56682  15538
21.423625580 5425476867 3449681 56678  15926
21.435625214 5429360250 3883383 56663  15495
21.447625872 5432733166 3372916 56675  15710
21.459610530 5436612320 3879154 56672  15903
21.471613117 5439983174 3370854 56680  15810
21.483610852 5443879514 3896340 56673  15701
21.495626519 5447251598 3372084 56673  15833
21.507623818 5451182961 3931363 56676  15553
21.519613028 5454511237 3328276 56661  15720
21.531625737 5458321268 3810031 56682  15857
21.543625004 5461764394 3443126 56675  15517
21.555625309 5465605316 3840922 56674  15980
21.567621123 5469024328 3419012 56681  15895
21.579613554 5472868962 3844634 56671  15575
21.591623923 5476295442 3426480 56681  15530
21.603626444 5480229732 3934290 56669  15780
21.615611861 5483567812 3338080 56666  16040
21.627625822 5487378697 3810885 56681  15322
21.639611710 5490816777 3438080 56675  16289
21.651625041 5494789877 3973100 56673  15506
21.663612359 5498098163 3308286 56666  16752
21.675610736 5502071447 3973284 56685  14651
21.687625674 5505366976 3295529 56695  16901
21.699612795 5509326575 3959599 56673  14535
21.711611539 5512624631 3298056 56678  16837
21.723611328 5516581156 3956525 56673  14749
21.735632689 5519876630 3295474 56671  16985
21.747625993 5523856323 3979693 56673  14453
21.759611338 5527157547 3301224 56670  17881
21.771613082 5531141276 3983729 56679  13531
21.783625960 5534468515 3327239 56676  17750
21.795611224 5538017997 3549482 51942  13546
21.806612125 5541582376 3564379 56681  14790
21.818611863 5545359068 3776692 56676  16622
21.830624508 5548849954 3490886 56674  15892
21.842624459 5552675693 3825739 56672  15727
21.854612543 5556114950 3439257 56669  15585
21.866612418 5560044465 3929515 56669  15559
21.878623889 5563364626 3320161 56673  15833
21.890633611 5567210387 3845761 56678  15462
21.902612011 5570628289 3417902 56682  16170
21.914612225 5574591933 3963644 56675  15465
21.926624676 5577925903 3333970 56672  16086
21.938624428 5581887088 3961185 56674  15374
21.950612301 5585227184 3340096 56677  16076
21.962623813 5589234042 4006858 56677  15242
21.974624988 5592545263 3311221 56663  16470
21.986624252 5596536128 3990865 56676  14944
21.998612143 5599861284 3325156 56669  16899
22.010611454 5603878392 4017108 56672  14524
22.022623762 5607192230 3313838 56677  17739
22.034630804 5611204624 4012394 56675  13563
22.046631305 5614733694 3529070 56671  17775
22.058613201 5618290449 3556755 51956  13550
22.069624297 5621740027 3449578 56672  15448
22.081613330 5625652384 3912357 56683  16016
22.093611472 5629049396 3397012 56675  15802
22.105625713 5632964746 3915350 56667  15602
22.117610544 5636355532 3390786 56676  15817
22.129625272 5640304759 3949227 56672  15452
22.141612793 5643659868 3355109 56671  15989
22.153624398 5647536254 3876386 56678  15577
22.165625159 5650959116 3422862 56684  15715
22.177611703 5654917584 3958468 56675  15636
22.189611623 5658276091 3358507 56684  16294
22.201624845 5662273430 3997339 56670  15158
22.213632746 5665590103 3316673 56672  16555
22.225613047 5669595346 4005243 56669  14694
22.237611025 5672908620 3313274 56671  17213
22.249625633 5676920211 4011591 56677  14147
22.261623684 5680287255 3367044 56668  18028
22.273612381 5683843330 3556075 51954  13529
22.284622977 5687444154 3600824 56683  14979
22.296613127 5691237112 3792958 56674  16291
22.308624152 5694768928 3531816 56669  15672
22.320612075 5698629176 3860248 56668  15660
22.332612741 5702066478 3437302 56670  15570
22.344624055 5705854712 3788234 56667  15935
22.356624459 5709369414 3514702 56671  15612
22.368632164 5713231792 3862378 56670  15725
22.380612538 5716674156 3442364 56678  15943
22.392624830 5720615618 3941462 56685  15449
22.404624948 5723975182 3359564 56674  15876
22.416612368 5727833853 3858671 56680  15376
22.428611753 5731271734 3437881 56684  15846
22.440625117 5735233293 3961559 56670  15574
22.452611118 5738577313 3344020 56678  16250
22.464624133 5742537328 3960015 56668  15272
22.476612440 5745875739 3338411 56673  16043
22.488611278 5749875752 4000013 56680  15113
22.500625266 5753192533 3316781 56662  16915
22.512609767 5757180259 3987726 56672  14492
22.524620842 5760485010 3304751 56687  16880
22.536612440 5764481422 3996412 56673  14747
22.548623924 5767801167 3319745 56671  17358
22.560613445 5771804764 4003597 56678  14046
22.572622863 5775215927 3411163 56685  17823
22.584625000 5778766236 3550309 51944  13541
22.595623525 5782322342 3556106 56673  14837
22.607612746 5786027220 3704878 56676  16649
22.619623783 5789641329 3614109 56683  15624
22.631612284 5793526654 3885325 56665  15895
22.643623986 5796940585 3413931 56679  15775
22.655624734 5800787080 3846495 56675  15530
22.667612078 5804241782 3454702 56692  15881
22.679633423 5808151706 3909924 56666  15500
22.691613487 5811533180 3381474 56669  15708
22.703624521 5815442378 3909198 56665  15793
22.715613072 5818824202 3381824 56668  15729
22.727624090 5822685755 3861553 56668  15619
22.739626301 5826122937 3437182 56680  15791
22.751612489 5830044566 3921629 56675  15452
22.763610880 5833415625 3371059 56660  15846
22.775611891 5837238889 3823264 56672  15626
22.787611048 5840706105 3467216 56668  15653
22.799612456 5844627458 3921353 56673  15664
22.811610918 5848005394 3377936 56671  16021
22.823623539 5851932031 3926637 56675  15421
22.835625840 5855298732 3366701 56672  15880
22.847619184 5859298199 3999467 56667  15357
22.859625422 5862609500 3311301 56668  16545
22.871611576 5866593214 3983714 56683  14706
22.883625721 5869910529 3317315 56679  17040
22.895610605 5873898796 3988267 56673  14510
22.907611646 5877201376 3302580 56667  16936
22.919625185 5881187665 3986289 56680  14333
22.931625399 5884494206 3306541 56662  16872
22.943624837 5888477488 3983282 56681  14443
22.955621774 5891784793 3307305 56671  16822
22.967625529 5895771581 3986788 56677  14655
22.979623173 5899089454 3317873 56679  17326
22.991611661 5903087484 3998030 56677  13954
23.003621765 5906436670 3349186 56671  17869
23.015625896 5910001456 3564786 51945  13427
23.026625591 5913609039 3607583 56668  15382
23.038625931 5917450097 3841058 56670  15876
23.050613029 5920906268 3456171 56686  15727
23.062624670 5924807197 3900929 56671  15654
23.074624958 5928199588 3392391 56670  16028
23.086613559 5932137356 3937768 56676  15465
23.098610561 5935486924 3349568 56669  15544
23.110625765 5939498169 4011245 56673  15452
23.122610253 5942806103 3307934 56676  16843
23.134612764 5946787337 3981234 56673  14480
23.146611005 5950095599 3308262 56671  16876
23.158634332 5954089970 3994371 56668  14570
23.170624983 5957406509 3316539 56682  17504
23.182611254 5960979582 3573073 51951  13723
23.193626273 5964623034 3643452 56674  14983
23.205610323 5968331141 3708107 56674  16311
23.217614577 5971910015 3578874 56677  14842
23.229610855 5975625371 3715356 56679  16410
23.241625520 5979214429 3589058 56670  15423
23.253624735 5983101113 3886684 56657  16025
23.265610162 5986507901 3406788 56676  15606
23.277612843 5990336508 3828607 56668  15571
23.289611644 5993802554 3466046 56679  15694
23.301625242 5997701013 3898459 56667  15532
23.313619556 6001078017 3377004 56670  15227
23.325613834 6004940259 3862242 56678  16127
23.337624465 6008377104 3436845 56685  15836
23.349625833 6012277544 3900440 56671  15417
23.361612787 6015664731 3387187 56677  15657
23.373624922 6019616435 3951704 56680  15423
23.385625117 6022962090 3345655 56668  16109
23.397624381 6026902864 3940774 56670  15230
23.409612341 6030240226 3337362 56676  15851
23.421611226 6034234225 3993999 56669  15401
23.433624434 6037552184 3317959 56677  16838
23.445625785 6041545719 3993535 56678  14479
23.457610973 6044846652 3300933 56665  17041
23.469624907 6048854460 4007808 56668  14205
23.481631912 6052155183 3300723 56663  17847
23.493613093 6056133296 3978113 56681  13321
23.505611867 6059537386 3404090 56674  18022
23.517611098 6063092375 3554989 51950  13496
23.528625666 6066636846 3544471 56684  14908
23.540611877 6070468142 3831296 56676  16241
23.552625258 6073951262 3483120 56668  15844
23.564624599 6077894368 3943106 56677  15317
23.576625050 6081236064 3341696 56689  15931
23.588611051 6085104695 3868631 56680  15490
23.600624832 6088518633 3413938 56669  15887
23.612624860 6092512825 3994192 56673  15232
23.624610898 6095824222 3311397 56679  16777
23.636620259 6099813067 3988845 56680  14438
23.648624537 6103118337 3305270 56662  16969
23.660612404 6107111433 3993096 56680  14085
23.672611122 6110417177 3305744 56680  17719
23.684612013 6113989594 3572417 51951  13539
23.695626065 6117613046 3623452 56679  15056
23.707624426 6121392932 3779886 56676  16342
23.719613226 6124913647 3520715 56676  15263
23.731610210 6128845621 3931974 56683  15619
23.743612145 6132204364 3358743 56669  15873
23.755624066 6136067061 3862697 56669  15241
23.767612547 6139486371 3419310 56674  16021
23.779612725 6143472826 3986455 56668  15350
23.791632203 6146790817 3317991 56672  16729
23.803626687 6150778917 3988100 56675  14483
23.815623771 6154086773 3307856 56669  16958
23.827625749 6158079339 3992566 56663  14019
23.839624107 6161381495 3302156 56670  17610
23.851624908 6165361128 3979633 56682  13595
23.863611372 6168712236 3351108 56679  17799
23.875612326 6172281004 3568768 51948  13409
23.886625341 6175858107 3577103 56677  14971
23.898610998 6179687143 3829036 56677  16083
23.910625190 6183160198 3473055 56664  15569
23.922611800 6187006204 3846006 56669  15501
23.934626222 6190433834 3427630 56671  15385
23.946633307 6194291060 3857226 56679  15883
23.958611071 6197713632 3422572 56669  15688
23.970612542 6201615617 3901985 56672  15392
23.982610936 6204996965 3381348 56680  15837
23.994608814 6208915954 3918989 56686  15162
24.006612008 6212272942 3356988 56663  15873
24.018612619 6216144534 3871592 56677  15438
24.030624627 6219551144 3406610 56690  15776
24.042624205 6223540972 3989828 56679  15318
24.054611259 6226849743 3308771 56672  16660
24.066611433 6230837172 3987429 56682  14410
24.078613321 6234135831 3298659 56679  16862
24.090624599 6238137356 4001525 56674  14132
24.102612590 6241434199 3296843 56665  17717
24.114618348 6245412604 3978405 56672  13304
24.126644409 6248805998 3393394 56676  17955
24.138624140 6252349296 3543298 51945  13481
24.149611144 6255899164 3549868 56679  14941
24.161613059 6259748015 3848851 56677  15992
24.173624047 6263199564 3451549 56677  15766
24.185612624 6267106746 3907182 56666  15330
24.197623789 6270468749 3362003 56664  15614
24.209624903 6274299240 3830491 56681  15672
24.221612597 6277741220 3441980 56670  15686
24.233611375 6281732600 3991380 56673  15444
24.245624959 6285042840 3310240 56672  16696
24.257623980 6289033864 3991024 56684  14436
24.269622362 6292334755 3300891 56660  17198
24.281610766 6296314887 3980132 56667  13821
24.293624873 6299632142 3317255 56679  17730
24.305625672 6303228736 3596594 51961  13444
24.316623456 6306811129 3582393 56674  15077
24.328625657 6310637266 3826137 56666  16253
24.340622732 6314109114 3471848 56678  15408
24.352625819 6318030365 3921251 56677  15370
24.364611159 6321391311 3360946 56662  15881
24.376611831 6325259897 3868586 56675  15172
24.388625836 6328666783 3406886 56678  15977
24.400610137 6332649670 3982887 56665  15339
24.412611861 6335962286 3312616 56684  16500
24.424618849 6339945583 3983297 56679  14663
24.436625990 6343253509 3307926 56671  16813
24.448623377 6347240365 3986856 56676  14239
24.460612995 6350541756 3301391 56660  17391
24.472645907 6354520420 3978664 56679  13898
24.484614940 6357858647 3338227 56664  17829
24.496612645 6361430785 3572138 51936  13472
24.507612336 6365013112 3582327 56673  14926
24.519611453 6368813409 3800297 56677  16211
24.531625239 6372319290 3505881 56676  15674
24.543625280 6376218931 3899641 56664  15353
24.555611686 6379591824 3372893 56669  15572
24.567611634 6383485479 3893655 56671  15637
24.579634903 6386865088 3379609 56671  15732
24.591624434 6390792110 3927022 56671  15275
24.603612871 6394142876 3350766 56679  15841
24.615612316 6398098384 3955508 56678  15113
24.627623973 6401417267 3318883 56660  15965
24.639625304 6405279912 3862645 56680  15308
24.651624809 6408683434 3403522 56678  15632
24.663625663 6412673617 3990183 56675  15361
24.675623471 6415987645 3314028 56678  16840
24.687626042 6419978521 3990876 56685  14269
24.699623509 6423280456 3301935 56681  17437
24.711612720 6426880949 3600493 51951  13441
24.722624151 6430474008 3593059 56667  14967
24.734624746 6434243794 3769786 56677  16125
24.746627397 6437760922 3517128 56665  15539
24.758612844 6441635811 3874889 56667  15789
24.770624203 6445039213 3403402 56674  15691
24.782624513 6448988393 3949180 56674  15268
24.794612357 6452332791 3344398 56671  16391
24.806612108 6456309549 3976758 56664  14616
24.818611529 6459604529 3294980 56669  16345
24.830628094 6463580618 3976089 56672  14825
24.842610905 6466892834 3312216 56684  17080
24.854612889 6470876382 3983548 56689  13901
24.866624724 6474190284 3313902 56668  17710
24.878625785 6478167503 3977219 56666  13238
24.890611175 6481609953 3442450 56667  17511
24.902635727 6485141417 3531464 51957  13404
24.913623832 6488643358 3501941 56673  15208
24.925610699 6492551186 3907828 56683  15852
24.937613210 6495924551 3373365 56669  15828
24.949624545 6499900448 3975897 56676  15318
24.961613342 6503216958 3316510 56679  16357
24.973611243 6507218222 4001264 56676  14333
24.985612138 6510513408 3295186 56661  17626
24.997611252 6514484268 3970860 56673  13348
25.009623480 6517785077 3300809 56679  17964
25.021611934 6521512569 3727492 51949  13319
25.032622858 6524987017 3474448 56676  15602
25.044627133 6528882709 3895692 56674  15405
25.056632530 6532266050 3383341 56686  15748
25.068627191 6536206936 3940886 56667  15172
25.080623999 6539534641 3327705 56666  15898
25.092626677 6543462668 3928027 56666  15133
25.104624104 6546805401 3342733 56669  16221
25.116611989 6550788538 3983137 56680  14992
25.128612563 6554086407 3297869 56677  16663
25.140624748 6558061437 3975030 56679  14276
25.152624569 6561376632 3315195 56671  17333
25.164610719 6564934926 3558294 51952  13549
25.175612204 6568553146 3618220 56686  14523
25.187642386 6572291362 3738216 56674  16686
25.199622637 6575842394 3551032 56668  15430
25.211635044 6579694807 3852413 56673  15533
25.223611874 6583116673 3421866 56686  15744
25.235613539 6587097511 3980838 56679  15177
25.247624747 6590401059 3303548 56667  16413
25.259625928 6594374359 3973300 56673  14699
25.271629573 6597672542 3298183 56676  16720
25.283623974 6601650713 3978171 56671  14299
25.295625815 6604006715 2356002 56663  26562
25.307611829 6606612334 2605619 51958  12526
25.318611017 6610146717 3534383 51964  13115
25.329623548 6613447992 3301275 56680  16573
25.341613789 6617420848 3972856 56665  14663
25.353623133 6620709434 3288586 56677  16620
25.365625841 6624681798 3972364 56681  15019
25.377632752 6627977938 3296140 56665  17231
25.389624709 6631951115 3973177 56684  14860
25.401611560 6635239870 3288755 56681  16567
25.413624455 6639219434 3979564 56680  14377
25.425614166 6642521887 3302453 56665  17098
25.437612417 6646068826 3546939 51937  13894
25.448624181 6649697652 3628826 56678  14437
25.460611885 6653436841 3739189 56681  16891
25.472622826 6656986657 3549816 56664  15435
25.484625267 6660887856 3901199 56670  15667
25.496581480 6664260530 3372674 56673  15876
25.508611833 6668252263 3991733 56674  15168
25.520624517 6669937429 1685166 56663  36040
25.532622208 6671202476 1265047 56687  48491
25.544626183 6672385872 1183396 56670  47813
25.556614143 6673509308 1123436 56675  48094
25.568614268 6674785218 1275910 56665  49408
25.580611392 6676062178 1276960 56689  49523
25.592627314 6677339011 1276833 56679  49812
25.604623614 6678619546 1280535 56681  49946
25.616627219 6679897938 1278392 56666  50249
25.628624700 6681173889 1275951 56670  50083
25.640612364 6682446823 1272934 56675  49886
25.652625225 6683722267 1275444 56671  49981
25.664624540 6684999658 1277391 56679  50093
25.676625974 6686287134 1287476 56670  50051
25.688620162 6687604267 1317133 56689  49452
25.700627176 6688876771 1272504 56673  50168
25.712611840 6690149309 1272538 56681  49736
25.724614022 6691423919 1274610 56674  50000
25.736625563 6692697506 1273587 56672  50023
25.748625297 6693970284 1272778 56670  49868
25.760626135 6695240241 1269957 56666  49862
25.772611682 6696510963 1270722 56696  49586
25.784611317 6697836216 1325253 56669  49770
25.796611867 6699108157 1271941 56681  49882
25.808624349 6700383117 1274960 56677  49905
25.820612603 6701656557 1273440 56682  49944
25.832610984 6702929300 1272743 56670  49628
25.844613465 6704204908 1275608 56686  50049
25.856632076 6705476065 1271157 56677  49609
25.868613714 6706756841 1280776 56668  50247
25.880624471 6708075532 1318691 56670  49363
25.892625609 6709346234 1270702 56678  49863
25.904612987 6710615393 1269159 56673  49871
25.916612514 6711885254 1269861 56684  49735
25.928613445 6713155569 1270315 56687  49915
25.940623913 6714422771 1267202 56669  49130
25.952625564 6715693845 1271074 56675  47718
25.964623618 6716961179 1267334 56669  46973
25.976611186 6718283798 1322619 56674  45441
25.988624804 6719549143 1265345 56669  46175
26.000623955 6720814838 1265695 56670  45761
26.012633603 6722080353 1265515 56664  46165
26.024611983 6723345668 1265315 56667  45845
26.036624201 6724615020 1269352 56687  45528
26.048610859 6725897185 1282165 56660  45877
26.060610490 6727200116 1302931 56668  45297
26.072624801 6728464207 1264091 56669  45607
26.084624712 6729454590 990383 51947  42094
26.095627833 6730444942 990352 51947  38404
26.106611524 6731497353 1052411 56675  39693
26.118613428 6732759696 1262343 56677  46874
26.130611572 6734058610 1298914 56683  47068
26.142624573 6735338850 1280240 56680  46672
26.154610794 6736297175 958325 56665  45728
26.166618615 6737562660 1265485 56680  46122
26.178613003 6738826336 1263676 56689  46974
26.190624734 6740137643 1311307 56665  46042
26.202613062 6741394161 1256518 56673  46553
26.214624159 6742655539 1261378 56666  46574
26.226625707 6743908863 1253324 56676  46087
26.238610461 6745162509 1253646 56685  46226
26.250611536 6746415232 1252723 56683  45889
26.262625223 6747721458 1306226 56686  45595
26.274622248 6748976336 1254878 56675  46029
26.286612722 6750224407 1248071 56672  45488
26.298624370 6751476822 1252415 56687  46099
26.310624404 6752721881 1245059 56676  45257
26.322635046 6754023189 1301308 56677  45427
26.334611373 6755270397 1247208 56675  45534
26.346612744 6756516714 1246317 56678  45552
26.358624435 6757760809 1244095 56660  45525
26.370625020 6759001134 1240325 56685  45075
26.382611323 6760298505 1297371 56674  45483
26.394612428 6761538575 1240070 56684  45202
26.406625965 6762782158 1243583 56679  45704
26.418610823 6764023307 1241149 56683  45615
26.430624328 6765261131 1237824 56690  45229
26.442625182 6766552979 1291848 56669  45396
26.454612423 6767789144 1236165 56675  45255
26.466610574 6769031186 1242042 56675  46087
26.478625212 6770265152 1233966 56683  45292
26.490648427 6771528078 1262926 56687  45275
26.502611720 6772783370 1255292 56672  45217
26.514611795 6774016395 1233025 56677  45454
26.526625223 6775251788 1235393 56688  45784
26.538624237 6776481251 1229463 56684  45256
26.550624948 6777762351 1281100 56674  45380
26.562612466 6778990511 1228160 56674  45432
26.574625174 6780220293 1229782 56673  45867
26.586610837 6781448157 1227864 56684  45941
26.598612075 6782673748 1225591 56677  45790
26.610611607 6783946722 1272974 56674  45374
26.622625184 6785171312 1224590 56679  45495
26.634624019 6786397138 1225826 56685  45975
26.646620626 6787620019 1222881 56670  45686
26.658611314 6788893140 1273121 56679  45296
26.670611074 6790114606 1221466 56681  45760
26.682625376 6791334861 1220255 56680  45464
26.694611030 6792556765 1221904 56685  45818
26.706613570 6793825124 1268359 56686  45187
26.718610105 6795044237 1219113 56684  45810
26.730626243 6796261086 1216849 56692  45695
26.742610511 6797479338 1218252 56673  45648
26.754623219 6798741565 1262227 56676  45074
26.766625026 6799958456 1216891 56665  45779
26.778624171 6801171802 1213346 56673  45584
26.790612117 6802383507 1211705 56678  45412
26.802619119 6803645972 1262465 56678  45607
26.814625944 6804855373 1209401 56691  45565
26.826623471 6806071191 1215818 56683  45990
26.838624569 6807278504 1207313 56681  45440
26.850610732 6808535625 1257121 56670  45524
26.862624778 6809742594 1206969 56670  45528
26.874624692 6810950112 1207518 56690  45658
26.886624170 6812160115 1210003 56670  45933
26.898612224 6813409809 1249694 56681  44901
26.910624158 6814618244 1208435 56676  46184
26.922611958 6815820182 1201938 56668  45268
26.934612263 6817037123 1216941 56668  45579
26.946611228 6818273998 1236875 56673  45475
26.958639286 6819476113 1202115 56681  45706
26.970624447 6820680189 1204076 56696  45858
26.982611764 6821926162 1245973 56690  45070
26.994611984 6823127629 1201467 56674  45988
27.006629160 6824326110 1198481 56687  45583
27.018625331 6825525960 1199850 56682  45855
27.030610458 6826768434 1242474 56669  45363
27.042612158 6827965310 1196876 56670  45611
27.054625080 6829162449 1197139 56695  45958
27.066626331 6830403582 1241133 56693  45162
27.078610501 6831595462 1191880 56675  45906
27.090624540 6832784643 1189181 56683  45615
27.102625344 6833975421 1190778 56670  45770
27.114624588 6835208217 1232796 56667  45355
27.126620485 6836398113 1189896 56678  46023
27.138611490 6837584082 1185969 56679  45925
27.150625285 6838813209 1229127 56674  45351
27.162624645 6839995685 1182476 56673  45997
27.174642767 6841175386 1179701 56672  45434
27.186614004 6842359585 1184199 56677  46294
27.198622848 6843581267 1221682 56679  45332
27.210624992 6844760896 1179629 56666  45951
27.222612013 6845937449 1176553 56667  45946
27.234612631 6847158299 1220850 56675  45485
27.246623205 6848334481 1176182 56672  46092
27.258612543 6849506279 1171798 56672  45509
27.270611804 6850724898 1218619 56678  45800
27.282619922 6851894529 1169631 56674  45812
27.294624396 6853066875 1172346 56680  45869
27.306624761 6854258214 1191339 56682  45989
27.318612911 6855446439 1188225 56667  45602
27.330610819 6856613153 1166714 56679  45985
27.342631744 6857779602 1166449 56681  45768
27.354625122 6858989642 1210040 56668  45834
27.366611325 6860153801 1164159 56672  46197
27.378611353 6861316486 1162685 56668  45993
27.390623722 6862516877 1200391 56675  45535
27.402624218 6863677274 1160397 56687  45964
27.414610429 6864835333 1158059 56677  45866
27.426623177 6866036033 1200700 56683  45666
27.438615311 6867193299 1157266 56682  46140
27.450611376 6868347106 1153807 56688  45732
27.462625657 6869547052 1199946 56671  46232
27.474624469 6870699494 1152442 56674  45899
27.486623529 6871853181 1153687 56679  46149
27.498624323 6873047080 1193899 56694  45920
27.510629635 6874194903 1147823 56680  46033
27.522614388 6875346094 1151191 56681  46243
27.534611196 6876534062 1187968 56684  45586
27.546611650 6877682566 1148504 56691  46476
27.558624746 6878827792 1145226 56667  46211
27.570612239 6880012775 1184983 56678  45611
27.582624710 6881155853 1143078 56679  46359
27.594622388 6882297666 1141813 56690  46014
27.606612852 6883477967 1180301 56677  45912
27.618611010 6884617111 1139144 56682  46140
27.630613184 6885775803 1158692 56676  46190
27.642610068 6886930876 1155073 56679  45778
27.654612756 6888068430 1137554 56670  46307
27.666611097 6889223314 1154884 56676  45815
27.678613091 6890373549 1150235 56669  45984
27.690624229 6891506143 1132594 56675  46233
27.702619950 6892677838 1171695 56700  45692
27.714623901 6893809675 1131837 56670  46376
27.726610759 6894936376 1126701 56682  45765
27.738625643 6896105419 1169043 56681  45985
27.750611337 6897231324 1125905 56685  46000
27.762632772 6898358683 1127359 56683  45954
27.774625393 6899523349 1164666 56667  45923
27.786609776 6900647512 1124163 56693  46008
27.798625771 6901812004 1164492 56686  45889
27.810624222 6902931995 1119991 56672  45809
27.822626033 6904055014 1123019 56695  46224
27.834624178 6905212716 1157702 56676  45674
27.846625345 6906335333 1122617 56665  46376
27.858612625 6907450512 1115179 56680  45802
27.870609890 6908605775 1155263 56667  45862
27.882612285 6909722712 1116937 56692  45982
27.894623249 6910846691 1123979 56681  45922
27.906613139 6911991588 1144897 56684  46047
27.918631181 6913102780 1111192 56687  45783
27.930612538 6914253969 1151189 56671  46077
27.942611886 6915363101 1109132 56680  45978
27.954624181 6916475090 1111989 56678  46165
27.966625511 6917621101 1146011 56677  45990
27.978611395 6918726456 1105355 56678  45896
27.990625144 6919873316 1146860 56689  45934
28.002611184 6920976397 1103081 56672  45823
28.014612365 6922082066 1105669 56677  46336
28.026624416 6923220181 1138115 56667  45702
28.038624457 6924324680 1104499 56679  46335
28.050625361 6925442325 1117645 56684  45889
28.062612156 6926560556 1118231 56672  45946
28.074620230 6927660285 1099729 56679  46230
28.086624384 6928793989 1133704 56665  45788
28.098625105 6929891979 1097990 56677  46296
28.110624923 6930984729 1092750 56679  45859
28.122611944 6932117058 1132329 56664  46127
28.134625205 6933211383 1094325 56677  46279
28.146623663 6934341328 1129945 56674  45993
28.158611960 6935432614 1091286 56679  46404
28.170611578 6936560906 1128292 56696  45932
28.182623782 6937647578 1086672 56686  46143
28.194630117 6938736403 1088825 56683  46285
28.206610218 6939860361 1123958 56679  46216
28.218611344 6940944382 1084021 56677  46017
28.230637116 6942067589 1123207 56672  46381
28.242626057 6943149260 1081671 56675  46133
28.254623878 6944233606 1084346 56674  46511
28.266612516 6945351232 1117626 56686  46336
28.278612654 6946430597 1079365 56685  46375
28.290612324 6947545634 1115037 56668  46129
28.302612175 6948623403 1077769 56672  46083
28.314624537 6949732871 1109468 56679  46444
28.326611850 6950815421 1082550 56675  46196
28.338611144 6951891795 1076374 56680  46411
28.350624846 6952999298 1107503 56670  45891
28.362625393 6954075403 1076105 56672  46371
28.374623294 6955182754 1107351 56679  45951
28.386626239 6956254035 1071281 56682  46270
28.398631949 6957339002 1084967 56685  46296
28.410625440 6958428848 1089846 56683  45750
28.422611681 6959502567 1073719 56694  46748
28.434610356 6960603942 1101375 56677  45938
28.446624593 6961671892 1067950 56693  46353
28.458624528 6962771527 1099635 56683  46243
28.470623612 6963835486 1063959 56675  46124
28.482611970 6964936308 1100822 56683  46143
28.494625301 6965997284 1060976 56674  46152
28.506623765 6967061369 1064085 56666  46450
28.518612533 6968152690 1091321 56678  45749
28.530612920 6969216341 1063651 56681  46519
28.542624018 6970306659 1090318 56677  45849
28.554621289 6971366515 1059856 56675  46476
28.566611547 6972458204 1091689 56672  46134
28.578611661 6973513085 1054881 56678  46326
28.590624295 6974604313 1091228 56682  46168
28.602609083 6975657346 1053033 56671  48051
28.614627907 6976718386 1061040 56679  49485
28.626622702 6977799282 1080896 56682  49359
28.638613255 6978851900 1052618 56672  49536
28.650622604 6979933606 1081706 56677  48430
28.662625121 6980984855 1051249 56680  48594
28.674611328 6982067199 1082344 56682  47767
28.686624420 6983115958 1048759 56688  47830
28.698605630 6984197481 1081523 56665  47477
28.710634282 6985243525 1046044 56673  47278
28.722627013 6986325110 1081585 56673  47512
28.734610950 6987368612 1043502 56684  47144
28.746614481 6988447039 1078427 56690  47142
28.758610468 6989488845 1041806 56675  47144
28.770613639 6990535214 1046369 56693  47058
28.782611030 6991605286 1070072 56674  46828
28.794611641 6992646844 1041558 56681  46973
28.806625166 6993717414 1070570 56680  46878
28.818611177 6994754566 1037152 56698  46556
28.830612361 6995826672 1072106 56668  47197
28.842623482 6996862198 1035526 56669  46741
28.854612086 6997928939 1066741 56672  46577
28.866634244 6998962289 1033350 56674  46974
28.878615212 7000022177 1059888 56670  46458
28.890612385 7001052845 1030668 56685  46849
28.902611559 7002113217 1060372 56674  46419
28.914624801 7003143501 1030284 56692  47005
28.926624575 7004199289 1055788 56683  46504
28.938625353 7005227470 1028181 56681  46963
28.950626071 7006279884 1052414 56679  46135
28.962623498 7007305405 1025521 56679  47000
28.974611805 7008359017 1053612 56681  46453
28.986623376 7009380348 1021331 56671  47010
28.998623577 7010430858 1050510 56665  46467
29.010609735 7011450858 1020000 56681  46547
29.022625676 7012500978 1050120 56671  46678
29.034621650 7013518922 1017944 56673  46861
29.046624578 7014565695 1046773 56666  46648
29.058624432 7015579166 1013471 56685  46547
29.070624703 7016624471 1045305 56672  46831
29.082612274 7017638986 1014515 56677  46800
29.094611285 7018679225 1040239 56675  46505
29.106613283 7019692249 1013024 56688  46949
29.118612900 7020730021 1037772 56669  46320
29.130610317 7021742506 1012485 56675  47133
29.142624753 7022779582 1037076 56670  46599
29.154610189 7023788268 1008686 56686  46916
29.166611610 7024819665 1031397 56682  46367
29.178623131 7025826097 1006432 56688  46872
29.190622309 7026859399 1033302 56674  46568
29.202625298 7027864014 1004615 56696  47024
29.214610588 7028895241 1031227 56679  46727
29.226613575 7029896444 1001203 56693  46666
29.238611260 7030925401 1028957 56675  46913
29.250627124 7031925856 1000455 56679  46828
29.262624872 7032953136 1027280 56677  46871
29.274625299 7033950907 997771 56685  46968
29.286625044 7034973695 1022788 56670  46588
29.298623955 7035969125 995430 56685  46806
29.310611062 7036990616 1021491 56674  46637
29.322624263 7038015901 1025285 56671  46882
29.334625248 7039004296 988395 56678  46572
29.346620365 7040024494 1020198 56687  46914
29.358625133 7041013875 989381 56672  46620
29.370609900 7042031445 1017570 56677  46669
29.382624072 7043019150 987705 56686  46921
29.394624956 7044032905 1013755 56679  46532
29.406624443 7045019914 987009 56687  46849
29.418610857 7046032170 1012256 56677  46521
29.430624255 7047019525 987355 56676  47077
29.442610462 7048028287 1008762 56682  46313
29.454612373 7049014724 986437 56666  47108
29.466610444 7050017408 1002684 56668  46286
29.478608422 7051029190 1011782 56684  46859
29.490609673 7052007778 978588 56669  47305
29.502612867 7053013090 1005312 56679  46835
29.514631708 7053990440 977350 56680  47325
29.526612439 7054991968 1001528 56663  46701
29.538611167 7055971007 979039 56684  47321
29.550624688 7056971565 1000558 56672  46586
29.562625289 7057949490 977925 56694  47426
29.574610913 7058945575 996085 56668  46483
29.586611968 7059947418 1001843 56679  46846
29.598624619 7060915405 967987 56681  47034
29.610624673 7061913457 998052 56684  46626
29.622624106 7062882416 968959 56681  47114
29.634611704 7063876764 994348 56680  46720
29.646610678 7064847437 970673 56698  47177
29.658623209 7065839090 991653 56671  46578
29.670635021 7066808433 969343 56704  47378
29.682611561 7067796533 988100 56673  46590
29.694624789 7068788748 992215 56686  46883
29.706612130 7069747925 959177 56672  47015
29.718611898 7070734822 986897 56680  46613
29.730612595 7071695808 960986 56688  47110
29.742622826 7072677307 981499 56667  46632
29.754625014 7073637013 959706 56689  47038
29.766610314 7074616523 979510 56681  46495
29.778623916 7075602555 986032 56682  47137
29.790623743 7076554491 951936 56668  46911
29.802610134 7077533182 978691 56674  46795
29.814625019 7078485264 952082 56666  47104
29.826619496 7079460661 975397 56673  46719
29.838625980 7080413710 953049 56692  47114
29.850623658 7081387244 973534 56669  46843
29.862611822 7082362819 975575 56678  46907
29.874623470 7083309503 946684 56661  46750
29.886623321 7084282387 972884 56677  47066
29.898624858 7085230562 948175 56706  47014
29.910610972 7086200487 969925 56669  46806
29.922614297 7087169081 968594 56685  46796
29.934623160 7088111304 942223 56670  46926
29.946611618 7089078906 967602 56680  46860
29.958609726 7090022070 943164 56678  46995
29.970623630 7090989032 966962 56680  47042
29.982621098 7091952482 963450 56687  46660
29.994623909 7092893949 941467 56677  47376
30.006624013 7093855680 961731 56681  46783
30.018611087 7094822349 966669 56691  47129
30.030624375 7095752739 930390 56679  46740
30.042623679 7096712146 959407 56673  47094
30.054610769 7097649825 937679 56690  47073
30.066612128 7098605599 955774 56681  46755
30.078624282 7099565801 960202 56676  47066
30.090623650 7100496524 930723 56671  46973
30.102610194 7101450018 953494 56677  46917
30.114623991 7102382530 932512 56690  47213
30.126623069 7103336187 953657 56667  47344
30.138610400 7104286122 949935 56671  46745
30.150620137 7105213612 927490 56689  47174
30.162611548 7106162919 949307 56669  47061
30.174623696 7107088750 925831 56692  47153
30.186623720 7108037032 948282 56673  46985
30.198611845 7108983534 946502 56678  46819
30.210625409 7109908819 925285 56670  47290
30.222643207 7110850789 941970 56669  46625
30.234625901 7111796847 946058 56682  47411
30.246609769 7112717094 920247 56680  46836
30.258611732 7113660198 943104 56677  47229
30.270623771 7114602995 942797 56698  47331
30.282624484 7115517768 914773 56673  47414
30.294611092 7116456075 938307 56674  47095
30.306637367 7117374452 918377 56692  47471
30.318613670 7118311597 937145 56668  47350
30.330609761 7119244784 933187 56664  46778
30.342626202 7120161827 917043 56679  47667
30.354610400 7121093668 931841 56676  46886
30.366625888 7122028222 934554 56662  47241
30.378609565 7122941836 913614 56718  47487
30.390626393 7123871621 929785 56677  47231
30.402624897 7124802482 930861 56684  47063
30.414611458 7125712956 910474 56681  47495
30.426610928 7126642357 929401 56681  47341
30.438610886 7127570016 927659 56677  47003
30.450624438 7128476209 906193 56677  47597
30.462622245 7129399547 923338 56673  47106
30.474627276 7130326840 927293 56693  47500
30.486623323 7131226518 899678 56671  47300
30.498623688 7132148660 922142 56690  47601
30.510611785 7133071986 923326 56704  47317
30.522624940 7133969634 897648 56674  47551
30.534606887 7134886631 916997 56664  47345
30.546611598 7135805870 919239 56692  47517
30.558612119 7136702339 896469 56669  48283
30.570611759 7137615437 913098 56684  47972
30.582624051 7138530198 914761 56662  48445
30.594623231 7139423893 893695 56707  47941
30.606609672 7140334270 910377 56672  48040
30.618633114 7141242371 908101 56674  47955
30.630611288 7142154062 911691 56703  47757
30.642629119 7143038909 884847 56675  47740
30.654625153 7143944566 905657 56683  47799
30.666610017 7144849766 905200 56676  47593
30.678625718 7145733703 883937 56690  47507
30.690623736 7146637037 903334 56674  47716
30.702625046 7147537738 900701 56679  47477
30.714610780 7148441505 903767 56690  47678
30.726624805 7149315974 874469 56675  47358
30.738624459 7150212304 896330 56676  47605
30.750622603 7151109040 896736 56686  47370
30.762625308 7151984868 875828 56683  47718
30.774609959 7152878513 893645 56674  47473
30.786633573 7153770123 891610 56673  47378
30.798623107 7154664745 894622 56698  47621
30.810624298 7155532816 868071 56687  47528
30.822613446 7156422011 889195 56673  47899
30.834623983 7157306404 884393 56672  47240
30.846624975 7158175640 869236 56675  47664
30.858623271 7159057569 881929 56674  47605
30.870611619 7159940659 883090 56669  47538
30.882624080 7160825825 885166 56693  47684
30.894611474 7161688352 862527 56679  47799
30.906611832 7162568160 879808 56667  47721
30.918611066 7163446281 878121 56666  47334
30.930623701 7164330060 883779 56697  47889
30.942618728 7165188873 858813 56677  47712
30.954612299 7166064703 875830 56677  47787
30.966609733 7166935653 870950 56685  47307
30.978613530 7167794282 858629 56688  47874
30.990624215 7168666923 872641 56680  47857
31.002609972 7169537158 870235 56670  47668
31.014611543 7170406948 869790 56681  47658
31.026610054 7171260368 853420 56696  47696
31.038618975 7172127779 867411 56677  47819
31.050623650 7172993965 866186 56677  47510
31.062624667 7173861583 867618 56676  48091
31.074625312 7174710487 848904 56698  47654
31.086610749 7175573068 862581 56673  47614
31.098633104 7176433149 860081 56675  47590
31.110624378 7177296617 863468 56693  47851
31.122613185 7178140315 843698 56676  47734
31.134623922 7178997345 857030 56663  47568
31.146624600 7179853452 856107 56676  47605
31.158612074 7180713756 860304 56702  47387
31.170610298 7181554062 840306 56675  47967
31.182611386 7182408154 854092 56682  47614
31.194623467 7183262505 854351 56658  47992
31.206625288 7184115632 853127 56698  47228
31.218623626 7184952905 837273 56687  47778
31.230612509 7185804704 851799 56672  47933
31.242624424 7186654843 850139 56660  47663
31.254632841 7187503310 848467 56684  47651
31.266612072 7188337710 834400 56691  47739
31.278610227 7189185703 847993 56671  47862
31.290626091 7190032125 846422 56678  47487
31.302610998 7190877941 845816 56680  47824
31.314612370 7191724146 846205 56698  47650
31.326625354 7192552300 828154 56672  48041
31.338624942 7193393869 841569 56672  47416
31.350623586 7194234992 841123 56675  47655
31.362610203 7195077761 842769 56688  47795
31.374611920 7195900428 822667 56690  47827
31.386622555 7196737787 837359 56665  47518
31.398623222 7197574963 837176 56684  47909
31.410630270 7198412564 837601 56674  47863
31.422618494 7199232905 820341 56676  47645
31.434623832 7200065255 832350 56667  47926
31.446622616 7200897006 831751 56683  47775
31.458625224 7201727953 830947 56678  48049
31.470622681 7202559019 831066 56703  47825
31.482612408 7203372784 813765 56680  47895
31.494611336 7204199104 826320 56671  48033
31.506623880 7205025354 826250 56684  47800
31.518610655 7205852546 827192 56691  47705
31.530610522 7206664238 811692 56687  47964
31.542612973 7207485726 821488 56675  47779
31.554622651 7208305633 819907 56679  47394
31.566624902 7209126798 821165 56670  48045
31.578620443 7209943241 816443 56688  47918
31.590610646 7210755695 812454 56668  48024
31.602611974 7211571687 815992 56681  47724
31.614624005 7212386673 814986 56673  48007
31.626612073 7213205486 818813 56674  47794
31.638610400 7214007864 802378 56671  48127
31.650624521 7214821008 813144 56670  47782
31.662624669 7215633816 812808 56671  47909
31.674606579 7216446254 812438 56668  47973
31.686607967 7217258614 812360 56688  47874
31.698610744 7218057758 799144 56684  48317
31.710624742 7218866047 808289 56671  47972
31.722611393 7219673900 807853 56676  48028
31.734620084 7220478996 805096 56666  48091
31.746626312 7221288365 809369 56687  48212
31.758623469 7222082532 794167 56687  48165
31.770625014 7222885543 803011 56672  47998
31.782610437 7223688537 802994 56663  48123
31.794625042 7224490628 802091 56674  48023
31.806623626 7225294657 804029 56680  48059
31.818612000 7226084445 789788 56692  48213
31.830611898 7226883198 798753 56675  48295
31.842623989 7227678194 794996 56668  47759
31.854625833 7228473150 794956 56667  47867
31.866622924 7229269964 796814 56703  48190
31.878612284 7230062123 792159 56725  48258
31.890631843 7230849323 787200 56680  48013
31.902626393 7231639796 790473 56661  47879
31.914611027 7232430549 790753 56671  48022
31.926611745 7233220926 790377 56673  47798
31.938612312 7234014098 793172 56692  47955
31.950623920 7234792068 777970 56681  47946
31.962612381 7235580387 788319 56673  48212
31.974611134 7236366002 785615 56679  47736
31.986625876 7237153826 787824 56671  47957
31.998624440 7237938320 784494 56676  48171
32.010610997 7238726975 788655 56714  48009
32.022625785 7239499174 772199 56669  48017
32.034624076 7240281354 782180 56674  47959
32.046624270 7241063240 781886 56669  47996
32.058619785 7241844096 780856 56682  48005
32.070613208 7242625235 781139 56676  48108
32.082624540 7243407232 781997 56711  47914
32.094623374 7244177160 769928 56685  48311
32.106625162 7244953594 776434 56665  47963
32.118624509 7245728864 775270 56671  48007
32.130624473 7246502519 773655 56682  48118
32.142611751 7247276950 774431 56665  48257
32.154612015 7248052906 775956 56695  48159
32.166612222 7248817106 764200 56693  48227
32.178623424 7249588868 771762 56672  48042
32.190611254 7250359296 770428 56669  48118
32.202622982 7251130464 771168 56665  48206
32.214620446 7251895296 764832 56668  48007
32.226624697 7252466264 570968 56669  49265
32.238626144 7253042835 576571 56672  40624
32.250614092 7253619688 576853 56685  39358
32.262611386 7254291222 671534 56674  50885
32.274613517 7254889577 598355 56661  41001
32.286610554 7255466221 576644 56677  39201
32.298613012 7256158486 692265 56688  50738
32.310609889 7256754039 595553 56678  40982
32.322626647 7257332384 578345 56674  38961
32.334624715 7258001489 669105 56675  50957
32.346623942 7258612384 610895 56668  40933
32.358612840 7259185474 573090 56676  39125
32.370620324 7259844401 658927 56656  51093
32.382625975 7260454925 610524 56665  40753
32.394610745 7261001501 546576 51943  38999
32.405626866 7261612707 611206 56688  47774
32.417624344 7262254617 641910 56682  40561
32.429625392 7262902052 647435 56673  51244
32.441625339 7263488972 586920 56665  40153
32.453611770 7264153625 664653 56667  46153
32.465627028 7264747518 593893 56670  45726
32.477624045 7265320405 572887 56668  39557
32.489613172 7265979881 659476 56660  47100
32.501624233 7266568646 588765 56676  44703
32.513624824 7267144656 576010 56701  39628
32.525623835 7267805662 661006 56688  47303
32.537624766 7268388115 582453 56670  44044
32.549622027 7268966180 578065 56672  39872
32.561612212 7269607614 641434 56661  48176
32.573613468 7270185410 577796 56671  43094
32.585611883 7270764068 578658 56664  39838
32.597612300 7271409724 645656 56662  48741
32.609612601 7271985416 575692 56677  42563
32.621624479 7272560493 575077 56672  39740
32.633612320 7273219494 659001 56665  51082
32.645611078 7273848822 629328 56664  41306
32.657626389 7274483905 635083 56666  51581
32.669609939 7275128925 645020 56671  41826
32.681612464 7275759485 630560 56693  51490
32.693633748 7276357333 597848 56675  40714
32.705611818 7277019580 662247 56675  49524
32.717612756 7277591955 572375 56661  43075
32.729612040 7278203217 611262 51955  44220
32.740625535 7278779697 576480 56681  44364
32.752610478 7279386248 606551 51941  43462
32.763612849 7279970727 584479 56671  45198
32.775626757 7280539609 568882 51943  40432
32.786630608 7281151031 611422 56681  48100
32.798625115 7281745052 594021 56684  41436
32.810610245 7282380006 634954 56655  51476
32.822624807 7282988940 608934 56672  41895
32.834624071 7283623698 634758 56669  51440
32.846621655 7284231583 607885 56676  41769
32.858612159 7284862452 630869 56703  51361
32.870624854 7285440536 578084 56672  41593
32.882625598 7286075614 635078 56672  49321
32.894611002 7286651293 575679 56678  43724
32.906612389 7287351705 700412 56705  50884
32.918624121 7287923155 571450 56671  42546
32.930627564 7288545164 622009 56670  47825
32.942610825 7289135695 590531 56669  45606
32.954625420 7289709106 573411 56668  41176
32.966612357 7290343473 634367 56681  51568
32.978623865 7290984023 640550 56668  41829
32.990612468 7291619254 635231 56669  51596
33.002620510 7292156287 537033 51950  38593
33.013626570 7292785274 628987 56701  51057
33.025623411 7293322842 537568 51935  40235
33.036612632 7293944099 621257 56671  49515
33.048603092 7294470988 526889 51947  38175
33.059626631 7295100056 629068 56691  51190
33.071613831 7295686321 586265 56684  42233
33.083625145 7296321533 635212 56676  51653
33.095613480 7296920578 599045 56666  42253
33.107633271 7297553497 632919 56670  51293
33.119625032 7298147572 594075 56678  42524
33.131611163 7298782734 635162 56666  51324
33.143625013 7299383537 600803 51950  43916
33.154626515 7299974870 591333 56662  46455
33.166619448 7300602382 627512 56692  48847
33.178626406 7301182511 580129 56659  45649
33.190611313 7301731978 549467 51948  41544
33.201613937 7302341790 609812 56675  47823
33.213624049 7302929959 588169 51940  42561
33.224626529 7303525344 595385 56684  46601
33.236625570 7304078120 552776 51944  42018
33.247627804 7304685035 606915 56660  47647
33.259613815 7305207089 522054 51941  37761
33.270630743 7305838674 631585 56699  51532
33.282612567 7306569866 731192 56682  50665
33.294624330 7307154809 584943 56668  43633
33.306612568 7307789685 634876 56671  51746
33.318633159 7308532395 742710 56678  50664
33.330626123 7309106838 574443 56664  45427
33.342610844 7309740364 633526 56677  51675
33.354622818 7310314138 573774 56686  45162
33.366624200 7310948907 634769 56672  51472
33.378624223 7311530613 581706 51953  45989
33.389625297 7312106282 575669 56674  46186
33.401624712 7312737699 631417 56694  51614
33.413625776 7313314959 577260 56676  44130
33.425610440 7313949729 634770 56670  51681
33.437624384 7314524150 574421 56690  43500
33.449624395 7315156878 632728 56687  51690
33.461611022 7315734466 577588 56665  43047
33.473633780 7316369195 634729 56671  51816
33.485624931 7316941749 572554 56699  42459
33.497610845 7317524108 582359 51955  43945
33.508624980 7318109783 585675 56660  45640
33.520624921 7318646148 536365 51945  37863
33.531624914 7319275879 629731 56682  51075
33.543630892 7319880172 604293 56673  41575
33.555613666 7320515297 635125 56668  51584
33.567624467 7321123737 608440 56661  41762
33.579612665 7321769943 646206 56667  51457
33.591625452 7322350572 580629 56683  41746
33.603612369 7323013958 663386 56664  50500
33.615624183 7323582260 568302 56662  42928
33.627623264 7324164995 582735 51948  42520
33.638613549 7324759159 594164 56695  46416
33.650633820 7325355449 596290 56685  41507
33.662613274 7325990460 635011 56666  51881
33.674611261 7326597354 606894 56662  41813
33.686612982 7327242972 645618 56668  51595
33.698611626 7327835211 592239 56677  41699
33.710625177 7328478931 643720 56672  47731
33.722624978 7329068101 589170 56674  45552
33.734612668 7329653686 585585 56676  40948
33.746624553 7330305934 652248 56696  51345
33.758611343 7330891537 585603 56668  40949
33.770626038 7331467740 576203 56660  40145
33.782610419 7332144284 676544 56668  51162
33.794633393 7332748502 604218 56678  40903
33.806614000 7333324426 575924 56677  39137
33.818624431 7334013164 688738 56672  51306
33.830625369 7334619962 606798 56672  40964
33.842612099 7335191560 571598 56690  38014
33.854626434 7335879458 687898 56665  51371
33.866624611 7336476271 596813 56666  41382
33.878625722 7337052712 576441 56667  38344
33.890625697 7337750712 698000 56662  51240
33.902623007 7338352625 601913 56668  41217
33.914606804 7338928611 575986 56661  37514
33.926610269 7339648066 719455 56676  51315
33.938626303 7340255412 607346 56682  42029
33.950632611 7340888910 633498 56682  51967
33.962612927 7341525295 636385 56698  52326
33.974612462 7342160071 634776 56669  52019
33.986624753 7342789164 629093 56675  51276
33.998612367 7343365911 576747 56677  49170
34.010611221 7343997443 631532 56701  51878
34.022611558 7344570603 573160 56671  46533
34.034611342 7345205943 635340 56668  51617
34.046613293 7345847819 641876 56685  51839
34.058612018 7346479002 631183 56705  51217
34.070612029 7347122713 643711 56676  51476
34.082624236 7347758033 635320 56668  50673
34.094623557 7348393276 635243 56664  51059
34.106621861 7349033117 639841 56692  50360
34.118610128 7349666594 633477 56670  50668
34.130625356 7350309571 642977 56671  50402
34.142625160 7350944792 635221 56674  50283
34.154611305 7351586341 641549 56667  50276
34.166624836 7352216739 630398 56699  50196
34.178622963 7352852928 636189 56670  50285
34.190624233 7353487872 634944 56681  50298
34.202623614 7354106888 619016 56680  49216
34.214624555 7354814780 707892 56682  46647
34.226624966 7355523671 708891 56687  48372
34.238623211 7356038606 514935 56697  51998
34.250614094 7356434707 396101 56692  54097
34.262622642 7356768648 333941 56714  49208
34.274626996 7357124534 355886 56698  47126
34.286612100 7357661567 537033 56693  40599
34.298613901 7358212594 551027 30999  18568
34.310644816 7358950696 738102 33937  31832
34.322627807 7359689132 738436 33927  31902
34.334627827 7360427575 738443 33929  31908
34.346615048 7361036481 608906 47921  34622
34.358616695 7361968305 931824 56686  47185
34.370615796 7373236475 11268170 49524  46469
34.395890330 7384039967 10803492 565  13
34.411883928 7391330725 7290758 22283  3469
34.422623343 7394498725 3168000 51933  6327
34.433639048 7396217709 1718984 51925  7473
34.444617585 7397461422 1243713 56656  6899
34.456624546 7398471767 1010345 56660  7837
34.468633071 7399337709 865942 56663  6986
34.480612883 7400113101 775392 56679  5987
34.492624869 7400830996 717895 56670  5595
34.504613585 7401511345 680349 56667  5660
34.516612550 7402165596 654251 56690  5460
34.528625537 7402803240 637644 56666  5289
34.540610285 7403431953 628713 56676  5300
34.552628349 7404030207 598254 56693  5002
34.564604639 7404617957 587750 56684  4970
34.576623741 7405201716 583759 56657  4968
34.588624491 7405770568 568852 56670  4848
34.600631126 7406329479 558911 56690  4777
34.612625147 7406881886 552407 56682  4739
34.624623043 7407426237 544351 56692  4685
34.636625222 7407961592 535355 56701  4577
34.648621525 7408503778 542186 56688  4720
34.660622853 7409031371 527593 56701  4551
34.672612867 7409565502 534131 56680  4663
34.684610194 7410089430 523928 56695  4546
34.696611782 7410619226 529796 56682  4636
34.708610449 7411137559 518333 56701  4506
34.720612140 7411659351 521792 56686  4587
34.732611385 7412190470 531119 56671  4717
34.744609555 7412720064 529594 56686  4688
34.756620492 7413243822 523758 56696  4608
34.768610383 7413784914 541092 56704  4862
34.780624851 7414316803 531889 56703  4728
34.792623942 7414857751 540948 56711  4868
34.804612416 7415401924 544173 56692  4912
34.816611610 7415947303 545379 56707  4928
34.828623052 7416491371 544068 56706  4914
34.840612208 7417042305 550934 56682  5015
34.852610056 7417600739 558434 56690  5109
34.864624264 7418149417 548678 56705  4977
34.876610500 7418715117 565700 56701  5218
34.888624216 7419266344 551227 56703  5024
34.900624419 7419836746 570402 56694  5284
34.912631193 7420412066 575320 56700  5361
34.924624674 7420987905 575839 56698  5375
34.936623265 7421563180 575275 56698  5368
34.948613705 7422143247 580067 56698  5436
34.960610746 7422722776 579529 56690  5425
34.972625074 7423302148 579372 56693  5425
34.984625022 7423881664 579516 56703  5431
34.996611413 7424470680 589016 56711  5556
35.008624536 7425056736 586056 56685  5522
35.020625311 7425641306 584570 56690  5500
35.032611435 7426238340 597034 56700  5684
35.044623796 7426831998 593658 56697  5638
35.056611660 7427424261 592263 56677  5611
35.068612443 7428025846 601585 56692  5748
35.080619592 7428627419 601573 56675  5762
35.092613975 7429225881 598462 56692  5704
35.104609833 7429821975 596094 56688  5692
35.116626131 7430423486 601511 56688  5742
35.128623108 7431027730 604244 56681  5788
35.140612949 7431636518 608788 56695  5855
35.152611849 7432251994 615476 56702  5936
35.164624414 7432861748 609754 56701  5864
35.176612525 7433470427 608679 56689  5846
35.188610846 7434079085 608658 56689  5843
35.200625883 7434696507 617422 56698  5967
35.212623601 7435310428 613921 56691  5919
35.224611864 7435919966 609538 56700  5867
35.236632602 7436541357 621391 56682  6024
35.248624940 7437151941 610584 56699  5885
35.260624381 7437776114 624173 56694  6063
35.272612551 7438390207 614093 56700  5929
35.284626778 7439014772 624565 56696  6065
35.296624889 7439640421 625649 56699  6087
35.308611777 7440255609 615188 56706  5937
35.320627205 7440881054 625445 56687  6093
35.332625732 7441505862 624808 56690  6099
35.344624293 7442130991 625129 56690  6094
35.356610677 7442754032 623041 56700  6040
35.368611358 7443374243 620211 56690  6006
35.380611319 7443998159 623916 56677  6047
35.392634913 7444624752 626593 56688  6099
35.404613126 7445252860 628108 56682  6113
35.416623721 7445881575 628715 56687  6129
35.428625632 7446514293 632718 56699  6200
35.440622779 7447144944 630651 56699  6159
35.452619860 7447772687 627743 56700  6119
35.464610661 7448399149 626462 56689  6092
35.476612451 7449026551 627402 56691  6132
35.488612866 7449656430 629879 56703  6173
35.500610777 7450291285 634855 56688  6231
35.512612394 7450918748 627463 56681  6118
35.524624309 7451547705 628957 56704  6137
35.536625586 7452185227 637522 56686  6261
35.548633836 7452813716 628489 56690  6138
35.560612561 7453453125 639409 56710  6268
35.572626385 7454081772 628647 56696  6150
35.584624459 7454720387 638615 56688  6282
35.596611026 7455347842 627455 56705  6105
35.608612077 7455985336 637494 56689  6258
35.620626185 7456612456 627120 56696  6114
35.632611849 7457249029 636573 56690  6285
35.644625030 7457883721 634692 56701  6212
35.656624851 7458513489 629768 56689  6142
35.668623744 7459151319 637830 56703  6259
35.680625179 7459788321 637002 56677  6243
35.692614140 7460415330 627009 56685  6111
35.704611754 7461052699 637369 56684  6236
35.716632595 7461691182 638483 56687  6257
35.728625735 7462328953 637771 56701  6260
35.740608819 7462966460 637507 56688  6249
35.752611370 7463598458 631998 56683  6178
35.764624351 7464228350 629892 56687  6143
35.776612635 7464863506 635156 56698  6216
35.788625552 7465498969 635463 56692  6215
35.800612313 7466135547 636578 56705  6234
35.812613201 7466772182 636635 56694  6237
35.824613401 7467408361 636179 56686  6231
35.836623446 7468045568 637207 56701  6258
35.848613186 7468682733 637165 56691  6250
35.860621994 7469323549 640816 56690  6307
35.872620265 7469966152 642603 56691  6333
35.884612405 7470602024 635872 56683  6316
35.896611893 7471238389 636365 56693  6252
35.908626350 7471874218 635829 56685  6240
35.920610601 7472508993 634775 56694  6218
35.932613311 7473148775 639782 56685  6290
35.944610669 7473789109 640334 56699  6296
35.956612950 7474423844 634735 56699  6216
35.968609998 7475059483 635639 56692  6233
35.980624969 7475706365 646882 56692  6381
35.992625473 7476341592 635227 56697  6262
36.004623876 7476977255 635663 56703  6265
36.016624918 7477625143 647888 56687  6439
36.028619212 7478261548 636405 56697  6288
36.040626683 7478898575 637027 56682  6329
36.052610590 7479545544 646969 56693  6417
36.064626524 7480181462 635918 56689  6262
36.076621158 7480828614 647152 56689  6400
36.088624462 7481463962 635348 56699  6256
36.100625150 7482111532 647570 56707  6398
36.112624387 7482746957 635425 56684  6389
36.124624389 7483393204 646247 56687  6412
36.136624072 7484028666 635462 56677  6254
36.148611760 7484675325 646659 56686  6385
36.160612541 7485316876 641551 56701  6377
36.172623928 7485957567 640691 56679  6370
36.184621635 7486604779 647212 56685  6421
36.196624603 7487241136 636357 56707  6294
36.208612124 7487888097 646961 56701  6445
36.220626095 7488535377 647280 56696  6447
36.232611571 7489174376 638999 56670  6365
36.244625939 7489818967 644591 56707  6366
36.256610607 7490465177 646210 56683  6404
36.268613581 7491110723 645546 56683  6381
36.280612008 7491746526 635803 56699  6259
36.292612082 7492391097 644571 56687  6411
36.304610740 7493036565 645468 56694  6418
36.316624194 7493683211 646646 56673  6524
36.328624522 7494329338 646127 56688  6420
36.340623776 7494971454 642116 56683  6389
36.352635314 7495609357 637903 56686  6287
36.364610704 7496255772 646415 56701  6489
36.376613195 7496901791 646019 56698  6468
36.388625332 7497547228 645437 56693  6699
36.400624709 7498192544 645316 56689  6426
36.412612570 7498838231 645687 56718  6384
36.424611784 7499483791 645560 56697  6467
36.436625592 7500129478 645687 56686  6406
36.448623030 7500774327 644849 56694  6367
36.460612816 7501418706 644379 56676  6399
36.472624134 7502062670 643964 56683  6392
36.484613062 7502705904 643234 56698  6370
36.496611156 7503349025 643121 56681  6385
36.508620699 7503992843 643818 56698  6423
36.520612620 7504637492 644649 56698  6378
36.532625168 7505281906 644414 56699  6423
36.544626506 7505926117 644211 56686  6526
36.556611283 7506572192 646075 56685  6404
36.568625388 7507225960 653768 56681  6556
36.580625711 7507871093 645133 56691  6479
36.592624649 7508515167 644074 56693  6449
36.604613356 7509159860 644693 56699  6403
36.616610803 7509804529 644669 56697  6463
36.628626285 7510451300 646771 56698  6490
36.640624282 7511103760 652460 56696  6531
36.652625253 7511746807 643047 56687  6344
36.664639247 7512390300 643493 56689  6469
36.676625291 7513034503 644203 56693  6502
36.688612375 7513688329 653826 56696  6675
36.700612206 7514330729 642400 56682  6617
36.712624850 7514973820 643091 56689  6384
36.724624794 7515628809 654989 56682  6578
36.736625031 7516271728 642919 56677  6437
36.748644183 7516914908 643180 56711  6392
36.760612130 7517569488 654580 56692  6701
36.772625727 7518213570 644082 56682  6355
36.784624018 7518857117 643547 56693  6452
36.796613488 7519511668 654551 56695  6594
36.808610899 7520154241 642573 56671  6423
36.820623247 7520801243 647002 56684  6460
36.832624575 7521452923 651680 56693  6500
36.844610515 7522095454 642531 56708  6414
36.856612986 7522749462 654008 56690  6607
36.868624687 7523390813 641351 56703  6377
36.880625514 7524044324 653511 56689  6585
36.892612278 7524686566 642242 56711  6355
36.904612552 7525340068 653502 56680  6488
36.916610910 7525981229 641161 56692  6449
36.928624381 7526635105 653876 56686  6606
36.940624211 7527276246 641141 56694  6423
36.952611212 7527929376 653130 56685  6515
36.964625459 7528572365 642989 56701  6397
36.976624487 7529226596 654231 56686  6512
36.988633815 7529868952 642356 56696  6418
37.000612458 7530522813 653861 56689  6511
37.012624212 7531175224 652411 56681  6570
37.024626740 7531817025 641801 56686  6471
37.036611121 7532470088 653063 56702  6528
37.048613871 7533110848 640760 56675  6404
37.060623815 7533763917 653069 56689  6581
37.072626133 7534416412 652495 56689  6527
37.084623871 7535056720 640308 56688  6372
37.096611987 7535708423 651703 56695  6501
37.108625236 7536360054 651631 56684  6539
37.120625193 7536999121 639067 56697  6372
37.132612560 7537650255 651134 56708  6561
37.144619347 7538301316 651061 56666  6551
37.156612995 7538940537 639221 56685  6326
37.168624729 7539591383 650846 56681  6503
37.180619540 7540243306 651923 56694  6533
37.192625648 7540894659 651353 56685  6562
37.204626329 7541533429 638770 56699  6340
37.216611135 7542184477 651048 56691  6615
37.228612516 7542835457 650980 56702  6573
37.240612094 7543486904 651447 56712  6537
37.252611324 7544128728 641824 56688  6460
37.264611212 7544776611 647883 56685  6481
37.276612133 7545427101 650490 56698  6523
37.288623944 7546077552 650451 56709  6518
37.300633745 7546727991 650439 56698  6560
37.312613038 7547377655 649664 56682  6545
37.324625916 7548016867 639212 56669  6364
37.336612170 7548666244 649377 56681  6480
37.348623917 7549316128 649884 56693  6510
37.360613501 7549965522 649394 56680  6459
37.372610252 7550614753 649231 56700  6511
37.384624876 7551263506 648753 56701  6488
37.396625137 7551912589 649083 56698  6501
37.408626112 7552558426 645837 56707  6408
37.420625672 7553197983 639557 56698  6327
37.432624233 7553843913 645930 56713  6430
37.444624534 7554490892 646979 56701  6464
37.456620345 7555137701 646809 56675  6424
37.468619551 7555784511 646810 56701  6474
37.480623652 7556431376 646865 56689  6438
37.492613083 7557077586 646210 56685  6423
37.504623518 7557723610 646024 56688  6530
37.516611615 7558369625 646015 56709  6433
37.528624189 7559015444 645819 56687  6407
37.540624863 7559660623 645179 56693  6440
37.552611691 7560305794 645171 56698  6444
37.564624108 7560951087 645293 56689  6408
37.576612202 7561595683 644596 56689  6444
37.588611016 7562240487 644804 56684  6466
37.600611080 7562884832 644345 56681  6560
37.612625171 7563529239 644407 56688  6527
37.624633132 7564173541 644302 56691  6488
37.636612232 7564818217 644676 56689  6541
37.648611437 7565462738 644521 56699  6495
37.660625381 7566110128 647390 56704  6421
37.672611008 7566762751 652623 56686  6622
37.684635165 7567407055 644304 56681  6632
37.696612793 7568050028 642973 56693  6558
37.708625591 7568692327 642299 56690  6474
37.720626051 7569334433 642106 56704  6463
37.732624838 7569976663 642230 56670  6549
37.744625569 7570618632 641969 56686  6422
37.756624254 7571260239 641607 56689  6469
37.768624714 7571912160 651921 56696  6648
37.780622411 7572557374 645214 56702  6673
37.792611816 7573198218 640844 56674  6538
37.804625823 7573839700 641482 56701  6596
37.816625080 7574480578 640878 56697  6446
37.828612861 7575121184 640606 56692  6653
37.840624632 7575775698 654514 56680  6774
37.852624723 7576416536 640838 56696  6446
37.864612553 7577056900 640364 56686  6435
37.876623841 7577697071 640171 56701  6617
37.888625522 7578338028 640957 56691  6668
37.900624156 7578992012 653984 56697  6603
37.912625223 7579631459 639447 56690  6505
37.924611527 7580270156 638697 56688  6569
37.936657962 7580909121 638965 56679  6522
37.948613131 7581562499 653378 56686  6683
37.960612246 7582201399 638900 56686  6683
37.972625687 7582840144 638745 56692  6406
37.984610634 7583482695 642551 56690  6541
37.996625709 7584131791 649096 56701  6613
38.008611029 7584769561 637770 56690  6533
38.020626753 7585407423 637862 56695  6493
38.032624681 7586060635 653212 56687  6577
38.044612774 7586698729 638094 56694  6341
38.056612342 7587336576 637847 56693  6488
38.068612533 7587988659 652083 56695  6565
38.080611447 7588625610 636951 56694  6379
38.092633498 7589262362 636752 56716  6516
38.104625178 7589914439 652077 56709  6586
38.116625866 7590552019 637580 56690  6618
38.128624680 7591189750 637731 56701  6480
38.140611643 7591842270 652520 56697  6625
38.152611954 7592479196 636926 56698  6490
38.164625299 7593120211 641015 56704  6492
38.176625906 7593768517 648306 56675  6617
38.188613280 7594405270 636753 56679  6589
38.200612547 7595057260 651990 56717  6653
38.212624115 7595693820 636560 56710  6517
38.224625586 7596333771 639951 56700  6379
38.236611626 7596982254 648483 56696  6661
38.248613177 7597618282 636028 56673  6426
38.260620211 7598269859 651577 56691  6889
38.272614186 7598904650 634791 56695  6406
38.284611972 7599555625 650975 56699  6824
38.296612790 7600191518 635893 56704  6565
38.308626058 7600837918 646400 56678  6630
38.320625979 7601477440 639522 56696  6527
38.332612589 7602115765 638325 56679  6639
38.344611223 7602762366 646601 56678  6502
38.356624801 7603398395 636029 56706  6831
38.368625738 7604048326 649931 56694  6866
38.380610732 7604683562 635236 56699  6629
38.392612193 7605333457 649895 56678  6704
38.404624740 7605968725 635268 56690  6554
38.416620998 7606618308 649583 56699  6627
38.428625148 7607254627 636319 56701  6525
38.440625010 7607902248 647621 56687  6771
38.452626153 7608543963 641715 56694  6684
38.464624888 7609185498 641535 56693  6586
38.476614054 7609834610 649112 56691  7022
38.488611352 7610468886 634276 56675  6729
38.500626103 7611118895 650009 56691  6948
38.512624331 7611752652 633757 56683  6433
38.524611794 7612402528 649876 56702  6872
38.536612758 7613037138 634610 56688  6467
38.548624393 7613687061 649923 56685  6611
38.560625114 7614337692 650631 56716  6592
38.572626300 7614972867 635175 56683  6424
38.584611648 7615623517 650650 56706  7013
38.596610789 7616258914 635397 56687  6774
38.608613046 7616909716 650802 56684  6842
38.620617890 7617560967 651251 56697  6771
38.632611151 7618195525 634558 56690  6408
38.644626119 7618845622 650097 56694  6856
38.656624306 7619487142 641520 56691  6612
38.668612016 7620131026 643884 56679  6757
38.680624781 7620781780 650754 56704  6780
38.692660786 7621418344 636564 56699  6420
38.704627089 7622066725 648381 56682  6704
38.716623719 7622717164 650439 56702  6655
38.728613970 7623353175 636011 56683  6543
38.740632231 7624001816 648641 56689  6664
38.752613288 7624651316 649500 56698  6700
38.764611429 7625289992 638676 56699  6639
38.776625753 7625935828 645836 56697  6665
38.788613387 7626585849 650021 56704  6630
38.800623881 7627235037 649188 56686  6857
38.812613249 7627869764 634727 56691  6502
38.824624793 7628518745 648981 56691  6830
38.836624240 7629168648 649903 56717  6591
38.848611151 7629803193 634545 56693  6521
38.860611712 7630452574 649381 56684  7052
38.872616309 7631102795 650221 56686  6732
38.884623536 7631752432 649637 56687  6668
38.896635487 7632385901 633469 56686  6496
38.908624631 7633035000 649099 56697  6580
38.920625562 7633684231 649231 56690  6766
38.932625239 7634333036 648805 56698  6585
38.944624863 7634966738 633702 56701  6522
38.956613530 7635615839 649101 56694  6674
38.968611378 7636265461 649622 56690  6666
38.980626819 7636914764 649303 56683  6575
38.992611480 7637558188 643424 56690  6553
39.004613300 7638198097 639909 56697  6421
39.016625371 7638847284 649187 56697  6670
39.028625148 7639495860 648576 56675  6903
39.040626076 7640145052 649192 56694  6622
39.052622186 7640787863 642811 56703  6628
39.064626660 7641427751 639888 56696  6475
39.076611558 7642076505 648754 56691  6677
39.088613302 7642724799 648294 56686  6879
39.100611696 7643372812 648013 56677  6792
39.112625207 7644020968 648156 56698  6824
39.124625951 7644658757 637789 56707  6693
39.136624489 7645302116 643359 56707  6888
39.148612422 7645950408 648292 56685  6929
39.160623626 7646598663 648255 56695  6827
39.172625781 7647247184 648521 56692  6581
39.184612341 7647895909 648725 56687  6718
39.196632606 7648544369 648460 56689  6703
39.208623203 7649183922 639553 56687  6512
39.220626164 7649824952 641030 56688  6657
39.232624917 7650473045 648093 56684  6761
39.244624585 7651121294 648249 56676  7001
39.256625266 7651735571 614277 56705  1220
39.268624600 7652329793 594222 56686  397
39.280624453 7652923686 593893 56685  528
39.292625928 7653532195 608509 56689  302
39.304609689 7654125957 593762 56693  498
39.316624396 7654732942 606985 56677  266
39.328610473 7655328316 595374 56705  415
39.340624464 7655922370 594054 56687  553
39.352611271 7656530784 608414 56697  256
39.364611482 7657124941 594157 56691  512
39.376634266 7657734487 609546 56692  404
39.388623487 7658328691 594204 56698  316
39.400612454 7658935114 606423 56702  331
39.412610985 7659531640 596526 56676  459
39.424624836 7660128944 597304 56690  354
39.436624370 7660735927 606983 56684  338
39.448624877 7661330527 594600 56684  400
39.460625761 7661939787 609260 56685  653
39.472621185 7662533777 593990 56684  399
39.484624800 7663143023 609246 56696  287
39.496622756 7663737496 594473 56681  261
39.508612067 7664346363 608867 56697  536
39.520626175 7664940231 593868 56691  477
39.532633926 7665549291 609060 56696  377
39.544613249 7666143481 594190 56686  364
39.556623157 7666752814 609333 56671  463
39.568626265 7667346952 594138 56697  381
39.580623599 7667955681 608729 56682  452
39.592625469 7668550333 594652 56688  279
39.604623540 7669158387 608054 56696  481
39.616626774 7669759423 601036 56679  340
39.628612778 7670361762 602339 56697  645
39.640623882 7670970214 608452 56686  353
39.652623893 7671563963 593749 56691  226
39.664609950 7672171836 607873 56685  464
39.676611251 7672765338 593502 56678  339
39.688621672 7673373552 608214 56689  419
39.700625652 7673969813 596261 56698  368
39.712625073 7674577340 607527 56686  240
39.724611154 7675186798 609458 56704  369
39.736611927 7675781125 594327 56692  389
39.748611738 7676390032 608907 56694  439
39.760624216 7676985715 595683 56680  392
39.772624680 7677593223 607508 56681  315
39.784601091 7678202363 609140 56704  376
39.796624128 7678796947 594584 56692  360
39.808622212 7679406259 609312 56686  477
39.820613205 7680012548 606289 56697  236
39.832623913 7680609473 596925 56685  390
39.844622347 7681218391 608918 56687  758
39.856623735 7681815685 597294 56690  355
39.868612592 7682420245 604560 56677  565
39.880611513 7683028462 608217 56685  583
39.892623534 7683623222 594760 56688  663
39.904625634 7684229352 606130 56692  653
39.916624301 7684837544 608192 56684  381
39.928612866 7685433120 595576 56696  196
39.940611152 7686038240 605120 56687  450
39.952612630 7686645853 607613 56687  366
39.964609648 7687247321 601468 56692  339
39.976610741 7687845773 598452 56680  418
39.988624556 7688453690 607917 56691  336
40.000610980 7689062077 608387 56689  452
40.012633641 7689654767 592690 56700  550
40.024611521 7690262339 607572 56697  445
40.036624752 7690869233 606894 56692  415
40.048612445 7691466851 597618 56693  406
40.060611177 7692069151 602300 56681  384
40.072613854 7692676692 607541 56681  325
40.084624908 7693283876 607184 56685  417
40.096625966 7693876775 592899 56680  415
40.108621326 7694483598 606823 56695  352
40.120626423 7695091005 607407 56684  322
40.132624921 7695699074 608069 56703  417
40.144624049 7696292172 593098 56695  732
40.156611819 7696898766 606594 56693  417
40.168633226 7697506134 607368 56685  527
40.180613123 7698113352 607218 56674  478
40.192623444 7698715046 601694 56671  512
40.204625585 7699312767 597721 56692  551
40.216611833 7699919862 607095 56689  512
40.228623503 7700526771 606909 56687  486
40.240625624 7701133505 606734 56695  452
40.252624218 7701730629 597124 56694  504
40.264612346 7702332016 601387 56693  576
40.276623826 7702939753 607737 56695  381
40.288612143 7703547209 607456 56695  465
40.300610830 7704154743 607534 56687  503
40.312610688 7704759544 604801 56701  490
40.324632412 7705354671 595127 56703  444
40.336612193 7705961603 606932 56689  447
40.348624281 7706568599 606996 56686  486
40.360611201 7707175491 606892 56682  446
40.372624405 7707782609 607118 56682  594
40.384624055 7708389912 607303 56690  448
40.396609853 7708983556 593644 56685  460
40.408613810 7709589872 606316 56701  624
40.420611591 7710197363 607491 56700  443
40.432611025 7710804424 607061 56682  562
40.444611499 7711411376 606952 56687  370
40.456623573 7712018722 607346 56678  482
40.468624201 7712626246 607524 56675  481
40.480632718 7713228711 602465 56693  583
40.492613475 7713826352 597641 56689  479
40.504611145 7714433105 606753 56685  543
40.516613506 7715039952 606847 56704  518
40.528623074 7715647347 607395 56692  462
40.540625192 7716254937 607590 56697  541
40.552610882 7716862619 607682 56694  588
40.564624703 7717470301 607682 56690  582
40.576624754 7718077949 607648 56692  670
40.588622517 7718686452 608503 56693  488
40.600624721 7719294653 608201 56685  462
40.612623929 7719895758 601105 56686  547
40.624624440 7720497209 601451 56697  526
40.636610997 7721104167 606958 56689  502
40.648646138 7721712018 607851 56696  434
40.660626549 7722319826 607808 56689  560
40.672623035 7722927636 607810 56694  641
40.684612193 7723535374 607738 56684  559
40.696610376 7724143563 608189 56687  585
40.708624648 7724751776 608213 56694  409
40.720625405 7725360020 608244 56694  573
40.732611195 7725967721 607701 56689  512
40.744611429 7726575730 608009 56690  633
40.756624227 7727184372 608642 56688  512
40.768624075 7727793103 608731 56692  492
40.780629885 7728401978 608875 56686  538
40.792611589 7729010424 608446 56692  397
40.804619397 7729618200 607776 56676  509
40.816625014 7730225662 607462 56676  578
40.828623918 7730833770 608108 56689  493
40.840611375 7731441546 607776 56694  414
40.852624475 7732049492 607946 56691  587
40.864623600 7732657525 608033 56671  617
40.876611831 7733265766 608241 56685  496
40.888611254 7733874998 609232 56698  544
40.900624032 7734483860 608862 56686  485
40.912625923 7735092861 609001 56678  568
40.924623217 7735702326 609465 56680  445
40.936611714 7736311621 609295 56688  663
40.948623115 7736921129 609508 56679  450
40.960632936 7737530778 609649 56686  508
40.972623766 7738140759 609981 56683  465
40.984629523 7738750673 609914 56694  481
40.996626338 7739359938 609265 56675  614
41.008622371 7739969561 609623 56690  378
41.020615329 7740579614 610053 56692  446
41.032610499 7741192335 612721 56705  514
41.044626500 7741810157 617822 56680  627
41.056609844 7742422741 612584 56691  583
41.068612235 7743031867 609126 56682  543
41.080611798 7743640913 609046 56686  590
41.092623356 7744249749 608836 56691  473
41.104623754 7744858855 609106 56706  485
41.116631954 7745468054 609199 56681  603
41.128611635 7746077727 609673 56688  600
41.140610459 7746687005 609278 56691  521
41.152625100 7747296254 609249 56698  634
41.164611307 7747906124 609870 56692  438
41.176611854 7748524142 618018 56683  562
41.188624919 7749139489 615347 56690  624
41.200624662 7749748493 609004 56689  535
41.212611403 7750357964 609471 56689  503
41.224610363 7750967709 609745 56687  610
41.236623365 7751577622 609913 56684  411
41.248624205 7752187579 609957 56701  395
41.260610542 7752797412 609833 56691  494
41.272624233 7753412951 615539 56685  642
41.284632237 7754031829 618878 56672  612
41.296624835 7754642178 610349 56691  599
41.308623198 7755252666 610488 56698  449
41.320612092 7755862966 610300 56667  528
41.332625183 7756472922 609956 56679  530
41.344623217 7757084265 611343 56689  506
41.356611628 7757705901 621636 56684  548
41.368611118 7758320211 614310 56681  571
41.380624062 7758930677 610466 56693  517
41.392623020 7759540965 610288 56697  543
41.404610273 7760150757 609792 56671  573
41.416624195 7760760977 610220 56686  539
41.428610775 7761385553 624576 56685  615
41.440634029 7761996192 610639 56692  549
41.452612306 7762606478 610286 56689  622
41.464611614 7763216574 610096 56674  527
41.476612114 7763827262 610688 56687  488
41.488625178 7764446360 619098 56690  589
41.500611922 7765062977 616617 56699  591
41.512610493 7765673581 610604 56689  644
41.524623781 7766283671 610090 56679  522
41.536622691 7766894226 610555 56691  519
41.548611772 7767517253 623027 56693  577
41.560609992 7768130039 612786 56694  619
41.572624433 7768741118 611079 56686  601
41.584624224 7769352104 610986 56686  592
41.596631515 7769963634 611530 56680  602
41.608611485 7770588399 624765 56689  499
41.620624316 7771199600 611201 56682  653
41.632625240 7771810988 611388 56689  532
41.644623477 7772422085 611097 56693  667
41.656612028 7773047501 625416 56698  514
41.668624759 7773658010 610509 56674  660
41.680622906 7774269209 611199 56684  539
41.692623893 7774880341 611132 56690  525
41.704619120 7775506530 626189 56687  553
41.716625491 7776118004 611474 56690  688
41.728624089 7776729580 611576 56688  493
41.740611286 7777341067 611487 56691  434
41.752629644 7777966540 625473 56679  674
41.764623304 7778578801 612261 56699  549
41.776611581 7779190735 611934 56685  599
41.788623995 7779807540 616805 56677  577
41.800612643 7780428595 621055 56686  423
41.812611733 7781040256 611661 56698  678
41.824624304 7781652047 611791 56678  531
41.836613580 7782278084 626037 56689  692
41.848610572 7782889753 611669 56696  554
41.860612246 7783501792 612039 56682  565
41.872623443 7784122212 620420 56692  494
41.884612617 7784740037 617825 56694  604
41.896610208 7785351820 611783 56681  585
41.908624245 7785963889 612069 56678  503
41.920634600 7786589111 625222 56692  556
41.932612696 7787200946 611835 56686  625
41.944623501 7787813040 612094 56686  638
41.956623614 7788439046 626006 56694  599
41.968623288 7789051204 612158 56677  576
41.980623313 7789663127 611923 56707  624
41.992624227 7790289269 626142 56691  530
42.004625750 7790901240 611971 56689  530
42.016624001 7791512799 611559 56688  531
42.028624465 7792138733 625934 56687  648
42.040610586 7792750868 612135 56684  535
42.052624920 7793363589 612721 56688  595
42.064610160 7793990579 626990 56691  687
42.076620021 7794603887 613308 56674  558
42.088625685 7795217144 613257 56681  650
42.100623653 7795844325 627181 56689  616
42.112612020 7796457209 612884 56671  600
42.124609104 7797075244 618035 56674  590
42.136624281 7797697809 622565 56691  560
42.148610528 7798311526 613717 56679  638
42.160612095 7798938448 626922 56682  543
42.172612033 7799551612 613164 56684  686
42.184622600 7800164980 613368 56684  612
42.196612117 7800792316 627336 56682  559
42.208622608 7801406246 613930 56701  716
42.220626062 7802024843 618597 56685  668
42.232617877 7802647202 622359 56692  675
42.244625411 7803260477 613275 56685  665
42.256611114 7803887358 626881 56685  661
42.268624462 7804500762 613404 56693  547
42.280624349 7805115472 614710 56687  544
42.292611590 7805741154 625682 56697  617
42.304611713 7806354021 612867 56676  575
42.316623227 7806980502 626481 56675  759
42.328612168 7807593734 613232 56686  598
42.340611988 7808212423 618689 56684  609
42.352622820 7808833699 621276 56689  731
42.364610920 7809447508 613809 56690  507
42.376610454 7810074318 626810 56685  844
42.388621445 7810687376 613058 56690  723
42.400623909 7811314093 626717 56682  680
42.412613156 7811927609 613516 56693  583
42.424612093 7812544126 616517 56702  661
42.436623351 7813170174 626048 56706  597
42.448624051 7813785100 614926 56689  652
42.460615322 7814413061 627961 56687  719
42.472611773 7815028196 615135 56685  519
42.484611593 7815656049 627853 56690  644
42.496623897 7816271066 615017 56703  802
42.508612502 7816899527 628461 56681  534
42.520610168 7817514614 615087 56695  598
42.532623843 7818131806 617192 56674  634
42.544622644 7818757272 625466 56694  761
42.556633151 7819371651 614379 56689  573
42.568610195 7819999852 628201 56692  699
42.580624652 7820613995 614143 56693  579
42.592624986 7821241769 627774 56690  756
42.604610293 7821856492 614723 56689  578
42.616612204 7822484245 627753 56690  647
42.628609898 7823099208 614963 56687  678
42.640624989 7823727406 628198 56688  597
42.652623503 7824342519 615113 56700  788
42.664612370 7824970581 628062 56691  643
42.676622201 7825585531 614950 56690  688
42.688623218 7826213520 627989 56684  544
42.700610955 7826828326 614806 56692  621
42.712618863 7827456397 628071 56696  790
42.724624566 7828071494 615097 56698  564
42.736623727 7828700153 628659 56698  721
42.748612197 7829315600 615447 56693  569
42.760611061 7829944106 628506 56693  787
42.772623582 7830559097 614991 56682  803
42.784623599 7831187924 628827 56699  800
42.796611570 7831803409 615485 56702  844
42.808624404 7832432061 628652 56690  592
42.820611501 7833048410 616349 56691  697
42.832625172 7833677651 629241 56691  863
42.844610550 7834294318 616667 56707  597
42.856610203 7834923976 629658 56682  652
42.868632901 7835540760 616784 56681  594
42.880612025 7836170291 629531 56693  812
42.892623899 7836786548 616257 56675  666
42.904610273 7837415851 629303 56690  712
42.916624574 7838033646 617795 56674  744
42.928624014 7838661341 627695 56675  721
42.940610541 7839290608 629267 56675  710
42.952611818 7839907110 616502 56681  565
42.964623716 7840536818 629708 56683  665
42.976611909 7841153700 616882 56685  722
42.988622057 7841783114 629414 56692  603
43.000611861 7842399973 616859 56686  647
43.012623788 7843029849 629876 56684  727
43.024623012 7843647355 617506 56681  708
43.036620696 7844276869 629514 56691  704
43.048623494 7844906357 629488 56688  694
43.060624495 7845523393 617036 56693  764
43.072623622 7846153255 629862 56689  810
43.084612489 7846770635 617380 56686  866
43.096610859 7847400053 629418 56672  720
43.108610634 7848017381 617328 56684  786
43.120624825 7848646551 629170 56696  738
43.132623145 7849276042 629491 56687  813
43.144624426 7849893451 617409 56683  734
43.156610306 7850523739 630288 56682  744
43.168623903 7851142087 618348 56690  808
43.180609647 7851773201 631114 56688  952
43.192619661 7852404331 631130 56687  768
43.204624645 7853023716 619385 56690  809
43.216610579 7853655170 631454 56689  857
43.228624230 7854274006 618836 56693  843
43.240609790 7854905228 631222 56691  779
43.252625664 7855536329 631101 56674  821
43.264623112 7856155834 619505 56676  712
43.276611466 7856787549 631715 56683  810
43.288610943 7857407407 619858 56690  698
43.300623370 7858039566 632159 56673  795
43.312625408 7858671730 632164 56705  793
43.324610251 7859291489 619759 56680  882
43.336610679 7859923032 631543 56682  911
43.348632403 7860551460 628428 56715  873
43.360624180 7861174778 623318 56678  920
43.372611634 7861806661 631883 56686  988
43.384623481 7862426437 619776 56692  805
43.396624169 7863057765 631328 56685  873
43.408610572 7863689388 631623 56688  1087
43.420612626 7864308441 619053 56698  897
43.432611537 7864939890 631449 56696  1192
43.444611224 7865571726 631836 56695  1284
43.456623712 7866191967 620241 56698  1058
43.468610255 7866823850 631883 56688  1362
43.480611683 7867455665 631815 56685  1141
43.492609327 7868075351 619686 56687  1218
43.504633925 7868706713 631362 56691  1042
43.516611515 7869335654 628941 56686  1108
43.528610326 7869959792 624138 56686  1242
43.540625417 7870592561 632769 56694  1077
43.552610510 7871220522 627961 56684  1143
43.564624691 7871846809 626287 56695  1201
43.576623729 7872479095 632286 56681  1039
43.588625475 7873108519 629424 56692  1035
43.600610426 7873733119 624600 56692  1478
43.612613250 7874366188 633069 56697  1564
43.624623781 7874999366 633178 56692  960
43.636623905 7875621121 621755 56693  883
43.648623515 7876254189 633068 56691  964
43.660623723 7876887802 633613 56690  1190
43.672634167 7877510091 622289 56703  1454
43.684622484 7878143283 633192 56693  966
43.696608157 7878776724 633441 56694  852
43.708617771 7879398812 622088 56685  1382
43.720623909 7880032176 633364 56686  1020
43.732612926 7880665737 633561 56673  964
43.744623397 7881289619 623882 56682  1141
43.756612138 7881923467 633848 56728  1335
43.768623184 7882557729 634262 56685  1779
43.780623399 7883191966 634237 56678  1083
43.792611895 7883814321 622355 56691  951
43.804610756 7884448540 634219 56686  1283
43.816612091 7885082414 633874 56689  1000
43.828618831 7885707276 624862 56698  1618
43.840612542 7886343198 635922 56685  1531
43.852610128 7886978779 635581 56690  1117
43.864625683 7887613898 635119 56682  1118
43.876624054 7888239968 626070 56687  993
43.888611410 7888876392 636424 56697  991
43.900611045 7889512818 636426 56690  1272
43.912610912 7890143451 630633 56698  1483
43.924624162 7890774937 631486 56694  1448
43.936609267 7891410705 635768 56691  1271
43.948612780 7892047254 636549 56694  1131
43.960623761 7892674808 627554 56711  1235
43.972624045 7893311855 637047 56683  1423
43.984619382 7893948832 636977 56685  2260
43.996624740 7894586427 637595 56692  1624
44.008624371 7895213555 627128 56690  1015
44.020626148 7895851339 637784 56711  1550
44.032612208 7896488957 637618 56691  1170
44.044612409 7897126657 637700 56700  1703
44.056623847 7897755089 628432 56700  1552
44.068623744 7898393179 638090 56703  1568
44.080623995 7899030625 637446 56689  1174
44.092611305 7899668961 638336 56695  1085
44.104623602 7900300659 631698 56711  1702
44.116624327 7900936518 635859 56702  1385
44.128610927 7901575080 638562 56696  1108
44.140619011 7902213895 638815 56681  1230
44.152625171 7902852847 638952 56706  1287
44.164611549 7903483034 630187 56695  1383
44.176612402 7904122327 639293 56694  1223
44.188609996 7904761684 639357 56697  1821
44.200625607 7905401047 639363 56692  1919
44.212610924 7906032224 631177 56689  1630
44.224611105 7906670883 638659 56705  1807
44.236625899 7907310629 639746 56686  1636
44.248623153 7907950080 639451 56692  1506
44.260624707 7908589940 639860 56690  1362
44.272610200 7909221166 631226 56691  1277
44.284612521 7909861234 640068 56684  1408
44.296610955 7910500974 639740 56691  1208
44.308632579 7911141350 640376 56702  1252
44.320625737 7911781909 640559 56697  1362
44.332623734 7912413468 631559 56682  1437
44.344612888 7913054808 641340 56695  1548
44.356622519 7913696333 641525 56683  1297
44.368612492 7914336993 640660 56685  1643
44.380623010 7914979096 642103 56715  1320
44.392624077 7915613451 634355 56697  1871
44.404611991 7916254625 641174 56684  1598
44.416623965 7916897009 642384 56693  1768
44.428611372 7917539180 642171 56687  1687
44.440623259 7918180887 641707 56688  1401
44.452624397 7918823351 642464 56709  1731
44.464621306 7919457925 634574 56692  1699
44.476616655 7920100490 642565 56688  1713
44.488611758 7920743022 642532 56678  1889
44.500611739 7921386384 643362 56701  1675
44.512611202 7922029585 643201 56696  1685
44.524611347 7922673107 643522 56686  2013
44.536623841 7923308846 635739 56710  1728
44.548612278 7923952406 643560 56701  1820
44.560610252 7924595773 643367 56699  1659
44.572624576 7925239119 643346 56682  2350
44.584609592 7925882451 643332 56689  1740
44.596625013 7926526455 644004 56690  1848
44.608609627 7927162714 636259 56681  2108
44.620621444 7927806844 644130 56690  1588
44.632610652 7928451365 644521 56682  1832
44.644582000 7929096024 644659 56695  2209
44.656611736 7929740327 644303 56700  1605
44.668610370 7930385057 644730 56699  2070
44.680625018 7931029416 644359 56699  1432
44.692609268 7931666348 636932 56694  1659
44.704612062 7932311010 644662 56686  2095
44.716610522 7932955823 644813 56692  1609
44.728606460 7933600938 645115 56683  1893
44.740610900 7934246803 645865 56709  1665
44.752612058 7934892414 645611 56686  1920
44.764610519 7935538840 646426 56700  1883
44.776618919 7936184805 645965 56682  2131
44.788611906 7936823594 638789 56698  1779
44.800610073 7937468874 645280 56688  1638
44.812624771 7938114544 645670 56704  1891
44.824622858 7938760262 645718 56689  2066
44.836623925 7939406359 646097 56690  2149
44.848611439 7940052444 646085 56704  2842
44.860623800 7940698749 646305 56703  2296
44.872624360 7941344426 645677 56685  2261
44.884624725 7941986983 642557 56691  2459
44.896623085 7942629942 642959 56688  2402
44.908624292 7943276031 646089 56689  1661
44.920624096 7943922122 646091 56690  2123
44.932624090 7944568525 646403 56686  1930
44.944625373 7945215089 646564 56709  2273
44.956628368 7945862352 647263 56686  2031
44.968624385 7946510038 647686 56699  2328
44.980610592 7947157997 647959 56702  2311
44.992611630 7947805808 647811 56693  2059
45.004610606 7948451557 645749 56694  2515
45.016625134 7949093905 642348 56693  3141
45.028611001 7949741418 647513 56691  1867
45.040612018 7950389305 647887 56730  2620
45.052611309 7951036927 647622 56687  2983
45.064611123 7951684784 647857 56694  2148
45.076610517 7952333003 648219 56723  2355
45.088609697 7952980303 647300 56692  1966
45.100620848 7953628694 648391 56689  2642
45.112610072 7954277388 648694 56684  2003
45.124611836 7954925856 648468 56689  3051
45.136611783 7955574274 648418 56692  2992
45.148623408 7956223012 648738 56692  2005
45.160625091 7956868177 645165 56698  2334
45.172624392 7957513469 645292 56691  2529
45.184612232 7958162152 648683 56697  3268
45.196624950 7958810793 648641 56684  2003
45.208624257 7959459506 648713 56686  2528
45.220643802 7960108408 648902 56706  2508
45.232609882 7960756641 648233 56692  2601
45.244624763 7961405606 648965 56689  1973
45.256633313 7962054226 648620 56695  2978
45.268624430 7962703188 648962 56708  3638
45.280624254 7963352473 649285 56693  2005
45.292624628 7964001791 649318 56684  1951
45.304624696 7964650089 648298 56690  2042
45.316612139 7965299588 649499 56692  2250
45.328611980 7965949159 649571 56705  1999
45.340611663 7966598509 649350 56686  2198
45.352624691 7967247820 649311 56694  2865
45.364609638 7967897669 649849 56692  2675
45.376612699 7968547258 649589 56703  2472
45.388624793 7969197137 649879 56694  2301
45.400610240 7969847000 649863 56697  1986
45.412633411 7970492791 645791 56699  2832
45.424610771 7971140837 648046 56701  3164
45.436611778 7971791103 650266 56701  2121
45.448610622 7972440644 649541 56693  2277
45.460612566 7973090292 649648 56693  2545
45.472612289 7973739696 649404 56694  2292
45.484623170 7974389389 649693 56688  1935
45.496623925 7975039199 649810 56682  2738
45.508622435 7975688906 649707 56682  2115
45.520612192 7976338188 649282 56691  2440
45.532623467 7976987748 649560 56700  2450
45.544624523 7977637771 650023 56693  1945
45.556624938 7978287925 650154 56697  2523
45.568623351 7978937641 649716 56688  2184
45.580619972 7979587409 649768 56691  2415
45.592624080 7980237076 649667 56700  2430
45.604623593 7980886819 649743 56698  2771
45.616624321 7981536677 649858 56703  2975
45.628624604 7982186744 650067 56694  2820
45.640623772 7982837063 650319 56680  2623
45.652610055 7983487310 650247 56682  2340
45.664625853 7984136939 649629 56681  2511
45.676610697 7984787108 650169 56705  2734
45.688624184 7985437005 649897 56688  2411
45.700612254 7986086636 649631 56705  2563
45.712611171 7986737263 650627 56730  2983
45.724616242 7987387665 650402 56697  2295
45.736617996 7988037421 649756 56695  2790
45.748625650 7988687117 649696 56698  2297
45.760624168 7989337210 650093 56689  2663
45.772625894 7989987351 650141 56683  3166
45.784609552 7990637210 649859 56689  2842
45.796611229 7991287016 649806 56684  2850
45.808632153 7991936688 649672 56695  2157
45.820625974 7992586783 650095 56688  2417
45.832611667 7993236779 649996 56690  2796
45.844610412 7993887797 651018 56679  3354
45.856625279 7994542464 654667 56689  2429
45.868622889 7995193476 651012 56695  3236
45.880624596 7995843451 649975 56686  3844
45.892631597 7996493748 650297 56684  2444
45.904623987 7997143516 649768 56675  2404
45.916611288 7997793499 649983 56698  2642
45.928612341 7998443889 650390 56698  2600
45.940610609 7999094030 650141 56697  2676
45.952624803 7999743599 649569 56684  2865
45.964624420 8000393399 649800 56693  2948
45.976623304 8001044045 650646 56688  2518
45.988624062 8001694719 650674 56702  3212
46.000624355 8002345282 650563 56686  2640
46.012624493 8002995465 650183 56697  2837
46.024610836 8003645400 649935 56688  2789
46.036611564 8004295951 650551 56685  2415
46.048619961 8004946203 650252 56700  2981
46.060630558 8005596836 650633 56695  2817
46.072610465 8006247392 650556 56690  2878
46.084625236 8006898031 650639 56696  3012
46.096623076 8007548127 650096 56684  3130
46.108625340 8008202233 654106 56709  2825
46.120611177 8008855074 652841 56693  2842
46.132612968 8009505491 650417 56694  2754
46.144610419 8010155992 650501 56696  2889
46.156610119 8010806596 650604 56709  2702
46.168612273 8011456839 650243 56696  2895
46.180610560 8012107103 650264 56695  2971
46.192624448 8012757366 650263 56698  3066
46.204623515 8013407966 650600 56696  2752
46.216620769 8014058503 650537 56698  2828
46.228623366 8014708723 650220 56690  2803
46.240619861 8015358383 649660 56691  2964
46.252612527 8016008660 650277 56684  2817
46.264611411 8016658869 650209 56692  2895
46.276612298 8017314702 655833 56704  2548
46.288623439 8017965322 650620 56686  2808
46.300611889 8018615985 650663 56688  2994
46.312622120 8019266132 650147 56680  2766
46.324624247 8019917070 650938 56689  3244
46.336623501 8020567489 650419 56685  3044
46.348610175 8021217871 650382 56693  2804
46.360612292 8021868287 650416 56679  2523
46.372618913 8022518739 650452 56689  3213
46.384625064 8023168756 650017 56689  3085
46.396611008 8023819113 650357 56688  2779
46.408611318 8024475281 656168 56699  2785
46.420613075 8025126041 650760 56675  2889
46.432611930 8025776888 650847 56693  2898
46.444624940 8026427425 650537 56685  2996
46.456611686 8027077507 650082 56685  2788
46.468624464 8027728245 650738 56675  3272
46.480609671 8028379095 650850 56687  2673
46.492610815 8029029774 650679 56691  3415
46.504612473 8029680505 650731 56699  3171
46.516611446 8030335946 655441 56743  2988
46.528633074 8030987914 651968 56694  3075
46.540625115 8031639104 651190 56706  3177
46.552625062 8032289857 650753 56690  3150
46.564623462 8032940434 650577 56689  3427
46.576622657 8033590629 650195 56687  2963
46.588624827 8034241294 650665 56690  3298
46.600610221 8034891352 650058 56689  3597
46.612612741 8035541992 650640 56684  3085
46.624610014 8036198296 656304 56704  2751
46.636612602 8036849517 651221 56694  3596
46.648621596 8037500812 651295 56688  3126
46.660639491 8038151957 651145 56697  3095
46.672624087 8038802307 650350 56691  3370
46.684623675 8039453658 651351 56688  3279
46.696632265 8040104619 650961 56680  3172
46.708625043 8040758768 654149 56685  3363
46.720625793 8041411936 653168 56702  2741
46.732610319 8042062978 651042 56693  3411
46.744628987 8042713635 650657 56680  3282
46.756625331 8043365073 651438 56687  2987
46.768611335 8044016452 651379 56704  3497
46.780624116 8044667251 650799 56680  3387
46.792623996 8045320242 652991 56688  3201
46.804623393 8045975222 654980 56690  3566
46.816610183 8046626310 651088 56700  3423
46.828606904 8047277093 650783 56681  3328
46.840612574 8047928655 651562 56691  3141
46.852631372 8048580449 651794 56700  3410
46.864624773 8049232036 651587 56698  3737
46.876610380 8049888566 656530 56689  3436
46.888612887 8050539306 650740 56683  3491
46.900623287 8051190746 651440 56691  3918
46.912612038 8051841966 651220 56699  3473
46.924625303 8052493240 651274 56689  3540
46.936623283 8053144886 651646 56686  3587
46.948611436 8053800614 655728 56697  3467
46.960610430 8054453215 652601 56692  3513
46.972612410 8055104658 651443 56692  3556
46.984622658 8055756818 652160 56703  3702
46.996625159 8056408414 651596 56699  3478
47.008632433 8057060058 651644 56682  3794
47.020624060 8057717433 657375 56692  3573
47.032611947 8058369228 651795 56688  3554
47.044624144 8059020980 651752 56673  4163
47.056612228 8059673353 652373 56695  3771
47.068610585 8060325755 652402 56694  3826
47.080629666 8060978106 652351 56689  3860
47.092624446 8061635393 657287 56684  3844
47.104623994 8062287652 652259 56696  3805
47.116624374 8062940866 653214 56691  4177
47.128623602 8063594092 653226 56683  3805
47.140623949 8064247443 653351 56697  3358
47.152610709 8064902590 655147 56689  3915
47.164620577 8065559278 656688 56691  4320
47.176656198 8066213196 653918 56682  3932
47.188611187 8066868017 654821 56713  3866
47.200625458 8067522782 654765 56687  3781
47.212610841 8068177729 654947 56691  3793
47.224611826 8068837122 659393 56694  3905
47.236622620 8069492965 655843 56701  3988
47.248681142 8070148421 655456 56694  3953
47.260613441 8070804712 656291 56685  4096
47.272610091 8071461273 656561 56686  3326
47.284610955 8072122173 660900 56715  3620
47.296623842 8072780661 658488 56688  4410
47.308612666 8073442109 661448 56695  4059
47.320640084 8074103893 661784 56679  4021
47.332625307 8074768824 664931 56691  4016
47.344625132 8075434897 666073 56682  3946
47.356610672 8076101783 666886 56688  5442
47.368612013 8076768809 667026 56704  3555
47.380615183 8077435560 666751 56700  4813
47.392624210 8078102194 666634 56702  3516
47.404609624 8078768654 666460 56689  4279
47.416624085 8079435137 666483 56695  4559
47.428626148 8081568561 2133424 56686  7362
47.440626289 8086180028 4611467 56676  21568
47.452630530 8091142885 4962857 51963  24528
47.463609873 8092815535 1672650 51960  6483
47.474625734 8097279715 4464180 56684  20801
47.486631851 8102348511 5068796 56686  24605
47.498614005 8103540664 1192153 56708  18214
47.510612009 8106269284 2728620 51969  35275
47.521627096 8110316405 4047121 56686  18767
47.533627710 8114651643 4335238 56700  19977
47.545612164 8117744181 3092538 56701  19596
47.557626437 8122639771 4895590 56694  24061
47.569624958 8125890739 3250968 56687  13089
47.581612122 8127103421 1212682 56715  30416
47.593612859 8128258815 1155394 56729  49963
47.605613720 8129523680 1264865 56687  56525
47.617629578 8133731914 4208234 51972  27112
47.628625150 8137799248 4067334 56692  18374
47.640622321 8140502148 2702900 56703  15293
47.652626216 8145419379 4917231 51950  25118
47.663626702 8148852338 3432959 51962  15477
47.674613176 8151552555 2700217 56693  16388
47.686627803 8152765237 1212682 56708  40101
47.698613458 8157739293 4974056 56679  25703
47.710625811 8162782087 5042794 56682  24500
47.722625662 8164240918 1458831 51967  10938
47.733611745 8168921462 4680544 56664  21844
47.745625863 8173866528 4945066 51951  24528
47.756612240 8175050173 1183645 56702  13046
47.768627221 8176205567 1155394 56729  48257
47.780612131 8177469466 1263899 56696  56070
47.792634502 8178514764 1045298 56706  50522
47.804614325 8179779559 1264795 56710  56520
47.816611543 8181044405 1264846 56717  56530
47.828628283 8182309512 1265107 56673  56528
47.840626960 8185614625 3305113 56684  36073
47.852626861 8189796775 4182150 51957  19928
47.863612335 8193259462 3462687 56692  14282
47.875612735 8196750934 3491472 51971  20650
47.886625719 8201229868 4478934 51955  21834
47.897613159 8204380654 3150786 56683  14771
47.909625963 8205594904 1214250 56706  33563
47.921625738 8210435437 4840533 56671  33038
47.933626074 8214655286 4219849 56676  19104
47.945620569 8216845597 2190311 56707  12113
47.957614939 8221875914 5030317 56676  24924
47.969611595 8226577829 4701915 51952  23389
47.980612983 8227996976 1419147 56696  7538
47.992625284 8229151264 1154288 56695  43381
48.004626887 8230415387 1264123 56700  56493
48.016626702 8232312302 1896915 51970  44113
48.027626199 8236424626 4112324 56675  18447
48.039612865 8241482057 5057431 56697  24468
48.051625013 8244275370 2793313 51971  17028
48.062612303 8248326284 4050914 56679  19236
48.074624617 8252620026 4293742 56690  20685
48.086625845 8253812403 1192377 56694  25606
48.098613118 8257272418 3460015 56708  36035
48.110634662 8261473984 4201566 51954  19738
48.121613002 8264938851 3464867 56694  15394
48.133625253 8268344308 3405457 51964  20943
48.144613287 8272555464 4211156 51965  24185
48.155610991 8275978084 3422620 56679  17111
48.167625761 8277189870 1211786 56707  36133
48.179612062 8278344942 1155072 56706  48636
48.191627256 8279608715 1263773 56693  53989
48.203626546 8280654013 1045298 56717  47641
48.215627963 8281918808 1264795 56726  56527
48.227626611 8283183550 1264742 56717  56502
48.239625671 8284219213 1035663 56701  49179
48.251615385 8285447564 1228351 56710  56501
48.263620793 8286711239 1263675 56695  56473
48.275627456 8287975362 1264123 56703  56501
48.287613360 8289239976 1264614 56705  56518
48.299615110 8290505083 1265107 56675  56536
48.311626215 8291770190 1265107 56687  56498
48.323627121 8293014970 1244780 56686  54917
48.335613466 8295251111 2236141 51967  42797
48.346623656 8299426819 4175708 56687  18905
48.358626460 8303738036 4311217 56682  20966
48.370624324 8306823461 3085425 56680  18405
48.382613830 8311671236 4847775 56677  25108
48.394612998 8314961412 3290176 56683  14126
48.406611665 8316173520 1212108 56694  35172
48.418636426 8320093520 3920000 51968  31471
48.429612480 8324189080 4095560 56691  18836
48.441624944 8327333822 3144742 56702  15345
48.453625611 8332015926 4682104 51960  28611
48.464614677 8335999178 3983252 55607  19261
48.475886637 8338418499 2419321 53042  12655
48.487612938 8339631853 1213354 56695  36247
48.499628459 8340786799 1154946 56717  51578
48.511625187 8341846852 1060053 56705  49858
48.523614874 8346915047 5068195 56683  25250
48.535624631 8351863840 4948793 51953  24467
48.546625705 8353343140 1479300 51971  10369
48.557612731 8358002834 4659694 56691  21835
48.569614249 8363054106 5051272 56674  24848
48.581633633 8364237350 1183244 56700  22085
48.593628260 8366619082 2381732 51992  37609
48.604613531 8370824106 4205024 56686  18969
48.616626864 8375399813 4575707 56697  23017
48.628625601 8378493024 3093211 56699  20052
48.640612035 8383356653 4863629 56684  23641
48.652613862 8386638913 3282260 56689  13734
48.664624043 8387850923 1212010 56700  28327
48.676614133 8389005869 1154946 56717  51751
48.688613247 8390270440 1264571 56721  56527
48.700626178 8391315290 1044850 56706  49621
48.712626998 8392578741 1263451 56680  56449
48.724612179 8393842388 1263647 56690  56479
48.736633717 8394881393 1039005 56679  49214
48.748613273 8399923011 5041618 56681  27400
48.760611907 8404658197 4735186 51942  23357
48.771625375 8406765792 2107595 56699  12532
48.783643466 8411089702 4323910 56669  20202
48.795628029 8416158526 5068824 56700  25137
48.807623819 8417350679 1192153 56719  22868
48.819627453 8420080223 2729544 51969  35266
48.830624303 8424125848 4045625 56674  18212
48.842625668 8428469240 4343392 56678  20040
48.854611981 8431559105 3089865 56686  19082
48.866624269 8436420899 4861794 56689  24610
48.878613072 8439703188 3282289 56701  13815
48.890632976 8440915198 1212010 56702  31276
48.902615436 8442069472 1154274 56697  50957
48.914624754 8443333371 1263899 56702  56139
48.926627211 8447544441 4211070 51967  28695
48.937612011 8451598301 4053860 56675  18369
48.949626712 8454316541 2718240 56705  12177
48.961612578 8459231142 4914601 51959  27735
48.972625579 8462753766 3522624 51964  15649
48.983612353 8465423512 2669746 56684  10326
48.995625154 8466582064 1158552 56703  45163
49.007626244 8471596026 5013962 56689  24503
49.019612901 8476330304 4734278 51950  24111
49.030614108 8478440200 2109896 56681  19629
49.042621762 8482776103 4335903 56686  20646
49.054611446 8487837059 5060956 56683  25141
49.066624817 8489029464 1192405 56703  27492
49.078612807 8490183934 1154470 56692  43575
49.090615694 8491448425 1264491 56715  56518
49.102625879 8492493579 1045154 56704  48058
49.114613992 8493757926 1264347 56711  56517
49.126626573 8495022273 1264347 56713  56518
49.138613673 8496285752 1263479 56687  56479
49.150625287 8497283052 997300 56706  49748
49.162611711 8498546951 1263899 56701  56476
49.174614698 8499810896 1263945 56705  56504
49.186624095 8501074877 1263981 56696  56492
49.198625739 8502338470 1263593 56687  56483
49.210634146 8503602369 1263899 56694  56494
49.222627590 8504866716 1264347 56715  56516
49.234624857 8505593704 726988 56706  50711
49.246625155 8506858723 1265019 56720  56527
49.258626008 8508123252 1264529 56710  56508
49.270612925 8509387865 1264613 56715  56523
49.282625956 8510652735 1264870 56718  56526
49.294613242 8511917455 1264720 56713  56520
49.306625233 8513181354 1263899 56701  56451
49.318611284 8514445709 1264355 56706  56466
49.330625268 8515711040 1265331 56677  56541
49.342626445 8516976371 1265331 56691  56539
49.354612629 8518241702 1265331 56680  56528
49.366622916 8519507034 1265332 56686  56514
49.378613960 8520772141 1265107 56673  56524
49.390615707 8522037472 1265331 56685  56522
49.402614151 8523170879 1133407 56670  47943
49.414611491 8523650725 479846 56706  56383
49.426613368 8528009539 4358814 51950  33912
49.437611793 8532331197 4321658 56693  19976
49.449613503 8534734586 2403389 56703  16280
49.461612123 8539756640 5022054 56680  24891
49.473612964 8544089518 4332878 51955  22005
49.484610834 8545850178 1760660 56693  10136
49.496611631 8547568181 1718003 56691  42964
49.508613209 8552079024 4510843 56686  20698
49.520631997 8557144689 5065665 56690  24698
49.532613116 8559694359 2549670 51973  18137
49.543625633 8563883346 4188987 56670  20404
49.555612984 8568353711 4470365 56684  20496
49.567623834 8569546262 1192551 56685  26442
49.579614219 8570700788 1154526 56711  46071
49.591612469 8571963567 1262779 56676  56386
49.603626606 8575215625 3252058 51960  30359
49.614626266 8579422479 4206854 51971  19821
49.625624377 8582867225 3444746 56686  14121
49.637625024 8586340323 3473098 51953  20204
49.648624091 8590833167 4492844 51967  22384
49.659611792 8593980591 3147424 56687  12713
49.671639833 8595193917 1213326 56695  34278
49.683632446 8599999267 4805350 56683  32038
49.695625219 8604255384 4256117 56698  19220
49.707626277 8606444687 2189303 56673  9752
49.719613390 8611479089 5034402 56690  24608
49.731624955 8616205946 4726857 51954  23571
49.742625202 8617598467 1392521 56689  12193
49.754622829 8618753189 1154722 56705  41408
49.766614229 8620018208 1265019 56718  56541
49.778625963 8621063730 1045522 56718  49139
49.790626480 8622328497 1264767 56710  56515
49.802613031 8623592823 1264326 56711  56514
49.814613234 8624857177 1264354 56710  56517
49.826626945 8627779575 2922398 56700  36170
49.838619349 8632629551 4849976 56687  23731
49.850614023 8635924537 3294986 56677  17057
49.862611440 8639398686 3474149 51948  21817
49.873626194 8643872412 4473726 51945  22168
49.884610377 8647032066 3159654 56692  13106
49.896614034 8648245420 1213354 56697  34747
49.908625398 8652985632 4740212 56695  33537
49.920625372 8657222929 4237297 56687  19856
49.932625636 8659482080 2259151 56691  11876
49.944610789 8664491842 5009762 56671  25493
49.956625170 8668822979 4331137 51948  22426
49.967624147 8670584818 1761839 56692  9160
49.979626908 8671739736 1154918 56709  42553
49.991623471 8673004979 1265243 56732  56196
50.003612499 8674616294 1611315 51975  43935
50.014625286 8679005993 4389699 56686  19938
50.026613362 8684068066 5062073 56690  24507
50.038624710 8686603574 2535508 51963  16181
50.049624951 8690804069 4200495 56677  19479
50.061612688 8695273474 4469405 56682  20721
50.073625468 8696464264 1190790 56713  29218
50.085614505 8699869467 3405203 56694  32607
50.097628363 8704097526 4228059 51960  23627
50.108611746 8707585116 3487590 56689  15878
50.120623924 8710997451 3412335 51974  26071
50.131623981 8715186267 4188816 51956  20881
50.142633095 8718634209 3447942 56704  18472
50.154611372 8719846891 1212682 56715  39834
50.166614352 8721001837 1154946 56710  44883
50.178625479 8722266632 1264795 56727  56538
50.190613829 8723312378 1045746 56725  51433
50.202613830 8724577173 1264795 56722  56532
50.214611560 8725841520 1264347 56703  56512
50.226626578 8726878234 1036714 56703  49729
50.238611631 8728105257 1227023 56701  55985
50.250625102 8729368932 1263675 56689  56484
50.262625679 8730632831 1263899 56696  56498
50.274626580 8731896954 1264123 56707  56502
50.286614583 8733160405 1263451 56689  56478
50.298620194 8734424080 1263675 56697  56494
50.310614051 8735673502 1249422 56722  55212
50.322629139 8737910897 2237395 51968  42912
50.333626469 8742120716 4209819 56685  21441
50.345624272 8746424690 4303974 56680  20043
50.357625886 8749554006 3129316 56703  23027
50.369611280 8754069319 4515313 51965  21660
50.380616584 8757605003 3535684 56695  14992
50.392612101 8758818777 1213774 56710  29606
50.404623622 8762733821 3915044 51956  33551
50.415626182 8766851165 4117344 56678  18760
50.427624743 8769990893 3139728 56699  14856
50.439613649 8774677756 4686863 51954  29218
50.450611719 8778917417 4239661 56675  21074
50.462635804 8781183570 2266153 56693  16887
50.474625905 8782316054 1132484 56684  37071
50.486624498 8783551030 1234976 56720  54473
50.498613872 8785191602 1640572 56715  49948
50.510611636 8789657774 4466172 56687  20549
50.522613786 8794724386 5066612 56680  24579
50.534611343 8797055568 2331182 51975  13895
50.545625834 8801322480 4266912 56705  20236
50.557624411 8805918294 4595814 56694  21753
50.569626892 8807111119 1192825 56713  24880
50.581614375 8810438686 3327567 56700  34785
50.593613023 8814765001 4326315 51949  20672
50.604614420 8818249666 3484665 56705  14734
50.616631994 8821657012 3407346 51954  19935
50.627626811 8825857106 4200094 51965  19709
50.638623701 8829299213 3442107 56693  14285
50.650625132 8830511441 1212228 56712  30456
50.662612695 8831666387 1154946 56718  50428
50.674613919 8832930174 1263787 56691  56484
50.686627346 8833975584 1045410 56704  50156
50.698613799 8835240379 1264795 56712  56534
50.710613324 8836505398 1265019 56722  56543
50.722611024 8837542438 1037040 56708  51022
50.734612305 8842574879 5032441 56685  27179
50.746626421 8847205726 4630847 51947  22692
50.757612236 8849413512 2207786 56689  12977
50.769637583 8853757670 4344158 56683  20834
50.781612183 8858815990 5058320 56676  24675
50.793612377 8860008061 1192071 56711  20535
50.805613054 8862725395 2717334 51966  39626
50.816626668 8866684409 3959014 56686  17809
50.828611352 8871131774 4447365 56680  21295
50.840624882 8874216249 3084475 56702  19937
50.852623626 8879045825 4829576 56663  23948
50.864644261 8882354970 3309145 56681  13665
50.876611750 8883568324 1213354 56719  34697
50.888624561 8884723270 1154946 56712  52105
50.900625818 8885988028 1264758 56708  52432
50.912614072 8890176393 4188365 51960  26855
50.923634686 8894248833 4072440 56696  19480
50.935625433 8896971907 2723074 56689  17321
50.947613953 8901882868 4910961 51961  26160
50.958611367 8905399554 3516686 51973  15788
50.969610980 8908080753 2681199 56688  13322
50.981613424 8909241237 1160484 56695  40887
50.993625575 8914256542 5015305 56680  24495
51.005625452 8918972081 4715539 51953  23655
51.016624592 8921037008 2064927 56676  14885
51.028612582 8925453357 4416349 56686  20801
51.040610943 8930496253 5042896 56678  24940
51.052624744 8931688132 1191879 56703  19200
51.064613423 8932842658 1154526 56704  46392
51.076624238 8934105885 1263227 56685  56321
51.088632879 8935151183 1045298 56716  49304
51.100625909 8936415045 1263862 56695  56485
51.112612542 8937678757 1263712 56705  56498
51.124611890 8938942208 1263451 56684  56475
51.136625154 8939939134 996926 56712  49571
51.148626144 8941202809 1263675 56693  56490
51.160624914 8942467234 1264425 56713  56515
51.172613325 8943731279 1264045 56706  56508
51.184624213 8944995402 1264123 56706  56505
51.196625843 8946259656 1264254 56710  56508
51.208611953 8947524320 1264664 56725  56536
51.220614810 8948251532 727212 56708  50161
51.232644308 8949515879 1264347 56702  56508
51.244634218 8950779778 1263899 56695  56494
51.256614951 8952043453 1263675 56697  56483
51.268611735 8953307128 1263675 56684  56485
51.280628986 8954571251 1264123 56710  56508
51.292623826 8955835374 1264123 56710  56512
51.304627860 8957099273 1263899 56701  56497
51.316612887 8958363396 1264123 56708  56508
51.328626368 8959627519 1264123 56710  56505
51.340625531 8960892090 1264571 56728  56526
51.352611059 8962156319 1264229 56704  56503
51.364614809 8963420560 1264241 56715  56522
51.376625500 8964685355 1264795 56718  56534
51.388626436 8965826497 1141142 56710  49595
51.400644177 8966306346 479849 56688  55208
51.412614001 8967396888 1090542 56706  56515
51.424612877 8968661235 1264347 56708  56504
51.436613605 8969925806 1264571 56720  56526
51.448626163 8971190377 1264571 56715  56517
51.460615029 8972454276 1263899 56699  56485
51.472626730 8973719071 1264795 56721  56487
51.484626880 8974983418 1264347 56708  56468
51.496625965 8976247765 1264347 56708  56497
51.508626608 8977512112 1264347 56715  56518
51.520612301 8978776459 1264347 56712  56492
51.532612749 8980041478 1265019 56729  56507
51.544611872 8981305825 1264347 56711  56478
51.556628383 8982570396 1264571 56711  56495
51.568626707 8983834967 1264571 56722  56509
51.580610710 8985099844 1264877 56690  56502
51.592614934 8986365175 1265331 56684  56521
51.604624528 8987630506 1265331 56688  56551
51.616627215 8988895837 1265331 56696  56553
51.628623896 8990160944 1265107 56679  56545
51.640614526 8991426052 1265108 56696  56544
51.652614720 8992691159 1265107 56692  56545
51.664627271 8993956490 1265331 56682  56548
51.676614417 8995221821 1265331 56684  56552
51.688625281 8996487152 1265331 56693  56555
51.700626628 8997752483 1265331 56686  56559
51.712625459 8999017815 1265332 56696  56555
51.724634189 9000283146 1265331 56696  56546
51.736616483 9001486810 1203664 56697  52034
51.748626157 9001966665 479855 56701  52336
51.760626678 9002446382 479717 56690  56450
51.772611340 9004545815 2099433 51967  48612
51.783626478 9008734293 4188478 56689  19103
51.795611149 9013184763 4450470 56692  20776
51.807626539 9016269211 3084448 56700  16884
51.819625056 9021114417 4845206 56680  24008
51.831612370 9024409497 3295080 56683  13746
51.843624953 9025622403 1212906 56707  30269
51.855611810 9029547425 3925022 51981  31980
51.866612821 9033630350 4082925 56689  18719
51.878620122 9036751319 3120969 56687  16995
51.890613832 9041246995 4495676 51960  27225
51.901624266 9045526228 4279233 56685  19925
51.913614030 9047952956 2426728 56699  18658
51.925627780 9049102856 1149900 56705  39838
51.937625117 9050318792 1215936 56707  52043
51.949613977 9051842937 1524145 56692  50785
51.961625238 9056439820 4596883 56684  21446
51.973607432 9061504796 5064976 56690  24508
51.985624949 9064453120 2948324 56692  18356
51.997613943 9068419556 3966436 56703  18559
52.009631126 9072732731 4313175 56660  20420
52.021610894 9073925469 1192738 56711  31335
52.033621714 9077405034 3479565 56692  33149
52.045612300 9081636018 4230984 51942  20342
52.056613821 9085054161 3418143 56698  14441
52.068612135 9088526373 3472212 51964  23841
52.079614192 9092817291 4290918 51955  22138
52.090626006 9096087942 3270651 56694  14635
52.102612963 9097300256 1212314 56707  35516
52.114626404 9098455168 1154912 56717  45628
52.126610903 9099719549 1264381 56717  54655
52.138613011 9100764623 1045074 56706  51103
52.150612419 9102028298 1263675 56698  56491
52.162626399 9103291887 1263589 56680  56473
52.174612339 9104328952 1037065 56683  48164
52.186626500 9109366858 5037906 56680  27204
52.198632254 9114030231 4663373 51952  24403
52.209627191 9116240750 2210519 56705  13956
52.221624724 9120548831 4308081 56679  19780
52.233613252 9125609427 5060596 56693  26655
52.245624908 9126800908 1191481 56696  20042
52.257625593 9129545599 2744691 51975  33021
52.268612286 9133588857 4043258 56669  20962
52.280625659 9137921569 4332712 56679  19743
52.292624694 9141001982 3080413 56682  19742
52.304625931 9145873911 4871929 56682  23848
52.316611915 9149145139 3271228 56675  17483
52.328625408 9150358065 1212926 56702  29747
52.340610695 9151512757 1154692 56710  48393
52.352622699 9152776432 1263675 56698  56486
52.364611219 9156990425 4213993 51971  28444
52.375612490 9161063823 4073398 56671  18576
52.387625491 9163770312 2706489 56695  15632
52.399612357 9168701922 4931610 51956  24619
52.410625861 9172341310 3639388 51964  16739
52.421611941 9174880319 2539009 56693  14551
52.433613425 9176028035 1147716 56702  36578
52.445626009 9181057901 5029866 56687  24494
52.457612573 9185938474 4880573 51955  24300
52.468610743 9187968057 2029583 56700  11794
52.480626667 9192237485 4269428 56695  19313
52.492610931 9197283479 5045994 56681  24498
52.504632092 9198474288 1190809 56707  20079
52.516627055 9199628562 1154274 56694  47416
52.528625829 9200893357 1264795 56722  56498
52.540626176 9201938879 1045522 56709  49894
52.552611843 9203203674 1264795 56715  56533
52.564627077 9204468469 1264795 56717  56538
52.576624144 9205732592 1264123 56705  56510
52.588625718 9206730190 997598 56716  50836
52.600613605 9207995209 1265019 56724  56545
52.612612341 9209260228 1265019 56722  56547
52.624612296 9210524827 1264599 56702  56529
52.636613286 9211789594 1264767 56716  56536
52.648613967 9213054389 1264795 56725  56540
52.660634371 9214319184 1264795 56730  56541
52.672612997 9215212653 893469 56674  48303
52.684612878 9220110012 4897359 56688  23171
52.696625149 9225068401 4958389 51955  24466
52.707612439 9226753197 1684796 51964  8418
52.718625642 9231210822 4457625 56691  20648
52.730612783 9236274658 5063836 56675  24533
52.742611900 9237466811 1192153 56709  14213
52.754613256 9240210261 2743450 51990  40475
52.765612161 9244190196 3979935 56685  17927
52.777611867 9248612276 4422080 56700  19993
52.789625562 9251766278 3154002 56690  15057
52.801624669 9256308567 4542289 51956  22432
52.812613152 9259798257 3489690 56682  15346
52.824620133 9261011611 1213354 56721  31385
52.836613840 9262165885 1154274 56694  48593
52.848623844 9263429560 1263675 56696  56485
52.860627054 9267608286 4178726 51970  26764
52.871625848 9271723065 4114779 56676  18654
52.883624905 9274429586 2706521 56702  12647
52.895626599 9279346763 4917177 51967  25817
52.906611969 9282852409 3505646 51956  16964
52.917612032 9285534820 2682411 56692  11298
52.929623107 9286692700 1157880 56682  39431
52.941629643 9291709462 5016762 56685  24507
52.953624230 9296426521 4717059 51949  23133
52.964625074 9298501717 2075196 56687  9458
52.976634729 9302920675 4418958 56697  20177
52.988611428 9307982974 5062299 56681  24684
53.000624975 9309171767 1188793 56689  21888
53.012625233 9310326265 1154498 56695  42205
53.024625503 9311591060 1264795 56725  56534
53.036625120 9312636358 1045298 56699  49326
53.048613834 9313900929 1264571 56707  56526
53.060626644 9315165276 1264347 56706  56511
53.072624222 9316429525 1264249 56712  56254
53.084627132 9320211574 3782049 51973  30040
53.095611708 9324291295 4079721 56682  18370
53.107619396 9327433988 3142693 56709  17501
53.119612199 9332221316 4787328 51953  28422
53.130633407 9336457114 4235798 56689  19228
53.142612780 9338631536 2174422 56705  15640
53.154625821 9339752101 1120565 56701  39678
53.166616271 9344812225 5060124 56674  24474
53.178609961 9349771357 4959132 51961  24522
53.189625032 9351258763 1487406 51972  7162
53.200610346 9355901167 4642404 56682  25267
53.212620483 9360966841 5065674 56684  28607
53.224611293 9362150691 1183850 56708  17231
53.236626937 9363305189 1154498 56700  45392
53.248611688 9364569984 1264795 56718  56537
53.260629664 9367542608 2972624 56691  38905
53.272625935 9372268359 4725751 56684  22715
53.284620532 9375698756 3430397 56687  14273
53.296614212 9379183244 3484488 51977  16302
53.307612873 9383588613 4405369 51950  21520
53.318626143 9386789710 3201097 56697  13097
53.330611337 9388001048 1211338 56707  34537
53.342614717 9391897621 3896573 51955  25293
53.353624898 9396013363 4115742 56683  18535
53.365631722 9399150569 3137206 56690  13317
53.377614088 9404105011 4954442 51968  27093
53.388610789 9407877592 3772581 51965  18420
53.399624723 9410280426 2402834 56698  11076
53.411612356 9411427904 1147478 56694  40238
53.423612117 9412646482 1218578 56727  54480
53.435612517 9413691658 1045176 56710  51624
53.447634485 9414956453 1264795 56711  56532
53.459614538 9416221472 1265019 56723  56549
53.471611461 9417486043 1264571 56712  56524
53.483613579 9418487445 1001402 56689  50150
53.495625327 9419751348 1263903 56710  56495
53.507626723 9421014127 1262779 56664  56444
53.519611897 9422278026 1263899 56702  56493
53.531629038 9423541029 1263003 56671  56455
53.543625531 9424805152 1264123 56705  56503
53.555625045 9426068379 1263227 56676  56465
53.567614432 9427079747 1011368 56675  48688
53.579624755 9428057922 978175 56711  56523
53.591626070 9429322239 1264317 56703  56505
53.603633117 9430586168 1263929 56702  56506
53.615614336 9431850739 1264571 56703  56525
53.627612804 9433115534 1264795 56713  56535
53.639625514 9434379881 1264347 56709  56522
53.651626692 9435644452 1264571 56710  56531
53.663625828 9436909434 1264982 56719  56535
53.675613588 9438173594 1264160 56711  56516
53.687624619 9439438389 1264795 56725  56535
53.699613426 9440702435 1264046 56700  56496
53.711612466 9441967083 1264648 56725  56536
53.723613674 9443231654 1264571 56715  56524
53.735627215 9444496253 1264599 56712  56527
53.747626261 9445149877 653624 56702  49505
53.759622272 9447770453 2620576 51967  46108
53.770611511 9451425511 3655058 51975  16606
53.781612666 9455845487 4419976 56675  20170
53.793612250 9458928668 3083181 56701  12664
53.805613247 9463799629 4870961 56679  25002
53.817626507 9467070746 3271117 56689  15856
53.829625797 9468282756 1212010 56703  38034
53.841613788 9472202105 3919349 51968  26113
53.852610461 9476296233 4094128 56685  18707
53.864613491 9479437404 3141171 56687  19440
53.876610862 9484103468 4666064 51954  30392
53.887613093 9488255002 4151534 56683  19386
53.899611043 9490617789 2362787 56687  16698
53.911634234 9491761417 1143628 56699  38941
53.923628271 9492985641 1224224 56716  52490
53.935612524 9494560620 1574979 56720  49687
53.947613752 9499100069 4539449 56684  21095
53.959624915 9504172388 5072319 56685  24661
53.971626242 9506553131 2380743 51977  19052
53.982610873 9510779944 4226813 56683  20905
53.994613603 9515371717 4591773 56687  21459
54.006649900 9516562554 1190837 56709  25767
54.018624327 9519941591 3379037 56702  36562
54.030626494 9524229433 4287842 51972  21271
54.041612478 9527698830 3469397 56690  14490
54.053624395 9531179909 3481079 51964  21330
54.064611781 9535463219 4283310 51969  20690
54.075621392 9538744797 3281578 56682  13771
54.087626232 9539957017 1212220 56687  32324
54.099625177 9541111291 1154274 56701  49500
54.111627030 9542374294 1263003 56674  56451
54.123612503 9543419592 1045298 56706  49256
54.135627684 9544684163 1264571 56729  56525
54.147626138 9545948734 1264571 56715  56525
54.159615011 9546987246 1038512 56725  47506
54.171612425 9552022471 5035225 56683  27224
54.183624552 9556685911 4663440 51952  22909
54.194623536 9558902926 2217015 56685  6800
54.206607056 9563205012 4302086 56689  20004
54.218611970 9568265938 5060926 56676  24482
54.230632191 9569457225 1191287 56704  17250
54.242627421 9572189695 2732470 51960  37102
54.253611041 9576261409 4071714 56676  20238
54.265626522 9580585834 4324425 56690  20247
54.277624242 9583662720 3076886 56691  25883
54.289614086 9588556077 4893357 56678  25106
54.301632747 9591806142 3250065 56692  13878
54.313624244 9593018446 1212304 56700  31428
54.325626427 9594173546 1155100 56716  48020
54.337611037 9595438341 1264795 56727  56532
54.349614235 9599752879 4314538 51959  28759
54.360611431 9604102952 4350073 56688  20358
54.372621689 9606507076 2404124 56698  10776
54.384632849 9611518330 5011254 56684  24847
54.396612592 9615878193 4359863 51952  21273
54.407625820 9617627232 1749039 56709  15589
54.419625547 9619404084 1776852 56709  40056
54.431615927 9623847714 4443630 56693  20293
54.443614804 9628901247 5053533 56680  24595
54.455626282 9631922712 3021465 56682  20981
54.467625175 9635411834 3489122 51966  15119
54.478611945 9640084646 4672812 56679  21747
54.490612670 9641274176 1189530 56702  21448
54.502625910 9642429122 1154946 56700  50572
54.514629594 9643693223 1264101 56695  56511
54.526624634 9644738991 1045768 56720  47663
54.538622804 9646003562 1264571 56708  56523
54.550626805 9647268581 1265019 56725  56547
54.562626545 9648464662 1196081 56714  51454
54.574629143 9649534334 1069672 56723  53476
54.586612322 9650799129 1264795 56713  56535
54.598627153 9652064148 1265019 56724  56542
54.610611759 9653329167 1265019 56722  56544
54.622624644 9654593962 1264795 56712  56540
54.634625863 9655858533 1264571 56722  56531
54.646630771 9657123328 1264795 56722  56538
54.658627381 9658207946 1084618 51964  46139
54.669610918 9662811339 4603393 56693  21436
54.681625629 9667875823 5064484 56679  24624
54.693624092 9670779985 2904162 56690  24561
54.705623322 9674807572 4027587 56686  18086
54.717613643 9679117777 4310205 56695  19621
54.729624773 9680310801 1193024 56687  19574
54.741626268 9683791826 3481025 56676  37012
54.753611254 9688002163 4210337 51954  19788
54.764613821 9691435934 3433771 56693  14515
54.776609852 9694922593 3486659 51959  16972
54.787626482 9699305876 4383283 51949  21333
54.798624139 9702498915 3193039 56683  13083
54.810625260 9703711343 1212428 56711  34089
54.822624960 9704866123 1154780 56714  46391
54.834613057 9706130442 1264319 56715  55831
54.846612097 9710464188 4333746 51965  27272
54.857623461 9714799842 4335654 56686  20326
54.869626995 9717173194 2373352 56681  13231
54.881611978 9722199729 5026535 56680  24809
54.893626593 9726711674 4511945 51957  21809
54.904622813 9728350467 1638793 56702  15198
54.916613056 9729695701 1345234 51985  33308
54.927612223 9734445957 4750256 56686  22324
54.939611707 9739403403 4957446 51949  24513
54.950623334 9741092263 1688860 51965  14379
54.961612357 9745549024 4456761 56691  20374
54.973625818 9750620067 5071043 56687  24477
54.985624368 9751809473 1189406 56704  13372
54.997612012 9752963971 1154498 56699  50296
55.009628642 9754227800 1263829 56689  56484
55.021613406 9755272944 1045144 56706  49285
55.033625067 9756537739 1264795 56723  56527
55.045613883 9757802086 1264347 56704  56516
55.057614377 9759066881 1264795 56731  56538
55.069626818 9762768062 3701181 51952  28641
55.080624748 9766821123 4053061 51958  20637
55.091611752 9769940883 3119760 56691  18656
55.103625375 9773912697 3971814 51960  25362
55.114607315 9778092911 4180214 56689  19039
55.126625300 9781169374 3076463 56685  13522
55.138615526 9782382952 1213578 56700  42878
55.150613817 9787358525 4975573 56693  25962
55.162634137 9792339715 4981190 56686  24430
55.174624974 9794385983 2046268 56696  7595
55.186625808 9798607275 4221292 56678  20735
55.198612512 9803663266 5055991 56665  24482
55.210625086 9804855381 1192115 56699  13704
55.222625656 9806010551 1155170 56720  50858
55.234613043 9807274898 1264347 56704  56511
55.246612029 9810221972 2947074 56709  36376
55.258624407 9814602303 4380331 51970  20989
55.269625915 9818321234 3718931 56694  15968
55.281612717 9821722081 3400847 51958  18114
55.292626085 9825892417 4170336 51967  20014
55.303624745 9829376765 3484348 56701  16300
55.315611212 9830589475 1212710 56705  30091
55.327632636 9834515701 3926226 51970  32965
55.338626472 9838618250 4102549 56679  18351
55.350611210 9841755799 3137549 56688  13056
55.362612740 9846378745 4622946 51960  23543
55.373613013 9850717615 4338870 56684  20016
55.385612640 9852948769 2231154 56707  14532
55.397626358 9854086447 1137678 56691  40510
55.409624639 9855316775 1230328 56712  54998
55.421613852 9856362297 1045522 56718  50154
55.433610959 9857626868 1264571 56703  56514
55.445613332 9858891887 1265019 56719  56537
55.457625326 9860156869 1264982 56720  56536
55.469611641 9861157416 1000547 56695  49727
55.481623044 9862421763 1264347 56719  56509
55.493625481 9863686110 1264347 56707  56514
55.505626088 9864950681 1264571 56716  56529
55.517625455 9866215476 1264795 56723  56532
55.529614178 9867479823 1264347 56705  56517
55.541627096 9868743696 1263873 56684  56486
55.553623976 9869746055 1002359 56723  48871
55.565614623 9870737073 991018 56718  56526
55.577611974 9872001420 1264347 56712  56509
55.589626000 9873266325 1264905 56724  56530
55.601614295 9874530472 1264147 56704  56506
55.613613678 9875795133 1264661 56721  56532
55.625613538 9877059032 1263899 56708  56503
55.637636976 9878322707 1263675 56693  56486
55.649627742 9879586445 1263738 56686  56486
55.661612556 9880850057 1263612 56689  56484
55.673612463 9882114180 1264123 56704  56505
55.685612673 9883378303 1264123 56703  56506
55.697627774 9884641978 1263675 56698  56492
55.709613924 9885905877 1263899 56700  56495
55.721613121 9887169454 1263577 56686  56477
55.733627715 9887813696 644242 56712  46646
55.745625915 9888616738 803042 56713  56533
55.757613852 9889881309 1264571 56714  56519
55.769610765 9891144646 1263337 56689  56471
55.781626433 9892409107 1264461 56718  56523
55.793627890 9893673006 1263899 56702  56496
55.805619527 9894936681 1263675 56691  56488
55.817614794 9896200580 1263899 56695  56495
55.829624971 9897464927 1264347 56709  56513
55.841627552 9898728826 1263899 56703  56502
55.853624555 9899993040 1264214 56705  56507
55.865631719 9901257162 1264122 56705  56505
55.877626326 9902522091 1264929 56729  56545
55.889626636 9903786662 1264571 56712  56525
55.901628503 9905051457 1264795 56722  56533
55.913611544 9906315804 1264347 56710  56523
55.925626767 9907580341 1264537 56705  56514
55.937611804 9908844498 1264157 56708  56514
55.949627248 9910108845 1264347 56707  56520
55.961623278 9911373339 1264494 56710  56516
55.973625956 9912637763 1264424 56712  56525
55.985626749 9913902558 1264795 56718  56541
55.997612629 9915167353 1264795 56722  56539
56.009613322 9916432148 1264795 56723  56536
56.021614153 9917696682 1264534 56707  56516
56.033625433 9918961066 1264384 56709  56526
56.045628101 9920225189 1264123 56702  56509
56.057624481 9921489116 1263927 56706  56505
56.069614611 9922753659 1264543 56716  56525
56.081611651 9923469580 715921 56685  49727
56.093624465 9923949437 479857 56701  56536
56.105625316 9924429256 479819 56696  56525
56.117622660 9925642137 1212881 56720  56531
56.129632751 9926906260 1264123 56712  56495
56.141624997 9928170897 1264637 56714  56521
56.153627177 9929435850 1264953 56730  56535
56.165611314 9930700645 1264795 56718  56528
56.177614422 9931965867 1265222 56728  56498
56.189624088 9933230683 1264816 56718  56489
56.201615502 9934494582 1263899 56700  56494
56.213615128 9935759153 1264571 56728  56516
56.225613533 9937023687 1264534 56713  56495
56.237625439 9938287623 1263936 56702  56462
56.249625280 9939551746 1264123 56699  56472
56.261614874 9940815869 1264123 56702  56471
56.273619884 9942080216 1264347 56714  56504
56.285614425 9943344563 1264347 56715  56485
56.297624945 9944609340 1264777 56715  56510
56.309612926 9945873929 1264589 56713  56524
56.321625239 9947138724 1264795 56721  56537
56.333626243 9948403225 1264501 56707  56517
56.345626127 9949666522 1263297 56687  56481
56.357613443 9950930869 1264347 56707  56513
56.369625650 9952195440 1264571 56716  56526
56.381624714 9953459983 1264543 56714  56518
56.393625451 9954724524 1264541 56722  56521
56.405625571 9955988559 1264035 56704  56503
56.417611679 9957252604 1264045 56709  56510
56.429626115 9958516727 1264123 56697  56506
56.441634026 9959780870 1264143 56689  56504
56.453626906 9961046201 1265331 56678  56553
56.465612250 9962311532 1265331 56687  56551
56.477625423 9963576863 1265331 56686  56557
56.489614284 9964841971 1265108 56687  56547
56.501614517 9966107302 1265331 56681  56546
56.513625928 9967372409 1265107 56680  56543
56.525626235 9968637740 1265331 56702  56560
56.537625885 9969903071 1265331 56678  56555
56.549626463 9971168402 1265331 56695  56556
56.561625453 9972433510 1265108 56675  56541
56.573614660 9973698841 1265331 56672  56549
56.585624690 9974964172 1265331 56687  56559
56.597637461 9976229503 1265331 56687  56558
56.609613357 9977494834 1265331 56683  56553
56.621613798 9978760165 1265331 56684  56559
56.633612505 9980025273 1265108 56693  56543
56.645625786 9981290604 1265331 56687  56558
56.657626676 9982555935 1265331 56687  56557
56.669624582 9983821266 1265331 56683  56557
56.681615559 9985086597 1265331 56686  56554
56.693612613 9986351928 1265331 56689  56558
56.705626563 9987617036 1265108 56679  56541
56.717613107 9988882143 1265107 56683  56550
56.729612841 9990147250 1265107 56675  56548
56.741626591 9991412581 1265331 56667  56548
56.753621224 9992677912 1265331 56682  56557
56.765613919 9993943243 1265331 56681  56556
56.777624709 9994788983 845740 56700  50135
56.789626673 9995268796 479813 56702  56533
56.801625500 9995748641 479845 56702  56530
56.813624796 9996228327 479686 56681  56511
56.825611690 9996708098 479771 56687  56482
56.837612444 9997187991 479893 56708  56440
56.849624957 9997825514 637523 6237  6023
56.861627482 9998583085 757571 6606  6416
56.873613945 9999340656 757571 6596  6423
56.885626218 10000098227 757571 6600  6420
56.897624785 10000855904 757677 6599  6390
56.909623609 10001613597 757693 6595  6385
56.921625699 10002371300 757703 6610  6410
56.933628554 10003128871 757571 6600  6420
56.945612053 10003886505 757634 6601  6403
56.957613107 10004643956 757451 6597  6381
56.969612384 10005401630 757674 6597  6398
56.981625425 10006159141 757511 6598  6391
56.993626818 10006916907 757766 6609  6413
57.005624366 10007674583 757676 6601  6401
57.017614635 10008432228 757645 6601  6427
57.029611622 10009189862 757634 6603  6434
57.041613399 10009947553 757691 6602  6433
57.053613827 10010705181 757628 6607  6428
57.065613697 10011462752 757571 6608  6436
57.077635424 10012220203 757451 6595  6427
57.089614204 10012977837 757634 6600  6430
57.101613834 10013735526 757689 6606  6435
57.113625468 10014493036 757510 6601  6432
57.125614209 10015250607 757571 6595  6426
57.137626819 10016008346 757739 6612  6438
57.149613602 10016702853 694507 6062  5895
57.160613042 10017460531 757678 6596  6428
57.172611846 10018218088 757557 6595  6429
57.184626956 10018975671 757583 6602  6429
57.196624524 10019733391 757720 6600  6435
57.208612884 10020490950 757559 6606  6438
57.220625625 10021248653 757703 6596  6431
57.232635452 10022006344 757691 6602  6435
57.244613845 10022764035 757691 6599  6428
57.256625308 10023521640 757605 6598  6430
57.268627259 10024279177 757537 6599  6433
57.280611703 10025036748 757571 6606  6439
57.292614696 10025794439 757691 6597  6428
57.304611423 10026552193 757754 6600  6433
57.316627377 10027309821 757628 6604  6432
57.328625987 10028067426 757605 6603  6433
57.340625021 10028825131 757705 6602  6432
57.352613841 10029582774 757643 6608  6435
57.364626426 10030340345 757571 6595  6430
57.376625839 10031098024 757679 6601  6435
57.388626736 10031855670 757646 6597  6434
57.400627376 10032613406 757736 6597  6432
57.412627873 10033371097 757691 6594  6429
57.424612247 10034128800 757703 6612  6439
57.436612707 10034886314 757514 6603  6432
57.448613373 10035644062 757748 6599  6433
57.460626384 10036401696 757634 6598  6432
57.472625868 10037159324 757628 6601  6432
57.484614709 10037917078 757754 6605  6428
57.496614809 10038674814 757736 6614  6441
57.508613189 10039432340 757526 6601  6433
57.520615542 10040190014 757674 6603  6430
57.532623956 10040947659 757645 6610  6436
57.544622663 10041705276 757617 6607  6426
57.556626511 10042462921 757645 6609  6432
57.568613734 10043220600 757679 6610  6436
57.580628288 10043978156 757556 6602  6430
57.592625718 10044735754 757598 6597  6427
57.604614168 10045493325 757571 6597  6429
57.616611538 10046250959 757634 6599  6431
57.628614536 10047008650 757691 6607  6434
57.640624286 10047766356 757706 6613  6437
57.652614469 10048524089 757733 6606  6438
57.664613789 10049281843 757754 6599  6430
57.676625350 10050039444 757601 6599  6431
57.688625567 10050797103 757659 6603  6431
57.700612907 10051554721 757618 6599  6434
57.712634968 10052312487 757766 6612  6439
57.724625991 10053070161 757674 6599  6435
57.736626722 10053827854 757693 6604  6433
57.748614739 10054585497 757643 6601  6432
57.760612949 10055342948 757451 6595  6429
57.772627429 10056100582 757634 6603  6432
57.784625643 10056858210 757628 6609  6436
57.796627250 10057393920 535710 8578  7800
57.807619971 10058632674 1238754 51958  36675
57.818627348 10059876704 1244030 51938  36889
57.829614084 10061114246 1237542 51976  36701
57.840615288 10062356555 1242309 51844  36825
57.851627672 10063590582 1234027 51965  36606
57.862636185 10064830293 1239711 51981  36734
57.873610332 10066070529 1240236 51964  36784
57.884628362 10067308815 1238286 52007  36656
57.895628940 10068548426 1239611 51971  36749
57.906612440 10069785647 1237221 51964  36668
57.917615046 10071018614 1232967 51972  36575
57.928625677 10072258566 1239952 51949  36761
57.939615251 10073497351 1238785 51910  36742
57.950612461 10074736598 1239247 52007  36738
57.961628048 10075971852 1235254 51966  36591
57.972612624 10077213289 1241437 51982  36779
57.983616622 10078451784 1238495 51963  36682
57.994613582 10079691610 1239826 51998  36783
58.005623246 10080932820 1241210 51993  36779
58.016626936 10082170796 1237976 51949  36692
58.027607123 10083412312 1241516 51962  36806
58.038625983 10084650800 1238488 51990  36704
58.049614957 10085885105 1234305 52011  36607
58.060627450 10087122041 1236936 51983  36643
58.071627300 10088361075 1239034 51987  36782
58.082614484 10089600165 1239090 51981  36703
58.093627878 10090840922 1240757 51990  36820
58.104625595 10092082753 1241831 51984  36824
58.115615025 10093313295 1230542 51964  36492
58.126628626 10094552411 1239116 51987  36715
58.137627516 10095792523 1240112 51996  36791
58.148635769 10097035062 1242539 51998  36854
58.159614352 10098274660 1239598 51959  36721
58.170613002 10099514003 1239343 51955  36746
58.181614083 10100747465 1233462 51982  36549
58.192614410 10101988152 1240687 51986  36803
58.203613368 10103227287 1239135 51979  36718
58.214626988 10104465438 1238151 51971  36703
58.225627054 10105707832 1242394 51865  36855
58.236614668 10106947962 1240130 52002  36744
58.247613169 10108183829 1235867 51990  36659
58.258615935 10109421763 1237934 51980  36673
58.269627276 10110659877 1238114 51908  36732
58.280627216 10111903998 1244121 51990  36877
58.291626486 10113140693 1236695 51990  36656
58.302623473 10114380296 1239603 52004  36777
58.313626317 10115610243 1229947 51986  36459
58.324627551 10116853235 1242992 51997  36863
58.335614454 10118094273 1241038 51982  36787
58.346626852 10119335268 1240995 51945  36826
58.357644752 10120572037 1236769 51988  36648
58.368614072 10121814664 1242627 51975  36856
58.379614902 10123051207 1236543 51922  36668
58.390625893 10124291998 1240791 52008  36806
58.401628803 10125536775 1244777 51963  36922
58.412613216 10126770356 1233581 51946  36564
58.423614536 10128013124 1242768 51983  36899
58.434613434 10129250280 1237156 51948  36669
58.445634570 10130485672 1235392 52001  36626
58.456633101 10131724159 1238487 51996  36706
58.467614560 10132965928 1241769 51930  36834
58.478614068 10134211009 1245081 51956  36940
58.489625538 10135450815 1239806 51997  36772
58.500626646 10136691657 1240842 51964  36797
58.511614422 10137923256 1231599 51980  36503
58.522615246 10139162717 1239461 51981  36749
58.533628342 10140403534 1240817 51947  36794
58.544626503 10141645874 1242340 51992  36843
58.555614750 10142883456 1237582 51994  36717
58.566613610 10144125236 1241780 51971  36803
58.577615637 10145361503 1236267 51947  36655
58.588621148 10146598430 1236927 52007  36689
58.599616674 10147841049 1242619 51965  36850
58.610627661 10149077268 1236219 51973  36670
58.621626342 10150319746 1242478 51985  36808
58.632613372 10151562408 1242662 51994  36867
58.643626585 10152795906 1233498 51973  36576
58.654627660 10154037036 1241130 51999  36809
58.665614989 10155275510 1238474 51937  36719
58.676627476 10156517093 1241583 51990  36800
58.687626596 10157756214 1239121 51998  36763
58.698615216 10159000194 1243980 52003  36846
58.709626587 10160230094 1229900 51977  36489
58.720627434 10161471816 1241722 51960  36790
58.731621587 10162706798 1234982 51943  36640
58.742614951 10163947242 1240444 51997  36763
58.753626712 10165185880 1238638 51989  36722
58.764628498 10166424614 1238734 51992  36719
58.775613355 10167659376 1234762 51930  36631
58.786628476 10168895218 1235842 52000  36653
58.797625169 10170138312 1243094 51985  36840
58.808616329 10171372517 1234205 51992  36616
58.819625994 10172612408 1239891 51979  36725
58.830627017 10173849211 1236803 51931  36713
58.841615367 10175083783 1234572 52006  36585
58.852613304 10176323459 1239676 51999  36772
58.863628084 10177563936 1240477 51931  36751
58.874612814 10178803765 1239829 51980  36795
58.885622768 10180043957 1240192 51993  36776
58.896613278 10181286640 1242683 51983  36847
58.907627951 10182520045 1233405 51966  36626
58.918626739 10183762801 1242756 51955  36829
58.929614609 10185004017 1241216 51951  36831
58.940613179 10186243385 1239368 52001  36735
58.951614292 10187482017 1238632 51956  36747
58.962614657 10188721343 1239326 51973  36763
58.973628570 10189954889 1233546 51986  36548
58.984627024 10191192966 1238077 52003  36733
58.995614973 10192431038 1238072 52004  36698
59.006612434 10193664564 1233526 51979  36570
59.017613861 10194905923 1241359 51991  36798
59.028634202 10196147087 1241164 51931  36841
59.039615818 10197382936 1235849 51998  36623
59.050626745 10198623349 1240413 51978  36804
59.061615789 10199859654 1236305 51983  36641
59.072630566 10201101280 1241626 51954  36804
59.083628623 10202341576 1240296 51959  36776
59.094614523 10203582748 1241172 52004  36795
59.105627130 10204808782 1226034 51884  36375
59.116628610 10206047098 1238316 51965  36706
59.127626964 10207284065 1236967 51975  36688
59.138615547 10208521434 1237369 51963  36661
59.149626132 10209760381 1238947 51984  36747
59.160625928 10210479765 719384 56714  49718
59.172634232 10210763151 283386 56710  56552
59.184626085 10211046347 283196 56686  56530
59.196623372 10211329708 283361 56709  56555
59.208626626 10211613069 283361 56709  56547
59.220612959 10211896330 283261 56706  56547
59.232611369 10212179666 283336 56698  56544
59.244624680 10212462977 283311 56714  56555
59.256611354 10212746273 283296 56698  56535
59.268612677 10213029509 283236 56686  56528
59.280610894 10213312755 283246 56700  56542
59.292625375 10213596131 283376 56710  56550
59.304625308 10213879487 283356 56712  56558
59.316609945 10214162778 283291 56701  56543
59.328612741 10214446159 283381 56707  56550
59.340632692 10214729460 283301 56717  56554
59.352613429 10215012771 283311 56700  56544
59.364611882 10215296082 283311 56703  56543
59.376614827 10216417391 1121309 51939  42498
59.387624877 10217639318 1221927 51976  25997
59.398633441 10218862977 1223659 51979  37242
59.409613370 10220082997 1220020 51949  37123
59.420625804 10220507559 424562 56683  55456
59.432614171 10220903637 396078 56688  56477
59.444611438 10221299802 396165 56704  56540
59.456627122 10221695778 395976 56696  56537
59.468613132 10222092062 396284 56706  56556
59.480626696 10222488543 396481 56685  56533
59.492620899 10222884539 395996 56686  56532
59.504613283 10223280543 396004 56685  56524
59.516613096 10223676526 395983 56690  56529
59.528613247 10224073097 396571 56699  56544
59.540626877 10224469052 395955 56686  56532
59.552612901 10224865266 396214 56702  56542
59.564614187 10225261459 396193 56721  56562
59.576625618 10225657505 396046 56679  56520
59.588612372 10226054020 396515 56700  56534
59.600626262 10226450130 396110 56702  56542
59.612626369 10226846294 396164 56696  56538
59.624613159 10227242557 396263 56718  56564
59.636611736 10227638743 396186 56713  56551
59.648634707 10228035195 396452 56705  56545
59.660626720 10228431416 396221 56697  56540
59.672613537 10228827427 396011 56690  56534
59.684627867 10229223564 396137 56701  56548
59.696625004 10229620065 396501 56706  56543
59.708614100 10230016118 396053 56700  56536
59.720624745 10230412241 396123 56698  56533
59.732614398 10230808301 396060 56695  56530
59.744623662 10231204501 396200 56698  56542
59.756613042 10231600995 396494 56700  56546
59.768623949 10231997097 396102 56695  56540
59.780625213 10232393171 396074 56692  56536
59.792627087 10232789301 396130 56699  56547
59.804633517 10233185417 396116 56692  56533
59.816614223 10233581911 396494 56703  56545
59.828612153 10233977887 395976 56687  56524
59.840626274 10234374003 396116 56685  56529
59.852626741 10234770049 396046 56684  56523
59.864612641 10235166522 396473 56692  56533
59.876626505 10235562529 396007 56693  56533
59.888625089 10235958551 396022 56690  56529
59.900614455 10236354660 396109 56706  56543
59.912625172 10236750678 396018 56698  56537
59.924612765 10237147123 396445 56696  56533
59.936625996 10237543141 396018 56699  56542
59.948612390 10237939117 395976 56687  56527
59.960627024 10238335380 396263 56713  56557
59.972634994 10238731608 396228 56714  56559
59.984614681 10239128263 396655 56732  56570
59.996624697 10239524309 396046 56696  56531
60.008627398 10239920376 396067 56694  56528
60.020613064 10240316324 395948 56698  56525
60.032613002 10240712832 396508 56704  56545
60.044614702 10241108829 395997 56694  56527
60.056627543 10241504868 396039 56697  56538
60.068625676 10241900984 396116 56695  56539
60.080612543 10242297051 396067 56686  56528
60.092611739 10242693559 396508 56700  56543
60.104613646 10243089570 396011 56687  56528
60.116626010 10243485623 396053 56692  56531
60.128622340 10243881690 396067 56692  56535
60.140626370 10244277898 396208 56698  56538
60.152626515 10244674321 396423 56695  56539
60.164613798 10245070381 396060 56691  56534
60.176614311 10245466567 396186 56713  56556
60.188627402 10245862697 396130 56709  56552
60.200624996 10246259268 396571 56704  56545
60.212627316 10246655426 396158 56712  56553
60.224612199 10247051689 396263 56716  56552
60.236613919 10247447735 396046 56692  56531
60.248625320 10247843809 396074 56695  56538
60.260630350 10248240387 396578 56710  56550
60.272625291 10248636454 396067 56700  56541
60.284620561 10248994326 357872 56729  56296
60.296613788 10249327430 333104 56691  56063
60.308622938 10249667251 339821 56680  56344
60.320612674 10250006916 339665 56698  56409
60.332624055 10250346779 339863 56709  56434
60.344662866 10250686506 339727 56700  56428
60.356612922 10251026433 339927 56705  56441
60.368612389 10251366383 339950 56705  56453
60.380626103 10251706234 339851 56702  56434
60.392623743 10252045707 339473 56694  56402
60.404625704 10252385672 339965 56711  56457
60.416610706 10252725577 339905 56701  56432
60.428611687 10253065247 339670 56687  56423
60.440631037 10253405326 340079 56707  56470
60.452624587 10253745297 339971 56708  56439
60.464626142 10254084692 339395 56693  56397
60.476611012 10254424759 340067 56710  56466
60.488611595 10254764616 339857 56708  56433
60.500608532 10255104353 339737 56704  56433
60.512641863 10255444342 339989 56700  56461
60.524625879 10255784187 339845 56685  56414
60.536609253 10256123714 339527 56715  56414
60.548612879 10256463685 339971 56702  56450
60.560626397 10256803590 339905 56694  56421
60.572612624 10257143492 339902 56710  56456
60.584611107 10257483559 340067 56705  56461
60.596633495 10257823446 339887 56704  56433
60.608626021 10258163045 339599 56711  56420
60.620611441 10258503076 340031 56706  56453
60.632613565 10258843077 340001 56702  56445
60.644610128 10259182845 339768 56709  56439
60.656625636 10259522839 339994 56693  56450
60.668610686 10259862774 339935 56700  56437
60.680614132 10260202373 339599 56699  56414
60.692611460 10260542410 340037 56706  56460
60.704623613 10260882411 340001 56707  56449
60.716624957 10261222226 339815 56702  56441
60.728611257 10261562036 339810 56686  56431
60.740625788 10261901764 339728 56697  56424
60.752623381 10262241453 339689 56709  56418
60.764629621 10262581205 339752 56698  56436
60.776612551 10262921220 340015 56708  56462
60.788624895 10263261209 339989 56703  56449
60.800624865 10263601070 339861 56701  56455
60.812623955 10263941019 339949 56695  56455
60.824613075 10264280822 339803 56711  56440
60.836623976 10264620652 339830 56699  56443
60.848625636 10264960658 340006 56697  56463
60.860624706 10265300543 339885 56697  56435
60.872613780 10265640355 339812 56707  56453
60.884612146 10265980502 340147 56710  56474
60.896625441 10266320054 339552 56695  56405
60.908612254 10266659854 339800 56694  56441
60.920624117 10266999727 339873 56684  56440
60.932624652 10267339588 339861 56692  56439
60.944625218 10267679389 339801 56704  56451
60.956610872 10268019428 340039 56708  56466
60.968611708 10268359111 339683 56688  56405
60.980624719 10268698893 339782 56697  56441
60.992625169 10269038944 340051 56703  56466
61.004611359 10269378832 339888 56695  56436
61.016611693 10269718500 339668 56691  56436
61.028612419 10270058635 340135 56710  56473
61.040623760 10270398373 339738 56702  56425
61.052626144 10270738263 339890 56700  56449
61.064611797 10271078234 339971 56706  56452
61.076634755 10271418195 339961 56711  56458
61.088624471 10271758065 339870 56698  56428
61.100612505 10272097829 339764 56709  56448
61.112614515 10272437610 339781 56691  56422
61.124624955 10272777626 340016 56707  56456
61.136612745 10273117366 339740 56705  56450
61.148624399 10273457297 339931 56688  56440
61.160612739 10273797173 339876 56695  56437
61.172624387 10274185814 388641 56700  56453
61.184630257 10274581930 396116 56698  56505
61.196626273 10274977892 395962 56694  56532
61.208613587 10275373924 396032 56699  56533
61.220625911 10275770068 396144 56711  56551
61.232626008 10276166702 396634 56719  56564
61.244629514 10276562779 396077 56709  56547
61.256614104 10276958864 396085 56702  56539
61.268626279 10277354889 396025 56694  56543
61.280627215 10277751068 396179 56699  56537
61.292611749 10278147457 396389 56698  56540
61.304627382 10278543657 396200 56711  56552
61.316612253 10278939724 396067 56697  56536
61.328627176 10279335868 396144 56696  56541
61.340613720 10279732383 396515 56685  56533
61.352612733 10280128583 396200 56716  56554
61.364614723 10280524665 396082 56687  56528
61.376624731 10280920766 396101 56703  56539
61.388627644 10281316763 395997 56689  56521
61.400633417 10281713173 396410 56701  56539
61.412628672 10282109268 396095 56713  56550
61.424625612 10282505468 396200 56704  56546
61.436615795 10282901437 395969 56686  56525
61.448614225 10283297448 396011 56695  56536
61.460613038 10283694019 396571 56707  56547
61.472628369 10284090129 396110 56695  56532
61.484612756 10284486188 396059 56709  56547
61.496614506 10284882297 396109 56701  56543
61.508625079 10285278791 396494 56682  56523
61.520613997 10285674872 396081 56702  56546
61.532626820 10286071093 396221 56699  56541
61.544612364 10286467230 396137 56710  56551
61.556622158 10286863248 396018 56691  56530
61.568626405 10287259693 396445 56690  56530
61.580613111 10287655683 395990 56691  56533
61.592613028 10288051875 396192 56703  56543
61.604625736 10288447922 396047 56698  56538
61.616627949 10288844465 396543 56703  56543
61.628613062 10289240672 396207 56703  56549
61.640614362 10289636738 396066 56695  56534
61.652612826 10290032904 396166 56705  56548
61.664626307 10290429027 396123 56697  56543
61.676612597 10290825570 396543 56691  56529
61.688613230 10291221609 396039 56701  56539
61.700699695 10291617746 396137 56694  56537
61.712633721 10292013813 396067 56695  56534
61.724628274 10292409929 396116 56690  56535
61.736613214 10292806549 396620 56689  56528
61.748614204 10293202497 395948 56685  56532
61.760625652 10293598627 396130 56695  56542
61.772616114 10293994736 396109 56702  56542
61.784614349 10294391195 396459 56698  56537
61.796626199 10294787388 396193 56706  56549
61.808614402 10295183350 395962 56700  56544
61.820625906 10295579508 396158 56703  56541
61.832614320 10295975638 396130 56703  56546
61.844625723 10296372181 396543 56694  56540
61.856626420 10296768241 396060 56688  56536
61.868626974 10297164302 396061 56699  56542
61.880633221 10297560439 396137 56695  56537
61.892627967 10297956512 396073 56698  56541
61.904612961 10298353027 396515 56690  56534
61.916615227 10298748996 395969 56680  56530
61.928612447 10299145077 396081 56701  56535
61.940627922 10299541200 396123 56703  56544
61.952627202 10299937505 396305 56689  56534
61.964613748 10300333495 395990 56689  56531
61.976626112 10300729429 395934 56690  56528
61.988613799 10301125440 396011 56688  56527
62.000626229 10301521507 396067 56702  56546
62.012613063 10301917871 396364 56683  56520
62.024613563 10302313949 396078 56697  56541
62.036634717 10302694771 380822 56696  56440
62.048626060 10303012319 317548 56719  55737
62.060626337 10303352398 340079 56691  56344
62.072613194 10303691944 339546 56685  56400
62.084625284 10304031986 340042 56712  56463
62.096625198 10304371909 339923 56702  56440
62.108612261 10304711688 339779 56707  56432
62.120626665 10305051452 339764 56709  56439
62.132624551 10305391279 339827 56697  56421
62.144624986 10305730926 339647 56695  56425
62.156624686 10306071029 340103 56719  56469
62.168611956 10306410910 339881 56698  56428
62.180624107 10306750658 339748 56704  56431
62.192619440 10307090515 339857 56706  56438
62.204626860 10307430489 339974 56705  56439
62.216613537 10307770211 339722 56702  56423
62.228614393 10308109966 339755 56710  56441
62.240624027 10308450021 340055 56720  56464
62.252614604 10308789884 339863 56698  56424
62.264611451 10309129405 339521 56691  56392
62.276627558 10309469298 339893 56701  56447
62.288605571 10309809143 339845 56695  56428
62.300611489 10310148814 339671 56701  56420
62.312623829 10310488845 340031 56699  56451
62.324611589 10310828699 339854 56696  56432
62.336624800 10311168238 339539 56704  56408
62.348619686 10311508251 340013 56711  56462
62.360645383 10311848078 339827 56705  56429
62.372613863 10312187905 339827 56696  56433
62.384624650 10312527858 339953 56701  56458
62.396611956 10312867715 339857 56694  56427
62.408621121 10313207212 339497 56700  56408
62.420625927 10313547321 340109 56703  56464
62.432612631 10313887166 339845 56692  56427
62.444611781 10314226939 339773 56696  56431
62.456612662 10314566922 339983 56704  56463
62.468624252 10314906767 339845 56701  56431
62.480612395 10315246382 339615 56701  56412
62.492625216 10315586280 339898 56711  56458
62.504625589 10315926150 339870 56692  56438
62.516631436 10316265968 339818 56711  56449
62.528612816 10316605971 340003 56701  56465
62.540624226 10316945859 339888 56693  56430
62.552624129 10317285467 339608 56700  56417
62.564607120 10317625518 340051 56698  56463
62.576611624 10317965478 339960 56710  56454
62.588612720 10318305436 339958 56701  56444
62.600624200 10318645170 339734 56706  56442
62.612624385 10318985233 340063 56695  56464
62.624611675 10319324875 339642 56698  56409
62.636612071 10319664765 339890 56716  56457
62.648624935 10320004822 340057 56711  56471
62.660604428 10320344641 339819 56682  56422
62.672632056 10320684348 339707 56695  56439
62.684610932 10321024345 339997 56698  56457
62.696624309 10321363981 339636 56696  56405
62.708624739 10321703805 339824 56703  56453
62.720611089 10322043879 340074 56700  56466
62.732612666 10322383749 339870 56703  56443
62.744610957 10322723543 339794 56700  56444
62.756624857 10323063546 340003 56702  56458
62.768611413 10323403308 339762 56691  56413
62.780613317 10323743126 339818 56704  56452
62.792623601 10324083153 340027 56707  56471
62.804623481 10324423011 339858 56693  56440
62.816612014 10324762787 339776 56693  56434
62.828629624 10325102796 340009 56700  56459
62.840625179 10325442438 339642 56699  56406
62.852625029 10325782280 339842 56714  56450
62.864613289 10326122327 340047 56707  56466
62.876610662 10326462173 339846 56695  56437
62.888624105 10326801889 339716 56684  56429
62.900625709 10327141746 339857 56684  56429
62.912624493 10327481575 339829 56715  56446
62.924614466 10327607439 125864 20208  19948
62.943889966 10327608626 1187 56  0
62.956739863 10327609813 1187 54  0
62.972262194 10327611132 1319 87  14
62.987878272 10327612319 1187 57  4
63.005099031 10327615622 3303 205  54
