0.010100940 85197500 85197500 9125  92
0.031689750 166240202 81042702 343  24
0.047614966 196035100 29794898 19204  10389
0.059351054 196431040 395940 56696  39641
0.071350885 197157039 725999 41554  33433
0.083363997 198336427 1179388 56679  42864
0.095360981 199554955 1218528 56686  44429
0.107357195 200814536 1259581 56674  44644
0.119345943 202033639 1219103 56677  44246
0.131358994 203309853 1276214 56686  43856
0.143346122 204588927 1279074 56687  43226
0.155341697 205811884 1222957 56674  43360
0.167341282 207077248 1265364 56670  41917
0.179356146 208348212 1270964 56673  40930
0.191364988 209570552 1222340 56690  42488
0.203345292 210844295 1273743 56673  41965
0.215357923 212117557 1273262 56683  41144
0.227343311 213393522 1275965 56684  41810
0.239353035 214607863 1214341 56681  41664
0.251354860 215878321 1270458 56682  41244
0.263340585 217153238 1274917 56692  41578
0.275345613 218374937 1221699 56682  41806
0.287356321 219649901 1274964 56669  41761
0.299342929 220921711 1271810 56676  41333
0.311353407 222197649 1275938 56684  41547
0.323341517 223411890 1214241 56679  41697
0.335357278 224681036 1269146 56693  40951
0.347375300 225955524 1274488 56688  43635
0.359344807 227233586 1278062 56690  44069
0.371355119 228446863 1213277 56673  43884
0.383356964 229718172 1271309 56701  43249
0.395343388 230989189 1271017 56693  42690
0.407341963 232217764 1228575 56684  43097
0.419353960 233481298 1263534 56676  42269
0.431353892 234750394 1269096 56682  41584
0.443356556 236024205 1273811 56681  42002
0.455342657 237256038 1231833 56679  42377
0.467343855 238508193 1252155 56674  41595
0.479342020 239778123 1269930 56690  41474
0.491340471 241050243 1272120 56686  41722
0.503366106 242326604 1276361 56682  42264
0.515343957 243536492 1209888 56680  41837
0.527354509 244804118 1267626 56677  41089
0.539342680 246078311 1274193 56674  41685
0.551343485 247369640 1291329 56677  42190
0.563356586 248596879 1227239 56689  41791
0.575353557 249882839 1285960 56688  41541
0.587343912 251165125 1282286 56672  41318
0.599342983 252454383 1289258 56692  41883
0.611342498 253677729 1223346 56683  41662
0.623354589 254957866 1280137 56675  41082
0.635355217 256241358 1283492 56672  41352
0.647343342 257525972 1284614 56682  41834
0.659363893 258750410 1224438 56677  41712
0.671343118 260030225 1279815 56684  41400
0.683354203 261307816 1277591 56679  41100
0.695341667 262592043 1284227 56678  41655
0.707356342 263823157 1231114 56689  41924
0.719353693 265095437 1272280 56678  41147
0.731341428 266373320 1277883 56686  41094
0.743341615 267649112 1275792 56686  41319
0.755355871 268901423 1252311 56686  41582
0.767357529 270150538 1249115 56675  41689
0.779356183 271426130 1275592 56679  41514
0.791342507 272701070 1274940 56690  41527
0.803344973 273978377 1277307 56688  41721
0.815343887 275197963 1219586 56670  41745
0.827351861 276473420 1275457 56679  41444
0.839344457 277749915 1276495 56694  41549
0.851347541 279027158 1277243 56681  41244
0.863356588 280308881 1281723 56684  41861
0.875344264 281527475 1218594 56683  42023
0.887346804 282801985 1274510 56695  41203
0.899353149 284072296 1270311 56677  41082
0.911355178 285349063 1276767 56684  41470
0.923356456 286628628 1279565 56669  41903
0.935344200 287844000 1215372 56682  41692
0.947343632 289113986 1269986 56702  41116
0.959356610 290385491 1271505 56672  41177
0.971344234 291660152 1274661 56679  41869
0.983366379 292938951 1278799 56693  41772
0.995354406 294151861 1212910 56692  41648
1.007342454 295419828 1267967 56670  41362
1.019355312 296689823 1269995 56671  41578
1.031342204 297962058 1272235 56693  41813
1.043358675 299237713 1275655 56677  41606
1.055343090 300451576 1213863 56677  42348
1.067343761 301718904 1267328 56675  41636
1.079340919 302987152 1268248 56675  41293
1.091344810 304251663 1264511 56689  41299
1.103355288 305524603 1272940 56683  42233
1.115345700 306749833 1225230 56677  42353
1.127344068 308016511 1266678 56693  41694
1.139364036 309290318 1273807 56674  41460
1.151340417 310560994 1270676 56683  41861
1.163341328 311834675 1273681 56677  41783
1.175358033 313114095 1279420 56695  41800
1.187339728 314330953 1216858 56673  42084
1.199343382 315599914 1268961 56693  41650
1.211344567 316870543 1270629 56679  41468
1.223343155 318138490 1267947 56684  41239
1.235355876 319409580 1271090 56696  41425
1.247353368 320684041 1274461 56677  42261
1.259340222 321899511 1215470 56679  42351
1.271341780 323170911 1271400 56683  41845
1.283342958 324435407 1264496 56690  41581
1.295367056 325700703 1265296 56678  41740
1.307355121 326970174 1269471 56684  41541
1.319355686 328242210 1272036 56678  41942
1.331354244 329513987 1271777 56683  41999
1.343342648 330723983 1209996 56686  41971
1.355355300 331986445 1262462 56687  41491
1.367342481 333251641 1265196 56683  41570
1.379345319 334513318 1261677 56683  41565
1.391343010 335778918 1265600 56675  41482
1.403342072 337047854 1268936 56684  41808
1.415341296 338273158 1225304 56689  42092
1.427343918 339528094 1254936 56684  41616
1.439354209 340791195 1263101 56681  41557
1.451342707 342055086 1263891 56685  41441
1.463357865 343320976 1265890 56683  41875
1.475356766 344582969 1261993 56681  41570
1.487342834 345849461 1266492 56687  41635
1.499341792 347063514 1214053 56675  42261
1.511345390 348321170 1257656 56689  41873
1.523342378 349584874 1263704 56678  41620
1.535344993 350845143 1260269 56672  41537
1.547344878 352104342 1259199 56679  41840
1.559356586 353365446 1261104 56685  41803
1.571357695 354628666 1263220 56676  41815
1.583352525 355893226 1264560 56674  41980
1.595355084 357100444 1207218 56694  42374
1.607342604 358359412 1258968 56681  41576
1.619369063 359619516 1260104 56689  41535
1.631356008 360874424 1254908 56682  41370
1.643342539 362131134 1256710 56681  41843
1.655353737 363390620 1259486 56686  41559
1.667353365 364651965 1261345 56687  41889
1.679356363 365914314 1262349 56692  42201
1.691356085 367157328 1243014 56682  41836
1.703353723 368399276 1241948 56687  41801
1.715356364 369674491 1275215 56686  41882
1.727344329 370946842 1272351 56682  41739
1.739341253 372218172 1271330 56679  41559
1.751342111 373488425 1270253 56677  41678
1.763342699 374756711 1268286 56687  41831
1.775365542 376029219 1272508 56677  41741
1.787343960 377299935 1270716 56684  41712
1.799341824 378571101 1271166 56678  42117
1.811355056 379787272 1216171 56679  42309
1.823342420 381055760 1268488 56680  41541
1.835343055 382321548 1265788 56677  41440
1.847343320 383588649 1267101 56677  41924
1.859343291 384856047 1267398 56684  41726
1.871343922 386125619 1269572 56677  41633
1.883353270 387389998 1264379 56688  41568
1.895354708 388656543 1266545 56674  42102
1.907354993 389924834 1268291 56694  41799
1.919341461 391192206 1267372 56677  42008
1.931366807 392460644 1268438 56678  42296
1.943344481 393671245 1210601 56684  42316
1.955356713 394932777 1261532 56682  41871
1.967346437 396197150 1264373 56680  42123
1.979344229 397461644 1264494 56681  41830
1.991343557 398726025 1264381 56678  41780
2.003340288 399992405 1266380 56679  42001
2.015358359 401258631 1266226 56681  42176
2.027354241 402523651 1265020 56697  41819
2.039361493 403785051 1261400 56674  43887
2.051344363 405046438 1261387 56670  44026
2.063345468 406311728 1265290 56685  44269
2.075356383 407575596 1263868 56695  43769
2.087341775 408839012 1263416 56677  43295
2.099353616 410086798 1247786 56679  43536
2.111343988 411306302 1219504 56683  42763
2.123354412 412568979 1262677 56666  42460
2.135344657 413827461 1258482 56678  42512
2.147343905 415086716 1259255 56669  42415
2.159342416 416347760 1261044 56672  42388
2.171353921 417606308 1258548 56668  42378
2.183344026 418865714 1259406 56683  42321
2.195345320 420123336 1257622 56678  42200
2.207345738 421381839 1258503 56680  42122
2.219356426 422641043 1259204 56673  42442
2.231343885 423897060 1256017 56688  42135
2.243335706 425152452 1255392 56679  41706
2.255364418 426413806 1261354 56674  42632
2.267356536 427679121 1265315 56689  42544
2.279342114 428946304 1267183 56682  42137
2.291343295 430209665 1263361 56674  42413
2.303357057 431471731 1262066 56678  42563
2.315355691 432734626 1262895 56679  42136
2.327354826 433996809 1262183 56674  42179
2.339342631 435259614 1262805 56692  42511
2.351357189 436520975 1261361 56693  42416
2.363354867 437736696 1215721 56669  42292
2.375356658 438985240 1248544 56692  42470
2.387343019 440243499 1258259 56683  42206
2.399354182 441502599 1259100 56679  41996
2.411352036 442761253 1258654 56678  42486
2.423341918 444021901 1260648 56690  42436
2.435344482 445280941 1259040 56681  41899
2.447354224 446534942 1254001 56676  42042
2.459359372 447790178 1255236 56688  42340
2.471343226 449048239 1258061 56679  42195
2.483340741 450304318 1256079 56692  42260
2.495341376 451560831 1256513 56682  42412
2.507352587 452814803 1253972 56670  42400
2.519341362 454067293 1252490 56692  41877
2.531346657 455325415 1258122 56680  42621
2.543355532 456583172 1257757 56681  42435
2.555355010 457839204 1256032 56687  42327
2.567353115 459094820 1255616 56679  42590
2.579356783 460349606 1254786 56670  42537
2.591354038 461605932 1256326 56684  42161
2.603359583 462859095 1253163 56671  42298
2.615342384 464114557 1255462 56674  42700
2.627343546 465368730 1254173 56685  42482
2.639354200 466620983 1252253 56683  42339
2.651343435 467873213 1252230 56671  42373
2.663341214 469125818 1252605 56679  42731
2.675341701 470378388 1252570 56675  42158
2.687354707 471633799 1255411 56682  42784
2.699353795 472883680 1249881 56673  42380
2.711343316 474133636 1249956 56674  42167
2.723343551 475383179 1249543 56675  42568
2.735353470 476633595 1250416 56679  42587
2.747342970 477886074 1252479 56676  42299
2.759340562 479133061 1246987 56682  42647
2.771344394 480377217 1244156 56675  42531
2.783354842 481621925 1244708 56670  42402
2.795356140 482866259 1244334 56693  42553
2.807343031 484133256 1266997 56670  42515
2.819343366 485417012 1283756 56687  42629
2.831342411 486709363 1292351 56698  42197
2.843353503 488007865 1298502 56680  42477
2.855343041 489306729 1298864 56677  42386
2.867342175 490610849 1304120 56676  41962
2.879356038 491954987 1344138 56681  42736
2.891364419 493251829 1296842 56679  42820
2.903355284 494548703 1296874 56684  42270
2.915355902 495840230 1291527 56677  42497
2.927353636 497133048 1292818 56678  42619
2.939354985 498427868 1294820 56677  42312
2.951343656 499721846 1293978 56688  42498
2.963342754 501019233 1297387 56676  42876
2.975355276 502311334 1292101 56688  42368
2.987355831 503601157 1289823 56682  42164
2.999354635 504895040 1293883 56684  42728
3.011339890 506187719 1292679 56674  42695
3.023355818 507479934 1292215 56684  42307
3.035353170 508770886 1290952 56676  43122
3.047353882 510059962 1289076 56681  42501
3.059342586 511351047 1291085 56677  42475
3.071342971 512639004 1287957 56671  42829
3.083342186 513930209 1291205 56677  42759
3.095340587 515278693 1348484 56673  42566
3.107341973 516568677 1289984 56692  43093
3.119353764 517858740 1290063 56692  42538
3.131356105 519144684 1285944 56677  42442
3.143344030 520432925 1288241 56675  42812
3.155344611 521725650 1292725 56666  42991
3.167345619 523014818 1289168 56685  42650
3.179352735 524304101 1289283 56685  42806
3.191344290 525590458 1286357 56679  42948
3.203353738 526874436 1283978 56673  42435
3.215357106 528164138 1289702 56689  42941
3.227344254 529450781 1286643 56675  42942
3.239341682 530749498 1298717 56689  42500
3.251354694 532078916 1329418 56678  42812
3.263353292 533362660 1283744 56680  42857
3.275353420 534647214 1284554 56677  42521
3.287340531 535930607 1283393 56667  43022
3.299341249 537215948 1285341 56675  43345
3.311353525 538501134 1285186 56683  42822
3.323355530 539783120 1281986 56683  42988
3.335343267 541067413 1284293 56690  43009
3.347340452 542347374 1279961 56682  42737
3.359354800 543632005 1284631 56678  43081
3.371365538 544972758 1340753 56686  42833
3.383343773 546257084 1284326 56684  42784
3.395353342 547542854 1285770 56683  42674
3.407356233 548830200 1287346 56675  43276
3.419339265 550115993 1285793 56685  42553
3.431341176 551405360 1289367 56678  42933
3.443345347 552690591 1285231 56679  42925
3.455355373 553974615 1284024 56670  42539
3.467342418 555259451 1284836 56678  43116
3.479346116 556599511 1340060 56675  42718
3.491339790 557882266 1282755 56665  42644
3.503342208 559162656 1280390 56676  42961
3.515351607 560445121 1282465 56669  43152
3.527368489 561729028 1283907 56676  43019
3.539343377 563012357 1283329 56675  43265
3.551341361 564297901 1285544 56685  43202
3.563342910 565578500 1280599 56676  42995
3.575340662 566913182 1334682 56668  42788
3.587341730 568190936 1277754 56672  43131
3.599352631 569467541 1276605 56678  42682
3.611354750 570748336 1280795 56671  43164
3.623342125 572027913 1279577 56687  43383
3.635345146 573305704 1277791 56682  42706
3.647343558 574585086 1279382 56678  43054
3.659353845 575920569 1335483 56666  42793
3.671342778 577199039 1278470 56674  42637
3.683351242 578475049 1276010 56687  43132
3.695352901 579755308 1280259 56679  43271
3.707354753 581035692 1280384 56692  42896
3.719340904 582312389 1276697 56692  43018
3.731354045 583589252 1276863 56679  43000
3.743354887 584903934 1314682 56682  42780
3.755337165 586197183 1293249 56667  43116
3.767340857 587472947 1275764 56683  42993
3.779341418 588746750 1273803 56679  42867
3.791354553 590020875 1274125 56677  43372
3.803354942 591297998 1277123 56690  43110
3.815353810 592575390 1277392 56677  43247
3.827344855 593905485 1330095 56663  43141
3.839355127 595176341 1270856 56675  42814
3.851362192 596448923 1272582 56666  43022
3.863344666 597724305 1275382 56687  43452
3.875342624 598997684 1273379 56680  43221
3.887354017 600271892 1274208 56686  43138
3.899341421 601597600 1325708 56687  43667
3.911341733 602868225 1270625 56676  42983
3.923342584 604143607 1275382 56683  43639
3.935355385 605431688 1288081 56672  43481
3.947353008 606720688 1289000 56682  43414
3.959341322 608066529 1345841 56687  43322
3.971345857 609349631 1283102 56682  43305
3.983341978 610636055 1286424 56679  42987
3.995353107 611919080 1283025 56693  43338
4.007352742 613205012 1285932 56692  43613
4.019341287 614494129 1289117 56668  43442
4.031355672 615830979 1336850 56674  43414
4.043355250 617113921 1282942 56682  43238
4.055342705 618395417 1281496 56675  43316
4.067355750 619677171 1281754 56684  43583
4.079353122 620961116 1283945 56675  43380
4.091353957 622297777 1336661 56698  43153
4.103353168 623576904 1279127 56685  43467
4.115342326 624858136 1281232 56672  43415
4.127356788 626138211 1280075 56689  43302
4.139354393 627420184 1281973 56683  43570
4.151353584 628754252 1334068 56682  43126
4.163353926 630031017 1276765 56694  43258
4.175354921 631309782 1278765 56667  43925
4.187340189 632587068 1277286 56675  43227
4.199341561 633867811 1280743 56680  43551
4.211340975 635201587 1333776 56685  43131
4.223356281 636479569 1277982 56690  42977
4.235343746 637759793 1280224 56668  43924
4.247344810 639038208 1278415 56671  43252
4.259341825 640333399 1295191 56681  43026
4.271339843 641646160 1312761 56675  43161
4.283353185 642921174 1275014 56670  43183
4.295340323 644199819 1278645 56694  43683
4.307353696 645478253 1278434 56680  43717
4.319351350 646809328 1331075 56682  42792
4.331355588 648081396 1272068 56685  43136
4.343341223 649358763 1277367 56675  43716
4.355354142 650636300 1277537 56680  43409
4.367340153 651966365 1330065 56693  43322
4.379354775 653238839 1272474 56686  43191
4.391355406 654512337 1273498 56680  43470
4.403355394 655787046 1274709 56684  43858
4.415354036 657118466 1331420 56686  43208
4.427353844 658386768 1268302 56683  43333
4.439353440 659661595 1274827 56675  43758
4.451355167 660931226 1269631 56683  43182
4.463354253 662218775 1287549 56679  43160
4.475343864 663528213 1309438 56691  43272
4.487351275 664806184 1277971 56658  43423
4.499341918 666085671 1279487 56679  43699
4.511355016 667365519 1279848 56687  43324
4.523341110 668687108 1321589 56680  42852
4.535355063 669963490 1276382 56679  43781
4.547343577 671241208 1277718 56671  43738
4.559353696 672573874 1332666 56679  43335
4.571342604 673842339 1268465 56668  43583
4.583343602 675115017 1272678 56678  43293
4.595340784 676391863 1276846 56688  43908
4.607341546 677721710 1329847 56683  43365
4.619342324 678991848 1270138 56671  43160
4.631342222 680265640 1273792 56682  44130
4.643364781 681536457 1270817 56677  43492
4.655343782 682861999 1325542 56686  43353
4.667341351 684128746 1266747 56683  43544
4.679343449 685402792 1274046 56673  43906
4.691341421 686674794 1272002 56682  44048
4.703356026 687994962 1320168 56685  43474
4.715343678 689263760 1268798 56677  43414
4.727342796 690531291 1267531 56673  43902
4.739354381 691855703 1324412 56670  43465
4.751355669 693122022 1266319 56680  43494
4.763344041 694394338 1272316 56666  44218
4.775341255 695668573 1274235 56681  43595
4.787340658 696985250 1316677 56672  43149
4.799354326 698251424 1266174 56669  43902
4.811356001 699524255 1272831 56697  43942
4.823355479 700846662 1322407 56681  43660
4.835357917 702112179 1265517 56679  43605
4.847342905 703377709 1265530 56681  43638
4.859354124 704644458 1266749 56689  44163
4.871341019 705963690 1319232 56677  43292
4.883342154 707231056 1267366 56673  44066
4.895352913 708501490 1270434 56675  44369
4.907353964 709817133 1315643 56677  43610
4.919341932 711077921 1260788 56673  44130
4.931341854 712344614 1266693 56676  44276
4.943341042 713664209 1319595 56667  43714
4.955363945 714927215 1263006 56680  44214
4.967354693 716191946 1264731 56675  43974
4.979340711 717456532 1264586 56676  43849
4.991343440 718766903 1310371 56676  43615
5.003342831 720028759 1261856 56670  43995
5.015342542 721301312 1272553 56680  44364
5.027353261 722639613 1338301 56682  43581
5.039355813 723930136 1290523 56680  43865
5.051354738 725228623 1298487 56669  44357
5.063343306 726578675 1350052 56679  43731
5.075354928 727871748 1293073 56673  43997
5.087355663 729168521 1296773 56691  44413
5.099342241 730516416 1347895 56685  43561
5.111340859 731808314 1291898 56677  44233
5.123362245 733102310 1293996 56681  44099
5.135342213 734451896 1349586 56669  43765
5.147343351 735741544 1289648 56678  44298
5.159355110 737036066 1294522 56668  43906
5.171354808 738383433 1347367 56681  43835
5.183355393 739672045 1288612 56690  43894
5.195353648 740965558 1293513 56687  44045
5.207346470 742310420 1344862 56674  44124
5.219353035 743596984 1286564 56695  43676
5.231354487 744888740 1291756 56678  44296
5.243342468 746229421 1340681 56680  43751
5.255342996 747516917 1287496 56679  43751
5.267354692 748807654 1290737 56684  44667
5.279361950 750147676 1340022 56695  43439
5.291343815 751436869 1289193 56681  44363
5.303343073 752724906 1288037 56681  44271
5.315354921 754063274 1338368 56678  43346
5.327355100 755354211 1290937 56697  44920
5.339320902 756699608 1345397 56667  44052
5.351341563 757986439 1286831 56686  44298
5.363343815 759274172 1287733 56672  44462
5.375356363 760613989 1339817 56666  43695
5.387355909 761898104 1284115 56682  44552
5.399342774 763184662 1286558 56677  44226
5.411354108 764523997 1339335 56680  43900
5.423343270 765809437 1285440 56678  44445
5.435353459 767097311 1287874 56677  44010
5.447342363 768427713 1330402 56669  43988
5.459342912 769713753 1286040 56681  44501
5.471352927 771054292 1340539 56691  43771
5.483343275 772334095 1279803 56679  47552
5.495360284 773617294 1283199 56680  50974
5.507360406 774949020 1331726 56661  50738
5.519357741 776230875 1281855 56683  50585
5.531353012 777545002 1314127 56676  50378
5.543343678 778848188 1303186 56677  49142
5.555353693 780132402 1284214 56681  48087
5.567355374 781469417 1337015 56680  46706
5.579354763 782754221 1284804 56683  46344
5.591364475 784068176 1313955 56684  45832
5.603343070 785382109 1313933 56674  45756
5.615341095 786670188 1288079 56688  45835
5.627356820 788007692 1337504 56676  45418
5.639354098 789291924 1284232 56687  45620
5.651354677 790601164 1309240 56670  44957
5.663344069 791911485 1310321 56693  45118
5.675355194 793196757 1285272 56673  45196
5.687353586 794530611 1333854 56679  44885
5.699349837 795811817 1281206 56673  45112
5.711354849 797137622 1325805 56688  44631
5.723341627 798427552 1289930 56660  44970
5.735356130 799711690 1284138 56676  45072
5.747343014 801043240 1331550 56689  44649
5.759349967 802323290 1280050 56675  44955
5.771343375 803658986 1335696 56679  44173
5.783352836 804935324 1276338 56669  44837
5.795345042 806216655 1281331 56669  44586
5.807341633 807543819 1327164 56686  44543
5.819345682 808823014 1279195 56684  44826
5.831342253 810154813 1331799 56680  44123
5.843342739 811434910 1280097 56692  44702
5.855342627 812770890 1335980 56690  44124
5.867352772 814047558 1276668 56685  44938
5.879354671 815327880 1280322 56687  44550
5.891354532 816658162 1330282 56679  44072
5.903342161 817938009 1279847 56687  44784
5.915361573 819266362 1328353 56669  43979
5.927343875 820546000 1279638 56667  45290
5.939353813 821872820 1326820 56676  44080
5.951341954 823149445 1276625 56684  44714
5.963354040 824479348 1329903 56673  44251
5.975355198 825753559 1274211 56684  44468
5.987354747 827089183 1335624 56687  45058
5.999353272 828362216 1273033 56681  44436
6.011352350 829639802 1277586 56675  44770
6.023354258 830962644 1322842 56683  44159
6.035343743 832238239 1275595 56673  44515
6.047354799 833562351 1324112 56675  44558
6.059342207 834836951 1274600 56665  44558
6.071364262 836160406 1323455 56680  44428
6.083343304 837431727 1271321 56673  44786
6.095355583 838762211 1330484 56674  44198
6.107342237 840047549 1285338 56693  45043
6.119352853 841391586 1344037 56685  44279
6.131344788 842679764 1288178 56668  44921
6.143340862 844022574 1342810 56689  44412
6.155341965 845306598 1284024 56682  44647
6.167342666 846647697 1341099 56672  44561
6.179342215 847931346 1283649 56671  44567
6.191340336 849275270 1343924 56687  44769
6.203352412 850557592 1282322 56679  44780
6.215342497 851900235 1342643 56673  44697
6.227361786 853179766 1279531 56674  44667
6.239343887 854482197 1302431 56668  44767
6.251354556 855804321 1322124 56669  44838
6.263344031 857143684 1339363 56682  44417
6.275352445 858425235 1281551 56681  44985
6.287341480 859761663 1336428 56681  44065
6.299354812 861039379 1277716 56678  44888
6.311343601 862381789 1342410 56680  44653
6.323357406 863661408 1279619 56677  45035
6.335353698 864997507 1336099 56669  44553
6.347353140 866275276 1277769 56680  44761
6.359355488 867609219 1333943 56670  45003
6.371339599 868890662 1281443 56684  44822
6.383353581 870225868 1335206 56674  44935
6.395349564 871511259 1285391 56687  44990
6.407354835 872843158 1331899 56678  44471
6.419339183 874124154 1280996 56671  45399
6.431357729 875457983 1333829 56678  44321
6.443340740 876740042 1282059 56684  45587
6.455353246 878071578 1331536 56669  44206
6.467341364 879352477 1280899 56678  45255
6.479343129 880679655 1327178 56681  44349
6.491342957 881961445 1281790 56680  45309
6.503340603 883292208 1330763 56682  44969
6.515343854 884588409 1296201 56674  44715
6.527342683 885900725 1312316 56675  45031
6.539352118 887231964 1331239 56676  44681
6.551351064 888507733 1275769 56672  45709
6.563358013 889838730 1330997 56676  44828
6.575341321 891116882 1278152 56682  45527
6.587355405 892442713 1325831 56691  44937
6.599342218 893719331 1276618 56674  45071
6.611343819 895044605 1325274 56679  45237
6.623339735 896320972 1276367 56670  45077
6.635355607 897649346 1328374 56693  45205
6.647354612 898985044 1335698 56683  45045
6.659355037 900263415 1278371 56676  45256
6.671353905 901597841 1334426 56683  44955
6.683353721 902876083 1278242 56686  45108
6.695354776 904208570 1332487 56685  45091
6.707360938 905490201 1281631 56677  45345
6.719356376 906817870 1327669 56672  45027
6.731341518 908095921 1278051 56684  44921
6.743353856 909421046 1325125 56681  45028
6.755341079 910756055 1335009 56670  44950
6.767356607 912030922 1274867 56674  45532
6.779340962 913360308 1329386 56669  44895
6.791352820 914637052 1276744 56671  45192
6.803342826 915958673 1321621 56675  44982
6.815342221 917239205 1280532 56683  45369
6.827344160 918564860 1325655 56693  45352
6.839341374 919895362 1330502 56680  44862
6.851341557 921167279 1271917 56677  45507
6.863351885 922489940 1322661 56673  44956
6.875353837 923764913 1274973 56686  45704
6.887342892 925087704 1322791 56674  45328
6.899354044 926415953 1328249 56689  45088
6.911341296 927687109 1271156 56669  45519
6.923343098 929012300 1325191 56678  44853
6.935342036 930289048 1276748 56681  45980
6.947353911 932966076 2677028 56674  28526
6.959341407 936743808 3777732 56680  15993
6.971341532 940239472 3495664 56668  15757
6.983353501 944110663 3871191 56675  16484
6.995353465 947524598 3413935 56679  16056
7.007354591 951330901 3806303 56666  15904
7.019343649 954776468 3445567 56670  16220
7.031351758 958585703 3809235 56665  16704
7.043353196 962044017 3458314 56674  15612
7.055356178 965805866 3761849 56669  16140
7.067342047 969324243 3518377 56662  16189
7.079353962 973239049 3914806 56672  16357
7.091354687 976594490 3355441 56673  16417
7.103342809 980454205 3859715 56672  16072
7.115344114 983852500 3398295 56693  15455
7.127351969 987688082 3835582 56671  15993
7.139355478 991122365 3434283 56675  15866
7.151341113 994948399 3826034 56669  16352
7.163341418 998392028 3443629 56663  16445
7.175343863 1002266053 3874025 56668  15796
7.187350482 1005663995 3397942 56674  15937
7.199355090 1009553310 3889315 56672  15528
7.211336105 1012931084 3377774 56672  16314
7.223341727 1016794657 3863573 56670  15652
7.235354880 1020181415 3386758 56672  15571
7.247343984 1024021141 3839726 56676  16219
7.259342927 1027468701 3447560 56669  16428
7.271355505 1031321374 3852673 56675  15532
7.283353527 1034733747 3412373 56680  16484
7.295340215 1038640826 3907079 56669  15132
7.307342227 1041996965 3356139 56669  16120
7.319342049 1045814280 3817315 56665  15402
7.331354931 1049255111 3440831 56672  16356
7.343350223 1053181715 3926604 56674  16259
7.355342981 1056533592 3351877 56687  16370
7.367352039 1060472292 3938700 56668  15505
7.379352908 1063790696 3318404 56677  15906
7.391343440 1067789530 3998834 56674  15525
7.403355239 1071078454 3288924 56679  17143
7.415354598 1075063035 3984581 56680  14920
7.427353119 1078346001 3282966 56672  17171
7.439340917 1082354441 4008440 56673  14600
7.451344379 1085616194 3261753 56670  17502
7.463340478 1089622038 4005844 56678  14367
7.475354786 1092932309 3310271 56662  17809
7.487354429 1096921568 3989259 56667  13765
7.499353147 1100301115 3379547 56672  17753
7.511362809 1104180825 3879710 56673  13985
7.523340378 1107763570 3582745 56677  18337
7.535343203 1111444608 3681038 56676  14718
7.547341215 1115060200 3615592 56676  17332
7.559353446 1118723108 3662908 56666  14844
7.571343835 1122588792 3865684 56673  16372
7.583342480 1125998157 3409365 56671  15892
7.595352556 1129753303 3755146 56678  16214
7.607354021 1133224005 3470702 56669  18378
7.619340367 1136999671 3775666 56685  16003
7.631354128 1140848448 3848777 56679  15974
7.643354814 1144090771 3242323 56662  17649
7.655341799 1148045489 3954718 56674  14320
7.667351511 1151632008 3586519 56679  17661
7.679356340 1155136939 3504931 56679  16618
7.691355411 1159196025 4059086 56677  15683
7.703354370 1162541185 3345160 56672  16676
7.715335302 1166489941 3948756 56682  14821
7.727353711 1169911700 3421759 56666  16112
7.739352980 1173746032 3834332 56665  15753
7.751341678 1177297101 3551069 56675  15694
7.763341997 1180993746 3696645 56674  16174
7.775353416 1184674850 3681104 56678  15356
7.787353834 1188504209 3829359 56673  17091
7.799341333 1192068705 3564496 56679  15778
7.811341001 1195733890 3665185 56671  16539
7.823364010 1199443265 3709375 56678  14432
7.835356939 1203079874 3636609 56671  16964
7.847340833 1206822528 3742654 56670  14113
7.859353562 1210246101 3423573 56663  18145
7.871353535 1214186755 3940654 56675  14203
7.883341256 1217570503 3383748 56674  17780
7.895341485 1221531969 3961466 56673  13619
7.907342506 1224859670 3327701 56663  17160
7.919353005 1228933924 4074254 56677  14586
7.931341483 1232257103 3323179 56679  17319
7.943356019 1236289589 4032486 56675  14275
7.955352081 1239628961 3339372 56678  16665
7.967352523 1243689987 4061026 56671  15373
7.979365115 1247014478 3324491 56673  16831
7.991341906 1251062454 4047976 56672  15130
8.003343345 1254398039 3335585 56675  16019
8.015355441 1258405650 4007611 56680  15253
8.027340909 1261763539 3357889 56666  15913
8.039342115 1265495466 3731927 56678  16465
8.051352197 1269146249 3650783 56665  16197
8.063342818 1272960101 3813852 56671  16023
8.075354274 1276522154 3562053 56673  15325
8.087341185 1280337025 3814871 56667  16348
8.099341221 1283920629 3583604 56666  15934
8.111343553 1287747988 3827359 56670  16150
8.123340712 1291308708 3560720 56676  15626
8.135351374 1295150727 3842019 56683  16265
8.147356006 1298709198 3558471 56668  16308
8.159356021 1302593613 3884415 56669  15720
8.171342933 1306079774 3486161 56679  15993
8.183341704 1309919937 3840163 56680  15649
8.195357227 1313481611 3561674 56665  15800
8.207354859 1317284940 3803329 56673  15615
8.219341244 1320859179 3574239 56679  15971
8.231355289 1324744743 3885564 56679  16441
8.243340361 1328234123 3489380 56673  15415
8.255356450 1331973897 3739774 56682  16132
8.267355002 1335620874 3646977 56678  15190
8.279351798 1339512034 3891160 56674  16313
8.291355286 1343004894 3492860 56680  15766
8.303361228 1346710889 3705995 56675  16458
8.315345253 1350402206 3691317 56691  15887
8.327341968 1354363192 3960986 56673  15905
8.339355753 1357767663 3404471 56672  15776
8.351341642 1361646108 3878445 56671  16405
8.363353904 1365143339 3497231 56666  15083
8.375341762 1368956255 3812916 56680  16290
8.387353298 1372526373 3570118 56668  14689
8.399342213 1376267512 3741139 56667  16335
8.411342242 1379930159 3662647 56678  15965
8.423342444 1383796074 3865915 56670  16318
8.435354076 1387301943 3505869 56688  15656
8.447353568 1391197271 3895328 56670  15524
8.459347827 1394698655 3501384 56682  16089
8.471341298 1398567582 3868927 56676  15816
8.483352417 1402072620 3505038 56688  15791
8.495355392 1405980653 3908033 56683  16010
8.507341037 1409459818 3479165 56668  15832
8.519348686 1413325012 3865194 56670  15626
8.531340258 1416830618 3505606 56679  15909
8.543342207 1420706130 3875512 56670  16222
8.555340356 1424220304 3514174 56674  15889
8.567354848 1427967600 3747296 56677  15987
8.579353484 1431601541 3633941 56678  15931
8.591353498 1435523798 3922257 56676  16301
8.603342767 1438972339 3448541 56665  15983
8.615350043 1442853364 3881025 56674  16330
8.627356201 1446360044 3506680 56669  15400
8.639353020 1450286136 3926092 56669  15928
8.651343302 1453741455 3455319 56674  15711
8.663339004 1457496163 3754708 56670  16364
8.675355323 1461127370 3631207 56679  16360
8.687342428 1464995214 3867844 56667  15831
8.699342093 1468492446 3497232 56673  15430
8.711354409 1472309905 3817459 56666  16234
8.723352488 1475895118 3585213 56670  16191
8.735341879 1479814202 3919084 56665  15829
8.747354855 1483260377 3446175 56665  15520
8.759354640 1487161267 3900890 56668  16305
8.771350853 1490658490 3497223 56673  16391
8.783353158 1494551545 3893055 56668  15748
8.795339960 1498028362 3476817 56670  16269
8.807341052 1501888966 3860604 56679  15571
8.819352701 1505403027 3514061 56672  15543
8.831355569 1509125707 3722680 56667  16052
8.843355208 1512770125 3644418 56675  15546
8.855342560 1516647529 3877404 56666  16902
8.867341868 1520159839 3512310 56664  15859
8.879341341 1523976149 3816310 56680  16000
8.891340199 1527533339 3557190 56669  15453
8.903354412 1531472370 3939031 56681  16171
8.915349363 1534920368 3447998 56677  16004
8.927342809 1538736915 3816547 56670  16086
8.939348448 1542312944 3576029 56672  16408
8.951342073 1546382056 4069112 56680  15445
8.963353205 1549697012 3314956 56674  16989
8.975353054 1553759262 4062250 56668  15083
8.987353252 1557087189 3327927 56671  17139
8.999353278 1561157899 4070710 56683  14515
9.011343120 1564485986 3328087 56666  17743
9.023342195 1568546487 4060501 56672  14069
9.035353854 1571964672 3418185 56671  18507
9.047343146 1575920506 3955834 56670  13882
9.059352758 1579346495 3425989 56673  18322
9.071353666 1583297342 3950847 56680  13276
9.083354645 1586751760 3454418 56676  18144
9.095363518 1590679482 3927722 56666  13885
9.107340689 1594040245 3360763 56674  18307
9.119342128 1598058613 4018368 56673  14149
9.131354707 1601583055 3524442 56672  18013
9.143353046 1605450920 3867865 56670  13532
9.155344047 1608952983 3502063 56667  18065
9.167342803 1612838562 3885579 56673  13847
9.179343452 1616374244 3535682 56671  18035
9.191343097 1620193789 3819545 56679  13554
9.203353326 1623717291 3523502 56668  18245
9.215353141 1627587269 3869978 56682  14104
9.227340366 1631111927 3524658 56681  17916
9.239343152 1634956084 3844157 56668  14019
9.251349271 1638463163 3507079 56681  17669
9.263354596 1642337824 3874661 56665  13757
9.275342474 1645905345 3567521 56670  17863
9.287340690 1649707239 3801894 56672  13859
9.299340209 1653314600 3607361 56674  18511
9.311353888 1657079175 3764575 56663  14089
9.323354603 1660662658 3583483 56667  17754
9.335343358 1664455037 3792379 56671  14035
9.347353207 1668167361 3712324 56676  17493
9.359341705 1671849715 3682354 56674  15486
9.371353677 1675515928 3666213 56667  16666
9.383353017 1679223448 3707520 56676  15363
9.395352855 1683123388 3899940 56668  16620
9.407354507 1686601553 3478165 56671  15977
9.419363143 1690557664 3956111 56674  16233
9.431341741 1693984766 3427102 56673  16116
9.443342403 1697978356 3993590 56669  15590
9.455354999 1701355084 3376728 56672  15891
9.467352331 1705258578 3903494 56673  15845
9.479341179 1708730441 3471863 56674  16692
9.491342601 1712635128 3904687 56673  15700
9.503354157 1716090105 3454977 56668  16226
9.515354923 1720058751 3968646 56679  15241
9.527355827 1723477623 3418872 56678  16414
9.539343050 1727452249 3974626 56676  15528
9.551353585 1730832644 3380395 56680  16206
9.563340621 1734831871 3999227 56672  16096
9.575351000 1738215630 3383759 56673  16605
9.587354485 1742203062 3987432 56672  15070
9.599341300 1745588928 3385866 56671  16972
9.611355453 1749644114 4055186 56678  14933
9.623341555 1752981740 3337626 56671  17476
9.635343434 1757029538 4047798 56666  14084
9.647352049 1760393640 3364102 56680  18125
9.659355824 1764414470 4020830 56673  13762
9.671342430 1767791463 3376993 56663  18183
9.683344252 1771774543 3983080 56677  13871
9.695340591 1775156752 3382209 56658  17702
9.707353609 1779192416 4035664 56670  13623
9.719355425 1782724110 3531694 56670  17964
9.731361207 1786555331 3831221 56666  13887
9.743355960 1790141572 3586241 56678  18426
9.755340141 1793916364 3774792 56664  13732
9.767355567 1797421566 3505202 56680  17961
9.779340592 1801283192 3861626 56670  13333
9.791343391 1804857521 3574329 56674  18164
9.803340907 1808653767 3796246 56673  13676
9.815341425 1812166054 3512287 56682  18133
9.827341991 1816028265 3862211 56680  13652
9.839352890 1819709456 3681191 56677  17980
9.851355295 1823402642 3693186 56669  14751
9.863353961 1827113206 3710564 56664  17131
9.875355327 1830795712 3682506 56666  15078
9.887350311 1834676295 3880583 56669  16407
9.899341517 1838186348 3510053 56671  15491
9.911342983 1842100953 3914605 56676  15991
9.923354572 1845574158 3473205 56665  16703
9.935354957 1849628335 4054177 56671  15468
9.947342749 1852959549 3331214 56672  17251
9.959341168 1857035595 4076046 56689  14077
9.971351857 1860413380 3377785 56675  17962
9.983352546 1864417154 4003774 56665  13750
9.995355244 1867791209 3374055 56673  18131
10.007341536 1871828477 4037268 56678  13974
10.019353972 1875401035 3572558 56676  17946
10.031354564 1879189645 3788610 56670  13519
10.043356370 1882782964 3593319 56679  17991
10.055363692 1886571059 3788095 56674  14381
10.067354193 1890247443 3676384 56669  17568
10.079343022 1893940265 3692822 56666  14235
10.091344771 1897647650 3707385 56678  17478
10.103340813 1901351127 3703477 56671  16181
10.115354018 1905246252 3895125 56669  15775
10.127353527 1908717045 3470793 56680  16312
10.139340213 1912614544 3897499 56661  15348
10.151339818 1916094083 3479539 56664  16106
10.163341853 1920023749 3929666 56666  15386
10.175353326 1923453626 3429877 56680  16264
10.187343038 1927507275 4053649 56685  16095
10.199342913 1930846934 3339659 56664  17132
10.211355113 1934894073 4047139 56681  14610
10.223341494 1938225768 3331695 56676  17267
10.235341543 1942299907 4074139 56670  14165
10.247342475 1945750152 3450245 56665  18179
10.259353221 1949675508 3925356 56668  13702
10.271354113 1953220599 3545091 56667  18322
10.283341925 1957067701 3847102 56669  13908
10.295343580 1960629142 3561441 56669  17736
10.307354393 1964433434 3804292 56677  14158
10.319352398 1968066011 3632577 56669  17491
10.331352544 1971803034 3737023 56678  14275
10.343342709 1975475013 3671979 56668  17267
10.355354938 1979187755 3712742 56680  15285
10.367349510 1983097706 3909951 56669  16626
10.379343445 1986555656 3457950 56675  15851
10.391353574 1990434779 3879123 56677  16138
10.403352916 1993918222 3483443 56666  15266
10.415354318 1997881907 3963685 56674  15937
10.427342547 2001298287 3416380 56665  16041
10.439342365 2005215597 3917310 56668  15762
10.451353761 2008677098 3461501 56669  16993
10.463356133 2012730660 4053562 56684  14909
10.475342136 2016051337 3320677 56674  17160
10.487341231 2020114267 4062930 56675  14170
10.499342610 2023491811 3377544 56671  18157
10.511353253 2027490504 3998693 56664  13661
10.523351951 2030808434 3317930 56675  18118
10.535341556 2034877763 4069329 56667  13619
10.547342295 2038442658 3564895 56679  18187
10.559342894 2042252421 3809763 56675  13685
10.571340673 2045828133 3575712 56676  18142
10.583345326 2049617874 3789741 56670  13405
10.595352921 2053305773 3687899 56672  18089
10.607354684 2057001703 3695930 56667  14678
10.619341078 2060715135 3713432 56670  16849
10.631342461 2064394681 3679546 56675  16306
10.643354103 2068386990 3992309 56661  15775
10.655353295 2071762045 3375055 56667  16573
10.667353734 2075807782 4045737 56671  14775
10.679341320 2079156433 3348651 56668  17218
10.691362529 2083192526 4036093 56666  14515
10.703354581 2086534032 3341506 56670  17831
10.715353354 2090585862 4051830 56676  14265
10.727342495 2094057144 3471282 56663  17870
10.739352884 2097960886 3903742 56674  13443
10.751353910 2101488528 3527642 56678  17946
10.763337349 2105348398 3859870 56685  14140
10.775343388 2108978276 3629878 56665  17750
10.787354957 2112708264 3729988 56665  14007
10.799353299 2116389615 3681351 56675  17509
10.811352171 2120109145 3719530 56678  15998
10.823340949 2123983724 3874579 56676  15800
10.835342192 2127465210 3481486 56680  16147
10.847362181 2131335448 3870238 56680  15286
10.859343333 2134834074 3498626 56678  15955
10.871343052 2138722637 3888563 56663  15412
10.883341968 2142190007 3467370 56674  16262
10.895340880 2146252784 4062777 56668  15860
10.907342769 2149587527 3334743 56671  17633
10.919341214 2153635605 4048078 56681  13979
10.931352927 2157100653 3465048 56679  17672
10.943351528 2161052716 3952063 56674  13795
10.955340844 2164657223 3604507 56670  17770
10.967343430 2168404623 3747400 56673  13756
10.979353469 2172079977 3675354 56677  18174
10.991352764 2175786523 3706546 56670  15166
11.003362253 2179521412 3734889 56664  16175
11.015341196 2183159125 3637713 56677  15956
11.027353671 2187120789 3961664 56679  15739
11.039352876 2190530451 3409662 56670  16157
11.051352495 2194375939 3845488 56665  15256
11.063355494 2197882627 3506688 56676  16042
11.075353496 2201932233 4049606 56674  15807
11.087359182 2205261307 3329074 56676  17136
11.099343174 2209318015 4056708 56667  14809
11.111344330 2212644376 3326361 56676  17400
11.123353185 2216701752 4057376 56681  13580
11.135356464 2220042394 3340642 56666  17950
11.147354676 2224048285 4005891 56676  13832
11.159349178 2227433300 3385015 56669  18312
11.171343547 2231435443 4002143 56674  13518
11.183352980 2234872149 3436706 56657  17958
11.195342009 2238805249 3933100 56677  13232
11.207342308 2242435261 3630012 56672  18004
11.219341773 2246175885 3740624 56669  14531
11.231355172 2249843522 3667637 56672  17131
11.243341087 2253553163 3709641 56671  15217
11.255342223 2257500239 3947076 56674  16262
11.267335812 2260915863 3415624 56672  15949
11.279342284 2264876217 3960354 56666  15807
11.291351836 2268283696 3407479 56673  16079
11.303342989 2272317449 4033753 56680  15322
11.315342078 2275659943 3342494 56657  16622
11.327348896 2279706305 4046362 56676  14849
11.339355405 2283073454 3367149 56660  18353
11.351341777 2287077251 4003797 56676  13862
11.363354493 2290447507 3370256 56664  18248
11.375354572 2294441483 3993976 56665  13115
11.387354611 2297979828 3538345 56669  18046
11.399354063 2301837773 3857945 56673  13693
11.411342102 2305366873 3529100 56667  18130
11.423354667 2309195732 3828859 56665  14454
11.435353499 2312866187 3670455 56672  17460
11.447342601 2316554482 3688295 56670  14741
11.459354257 2320395312 3840830 56673  16626
11.471342959 2323957631 3562319 56675  16531
11.483356925 2327995126 4037495 56672  15262
11.495341694 2331320733 3325607 56678  16800
11.507342773 2335370657 4049924 56671  14730
11.519354245 2338750589 3379932 56668  18223
11.531342841 2342738153 3987564 56681  13685
11.543342417 2346261670 3523517 56668  18223
11.555351376 2350139215 3877545 56678  13377
11.567341715 2353809132 3669917 56663  17978
11.579352717 2357500032 3690900 56679  14075
11.591341872 2361171538 3671506 56667  17315
11.603353532 2364891039 3719501 56667  16283
11.615355297 2368791837 3900798 56671  15736
11.627340969 2372237842 3446005 56680  16272
11.639365645 2376298202 4060360 56675  15002
11.651353751 2379650152 3351950 56657  17692
11.663353040 2383687835 4037683 56668  13873
11.675355382 2387048317 3360482 56681  18048
11.687341830 2391045108 3996791 56673  13974
11.699354056 2394501675 3456567 56671  17820
11.711354246 2398384897 3883222 56682  13439
11.723343751 2401922214 3537317 56678  17905
11.735353856 2405784315 3862101 56674  14064
11.747339772 2409458107 3673792 56668  17619
11.759354698 2413148217 3690110 56671  14767
11.771338333 2417021851 3873634 56674  16731
11.783342149 2420533268 3511417 56665  16223
11.795362215 2424495511 3962243 56669  15449
11.807343384 2427884430 3388919 56667  16548
11.819340796 2431933719 4049289 56683  14877
11.831341142 2435293454 3359735 56661  17901
11.843343661 2439315750 4022296 56671  13371
11.855355140 2442702130 3386380 56680  18031
11.867342865 2446709309 4007179 56662  14043
11.879342734 2450358484 3649175 56675  17980
11.891354767 2454064145 3705661 56679  14707
11.903341609 2457845375 3781230 56667  16359
11.915352488 2461456688 3611313 56673  15885
11.927343224 2465444270 3987582 56663  15677
11.939354159 2468800606 3356336 56683  15946
11.951354655 2472851894 4051288 56670  15889
11.963350384 2476184091 3332197 56664  17164
11.975356033 2480224271 4040180 56691  13999
11.987354925 2483643770 3419499 56667  17773
11.999354018 2487613067 3969297 56679  13689
12.011353160 2491166356 3553289 56672  17952
12.023342562 2494973792 3807436 56676  13382
12.035355288 2498583537 3609745 56677  18043
12.047354017 2502336650 3753113 56672  15051
12.059342142 2506033134 3696484 56674  16678
12.071353085 2509706185 3673051 56674  16030
12.083340853 2513655580 3949395 56666  15234
12.095353929 2517068781 3413201 56667  16196
12.107344388 2521029323 3960542 56665  15030
12.119352960 2524405033 3375710 56675  16242
12.131354929 2528454231 4049198 56677  15773
12.143341088 2531784553 3330322 56668  17501
12.155343390 2535825502 4040949 56678  13866
12.167352729 2539235755 3410253 56665  17649
12.179343888 2543225380 3989625 56677  13607
12.191353867 2546794945 3569565 56679  17896
12.203342100 2550557262 3762317 56672  13606
12.215341475 2554161052 3603790 56666  18232
12.227353178 2557919318 3758266 56670  14669
12.239340870 2561605580 3686262 56677  16628
12.251352352 2565292907 3687327 56680  15681
12.263343015 2569249975 3957068 56674  15861
12.275344204 2572667225 3417250 56663  16165
12.287342469 2576527902 3860677 56659  15093
12.299342105 2580031287 3503385 56680  16207
12.311356151 2584089079 4057792 56688  15491
12.323354760 2587411484 3322405 56678  17136
12.335354462 2591477812 4066328 56681  14651
12.347354988 2594853219 3375407 56682  17540
12.359340950 2598904069 4050850 56669  13377
12.371352272 2602468123 3564054 56673  17896
12.383342031 2606267841 3799718 56662  13756
12.395341144 2609903018 3635177 56669  18196
12.407354503 2613631691 3728673 56671  14205
12.419340848 2617305247 3673556 56668  17166
12.431361954 2621027249 3722002 56662  15106
12.443340946 2625047045 4019796 56666  15969
12.455340758 2628413103 3366058 56671  16196
12.467354451 2632344355 3931252 56669  15393
12.479339829 2635780041 3435686 56676  16277
12.491342525 2639834549 4054508 56677  15152
12.503340100 2643152244 3317695 56672  16999
12.515355927 2647223488 4071244 56671  14641
12.527352543 2650622115 3398627 56665  17855
12.539342878 2654642451 4020336 56684  13473
12.551342577 2658146176 3503725 56675  17767
12.563354003 2662003612 3857436 56666  13467
12.575342532 2665676308 3672696 56660  18252
12.587353364 2669381389 3705081 56673  15193
12.599362583 2673120840 3739451 56671  16540
12.611354062 2676769322 3648482 56676  15393
12.623353305 2680839873 4070551 56676  15521
12.635343877 2684166993 3327120 56684  16816
12.647355219 2688212450 4045457 56681  14755
12.659355089 2691613218 3400768 56673  18267
12.671353521 2695640150 4026932 56675  13570
12.683341573 2699207697 3567547 56684  17908
12.695342159 2703000092 3792395 56676  13223
12.707354055 2706597792 3597700 56667  17921
12.719353158 2710362053 3764261 56670  13776
12.731341973 2713930252 3568199 56681  17883
12.743354909 2717721431 3791179 56666  13922
12.755349538 2721451652 3730221 56667  17605
12.767343714 2725091422 3639770 56675  15152
12.779342129 2729029245 3937823 56673  16497
12.791342935 2732486167 3456922 56680  16024
12.803354817 2736539865 4053698 56673  15252
12.815342500 2739867107 3327242 56670  16612
12.827342505 2743913181 4046074 56673  14654
12.839341151 2747304246 3391065 56664  18150
12.851354450 2751289221 3984975 56671  13680
12.863351812 2754709174 3419953 56674  18064
12.875341518 2758669898 3960724 56670  12983
12.887341195 2762266186 3596288 56679  17889
12.899353394 2766055339 3789153 56671  13587
12.911349259 2769602060 3546721 56675  17842
12.923353708 2773415205 3813145 56674  14479
12.935356021 2777119652 3704447 56672  17184
12.947355023 2780781284 3661632 56675  14747
12.959352992 2784608288 3827004 56672  16211
12.971343801 2788178415 3570127 56665  16263
12.983351463 2792222369 4043954 56670  15154
12.995355292 2795550976 3328607 56667  16731
13.007341778 2799598886 4047910 56669  14517
13.019341780 2802967934 3369048 56661  18001
13.031343229 2806970355 4002421 56673  13568
13.043354902 2810535629 3565274 56674  18042
13.055353637 2814370728 3835099 56673  13212
13.067353273 2817983472 3612744 56677  17895
13.079350725 2821728575 3745103 56676  13225
13.091341588 2825311220 3582645 56676  17933
13.103353561 2829086552 3775332 56671  14500
13.115344056 2832754679 3668127 56668  17296
13.127341586 2836452815 3698136 56675  15161
13.139358061 2840331909 3879094 56671  15887
13.151354064 2843848152 3516243 56680  16056
13.163354266 2847872353 4024201 56674  15281
13.175340205 2851211281 3338928 56659  16577
13.187341191 2855253821 4042540 56679  15160
13.199340493 2858583818 3329997 56673  17356
13.211340989 2862617016 4033198 56678  13659
13.223342714 2866018313 3401297 56677  17709
13.235351013 2869993131 3974818 56676  13672
13.247354312 2873565351 3572220 56675  17817
13.259352968 2877377031 3811680 56677  13242
13.271343097 2880998676 3621645 56678  17975
13.283342369 2884737772 3739096 56674  14676
13.295343612 2888406032 3668260 56663  16910
13.307353938 2892118900 3712868 56675  15909
13.319342821 2896052460 3933560 56682  15305
13.331343489 2899486826 3434366 56684  16038
13.343341539 2903471705 3984879 56671  15058
13.355353314 2906830396 3358691 56663  16285
13.367341060 2910882814 4052418 56676  15694
13.379354942 2914208400 3325586 56663  17254
13.391362578 2918253121 4044721 56675  14062
13.403356464 2921669795 3416674 56667  17600
13.415352666 2925667115 3997320 56678  13765
13.427341495 2929326629 3659514 56667  17686
13.439353187 2933032664 3706035 56683  14918
13.451353973 2936999221 3966557 56672  16817
13.463340492 2940416496 3417275 56666  15985
13.475353981 2944432588 4016092 56674  15013
13.487352988 2947791995 3359407 56669  16867
13.499353820 2951853879 4061884 56688  14398
13.511341199 2955415140 3561261 56676  17775
13.523342335 2959235447 3820307 56665  13279
13.535356560 2962838171 3602724 56671  18029
13.547351496 2966602700 3764529 56666  14114
13.559342988 2970244977 3642277 56670  17348
13.571354288 2973959071 3714094 56667  15053
13.583355374 2977700585 3741514 56669  16115
13.595352326 2981351511 3650926 56684  15886
13.607343725 2985243876 3892365 56667  15134
13.619341588 2988698018 3454142 56674  16194
13.631355253 2992749283 4051265 56677  15670
13.643342036 2996075942 3326659 56671  17189
13.655355866 3000123394 4047452 56665  13929
13.667342885 3003598064 3474670 56668  17455
13.679352357 3007531307 3933243 56672  13779
13.691353329 3011190806 3659499 56670  17542
13.703341358 3014888319 3697513 56659  14767
13.715362548 3018725074 3836755 56673  16828
13.727355224 3022266362 3541288 56676  15812
13.739339369 3026163211 3896849 56672  15164
13.751340898 3029620101 3456890 56675  16283
13.763340071 3033670276 4050175 56673  15031
13.775355927 3037027723 3357447 56668  17788
13.787351696 3041037431 4009708 56673  13307
13.799342851 3044471353 3433922 56681  17892
13.811353801 3048433239 3961886 56675  13613
13.823342904 3051984288 3551049 56669  17934
13.835356453 3055775302 3791014 56677  13908
13.847340905 3059449430 3674128 56668  17184
13.859342591 3063156098 3706668 56672  15055
13.871362980 3066926778 3770680 56674  15885
13.883340455 3070512384 3585606 56665  15799
13.895342451 3074533516 4021132 56672  15953
13.907355514 3077875404 3341888 56681  16533
13.919355407 3081908939 4033535 56663  14593
13.931353682 3085235864 3326925 56682  16906
13.943342781 3089295314 4059450 56673  13988
13.955341150 3092799304 3503990 56670  17775
13.967355739 3096644466 3845162 56665  13453
13.979339715 3100210189 3565723 56675  17965
13.991353255 3104013551 3803362 56683  13674
14.003343034 3107674382 3660831 56686  17279
14.015352946 3111376168 3701786 56677  14977
14.027362632 3115301264 3925096 56672  16182
14.039343484 3118757991 3456727 56679  16177
14.051355191 3122666349 3908358 56662  14778
14.063354466 3126091078 3424729 56677  16012
14.075339595 3130130962 4039884 56677  15488
14.087342375 3133458387 3327425 56669  17140
14.099340794 3137509093 4050706 56674  14308
14.111342623 3140932657 3423564 56669  17382
14.123352862 3144905645 3972988 56682  13511
14.135341924 3148500429 3594784 56669  17464
14.147353444 3152241339 3740910 56669  13683
14.159343176 3155934513 3693174 56680  17969
14.171353895 3159611680 3677167 56672  15326
14.183348564 3163457676 3845996 56678  15802
14.195341927 3166958696 3501020 56678  15347
14.207339892 3170942334 3983638 56667  15477
14.219341608 3174301623 3359289 56669  15897
14.231342425 3178148746 3847123 56677  15364
14.243354270 3181646002 3497256 56685  16175
14.255353923 3185691363 4045361 56677  15088
14.267353555 3189002058 3310695 56692  17088
14.279342381 3193056432 4054374 56685  14205
14.291342240 3196481398 3424966 56658  17670
14.303352586 3200445243 3963845 56668  13281
14.315342798 3203994991 3549748 56679  17600
14.327354331 3207782092 3787101 56674  13627
14.339342860 3211479866 3697774 56677  17773
14.351367326 3215136424 3656558 56668  15268
14.363353871 3218960332 3823908 56681  16195
14.375342284 3222490723 3530391 56670  15245
14.387356393 3226475102 3984379 56669  15413
14.399342102 3229838013 3362911 56679  15915
14.411343722 3233801702 3963689 56668  15398
14.423340454 3237176723 3375021 56673  16640
14.435342486 3241202853 4026130 56672  14739
14.447352915 3244521769 3318916 56664  16884
14.459354525 3248574289 4052520 56677  13903
14.471341041 3252165596 3591307 56665  17828
14.483355260 3255964635 3799039 56672  13535
14.495342916 3259517498 3552863 56677  17689
14.507363351 3263297228 3779730 56684  13628
14.519354050 3266990925 3693697 56672  17535
14.531341183 3270638052 3647127 56680  14907
14.543353849 3274523456 3885404 56680  16423
14.555341062 3278007964 3484508 56680  15811
14.567343071 3282053373 4045409 56681  15188
14.579355037 3285367259 3313886 56670  16520
14.591342240 3289397212 4029953 56678  14471
14.603340565 3292773323 3376111 56669  18008
14.615342104 3296744689 3971366 56665  13518
14.627342687 3300161201 3416512 56675  17921
14.639353637 3304111147 3949946 56671  12845
14.651341622 3307696900 3585753 56678  17764
14.663363372 3311470397 3773497 56661  13649
14.675340820 3315025000 3554603 56677  17675
14.687340277 3318807129 3782129 56673  14154
14.699352469 3322489240 3682111 56672  17305
14.711341878 3326158178 3668938 56665  14827
14.723354648 3329970676 3812498 56663  16034
14.735355407 3333534553 3563877 56677  16209
14.747343536 3337572584 4038031 56677  15082
14.759342399 3340889479 3316895 56660  16731
14.771353185 3344946109 4056630 56679  14347
14.783354784 3348506677 3560568 56667  17912
14.795354217 3352322539 3815862 56686  13401
14.807342979 3355915079 3592540 56666  17940
14.819349385 3359664473 3749394 56670  13316
14.831343151 3363342059 3677586 56685  17598
14.843341107 3367023459 3681400 56672  14513
14.855353336 3370913493 3890034 56667  16433
14.867341922 3374392904 3479411 56683  16350
14.879355761 3378433233 4040329 56666  15201
14.891340214 3381751126 3317893 56676  17271
14.903342460 3385800186 4049060 56675  13589
14.915352779 3389258791 3458605 56670  17702
14.927341318 3393177999 3919208 56664  13487
14.939340920 3396664953 3486954 56671  17799
14.951342713 3400522919 3857966 56678  14122
14.963342922 3404184646 3661727 56677  17191
14.975354318 3407862343 3677697 56671  14521
14.987350088 3411568037 3705694 56671  16999
14.999348855 3415232927 3664890 56668  16384
15.011352783 3419107103 3874176 56672  15912
15.023353682 3422554907 3447804 56674  15878
15.035343287 3426494611 3939704 56684  16063
15.047342651 3429906139 3411528 56675  16837
15.059341206 3433868683 3962544 56676  15377
15.071342579 3437236602 3367919 56672  16949
15.083354135 3441263999 4027397 56685  14755
15.095354244 3444639308 3375309 56668  17952
15.107353027 3448630750 3991442 56669  13279
15.119353462 3451994273 3363523 56673  17855
15.131341421 3456001532 4007259 56664  13994
15.143352385 3459560629 3559097 56666  17838
15.155353590 3463331633 3771004 56678  13371
15.167352173 3466959102 3627469 56670  17524
15.179341718 3470696736 3737634 56669  14818
15.191339948 3474386777 3690041 56668  16384
15.203342367 3478030490 3643713 56678  15253
15.215342396 3481978349 3947859 56680  16333
15.227354069 3485381320 3402971 56676  15939
15.239340498 3489283821 3902501 56674  14958
15.251342961 3492706652 3422831 56668  15986
15.263340840 3496740572 4033920 56673  15151
15.275340432 3500071291 3330719 56676  17031
15.287341305 3504097691 4026400 56673  13908
15.299367998 3507478562 3380871 56668  17849
15.311358207 3511483822 4005260 56670  13582
15.323341826 3515028635 3544813 56691  17825
15.335344018 3518811653 3783018 56666  13899
15.347353642 3522469920 3658267 56678  17158
15.359340202 3526179017 3709097 56675  15659
15.371352616 3529869219 3690202 56668  16526
15.383347189 3533498566 3629347 56673  15532
15.395350581 3537442830 3944264 56670  16923
15.407338404 3540849460 3406630 56670  16425
15.419340610 3544881333 4031873 56682  15371
15.431353776 3548207296 3325963 56670  17259
15.443352142 3552258742 4051446 56672  14269
15.455351971 3555761155 3502413 56671  17955
15.467341744 3559611917 3850762 56674  13578
15.479354139 3563208139 3596222 56671  18059
15.491354769 3566947544 3739405 56667  13674
15.503342228 3570593939 3646395 56666  17310
15.515342457 3574289900 3695961 56674  14789
15.527340643 3578106019 3816119 56674  16364
15.539352223 3581655609 3549590 56683  16044
15.551342349 3585581020 3925411 56665  14948
15.563342334 3588976010 3394990 56670  15979
15.575354471 3593016504 4040494 56663  15415
15.587353293 3596322855 3306351 56665  17037
15.599340879 3600359964 4037109 56676  14283
15.611340859 3603726584 3366620 56675  17294
15.623348681 3607745785 4019201 56665  13358
15.635343057 3611309700 3563915 56671  17461
15.647342800 3615064725 3755025 56669  13616
15.659342773 3618725513 3660788 56670  17982
15.671353208 3622425217 3699704 56681  15528
15.683353662 3626295336 3870119 56671  15447
15.695353004 3629753413 3458077 56669  15462
15.707343726 3633798033 4044620 56667  15252
15.719342262 3637112924 3314891 56667  16910
15.731353975 3641118681 4005757 56681  14182
15.743343034 3644450863 3332182 56671  17666
15.755340801 3648475015 4024152 56672  13417
15.767353120 3651857504 3382489 56663  17666
15.779362883 3655834737 3977233 56665  13427
15.791341665 3659490565 3655828 56677  17572
15.803354241 3663185076 3694511 56673  14727
15.815360831 3666841537 3656461 56672  15972
15.827353667 3670512138 3670601 56676  15279
15.839341553 3674445622 3933484 56678  16065
15.851342138 3677833663 3388041 56681  15730
15.863340951 3681769078 3935415 56664  15592
15.875353597 3685159315 3390237 56664  15345
15.887353823 3689199323 4040008 56668  15083
15.899341152 3692506528 3307205 56664  16436
15.911354059 3696528911 4022383 56674  14648
15.923352848 3699906805 3377894 56676  18068
15.935351701 3703878264 3971459 56676  13251
15.947340800 3707300943 3422679 56658  17717
15.959341862 3711241016 3940073 56675  12949
15.971342549 3714903068 3662052 56672  17721
15.983342748 3718590541 3687473 56676  14951
15.995343310 3722241279 3650738 56660  16176
16.007354256 3725930217 3688938 56676  15608
16.019354876 3729890035 3959818 56673  15522
16.031353562 3733243023 3352988 56672  15778
16.043336357 3737280436 4037413 56672  15423
16.055340341 3740596203 3315767 56670  16549
16.067351983 3744645376 4049173 56672  14262
16.079342562 3747956703 3311327 56664  17500
16.091357889 3751968308 4011605 56675  13413
16.103354208 3755511982 3543674 56678  18035
16.115341203 3759307762 3795780 56670  13413
16.127355660 3762889687 3581925 56678  17849
16.139353596 3766640125 3750438 56669  12991
16.151356521 3770299850 3659725 56669  17539
16.163353408 3773975493 3675643 56677  14470
16.175354290 3777622394 3646901 56663  16636
16.187354689 3781311808 3689414 56667  15723
16.199353286 3785169884 3858076 56676  15533
16.211356565 3788632500 3462616 56685  15567
16.223357578 3792615142 3982642 56670  15075
16.235343793 3795968265 3353123 56669  16247
16.247354653 3800000718 4032453 56676  14796
16.259361659 3803301961 3301243 56670  16795
16.271342362 3807343823 4041862 56679  14069
16.283352914 3810902816 3558993 56673  17786
16.295341293 3814684702 3781886 56671  13271
16.307341176 3818245045 3560343 56682  17773
16.319344249 3822012101 3767056 56674  12958
16.331340505 3825658512 3646411 56670  17625
16.343353771 3829335915 3677403 56662  13568
16.355341144 3833006317 3670402 56674  17199
16.367340443 3836687014 3680697 56675  15796
16.379340922 3840547442 3860428 56672  15566
16.391342198 3843998539 3451097 56677  15916
16.403352784 3848017217 4018678 56662  14681
16.415367004 3851358745 3341528 56675  16837
16.427341986 3855377841 4019096 56678  14134
16.439353915 3858688975 3311134 56666  17527
16.451340731 3862707981 4019006 56684  13865
16.463352534 3866257450 3549469 56664  17468
16.475354743 3870048497 3791047 56665  13101
16.487353079 3873665593 3617096 56668  17480
16.499354212 3877382632 3717039 56663  14565
16.511344601 3881054500 3671868 56667  16391
16.523355155 3884700674 3646174 56677  14516
16.535354357 3888575986 3875312 56671  16389
16.547354116 3892047511 3471525 56676  16005
16.559354243 3895923478 3875967 56667  15081
16.571357548 3899356516 3433038 56666  16203
16.583355368 3903377541 4021025 56677  14644
16.595354311 3906710386 3332845 56658  17127
16.607343113 3910725634 4015248 56667  13571
16.619353353 3914064876 3339242 56667  17693
16.631343115 3918091246 4026370 56677  13834
16.643341435 3921718958 3627712 56662  17616
16.655342931 3925414043 3695085 56661  14699
16.667340723 3929116651 3702608 56670  15770
16.679352680 3932762020 3645369 56694  15503
16.691340446 3936697266 3935246 56661  15393
16.703341046 3940068443 3371177 56668  15632
16.715341895 3944033325 3964882 56669  15668
16.727341237 3947395957 3362632 56669  16321
16.739350207 3951387266 3991309 56670  14328
16.751340243 3954713736 3326470 56666  16660
16.763339879 3958739487 4025751 56683  14194
16.775342872 3962113665 3374178 56668  17565
16.787340778 3966059794 3946129 56664  13084
16.799355197 3969626558 3566764 56666  17719
16.811353300 3973412408 3785850 56668  13608
16.823345003 3977028275 3615867 56672  17392
16.835342835 3980736431 3708156 56666  15037
16.847340929 3984583595 3847164 56678  15698
16.859342538 3988086533 3502938 56673  15864
16.871353120 3992038881 3952348 56682  14858
16.883342863 3995384419 3345538 56672  15885
16.895363643 3999404727 4020308 56672  15657
16.907353989 4002711258 3306531 56663  16743
16.919341911 4006717176 4005918 56669  14247
16.931354218 4010045133 3327957 56670  17382
16.943354984 4014104808 4059675 56670  13293
16.955340549 4017595527 3490719 56676  17800
16.967340156 4021380687 3785160 56667  13419
16.979342212 4024990217 3609530 56680  17972
16.991355522 4028715072 3724855 56666  14103
17.003353271 4032350208 3635136 56685  16681
17.015341480 4036034429 3684221 56676  14894
17.027354256 4039777967 3743538 56668  16178
17.039352995 4043370737 3592770 56673  15679
17.051350845 4047237499 3866762 56667  14945
17.063341271 4050675269 3437770 56677  15910
17.075343353 4054694348 4019079 56676  15271
17.087354973 4057996555 3302207 56659  16771
17.099351826 4062016951 4020396 56675  14484
17.111342462 4065343109 3326158 56670  17197
17.123340648 4069407915 4064806 56674  13230
17.135424919 4072946926 3539011 56671  17495
17.147351820 4076722959 3776033 56672  13434
17.159342139 4080382759 3659800 56676  17992
17.171340279 4084061244 3678485 56672  14803
17.183354302 4087781765 3720521 56668  16022
17.195342174 4091400426 3618661 56681  15285
17.207347787 4095390016 3989590 56677  15291
17.219353573 4098731956 3341940 56668  16050
17.231354283 4102689697 3957741 56666  14978
17.243343355 4106052578 3362881 56675  16126
17.255340795 4110055321 4002743 56669  14742
17.267354951 4113369246 3313925 56671  16525
17.279355751 4117399279 4030033 56672  14568
17.291353030 4120716870 3317591 56670  17161
17.303352362 4124753798 4036928 56671  13520
17.315341236 4128072400 3318602 56663  17415
17.327342958 4132067348 3994948 56675  13281
17.339341938 4135661262 3593914 56665  17843
17.351341647 4139416767 3755505 56666  13399
17.363355296 4143086540 3669773 56669  17792
17.375360919 4146768823 3682283 56666  14558
17.387341892 4150736228 3967405 56671  15813
17.399340721 4154106616 3370388 56657  15591
17.411356541 4158018097 3911481 56671  15380
17.423353417 4161429824 3411727 56666  16500
17.435343263 4165454268 4024444 56671  14664
17.447340545 4168755206 3300938 56668  16760
17.459341085 4172788244 4033038 56671  13817
17.471353008 4176229840 3441596 56669  17676
17.483353191 4180161673 3931833 56668  13248
17.495355490 4183663049 3501376 56659  17666
17.507341386 4187480936 3817887 56677  13456
17.519345616 4191173296 3692360 56667  17493
17.531349496 4194802540 3629244 56668  14758
17.543341418 4198708536 3905996 56670  16272
17.555342594 4202154634 3446098 56673  15677
17.567355490 4206195422 4040788 56671  15022
17.579340433 4209496206 3300784 56669  16471
17.591342723 4213515587 4019381 56666  14242
17.603341182 4216888906 3373319 56661  17912
17.615354672 4220837104 3948198 56678  13437
17.627352928 4224249227 3412123 56671  17804
17.639341151 4228162391 3913164 56684  12722
17.651353627 4231752123 3589732 56672  17540
17.663343003 4235501670 3749547 56664  13366
17.675354403 4239003546 3501876 56665  17587
17.687350459 4242820337 3816791 56664  13992
17.699354019 4246495351 3675014 56682  17172
17.711352374 4250141971 3646620 56674  14555
17.723346697 4253981307 3839336 56668  15971
17.735354893 4257499819 3518512 56668  16102
17.747353513 4261514393 4014574 56676  14820
17.759354446 4264820698 3306305 56679  16337
17.771355612 4268850523 4029825 56670  14359
17.783340965 4272235334 3384811 56665  17680
17.795340601 4276170705 3935371 56668  13255
17.807352980 4279717599 3546894 56671  17748
17.819342916 4283527288 3809689 56674  12945
17.831355943 4287206791 3679503 56675  17624
17.843351359 4290859143 3652352 56675  14107
17.855356322 4294552392 3693249 56661  16436
17.867341971 4298206948 3654556 56686  16193
17.879341284 4302217374 4010426 56671  14969
17.891354667 4305527867 3310493 56672  16802
17.903343896 4309559757 4031890 56667  13597
17.915341212 4312972198 3412441 56669  17524
17.927341829 4316911486 3939288 56665  13262
17.939343472 4320324813 3413327 56684  17576
17.951353164 4324240299 3915486 56666  14015
17.963352658 4327888121 3647822 56679  16983
17.975340933 4331556658 3668537 56668  14549
17.987354543 4335377265 3820607 56662  15918
17.999341259 4338907412 3530147 56675  16117
18.011359872 4342927426 4020014 56671  14848
18.023344328 4346227882 3300456 56680  16433
18.035354288 4350250206 4022324 56674  14257
18.047354157 4353597987 3347781 56668  17675
18.059413754 4357557598 3959611 56677  13262
18.071354889 4361068618 3511020 56682  17681
18.083352623 4364922247 3853629 56666  13013
18.095341462 4368606224 3683977 56669  17605
18.107340561 4372252552 3646328 56680  14256
18.119340271 4375954676 3702124 56676  16266
18.131340300 4379590602 3635926 56685  16189
18.143355173 4383530578 3939976 56667  14979
18.155340069 4386885389 3354811 56669  16063
18.167362829 4390904931 4019542 56674  14381
18.179353695 4394232386 3327455 56664  16977
18.191341784 4398244263 4011877 56674  13899
18.203340323 4401552239 3307976 56671  17583
18.215340373 4405574111 4021872 56666  13602
18.227342213 4409129608 3555497 56672  17383
18.239340066 4412890249 3760641 56676  13027
18.251344005 4416539435 3649186 56663  17436
18.263352865 4420234887 3695452 56680  15129
18.275353607 4424080859 3845972 56686  15679
18.287353034 4427544662 3463803 56676  15190
18.299353309 4431495772 3951110 56674  15426
18.311340513 4434864169 3368397 56657  16043
18.323363643 4438790146 3925977 56673  14734
18.335342308 4442159066 3368920 56666  16206
18.347341195 4446167072 4008006 56671  14459
18.359355754 4449501892 3334820 56669  17099
18.371341977 4453504623 4002731 56672  13408
18.383353436 4456840546 3335923 56680  17578
18.395342255 4460867742 4027196 56666  13689
18.407354119 4464490707 3622965 56669  17453
18.419355004 4468170527 3679820 56665  14244
18.431341844 4471883679 3713152 56666  16131
18.443339337 4475533025 3649346 56682  15697
18.455340900 4479443880 3910855 56670  15088
18.467340752 4482821418 3377538 56667  15399
18.479361472 4486840927 4019509 56663  15687
18.491342582 4490171356 3330429 56671  17073
18.503352741 4494173878 4002522 56679  13336
18.515353918 4497644624 3470746 56675  17328
18.527353094 4501539649 3895025 56667  13594
18.539353584 4505183321 3643672 56668  17225
18.551341153 4508842410 3659089 56677  13777
18.563354106 4512537548 3695138 56671  16754
18.575341636 4516188496 3650948 56674  15856
18.587341585 4520126127 3937631 56666  14994
18.599352685 4523488771 3362644 56674  16117
18.611354597 4527425889 3937118 56669  14488
18.623352434 4530804986 3379097 56672  16168
18.635354417 4534752141 3947155 56672  14170
18.647349316 4538088371 3336230 56680  15913
18.659354920 4542112708 4024337 56679  15284
18.671341235 4545453113 3340405 56670  17478
18.683341009 4549432155 3979042 56665  13186
18.695341198 4552956157 3524002 56665  17191
18.707353441 4556792600 3836443 56670  13640
18.719352671 4560423760 3631160 56678  17010
18.731340950 4564088092 3664332 56670  13799
18.743354373 4567763606 3675514 56675  17103
18.755354006 4571404287 3640681 56674  14848
18.767342062 4575241342 3837055 56674  15598
18.779341045 4578722616 3481274 56675  15730
18.791340505 4582738145 4015529 56677  14943
18.803347908 4586052735 3314590 56673  16742
18.815353797 4590046990 3994255 56678  13601
18.827342510 4593413194 3366204 56666  17527
18.839354570 4597415783 4002589 56670  13416
18.851354066 4600987140 3571357 56671  17418
18.863342225 4604706849 3719709 56667  13761
18.875342032 4608370467 3663618 56683  16768
18.887340858 4612061158 3690691 56670  15451
18.899353071 4615870805 3809647 56663  14837
18.911340931 4619355062 3484257 56677  15804
18.923341213 4623375009 4019947 56674  15368
18.935355943 4626684400 3309391 56663  17047
18.947352690 4630692132 4007732 56684  13403
18.959361199 4634208107 3515975 56675  17162
18.971353692 4638048651 3840544 56673  13428
18.983343139 4641681928 3633277 56681  17239
18.995354691 4645348733 3666805 56666  14302
19.007342920 4649160077 3811344 56666  16643
19.019347023 4652679443 3519366 56668  15485
19.031353400 4656622714 3943271 56666  14858
19.043352863 4659979143 3356429 56674  15988
19.055353652 4664001267 4022124 56667  14743
19.067340956 4667366437 3365170 56665  17337
19.079354911 4671313696 3947259 56660  12924
19.091353448 4674751700 3438004 56680  17555
19.103339904 4678658295 3906595 56665  13489
19.115350047 4682241876 3583581 56668  17269
19.127342800 4685946922 3705046 56674  13936
19.139340636 4689619892 3672970 56685  16546
19.151355389 4693286816 3666924 56666  15206
19.163340668 4697099159 3812343 56679  15070
19.175354212 4700582316 3483157 56679  15606
19.187351592 4704592156 4009840 56678  15537
19.199342434 4707897448 3305292 56669  16540
19.211341064 4711889005 3991557 56682  13973
19.223340493 4715211709 3322704 56669  17063
19.235355933 4719239156 4027447 56670  13192
19.247342645 4722742919 3503763 56680  17459
19.259343369 4726508929 3766010 56670  13196
19.271354585 4730121715 3612786 56677  17710
19.283361644 4733839130 3717415 56663  13383
19.295354344 4737458391 3619261 56667  16982
19.307351837 4741152434 3694043 56672  14837
19.319343937 4745045586 3893152 56676  15844
19.331353947 4748472649 3427063 56672  15744
19.343347412 4752310015 3837366 56657  14625
19.355341432 4755757674 3447659 56674  15719
19.367361296 4759773603 4015929 56677  15221
19.379354038 4763066894 3293291 56676  16888
19.391340847 4767087655 4020761 56677  14190
19.403353494 4770475725 3388070 56668  17157
19.415353644 4774433345 3957620 56672  13308
19.427355223 4778014312 3580967 56678  17089
19.439349976 4781716245 3701933 56670  13670
19.451343562 4785402757 3686512 56668  17568
19.463342648 4789043382 3640625 56672  15409
19.475341205 4792898263 3854881 56674  15105
19.487341587 4796329935 3431672 56674  15310
19.499343354 4800358297 4028362 56682  15025
19.511354537 4803651840 3293543 56680  16584
19.523355723 4807643367 3991527 56675  13908
19.535343606 4811021825 3378458 56667  17500
19.547339832 4814995212 3973387 56662  13075
19.559340262 4818496341 3501129 56674  17464
19.571340579 4822290580 3794239 56674  13626
19.583341584 4825966952 3676372 56669  16949
19.595362132 4829632110 3665158 56668  15238
19.607342764 4833400502 3768392 56663  14909
19.619341517 4836931690 3531188 56675  15675
19.631354927 4840955316 4023626 56669  15096
19.643341083 4844259503 3304187 56675  17188
19.655341167 4848274856 4015353 56674  13612
19.667354756 4851846074 3571218 56673  17102
19.679354809 4855622364 3776290 56679  13463
19.691352992 4859242523 3620159 56668  16697
19.703342745 4862917178 3674655 56673  14240
19.715354145 4866809791 3892613 56671  16776
19.727341267 4870239737 3429946 56673  15471
19.739353180 4874153095 3913358 56666  14947
19.751362764 4877531705 3378610 56667  15392
19.763342079 4881553873 4022168 56672  14823
19.775354434 4884871451 3317578 56663  17077
19.787354519 4888868628 3997177 56677  13335
19.799341386 4892383808 3515180 56674  17474
19.811353108 4896207647 3823839 56674  13221
19.823354275 4899839578 3631931 56670  17111
19.835343678 4903522586 3683008 56670  14799
19.847341531 4907394993 3872407 56663  15783
19.859341194 4910843633 3448640 56672  15576
19.871354554 4914677356 3833723 56659  14538
19.883341560 4918129413 3452057 56676  15678
19.895352283 4922145337 4015924 56681  15040
19.907342986 4925438717 3293380 56673  16826
19.919348616 4929457744 4019027 56669  14079
19.931354409 4932898282 3440538 56678  16965
19.943341015 4936804349 3906067 56673  13429
19.955343578 4940421028 3616679 56663  16696
19.967353644 4944090554 3669526 56673  14030
19.979341334 4947881826 3791272 56674  17019
19.991343400 4951413033 3531207 56668  15398
20.003341130 4955296243 3883210 56674  14960
20.015353340 4958698016 3401773 56678  15288
20.027341639 4962720970 4022954 56673  14928
20.039354676 4966017829 3296859 56675  16543
20.051354702 4970007786 3989957 56683  13943
20.063341231 4973423368 3415582 56681  17442
20.075355761 4977360024 3936656 56671  13032
20.087342295 4980880816 3520792 56675  17426
20.099342978 4984647046 3766230 56666  13527
20.111353837 4988289929 3642883 56673  17045
20.123341950 4991964985 3675056 56667  14669
20.135342753 4995617361 3652376 56672  15323
20.147352176 4999248492 3631131 56671  15060
20.159342939 5003168775 3920283 56669  15649
20.171353166 5006530995 3362220 56671  15426
20.183342522 5010465082 3934087 56669  15272
20.195354505 5013822830 3357748 56673  15236
20.207343011 5017858233 4035403 56680  14656
20.219342244 5021143610 3285377 56658  16501
20.231362027 5025153280 4009670 56678  13911
20.243353567 5028655831 3502551 56670  17736
20.255353803 5032478639 3822808 56674  12865
20.267355473 5036015410 3536771 56672  17447
20.279342813 5039761063 3745653 56682  12682
20.291355115 5043460882 3699819 56676  17351
20.303353545 5047089327 3628445 56675  15189
20.315341669 5050898490 3809163 56666  15332
20.327340894 5054385795 3487305 56673  15747
20.339340954 5058385260 3999465 56676  14642
20.351354821 5061672021 3286761 56669  16383
20.363341394 5065698830 4026809 56679  14274
20.375344607 5069124550 3425720 56674  17206
20.387340503 5073037503 3912953 56666  13091
20.399364420 5076574353 3536850 56674  17041
20.411353489 5080313947 3739594 56662  13187
20.423342036 5083983089 3669142 56677  17533
20.435342868 5087626401 3643312 56678  15311
20.447354025 5091581401 3955000 56670  15467
20.459341675 5094922641 3341240 56670  15345
20.471352540 5098947032 4024391 56675  14582
20.483341144 5102233153 3286121 56670  16533
20.495352867 5106226857 3993704 56664  13941
20.507353870 5109617464 3390607 56677  17706
20.519342746 5113522216 3904752 56673  12994
20.531340789 5116911486 3389270 56663  17490
20.543353739 5120840080 3928594 56672  12714
20.555359813 5124488142 3648062 56687  17488
20.567360289 5128166675 3678533 56678  15238
20.579354948 5131968075 3801400 56670  15287
20.591342672 5135457786 3489711 56673  15737
20.603340791 5139460307 4002521 56669  14631
20.615357098 5142740750 3280443 56666  16492
20.627353477 5146758683 4017933 56665  14193
20.639342977 5150157685 3399002 56671  17222
20.651340157 5154092964 3935279 56673  12965
20.663353290 5157572548 3479584 56679  17076
20.675353040 5161366321 3793773 56678  12980
20.687342796 5165020290 3653969 56680  17638
20.699352210 5168659397 3639107 56672  14828
20.711351869 5172511523 3852126 56662  15889
20.723343435 5175957711 3446188 56677  14977
20.735341375 5179986966 4029255 56681  14871
20.747341302 5183272098 3285132 56665  16434
20.759353442 5187267878 3995780 56678  13926
20.771355568 5190693430 3425552 56666  17644
20.783354904 5194594495 3901065 56673  12891
20.795352814 5198117930 3523435 56680  17392
20.807353731 5201874040 3756110 56666  12744
20.819352490 5205570320 3696280 56683  17306
20.831341737 5209198231 3627911 56667  15215
20.843342543 5213015983 3817752 56664  15218
20.855354060 5216488610 3472627 56681  15731
20.867349680 5220494259 4005649 56670  14512
20.879341362 5223777549 3283290 56673  16733
20.891341236 5227798857 4021308 56668  13824
20.903353409 5231203737 3404880 56675  17159
20.915355419 5235123123 3919386 56680  12984
20.927342355 5238618519 3495396 56674  17087
20.939340828 5242397948 3779429 56675  13204
20.951340991 5246064101 3666153 56680  17370
20.963342860 5249700695 3636594 56671  15091
20.975355178 5253609303 3908608 56672  15510
20.987341374 5256985932 3376629 56682  14967
20.999353107 5261009457 4023525 56680  14899
21.011352586 5264295888 3286431 56659  16289
21.023341316 5268287576 3991688 56692  14098
21.035363229 5271691894 3404318 56682  17606
21.047355249 5275606329 3914435 56674  12890
21.059352863 5279071960 3465631 56668  17422
21.071342195 5282894710 3822750 56668  12650
21.083341118 5286585584 3690874 56676  17352
21.095354312 5290209818 3624234 56663  14984
21.107343722 5293986884 3777066 56668  15396
21.119353795 5297505175 3518291 56664  15887
21.131355271 5301502726 3997551 56671  14474
21.143354767 5304783216 3280490 56668  16562
21.155352254 5308806369 4023153 56675  14062
21.167339120 5312238958 3432589 56673  17181
21.179354203 5316129914 3890956 56671  13203
21.191360996 5319670516 3540602 56676  16871
21.203340220 5323395032 3724516 56671  13172
21.215342489 5327044414 3649382 56672  17495
21.227340065 5330680112 3635698 56667  14842
21.239352695 5334516090 3835978 56667  15890
21.251342559 5337974667 3458577 56669  14948
21.263354468 5341987806 4013139 56678  14863
21.275356075 5345273239 3285433 56674  16134
21.287341381 5349263028 3989789 56679  14305
21.299342144 5352660268 3397240 56668  17598
21.311340917 5356596116 3935848 56672  12886
21.323351783 5360082547 3486431 56671  17404
21.335341143 5363868247 3785700 56673  12795
21.347349957 5367551642 3683395 56672  17250
21.359354317 5371184777 3633135 56680  15241
21.371354982 5375007935 3823158 56679  15193
21.383353969 5378468550 3460615 56678  15909
21.395354136 5382462756 3994206 56675  14391
21.407355159 5385745653 3282897 56673  16769
21.419354769 5389760201 4014548 56671  13884
21.431342065 5393258255 3498054 56663  17169
21.443343191 5397080301 3822046 56667  13099
21.455354585 5400606979 3526678 56669  16922
21.467342624 5404344571 3737592 56677  13222
21.479355580 5408013847 3669276 56681  17294
21.491341194 5411633827 3619980 56674  15024
21.503362300 5415558687 3924860 56671  15607
21.515352604 5418923726 3365039 56671  15152
21.527341166 5422942048 4018322 56687  14584
21.539341213 5426225448 3283400 56669  16547
21.551353734 5430216938 3991490 56677  13844
21.563342103 5433645237 3428299 56690  17611
21.575341056 5437533484 3888247 56677  12890
21.587341263 5441082523 3549039 56669  17340
21.599342036 5444799931 3717408 56675  12868
21.611355409 5448474201 3674270 56667  17142
21.623341718 5452108265 3634064 56679  15020
21.635353799 5455829568 3721303 56661  15291
21.647341175 5459388730 3559162 56677  15722
21.659360445 5463386057 3997327 56680  14495
21.671342572 5466667450 3281393 56666  16759
21.683340758 5470680528 4013078 56660  13770
21.695353697 5474156673 3476145 56667  17165
21.707351954 5477994574 3837901 56682  13042
21.719342864 5481522356 3527782 56674  16981
21.731351607 5485256222 3733866 56661  13332
21.743353647 5488923415 3667193 56679  17271
21.755353264 5492551634 3628219 56682  15264
21.767340424 5496486860 3935226 56676  15364
21.779342753 5499824099 3337239 56665  15166
21.791354313 5503845733 4021634 56671  14633
21.803343323 5507122744 3277011 56675  16492
21.815355093 5511117497 3994753 56679  13774
21.827348346 5514623583 3506086 56672  17620
21.839354523 5518421695 3798112 56678  12901
21.851354610 5521945915 3524220 56683  17362
21.863343265 5525682313 3736398 56666  12857
21.875340035 5529359938 3677625 56675  17209
21.887353919 5532991102 3631164 56674  15311
21.899342922 5536792845 3801743 56672  15075
21.911340965 5540257467 3464622 56676  15653
21.923340768 5544248341 3990874 56663  14561
21.935353769 5547527886 3279545 56674  16613
21.947354251 5551538109 4010223 56669  13838
21.959340951 5555010467 3472358 56662  17175
21.971354534 5558846583 3836116 56675  13020
21.983362558 5562355542 3508959 56672  16864
21.995353821 5566097486 3741944 56669  13066
22.007342487 5569775150 3677664 56683  17410
22.019343203 5573398390 3623240 56667  14819
22.031353047 5577302113 3903723 56675  15750
22.043354440 5580728035 3425922 56679  15119
22.055339683 5584760856 4032821 56672  14653
22.067355750 5588063685 3302829 56670  16504
22.079352749 5592081503 4017818 56669  13824
22.091354736 5595620921 3539418 56678  17618
22.103354963 5599450257 3829336 56675  12945
22.115341102 5603079588 3629331 56679  17203
22.127354032 5606773016 3693428 56658  13870
22.139349246 5610723952 3950936 56673  16148
22.151353922 5614116822 3392870 56677  15498
22.163340752 5617962141 3845319 56670  14887
22.175353495 5621435308 3473167 56679  15845
22.187341841 5625462168 4026860 56679  14346
22.199341765 5628760884 3298716 56664  16643
22.211341558 5632791931 4031047 56677  13888
22.223355001 5636321799 3529868 56670  17156
22.235342121 5640148885 3827086 56681  13082
22.247340487 5643727292 3578407 56675  16785
22.259342204 5647452955 3725663 56665  13165
22.271342514 5651150501 3697546 56668  17214
22.283354814 5654791043 3640542 56668  14949
22.295342280 5658713298 3922255 56670  15559
22.307363404 5662113012 3399714 56681  14995
22.319340547 5666150465 4037453 56677  14741
22.331351390 5669456428 3305963 56666  16564
22.343341936 5673472096 4015668 56676  13704
22.355355463 5676922081 3449985 56667  17587
22.367355929 5680830515 3908434 56676  12821
22.379353816 5684389747 3559232 56680  17344
22.391342959 5688132794 3743047 56672  12691
22.403353703 5691841393 3708599 56672  17210
22.415352199 5695481029 3639636 56672  15136
22.427353258 5699263237 3782208 56666  15088
22.439352128 5702799761 3536524 56674  15658
22.451346188 5706827012 4027251 56683  14430
22.463363315 5710132909 3305897 56670  16866
22.475341364 5714154968 4022059 56672  13583
22.487336291 5717597455 3442487 56660  17108
22.499341337 5721502884 3905429 56671  13000
22.511352578 5725048135 3545251 56681  16889
22.523342017 5728803679 3755544 56671  13190
22.535345261 5732517095 3713416 56669  17239
22.547342447 5736140216 3623121 56675  15049
22.559354921 5740085634 3945418 56676  15549
22.571342897 5743458061 3372427 56664  15150
22.583340597 5747493388 4035327 56679  14620
22.595341727 5750792818 3299430 56673  16408
22.607342001 5754807631 4014813 56671  13793
22.619363077 5758334492 3526861 56666  17539
22.631342104 5762164975 3830483 56673  12926
22.643351610 5765738291 3573316 56673  17238
22.655343030 5769462900 3724609 56673  12811
22.667351827 5773163682 3700782 56669  17102
22.679344543 5776806468 3642786 56679  15162
22.691354357 5780584797 3778329 56660  15029
22.703353967 5784122253 3537456 56670  15727
22.715355234 5788144158 4021905 56672  14388
22.727342290 5791441538 3297380 56668  16537
22.739355083 5795468308 4026770 56668  13846
22.751352373 5798976660 3508352 56670  17083
22.763351193 5802817722 3841062 56678  13150
22.775362106 5806420442 3602720 56673  16689
22.787343776 5810113209 3692767 56674  13190
22.799354083 5813789115 3675906 56672  17184
22.811342906 5817435768 3646653 56677  14740
22.823353470 5821322191 3886423 56670  15777
22.835341975 5824759015 3436824 56667  15137
22.847352829 5828795732 4036717 56665  14597
22.859343005 5832089402 3293670 56666  16460
22.871340962 5836105864 4016462 56673  13755
22.883340549 5839672087 3566223 56670  17578
22.895352342 5843454837 3782750 56671  12843
22.907340389 5847027781 3572944 56686  17241
22.919340292 5850748833 3721052 56684  12992
22.931343669 5854447519 3698686 56674  17025
22.943347439 5858086995 3639476 56666  15134
22.955354019 5861863126 3776131 56679  15029
22.967353802 5865398289 3535163 56683  15811
22.979354379 5869418673 4020384 56682  14302
22.991340812 5872716497 3297824 56674  16724
23.003353319 5876735663 4019166 56672  13775
23.015340002 5880189931 3454268 56677  17074
23.027353505 5884078819 3888888 56680  12978
23.039353878 5887631517 3552698 56670  16834
23.051354444 5891371394 3739877 56667  13160
23.063342368 5895062988 3691594 56671  17175
23.075353178 5898689737 3626749 56661  14723
23.087352814 5902611681 3921944 56664  15719
23.099361361 5906004287 3392606 56663  14944
23.111354838 5910033595 4029308 56693  14663
23.123342678 5913330833 3297238 56662  16331
23.135356251 5917338677 4007844 56670  13774
23.147343061 5920787865 3449188 56677  17468
23.159355041 5924686598 3898733 56674  12746
23.171340181 5928258164 3571566 56671  17254
23.183353598 5931979297 3721133 56668  12653
23.195341254 5935663712 3684415 56668  17139
23.207341398 5939314623 3650911 56662  14947
23.219342694 5943076520 3761897 56664  15176
23.231353654 5946628741 3552221 56675  15605
23.243342083 5950648367 4019626 56665  14304
23.255348020 5953947655 3299288 56670  16672
23.267342097 5957968751 4021096 56680  13625
23.279353193 5961477958 3509207 56669  17016
23.291354433 5965307112 3829154 56666  12902
23.303342073 5968849460 3542348 56674  16893
23.315355213 5972600686 3751226 56671  13187
23.327341967 5976280631 3679945 56676  17094
23.339354883 5979919462 3638831 56669  14777
23.351341246 5983845975 3926513 56675  15648
23.363340673 5987226319 3380344 56668  14748
23.375355293 5991257274 4030955 56674  14790
23.387352860 5994556075 3298801 56674  16269
23.399342226 5998556370 4000295 56673  13836
23.411348480 6002002538 3446168 56674  17451
23.423354103 6005904599 3902061 56683  12712
23.435352169 6009413832 3509233 56668  17315
23.447343112 6013200082 3786250 56674  12598
23.459342716 6016888622 3688540 56673  17184
23.471355059 6020540027 3651405 56678  15219
23.483341889 6024396990 3856963 56672  14880
23.495346853 6027845697 3448707 56673  15753
23.507340460 6031857744 4012047 56683  14246
23.519352680 6035151563 3293819 56680  16578
23.531353937 6039171975 4020412 56670  13810
23.543355097 6042618140 3446165 56666  17045
23.555342306 6046508198 3890058 56668  12895
23.567353310 6050054614 3546416 56679  16879
23.579350043 6053796730 3742116 56672  13181
23.591342003 6057487417 3690687 56670  17069
23.603343270 6061126491 3639074 56676  15178
23.615341603 6065076805 3950314 56671  15258
23.627351663 6068423968 3347163 56670  15036
23.639341636 6072448621 4024653 56673  14360
23.651352847 6075745904 3297283 56680  16476
23.663343117 6079752466 4006562 56670  13593
23.675351587 6083351949 3599483 56667  17452
23.687342237 6087089195 3737246 56666  12790
23.699340920 6090656327 3567132 56684  17172
23.711353173 6094370587 3714260 56670  12628
23.723353017 6098016680 3646093 56666  17075
23.735351657 6101705269 3688589 56672  15251
23.747355580 6105527512 3822243 56684  14876
23.759352650 6109000376 3472864 56677  15650
23.771356113 6113016482 4016106 56685  14347
23.783339193 6116312018 3295536 56665  16702
23.795342230 6120331001 4018983 56685  13564
23.807354263 6123900336 3569335 56666  16949
23.819342843 6127660639 3760303 56672  13060
23.831353553 6131237151 3576512 56675  16645
23.843340843 6134943341 3706190 56677  13072
23.855354407 6138628074 3684733 56673  17095
23.867352417 6142251829 3623755 56673  14701
23.879343353 6146124970 3873141 56684  15603
23.891347810 6149558458 3433488 56678  14904
23.903355807 6153583135 4024677 56670  14579
23.915341837 6156882611 3299476 56689  16499
23.927341370 6160888822 4006211 56683  13496
23.939340017 6164399215 3510393 56669  17387
23.951355607 6168219592 3820377 56679  12714
23.963353361 6171786242 3566650 56677  17214
23.975343798 6175500540 3714298 56665  12733
23.987354648 6179185563 3685023 56658  16916
23.999340501 6182827439 3641876 56682  15132
24.011352991 6186596137 3768698 56665  14899
24.023343334 6190122276 3526139 56677  15609
24.035343304 6194139050 4016774 56679  14289
24.047360594 6197430922 3291872 56683  16697
24.059354078 6201442517 4011595 56666  13494
24.071339351 6204971036 3528519 56673  16941
24.083356268 6208772031 3800995 56678  13209
24.095353771 6212392630 3620599 56667  16521
24.107356031 6216075397 3682767 56667  14387
24.119340881 6219961028 3885631 56675  15793
24.131341731 6223376478 3415450 56683  15366
24.143355408 6227316786 3940308 56671  14947
24.155344291 6230658804 3342018 56662  15023
24.167353968 6234675280 4016476 56670  14419
24.179340584 6237981508 3306228 56673  16625
24.191354144 6241977836 3996328 56672  13274
24.203352921 6245514017 3536181 56661  17429
24.215349951 6249305573 3791556 56673  12801
24.227343784 6252877826 3572253 56668  17080
24.239353751 6256595134 3717308 56672  13631
24.251343031 6260519023 3923889 56670  15937
24.263340504 6263908768 3389745 56672  15368
24.275343434 6267746887 3838119 56677  14631
24.287354338 6271193101 3446214 56683  15651
24.299355421 6275199785 4006684 56671  14231
24.311341154 6278491795 3292010 56677  16545
24.323353354 6282502081 4010286 56669  13576
24.335341661 6286004904 3502823 56670  16913
24.347352758 6289826939 3822035 56674  12991
24.359341934 6293411185 3584246 56672  16571
24.371350058 6297099419 3688234 56676  13088
24.383353898 6300788728 3689309 56676  17059
24.395354584 6304417695 3628967 56678  15011
24.407342164 6308347088 3929393 56666  15304
24.419353671 6311712253 3365165 56665  15148
24.431353911 6315727405 4015152 56677  14313
24.443351554 6319020073 3292668 56662  16240
24.455342784 6323011648 3991575 56662  13756
24.467341038 6326479542 3467894 56682  17406
24.479354244 6330359026 3879484 56669  12755
24.491341758 6333941073 3582047 56677  17169
24.503353348 6337641157 3700084 56664  13102
24.515352185 6341347110 3705953 56670  16496
24.527361395 6344959300 3612190 56667  15038
24.539354179 6348788076 3828776 56673  14990
24.551341639 6352254747 3466671 56670  15601
24.563343205 6356268999 4014252 56683  14278
24.575354339 6359563997 3294998 56674  16742
24.587341452 6363570964 4006967 56664  13396
24.599340249 6367113775 3542811 56670  16919
24.611341485 6370896218 3782443 56673  13105
24.623353899 6374466141 3569923 56680  16523
24.635355216 6378171172 3705031 56676  13052
24.647341493 6381879444 3708272 56674  17079
24.659353470 6385483015 3603571 56665  14863
24.671341086 6389408256 3925241 56671  15393
24.683360446 6392774269 3366013 56669  14926
24.695344700 6396797652 4023383 56677  14423
24.707342706 6400087149 3289497 56665  16360
24.719355617 6404090550 4003401 56672  13548
24.731355627 6407645289 3554739 56671  17371
24.743343216 6411415827 3770538 56668  12697
24.755353591 6414995800 3579973 56678  17141
24.767353287 6418700127 3704327 56665  13470
24.779354701 6422583379 3883252 56667  16054
24.791340714 6426015430 3432051 56672  15340
24.803342714 6429829042 3813612 56677  14635
24.815354888 6433297172 3468130 56669  15586
24.827341568 6437308747 4011575 56670  14222
24.839351465 6440593668 3284921 56662  16480
24.851348105 6444606560 4012892 56683  13620
24.863355335 6448176702 3570142 56677  16873
24.875354782 6451926182 3749480 56672  13025
24.887342082 6455505296 3579114 56672  16519
24.899343015 6459197515 3692219 56666  13062
24.911352322 6462884571 3687056 56680  17032
24.923353955 6466507841 3623270 56679  14863
24.935342618 6470413150 3905309 56676  15291
24.947342123 6473790938 3377788 56667  14912
24.959353199 6477809345 4018407 56680  14410
24.971353163 6481108634 3299289 56674  16621
24.983340996 6485104517 3995883 56679  13307
24.995353366 6488720086 3615569 56691  17333
25.007362846 6492424330 3704244 56683  12954
25.019353896 6496042868 3618538 56678  16887
25.031343809 6499714238 3671370 56667  13892
25.043343069 6503677218 3962980 56674  15707
25.055353780 6507027685 3350467 56669  15829
25.067343944 6510957830 3930145 56667  14254
25.079341574 6514310686 3352856 56674  16185
25.091356394 6518320788 4010102 56661  13632
25.103353644 6521630930 3310142 56680  16999
25.115342690 6525642582 4011652 56671  13079
25.127352627 6529276922 3634340 56669  16992
25.139339567 6532955306 3678384 56674  14791
25.151340704 6536769879 3814573 56659  14752
25.163348614 6540244926 3475047 56669  15546
25.175341660 6544258497 4013571 56669  14535
25.187340608 6547604284 3345787 56674  17058
25.199354181 6551570527 3966243 56676  13088
25.211342538 6555113631 3543104 56669  16594
25.223343745 6558873894 3760263 56684  13682
25.235341321 6562512342 3638448 56676  15793
25.247354822 6566158323 3645981 56668  14638
25.259341718 6570062643 3904320 56675  15727
25.271341461 6573451033 3388390 56674  15160
25.283353679 6577451879 4000846 56668  14548
25.295354379 6580807416 3355537 56675  16632
25.307342702 6584799973 3992557 56673  12793
25.319361379 6588369182 3569209 56671  16998
25.331356606 6592065593 3696411 56674  12891
25.343342402 6595765949 3700356 56669  17264
25.355353476 6599389183 3623234 56666  14930
25.367342063 6602495395 3106212 51949  16776
25.378355313 6605655969 3160574 56672  20423
25.390354576 6608391086 2735117 56675  14821
25.402355069 6612042451 3651365 56671  14800
25.414341663 6615899797 3857346 56674  15364
25.426352637 6619313967 3414170 56674  15569
25.438341427 6623328751 4014784 56679  15551
25.450343680 6626628458 3299707 56672  17221
25.462341634 6630618605 3990147 56670  13464
25.474352227 6634008798 3390193 56672  17139
25.486361434 6637938131 3929333 56666  13101
25.498341974 6641586651 3648520 56667  16890
25.510341027 6645227194 3640543 56659  14007
25.522341958 6649143026 3915832 56681  15766
25.534354741 6652532407 3389381 56667  15700
25.546355818 6656520303 3987896 56670  14281
25.558342858 6659955018 3434715 56681  17159
25.570353942 6663866532 3911514 56671  12586
25.582352939 6667569331 3702799 56690  17087
25.594341172 6669513411 1944080 56668  32643
25.606341999 6670755720 1242309 56682  44624
25.618355099 6671941897 1186177 56679  45295
25.630355823 6672961071 1019174 56667  44578
25.642350497 6674161920 1200849 56676  46586
25.654343533 6675412789 1250869 56673  45629
25.666354713 6676665812 1253023 56688  45802
25.678342313 6677889048 1223236 56679  46750
25.690341053 6679127635 1238587 56683  46632
25.702355421 6680379644 1252009 56677  46263
25.714342331 6681628944 1249300 56676  45861
25.726341771 6682829434 1200490 56683  46683
25.738343804 6684080486 1251052 56669  46306
25.750342734 6685335060 1254574 56676  46296
25.762355772 6686586768 1251708 56670  46222
25.774353685 6687784032 1197264 56664  46779
25.786342529 6689032774 1248742 56672  46060
25.798350395 6690284173 1251399 56680  46467
25.810355865 6691533698 1249525 56677  45840
25.822343145 6692734473 1200775 56672  47226
25.834345900 6693980667 1246194 56685  45892
25.846355443 6695224832 1244165 56674  46317
25.858354523 6696475284 1250452 56678  45939
25.870343500 6697670231 1194947 56678  46693
25.882355237 6698919868 1249637 56675  46321
25.894355301 6700171068 1251200 56666  46305
25.906354484 6701423390 1252322 56688  45992
25.918343531 6702621180 1197790 56680  46975
25.930343551 6703871624 1250444 56668  46023
25.942340807 6705122110 1250486 56682  46483
25.954353312 6706371299 1249189 56670  45892
25.966361732 6707566874 1195575 56672  47058
25.978341308 6708813556 1246682 56669  45971
25.990354358 6710058923 1245367 56672  46279
26.002355713 6711306952 1248029 56671  46197
26.014341372 6712501842 1194890 56671  46579
26.026342066 6713747658 1245816 56681  46466
26.038353863 6714991585 1243927 56674  45905
26.050343949 6716235853 1244268 56668  46278
26.062343066 6717429490 1193637 56672  46270
26.074342280 6718673563 1244073 56663  44996
26.086354954 6719915150 1241587 56682  43910
26.098352727 6721158135 1242985 56681  42764
26.110341267 6722349449 1191314 56673  44377
26.122350060 6723591573 1242124 56675  42669
26.134343675 6724833293 1241720 56681  43293
26.146353718 6726076335 1243042 56670  43014
26.158342211 6727303009 1226674 56690  42686
26.170342521 6728512464 1209455 56683  43817
26.182353358 6729505470 993006 56669  43233
26.194353068 6730462170 956700 56655  33589
26.206352002 6731702910 1240740 56679  43488
26.218354439 6732890229 1187319 56683  44060
26.230355776 6734128215 1237986 56668  44186
26.242339986 6735367467 1239252 56676  43162
26.254342166 6736311922 944455 56673  43514
26.266353683 6737552853 1240931 56676  42898
26.278348703 6738789953 1237100 56661  43655
26.290342107 6739974978 1185025 56672  43742
26.302353134 6741210939 1235961 56681  43754
26.314354858 6742448434 1237495 56676  42864
26.326354671 6743681047 1232613 56680  43366
26.338342738 6744909886 1228839 56675  42404
26.350353201 6746093603 1183717 56672  43810
26.362341064 6747320965 1227362 56675  42402
26.374343165 6748550899 1229934 56676  42963
26.386341589 6749778451 1227552 56681  42895
26.398354109 6751002925 1224474 56679  42501
26.410354495 6752212466 1209541 56681  42517
26.422342465 6753402641 1190175 56684  42882
26.434362853 6754628104 1225463 56691  42441
26.446353073 6755851066 1222962 56688  42916
26.458351403 6757072620 1221554 56672  41828
26.470341746 6758294170 1221550 56672  42882
26.482355290 6759465305 1171135 56681  42595
26.494341773 6760685126 1219821 56675  42949
26.506342364 6761904364 1219238 56683  42077
26.518342997 6763122631 1218267 56669  42589
26.530352754 6764336961 1214330 56679  42403
26.542342607 6765554394 1217433 56674  42569
26.554354422 6766722686 1168292 56685  42905
26.566354195 6767935391 1212705 56671  42655
26.578343242 6769149511 1214120 56678  42418
26.590341692 6770360891 1211380 56681  42767
26.602350849 6771571719 1210828 56683  41984
26.614342159 6772783801 1212082 56676  42934
26.626342473 6773945444 1161643 56669  42733
26.638354040 6775154264 1208820 56673  43052
26.650342650 6776361433 1207169 56676  42063
26.662343247 6777568195 1206762 56687  42557
26.674353365 6778773398 1205203 56676  42398
26.686354805 6779980787 1207389 56673  42695
26.698340571 6781156727 1175940 56694  42688
26.710340078 6782342374 1185647 56670  42886
26.722353849 6783544174 1201800 56676  42325
26.734344012 6784745765 1201591 56686  42778
26.746354406 6785947480 1201715 56675  42149
26.758363753 6787149450 1201970 56687  42964
26.770353930 6788350105 1200655 56683  42401
26.782353523 6789517902 1167797 56685  43400
26.794355911 6790699642 1181740 56683  42249
26.806354448 6791896778 1197136 56678  42720
26.818354068 6793094066 1197288 56685  42664
26.830354509 6794290135 1196069 56666  42743
26.842342965 6795485640 1195505 56675  42424
26.854353485 6796679095 1193455 56678  42879
26.866352872 6797875309 1196214 56695  42532
26.878353900 6799048086 1172777 56697  43229
26.890342026 6800215733 1167647 56679  42587
26.902354426 6801407186 1191453 56680  42838
26.914348883 6802596860 1189674 56688  42444
26.926343577 6803788798 1191938 56683  43104
26.938340434 6804979089 1190291 56676  42073
26.950342257 6806168971 1189882 56667  43000
26.962341857 6807354925 1185954 56667  42325
26.974342245 6808543345 1188420 56663  42890
26.986340382 6809731305 1187960 56679  42842
26.998343522 6810880808 1149503 56679  43234
27.010354709 6812057125 1176317 56682  43137
27.022354673 6813240425 1183300 56686  42730
27.034341596 6814422143 1181718 56676  42694
27.046355317 6815604049 1181906 56674  42993
27.058353854 6816786933 1182884 56677  42739
27.070351287 6817970373 1183440 56673  43136
27.082355130 6819149262 1178889 56675  42788
27.094355151 6820329912 1180650 56675  43004
27.106342778 6821508108 1178196 56685  43073
27.118353218 6822688965 1180857 56681  42761
27.130355638 6823869790 1180825 56689  43245
27.142355112 6825023415 1153625 56683  43105
27.154355559 6826177957 1154542 56677  43582
27.166352382 6827352899 1174942 56675  42458
27.178342959 6828527455 1174556 56675  43057
27.190342413 6829702796 1175341 56675  43026
27.202353090 6830875413 1172617 56692  43212
27.214355557 6832045962 1170549 56689  42565
27.226341653 6833214023 1168061 56674  43207
27.238360328 6834382005 1167982 56677  42582
27.250342774 6835548273 1166268 56677  43125
27.262342021 6836713908 1165635 56686  42671
27.274344178 6837877268 1163360 56685  43056
27.286341779 6839040684 1163416 56672  42803
27.298344039 6840204028 1163344 56682  43019
27.310341202 6841364536 1160508 56686  42827
27.322355220 6842524050 1159514 56682  43081
27.334343776 6843681943 1157893 56667  43215
27.346341407 6844840682 1158739 56666  42847
27.358342977 6845998400 1157718 56681  43323
27.370341191 6847154932 1156532 56674  43129
27.382342377 6848311833 1156901 56675  43717
27.394349442 6849425473 1113640 56681  42797
27.406343485 6850570935 1145462 56675  43307
27.418352478 6851721839 1150904 56675  42944
27.430355102 6852872849 1151010 56673  43228
27.442342476 6854024274 1151425 56682  43190
27.454354126 6855170866 1146592 56675  43190
27.466355206 6856315571 1144705 56667  43221
27.478341206 6857461394 1145823 56678  43098
27.490354574 6858606221 1144827 56675  43247
27.502355027 6859751242 1145021 56676  43366
27.514343007 6860893987 1142745 56674  43315
27.526354385 6862036304 1142317 56672  43169
27.538353618 6863173880 1137576 56677  43262
27.550363812 6864314527 1140647 56687  43274
27.562343202 6865452880 1138353 56682  43387
27.574339589 6866591839 1138959 56682  43197
27.586342943 6867727666 1135827 56680  43338
27.598354193 6868861611 1133945 56684  43029
27.610343540 6869996002 1134391 56675  43413
27.622341484 6871129411 1133409 56670  43010
27.634343951 6872262634 1133223 56672  43405
27.646354505 6873393144 1130510 56684  43432
27.658342139 6874523659 1130515 56672  42982
27.670345145 6875654022 1130363 56683  43534
27.682343469 6876782453 1128431 56684  43235
27.694354930 6877921662 1139209 56692  43627
27.706343713 6879056269 1134607 56680  43080
27.718343031 6880189267 1132998 56663  43260
27.730353747 6881307882 1118615 56679  43264
27.742344365 6882443005 1135123 56671  43481
27.754354775 6883562135 1119130 56679  43124
27.766343048 6884680339 1118204 56674  43423
27.778354399 6885798076 1117737 56677  43364
27.790353429 6886914695 1116619 56670  43103
27.802353756 6888031831 1117136 56677  43419
27.814354124 6889147703 1115872 56681  43325
27.826342440 6890260857 1113154 56689  43429
27.838354290 6891373354 1112497 56681  42880
27.850354015 6892485291 1111937 56673  43841
27.862341791 6893598300 1113009 56686  43162
27.874360122 6894710014 1111714 56672  43794
27.886355079 6895820322 1110308 56674  43342
27.898354709 6896927328 1107006 56684  43503
27.910355957 6898035096 1107768 56683  43385
27.922355340 6899142626 1107530 56683  43304
27.934356353 6900247672 1105046 56668  43657
27.946341631 6901353553 1105881 56678  43210
27.958340994 6902456318 1102765 56687  43672
27.970355324 6903577217 1120899 56677  42815
27.982341709 6904699589 1122372 56669  43434
27.994354862 6905800178 1100589 56674  43421
28.006353836 6906900006 1099828 56682  43509
28.018354093 6907997853 1097847 56696  43356
28.030349386 6909096970 1099117 56682  43671
28.042341950 6910192675 1095705 56678  43635
28.054343811 6911291518 1098843 56682  43442
28.066355692 6912388230 1096712 56677  43810
28.078341235 6913482206 1093976 56675  43431
28.090343225 6914576398 1094192 56685  43806
28.102340982 6915669421 1093023 56691  43350
28.114342556 6916761670 1092249 56683  43694
28.126353576 6917889887 1128217 56668  43415
28.138343194 6918978047 1088160 56687  43260
28.150353934 6920065410 1087363 56668  43827
28.162341707 6921152656 1087246 56671  43554
28.174340938 6922239950 1087294 56681  44297
28.186350881 6923323847 1083897 56675  43207
28.198353711 6924407141 1083294 56671  43924
28.210351492 6925489632 1082491 56677  43751
28.222340302 6926573803 1084171 56680  43650
28.234356186 6927668834 1095031 56678  43894
28.246355097 6928771843 1103009 56677  43499
28.258343337 6929848343 1076500 56680  44219
28.270342710 6930925283 1076940 56672  43321
28.282342018 6932002104 1076821 56685  44117
28.294341324 6933078499 1076395 56684  43708
28.306355185 6934155664 1077165 56673  43881
28.318342995 6935229505 1073841 56682  43960
28.330355159 6936302673 1073168 56682  43517
28.342362853 6937411172 1108499 56680  43979
28.354343960 6938480867 1069695 56682  43254
28.366341540 6939550529 1069662 56684  44086
28.378341974 6940618831 1068302 56688  43630
28.390353477 6941688318 1069487 56680  43952
28.402354652 6942755605 1067287 56673  43859
28.414341358 6943824073 1068468 56671  43825
28.426355006 6944896812 1072739 56682  44149
28.438353853 6945987234 1090422 56678  42949
28.450341753 6947047919 1060685 56678  43807
28.462340913 6948109552 1061633 56681  43507
28.474353477 6949173514 1063962 56690  43954
28.486342780 6950235120 1061606 56683  44000
28.498343611 6951295612 1060492 56679  43689
28.510348981 6952355105 1059493 56686  44168
28.522340895 6953445279 1090174 56682  42993
28.534339702 6954501115 1055836 56671  43993
28.546353769 6955555474 1054359 56686  43697
28.558353970 6956612578 1057104 56691  43996
28.570343023 6957666253 1053675 56677  44032
28.582353424 6958721933 1055680 56682  43847
28.594343394 6959809039 1087106 56682  44139
28.606353552 6960857976 1048937 56668  43288
28.618354892 6961908063 1050087 56683  44210
28.630353040 6962956398 1048335 56691  43816
28.642354086 6964007382 1050984 56690  43966
28.654354151 6965056281 1048899 56680  44069
28.666362091 6966136469 1080188 56676  43533
28.678355867 6967180351 1043882 56672  44340
28.690353898 6968223724 1043373 56677  43512
28.702343612 6969268180 1044456 56680  44282
28.714340283 6970311933 1043753 56679  44153
28.726342906 6971356249 1044316 56670  43931
28.738352370 6972429187 1072938 56688  43841
28.750356430 6973468777 1039590 56672  43903
28.762355571 6974507713 1038936 56679  44491
28.774354615 6975547554 1039841 56687  43863
28.786341886 6976587767 1040213 56676  44298
28.798340516 6977657825 1070058 56679  43987
28.810353979 6978692206 1034381 56663  43648
28.822350753 6979729530 1037324 56686  44527
28.834344267 6980765007 1035477 56680  44097
28.846342904 6981801411 1036404 56695  44500
28.858356795 6982865205 1063794 56675  43522
28.870355669 6983895396 1030191 56673  44011
28.882353972 6984926430 1031034 56688  44295
28.894343525 6985960597 1034167 56677  44000
28.906343526 6986991983 1031386 56687  44406
28.918355714 6988052208 1060225 56669  43690
28.930341001 6989080215 1028007 56672  44234
28.942341357 6990107125 1026910 56688  44176
28.954353792 6991135935 1028810 56685  44229
28.966352555 6992170371 1034436 56686  44355
28.978349769 6993216405 1046034 56672  43658
28.990354579 6994240608 1024203 56681  44661
29.002352640 6995265670 1025062 56677  44340
29.014355770 6996289371 1023701 56672  44185
29.026342794 6997338366 1048995 56675  44364
29.038342121 6998356785 1018419 56687  44017
29.050353376 6999373787 1017002 56687  44568
29.062355802 7000390720 1016933 56679  44239
29.074342592 7001437122 1046402 56676  44066
29.086342510 7002450719 1013597 56674  44593
29.098354167 7003465650 1014931 56686  44186
29.110355041 7004477790 1012140 56686  44589
29.122342038 7005518941 1041151 56678  44109
29.134342355 7006527964 1009023 56677  44159
29.146362459 7007538640 1010676 56677  44664
29.158343595 7008546972 1008332 56697  44407
29.170341416 7009583450 1036478 56678  44127
29.182343123 7010589138 1005688 56670  44293
29.194351891 7011595772 1006634 56694  44623
29.206355541 7012601103 1005331 56687  44913
29.218352928 7013631442 1030339 56667  43634
29.230342508 7014632783 1001341 56682  44624
29.242342519 7015634198 1001415 56692  44483
29.254340239 7016636308 1002110 56677  44306
29.266342540 7017663042 1026734 56689  44393
29.278355044 7018661638 998596 56691  44412
29.290341384 7019660837 999199 56670  44947
29.302365061 7020687453 1026616 56687  44016
29.314342768 7021680817 993364 56678  44703
29.326341906 7022676146 995329 56684  44887
29.338341802 7023670951 994805 56687  44334
29.350354230 7024689924 1018973 56671  44515
29.362347463 7025682235 992311 56680  44830
29.374353888 7026676087 993852 56666  45152
29.386353791 7027695634 1019547 56679  44756
29.398342299 7028679781 984147 56687  44447
29.410352345 7029665978 986197 56677  44994
29.422354276 7030652904 986926 56687  44715
29.434361966 7031667028 1014124 56674  44429
29.446339940 7032651356 984328 56673  45103
29.458354507 7033637410 986054 56682  44743
29.470337611 7034649207 1011797 56683  44566
29.482341728 7035626213 977006 56683  45000
29.494354838 7036608589 982376 56680  44665
29.506355916 7037590123 981534 56681  45097
29.518342889 7038592923 1002800 56673  44132
29.530354644 7039572825 979902 56689  45057
29.542343777 7040551126 978301 56683  44976
29.554352415 7041552685 1001559 56686  44278
29.566354798 7042527926 975241 56675  45556
29.578341882 7043502593 974667 56680  44441
29.590343386 7044503251 1000658 56673  44715
29.602341903 7045472877 969626 56675  44778
29.614355511 7046447425 974548 56688  44806
29.626348804 7047446765 999340 56676  44759
29.638353805 7048414161 967396 56682  44726
29.650352592 7049384622 970461 56684  45054
29.662340060 7050382345 997723 56685  44509
29.674340493 7051347516 965171 56678  44604
29.686351677 7052314915 967399 56671  45051
29.698352671 7053308082 993167 56676  44353
29.710353768 7054269094 961012 56675  44520
29.722339985 7055236018 966924 56669  45153
29.734347946 7056227461 991443 56679  44328
29.746342453 7057188766 961305 56669  44826
29.758353660 7058152240 963474 56683  45251
29.770354488 7059137353 985113 56678  43976
29.782353021 7060097848 960495 56690  45104
29.794354159 7061058453 960605 56686  44755
29.806340339 7062041887 983434 56675  44264
29.818344537 7063001032 959145 56680  45071
29.830341507 7063958600 957568 56676  44704
29.842356544 7064937411 978811 56670  44519
29.854341454 7065893192 955781 56683  44846
29.866343572 7066853109 959917 56679  44753
29.878341346 7067824579 971470 56676  44734
29.890353150 7068776961 952382 56696  44871
29.902354747 7069754971 978010 56674  44492
29.914340681 7070700831 945860 56678  45187
29.926354952 7071651494 950663 56675  44809
29.938349712 7072621247 969753 56676  44669
29.950342893 7073566956 945709 56684  45388
29.962341333 7074512576 945620 56691  44685
29.974353670 7075478619 966043 56668  44986
29.986353727 7076420795 942176 56672  44859
29.998343121 7077369024 948229 56684  44923
30.010340525 7078326940 957916 56678  44801
30.022342629 7079269578 942638 56668  45078
30.034356156 7080233940 964362 56670  45013
30.046353760 7081172380 938440 56682  44963
30.058340937 7082110687 938307 56698  44825
30.070354631 7083066959 956272 56674  44670
30.082355249 7084005267 938308 56688  45120
30.094351092 7084965972 960705 56675  44653
30.106354220 7085898542 932570 56677  45281
30.118354323 7086834536 935994 56697  44961
30.130355307 7087785659 951123 56665  44556
30.142340357 7088717332 931673 56672  45545
30.154342962 7089674517 957185 56677  44475
30.166352952 7090602325 927808 56675  45291
30.178354469 7091531099 928774 56681  44933
30.190342099 7092481124 950025 56666  44540
30.202341727 7093409991 928867 56690  45272
30.214341770 7094360712 950721 56678  44862
30.226352218 7095285558 924846 56677  45223
30.238342345 7096211614 926056 56680  45198
30.250340849 7097157345 945731 56670  44641
30.262349903 7098082357 925012 56674  45431
30.274353930 7099026437 944080 56670  44995
30.286342671 7099949150 922713 56691  44986
30.298343304 7100894815 945665 56674  45084
30.310352782 7101811167 916352 56673  45020
30.322356539 7102734251 923084 56691  47144
30.334342856 7103673055 938804 56677  47518
30.346341766 7104590014 916959 56673  47017
30.358353234 7105526970 936956 56671  46753
30.370341654 7106441445 914475 56674  46435
30.382352072 7107382560 941115 56681  46011
30.394340346 7108293616 911056 56672  46008
30.406353339 7109209059 915443 56683  46811
30.418351354 7110139890 930831 56674  46262
30.430343597 7111052932 913042 56689  47269
30.442353228 7111982984 930052 56676  46637
30.454355565 7112894570 911586 56677  46559
30.466354649 7113824888 930318 56664  46408
30.478341032 7114730591 905703 56674  45767
30.490353530 7115642526 911935 56680  46052
30.502355468 7116564506 921980 56663  45954
30.514342484 7117472554 908048 56679  46125
30.526342335 7118397541 924987 56681  45957
30.538355489 7119302079 904538 56677  45954
30.550354670 7120223743 921664 56671  45341
30.562352583 7121127061 903318 56683  46045
30.574366318 7122048490 921429 56674  45555
30.586354115 7122950359 901869 56691  45515
30.598354016 7123870295 919936 56680  45622
30.610343216 7124769885 899590 56676  45535
30.622342114 7125691386 921501 56697  45386
30.634356817 7126586443 895057 56672  46213
30.646352891 7127500706 914263 56679  44956
30.658343946 7128397220 896514 56672  45626
30.670341932 7129291369 894149 56686  45550
30.682353737 7130203427 912058 56676  45275
30.694353901 7131097934 894507 56670  45553
30.706354341 7132006535 908601 56675  45696
30.718353155 7132899018 892483 56671  45546
30.730349709 7133806404 907386 56677  45319
30.742354383 7134697640 891236 56693  46520
30.754341767 7135602542 904902 56674  44840
30.766345124 7136490429 887887 56686  46211
30.778358578 7137390466 900037 56673  45322
30.790343295 7138276995 886529 56685  45974
30.802342743 7139178253 901258 56673  45689
30.814353057 7140082668 904415 56674  45799
30.826353554 7140960473 877805 56678  45620
30.838353881 7141860417 899944 56674  45633
30.850346139 7142736560 876143 56668  46242
30.862340242 7143632518 895958 56665  44949
30.874340660 7144510835 878317 56678  46430
30.886342030 7145401028 890193 56670  45199
30.898361058 7146277680 876652 56686  45954
30.910342398 7147167215 889535 56673  45537
30.922354696 7148042235 875020 56693  45994
30.934356096 7148929582 887347 56671  45339
30.946341737 7149806258 876676 56692  45780
30.958356034 7150685157 878899 56681  46190
30.970354662 7151572776 887619 56677  45051
30.982340685 7152438975 866199 56682  46374
30.994341449 7153318300 879325 56673  45249
31.006340210 7154183581 865281 56676  45853
31.018354835 7155061266 877685 56669  45696
31.030354141 7155927316 866050 56703  46239
31.042354739 7156804131 876815 56678  45530
31.054363152 7157682869 878738 56689  45847
31.066341507 7158536563 853694 56669  46296
31.078341970 7159410259 873696 56680  45003
31.090343188 7160267037 856778 56693  46372
31.102352499 7161137495 870458 56680  45399
31.114353426 7161994884 857389 56699  46017
31.126354726 7162862976 868092 56676  45718
31.138342916 7163725330 862354 56696  45823
31.150352707 7164584842 859512 56669  45624
31.162355068 7165452118 867276 56672  45696
31.174343778 7166301785 849667 56677  46482
31.186343056 7167164608 862823 56682  44921
31.198342170 7168014268 849660 56689  46388
31.210355377 7168873614 859346 56681  45624
31.222343065 7169739347 865733 56688  45890
31.234353822 7170579998 840651 56674  46027
31.246353206 7171437864 857866 56675  45949
31.258353737 7172284251 846387 56715  46008
31.270344088 7173139915 855664 56682  45827
31.282342618 7173982582 842667 56696  46644
31.294343035 7174834890 852308 56680  45316
31.306354179 7175688633 853743 56692  46089
31.318341613 7176525393 836760 56675  46182
31.330341843 7177376228 850835 56665  45729
31.342356134 7178214447 838219 56701  46192
31.354354868 7179061211 846764 56670  46052
31.366350489 7179911662 850451 56687  45654
31.378354669 7180742502 830840 56669  46015
31.390354100 7181587105 844603 56664  46191
31.402353267 7182420569 833464 56694  45673
31.414342055 7183263730 843161 56673  45866
31.426342345 7184109526 845796 56698  45767
31.438354962 7184936598 827072 56668  46030
31.450356380 7185778146 841548 56675  45549
31.462355628 7186608447 830301 56698  46236
31.474341778 7187447997 839550 56668  45704
31.486418650 7188286471 838474 56677  45657
31.498354055 7189111281 824810 56672  46701
31.510354076 7189947107 835826 56670  45609
31.522342064 7190789279 842172 56716  46014
31.534368778 7191607303 818024 56682  46233
31.546342615 7192441414 834111 56661  45935
31.558341586 7193265480 824066 56714  45938
31.570353794 7194096671 831191 56678  46002
31.582352814 7194930040 833369 56679  45897
31.594342701 7195746635 816595 56670  46011
31.606342569 7196575847 829212 56675  46051
31.618342596 7197409889 834042 56689  46090
31.630341347 7198220303 810414 56682  46122
31.642355201 7199042486 822183 56671  45448
31.654340654 7199854622 812136 56691  46294
31.666343565 7200675752 821130 56665  45582
31.678342126 7201499870 824118 56687  46022
31.690365864 7202309045 809175 56698  46435
31.702343807 7203127484 818439 56682  45977
31.714354732 7203950188 822704 56692  45789
31.726354473 7204754041 803853 56678  46578
31.738341523 7205570041 816000 56678  46107
31.750341840 7206380615 810574 56685  45793
31.762353968 7207189694 809079 56670  46268
31.774354622 7208001173 811479 56688  45755
31.786353496 7208804236 803063 56694  46214
31.798354060 7209616314 812078 56667  46112
31.810342018 7210426919 810605 56669  46117
31.822340611 7211228123 801204 56692  46104
31.834354689 7212035610 807487 56661  45923
31.846362586 7212844652 809042 56688  46649
31.858343860 7213641516 796864 56689  45869
31.870341307 7214447003 805487 56678  46313
31.882341915 7215251996 804993 56666  46063
31.894354193 7216045502 793506 56680  46249
31.906353360 7216848302 802800 56669  45872
31.918355644 7217652468 804166 56681  46225
31.930343011 7218443636 791168 56677  46286
31.942342915 7219242215 798579 56679  45849
31.954341576 7220043089 800874 56676  46314
31.966341737 7220830835 787746 56668  46221
31.978341624 7221629327 798492 56668  46088
31.990353484 7222426980 797653 56683  46032
32.002349939 7223212670 785690 56674  46369
32.014342936 7224005971 793301 56684  45847
32.026355937 7224800724 794753 56688  46154
32.038342794 7225586392 785668 56688  46647
32.050355328 7226377848 791456 56669  46310
32.062343519 7227168163 790315 56679  45947
32.074405810 7227948923 780760 56694  46491
32.086342777 7228736669 787746 56686  46707
32.098342115 7229523859 787190 56675  45689
32.110355008 7230314221 790362 56697  46405
32.122354136 7231085293 771072 56671  46459
32.134342917 7231868403 783110 56673  45904
32.146352441 7232655085 786682 56678  46139
32.158340418 7233427008 771923 56680  46560
32.170362399 7234208177 781169 56668  46060
32.182343920 7234988833 780656 56685  46032
32.194345696 7235760620 771787 56687  46913
32.206355147 7236540477 779857 56680  46359
32.218354998 7237317740 777263 56673  46242
32.230355046 7238087935 770195 56694  46699
32.242353666 7238863446 775511 56679  46418
32.254354120 7239638754 775308 56677  46089
32.266354438 7240417520 778766 56693  46508
32.278341865 7241182902 765382 56670  46899
32.290342212 7241955425 772523 56679  46506
32.302354847 7242726933 771508 56663  46238
32.314341207 7243494674 767741 56680  46834
32.326360644 7244264481 769807 56668  47042
32.338342682 7245033918 769437 56666  46119
32.350340009 7245803228 769310 56675  46557
32.362355470 7246563085 759857 56673  46831
32.374342497 7247330265 767180 56673  46500
32.386343678 7248097594 767329 56673  46615
32.398352428 7248867024 769430 56699  46809
32.410353659 7249622998 755974 56709  46697
32.422341674 7250385959 762961 56678  46323
32.434341091 7251148034 762075 56663  46608
32.446355068 7251734828 586794 51964  42427
32.457341966 7252375989 641161 56667  47091
32.469342019 7252948346 572357 56666  40856
32.481349630 7253522740 574394 56680  38207
32.493354361 7254208223 685483 56689  45980
32.505340912 7254788350 580127 56672  42865
32.517344212 7255366703 578353 56660  37760
32.529343420 7256079210 712507 56669  46750
32.541343441 7256653231 574021 56664  41826
32.553355259 7257225630 572399 56686  37463
32.565343239 7257938748 713118 56669  48018
32.577353614 7258501329 562581 56671  40515
32.589342544 7259079590 578261 56663  37989
32.601355108 7259768346 688756 56673  48774
32.613355363 7260343914 575568 56667  40066
32.625343549 7260917035 573121 56676  38095
32.637351771 7261594121 677086 56672  48579
32.649354505 7262190079 595958 56671  39996
32.661341919 7262778712 588633 51950  40815
32.672343319 7263370035 591323 56669  43519
32.684341944 7263937140 567105 51945  35019
32.695355455 7264566351 629211 56682  49225
32.707354868 7265144005 577654 56679  38621
32.719344179 7265726288 582283 51944  37716
32.730343203 7266333995 607707 56668  46545
32.742341797 7266907866 573871 56686  38515
32.754354125 7267550193 642327 56699  42899
32.766343133 7268150022 599829 56670  45299
32.778343490 7268728542 578520 56670  38817
32.790354764 7269350499 621957 56670  43647
32.802363566 7269944715 594216 56686  44444
32.814343626 7270522576 577861 56662  38781
32.826353380 7271151166 628590 56672  43945
32.838345578 7271744709 593543 56681  44028
32.850358164 7272316578 571869 56676  38292
32.862355832 7272983039 666461 56666  49016
32.874355463 7273598457 615418 56663  40450
32.886355837 7274246007 647550 56674  49576
32.898341571 7274871943 625936 56674  40426
32.910353956 7275506414 634471 56671  49539
32.922354783 7276103303 596889 56677  39548
32.934354580 7276750040 646737 56680  46449
32.946342628 7277330059 580019 56667  43004
32.958361822 7277931393 601334 51959  41368
32.969355413 7278519303 587910 56670  44550
32.981342887 7279112457 593154 51952  40945
32.992354477 7279705683 593226 56690  44706
33.004354348 7280264352 558669 51964  37529
33.015354389 7280881091 616739 56662  47987
33.027344173 7281478167 597076 56661  40802
33.039353474 7282112846 634679 56673  49391
33.051342701 7282719454 606608 56690  40512
33.063342455 7283349038 629584 56694  49443
33.075341149 7283956257 607219 56677  41138
33.087353760 7284590673 634416 56663  49594
33.099343041 7285167764 577091 56670  40267
33.111357026 7285795822 628058 56695  46827
33.123344089 7286374635 578813 56672  42866
33.135355377 7287070550 695915 56674  48903
33.147342761 7287644457 573907 56657  41701
33.159342395 7288261718 617261 56683  45533
33.171342169 7288854971 593253 56668  44770
33.183343516 7289428495 573524 56685  40334
33.195356697 7290062902 634407 56666  49546
33.207342215 7290698784 635882 56668  40596
33.219344643 7291333047 634263 56674  49624
33.231342867 7291867732 534685 51947  37819
33.242354201 7292496744 629012 56710  49315
33.254342248 7293034195 537451 51963  38515
33.265346349 7293655657 621462 56683  48611
33.277361116 7294182282 526625 51946  37804
33.288354853 7294810678 628396 56681  49099
33.300341988 7295342422 531744 51958  36806
33.311354162 7295977121 634699 56669  49697
33.323354042 7296527319 550198 51951  37962
33.334355270 7297155359 628040 56668  49087
33.346354265 7297732728 577369 51959  40852
33.357343242 7298327799 595071 56677  46092
33.369354699 7298993548 665749 56664  49715
33.381342840 7299568036 574488 56665  42280
33.393342604 7300202390 634354 56668  49972
33.405341115 7300775861 573471 56690  41654
33.417355712 7301400291 624430 56680  46668
33.429369567 7301985213 584922 56671  44010
33.441347814 7302631246 646033 56666  45880
33.453342051 7303224756 593510 56679  45121
33.465356319 7303778571 553815 51971  40513
33.476354813 7304378286 599715 56670  46151
33.488353211 7304908167 529881 51953  37753
33.499343385 7305536676 628509 56670  48950
33.511353746 7306250802 714126 56676  48749
33.523354877 7306845209 594407 56666  42660
33.535341383 7307474357 629148 56690  49504
33.547343021 7308212079 737722 56709  49072
33.559354782 7308785095 573016 56684  44136
33.571342256 7309418861 633766 56664  49944
33.583348611 7309995220 576359 56662  44155
33.595342788 7310629547 634327 56671  49270
33.607352813 7311254425 624878 56692  48392
33.619355800 7311834958 580533 56673  44924
33.631342984 7312469409 634451 56667  50204
33.643343125 7313045596 576187 56666  42630
33.655341889 7313676020 630424 56681  49559
33.667355653 7314250560 574540 56669  42384
33.679343378 7314885048 634488 56684  49547
33.691343325 7315461677 576629 56665  41774
33.703355926 7316104255 642578 56686  49352
33.715354067 7316665950 561695 56673  41603
33.727342978 7317243131 577181 51940  42162
33.738361792 7317834254 591123 56672  44434
33.750355153 7318364382 530128 51946  35834
33.761342203 7318996526 632144 56679  49686
33.773341774 7319601808 605282 56667  40537
33.785354219 7320235636 633828 56670  49669
33.797353716 7320842603 606967 56669  40518
33.809341807 7321497561 654958 56693  49036
33.821354345 7322067760 570199 56672  40588
33.833353112 7322727650 659890 56670  48102
33.845354816 7323298248 570598 56676  42097
33.857346457 7323877379 579131 51936  40746
33.868341455 7324470906 593527 56701  45168
33.880355046 7325065602 594696 56678  40000
33.892355276 7325700184 634582 56669  49468
33.904421595 7326306600 606416 56673  40168
33.916344325 7326952244 645644 56675  49600
33.928352916 7327541447 589203 56687  40255
33.940356503 7328185796 644349 56675  45767
33.952341871 7328771849 586053 56663  43911
33.964343719 7329358001 586152 56667  39741
33.976353953 7330012362 654361 56678  49304
33.988342213 7330593809 581447 56675  39696
34.000341867 7331169018 575209 56673  38432
34.012342708 7331844708 675690 56668  49300
34.024355099 7332450170 605462 56670  39653
34.036354684 7333020299 570129 56674  37214
34.048343168 7333705751 685452 56680  48970
34.060349749 7334310600 604849 56672  39852
34.072342203 7334885847 575247 56672  36617
34.084352951 7335561653 675806 56674  49058
34.096341925 7336164165 602512 56677  40296
34.108342329 7336738037 573872 56684  36852
34.120356516 7337433325 695288 56671  48923
34.132355247 7338038791 605466 56668  40202
34.144342135 7338613725 574934 56666  35937
34.156354239 7339331381 717656 56673  48757
34.168353870 7339932741 601360 56689  40457
34.180353875 7340567217 634476 56672  49779
34.192342129 7341206342 639125 56673  50590
34.204342059 7341841164 634822 56671  50380
34.216363274 7342478363 637199 56681  49761
34.228354578 7343040830 562467 56666  47246
34.240353459 7343675596 634766 56675  49786
34.252342353 7344248335 572739 56670  45158
34.264353727 7344878967 630632 56716  49492
34.276355475 7345520509 641542 56678  50278
34.288343128 7346154833 634324 56675  49631
34.300342383 7346789464 634631 56675  49493
34.312341344 7347432731 643267 56674  48974
34.324353131 7348061676 628945 56695  49365
34.336342429 7348704827 643151 56666  49285
34.348342093 7349339384 634557 56672  49121
34.360354208 7349981484 642100 56670  48700
34.372361959 7350615280 633796 56671  48936
34.384344089 7351251887 636607 56694  49010
34.396342170 7351886743 634856 56681  49054
34.408341654 7352522105 635362 56664  48968
34.420352662 7353156677 634572 56666  48629
34.432343459 7353764586 607909 56681  47570
34.444342467 7354471062 706476 56674  44894
34.456355041 7355170902 699840 56681  45934
34.468353756 7355712791 541889 56683  49669
34.480342996 7356108935 396144 56700  51881
34.492356501 7356445080 336145 56712  48636
34.504357345 7356798062 352982 56715  44779
34.516353876 7357281343 483281 56694  41466
34.528352233 7357923315 641972 37187  21845
34.540350781 7358661312 737997 33925  31904
34.552346010 7359399234 737922 33896  31895
34.564356033 7360137282 738048 33909  31901
34.576355864 7360747084 609802 47939  33582
34.588357942 7361679288 932204 56703  46815
34.600356606 7374983189 13303901 49600  46636
34.623625608 7388963054 13979865 5808  2425
34.638352002 7392787444 3824390 51923  3194
34.649360733 7394693488 1906044 56651  9908
34.661343134 7395957999 1264511 56650  6263
34.673354572 7396955975 997976 56691  6962
34.685353930 7397875376 919401 56674  6860
34.697354213 7398690617 815241 56680  6380
34.709348894 7399433757 743140 56672  5980
34.721341665 7400132906 699149 56685  5201
34.733353056 7400791299 658393 56678  5400
34.745355255 7401429461 638162 56711  5325
34.757340828 7402050879 621418 56699  5191
34.769341739 7402650193 599314 56700  4959
34.781351690 7403242893 592700 56675  4996
34.793355811 7403826248 583355 56679  4905
34.805341472 7404397808 571560 56686  4817
34.817341437 7404967754 569946 56706  4837
34.829371851 7405524902 557148 56669  4580
34.841352115 7406083685 558783 56680  4455
34.853339146 7406641858 558173 56689  4818
34.865349647 7407189700 547842 56693  4703
34.877353325 7407736654 546954 56688  4729
34.889355649 7408271267 534613 56689  4590
34.901340256 7408808943 537676 56696  4672
34.913352738 7409346080 537137 56688  4684
34.925349836 7409875713 529633 56692  4606
34.937341390 7410413748 538035 56680  4740
34.949353463 7410935414 521666 56719  4533
34.961341178 7411461279 525865 56701  4608
34.973353190 7411994482 533203 56686  4722
34.985352781 7412533063 538581 56698  4795
34.997355251 7413061206 528143 56689  4651
35.009352148 7413600107 538901 56697  4814
35.021350346 7414135456 535349 56682  4789
35.033342204 7414681617 546161 56709  4935
35.045341041 7415227244 545627 56700  4930
35.057354866 7415774139 546895 56700  4952
35.069341297 7416320645 546506 56692  4951
35.081353671 7416868988 548343 56707  4978
35.093339829 7417426336 557348 56694  5116
35.105354033 7417981268 554932 56688  5077
35.117340284 7418539289 558021 56698  5109
35.129343962 7419098829 559540 56688  5156
35.141355139 7419669617 570788 56687  5312
35.153351250 7420246085 576468 56710  5390
35.165341041 7420816166 570081 56687  5301
35.177339582 7421393034 576868 56699  5412
35.189362097 7421975431 582397 56677  5468
35.201353144 7422559355 583924 56690  5493
35.213339735 7423138300 578945 56686  5425
35.225354753 7423718213 579913 56686  5447
35.237353591 7424305285 587072 56686  5547
35.249354532 7424893802 588517 56684  5564
35.261351759 7425478750 584948 56704  5513
35.273341414 7426077219 598469 56689  5695
35.285354928 7426671242 594023 56682  5632
35.297342621 7427265271 594029 56687  5657
35.309352829 7427866856 601585 56685  5768
35.321342770 7428468951 602095 56693  5756
35.333341868 7429068699 599748 56702  5720
35.345360675 7429665596 596897 56693  5681
35.357340526 7430267116 601520 56700  5750
35.369342507 7430872759 605643 56670  5792
35.381354609 7431483703 610944 56694  5874
35.393342056 7432097324 613621 56700  5923
35.405343134 7432705922 608598 56701  5830
35.417343235 7433315035 609113 56692  5844
35.429343046 7433924512 609477 56684  5842
35.441352060 7434545249 620737 56689  5998
35.453351854 7435155671 610422 56716  5861
35.465355322 7435765992 610321 56686  5885
35.477354990 7436386160 620168 56690  6032
35.489339437 7436997425 611265 56690  5884
35.501351175 7437621220 623795 56693  6060
35.513341016 7438241307 620087 56696  6010
35.525354324 7438860108 618801 56701  5999
35.537341701 7439486949 626841 56709  6104
35.549341969 7440109113 622164 56699  6039
35.561355933 7440727212 618099 56687  5991
35.573341398 7441352302 625090 56691  6080
35.585355583 7441977827 625525 56685  6083
35.597340200 7442603054 625227 56678  6070
35.609341058 7443229371 626317 56697  6093
35.621354305 7443856199 626828 56699  6103
35.633343236 7444484151 627952 56695  6101
35.645353911 7445112464 628313 56688  6115
35.657362326 7445740006 627542 56695  6103
35.669356517 7446367974 627968 56687  6122
35.681339664 7446996322 628348 56710  6139
35.693353225 7447624059 627737 56680  6114
35.705353150 7448250623 626564 56685  6107
35.717352991 7448880733 630110 56681  6162
35.729355772 7449515516 634783 56686  6205
35.741355083 7450144092 628576 56705  6137
35.753342600 7450772358 628266 56683  6135
35.765352461 7451411599 639241 56713  6287
35.777351549 7452039894 628295 56703  6134
35.789342420 7452671415 631521 56690  6196
35.801355151 7453308801 637386 56709  6250
35.813341529 7453938226 629425 56703  6161
35.825363840 7454577315 639089 56694  6274
35.837342781 7455205584 628269 56685  6134
35.849352119 7455842833 637249 56693  6250
35.861340993 7456479078 636245 56685  6238
35.873342371 7457106935 627857 56704  6117
35.885342755 7457744528 637593 56677  6249
35.897341212 7458376047 631519 56672  6231
35.909353831 7459009399 633352 56685  6205
35.921353705 7459647161 637762 56699  6247
35.933340499 7460285378 638217 56714  6254
35.945347231 7460913989 628611 56698  6144
35.957353632 7461550906 636917 56686  6284
35.969342316 7462188918 638012 56681  6277
35.981363807 7462826186 637268 56681  6265
35.993342901 7463462803 636617 56695  6270
36.005355092 7464099321 636518 56695  6301
36.017341343 7464736285 636964 56699  6256
36.029354364 7465372407 636122 56695  6259
36.041354755 7466009625 637218 56691  6262
36.053343596 7466646226 636601 56689  6273
36.065356894 7467283432 637206 56685  6278
36.077341662 7467920952 637520 56693  6267
36.089339476 7468557877 636925 56684  6262
36.101353224 7469194421 636544 56697  6287
36.113355912 7469831713 637292 56704  6245
36.125355927 7470469125 637412 56699  6324
36.137362808 7471105731 636606 56698  6262
36.149344475 7471741586 635855 56688  6246
36.161354826 7472387832 646246 56698  6402
36.173343756 7473023365 635533 56689  6321
36.185353385 7473658468 635103 56692  6235
36.197339933 7474293974 635506 56689  6232
36.209343440 7474941686 647712 56675  6416
36.221353595 7475577607 635921 56699  6232
36.233341589 7476213664 636057 56675  6242
36.245353913 7476859199 645535 56693  6380
36.257353664 7477499049 639850 56697  6288
36.269340705 7478136054 637005 56697  6310
36.281343370 7478784393 648339 56693  6439
36.293349901 7479421473 637080 56694  6251
36.305342172 7480068501 647028 56674  6419
36.317355603 7480704269 635768 56663  6285
36.329345424 7481347114 642845 56688  6465
36.341354811 7481988597 641483 56700  6350
36.353341396 7482632538 643941 56702  6400
36.365355768 7483271593 639055 56686  6289
36.377353709 7483919531 647938 56676  6431
36.389355676 7484555740 636209 56689  6248
36.401354967 7485203619 647879 56686  6434
36.413343662 7485840366 636747 56691  6301
36.425341555 7486487620 647254 56692  6422
36.437353117 7487135314 647694 56702  6508
36.449355108 7487771872 636558 56706  6264
36.461362186 7488420137 648265 56666  6413
36.473342397 7489067914 647777 56696  6420
36.485343491 7489706226 638312 56711  6335
36.497357222 7490350196 643970 56700  6376
36.509341240 7490996324 646128 56680  6395
36.521352981 7491642962 646638 56686  6484
36.533340612 7492283764 640802 56696  6334
36.545343349 7492924113 640349 56677  6369
36.557341680 7493570958 646845 56690  6447
36.569343659 7494216776 645818 56689  6388
36.581352747 7494863284 646508 56699  6396
36.593353514 7495509808 646524 56679  6395
36.605353616 7496156668 646860 56680  6466
36.617348997 7496794874 638206 56688  6299
36.629344398 7497437741 642867 56699  6429
36.641342896 7498083850 646109 56688  6401
36.653354617 7498730633 646783 56697  6390
36.665342148 7499376983 646350 56673  6375
36.677354589 7500023021 646038 56688  6381
36.689352727 7500668206 645185 56684  6386
36.701352631 7501313547 645341 56705  6381
36.713354085 7501958327 644780 56698  6368
36.725343823 7502602448 644121 56687  6397
36.737354618 7503246712 644264 56695  6437
36.749342119 7503891482 644770 56680  6419
36.761341460 7504536772 645290 56678  6364
36.773348928 7505185384 648612 56711  6511
36.785356037 7505837866 652482 56704  6662
36.797355014 7506483156 645290 56695  6406
36.809355542 7507128621 645465 56689  6389
36.821342406 7507773845 645224 56679  6392
36.833354781 7508418466 644621 56686  6378
36.845341525 7509063228 644762 56691  6413
36.857341953 7509715043 651815 56687  6513
36.869354307 7510364256 649213 56678  6436
36.881341791 7511008834 644578 56701  6458
36.893354806 7511652687 643853 56689  6405
36.905342863 7512297537 644850 56699  6402
36.917352799 7512952804 655267 56678  6557
36.929361880 7513595791 642987 56679  6440
36.941353441 7514238647 642856 56688  6515
36.953340038 7514887930 649283 56684  6481
36.965351540 7515538364 650434 56693  6516
36.977341137 7516181937 643573 56678  6406
36.989353812 7516827362 645425 56694  6596
37.001341417 7517481921 654559 56703  6610
37.013343734 7518126015 644094 56683  6436
37.025352355 7518777542 651527 56699  6477
37.037343090 7519425062 647520 56694  6494
37.049355434 7520068550 643488 56681  6472
37.061342905 7520724518 655968 56673  6723
37.073353273 7521368105 643587 56676  6567
37.085341994 7522021653 653548 56671  6775
37.097363099 7522665185 643532 56689  6366
37.109341970 7523308684 643499 56689  6448
37.121354591 7523961197 652513 56692  6513
37.133353309 7524603866 642669 56678  6440
37.145355321 7525257780 653914 56691  6549
37.157343481 7525899902 642122 56700  6498
37.169354243 7526554313 654411 56683  6573
37.181354960 7527196535 642222 56684  6381
37.193352341 7527850807 654272 56685  6571
37.205354792 7528498092 647285 56699  6523
37.217342813 7529148719 650627 56699  6555
37.229355591 7529803483 654764 56718  6872
37.241343185 7530445887 642404 56703  6393
37.253362514 7531099320 653433 56692  6485
37.265342677 7531741132 641812 56690  6576
37.277353693 7532394341 653209 56700  6667
37.289343330 7533047716 653375 56685  6645
37.301342128 7533688870 641154 56679  6443
37.313344302 7534341990 653120 56696  6529
37.325342937 7534990406 648416 56708  6905
37.337344145 7535635832 645426 56702  6679
37.349344433 7536287985 652153 56675  6669
37.361352181 7536935614 647629 56686  6407
37.373342432 7537579631 644017 56699  6520
37.385354203 7538231073 651442 56697  6639
37.397342970 7538883045 651972 56683  6518
37.409362015 7539523245 640200 56696  6388
37.421344382 7540175737 652492 56701  6508
37.433356180 7540827233 651496 56681  6650
37.445342208 7541478128 650895 56705  7026
37.457354886 7542118914 640786 56694  6669
37.469354511 7542770811 651897 56697  6593
37.481354248 7543423005 652194 56696  6588
37.493355476 7544075013 652008 56694  6608
37.505353691 7544715329 640316 56700  6537
37.517354332 7545364870 649541 56704  6538
37.529342677 7546016246 651376 56705  6528
37.541355124 7546667754 651508 56692  6629
37.553354182 7547319447 651693 56698  6471
37.565349897 7547969462 650015 56703  6539
37.577354938 7548608449 638987 56689  6430
37.589355163 7549258588 650139 56700  6464
37.601355097 7549908356 649768 56708  6482
37.613354052 7550558138 649782 56699  6543
37.625344246 7551207896 649758 56696  6568
37.637342548 7551857550 649654 56713  6484
37.649354182 7552506442 648892 56700  6613
37.661343006 7553154541 648099 56680  6629
37.673344011 7553797310 642769 56711  6463
37.685354013 7554437986 640676 56700  6489
37.697353384 7555083843 645857 56704  6513
37.709342105 7555731173 647330 56698  6760
37.721351963 7556378838 647665 56671  6714
37.733352051 7557025712 646874 56685  6619
37.745355742 7557672926 647214 56704  6588
37.757342940 7558319166 646240 56705  6668
37.769344694 7558965261 646095 56684  6714
37.781340335 7559610805 645544 56715  6521
37.793355314 7560256968 646163 56706  6462
37.805354031 7560902172 645204 56693  6715
37.817343806 7561547462 645290 56689  6772
37.829355964 7562192902 645440 56721  6799
37.841353225 7562837862 644960 56701  6535
37.853341319 7563483317 645455 56720  6645
37.865353551 7564128717 645400 56698  7340
37.877354685 7564775456 646739 56724  6783
37.889351363 7565426807 651351 56690  6777
37.901344607 7566076913 650106 56702  6632
37.913353312 7566721369 644456 56703  6797
37.925354900 7567365185 643816 56691  6980
37.937341534 7568008706 643521 56706  6712
37.949341765 7568651398 642692 56685  6819
37.961354137 7569294204 642806 56697  6767
37.973342605 7569936920 642716 56691  6442
37.985341569 7570579497 642577 56692  6488
37.997340684 7571227255 647758 56681  7169
38.009340621 7571877934 650679 56688  6708
38.021354137 7572519523 641589 56713  6574
38.033340684 7573161919 642396 56716  6778
38.045355619 7573803543 641624 56716  6731
38.057343526 7574444668 641125 56689  6468
38.069354068 7575091535 646867 56698  6501
38.081342963 7575740478 648943 56692  7074
38.093355414 7576381012 640534 56682  6759
38.105355802 7577021295 640283 56710  6702
38.117341636 7577661523 640228 56685  7050
38.129348278 7578313546 652023 56698  6983
38.141342632 7578957334 643788 56697  6674
38.153354880 7579597532 640198 56711  6537
38.165354604 7580236600 639068 56696  6751
38.177354653 7580882768 646168 56708  6646
38.189340663 7581530185 647417 56700  6781
38.201362091 7582169831 639646 56701  6566
38.213355759 7582808635 638804 56689  7122
38.225354587 7583462617 653982 56689  6918
38.237344285 7584101192 638575 56689  7009
38.249353810 7584739276 638084 56692  6478
38.261342867 7585379577 640301 56695  6575
38.273342622 7586031420 651843 56697  6568
38.285353857 7586670300 638880 56697  6422
38.297354055 7587308242 637942 56697  6647
38.309353539 7587960705 652463 56704  6676
38.321342287 7588598183 637478 56705  6669
38.333341251 7589235965 637782 56705  6971
38.345342745 7589888708 652743 56678  7070
38.357354911 7590527127 638419 56698  6471
38.369349088 7591166132 639005 56684  6595
38.381342566 7591817705 651573 56684  6876
38.393342890 7592455279 637574 56689  6686
38.405355302 7593106820 651541 56691  6925
38.417342103 7593745496 638676 56690  6517
38.429356174 7594382482 636986 56695  6602
38.441354852 7595034576 652094 56690  6782
38.453341220 7595671719 637143 56700  6579
38.465341784 7596322174 650455 56696  6767
38.477342236 7596960592 638418 56704  6887
38.489354287 7597597607 637015 56698  6562
38.501383039 7598249131 651524 56707  6730
38.513356760 7598884671 635540 56696  6901
38.525363281 7599535680 651009 56681  6500
38.537353885 7600172060 636380 56689  6564
38.549354390 7600823671 651611 56693  6811
38.561355945 7601459456 635785 56684  6465
38.573342043 7602107305 647849 56694  6879
38.585355441 7602745503 638198 56695  6499
38.597353596 7603389153 643650 56701  6509
38.609355693 7604032126 642973 56713  6806
38.621353809 7604673195 641069 56709  7015
38.633355403 7605318879 645684 56690  6799
38.645352901 7605960384 641505 56685  6613
38.657342045 7606604276 643892 56701  6605
38.669343013 7607249123 644847 56673  6376
38.681351591 7607888938 639815 56672  6897
38.693343632 7608539235 650297 56695  6944
38.705340343 7609174203 634968 56703  6368
38.717342339 7609824198 649995 56687  7073
38.729343236 7610459195 634997 56700  6753
38.741354657 7611109588 650393 56687  6668
38.753342536 7611744380 634792 56708  6528
38.765354927 7612394781 650401 56683  7028
38.777355369 7613032925 638144 56679  6382
38.789340073 7613679898 646973 56696  6762
38.801342784 7614330749 650851 56686  6643
38.813342209 7614966944 636195 56702  6366
38.825355437 7615618186 651242 56690  6850
38.837354635 7616255347 637161 56689  6430
38.849361253 7616905240 649893 56689  6486
38.861355301 7617556600 651360 56710  6876
38.873353482 7618191490 634890 56691  6294
38.885353733 7618842337 650847 56693  6604
38.897353718 7619492002 649665 56709  7031
38.909343443 7620129615 637613 56694  6833
38.921355947 7620781140 651525 56700  6761
38.933344122 7621423064 641924 56674  6679
38.945352454 7622067111 644047 56694  6916
38.957352768 7622718308 651197 56696  6548
38.969351672 7623358541 640233 56694  6413
38.981354218 7624003357 644816 56699  6401
38.993342005 7624653654 650297 56686  7003
39.005351100 7625298324 644670 56701  6493
39.017355921 7625939449 641125 56689  6426
39.029342408 7626589922 650473 56685  6634
39.041342760 7627240415 650493 56678  6633
39.053341305 7627874848 634433 56672  6852
39.065344876 7628525263 650415 56698  6650
39.077354228 7629175222 649959 56678  6643
39.089355085 7629813270 638048 56711  6615
39.101341927 7630461512 648242 56682  6467
39.113355008 7631111773 650261 56695  6531
39.125341166 7631761982 650209 56673  6748
39.137343261 7632396440 634458 56687  6334
39.149342062 7633046030 649590 56695  6824
39.161362923 7633695645 649615 56670  6676
39.173355028 7634345259 649614 56693  6473
39.185341019 7634980211 634952 56682  6277
39.197344787 7635628654 648443 56688  6549
39.209341072 7636278655 650001 56676  6881
39.221353923 7636928786 650131 56686  6589
39.233343475 7637575454 646668 56687  6544
39.245343952 7638212679 637225 56685  6589
39.257355053 7638862462 649783 56689  6789
39.269352979 7639511927 649465 56705  6757
39.281342406 7640161618 649691 56697  6740
39.293353242 7640807043 645425 56684  6774
39.305352469 7641444744 637701 56689  6727
39.317350030 7642093981 649237 56693  6656
39.329344348 7642742924 648943 56694  6951
39.341342469 7643391910 648986 56690  7073
39.353354674 7644040496 648586 56690  6855
39.365353705 7644680202 639706 56688  6677
39.377353483 7645321565 641363 56672  6569
39.389340605 7645970212 648647 56694  7049
39.401354916 7646618844 648632 56684  7209
39.413354770 7647268193 649349 56702  6593
39.425342942 7647917447 649254 56698  6606
39.437345393 7648566671 649224 56691  6966
39.449353161 7649208081 641410 56685  6460
39.461340536 7649848209 640128 56702  6474
39.473355271 7650496925 648716 56685  6788
39.485350412 7651132282 635357 56686  4706
39.497355560 7651726969 594687 56687  345
39.509353831 7652336552 609583 56686  453
39.521345119 7652931204 594652 56693  456
39.533341984 7653533120 601916 56690  463
39.545352882 7654135113 601993 56688  376
39.557354994 7654729551 594438 56696  409
39.569342652 7655338832 609281 56682  404
39.581339976 7655933680 594848 56682  509
39.593354405 7656539944 606264 56687  359
39.605354749 7657138116 598172 56676  483
39.617341743 7657733421 595305 56685  379
39.629353949 7658342696 609275 56676  98
39.641362613 7658937245 594549 56681  373
39.653343138 7659547377 610132 56686  291
39.665341189 7660143314 595937 56685  416
39.677342300 7660753683 610369 56695  134
39.689353779 7661348870 595187 56670  312
39.701354390 7661958775 609905 56704  589
39.713339388 7662554326 595551 56676  339
39.725339706 7663158981 604655 56678  206
39.737340097 7663759030 600049 56684  89
39.749353909 7664361390 602360 56691  127
39.761341880 7664963246 601856 56688  388
39.773342708 7665566179 602933 56668  108
39.785353487 7666168661 602482 56673  91
39.797348008 7666773598 604937 56677  112
39.809341630 7667372944 599346 56684  350
39.821353784 7667982339 609395 56675  132
39.833342855 7668577176 594837 56679  638
39.845355140 7669186823 609647 56677  426
39.857342521 7669781836 595013 56680  282
39.869340219 7670391043 609207 56675  243
39.881353554 7670985351 594308 56690  471
39.893354205 7671594396 609045 56684  167
39.905341011 7672188695 594299 56684  139
39.917355238 7672798070 609375 56707  136
39.929355327 7673403772 605702 56677  221
39.941355611 7674002895 599123 56687  622
39.953350186 7674613271 610376 56690  409
39.965352330 7675208702 595431 56690  328
39.977344199 7675819107 610405 56691  176
39.989354160 7676419322 600215 56696  130
40.001353698 7677024142 604820 56692  489
40.013342863 7677634119 609977 56691  353
40.025341617 7678229340 595221 56679  364
40.037342576 7678839199 609859 56679  383
40.049352837 7679447092 607893 56682  407
40.061342265 7680043230 596138 56684  408
40.073341836 7680653019 609789 56683  328
40.085340844 7681250472 597453 56667  348
40.097341419 7681857384 606912 56676  338
40.109341887 7682466608 609224 56683  163
40.121350241 7683060532 593924 56670  494
40.133341987 7683668973 608441 56675  509
40.145354914 7684277874 608901 56690  193
40.157354350 7684872103 594229 56692  318
40.169342364 7685480589 608486 56691  113
40.181355753 7686089326 608737 56682  430
40.193340677 7686683779 594453 56678  365
40.205352445 7687291092 607313 56685  347
40.217352466 7687899673 608581 56683  88
40.229337508 7688501859 602186 56674  226
40.241340616 7689101305 599446 56678  140
40.253353981 7689709514 608209 56676  117
40.265352775 7690317515 608001 56678  557
40.277364524 7690910435 592920 56674  858
40.289354511 7691519028 608593 56677  496
40.301352356 7692126914 607886 56685  361
40.313343281 7692730377 603463 56685  383
40.325341585 7693327410 597033 56688  327
40.337355141 7693935278 607868 56677  356
40.349341375 7694544070 608792 56690  584
40.361354583 7695144420 600350 56694  399
40.373342434 7695745265 600845 56689  335
40.385352559 7696353756 608491 56706  344
40.397353813 7696961786 608030 56697  110
40.409353625 7697566941 605155 56679  237
40.421342966 7698163044 596103 56686  596
40.433362318 7698771752 608708 56691  376
40.445356703 7699379910 608158 56675  169
40.457339080 7699987675 607765 56686  536
40.469353072 7700582039 594364 56683  376
40.481340297 7701187721 605682 56679  226
40.493341922 7701795537 607816 56690  152
40.505355410 7702403743 608206 56696  335
40.517341547 7703011342 607599 56671  710
40.529355186 7703606383 595041 56681  176
40.541352120 7704211473 605090 56673  603
40.553339889 7704819544 608071 56670  796
40.565339663 7705427314 607770 56663  258
40.577342031 7706035538 608224 56681  341
40.589360586 7706643091 607553 56678  206
40.601342058 7707236766 593675 56689  371
40.613341506 7707843813 607047 56688  556
40.625355228 7708452127 608314 56681  243
40.637340439 7709060568 608441 56680  644
40.649342457 7709668787 608219 56679  760
40.661341449 7710276711 607924 56689  358
40.673353894 7710882291 605580 56687  87
40.685353162 7711478086 595795 56677  82
40.697341383 7712085571 607485 56684  766
40.709341765 7712693730 608159 56696  294
40.721351882 7713301840 608110 56684  78
40.733341408 7713909100 607260 56685  81
40.745340185 7714516727 607627 56670  457
40.757354824 7715124746 608019 56681  740
40.769354882 7715732566 607820 56702  701
40.781342194 7716334997 602431 56687  242
40.793357736 7716934629 599632 56681  100
40.805352253 7717542430 607801 56691  82
40.817353344 7718151092 608662 56685  335
40.829341616 7718760243 609151 56683  203
40.841352497 7719368786 608543 56670  624
40.853352009 7719977457 608671 56681  62
40.865340434 7720586167 608710 56679  372
40.877342015 7721194469 608302 56689  117
40.889339100 7721803180 608711 56687  655
40.901352335 7722411637 608457 56684  130
40.913359340 7723019962 608325 56668  356
40.925356051 7723628341 608379 56673  553
40.937340753 7724237394 609053 56679  755
40.949355150 7724846233 608839 56694  448
40.961352716 7725452409 606176 56691  423
40.973340937 7726057069 604660 56691  774
40.985344891 7726662450 605381 56685  441
40.997354793 7727269059 606609 56677  758
41.009356675 7727877178 608119 56692  431
41.021341823 7728485247 608069 56689  363
41.033353535 7729093233 607986 56679  115
41.045353309 7729701310 608077 56675  738
41.057353697 7730309731 608421 56683  409
41.069348815 7730918027 608296 56680  529
41.081343053 7731527290 609263 56677  495
41.093343065 7732135596 608306 56674  95
41.105356479 7732744283 608687 56687  348
41.117343165 7733354089 609806 56672  418
41.129342040 7733964274 610185 56687  666
41.141353318 7734575712 611438 56687  368
41.153355065 7735188571 612859 56697  731
41.165341884 7735802098 613527 56701  673
41.177354292 7736415654 613556 56675  654
41.189354754 7737027178 611524 56686  556
41.201352635 7737637534 610356 56689  329
41.213340296 7738248366 610832 56694  78
41.225348214 7738858750 610384 56688  396
41.237354820 7739469294 610544 56688  224
41.249353317 7740079125 609831 56704  526
41.261355189 7740688969 609844 56671  432
41.273341404 7741299328 610359 56687  83
41.285341205 7741909370 610042 56688  390
41.297354617 7742519503 610133 56681  346
41.309340938 7743129279 609776 56694  193
41.321354890 7743738675 609396 56683  373
41.333353401 7744348728 610053 56687  105
41.345353596 7744958791 610063 56702  529
41.357341487 7745573318 614527 56689  228
41.369340556 7746192896 619578 56696  121
41.381340760 7746802743 609847 56691  89
41.393361059 7747412734 609991 56674  95
41.405355950 7748022725 609991 56687  82
41.417342405 7748632913 610188 56683  593
41.429344216 7749242324 609411 56672  897
41.441355948 7749851912 609588 56663  1218
41.453348869 7750461835 609923 56675  742
41.465336784 7751073474 611639 56683  165
41.477353612 7751696815 623341 56681  611
41.489354797 7752307254 610439 56691  286
41.501353518 7752917389 610135 56692  68
41.513342530 7753527702 610313 56682  83
41.525352835 7754138161 610459 56685  77
41.537352517 7754748915 610754 56697  273
41.549350604 7755359986 611071 56682  266
41.561340816 7755981676 621690 56688  327
41.573352141 7756596596 614920 56679  511
41.585354036 7757207901 611305 56675  906
41.597343187 7757819496 611595 56683  358
41.609342369 7758430512 611016 56684  262
41.621338523 7759041251 610739 56674  558
41.633353989 7759657774 616523 56678  463
41.645340334 7760277165 619391 56674  592
41.657342042 7760888358 611193 56697  294
41.669353300 7761499233 610875 56690  74
41.681354721 7762110389 611156 56686  79
41.693341507 7762721035 610646 56678  487
41.705363612 7763346778 625743 56695  278
41.717355283 7763958108 611330 56690  437
41.729354084 7764569575 611467 56683  414
41.741342236 7765180881 611306 56688  60
41.753341370 7765791452 610571 56671  388
41.765342859 7766416828 625376 56666  365
41.777351744 7767027565 610737 56659  511
41.789353876 7767639095 611530 56688  683
41.801341020 7768251142 612047 56691  700
41.813353188 7768863064 611922 56679  187
41.825351180 7769488459 625395 56678  404
41.837341411 7770099972 611513 56680  259
41.849346580 7770711573 611601 56686  498
41.861350722 7771323252 611679 56690  371
41.873355320 7771949166 625914 56683  350
41.885340461 7772560503 611337 56683  84
41.897340756 7773171845 611342 56685  469
41.909342665 7773783305 611460 56684  632
41.921354096 7774406202 622897 56685  190
41.933354571 7775021970 615768 56688  430
41.945353812 7775634311 612341 56673  408
41.957341011 7776246430 612119 56687  469
41.969353406 7776872145 625715 56689  695
41.981340704 7777484899 612754 56677  70
41.993342472 7778097532 612633 56688  356
42.005352927 7778710561 613029 56694  371
42.017354325 7779337125 626564 56684  127
42.029362076 7779949872 612747 56689  93
42.041340092 7780562248 612376 56686  364
42.053352700 7781176958 614710 56686  408
42.065354225 7781801259 624301 56675  567
42.077339437 7782413636 612377 56673  235
42.089342854 7783025750 612114 56679  386
42.101341679 7783651901 626151 56684  296
42.113341947 7784264961 613060 56692  356
42.125352476 7784877623 612662 56695  558
42.137352784 7785500509 622886 56697  431
42.149352486 7786116676 616167 56701  406
42.161353217 7786729245 612569 56687  130
42.173340285 7787343683 614438 56683  112
42.185355984 7787968237 624554 56665  796
42.197341478 7788581182 612945 56687  535
42.209352664 7789193832 612650 56681  655
42.221353141 7789819956 626124 56684  147
42.233340919 7790431904 611948 56682  469
42.245355144 7791043825 611921 56688  730
42.257351776 7791670340 626515 56692  448
42.269353581 7792283064 612724 56681  514
42.281352806 7792895848 612784 56684  91
42.293341518 7793523489 627641 56697  194
42.305342276 7794137531 614042 56696  436
42.317340247 7794752503 614972 56698  845
42.329355725 7795378662 626159 56687  801
42.341362297 7795992156 613494 56693  450
42.353353008 7796614465 622309 56681  644
42.365353637 7797233265 618800 56680  210
42.377353618 7797847057 613792 56675  634
42.389354447 7798474760 627703 56683  998
42.401354138 7799088448 613688 56689  1158
42.413355376 7799702343 613895 56691  180
42.425343238 7800329727 627384 56673  733
42.437355046 7800944022 614295 56684  511
42.449341014 7801564162 620140 56678  135
42.461353182 7802186081 621919 56686  480
42.473341958 7802799818 613737 56688  434
42.485352015 7803427283 627465 56689  487
42.497364647 7804041536 614253 56692  453
42.509339799 7804656408 614872 56685  409
42.521354774 7805283563 627155 56688  480
42.533343182 7805897068 613505 56677  630
42.545353294 7806524480 627412 56690  584
42.557353929 7807137963 613483 56670  513
42.569339394 7807753682 615719 56689  297
42.581355719 7808379499 625817 56681  664
42.593354380 7808993681 614182 56686  486
42.605342442 7809620833 627152 56690  198
42.617353668 7810234278 613445 56677  717
42.629343222 7810861174 626896 56679  445
42.641341811 7811475728 614554 56674  245
42.653339112 7812090280 614552 56690  634
42.665349647 7812718563 628283 56669  220
42.677354815 7813333936 615373 56688  642
42.689342787 7813962645 628709 56688  524
42.701355839 7814578203 615558 56689  593
42.713341680 7815206775 628572 56685  461
42.725342365 7815822049 615274 56685  411
42.737352356 7816441088 619039 56677  196
42.749343778 7817066010 624922 56684  736
42.761341537 7817680739 614729 56691  444
42.773353348 7818309154 628415 56683  334
42.785342003 7818924051 614897 56701  417
42.797353598 7819552939 628888 56688  479
42.809352706 7820167716 614777 56680  287
42.821362981 7820795794 628078 56682  459
42.833342276 7821410513 614719 56674  571
42.845341064 7822039319 628806 56683  679
42.857354793 7822654863 615544 56691  498
42.869341434 7823283491 628628 56678  356
42.881353919 7823898951 615460 56688  453
42.893354321 7824526804 627853 56686  433
42.905340012 7825142709 615905 56672  693
42.917354104 7825766811 624102 56677  425
42.929354660 7826386592 619781 56681  674
42.941342804 7827008459 621867 56676  363
42.953352939 7827630915 622456 56687  466
42.965341201 7828251958 621043 56679  693
42.977349529 7828875426 623468 56675  373
42.989340534 7829497294 621868 56682  428
43.001353616 7830120421 623127 56671  422
43.013354807 7830743969 623548 56692  676
43.025342119 7831366606 622637 56689  145
43.037354035 7831992507 625901 56672  464
43.049341472 7832612060 619553 56711  772
43.061355581 7833241855 629795 56687  436
43.073352803 7833858909 617054 56692  623
43.085341441 7834488954 630045 56687  445
43.097342439 7835106100 617146 56686  138
43.109351814 7835736186 630086 56701  768
43.121341316 7836353210 617024 56680  452
43.133354214 7836982600 629390 56680  452
43.145362996 7837599826 617226 56686  498
43.157353167 7838229738 629912 56677  511
43.169341063 7838847073 617335 56693  203
43.181352434 7839477112 630039 56679  610
43.193354332 7840094668 617556 56671  589
43.205342731 7840724483 629815 56683  470
43.217340189 7841353264 628781 56683  410
43.229341521 7841971404 618140 56692  597
43.241340328 7842601910 630506 56699  500
43.253335334 7843219362 617452 56678  589
43.265353096 7843849770 630408 56677  509
43.277342263 7844467664 617894 56706  492
43.289341452 7845097745 630081 56694  601
43.301349231 7845717783 620038 56682  523
43.313341378 7846345686 627903 56697  491
43.325340070 7846975815 630129 56683  653
43.337342546 7847593311 617496 56676  267
43.349353907 7848223474 630163 56683  533
43.361343395 7848840605 617131 56685  700
43.373353290 7849470864 630259 56693  383
43.385343388 7850098535 627671 56688  551
43.397353866 7850719539 621004 56673  603
43.409351955 7851351178 631639 56670  690
43.421341217 7851970886 619708 56677  445
43.433339794 7852602708 631822 56696  622
43.445354230 7853227091 624383 56673  635
43.457349268 7853853737 626646 56677  496
43.469354553 7854485717 631980 56693  659
43.481341568 7855105417 619700 56679  561
43.493352970 7855737623 632206 56693  454
43.505353769 7856365510 627887 56689  566
43.517341574 7856989900 624390 56687  646
43.529355636 7857622270 632370 56682  728
43.541341630 7858242602 620332 56686  508
43.553354622 7858874410 631808 56670  597
43.565341817 7859506359 631949 56683  562
43.577352785 7860126382 620023 56684  567
43.589342011 7860758962 632580 56685  679
43.601352813 7861381686 622724 56680  802
43.613363321 7862011028 629342 56676  599
43.625341912 7862642917 631889 56682  382
43.637342548 7863262950 620033 56688  573
43.649341039 7863894454 631504 56688  629
43.661339954 7864526027 631573 56685  642
43.673342673 7865146611 620584 56689  1288
43.685351211 7865779204 632593 56693  727
43.697354613 7866411315 632111 56693  771
43.709353261 7867031600 620285 56695  800
43.721340703 7867663614 632014 56679  930
43.733341568 7868294431 630817 56703  814
43.745341046 7868916945 622514 56687  814
43.757353615 7869549990 633045 56686  843
43.769341653 7870177451 627461 56688  665
43.781362305 7870805711 628260 56683  353
43.793343093 7871439429 633718 56704  662
43.805340685 7872064963 625534 56693  686
43.817354767 7872694758 629795 56685  656
43.829353838 7873328198 633440 56683  796
43.841353060 7873956108 627910 56695  715
43.853341018 7874585132 629024 56698  905
43.865342497 7875219400 634268 56704  650
43.877339355 7875851180 631780 56689  438
43.889341264 7876475447 624267 56691  253
43.901353576 7877109461 634014 56701  496
43.913352764 7877743276 633815 56696  422
43.925342272 7878366169 622893 56694  317
43.937361124 7879000095 633926 56691  414
43.949354868 7879634115 634020 56691  666
43.961341394 7880257348 623233 56695  418
43.973343569 7880892369 635021 56705  1060
43.985340864 7881527307 634938 56693  862
43.997341572 7882151461 624154 56687  454
44.009341201 7882786697 635236 56733  614
44.021354716 7883421025 634328 56698  701
44.033354771 7884055677 634652 56684  263
44.045353577 7884679264 623587 56690  695
44.057355158 7885315131 635867 56678  763
44.069341656 7885951741 636610 56707  1317
44.081341834 7886577268 625527 56683  968
44.093362363 7887213013 635745 56698  671
44.105343501 7887849590 636577 56681  860
44.117341712 7888486416 636826 56680  443
44.129356115 7889112591 626175 56691  758
44.141352866 7889749770 637179 56694  762
44.153355245 7890387081 637311 56688  651
44.165351380 7891017993 630912 56701  1013
44.177354225 7891649980 631987 56686  717
44.189342117 7892287606 637626 56698  667
44.201342141 7892925228 637622 56690  644
44.213342716 7893553218 627990 56684  804
44.225354375 7894190758 637540 56687  460
44.237354997 7894828034 637276 56680  960
44.249349719 7895466223 638189 56701  1732
44.261345887 7896094647 628424 56679  1274
44.273353642 7896733228 638581 56686  499
44.285355421 7897371515 638287 56683  418
44.297340258 7898009753 638238 56680  559
44.309342030 7898638492 628739 56698  621
44.321340809 7899276811 638319 56700  719
44.333340204 7899915934 639123 56708  569
44.345350285 7900554946 639012 56693  491
44.357341081 7901191123 636177 56710  819
44.369354379 7901823461 632338 56683  497
44.381354070 7902462603 639142 56699  1815
44.393342509 7903102436 639833 56689  1211
44.405341904 7903742260 639824 56699  702
44.417352823 7904373013 630753 56706  651
44.429355342 7905012898 639885 56692  695
44.441353673 7905653024 640126 56694  635
44.453343058 7906292848 639824 56702  832
44.465341812 7906930096 637248 56688  569
44.477358198 7907564345 634249 56699  687
44.489352730 7908204888 640543 56702  692
44.501351965 7908845944 641056 56689  350
44.513352490 7909486453 640509 56682  908
44.525352295 7910118217 631764 56691  721
44.537341107 7910758475 640258 56697  563
44.549341909 7911399446 640971 56697  570
44.561353947 7912040227 640781 56687  734
44.573361346 7912681734 641507 56693  682
44.585353201 7913316199 634465 56688  478
44.597342186 7913956124 639925 56693  832
44.609340804 7914598409 642285 56685  914
44.621352740 7915240661 642252 56695  612
44.633355582 7915883170 642509 56703  1597
44.645343193 7916525794 642624 56696  527
44.657341941 7917159912 634118 56692  705
44.669340120 7917801906 641994 56674  752
44.681339665 7918444677 642771 56693  692
44.693341036 7919087567 642890 56687  852
44.705354959 7919730566 642999 56683  693
44.717353050 7920366218 635652 56684  785
44.729350599 7921009081 642863 56690  1152
44.741341768 7921652242 643161 56682  673
44.753352310 7922296558 644316 56683  651
44.765355744 7922940854 644296 56699  634
44.777353823 7923584849 643995 56695  1042
44.789343621 7924221588 636739 56687  349
44.801341803 7924864650 643062 56684  682
44.813353669 7925508382 643732 56687  618
44.825354587 7926153266 644884 56694  1080
44.837341032 7926798428 645162 56709  1053
44.849353650 7927443489 645061 56687  581
44.861353056 7928088480 644991 56677  598
44.873341644 7928726121 637641 56695  859
44.885350669 7929370822 644701 56690  759
44.897354627 7930016182 645360 56694  674
44.909354433 7930661183 645001 56693  779
44.921353245 7931306102 644919 56682  704
44.933341270 7931951354 645252 56687  552
44.945342244 7932597128 645774 56686  987
44.957353604 7933235425 638297 56703  843
44.969354815 7933881740 646315 56692  799
44.981342757 7934528265 646525 56700  956
44.993341319 7935175171 646906 56697  2552
45.005339680 7935821691 646520 56692  1279
45.017333875 7936468306 646615 56689  1048
45.029358981 7937114226 645920 56690  1693
45.041341146 7937759008 644782 56710  1117
45.053361971 7938399787 640779 56694  1376
45.065343219 7939046056 646269 56675  1140
45.077341108 7939692455 646399 56681  981
45.089340313 7940339132 646677 56684  1070
45.101343092 7940985157 646025 56684  1299
45.113354460 7941632090 646933 56697  1092
45.125341879 7942278751 646661 56693  1199
45.137355857 7942925309 646558 56684  1117
45.149353359 7943567806 642497 56687  1051
45.161352304 7944211672 643866 56687  1199
45.173353296 7944858420 646748 56689  1235
45.185353798 7945506523 648103 56723  1332
45.197342776 7946154847 648324 56685  1673
45.209362701 7946803676 648829 56736  1641
45.221342806 7947452146 648470 56692  1519
45.233354825 7948100123 647977 56688  1090
45.245340974 7948747510 647387 56694  1352
45.257352922 7949395875 648365 56701  1137
45.269354140 7950043858 647983 56673  1378
45.281359665 7950685658 641800 56695  1264
45.293357391 7951333881 648223 56686  1394
45.305345262 7951982334 648453 56691  1254
45.317341267 7952630072 647738 56692  1333
45.329343172 7953278946 648874 56693  1228
45.341339661 7953928061 649115 56698  1288
45.353342056 7954577107 649046 56687  1789
45.365362918 7955226320 649213 56690  1339
45.377342996 7955875343 649023 56684  1393
45.389352255 7956523782 648439 56695  1538
45.401341013 7957173165 649383 56698  1522
45.413353275 7957822668 649503 56691  1584
45.425339974 7958471935 649267 56683  1711
45.437340878 7959118853 646918 56695  1611
45.449355374 7959765299 646446 56696  1717
45.461342456 7960414098 648799 56694  1202
45.473353974 7961063628 649530 56701  1578
45.485353099 7961712873 649245 56687  1490
45.497354768 7962362633 649760 56697  1532
45.509353249 7963012317 649684 56679  1412
45.521363676 7963661882 649565 56693  1504
45.533340277 7964310666 648784 56680  1569
45.545353555 7964960405 649739 56674  1760
45.557343314 7965610822 650417 56706  1056
45.569354439 7966260846 650024 56684  1605
45.581353201 7966911099 650253 56696  1798
45.593352883 7967561621 650522 56686  1528
45.605354289 7968211515 649894 56703  1606
45.617341726 7968861666 650151 56680  1604
45.629355876 7969511971 650305 56695  1554
45.641353257 7970162299 650328 56687  1561
45.653342182 7970812919 650620 56681  1351
45.665342258 7971463347 650428 56694  1763
45.677339519 7972113655 650308 56682  1687
45.689350185 7972763966 650311 56677  1434
45.701342569 7973414023 650057 56682  1737
45.713341135 7974064101 650078 56702  1405
45.725353143 7974713338 649237 56694  1329
45.737341135 7975360367 647029 56721  1585
45.749342221 7976008585 648218 56693  1650
45.761340169 7976658662 650077 56686  1472
45.773341801 7977309507 650845 56690  1481
45.785342143 7977960119 650612 56683  1486
45.797343562 7978610506 650387 56694  1382
45.809352884 7979260699 650193 56692  1819
45.821353276 7979910613 649914 56685  1419
45.833354777 7980561354 650741 56691  1578
45.845362092 7981211804 650450 56689  1758
45.857353344 7981862647 650843 56691  1163
45.869351810 7982513714 651067 56686  1613
45.881355458 7983164637 650923 56690  1495
45.893341147 7983815030 650393 56687  1463
45.905354226 7984466045 651015 56690  1400
45.917354224 7985116589 650544 56690  1430
45.929353712 7985766961 650372 56695  1595
45.941353861 7986417628 650667 56693  1590
45.953353159 7987068316 650688 56694  1212
45.965355088 7987718392 650076 56691  1712
45.977341863 7988368328 649936 56681  1308
45.989342039 7989018901 650573 56693  1528
46.001367267 7989669448 650547 56696  1520
46.013353069 7990320461 651013 56695  1307
46.025341940 7990973690 653229 56685  1435
46.037342212 7991626331 652641 56718  1566
46.049341031 7992277186 650855 56693  1292
46.061353893 7992927654 650468 56692  1678
46.073341672 7993578699 651045 56698  1619
46.085346774 7994229567 650868 56687  1301
46.097340626 7994880632 651065 56683  1550
46.109342131 7995530930 650298 56681  1379
46.121341425 7996181485 650555 56683  1589
46.133339274 7996832120 650635 56701  1717
46.145339283 7997482675 650555 56707  1585
46.157369496 7998133745 651070 56692  1281
46.169353660 7998784403 650658 56686  1361
46.181339829 7999434330 649927 56692  1428
46.193355261 8000084850 650520 56698  1376
46.205354153 8000736050 651200 56681  1340
46.217355715 8001387130 651080 56694  1692
46.229343252 8002038527 651397 56690  1656
46.241353652 8002689390 650863 56688  1832
46.253353103 8003339725 650335 56682  1505
46.265341695 8003990923 651198 56701  1876
46.277355600 8004641940 651017 56717  1707
46.289353266 8005292767 650827 56683  1324
46.301351768 8005943909 651142 56705  1564
46.313342222 8006595236 651327 56688  1778
46.325347842 8007248494 653258 56698  1674
46.337341863 8007902500 654006 56688  2129
46.349341758 8008553531 651031 56692  1422
46.361352637 8009204138 650607 56681  1443
46.373354485 8009854809 650671 56706  1651
46.385341727 8010506049 651240 56701  1362
46.397352503 8011156364 650315 56698  1775
46.409353348 8011806794 650430 56681  1711
46.421340819 8012457930 651136 56709  1309
46.433339942 8013108771 650841 56685  1506
46.445341156 8013759959 651188 56694  1692
46.457341442 8014410972 651013 56688  1449
46.469340180 8015060948 649976 56697  1557
46.481362436 8015711871 650923 56685  1312
46.493354468 8016362753 650882 56691  1219
46.505353450 8017018913 656160 56696  1562
46.517353378 8017669774 650861 56701  1529
46.529355664 8018320674 650900 56687  1053
46.541354816 8018971263 650589 56690  1734
46.553353904 8019622241 650978 56692  1396
46.565341863 8020273006 650765 56679  1510
46.577354888 8020923842 650836 56700  1492
46.589352674 8021574454 650612 56694  1352
46.601352592 8022225596 651142 56700  1430
46.613353901 8022875961 650365 56690  1534
46.625353400 8023526958 650997 56692  1407
46.637360165 8024183151 656193 56691  1347
46.649342124 8024834393 651242 56679  1135
46.661340775 8025485456 651063 56687  1638
46.673342240 8026136396 650940 56682  1685
46.685340176 8026786951 650555 56690  1547
46.697342024 8027438256 651305 56696  1429
46.709341990 8028089139 650883 56693  1495
46.721343221 8028740339 651200 56696  1315
46.733353984 8029391396 651057 56689  1546
46.745339689 8030046796 655400 56696  1595
46.757342017 8030698970 652174 56690  1570
46.769340633 8031350215 651245 56695  1474
46.781353171 8032001167 650952 56695  1746
46.793340833 8032651964 650797 56682  1216
46.805354902 8033302400 650436 56683  1582
46.817355174 8033953745 651345 56701  1662
46.829355536 8034604397 650652 56686  1443
46.841355575 8035255401 651004 56681  1313
46.853353373 8035912066 656665 56694  1612
46.865353532 8036563481 651415 56684  1403
46.877353367 8037215072 651591 56698  1746
46.889354369 8037866253 651181 56693  1898
46.901342288 8038517112 650859 56688  1597
46.913355263 8039168789 651677 56687  1621
46.925352945 8039820108 651319 56696  1407
46.937353334 8040471564 651456 56689  1581
46.949341435 8041128421 656857 56694  1547
46.961363005 8041779604 651183 56682  1619
46.973352563 8042430377 650773 56684  1521
46.985341465 8043081964 651587 56700  1545
46.997340761 8043733216 651252 56687  1569
47.009341595 8044384330 651114 56677  1903
47.021341244 8045035889 651559 56694  1450
47.033353473 8045693387 657498 56717  1701
47.045343048 8046344338 650951 56685  1338
47.057341951 8046995512 651174 56688  1886
47.069353818 8047647487 651975 56689  1795
47.081342334 8048299500 652013 56693  1770
47.093341307 8048951573 652073 56707  1436
47.105340448 8049607462 655889 56691  1766
47.117360481 8050259763 652301 56687  1695
47.129342028 8050911332 651569 56692  1846
47.141342210 8051562892 651560 56684  1333
47.153353856 8052214525 651633 56700  1779
47.165352784 8052866219 651694 56686  1824
47.177354727 8053518696 652477 56688  1499
47.189352715 8054175472 656776 56689  1930
47.201354810 8054827224 651752 56692  1446
47.213354826 8055479629 652405 56687  1588
47.225352504 8056131859 652230 56699  1781
47.237340790 8056784269 652410 56706  1603
47.249354222 8057436915 652646 56686  1507
47.261355164 8058093999 657084 56688  1780
47.273348316 8058746671 652672 56694  1949
47.285343541 8059399422 652751 56692  1670
47.297342196 8060052440 653018 56710  1804
47.309354408 8060705112 652672 56678  1520
47.321341487 8061361524 656412 56699  1622
47.333310960 8062015842 654318 56686  1958
47.345353761 8062669277 653435 56705  2201
47.357352616 8063322749 653472 56696  1632
47.369341145 8063976454 653705 56689  1769
47.381341164 8064630180 653726 56681  1582
47.393341325 8065289123 658943 56687  1980
47.405342621 8065943532 654409 56697  1652
47.417352079 8066598467 654935 56685  2002
47.429349398 8067253511 655044 56694  1696
47.441353794 8067908780 655269 56695  1546
47.453354398 8068568459 659679 56699  1968
47.465342004 8069224376 655917 56695  2212
47.477341055 8069880095 655719 56688  1895
47.489342757 8070536670 656575 56696  1715
47.501353810 8071193610 656940 56705  1767
47.513341155 8071854623 661013 56713  1767
47.525340037 8072513156 658533 56685  2413
47.537353410 8073174445 661289 56684  2600
47.549354878 8073836907 662462 56701  2201
47.561354157 8074501996 665089 56683  2184
47.573353819 8075168645 666649 56691  2256
47.585342098 8075835572 666927 56685  2412
47.597362256 8076502980 667408 56700  2499
47.609353418 8077170167 667187 56701  3044
47.621340777 8077836785 666618 56699  1878
47.633354846 8078504105 667320 56705  2240
47.645341491 8079171070 666965 56684  2535
47.657354163 8080928405 1757335 51959  2829
47.668354379 8085863573 4935168 56687  24425
47.680342721 8090779526 4915953 51952  25798
47.691341335 8092813896 2034370 56684  15014
47.703343371 8097026008 4212112 56703  19218
47.715343256 8102092086 5066078 56686  26938
47.727357152 8103284463 1192377 56712  18260
47.739341897 8106157118 2872655 51954  39953
47.750350359 8110227910 4070792 56687  18817
47.762352474 8114400614 4172704 56677  18873
47.774340523 8117548578 3147964 56695  22722
47.786354858 8122057273 4508695 51961  23725
47.797353227 8125586020 3528747 56690  16804
47.809341726 8126799821 1213801 56702  32366
47.821342171 8127954288 1154467 56700  49294
47.833355177 8129218645 1264357 56687  56509
47.845341525 8133519340 4300695 51965  26334
47.856353071 8137613953 4094613 56681  19656
47.868351742 8140288786 2674833 56678  19718
47.880341201 8145296004 5007218 56682  27364
47.892341217 8150346648 5050644 56688  25655
47.904363372 8151534548 1187900 56714  9407
47.916355038 8153242902 1708354 51962  40985
47.927353162 8157642608 4399706 56682  20885
47.939353495 8162712941 5070333 56684  26296
47.951352490 8165271860 2558919 51967  18029
47.962354375 8169473439 4201579 56686  20078
47.974355277 8173920793 4447354 56693  20953
47.986342106 8175114290 1193497 56705  23058
47.998343151 8176269460 1155170 56715  50690
48.010353353 8177533583 1264123 56700  56489
48.022354425 8178578881 1045298 56711  47860
48.034343121 8179844124 1265243 56725  56539
48.046353626 8181108799 1264675 56686  56528
48.058362762 8182274436 1165637 56705  49364
48.070343527 8186518366 4243930 51966  30326
48.081342529 8190586249 4067883 56687  23608
48.093353808 8193277885 2691636 56668  17618
48.105355200 8198188434 4910549 51961  31040
48.116342979 8201694978 3506544 51949  15825
48.127352777 8204376676 2681698 56691  16714
48.139353015 8205540212 1163536 56713  41462
48.151341474 8210554677 5014465 56686  24493
48.163341096 8215273096 4718419 51939  23311
48.174340438 8217344760 2071664 56680  11111
48.186341067 8221737776 4393016 56680  21349
48.198353752 8226799291 5061515 56679  26630
48.210342408 8227991220 1191929 56695  14286
48.222350830 8229145942 1154722 56705  50440
48.234357268 8230410065 1264123 56702  56440
48.246355570 8233345939 2935874 56692  35242
48.258340872 8238210495 4864556 56692  24163
48.270340641 8241511758 3301263 56689  14714
48.282350580 8245284324 3772566 51969  19902
48.293342375 8249475558 4191234 51963  20752
48.304341863 8252609177 3133619 56691  14801
48.316352993 8253822083 1212906 56703  36362
48.328355412 8258734018 4911935 56683  34083
48.340340829 8262888235 4154217 56685  19074
48.352340711 8265062997 2174762 56701  11702
48.364346648 8270078471 5015474 56679  25715
48.376350766 8275113759 5035288 56689  26151
48.388361035 8276297866 1184107 56688  16411
48.400355354 8277452812 1154946 56714  42781
48.412343246 8278717607 1264795 56721  56439
48.424342014 8279762681 1045074 56696  47915
48.436354256 8281027476 1264795 56716  56467
48.448356372 8282292047 1264571 56712  56447
48.460336400 8283556842 1264795 56721  56501
48.472342919 8284556680 999838 56701  44505
48.484342114 8285821149 1264469 56710  56508
48.496355186 8287085528 1264379 56702  56509
48.508341492 8288350394 1264866 56730  56534
48.520351881 8289615725 1265331 56685  56547
48.532350727 8290881056 1265331 56690  56534
48.544354435 8292146164 1265108 56681  56496
48.556341867 8292977134 830970 56687  45693
48.568342179 8297849007 4871873 51965  32341
48.579354498 8301644378 3795371 51967  20619
48.590354316 8304025384 2381006 56699  17899
48.602340975 8309045619 5020235 56692  27723
48.614343185 8314086735 5041116 56683  26190
48.626343167 8315276132 1189397 56681  16076
48.638356145 8317116201 1840069 51986  41577
48.649342340 8321390072 4273871 56690  19312
48.661354956 8326439041 5048969 56675  25133
48.673356188 8329021549 2582508 51966  16410
48.684341586 8333186667 4165118 56681  21352
48.696347792 8337628553 4441886 56685  22110
48.708339998 8338818914 1190361 56696  28284
48.720356240 8339974308 1155394 56723  47959
48.732355695 8341239103 1264795 56711  56394
48.744339794 8345164204 3925101 56677  33297
48.756355209 8349255192 4090988 56682  18601
48.768339831 8352402732 3147540 56682  15600
48.780347527 8357157858 4755126 51960  30330
48.791340796 8361353627 4195769 56675  20778
48.803355128 8363583621 2229994 56700  14537
48.815356257 8364718625 1135004 56718  39362
48.827341996 8369758459 5039834 56682  26892
48.839340457 8374616772 4858313 51977  25544
48.850361866 8376665606 2048834 56700  10378
48.862343008 8380938169 4272563 56692  19944
48.874341570 8385980671 5042502 56688  25301
48.886343629 8387172572 1191901 56717  18988
48.898342288 8388326874 1154302 56700  45667
48.910355390 8389591980 1265106 56724  56476
48.922341496 8390637639 1045659 56733  47101
48.934354344 8391901986 1264347 56706  56480
48.946341300 8393165437 1263451 56683  56449
48.958341888 8394429560 1264123 56707  56468
48.970342864 8398104267 3674707 51957  29061
48.981354649 8402298428 4194161 56676  20950
48.993354785 8405415283 3116855 56688  13480
49.005363741 8410428665 5013382 56686  31036
49.017354080 8413949777 3521112 51954  17085
49.028341531 8416622097 2672320 56697  12428
49.040343346 8417778017 1155920 56721  41892
49.052344232 8422802338 5024321 56687  24581
49.064353311 8427586418 4784080 51957  24348
49.075354683 8429651533 2065115 56702  14997
49.087342855 8433976060 4324527 56693  20916
49.099341037 8439032684 5056624 56692  26675
49.111342476 8440224515 1191831 56710  21961
49.123354748 8441379937 1155422 56717  43786
49.135353890 8442644508 1264571 56718  55436
49.147343472 8445592281 2947773 56693  34714
49.159349208 8450659789 5067508 56689  25333
49.171342416 8453808447 3148658 56683  14162
49.183340838 8457778012 3969565 51950  20328
49.194356237 8461864956 4086944 56676  20670
49.206356293 8465004680 3139724 56687  18369
49.218354572 8466216690 1212010 56706  36498
49.230343890 8471062401 4845711 51962  28785
49.241343122 8474568956 3506555 51950  15957
49.252342664 8477245696 2676740 56696  19241
49.264354380 8482264310 5018614 56687  26962
49.276353759 8487216109 4951799 56680  26978
49.288353497 8488475636 1259527 56691  15584
49.300355049 8489630806 1155170 56717  40986
49.312342548 8490895825 1265019 56729  56507
49.324353941 8491940899 1045074 56710  48327
49.336355052 8493205694 1264795 56717  56526
49.348353012 8494470265 1264571 56711  56523
49.360355940 8495735284 1265019 56717  56542
49.372342629 8496736018 1000734 56704  45146
49.384341474 8498001205 1265187 56719  56508
49.396356653 8499265160 1263955 56707  56481
49.408362359 8500530179 1265019 56723  56503
49.420341147 8501794974 1264795 56710  56464
49.432352097 8503059993 1265019 56725  56524
49.444341831 8504324788 1264795 56728  56526
49.456341837 8505194728 869940 56706  46218
49.468340879 8506319259 1124531 56720  56504
49.480361071 8507584502 1265243 56731  56544
49.492352383 8508849297 1264795 56721  56531
49.504342162 8510114092 1264795 56719  56525
49.516340828 8511379111 1265019 56725  56531
49.528343670 8512643906 1264795 56716  56514
49.540356392 8513908701 1264795 56722  56489
49.552355264 8515173799 1265098 56685  56500
49.564343910 8516438906 1265107 56686  56465
49.576339443 8517704237 1265331 56690  56506
49.588341135 8518969568 1265331 56689  56492
49.600341413 8520234676 1265108 56681  56490
49.612352510 8521499783 1265107 56689  56505
49.624343542 8522765114 1265331 56680  56529
49.636362170 8523266153 501039 56699  46216
49.648353509 8527079145 3812992 56688  41602
49.660341528 8531163334 4084189 56689  19706
49.672351987 8534304266 3140932 56692  15900
49.684352573 8539010693 4706427 51947  26971
49.695354608 8543245999 4235306 56682  23084
49.707355564 8545485550 2239551 56673  18775
49.719343882 8546625591 1140041 56717  34280
49.731342794 8551655625 5030034 56678  25229
49.743354947 8556465369 4809744 51958  25750
49.754355515 8558504709 2039340 56689  11368
49.766354351 8562820243 4315534 56678  20061
49.778342383 8567885902 5065659 56687  24901
49.790361509 8569077383 1191481 56707  16381
49.802343918 8570232105 1154722 56699  47253
49.814342486 8571496418 1264313 56714  56503
49.826356892 8574431878 2935460 56687  35203
49.838341051 8579277648 4845770 56674  24443
49.850342480 8582573029 3295381 56687  14310
49.862343322 8586044711 3471682 51961  19754
49.873353984 8590380191 4335480 51948  23139
49.884340979 8593608205 3228014 56677  14731
49.896343068 8594820334 1212129 56702  33895
49.908355264 8598751060 3930726 51970  31052
49.919341392 8602842355 4091295 56681  19283
49.931340322 8606008711 3166356 56701  15816
49.943341220 8610951504 4942793 51981  27921
49.954350773 8614442200 3490696 51959  16295
49.965342534 8617120296 2678096 56691  11139
49.977342720 8618301388 1181092 56710  44034
49.989356286 8619487700 1186312 56708  52665
50.001343091 8620532998 1045298 56715  47791
50.013342343 8621798017 1265019 56715  56531
50.025342802 8623062812 1264795 56717  56525
50.037343464 8624326935 1264123 56700  56508
50.049355223 8626835109 2508174 56704  41736
50.061354339 8630999264 4164155 56694  19415
50.073342424 8635441640 4442376 56689  21605
50.085353933 8638528598 3086958 56687  18176
50.097341281 8643400820 4872222 56681  24618
50.109358954 8646680756 3279936 56690  16241
50.121342650 8647892990 1212234 56702  33373
50.133353899 8651814229 3921239 51971  30175
50.144355344 8655897874 4083645 56679  21593
50.156341019 8659030869 3132995 56694  20334
50.168342932 8663660783 4629914 51959  29279
50.179352837 8667954360 4293577 56693  21995
50.191356303 8670230930 2276570 56696  15299
50.203355719 8671360782 1129852 56715  38889
50.215343901 8672599678 1238896 56710  55383
50.227341246 8674265735 1666057 56715  47639
50.239352475 8678712210 4446475 56688  21004
50.251342741 8683777227 5065017 56680  26135
50.263360350 8686325997 2548770 51977  17527
50.274356319 8690539760 4213763 56689  20033
50.286354901 8694989219 4449459 56680  21395
50.298341536 8696183282 1194063 56702  27784
50.310342405 8699646484 3463202 56687  36184
50.322356373 8703837762 4191278 51966  22147
50.333341899 8707299426 3461664 56686  15330
50.345352978 8710774632 3475206 51966  26599
50.356352120 8715071837 4297205 51953  23011
50.367341642 8718371139 3299302 56692  17126
50.379354148 8719582925 1211786 56706  34227
50.391344306 8720737647 1154722 56711  49040
50.403354362 8722002218 1264571 56719  56519
50.415361415 8723047516 1045298 56705  47383
50.427342730 8724312087 1264571 56715  56513
50.439345802 8725576434 1264347 56702  56512
50.451342964 8726597528 1021094 56709  45421
50.463342549 8727840843 1243315 56697  56487
50.475355579 8729104742 1263899 56694  56481
50.487353241 8730368669 1263927 56696  56489
50.499354090 8731632988 1264319 56705  56510
50.511340565 8732897559 1264571 56718  56522
50.523339028 8734161234 1263675 56691  56489
50.535343033 8735393046 1231812 56705  53963
50.547343252 8737786394 2393348 51967  40189
50.558353708 8741959782 4173388 56675  19437
50.570353780 8746150436 4190654 56696  18607
50.582348169 8749563208 3412772 56713  22676
50.594341538 8753804781 4241573 51965  21092
50.605343607 8757312280 3507499 56674  20412
50.617344856 8758526390 1214110 56707  29807
50.629352974 8762383541 3857151 51958  34511
50.640354733 8766543070 4159529 56676  18486
50.652351836 8769659334 3116264 56693  15499
50.664342115 8774018706 4359372 51959  23319
50.675353357 8778073657 4054951 56684  19138
50.687356503 8780793098 2719441 56682  12775
50.699354515 8782006452 1213354 56693  40028
50.711342280 8783161622 1155170 56713  51650
50.723342192 8784215403 1053781 56703  48224
50.735350392 8789299053 5083650 56679  24803
50.747356080 8794239632 4940579 51952  26080
50.758341276 8795775942 1536310 51985  11838
50.769340101 8800394496 4618554 56685  21815
50.781352427 8805453313 5058817 56693  26196
50.793343429 8806639497 1186184 56705  15511
50.805342362 8809312556 2673059 51989  42871
50.816339610 8813526136 4213580 56690  20080
50.828352520 8817795202 4269066 56695  19443
50.840340065 8820869553 3074351 56690  21590
50.852341777 8825903101 5033548 56680  25999
50.864354490 8829072415 3169314 56690  18544
50.876343209 8830284649 1212234 56708  29005
50.888359684 8831439539 1154890 56708  49416
50.900343986 8832703012 1263473 56689  56170
50.912340142 8833748120 1045108 56708  47169
50.924354991 8835012890 1264770 56705  56521
50.936351846 8836277262 1264372 56711  56519
50.948354393 8837290324 1013062 56680  44833
50.960353795 8842342038 5051714 56689  24647
50.972352033 8847289003 4946965 51955  24835
50.983356986 8849434896 2145893 56690  12198
50.995342544 8853551059 4116163 56683  19073
51.007351921 8858619803 5068744 56704  24804
51.019355993 8859812628 1192825 56687  19531
51.031341685 8862884671 3072043 56687  39906
51.043364828 8867741102 4856431 56682  24396
51.055354763 8871033830 3292728 56681  14149
51.067354902 8874498566 3464736 51979  25467
51.078353357 8878775858 4277292 51956  23146
51.089353343 8882070795 3294937 56682  17381
51.101354988 8883284177 1213382 56710  30398
51.113343327 8884439571 1155394 56714  50857
51.125354623 8885703918 1264347 56708  56439
51.137355592 8890016888 4312970 51962  27152
51.148353608 8894278595 4261707 56681  21364
51.160352133 8896769964 2491369 56696  11721
51.172339935 8901809043 5039079 56702  27675
51.184342980 8906277251 4468208 51959  22267
51.195353629 8907944324 1667073 56694  8394
51.207348359 8909953578 2009254 56694  46384
51.219343291 8914170208 4216630 56698  18612
51.231343500 8919217219 5047011 56691  25013
51.243342135 8921894080 2676861 51953  19184
51.254341694 8926056863 4162783 56691  19319
51.266344423 8930388587 4331724 56698  20472
51.278354862 8931582308 1193721 56703  32913
51.290344781 8932737254 1154946 56708  46509
51.302355101 8934002049 1264795 56719  55887
51.314342879 8935047011 1044962 56711  47658
51.326340541 8936310985 1263974 56693  56483
51.338352441 8937575369 1264384 56715  56519
51.350355040 8938744095 1168726 56699  50021
51.362354985 8939839330 1095235 56715  51929
51.374356507 8941103859 1264529 56700  56509
51.386351836 8942368332 1264473 56717  56524
51.398355182 8943633491 1265159 56731  56552
51.410341464 8944898286 1264795 56720  56538
51.422352444 8946163044 1264758 56704  56527
51.434352559 8947428100 1265056 56727  56552
51.446342014 8948156208 728108 56703  45702
51.458353426 8949421003 1264795 56726  56522
51.470359206 8950685798 1264795 56726  56530
51.482355535 8951950985 1265187 56723  56543
51.494356210 8953215836 1264851 56722  56541
51.506340382 8954480631 1264795 56718  56533
51.518349272 8955745650 1265019 56725  56542
51.530353108 8957010221 1264571 56721  56528
51.542343013 8958275016 1264795 56724  56531
51.554341982 8959540259 1265243 56730  56553
51.566340808 8960805026 1264767 56719  56530
51.578355884 8962069625 1264599 56710  56526
51.590340149 8963334644 1265019 56721  56543
51.602341989 8964599439 1264795 56722  56541
51.614355244 8965613811 1014372 56713  46612
51.626342356 8966093632 479821 56692  56246
51.638340332 8967312092 1218460 56706  56510
51.650339378 8968576439 1264347 56705  56507
51.662341607 8969841010 1264571 56708  56519
51.674361039 8971105357 1264347 56714  56512
51.686340481 8972370208 1264851 56713  56524
51.698341024 8973634723 1264515 56715  56498
51.710354596 8974898846 1264123 56695  56453
51.722353699 8976163865 1265019 56729  56499
51.734340701 8977428884 1265019 56725  56467
51.746351300 8978693007 1264123 56703  56464
51.758354213 8979957578 1264571 56715  56473
51.770343392 8981222597 1265019 56721  56507
51.782340377 8982487392 1264795 56720  56497
51.794355243 8983751971 1264579 56692  56495
51.806353992 8985017302 1265331 56690  56524
51.818342164 8986282409 1265107 56676  56525
51.830342924 8987547741 1265332 56700  56504
51.842348456 8988813072 1265331 56683  56487
51.854353479 8990078403 1265331 56691  56511
51.866354104 8991343734 1265331 56679  56544
51.878345156 8992609065 1265331 56664  56545
51.890342382 8993874172 1265107 56691  56541
51.902354551 8995139504 1265332 56690  56541
51.914340297 8996404611 1265107 56669  56533
51.926341976 8997669942 1265331 56688  56552
51.938352456 8998935273 1265331 56688  56554
51.950353344 9000200604 1265331 56694  56551
51.962355130 9001274957 1074353 56708  45324
51.974342436 9001754697 479740 56692  55985
51.986339251 9002234445 479748 56692  56424
51.998361823 9005196644 2962199 56688  43596
52.010352756 9009624169 4427525 51969  21209
52.021355712 9013066949 3442780 56685  19117
52.033356777 9017128735 4061786 56684  25717
52.045355477 9021209724 4080989 56679  20634
52.057341772 9024326520 3116796 56696  19318
52.069344044 9025539622 1213102 56707  36779
52.081354671 9030426879 4887257 51967  30128
52.092353419 9033921914 3495035 51963  16118
52.103342704 9036601305 2679391 56703  14230
52.115344506 9041630083 5028778 56688  25778
52.127341593 9046613252 4983169 56679  25619
52.139354278 9047841129 1227877 56693  12414
52.151362458 9048996523 1155394 56720  41555
52.163354303 9050261314 1264791 56720  56234
52.175354178 9052905523 2644209 56711  45504
52.187343361 9057091497 4185974 56681  19320
52.199343513 9061410195 4318698 56681  19891
52.211341209 9064493971 3083776 56688  20995
52.223352928 9069366753 4872782 56676  26429
52.235356304 9072632465 3265712 56677  18996
52.247344119 9073844429 1211964 56682  36780
52.259342342 9077770539 3926110 51981  32951
52.270353898 9081852467 4081928 56681  20160
52.282351050 9084993996 3141529 56692  16604
52.294355526 9089615155 4621159 51968  26189
52.305354865 9093916545 4301390 56686  23024
52.317364040 9096191599 2275054 56700  15245
52.329343652 9097325651 1134052 56700  40781
52.341340879 9098559675 1234024 56718  52595
52.353353877 9099604749 1045074 56709  47126
52.365353033 9100869768 1265019 56727  56536
52.377343836 9102133891 1264123 56705  56499
52.389339871 9103398462 1264571 56728  56531
52.401355936 9106091175 2692713 56696  41839
52.413354506 9110145323 4054148 56687  20342
52.425352991 9114467160 4321837 56684  21704
52.437356494 9117549931 3082771 56683  23915
52.449354280 9122411960 4862029 56668  28958
52.461355765 9125691355 3279395 56683  19306
52.473350571 9126904933 1213578 56704  33620
52.485355513 9130836450 3931517 51968  32667
52.496354022 9134923182 4086732 56680  18552
52.508353312 9138066102 3142920 56688  14232
52.520342117 9142824396 4758294 51964  26626
52.531343113 9147077372 4252976 56693  19342
52.543355199 9149262585 2185213 56701  13714
52.555343275 9150385045 1122460 56712  41148
52.567342997 9151631109 1246064 56723  55698
52.579344040 9153334317 1703208 56700  49654
52.591341578 9157744571 4410254 56696  20200
52.603343211 9162826130 5081559 56685  24518
52.615341080 9165501432 2675302 51974  19962
52.626361989 9169683612 4182180 56673  20219
52.638343362 9174017545 4333933 56686  21710
52.650339567 9175211128 1193583 56705  23785
52.662345870 9178701457 3490329 56698  35281
52.674340676 9182911879 4210422 51958  21051
52.685341065 9186336456 3424577 56694  15088
52.697342557 9189834260 3497804 51959  19837
52.708356546 9194303216 4468956 51963  22856
52.719342531 9197452298 3149082 56698  17717
52.731341688 9198666026 1213728 56694  32451
52.743355580 9199820150 1154124 56695  47282
52.755340865 9201084432 1264282 56703  56507
52.767355271 9202129977 1045545 56711  49307
52.779363201 9203394814 1264837 56728  56535
52.791344300 9204658993 1264179 56696  56509
52.803355268 9205658999 1000006 56710  50058
52.815356281 9206923794 1264795 56717  56526
52.827354277 9208188676 1264882 56725  56543
52.839343253 9209453608 1264932 56724  56555
52.851355912 9210718851 1265243 56728  56551
52.863340771 9211983646 1264795 56722  56535
52.875342410 9213248889 1265243 56724  56551
52.887355353 9214442133 1193244 56715  51661
52.899357218 9217169483 2727350 56680  41105
52.911355741 9221918507 4749024 56671  26885
52.923354417 9225336394 3417887 56691  16068
52.935343382 9228815852 3479458 51961  24060
52.946361019 9233284157 4468305 51953  23214
52.957353847 9236433576 3149419 56682  13133
52.969354236 9237647420 1213844 56709  37290
52.981355492 9242446613 4799193 56691  34913
52.993354675 9246644155 4197542 56690  21594
53.005353557 9248879346 2235191 56688  13436
53.017343086 9253932143 5052797 56682  24969
53.029355222 9258560965 4628822 51948  24791
53.040354744 9260063393 1502428 56702  13853
53.052342679 9261218563 1155170 56717  42428
53.064343726 9262483806 1265243 56730  56546
53.076342174 9264393346 1909540 52000  41597
53.087354170 9268482404 4089058 56672  19990
53.099349483 9273537292 5054888 56682  24819
53.111352658 9276333336 2796044 51960  19701
53.122354387 9280359465 4026129 56673  19472
53.134343090 9284674383 4314918 56683  22777
53.146341499 9285868779 1194396 56708  25524
53.158343255 9289304029 3435250 56697  36835
53.170340597 9293510327 4206298 51968  22471
53.181342380 9296984444 3474117 56687  15338
53.193353023 9300462144 3477700 51967  24737
53.204351824 9304760747 4298603 51942  21466
53.215341270 9308056577 3295830 56688  14353
53.227340916 9309268811 1212234 56708  33086
53.239341251 9310423309 1154498 56703  48373
53.251349991 9311687880 1264571 56719  56444
53.263356706 9312733178 1045298 56707  49630
53.275343699 9313997749 1264571 56711  56526
53.287354238 9315262544 1264795 56718  56532
53.299355510 9316285078 1022534 56702  52278
53.311356563 9321337219 5052141 56673  26903
53.323354362 9326221058 4883839 51951  24933
53.334341374 9328247048 2025990 56690  10826
53.346352930 9332522581 4275533 56698  19272
53.358345136 9337566334 5043753 56684  25140
53.370342795 9338758487 1192153 56686  18280
53.382354687 9341543110 2784623 51980  36155
53.393355446 9345699217 4156107 56682  19332
53.405362909 9349896336 4197119 56686  19219
53.417341201 9353078232 3181896 56694  17282
53.429354644 9357547295 4469063 51964  22759
53.440342492 9361077611 3530316 56691  16504
53.452341899 9362290965 1213354 56729  32997
53.464356157 9363445911 1154946 56701  50034
53.476354854 9364710706 1264795 56723  55318
53.488356089 9369030362 4319656 51970  29919
53.499352811 9373259721 4229359 56673  19908
53.511346594 9375793328 2533607 56706  9862
53.523354920 9380827619 5034291 56680  25661
53.535355486 9385328971 4501352 51955  23763
53.546341992 9386971720 1642749 56687  18493
53.558343204 9389002743 2031023 56707  40219
53.570347817 9393168235 4165492 56679  18442
53.582352946 9398233647 5065412 56678  24688
53.594354235 9400929619 2695972 51977  16669
53.605356257 9405120305 4190686 56685  19785
53.617354490 9409413247 4292942 56678  19917
53.629343602 9410606513 1193266 56713  26659
53.641352719 9411761291 1154778 56713  47831
53.653356631 9413025638 1264347 56710  56515
53.665341530 9414070488 1044850 56696  49811
53.677355529 9415335283 1264795 56720  56536
53.689354692 9416599406 1264123 56695  56506
53.701355624 9417769061 1169655 56716  53520
53.713343160 9418864935 1095874 56705  54345
53.725361927 9420128834 1263899 56696  56495
53.737344095 9421392467 1263633 56692  56480
53.749341922 9422656595 1264128 56705  56503
53.761355487 9423919859 1263264 56676  56474
53.773353677 9425183982 1264123 56704  56499
53.785344882 9426448329 1264347 56712  56513
53.797355055 9427175765 727436 56686  49739
53.809355257 9428440560 1264795 56729  56531
53.821355533 9429705414 1264854 56725  56540
53.833342045 9430969926 1264512 56712  56529
53.845342645 9432234721 1264795 56720  56538
53.857355481 9433498844 1264123 56706  56513
53.869343270 9434763639 1264795 56715  56531
53.881363476 9436027986 1264347 56723  56522
53.893354835 9437292781 1264795 56727  56535
53.905354825 9438556680 1263899 56693  56497
53.917355157 9439820803 1264123 56705  56504
53.929343669 9441085598 1264795 56720  56532
53.941341005 9442349887 1264289 56704  56506
53.953356161 9443614516 1264629 56721  56541
53.965343167 9444634689 1020173 56721  50776
53.977343020 9445114500 479811 56683  56512
53.989342193 9450128726 5014226 56680  28175
54.001352381 9454682438 4553712 51956  22007
54.012353160 9456921459 2239021 56692  9821
54.024342242 9461342374 4420915 56692  20273
54.036362665 9466405568 5063194 56683  24848
54.048342955 9467597049 1191481 56700  17121
54.060342920 9470349984 2752935 51972  39440
54.071344209 9474400434 4050450 56703  18287
54.083340709 9478716060 4315626 56695  19641
54.095352644 9481802544 3086484 56693  20083
54.107355241 9486869437 5066893 56684  24578
54.119344979 9490019438 3150001 56683  14937
54.131355119 9491232792 1213354 56707  33347
54.143354998 9492387514 1154722 56696  51920
54.155354981 9493652247 1264733 56710  56531
54.167354650 9498351269 4699022 51950  26961
54.178342578 9502509229 4157960 56685  18594
54.190355055 9504693037 2183808 56687  12901
54.202351547 9509717724 5024687 56682  24598
54.214353670 9514559667 4841943 51963  24015
54.225352455 9515843435 1283768 56692  7456
54.237356572 9517374398 1530963 51964  41210
54.248342317 9521968492 4594094 56694  22025
54.260351989 9527033756 5065264 56687  24513
54.272342962 9530007338 2973582 56687  15590
54.284342454 9534076566 4069228 56695  18486
54.296353761 9538288818 4212252 56692  23197
54.308355900 9539479627 1190809 56710  20758
54.320352596 9540634935 1155308 56724  49167
54.332353402 9541898696 1263761 56705  56492
54.344343631 9542943994 1045298 56710  48598
54.356350614 9544208565 1264571 56709  56536
54.368355776 9545472912 1264347 56704  56514
54.380353239 9546625678 1152766 56721  52021
54.392342421 9551251389 4625711 51957  33661
54.403340803 9555482015 4230626 56685  19521
54.415354483 9557712731 2230716 56683  12272
54.427354848 9562740610 5027879 56693  24913
54.439354321 9567251001 4510391 51955  22316
54.450353687 9568879699 1628698 56702  11874
54.462355503 9570979146 2099447 56703  40254
54.474342408 9575115190 4136044 56684  18474
54.486343314 9580165811 5050621 56689  24592
54.498340400 9582958783 2792972 51964  15540
54.509363406 9586996628 4037845 56684  18290
54.521356822 9591323066 4326438 56674  19783
54.533353707 9592516787 1193721 56697  23303
54.545355810 9593671957 1155170 56705  45971
54.557342410 9594936923 1264966 56720  56532
54.569343525 9598838215 3901292 56674  35465
54.581341188 9602926692 4088477 56676  18420
54.593356104 9606047824 3121132 56682  15075
54.605341707 9610539730 4491906 51964  24505
54.616341356 9614865726 4325996 56682  20813
54.628340729 9617248538 2382812 56712  12920
54.640355307 9618394658 1146120 56709  44139
54.652342084 9623426987 5032329 56668  25233
54.664348933 9628238128 4811141 51962  27263
54.675344132 9630304104 2065976 56683  10158
54.687342068 9634591829 4287725 56684  19476
54.699341521 9639684143 5092314 56678  24717
54.711341760 9640875400 1191257 56706  20441
54.723354836 9642030570 1155170 56711  46773
54.735343472 9643295365 1264795 56730  56533
54.747356528 9644340439 1045074 56706  53191
54.759351724 9645604590 1264151 56697  56510
54.771341273 9646868909 1264319 56711  56509
54.783355679 9648131818 1262909 56708  56164
54.795355078 9649134214 1002396 56702  49502
54.807342101 9650398785 1264571 56723  56534
54.819342787 9651663242 1264457 56707  56516
54.831363126 9652928151 1264909 56720  56552
54.843356973 9654193394 1265243 56738  56553
54.855354275 9655458189 1264795 56728  56540
54.867356371 9656722984 1264795 56715  56533
54.879343487 9657858410 1135426 56692  50459
54.891343616 9662510228 4651818 56689  21883
54.903354606 9667564884 5054656 56679  24512
54.915341241 9670415718 2850834 56687  22705
54.927354467 9674490362 4074644 56696  18606
54.939342390 9678825430 4335068 56699  20560
54.951354412 9680018899 1193469 56698  27630
54.963342692 9683505060 3486161 56698  34884
54.975355911 9687712690 4207630 51963  19994
54.986363047 9691160132 3447442 56688  17721
54.998341706 9694916590 3756458 51974  23720
55.009353342 9699252566 4335976 56684  20283
55.021341828 9702371801 3119235 56685  15480
55.033356494 9703585453 1213652 56710  44212
55.045355226 9704740147 1154694 56710  51773
55.057354903 9705896968 1156821 56724  55661
55.069343865 9710885865 4988897 56689  25037
55.081352424 9715407682 4521817 51953  22095
55.092342917 9717632396 2224714 56695  10522
55.104354480 9722085805 4453409 56683  20422
55.116353492 9727162420 5076615 56684  25608
55.128341531 9728354691 1192271 56705  14112
55.140361618 9731145005 2790314 51968  40963
55.151342527 9735263263 4118258 56677  18791
55.163352272 9739493926 4230663 56678  19052
55.175343042 9742661187 3167261 56691  22310
55.187353274 9747195822 4534635 51964  21823
55.198341956 9750674235 3478413 56690  15803
55.210339456 9751887559 1213324 56717  33112
55.222342375 9753042115 1154556 56714  45193
55.234342551 9754305888 1263773 56686  56486
55.246341230 9755351284 1045396 56725  48992
55.258355700 9756615855 1264571 56715  56521
55.270339962 9757880650 1264795 56723  56532
55.282342228 9758927726 1047076 56691  48516
55.294360938 9763953490 5025764 56689  27850
55.306340677 9768456301 4502811 51958  22562
55.317353332 9770723005 2266704 56707  22540
55.329341245 9775156189 4433184 56696  20295
55.341353615 9780234027 5077838 56683  24508
55.353343130 9781424752 1190725 56692  20673
55.365353967 9784205361 2780609 51954  38147
55.376354686 9788275912 4070551 56691  19602
55.388353959 9792551948 4276036 56689  19253
55.400354641 9795769166 3217218 56693  19751
55.412352647 9800250026 4480860 51966  21467
55.423353386 9803734160 3484134 56693  14949
55.435342811 9804947813 1213653 56704  32285
55.447355414 9806102320 1154507 56709  48471
55.459349561 9807366667 1264347 56706  56470
55.471355533 9812245603 4878936 56682  34017
55.483354136 9815791149 3545546 51959  15852
55.494355431 9818444361 2653212 56693  25107
55.506342398 9823485904 5041543 56684  26867
55.518342556 9827988892 4502988 51947  22061
55.529353716 9829629922 1641030 56698  11192
55.541344378 9831664251 2034329 56705  46995
55.553343628 9835826884 4162633 56692  18565
55.565356281 9840887809 5060925 56684  24693
55.577339776 9843580742 2692933 51988  14216
55.588345513 9847752422 4171680 56671  20317
55.600342488 9852067571 4315149 56679  20191
55.612363868 9853257826 1190255 56708  27341
55.624343088 9854412996 1155170 56711  43958
55.636342870 9855677567 1264571 56719  56521
55.648343969 9856722417 1044850 56697  49385
55.660352559 9857986764 1264347 56709  56518
55.672344474 9859250887 1264123 56699  56504
55.684341811 9860424160 1173273 56720  50739
55.696355414 9861516864 1092704 56705  55449
55.708353270 9862781883 1265019 56725  56544
55.720342269 9864046454 1264571 56714  56528
55.732354562 9865310801 1264347 56712  56527
55.744353961 9866575783 1264982 56716  56544
55.756355348 9867840391 1264608 56726  56534
55.768348930 9869105410 1265019 56718  56542
55.780355609 9869832844 727434 56690  47254
55.792354979 9871097641 1264797 56725  56530
55.804343061 9872361690 1264049 56702  56501
55.816342511 9873626335 1264645 56725  56532
55.828341767 9874890906 1264571 56713  56525
55.840353839 9876154805 1263899 56701  56500
55.852343879 9877419152 1264347 56709  56512
55.864343265 9878683275 1264123 56709  56517
55.876342187 9879947622 1264347 56721  56517
55.888354587 9881211888 1264266 56700  56503
55.900341640 9882476764 1264876 56733  56544
55.912340345 9883741559 1264795 56725  56534
55.924353075 9885005906 1264347 56708  56514
55.936361174 9886270477 1264571 56719  56522
55.948343864 9887290703 1020226 56702  47944
55.960341943 9887770721 480018 56710  56541
55.972355819 9888982066 1211345 56706  56532
55.984353612 9890247253 1265187 56730  56554
55.996354398 9891511775 1264522 56702  56526
56.008355555 9892776395 1264620 56713  56533
56.020357643 9894040518 1264123 56704  56519
56.032355806 9895305761 1265243 56728  56560
56.044355158 9896571004 1265243 56732  56555
56.056344081 9897835799 1264795 56722  56541
56.068355101 9899100818 1265019 56727  56546
56.080354527 9900366061 1265243 56726  56554
56.092356186 9901631080 1265019 56729  56550
56.104343762 9902895651 1264571 56706  56525
56.116355365 9904160222 1264571 56707  56530
56.128343021 9905425017 1264795 56715  56539
56.140342030 9906690036 1265019 56725  56546
56.152335643 9907954831 1264795 56721  56537
56.164341989 9909219402 1264571 56714  56527
56.176342518 9910484197 1264795 56722  56537
56.188342361 9911749216 1265019 56721  56543
56.200342871 9913014011 1264795 56714  56534
56.212342736 9914278806 1264795 56719  56539
56.224354239 9915544021 1265215 56726  56558
56.236342442 9916808396 1264375 56712  56524
56.248350604 9918073191 1264795 56730  56538
56.260356111 9919337986 1264795 56723  56532
56.272354470 9920602109 1264123 56702  56512
56.284343422 9921866680 1264571 56713  56524
56.296342805 9922951781 1085101 56718  49288
56.308356158 9923431613 479832 56696  56500
56.320353838 9923911353 479740 56688  56516
56.332353647 9924755158 843805 56705  56511
56.344351776 9926019832 1264674 56720  56513
56.356342229 9927284076 1264244 56710  56510
56.368355102 9928549095 1265019 56724  56532
56.380342044 9929813442 1264347 56724  56514
56.392340911 9931077789 1264347 56712  56504
56.404350683 9932342136 1264347 56714  56479
56.416354552 9933606259 1264123 56704  56458
56.428342379 9934871054 1264795 56723  56465
56.440341248 9936134763 1263709 56693  56420
56.452355920 9937398799 1264036 56706  56472
56.464354860 9938662751 1263952 56703  56436
56.476352953 9939927322 1264571 56718  56495
56.488342089 9941191669 1264347 56714  56490
56.500341865 9942455510 1263841 56693  56454
56.512343674 9943719386 1263876 56695  56471
56.524342581 9944982918 1263532 56696  56463
56.536342474 9946247041 1264123 56708  56464
56.548342686 9947511612 1264571 56714  56450
56.560355592 9948776183 1264571 56720  56517
56.572361742 9950040754 1264571 56716  56515
56.584341808 9951305101 1264347 56712  56510
56.596354511 9952569000 1263899 56707  56500
56.608353171 9953833123 1264123 56700  56504
56.620342839 9955097246 1264123 56707  56503
56.632343556 9956362041 1264795 56719  56533
56.644342182 9957625940 1263899 56692  56494
56.656356222 9958890287 1264347 56709  56513
56.668352727 9960154700 1264413 56688  56517
56.680355000 9961420031 1265331 56692  56554
56.692355146 9962685139 1265108 56692  56542
56.704355903 9963950470 1265331 56702  56558
56.716342216 9965215577 1265107 56698  56541
56.728352299 9966480908 1265331 56702  56560
56.740343781 9967745791 1264883 56698  56534
56.752354537 9969011122 1265331 56709  56554
56.764342103 9970276454 1265332 56715  56552
56.776342675 9971541785 1265331 56716  56563
56.788356092 9972806444 1264659 56690  56525
56.800341581 9974071551 1265107 56704  56539
56.812359011 9975336658 1265107 56712  56555
56.824343234 9976601989 1265331 56716  56562
56.836341159 9977867097 1265108 56700  56550
56.848342932 9979132204 1265107 56701  56542
56.860341265 9980397535 1265331 56709  56561
56.872343632 9981662642 1265107 56693  56537
56.884350635 9982927525 1264883 56696  56528
56.896353477 9984192856 1265331 56698  56560
56.908354526 9985458188 1265332 56689  56553
56.920341969 9986723295 1265107 56692  56538
56.932356616 9987988626 1265331 56714  56556
56.944355458 9989253957 1265331 56703  56545
56.956343267 9990518840 1264883 56699  56543
56.968343577 9991783929 1265089 56695  56543
56.980341930 9993048830 1264901 56705  56541
56.992341965 9994268078 1219248 56721  53152
57.004353906 9994747881 479803 56699  52045
57.016355515 9995227821 479940 56705  56535
57.028353704 9995707515 479694 56689  56515
57.040361924 9996187276 479761 56690  56472
57.052355417 9996667044 479768 56694  56424
57.064342806 9997280121 613077 30998  30727
57.076343889 9998037576 757455 6597  6417
57.088355768 9998795023 757447 6598  6424
57.100343334 9999552594 757571 6607  6434
57.112342427 10000310106 757512 6597  6416
57.124355803 10001067557 757451 6598  6400
57.136343203 10001825067 757510 6610  6385
57.148343376 10002582638 757571 6607  6362
57.160342102 10003340150 757512 6594  6352
57.172341278 10004097826 757676 6611  6391
57.184342947 10004855085 757259 6602  6372
57.196342533 10005612623 757538 6598  6395
57.208350040 10006370013 757390 6598  6405
57.220357009 10007127704 757691 6602  6404
57.232344745 10007885336 757632 6609  6401
57.244356918 10008642726 757390 6603  6398
57.256342517 10009400240 757514 6600  6348
57.268354747 10010157734 757494 6596  6415
57.280355480 10010915170 757436 6597  6422
57.292356173 10011672467 757297 6601  6422
57.304355958 10012429802 757335 6602  6429
57.316353948 10013187312 757510 6607  6440
57.328354771 10013944662 757350 6595  6424
57.340341593 10014702094 757432 6591  6432
57.352356259 10015459606 757512 6602  6434
57.364364992 10016217177 757571 6598  6428
57.376356392 10016974483 757306 6604  6434
57.388355805 10017732138 757655 6611  6434
57.400344007 10018489667 757529 6600  6435
57.412342450 10019247221 757554 6600  6435
57.424343396 10020004824 757603 6597  6433
57.436342083 10020762302 757478 6600  6430
57.448343066 10021519859 757557 6604  6429
57.460354759 10022277387 757528 6606  6441
57.472342861 10023034838 757451 6597  6435
57.484341894 10023792332 757494 6603  6438
57.496350913 10024549797 757465 6602  6433
57.508353766 10025307128 757331 6597  6432
57.520350798 10026064670 757542 6598  6431
57.532344422 10026822136 757466 6608  6435
57.544343818 10027579664 757528 6599  6425
57.556355327 10028337113 757449 6600  6430
57.568340267 10029094503 757390 6604  6429
57.580355737 10029852017 757514 6597  6432
57.592353933 10030609525 757508 6603  6438
57.604356273 10031367069 757544 6608  6437
57.616354935 10032124427 757358 6596  6432
57.628343398 10032881998 757571 6595  6433
57.640354257 10033639449 757451 6603  6433
57.652353547 10034397020 757571 6599  6426
57.664356057 10035154505 757485 6594  6435
57.676349153 10035912088 757583 6608  6440
57.688355686 10036669373 757285 6601  6437
57.700354966 10037426944 757571 6603  6434
57.712356311 10038184399 757455 6602  6436
57.724342401 10038941909 757510 6604  6435
57.736355924 10039699480 757571 6607  6427
57.748341173 10040457048 757568 6606  6434
57.760342253 10041214502 757454 6598  6431
57.772342949 10041971770 757268 6599  6428
57.784341222 10042729270 757500 6593  6427
57.796355012 10043486735 757465 6598  6429
57.808342474 10044244123 757388 6599  6426
57.820342767 10045001694 757571 6612  6435
57.832343867 10045759145 757451 6593  6427
57.844361086 10046516537 757392 6606  6436
57.856342783 10047273870 757333 6597  6427
57.868340972 10048031378 757508 6601  6429
57.880342781 10048788829 757451 6600  6428
57.892353952 10049546361 757532 6605  6432
57.904343764 10050303897 757536 6600  6432
57.916354647 10051061470 757573 6606  6434
57.928354060 10051818993 757523 6600  6436
57.940354119 10052576463 757470 6593  6432
57.952353812 10053333775 757312 6598  6435
57.964354375 10054091466 757691 6605  6440
57.976353558 10054848980 757514 6598  6430
57.988355950 10055606488 757508 6599  6431
58.000350510 10056363939 757451 6604  6437
58.012343260 10057100395 736456 10303  9499
58.026344946 10058345470 1245075 52007  36864
58.037355972 10059582348 1236878 51972  36690
58.048355675 10060828648 1246300 52001  36973
58.059343821 10062077415 1248767 51815  37020
58.070356133 10063318998 1241583 52009  36822
58.081355720 10064566588 1247590 51936  37031
58.092341306 10065806698 1240110 51932  36783
58.103355758 10067051055 1244357 51952  36916
58.114355585 10068300288 1249233 51960  37056
58.125341950 10069545093 1244805 52017  36899
58.136354293 10070788854 1243761 51967  36804
58.147363823 10072033242 1244388 51905  36830
58.158354212 10073282146 1248904 51926  37020
58.169354777 10074517777 1235631 52009  36622
58.180356063 10075763960 1246183 51934  36914
58.191354873 10077008722 1244762 51950  36912
58.202343009 10078258475 1249753 51938  37091
58.213355714 10079506989 1248514 51944  37000
58.224355517 10080752064 1245075 51969  36862
58.235341107 10081988102 1236038 51996  36626
58.246354792 10083233128 1245026 51980  36880
58.257343105 10084481561 1248433 51923  37009
58.268343468 10085724169 1242608 52018  36856
58.279343474 10086966634 1242465 51989  36840
58.290362393 10088208636 1242002 51982  36761
58.301343383 10089450056 1241420 51983  36803
58.312342065 10090694886 1244830 51985  36917
58.323354577 10091940103 1245217 52003  36897
58.334342540 10093181128 1241025 51927  36815
58.345342360 10094428899 1247771 51990  37010
58.356355645 10095675373 1246474 51996  36956
58.367343724 10096909803 1234430 51948  36588
58.378342461 10098156183 1246380 51915  37002
58.389355263 10099398393 1242210 51960  36799
58.400341842 10100649160 1250767 51835  37096
58.411344856 10101895415 1246255 51940  36985
58.422341855 10103140110 1244695 51965  36894
58.433356010 10104376137 1236027 51949  36632
58.444350539 10105620742 1244605 51996  36927
58.455341743 10106868985 1248243 51890  37038
58.466342002 10108112784 1243799 52011  36855
58.477343771 10109358137 1245353 52009  36928
58.488354614 10110601110 1242973 51930  36890
58.499354393 10111845141 1244031 51895  36878
58.510342909 10113090011 1244870 51981  36917
58.521360039 10114333204 1243193 52000  36904
58.532342354 10115579462 1246258 51990  36961
58.543342208 10116825243 1245781 51902  36901
58.554342237 10118073024 1247781 51981  37024
58.565355017 10119309525 1236501 52009  36684
58.576354442 10120558920 1249395 51978  37022
58.587365741 10121801271 1242351 51991  36826
58.598356324 10123050904 1249633 51932  37081
58.609353454 10124296517 1245613 51939  36976
58.620342043 10125538003 1241486 51991  36802
58.631354459 10126773803 1235800 51932  36651
58.642343575 10128019740 1245937 51872  36924
58.653344001 10129271515 1251775 51929  37100
58.664355857 10130513865 1242350 52008  36842
58.675354346 10131761498 1247633 51971  37000
58.686353632 10133002592 1241094 51935  36779
58.697354745 10134244312 1241720 51916  36790
58.708341844 10135490985 1246673 52007  36959
58.719353834 10136734987 1244002 51946  36898
58.730351077 10137979278 1244291 51976  36861
58.741355346 10139226912 1247634 51969  37015
58.752344162 10140472581 1245669 51937  36959
58.763356528 10141712087 1239506 51963  36761
58.774355588 10142956039 1243952 51909  36910
58.785355000 10144201159 1245120 51975  36923
58.796359106 10145446241 1245082 51910  36922
58.807342545 10146695011 1248770 51988  37015
58.818342804 10147938326 1243315 51907  36867
58.829342044 10149177289 1238963 51995  36715
58.840342250 10150423418 1246129 51971  36937
58.851355150 10151668326 1244908 51992  36919
58.862354382 10152910732 1242406 52008  36843
58.873351685 10154159397 1248665 51994  37037
58.884355688 10155404497 1245100 51970  36894
58.895341450 10156648191 1243694 51950  36903
58.906344117 10157894740 1246549 51977  36983
58.917344242 10159142836 1248096 51981  36975
58.928353356 10160384173 1241337 51994  36813
58.939354585 10161631084 1246911 51944  36993
58.950344974 10162876565 1245481 51939  36927
58.961354724 10164115860 1239295 52012  36705
58.972356009 10165367326 1251466 51999  37102
58.983342492 10166607475 1240149 51963  36779
58.994355222 10167856304 1248829 51864  37004
59.005335844 10169102273 1245969 51935  36950
59.016342276 10170346946 1244673 51976  36914
59.027351656 10171582839 1235893 51885  36643
59.038354172 10172828120 1245281 51895  36931
59.049353524 10174077300 1249180 51951  37061
59.060340854 10175315805 1238505 51955  36720
59.071343990 10176562978 1247173 51996  36956
59.082355717 10177802920 1239942 51984  36791
59.093342762 10179043793 1240873 51995  36803
59.104356762 10180289207 1245414 51921  36897
59.115342068 10181532914 1243707 52017  36895
59.126354997 10182776268 1243354 51955  36857
59.137354850 10184024065 1247797 51966  36997
59.148342553 10185275749 1251684 51899  37104
59.159343648 10186510198 1234449 51953  36634
59.170349648 10187756672 1246474 51929  36952
59.181355227 10188999701 1243029 51937  36877
59.192354613 10190247906 1248205 51981  37032
59.203343086 10191494007 1246101 51928  36976
59.214343289 10192736873 1242866 51935  36842
59.225345884 10193973847 1236974 51993  36677
59.236342904 10195217770 1243923 51916  36887
59.247355187 10196465254 1247484 51962  36970
59.258354820 10197709948 1244694 51973  36919
59.269353989 10198955941 1245993 51949  36957
59.280355378 10200198017 1242076 51913  36829
59.291343971 10201442767 1244750 51913  36912
59.302356367 10202688200 1245433 52006  36963
59.313349157 10203932737 1244537 51977  36893
59.324355356 10205174282 1241545 51981  36755
59.335343672 10206418066 1243784 51942  36885
59.346355122 10207665788 1247722 51954  37018
59.357356267 10208898156 1232368 51969  36504
59.368343426 10210067572 1169416 56682  43003
59.380358689 10210350909 283337 56702  56546
59.392355702 10210634220 283311 56709  56551
59.404353885 10210917535 283315 56701  56544
59.416339055 10211200736 283201 56690  56527
59.428354358 10211483977 283241 56695  56533
59.440341704 10211767293 283316 56697  56541
59.452352324 10212050515 283222 56689  56532
59.464352987 10212333710 283195 56695  56528
59.476362503 10212617016 283306 56704  56546
59.488353693 10212900312 283296 56697  56547
59.500354839 10213183588 283276 56700  56542
59.512342232 10213466904 283316 56703  56546
59.524341512 10213750150 283246 56691  56536
59.536354785 10214033391 283241 56693  56532
59.548340951 10214316682 283291 56702  56541
59.560342158 10214599853 283171 56689  56525
59.572352144 10214883079 283226 56682  56523
59.584353664 10215549209 666130 51952  51438
59.595342073 10216788753 1239544 51967  22664
59.606355039 10218021203 1232450 51924  37524
59.617354646 10219253532 1232329 51966  37520
59.628353065 10220054645 801113 56680  49192
59.640355755 10220450922 396277 56704  56475
59.652355428 10220847003 396081 56694  56519
59.664354921 10221243091 396088 56701  56539
59.676341827 10221639739 396648 56700  56537
59.688355640 10222035813 396074 56707  56549
59.700343306 10222432027 396214 56712  56550
59.712342439 10222828304 396277 56726  56563
59.724354406 10223224385 396081 56698  56531
59.736354292 10223621068 396683 56706  56555
59.748355852 10224017128 396060 56697  56534
59.760355705 10224413343 396215 56711  56556
59.772356251 10224809542 396199 56707  56553
59.784365627 10225205518 395976 56691  56537
59.796355774 10225602012 396494 56691  56521
59.808356187 10225998233 396221 56703  56540
59.820342170 10226394412 396179 56720  56565
59.832355419 10226790514 396102 56699  56538
59.844355910 10227187057 396543 56695  56544
59.856343045 10227583138 396081 56710  56544
59.868355076 10227979240 396102 56690  56534
59.880355465 10228375476 396236 56707  56554
59.892353842 10228771598 396122 56692  56534
59.904341104 10229168204 396606 56706  56551
59.916342191 10229564320 396116 56690  56541
59.928354974 10229960464 396144 56704  56542
59.940350927 10230356573 396109 56703  56542
59.952356030 10230752891 396318 56697  56535
59.964343367 10231149197 396306 56680  56515
59.976342316 10231545320 396123 56695  56536
59.988353256 10231941394 396074 56700  56541
60.000343086 10232337629 396235 56701  56550
60.012355732 10232734095 396466 56696  56544
60.024356955 10233130190 396095 56695  56538
60.036342131 10233526271 396081 56703  56541
60.048343551 10233922456 396185 56706  56547
60.060354697 10234318425 395969 56680  56520
60.072354740 10234714927 396502 56687  56530
60.084355537 10235110917 395990 56688  56526
60.096342366 10235507078 396161 56698  56541
60.108362366 10235903289 396211 56720  56559
60.120343382 10236299643 396354 56694  56532
60.132343422 10236695787 396144 56698  56524
60.144343932 10237091882 396095 56700  56532
60.156340791 10237488061 396179 56699  56542
60.168356558 10237884254 396193 56701  56551
60.180341871 10238280749 396495 56699  56543
60.192343934 10238676836 396087 56700  56541
60.204354840 10239073058 396222 56710  56553
60.216355800 10239469095 396037 56698  56543
60.228335656 10239865065 395970 56687  56526
60.240342372 10240261643 396578 56702  56545
60.252342119 10240657710 396067 56704  56539
60.264362283 10241053735 396025 56694  56537
60.276344169 10241449844 396109 56691  56525
60.288355175 10241846401 396557 56691  56531
60.300343415 10242242496 396095 56685  56536
60.312341837 10242638584 396088 56699  56537
60.324354051 10243034791 396207 56706  56554
60.336342153 10243431047 396256 56720  56566
60.348356594 10243827646 396599 56693  56530
60.360341896 10244223874 396228 56710  56557
60.372342993 10244620025 396151 56705  56552
60.384343585 10245016253 396228 56710  56556
60.396355702 10245412488 396235 56729  56567
60.408353785 10245809199 396711 56709  56545
60.420363015 10246205343 396144 56711  56551
60.432355358 10246601627 396284 56712  56557
60.444343271 10246997771 396144 56705  56544
60.456343647 10247394345 396574 56682  56526
60.468355770 10247790556 396211 56704  56544
60.480344240 10248186679 396123 56692  56537
60.492341486 10248582879 396200 56714  56561
60.504356379 10248899730 316851 56709  55868
60.516343252 10249239647 339917 56687  56336
60.528354605 10249579444 339797 56697  56413
60.540355893 10249919415 339971 56706  56453
60.552354392 10250259272 339857 56710  56424
60.564341278 10250598991 339719 56694  56428
60.576347942 10250938806 339815 56707  56429
60.588342625 10251278858 340052 56702  56449
60.600341874 10251618583 339725 56678  56419
60.612341107 10251958494 339911 56698  56463
60.624354360 10252298526 340032 56687  56439
60.636341983 10252638177 339651 56684  56417
60.648354594 10252977926 339749 56686  56409
60.660353320 10253317915 339989 56698  56449
60.672354823 10253657730 339815 56699  56442
60.684342600 10253997731 340001 56690  56454
60.696340636 10254337696 339965 56691  56437
60.708343932 10254677391 339695 56684  56417
60.720342299 10255017230 339839 56691  56416
60.732367393 10255357039 339809 56695  56420
60.744351888 10255696879 339840 56695  56442
60.756351189 10256036861 339982 56698  56463
60.768356415 10256376892 340031 56705  56432
60.780342941 10256716848 339956 56695  56442
60.792354528 10257056351 339503 56695  56399
60.804353727 10257396250 339899 56705  56446
60.816356384 10257736065 339815 56696  56430
60.828340920 10258075802 339737 56706  56440
60.840356354 10258415647 339845 56698  56446
60.852354556 10258755438 339791 56692  56425
60.864354703 10259094864 339426 56699  56399
60.876341700 10259434606 339742 56695  56442
60.888355046 10259774500 339894 56710  56440
60.900353402 10260114146 339646 56693  56425
60.912341482 10260454033 339887 56700  56446
60.924341385 10260793782 339749 56705  56428
60.936342795 10261133282 339500 56690  56402
60.948355072 10261473019 339737 56684  56434
60.960343047 10261812841 339822 56709  56436
60.972342444 10262152341 339500 56689  56410
60.984342354 10262492056 339715 56688  56433
60.996353387 10262831884 339828 56691  56434
61.008342744 10263171288 339404 56695  56396
61.020343123 10263511045 339757 56687  56430
61.032342303 10263850831 339786 56687  56418
61.044358909 10264190570 339739 56713  56435
61.056362356 10264530459 339889 56699  56449
61.068356679 10264870353 339894 56698  56442
61.080340925 10265209775 339422 56688  56395
61.092355059 10265549611 339836 56698  56456
61.104358019 10265889372 339761 56686  56424
61.116353332 10266228998 339626 56692  56432
61.128354081 10266568803 339805 56710  56453
61.140356668 10266908565 339762 56701  56432
61.152349704 10267248095 339530 56701  56412
61.164354341 10267587927 339832 56704  56453
61.176354267 10267927780 339853 56709  56443
61.188355224 10268267440 339660 56696  56433
61.200341687 10268607060 339620 56697  56423
61.212349690 10268946926 339866 56703  56453
61.224356316 10269286477 339551 56692  56394
61.236341513 10269626049 339572 56697  56419
61.248341062 10269965848 339799 56687  56443
61.260343279 10270305472 339624 56682  56417
61.272343012 10270645290 339818 56700  56440
61.284353911 10270985161 339871 56699  56458
61.296343208 10271324725 339564 56692  56393
61.308344035 10271664489 339764 56712  56452
61.320341624 10272004360 339871 56692  56450
61.332352904 10272344104 339744 56700  56431
61.344341854 10272683672 339568 56688  56423
61.356339784 10273023507 339835 56692  56441
61.368355460 10273363041 339534 56701  56398
61.380362087 10273728198 365157 56687  56381
61.392358700 10274124287 396089 56704  56561
61.404343369 10274520487 396200 56700  56546
61.416332260 10274916449 395962 56696  56542
61.428356316 10275313048 396599 56713  56550
61.440344532 10275709171 396123 56688  56525
61.452342812 10276105288 396117 56708  56557
61.464355218 10276501501 396213 56721  56559
61.476356498 10276897687 396186 56710  56551
61.488342238 10277294349 396662 56694  56541
61.500354358 10277690346 395997 56698  56541
61.512355991 10278086504 396158 56696  56534
61.524347058 10278482501 395997 56690  56537
61.536358761 10278878554 396053 56695  56543
61.548343890 10279275076 396522 56707  56550
61.560342563 10279671241 396165 56700  56540
61.572356221 10280067407 396166 56710  56553
61.584342350 10280463382 395975 56680  56519
61.596344337 10280860002 396620 56701  56548
61.608354836 10281256030 396028 56682  56521
61.620354990 10281652094 396064 56682  56527
61.632341253 10282048259 396165 56714  56560
61.644344673 10282444382 396123 56711  56542
61.656354286 10282840904 396522 56708  56557
61.668355612 10283236915 396011 56694  56537
61.680342449 10283633115 396200 56713  56559
61.692365656 10284029218 396103 56699  56536
61.704356379 10284425249 396031 56686  56530
61.716354859 10284821848 396599 56702  56538
61.728341596 10285217929 396081 56694  56536
61.740354875 10285614059 396130 56702  56543
61.752333158 10286010245 396186 56710  56550
61.764343038 10286406627 396382 56685  56531
61.776358421 10286802743 396116 56709  56545
61.788354684 10287198866 396123 56702  56547
61.800344074 10287594884 396018 56686  56532
61.812344527 10287991021 396137 56704  56556
61.824343691 10288387669 396648 56693  56529
61.836340887 10288783764 396095 56700  56542
61.848363870 10289179922 396158 56707  56552
61.860353367 10289575842 395920 56688  56518
61.872340956 10289972021 396179 56714  56549
61.884355900 10290368655 396634 56704  56543
61.896356183 10290764778 396123 56703  56542
61.908356210 10291161055 396277 56727  56566
61.920341039 10291557192 396137 56689  56531
61.932343132 10291953742 396550 56708  56551
61.944355166 10292349921 396179 56703  56544
61.956355406 10292745946 396025 56704  56536
61.968355832 10293142097 396151 56704  56541
61.980343619 10293538373 396276 56712  56557
61.992354672 10293934973 396600 56706  56546
62.004354202 10294331068 396095 56698  56538
62.016350469 10294727135 396067 56698  56538
62.028360738 10295123244 396109 56693  56533
62.040354998 10295519492 396248 56708  56549
62.052343168 10295915959 396467 56707  56546
62.064355314 10296312194 396235 56722  56555
62.076343941 10296708268 396074 56693  56533
62.088354784 10297104349 396081 56705  56544
62.100356461 10297500948 396599 56696  56534
62.112341670 10297897092 396144 56712  56563
62.124341253 10298293104 396012 56684  56531
62.136342303 10298689373 396269 56701  56546
62.148354654 10299085538 396165 56710  56543
62.160340367 10299482025 396487 56689  56533
62.172351953 10299878113 396088 56686  56531
62.184355073 10300274337 396224 56709  56553
62.196355080 10300670422 396085 56693  56541
62.208344466 10301066818 396396 56701  56549
62.220356569 10301463060 396242 56693  56541
62.232344559 10301859246 396186 56700  56545
62.244353953 10302255341 396095 56695  56548
62.256338675 10302581655 326314 56700  55926
62.268343102 10302921596 339941 56699  56297
62.280354485 10303261657 340061 56709  56432
62.292355248 10303601496 339839 56697  56431
62.304354179 10303941131 339635 56697  56413
62.316342458 10304281078 339947 56687  56422
62.328361242 10304620941 339863 56699  56450
62.340352868 10304960987 340046 56695  56461
62.352342651 10305301012 340025 56703  56451
62.364355284 10305640760 339748 56689  56438
62.376358818 10305980576 339816 56693  56429
62.388355004 10306320565 339989 56699  56447
62.400354831 10306660403 339838 56706  56452
62.412339984 10307000494 340091 56707  56461
62.424352133 10307340513 340019 56702  56450
62.436353437 10307680388 339875 56706  56451
62.448340293 10308020184 339796 56697  56425
62.460342767 10308360138 339954 56704  56446
62.472341633 10308700061 339923 56706  56451
62.484364343 10309040044 339983 56697  56445
62.496342306 10309379955 339911 56691  56427
62.508340376 10309719746 339791 56698  56443
62.520354733 10310059429 339683 56689  56415
62.532354876 10310399373 339944 56689  56436
62.544343570 10310739146 339773 56700  56427
62.556342309 10311079075 339929 56684  56445
62.568340589 10311419058 339983 56700  56444
62.580353263 10311758855 339797 56697  56435
62.592340469 10312098670 339815 56699  56435
62.604342136 10312438647 339977 56698  56440
62.616352319 10312778336 339689 56686  56424
62.628339348 10313118361 340025 56695  56455
62.640355059 10313458362 340001 56703  56447
62.652350369 10313798303 339941 56708  56452
62.664342682 10314137932 339629 56704  56411
62.676352728 10314477892 339960 56690  56447
62.688354549 10314817835 339943 56684  56438
62.700354272 10315157498 339663 56691  56428
62.712343135 10315497459 339961 56703  56456
62.724353882 10315837353 339894 56701  56446
62.736356982 10316176895 339542 56691  56407
62.748354845 10316516808 339913 56692  56449
62.760336241 10316856672 339864 56690  56436
62.772342208 10317196346 339674 56685  56423
62.784354845 10317536391 340045 56708  56467
62.796354671 10317876218 339827 56696  56428
62.808349735 10318215706 339488 56698  56402
62.820354585 10318555703 339997 56684  56445
62.832354638 10318895663 339960 56703  56456
62.844340947 10319235457 339794 56695  56438
62.856341041 10319575400 339943 56693  56452
62.868343374 10319915348 339948 56701  56446
62.880355374 10320254938 339590 56696  56404
62.892343091 10320594947 340009 56702  56467
62.904342481 10320934865 339918 56696  56441
62.916340711 10321274599 339734 56688  56426
62.928340350 10321614596 339997 56709  56465
62.940354908 10321954644 340048 56698  56450
62.952342831 10322294151 339507 56691  56407
62.964351397 10322634148 339997 56698  56461
62.976355080 10322974113 339965 56695  56440
62.988341733 10323313941 339828 56695  56429
63.000341670 10323653759 339818 56705  56447
63.012352533 10323993750 339991 56693  56459
63.024355053 10324333482 339732 56701  56413
63.036354094 10324673312 339830 56704  56450
63.048341563 10325013368 340056 56694  56459
63.060353296 10325353329 339961 56711  56458
63.072342303 10325693141 339812 56701  56438
63.084353197 10326033095 339954 56690  56454
63.096352756 10326372854 339759 56702  56417
63.108343463 10326712552 339698 56686  56434
63.120362233 10327052345 339793 56690  56443
63.132354510 10327312955 260610 42760  42405
63.156475124 10327314142 1187 57  1
63.171619010 10327315461 1319 93  13
63.187607152 10327316648 1187 57  0
63.198619885 10327319927 3279 211  37
