0.010114048 82656726 82656726 9350  82
0.027174665 181141408 98484682 365  20
0.043149706 196347850 15206442 64007  26058
0.054883806 197615252 1267402 74522  45224
0.066881445 199415658 1800406 84997  57440
0.078874141 201254574 1838916 84998  58725
0.090862961 203172893 1918319 84993  55440
0.102865447 205097100 1924207 85001  55845
0.114866166 206950395 1853295 85003  55893
0.126878022 208864697 1914302 85003  55131
0.138862271 210726432 1861735 84999  56686
0.150872832 212639586 1913154 85010  55648
0.162872131 214553408 1913822 84998  56457
0.174873127 216407802 1854394 84998  55992
0.186889106 218322957 1915155 85004  55813
0.198862726 220244445 1921488 84991  56234
0.210878548 222100285 1855840 84996  55966
0.222874918 224009913 1909628 84982  55673
0.234873714 225929728 1919815 84980  55126
0.246859726 227784619 1854891 84988  47310
0.258875693 229693892 1909273 84991  50158
0.270874989 231577733 1883841 84984  45901
0.282862159 233466127 1888394 84986  48601
0.294863671 235375933 1909806 84993  45928
0.306862647 237289490 1913557 85013  46561
0.318859400 239142935 1853445 85008  46093
0.330858889 241048875 1905940 84995  44823
0.342868662 242958163 1909288 84997  47052
0.354872592 244809531 1851368 84987  44865
0.366872145 246727873 1918342 84990  46129
0.378864031 248664463 1936590 85016  45331
0.390871381 250537923 1873460 84978  46018
0.402863124 252468064 1930141 84996  45096
0.414870163 254396058 1927994 84999  44463
0.426861099 256329868 1933810 84990  45553
0.438875553 258197912 1868044 85016  43964
0.450871612 260118965 1921053 84984  44625
0.462860075 262046524 1927559 85001  43757
0.474871134 263916385 1869861 85001  44441
0.486873581 265838938 1922553 85001  43954
0.498881677 267757845 1918907 84993  44045
0.510864913 269684810 1926965 84991  44964
0.522874729 271546868 1862058 84993  44068
0.534876573 273461383 1914515 84999  44322
0.546862659 275378485 1917102 84996  43544
0.558860635 277274792 1896307 85009  44763
0.570872994 279167270 1892478 84994  43494
0.582855775 281082226 1914956 84993  43896
0.594859227 283002319 1920093 84993  44302
0.606860583 284908364 1906045 84988  43988
0.618876017 286778696 1870332 84989  44337
0.630872366 288690051 1911355 84992  43536
0.642858786 290604293 1914242 84997  43725
0.654869448 292524128 1919835 85003  44042
0.666857842 294379644 1855516 85013  44485
0.678873335 296289077 1909433 85003  43421
0.690862667 298195282 1906205 85024  45360
0.702861100 300107147 1911865 85014  45983
0.714873060 301961073 1853926 85014  45380
0.726871676 303863805 1902732 84995  44261
0.738874282 305769789 1905984 85003  43525
0.750869432 307681154 1911365 85003  43769
0.762871925 309602032 1920878 85004  44029
0.774871661 311457071 1855039 84991  43932
0.786863021 313368641 1911570 84988  43958
0.798859313 315280596 1911955 84989  44014
0.810863504 317189202 1908606 84998  44057
0.822880703 319101533 1912331 84992  43859
0.834860169 320955711 1854178 84989  44021
0.846863362 322868488 1912777 84997  43590
0.858871535 324773334 1904846 84996  43652
0.870872371 326677836 1904502 84983  43821
0.882876427 328586241 1908405 84994  44353
0.894873458 330492415 1906174 84993  44659
0.906860830 332338820 1846405 84996  44186
0.918858140 334240956 1902136 84995  44090
0.930876516 336144935 1903979 84999  44022
0.942859662 338049185 1904250 85004  44068
0.954875969 339949612 1900427 85002  43624
0.966875091 341852388 1902776 84991  44081
0.978882351 343757097 1904709 84989  44361
0.990873258 345599397 1842300 84992  44056
1.002858134 347496033 1896636 85002  43878
1.014876390 349395815 1899782 84987  43897
1.026858922 351291484 1895669 84997  43937
1.038862093 353185294 1893810 84998  43693
1.050870292 355083348 1898054 85014  44298
1.062862991 356982721 1899373 84996  44168
1.074873722 358831400 1848679 84990  43871
1.086858471 360714774 1883374 84995  43898
1.098873324 362608541 1893767 84990  43848
1.110875646 364496612 1888071 84992  43995
1.122863027 366393827 1897215 85001  43831
1.134868409 368303159 1909332 85013  43929
1.146875599 370217691 1914532 84994  44154
1.158874091 372133604 1915913 84988  43687
1.170871832 374046838 1913234 84997  43990
1.182862831 375960236 1913398 84987  43871
1.194872120 377812023 1851787 84984  44549
1.206871304 379720558 1908535 85009  44751
1.218859550 381626935 1906377 85006  44468
1.230863919 383531454 1904519 84982  44489
1.242871762 385438016 1906562 84998  43908
1.254869785 387342760 1904744 85014  44603
1.266859878 389248271 1905511 85012  43952
1.278859384 391148517 1900246 84990  44317
1.290882638 393050176 1901659 84999  44644
1.302871877 394952491 1902315 85024  44603
1.314859223 396855885 1903394 85019  44621
1.326862026 398761731 1905846 84998  44123
1.338869496 400665471 1903740 84984  44432
1.350871762 402567342 1901871 84993  44162
1.362860632 404465461 1898119 85001  44125
1.374859568 406365637 1900176 84992  44474
1.386873328 408263812 1898175 84986  44260
1.398874914 410161282 1897470 85008  44217
1.410863281 412059868 1898586 84986  43885
1.422858784 413957318 1897450 84996  44219
1.434875537 415855335 1898017 85005  44158
1.446874073 417748861 1893526 84991  44089
1.458869093 419640629 1891768 84989  44314
1.470860586 421534474 1893845 85002  44258
1.482871326 423426417 1891943 84997  44239
1.494874986 425318086 1891669 85001  44325
1.506857699 427218551 1900465 84996  44564
1.518864292 429119576 1901025 84996  44482
1.530872388 431017240 1897664 84996  44584
1.542873251 432912478 1895238 84991  44289
1.554863281 434810234 1897756 85001  44135
1.566862851 436703754 1893520 84984  44063
1.578863131 438597906 1894152 85000  44049
1.590858284 440489003 1891097 85001  44303
1.602871534 442380843 1891840 84990  44585
1.614882797 444271501 1890658 84996  44874
1.626876189 446162881 1891380 85001  44878
1.638875200 448054044 1891163 84999  44787
1.650864966 449942620 1888576 84995  44900
1.662871078 451831889 1889269 84988  45068
1.674858365 453713814 1881925 84994  44469
1.686861901 455600051 1886237 85005  44697
1.698871538 457492551 1892500 84995  44630
1.710862558 459383609 1891058 84994  44887
1.722872314 461271261 1887652 84997  44767
1.734873334 463156750 1885489 84989  44604
1.746859043 465044597 1887847 85003  44862
1.758870827 466925455 1880858 84997  44510
1.770873340 468824733 1899278 84985  44682
1.782861443 470747394 1922661 85006  44992
1.794859886 472627494 1880100 85007  44670
1.806864359 474507283 1879789 85004  44731
1.818874426 476386365 1879082 84995  45035
1.830860898 478262910 1876545 84984  45219
1.842869722 480136499 1873589 85003  45339
1.854862858 482009075 1872576 84994  44844
1.866859861 483896123 1887048 84998  45014
1.878860628 485829242 1933119 84997  45274
1.890871544 487800694 1971452 84986  45152
1.902873204 489791593 1990899 85011  44850
1.914871023 491738792 1947199 84986  44732
1.926867297 493687402 1948610 84991  44928
1.938861756 495633411 1946009 84989  44624
1.950860062 497584386 1950975 84992  44867
1.962860623 499532152 1947766 84985  44976
1.974863735 501478030 1945878 84998  44920
1.986873396 503476755 1998725 84986  44434
1.998862955 505416688 1939933 85014  44538
2.010858988 507361891 1945203 85014  44828
2.022872948 509301060 1939169 85005  44606
2.034858971 511241769 1940709 84987  44833
2.046871848 513176963 1935194 85003  44734
2.058863070 515174627 1997664 84999  44555
2.070859197 517112257 1937630 84988  44489
2.082863583 519051028 1938771 85003  44585
2.094878810 520995301 1944273 84998  44906
2.106871936 522934050 1938749 84990  45119
2.118870312 524874759 1940709 84998  45105
2.130873503 526855635 1980876 85003  44934
2.142874652 528790108 1934473 85003  45239
2.154860121 530726552 1936444 85002  45127
2.166873238 532657711 1931159 85007  45135
2.178870208 534610950 1953239 85020  44908
2.190859574 536577089 1966139 85006  44807
2.202861931 538504619 1927530 85001  45460
2.214862193 540433693 1929074 84986  45385
2.226870627 542363720 1930027 85008  45527
2.238874883 544350682 1986962 85009  45125
2.250879610 546281409 1930727 84996  45115
2.262858579 548215334 1933925 84997  45260
2.274861229 550152985 1937651 84997  45704
2.286863342 552144955 1991970 84993  45085
2.298863362 554074804 1929849 84999  44934
2.310874522 556003813 1929009 84997  45572
2.322875801 557936790 1932977 85007  51940
2.334864878 559921817 1985027 84990  66486
2.346867451 561844628 1922811 84983  72220
2.358877954 563772456 1927828 84992  71370
2.370873417 565699724 1927268 84991  67793
2.382835549 567684798 1985074 85001  59707
2.394875121 569602797 1917999 85000  54347
2.406883367 571526491 1923694 84993  53331
2.418872747 573449819 1923328 84999  52384
2.430858074 575427447 1977628 84989  50889
2.442875444 577352868 1925421 84995  50203
2.454863127 579277815 1924947 84997  50384
2.466863113 581255327 1977512 84989  49176
2.478859033 583170115 1914788 85000  48762
2.490875223 585092009 1921894 84982  48385
2.502871436 587013617 1921608 85000  48431
2.514869700 588982550 1968933 85007  47670
2.526862279 590903506 1920956 84993  48170
2.538862048 592822329 1918823 84994  48022
2.550871845 594790375 1968046 84992  47126
2.562871889 596703820 1913445 84986  47268
2.574860152 598617557 1913737 84980  47555
2.586859551 600589714 1972157 84990  47167
2.598870611 602499335 1909621 84989  46832
2.610860838 604420106 1920771 84997  46742
2.622862998 606412262 1992156 84990  46250
2.634871001 608346335 1934073 84983  46165
2.646872481 610285194 1938859 84990  46266
2.658875298 612267984 1982790 84991  45918
2.670863490 614198267 1930283 84999  45780
2.682857851 616129986 1931719 84988  46341
2.694874798 618111038 1981052 85008  45165
2.706863144 620045180 1934142 84997  46561
2.718859464 622031985 1986805 84995  46314
2.730885637 623956355 1924370 84993  46125
2.742875413 625879836 1923481 84988  46683
2.754859053 627861035 1981199 85003  45923
2.766870792 629784121 1923086 84993  46055
2.778875533 631705816 1921695 84997  46039
2.790872376 633682579 1976763 85004  45508
2.802859209 635608093 1925514 84989  46120
2.814860409 637587703 1979610 84987  45662
2.826870589 639508208 1920505 84990  45409
2.838860689 641428732 1920524 85021  45808
2.850857442 643406860 1978128 85012  45429
2.862861242 645325590 1918730 85005  45940
2.874874379 647295117 1969527 84991  45548
2.886885008 649210280 1915163 84986  45717
2.898862629 651155980 1945700 85008  46073
2.910862485 653097893 1941913 85006  45738
2.922873742 655011966 1914073 85003  46586
2.934858468 656979963 1967997 84996  45637
2.946871635 658894422 1914459 84997  46296
2.958858677 660859096 1964674 84994  45552
2.970871561 662772148 1913052 84991  45483
2.982875688 664715323 1943175 84996  46238
2.994857011 666663502 1948179 84988  45289
3.006869963 668581931 1918429 84988  46431
3.018869520 670554544 1972613 84995  45754
3.030872807 672477705 1923161 85013  46240
3.042867973 674446021 1968316 84992  45888
3.054863776 676359959 1913938 84987  45874
3.066871580 678327649 1967690 85001  45911
3.078874917 680244642 1916993 84996  45845
3.090859466 682208563 1963921 84989  45406
3.102871169 684119334 1910771 84999  46169
3.114871492 686084922 1965588 84993  45967
3.126859972 687989551 1904629 85002  46397
3.138863489 689950993 1961442 84997  46009
3.150863168 691857643 1906650 84996  45838
3.162873752 693823939 1966296 84996  45958
3.174862375 695735000 1911061 85003  45917
3.186869741 697695328 1960328 84996  45776
3.198869147 699602100 1906772 84997  45879
3.210860321 701563787 1961687 84990  46191
3.222874608 703468607 1904820 84995  46756
3.234862671 705427607 1959000 84994  46258
3.246862664 707333756 1906149 84995  46873
3.258875451 709287711 1953955 84997  46015
3.270858211 711190165 1902454 84999  46039
3.282871621 713146198 1956033 85001  46242
3.294862930 715053494 1907296 84979  46558
3.306872171 716999475 1945981 84991  46255
3.318871128 718898449 1898974 84995  46960
3.330860157 720855845 1957396 84990  46445
3.342875577 722842337 1986492 85006  46299
3.354870284 724793829 1951492 85004  46360
3.366880121 726794892 2001063 85002  46155
3.378862594 728743601 1948709 84994  47025
3.390862148 730744651 2001050 85004  45957
3.402860300 732688908 1944257 84998  46402
3.414875058 734689198 2000290 84992  46112
3.426859761 736688195 1998997 84996  46257
3.438868825 738628796 1940601 84997  46533
3.450871887 740625869 1997073 84988  45983
3.462873334 742570733 1944864 84994  46443
3.474862995 744566092 1995359 84993  46005
3.486863025 746556249 1990157 85007  45984
3.498872428 748492034 1935785 84994  46204
3.510863381 750484445 1992411 84991  45716
3.522867395 752480490 1996045 84999  46264
3.534864248 754421733 1941243 84980  46291
3.546874645 756412374 1990641 84988  46234
3.558872218 758349357 1936983 85006  46688
3.570862612 760336161 1986804 85001  46174
3.582873655 762325103 1988942 84985  46505
3.594874558 764262766 1937663 84998  46650
3.606859338 766246576 1983810 84991  46322
3.618871605 768233840 1987264 85004  46374
3.630862565 770165979 1932139 84988  46196
3.642873619 772149522 1983543 85000  46425
3.654874522 774133874 1984352 84992  46087
3.666870968 776059203 1925329 84994  46580
3.678879762 778039797 1980594 84994  46317
3.690871239 780022684 1982887 84992  46211
3.702863169 781953416 1930732 84994  46630
3.714862255 783946725 1993309 84995  46498
3.726859062 785936296 1989571 85010  46595
3.738872229 787870957 1934661 84975  46825
3.750862945 789858194 1987237 84992  46463
3.762875852 791844878 1986684 85004  46465
3.774870433 793830502 1985624 85002  46659
3.786859032 795755552 1925050 85000  47170
3.798859912 797738513 1982961 84986  46640
3.810863319 799722983 1984470 84985  46990
3.822858769 801648515 1925532 84988  47066
3.834859222 803628348 1979833 84997  46772
3.846883963 805603878 1975530 84992  47160
3.858858503 807582244 1978366 84985  46510
3.870875636 809504651 1922407 84990  46911
3.882875149 811483774 1979123 84978  46821
3.894871610 813463509 1979735 84998  46514
3.906863597 815441912 1978403 85000  47067
3.918860873 817363328 1921416 84989  46772
3.930872736 819340171 1976843 85008  46871
3.942858096 821313764 1973593 84985  47136
3.954871260 823286752 1972988 84990  46558
3.966859016 825205247 1918495 84990  47030
3.978873500 827181077 1975830 84988  46424
3.990870686 829152077 1971000 84997  46466
4.002875940 831118827 1966750 85011  47023
4.014876300 833048871 1930044 84995  47208
4.026871204 835003212 1954341 84996  47081
4.038860653 836968090 1964878 85002  46896
4.050863010 838946246 1978156 85002  46794
4.062864894 840936189 1989943 84989  46766
4.074871977 842874988 1938799 84997  47147
4.086872494 844862340 1987352 84998  46417
4.098862770 846851953 1989613 84997  46815
4.110870121 848842360 1990407 84992  46939
4.122859440 850825358 1982998 84992  47046
4.134871647 852814362 1989004 84998  46724
4.146861307 854746187 1931825 84991  47190
4.158868404 856731269 1985082 84993  47625
4.170871324 858711852 1980583 84998  47375
4.182874741 860694711 1982859 84987  48200
4.194857678 862681830 1987119 84993  47333
4.206873944 864662267 1980437 84993  47156
4.218875067 866644723 1982456 84993  47541
4.230873311 868569611 1924888 84995  47268
4.242859910 870551012 1981401 85001  47331
4.254859221 872534885 1983873 84995  46883
4.266870738 874515476 1980591 84997  46890
4.278857160 876494228 1978752 84990  47386
4.290874582 878472283 1978055 84998  46937
4.302861021 880448955 1976672 84994  47170
4.314883855 882430119 1981164 85002  47153
4.326871901 884411915 1981796 85003  47771
4.338861074 886330615 1918700 84980  48139
4.350872618 888303324 1972709 85000  47439
4.362868748 890280834 1977510 84998  47376
4.374860359 892254448 1973614 84999  47503
4.386862909 894219149 1964701 85010  46946
4.398861266 896187927 1968778 85007  47600
4.410873013 898163230 1975303 85004  47139
4.422874782 900138036 1974806 84997  47293
4.434858936 902117295 1979259 84993  47567
4.446857643 904098175 1980880 84990  47419
4.458862970 906076150 1977975 85002  47428
4.470871117 908054832 1978682 84995  46940
4.482870084 910034533 1979701 84995  47510
4.494861547 911951935 1917402 84985  47607
4.506870724 913919034 1967099 84996  47149
4.518862594 915888146 1969112 84990  47050
4.530859738 917860954 1972808 84982  47359
4.542875221 919833928 1972974 84992  47601
4.554875035 921800876 1966948 84996  47370
4.566876112 923765227 1964351 84983  46899
4.578862508 925728915 1963688 84989  47110
4.590859798 927694484 1965569 85014  47250
4.602874326 929663328 1968844 85011  47278
4.614868852 933682238 4018910 84979  31998
4.626871779 939005847 5323609 84990  17998
4.638868526 944983596 5977749 84984  16518
4.650872000 950371045 5387449 84987  18085
4.662874730 955963924 5592879 84998  20204
4.674862640 961766738 5802814 84996  16453
4.686871433 967071039 5304301 84995  19057
4.698871214 973128380 6057341 85003  16199
4.710860437 978292793 5164413 77908  16454
4.721871723 983611387 5318594 84995  18421
4.733858613 989281558 5670171 84992  17789
4.745871130 994997992 5716434 84986  16927
4.757874833 1000512195 5514203 84990  18334
4.769859377 1006361374 5849179 84990  16143
4.781859031 1011541298 5179924 77909  15917
4.792871863 1016722877 5181579 77897  15866
4.803860541 1021903009 5180132 77908  15807
4.814863607 1027090686 5187677 77900  15691
4.825874066 1032396392 5305706 84992  17442
4.837858263 1038126052 5729660 84981  19021
4.849859059 1043777375 5651323 84986  20032
4.861848868 1049360165 5582790 84993  21748
4.873833746 1055183163 5822998 84986  19340
4.885874530 1060510502 5327339 84986  22844
4.897859184 1066551082 6040580 84987  18676
4.909861887 1071883221 5332139 84981  20273
4.921859283 1077936659 6053438 84993  16722
4.933871630 1083265403 5328744 84997  18421
4.945869041 1089230144 5964741 84983  17566
4.957872608 1094634735 5404591 84988  17948
4.969860371 1100361501 5726766 84989  17879
4.981875358 1106031163 5669662 84994  16745
4.993871852 1111631036 5599873 84982  18107
5.005860992 1117399203 5768167 84975  16012
5.017859185 1122844371 5445168 84991  19541
5.029870719 1128780428 5936057 84988  15825
5.041873856 1134669438 5889010 84977  18897
5.053863053 1139871267 5201829 84987  19164
5.065873196 1145704240 5832973 84980  17020
5.077869943 1151660863 5956623 84988  17887
5.089877274 1157000142 5339279 84985  17755
5.101858907 1162852110 5851968 84992  16656
5.113879123 1168540605 5688495 84994  16408
5.125861644 1173938121 5397516 84984  19051
5.137862117 1180080831 6142710 84992  16462
5.149859941 1185341736 5260905 77914  15603
5.160875360 1190753281 5411545 84983  17350
5.172863446 1196370516 5617235 84983  17712
5.184871323 1202281988 5911472 84985  15966
5.196870080 1207531551 5249563 77909  16092
5.207860842 1212933130 5401579 84981  17050
5.219858476 1218647160 5714030 84987  17368
5.231859209 1224450867 5803707 84985  15998
5.243862750 1229719436 5268569 77905  15989
5.254859941 1234973299 5253863 77910  16167
5.265868287 1240386438 5413139 84989  16953
5.277857128 1246132474 5746036 84980  17200
5.289861765 1251911458 5778984 84983  15759
5.301861594 1257175293 5263835 77910  15761
5.312859957 1262424958 5249665 77903  15915
5.323862442 1267689264 5264306 77901  15265
5.334873404 1273091658 5402394 84985  17070
5.346862002 1278741637 5649979 84987  17444
5.358858385 1284620235 5878598 84993  15732
5.370863722 1289873769 5253534 77899  16010
5.381859675 1295139302 5265533 77905  15313
5.392863351 1300533198 5393896 84979  17007
5.404859984 1306235112 5701914 85004  17400
5.416871495 1312089539 5854427 84986  15781
5.428864378 1317479579 5390040 84974  18786
5.440856874 1323627619 6148040 84988  15209
5.452861858 1328874911 5247292 77901  15681
5.463860995 1334081541 5206630 77913  15613
5.474862077 1339560914 5479373 84985  17053
5.486859787 1345224594 5663680 84984  17517
5.498871371 1351113260 5888666 84980  15070
5.510862731 1356505336 5392076 84980  18600
5.522858375 1362651391 6146055 84993  15531
5.534871325 1367932238 5280847 77901  15854
5.545870288 1373193294 5261056 77912  15702
5.556860539 1378478247 5284953 77912  15059
5.567871799 1383884006 5405759 84985  17806
5.579875349 1389933839 6049833 84983  16654
5.591862869 1395454856 5521017 84983  17325
5.603858129 1401237988 5783132 84995  17338
5.615874483 1407023757 5785769 84988  16212
5.627868070 1412545315 5521558 84978  18172
5.639872214 1418571156 6025841 84988  15774
5.651875051 1423991885 5420729 84979  18901
5.663872625 1430136975 6145090 85007  15913
5.675871128 1435406951 5269976 77905  15558
5.686868994 1440639208 5232257 77898  15632
5.697871453 1446066306 5427098 84987  17368
5.709872646 1451849893 5783587 84984  17192
5.721861207 1457640027 5790134 84990  16270
5.733879924 1463289865 5649838 84994  17698
5.745859944 1469200677 5910812 84976  15733
5.757875504 1474707992 5507315 84995  18655
5.769869451 1480772609 6064617 84989  15747
5.781862358 1486194316 5421707 84992  18021
5.793862985 1492338264 6143948 84984  15744
5.805861236 1497599143 5260879 77903  15756
5.816864435 1502880134 5280991 77907  15597
5.827859593 1508144478 5264344 77907  15692
5.838862329 1513422467 5277989 77919  15154
5.849869315 1518690329 5267862 77901  15498
5.860874774 1524093910 5403581 85002  17579
5.872874611 1530148279 6054369 84984  16756
5.884882468 1535658367 5510088 84991  17200
5.896863228 1541457536 5799169 84987  17072
5.908859168 1547229113 5771577 84978  16580
5.920863322 1552870964 5641851 84986  17846
5.932869326 1558807194 5936230 84982  15787
5.944861479 1564287104 5479910 84996  18859
5.956860413 1570348884 6061780 84997  14993
5.968860380 1575757296 5408412 84995  18387
5.980872380 1581896623 6139327 84980  15779
5.992859321 1587170824 5274201 77895  15813
6.003863830 1592432116 5261292 77904  15514
6.014857292 1597714585 5282469 77898  14825
6.025863098 1602973735 5259150 77911  15474
6.036872124 1608394994 5421259 84985  17663
6.048862720 1614547521 6152527 84989  16548
6.060872891 1619965973 5418452 84986  17279
6.072862341 1626116642 6150669 84988  16172
6.084862188 1631378550 5261908 77911  15640
6.095870668 1636665648 5287098 77905  15386
6.106861466 1641958610 5292962 77902  15835
6.117867222 1647211291 5252681 77902  15632
6.128875954 1652635760 5424469 84983  17232
6.140872581 1658745176 6109416 84980  16528
6.152863984 1663972185 5227009 77901  15514
6.163862470 1669245867 5273682 77902  15892
6.174857719 1674694550 5448683 84984  16913
6.186869799 1680501837 5807287 84984  16632
6.198861826 1686247788 5745951 84991  16595
6.210875613 1691973366 5725578 84988  18353
6.222861768 1697834450 5861084 84981  16858
6.234875675 1703451603 5617153 84988  18276
6.246873805 1709402091 5950488 84988  15824
6.258856588 1714892358 5490267 84986  19159
6.270863422 1720960023 6067665 84990  15560
6.282870919 1726438218 5478195 84982  18923
6.294861149 1732515811 6077593 84983  15251
6.306863629 1737932448 5416637 84991  18678
6.318863953 1744076216 6143768 84984  15871
6.330875153 1749497414 5421198 84980  18356
6.342868483 1755638751 6141337 84990  16266
6.354868935 1761058141 5419390 84974  17373
6.366871875 1767106024 6047883 84984  16312
6.378871529 1772580349 5474325 84978  17020
6.390860146 1778575168 5994819 84982  17528
6.402862979 1784138393 5563225 84981  16603
6.414862857 1789972987 5834594 84988  16963
6.426869711 1795706211 5733224 84981  16824
6.438876478 1801548415 5842204 84988  17684
6.450860925 1807306102 5757687 84981  17024
6.462859359 1813112851 5806749 84995  17008
6.474871109 1818883199 5770348 84989  16491
6.486863544 1824692639 5809440 84970  17404
6.498859011 1830454555 5761916 84988  16406
6.510865914 1836257873 5803318 84993  17600
6.522875411 1842041452 5783579 84972  16179
6.534862388 1847872449 5830997 84984  17029
6.546863115 1853604406 5731957 84992  16553
6.558874427 1859426873 5822467 84981  17540
6.570874964 1865192255 5765382 84984  16708
6.582874824 1871008910 5816655 84992  16676
6.594858514 1876771202 5762292 84988  16617
6.606863815 1882544315 5773113 84992  17277
6.618871062 1888372227 5827912 84985  17422
6.630875093 1894246944 5874717 84982  17007
6.642862789 1899944671 5697727 84989  16496
6.654872717 1905774164 5829493 84984  17368
6.666881997 1911506868 5732704 84986  16810
6.678869938 1917325739 5818871 84985  17396
6.690863292 1923073794 5748055 84984  16153
6.702871569 1928922135 5848341 84996  17371
6.714874603 1934638816 5716681 84996  16710
6.726860147 1940471716 5832900 84990  17398
6.738870934 1946232931 5761215 84986  17333
6.750861297 1952060169 5827238 84976  16971
6.762869655 1957791193 5731024 84992  16596
6.774872552 1963504001 5712808 84985  17603
6.786858428 1969345248 5841247 84991  16083
6.798860153 1975031911 5686663 84994  18176
6.810871807 1980908412 5876501 84983  15035
6.822872750 1986540824 5632412 84984  18332
6.834864597 1992439281 5898457 84981  15369
6.846858684 1997970140 5530859 84997  18904
6.858860198 2003998259 6028119 84981  15241
6.870860313 2009486498 5488239 84987  18315
6.882871603 2015559943 6073445 84988  15558
6.894873070 2021052663 5492720 84988  18579
6.906875374 2027134354 6081691 84989  15576
6.918874391 2032552668 5418314 84984  17901
6.930858382 2038698918 6146250 84992  15531
6.942863176 2044109933 5411015 84996  18542
6.954874076 2050287115 6177182 84991  15543
6.966862870 2055784055 5496940 84984  18815
6.978859367 2061833639 6049584 84995  15030
6.990881040 2067294932 5461293 84982  18397
7.002874895 2073396075 6101143 84985  15591
7.014868949 2078826880 5430805 84984  18777
7.026861939 2084955313 6128433 84987  15536
7.038874089 2090391733 5436420 84989  17743
7.050860010 2096511573 6119840 84984  15654
7.062863123 2101926514 5414941 84972  18279
7.074863641 2108079507 6152993 84993  16067
7.086863441 2113493042 5413535 84994  17788
7.098869769 2119639723 6146681 84987  15484
7.110871179 2125041497 5401774 84982  18282
7.122863686 2131181793 6140296 84978  15572
7.134878924 2136600079 5418286 84993  18148
7.146879804 2142748185 6148106 84992  15524
7.158874611 2148170107 5421922 84978  18199
7.170860522 2154310738 6140631 84992  15741
7.182858165 2159749713 5438975 84979  18359
7.194872432 2165862125 6112412 84980  15659
7.206861566 2171279312 5417187 84985  17375
7.218858900 2177414512 6135200 84981  15757
7.230872063 2182833174 5418662 84983  18213
7.242871645 2188990386 6157212 84984  16045
7.254874908 2194398824 5408438 84984  18089
7.266857189 2200547407 6148583 84986  15181
7.278860392 2205966892 5419485 84991  18679
7.290874509 2212109031 6142139 84985  15355
7.302869577 2217575132 5466101 84983  18561
7.314860388 2223659283 6084151 84981  15255
7.326874921 2229076250 5416967 84982  18047
7.338871815 2235198892 6122642 84996  15695
7.350869359 2240631591 5432699 84986  18124
7.362860293 2246783371 6151780 84999  15930
7.374870840 2252243332 5459961 84974  18211
7.386861761 2258339526 6096194 84990  15275
7.398859272 2263820929 5481403 84987  18585
7.410870922 2269909836 6088907 84985  15606
7.422863176 2275401634 5491798 84979  18593
7.434869267 2281480623 6078989 84980  14916
7.446872698 2287008727 5528104 84981  18516
7.458860608 2293020214 6011487 84986  15393
7.470880956 2298661330 5641116 84978  18833
7.482871733 2304584057 5922727 84984  15228
7.494860327 2310211259 5627202 84989  18183
7.506864087 2316141033 5929774 84980  15377
7.518857762 2321811590 5670557 84988  18508
7.530873002 2327705358 5893768 84985  15754
7.542860079 2333410240 5704882 84987  17851
7.554876227 2339260587 5850347 84973  16216
7.566875507 2345015091 5754504 84987  17485
7.578863178 2350816078 5800987 84982  16287
7.590875719 2356594939 5778861 84988  17597
7.602857569 2362373260 5778321 84979  16090
7.614862003 2368237909 5864649 84982  16944
7.626883248 2373925175 5687266 84986  16774
7.638861171 2380025888 6100713 84982  17388
7.650862655 2385336092 5310204 77905  15505
7.661871944 2390769046 5432954 85000  16969
7.673874378 2396891282 6122236 84988  16216
7.685870093 2402311254 5419972 84988  17596
7.697859796 2408461899 6150645 84986  16314
7.709873667 2413870062 5408163 84980  17641
7.721863344 2420019312 6149250 84986  15649
7.733859288 2425415563 5396251 84984  18364
7.745871609 2431561778 6146215 84990  15535
7.757860389 2437050363 5488585 84983  18621
7.769870010 2443137730 6087367 84987  14911
7.781885097 2448718503 5580773 84999  18206
7.793860864 2454690260 5971757 84981  15460
7.805874476 2460399580 5709320 84984  18288
7.817875579 2466240558 5840978 84988  15799
7.829860256 2471889718 5649160 85001  17500
7.841874441 2477776865 5887147 84992  15707
7.853858095 2483451223 5674358 84985  18105
7.865876469 2489335363 5884140 84984  16498
7.877859812 2495086519 5751156 84997  17582
7.889875457 2500879538 5793019 84993  16091
7.901874621 2506701795 5822257 84982  17282
7.913860537 2512188634 5486839 77904  15262
7.924860000 2517485802 5297168 77907  15527
7.935865689 2522924612 5438810 84991  16427
7.947872467 2529077276 6152664 84991  16778
7.959859051 2534331767 5254491 77915  15320
7.970876364 2539752286 5420519 84977  17992
7.982871474 2545894606 6142320 84985  15653
7.994861688 2551349362 5454756 84994  17941
8.006870799 2557477939 6128577 84987  15193
8.018857989 2563116426 5638487 84998  18273
8.030863416 2569030483 5914057 84981  15592
8.042871521 2574745236 5714753 84984  18243
8.054859485 2580600758 5855522 84987  15363
8.066860518 2586379352 5778594 84981  17701
8.078871830 2592185021 5805669 85000  16364
8.090880960 2598263488 6078467 84993  17480
8.102870230 2603784429 5520941 84984  16976
8.114861575 2609959528 6175099 84994  16004
8.126871695 2615378268 5418740 84983  17737
8.138860452 2621532906 6154638 85010  16118
8.150862410 2626976731 5443825 84996  18227
8.162872697 2633118471 6141740 84987  15492
8.174870718 2638549768 5431297 84981  18123
8.186869665 2644683996 6134228 84991  15564
8.198872543 2650226025 5542029 85001  18309
8.210859346 2656310974 6084949 84985  15496
8.222871380 2661961217 5650243 84992  17915
8.234860791 2667888400 5927183 84982  15971
8.246872092 2673658217 5769817 84996  17485
8.258867742 2679472722 5814505 84986  16700
8.270859006 2685291268 5818546 84988  17242
8.282874144 2691056688 5765420 84984  16279
8.294859867 2697148231 6091543 84987  16749
8.306872179 2702478034 5329803 77903  15161
8.317874730 2707925395 5447361 84985  18379
8.329858302 2714065583 6140188 84993  15425
8.341873702 2719557120 5491537 84974  18208
8.353857733 2725654946 6097826 84988  15338
8.365860417 2731381606 5726660 84981  18578
8.377870527 2737253177 5871571 84977  16119
8.389860889 2743016718 5763541 84982  17257
8.401859589 2748605950 5589232 77907  15334
8.412879772 2754083362 5477412 84984  16842
8.424860636 2760212208 6128846 84980  16834
8.436856897 2765529063 5316855 77899  15505
8.447863506 2770804824 5275761 77901  14866
8.458870625 2776332882 5528058 84978  18124
8.470863857 2782393020 6060138 84982  15412
8.482859890 2788043117 5650097 84981  18316
8.494863948 2793977918 5934801 84990  15898
8.506871692 2799755025 5777107 84986  17174
8.518868910 2805548297 5793272 84989  16349
8.530863704 2811572052 6023755 84987  16998
8.542872598 2816999258 5427206 77907  15470
8.553859833 2822256021 5256763 77897  15349
8.564867569 2827693009 5436988 84992  17630
8.576863567 2833828112 6135103 84981  15516
8.588860574 2839350209 5522097 84984  18397
8.600869319 2845438037 6087828 84979  16053
8.612863403 2851157272 5719235 84994  17657
8.624871467 2857000942 5843670 84986  16241
8.636859851 2862841964 5841022 84985  17387
8.648860029 2868370943 5528979 77906  15355
8.659861961 2873694552 5323609 77905  15450
8.670873281 2879110818 5416266 84986  17588
8.682871321 2885250818 6140000 84998  16011
8.694862966 2890659669 5408851 84985  18089
8.706863740 2896820149 6160480 84983  15653
8.718880274 2902349338 5529189 84985  18588
8.730873031 2908407336 6057998 84994  15018
8.742862755 2914166287 5758951 84998  18014
8.754862873 2919963905 5797618 84979  16556
8.766857283 2925907577 5943672 84984  17753
8.778860228 2931536475 5628898 84975  16898
8.790859158 2937710412 6173937 85000  16229
8.802873833 2943123400 5412988 84987  17902
8.814875400 2949282560 6159160 84985  15797
8.826860351 2954850008 5567448 84983  18413
8.838871578 2960853514 6003506 84992  15127
8.850869980 2966547689 5694175 84984  17965
8.862872110 2972415937 5868248 84996  15424
8.874870991 2978197561 5781624 84975  18093
8.886870588 2984005047 5807486 84987  16746
8.898862855 2990069822 6064775 84987  16438
8.910874230 2995575707 5505885 84992  16913
8.922872221 3001725687 6149980 85000  16345
8.934869502 3007167912 5442225 84985  18357
8.946873646 3013281514 6113602 84991  15223
8.958870930 3018828679 5547165 84982  17459
8.970859884 3024873178 6044499 84987  15310
8.982861305 3030561302 5688124 84985  18184
8.994872869 3036453332 5892030 84986  16361
9.006859932 3042287707 5834375 84978  16763
9.018868957 3047842416 5554709 77899  14837
9.029859513 3053112011 5269595 77903  15093
9.040879782 3058538742 5426731 84996  17721
9.052863744 3064685725 6146983 84986  15643
9.064860104 3070121576 5435851 84976  17863
9.076874668 3076266503 6144927 84985  15286
9.088859719 3081946842 5680339 84979  18431
9.100870159 3087820623 5873781 84983  16299
9.112860877 3093645346 5824723 84987  17826
9.124861411 3099163628 5518282 77914  14921
9.135871131 3104643746 5480118 84997  17055
9.147874515 3110789319 6145573 84991  16276
9.159859269 3116222634 5433315 84982  18304
9.171861650 3122342950 6120316 84984  15187
9.183857744 3127877549 5534599 84978  17476
9.195869521 3133921485 6043936 84976  15437
9.207871032 3139689732 5768247 84991  18396
9.219871230 3145502024 5812292 84980  16965
9.231861150 3151553547 6051523 84992  16757
9.243858961 3156909491 5355944 77905  15140
9.254872080 3162314591 5405100 84977  17931
9.266857485 3168455845 6141254 84986  15604
9.278874049 3173967568 5511723 85000  18408
9.290871826 3180037951 6070383 84990  14664
9.302859790 3185785440 5747489 84983  17948
9.314859485 3191576339 5790899 84972  16133
9.326862412 3197458017 5881678 84993  17192
9.338874926 3203130377 5672360 84994  16928
9.350869763 3209278741 6148364 84991  15930
9.362883555 3214703073 5424332 84978  17784
9.374871709 3220836304 6133231 84995  15496
9.386862143 3226402518 5566214 84990  18445
9.398860224 3232422856 6020338 84998  14929
9.410861751 3238178193 5755337 84987  17836
9.422860866 3243956876 5778683 84986  16301
9.434869816 3249869268 5912392 84985  16854
9.446859718 3255341830 5472562 77893  15187
9.457855197 3260616690 5274860 77909  14951
9.468862134 3266041726 5425036 84989  17841
9.480859338 3272136674 6094948 84985  15301
9.492860266 3277616788 5480114 84994  18050
9.504859139 3283728038 6111250 84983  15418
9.516877917 3289392310 5664272 84991  17717
9.528865074 3295255706 5863396 84988  15818
9.540859832 3301006940 5751234 84986  17245
9.552876644 3306814255 5807315 84988  16748
9.564874628 3312890834 6076579 84986  16727
9.576875709 3318376794 5485960 84981  16554
9.588859232 3324497779 6120985 84978  16004
9.600858427 3329924003 5426224 84987  17850
9.612860704 3336100469 6176466 84976  15387
9.624873026 3341669348 5568879 84985  17801
9.636875950 3347635479 5966131 84990  15571
9.648859797 3353376379 5740900 84990  17495
9.660858952 3359174189 5797810 84989  16165
9.672880133 3365177558 6003369 84996  17189
9.684857987 3370532652 5355094 77913  14734
9.695875040 3375989555 5456903 84993  17345
9.707873947 3382120927 6131372 84981  15860
9.719859479 3387561231 5440304 84981  18230
9.731863409 3393675291 6114060 84979  15518
9.743859154 3399322866 5647575 84983  17433
9.755875348 3405236530 5913664 84993  15886
9.767857075 3410990318 5753788 84992  17635
9.779875687 3416809932 5819614 84997  17317
9.791874751 3422925108 6115176 84992  16350
9.803860698 3428204309 5279201 77894  14691
9.814859271 3433600014 5395705 84979  18066
9.826881739 3439749031 6149017 84998  15462
9.838859769 3445447325 5698294 84976  18291
9.850869177 3451311941 5864616 84979  15443
9.862863745 3457178291 5866350 84983  17496
9.874860766 3462834795 5656504 84988  16444
9.886872297 3468857325 6022530 84990  17155
9.898861657 3474242815 5385490 77912  15343
9.909864367 3479499725 5256910 77903  14727
9.920858769 3484970811 5471086 84981  18070
9.932856947 3491053105 6082294 84984  15236
9.944872712 3496777469 5724364 84979  18085
9.956874703 3502596290 5818821 84978  16233
9.968871674 3508455364 5859074 84997  16420
9.980859101 3513893834 5438470 77909  15169
9.991872244 3519382158 5488324 84985  16557
10.003863592 3525539723 6157565 84982  16709
10.015869063 3530922992 5383269 85007  17210
10.027872347 3537056910 6133918 84978  15138
10.039873794 3542510647 5453737 84984  18355
10.051872199 3548620874 6110227 84978  15035
10.063872053 3554396374 5775500 84988  18157
10.075860604 3560161612 5765238 84987  15870
10.087871335 3566240851 6079239 84983  16914
10.099868646 3571528094 5287243 77902  15167
10.110862116 3576807330 5279236 77906  14908
10.121856985 3582289025 5481695 84978  18049
10.133860579 3588373445 6084420 84984  14557
10.145873904 3594119779 5746334 84979  18074
10.157872677 3599896861 5777082 84983  16462
10.169872109 3605959180 6062319 84994  17295
10.181858937 3611287791 5328611 77902  15442
10.192863193 3616549206 5261415 77903  14754
10.203860639 3622084320 5535114 84981  18092
10.215860829 3628109689 6025369 84988  15379
10.227877557 3633908826 5799137 84991  18006
10.239875228 3639631189 5722363 84990  16129
10.251860862 3645708399 6077210 84978  16463
10.263857323 3650991083 5282684 77903  15266
10.274872143 3656420049 5428966 84982  17318
10.286859234 3662557594 6137545 84982  16013
10.298868481 3667959318 5401724 84982  17876
10.310860676 3674100387 6141069 84985  14878
10.322861150 3679775337 5674950 84984  18082
10.334862827 3685611669 5836332 84984  15755
10.346857229 3691426687 5815018 84991  17350
10.358864063 3697136789 5710102 84991  16030
10.370870725 3703206755 6069966 84986  16515
10.382875572 3708666185 5459430 84989  17413
10.394859223 3714806685 6140500 84983  16407
10.406858684 3720196702 5390017 84972  18154
10.418859291 3726338464 6141762 84981  14906
10.430870309 3731931730 5593266 84990  18479
10.442864161 3737867128 5935398 84980  15364
10.454879755 3743749349 5882221 84990  18214
10.466874632 3749399170 5649821 84983  16189
10.478872214 3755515868 6116698 84982  16598
10.490859922 3760770880 5255012 77908  15077
10.501871601 3766191366 5420486 84974  17891
10.513870579 3772342206 6150840 84977  15020
10.525861237 3777983298 5641092 84998  17632
10.537859522 3783867995 5884697 84986  16180
10.549862155 3789674606 5806611 84988  16758
10.561875400 3795384666 5710060 84990  16422
10.573872405 3801518151 6133485 84990  16877
10.585871452 3806918167 5400016 84989  16862
10.597856890 3813028610 6110443 84988  15547
10.609873394 3818491927 5463317 84980  17792
10.621867479 3824589762 6097835 84992  15515
10.633861503 3830254448 5664686 84981  17738
10.645858924 3836088806 5834358 84993  15633
10.657873329 3841875523 5786717 84992  17283
10.669871177 3847607249 5731726 84983  16864
10.681858661 3853743928 6136679 84990  16542
10.693873862 3859137543 5393615 84982  17130
10.705871343 3865255091 6117548 84980  15674
10.717871201 3870751609 5496518 84988  17957
10.729860152 3876800409 6048800 84980  15321
10.741860213 3882530832 5730423 84987  17890
10.753863417 3888306895 5776063 84983  15641
10.765870215 3894138020 5831125 84972  16854
10.777870210 3899810155 5672135 84989  16631
10.789873321 3905959881 6149726 84991  17030
10.801871472 3911341532 5381651 84981  17656
10.813872370 3917462471 6120939 84979  15155
10.825860687 3922933850 5471379 84984  18225
10.837859121 3928991297 6057447 84988  15069
10.849883216 3934739434 5748137 85002  18121
10.861861721 3940504576 5765142 84989  15986
10.873863075 3946622815 6118239 84985  16840
10.885860552 3951865151 5242336 77907  15115
10.896872129 3957345902 5480751 84995  17775
10.908859130 3963423355 6077453 84999  15165
10.920874554 3969075033 5651678 84993  17481
10.932877886 3974929060 5854027 84991  15651
10.944873307 3980791124 5862064 84983  17027
10.956862578 3986299669 5508545 77902  15109
10.967863228 3991533984 5234315 77908  15235
10.978875000 3996928376 5394392 84986  16903
10.990873658 4003020326 6091950 84983  15263
11.002871446 4008526652 5506326 84989  17671
11.014858207 4014576666 6050014 84984  15990
11.026872705 4020297993 5721327 84995  16966
11.038860829 4025907803 5609810 77898  14318
11.049859542 4031154233 5246430 77912  14967
11.060873475 4036561741 5407508 84993  17432
11.072875773 4042694771 6133030 84983  15311
11.084881254 4048187076 5492305 84984  17601
11.096857648 4054193436 6006360 84981  15220
11.108874013 4059919617 5726181 84982  17350
11.120863994 4065695080 5775463 84978  15849
11.132860072 4071727253 6032173 84978  16826
11.144864926 4077078619 5351366 77900  14425
11.155873886 4082500932 5422313 84995  17673
11.167863490 4088611578 6110646 84981  15099
11.179857601 4094253142 5641564 84987  17906
11.191872669 4100158376 5905234 84985  15188
11.203872573 4105898208 5739832 84977  16937
11.215872008 4111678397 5780189 84989  16112
11.227861275 4117752535 6074138 84993  16511
11.239859893 4123079077 5326542 77903  15088
11.250870253 4128464033 5384956 84985  17304
11.262870350 4134580233 6116200 84985  14858
11.274862538 4140070826 5490593 84998  18010
11.286870973 4146131580 6060754 84987  15127
11.298872077 4151936094 5804514 84986  17548
11.310875365 4157668350 5732256 84996  15920
11.322861723 4163808157 6139807 84985  16326
11.334874591 4169193559 5385402 84989  17245
11.346870125 4175327495 6133936 84986  15392
11.358861480 4180840008 5512513 84978  18014
11.370859817 4186867245 6027237 84985  14518
11.382859312 4192620096 5752851 84984  17550
11.394871966 4198392071 5771975 84978  16049
11.406880548 4204532519 6140448 84980  16744
11.418874266 4209927818 5395299 84980  17139
11.430857110 4216059394 6131576 84990  14955
11.442874138 4221581046 5521652 84982  18039
11.454861370 4227589010 6007964 84980  15337
11.466861204 4233373400 5784390 84986  17343
11.478860042 4239099666 5726266 84988  15587
11.490872180 4245238047 6138381 85000  16704
11.502860494 4250473450 5235403 77899  14869
11.513858201 4255955683 5482233 84979  17533
11.525874272 4262032089 6076406 84996  14871
11.537874234 4267686637 5654548 84986  17236
11.549875472 4273531424 5844787 84988  15605
11.561876493 4279374986 5843562 84981  16920
11.573859983 4284903252 5528266 77909  14930
11.584860773 4290147851 5244599 77907  15098
11.595859356 4295550360 5402509 84978  17018
11.607874904 4301687651 6137291 84985  14828
11.619875582 4307296409 5608758 85000  17527
11.631871137 4313206511 5910102 84985  16259
11.643859948 4319006399 5799888 84985  16562
11.655860570 4324567776 5561377 77910  14340
11.666864399 4329956492 5388716 84974  17416
11.678869994 4336076806 6120314 84984  15164
11.690860475 4341690100 5613294 84983  17950
11.702872496 4347608788 5918688 84991  14712
11.714881191 4353381768 5772980 84976  17460
11.726876682 4359101024 5719256 84977  16088
11.738862383 4365186189 6085165 84983  16442
11.750872621 4370631946 5445757 84979  17084
11.762869049 4376731354 6099408 84997  15199
11.774860340 4382133316 5401962 84982  17559
11.786859071 4388229738 6096422 84993  14891
11.798861399 4393838638 5608900 84989  17895
11.810875151 4399751310 5912672 84986  14977
11.822873239 4405491653 5740343 84988  17129
11.834871533 4411242201 5750548 84978  15978
11.846858081 4417289874 6047673 84988  16649
11.858871356 4422778890 5489016 84978  17303
11.870859566 4428872809 6093919 84992  15508
11.882871904 4434327608 5454799 84989  17649
11.894862656 4440403162 6075554 84993  14917
11.906875114 4446142632 5739470 84987  17684
11.918864245 4451919546 5776914 84995  16141
11.930858216 4457998085 6078539 84983  16142
11.942876384 4463433684 5435599 84986  16702
11.954873782 4469540349 6106665 84984  15502
11.966876494 4475070108 5529759 84987  17849
11.978861168 4481076474 6006366 84987  14883
11.990861039 4486825370 5748896 84985  16999
12.002859017 4492346380 5521010 77912  14765
12.013869334 4497677746 5331366 77916  14556
12.024873736 4503160430 5482684 84982  18020
12.036881849 4509188785 6028355 84993  14581
12.048873732 4514864942 5676157 84979  17334
12.060859854 4520692272 5827330 84987  15408
12.072861258 4526459224 5766952 84978  17043
12.084859246 4531990707 5531483 77912  14937
12.095869866 4537427931 5437224 84981  16028
12.107863590 4543553098 6125167 84992  15960
12.119872358 4548934158 5381060 84983  17543
12.131874720 4555069095 6134937 84989  14719
12.143871161 4560640641 5571546 84997  17759
12.155862236 4566560331 5919690 84983  15033
12.167861630 4572401682 5841351 84990  16756
12.179868891 4577838675 5436993 77909  14777
12.190876671 4583147194 5308519 77913  14905
12.201860300 4588364277 5217083 77902  15009
12.212874891 4593861151 5496874 84980  16919
12.224872972 4599882085 6020934 84984  15211
12.236858856 4605637948 5755863 85001  17182
12.248875881 4611421436 5783488 84986  17123
12.260870092 4617498417 6076981 84994  15550
12.272866743 4622922141 5423724 84980  17377
12.284862864 4629003722 6081581 84987  14787
12.296862826 4634712905 5709183 84983  17641
12.308873057 4640522323 5809418 84983  15780
12.320876128 4646305273 5782950 84975  16587
12.332872696 4651869573 5564300 77902  14775
12.343866302 4657251459 5381886 84984  17338
12.355873577 4663391204 6139745 84995  15093
12.367862728 4669031205 5640001 84977  17989
12.379872303 4674877578 5846373 84984  15045
12.391858448 4680678286 5800708 84987  16721
12.403872786 4686375838 5697552 85001  16203
12.415871088 4692506626 6130788 84992  16399
12.427858809 4697866830 5360204 84989  17098
12.439875777 4703993804 6126974 84983  14534
12.451871029 4709491793 5497989 84989  17961
12.463874457 4715479789 5987996 84976  15571
12.475859871 4721360038 5880249 84979  17007
12.487862173 4726964852 5604814 84992  15875
12.499874924 4733086676 6121824 84993  16248
12.511877939 4738459727 5373051 84979  18066
12.523860463 4744606843 6147116 84982  15516
12.535874501 4750274198 5667355 84984  18424
12.547874043 4756073215 5799017 84989  15561
12.559873274 4761905481 5832266 84997  17245
12.571860265 4767309324 5403843 77902  14949
12.582862266 4772645218 5335894 77896  14880
12.593870325 4778020906 5375688 84978  17933
12.605860110 4784126955 6106049 84981  14055
12.617860084 4789743863 5616908 84990  17873
12.629860559 4795598562 5854699 84989  15402
12.641872838 4801600543 6001981 84982  17260
12.653874549 4807085078 5484535 84986  15808
12.665867534 4813202433 6117355 84980  16233
12.677858165 4818575141 5372708 84978  17446
12.689875040 4824706389 6131248 84982  14740
12.701864721 4830386123 5679734 84985  17644
12.713860603 4836193037 5806914 84982  14867
12.725860874 4842178214 5985177 84982  16634
12.737873829 4847545527 5367313 77915  14713
12.748860425 4852997895 5452368 84987  17492
12.760858294 4859040048 6042153 84987  14987
12.772875162 4864624322 5584274 84989  16789
12.784859283 4870536812 5912490 84982  15235
12.796862701 4876337147 5800335 84982  17087
12.808858962 4881912496 5575349 77908  15067
12.819880239 4887278507 5366011 84982  17033
12.831871571 4893381346 6102839 84985  14764
12.843857525 4898873724 5492378 84980  17676
12.855875700 4904888034 6014310 84978  15353
12.867872000 4910771796 5883762 84984  16917
12.879872385 4916377132 5605336 84984  15688
12.891859016 4922497030 6119898 84978  16047
12.903859891 4927868953 5371923 84989  17327
12.915875190 4933996538 6127585 84990  14744
12.927870325 4939578441 5581903 84984  17651
12.939863303 4945467912 5889471 84983  14803
12.951874757 4951284571 5816659 84987  16752
12.963863999 4956943444 5658873 84983  15929
12.975863143 4963070190 6126746 84996  16601
12.987879425 4968437056 5366866 84984  17131
12.999861609 4974536684 6099628 84982  14499
13.011858041 4980042302 5505618 84988  17709
13.023862085 4986033747 5991445 84992  15528
13.035863540 4991958837 5925090 84986  16823
13.047872555 4997498314 5539477 84978  15583
13.059859009 5003613077 6114763 84981  16176
13.071863981 5008822263 5209186 77910  14686
13.082864114 5014350112 5527849 84976  17391
13.094869622 5020342511 5992399 84989  15195
13.106871630 5026077995 5735484 84990  16616
13.118862945 5031646601 5568606 77898  14367
13.129862295 5036894723 5248122 77898  14846
13.140880901 5042384419 5489696 84976  17480
13.152859803 5048380202 5995783 84986  15058
13.164871954 5054049272 5669070 84978  16758
13.176869985 5059856702 5807430 84982  15546
13.188874047 5065679287 5822585 84980  16631
13.200860778 5071204433 5525146 77908  15113
13.211873662 5076570394 5365961 84977  17325
13.223872730 5082671557 6101163 84983  14659
13.235871788 5088251241 5579684 84985  17827
13.247859472 5094161028 5909787 84993  15625
13.259869240 5100182839 6021811 84998  16744
13.271875605 5105632390 5449551 84993  15816
13.283862426 5111736246 6103856 84985  15834
13.295878958 5117099392 5363146 84982  17282
13.307876813 5123222192 6122800 84975  14860
13.319874575 5128818289 5596097 84987  17677
13.331859719 5134681348 5863059 84999  14862
13.343856823 5140588586 5907238 84982  16465
13.355864445 5145951195 5362609 77895  14559
13.366863318 5151230369 5279174 77904  14660
13.377861035 5156603081 5372712 84982  17692
13.389859413 5162696777 6093696 84988  13894
13.401875908 5168329649 5632872 84987  17423
13.413873790 5174146621 5816972 84982  15027
13.425858451 5180183428 6036807 84990  17077
13.437860546 5185416360 5232932 77902  14336
13.448868573 5190850904 5434544 84977  16581
13.460860478 5196923786 6072882 84983  15075
13.472859456 5202455151 5531365 84989  17409
13.484874134 5208428944 5973793 84997  15257
13.496873369 5214187595 5758651 84982  16566
13.508869921 5219756599 5569004 77906  14664
13.519863114 5224964993 5208394 77895  14661
13.530871940 5230558600 5593607 84980  17355
13.542875045 5236468150 5909550 84990  14946
13.554872371 5242178666 5710516 84989  16718
13.566871309 5247928011 5749345 84992  15512
13.578874153 5254030038 6102027 84985  16081
13.590856908 5259509634 5479596 84980  17636
13.602875236 5265517750 6008116 84985  14622
13.614879062 5271185372 5667622 84973  16677
13.626875236 5276968929 5783557 84976  15399
13.638875848 5282815696 5846767 84980  16726
13.650861486 5288309153 5493457 77905  14891
13.661875066 5293673554 5364401 84985  16679
13.673859127 5299777506 6103952 84988  14729
13.685875452 5305361638 5584132 84997  17687
13.697859680 5311243927 5882289 84982  15423
13.709861616 5317162026 5918099 84997  16776
13.721875114 5322718962 5556936 84989  16061
13.733864118 5328802662 6083700 84991  15500
13.745859283 5334234414 5431752 84978  17508
13.757869165 5340294436 6060022 84994  14703
13.769869613 5345983299 5688863 85002  17694
13.781862101 5351750783 5767484 84985  15192
13.793863083 5357835942 6085159 84984  16212
13.805859684 5363225934 5389992 84988  17365
13.817858955 5369353131 6127197 84992  15354
13.829864810 5374990443 5637312 84981  16959
13.841868829 5380792668 5802225 84978  15581
13.853861334 5386808382 6015714 84994  16245
13.865874948 5392261961 5453579 84982  16864
13.877872193 5398342824 6080863 84989  15268
13.889859324 5403820485 5477661 84978  17010
13.901859347 5409811172 5990687 84996  14952
13.913871885 5415528056 5716884 84984  16998
13.925865483 5421101012 5572956 77893  14674
13.936861753 5426333394 5232382 77902  14972
13.947874353 5431781688 5448294 84983  16692
13.959874185 5437819075 6037387 84998  15015
13.971859706 5443566684 5747609 84984  16653
13.983875431 5449312552 5745868 84974  17030
13.995870756 5455372097 6059545 84985  15188
14.007857087 5460795130 5423033 84981  17058
14.019875506 5466845734 6050604 84987  14571
14.031875980 5472623775 5778041 84985  17278
14.043871712 5478324530 5700755 84987  16190
14.055871197 5484411010 6086480 84988  15353
14.067871218 5489850638 5439628 84974  17155
14.079885273 5495885341 6034703 84983  14826
14.091858551 5501694222 5808881 84993  17123
14.103875716 5507346015 5651793 84998  16397
14.115864261 5513445024 6099009 84984  14927
14.127870900 5518836709 5391685 84976  17449
14.139872244 5524900354 6063645 84988  14310
14.151859216 5530700908 5800554 84982  17768
14.163862720 5536355425 5654517 84977  15457
14.175869762 5542451185 6095760 84994  15781
14.187860576 5547805653 5354468 84986  17311
14.199874245 5553919422 6113769 84982  14621
14.211863623 5559617292 5697870 84986  17354
14.223859298 5565352045 5734753 84990  15100
14.235861909 5571426031 6073986 84979  15999
14.247868052 5576690448 5264417 77900  15012
14.258871001 5582192785 5502337 84982  17671
14.270863372 5588230689 6037904 84989  15208
14.282874831 5594000550 5769861 84989  17092
14.294870943 5599603627 5603077 77911  14822
14.305864419 5605029978 5426351 84982  17020
14.317874338 5611179291 6149313 84980  15346
14.329873522 5616793873 5614582 84985  17194
14.341858367 5622695985 5902112 84988  14978
14.353869062 5628556391 5860406 84986  16559
14.365874194 5634059043 5502652 77900  14504
14.376871570 5639512621 5453578 84982  17791
14.388859779 5645580692 6068071 84992  14301
14.400871277 5651300803 5720111 84981  17301
14.412874959 5657118351 5817548 84981  15580
14.424857847 5663189450 6071099 84977  16382
14.436872892 5668648801 5459351 84975  16787
14.448871734 5674760882 6112081 84974  14922
14.460873139 5680276690 5515808 84991  17049
14.472875625 5686300989 6024299 84984  14554
14.484860179 5692173751 5872762 84984  17419
14.496863441 5697807851 5634100 84981  16077
14.508857475 5703945823 6137972 84991  15925
14.520874868 5709348497 5402674 84981  17653
14.532863632 5715453468 6104971 84991  14902
14.544874311 5721128593 5675125 84987  17968
14.556867636 5726969840 5841247 84977  14851
14.568876231 5732886964 5917124 84981  16910
14.580859932 5738320562 5433598 77897  14462
14.591870887 5743747019 5426457 84986  17046
14.603863261 5749853789 6106770 84977  15167
14.615875769 5755393978 5540189 84977  16984
14.627871524 5761380644 5986666 84983  15047
14.639872240 5767236535 5855891 84984  16652
14.651871178 5772751042 5514507 77903  14625
14.662859531 5778155060 5404018 84973  17342
14.674868943 5784273072 6118012 84989  13924
14.686861988 5789977809 5704737 84982  17359
14.698860413 5795780204 5802395 84987  15264
14.710872221 5801897232 6117028 84991  16862
14.722871823 5807305333 5408101 84983  16419
14.734860575 5813422974 6117641 84980  14927
14.746875929 5818938589 5515615 84984  17543
14.758868775 5824943468 6004879 84982  14994
14.770872026 5830757554 5814086 84978  17441
14.782859861 5836305325 5547771 77903  14296
14.793872035 5841749851 5444526 84977  17489
14.805871954 5847847688 6097837 84992  14988
14.817859398 5853588017 5740329 84977  17570
14.829873053 5859343496 5755479 84987  16059
14.841869578 5865470076 6126580 84994  15571
14.853871823 5870868482 5398406 84986  17136
14.865871448 5876969285 6100803 84992  14757
14.877871994 5882742909 5773624 84977  17880
14.889863722 5888497859 5754950 84981  15319
14.901871916 5894629798 6131939 84986  16171
14.913860024 5899865429 5235631 77898  14444
14.924870662 5905451162 5585733 84981  17324
14.936876304 5911393174 5942012 84977  15113
14.948859718 5917153174 5760000 84975  16096
14.960860827 5922751576 5598402 77900  14301
14.971860327 5927975342 5223766 77902  14523
14.982871644 5933584169 5608827 84980  17063
14.994862425 5939502017 5917848 84990  15121
15.006858417 5945278679 5776662 84987  16232
15.018875875 5951021484 5742805 85000  16409
15.030875891 5957124436 6102952 84986  15882
15.042862439 5962659614 5535178 84981  17963
15.054858337 5968650781 5991167 84987  14859
15.066875876 5974466679 5815898 84986  16908
15.078863477 5979948729 5482050 77906  14556
15.089858807 5985232056 5283327 77904  14304
15.100871585 5990769591 5537535 84976  17770
15.112862333 5996728435 5958844 84987  14331
15.124874924 6002491716 5763281 84977  16921
15.136862399 6008245167 5753451 84980  15696
15.148876678 6014367664 6122497 84978  15849
15.160863616 6019775780 5408116 84972  17367
15.172857311 6025870694 6094914 84982  13886
15.184880996 6031629580 5758886 84984  17017
15.196871921 6037381025 5751445 84998  15557
15.208874943 6043500192 6119167 84983  16251
15.220875494 6048899267 5399075 84980  17105
15.232859976 6055007323 6108056 84985  14052
15.244872048 6060678578 5671255 84992  17408
15.256869606 6066495394 5816816 84982  14918
15.268864104 6072547022 6051628 84993  16978
15.280871953 6077999841 5452819 84993  15811
15.292873228 6084117050 6117209 84986  15195
15.304870692 6089634484 5517434 84990  17412
15.316861185 6095627413 5992929 84978  14967
15.328872033 6101478935 5851522 84995  16582
15.340878172 6107106957 5628022 85001  15572
15.352862116 6113222086 6115129 84985  15448
15.364871195 6118671233 5449147 84981  17273
15.376862657 6124745491 6074258 84988  15138
15.388861605 6130506286 5760795 84983  16822
15.400874184 6136244806 5738520 84994  15392
15.412859849 6142338061 6093255 84989  15807
15.424857324 6147744161 5406100 84982  17280
15.436872009 6153867583 6123422 84979  15256
15.448861361 6159613166 5745583 84984  16322
15.460859116 6165215282 5602116 77908  14116
15.471871384 6170597480 5382198 84987  16974
15.483872302 6176731312 6133832 84986  14468
15.495862116 6182487781 5756469 84984  17262
15.507869109 6188209932 5722151 84992  15306
15.519874237 6194329285 6119353 84992  15749
15.531871099 6199778986 5449701 85002  17338
15.543872020 6205841941 6062955 84981  14697
15.555873233 6211561446 5719505 84979  17319
15.567863797 6217159315 5597869 77912  13628
15.578871891 6222569802 5410487 84990  16888
15.590870346 6228664332 6094530 84975  14486
15.602875341 6234422804 5758472 84988  17571
15.614873300 6240166436 5743632 84986  15206
15.626873502 6246293241 6126805 84992  15826
15.638875387 6251679507 5386266 84993  17315
15.650875732 6257808693 6129186 84981  14745
15.662881974 6263649781 5841088 84990  16620
15.674870616 6269284934 5635153 84989  15365
15.686875505 6275385888 6100954 84982  15203
15.698863659 6280863977 5478089 84973  17202
15.710859588 6286893183 6029206 84990  14781
15.722863883 6292603935 5710752 84982  16775
15.734871279 6298366968 5763033 85000  14947
15.746863603 6304469048 6102080 84989  15721
15.758857071 6309884545 5415497 84987  17020
15.770862194 6315992230 6107685 84986  15235
15.782863546 6321728851 5736621 84977  16165
15.794862847 6327335921 5607070 77918  14036
15.805859681 6332730372 5394451 84984  17201
15.817884817 6338852293 6121921 84991  14586
15.829863111 6344649341 5797048 84989  17038
15.841857570 6350173255 5523914 77901  13796
15.852861146 6355623343 5450088 84987  16967
15.864859362 6361707809 6084466 84996  14418
15.876860477 6367455454 5747645 84986  17207
15.888862122 6373181298 5725844 84984  15910
15.900872271 6379293382 6112084 84981  15162
15.912874619 6384696399 5403017 84984  17288
15.924857077 6390792804 6096405 84990  14232
15.936871783 6396602907 5810103 84992  17656
15.948871409 6402271349 5668442 84989  15188
15.960874847 6408394837 6123488 84987  15776
15.972880641 6413765692 5370855 84987  16968
15.984860664 6419890402 6124710 84991  14422
15.996871696 6425679565 5789163 84980  17143
16.008870587 6431362263 5682698 84987  15457
16.020875222 6437471001 6108738 84987  15466
16.032871301 6442902851 5431850 84974  17214
16.044873496 6448969546 6066695 84986  14688
16.056873425 6454684083 5714537 84993  17396
16.068859119 6460245614 5561531 77905  13738
16.079874853 6465671423 5425809 84988  16631
16.091868995 6471765034 6093611 84985  14772
16.103862100 6477521657 5756623 84989  17572
16.115862849 6483262541 5740884 84990  15173
16.127859544 6489385690 6123149 84995  15765
16.139871003 6494776707 5391017 84986  17262
16.151872191 6500887443 6110736 84979  14718
16.163860960 6506722350 5834907 84990  16927
16.175857058 6512211578 5489228 77904  13892
16.186872188 6517680158 5468580 84983  16936
16.198860130 6523721211 6041053 84976  14877
16.210859192 6529572531 5851320 84993  17273
16.222862844 6534995566 5423035 77891  14909
16.233868623 6540258971 5263405 77901  14124
16.244859957 6545788566 5529595 84981  17202
16.256857693 6551747683 5959117 84987  14827
16.268873625 6557812756 6065073 84993  16982
16.280872486 6563233342 5420586 84979  16174
16.292868948 6569330078 6096736 84978  14655
16.304862037 6574886733 5556655 84985  17316
16.316859942 6580813074 5926341 84977  15142
16.328875730 6586820867 6007793 84995  16487
16.340859159 6592127900 5307033 77906  14241
16.351876146 6597651350 5523450 84977  16986
16.363860931 6602663174 5011824 84984  24321
16.375878691 6607187525 4524351 84985  17930
16.387870766 6613189917 6002392 84985  16589
16.399874691 6618886460 5696543 84983  17969
16.411874900 6624493760 5607300 77907  16254
16.422869221 6629875820 5382060 84983  19386
16.434864819 6635989071 6113251 84991  15087
16.446867604 6641696095 5707024 84982  17681
16.458859959 6647450260 5754165 84984  15581
16.470871051 6653555563 6105303 84982  15749
16.482876024 6659004145 5448582 84983  17230
16.494874958 6665059328 6055183 84982  15222
16.506870457 6668734071 3674743 84978  32908
16.518862282 6670570602 1836531 84994  46382
16.530876878 6672188369 1617767 84992  44255
16.542862303 6674044350 1855981 85011  46716
16.554860805 6675904099 1859749 84991  46218
16.566859660 6677768561 1864462 85005  43807
16.578860645 6679680081 1911520 84992  44114
16.590857444 6681534839 1854758 84991  43507
16.602872026 6683395146 1860307 84999  42368
16.614882602 6685252664 1857518 85008  44856
16.626864723 6687115885 1863221 84989  42932
16.638861062 6689016470 1900585 84982  42746
16.650859594 6690870876 1854406 84991  43686
16.662861079 6692724374 1853498 84993  42482
16.674858055 6694575046 1850672 84995  43161
16.686876314 6696478206 1903160 85005  42649
16.698861015 6698332559 1854353 84991  41914
16.710872714 6700187528 1854969 85004  43612
16.722871326 6702042461 1854933 85003  42349
16.734871771 6703898531 1856070 84991  42482
16.746876020 6705801364 1902833 84985  42675
16.758870968 6707648013 1846649 84991  42190
16.770870274 6709498866 1850853 84997  42570
16.782864466 6711352185 1853319 84991  42894
16.794875504 6713252207 1900022 84992  41624
16.806875470 6715097429 1845222 84981  43007
16.818859185 6716945934 1848505 84993  42908
16.830871960 6718789562 1843628 85007  42606
16.842870146 6720660355 1870793 85016  42997
16.854864287 6722529254 1868899 85001  42522
16.866859053 6724375042 1845788 84998  42750
16.878863228 6726223149 1848107 84999  43123
16.890871950 6728116889 1893740 84998  41860
16.902861769 6729426907 1310018 84985  41447
16.914862534 6731264963 1838056 84989  47901
16.926866423 6733102002 1837039 84987  48193
16.938872545 6734715166 1613164 77910  41937
16.949858745 6736406134 1690968 84986  48239
16.961863401 6738240726 1834592 84992  47236
16.973874196 6740109899 1869173 84991  45520
16.985872365 6741962842 1852943 84998  44878
16.997862447 6743789742 1826900 85004  44208
17.009858572 6745668731 1878989 84989  42910
17.021875544 6747497136 1828405 84980  43874
17.033870383 6749320777 1823641 84999  43463
17.045875054 6751189740 1868963 84995  42486
17.057859693 6753010205 1820465 84990  43071
17.069871955 6754827792 1817587 84991  43072
17.081872137 6756690548 1862756 85002  42624
17.093869959 6758505353 1814805 85001  42922
17.105861077 6760316648 1811295 85001  42280
17.117874966 6762174978 1858330 84995  42435
17.129871898 6763979920 1804942 84986  42775
17.141859770 6765785936 1806016 84993  41890
17.153872152 6767640141 1854205 84996  42285
17.165860997 6769439171 1799030 84985  42240
17.177868529 6771274405 1835234 84991  42252
17.189862044 6773084524 1810119 84987  42288
17.201871223 6774880592 1796068 84990  42194
17.213862759 6776720993 1840401 85005  42503
17.225862734 6778513300 1792307 85023  42934
17.237875230 6780304617 1791317 85007  42642
17.249870701 6782143147 1838530 84995  42628
17.261859094 6783928619 1785472 85003  42619
17.273871915 6785762873 1834254 85000  42353
17.285872174 6787546822 1783949 84996  42675
17.297860522 6789374991 1828169 84992  42186
17.309874351 6791156932 1781941 84985  42588
17.321871133 6792935371 1778439 84995  42624
17.333861591 6794757766 1822395 84986  41746
17.345857347 6796533383 1775617 85004  42680
17.357875163 6798354479 1821096 85007  42429
17.369871038 6800125442 1770963 84995  42116
17.381876894 6801941634 1816192 84996  44503
17.393866739 6803708433 1766799 85020  45559
17.405872704 6805479599 1771166 84994  45822
17.417872243 6807284179 1804580 84996  44586
17.429870241 6809045689 1761510 84988  43767
17.441863741 6810852351 1806662 85012  43620
17.453872589 6812612650 1760299 84987  44022
17.465859782 6814416458 1803808 85013  42789
17.477863051 6816175492 1759034 85000  43631
17.489860869 6817975929 1800437 84999  43011
17.501870994 6819729459 1753530 84987  42781
17.513869523 6821528641 1799182 84987  42751
17.525860742 6823281872 1753231 85017  43390
17.537859007 6825075165 1793293 84999  42631
17.549871696 6826824479 1749314 85016  42829
17.561870325 6828615247 1790768 84976  42656
17.573873357 6830357382 1742135 84999  43237
17.585875043 6832141742 1784360 85005  43121
17.597858565 6833889153 1747411 84987  42184
17.609860967 6835657941 1768788 85001  42974
17.621861952 6837430660 1772719 84992  42860
17.633872031 6839158315 1727655 85002  42905
17.645862717 6840929184 1770869 85004  42917
17.657871148 6842651467 1722283 84996  43227
17.669875197 6844415553 1764086 84992  42552
17.681857650 6846137174 1721621 84998  42846
17.693860315 6847896884 1759710 84995  42308
17.705872617 6849643334 1746450 85007  42816
17.717867943 6851363968 1720634 84993  42952
17.729876281 6853115293 1751325 85005  42225
17.741862514 6854821726 1706433 84998  43258
17.753863579 6856567994 1746268 84994  42682
17.765867448 6858295019 1727025 85009  42559
17.777872580 6860015216 1720197 84995  42672
17.789870715 6861752354 1737138 85002  42694
17.801860771 6863447915 1695561 84994  42966
17.813875023 6865184391 1736476 85019  42831
17.825862835 6866915885 1731494 84994  42246
17.837875344 6868601349 1685464 84989  42923
17.849858473 6870329695 1728346 84991  43229
17.861873355 6872013194 1683499 85001  42990
17.873859527 6873734132 1720938 84982  43221
17.885879412 6875454522 1720390 85000  43538
17.897864244 6877130382 1675860 84992  42727
17.909873637 6878842598 1712216 84992  43010
17.921875429 6880554756 1712158 85003  43133
17.933858420 6882224605 1669849 84989  43200
17.945871824 6883930306 1705701 84990  42821
17.957859238 6885630640 1700334 85006  42804
17.969873734 6887291945 1661305 85001  43075
17.981859735 6888989149 1697204 85008  42790
17.993873582 6890684215 1695066 84993  42447
18.005872330 6892340160 1655945 84994  43139
18.017857779 6894032345 1692185 84988  43227
18.029861311 6895718600 1686255 84996  42374
18.041884190 6897368296 1649696 85002  43584
18.053860402 6899053654 1685358 85007  43389
18.065871687 6900739675 1686021 85002  42486
18.077864070 6902419771 1680096 84997  42975
18.089860461 6904059289 1639518 85012  43369
18.101869891 6905736266 1676977 84996  42807
18.113859592 6907410534 1674268 85009  43006
18.125875128 6909053793 1643259 84990  43455
18.137863074 6910712632 1658839 85005  43436
18.149873466 6912380790 1668158 85010  43547
18.161861791 6914043707 1662917 84997  42995
18.173863346 6915670794 1627087 84997  43802
18.185853982 6917328628 1657834 85005  43330
18.197873761 6918982588 1653960 84986  43067
18.209863232 6920639121 1656533 85002  43651
18.221875946 6922255636 1616515 85006  44317
18.233862370 6923904008 1648372 85001  42945
18.245873203 6925551446 1647438 85009  43665
18.257876745 6927195738 1644292 85010  43690
18.269858230 6928800933 1605195 84998  43580
18.281872919 6930442035 1641102 84998  43270
18.293859781 6932081249 1639214 85001  43623
18.305875700 6933717190 1635941 84991  42959
18.317859685 6935352199 1635009 84997  43141
18.329871570 6936947786 1595587 84992  43282
18.341875533 6938575991 1628205 84979  43229
18.353866338 6940203548 1627557 85001  43530
18.365875784 6941827898 1624350 85008  43022
18.377859476 6943451672 1623774 85001  43597
18.389865139 6945036369 1584697 84988  44161
18.401872401 6946654252 1617883 84988  43075
18.413860520 6948270805 1616553 84995  43573
18.425860496 6949881923 1611118 85005  43532
18.437869815 6951493152 1611229 85004  42910
18.449858663 6953105086 1611934 84997  43511
18.461868799 6954675796 1570710 84998  44047
18.473866201 6956279674 1603878 84991  43466
18.485871431 6957883494 1603820 84990  43672
18.497862105 6959482498 1599004 84998  43870
18.509872234 6961079876 1597378 84990  43606
18.521877773 6962677979 1598103 84992  43852
18.533864486 6964237812 1559833 84986  43693
18.545860845 6965828560 1590748 84990  43494
18.557872730 6967416666 1588106 84988  43818
18.569861813 6969005186 1588520 85006  43233
18.581871092 6970591821 1586635 85009  43667
18.593861537 6972174655 1582834 84985  43787
18.605869146 6973756018 1581363 84999  43018
18.617871072 6975339498 1583480 84988  43859
18.629859454 6976882997 1543499 84999  44353
18.641875209 6978458130 1575133 84994  42900
18.653859761 6980034878 1576748 85004  43986
18.665873507 6981605511 1570633 84995  43904
18.677871273 6983174705 1569194 84996  43252
18.689871078 6984743208 1568503 84997  43422
18.701871477 6986308476 1565268 85004  44309
18.713859576 6987871387 1562911 85009  43636
18.725861349 6989435511 1564124 85009  43981
18.737872111 6990997602 1562091 84989  44329
18.749859167 6992556717 1559115 84989  43921
18.761872052 6994091611 1534894 84996  44042
18.773857520 6995632093 1540482 84998  43729
18.785862027 6997181609 1549516 84996  43920
18.797859219 6998728029 1546420 84994  44137
18.809860254 7000271193 1543164 85013  43429
18.821871517 7001814235 1543042 84994  43725
18.833866989 7003352353 1538118 85007  45419
18.845872678 7004887587 1535234 85009  44904
18.857896484 7006422975 1535388 85001  44797
18.869872472 7007953680 1530705 84991  44902
18.881874131 7009483123 1529443 84997  44046
18.893876974 7011011765 1528642 85003  44456
18.905859456 7012534652 1522887 84980  44381
18.917873092 7014055691 1521039 84984  43813
18.929861954 7015575887 1520196 85009  44289
18.941869546 7017092801 1516914 84984  44425
18.953876189 7018606903 1514102 85005  44206
18.965875264 7020120563 1513660 84999  44028
18.977870999 7021632275 1511712 85013  44593
18.989879742 7023138598 1506323 84994  43809
19.001871724 7024646144 1507546 85008  43988
19.013862946 7026150430 1504286 84992  44080
19.025870999 7027653971 1503541 84994  44130
19.037872421 7029154265 1500294 85004  44163
19.049871216 7030652060 1497795 84997  43843
19.061859399 7032146539 1494479 84997  44107
19.073873728 7033639641 1493102 84994  44203
19.085861313 7035130145 1490504 85000  43737
19.097871572 7036619002 1488857 84999  44149
19.109859251 7038104735 1485733 84992  44143
19.121861470 7039587144 1482409 84992  43655
19.133873953 7041069941 1482797 84991  44279
19.145860117 7042550206 1480265 84990  44641
19.157879494 7044027456 1477250 84999  44310
19.169859815 7045503004 1475548 85002  44330
19.181859344 7046976628 1473624 84993  44518
19.193858963 7048466153 1489525 84996  43760
19.205862989 7049943322 1477169 85001  44249
19.217874288 7051410044 1466722 84999  44371
19.229871914 7052874313 1464269 84998  43810
19.241863553 7054339205 1464892 85008  44601
19.253874272 7055801716 1462511 84992  44411
19.265859734 7057261709 1459993 84994  43672
19.277869650 7058717715 1456006 84995  43982
19.289876039 7060175507 1457792 85007  44531
19.301862434 7061630280 1454773 84999  43876
19.313879953 7063081921 1451641 84994  43934
19.325863892 7064559144 1477223 84998  44361
19.337859544 7066003792 1444648 85002  44068
19.349859899 7067446753 1442961 84986  44191
19.361870279 7068888994 1442241 84993  44703
19.373873448 7070329746 1440752 85007  44418
19.385874327 7071766005 1436259 84987  44332
19.397861490 7073199278 1433273 84997  44673
19.409875125 7074633603 1434325 85011  44404
19.421859684 7076088778 1455175 85003  44037
19.433871210 7077512119 1423341 84999  44547
19.445857976 7078938411 1426292 84996  44559
19.457861005 7080362962 1424551 85019  44615
19.469883978 7081782830 1419868 85010  44294
19.481863303 7083202959 1420129 84998  44520
19.493873025 7084621505 1418546 84990  44307
19.505863721 7086058620 1437115 85007  44451
19.517872890 7087472163 1413543 84992  44487
19.529857996 7088886071 1413908 84997  44768
19.541860072 7090295507 1409436 85010  44611
19.553864024 7091703331 1407824 85005  44718
19.565871570 7093134140 1430809 84997  44572
19.577862282 7094535648 1401508 84992  44013
19.589873375 7095937969 1402321 85020  44466
19.601859100 7097338965 1400996 84996  44497
19.613870179 7098736690 1397725 84997  43899
19.625883143 7100155792 1419102 84995  44120
19.637859557 7101546398 1390606 84995  44535
19.649872170 7102937534 1391136 84991  44289
19.661863912 7104327154 1389620 85011  44232
19.673871072 7105715245 1388091 84995  44582
19.685859921 7107124998 1409753 85018  43833
19.697869633 7108507371 1382373 84990  44009
19.709874686 7109889436 1382065 85017  44590
19.721870828 7111270166 1380730 84991  44121
19.733861057 7112671544 1401378 84984  44190
19.745872266 7114042888 1371344 84989  44786
19.757861022 7115416785 1373897 84987  44424
19.769874674 7116790745 1373960 84990  44455
19.781857410 7118184018 1393273 84995  44497
19.793870019 7119547100 1363082 85001  44189
19.805876288 7120915724 1368624 85010  44660
19.817862973 7122280452 1364728 84990  44731
19.829872493 7123665551 1385099 85001  44075
19.841859382 7125025930 1360379 84990  44609
19.853874575 7126382736 1356806 84994  44736
19.865858010 7127738579 1355843 84994  44228
19.877860863 7129112741 1374162 84991  44657
19.889861705 7130466186 1353445 85001  45254
19.901871434 7131815562 1349376 84994  44250
19.913859160 7133183389 1367827 85020  44779
19.925873119 7134527559 1344170 84999  45254
19.937860364 7135869237 1341678 85002  44527
19.949878517 7137227680 1358443 84996  45118
19.961875119 7138566154 1338474 85001  45888
19.973860615 7139900906 1334752 84982  44925
19.985873221 7141250444 1349538 85019  44981
19.997860820 7142579117 1328673 84998  45417
20.009873623 7143926192 1347075 84991  44616
20.021860498 7145247448 1321256 84990  45120
20.033870604 7146569638 1322190 84988  45333
20.045860903 7147904914 1335276 84984  44580
20.057871939 7149221780 1316866 84994  45211
20.069862961 7150550922 1329142 84992  45100
20.081871220 7151865815 1314893 85012  44826
20.093860032 7153173773 1307958 85001  44753
20.105879961 7154496027 1322254 84999  45171
20.117856984 7155798799 1302772 85004  44664
20.129863436 7157117378 1318579 85003  44843
20.141860279 7158413190 1295812 85012  45855
20.153860462 7159711203 1298013 84992  44928
20.165871870 7161020553 1309350 85002  44941
20.177859406 7162312179 1291626 84998  45612
20.189871195 7163617347 1305168 84991  44547
20.201857511 7164905334 1287987 84999  45173
20.213872743 7166207056 1301722 84990  45491
20.225859282 7167485160 1278104 85010  44721
20.237874221 7168766246 1281086 84990  45430
20.249861217 7170057022 1290776 85005  45471
20.261870386 7171332363 1275341 84998  45001
20.273874415 7172620532 1288169 84990  45188
20.285869888 7173890568 1270036 84989  45423
20.297875124 7175173233 1282665 85014  44706
20.309864525 7176440325 1267092 84998  45148
20.321872769 7177721065 1280740 85012  45439
20.333860340 7178977407 1256342 85003  44979
20.345874407 7180237372 1259965 85006  45481
20.357859472 7181506978 1269606 85003  45217
20.369870298 7182760545 1253567 85001  45097
20.381873140 7184028497 1267952 85010  45242
20.393863040 7185280868 1252371 84997  45213
20.405861209 7186541094 1260226 84989  45061
20.417874355 7187789977 1248883 84985  45261
20.429871751 7189047717 1257740 84997  45118
20.441876117 7190290818 1243101 84998  45553
20.453858910 7191546467 1255649 84986  45158
20.465863479 7192788526 1242059 84996  45228
20.477871144 7194038394 1249868 85006  45606
20.489860460 7195275658 1237264 84992  45334
20.501872380 7196519598 1243940 85005  44899
20.513864342 7197747904 1228306 85000  45834
20.525873255 7198985336 1237432 85004  45054
20.537858687 7200212419 1227083 85002  45125
20.549865177 7201446046 1233627 85009  45569
20.561864799 7202666993 1220947 85013  45029
20.573874568 7203895705 1228712 84987  44899
20.585867357 7205112165 1216460 85014  45916
20.597871500 7206335859 1223694 84996  44953
20.609859282 7207548992 1213133 85006  45105
20.621869869 7208770898 1221906 84993  45754
20.633875514 7209978750 1207852 85008  45291
20.645863940 7211191638 1212888 84990  45219
20.657873420 7212411437 1219799 85002  46459
20.669860479 7213608885 1197448 85000  45271
20.681875655 7214818648 1209763 84994  45704
20.693863020 7216014739 1196091 85011  45852
20.705869883 7217221640 1206901 85007  45210
20.717872733 7218414376 1192736 85003  45576
20.729871598 7219615405 1201029 85000  45928
20.741867694 7220806855 1191450 85014  45519
20.753873304 7222002746 1195891 85004  45581
20.765862810 7223201720 1198974 85005  46298
20.777874895 7224383930 1182210 84985  45652
20.789858598 7225571449 1187519 85007  45182
20.801872310 7226749063 1177614 84994  46082
20.813860172 7227933237 1184174 84990  45314
20.825860328 7229112674 1179437 85004  45335
20.837871745 7230285307 1172633 84994  45822
20.849859474 7231463516 1178209 84991  46038
20.861871570 7232629684 1166168 84993  46465
20.873858152 7233804135 1174451 85006  50663
20.885857185 7234969464 1165329 85005  56104
20.897871551 7236141167 1171703 84998  56546
20.909876506 7237308332 1167165 85013  53384
20.921875456 7238466765 1158433 85003  50819
20.933873929 7239631652 1164887 85014  50218
20.945864014 7240798158 1166506 85012  49254
20.957870300 7241946824 1148666 85002  49196
20.969862422 7243106009 1159185 85008  48495
20.981859652 7244256292 1150283 85005  47986
20.993875041 7245409639 1153347 85005  48185
21.005859300 7246562494 1152855 84988  47382
21.017872813 7247708477 1145983 84998  47167
21.029859878 7248857388 1148911 85012  47373
21.041870498 7250006775 1149387 84993  46764
21.053859874 7250963735 956960 84980  52756
21.065872493 7251860021 896286 84983  47395
21.077864312 7252776547 916526 85011  44924
21.089859232 7253700056 923509 84995  46485
21.101863004 7254628681 928625 84977  44784
21.113873693 7255564580 935899 84984  46026
21.125858982 7256478586 914006 84988  44576
21.137871428 7257414177 935591 84995  46037
21.149875621 7258309356 895179 84987  45471
21.161862914 7259255646 946290 85005  45291
21.173874896 7260149475 893829 85002  45563
21.185859392 7261107524 958049 85000  45107
21.197858188 7262023000 915476 84985  45847
21.209859521 7262955498 932498 85000  45573
21.221885583 7263850170 894672 85005  46251
21.233874925 7264776649 926479 84991  45311
21.245870978 7265666217 889568 84995  45841
21.257873078 7266592764 926547 84987  45557
21.269872643 7267487201 894437 85013  45574
21.281862682 7268388995 901794 84987  45450
21.293869808 7269284064 895069 84986  45431
21.305862561 7270183946 899882 84989  45485
21.317858557 7271078821 894875 84984  45102
21.329872276 7272105015 1026194 85001  56311
21.341863122 7272997421 892406 84977  46463
21.353871491 7273951562 954141 84990  45668
21.365858797 7274865236 913674 84987  46144
21.377880216 7275780022 914786 84997  46186
21.389874153 7276758301 978279 84991  54548
21.401860785 7277651436 893135 84980  48988
21.413861441 7278576393 924957 84999  46431
21.425865051 7279491251 914858 84989  46371
21.437860267 7280399497 908246 84992  45695
21.449872863 7281372231 972734 84981  53072
21.461859649 7282276514 904283 85000  50234
21.473873485 7283198863 922349 84982  46371
21.485873531 7284090476 891613 84995  45851
21.497860154 7284985553 895077 84999  46247
21.509874759 7285993281 1007728 84990  53463
21.521860622 7286886398 893117 85009  48679
21.533869278 7287781102 894704 84989  46786
21.545859477 7288671336 890234 85001  45769
21.557875311 7289624845 953509 84987  45930
21.569876723 7290591077 966232 85005  55197
21.581879006 7291480690 889613 84980  47745
21.593874429 7292369919 889229 84992  46739
21.605871158 7293265414 895495 84994  45643
21.617862397 7294164541 899127 84982  46438
21.629869880 7295128262 963721 85002  56448
21.641859616 7296029650 901388 84995  46024
21.653858942 7296940866 911216 84995  46364
21.665871448 7297912995 972129 85001  52714
21.677861617 7298813478 900483 85003  50801
21.689875610 7299706287 892809 85000  46337
21.701868349 7300597441 891154 84995  46675
21.713871082 7301526070 928629 85008  46955
21.725860588 7302469210 943140 84988  55838
21.737864227 7303360026 890816 84987  46862
21.749860230 7304254608 894582 84984  46262
21.761872330 7305287351 1032743 84987  51495
21.773862049 7306195202 907851 84998  51748
21.785874582 7307157579 962377 77901  47293
21.796869583 7308065118 907539 85000  52662
21.808861182 7308953683 888565 84998  48308
21.820858871 7309905847 952164 84993  56452
21.832859904 7310795936 890089 85004  48247
21.844873954 7311688463 892527 84984  47597
21.856878350 7312636778 948315 84991  54739
21.868874966 7313527612 890834 84994  49662
21.880858488 7314421983 894371 84996  47647
21.892874052 7315313048 891065 84999  47001
21.904872121 7316138570 825522 77910  41881
21.915861379 7317086492 947922 84986  52922
21.927859048 7317997953 911461 85003  49153
21.939861447 7318908761 910808 84980  46383
21.951873003 7319828433 919672 85002  45702
21.963858952 7320742177 913744 84990  46393
21.975872768 7321657220 915043 85000  46447
21.987871698 7322634133 976913 85000  55786
21.999874267 7323516168 882035 84995  47023
22.011872414 7324429689 913521 84998  45515
22.023859433 7325347654 917965 84980  46016
22.035860025 7326271592 923938 84987  45943
22.047870788 7327185122 913530 85004  46114
22.059863294 7328083185 898063 85000  45620
22.071859940 7329032376 949191 84994  49028
22.083875413 7329897599 865223 85000  42092
22.095871909 7330910166 1012567 84995  52244
22.107875779 7331752211 842045 84974  37862
22.119858954 7332779860 1027649 84988  53387
22.131869767 7333612792 832932 84995  36429
22.143858966 7334640605 1027813 84984  55444
22.155860382 7335470268 829663 84989  35894
22.167862525 7336521922 1051654 84991  56510
22.179882335 7337342753 820831 84990  34342
22.191861620 7338397612 1054859 85010  54755
22.203871499 7339299229 901617 84997  47838
22.215857863 7340253228 953999 84997  57109
22.227871882 7341204638 951410 84996  54981
22.239873398 7342088365 883727 85004  53492
22.251863464 7342898711 810346 77896  46343
22.262863351 7343847420 948709 84998  55762
22.274862368 7344807774 960354 84996  54655
22.286873550 7345766760 958986 84995  52092
22.298857666 7346714493 947733 84995  49991
22.310873166 7347675005 960512 84996  48926
22.322870901 7348634455 959450 85008  49323
22.334882458 7349581822 947367 85000  48603
22.346862827 7350540836 959014 85009  48756
22.358870914 7351493201 952365 85010  48910
22.370859736 7352435593 942392 85001  50328
22.382869329 7353461596 1026003 85006  49221
22.394864075 7354419178 957582 84998  52939
22.406861208 7355009395 590217 85011  59007
22.418880134 7355513909 504514 85028  52912
22.430872411 7356311279 797370 85023  37825
22.442875460 7357266760 955481 46174  36038
22.454873496 7358372631 1105871 50700  47360
22.466879005 7359435263 1062632 63810  52481
22.478867522 7360802298 1367035 84997  56614
22.490873151 7375398199 14595901 30805  25603
22.507162464 7389012497 13614298 14386  3147
22.518886207 7393741156 4728659 77880  7507
22.529865838 7395949259 2208103 77886  10396
22.540873136 7397673741 1724482 84996  8555
22.552860895 7399017797 1344056 84980  7842
22.564873555 7400183552 1165755 84993  8689
22.576859664 7401248506 1064954 85010  7951
22.588872681 7402237331 988825 84976  8131
22.600873657 7403188912 951581 84994  7847
22.612863237 7404114683 925771 84993  7711
22.624871912 7405015080 900397 85017  6912
22.636857375 7405896877 881797 85018  7573
22.648869835 7406758266 861389 85001  6580
22.660861858 7407604717 846451 85010  7323
22.672860614 7408454410 849693 85019  7412
22.684873877 7409283992 829582 85016  7207
22.696874293 7410110820 826828 84978  7244
22.708874379 7410945938 835118 85002  7412
22.720868258 7411766868 820930 85004  7249
22.732863455 7412597609 830741 84992  7418
22.744870567 7413427610 830001 85018  7439
22.756862584 7414262607 834997 85010  7531
22.768862143 7415103200 840593 85013  7638
22.780874270 7415937094 833894 84992  7561
22.792861786 7416777880 840786 85003  7677
22.804868105 7417630627 852747 84995  7847
22.816866804 7418489524 858897 85013  7945
22.828871364 7419355630 866106 85015  8062
22.840874323 7420221222 865592 85010  8057
22.852873017 7421096685 875463 84998  8210
22.864858369 7421982187 885502 85015  8351
22.876871199 7422857770 875583 85007  8212
22.888856948 7423742158 884388 84993  8332
22.900871395 7424628186 886028 84993  8377
22.912858214 7425523661 895475 85013  8497
22.924872514 7426421824 898163 85009  8550
22.936872619 7427320482 898658 84991  8563
22.948861343 7428227243 906761 84995  8678
22.960874852 7429132700 905457 84996  8663
22.972878628 7430040090 907390 84999  8693
22.984861575 7430956093 916003 84997  8800
22.996862697 7431875989 919896 85000  8855
23.008862280 7432797000 921011 85008  8877
23.020871183 7433718589 921589 84997  8869
23.032873209 7434639688 921099 85013  8874
23.044863635 7435562361 922673 85012  8893
23.056858004 7436487693 925332 84992  8932
23.068871838 7437425989 938296 85005  9110
23.080875531 7438354018 928029 85010  8961
23.092861133 7439293176 939158 84991  9118
23.104859576 7440226192 933016 84995  9041
23.116874556 7441157864 931672 85010  9025
23.128871342 7442098229 940365 84996  9142
23.140870485 7443039683 941454 85004  9162
23.152873845 7443982006 942323 84994  9170
23.164876097 7444923883 941877 85021  9176
23.176871600 7445866671 942788 84989  9184
23.188860433 7446818158 951487 85018  9304
23.200870656 7447759917 941759 84999  9171
23.212872405 7448701226 941309 85015  9169
23.224857197 7449654512 953286 85004  9330
23.236860211 7450596932 942420 85000  9183
23.248859677 7451550660 953728 85009  9348
23.260874820 7452505046 954386 85009  9353
23.272872866 7453448088 943042 85004  9185
23.284883829 7454400090 952002 84995  9309
23.296875385 7455351721 951631 85008  9304
23.308858054 7456301824 950103 85003  9295
23.320863827 7457253452 951628 84997  9307
23.332862643 7458204188 950736 85016  9295
23.344864220 7459155674 951486 84995  9315
23.356871150 7460107681 952007 85015  9323
23.368875499 7461069084 961403 85007  9448
23.380858888 7462020553 951469 85011  9309
23.392869111 7462969755 949202 84999  9274
23.404871481 7463929868 960113 85003  9420
23.416871251 7464879633 949765 84994  9280
23.428859124 7465839255 959622 85000  9408
23.440862067 7466790870 951615 85011  9312
23.452869487 7467752055 961185 85002  9452
23.464860019 7468701860 949805 85008  9303
23.476870369 7469662587 960727 84998  9443
23.488873346 7470621515 958928 84998  9418
23.500871228 7471580538 959023 85011  9411
23.512872162 7472535644 955106 85021  9360
23.524859938 7473488492 952848 84988  9332
23.536861761 7474446788 958296 84996  9411
23.548872221 7475406392 959604 85010  9428
23.560857777 7476368410 962018 84994  9454
23.572861286 7477334547 966137 85004  9507
23.584863133 7478300884 966337 85005  9525
23.596870723 7479260851 959967 84993  9439
23.608885106 7480220515 959664 84992  9431
23.620873135 7481180580 960065 85000  9430
23.632870558 7482151428 970848 84983  9576
23.644857248 7483111405 959977 84976  9428
23.656869084 7484071208 959803 85006  9442
23.668863557 7485042902 971694 85008  9605
23.680859797 7486003008 960106 84995  9446
23.692871433 7486974282 971274 84987  9629
23.704872457 7487934374 960092 84996  9435
23.716861152 7488904454 970080 85000  9570
23.728858311 7489867433 962979 84999  9473
23.740872215 7490832019 964586 84997  9494
23.752872451 7491801378 969359 84995  9561
23.764869745 7492771180 969802 85002  9568
23.776859830 7493729722 958542 84998  9437
23.788859094 7494699854 970132 84983  9573
23.800871730 7495669167 969313 85003  9559
23.812868780 7496637957 968790 84992  9549
23.824873059 7497607674 969717 85009  9573
23.836874556 7498576914 969240 85009  9559
23.848875205 7499544369 967455 84982  9536
23.860862832 7500511667 967298 85010  9532
23.872863328 7501477995 966328 84995  9519
23.884861487 7502444756 966761 84995  9535
23.896858167 7503412213 967457 85025  9533
23.908860857 7504378652 966439 84993  9527
23.920871793 7505345668 967016 84995  9531
23.932875843 7506317831 972163 85001  9601
23.944875313 7507290875 973044 84994  9642
23.956873299 7508258233 967358 84998  9551
23.968858642 7509225040 966807 85017  9525
23.980858744 7510201970 976930 85003  9670
23.992859161 7511167404 965434 84998  9514
24.004862244 7512132232 964828 84994  9509
24.016861017 7513108273 976041 85010  9653
24.028871380 7514074451 966178 85015  9528
24.040871507 7515051114 976663 85010  9684
24.052870583 7516016961 965847 84993  9520
24.064869429 7516994042 977081 85002  9676
24.076874669 7517959674 965632 85012  9509
24.088880938 7518935902 976228 85001  9664
24.100860255 7519910910 975008 85002  9640
24.112859738 7520877839 966929 84986  9528
24.124871550 7521852836 974997 84990  9639
24.136872994 7522825559 972723 85012  9618
24.148859380 7523791253 965694 85007  9541
24.160872697 7524766129 974876 85001  9653
24.172871556 7525741248 975119 85003  9646
24.184872542 7526716612 975364 84982  9639
24.196863762 7527680800 964188 85004  9510
24.208876548 7528656036 975236 85010  9643
24.220863014 7529630400 974364 85015  9633
24.232850261 7530604189 973789 85012  9744
24.244880764 7531578457 974268 85011  9666
24.256871757 7532552121 973664 85007  9685
24.268871203 7533525308 973187 84999  9623
24.280859830 7534497367 972059 85004  9599
24.292858646 7535469034 971667 85019  9603
24.304860965 7536440344 971310 84995  9590
24.316857885 7537411568 971224 85024  9595
24.328860841 7538383692 972124 85000  9604
24.340874951 7539354879 971187 84987  9582
24.352859108 7540325818 970939 85009  9594
24.364859748 7541297058 971240 85014  9630
24.376871734 7542277577 980519 84997  9748
24.388861703 7543251405 973828 85007  9630
24.400877430 7544221118 969713 85010  9583
24.412874017 7545191281 970163 85006  9617
24.424874260 7546161560 970279 84996  9573
24.436860079 7547142821 981261 85006  9723
24.448871507 7548111625 968804 85025  9553
24.460874956 7549079256 967631 85010  9540
24.472863282 7550059532 980276 85009  9713
24.484870679 7551026009 966477 84998  9524
24.496872252 7551991202 965193 84996  9516
24.508872191 7552969047 977845 85015  9681
24.520875702 7553933370 964323 85018  9496
24.532872818 7554906436 973066 84993  9619
24.544875235 7555874607 968171 84995  9554
24.556880101 7556837607 963000 85013  9470
24.568857960 7557812533 974926 84997  9633
24.580863357 7558774103 961570 85001  9463
24.592860740 7559748414 974311 85007  9639
24.604875780 7560712222 963808 84992  9496
24.616860837 7561683190 970968 85030  9594
24.628874933 7562657531 974341 85006  9700
24.640874963 7563618074 960543 85009  9451
24.652857136 7564591763 973689 84991  9637
24.664874453 7565550648 958885 84994  9430
24.676864779 7566522022 971374 85000  9590
24.688874903 7567492858 970836 85000  9605
24.700863185 7568450152 957294 84993  9399
24.712860455 7569419649 969497 84990  9569
24.724883445 7570389216 969567 84996  9572
24.736858227 7571356941 967725 85009  9547
24.748872282 7572313327 956386 84996  9388
24.760871884 7573282202 968875 84999  9555
24.772862934 7574249897 967695 85005  9584
24.784862731 7575218154 968257 85010  9567
24.796874727 7576175774 957620 85009  9403
24.808872006 7577138544 962770 85011  9478
24.820869716 7578105808 967264 85002  9532
24.832871260 7579071436 965628 84997  9531
24.844875553 7580037315 965879 85011  9515
24.856874816 7581003258 965943 85012  9517
24.868859012 7581968873 965615 84995  9539
24.880868502 7582933938 965065 85007  9504
24.892872445 7583899074 965136 85002  9513
24.904857589 7584860053 960979 84992  9446
24.916863409 7585821930 961877 85002  9458
24.928858964 7586784120 962190 84994  9456
24.940872384 7587747567 963447 85013  9478
24.952876068 7588712602 965035 85003  9522
24.964862013 7589681221 968619 85012  9554
24.976873374 7590647922 966701 85008  9523
24.988856827 7591611970 964048 85005  9482
25.000871167 7592575333 963363 84999  9485
25.012858990 7593538040 962707 85014  9477
25.024862967 7594500702 962662 84989  9488
25.036884326 7595463439 962737 84993  9494
25.048862346 7596425422 961983 85004  9457
25.060875656 7597386215 960793 85009  9447
25.072859322 7598355530 969315 85001  9562
25.084860469 7599324121 968591 84998  9599
25.096875369 7600284638 960517 85005  9453
25.108862005 7601245337 960699 85007  9449
25.120860511 7602206361 961024 85013  9451
25.132874368 7603179091 972730 85012  9626
25.144858358 7604142212 963121 85011  9493
25.156869668 7605102358 960146 85001  9438
25.168871264 7606061698 959340 85003  9432
25.180874200 7607036194 974496 84984  9651
25.192884234 7607995067 958873 84998  9449
25.204871684 7608954656 959589 84996  9461
25.216864187 7609929542 974886 84988  9686
25.228859859 7610888535 958993 85007  9443
25.240857266 7611847847 959312 85010  9425
25.252875823 7612823148 975301 85001  9669
25.264858378 7613784333 961185 85017  9460
25.276872303 7614749363 965030 84994  9521
25.288870719 7615722284 972921 85010  9617
25.300859462 7616681888 959604 85003  9424
25.312871388 7617658114 976226 85014  9667
25.324868972 7618619630 961516 85003  9464
25.336859121 7619595806 976176 84987  9685
25.348859694 7620555660 959854 84994  9618
25.360871741 7621531583 975923 84993  9719
25.372872362 7622491371 959788 84991  9443
25.384871057 7623466232 974861 85011  9649
25.396860204 7624426082 959850 85009  9618
25.408869907 7625401228 975146 85001  9653
25.420860451 7626360118 958890 84992  9428
25.432874667 7627334736 974618 85007  9650
25.444861311 7628297119 962383 85005  9478
25.456859334 7629269753 972634 84996  9612
25.468874901 7630244573 974820 84992  9645
25.480875447 7631202805 958232 84999  9416
25.492870287 7632177464 974659 84990  9679
25.504876381 7633147707 970243 85014  9575
25.516883564 7634110160 962453 85005  9474
25.528872624 7635084882 974722 85000  9660
25.540860073 7636053415 968533 84991  9571
25.552860346 7637017858 964443 85012  9530
25.564859580 7637991585 973727 84997  9682
25.576858020 7638965337 973752 85010  9649
25.588863606 7639923146 957809 85005  9448
25.600863616 7640896317 973171 84987  9659
25.612873923 7641868999 972682 85009  9637
25.624873023 7642838225 969226 85002  9570
25.636859983 7643798050 959825 85023  9559
25.648860043 7644771069 973019 85013  9688
25.660856396 7645744096 973027 85024  9624
25.672871793 7646717290 973194 85000  9617
25.684863216 7647677121 959831 85011  9431
25.696859793 7648646874 969753 85011  9576
25.708872416 7649615488 968614 85004  8915
25.720871330 7650514832 899344 85001  107
25.732860575 7651414317 899485 85015  99
25.744857276 7652313118 898801 85000  109
25.756862125 7653212177 899059 84999  120
25.768875272 7654113868 901691 84994  144
25.780859802 7655024426 910558 84988  71
25.792857745 7655923903 899477 84988  55
25.804860039 7656823747 899844 84985  63
25.816873792 7657722926 899179 84997  46
25.828856625 7658622677 899751 84989  75
25.840867722 7659523083 900406 85002  75
25.852874765 7660436878 913795 85002  38
25.864871132 7661336011 899133 84996  146
25.876860632 7662235320 899309 84995  76
25.888871795 7663133827 898507 84997  58
25.900861935 7664043402 909575 84993  51
25.912869582 7664946619 903217 84990  84
25.924860962 7665845012 898393 84986  46
25.936859901 7666744115 899103 85001  76
25.948875542 7667658262 914147 84998  100
25.960870934 7668556924 898662 84992  55
25.972875235 7669455511 898587 85008  62
25.984873104 7670368583 913072 85008  43
25.996878024 7671266773 898190 84993  80
26.008864194 7672165249 898476 85004  50
26.020858434 7673080375 915126 85005  52
26.032862331 7673980339 899964 85000  122
26.044858664 7674886640 906301 84997  48
26.056860238 7675794569 907929 85003  45
26.068859804 7676693909 899340 85003  55
26.080857831 7677607937 914028 84979  47
26.092861584 7678506694 898757 84999  54
26.104871594 7679420273 913579 85004  77
26.116863354 7680318317 898044 84996  78
26.128870921 7681231573 913256 84994  43
26.140858603 7682129288 897715 85000  55
26.152867414 7683041153 911865 84983  56
26.164858753 7683938470 897317 84993  52
26.176871181 7684850897 912427 84995  62
26.188871207 7685748155 897258 85000  50
26.200872221 7686659620 911465 85005  64
26.212860430 7687556852 897232 84996  61
26.224871507 7688468218 911366 84996  48
26.236875683 7689364377 896159 85001  53
26.248868723 7690275636 911259 84998  42
26.260865763 7691183082 907446 85007  88
26.272858313 7692083507 900425 85004  72
26.284872307 7692995057 911550 85014  61
26.296873737 7693891830 896773 84986  66
26.308882793 7694803587 911757 85000  55
26.320871823 7695715391 911804 84987  40
26.332869343 7696612513 897122 85000  47
26.344873353 7697524228 911715 85000  40
26.356859159 7698435481 911253 84997  43
26.368861997 7699331148 895667 84992  63
26.380872030 7700241787 910639 84998  49
26.392860693 7701152760 910973 84993  51
26.404862660 7702050516 897756 84991  103
26.416857107 7702960160 909644 84989  66
26.428870938 7703871507 911347 85001  50
26.440871193 7704782702 911195 84998  43
26.452863827 7705678777 896075 84989  55
26.464860268 7706589201 910424 84986  47
26.476871537 7707501793 912592 85006  80
26.488860361 7708413217 911424 84992  110
26.500856708 7709319279 906062 84998  54
26.512860221 7710220802 901523 84991  93
26.524871324 7711132117 911315 84998  59
26.536872824 7712042518 910401 85011  59
26.548861351 7712953167 910649 84994  75
26.560873884 7713864767 911600 84991  69
26.572870942 7714766845 902078 84995  77
26.584868564 7715672581 905736 84990  65
26.596859114 7716584946 912365 84998  46
26.608873002 7717497556 912610 84991  75
26.620874515 7718410026 912470 84997  74
26.632879809 7719321941 911915 84997  112
26.644872155 7720234260 912319 84979  63
26.656870585 7721146534 912274 84989  57
26.668869289 7722058205 911671 84988  52
26.680866405 7722970403 912198 84988  46
26.692860659 7723876160 905757 84997  43
26.704859989 7724783107 906947 85019  54
26.716873192 7725693873 910766 84991  60
26.728860866 7726606330 912457 84995  45
26.740860362 7727518510 912180 84991  84
26.752857086 7728430550 912040 84984  50
26.764870620 7729343015 912465 84988  47
26.776870153 7730255520 912505 85003  48
26.788866970 7731168124 912604 84994  50
26.800871760 7732082116 913992 84992  47
26.812862146 7732996007 913891 84998  39
26.824861616 7733911610 915603 84985  60
26.836869826 7734829962 918352 84999  79
26.848859623 7735751013 921051 85008  50
26.860872196 7736668651 917638 84991  47
26.872876374 7737583365 914714 84998  43
26.884873403 7738498100 914735 84986  61
26.896870711 7739413141 915041 84984  64
26.908872437 7740327604 914463 84990  50
26.920857051 7741241493 913889 84989  56
26.932859191 7742155114 913621 84988  45
26.944867467 7743069283 914169 84984  94
26.956874054 7743983957 914674 84978  48
26.968859591 7744910321 926364 85002  53
26.980872577 7745826273 915952 84977  68
26.992875268 7746741242 914969 85003  49
27.004858321 7747655433 914191 84990  35
27.016875232 7748569022 913589 84995  40
27.028863825 7749483538 914516 84992  43
27.040859401 7750411035 927497 85008  52
27.052859332 7751327842 916807 85012  40
27.064859882 7752243047 915205 85003  54
27.076859415 7753158557 915510 84995  59
27.088868148 7754074499 915942 84988  42
27.100870148 7755004549 930050 84994  38
27.112878308 7755920934 916385 85003  50
27.124861755 7756837149 916215 84999  55
27.136872742 7757752812 915663 85000  53
27.148863223 7758682523 929711 85000  77
27.160859758 7759598045 915522 84992  63
27.172870029 7760513838 915793 85014  50
27.184871083 7761429566 915728 84994  69
27.196873876 7762360128 930562 84999  51
27.208876193 7763276123 915995 84978  50
27.220871186 7764191887 915764 85005  53
27.232873526 7765122027 930140 84985  64
27.244875406 7766037872 915845 84995  59
27.256857219 7766954565 916693 85000  46
27.268876956 7767883930 929365 85000  88
27.280858189 7768802793 918863 85006  46
27.292871414 7769719867 917074 84989  57
27.304861846 7770650850 930983 84983  41
27.316874744 7771567354 916504 84982  48
27.328871870 7772483892 916538 84999  57
27.340857573 7773415731 931839 84995  43
27.352871807 7774333490 917759 84990  47
27.364858997 7775252268 918778 84986  63
27.376859974 7776182728 930460 84993  69
27.388858961 7777101448 918720 85002  52
27.400863911 7778033403 931955 84993  42
27.412862651 7778951031 917628 85001  48
27.424877822 7779876024 924993 84994  42
27.436872406 7780801026 925002 84990  40
27.448873062 7781718780 917754 84977  50
27.460861339 7782651063 932283 84996  38
27.472870223 7783569369 918306 84995  45
27.484859373 7784501071 931702 84997  46
27.496875217 7785418735 917664 84991  102
27.508872443 7786351216 932481 84998  54
27.520859183 7787269602 918386 84995  48
27.532872544 7788201287 931685 84998  38
27.544870964 7789119002 917715 84996  79
27.556870478 7790050948 931946 84995  61
27.568872708 7790969260 918312 84996  80
27.580866031 7791902713 933453 85008  62
27.592858761 7792822832 920119 85000  49
27.604862022 7793756218 933386 84999  58
27.616859365 7794676183 919965 84984  50
27.628871165 7795609701 933518 84986  59
27.640871720 7796530214 920513 84997  63
27.652862646 7797463754 933540 84982  39
27.664859366 7798384062 920308 84993  61
27.676857313 7799317900 933838 85000  43
27.688873621 7800252211 934311 85000  40
27.700858511 7801172802 920591 84999  55
27.712859504 7802106205 933403 84999  52
27.724870774 7803026418 920213 84987  58
27.736871912 7803960375 933957 85007  99
27.748882298 7804889548 929173 85003  89
27.760869278 7805814330 924782 84991  78
27.772873168 7806748436 934106 84995  68
27.784876842 7807668811 920375 85000  55
27.796866815 7808602517 933706 84985  44
27.808861013 7809535826 933309 84988  44
27.820870876 7810457203 921377 85005  52
27.832873889 7811391713 934510 85001  41
27.844868196 7812327701 935988 84990  45
27.856863040 7813250046 922345 84982  53
27.868870804 7814185338 935292 84990  81
27.880875190 7815120950 935612 85001  57
27.892859510 7816043131 922181 85002  106
27.904867595 7816978321 935190 84980  40
27.916859491 7817913658 935337 84978  44
27.928856891 7818835108 921450 84993  42
27.940860378 7819770006 934898 85008  41
27.952859959 7820705416 935410 84996  41
27.964875522 7821629077 923661 85002  57
27.976871139 7822564293 935216 84992  38
27.988860212 7823499987 935694 85001  52
28.000859022 7824435264 935277 84995  47
28.012856996 7825357543 922279 84990  46
28.024874057 7826293340 935797 84991  44
28.036858370 7827229609 936269 84997  102
28.048859947 7828166239 936630 85000  38
28.060868028 7829089313 923074 84998  58
28.072872338 7830026090 936777 84997  43
28.084873208 7830962795 936705 84998  50
28.096869364 7831900426 937631 85008  42
28.108875455 7832827314 926888 84981  38
28.120872085 7833763034 935720 84994  39
28.132860575 7834701078 938044 84992  49
28.144860375 7835638734 937656 84997  53
28.156870570 7836576674 937940 84992  41
28.168874666 7837504354 927680 84994  38
28.180857720 7838439818 935464 85001  49
28.192862020 7839377804 937986 84998  39
28.204875046 7840316032 938228 84997  43
28.216867656 7841253985 937953 84989  104
28.228864277 7842192655 938670 84994  60
28.240861697 7843120368 927713 85001  104
28.252859097 7844056162 935794 84998  98
28.264857947 7844994823 938661 84992  159
28.276860202 7845933327 938504 85002  192
28.288860438 7846871513 938186 85001  159
28.300874038 7847809667 938154 84995  178
28.312870605 7848748567 938900 84988  155
28.324860839 7849688408 939841 84989  167
28.336858559 7850617201 928793 84987  171
28.348856950 7851558665 941464 84992  166
28.360871727 7852499732 941067 84995  180
28.372862837 7853440917 941185 84997  125
28.384872218 7854381934 941017 84993  144
28.396873228 7855323173 941239 84993  268
28.408873559 7856264743 941570 84999  122
28.420873072 7857206675 941932 84998  112
28.432868782 7858148264 941589 84996  182
28.444874360 7859090437 942173 84999  162
28.456874403 7860031862 941425 84988  145
28.468863693 7860973558 941696 84998  140
28.480859754 7861911720 938162 84992  212
28.492875248 7862847163 935443 85005  191
28.504870575 7863787420 940257 84998  129
28.516869492 7864729735 942315 85005  123
28.528860342 7865672180 942445 85007  380
28.540881476 7866615003 942823 84996  527
28.552876203 7867558480 943477 84992  244
28.564863041 7868502087 943607 85003  247
28.576863051 7869446433 944346 85001  320
28.588858947 7870390740 944307 84996  206
28.600858731 7871335407 944667 84999  291
28.612862195 7872280094 944687 85000  125
28.624863649 7873225022 944928 84995  159
28.636872856 7874169547 944525 84996  264
28.648871889 7875114972 945425 84997  233
28.660860179 7876060354 945382 84996  300
28.672858679 7877006085 945731 84987  232
28.684857314 7877951768 945683 85009  126
28.696881835 7878898982 947214 85001  241
28.708862051 7879850428 951446 85005  510
28.720860165 7880802552 952124 84995  261
28.732872665 7881749245 946693 85004  149
28.744872016 7882696238 946993 84990  192
28.756872480 7883643559 947321 84999  211
28.768869340 7884593030 949471 85006  343
28.780863157 7885541203 948173 84999  269
28.792872274 7886491024 949821 84987  209
28.804860094 7887440947 949923 84996  280
28.816858878 7888391057 950110 84996  147
28.828869652 7889340994 949937 85011  172
28.840865725 7890291334 950340 84993  292
28.852877606 7891242163 950829 85000  411
28.864862543 7892203326 961163 85003  257
28.876871016 7893156017 952691 85005  224
28.888873280 7894108331 952314 84982  225
28.900859781 7895061326 952995 85006  291
28.912861557 7896014521 953195 84993  149
28.924874828 7896966525 952004 84998  235
28.936857272 7897919530 953005 84997  187
28.948859868 7898873129 953599 84992  359
28.960862649 7899836713 963584 84996  191
28.972874789 7900791626 954913 84997  298
28.984871224 7901746662 955036 85005  208
28.996858440 7902700868 954206 84993  312
29.008873170 7903655784 954916 85000  339
29.020866384 7904611619 955835 84997  418
29.032860405 7905576914 965295 84985  256
29.044862775 7906532531 955617 84989  213
29.056864426 7907489321 956790 85025  233
29.068875122 7908445350 956029 84993  200
29.080873242 7909401909 956559 85002  95
29.092859160 7910363617 961708 84997  226
29.104870233 7911325605 961988 85010  315
29.116874784 7912284136 958531 84998  220
29.128873101 7913242930 958794 85001  285
29.140871971 7914201236 958306 85005  292
29.152859545 7915169000 967764 84998  263
29.164871292 7916128659 959659 84987  221
29.176868715 7917088199 959540 84997  171
29.188870103 7918048370 960171 85002  265
29.200863586 7919012401 964031 84998  499
29.212873801 7919978010 965609 84997  251
29.224863047 7920940075 962065 84996  429
29.236875211 7921902010 961935 84999  363
29.248863461 7922866798 964788 84991  447
29.260875198 7923833685 966887 85000  86
29.272856885 7924796700 963015 85004  355
29.284874846 7925759403 962703 84997  152
29.296858479 7926730575 971172 84990  179
29.308864463 7927694395 963820 84998  115
29.320871117 7928658018 963623 84996  365
29.332868590 7929621514 963496 84996  263
29.344859151 7930593473 971959 84988  259
29.356857195 7931557819 964346 84996  364
29.368871699 7932523843 966024 85003  312
29.380858829 7933497105 973262 84997  203
29.392871597 7934463319 966214 84988  126
29.404870350 7935428810 965491 84995  236
29.416874791 7936400765 971955 85001  289
29.428861481 7937367122 966357 85001  251
29.440869835 7938333405 966283 85002  255
29.452871035 7939301583 968178 84995  118
29.464871760 7940273818 972235 84999  190
29.476871073 7941240373 966555 85004  245
29.488858197 7942208294 967921 85002  401
29.500878544 7943180645 972351 84996  219
29.512871902 7944148704 968059 85007  235
29.524867658 7945124758 976054 84999  318
29.536860223 7946093756 968998 84997  217
29.548873380 7947062405 968649 84995  256
29.560872410 7948037703 975298 84991  177
29.572862258 7949005964 968261 85006  450
29.584860185 7949975186 969222 84998  181
29.596874102 7950951029 975843 84999  304
29.608859206 7951920940 969911 84997  236
29.620876250 7952892651 971711 85004  331
29.632870713 7953868342 975691 84991  224
29.644873564 7954838536 970194 84996  227
29.656872841 7955815372 976836 85000  358
29.668872239 7956786353 970981 85003  131
29.680858962 7957757823 971470 84995  115
29.692869996 7958735000 977177 84998  148
29.704860356 7959706396 971396 85004  263
29.716873667 7960682939 976543 85002  226
29.728874244 7961654992 972053 84988  224
29.740860787 7962632313 977321 84996  456
29.752860212 7963604133 971820 84994  249
29.764859275 7964575974 971841 84999  200
29.776869049 7965553969 977995 85002  273
29.788861180 7966526152 972183 84995  378
29.800863430 7967504165 978013 84985  243
29.812883928 7968476456 972291 84990  148
29.824871609 7969455199 978743 85001  213
29.836858826 7970427968 972769 84993  173
29.848873590 7971406184 978216 85016  316
29.860863010 7972378225 972041 84987  256
29.872872680 7973350689 972464 84990  281
29.884859134 7974329239 978550 84995  367
29.896862294 7975301479 972240 84993  497
29.908873809 7976280335 978856 84998  357
29.920871175 7977252927 972592 85004  457
29.932875150 7978230502 977575 84999  186
29.944857010 7979203337 972835 84992  522
29.956875884 7980182209 978872 85001  152
29.968879678 7981155575 973366 84999  282
29.980860945 7982134381 978806 84992  287
29.992862972 7983107728 973347 84990  261
30.004876343 7984085514 977786 84997  382
30.016860289 7985058559 973045 84991  185
30.028857940 7986037359 978800 84994  220
30.040859484 7987010498 973139 84990  210
30.052871635 7987989338 978840 84998  213
30.064871049 7988962359 973021 85003  252
30.076860966 7989940688 978329 84997  225
30.088871653 7990913478 972790 84993  243
30.100873583 7991892559 979081 85000  179
30.112857628 7992871546 978987 85008  149
30.124860348 7993844907 973361 84998  280
30.136867832 7994823835 978928 84988  359
30.148860849 7995796189 972354 85003  330
30.160861386 7996775238 979049 84998  161
30.172875230 7997747953 972715 84985  414
30.184875374 7998726647 978694 84992  262
30.196870767 7999700906 974259 84995  267
30.208876928 8000680622 979716 85002  421
30.220861342 8001659511 978889 85000  320
30.232859615 8002633097 973586 84994  285
30.244862896 8003612601 979504 84998  250
30.256858980 8004586498 973897 84990  232
30.268870671 8005565717 979219 84984  301
30.280857781 8006539469 973752 85007  255
30.292880539 8007517988 978519 85004  203
30.304871499 8008497139 979151 84993  287
30.316860466 8009470611 973472 84988  191
30.328876160 8010449326 978715 84992  223
30.340858914 8011422842 973516 84990  100
30.352864104 8012402371 979529 84991  275
30.364871022 8013380907 978536 84995  293
30.376864049 8014354547 973640 84993  165
30.388872106 8015333235 978688 84985  192
30.400871781 8016309029 975794 84994  328
30.412862624 8017286174 977145 85001  306
30.424862462 8018265691 979517 85003  304
30.436859688 8019239028 973337 85004  246
30.448892967 8020218205 979177 84990  241
30.460864610 8021197662 979457 84999  261
30.472859481 8022171292 973630 84994  244
30.484872528 8023150791 979499 84996  171
30.496874282 8024130538 979747 84995  273
30.508861610 8025103949 973411 84990  242
30.520871013 8026083808 979859 85004  213
30.532869794 8027063425 979617 84989  192
30.544872929 8028037503 974078 84995  225
30.556858545 8029017516 980013 84997  229
30.568862780 8029997058 979542 84991  258
30.580870524 8030970804 973746 84999  231
30.592874531 8031949619 978815 84998  207
30.604882132 8032928997 979378 85002  269
30.616869862 8033902918 973921 85000  214
30.628859153 8034882666 979748 84997  167
30.640861260 8035862886 980220 85002  192
30.652871257 8036836725 973839 84993  252
30.664871111 8037816821 980096 84992  257
30.676870502 8038796884 980063 84988  244
30.688863200 8039771631 974747 84998  175
30.700857837 8040752042 980411 84999  259
30.712875781 8041732320 980278 84996  247
30.724858868 8042712024 979704 84996  179
30.736858892 8043686724 974700 84987  242
30.748870353 8044666523 979799 84991  212
30.760860963 8045646893 980370 85006  209
30.772870217 8046622332 975439 84995  236
30.784857131 8047602613 980281 84987  210
30.796871735 8048582618 980005 84989  205
30.808873839 8049563214 980596 84989  237
30.820860947 8050538221 975007 84999  161
30.832862360 8051518988 980767 85002  259
30.844858695 8052499949 980961 84998  264
30.856873109 8053480953 981004 85007  181
30.868868672 8054456573 975620 84999  294
30.880860980 8055437795 981222 84999  238
30.892874051 8056419451 981656 84996  276
30.904861108 8057401164 981713 84997  248
30.916870402 8058377766 976602 84991  222
30.928879853 8059359761 981995 84996  201
30.940872266 8060341372 981611 85004  254
30.952868777 8061324324 982952 84993  164
30.964872768 8062303079 978755 84991  253
30.976871208 8063286262 983183 84991  241
30.988859883 8064270659 984397 85000  218
31.000863269 8065255402 984743 85001  206
31.012871534 8066235845 980443 84993  255
31.024870941 8067221494 985649 84997  222
31.036868416 8068208303 986809 85010  184
31.048860556 8069195562 987259 84999  249
31.060875077 8070183649 988087 85008  246
31.072875171 8071172667 989018 85010  268
31.084869874 8072166956 994289 84991  240
31.096860415 8073165315 998359 84994  553
31.108875076 8074166078 1000763 84982  572
31.120859490 8075166935 1000857 84998  315
31.132861164 8076167458 1000523 84991  279
31.144863131 8077168555 1001097 85001  230
31.156872545 8079854009 2685454 85004  4363
31.168876079 8086728905 6874896 77920  34275
31.179860855 8091080477 4351572 77914  19590
31.190860887 8097754964 6674487 77919  32997
31.201857352 8101497047 3742083 84993  18742
31.213873803 8106243252 4746205 77910  44571
31.224863475 8112667855 6424603 84988  30271
31.236885120 8118168460 5500605 77904  27551
31.247875155 8123863656 5695196 85006  25597
31.259863915 8125600185 1736529 85004  38644
31.271865623 8127497145 1896960 84984  78767
31.283860454 8133550737 6053592 84991  35946
31.295872314 8138691684 5140947 84994  23327
31.307865415 8145438888 6747204 77904  33632
31.318866067 8149847815 4408927 85004  23561
31.330874905 8153955891 4108076 77922  35906
31.341872637 8160890426 6934535 77897  33506
31.352860583 8165363079 4472653 77926  20832
31.363858502 8171919811 6556732 77912  31986
31.374874281 8173739854 1820043 84999  15345
31.386861055 8175526928 1787074 85025  74702
31.398870200 8177203682 1676754 84985  75979
31.410872963 8179100433 1896751 84997  84778
31.422871391 8180809183 1708750 84971  69879
31.434861548 8188123504 7314321 77925  36587
31.445870677 8192905000 4781496 84989  19111
31.457873055 8200099936 7194936 85003  35882
31.469873598 8203304388 3204452 85001  15610
31.481865463 8208918608 5614220 85007  39004
31.493861147 8214608055 5689447 84988  26125
31.505873931 8220989937 6381882 84999  31432
31.517875432 8225935249 4945312 84995  21188
31.529869716 8227679484 1744235 84994  53256
31.541876803 8230250819 2571335 85010  70843
31.553876994 8236796647 6545828 77907  30769
31.564873727 8241198290 4401643 77919  20593
31.575871336 8247824984 6626694 77918  32850
31.586861281 8251563512 3738528 85018  19418
31.598872812 8256327210 4763698 77916  34961
31.609858865 8262722786 6395576 84990  29407
31.621873542 8268222152 5499366 77920  26191
31.632864361 8273924530 5702378 85002  25859
31.644872799 8275660200 1735670 85001  29629
31.656877583 8277556675 1896475 85012  80451
31.668862657 8279233877 1677202 85004  75570
31.680872284 8281130576 1896699 85011  84706
31.692870272 8282762318 1631742 85005  69725
31.704883910 8284659017 1896699 85008  84770
31.716864494 8286555492 1896475 85017  84763
31.728862831 8288293935 1738443 77890  77694
31.739872837 8290191243 1897308 84966  84745
31.751871527 8292519769 2328526 84982  66014
31.763872375 8299816353 7296584 84982  35373
31.775857139 8304692929 4876576 77916  21252
31.786875568 8310951253 6258324 77914  30808
31.797875444 8313954716 3003463 85003  22045
31.809861772 8319566500 5611784 84997  38629
31.821871692 8325257564 5691064 84994  25538
31.833864159 8331618548 6360984 85013  30992
31.845863650 8336583253 4964705 84999  21360
31.857867148 8338342160 1758907 84992  52837
31.869865186 8340991546 2649386 85007  73425
31.881874257 8348073805 7082259 84983  33928
31.893872250 8353005863 4932058 77912  20970
31.904872276 8359859496 6853633 84988  32529
31.916864087 8362594672 2735176 85003  18470
31.928863011 8368220462 5625790 84994  36186
31.940858662 8373917927 5697465 84999  24858
31.952860016 8380059113 6141186 77914  33262
31.963878429 8385090655 5031542 85004  21283
31.975874570 8386840322 1749667 85014  56485
31.987876686 8388517748 1677426 85014  71320
31.999874094 8390414251 1896503 85012  84729
32.011860752 8392310922 1896671 85015  84790
32.023878566 8397450132 5139210 77917  45686
32.034864685 8403355360 5905228 85005  26619
32.046864553 8409000549 5645189 84994  26771
32.058877717 8414699282 5698733 84980  24896
32.070864040 8417232157 2532875 77918  36349
32.081873513 8424512925 7280768 84980  36252
32.093872074 8429423861 4910936 77911  27355
32.104872273 8435864997 6441136 77903  31215
32.115871898 8438692200 2827203 85006  15754
32.127859226 8440479050 1786850 85001  74012
32.139865034 8445043224 4564174 85024  60735
32.151863564 8451710303 6667079 84983  31593
32.163871415 8457143105 5432802 77924  25415
32.174883874 8462895514 5752409 84986  26188
32.186869831 8464741264 1845750 85004  21168
32.198873679 8472022769 7281505 77906  35564
32.209859925 8476778478 4755709 84987  20819
32.221876316 8484182215 7403737 85001  35822
32.233863557 8487185209 3002994 84989  18044
32.245861510 8488972507 1787298 84996  65863
32.257873504 8490649933 1677426 85000  75583
32.269857335 8492546632 1896699 85002  84793
32.281873683 8494363773 1817141 85014  78897
32.293863494 8496073953 1710180 85003  74364
32.305872021 8497970652 1896699 85006  84758
32.317871345 8499867351 1896699 85001  84802
32.329880103 8501764050 1896699 85000  84802
32.341860800 8503398160 1634110 84995  69934
32.353857445 8505020537 1622377 85011  84174
32.365864419 8506917236 1896699 85004  84779
32.377864097 8508814159 1896923 85012  84785
32.389861638 8510710858 1896699 84995  84745
32.401871285 8512607577 1896719 84999  84743
32.413871822 8514505528 1897951 84995  84806
32.425860854 8516403147 1897619 84977  84721
32.437869801 8518300423 1897276 84968  84765
32.449861685 8520040271 1739848 77898  77743
32.460871257 8521405666 1365395 84994  67877
32.472873996 8525878661 4472995 77910  61042
32.483883155 8532131764 6253103 84989  27940
32.495875513 8537809481 5677717 84993  28052
32.507863489 8543504695 5695214 84989  25543
32.519870738 8546047375 2542680 77921  43109
32.530863947 8553228398 7181023 84987  34929
32.542863875 8558229603 5001205 77911  21783
32.553875094 8564520196 6290593 77916  29774
32.564875676 8567494031 2973835 85003  18396
32.576877604 8569280881 1786850 84996  62988
32.588861528 8573864346 4583465 84997  60772
32.600870809 8580531391 6667045 84993  30935
32.612861627 8585968608 5437217 77909  25780
32.623860279 8591718762 5750154 84988  26497
32.635875667 8593557933 1839171 85011  22368
32.647871961 8600828161 7270228 77909  36457
32.658875353 8605609372 4781211 84993  19367
32.670875831 8612811513 7202141 84993  36427
32.682871595 8616010783 3199270 84994  20149
32.694875416 8617797857 1787074 85006  66561
32.706863584 8619475283 1677426 85008  74791
32.718862362 8621372206 1896923 85015  84799
32.730861026 8623189056 1816850 85004  78852
32.742864300 8629700483 6511427 84992  35526
32.754861038 8634796976 5096493 84993  23345
32.766858225 8641777690 6980714 77920  34132
32.777873848 8645570654 3792964 85007  18539
32.789871252 8650087403 4516749 77910  45899
32.800868688 8656746242 6658839 84992  31052
32.812864229 8662226553 5480311 77911  26779
32.823860571 8667943278 5716725 84998  24800
32.835864369 8669654546 1711268 84997  30478
32.847858810 8671551077 1896531 85000  81978
32.859874298 8677083779 5532702 85023  36465
32.871876185 8682787471 5703692 84988  24898
32.883865446 8689250498 6463027 77916  32494
32.894873659 8693946285 4695787 84993  21297
32.906865340 8698605804 4659519 85000  37723
32.918872124 8705258291 6652487 84997  31460
32.930935243 8710680989 5422698 77919  28059
32.941846821 8716438975 5757986 84998  25755
32.953873318 8718151615 1712640 84992  28871
32.965876773 8720048538 1896923 85004  84729
32.977876977 8721725964 1677426 85026  75498
32.989866718 8723622439 1896475 84999  84788
33.001862912 8725256421 1633982 85015  70692
33.013857809 8727152806 1896385 85002  84768
33.025872674 8729049147 1896341 85014  84787
33.037872618 8730945846 1896699 85022  84802
33.049862872 8732842545 1896699 85022  84803
33.061860673 8734685238 1842693 77920  61754
33.072872153 8741523038 6837800 77909  33378
33.083861082 8745884291 4361253 77918  18737
33.094857794 8752556236 6671945 77920  32353
33.105872423 8756295295 3739059 85000  20358
33.117878554 8761043879 4748584 77913  35954
33.128874097 8767478721 6434842 84987  29158
33.140871898 8772977955 5499234 77900  25100
33.151875744 8778661501 5683546 84998  27411
33.163862251 8780398926 1737425 85011  32407
33.175858815 8782295625 1896699 84988  79170
33.187860783 8788388010 6092385 85003  36080
33.199867631 8793489482 5101472 84997  24187
33.211861782 8800255452 6765970 77899  34924
33.222860327 8804642925 4387473 84994  25454
33.234872692 8808747291 4104366 77918  36319
33.245872627 8815676292 6929001 77899  34012
33.256857587 8820035632 4359340 77907  19518
33.267887076 8826708903 6673271 77918  33013
33.278873325 8828528216 1819313 85018  20184
33.290860530 8830315318 1787102 85017  69096
33.302860974 8831992520 1677202 85006  75902
33.314859278 8833889219 1896699 85010  84792
33.326871506 8835577423 1688204 85011  69890
33.338859010 8842828245 7250822 77913  35669
33.349865716 8847697735 4869490 84998  28280
33.361860860 8854863988 7166253 84984  35447
33.373862958 8858096629 3232641 85008  22390
33.385867509 8863714923 5618294 84991  42731
33.397871907 8869399278 5684355 85009  27362
33.409874212 8875659843 6260565 84991  35515
33.421886483 8880732894 5073051 85009  23065
33.433863824 8882487657 1754763 84992  59110
33.445862951 8885131023 2643366 85003  68047
33.457875903 8892315443 7184420 84988  34211
33.469874737 8897341118 5025675 77909  22356
33.480873929 8903466951 6125833 77917  29507
33.491873658 8906616410 3149459 85002  19627
33.503871664 8912227811 5611401 84992  35709
33.515873198 8917921853 5694042 84995  25558
33.527864152 8924395629 6473776 84992  32355
33.539872463 8929240296 4844667 84999  21072
33.551876251 8930990327 1750031 84996  50268
33.563871782 8932667725 1677398 85023  72222
33.575875493 8934564424 1896699 85022  84791
33.587871091 8936461123 1896699 85030  84805
33.599863848 8938094881 1633758 85005  70730
33.611872579 8939991804 1896923 85006  84801
33.623872317 8941888503 1896699 85005  84799
33.635871828 8943785349 1896846 85001  84807
33.647862553 8945681901 1896552 84995  84805
33.659860273 8947042585 1360684 84995  68066
33.671857985 8948939098 1896513 85003  84787
33.683871726 8950835759 1896661 85022  84801
33.695875044 8952732234 1896475 85000  84796
33.707859618 8954628933 1896699 85007  84799
33.719860629 8956525184 1896251 85004  84784
33.731863264 8958422107 1896923 85017  84812
33.743879398 8960318582 1896475 85023  84796
33.755857652 8962215057 1896475 85028  84793
33.767863420 8963839127 1624070 85012  69746
33.779862294 8964927619 1088492 84996  84308
33.791859329 8966824318 1896699 85000  84769
33.803860146 8968562871 1738553 77922  77709
33.814873506 8970459346 1896475 84997  84758
33.826873534 8972356045 1896699 85005  84725
33.838869632 8974252744 1896699 84997  84766
33.850860333 8976149219 1896475 84986  84715
33.862861407 8978045694 1896475 85003  84694
33.874874015 8979942617 1896923 85020  84762
33.886876153 8981839316 1896699 85006  84782
33.898882678 8983736147 1896831 84964  84754
33.910861415 8985633202 1897055 84983  84796
33.922869316 8987530258 1897056 84967  84811
33.934861764 8989269156 1738898 77886  77718
33.945872386 8991166211 1897055 84975  84803
33.957873001 8993063294 1897083 84967  84810
33.969874575 8994960321 1897027 84953  84810
33.981864059 8996857153 1896832 84961  84791
33.993864247 8998754208 1897055 84964  84788
34.005858871 8999849084 1094876 85011  69686
34.017864820 9000568529 719445 85005  84739
34.029877994 9007078481 6509952 85004  44519
34.041861239 9012182782 5104301 84984  27715
34.053874553 9019243227 7060445 77910  35232
34.064860499 9022975527 3732300 84997  29772
34.076865906 9027481158 4505631 77919  41475
34.087859429 9034131602 6650444 84999  33621
34.099872604 9039631424 5499822 77914  34509
34.110876570 9045326023 5694599 84999  25579
34.122863581 9047037414 1711391 85001  34397
34.134864072 9048934195 1896781 85016  82068
34.146862629 9054436993 5502798 84994  37046
34.158872100 9060156730 5719737 84984  25145
34.170859118 9066622753 6466023 77908  30955
34.181861764 9071310401 4687648 84999  21498
34.193863932 9075980214 4669813 85001  38975
34.205874987 9082638972 6658758 84996  32333
34.217861471 9088073995 5435023 77912  26200
34.228863977 9093823018 5749023 85001  25671
34.240888232 9095535126 1712108 84999  35304
34.252859945 9097431909 1896783 85001  77985
34.264873444 9099109335 1677426 85024  75566
34.276865051 9101006034 1896699 85015  84796
34.288872763 9103622935 2616901 77916  60454
34.299872208 9111106525 7483590 84980  35381
34.311874456 9115628737 4522212 77925  18984
34.322870168 9122147707 6518970 77910  32446
34.333869522 9124913726 2766019 85006  19128
34.345875066 9130542588 5628862 84991  35144
34.357871047 9136245495 5702907 84987  25540
34.369865662 9142309291 6063796 77916  32065
34.380860045 9147470022 5160731 84998  24094
34.392874526 9149220725 1750703 85006  53699
34.404876421 9151865513 2644788 85013  72173
34.416874895 9158957022 7091509 84991  33576
34.428876076 9163957209 5000187 77911  21296
34.439874959 9170769616 6812407 85001  31585
34.451859453 9173492277 2722661 84996  19578
34.463876905 9179111279 5619002 84989  32477
34.475874873 9184808617 5697338 84991  24516
34.487859474 9191185712 6377095 77913  31174
34.498869237 9195977424 4791712 84997  19938
34.510862068 9197738851 1761427 84989  53125
34.522884992 9199416399 1677548 85006  74438
34.534866970 9201313200 1896801 84995  84791
34.546877088 9203209899 1896699 85004  84813
34.558876753 9204842985 1633086 85002  74069
34.570862337 9206739460 1896475 85006  84795
34.582864438 9208636159 1896699 85004  84805
34.594865443 9210532858 1896699 85014  84805
34.606874925 9212429557 1896699 85013  84812
34.618864366 9216520118 4090561 77925  54790
34.629861175 9223179847 6659729 84981  30613
34.641875739 9228613914 5434067 77917  25332
34.652871809 9234369358 5755444 84993  24571
34.664868873 9236244695 1875337 84993  32289
34.676870575 9243575826 7331131 77921  35433
34.687876078 9248419663 4843837 84991  20791
34.699874229 9255925514 7505851 84988  36747
34.711865016 9258710713 2785199 85004  24381
34.723872968 9260497787 1787074 85004  65933
34.735863616 9265053225 4555438 85002  56980
34.747871650 9271739982 6686757 84997  30588
34.759872475 9277252908 5512926 77901  24521
34.770875458 9282948720 5695812 84993  26087
34.782861022 9285510092 2561372 85022  27614
34.794860760 9292136728 6626636 77908  32213
34.805864426 9296542403 4405675 77917  17859
34.816861682 9303174580 6632177 77909  31495
34.827877572 9306908486 3733906 84994  18873
34.839875243 9308695784 1787298 84999  58165
34.851873608 9310373434 1677650 85003  74890
34.863863789 9312269909 1896475 85002  84782
34.875864380 9314166832 1896923 85011  84824
34.887864105 9319649152 5482320 84994  37666
34.899858559 9325353000 5703848 84992  24537
34.911857644 9331624957 6271957 77908  29777
34.922864339 9336517328 4892371 84990  20651
34.934865208 9340725930 4208602 84995  34239
34.946865246 9347671730 6945800 77912  33368
34.957863148 9352106623 4434893 77916  20044
34.968874705 9358705556 6598933 77900  31016
34.979860750 9360524588 1819032 85004  20067
34.991866732 9362311886 1787298 85012  72235
35.003874647 9367578409 5266523 77904  53443
35.014859602 9373396389 5817980 84997  25038
35.026861977 9379039867 5643478 84986  25686
35.038864175 9384737086 5697219 84983  24561
35.050874103 9387274739 2537653 77913  32726
35.061873605 9394526345 7251606 84991  34598
35.073859407 9399467399 4941054 77907  20791
35.084872536 9405992497 6525098 77908  30803
35.095862595 9408777019 2784522 85001  18114
35.107862517 9410563869 1786850 84992  65294
35.119864238 9412241426 1677557 84995  75773
35.131875489 9414138218 1896792 85016  84811
35.143881587 9415921569 1783351 85002  78247
35.155862765 9417669795 1748226 85009  82631
35.167863137 9419566494 1896699 85029  84790
35.179861404 9421462969 1896475 85016  84798
35.191877672 9423359220 1896251 85007  84791
35.203862533 9424955982 1596762 85010  74611
35.215864312 9426616379 1660397 85008  84794
35.227876906 9428513078 1896699 85004  84805
35.239872207 9430409687 1896609 84992  84797
35.251876408 9432306028 1896341 84993  84798
35.263874450 9434202951 1896923 85010  84821
35.275876888 9436099650 1896699 85004  84805
35.287865339 9437996349 1896699 85010  84812
35.299870640 9439893272 1896923 85010  84815
35.311874862 9441789971 1896699 85004  84805
35.323873883 9443022293 1232322 84995  74100
35.335879854 9448330282 5307989 84995  54452
35.347874018 9454023626 5693344 85015  26775
35.359862746 9460525151 6501525 85005  31660
35.371864804 9465341287 4816136 84994  22450
35.383875425 9469566823 4225536 84999  43323
35.395859970 9476508739 6941916 77907  32961
35.406858196 9481051484 4542745 77913  18380
35.417871660 9487749786 6698302 84975  30986
35.429859117 9489572660 1822874 85004  23928
35.441860849 9491359510 1786850 84999  75097
35.453882980 9496891602 5532092 85019  45912
35.465864031 9502588541 5696939 84988  24486
35.477875390 9509216882 6628341 85009  31052
35.489871908 9513910348 4693466 84990  20982
35.501863003 9518582750 4672402 84995  37754
35.513861237 9525230049 6647299 84996  31260
35.525875855 9530739133 5509084 77896  26436
35.536876212 9536433807 5694674 84993  25206
35.548872913 9538145327 1711520 84997  28160
35.560873391 9540041802 1896475 85018  80597
35.572860416 9541719228 1677426 85013  75678
35.584863080 9543615927 1896699 85004  84807
35.596864329 9546351906 2735979 77915  66483
35.607872521 9553685586 7333680 85001  34577
35.619879360 9558228346 4542760 77916  19117
35.630864059 9564756207 6527861 77904  30595
35.641872369 9567541110 2784903 84992  15068
35.653870930 9573168555 5627445 85009  38150
35.665865834 9578879579 5711024 85001  25085
35.677874289 9584975364 6095785 77919  29183
35.688871465 9590059530 5084166 84998  21277
35.700872640 9591818699 1759169 84994  49342
35.712861818 9594466843 2648144 85024  74077
35.724871102 9601551902 7085059 85001  33630
35.736869231 9606550230 4998328 77897  22143
35.747861250 9612583075 6032845 77922  28192
35.758874437 9615907539 3324464 85012  22038
35.770882151 9621536347 5628808 85010  42005
35.782862213 9627235051 5698704 84989  26306
35.794860931 9633622451 6387400 84991  33004
35.806864649 9638566931 4944480 85000  23520
35.818872440 9640316262 1749331 84993  53379
35.830862781 9641993688 1677426 85011  75206
35.842876047 9643890387 1896699 85010  84792
35.854862128 9645787030 1896643 85003  84806
35.866864949 9647419948 1632918 84997  74206
35.878874331 9649316423 1896475 85010  84790
35.890861995 9651213122 1896699 85008  84811
35.902860159 9653109849 1896727 85008  84810
35.914865271 9655006520 1896671 85001  84805
35.926868716 9659102457 4095937 77909  54230
35.937860506 9665760542 6658085 85005  30581
35.949871487 9671127212 5366670 77898  24623
35.960875460 9676949490 5822278 84986  25463
35.972861514 9678780973 1831483 84988  21163
35.984860365 9686144999 7364026 77895  36169
35.995875782 9690883119 4738120 85001  22213
36.007861886 9698409860 7526741 84990  36210
36.019859831 9701248013 2838153 85006  17487
36.031875833 9703034877 1786864 85014  69874
36.043876084 9707593213 4558336 85010  64427
36.055877772 9714272086 6678873 84985  30579
36.067857563 9719703538 5431452 77923  24546
36.078868776 9725466243 5762705 84998  24595
36.090862348 9727347766 1881523 85003  17748
36.102877063 9734677005 7329239 77922  35455
36.113875572 9739412828 4735823 85001  18771
36.125862617 9746938186 7525358 85002  36436
36.137873915 9749761196 2823010 84988  14605
36.149871043 9751548270 1787074 85009  67324
36.161863735 9753225696 1677426 85014  76332
36.173872466 9755121947 1896251 85006  84777
36.185877643 9756932375 1810428 85014  78413
36.197877245 9763439024 6506649 84981  39204
36.209868151 9768536860 5097836 84999  22265
36.221859021 9775601777 7064917 77918  33933
36.232870614 9779325799 3724022 84988  22964
36.244873212 9783825802 4500003 77905  35885
36.255872625 9790492213 6666411 84998  30758
36.267874629 9795992392 5500179 77903  26176
36.278873586 9801684508 5692116 84989  24510
36.290872944 9803396924 1712416 85018  39787
36.302861975 9805293623 1896699 85003  76412
36.314872677 9810792053 5498430 84991  39284
36.326865604 9816514612 5722559 84996  29672
36.338873403 9822979857 6465245 77905  30689
36.349860692 9827673403 4693546 84994  20391
36.361863431 9832341434 4668031 84988  46371
36.373864408 9838997056 6655622 84997  30656
36.385871907 9844497813 5500757 77913  24589
36.396878003 9850195213 5697400 84988  24588
36.408862885 9851907181 1711968 85002  25687
36.420876203 9853804104 1896923 84997  83197
36.432862551 9855481530 1677426 85011  78738
36.444876766 9857378005 1896475 85012  84780
36.456862791 9859011763 1633758 85008  73818
36.468872576 9860908462 1896699 85009  84792
36.480862230 9862805161 1896699 85007  84809
36.492874549 9864701636 1896475 85001  84804
36.504863740 9866598335 1896699 85006  84805
36.516861031 9867959019 1360684 84999  74624
36.528875293 9869855718 1896699 85010  84792
36.540865428 9871752193 1896475 85007  84800
36.552868646 9873648892 1896699 85015  84808
36.564861227 9875545591 1896699 85009  84810
36.576873893 9877442164 1896573 85003  84794
36.588861178 9879338765 1896601 85011  84809
36.600873002 9881235464 1896699 85022  84806
36.612861053 9883131939 1896475 85007  84795
36.624872258 9885028414 1896475 85008  84800
36.636864547 9885857477 829063 85012  73467
36.648870801 9887740528 1883051 85004  84792
36.660863522 9889637227 1896699 85006  84810
36.672876114 9891533478 1896251 84990  84791
36.684876103 9893430177 1896699 85000  84805
36.696859841 9895326876 1896699 85008  84810
36.708883829 9897223575 1896699 85009  84807
36.720877930 9899120050 1896475 85002  84800
36.732871699 9901016525 1896475 84997  84794
36.744862363 9902912776 1896251 84984  84791
36.756878799 9904809475 1896699 85008  84806
36.768861410 9906706398 1896923 85017  84820
36.780873292 9908603032 1896634 85002  84806
36.792866196 9910499796 1896764 85009  84815
36.804873441 9912396495 1896699 85003  84811
36.816860156 9914293194 1896699 85003  84810
36.828863201 9916189893 1896699 85007  84811
36.840861262 9918086816 1896923 85014  84813
36.852874271 9919983291 1896475 85006  84794
36.864875975 9921268223 1284932 85005  74329
36.876872990 9921987668 719445 85000  84825
36.888862851 9923506046 1518378 84996  84785
36.900859710 9925402745 1896699 85014  84775
36.912863554 9927299220 1896475 85014  84770
36.924871766 9929195919 1896699 85024  84744
36.936877705 9931092618 1896699 85016  84746
36.948872229 9932989121 1896503 85017  84761
36.960877040 9934885568 1896447 85006  84688
36.972875916 9936782267 1896699 85014  84751
36.984871327 9938678966 1896699 85017  84773
36.996860022 9940575665 1896699 85020  84771
37.008873716 9942472364 1896699 85024  84763
37.020873035 9944369063 1896699 85018  84807
37.032869466 9946265538 1896475 85009  84801
37.044874111 9948162013 1896475 85002  84805
37.056862469 9950058712 1896699 85012  84804
37.068873911 9951955187 1896475 85013  84800
37.080864352 9953851438 1896251 85007  84785
37.092872654 9955747941 1896503 85010  84797
37.104860342 9957644640 1896699 85005  84814
37.116876280 9959541695 1897055 84961  84808
37.128864431 9961438866 1897171 84945  84792
37.140864770 9963335806 1896940 84954  84814
37.152860562 9965233085 1897279 84968  84829
37.164862676 9967130140 1897055 84953  84812
37.176866534 9969026971 1896831 84949  84798
37.188868789 9970924027 1897056 84966  84805
37.200875815 9972821082 1897055 84956  84805
37.212875206 9974718361 1897279 84976  84826
37.224876773 9976615416 1897055 84965  84798
37.236872309 9978512472 1897056 84954  84803
37.248873867 9980409527 1897055 84970  84818
37.260873535 9982306806 1897279 84979  84824
37.272877053 9984203861 1897055 84963  84808
37.284861761 9986101141 1897280 84965  84823
37.296873497 9987998196 1897055 84951  84819
37.308874218 9989895251 1897055 84959  84817
37.320872992 9991792558 1897307 84961  84806
37.332862161 9992806722 1014164 85007  72386
37.344872053 9993526198 719476 85004  84829
37.356871981 9994245493 719295 84972  84796
37.368859609 9995021288 775795 81342  81004
37.381874432 9996156303 1135015 9814  9618
37.393864607 9997291350 1135047 9816  9622
37.405865339 9998426365 1135015 9824  9583
37.417878580 9999561292 1134927 9813  9571
37.429875726 10000696240 1134948 9808  9589
37.441862323 10001831282 1135042 9807  9514
37.453876072 10002966325 1135043 9815  9576
37.465873457 10004101220 1134895 9819  9614
37.477873739 10005236191 1134971 9813  9596
37.489862330 10006371282 1135091 9809  9618
37.501870469 10007506331 1135049 9811  9639
37.513881673 10008641344 1135013 9814  9647
37.525877479 10009776315 1134971 9812  9638
37.537861420 10010911166 1134851 9814  9643
37.549862468 10012046257 1135091 9814  9638
37.561876400 10013181228 1134971 9815  9646
37.573874876 10014315959 1134731 9808  9644
37.585864543 10015450930 1134971 9814  9642
37.597863239 10016585874 1134944 9810  9638
37.609876061 10017720752 1134878 9818  9641
37.621883192 10018855742 1134990 9810  9635
37.633878187 10019990770 1135028 9807  9635
37.645864601 10021125861 1135091 9814  9638
37.657875743 10022260756 1134895 9814  9640
37.669871392 10023395607 1134851 9810  9640
37.681869711 10024530656 1135049 9819  9640
37.693875978 10025665549 1134893 9812  9636
37.705863270 10026800400 1134851 9809  9638
37.717866311 10027935491 1135091 9809  9640
37.729873643 10029070538 1135047 9812  9642
37.741874305 10030205496 1134958 9812  9641
37.753864736 10031340408 1134912 9817  9641
37.765863478 10032475375 1134967 9812  9638
37.777877477 10033610466 1135091 9812  9642
37.789879575 10034745317 1134851 9817  9639
37.801865517 10035880364 1135047 9806  9639
37.813875855 10037015379 1135015 9813  9648
37.825875430 10038150470 1135091 9818  9645
37.837878895 10039285321 1134851 9814  9639
37.849874900 10040420292 1134971 9812  9639
37.861865705 10041555383 1135091 9813  9638
37.873863267 10042690430 1135047 9811  9640
37.885877399 10043825521 1135091 9806  9643
37.897861323 10044960536 1135015 9822  9648
37.909863555 10046095627 1135091 9811  9640
37.921876319 10047230554 1134927 9813  9640
37.933878271 10048365569 1135015 9819  9643
37.945860989 10049500496 1134927 9805  9634
37.957866161 10050635511 1135015 9815  9639
37.969861740 10051770440 1134929 9813  9644
37.981874125 10052905409 1134969 9813  9641
37.993878213 10054040184 1134775 9809  9643
38.005862971 10055150152 1109968 15357  13830
38.019867276 10057048568 1898416 77934  56128
38.030875443 10058949152 1900584 77924  56211
38.041879573 10060843927 1894775 77941  56021
38.052864386 10062740670 1896743 77857  56129
38.063882400 10064645207 1904537 77938  56299
38.074876332 10066541905 1896698 77941  56094
38.085869602 10068438182 1896277 77899  56100
38.096878009 10070338943 1900761 77935  56176
38.107865415 10072231758 1892815 77945  55912
38.118866072 10074131637 1899879 77908  56190
38.129864828 10076030726 1899089 77927  56159
38.140886409 10077930250 1899524 77946  56187
38.151866374 10079829557 1899307 77934  56129
38.162865828 10081729245 1899688 77916  56174
38.173876368 10083623909 1894664 77937  56033
38.184865238 10085518493 1894584 77924  56018
38.195867070 10087421752 1903259 77939  56303
38.206863823 10089319828 1898076 77916  56122
38.217878834 10091214256 1894428 77925  56021
38.228863863 10093112940 1898684 77922  56200
38.239881523 10095005843 1892903 77954  55982
38.250875583 10096906399 1900556 77919  56212
38.261863370 10098809436 1903037 77933  56306
38.272876779 10100706979 1897543 77937  56110
38.283885773 10102605508 1898529 77906  56180
38.294866692 10104508588 1903080 77929  56270
38.305862966 10106403681 1895093 77942  56035
38.316865812 10108300398 1896717 77885  56139
38.327875752 10110200648 1900250 77946  56203
38.338877482 10112100701 1900053 77941  56207
38.349863589 10113999169 1898468 77928  56145
38.360877505 10115900857 1901688 77926  56250
38.371880318 10117798111 1897254 77943  56116
38.382877712 10119695316 1897205 77921  56101
38.393868555 10121595550 1900234 77928  56212
38.404863539 10123492519 1896969 77896  56107
38.415879685 10125389706 1897187 77935  56107
38.426885815 10127286171 1896465 77934  56116
38.437880151 10129173919 1887748 77942  55816
38.448875961 10131068602 1894683 77910  56029
38.459878325 10132967385 1898783 77946  56153
38.470867671 10134866716 1899331 77884  56190
38.481867651 10136763857 1897141 77933  56109
38.492879881 10138658934 1895077 77920  56072
38.503865021 10140549544 1890610 77938  55925
38.514864345 10142447432 1897888 77928  56135
38.525878698 10144341996 1894564 77935  56048
38.536863521 10146237336 1895340 77930  56088
38.547864385 10148139487 1902151 77932  56249
38.558879071 10150037422 1897935 77938  56143
38.569876078 10151931608 1894186 77935  56011
38.580869825 10153826186 1894578 77908  56046
38.591876798 10155730551 1904365 77944  56366
38.602875121 10157624423 1893872 77942  56039
38.613865801 10159524438 1900015 77916  56191
38.624879758 10161418078 1893640 77932  56040
38.635876445 10163310210 1892132 77937  55972
38.646876431 10165207066 1896856 77882  56079
38.657864021 10167103194 1896128 77934  56098
38.668875691 10169003761 1900567 77901  56257
38.679865165 10170905844 1902083 77925  56230
38.690863930 10172804484 1898640 77930  56187
38.701880215 10174695989 1891505 77925  55920
38.712863227 10176598706 1902717 77924  56269
38.723871515 10178497163 1898457 77949  56181
38.734879285 10180393376 1896213 77925  56084
38.745878620 10182294976 1901600 77840  56282
38.756868074 10184192036 1897060 77938  56122
38.767875447 10186084751 1892715 77934  55943
38.778867307 10187981746 1896995 77904  56120
38.789863964 10189877487 1895741 77928  56079
38.800865220 10191772155 1894668 77930  56005
38.811874924 10193674685 1902530 77913  56293
38.822880327 10195568809 1894124 77936  56029
38.833862680 10197460570 1891761 77921  55910
38.844875764 10199360284 1899714 77925  56209
38.855864864 10201262584 1902300 77933  56277
38.866877530 10203156172 1893588 77928  56014
38.877864134 10205061505 1905333 77928  56391
38.888863950 10206961040 1899535 77896  56190
38.899865040 10208179981 1218941 84996  73294
38.911879179 10208604467 424486 85004  84842
38.923873297 10209028983 424516 85016  84856
38.935878096 10209453504 424521 85004  84848
38.947865967 10209877995 424491 85002  84846
38.959863386 10210302596 424601 85014  84857
38.971876278 10210727092 424496 85006  84848
38.983871516 10211151499 424407 84991  84833
38.995859124 10211575994 424495 85004  84851
39.007872440 10212000530 424536 85009  84850
39.019874742 10212425121 424591 85015  84859
39.031866553 10212849592 424471 85006  84846
39.043859945 10214264473 1414881 77904  60420
39.054874906 10216141536 1877063 77940  47660
39.065875559 10217887891 1746355 85035  66482
39.077876727 10218482058 594167 85000  84377
39.089863345 10219075812 593754 85013  84812
39.101882857 10219669510 593698 85006  84840
39.113878676 10220263838 594328 85006  84845
39.125874318 10220857564 593726 85000  84837
39.137862899 10221451241 593677 84991  84831
39.149862544 10222045233 593992 85003  84843
39.161874916 10222639232 593999 85017  84840
39.173864468 10223232958 593726 85010  84841
39.185888196 10223826845 593887 85015  84846
39.197875481 10224420900 594055 84999  84825
39.209862823 10225014458 593558 84995  84837
39.221876405 10225608222 593764 84986  84819
39.233872951 10226202428 594206 85011  84854
39.245874332 10226796196 593768 85010  84847
39.257874897 10227390027 593831 85019  84857
39.269868186 10227984222 594195 85007  84848
39.281862218 10228577920 593698 84995  84833
39.293873586 10229171653 593733 85002  84842
39.305876201 10229765988 594335 85016  84854
39.317876679 10230359742 593754 85009  84851
39.329864301 10230953538 593796 85006  84845
39.341884000 10231547761 594223 85000  84842
39.353865115 10232141403 593642 84996  84819
39.365864234 10232735143 593740 85007  84844
39.377876779 10233329268 594125 85004  84835
39.389874745 10233923085 593817 85014  84851
39.401877203 10234516909 593824 85022  84867
39.413862089 10235111146 594237 85010  84844
39.425864207 10235704963 593817 85015  84858
39.437881186 10236298780 593817 85011  84861
39.449873964 10236892982 594202 84986  84821
39.461861906 10237486673 593691 85002  84836
39.473877871 10238080518 593845 85013  84854
39.485861640 10238674629 594111 84990  84824
39.497884735 10239268453 593824 85014  84864
39.509865740 10239862305 593852 85012  84853
39.521880656 10240456682 594377 84992  84834
39.533874318 10241050492 593810 85014  84851
39.545863366 10241644197 593705 85010  84848
39.557868261 10242237965 593768 84987  84818
39.569860953 10242832244 594279 85021  84856
39.581877645 10243426068 593824 85015  84856
39.593876454 10244019752 593684 85002  84851
39.605863220 10244613961 594209 84994  84829
39.617864255 10245207743 593782 85012  84844
39.629874367 10245801539 593796 84995  84837
39.641873468 10246395832 594293 85004  84845
39.653881623 10246895305 499473 85032  84109
39.665862759 10247404824 509519 85016  84444
39.677872347 10247914205 509381 85017  84683
39.689863466 10248423514 509309 85020  84681
39.701861078 10248933012 509498 85008  84701
39.713872060 10249442411 509399 85000  84689
39.725872852 10249951858 509447 85000  84699
39.737875644 10250461497 509639 85027  84723
39.749859712 10250970883 509386 85010  84695
39.761859224 10251480192 509309 85017  84672
39.773873096 10251989657 509465 84999  84697
39.785872064 10252499110 509453 85006  84692
39.797863620 10253008629 509519 85010  84705
39.809859325 10253518172 509543 85021  84720
39.821870900 10254027667 509495 85009  84710
39.833876326 10254536970 509303 85012  84682
39.845859151 10255046480 509510 85002  84690
39.857872363 10255555843 509363 84997  84687
39.869874958 10256065302 509459 85002  84688
39.881864313 10256574761 509459 85010  84706
39.893859818 10257084268 509507 85017  84704
39.905862483 10257593589 509321 85015  84680
39.917872843 10258102880 509291 84991  84678
39.929871052 10258612369 509489 85004  84699
39.941859476 10259121811 509442 84996  84703
39.953863601 10259631111 509300 85006  84683
39.965871583 10260140528 509417 84995  84694
39.977883819 10260649675 509147 84995  84661
39.989873654 10261159164 509489 85019  84721
40.001864389 10261668649 509485 85005  84697
40.013869841 10262178152 509503 84996  84708
40.025861253 10262687462 509310 85010  84705
40.037865219 10263196908 509446 84997  84693
40.049872521 10263706127 509219 85002  84665
40.061877193 10264215688 509561 85022  84720
40.073860870 10264725165 509477 85017  84712
40.085858592 10265234642 509477 85013  84714
40.097860971 10265744107 509465 85000  84700
40.109872573 10266253583 509476 85005  84708
40.121872248 10266762862 509279 85005  84677
40.133870260 10267272237 509375 85004  84693
40.145862196 10267781780 509543 85004  84718
40.157859138 10268291150 509370 84999  84692
40.169857473 10268800548 509398 85001  84709
40.181859278 10269310073 509525 85011  84728
40.193874947 10269819364 509291 85004  84676
40.205864361 10270328867 509503 85010  84715
40.217860453 10270838204 509337 84993  84689
40.229864259 10271347729 509525 85003  84710
40.241861415 10271928749 581020 84989  84698
40.253864120 10272522933 594184 85014  84836
40.265875492 10273116677 593744 85003  84840
40.277863557 10273710438 593761 85007  84845
40.289874379 10274304780 594342 85000  84839
40.301878074 10274898479 593699 85004  84842
40.313878056 10275492267 593788 85004  84846
40.325879195 10276086490 594223 85004  84849
40.337876380 10276680342 593852 85018  84849
40.349876215 10277274012 593670 85004  84838
40.361863921 10277868291 594279 85000  84837
40.373877326 10278462087 593796 85010  84851
40.385874441 10279055834 593747 85015  84850
40.397878193 10279650001 594167 84994  84831
40.409876846 10280243692 593691 84990  84831
40.421876781 10280837411 593719 85010  84852
40.433861419 10281431648 594237 85004  84846
40.445878315 10282025304 593656 85002  84835
40.457886054 10282619058 593754 85007  84844
40.469863683 10283213246 594188 85014  84847
40.481863247 10283807084 593838 85011  84854
40.493863990 10284400732 593648 84986  84824
40.505863899 10284995033 594301 85010  84858
40.517862051 10285588885 593852 85008  84837
40.529876713 10286182646 593761 85008  84847
40.541866212 10286776673 594027 85001  84837
40.553863714 10287370504 593831 84998  84830
40.565861559 10287964419 593915 85020  84864
40.577863708 10288558208 593789 85003  84843
40.589861413 10289152389 594181 85006  84841
40.601874438 10289746325 593936 85022  84855
40.613887418 10290340177 593852 85010  84857
40.625861806 10290934337 594160 85001  84832
40.637875102 10291528189 593852 85006  84845
40.649876560 10292122034 593845 85020  84858
40.661862173 10292716446 594412 85014  84854
40.673878721 10293310137 593691 84996  84837
40.685876520 10293903758 593621 85000  84839
40.697865492 10294497946 594188 85006  84839
40.709877474 10295091735 593789 85018  84856
40.721874433 10295685531 593796 85008  84844
40.733877408 10296279754 594223 84989  84822
40.745874803 10296873585 593831 84989  84833
40.757876592 10297467360 593775 85013  84858
40.769870851 10298061569 594209 85006  84851
40.781858766 10298655225 593656 84992  84826
40.793877455 10299248986 593761 85007  84837
40.805863247 10299843303 594317 85009  84848
40.817861735 10300375847 532544 85014  84338
40.829866552 10300885420 509573 85018  84330
40.841859860 10301394519 509099 84998  84581
40.853862311 10301903882 509363 84992  84674
40.865875484 10302413131 509249 85005  84672
40.877861026 10302922425 509294 85012  84690
40.889859335 10303431686 509261 85016  84687
40.901859620 10303940977 509291 84996  84684
40.913861272 10304449931 508954 85000  84635
40.925867361 10304959288 509357 85010  84690
40.937871586 10305468669 509381 85013  84703
40.949871965 10305977948 509279 84998  84680
40.961863520 10306487197 509249 84998  84678
40.973874479 10306996518 509321 85002  84690
40.985875779 10307505461 508943 85002  84643
40.997871054 10308014764 509303 85010  84683
41.009872709 10308524040 509276 85014  84683
41.021871871 10309033241 509201 85012  84671
41.033876557 10309542460 509219 85003  84669
41.045875495 10310051841 509381 85014  84699
41.057872254 10310560874 509033 85003  84644
41.069874329 10311070099 509225 85005  84688
41.081872015 10311579396 509297 85004  84681
41.093882393 10312088714 509318 84995  84681
41.105860369 10312598113 509399 85000  84689
41.117873247 10313107290 509177 85012  84682
41.129872959 10313616101 508811 84995  84629
41.141861058 10314125386 509285 85001  84685
41.153862027 10314634653 509267 85000  84696
41.165863322 10315143992 509339 85013  84705
41.177862577 10315653192 509200 85007  84678
41.189858980 10316162597 509405 85005  84702
41.201871632 10316671594 508997 84999  84658
41.213860727 10317180940 509346 85011  84696
41.225864443 10317690170 509230 85002  84687
41.237872432 10318199527 509357 84994  84688
41.249871184 10318708674 509147 84995  84673
41.261872932 10319218097 509423 85019  84713
41.273870491 10319727188 509091 85007  84654
41.285865286 10320236426 509238 85001  84685
41.297859012 10320745825 509399 85004  84705
41.309871820 10321255102 509277 85009  84678
41.321874259 10321764291 509189 84996  84682
41.333872991 10322273504 509213 84999  84678
41.345860273 10322782666 509162 85011  84677
41.357874469 10323291876 509210 84993  84679
41.369873245 10323801233 509357 84993  84697
41.381870537 10324310562 509329 85006  84703
41.393871542 10324819889 509327 85012  84697
41.405881434 10325128767 308878 50786  50448
41.427134656 10325130086 1319 90  11
41.444650324 10325131273 1187 57  0
41.460020889 10325134552 3279 215  42
