0.010110615 9393368 9393368 8900  95
0.021961677 72669088 63275720 937  55
0.035154210 153685032 81015944 350  60
0.051155252 195853968 42168936 327  36
0.062876161 196086735 232767 26128  20949
0.074872679 196285437 198702 28407  26286
0.086873662 196483922 198485 28391  27105
0.098871994 196744317 260395 20296  19716
0.110872276 197279174 534857 19034  15129
0.122885055 197904429 625255 28375  23515
0.134883303 198528337 623908 28360  23946
0.146870419 199093318 564981 28360  24193
0.158867604 199710894 617576 28367  24014
0.170880627 200342127 631233 28355  23787
0.182893879 200985639 643512 28371  24019
0.194883907 201633449 647810 28345  24320
0.206881593 202278940 645491 28359  24181
0.218869501 202923727 644787 28364  24169
0.230870370 203570110 646383 28365  24323
0.242881139 204215857 645747 28372  24323
0.254868337 204865605 649748 28358  24529
0.266881353 205511907 646302 28354  24345
0.278880298 206157876 645969 28368  24213
0.290881414 206802504 644628 28352  24233
0.302869072 207445896 643392 28351  23966
0.314879618 208091857 645961 28358  24442
0.326882097 208680328 588471 28356  24438
0.338889592 209324124 643796 28351  24098
0.350869070 209968011 643887 28363  24160
0.362870169 210612756 644745 28363  24288
0.374870408 211257657 644901 28371  24264
0.386867076 211903796 646139 28363  24386
0.398882990 212544929 641133 28362  24125
0.410867831 213188448 643519 28364  24254
0.422879510 213830663 642215 28372  24223
0.434870015 214472848 642185 28351  24107
0.446871507 215120568 647720 28376  24464
0.458867366 215763005 642437 28363  24120
0.470882595 216407442 644437 28374  24186
0.482881417 217052816 645374 28363  24287
0.494875669 217698843 646027 28347  24455
0.506870018 218348194 649351 28362  24597
0.518879563 218994813 646619 28344  24365
0.530881101 219641046 646233 28374  24330
0.542881577 220287329 646283 28368  24464
0.554867295 220930796 643467 28345  24139
0.566868454 221578722 647926 28368  24540
0.578880856 222224317 645595 28356  24363
0.590869355 222868986 644669 28356  24274
0.602879274 223512472 643486 28358  24350
0.614879832 224098153 585681 28347  24472
0.626882168 224742602 644449 28369  24298
0.638881430 225388531 645929 28364  24395
0.650877552 226031549 643018 28364  24192
0.662880151 226675468 643919 28356  24289
0.674871000 227316790 641322 28358  24193
0.686879869 227960286 643496 28361  24281
0.698867157 228608014 647728 28361  24578
0.710868759 229250565 642551 28351  24207
0.722869234 229894211 643646 28376  24225
0.734866706 230537328 643117 28356  24279
0.746867088 231178667 641339 28356  24099
0.758870090 231827132 648465 28368  24568
0.770879956 232470807 643675 28362  24275
0.782868334 233115079 644272 28348  24296
0.794867650 233760476 645397 28357  24480
0.806867385 234400300 639824 28362  24054
0.818877087 235047154 646854 28364  24501
0.830870223 235690176 643022 28357  24323
0.842881535 236333428 643252 28342  24262
0.854867103 236975622 642194 28353  24256
0.866886055 237616689 641067 28361  24251
0.878881601 238261837 645148 28386  24403
0.890881647 238906746 644909 28352  24390
0.902881251 239550264 643518 28361  24281
0.914878830 240193660 643396 28363  24308
0.926880546 240836880 643220 28362  24389
0.938880521 241480807 643927 28360  24456
0.950865290 242125955 645148 28359  24576
0.962878339 242767142 641187 28354  24187
0.974890798 243409459 642317 28365  24294
0.986881249 244051250 641791 28369  24352
0.998880931 244695216 643966 28366  24357
1.010869679 245342090 646874 28359  24617
1.022879842 245988225 646135 28349  24310
1.034868907 246639186 650961 28372  24254
1.046868779 247291336 652150 28363  24416
1.058867114 247892940 601604 28357  24494
1.070869033 248596442 703502 28365  24497
1.082867791 249203835 607393 28350  24490
1.094867594 249840587 636752 28365  24440
1.106879173 250486399 645812 28361  24310
1.118882092 251133857 647458 28347  24226
1.130878154 251785098 651241 28358  24458
1.142868229 252436126 651028 28353  24386
1.154868281 253083898 647772 28346  24188
1.166866709 253731985 648087 28349  24260
1.178878646 254379312 647327 28356  24286
1.190867450 255029024 649712 28356  24402
1.202869699 255681455 652431 28353  24556
1.214881734 256328362 646907 28357  24156
1.226882333 256976966 648604 28370  24322
1.238882152 257624992 648026 28356  24438
1.250880778 258272025 647033 28365  24281
1.262880469 258923680 651655 28357  24579
1.274869365 259570848 647168 28357  24292
1.286878303 260219116 648268 28360  24312
1.298882066 260867144 648028 28366  24348
1.310879554 261514386 647242 28357  24305
1.322882180 262166342 651956 28366  24609
1.334880795 262814905 648563 28361  24436
1.346868497 263463417 648512 28360  24408
1.358881562 264111936 648519 28366  24490
1.370882175 272236429 8124493 344191  305963
1.382872413 272882007 645578 28355  24377
1.394869095 273527398 645391 28362  24335
1.406867774 274172882 645484 28365  24441
1.418867175 274816083 643201 28361  24168
1.430867681 275464485 648402 28365  24619
1.442879417 276111764 647279 28366  24498
1.454872826 276758718 646954 28363  24408
1.466868697 277405401 646683 28356  24415
1.478881639 278050939 645538 28364  24440
1.490868681 278699401 648462 28361  24553
1.502868420 279347612 648211 28358  24535
1.514880725 279993354 645742 28359  24331
1.526869811 280638971 645617 28361  24333
1.538868676 281283438 644467 28364  24422
1.550880898 281929890 646452 28358  24476
1.562869316 282577415 647525 28356  24618
1.574880526 283222813 645398 28371  24358
1.586879171 283868505 645692 28369  24422
1.598880260 284514000 645495 28364  24524
1.610878121 285158971 644971 28365  24427
1.622871150 285805876 646905 28364  25054
1.634869801 286450230 644354 28360  25145
1.646860124 287094499 644269 28370  24692
1.658880389 287739042 644543 28371  24640
1.670879438 288382522 643480 28365  24533
1.682866906 289028960 646438 28359  24727
1.694867029 289673238 644278 28356  24569
1.706867884 290318735 645497 28366  24595
1.718879787 290963214 644479 28360  24562
1.730880498 291605345 642131 28353  24346
1.742871067 292253156 647811 28375  24769
1.754866775 292897316 644160 28342  24522
1.766876961 293540980 643664 28363  24490
1.778869196 294184216 643236 28355  24461
1.790869835 294826062 641846 28364  24440
1.802869690 295470476 644414 28364  24534
1.814878109 296114751 644275 28345  24507
1.826869485 296757123 642372 28369  24336
1.838867103 297399681 642558 28356  24397
1.850882052 298042185 642504 28359  24509
1.862880111 298686054 643869 28353  24543
1.874878722 299330845 644791 28354  24646
1.886866758 299972492 641647 28356  24356
1.898868823 300614065 641573 28361  24373
1.910878478 301255838 641773 28368  24515
1.922888704 301898034 642196 28359  24505
1.934881263 302542706 644672 28368  24704
1.946881195 303183835 641129 28366  24393
1.958880776 303824133 640298 28361  24442
1.970881789 304464826 640693 28364  24544
1.982868657 305106346 641520 28371  24503
1.994880389 305752210 645864 28373  24721
2.006881001 306394551 642341 28355  24547
2.018868243 307041229 646678 28363  24594
2.030868492 307687258 646029 28369  24658
2.042869144 308327051 639793 28355  24248
2.054881093 308976229 649178 28359  24742
2.066879628 309621269 645040 28350  24554
2.078868017 310264583 643314 28359  24433
2.090875242 310908272 643689 28374  24493
2.102866484 311550383 642111 28363  24488
2.114868179 312196444 646061 28368  24607
2.126871018 312842265 645821 28363  24565
2.138868793 313485550 643285 28350  24455
2.150882332 314129572 644022 28358  24500
2.162865227 314772043 642471 28346  24545
2.174867112 315415758 643715 28363  24516
2.186882645 316060664 644906 28360  24566
2.198880594 316701941 641277 28361  24351
2.210879189 317344617 642676 28365  24471
2.222867304 317986228 641611 28365  24490
2.234869013 318628574 642346 28351  24492
2.246887912 319275886 647312 28359  24805
2.258879390 319918354 642468 28357  24485
2.270879096 320561234 642880 28382  24493
2.282881247 321204111 642877 28372  24554
2.294879643 321846069 641958 28361  24487
2.306866217 322492879 646810 28347  24813
2.318879707 323134442 641563 28368  24492
2.330881022 323776297 641855 28375  24439
2.342867338 324418337 642040 28357  24581
2.354867179 325055953 637616 28357  24261
2.366869118 331694621 6638668 283771  253340
2.379904074 332330584 635963 27744  24167
2.391869556 332970732 640148 28354  24493
2.403876534 333609414 638682 28354  24385
2.415869513 334248477 639063 28356  24490
2.427880895 334886271 637794 28359  24451
2.439868000 335530518 644247 28355  24797
2.451864922 336172932 642414 28358  24678
2.463869275 336812771 639839 28346  24486
2.475879096 337452206 639435 28356  24477
2.487869035 338091958 639752 28362  24564
2.499880657 338732759 640801 28350  24552
2.511879312 339376332 643573 28353  24711
2.523881841 340015584 639252 28342  24410
2.535866926 340655873 640289 28360  24610
2.547881861 341294444 638571 28364  24488
2.559889967 341934380 639936 28351  24568
2.571880983 342578394 644014 28354  24826
2.583880587 343218338 639944 28348  24545
2.595867606 343857218 638880 28351  24488
2.607863097 344495366 638148 28357  25296
2.619857893 345131771 636405 28352  24696
2.631869596 345778916 647145 28355  24844
2.643878547 346431040 652124 28356  24583
2.655881129 347086255 655215 28365  24477
2.667868498 347744679 658424 28364  24597
2.679878974 348382677 637998 28361  24666
2.691880262 349022796 640119 28372  24775
2.703867714 349661355 638559 28348  24658
2.715869289 350300474 639119 28358  24658
2.727890821 350938530 638056 28365  24640
2.739879994 351573812 635282 28348  24429
2.751881548 352214070 640258 28361  24744
2.763867394 352851450 637380 28349  24543
2.775881300 353488751 637301 28354  24514
2.787868514 354126346 637595 28352  24560
2.799867223 354763300 636954 28354  24588
2.811868088 355402843 639543 28355  24670
2.823865057 356043178 640335 28358  24687
2.835878823 356679892 636714 28360  24444
2.847866615 357317950 638058 28354  24583
2.859865433 357954865 636915 28366  24657
2.871866852 358592618 637753 28358  24664
2.883890268 359232289 639671 28358  24753
2.895868709 359867784 635495 28360  24371
2.907880188 360502977 635193 28359  24467
2.919868293 361139057 636080 28361  24602
2.931880298 361774927 635870 28359  24557
2.943868434 362415696 640769 28374  24880
2.955881336 363052290 636594 28354  24538
2.967880794 363688482 636192 28356  24559
2.979881540 364323584 635102 28361  24560
2.991879135 364960208 636624 28357  24516
3.003868200 365602795 642587 28364  24969
3.015879046 366243777 640982 28358  24511
3.027881744 366938915 695138 28359  24307
3.039875573 367580527 641612 28350  24598
3.051869274 368223379 642852 28371  24553
3.063879934 368869426 646047 28361  24785
3.075868332 369513148 643722 28356  24597
3.087868661 370156957 643809 28348  24612
3.099867189 370801238 644281 28360  24700
3.111879912 371442060 640822 28350  24478
3.123873054 372089600 647540 28361  24858
3.135868142 372733696 644096 28362  24648
3.147867948 373377707 644011 28363  24623
3.159867799 374020809 643102 28355  24600
3.171869225 374661610 640801 28350  24521
3.183867397 375305893 644283 28349  24699
3.195876662 375950287 644394 28366  24629
3.207880247 376592857 642570 28361  24579
3.219880890 377235349 642492 28364  24610
3.231869411 377877279 641930 28360  24676
3.243879153 378520875 643596 28356  24728
3.255882232 379166715 645840 28356  24840
3.267878847 379807857 641142 28359  24463
3.279869543 380505584 697727 28344  24320
3.291879332 381147896 642312 28358  24630
3.303881300 381790109 642213 28364  24702
3.315879905 382432761 642652 28355  24693
3.327880498 383072686 639925 28352  24433
3.339877887 383712033 639347 28368  24464
3.351878301 384352576 640543 28372  24684
3.363889017 384994066 641490 28354  24674
3.374917026 392931050 7936984 339519  305266
3.386873517 393623607 692557 28354  24351
3.398882650 394262083 638476 28363  24737
3.410879805 394899957 637874 28351  24585
3.422874183 395540869 640912 28361  24819
3.434866691 396178370 637501 28361  24539
3.446879091 396818109 639739 28369  24559
3.458868933 397458359 640250 28356  24698
3.470869652 398098000 639641 28359  24597
3.482869203 398742060 644060 28366  24884
3.494879549 399383138 641078 28349  24678
3.506867661 400024576 641438 28354  24700
3.518889542 400665849 641273 28369  24856
3.530868468 401302638 636789 28359  24514
3.542880340 401946391 643753 28368  24899
3.554880613 402585509 639118 28362  24671
3.566868617 403225305 639796 28362  24708
3.578868099 403874883 649578 28353  24629
3.590880054 404537432 662549 28351  24433
3.602879357 405197405 659973 28356  24769
3.614865815 405836549 639144 28351  24702
3.626882767 406473122 636573 28355  24561
3.638880052 407109869 636747 28351  24629
3.650879398 407747379 637510 28358  24718
3.662870383 408387992 640613 28364  24771
3.674888702 409028177 640185 28351  24757
3.686880053 409666397 638220 28359  24638
3.698879109 410304070 637673 28360  24648
3.710867837 410941916 637846 28367  24749
3.722869906 411581639 639723 28359  24820
3.734880715 412223160 641521 28350  24858
3.746880240 412860862 637702 28349  24558
3.758867232 413499877 639015 28361  24742
3.770866111 414192259 692382 28365  24459
3.782880099 414831131 638872 28354  24892
3.794866965 415469700 638569 28362  24849
3.806867389 416105008 635308 28358  24524
3.818867192 416742680 637672 28356  24691
3.830879421 417379853 637173 28369  24778
3.842882749 418016343 636490 28355  24659
3.854867398 418657427 641084 28350  24958
3.866880883 419295158 637731 28371  24707
3.878877805 419931563 636405 28364  24660
3.890878224 420569508 637945 28368  24845
3.902868362 421205824 636316 28364  24688
3.914879257 421849440 643616 28365  24954
3.926881303 422538014 688574 28351  24471
3.938878691 423172863 634849 28357  24673
3.950879607 423807366 634503 28358  24766
3.962880036 424441605 634239 28360  24662
3.974881557 425080895 639290 28360  24921
3.986880669 425716220 635325 28359  24691
3.998889392 426356241 640021 28348  24656
4.010880703 426996203 639962 28372  24845
4.022878599 427633412 637209 28350  24581
4.034867917 428277430 644018 28379  24994
4.046868546 428918468 641038 28365  24873
4.058869391 429557366 638898 28367  24695
4.070881089 430196595 639229 28365  24773
4.082869142 430863379 666784 28353  24417
4.094869220 431528408 665029 28358  24885
4.106866829 432165551 637143 28353  24732
4.118867211 432802314 636763 28351  24689
4.130867356 433439812 637498 28366  24744
4.142880005 434076376 636564 28360  24733
4.154875397 434717903 641527 28366  25044
4.166869515 435358751 640848 28352  24910
4.178865434 435997232 638481 28369  24820
4.190867352 436635614 638382 28355  24832
4.202880044 437271123 635509 28360  24817
4.214878837 437910045 638922 28359  24930
4.226868862 438603996 693951 28366  24527
4.238869360 439239332 635336 28351  24634
4.250879416 439874088 634756 28351  24622
4.262882445 440508918 634830 28355  24766
4.274879703 441145856 636938 28363  24806
4.286880329 441786727 640871 28359  24986
4.298877920 442423669 636942 28347  24631
4.310878522 443061866 638197 28366  24872
4.322884458 443698933 637067 28362  24912
4.334881273 444336160 637227 28354  24888
4.346881208 444975342 639182 28355  24983
4.358879274 445624048 648706 28361  24514
4.370880609 453618709 7994661 343197  309481
4.382871141 454255123 636414 28358  24886
4.394886322 454892684 637561 28352  25025
4.406880068 455527531 634847 28354  24654
4.418877217 456163222 635691 28357  24789
4.430869685 456853320 690098 28368  24586
4.442867577 457488589 635269 28358  24916
4.454880002 458124103 635514 28359  24926
4.466865781 458759043 634940 28353  24687
4.478890530 459395797 636754 28371  24904
4.490868761 460029447 633650 28359  24819
4.502880567 460664638 635191 28360  24835
4.514871549 461303955 639317 28356  25113
4.526866931 461939467 635512 28368  24808
4.538869613 462574699 635232 28359  24824
4.550868294 463264247 689548 28369  24637
4.562870283 463896720 632473 28350  24809
4.574867579 464533011 636291 28371  25069
4.586867907 465167167 634156 28355  24755
4.598880439 465801945 634778 28360  24832
4.610878958 466435840 633895 28357  24899
4.622868766 467068254 632414 28374  24758
4.634877645 467705570 637316 28355  25092
4.646868647 468338355 632785 28355  24759
4.658878989 468991072 652717 28355  24666
4.670869945 469660933 669861 28370  24722
4.682867673 470292500 631567 28373  24801
4.694880075 470929968 637468 28359  25166
4.706879270 471563540 633572 28356  24797
4.718868539 472199686 636146 28361  24975
4.730881588 472834635 634949 28360  25038
4.742880302 473463920 629285 28357  24612
4.754877415 474101709 637789 28358  25146
4.766868726 474759427 657718 28363  24686
4.778866958 475421859 662432 28359  24718
4.790889627 476052066 630207 28357  24814
4.802870952 476679675 627609 28355  24577
4.814878954 477316087 636412 28361  25114
4.826869116 477949790 633703 28367  24951
4.838880721 478582550 632760 28359  24882
4.850868233 479213100 630550 28345  24848
4.862867085 479842664 629564 28351  24767
4.874869144 480475908 633244 28370  25033
4.886876695 481161104 685196 28364  24579
4.898868474 481789342 628238 28352  24802
4.910869010 482416001 626659 28363  24782
4.922866691 483042432 626431 28349  24735
4.934879134 483685866 643434 28360  25013
4.946888273 484329180 643314 28358  24998
4.958867451 484975950 646770 28353  24847
4.970880493 485629004 653054 28360  25017
4.982867624 486279717 650713 28353  24971
4.994879963 486996427 716710 28361  24670
5.006868715 487653041 656614 28349  24890
5.018869867 488307224 654183 28361  24706
5.030879869 488962502 655278 28358  24816
5.042881117 489618271 655769 28361  24972
5.054868390 490275638 657367 28358  24981
5.066881078 490934475 658837 28350  25051
5.078880417 491590875 656400 28353  24808
5.090879429 492306742 715867 28348  24732
5.102866900 492961451 654709 28363  25034
5.114875766 493615202 653751 28352  24899
5.126883885 494274112 658910 28368  25133
5.138867616 494927738 653626 28362  24698
5.150882265 495582864 655126 28360  24900
5.162866990 496237766 654902 28364  25016
5.174879412 496892188 654422 28352  24895
5.186867288 497610126 717938 28362  24885
5.198868083 498263090 652964 28360  24809
5.210865638 498914917 651827 28357  24762
5.222882984 499569596 654679 28368  25042
5.234869569 500225417 655821 28365  25003
5.246868420 500885289 659872 28358  25285
5.258869572 501539972 654683 28357  24897
5.270887705 502193742 653770 28359  24883
5.282879733 502903678 709936 28360  24626
5.294868308 503556157 652479 28368  24878
5.306880141 504209819 653662 28350  25045
5.318866835 504863052 653233 28344  24835
5.330880071 505516318 653266 28360  24859
5.342869146 506169757 653439 28350  24997
5.354867231 506821875 652118 28352  24855
5.366879940 515027952 8206077 341618  309659
5.379902166 515674130 646178 27797  24396
5.391867837 516325878 651748 28364  25045
5.403882029 516979224 653346 28367  24963
5.415868411 517653913 674689 28361  25098
5.427877153 518343655 689742 28354  24627
5.439880275 518992791 649136 28354  24780
5.451840961 519642673 649882 28355  24939
5.463879986 520294964 652291 28356  24990
5.475867221 520952266 657302 28351  25314
5.487870075 521605242 652976 28349  24986
5.499880251 522256720 651478 28366  24874
5.511869063 522965638 708918 28361  24711
5.523869595 523614821 649183 28355  24953
5.535867627 524266900 652079 28355  25096
5.547865715 524917453 650553 28356  24882
5.559881111 525568305 650852 28365  24894
5.571878096 526217845 649540 28362  24942
5.583876418 526867949 650104 28353  24902
5.595883137 527565893 697944 28360  25119
5.607866402 528230026 664133 28355  24779
5.619878834 528877903 647877 28360  24774
5.631865708 529527906 650003 28356  24994
5.643868067 530176436 648530 28360  24856
5.655882706 530832221 655785 28357  25344
5.667868174 531483274 651053 28358  25014
5.679866730 532133749 650475 28360  24906
5.691882089 532838622 704873 28352  24650
5.703879240 533485314 646692 28344  24899
5.715866885 534135753 650439 28363  25067
5.727866781 534787257 651504 28349  25088
5.739871186 535437760 650503 28354  24946
5.751886988 536088520 650760 28366  25144
5.763881960 536734864 646344 28368  24814
5.775880132 537445369 710505 28364  25029
5.787868180 538091187 645818 28351  24843
5.799881063 538740345 649158 28360  24976
5.811868571 539390045 649700 28362  25133
5.823867480 540034694 644649 28365  24760
5.835880022 540688566 653872 28367  25306
5.847878777 541345916 657350 28351  25009
5.859866912 542042660 696744 28371  24794
5.871866764 542687704 645044 28372  24959
5.883881799 543333516 645812 28348  24833
5.895879798 543987838 654322 28359  25346
5.907888740 544636861 649023 28347  25117
5.919870691 545288435 651574 28361  25006
5.931868653 545996343 707908 28352  24773
5.943871639 546641041 644698 28348  24740
5.955880027 547291927 650886 28351  25091
5.967866623 547944065 652138 28354  25078
5.979881785 548595625 651560 28352  25045
5.991886456 549246341 650716 28353  25080
6.003867869 549895311 648970 28361  24926
6.015867487 550607336 712025 28365  25009
6.027881172 551255934 648598 28345  25010
6.039879528 551905227 649293 28348  24975
6.051867259 552556269 651042 28367  25146
6.063888478 553204326 648057 28362  24957
6.075869986 553856068 651742 28364  25137
6.087879719 554515003 658935 28358  25027
6.099882470 555213467 698464 28371  24843
6.111882892 555859283 645816 28358  24933
6.123867074 556506980 647697 28351  25025
6.135880743 557158937 651957 28356  25210
6.147869744 557810390 651453 28352  25118
6.159868066 558459377 648987 28351  24989
6.171881535 559166048 706671 28369  24870
6.183880657 559811155 645107 28354  25051
6.195869302 560459555 648400 28361  25021
6.207866497 561111099 651544 28356  25138
6.219888899 561758903 647804 28357  24946
6.231880485 562407160 648257 28359  25054
6.243881440 563059712 652552 28350  25028
6.255867562 563758746 699034 28363  24881
6.267867823 564405937 647191 28364  25019
6.279870679 565053703 647766 28352  24967
6.291878591 565701353 647650 28355  25038
6.303866226 566348046 646693 28350  25108
6.315879768 566997054 649008 28357  25137
6.327884817 567701941 704887 28354  24824
6.339867272 568345113 643172 28358  24796
6.351870437 568990588 645475 28357  24944
6.363879949 569636151 645563 28353  25067
6.375868367 576205789 6569638 275093  250245
6.387881136 576850878 645089 28350  25026
6.399868348 577501773 650895 28368  25324
6.411868990 578148226 646453 28361  24895
6.423881585 578796480 648254 28358  25177
6.435877914 579456938 660458 28362  24976
6.447902307 580143674 686736 28353  25019
6.459866324 580790331 646657 28366  25191
6.471880246 581435014 644683 28343  24851
6.483870992 582082047 647033 28352  25116
6.495870310 582727680 645633 28362  25171
6.507882999 583375851 648171 28365  25015
6.519880611 584075809 699958 28352  25076
6.531878952 584718389 642580 28356  24856
6.543875148 585364973 646584 28350  25131
6.555879284 586010763 645790 28343  25235
6.567882118 586656709 645946 28361  25148
6.579878503 587360748 704039 28367  25037
6.591868292 588002147 641399 28355  24966
6.603869768 588646252 644105 28363  25006
6.615879699 589291345 645093 28374  25205
6.627880908 589936552 645207 28358  25118
6.639880503 590586286 649734 28362  25448
6.651878895 591284918 698632 28361  24588
6.663880136 591926415 641497 28363  24984
6.675869642 592570178 643763 28353  25130
6.687867363 593215864 645686 28355  25215
6.699879552 593865288 649424 28351  25496
6.711880091 594509811 644523 28373  25090
6.723868606 595208046 698235 28364  24742
6.735869227 595848080 640034 28357  25039
6.747871903 596492361 644281 28360  25135
6.759867855 597140773 648412 28366  25452
6.771881093 597784554 643781 28349  25068
6.783878922 598452750 668196 28362  24855
6.795866160 599123325 670575 28375  24997
6.807868989 599763510 640185 28351  25034
6.819870337 600411959 648449 28353  25512
6.831865856 601055154 643195 28357  25069
6.843882935 601698818 643664 28343  25172
6.855888403 602396037 697219 28375  24872
6.867882939 603036382 640345 28354  25047
6.879866867 603683888 647506 28350  25410
6.891879619 604327876 643988 28355  25069
6.903866987 604979354 651478 28362  25087
6.915883670 605631296 651942 28344  25190
6.927881082 606337127 705831 28357  24849
6.939869507 606988643 651516 28364  25320
6.951884129 607639968 651325 28359  25142
6.963879927 608291682 651714 28351  25173
6.975879283 608942702 651020 28356  25238
6.987880178 609648466 705764 28361  24837
6.999880956 610298709 650243 28355  25393
7.011867271 610946914 648205 28350  24985
7.023874860 611595944 649030 28371  25030
7.035871428 612245442 649498 28357  25207
7.047878757 612894308 648866 28348  25144
7.059867825 613600831 706523 28352  25134
7.071877391 614248524 647693 28360  25084
7.083866143 614896676 648152 28365  25071
7.095866471 615546086 649410 28358  25289
7.107879643 616193566 647480 28343  25126
7.119870098 616902070 708504 28367  25232
7.131866700 617545585 643515 28350  24953
7.143870132 618194197 648612 28350  25101
7.155866647 618841938 647741 28364  25198
7.167869166 619490368 648430 28362  25169
7.179890028 620200908 710540 28352  25279
7.191880130 620846104 645196 28360  25125
7.203879626 621493650 647546 28353  25117
7.215867380 622143346 649696 28355  25373
7.227883052 622790618 647272 28364  25179
7.239869767 623500396 709778 28363  25324
7.251866626 624143631 643235 28355  25055
7.263882384 624789947 646316 28357  25063
7.275880230 625437613 647666 28361  25273
7.287868385 626082618 645005 28359  25462
7.299861900 626735367 652749 28353  25743
7.311874375 627435036 699669 28356  25045
7.323881517 628079626 644590 28356  25289
7.335878215 628727768 648142 28372  25447
7.347865794 629374440 646672 28361  25332
7.359867936 630034166 659726 28366  25612
7.371897375 636571232 6537066 274168  250974
7.383871893 637219265 648033 28363  25331
7.395870548 637920909 701644 28361  24897
7.407879887 638563662 642753 28354  25199
7.419882226 639209245 645583 28364  25250
7.431868518 639860673 651428 28359  25624
7.443867052 640506451 645778 28342  25246
7.455879865 641206517 700066 28367  24842
7.467879010 641847848 641331 28353  25175
7.479869555 642493052 645204 28357  25249
7.491881374 643143755 650703 28353  25614
7.503877382 643791108 647353 28355  25427
7.515881078 644489780 698672 28381  24851
7.527867666 645131258 641478 28355  25239
7.539882951 645774939 643681 28342  25229
7.551878653 646424299 649360 28351  25609
7.563881688 647069570 645271 28359  25369
7.575884647 647767842 698272 28362  24807
7.587871089 648409248 641406 28360  25211
7.599879318 649053729 644481 28354  25272
7.611877852 649704728 650999 28364  25709
7.623867907 650356823 652095 28360  25243
7.635878353 651047566 690743 28361  24971
7.647879425 651690929 643363 28361  25329
7.659890580 652334306 643377 28379  25272
7.671880549 652982788 648482 28361  25575
7.683869027 653682061 699273 28351  24958
7.695869832 654321910 639849 28359  25169
7.707866110 654965008 643098 28365  25291
7.719867269 655608853 643845 28364  25307
7.731865657 656256722 647869 28360  25577
7.743880940 656955286 698564 28366  24990
7.755880629 657595841 640555 28365  25257
7.767868803 658240467 644626 28354  25458
7.779867181 658883350 642883 28348  25303
7.791882654 659548765 665415 28350  25531
7.803865493 660225391 676626 28352  25057
7.815877117 660865201 639810 28352  25137
7.827870660 661508322 643121 28356  25406
7.839871424 662151128 642806 28359  25280
7.851882160 662854797 703669 28363  25379
7.863879775 663494823 640026 28360  25239
7.875880627 664139990 645167 28353  25149
7.887879208 664785727 645737 28355  25408
7.899881361 665431459 645732 28355  25316
7.911865916 666135749 704290 28363  25359
7.923880721 666779062 643313 28352  25263
7.935879337 667424505 645443 28361  25262
7.947877698 668069876 645371 28362  25369
7.959865963 668718300 648424 28355  25276
7.971888096 669415730 697430 28362  25334
7.983882137 670061692 645962 28352  25383
7.995882059 670707050 645358 28354  25293
8.007882661 671353682 646632 28356  25481
8.019867856 672051989 698307 28358  25038
8.031869858 672697336 645347 28356  25539
8.043866603 673342967 645631 28359  25413
8.055868268 673987170 644203 28369  25282
8.067869973 674685951 698781 28367  25067
8.079868325 675325515 639564 28358  25288
8.091881214 675971889 646374 28364  25537
8.103870119 676615932 644043 28357  25320
8.115868754 677260921 644989 28357  25344
8.127892716 677958054 697133 28367  25098
8.139867225 678599360 641306 28348  25279
8.151868416 679248964 649604 28357  25773
8.163868431 679891768 642804 28353  25261
8.175867873 680589688 697920 28368  25036
8.187879482 681229208 639520 28359  25343
8.199880640 681872219 643011 28368  25349
8.211880449 682519256 647037 28363  25639
8.223878964 683192947 673691 28355  25093
8.235866013 683854425 661478 28361  25021
8.247867628 684496139 641714 28363  25419
8.259872170 685139651 643512 28363  25419
8.271879528 685788091 648440 28366  25782
8.283880917 686482326 694235 28362  24952
8.295877045 687123124 640798 28362  25265
8.307878677 687764642 641518 28351  25455
8.319868479 688407147 642505 28353  25392
8.331882108 689106769 699622 28359  25417
8.343882477 689742864 636095 28355  25029
8.355865215 690386105 643241 28363  25386
8.367880614 696972173 6586068 276678  254085
8.379890032 697602056 629883 27723  24811
8.391868707 698244906 642850 28360  25513
8.403882019 698890633 645727 28355  25670
8.415879771 699542845 652212 28362  25194
8.427883270 700225614 682769 28363  25217
8.439869075 700865436 639822 28360  25474
8.451887610 701507039 641603 28361  25437
8.463868202 702151911 644872 28350  25609
8.475878754 702842771 690860 28361  24940
8.487881562 703481443 638672 28362  25280
8.499880137 704121358 639915 28351  25498
8.511870899 704763501 642143 28361  25498
8.523878935 705459057 695556 28366  25223
8.535880669 706097024 637967 28349  25238
8.547866754 706739520 642496 28354  25497
8.559865986 707380871 641351 28348  25652
8.571881939 708077041 696170 28352  25357
8.583866267 708717492 640451 28350  25444
8.595868906 709357248 639756 28352  25356
8.607889768 709998616 641368 28372  25476
8.619881329 710689997 691381 28355  25199
8.631868961 711329370 639373 28351  25459
8.643869539 711971987 642617 28351  25532
8.655867448 712612135 640148 28369  25420
8.667881150 713304387 692252 28366  25151
8.679880448 713940013 635626 28354  25388
8.691870987 714582880 642867 28348  25618
8.703867885 715225171 642291 28349  25595
8.715866643 715916263 691092 28352  25149
8.727879702 716553196 636933 28350  25363
8.739867068 717190092 636896 28351  25415
8.751880446 717831639 641547 28361  25593
8.763891961 718523677 692038 28357  25226
8.775880846 719160196 636519 28354  25399
8.787869095 719800014 639818 28355  25566
8.799879187 720437455 637441 28356  25463
8.811879049 721137194 699739 28357  25337
8.823883017 721774224 637030 28360  25475
8.835867536 722428402 654178 28354  25562
8.847866684 723080891 652489 28350  25494
8.859881736 723784543 703652 28357  24964
8.871881858 724442317 657774 28356  25652
8.883879233 725098904 656587 28364  25535
8.895865944 725755770 656866 28355  25452
8.907879073 726464228 708458 28361  25235
8.919881321 727114723 650495 28357  25206
8.931877627 727776107 661384 28350  25882
8.943881029 728489892 713785 28367  25323
8.955880661 729141052 651160 28354  25474
8.967868255 729797265 656213 28354  25633
8.979865981 730448555 651290 28350  25330
8.991881383 731163761 715206 28369  25531
9.003880975 731814014 650253 28356  25387
9.015880907 732469091 655077 28366  25514
9.027870328 733122471 653380 28351  25511
9.039869106 733829831 707360 28348  25039
9.051866095 734484300 654469 28357  25738
9.063878330 735138915 654615 28359  25594
9.075868572 735796117 657202 28359  25635
9.087888831 736502784 706667 28359  25227
9.099882293 737152307 649523 28354  25311
9.111869677 737810943 658636 28348  25879
9.123868120 738474939 663996 28362  25388
9.135881372 739168943 694004 28363  25119
9.147879667 739821410 652467 28355  25549
9.159879402 740473378 651968 28341  25463
9.171871387 741186213 712835 28378  25492
9.183867975 741834207 647994 28341  25427
9.195878577 742487584 653377 28357  25485
9.207882313 743140540 652956 28341  25621
9.219880431 743848446 707906 28358  25253
9.231867716 744500773 652327 28359  25778
9.243892198 745151642 650869 28362  25461
9.255868163 745802921 651279 28351  25460
9.267869805 746508393 705472 28354  25232
9.279885357 747156342 647949 28356  25454
9.291878429 747812501 656159 28356  25900
9.303872028 748463849 651348 28348  25533
9.315866529 749166605 702756 28364  25061
9.327868284 749816966 650361 28364  25662
9.339878239 750469043 652077 28363  25610
9.351882615 751179909 710866 28366  25582
9.363869973 751825850 645941 28343  25353
9.375869499 758402682 6576832 272875  252350
9.387871810 759054727 652045 28357  25568
9.399879656 759760441 705714 28378  25415
9.411876354 760407990 647549 28363  25535
9.423870138 761061705 653715 28363  25785
9.435882741 761711871 650166 28368  25432
9.447880930 762414898 703027 28362  25218
9.459868131 763061461 646563 28339  25478
9.471880473 763713687 652226 28356  25701
9.483879528 764422106 708419 28349  25451
9.495871280 765067906 645800 28355  25430
9.507869128 765718722 650816 28349  25561
9.519870407 766364936 646214 28356  26107
9.531880845 767066307 701371 28346  26461
9.543860383 767709126 642819 28353  26680
9.555879799 768359413 650287 28357  25950
9.567861132 769008977 649564 28354  25854
9.579880780 769712557 703580 28366  25532
9.591878615 770361722 649165 28350  25979
9.603870476 771013361 651639 28348  25933
9.615879649 771717638 704277 28364  25561
9.627870370 772363495 645857 28358  25658
9.639870231 773011005 647510 28349  25723
9.651879997 773662821 651816 28361  25898
9.663869058 774366589 703768 28347  25516
9.675880524 775012126 645537 28365  25522
9.687872386 775661015 648889 28355  25693
9.699879144 776314519 653504 28352  25541
9.711866906 777011008 696489 28364  25648
9.723887198 777660303 649295 28342  25768
9.735879026 778309848 649545 28342  25763
9.747868425 779010128 700280 28357  25396
9.759867926 779653123 642995 28360  25383
9.771883509 780306767 653644 28353  26007
9.783871454 781008920 702153 28354  25398
9.795880776 781658623 649703 28360  25712
9.807883321 782310548 651925 28360  25790
9.819878089 782957782 647234 28350  25482
9.831880927 783665560 707778 28364  25631
9.843868540 784317799 652239 28353  25789
9.855882794 784971174 653375 28363  25846
9.867867243 785674747 703573 28363  25408
9.879889022 786322070 647323 28370  25574
9.891867734 786976220 654150 28346  25946
9.903866898 787681151 704931 28362  25386
9.915882611 788326947 645796 28366  25594
9.927881715 788976538 649591 28358  25664
9.939869231 789625867 649329 28351  25606
9.951880779 790330971 705104 28355  25656
9.963868681 790979980 649009 28352  25613
9.975868363 791629724 649744 28352  25683
9.987878635 792332882 703158 28371  25448
9.999868503 792979382 646500 28348  25588
10.011880602 793633110 653728 28363  26054
10.023868453 794335539 702429 28358  25202
10.035879629 794979083 643544 28357  25467
10.047878040 795628040 648957 28358  25761
10.059869499 796276544 648504 28359  25667
10.071878494 796980042 703498 28359  25617
10.083867825 797627825 647783 28349  25515
10.095871491 798277823 649998 28358  25758
10.107879603 798978704 700881 28355  25427
10.119880531 799625848 647144 28347  25773
10.131879853 800278227 652379 28353  25990
10.143878312 800980352 702125 28358  25294
10.155866433 801625371 645019 28366  25619
10.167879315 802272669 647298 28351  25766
10.179865880 802938016 665347 28358  25568
10.191880726 803620688 682672 28356  25559
10.203891878 804268026 647338 28353  25592
10.215883129 804916269 648243 28362  25731
10.227881077 805614634 698365 28351  25469
10.239867696 806263866 649232 28348  25840
10.251879928 806912065 648199 28347  25734
10.263881493 807611482 699417 28364  25428
10.275879145 808256200 644718 28354  25645
10.287869570 808900994 644794 28363  25659
10.299867718 809604265 703271 28357  25549
10.311865600 810248355 644090 28343  25718
10.323879585 810895812 647457 28362  25669
10.335868731 811599286 703474 28362  25417
10.347869512 812239606 640320 28348  25492
10.359876581 812891170 651564 28367  25957
10.371871213 819489609 6598439 274839  255285
10.383870251 820136470 646861 28349  25797
10.395868803 820833118 696648 28361  25253
10.407864101 821477376 644258 28363  25732
10.419867937 822122190 644814 28346  25666
10.431867706 822823770 701580 28366  25690
10.443867827 823467242 643472 28349  25707
10.455880846 824112954 645712 28345  25644
10.467878617 824811628 698674 28351  25376
10.479879012 825453677 642049 28356  25730
10.491867664 826104139 650462 28341  26087
10.503881586 826803814 699675 28348  25371
10.515876678 827446735 642921 28349  25736
10.527881480 828092379 645644 28362  25880
10.539881558 828792383 700004 28356  25465
10.551882067 829436455 644072 28368  25969
10.563867625 830080192 643737 28357  25560
10.575866810 830780395 700203 28370  25479
10.587879136 831420528 640133 28350  25838
10.599880754 832066811 646283 28358  25877
10.611880439 832767451 700640 28360  25606
10.623867727 833407408 639957 28355  25564
10.635869455 834052175 644767 28361  25767
10.647866348 834697200 645025 28351  25791
10.659878927 835391053 693853 28361  25576
10.671870348 836037919 646866 28350  25877
10.683890577 836679559 641640 28348  25607
10.695869305 837372716 693157 28360  25447
10.707870366 838014351 641635 28355  25745
10.719868102 838662685 648334 28360  25839
10.731866900 839360995 698310 28366  25484
10.743880669 840011545 650550 28359  25756
10.755868990 840663327 651782 28355  25808
10.767869289 841365112 701785 28355  25326
10.779869434 842020613 655501 28357  26058
10.791881873 842673131 652518 28361  25865
10.803880664 843377246 704115 28356  25510
10.815879250 844028838 651592 28353  25851
10.827867881 844674527 645689 28357  25483
10.839886724 845382320 707793 28360  25784
10.851868952 846031891 649571 28349  25725
10.863878776 846683540 651649 28359  25765
10.875880425 847384909 701369 28355  25447
10.887879787 848033953 649044 28369  25769
10.899869269 848688423 654470 28357  26099
10.911866627 849390020 701597 28361  25471
10.923879996 850039817 649797 28365  25769
10.935882277 850688858 649041 28356  25816
10.947880400 851389046 700188 28356  25425
10.959870031 852041774 652728 28360  26101
10.971869276 852689858 648084 28358  25685
10.983882761 853390749 700891 28352  25366
10.995886490 854039338 648589 28363  25840
11.007868232 854689584 650246 28360  25890
11.019880443 855394378 704794 28360  25814
11.031869688 856042616 648238 28363  25642
11.043866757 856691456 648840 28350  25777
11.055868175 857390611 699155 28365  25565
11.067878230 858039777 649166 28351  25892
11.079878796 858691328 651551 28355  26004
11.091881434 859389299 697971 28372  25312
11.103867983 860037544 648245 28360  25771
11.115869624 860683784 646240 28363  25786
11.127881463 861384566 700782 28367  25638
11.139878061 862034669 650103 28352  25879
11.151877039 862683493 648824 28350  25773
11.163867178 863382932 699439 28357  25574
11.175882106 864029058 646126 28357  25848
11.187868452 864678116 649058 28347  25933
11.199880330 865376527 698411 28351  25504
11.211869438 866025580 649053 28349  25860
11.223879670 866712319 686739 28358  25715
11.235869006 867365928 653609 28345  25418
11.247878144 868018915 652987 28357  26217
11.259881433 868721914 702999 28356  25575
11.271878718 869368749 646835 28351  25938
11.283880710 870018797 650048 28356  26017
11.295868448 870718512 699715 28353  25463
11.307865399 871369397 650885 28359  26234
11.319889022 872016780 647383 28350  25851
11.331879206 872717693 700913 28380  25404
11.343878825 873363634 645941 28360  25863
11.355878553 874010743 647109 28367  25837
11.367868049 880630568 6619825 274457  255942
11.379889171 881298960 668392 28161  25752
11.391868496 881944833 645873 28354  25679
11.403881581 882647090 702257 28350  25528
11.415879306 883289079 641989 28363  26002
11.427868531 883937824 648745 28364  26082
11.439880866 884638825 701001 28359  25689
11.451865871 885281984 643159 28359  25701
11.463881059 885929138 647154 28342  25882
11.475889612 886624925 695787 28356  25583
11.487869216 887271410 646485 28364  26046
11.499866164 887918587 647177 28352  25930
11.511878920 888615267 696680 28352  25529
11.523881966 889262332 647065 28342  25942
11.535880184 889909430 647098 28358  25869
11.547880136 890604446 695016 28358  25733
11.559881524 891250343 645897 28352  26004
11.571879173 891951185 700842 28359  25660
11.583878228 892593282 642097 28360  25920
11.595881362 893233336 640054 28350  25653
11.607880541 893934574 701238 28372  25944
11.619879119 894575426 640852 28362  25782
11.631883972 895222367 646941 28365  25937
11.643869120 895915895 693528 28360  25518
11.655867424 896558288 642393 28354  25812
11.667866673 897211065 652777 28361  26304
11.679867878 897903758 692693 28352  25617
11.691880740 898549594 645836 28358  25863
11.703868582 899250189 700595 28362  25684
11.715868796 899893442 643253 28341  25901
11.727869242 900545680 652238 28364  26313
11.739867797 901243692 698012 28356  25426
11.751867789 901890474 646782 28354  25856
11.763869324 902535959 645485 28353  25919
11.775880303 903234934 698975 28355  25766
11.787876071 903885110 650176 28361  26199
11.799868933 904586337 701227 28358  25606
11.811879974 905231164 644827 28363  25885
11.823880473 905876790 645626 28351  26059
11.835879501 906576920 700130 28366  25748
11.847869839 907221782 644862 28366  25973
11.859866672 907867122 645340 28352  25805
11.871881277 908564560 697438 28348  25613
11.883881772 909206993 642433 28349  25865
11.895880050 909854106 647113 28356  26021
11.907881319 910549673 695567 28359  25610
11.919879780 911197133 647460 28353  25986
11.931879612 911897750 700617 28363  25693
11.943868674 912535153 637403 28349  25699
11.955888786 913184677 649524 28359  26219
11.967881831 913882070 697393 28353  25713
11.979868316 914527251 645181 28359  25907
11.991868688 915173029 645778 28356  26005
12.003867139 915864977 691948 28359  25490
12.015882472 916513570 648593 28356  26233
12.027879566 917212085 698515 28354  25657
12.039868844 917854280 642195 28362  25870
12.051867680 918498488 644208 28356  25995
12.063865868 919193924 695436 28340  25601
12.075879927 919840036 646112 28367  26320
12.087867248 920483565 643529 28356  25917
12.099866741 921177513 693948 28367  25482
12.111888012 921821362 643849 28351  26067
12.123872684 922517502 696140 28362  25702
12.135867589 923160146 642644 28360  26150
12.147882701 923803357 643211 28351  25844
12.159868883 924500480 697123 28356  25716
12.171879261 925142476 641996 28354  26156
12.183867779 925788012 645536 28359  26122
12.195868844 926481834 693822 28356  25812
12.207880863 927125493 643659 28349  25942
12.219879568 927822847 697354 28351  25748
12.231878653 928462386 639539 28349  25974
12.243867575 929107948 645562 28346  26080
12.255878300 929803176 695228 28351  25779
12.267889152 930447961 644785 28348  25995
12.279868217 931147379 699418 28353  25748
12.291879742 932449617 1302238 28346  16553
12.303880904 934421253 1971636 28356  9164
12.315867562 935954815 1533562 28354  10253
12.327883287 937670482 1715667 28351  8267
12.339862049 939636843 1966361 28358  8622
12.351881381 941167868 1531025 28364  10658
12.363878102 942874437 1706569 28353  8357
12.375881405 951043862 8169425 113874  40280
12.387870516 952521932 1478070 28353  10462
12.399872505 954280970 1759038 28350  8193
12.411868003 956239848 1958878 28351  8922
12.423876078 957714935 1475087 28348  10175
12.435867167 959479538 1764603 28357  8235
12.447878618 961445298 1965760 28357  8468
12.459880210 963017715 1572417 28357  10699
12.471868285 964679950 1662235 28354  8508
12.483869690 966656288 1976338 28355  8312
12.495867329 968320771 1664483 28350  10764
12.507880097 969900610 1579839 28356  9124
12.519868599 971877065 1976455 28354  7470
12.531867650 973571841 1694776 28363  10837
12.543882119 975097089 1525248 28350  8858
12.555881134 977082662 1985573 28357  7152
12.567867749 978785859 1703197 28348  10825
12.579881371 980290943 1505084 28357  9409
12.591883662 982271049 1980106 28352  8038
12.603867894 983979710 1708661 28346  10365
12.615868136 985485014 1505304 28358  9097
12.627884292 987463361 1978347 28354  7657
12.639881046 989178066 1714705 28350  10583
12.651868414 990681017 1502951 28363  9450
12.663867587 992672210 1991193 28368  7334
12.675866585 994438880 1766670 28353  10760
12.687881800 995890863 1451983 28357  10003
12.699867665 997874308 1983445 28362  7142
12.711868260 999840770 1966462 28348  9997
12.723880719 1001243639 1402869 28359  10242
12.735879950 1003096085 1852446 28355  7628
12.747877892 1005055691 1959606 28362  8818
12.759867587 1006561315 1505624 28348  10513
12.771882769 1008292348 1731033 28358  8272
12.783881784 1010262605 1970257 28345  8639
12.795866785 1011795611 1533006 28349  10210
12.807867334 1013487193 1691582 28350  8221
12.819880932 1015454947 1967754 28369  8496
12.831882218 1017015192 1560245 28349  10578
12.843879539 1018684307 1669115 28354  8484
12.855868777 1020647079 1962772 28355  8346
12.867880656 1022195247 1548168 28358  10761
12.879881934 1023883605 1688358 28355  8310
12.891868236 1025857853 1974248 28358  8067
12.903876285 1027548915 1691062 28353  10691
12.915868526 1029088607 1539692 28369  8455
12.927881755 1031068185 1979578 28349  7480
12.939868576 1032774851 1706666 28356  10710
12.951866728 1034290395 1515544 28357  9375
12.963881907 1036275225 1984830 28353  7626
12.975881316 1037968516 1693291 28357  10294
12.987868164 1039482306 1513790 28370  9035
12.999868882 1041464159 1981853 28355  7661
13.011866427 1043206485 1742326 28344  10522
13.023879745 1044688493 1482008 28368  9746
13.035880428 1046676899 1988406 28358  7731
13.047868656 1048643667 1966768 28364  9860
13.059878907 1050024113 1380446 28354  10526
13.071886996 1051891233 1867120 28358  7777
13.083881061 1053855610 1964377 28347  8959
13.095867056 1055342751 1487141 28349  10251
13.107880711 1057090119 1747368 28360  7697
13.119869439 1059052113 1961994 28363  8759
13.131878028 1060576907 1524794 28346  10492
13.143866743 1062279034 1702127 28357  8139
13.155881102 1064238624 1959590 28355  8745
13.167880600 1065741894 1503270 28359  10168
13.179878789 1067470354 1728460 28350  8062
13.191868623 1069429066 1958712 28358  8659
13.203865841 1070930472 1501406 28354  10600
13.215878780 1072674897 1744425 28360  8707
13.227877528 1074650307 1975410 28366  8133
13.239865536 1076345531 1695224 28360  10836
13.251869292 1077891361 1545830 28366  9153
13.263880654 1079869501 1978140 28352  7397
13.275867582 1081525941 1656440 28362  10677
13.287880887 1083072817 1546876 28359  8617
13.299880173 1085055796 1982979 28364  7341
13.311879424 1086744832 1689036 28362  10698
13.323868492 1088262797 1517965 28365  9268
13.335867251 1090240838 1978041 28353  7666
13.347866476 1091906702 1665864 28356  10395
13.359880005 1093450892 1544190 28363  9005
13.371880066 1095433325 1982433 28368  7628
13.383876392 1097141384 1708059 28353  10521
13.395881156 1098641826 1500442 28361  9479
13.407880128 1100627046 1985220 28356  7328
13.419866440 1102350042 1722996 28355  10757
13.431866728 1103837547 1487505 28350  9907
13.443882874 1105822600 1985053 28354  7373
13.455866042 1107738958 1916358 28348  10035
13.467868890 1109035929 1296971 28352  9980
13.479878089 1111012010 1976081 28370  7001
13.491880330 1112973896 1961886 28361  9744
13.503880696 1114436301 1462405 28356  10460
13.515878694 1116220141 1783840 28355  7998
13.527868265 1118177332 1957191 28354  8789
13.539890011 1119700671 1523339 28353  10111
13.551883066 1121410909 1710238 28363  8023
13.563867581 1123364287 1953378 28355  8530
13.575867442 1124858147 1493860 28356  10621
13.587867630 1126596273 1738126 28353  8173
13.599879726 1128553859 1957586 28355  8616
13.611867117 1130059386 1505527 28354  10661
13.623869185 1131728909 1669523 28356  8969
13.635868478 1133629133 1900224 28360  7967
13.647880206 1135517160 1888027 28345  10569
13.659867307 1137035758 1518598 28369  10173
13.671868089 1138626158 1590400 28363  9212
13.683866101 1140521830 1895672 28356  8237
13.695881160 1142447152 1925322 28355  10183
13.707875154 1143810011 1362859 28364  10701
13.719882013 1145623036 1813025 28358  8217
13.731881035 1147556998 1933962 28358  8206
13.743868923 1149176979 1619981 28349  10692
13.755867575 1150731295 1554316 28359  10257
13.767879440 1152624072 1892777 28362  8584
13.779881519 1154559442 1935370 28359  8854
13.791869257 1156085468 1526026 28356  10768
13.803869931 1157835455 1749987 28362  7557
13.815881277 1159817857 1982402 28358  8966
13.827878628 1161190543 1372686 28344  10479
13.839868943 1163097814 1907271 28356  6792
13.851875942 1165083187 1985373 28360  9431
13.863888787 1166368726 1285539 28364  10410
13.875879312 1168373742 2005016 28358  7117
13.887867834 1170368595 1994853 28355  10145
13.899867225 1171662100 1293505 28364  10174
13.911880294 1173660432 1998332 28373  6477
13.923881152 1175610307 1949875 28350  10136
13.935879801 1176932151 1321844 28360  9912
13.947869172 1178943853 2011702 28357  6973
13.959870160 1180852263 1908410 28352  10390
13.971880189 1182207979 1355716 28353  9920
13.983868241 1184223004 2015025 28354  6921
13.995867312 1185966495 1743491 28354  10395
14.007877801 1187472132 1505637 28358  9401
14.019874402 1189467807 1995675 28349  7184
14.031868815 1191171164 1703357 28362  10260
14.043880026 1192739373 1568209 28351  8805
14.055868098 1194749717 2010344 28354  7568
14.067879243 1196422645 1672928 28350  10818
14.079868591 1198020197 1597552 28364  9195
14.091880780 1200005051 1984854 28346  7097
14.103867448 1201584048 1578997 28348  10618
14.115868686 1203271130 1687082 28362  7936
14.127880652 1205253508 1982378 28355  8682
14.139869106 1206627349 1373841 28355  10517
14.151880109 1208528619 1901270 28366  7374
14.163883317 1210515412 1986793 28357  9511
14.175876618 1211822033 1306621 28354  10402
14.187867917 1213801199 1979166 28359  6684
14.199880565 1215695721 1894522 28345  10153
14.211868110 1217059170 1363449 28361  9569
14.223867849 1219069046 2009876 28360  6242
14.235881620 1220813030 1743984 28360  10644
14.247867582 1222314775 1501745 28349  9013
14.259880457 1224303447 1988672 28360  7634
14.271878869 1225970469 1667022 28357  10760
14.283879761 1227584594 1614125 28369  8176
14.295867545 1229583132 1998538 28355  7941
14.307867448 1231173430 1590298 28361  10598
14.319867829 1232858805 1685375 28364  8194
14.331867904 1234848350 1989545 28349  8600
14.343888359 1236406033 1557683 28358  10534
14.355877537 1238121053 1715020 28364  7763
14.367867642 1240102589 1981536 28348  8890
14.379882311 1241534411 1431822 28349  10609
14.391880232 1243394336 1859925 28354  7565
14.403868571 1245379288 1984952 28352  8697
14.415879086 1246800171 1420883 28361  10365
14.427882588 1248663856 1863685 28360  7359
14.439879126 1250650762 1986906 28349  9309
14.451866384 1252058083 1407321 28350  10655
14.463879243 1253947617 1889534 28353  7349
14.475880188 1255934582 1986965 28354  8738
14.487879480 1257339980 1405398 28350  10619
14.499887682 1259229685 1889705 28359  7377
14.511868170 1261212167 1982482 28360  9318
14.523867159 1262559397 1347230 28358  10513
14.535881037 1264498255 1938858 28359  7176
14.547866481 1266483987 1985732 28354  9693
14.559868113 1267768937 1284950 28341  10039
14.571881088 1269772266 2003329 28361  6955
14.583869176 1271639989 1867723 28351  10179
14.595868365 1273025468 1385479 28357  9159
14.607866990 1275040812 2015344 28353  6814
14.619880769 1276769268 1728456 28346  10721
14.631868170 1278278195 1508927 28356  9047
14.643867875 1280279354 2001159 28354  7917
14.655876501 1281985716 1706362 28350  10241
14.667868999 1283555273 1569557 28347  8517
14.679880101 1285549497 1994224 28352  8033
14.691879976 1287189118 1639621 28366  10419
14.703869144 1288828135 1639017 28351  8458
14.715868988 1290813256 1985121 28349  8234
14.727880471 1292382696 1569440 28356  10700
14.739869212 1294086025 1703329 28361  7741
14.751878064 1296061950 1975925 28365  8680
14.763880682 1297501661 1439711 28357  10658
14.775878990 1299353318 1851657 28359  7359
14.787868719 1301327976 1974658 28363  8555
14.799880254 1302712331 1384355 28366  10363
14.811889990 1304617089 1904758 28358  7452
14.823881268 1306599373 1982284 28356  9576
14.835879506 1307951114 1351741 28364  10600
14.847868384 1309894260 1943146 28348  6755
14.859866236 1311876336 1982076 28350  9484
14.871881851 1313167407 1291071 28349  10496
14.883880783 1315173199 2005792 28361  7040
14.895869478 1317161335 1988136 28354  9858
14.907880436 1318520201 1358866 28357  10300
14.919867721 1320451482 1931281 28364  7234
14.931867443 1322370475 1918993 28352  9624
14.943866807 1323706599 1336124 28384  9897
14.955880323 1325716145 2009546 28364  6904
14.967879484 1327514202 1798057 28350  10082
14.979888987 1328972735 1458533 28353  9477
14.991882095 1330986848 2014113 28361  7044
15.003880899 1332736379 1749531 28366  10501
15.015880302 1334235331 1498952 28356  9390
15.027879696 1336245565 2010234 28360  7294
15.039867684 1337939969 1694404 28346  10219
15.051881273 1339509263 1569294 28362  9110
15.063880105 1341505734 1996471 28364  7467
15.075868873 1343221871 1716137 28359  10670
15.087867481 1344783132 1561261 28372  9115
15.099881150 1346775696 1992564 28352  7616
15.111879148 1348464668 1688972 28353  10729
15.123865533 1350061511 1596843 28361  8844
15.135875855 1352055164 1993653 28361  7581
15.147881160 1353724532 1669368 28367  10657
15.159879868 1355324925 1600393 28356  8355
15.171869770 1357321976 1997051 28365  7595
15.183871749 1359005004 1683028 28358  10639
15.195867070 1360599711 1594707 28354  8996
15.207879376 1362599407 1999696 28367  7982
15.219868486 1364270059 1670652 28350  10289
15.231869758 1365875890 1605831 28358  8490
15.243868160 1367879585 2003695 28353  8091
15.255877605 1369577365 1697780 28348  10445
15.267867337 1371157832 1580467 28348  8842
15.279866418 1373151103 1993271 28362  7789
15.291889234 1374834639 1683536 28354  10641
15.303881485 1376434065 1599426 28344  8863
15.315867621 1378426880 1992815 28355  7562
15.327869282 1380130334 1703454 28339  10750
15.339869110 1381710251 1579917 28357  8912
15.351880692 1383704447 1994196 28359  7119
15.363879164 1385412874 1708427 28368  10586
15.375880606 1386973475 1560601 28348  8763
15.387880171 1388970362 1996887 28349  7983
15.399867995 1390678668 1708306 28363  10842
15.411868133 1392251014 1572346 28361  8286
15.423867066 1394249023 1998009 28357  7770
15.435868030 1395910552 1661529 28362  10644
15.447875573 1397532403 1621851 28361  8810
15.459868374 1399525429 1993026 28357  7861
15.471868295 1401245023 1719594 28356  10616
15.483880661 1402810468 1565445 28360  8995
15.495878612 1404801368 1990900 28354  7416
15.507879691 1406476690 1675322 28355  10678
15.519867969 1408080170 1603480 28353  9050
15.531866421 1410072137 1991967 28368  7182
15.543868922 1411780749 1708612 28356  10566
15.555879481 1413352014 1571265 28348  9048
15.567867586 1415344639 1992625 28354  7586
15.579877741 1417055329 1710690 28359  10922
15.591880403 1418626934 1571605 28359  8787
15.603865804 1420619265 1992331 28360  7088
15.615874443 1422296945 1677680 28348  10915
15.627870111 1423903013 1606068 28348  8603
15.639868169 1425898949 1995936 28361  7804
15.651868731 1427596632 1697683 28359  10765
15.663868953 1429178202 1581570 28361  8858
15.675880977 1431172508 1994306 28348  7787
15.687881593 1432840952 1668444 28351  10425
15.699879454 1434455964 1615012 28361  9029
15.711878702 1436448782 1992818 28351  7496
15.723867087 1438150146 1701364 28355  10255
15.735881459 1439725763 1575617 28356  8758
15.747867967 1441720333 1994570 28357  7578
15.759865676 1443385762 1665429 28364  10781
15.771888848 1444999497 1613735 28357  9105
15.783879339 1446994774 1995277 28357  7197
15.795881221 1448653482 1658708 28366  10586
15.807881046 1450277141 1623659 28357  8922
15.819880988 1452275090 1997949 28358  7513
15.831880036 1453975528 1700438 28354  10816
15.843866791 1455551428 1575900 28353  8770
15.855868806 1457542256 1990828 28365  7742
15.867866134 1459179501 1637245 28360  10603
15.879867339 1460814859 1635358 28359  8427
15.891880467 1462814246 1999387 28361  8098
15.903879473 1464479533 1665287 28350  10285
15.915879468 1466092424 1612891 28359  8452
15.927878233 1468085479 1993055 28363  7885
15.939867275 1469748138 1662659 28349  10495
15.951866713 1471371766 1623628 28351  9251
15.963870267 1473369335 1997569 28363  7613
15.975866226 1475069994 1700659 28356  10198
15.987880598 1476655608 1585614 28344  9112
15.999880680 1478656082 2000474 28356  7313
16.011879505 1480350626 1694544 28364  10613
16.023880923 1481923350 1572724 28364  9045
16.035879327 1483913889 1990539 28349  7561
16.047880780 1485619368 1705479 28357  10764
16.059878804 1487198575 1579207 28354  8820
16.071880233 1489187087 1988512 28361  7640
16.083874615 1490841139 1654052 28361  10658
16.095882173 1492458992 1617853 28358  8240
16.107880482 1494454328 1995336 28366  7671
16.119880260 1496132391 1678063 28360  10588
16.131867481 1497727539 1595148 28357  8832
16.143866769 1499728019 2000480 28370  8120
16.155881621 1501388385 1660366 28348  10201
16.167881029 1503003206 1614821 28354  8401
16.179867027 1505000138 1996932 28364  8131
16.191867906 1506639526 1639388 28364  10364
16.203867028 1508276830 1637304 28350  8586
16.215860836 1510273846 1997016 28362  8072
16.227870901 1511944954 1671108 28370  10593
16.239868496 1513556182 1611228 28363  8774
16.251886942 1515548494 1992312 28353  7588
16.263869026 1517255043 1706549 28352  10812
16.275867908 1518836257 1581214 28356  8933
16.287867783 1520821891 1985634 28347  6862
16.299880958 1522542180 1720289 28353  10581
16.311881139 1524098368 1556188 28358  8966
16.323866897 1526090895 1992527 28350  7737
16.335868716 1527811781 1720886 28353  10729
16.347868251 1529371850 1560069 28360  8447
16.359881010 1531370466 1998616 28364  7612
16.371880608 1533038690 1668224 28349  10599
16.383868143 1534648714 1610024 28362  8825
16.395865391 1536638886 1990172 28361  7762
16.407887833 1538351207 1712321 28348  10571
16.419868244 1539922955 1571748 28365  9065
16.431879757 1541910410 1987455 28353  7351
16.443867511 1543618175 1707765 28360  10761
16.455879340 1545188667 1570492 28351  8886
16.467867908 1547181637 1992970 28365  7113
16.479869236 1548898113 1716476 28357  10543
16.491880234 1550459488 1561375 28365  9164
16.503880523 1552456606 1997118 28345  7406
16.515880365 1554154422 1697816 28359  10941
16.527866316 1555727411 1572989 28359  8756
16.539865922 1557714680 1987269 28351  7053
16.551877330 1559428572 1713892 28363  10877
16.563888295 1560997998 1569426 28359  8661
16.575869450 1562991072 1993074 28359  7723
16.587879655 1564686513 1695441 28356  10758
16.599880156 1566267176 1580663 28363  8856
16.611879725 1568260358 1993182 28361  7759
16.623866996 1569935297 1674939 28357  10395
16.635879808 1571538667 1603370 28354  8970
16.647880183 1573519994 1981327 28358  7575
16.659868605 1575153909 1633915 28355  10151
16.671868406 1576793282 1639373 28356  8393
16.683866818 1578786337 1993055 28372  7952
16.695879333 1580425665 1639328 28356  10748
16.707878848 1582065074 1639409 28359  8818
16.719867596 1584052719 1987645 28363  7487
16.731875268 1585606971 1554252 28342  10508
16.743881889 1587313153 1706182 28363  7813
16.755879948 1589292065 1978912 28356  8710
16.767868012 1590760738 1468673 28360  10657
16.779867764 1592571316 1810578 28350  7380
16.791878629 1594548785 1977469 28361  9223
16.803865991 1595889114 1340329 28364  10395
16.815867839 1597824505 1935391 28353  6746
16.827881734 1599804808 1980303 28348  10035
16.839868345 1601113635 1308827 28346  10162
16.851865491 1603092464 1978829 28363  6779
16.863868096 1605068915 1976451 28358  9590
16.875866884 1606353271 1284356 28358  10138
16.887894026 1608352016 1998745 28354  6697
16.899879651 1610200717 1848701 28366  10485
16.911867049 1611614524 1413807 28361  9476
16.923868441 1613624079 2009555 28356  6745
16.935878016 1615432582 1808503 28365  10486
16.947867844 1616878591 1446009 28376  9457
16.959867093 1618890792 2012201 28354  7046
16.971878784 1620650864 1760072 28355  10625
16.983878419 1622143890 1493026 28354  9518
16.995869604 1624153514 2009624 28355  6826
17.007879422 1625867298 1713784 28356  10764
17.019879911 1627392625 1525327 28357  8896
17.031881609 1629381174 1988549 28355  7120
17.043887921 1631078475 1697301 28357  10527
17.055868342 1632652025 1573550 28359  8810
17.067868237 1634644748 1992723 28351  7714
17.079882042 1636355204 1710456 28358  10928
17.091879398 1637922638 1567434 28354  8658
17.103882353 1639913586 1990948 28360  7199
17.115880914 1641591589 1678003 28345  10825
17.127880792 1643197563 1605974 28368  8675
17.139867603 1645185783 1988220 28363  7747
17.151868542 1646862464 1676681 28351  10713
17.163880350 1648459098 1596634 28349  8671
17.175868605 1650456724 1997626 28371  7854
17.187879334 1652142113 1685389 28363  10414
17.199888275 1653739039 1596926 28353  9092
17.211880324 1655720372 1981333 28361  7411
17.223883242 1657388586 1668214 28359  10210
17.235873594 1658991101 1602515 28356  8641
17.247866445 1660980667 1989566 28368  7804
17.259869523 1662620111 1639444 28360  10733
17.271869615 1664261852 1641741 28358  9012
17.283868613 1666261740 1999888 28350  7296
17.295878992 1667926115 1664375 28353  10580
17.307881557 1669534790 1608675 28352  8917
17.319866002 1671531197 1996407 28365  7585
17.331879201 1673230931 1699734 28361  10767
17.343880942 1674805593 1574662 28362  8918
17.355867673 1676793174 1987581 28365  7575
17.367887029 1678428838 1635664 28348  10599
17.379870650 1680058893 1630055 28354  8441
17.391868098 1682046364 1987471 28365  8086
17.403881367 1683677005 1630641 28345  10288
17.415867815 1685316735 1639730 28365  8108
17.427881173 1687304495 1987760 28355  8153
17.439878725 1688896842 1592347 28351  10502
17.451881474 1690570002 1673160 28356  8119
17.463866208 1692557394 1987392 28355  8609
17.475865373 1694060002 1502608 28361  10089
17.487877862 1695830029 1770027 28358  7638
17.499880473 1697811856 1981827 28354  8867
17.511867498 1699290730 1478874 28351  10547
17.523890240 1701084752 1794022 28351  7354
17.535868675 1703065727 1980975 28367  9284
17.547877993 1704453844 1388117 28357  10489
17.559880249 1706347896 1894052 28359  7050
17.571868587 1708325518 1977622 28354  9481
17.583868645 1709668682 1343164 28357  10365
17.595881184 1711602471 1933789 28371  6295
17.607868138 1713534749 1932278 28352  9776
17.619867563 1714854194 1319445 28354  9948
17.631879574 1716858300 2004106 28346  6763
17.643879740 1718725625 1867325 28353  10719
17.655881431 1720122196 1396571 28361  9689
17.667868903 1722125286 2003090 28353  6017
17.679876301 1723878279 1752993 28354  10918
17.691867293 1725376212 1497933 28345  9124
17.703881258 1727381380 2005168 28357  6977
17.715867336 1729116339 1734959 28359  10811
17.727869907 1730628844 1512505 28355  8983
17.739868629 1732614755 1985911 28364  7462
17.751880687 1734307921 1693166 28357  10422
17.763867365 1735891517 1583596 28363  9041
17.775878661 1737876112 1984595 28360  7393
17.787881069 1739571829 1695717 28352  10242
17.799866034 1741149973 1578144 28352  8757
17.811868446 1743135671 1985698 28356  7510
17.823867001 1744809554 1673883 28361  10741
17.835887545 1746413257 1603703 28366  9116
17.847880994 1748397739 1984482 28355  7108
17.859880776 1750039435 1641696 28354  10543
17.871867827 1751675187 1635752 28351  8725
17.883878266 1753663733 1988546 28357  7701
17.895880757 1755317740 1654007 28350  10733
17.907880185 1756940427 1622687 28354  8680
17.919868497 1758928181 1987754 28365  7843
17.931881352 1760567125 1638944 28353  10535
17.943868644 1762197746 1630621 28366  8423
17.955868535 1764181438 1983692 28362  8005
17.967880207 1765813568 1632130 28371  10257
17.979879379 1767454900 1641332 28358  8111
17.991879527 1769441468 1986568 28354  8042
18.003881935 1771072950 1631482 28360  10492
18.015869619 1772707989 1635039 28367  8334
18.027866555 1774694912 1986923 28357  8422
18.039881647 1776241996 1547084 28362  10051
18.051865848 1777963908 1721912 28353  7786
18.063869820 1779954947 1991039 28369  8726
18.075867601 1781467029 1512082 28354  10594
18.087869773 1783222595 1755566 28354  7796
18.099868118 1785193520 1970925 28356  8848
18.111880813 1786688929 1495409 28367  10546
18.123879968 1788481689 1792760 28356  7379
18.135867832 1790459896 1978207 28354  9093
18.147867665 1791873724 1413828 28356  10497
18.159877769 1793732655 1858931 28360  6865
18.171869047 1795710202 1977547 28362  9200
18.183879480 1797056719 1346517 28363  10360
18.195881184 1798984224 1927505 28363  7175
18.207881973 1800967332 1983108 28356  9918
18.219879631 1802252718 1285386 28356  10145
18.231879226 1804249252 1996534 28365  6376
18.243881041 1806187743 1938491 28365  10070
18.255878876 1807511874 1324131 28353  9826
18.267879208 1809518623 2006749 28368  7113
18.279869796 1811449653 1931030 28360  10156
18.291866744 1812771438 1321785 28349  9769
18.303879166 1814778915 2007477 28370  6674
18.315885987 1816501341 1722426 28346  10516
18.327881582 1818012505 1511164 28361  8993
18.339881641 1819994278 1981773 28367  7457
18.351868979 1821658999 1664721 28358  10186
18.363867280 1823264401 1605402 28355  8557
18.375868218 1825261428 1997027 28366  7795
18.387867237 1826927675 1666247 28352  10719
18.399880305 1828538796 1611121 28366  9018
18.411869670 1830533914 1995118 28361  7168
18.423868589 1832185587 1651673 28363  10543
18.435867627 1833808530 1622943 28346  8871
18.447879228 1835801212 1992682 28360  7557
18.459878744 1837465418 1664206 28350  10755
18.471887272 1839071789 1606371 28353  8694
18.483880317 1841059479 1987690 28361  7831
18.495868321 1842692160 1632681 28359  10590
18.507866529 1844329199 1637039 28356  8334
18.519867292 1846311948 1982749 28345  8170
18.531879707 1847861451 1549503 28353  10238
18.543877668 1849567662 1706211 28350  7310
18.555879670 1851540170 1972508 28353  8946
18.567868435 1853012667 1472497 28356  10336
18.579879519 1854822365 1809698 28354  7537
18.591865781 1856805425 1983060 28351  9272
18.603867776 1858150332 1344907 28355  9880
18.615880741 1860079209 1928877 28348  6844
18.627870366 1861993415 1914206 28352  9810
18.639887201 1863336380 1342965 28360  9896
18.651880593 1865336395 2000015 28355  6676
18.663880331 1867134939 1798544 28363  10668
18.675867945 1868593154 1458215 28358  9722
18.687878938 1870601612 2008458 28368  6655
18.699880316 1872348654 1747042 28348  10797
18.711880108 1873842590 1493936 28364  9275
18.723879646 1875833152 1990562 28356  6684
18.735866014 1877533180 1700028 28355  10515
18.747867135 1879088871 1555691 28357  8808
18.759880191 1881074838 1985967 28355  7587
18.771877322 1882766168 1691330 28357  10954
18.783868034 1884356837 1590669 28365  8642
18.795887275 1886344847 1988010 28359  7129
18.807879556 1888017179 1672332 28361  10857
18.819868722 1889621879 1604700 28356  8525
18.831869417 1891610319 1988440 28369  7765
18.843879345 1893273330 1663011 28350  10716
18.855869539 1894884411 1611081 28354  8751
18.867867902 1896875209 1990798 28348  7815
18.879868476 1898509529 1634320 28361  10379
18.891866721 1900139363 1629834 28354  8429
18.903881410 1902113140 1973777 28345  8021
18.915880388 1903656256 1543116 28356  10135
18.927869039 1905371686 1715430 28358  7372
18.939867364 1907351563 1979877 28356  8997
18.951887886 1908755415 1403852 28356  10520
18.963879171 1910623976 1868561 28359  7474
18.975866232 1912602110 1978134 28358  8997
18.987880495 1913930802 1328692 28356  10111
18.999879739 1915885788 1954986 28360  6922
19.011868247 1917823821 1938033 28345  9809
19.023866122 1919136102 1312281 28357  9801
19.035882411 1921135835 1999733 28362  6661
19.047879756 1922855620 1719785 28356  10746
19.059878727 1924369907 1514287 28352  8871
19.071865785 1926350538 1980631 28348  7475
19.083867886 1928000838 1650300 28360  10768
19.095880769 1929621400 1620562 28350  8329
19.107889370 1931603896 1982496 28362  7405
19.119880062 1933261630 1657734 28356  10498
19.131879474 1934880565 1618935 28354  8689
19.143879748 1936863566 1983001 28353  7960
19.155880340 1938512851 1649285 28364  10734
19.167868909 1940145591 1632740 28356  8200
19.179868370 1942127884 1982293 28361  7764
19.191868438 1943700313 1572429 28364  10603
19.203868686 1945388417 1688104 28360  7627
19.215868714 1947363887 1975470 28356  8899
19.227867796 1948852233 1488346 28361  10418
19.239868528 1950641190 1788957 28358  7583
19.251877823 1952617815 1976625 28359  8979
19.263877904 1954043702 1425887 28362  10480
19.275876416 1955895576 1851874 28361  7471
19.287880151 1957871350 1975774 28356  8734
19.299867859 1959250219 1378869 28356  10192
19.311867350 1961141423 1891204 28365  7223
19.323867849 1963121711 1980288 28349  9441
19.335868994 1964471424 1349713 28354  10464
19.347880849 1966402235 1930811 28367  6885
19.359881751 1968387925 1985690 28360  9265
19.371879272 1969736914 1348989 28357  10507
19.383880887 1971670055 1933141 28373  7071
19.395878632 1973651444 1981389 28352  9594
19.407880854 1975029760 1378316 28362  10579
19.419867888 1976923954 1894194 28367  6690
19.431887091 1978869363 1945409 28357  10154
19.443881215 1980176765 1307402 28354  9663
19.455868167 1982174706 1997941 28352  6552
19.467880815 1983834335 1659629 28347  10595
19.479878697 1985397668 1563333 28349  8240
19.491880305 1987382852 1985184 28361  7463
19.503868170 1989040151 1657299 28357  10553
19.515867821 1990647173 1607022 28352  8632
19.527868457 1992633457 1986284 28366  8291
19.539868425 1994169807 1536350 28345  10168
19.551868446 1995883007 1713200 28364  7219
19.563866354 1997866379 1983372 28354  9259
19.575867495 1999354079 1487700 28369  10202
19.587892721 2001149465 1795386 28369  7526
19.599882042 2003123964 1974499 28364  9053
19.611867517 2004556927 1432963 28362  10465
19.623869102 2006404147 1847220 28357  7456
19.635867984 2008372068 1967921 28347  9038
19.647867392 2009695692 1323624 28349  10313
19.659867740 2011644664 1948972 28360  6539
19.671881042 2013550859 1906195 28349  9594
19.683880990 2014894359 1343500 28357  9810
19.695880238 2016894061 1999702 28356  6545
19.707880763 2018642269 1748208 28352  10739
19.719881442 2020137670 1495401 28365  9422
19.731878243 2022121803 1984133 28351  6680
19.743877448 2023772411 1650608 28356  10571
19.755866986 2025377703 1605292 28362  8561
19.767877777 2027357286 1979583 28365  7853
19.779878900 2028908153 1550867 28354  10680
19.791867688 2030609656 1701503 28353  7555
19.803882016 2032582449 1972793 28357  8974
19.815878164 2033958725 1376276 28348  10393
19.827870593 2035848577 1889852 28353  6781
19.839868591 2037755531 1906954 28353  9939
19.851868425 2039093480 1337949 28358  9617
19.863868190 2041092848 1999368 28359  6072
19.875877939 2042841434 1748586 28353  10551
19.887867387 2044325233 1483799 28354  8981
19.899867242 2046305091 1979858 28350  7541
19.911875870 2048003199 1698108 28363  10761
19.923878812 2049574305 1571106 28360  8123
19.935880117 2051558334 1984029 28349  7801
19.947869648 2053127619 1569285 28356  10592
19.959868496 2054815188 1687569 28355  7664
19.971869294 2056786202 1971014 28355  8915
19.983867040 2058257343 1471141 28369  10410
19.995869791 2060056652 1799309 28353  7295
20.007879606 2062025156 1968504 28362  9182
20.019879521 2063355628 1330472 28355  10260
20.031867059 2065300782 1945154 28366  6897
20.043868417 2067207210 1906428 28362  9515
20.055880635 2068545518 1338308 28353  9557
20.067886768 2070542829 1997311 28367  6632
20.079882546 2072283382 1740553 28348  10608
20.091869040 2073775838 1492456 28353  9037
20.103871082 2075758851 1983013 28358  7504
20.115878764 2077388716 1629865 28351  10111
20.127881809 2079021057 1632341 28355  8455
20.139881140 2081001234 1980177 28358  8041
20.151867965 2082508500 1507266 28355  10527
20.163880024 2084253698 1745198 28360  7646
20.175879858 2086218243 1964545 28361  9020
20.187866723 2087547205 1328962 28367  10380
20.199878448 2089490552 1943347 28367  6377
20.211878523 2091300627 1810075 28351  10235
20.223881288 2092727557 1426930 28360  9497
20.235879169 2094710653 1983096 28357  6479
20.247867531 2096391192 1680539 28366  10460
20.259868549 2097955008 1563816 28352  8643
20.271878034 2099939480 1984472 28365  7861
20.283881602 2101583175 1643695 28352  10843
20.295879040 2103213308 1630133 28361  8406
20.307870159 2105196345 1983037 28350  7383
20.319879827 2106841363 1645018 28352  10815
20.331879935 2108471341 1629978 28356  8214
20.343867863 2110452909 1981568 28353  8111
20.355880851 2112048003 1595094 28364  10758
20.367867559 2113707849 1659846 28355  7707
20.379882105 2115684066 1976217 28356  8822
20.391875676 2117070423 1386357 28355  10177
20.403867828 2118938767 1868344 28368  7069
20.415868247 2120839100 1900333 28364  9684
20.427881225 2122184525 1345425 28357  9478
20.439867329 2124182870 1998345 28353  6483
20.451869761 2125992412 1809542 28354  10429
20.463868703 2127421914 1429502 28350  9573
20.475862138 2129406838 1984924 28352  7238
20.487866246 2131084975 1678137 28365  10176
20.499867117 2132651225 1566250 28361  8094
20.511880846 2134627299 1976074 28357  8336
20.523867527 2136165267 1537968 28367  10328
20.535866702 2137882251 1716984 28357  7405
20.547887167 2139848161 1965910 28363  9213
20.559869455 2141232847 1384686 28362  10259
20.571878924 2143122364 1889517 28349  7150
20.583864182 2145004840 1882476 28351  9742
20.595879906 2146365319 1360479 28355  9840
20.607882069 2148356437 1991118 28355  6473
20.619880380 2150059296 1702859 28348  10294
20.631880735 2151584930 1525634 28365  8620
20.643881146 2153559470 1974540 28353  7621
20.655864927 2155191931 1632461 28367  10695
20.667880236 2156829468 1637537 28367  8655
20.679867257 2158803982 1974514 28348  7612
20.691881492 2160272990 1469008 28357  10431
20.703876447 2162059751 1786761 28357  7592
20.715869788 2164032912 1973161 28367  8895
20.727866514 2165407063 1374151 28367  10456
20.739867972 2167297619 1890556 28362  7104
20.751880363 2169246136 1948517 28365  9710
20.763879841 2170544192 1298056 28357  9800
20.775867783 2172541496 1997304 28351  6373
20.787867911 2174248543 1707047 28342  10797
20.799880340 2175767490 1518947 28355  8642
20.811869281 2177744538 1977048 28363  7057
20.823879019 2179399786 1655248 28361  10498
20.835867707 2181001613 1601827 28358  8374
20.847879796 2182974810 1973197 28362  8191
20.859875841 2184512405 1537595 28356  10643
20.871868135 2186227212 1714807 28353  6769
20.883867441 2188195360 1968148 28351  9151
20.895880569 2189483138 1287778 28351  10413
20.907878337 2191474471 1991333 28363  6365
20.919881352 2193356008 1881537 28355  10311
20.931867196 2194721194 1365186 28361  9732
20.943882255 2196720599 1999405 28365  6644
20.955867160 2198390742 1670143 28354  10527
20.967879231 2199951247 1560505 28354  8895
20.979869239 2201925865 1974618 28347  7530
20.991866674 2203579898 1654033 28362  10226
21.003880233 2205189998 1610100 28364  8226
21.015879071 2207166581 1976583 28364  7990
21.027889002 2208757461 1590880 28350  10422
21.039880677 2210423124 1665663 28358  7960
21.051868529 2212398476 1975352 28356  8711
21.063868894 2213773988 1375512 28364  9892
21.075867105 2215656254 1882266 28368  6874
21.087868800 2217555451 1899197 28353  9716
21.099868368 2218903047 1347596 28360  9694
21.111867924 2220897610 1994563 28354  6766
21.123880295 2222569779 1672169 28353  10573
21.135868186 2224129698 1559919 28360  8856
21.147878468 2226096114 1966416 28359  7464
21.159879146 2227670114 1574000 28364  10669
21.171867101 2229341235 1671121 28365  7452
21.183876109 2231305509 1964274 28351  8596
21.195868457 2232627925 1322416 28366  10081
21.207869135 2234568762 1940837 28362  6672
21.219880058 2236458071 1889309 28357  9995
21.231880659 2237815808 1357737 28362  9847
21.243878874 2239823796 2007988 28371  6778
21.255879443 2241544241 1720445 28354  10013
21.267880171 2243049294 1505053 28354  8874
21.279881949 2245026874 1977580 28358  7591
21.291868527 2246682342 1655468 28358  10485
21.303881115 2248294756 1612414 28366  8680
21.315877947 2250269105 1974349 28356  7883
21.327867535 2251850855 1581750 28356  10658
21.339878686 2253520603 1669748 28360  7318
21.351869168 2255489249 1968646 28348  8953
21.363881346 2256869267 1380018 28360  10412
21.375868014 2258749517 1880250 28356  6434
21.387868483 2260652809 1903292 28354  9596
21.399866571 2261985232 1332423 28349  9697
21.411866635 2263988369 2003137 28358  6674
21.423879004 2265730671 1742302 28343  10954
21.435867115 2267221309 1490638 28363  8684
21.447869264 2269200008 1978699 28362  6962
21.459879532 2270835496 1635488 28354  10818
21.471866720 2272464173 1628677 28355  8162
21.483880655 2274431155 1966982 28360  8023
21.495887457 2275922661 1491506 28352  10671
21.507868388 2277684259 1761598 28360  7384
21.519867226 2279652112 1967853 28352  9166
21.531868275 2280963045 1310933 28351  10026
21.543868003 2282916479 1953434 28368  6282
21.555881174 2284632647 1716168 28351  10442
21.567880996 2286135613 1502966 28357  8381
21.579879440 2288111313 1975700 28362  7361
21.591879379 2289762829 1651516 28362  10466
21.603879811 2291370784 1607955 28352  8547
21.615880939 2293355220 1984436 28359  8286
21.627868667 2294888502 1533282 28356  10117
21.639879648 2296598594 1710092 28358  7077
21.651876117 2298578039 1979445 28361  9357
21.663867814 2299971292 1393253 28368  10086
21.675880943 2301844032 1872740 28352  7120
21.687878208 2303817684 1973652 28358  9633
21.699879536 2305158200 1340516 28357  10211
21.711879641 2307091863 1933663 28356  6870
21.723867658 2308964871 1873008 28348  9735
21.735865731 2310333562 1368691 28366  9753
21.747867172 2312315787 1982225 28362  6504
21.759865540 2313986582 1670795 28370  10177
21.771867985 2315541058 1554476 28351  8283
21.783867416 2317516863 1975805 28353  7931
21.795880095 2319069607 1552744 28352  10590
21.807867433 2320769595 1699988 28370  7881
21.819885108 2322742386 1972791 28354  8366
21.831879630 2324141640 1399254 28363  10228
21.843867857 2326002475 1860835 28359  6866
21.855869409 2327939533 1937058 28351  9746
21.867868774 2329244449 1304916 28364  9730
21.879869095 2331238176 1993727 28367  6670
21.891878898 2332938256 1700080 28356  10697
21.903880302 2334461266 1523010 28361  8574
21.915878337 2336429268 1968002 28348  7552
21.927881552 2337976757 1547489 28368  10609
21.939880490 2339671505 1694748 28361  7220
21.951880995 2341637769 1966264 28359  8544
21.963868632 2343011634 1373865 28357  10292
21.975887855 2344899911 1888277 28356  6903
21.987870066 2346777279 1877368 28345  9845
21.999866487 2348146990 1369711 28366  9968
22.011879829 2350143510 1996520 28355  6012
22.023880838 2351819694 1676184 28355  10609
22.035881742 2353373173 1553479 28358  8854
22.047880870 2355348222 1975049 28361  7384
22.059869108 2356972341 1624119 28360  10768
22.071881344 2358598721 1626380 28361  7947
22.083866498 2360580320 1981599 28354  8390
22.095880783 2362046478 1466158 28357  10472
22.107868848 2363821216 1774738 28357  7021
22.119867733 2365744080 1922864 28363  9428
22.131887605 2367049341 1305261 28354  9475
22.143869035 2369046339 1996998 28369  6148
22.155881271 2370779882 1733543 28361  10615
22.167879879 2372269149 1489267 28356  8737
22.179867927 2374244118 1974969 28365  7711
22.191868568 2375883504 1639386 28360  10693
22.203868483 2377508607 1625103 28360  7908
22.215869345 2379477992 1969385 28358  7928
22.227881230 2380941530 1463538 28357  10511
22.239880571 2382731870 1790340 28373  7254
22.251878986 2384696304 1964434 28366  9350
22.263869255 2386015476 1319172 28365  10230
22.275880143 2387963040 1947564 28359  6371
22.287879748 2389696035 1732995 28357  10284
22.299875572 2391179838 1483803 28355  8813
22.311879754 2393140994 1961156 28353  7617
22.323869373 2394665344 1524350 28358  10175
22.335867674 2396378207 1712863 28361  7034
22.347865899 2398334884 1956677 28359  9174
22.359880763 2399618385 1283501 28355  10096
22.371880061 2401603369 1984984 28365  6208
22.383882027 2403399399 1796030 28356  10746
22.395867248 2404839053 1439654 28354  8716
22.407867596 2406811148 1972095 28357  7121
22.419879454 2408437775 1626627 28365  10569
22.431865829 2410067364 1629589 28358  8252
22.443868438 2412038802 1971438 28352  8311
22.455873039 2413579315 1540513 28350  10446
22.467880074 2415288234 1708919 28352  7413
22.479867279 2417247018 1958784 28356  8938
22.491881583 2418524400 1277382 28362  10146
22.503866728 2420509834 1985434 28359  6232
22.515868813 2422261202 1751368 28354  10152
22.527868318 2423733314 1472112 28358  8811
22.539868086 2425698068 1964754 28355  7414
22.551867214 2427331472 1633404 28373  10390
22.563879097 2428950943 1619471 28347  8288
22.575881321 2430932254 1981311 28370  8426
22.587866393 2432462260 1530006 28341  9976
22.599866827 2434181563 1719303 28357  7328
22.611887925 2436152310 1970747 28352  9073
22.623878490 2437531416 1379106 28360  10282
22.635867838 2439416073 1884657 28363  7040
22.647880274 2441327484 1911411 28358  9772
22.659879878 2442656163 1328679 28367  9666
22.671880423 2444649805 1993642 28360  6621
22.683880421 2446289624 1639819 28365  10674
22.695879613 2447863910 1574286 28355  8447
22.707879884 2449833257 1969347 28366  7518
22.719880143 2451375794 1542537 28353  10381
22.731867221 2453073719 1697925 28356  7445
22.743865672 2455042555 1968836 28354  8965
22.755878607 2456435670 1393115 28370  10572
22.767875518 2458310709 1875039 28356  6916
22.779867807 2460154523 1843814 28365  9012
22.791868201 2461547785 1393262 28362  9726
22.803879560 2463530397 1982612 28358  6610
22.815868544 2465212759 1682362 28361  10531
22.827871222 2466768461 1555702 28364  8926
22.839866804 2468729246 1960785 28360  7561
22.851869989 2470241368 1512122 28355  10504
22.863867937 2471973590 1732222 28350  7116
22.875868775 2473896308 1922718 28353  9184
22.887869287 2475192731 1296423 28357  9650
22.899879875 2477179734 1987003 28362  6235
22.911879907 2478852798 1673064 28355  10440
22.923866984 2480404245 1551447 28341  8702
22.935887986 2482375373 1971128 28369  7639
22.947881634 2484000640 1625267 28360  10829
22.959879752 2485634935 1634295 28357  7811
22.971868290 2487604822 1969887 28349  7809
22.983879436 2489052118 1447296 28358  10615
22.995882644 2490854085 1801967 28366  6814
23.007878212 2492790953 1936868 28352  9514
23.019879050 2494088979 1298026 28356  9921
23.031880295 2496074976 1985997 28349  6513
23.043880143 2497750696 1675720 28357  10644
23.055879458 2499305618 1554922 28359  8522
23.067868300 2501274950 1969332 28361  7641
23.079868878 2502849229 1574279 28354  10522
23.091887682 2504511330 1662101 28374  7100
23.103880270 2506468516 1957186 28356  8700
23.115867938 2507805269 1336753 28358  10301
23.127869626 2509727963 1922694 28359  6834
23.139881415 2511638507 1910544 28355  10068
23.151868367 2512968243 1329736 28357  9395
23.163862395 2514939975 1971732 28355  6136
23.175879976 2516582811 1642836 28352  10732
23.187982410 2518183872 1601061 28354  8295
23.199867745 2520155062 1971190 28355  7933
23.211868018 2521684505 1529443 28365  10756
23.223868262 2523390577 1706072 28350  7243
23.235879520 2525355843 1965266 28363  9216
23.247875149 2526646573 1290730 28356  10082
23.259867440 2528616774 1970201 28355  6329
23.271881065 2530346838 1730064 28354  10393
23.283879773 2531821855 1475017 28354  8032
23.295878598 2533794229 1972374 28365  7611
23.307868349 2535380713 1586484 28349  10488
23.319868687 2537035159 1654446 28367  8827
23.331862252 2539004675 1969516 28349  9282
23.343878608 2540373248 1368573 28357  10114
23.355866236 2542256295 1883047 28375  6261
23.367872097 2544111503 1855208 28362  10149
23.379882008 2545503224 1391721 28360  9654
23.391878886 2547480163 1976939 28348  6529
23.403887249 2549151940 1671777 28355  10857
23.415868277 2550712023 1560083 28359  8763
23.427879661 2552677774 1965751 28361  7711
23.439880539 2554210111 1532337 28356  10282
23.451879631 2555912826 1702715 28354  7296
23.463868339 2557842196 1929370 28348  9166
23.475878178 2559139579 1297383 28348  9389
23.487879776 2561128730 1989151 28349  6271
23.499880637 2562803905 1675175 28364  10606
23.511866312 2564349441 1545536 28357  8753
23.523881081 2566321984 1972543 28362  8089
23.535879845 2567846989 1525005 28350  10111
23.547866573 2569559056 1712067 28361  6964
23.559868785 2571528600 1969544 28347  9449
23.571873183 2572813163 1284563 28352  10004
23.583870061 2574801827 1988664 28358  6128
23.595866259 2576566384 1764557 28359  10660
23.607868830 2578037237 1470853 28359  9124
23.619880419 2580009673 1972436 28358  7279
23.631881440 2581636879 1627206 28354  10318
23.643880785 2583260518 1623639 28365  8175
23.655867843 2585231863 1971345 28357  8296
23.667879888 2586650222 1418359 28362  9969
23.679878819 2588484756 1834534 28352  6873
23.691867277 2590421359 1936603 28365  9329
23.703880459 2591716995 1295636 28359  9620
23.715879334 2593704575 1987580 28358  7175
23.727878839 2595405817 1701242 28362  10099
23.739880203 2596956728 1550911 28360  8324
23.751868928 2598938430 1981702 28352  8025
23.763879309 2600534589 1596159 28364  10269
23.775881305 2602200119 1665530 28362  7836
23.787869620 2604167672 1967553 28357  8687
23.799867174 2605571536 1403864 28367  10266
23.811868349 2607430111 1858575 28359  6876
23.823881537 2609307004 1876893 28365  9647
23.835867342 2610673892 1366888 28358  9611
23.847866716 2612658539 1984647 28350  6513
23.859881149 2614315552 1657013 28361  10094
23.871870627 2615892328 1576776 28353  8340
23.883877841 2617871191 1978863 28364  7855
23.895880743 2619407413 1536222 28359  10548
23.907868001 2621123956 1716543 28355  7768
23.919881763 2623098547 1974591 28354  8455
23.931866397 2624396602 1298055 28355  10020
23.943881219 2626364102 1967500 28353  6458
23.955880187 2628108697 1744595 28350  10245
23.967881602 2629589839 1481142 28356  8812
23.979879513 2631562113 1972274 28359  7577
23.991868648 2633198123 1636010 28360  10509
24.003879839 2634815842 1617719 28362  7706
24.015878861 2636783233 1967391 28355  8491
24.027881216 2638172908 1389675 28353  10414
24.039890507 2640043844 1870936 28359  6743
24.051881509 2641917946 1874102 28365  9175
24.063869213 2643281235 1363289 28354  9479
24.075880859 2645267115 1985880 28350  6719
24.087868233 2646940795 1673680 28345  10685
24.099879505 2648511174 1570379 28359  8738
24.111877436 2650485737 1974563 28346  7397
24.123869324 2651973590 1487853 28363  10362
24.135868402 2653732585 1758995 28353  7316
24.147880744 2655695672 1963087 28353  9187
24.159879562 2656981775 1286103 28365  10156
24.171868807 2658973043 1991268 28354  6460
24.183865854 2660783327 1810284 28361  10443
24.195879737 2662213898 1430571 28357  9248
24.207875321 2664183976 1970078 28355  6954
24.219869793 2665812144 1628168 28366  10735
24.231880824 2667431776 1619632 28359  7760
24.243868659 2669406154 1974378 28360  7777
24.255867007 2670878604 1472450 28354  10354
24.267879786 2672657770 1779166 28359  7201
24.279879350 2674579095 1921325 28353  9344
24.291878865 2675892858 1313763 28367  9771
24.303879950 2677870353 1977495 28353  6181
24.315880181 2679488829 1618476 28364  10494
24.327868662 2681110227 1621398 28349  8146
24.339868377 2683089473 1979246 28361  8085
24.351866588 2684579251 1489778 28360  10569
24.363877524 2686337756 1758505 28350  7219
24.375879955 2688305224 1967468 28350  9222
24.387879717 2689587479 1282255 28360  10164
24.399866578 2691575451 1987972 28352  5986
24.411881557 2693287545 1712094 28354  10747
24.423880745 2694792103 1504558 28345  8339
24.435866933 2696761774 1969671 28370  7290
24.447867011 2698329626 1567852 28357  10461
24.459866816 2700009278 1679652 28353  7354
24.471867527 2701975787 1966509 28359  9111
24.483876998 2703320680 1344893 28366  10462
24.495879587 2705243780 1923100 28363  5686
24.507881042 2706982502 1738722 28347  10370
24.519886947 2708472027 1489525 28348  8800
24.531867745 2710450918 1978891 28369  7339
24.543866483 2712085658 1634740 28361  10668
24.555869774 2713705705 1620047 28360  8043
24.567878693 2715683478 1977773 28355  8259
24.579868180 2717142293 1458815 28359  10440
24.591881576 2718923397 1781104 28362  6694
24.603879890 2720805922 1882525 28348  9734
24.615881178 2722164647 1358725 28358  9546
24.627879773 2724158157 1993510 28361  6130
24.639880701 2725820362 1662205 28367  10474
24.651880102 2727380356 1559994 28359  8607
24.663867634 2729353292 1972936 28349  7984
24.675888719 2730924481 1571189 28356  10625
24.687867396 2732601428 1676947 28351  6948
24.699880302 2734568017 1966589 28357  9039
24.711879963 2735865886 1297869 28355  10412
24.723879295 2737843646 1977760 28362  6293
24.735868856 2739696081 1852435 28346  10398
24.747879867 2741084007 1387926 28357  9437
24.759867545 2743055985 1971978 28350  6859
24.771865540 2744679413 1623428 28365  10509
24.783865748 2746299391 1619978 28366  8124
24.795867310 2748265573 1966182 28361  8246
24.807868922 2749683303 1417730 28361  10140
24.819868006 2751512979 1829676 28361  6777
24.831880231 2753475886 1962907 28356  9466
24.843875616 2754758584 1282698 28363  9901
24.855879661 2756750831 1992247 28356  6413
24.867869176 2758460774 1709943 28355  10724
24.879868547 2759968743 1507969 28354  7908
24.891868675 2761943928 1975185 28361  7833
24.903879260 2763432030 1488102 28356  10502
24.915880695 2765192157 1760127 28355  7144
24.927882326 2767120326 1928169 28362  9409
24.939878445 2768415827 1295501 28361  9419
24.951880849 2770410087 1994260 28355  6750
24.963880387 2772056901 1646814 28356  10529
24.975881039 2773633758 1576857 28355  8289
24.987880424 2775602344 1968586 28352  8089
24.999876718 2777071118 1468774 28358  10168
25.011880286 2778838715 1767597 28359  6620
25.023867184 2780772678 1933963 28353  9520
25.035880519 2782078284 1305606 28356  9695
25.047880941 2784063097 1984813 28365  6658
25.059881379 2785732868 1669771 28356  10649
25.071868244 2787300837 1567969 28366  8132
25.083879119 2789272273 1971436 28357  7734
25.095868397 2790774977 1502704 28347  10454
25.107867391 2792524740 1749763 28362  7372
25.119866436 2794488138 1963398 28367  9237
25.131867897 2795867386 1379248 28354  10212
25.143868966 2797759299 1891913 28364  6818
25.155874684 2799571966 1812667 28366  9827
25.167880639 2800992600 1420634 28365  9403
25.179880797 2802955128 1962528 28349  6893
25.191879395 2804601766 1646638 28362  10188
25.203875980 2806206260 1604494 28356  8068
25.215867881 2808175260 1969000 28353  8146
25.227868506 2809676867 1501607 28355  10323
25.239882161 2811424548 1747681 28356  7463
25.251867369 2813393096 1968548 28354  9303
25.263879294 2814673167 1280071 28366  9778
25.275879232 2816661923 1988756 28352  5986
25.287880870 2818381631 1719708 28354  10574
25.299880565 2819889983 1508352 28357  8712
25.311890420 2821856759 1966776 28360  7599
25.323881052 2823481933 1625174 28353  10455
25.335868082 2825108249 1626316 28368  7779
25.347866811 2827068683 1960434 28350  8545
25.359865986 2828404531 1335848 28346  10230
25.371881020 2830319328 1914797 28360  6082
25.383881128 2832038070 1718742 28347  10169
25.395878890 2833534491 1496421 28357  8352
25.407880561 2835496910 1962419 28356  7723
25.419867522 2837053634 1556724 28354  10427
25.431867520 2838742322 1688688 28359  7358
25.443866666 2840675868 1933546 28353  9257
25.455881344 2841973445 1297577 28356  9237
25.467867399 2843973904 2000459 28358  6494
25.479890587 2845649737 1675833 28364  10568
25.491878151 2847207053 1557316 28359  8821
25.503877883 2849173051 1965998 28357  7510
25.515878747 2850798105 1625054 28361  10434
25.527879523 2852433526 1635421 28382  8187
25.539867870 2854401628 1968102 28366  8165
25.551866929 2855881183 1479555 28359  10543
25.563879680 2857651865 1770682 28360  7136
25.575879942 2859584800 1932935 28346  8782
25.587880506 2860872472 1287672 28352  9225
25.599868528 2862841544 1969072 28346  6867
25.611879149 2864499131 1657587 28365  10426
25.623879517 2866085456 1586325 28357  8495
25.635886846 2868061892 1976436 28373  8083
25.647868080 2869608556 1546664 28350  9964
25.659878172 2871304048 1695492 28364  7127
25.671868610 2873240879 1936831 28351  9254
25.683880368 2874537768 1296889 28360  9556
25.695867083 2876527269 1989501 28354  6829
25.707880907 2878201903 1674634 28361  10479
25.719880989 2879754587 1552684 28361  8595
25.731867363 2881720663 1966076 28351  7636
25.743866355 2883251747 1531084 28360  10528
25.755867533 2884959726 1707979 28350  7208
25.767867938 2886880806 1921080 28353  8782
25.779866483 2888176095 1295289 28359  9196
25.791876154 2890151598 1975503 28350  6961
25.803866822 2891800753 1649155 28360  10412
25.815880074 2893387780 1587027 28356  8458
25.827870318 2895359109 1971329 28364  8079
25.839867803 2896834620 1475511 28354  9923
25.851868308 2898607461 1772841 28354  7128
25.863879190 2900544960 1937499 28344  9207
25.875865977 2901843210 1298250 28362  9687
25.887868339 2903825394 1982184 28358  6627
25.899879397 2905492987 1667593 28351  10486
25.911879049 2907055321 1562334 28358  8600
25.923867387 2909017349 1962028 28358  7648
25.935878781 2910509906 1492557 28361  10521
25.947879289 2912254308 1744402 28356  7129
25.959887765 2914178235 1923927 28355  8887
25.971881619 2915475676 1297441 28350  9284
25.983867973 2917455067 1979391 28358  6849
25.995878359 2919111295 1656228 28351  10422
26.007869060 2920689694 1578399 28360  8535
26.019880298 2922657059 1967365 28359  7976
26.031867710 2924156343 1499284 28348  9952
26.043880498 2925908499 1752156 28347  7254
26.055880329 2927839093 1930594 28346  9131
26.067868560 2929138752 1299659 28359  9553
26.079867575 2931120313 1981561 28355  6733
26.091868896 2932780772 1660459 28355  10472
26.103867241 2934349563 1568791 28356  8383
26.115874540 2936317245 1967682 28351  7851
26.127906792 2937819780 1502535 28343  10530
26.139867283 2939559055 1739275 28354  7238
26.151880751 2941486083 1927028 28362  8753
26.163867529 2942777501 1291418 28356  9270
26.175868530 2944758214 1980713 28367  6861
26.187878055 2946434027 1675813 28354  10441
26.199878166 2947993778 1559751 28361  8576
26.211881082 2949971605 1977827 28355  7859
26.223867709 2951513838 1542233 28345  9961
26.235880154 2953209704 1695866 28355  7159
26.247880916 2955143783 1934079 28366  9179
26.259878700 2956444732 1300949 28353  9653
26.271876372 2958425170 1980438 28362  6797
26.283880903 2960093968 1668798 28348  10495
26.295877278 2961660428 1566460 28352  8686
26.307881823 2963620752 1960324 28352  7571
26.319867494 2965110345 1489593 28356  10603
26.331880826 2966861742 1751397 28352  7239
26.343880701 2968781596 1919854 28353  8747
26.355868112 2970081267 1299671 28360  9314
26.367867627 2972057374 1976107 28344  6766
26.379881401 2973703197 1645823 28365  10492
26.391879589 2975289411 1586214 28357  8454
26.403868867 2977258872 1969461 28362  8085
26.415878179 2978763999 1505127 28355  9967
26.427875777 2980503810 1739811 28348  6976
26.439879805 2982437084 1933274 28355  9387
26.451865733 2983735589 1298505 28358  9417
26.463866642 2985707993 1972404 28352  6890
26.475866246 2987366340 1658347 28352  10446
26.487878264 2988950631 1584291 28369  8485
26.499867856 2990913792 1963161 28357  7774
26.511866490 2992381979 1468187 28355  10480
26.523884475 2994145179 1763200 28379  6836
26.535867013 2996055801 1910622 28356  9146
26.547867331 2997373933 1318132 28361  9250
26.559869319 2999347668 1973735 28356  6843
26.571880141 3001006719 1659051 28350  10410
26.583878943 3002583640 1576921 28353  8501
26.595876431 3004552190 1968550 28365  8018
26.607869342 3006015515 1463325 28360  9947
26.619878387 3007795113 1779598 28359  6934
26.631881035 3009718787 1923674 28354  9346
26.643880333 3011032100 1313313 28367  9591
26.655866747 3013013779 1981679 28350  6701
26.667880065 3014679348 1665569 28362  10470
26.679879897 3016246375 1567027 28351  8597
26.691866305 3018207635 1961260 28362  7580
26.703866496 3019692909 1485274 28357  10545
26.715868877 3021443352 1750443 28370  7117
26.727870116 3023371104 1927752 28369  8893
26.739882068 3024664989 1293885 28359  9304
26.751888422 3026648877 1983888 28354  6833
26.763869534 3028311613 1662736 28356  10487
26.775880365 3029874597 1562984 28358  8494
26.787867376 3031853458 1978861 28365  7961
26.799868244 3033424835 1571377 28356  10002
26.811881586 3035090821 1665986 28350  7157
26.823880690 3037016895 1926074 28353  9196
26.835880452 3038316092 1299197 28362  9461
26.847867013 3040293029 1976937 28351  6863
26.859880635 3041939191 1646162 28356  10428
26.871878706 3043525375 1586184 28372  8405
26.883865324 3045485555 1960180 28357  7886
26.895880909 3046959189 1473634 28363  10482
26.907889091 3048718450 1759261 28364  6619
26.919866642 3050563501 1845051 28345  9268
26.931880187 3051943189 1379688 28354  9109
26.943865978 3053905686 1962497 28358  7007
26.955878739 3055561532 1655846 28364  10394
26.967881537 3057150048 1588516 28357  8375
26.979865285 3059122071 1972023 28369  8243
26.991869003 3060593443 1471372 28351  9976
27.003879619 3062365650 1772207 28361  7013
27.015880450 3064339301 1973651 28348  9323
27.027867271 3065621776 1282475 28367  10169
27.039867543 3067597258 1975482 28353  6378
27.051880738 3069375199 1777941 28356  10444
27.063875586 3070829976 1454777 28362  9236
27.075867937 3072789325 1959349 28347  6900
27.087880825 3074414012 1624687 28361  10612
27.099869150 3076032306 1618294 28352  7938
27.111879958 3077998923 1966617 28355  7933
27.123867412 3079456290 1457367 28369  10309
27.135868077 3081239295 1783005 28362  6907
27.147882308 3083165655 1926360 28357  9478
27.159881247 3084470525 1304870 28347  9731
27.171867104 3086454537 1984012 28361  6716
27.183867633 3088105942 1651405 28358  10037
27.195880721 3089683021 1577079 28357  8415
27.207879229 3091653268 1970247 28354  7825
27.219868257 3093138093 1484825 28361  10471
27.231887769 3094881535 1743442 28354  7097
27.243881617 3096818241 1936706 28345  9399
27.255868518 3098115632 1297391 28362  9584
27.267881343 3100082126 1966494 28359  6556
27.279868767 3101730793 1648667 28359  10568
27.291879292 3103309937 1579144 28363  8168
27.303879413 3105278255 1968318 28357  7744
27.315868458 3106723873 1445618 28355  10323
27.327868996 3108506449 1782576 28359  6852
27.339879782 3110391510 1885061 28357  9474
27.351881460 3111737676 1346166 28358  9703
27.363881241 3113714394 1976718 28356  6912
27.375877412 3115373385 1658991 28358  10010
27.387888180 3116946509 1573124 28360  8289
27.399869748 3118919078 1972569 28356  8017
27.411866976 3120387217 1468139 28355  10394
27.423880381 3122156415 1769198 28345  7247
27.435867412 3124075187 1918772 28350  9261
27.447868514 3125380572 1305385 28354  9436
27.459866085 3127336372 1955800 28358  6697
27.471868210 3128958555 1622183 28349  10586
27.483879542 3130573064 1614509 28354  7953
27.495880773 3132531589 1958525 28348  7969
27.507868228 3133922373 1390784 28358  10190
27.519872276 3135770260 1847887 28364  6523
27.531879887 3137602949 1832689 28352  9997
27.543886622 3139007211 1404262 28367  9650
27.555869250 3140977907 1970696 28354  6785
27.567879845 3142595673 1617766 28370  9958
27.579882139 3144212553 1616880 28352  8138
27.591868024 3146187770 1975217 28365  8093
27.603879799 3147627614 1439844 28360  10379
27.615868950 3149412728 1785114 28365  6574
27.627881249 3151240906 1828178 28353  9896
27.639879307 3152645506 1404600 28365  9425
27.651880144 3154604250 1958744 28357  6772
27.663867846 3156224680 1620430 28365  10588
27.675880234 3157835708 1611028 28348  7851
27.687880699 3159798154 1962446 28362  8026
27.699876997 3161171892 1373738 28359  10203
27.711868078 3163034867 1862975 28354  6472
27.723880266 3164877443 1842576 28357  9989
27.735866868 3166271152 1393709 28362  9676
27.747865792 3168235646 1964494 28358  6746
27.759881137 3169866617 1630971 28366  9929
27.771866235 3171475938 1609321 28361  8218
27.783880490 3173449695 1973757 28359  8141
27.795865908 3174909034 1459339 28353  10356
27.807879486 3176678227 1769193 28368  6972
27.819880534 3178572265 1894038 28351  9444
27.831881303 3179907471 1335206 28349  9492
27.843865943 3181867226 1959755 28363  6670
27.855868268 3183506071 1638845 28362  10548
27.867888477 3185107420 1601349 28365  8295
27.879878925 3187074181 1966761 28364  7600
27.891867428 3188517934 1443753 28358  10283
27.903881461 3190299757 1781823 28363  6929
27.915879349 3192212022 1912265 28356  9372
27.927868727 3193530872 1318850 28366  9791
27.939879251 3195511008 1980136 28350  6608
27.951868116 3197159954 1648946 28354  10027
27.963877994 3198731128 1571174 28356  8144
27.975879952 3200706081 1974953 28370  8143
27.987867247 3202187390 1481309 28355  10401
27.999867731 3203932264 1744874 28356  6977
28.011879869 3205830834 1898570 28351  9565
28.023889661 3207160476 1329642 28355  9466
28.035867849 3209112927 1952451 28364  6731
28.047865977 3210732913 1619986 28355  10588
28.059880442 3212350629 1617716 28363  7957
28.071867393 3214308455 1957826 28349  7909
28.083870038 3215708770 1400315 28365  10198
28.095880036 3217548501 1839731 28350  6836
28.107869964 3219389857 1841356 28365  9577
28.119880442 3220780455 1390598 28365  9711
28.131866657 3222758966 1978511 28349  6685
28.143867412 3224389093 1630127 28350  9950
28.155879690 3225982631 1593538 28359  8202
28.167881478 3227949859 1967228 28356  8120
28.179874022 3229407929 1458070 28365  10435
28.191867150 3231181690 1773761 28355  6965
28.203879115 3233100465 1918775 28358  9459
28.215879113 3234409377 1308912 28360  9436
28.227861338 3236367442 1958065 28360  6687
28.239881240 3237982822 1615380 28351  10500
28.251881464 3239596801 1613979 28351  7928
28.263869018 3241554547 1957746 28347  8004
28.275879454 3242922765 1368218 28357  10077
28.287868941 3244788813 1866048 28360  6375
28.299878263 3246619822 1831009 28355  10070
28.311879925 3248014400 1394578 28365  9319
28.323868006 3249974977 1960577 28361  7090
28.335888951 3251552482 1577505 28362  9984
28.347880879 3253200538 1648056 28350  7312
28.359879887 3255118851 1918313 28354  8973
28.371880358 3256419880 1301029 28355  9564
28.383866403 3258399473 1979593 28359  6765
28.395878504 3260033562 1634089 28363  10436
28.407865505 3261614488 1580926 28369  8302
28.419879740 3263572020 1957532 28366  7956
28.431879931 3265022257 1450237 28358  10486
28.443867509 3266800658 1778401 28367  6553
28.455880221 3268648333 1847675 28359  9400
28.467866309 3270019554 1371221 28360  9002
28.479868151 3271970810 1951256 28361  6989
28.491880282 3273592428 1621618 28363  10413
28.503886010 3275215252 1622824 28363  8189
28.515869788 3277187116 1971864 28347  8398
28.527867796 3278656957 1469841 28357  9903
28.539879938 3280422337 1765380 28363  6803
28.551879322 3282310753 1888416 28354  9488
28.563869230 3283649087 1338334 28373  9289
28.575879962 3285605137 1956050 28363  6969
28.587869890 3287222887 1617750 28362  10334
28.599866794 3288839500 1616613 28369  7968
28.611868182 3290793594 1954094 28362  8327
28.623867230 3292154818 1361224 28361  10216
28.635878565 3294026403 1871585 28353  6059
28.647879776 3295724274 1697871 28367  10131
28.659875674 3297224862 1500588 28360  8066
28.671868899 3299185620 1960758 28361  7990
28.683880820 3300642335 1456715 28360  10272
28.695879292 3302413387 1771052 28357  6824
28.707865353 3304266425 1853038 28354  9822
28.719867544 3305645890 1379465 28364  9079
28.731879376 3307617491 1971601 28343  6583
28.743869300 3309278202 1660711 28364  10463
28.755878165 3310856206 1578004 28351  8168
28.767880517 3312813444 1957238 28363  8281
28.779868948 3314265076 1451632 28356  10294
28.791878063 3316052326 1787250 28363  6813
28.803866140 3317882414 1830088 28362  9552
28.815877425 3319275520 1393106 28359  9345
28.827881351 3321227700 1952180 28355  6904
28.839881469 3322850437 1622737 28364  10134
28.851867559 3324463178 1612741 28371  7567
28.863868351 3326428282 1965104 28355  8550
28.875879916 3327899105 1470823 28353  10264
28.887878594 3329671046 1771941 28349  7027
28.899866511 3331538809 1867763 28357  9648
28.911880463 3332889480 1350671 28368  8643
28.923867415 3334854744 1965264 28356  7031
28.935865463 3336430161 1575417 28360  10389
28.947878181 3338084074 1653913 28358  7283
28.959867612 3340002309 1918235 28358  9136
28.971887340 3341288046 1285737 28367  9292
28.983881895 3343250153 1962107 28353  6798
28.995879586 3344864220 1614067 28364  10466
29.007868054 3346475134 1610914 28354  7583
29.019880115 3348430695 1955561 28353  8666
29.031881323 3349769576 1338881 28359  10052
29.043867698 3351673498 1903922 28359  5606
29.055868336 3353409726 1736228 28350  10376
29.067880414 3354878644 1468918 28358  8466
29.079880885 3356840396 1961752 28359  7915
29.091879447 3358324851 1484455 28370  10508
29.103880076 3360074904 1750053 28367  6524
29.115868356 3361917258 1842354 28363  9395
29.127870344 3363304080 1386822 28364  9532
29.139879276 3365280169 1976089 28361  6488
29.151868810 3366932095 1651926 28361  10614
29.163868021 3368504547 1572452 28352  8257
29.175881966 3370468986 1964439 28356  7956
29.187878475 3371919035 1450049 28361  10380
29.199869529 3373697098 1778063 28369  6711
29.211868363 3375589670 1892572 28361  9662
29.223878409 3376925938 1336268 28361  9434
29.235867390 3378900784 1974846 28361  6066
29.247869641 3380539203 1638419 28362  10400
29.259866483 3382107377 1568174 28358  7939
29.271869208 3384075769 1968392 28353  8537
29.283879226 3385532812 1457043 28367  10526
29.295876117 3387315374 1782562 28370  6328
29.307879918 3389162522 1847148 28354  9580
29.319869540 3390547463 1384941 28360  9493
29.331878448 3392505606 1958143 28363  6539
29.343867812 3394123961 1618355 28363  10628
29.355880074 3395738984 1615023 28368  7907
29.367879025 3397709275 1970291 28359  8330
29.379882470 3399187214 1477939 28363  10393
29.391877758 3400942001 1754787 28374  6797
29.403879989 3402779625 1837624 28360  9626
29.415867950 3404165336 1385711 28359  9276
29.427879362 3406120792 1955456 28356  6202
29.439869436 3407737699 1616907 28368  10406
29.451872954 3409347911 1610212 28352  7845
29.463878616 3411303986 1956075 28350  8576
29.475865837 3412682836 1378850 28368  10466
29.487879625 3414552098 1869262 28361  5973
29.499869140 3416297505 1745407 28347  9987
29.511869104 3417766842 1469337 28366  8774
29.523880533 3419733010 1966168 28357  7333
29.535869311 3421337758 1604748 28349  10622
29.547867309 3422954697 1616939 28353  7141
29.559866343 3424865331 1910634 28357  9118
29.571879115 3426172901 1307570 28365  9612
29.583866973 3428128522 1955621 28356  6409
29.595868791 3429744286 1615764 28354  10636
29.607865495 3431357032 1612746 28353  7731
29.619887961 3433305558 1948526 28358  7716
29.631867498 3434664545 1358987 28353  10173
29.643879073 3436544531 1879986 28357  6380
29.655881888 3438361716 1817185 28360  10195
29.667880436 3439782154 1420438 28370  9726
29.679882177 3441754991 1972837 28347  6219
29.691866725 3443387006 1632015 28362  10483
29.703879750 3444988517 1601511 28367  8430
29.715881775 3446951201 1962684 28356  7702
29.727879443 3448397730 1446529 28357  10471
29.739867911 3450174051 1776321 28357  6853
29.751880009 3452023850 1849799 28365  9545
29.763880620 3453393035 1369185 28362  9158
29.775892401 3455346048 1953013 28358  6932
29.787867013 3456952775 1606727 28368  10649
29.799879401 3458573372 1620597 28352  7226
29.811868379 3460518792 1945420 28373  8262
29.823868117 3461797464 1278672 28363  10124
29.835868538 3463760130 1962666 28347  5963
29.847867769 3465400871 1640741 28361  10583
29.859881154 3466972923 1572052 28364  8527
29.871879242 3468931493 1958570 28365  7517
29.883868367 3470330957 1399464 28364  10250
29.895867151 3472168411 1837454 28369  6803
29.907879616 3474035839 1867428 28357  9552
29.919867321 3475381918 1346079 28356  9061
29.931876549 3477333362 1951444 28359  7309
29.943868893 3478955213 1621851 28355  10517
29.955877355 3480568764 1613551 28356  7534
29.967870136 3482521769 1953005 28350  8570
29.979878767 3483844643 1322874 28363  10176
29.991880989 3485765812 1921169 28361  5882
30.003879437 3487456566 1690754 28361  10015
30.015882181 3488960624 1504058 28362  8143
30.027867879 3490914963 1954339 28358  7959
30.039880521 3492363825 1448862 28361  10596
30.051881252 3494149990 1786165 28370  6792
30.063879613 3495999672 1849682 28348  9389
30.075879928 3497370492 1370820 28353  9079
30.087888506 3499333358 1962866 28349  7106
30.099870077 3500962397 1629039 28354  10186
30.111878219 3502566142 1603745 28368  7920
30.123869387 3504514161 1948019 28348  8627
30.135878648 3505886154 1371993 28357  10156
30.147867129 3507760992 1874838 28365  6235
30.159877964 3509474342 1713350 28362  10116
30.171867659 3510964325 1489983 28359  8624
30.183880187 3512915071 1950746 28354  7609
30.195879915 3514383082 1468011 28360  9899
30.207867316 3516136333 1753251 28352  6599
30.219867861 3518011992 1875659 28350  9462
30.231878565 3519345918 1333926 28370  9215
30.243877617 3521310427 1964509 28362  7405
30.255874211 3522874691 1564264 28364  10031
30.267880923 3524524727 1650036 28360  6810
30.279868987 3526441315 1916588 28349  9392
30.291880922 3527749542 1308227 28366  9451
30.303867617 3529717876 1968334 28362  6487
30.315879415 3531370358 1652482 28355  10661
30.327880796 3532931899 1561541 28363  8046
30.339879874 3534887861 1955962 28363  8267
30.351880636 3536265998 1378137 28353  10041
30.363866163 3538124148 1858150 28355  6683
30.375868741 3539923297 1799149 28347  9842
30.387881053 3541332713 1409416 28372  8491
30.399878344 3543289206 1956493 28354  6978
30.411876059 3544857462 1568256 28356  10484
30.423880270 3546507058 1649596 28361  7369
30.435869518 3548439214 1932156 28350  9361
30.447881653 3549720360 1281146 28357  9202
30.459866717 3551676365 1956005 28357  6225
30.471880935 3553300810 1624445 28366  10683
30.483866853 3554913580 1612770 28372  7767
30.495866515 3556870509 1956929 28355  8262
30.507866453 3558263086 1392577 28365  10937
30.519879737 3560100130 1837044 28355  6696
30.531867002 3561908054 1807924 28363  10281
30.543854107 3563322861 1414807 28355  8999
30.555867138 3565276919 1954058 28360  7122
30.567877666 3566888364 1611445 28354  10576
30.579869871 3568499457 1611093 28352  7116
30.591866535 3570447448 1947991 28363  8697
30.603869323 3571731911 1284463 28363  10202
30.615880918 3573689988 1958077 28356  5997
30.627881303 3575358450 1668462 28363  10878
30.639868274 3576894753 1536303 28351  8089
30.651866389 3578847437 1952684 28367  7408
30.663874803 3580304610 1457173 28363  10502
30.675880928 3582087415 1782805 28368  6705
30.687880994 3583922171 1834756 28356  9474
30.699880121 3585295369 1373198 28360  9237
30.711880769 3587245227 1949858 28357  7098
30.723885213 3588825957 1580730 28351  10668
30.735867861 3590472421 1646464 28363  7046
30.747867499 3592380404 1907983 28364  9024
30.759882417 3593681953 1301549 28355  9681
30.771868629 3595638184 1956231 28358  6162
30.783868040 3597267846 1629662 28362  10321
30.795865618 3598860867 1593021 28366  8148
30.807880109 3600815802 1954935 28358  8067
30.819878911 3602232106 1416304 28357  10665
30.831867479 3604054091 1821985 28367  6464
30.843868697 3605876215 1822124 28350  9525
30.855868761 3607271949 1395734 28354  9266
30.867868533 3609238763 1966814 28362  6971
30.879867647 3610855399 1616636 28360  10349
30.891876469 3612460046 1604647 28362  7977
30.903879953 3614409803 1949757 28353  8421
30.915879358 3615750699 1340896 28349  10223
30.927870783 3617651415 1900716 28357  5842
30.939869371 3619345423 1694008 28360  10577
30.951868685 3620841434 1496011 28370  8143
30.963880943 3622799350 1957916 28363  7566
30.975870175 3624246453 1447103 28355  10257
30.987867316 3626014762 1768309 28366  6231
30.999881657 3627821836 1807074 28351  9978
31.011881699 3629234538 1412702 28362  9361
31.023878853 3631187514 1952976 28359  7021
31.035878428 3632767825 1580311 28351  9967
31.047888199 3634408767 1640942 28354  7222
31.059868464 3636323138 1914371 28355  9028
31.071866262 3637620641 1297503 28359  9364
31.083870443 3639569894 1949253 28348  6906
31.095879508 3641182333 1612439 28354  10432
31.107882669 3642803597 1621264 28359  8024
31.119869064 3644747946 1944349 28353  8294
31.131868052 3646060097 1312151 28339  10179
31.143880873 3647979609 1919512 28357  5987
31.155878731 3649634502 1654893 28355  10132
31.167867788 3651170978 1536476 28360  7917
31.179867907 3653119533 1948555 28357  8124
31.191865035 3654575532 1455999 28372  10216
31.203876200 3656348920 1773388 28351  6612
31.215868127 3658161765 1812845 28364  10125
31.227869196 3659566117 1404352 28365  8616
31.239879941 3661517760 1951643 28355  7071
31.251880582 3663062572 1544812 28356  10386
31.263868793 3664744928 1682356 28352  7129
31.275868254 3666642710 1897782 28362  9203
31.287879583 3667945453 1302743 28355  9379
31.299878864 3669899572 1954119 28350  6746
31.311869302 3671509588 1610016 28370  10405
31.323866579 3673119295 1609707 28369  7542
31.335879981 3675065757 1946462 28361  8706
31.347880339 3676340745 1274988 28361  9991
31.359889691 3678304370 1963625 28375  5672
31.371869104 3680008473 1704103 28364  10466
31.383879836 3681496810 1488337 28356  8258
31.395881391 3683453248 1956438 28358  8130
31.407865732 3684900904 1447656 28352  10557
31.419881757 3686679505 1778601 28362  6021
31.431880508 3688482868 1803363 28354  9908
31.443878997 3689901052 1418184 28359  9190
31.455868527 3691851025 1949973 28346  6811
31.467865182 3693426766 1575741 28362  10552
31.479878933 3695065747 1638981 28367  7022
31.491878588 3696903152 1837405 28358  9121
31.503867186 3698273656 1370504 28364  9325
31.515862580 3700221435 1947779 28360  6736
31.527877588 3701822122 1600687 28361  10657
31.539880543 3703438230 1616108 28349  7106
31.551869388 3705382597 1944367 28359  8365
31.563868062 3706651098 1268501 28360  9912
31.575879647 3708614978 1963880 28363  6160
31.587869675 3710234737 1619759 28352  10500
31.599866760 3711828006 1593269 28352  8409
31.611870511 3713786234 1958228 28364  7763
31.623878999 3715190749 1404515 28348  10363
31.635879984 3717018452 1827703 28361  6519
31.647866655 3718865226 1846774 28357  9766
31.659878176 3720238834 1373608 28359  9357
31.671879878 3722190265 1951431 28362  6964
31.683887592 3723810766 1620501 28357  10454
31.695881844 3725415273 1604507 28347  7654
31.707880632 3727355757 1940484 28362  8480
31.719880300 3728650887 1295130 28357  10229
31.731880554 3730587706 1936819 28356  5937
31.743879722 3732225048 1637342 28348  10089
31.755879750 3733786939 1561891 28360  7975
31.767868758 3735732240 1945301 28360  8069
31.779881860 3737089701 1357461 28354  10263
31.791867930 3738969038 1879337 28354  6381
31.803879569 3740689496 1720458 28359  9973
31.815878649 3742166298 1476802 28356  8217
31.827868504 3744132447 1966149 28364  8031
31.839876809 3745669351 1536904 28353  10094
31.851870247 3747344965 1675614 28353  6498
31.863867618 3749181396 1836431 28354  9831
31.875866116 3750558016 1376620 28371  9197
31.887879661 3752511961 1953945 28357  6973
31.899868145 3754121153 1609192 28362  10250
31.911865340 3755732214 1611061 28362  7577
31.923870075 3757639851 1907637 28352  8735
31.935880379 3758925881 1286030 28358  8986
31.947868851 3760873360 1947479 28363  6449
31.959879095 3762486358 1612998 28350  10385
31.971880553 3764095975 1609617 28366  7920
31.983869595 3766054424 1958449 28351  8767
31.995887173 3767378715 1324291 28362  10001
32.007881147 3769286833 1908118 28353  5593
32.019879899 3771004859 1718026 28366  10558
32.031878973 3772496523 1491664 28365  8317
32.043880278 3774445299 1948776 28363  7515
32.055866856 3775907008 1461709 28357  10525
32.067878714 3777661517 1754509 28363  6637
32.079879995 3779485333 1823816 28353  9745
32.091879733 3780875358 1390025 28360  8895
32.103867195 3782825206 1949848 28359  7079
32.115878069 3784399845 1574639 28347  10461
32.127866933 3786035215 1635370 28355  6582
32.139879169 3787927024 1891809 28363  8900
32.151880002 3789237104 1310080 28368  9501
32.163873985 3791183474 1946370 28355  6721
32.175866452 3792812848 1629374 28350  10733
32.187865910 3794421298 1608450 28360  7801
32.199868534 3796367652 1946354 28365  7751
32.211867669 3797703050 1335398 28363  10324
32.223880395 3799610923 1907873 28362  6068
32.235869118 3801386336 1775413 28352  10165
32.247866940 3802823332 1436996 28364  9277
32.259865701 3804770404 1947072 28368  7005
32.271879749 3806355450 1585046 28359  10537
32.283870404 3807986796 1631346 28358  6812
32.295880685 3809838451 1851655 28353  9219
32.307867630 3811181590 1343139 28376  9097
32.319876731 3813134131 1952541 28365  6722
32.331880059 3814731247 1597116 28358  10313
32.343878980 3816350656 1619409 28368  7420
32.355880618 3818294201 1943545 28360  8743
32.367881500 3819591051 1296850 28353  10253
32.379882418 3821547805 1956754 28365  5951
32.391867406 3823236570 1688765 28352  10267
32.403869970 3824740141 1503571 28360  8153
32.415879095 3826696041 1955900 28367  8024
32.427865883 3828055613 1359572 28374  10204
32.439880198 3829912962 1857349 28371  6230
32.451868196 3831640611 1727649 28363  10310
32.463868769 3833113739 1473128 28354  8504
32.475890592 3835064513 1950774 28352  7701
32.487888273 3836510707 1446194 28368  10416
32.499867053 3838275526 1764819 28354  6311
32.511882362 3840016315 1740789 28358  9502
32.523881794 3841468068 1451753 28365  8319
32.535882728 3843416838 1948770 28358  7657
32.547881422 3844952100 1535262 28347  10286
32.559880237 3846639374 1687274 28368  7141
32.571880535 3848525560 1886186 28361  9396
32.583879566 3849850576 1325016 28355  8881
32.595869567 3851799354 1948778 28360  6730
32.607868955 3853373724 1574370 28357  10382
32.619880027 3855020212 1646488 28366  7256
32.631888595 3856931962 1911750 28361  9094
32.643870789 3858213140 1281178 28363  9265
32.655878511 3860165275 1952135 28355  6797
32.667879719 3861774504 1609229 28363  10432
32.679880060 3863383602 1609098 28360  7558
32.691868461 3865323158 1939556 28348  8725
32.703867622 3866594469 1271311 28358  9933
32.715881187 3868560969 1966500 28359  5477
32.727869728 3870254530 1693561 28354  10446
32.739868662 3871753313 1498783 28351  8272
32.751879177 3873706826 1953513 28351  8033
32.763880832 3875131098 1424272 28356  10503
32.775880100 3876927808 1796710 28349  5907
32.787868621 3878660621 1732813 28345  9860
32.799876399 3880127281 1466660 28366  8611
32.811881517 3882079637 1952356 28366  7481
32.823867645 3883528333 1448696 28355  10441
32.835867446 3885294714 1766381 28354  6929
32.847867024 3887176785 1882071 28355  9380
32.859879239 3888501194 1324409 28362  9075
32.871867784 3890446355 1945161 28361  6986
32.883868488 3892015477 1569122 28365  10607
32.895880170 3893658709 1643232 28360  6827
32.907880417 3895556336 1897627 28357  8639
32.919866545 3896856809 1300473 28360  9224
32.931868503 3898798987 1942178 28358  6856
32.943867954 3900370645 1571658 28357  10534
32.955877499 3902020998 1650353 28348  7508
32.967880043 3903918697 1897699 28368  8487
32.979869268 3905217933 1299236 28359  9126
32.991880596 3907177791 1959858 28358  7109
33.003879214 3908795222 1617431 28362  10108
33.015878625 3910400224 1605002 28368  7840
33.027880607 3912346463 1946239 28353  8536
33.039881645 3913708315 1361852 28362  10101
33.051879156 3915580590 1872275 28366  6149
33.063867684 3917285787 1705197 28355  10192
33.075879315 3918764634 1478847 28364  8204
33.087879877 3920711414 1946780 28363  7944
33.099866914 3922165043 1453629 28365  9896
33.111876119 3923935316 1770273 28358  6588
33.123881851 3925801403 1866087 28355  9468
33.135869078 3927135834 1334431 28364  9081
33.147880676 3929088922 1953088 28359  7453
33.159868310 3930603705 1514783 28348  10012
33.171867222 3932290953 1687248 28354  6279
33.183866283 3934115704 1824751 28354  9771
33.195865738 3935513997 1398293 28366  9166
33.207869122 3937462174 1948177 28360  6674
33.219879597 3939075253 1613079 28360  10600
33.231880442 3940679993 1604740 28367  7692
33.243879113 3942635269 1955276 28361  8597
33.255866424 3943963583 1328314 28358  9987
33.267868072 3945861862 1898279 28361  6156
33.279888684 3947559973 1698111 28356  10389
33.291869212 3949043126 1483153 28354  7567
33.303867109 3950990196 1947070 28366  7823
33.315868240 3952353347 1363151 28366  10249
33.327879558 3954208439 1855092 28365  6498
33.339880139 3956018433 1809994 28356  10242
33.351867551 3957426341 1407908 28358  8898
33.363880862 3959369807 1943466 28363  6506
33.375879987 3960936966 1567159 28354  10592
33.387880018 3962592149 1655183 28349  7161
33.399866206 3964500227 1908078 28349  9159
33.411871637 3965794170 1293943 28353  9630
33.423869262 3967736933 1942763 28364  6652
33.435887030 3969350402 1613469 28367  10558
33.447885331 3970960476 1610074 28360  7421
33.459880183 3972904313 1943837 28357  8593
33.471868921 3974196967 1292654 28358  10188
33.483880229 3976135244 1938277 28366  5531
33.495869359 3977834729 1699485 28352  10285
33.507866957 3979317148 1482419 28358  8114
33.519867616 3981265784 1948636 28358  7935
33.531879297 3982729334 1463550 28357  10588
33.543880125 3984497504 1768170 28365  6531
33.555866639 3986296547 1799043 28354  9056
33.567880024 3987704965 1408418 28356  9206
33.579880425 3989655318 1950353 28357  7043
33.591874366 3991226704 1571386 28359  10309
33.603876848 3992865321 1638617 28348  7323
33.615879549 3994761288 1895967 28354  9021
33.627868980 3996066090 1304802 28363  9299
33.639878135 3998007715 1941625 28355  6689
33.651866040 3999576878 1569163 28365  10544
33.663880118 4001210548 1633670 28351  7013
33.675879382 4003119129 1908581 28354  8774
33.687879840 4004408206 1289077 28352  9015
33.699868301 4006351316 1943110 28354  6862
33.711866502 4007962577 1611261 28358  10285
33.723883097 4009570913 1608336 28356  7740
33.735869131 4011518184 1947271 28359  8749
33.747878073 4012803424 1285240 28346  9716
33.759880444 4014757008 1953584 28355  5995
33.771879799 4016398566 1641558 28355  10419
33.783879600 4017955752 1557186 28359  8255
33.795867958 4019897335 1941583 28360  7951
33.807868719 4021297176 1399841 28356  10123
33.819879487 4023116716 1819540 28360  6258
33.831869674 4024844043 1727327 28359  10084
33.843866376 4026307983 1463940 28361  8534
33.855867747 4028250176 1942193 28359  7689
33.867867535 4029680690 1430514 28353  10007
33.879868486 4031453631 1772941 28360  5706
33.891878904 4033173341 1719710 28353  10134
33.903878596 4034636622 1463281 28371  8168
33.915891380 4036587669 1951047 28368  8043
33.927868088 4038031192 1443523 28362  10491
33.939868556 4039807670 1776478 28354  6022
33.951880991 4041611649 1803979 28350  9769
33.963879546 4043021567 1409918 28375  9145
33.975880283 4044966451 1944884 28355  6804
33.987865561 4046533035 1566584 28363  10597
33.999878832 4048173044 1640009 28358  7043
34.011878833 4050032370 1859326 28358  9048
34.023882655 4051367286 1334916 28369  9066
34.035877689 4053307728 1940442 28366  6913
34.047869194 4054857325 1549597 28364  10546
34.059881042 4056510958 1653633 28353  6551
34.071877670 4058348508 1837550 28372  8805
34.083867988 4059712510 1364002 28364  9148
34.095879406 4061658156 1945646 28365  6913
34.107879277 4063263837 1605681 28375  10539
34.119868184 4064875331 1611494 28357  7530
34.131866356 4066770198 1894867 28360  8516
34.143868187 4068073881 1303683 28359  9186
34.155881285 4070025847 1951966 28360  7055
34.167867133 4071629755 1603908 28356  10090
34.179866448 4073249201 1619446 28380  7404
34.191867906 4075195444 1946243 28361  9010
34.203868347 4076467121 1271677 28355  9984
34.215866875 4078447069 1979948 28354  6016
34.227878166 4080090591 1643522 28361  10258
34.239881894 4081637931 1547340 28363  8181
34.251879582 4083582904 1944973 28353  7926
34.263867110 4084950794 1367890 28365  9685
34.275866037 4086805636 1854842 28352  6140
34.287881219 4088551631 1745995 28354  10148
34.299880077 4090001151 1449520 28364  8573
34.311881415 4091957995 1956844 28361  8007
34.323879823 4093338170 1380175 28356  9972
34.335878491 4095173017 1834847 28373  5957
34.347879172 4096911850 1738833 28349  10126
34.359880690 4098376038 1464188 28349  8153
34.371879445 4100324874 1948836 28352  7582
34.383881926 4101767298 1442424 28360  10486
34.395880404 4103539516 1772218 28355  6124
34.407868891 4105337397 1797881 28358  10174
34.419870496 4106758410 1421013 28364  8807
34.431879097 4108705766 1947356 28363  7065
34.443882055 4110257535 1551769 28351  10413
34.455868520 4111911673 1654138 28362  6369
34.467869891 4113782400 1870727 28351  9116
34.479867902 4115118024 1335624 28352  9286
34.491881084 4117066373 1948349 28357  6863
34.503865808 4118691191 1624818 28352  10729
34.515867533 4120293666 1602475 28354  7219
34.527869451 4122240359 1946693 28355  8235
34.539876376 4123530404 1290045 28351  10335
34.551870256 4125493293 1962889 28368  5834
34.563868617 4127140538 1647245 28358  10383
34.575880092 4128684781 1544243 28365  8368
34.587881107 4130633196 1948415 28353  7909
34.599867618 4132048708 1415512 28360  10338
34.611868669 4133863459 1814751 28366  6216
34.623879614 4135608495 1745036 28356  9877
34.635880892 4137055447 1446952 28351  8526
34.647880310 4139007689 1952242 28356  7167
34.659869387 4140445137 1437448 28351  10171
34.671880375 4142216621 1771484 28357  6500
34.683878333 4144051490 1834869 28359  9654
34.695881508 4145436471 1384981 28364  9489
34.707892702 4147392686 1956215 28354  6838
34.719870824 4149006524 1613838 28362  9901
34.731879938 4150614935 1608411 28370  7697
34.743867136 4152574969 1960034 28361  8604
34.755869301 4153937774 1362805 28357  10050
34.767880132 4155803855 1866081 28360  6135
34.779880704 4157496972 1693117 28352  10368
34.791866157 4158996854 1499882 28352  8019
34.803868739 4160938776 1941922 28355  7993
34.815867917 4162266780 1328004 28358  10116
34.827882311 4164162820 1896040 28362  5982
34.839867583 4165808961 1646141 28352  10089
34.851866304 4167343229 1534268 28356  7579
34.863892679 4169290860 1947631 28364  8324
34.875869873 4170683618 1392758 28378  10098
34.887881371 4172521308 1837690 28346  6294
34.899868298 4174259132 1737824 28360  10363
34.911879176 4175713831 1454699 28356  7728
34.923881611 4177667379 1953548 28349  7888
34.935878659 4179036303 1368924 28353  10305
34.947880034 4180893642 1857339 28359  6212
34.959879238 4182682452 1788810 28359  10198
34.971881476 4184101673 1419221 28357  8907
34.983878838 4186056748 1955075 28351  7133
34.995867582 4187610944 1554196 28361  10376
35.007880374 4189262927 1651983 28354  6800
35.019887838 4191143135 1880208 28351  9375
35.031882343 4192470260 1327125 28351  9220
35.043881220 4194418035 1947775 28373  6139
35.055870168 4196029612 1611577 28363  10328
35.067878256 4197636426 1606814 28357  7713
35.079868341 4199586056 1949630 28348  8570
35.091869182 4200917260 1331204 28368  10379
35.103879807 4202824155 1906895 28374  5535
35.115865210 4204520550 1696395 28352  10305
35.127868028 4206025358 1504808 28357  8422
35.139868353 4207977151 1951793 28363  7564
35.151868191 4209412734 1435583 28357  10406
35.163880219 4211189090 1776356 28353  6297
35.175867780 4213012853 1823763 28366  9898
35.187873712 4214402899 1390046 28356  9110
35.199880506 4216340403 1937504 28357  6989
35.211867241 4217865259 1524856 28355  10509
35.223881036 4219546813 1681554 28347  6344
35.235868826 4221372629 1825816 28374  9152
35.247879842 4222748215 1375586 28370  8873
35.259880666 4224699314 1951099 28352  7144
35.271867283 4226273444 1574130 28350  10486
35.283881115 4227917167 1643723 28367  7359
35.295879283 4229782485 1865318 28346  8579
35.307879054 4231104530 1322045 28359  8683
35.319880432 4233056528 1951998 28362  7479
35.331866692 4234582424 1525896 28366  10062
35.343886301 4236261538 1679114 28354  6400
35.355879558 4238083298 1821760 28361  9850
35.367864973 4239463254 1379956 28353  8873
35.379881441 4241404745 1941491 28367  7244
35.391868069 4242855728 1450983 28361  10098
35.403869327 4244614752 1759024 28359  6516
35.415868995 4246391354 1776602 28356  9725
35.427883270 4247814506 1423152 28365  8428
35.439878498 4249753459 1938953 28357  7006
35.451868989 4251140613 1387154 28357  10291
35.463868129 4252957538 1816925 28367  6430
35.475879838 4254705962 1748424 28347  10168
35.487867592 4256155262 1449300 28362  8164
35.499886707 4258099698 1944436 28361  7164
35.511868331 4259546969 1447271 28366  10525
35.523878156 4261330980 1784011 28360  6498
35.535882547 4263146190 1815210 28356  9528
35.547879059 4264531006 1384816 28363  9124
35.559880887 4266468633 1937627 28358  7114
35.571864910 4267946411 1477778 28356  10342
35.583881062 4269685942 1739531 28373  6603
35.595878483 4271483308 1797366 28352  9561
35.607867674 4272885655 1402347 28358  9018
35.619879689 4274829125 1943470 28352  6670
35.631879297 4276359049 1529924 28372  10230
35.643880228 4278035161 1676112 28362  6897
35.655887730 4279919286 1884125 28356  9276
35.667867593 4281242060 1322774 28366  9351
35.679879955 4283188966 1946906 28352  6851
35.691879416 4284736156 1547190 28359  9878
35.703866267 4286400239 1664083 28364  6928
35.715868782 4288310811 1910572 28364  9212
35.727868133 4289610461 1299650 28364  9244
35.739879258 4291545813 1935352 28359  6900
35.751867622 4293115336 1569523 28367  10221
35.763868866 4294762018 1646682 28356  7091
35.775879044 4296640331 1878313 28364  9028
35.787867139 4297963603 1323272 28361  9352
35.799881524 4299899831 1936228 28357  6770
35.811868082 4301434219 1534388 28359  10066
35.823875650 4303102721 1668502 28358  6651
35.835880218 4305004493 1901772 28350  9233
35.847881352 4306303156 1298663 28346  9224
35.859867456 4308248195 1945039 28356  6951
35.871878984 4309862666 1614471 28357  10547
35.883879139 4311462437 1599771 28360  6609
35.895880553 4313344067 1881630 28355  9014
35.907868765 4314670830 1326763 28379  9444
35.919878233 4316619665 1948835 28354  6486
35.931869237 4318227289 1607624 28357  10530
35.943866622 4319830035 1602746 28356  7438
35.955881540 4321766328 1936293 28360  8657
35.967867760 4323029400 1263072 28372  9651
35.979889966 4324968646 1939246 28354  6297
35.991880900 4326573754 1605108 28350  10582
36.003867374 4328178586 1604832 28350  7261
36.015867946 4330112916 1934330 28362  8079
36.027879867 4331377322 1264406 28356  9775
36.039869531 4333341918 1964596 28365  6209
36.051866932 4334958387 1616469 28352  10507
36.063868790 4336542746 1584359 28353  8273
36.075879998 4338490799 1948053 28351  7645
36.087868839 4339841354 1350555 28363  9931
36.099881497 4341720024 1878670 28366  6131
36.111879749 4343408564 1688540 28363  10208
36.123870053 4344898179 1489615 28355  7857
36.135887381 4346848646 1950467 28359  8354
36.147866362 4348219711 1371065 28375  10108
36.159864543 4350070260 1850549 28359  6060
36.171881978 4351702775 1632515 28354  10129
36.183878426 4353247798 1545023 28366  8074
36.195867704 4355184224 1936426 28346  8121
36.207879962 4356533833 1349609 28361  9651
36.219880906 4358408708 1874875 28356  5716
36.231880038 4360103673 1694965 28353  10427
36.243879292 4361582522 1478849 28352  7934
36.255879999 4363531713 1949191 28354  8583
36.267867104 4364836173 1304460 28354  9878
36.279867385 4366757259 1921086 28358  5315
36.291887237 4368407267 1650008 28355  10620
36.303868831 4369956392 1549125 28361  8019
36.315881063 4371900334 1943942 28360  7833
36.327882777 4373278701 1378367 28354  10460
36.339867751 4375112180 1833479 28363  5866
36.351869879 4376815388 1703208 28364  10503
36.363878064 4378298329 1482941 28356  7815
36.375868835 4380243552 1945223 28357  8104
36.387865383 4381580667 1337115 28357  10247
36.399880558 4383455313 1874646 28357  5569
36.411878319 4385117191 1661878 28354  10257
36.423867453 4386634899 1517708 28364  8041
36.435879934 4388584291 1949392 28352  8020
36.447878752 4389969627 1385336 28372  10502
36.459876047 4391804279 1834652 28368  5718
36.471869611 4393482160 1677881 28353  9986
36.483865476 4394987216 1505056 28367  7990
36.495882197 4396945401 1958185 28353  8137
36.507868068 4398310031 1364630 28364  10199
36.519879182 4400155802 1845771 28356  6138
36.531866607 4401845095 1689293 28349  10376
36.543879095 4403340977 1495882 28362  8040
36.555880593 4405278316 1937339 28361  7963
36.567870018 4406606994 1328678 28357  10174
36.579867336 4408497213 1890219 28353  5961
36.591881620 4410136441 1639228 28350  10076
36.603866264 4411672363 1535922 28354  7577
36.615874845 4413617321 1944958 28369  8342
36.627880403 4414987202 1369881 28363  10025
36.639866911 4416837878 1850676 28370  6112
36.651879526 4418504262 1666384 28356  10603
36.663878844 4420033251 1528989 28353  7937
36.675880995 4421971869 1938618 28366  7710
36.687869136 4423328840 1356971 28362  10272
36.699879094 4425200446 1871606 28359  6346
36.711881858 4427014113 1813667 28359  10067
36.723869276 4428400685 1386572 28379  8867
36.735880388 4430342708 1942023 28352  7169
36.747879616 4431787719 1445011 28359  10254
36.759868959 4433542031 1754312 28363  6270
36.771889675 4435324933 1782902 28356  9969
36.783880039 4436741400 1416467 28357  8828
36.795867927 4438676752 1935352 28367  6605
36.807881505 4440155250 1478498 28348  10257
36.819867562 4441880408 1725158 28361  6715
36.831868120 4443681767 1801359 28344  9739
36.843867714 4445088803 1407036 28356  9229
36.855877879 4447026138 1937335 28368  6573
36.867866344 4448475570 1449432 28354  10268
36.879877992 4450236953 1761383 28370  6471
36.891880266 4452034724 1797771 28368  9684
36.903869540 4453437014 1402290 28360  8801
36.915865485 4455374875 1937861 28368  7360
36.927890814 4456848108 1473233 28353  10330
36.939868591 4458585025 1736917 28364  6581
36.951866982 4460375932 1790907 28370  9457
36.963880440 4461786768 1410836 28348  9168
36.975868655 4463717840 1931072 28349  6959
36.987880169 4465201352 1483512 28353  9813
36.999878310 4466921013 1719661 28371  6414
37.011881758 4468752459 1831446 28357  9615
37.023869966 4470118613 1366154 28351  9061
37.035878650 4472063528 1944915 28358  7480
37.047867692 4473502512 1438984 28352  9922
37.059879880 4475266151 1763639 28364  5881
37.071881938 4476976252 1710101 28350  10134
37.083880598 4478462024 1485772 28368  8189
37.095873583 4480410772 1948748 28355  7587
37.107882694 4481843470 1432698 28351  10392
37.119878682 4483615878 1772408 28356  6391
37.131866217 4485414890 1799012 28362  9928
37.143879961 4486822717 1407827 28359  8671
37.155882086 4488758297 1935580 28356  7167
37.167868816 4490226891 1468594 28350  10234
37.179868771 4491959548 1732657 28374  6103
37.191880766 4493773737 1814189 28351  9550
37.203866819 4495158520 1384783 28366  9023
37.215880112 4497098741 1940221 28365  7057
37.227880505 4498662046 1563305 28356  10676
37.239868353 4500315356 1653310 28376  6710
37.251875371 4502145334 1829978 28362  8623
37.263878886 4503518235 1372901 28355  9347
37.275868237 4505471756 1953521 28361  6741
37.287879229 4507080107 1608351 28363  10287
37.299880043 4508679464 1599357 28380  7651
37.311868137 4510611007 1931543 28357  8551
37.323880358 4511878521 1267514 28368  9693
37.335880890 4513810679 1932158 28358  6231
37.347878251 4515378576 1567897 28356  10460
37.359865622 4517005754 1627178 28350  7023
37.371878754 4518852344 1846590 28362  8730
37.383865397 4520191510 1339166 28366  8684
37.395867169 4522121805 1930295 28364  7154
37.407887324 4523610033 1488228 28353  10161
37.419868721 4525331430 1721397 28358  6732
37.431867629 4527135424 1803994 28354  9803
37.443881704 4528533608 1398184 28361  8379
37.455879505 4530474801 1941193 28353  7111
37.467868139 4531911754 1436953 28360  10281
37.479880374 4533683871 1772117 28362  6464
37.491867682 4535466878 1783007 28351  9860
37.503869010 4536880393 1413515 28367  8796
37.515867861 4538820414 1940021 28353  7200
37.527878699 4540272865 1452451 28352  10267
37.539866637 4542019376 1746511 28363  6093
37.551880088 4543714436 1695060 28352  10193
37.563885815 4545193113 1478677 28366  7812
37.575880947 4547141192 1948079 28369  7465
37.587867705 4548541606 1400414 28348  10262
37.599880133 4550351491 1809885 28347  6366
37.611868763 4552079734 1728243 28353  9955
37.623867524 4553546360 1466626 28366  8669
37.635881662 4555493477 1947117 28361  7084
37.647879720 4556893697 1400220 28359  10182
37.659866778 4558704030 1810333 28360  6110
37.671879283 4560440910 1736880 28351  9949
37.683879554 4561881343 1440433 28356  8028
37.695870085 4563824432 1943089 28350  8125
37.707878156 4565237281 1412849 28365  10229
37.719866734 4567045127 1807846 28360  6278
37.731874282 4568755603 1710476 28348  9714
37.743878870 4570227210 1471607 28364  8409
37.755879944 4572158048 1930838 28353  7668
37.767868505 4573526118 1368070 28370  9646
37.779879530 4575369004 1842886 28358  5774
37.791879244 4577062300 1693296 28357  10324
37.803869132 4578544444 1482144 28360  8098
37.815879260 4580495573 1951129 28353  8386
37.827880108 4581805878 1310305 28356  9846
37.839866152 4583707189 1901311 28364  5315
37.851866480 4585338390 1631201 28354  10551
37.863878145 4586898184 1559794 28367  7913
37.875865893 4588840817 1942633 28361  7927
37.887888167 4590203524 1362707 28356  10437
37.899878341 4592049895 1846371 28356  5730
37.911881776 4593736517 1686622 28360  10484
37.923869797 4595233756 1497239 28359  7833
37.935877635 4597169014 1935258 28356  8078
37.947869323 4598512265 1343251 28355  10219
37.959866317 4600382660 1870395 28349  5384
37.971881305 4602035754 1653094 28350  10246
37.983869043 4603563206 1527452 28367  8188
37.995867877 4605505799 1942593 28353  7887
38.007880675 4606896499 1390700 28363  10476
38.019879693 4608726093 1829594 28366  5861
38.031868607 4610421363 1695270 28353  9733
38.043886263 4611899361 1477998 28359  7823
38.055869730 4613848984 1949623 28360  8225
38.067868528 4615209646 1360662 28355  10007
38.079870799 4617062214 1852568 28353  6036
38.091879990 4618749744 1687530 28353  10369
38.103865981 4620248417 1498673 28352  8098
38.115879662 4622184137 1935720 28356  7902
38.127880050 4623528957 1344820 28360  10105
38.139868761 4625387460 1858503 28356  5893
38.151877333 4627024339 1636879 28349  10014
38.163881621 4628564313 1539974 28368  7503
38.175868371 4630498811 1934498 28360  8370
38.187867869 4631830530 1331719 28362  9860
38.199887750 4633727919 1897389 28358  6078
38.211867402 4635423093 1695174 28351  10560
38.223881673 4636920248 1497155 28356  7885
38.235881357 4638862296 1942048 28360  7649
38.247880711 4640219541 1357245 28359  10225
38.259868559 4642076814 1857273 28368  5941
38.271878121 4643793121 1716307 28353  10381
38.283868702 4645257770 1464649 28358  8170
38.295866086 4647206676 1948906 28363  7771
38.307877004 4648593519 1386843 28357  10233
38.319869362 4650411010 1817491 28359  5980
38.331867846 4652086253 1675243 28349  10290
38.343881721 4653581337 1495084 28353  7665
38.355877162 4655518691 1937354 28354  7541
38.367872937 4656872395 1353704 28352  10081
38.379882595 4658732820 1860425 28357  5916
38.391867032 4660436849 1704029 28360  10504
38.403867677 4661920383 1483534 28370  8321
38.415867105 4663858807 1938424 28365  7499
38.427880846 4665208114 1349307 28357  9946
38.439867580 4667080855 1872741 28356  6129
38.451868741 4668736126 1655271 28361  10137
38.463878589 4670260717 1524591 28355  8054
38.475868000 4672194611 1933894 28350  8122
38.487880958 4673560205 1365594 28358  10024
38.499880900 4675416211 1856006 28352  5983
38.511867541 4677072470 1656259 28358  10228
38.523874761 4678600238 1527768 28353  8400
38.535868053 4680535558 1935320 28355  7660
38.547866267 4681885263 1349705 28358  9668
38.559881635 4683738986 1853723 28360  5733
38.571869182 4685416898 1677912 28353  10363
38.583880924 4686910820 1493922 28364  8038
38.595881055 4688867593 1956773 28354  8414
38.607878540 4690218748 1351155 28357  9859
38.619879634 4692074589 1855841 28360  5421
38.631866441 4693766363 1691774 28351  10604
38.643881457 4695266551 1500188 28361  8065
38.655868007 4697208014 1941463 28360  7775
38.667867305 4698591054 1383040 28362  10420
38.679886940 4700415564 1824510 28358  6258
38.691880461 4702144519 1728955 28355  9996
38.703878819 4703595757 1451238 28355  7964
38.715879593 4705537285 1941528 28354  7947
38.727868494 4706888201 1350916 28358  10206
38.739869202 4708737474 1849273 28372  5372
38.751868964 4710415667 1678193 28357  10259
38.763880452 4711901642 1485975 28354  7608
38.775881439 4713840547 1938905 28361  8345
38.787879653 4715203412 1362865 28352  10353
38.799879421 4717072844 1869432 28359  5836
38.811867796 4718754231 1681387 28354  9976
38.823879504 4720253561 1499330 28359  7997
38.835881808 4722204652 1951091 28354  7982
38.847875006 4723577388 1372736 28355  10123
38.859881307 4725408951 1831563 28355  5984
38.871878945 4727114686 1705735 28347  10373
38.883866809 4728597945 1483259 28355  8248
38.895881433 4730528643 1930698 28362  7779
38.907880535 4731876085 1347442 28356  10178
38.919880756 4733735005 1858920 28370  5981
38.931867994 4735375718 1640713 28352  10012
38.943867898 4736909679 1533961 28356  7813
38.955868946 4738846120 1936441 28354  8118
38.967866624 4740227188 1381068 28368  9969
38.979880005 4742062113 1834925 28352  6029
38.991868099 4743755246 1693133 28360  10549
39.003874353 4745249759 1494513 28358  7791
39.015880841 4747187480 1937721 28360  7727
39.027882653 4748537526 1350046 28365  10251
39.039868447 4750407628 1870102 28358  6133
39.051866982 4752125136 1717508 28346  10082
39.063869666 4753584952 1459816 28342  8324
39.075868704 4755535587 1950635 28365  7741
39.087867072 4756974093 1438506 28362  10267
39.099881113 4758734441 1760348 28359  6129
39.111879911 4760451092 1716651 28353  10124
39.123879629 4761901410 1450318 28369  7718
39.135866733 4763839941 1938531 28351  7513
39.147869991 4765200269 1360328 28350  10087
39.159889252 4767046832 1846563 28360  6026
39.171881403 4768730362 1683530 28357  10456
39.183867714 4770233155 1502793 28359  8352
39.195878618 4772174417 1941262 28348  7444
39.207880916 4773522456 1348039 28364  9939
39.219880061 4775390411 1867955 28356  6147
39.231881186 4777090365 1699954 28350  10335
39.243880784 4778569701 1479336 28354  8198
39.255882428 4780508990 1939289 28360  8043
39.267866612 4781951292 1442302 28362  10248
39.279878923 4783721487 1770195 28355  6171
39.291867588 4785406987 1685500 28357  9750
39.303878525 4786891115 1484128 28363  8078
39.315888740 4788822691 1931576 28355  7937
39.327870944 4790167889 1345198 28360  9652
39.339866392 4792031728 1863839 28358  5673
39.351866670 4793712213 1680485 28361  11895
39.363874656 4795198248 1486035 28370  8048
39.375875875 4797141814 1943566 28361  8592
39.387866433 4798444851 1303037 28360  9911
39.399867748 4800357201 1912350 28360  5397
39.411880803 4801960249 1603048 28353  10632
39.423881017 4803544773 1584524 28358  7931
39.435867848 4805480446 1935673 28369  8029
39.447879619 4806847398 1366952 28359  10383
39.459880607 4808689549 1842151 28369  5815
39.471878925 4810378063 1688514 28351  10473
39.483877436 4811859161 1481098 28363  7536
39.495869000 4813786826 1927665 28359  8461
39.507880045 4815057583 1270757 28360  10141
39.519880236 4817008521 1950938 28362  5507
39.531877781 4818621320 1612799 28362  10305
39.543868228 4820178867 1557547 28357  7795
39.555878130 4822115096 1936229 28345  8267
39.567881397 4823446943 1331847 28354  10296
39.579867235 4825344217 1897274 28357  5914
39.591869599 4826977522 1633305 28356  9921
39.603880607 4828523807 1546285 28359  7888
39.615867788 4830469118 1945311 28358  8120
39.627867506 4831822099 1352981 28356  9980
39.639888094 4833683278 1861179 28362  6070
39.651878505 4835364125 1680847 28355  10367
39.663877243 4836867724 1503599 28359  8039
39.675868324 4838800844 1933120 28352  8001
39.687868345 4840149027 1348183 28357  10094
39.699869420 4842008886 1859859 28357  5897
39.711880051 4843614827 1605941 28355  10014
39.723867181 4845189246 1574419 28364  7686
39.735867929 4847134931 1945685 28364  8270
39.747879621 4848572826 1437895 28365  10108
39.759880385 4850350492 1777666 28359  6394
39.771879376 4852089353 1738861 28352  10122
39.783880544 4853538001 1448648 28366  7938
39.795876345 4855483781 1945780 28359  7579
39.807867800 4856877940 1394159 28359  10263
39.819880834 4858694960 1817020 28363  6226
39.831873158 4860484900 1789940 28358  10033
39.843878123 4861891734 1406834 28364  8867
39.855867224 4863833996 1942262 28354  7116
39.867878682 4865319939 1485943 28367  10327
39.879879270 4867027212 1707273 28352  6383
39.891867017 4868798482 1771270 28352  9804
39.903865822 4870216525 1418043 28359  8590
39.915867503 4872146563 1930038 28354  6683
39.927868267 4873603168 1456605 28366  10247
39.939868865 4875347951 1744783 28369  6667
39.951890720 4877144351 1796400 28358  9742
39.963880014 4878554014 1409663 28365  9247
39.975878725 4880486795 1932781 28361  6515
39.987868296 4881940095 1453300 28362  10178
39.999879754 4883691547 1751452 28364  6501
40.011867682 4885519843 1828296 28365  9637
40.023879440 4886887655 1367812 28366  8875
40.035881584 4888815978 1928323 28363  7272
40.047869555 4890291144 1475166 28353  10263
40.059879349 4892019663 1728519 28358  6314
40.071880861 4893733374 1713711 28353  9741
40.083879039 4895197455 1464081 28366  8439
40.095880167 4897128776 1931321 28347  7711
40.107881611 4898502252 1373476 28379  9714
40.119875792 4900335048 1832796 28350  5951
40.131881773 4902023536 1688488 28354  10209
40.143866430 4903503600 1480064 28360  8034
40.155880788 4905456420 1952820 28368  8485
40.167879203 4906800491 1344071 28379  9888
40.179880977 4908666449 1865958 28355  5527
40.191867432 4910359557 1693108 28358  10477
40.203868763 4911847992 1488435 28361  7723
40.215881017 4913792745 1944753 28350  8067
40.227867975 4915155773 1363028 28366  10368
40.239858913 4917001886 1846113 28365  6153
40.251878808 4918721985 1720099 28352  10118
40.263868965 4920179738 1457753 28364  7918
40.275877076 4922106318 1926580 28361  8009
40.287880584 4923384515 1278197 28365  10195
40.299878932 4925294526 1910011 28369  5432
40.311879457 4926902145 1607619 28367  10315
40.323881101 4928484048 1581903 28360  7689
40.335865782 4930418475 1934427 28353  8373
40.347866486 4931711354 1292879 28365  10289
40.359880281 4933650637 1939283 28358  5948
40.371878438 4935308609 1657972 28356  9948
40.383870109 4936828452 1519843 28366  8000
40.395879037 4938777197 1948745 28358  8046
40.407868985 4940133072 1355875 28359  10042
40.419865533 4941981233 1848161 28355  5998
40.431890195 4943663539 1682306 28366  10382
40.443880625 4945161632 1498093 28358  8006
40.455879126 4947090747 1929115 28351  8060
40.467870424 4948406432 1315685 28352  10053
40.479866635 4950304678 1898246 28349  5969
40.491879513 4951932887 1628209 28345  10003
40.503879841 4953474216 1541329 28362  7646
40.515880809 4955412322 1938106 28359  8305
40.527880383 4956775876 1363554 28356  9947
40.539879700 4958628352 1852476 28363  6140
40.551879328 4960320584 1692232 28354  10456
40.563866883 4961804001 1483417 28363  7476
40.575868371 4963747552 1943551 28358  8118
40.587887745 4965073731 1326179 28367  10255
40.599869439 4966965543 1891812 28370  5840
40.611880557 4968664291 1698748 28353  10497
40.623869212 4970141699 1477408 28361  8151
40.635878343 4972084641 1942942 28369  7815
40.647878704 4973455330 1370689 28345  10212
40.659865095 4975284961 1829631 28362  5699
40.671867203 4976921361 1636400 28362  10500
40.683869227 4978450337 1528976 28362  7556
40.695880771 4980383918 1933581 28352  7707
40.707865886 4981711512 1327594 28362  10109
40.719868737 4983598306 1886794 28367  5896
40.731878915 4985280922 1682616 28359  10440
40.743881646 4986782472 1501550 28365  8391
40.755881104 4988722486 1940014 28357  7536
40.767879215 4990072521 1350035 28353  9979
40.779879729 4991934726 1862205 28360  6153
40.791882560 4993585695 1650969 28364  10173
40.803867085 4995107795 1522100 28367  8005
40.815881093 4997044668 1936873 28352  8348
40.827882724 4998407224 1362556 28355  10098
40.839879774 5000258661 1851437 28366  5987
40.851880009 5001881613 1622952 28351  10188
40.863867947 5003423719 1542106 28354  7920
40.875879938 5005352437 1928718 28351  8193
40.887879356 5006702880 1350443 28358  9652
40.899867200 5008570010 1867130 28368  5730
40.911875791 5010259845 1689835 28364  10407
40.923879503 5011733412 1473567 28358  7874
40.935872617 5013679095 1945683 28354  8682
40.947880781 5014996032 1316937 28361  9898
40.959868396 5016895988 1899956 28360  5400
40.971880930 5018557868 1661880 28353  10619
40.983879238 5020091200 1533332 28358  8223
40.995866762 5022025199 1933999 28362  7574
41.007867423 5023458961 1433762 28365  10452
41.019868294 5025228059 1769098 28363  6117
41.031881799 5026955316 1727257 28348  10826
41.043880633 5028409446 1454130 28363  8938
41.055867398 5030343382 1933936 28363  7800
41.067876429 5031680488 1337106 28368  10301
41.079881003 5033541907 1861419 28364  5413
41.091868957 5035217316 1675409 28359  10389
41.103868985 5036708897 1491581 28351  7880
41.115867003 5038647702 1938805 28360  8181
41.127870104 5040023958 1376256 28360  10430
41.139879815 5041865463 1841505 28355  5727
41.151868233 5043517933 1652470 28357  9965
41.163879721 5045042471 1524538 28358  8072
41.175879719 5046991278 1948807 28357  8049
41.187869173 5048348817 1357539 28349  10148
41.199867161 5050190616 1841799 28366  6075
41.211879429 5051803331 1612715 28359  10300
41.223891820 5053362659 1559328 28354  7923
41.235879848 5055295409 1932750 28354  8235
41.247867975 5056582005 1286596 28355  10069
41.259881500 5058493844 1911839 28355  6017
41.271881468 5060111581 1617737 28346  10010
41.283881812 5061670643 1559062 28357  7489
41.295879206 5063603139 1932496 28351  8489
41.307869297 5064927883 1324744 28366  9938
41.319878975 5066822999 1895116 28363  6234
41.331865899 5068458490 1635491 28354  10535
41.343873130 5070003467 1544977 28367  7620
41.355880362 5071932798 1929331 28352  7975
41.367881016 5073216758 1283960 28358  10337
41.379881464 5075153419 1936661 28352  5664
41.391888428 5076788737 1635318 28354  10566
41.403867679 5078318119 1529382 28379  7757
41.415869374 5080263638 1945519 28361  8328
41.427866884 5081584552 1320914 28364  10184
41.439868896 5083465280 1880728 28346  5792
41.451867717 5085056198 1590918 28361  10542
41.463879685 5086634914 1578716 28357  7525
41.475880783 5088567606 1932692 28353  7756
41.487866807 5089913770 1346164 28354  10157
41.499878368 5091779748 1865978 28360  5899
41.511880929 5093456164 1676416 28360  10500
41.523867543 5094961399 1505235 28365  8350
41.535865418 5096901497 1940098 28352  7511
41.547890679 5098259165 1357668 28360  10009
41.559870130 5100113218 1854053 28355  6097
41.571879048 5101784035 1670817 28354  10147
41.583868429 5103273505 1489470 28365  7683
41.595880347 5105207141 1933636 28349  8535
41.607881961 5106573896 1366755 28367  10065
41.619880238 5108427921 1854025 28355  5897
41.631869950 5110039894 1611973 28348  10207
41.643868678 5111593417 1553523 28353  7980
41.655879649 5113520969 1927552 28351  8235
41.667881889 5114841894 1320925 28375  9593
41.679868381 5116734371 1892477 28359  5785
41.691880892 5118406561 1672190 28355  10409
41.703890447 5119894159 1487598 28355  7813
41.715869444 5121833667 1939508 28362  8788
41.727882695 5123097034 1263367 28372  9856
41.739867693 5125053309 1956275 28360  5382
41.751880104 5126682807 1629498 28355  10616
41.763881638 5128238905 1556098 28361  7959
41.775881543 5130173018 1934113 28347  7847
41.787880564 5131525426 1352408 28354  10359
41.799879562 5133375828 1850402 28358  5784
41.811880342 5135057959 1682131 28362  10420
41.823866070 5136548642 1490683 28369  7759
41.835879578 5138477847 1929205 28349  8171
41.847880800 5139757248 1279401 28355  10185
41.859877877 5141664985 1907737 28361  5482
41.871881675 5143282127 1617142 28358  10227
41.883878796 5144853128 1571001 28361  7980
41.895881157 5146794674 1941546 28366  8051
41.907878378 5148185646 1390972 28361  10622
41.919879482 5150007625 1821979 28356  5910
41.931878930 5151650221 1642596 28357  9705
41.943883588 5153179233 1529012 28357  8087
41.955871579 5155123213 1943980 28360  7941
41.967867602 5156471852 1348639 28356  9982
41.979868997 5158323457 1851605 28360  6081
41.991879015 5160006513 1683056 28357  10364
42.003865540 5161494241 1487728 28370  7900
42.015867133 5163413298 1919057 28351  8156
42.027875091 5164679621 1266323 28352  10077
42.039869066 5166615288 1935667 28359  5960
42.051867374 5168218361 1603073 28362  10038
42.063868679 5169793335 1574974 28369  7516
42.075866732 5171715691 1922356 28358  8447
42.087868024 5173019339 1303648 28349  9890
42.099867388 5174914521 1895182 28359  6202
42.111869310 5176558935 1644414 28357  10536
42.123881283 5178112135 1553200 28356  7397
42.135879648 5180045872 1933737 28350  8114
42.147881236 5181328944 1283072 28364  10259
42.159867347 5183264669 1935725 28364  5714
42.171865748 5184918018 1653349 28352  10581
42.183892252 5186437942 1519924 28360  8255
42.195869344 5188374772 1936830 28350  7850
42.207880738 5189733081 1358309 28360  10173
42.219881912 5191574272 1841191 28353  5744
42.231881160 5193180543 1606271 28355  10608
42.243879815 5194733972 1553429 28360  7479
42.255881043 5196661446 1927474 28362  7828
42.267880893 5197974746 1313300 28360  10093
42.279880398 5199863869 1889123 28366  5879
42.291866862 5201460838 1596969 28352  10451
42.303867083 5203051942 1591104 28360  8173
42.315868124 5204990377 1938435 28355  7737
42.327879465 5206336466 1346089 28362  9940
42.339875507 5208208013 1871547 28354  6142
42.351881861 5209884833 1676820 28355  10181
42.363877902 5211368005 1483172 28360  7623
42.375869409 5213297101 1929096 28360  8588
42.387868077 5214621620 1324519 28357  9958
42.399868111 5216512751 1891131 28357  5964
42.411866799 5218113429 1600678 28359  10162
42.423869623 5219688338 1574909 28359  8049
42.435867838 5221606677 1918339 28341  8100
42.447881459 5222887909 1281232 28366  9563
42.459880317 5224815477 1927568 28358  5748
42.471879865 5226447446 1631969 28366  10322
42.483880509 5227980487 1533041 28358  7738
42.495874463 5229915455 1934968 28350  8880
42.507867828 5231172029 1256574 28370  9456
42.519879629 5233104864 1932835 28345  5702
42.531868810 5234708288 1603424 28351  10545
42.543880238 5236306708 1598420 28359  7276
42.555880239 5238238309 1931601 28349  8491
42.567877926 5239513944 1275635 28362  10276
42.579879464 5241431360 1917416 28350  5885
42.591878249 5243053920 1622560 28346  10419
42.603876913 5244630541 1576621 28355  7665
42.615879157 5246561356 1930815 28367  8275
42.627868358 5247872456 1311100 28355  10128
42.639868170 5249765577 1893121 28359  5430
42.651868223 5251379283 1613706 28365  10250
42.663887481 5252932744 1553461 28355  7933
42.675879809 5254871832 1939088 28363  8099
42.687868411 5256249034 1377202 28357  10446
42.699879154 5258086411 1837377 28361  5782
42.711868312 5259730075 1643664 28360  9872
42.723867754 5261254563 1524488 28355  7875
42.735867801 5263195135 1940572 28353  8109
42.747866675 5264539717 1344582 28359  9968
42.759869187 5266398666 1858949 28362  6039
42.771869431 5268053397 1654731 28359  10351
42.783867548 5269578004 1524607 28362  8129
42.795880966 5271505784 1927780 28355  7846
42.807879578 5272849120 1343336 28363  10075
42.819876616 5274688076 1838956 28346  5907
42.831879219 5276291847 1603771 28357  9951
42.843867764 5277868836 1576989 28358  7528
42.855879432 5279795542 1926706 28346  8370
42.867868446 5281091484 1295942 28352  9877
42.879880124 5282994191 1902707 28354  6165
42.891869045 5284581801 1587610 28354  10539
42.903868725 5286178284 1596483 28356  7177
42.915878690 5288106607 1928323 28356  8432
42.927869665 5289375514 1268907 28359  10152
42.939881696 5291321907 1946393 28360  5721
42.951880610 5292917231 1595324 28357  10547
42.963866521 5294495739 1578508 28366  7691
42.975891892 5296432847 1937108 28361  8292
42.987881830 5297718858 1286011 28359  10104
42.999878781 5299618881 1900023 28355  5769
43.011869412 5301202418 1583537 28359  10527
43.023868140 5302794954 1592536 28353  7217
43.035879704 5304718943 1923989 28358  8087
43.047867198 5305982569 1263626 28355  9936
43.059879096 5307930231 1947662 28370  5974
43.071878207 5309539179 1608948 28354  10451
43.083866568 5311113968 1574789 28360  8174
43.095881056 5313055239 1941271 28359  7703
43.107868727 5314396638 1341399 28361  9911
43.119869971 5316266992 1870354 28354  6110
43.131879096 5317938411 1671419 28354  10119
43.143876410 5319424972 1486561 28363  7665
43.155869661 5321353859 1928887 28353  8471
43.167866559 5322706823 1352964 28355  10016
43.179868583 5324573184 1866361 28350  5923
43.191867661 5326168061 1594877 28353  10131
43.203869168 5327740662 1572601 28357  8119
43.215879683 5329661870 1921208 28353  7957
43.227870824 5330977419 1315549 28360  9581
43.239868101 5332872124 1894705 28365  5820
43.251867193 5334559932 1687808 28354  10372
43.263880271 5336028812 1468880 28358  7812
43.275867564 5337969875 1941063 28364  8645
43.287878126 5339272893 1303018 28353  9785
43.299889164 5341158786 1885893 28353  5323
43.311880228 5342753020 1594234 28357  10583
43.323880703 5344353755 1600735 28359  7687
43.335866863 5346292709 1938954 28352  8168
43.347868788 5347647039 1354330 28371  10329
43.359880693 5349491564 1844525 28360  5814
43.371879526 5351147151 1655587 28351  10433
43.383867821 5352661470 1514319 28350  7732
43.395877742 5354587018 1925548 28353  8267
43.407882204 5355889872 1302854 28355  10139
43.419879387 5357794881 1905009 28366  5496
43.431880529 5359475566 1680685 28364  10258
43.443881033 5360950859 1475293 28354  7766
43.455877000 5362878540 1927681 28347  8257
43.467869088 5364158079 1279539 28352  10205
43.479868749 5366079828 1921749 28360  5973
43.491867143 5367685294 1605466 28349  9810
43.503878635 5369267545 1582251 28358  7935
43.515881376 5371205265 1937720 28352  8117
43.527880744 5372565337 1360072 28363  10029
43.539869464 5374410728 1845391 28364  5992
43.551868059 5376082870 1672142 28364  10377
43.563867483 5377575778 1492908 28360  7744
43.575869187 5379500508 1924730 28346  8211
43.587866535 5380757807 1257299 28352  10022
43.599868082 5382678282 1920475 28355  5946
43.611891465 5384290086 1611804 28364  9966
43.623882775 5385863564 1573478 28353  7371
43.635881430 5387788924 1925360 28350  8526
43.647881761 5389076290 1287366 28357  9827
43.659880111 5390972636 1896346 28356  6116
43.671867692 5392577917 1605281 28358  10474
43.683867106 5394172711 1594794 28365  7200
43.695868998 5396099903 1927192 28347  8347
43.707880472 5397363999 1264096 28355  9948
43.719879497 5399320025 1956026 28362  5793
43.731879577 5400905088 1585063 28354  10461
43.743863232 5402486024 1580936 28360  7818
43.755878140 5404418457 1932433 28351  8213
43.767880580 5405700130 1281673 28362  10101
43.779877158 5407593189 1893059 28366  5836
43.791868826 5409185406 1592217 28360  10519
43.803869240 5410776040 1590634 28359  7180
43.815868435 5412702546 1926506 28355  8057
43.827866479 5413976988 1274442 28354  10002
43.839879757 5415907959 1930971 28363  5849
43.851869291 5417506529 1598570 28359  10418
43.863881436 5419092763 1586234 28366  8193
43.875867333 5421021295 1928532 28350  7649
43.887879067 5422302298 1281003 28366  9798
43.899868392 5424221469 1919171 28357  6171
43.911865356 5425869931 1648462 28366  10079
43.923866447 5427403035 1533104 28362  7845
43.935889765 5429336009 1932974 28355  8294
43.947881713 5430642044 1306035 28364  9942
43.959881721 5432516424 1874380 28358  5932
43.971880495 5434099000 1582576 28357  10112
43.983881366 5435699497 1600497 28351  7830
43.995880931 5437620773 1921276 28368  8252
44.007866644 5438900522 1279749 28362  9550
44.019868429 5440814561 1914039 28360  5755
44.031868349 5442451344 1636783 28353  10314
44.043881914 5443987310 1535966 28373  7861
44.055879665 5445928272 1940962 28354  8700
44.067879527 5447231763 1303491 28367  9832
44.079878140 5449135541 1903778 28363  5356
44.091886418 5450722892 1587351 28351  10569
44.103869816 5452306918 1584026 28356  7519
44.115876993 5454229172 1922254 28357  8238
44.127871125 5455519423 1290251 28362  10204
44.139867493 5457436372 1916949 28358  5791
44.151867263 5459043141 1606769 28357  10405
44.163876214 5460604641 1561500 28361  7564
44.175880396 5462525274 1920633 28365  8364
44.187880267 5463782683 1257409 28357  10016
44.199879041 5465715925 1933242 28367  5443
44.211869669 5467339399 1623474 28352  10185
44.223867433 5468893114 1553715 28357  7714
44.235868314 5470816593 1923479 28350  8235
44.247877608 5472107104 1290511 28365  10245
44.259867466 5474025942 1918838 28358  5866
44.271868850 5475625270 1599328 28353  9763
44.283880751 5477205955 1580685 28367  7833
44.295881309 5479148428 1942473 28363  8148
44.307881983 5480464622 1316194 28371  9960
44.319881374 5482345482 1880860 28361  6031
44.331880086 5484018429 1672947 28352  10352
44.343877936 5485514598 1496169 28350  7892
44.355869374 5487437585 1922987 28350  7999
44.367868855 5488735350 1297765 28357  9997
44.379881912 5490615157 1879807 28364  5905
44.391868140 5492226393 1611236 28353  9955
44.403879265 5493797276 1570883 28364  7454
44.415888096 5495718435 1921159 28351  8388
44.427880417 5497019261 1300826 28352  9818
44.439868375 5498910567 1891306 28358  6185
44.451867858 5500501802 1591235 28363  10447
44.463868743 5502096909 1595107 28375  7231
44.475866061 5504026347 1929438 28361  8281
44.487878759 5505291323 1264976 28371  10136
44.499881169 5507243338 1952015 28357  5602
44.511878111 5508851912 1608574 28354  10499
44.523879149 5510398005 1546093 28362  7580
44.535879002 5512333475 1935470 28360  8349
44.547869317 5513613427 1279952 28364  10047
44.559867744 5515501500 1888073 28358  5781
44.571888346 5517089953 1588453 28365  10512
44.583880090 5518680782 1590829 28358  7041
44.595866290 5520557859 1877077 28354  8224
44.607879766 5521849999 1292140 28353  9330
44.619880646 5523781515 1931516 28355  6547
44.631881694 5525378615 1597100 28368  10413
44.643880889 5526982199 1603584 28371  7795
44.655867359 5528912009 1929810 28361  8055
44.667867381 5530162809 1250800 28364  9656
44.679867041 5532095900 1933091 28354  6334
44.691867632 5533718672 1622772 28356  10003
44.703868787 5535293503 1574831 28357  7915
44.715879602 5537228976 1935473 28352  8247
44.727889652 5538606590 1377614 28366  10024
44.739869280 5540426585 1819995 28378  5803
44.751865684 5542018873 1592288 28351  10091
44.763879788 5543581550 1562677 28360  7863
44.775867813 5545495761 1914211 28358  8204
44.787870344 5546752410 1256649 28351  9429
44.799879485 5548702645 1950235 28359  5839
44.811869859 5550308130 1605485 28350  10304
44.823879877 5551857856 1549726 28356  7751
44.835885991 5553790635 1932779 28354  8679
44.847866106 5555056162 1265527 28359  9795
44.859881786 5556998643 1942481 28358  5329
44.871877901 5558599882 1601239 28356  10567
44.883895362 5560175566 1575684 28362  7791
44.895879036 5562108285 1932719 28350  7978
44.907867137 5563465480 1357195 28357  10357
44.919867862 5565299137 1833657 28355  5722
44.931866602 5566976236 1677099 28358  10401
44.943880307 5568464486 1488250 28367  7715
44.955869685 5570381056 1916570 28346  8086
44.967869688 5571646929 1265873 28358  10074
44.979880173 5573579045 1932116 28357  5385
44.991879184 5575202968 1623923 28357  10300
45.003867478 5576780596 1577628 28353  7937
45.015878733 5578729749 1949153 28357  7972
45.027871091 5580097547 1367798 28360  10442
45.039880259 5581946338 1848791 28367  5779
45.051877199 5583592214 1645876 28356  9790
45.063870904 5585113276 1521062 28357  7717
45.075880592 5587056999 1943723 28350  8204
45.087881612 5588346941 1289942 28364  9899
45.099878303 5590257110 1910169 28355  6132
45.111868787 5591876369 1619259 28358  10230
45.123880678 5593469187 1592818 28362  7815
45.135880103 5595408920 1939733 28354  8199
45.147867624 5596691927 1283007 28363  10009
45.159868245 5598606228 1914301 28367  5943
45.171881026 5600213350 1607122 28350  9905
45.183867717 5601813149 1599799 28358  7092
45.195877901 5603755869 1942720 28349  8709
45.207875482 5605052856 1296987 28351  9804
45.219882290 5606968897 1916041 28369  6167
45.231881384 5608570751 1601854 28357  10409
45.243869262 5610169453 1598702 28360  7048
45.255868456 5612106931 1937478 28352  8442
45.267868070 5613378119 1271188 28358  10156
45.279880198 5615350458 1972339 28358  5609
45.291865885 5617051913 1701455 28352  10573
45.303866890 5618539132 1487219 28360  7931
45.315877671 5620482918 1943786 28353  7960
45.327880018 5621838193 1355275 28355  10093
45.339879306 5623700280 1862087 28350  5697
45.351862904 5625307777 1607497 28359  10489
45.363875061 5626884903 1577126 28359  7530
45.375879573 5628824742 1939839 28354  7632
45.387881151 5630143367 1318625 28354  10038
45.399869548 5632053465 1910098 28369  5807
45.411866706 5633715626 1662161 28365  10450
45.423880840 5635240725 1525099 28362  8312
45.435878648 5637190587 1949862 28350  7341
45.447868682 5638553563 1362976 28354  9902
45.459867676 5640400851 1847288 28355  6016
45.471880315 5642087726 1686875 28367  10103
45.483880828 5643582911 1495185 28363  7736
45.495867770 5645518280 1935369 28365  8410
45.507869317 5646816643 1298363 28359  9915
45.519874435 5648740620 1923977 28354  5962
45.531881359 5650322930 1582310 28354  10065
45.543867860 5651932278 1609348 28354  7782
45.555868968 5653867798 1935520 28356  8205
45.567880186 5655147630 1279832 28357  9502
45.579880144 5657076854 1929224 28364  5734
45.591867421 5658737855 1661001 28346  10285
45.603866862 5660279228 1541373 28359  7818
45.615878826 5662218077 1938849 28353  8604
45.627880590 5663510076 1291999 28358  9769
45.639868502 5665449476 1939400 28358  5310
45.651877905 5667068435 1618959 28354  10550
45.663879923 5668640158 1571723 28360  7903
45.675880451 5670582080 1941922 28363  7814
45.687887166 5671978519 1396439 28362  10317
45.699868960 5673802988 1824469 28363  5730
45.711881428 5675487733 1684745 28349  10364
45.723881271 5676982578 1494845 28356  7599
45.735865622 5678923123 1940545 28351  8165
45.747868586 5680221869 1298746 28353  10114
45.759879674 5682142696 1920827 28362  5368
45.771880572 5683766536 1623840 28345  10196
45.783867983 5685327575 1561039 28355  7799
45.795865264 5687272822 1945247 28352  8120
45.807881385 5688640802 1367980 28360  10263
45.819866032 5690494193 1853391 28363  5772
45.831879227 5692111870 1617677 28355  9821
45.843879485 5693672868 1560998 28345  7843
45.855868032 5695619251 1946383 28350  8195
45.867880973 5696991949 1372698 28366  10338
45.879878825 5698842946 1850997 28358  6015
45.891879945 5700500646 1657700 28359  10341
45.903872036 5702024868 1524222 28355  7921
45.915867513 5703962374 1937506 28355  8066
45.927868658 5705265664 1303290 28363  9987
45.939866839 5707163728 1898064 28365  5946
45.951867876 5708784270 1620542 28347  9957
45.963868834 5710364372 1580102 28357  7424
45.975880139 5712306050 1941678 28364  8364
45.987868579 5713662625 1356575 28355  9876
45.999877544 5715511759 1849134 28358  6088
46.011879065 5717148352 1636593 28349  10479
46.023879057 5718715453 1567101 28355  7453
46.035880217 5720651024 1935571 28347  8067
46.047868458 5721950703 1299679 28361  10183
46.059870819 5723881192 1930489 28362  5652
46.071867247 5725578821 1697629 28357  10476
46.083879828 5727063568 1484747 28358  7842
46.095877992 5729006261 1942693 28354  7994
46.107878110 5730360400 1354139 28358  10136
46.119879834 5732223073 1862673 28362  5686
46.131880535 5733843893 1620820 28358  10491
46.143868513 5735401002 1557109 28360  7534
46.155875773 5737340620 1939618 28358  7735
46.167878024 5738696372 1355752 28374  10048
46.179868672 5740553009 1856637 28358  5773
46.191867343 5742169574 1616565 28352  10426
46.203869191 5743744852 1575278 28356  8129
46.215878955 5745687434 1942582 28361  7658
46.227880506 5746982602 1295168 28362  9816
46.239868994 5748882885 1900283 28350  6291
46.251867874 5750524952 1642067 28357  9968
46.263868852 5752088606 1563654 28355  7732
46.275866470 5754026687 1938081 28361  8414
46.287865630 5755332146 1305459 28365  9913
46.299865012 5757232012 1899866 28353  5988
46.311877360 5758825569 1593557 28362  10077
46.323893411 5760424434 1598865 28350  7597
46.335869675 5762360481 1936047 28359  8532
46.347877679 5763620808 1260327 28376  9224
46.359879971 5765564208 1943400 28362  6081
46.371878928 5767190674 1626466 28357  10236
46.383873172 5768772023 1581349 28363  7789
46.395868956 5770706261 1934238 28358  8726
46.407868594 5771979748 1273487 28356  9728
46.419880024 5773940744 1960996 28358  5285
46.431881382 5775549466 1608722 28353  10532
46.443878334 5777127958 1578492 28366  7908
46.455878808 5779071472 1943514 28358  7819
46.467877912 5780442450 1370978 28378  10333
46.479874947 5782287523 1845073 28356  5746
46.491868670 5783976584 1689061 28359  10412
46.503879932 5785468483 1491899 28362  7705
46.515869449 5787412712 1944229 28365  8059
46.527867927 5788769535 1356823 28357  10170
46.539869565 5790615281 1845746 28356  5344
46.551879303 5792219517 1604236 28369  10201
46.563880997 5793803551 1584034 28357  7809
46.575865101 5795750888 1947337 28351  8103
46.587867388 5797125348 1374460 28367  10348
46.599869446 5798970120 1844772 28355  5757
46.611866724 5800630856 1660736 28352  9771
46.623867548 5802147292 1516436 28365  7890
46.635875529 5804092004 1944712 28355  7997
46.647881447 5805457352 1365348 28359  9964
46.659882191 5807309158 1851806 28362  5991
46.671869112 5808991297 1682139 28357  10304
46.683881567 5810488033 1496736 28359  7880
46.695867180 5812422338 1934305 28360  8075
46.707879988 5813714566 1292228 28361  9991
46.719868279 5815637734 1923168 28359  5914
46.731869383 5817259319 1621585 28354  9950
46.743879835 5818827209 1567890 28359  7556
46.755879025 5820760347 1933138 28351  8204
46.767880326 5822120095 1359748 28364  9832
46.779879004 5823984896 1864801 28356  6097
46.791878188 5825612224 1627328 28353  10357
46.803888239 5827171146 1558922 28361  7489
46.815869626 5829114569 1943423 28355  7894
46.827867368 5830459067 1344498 28356  10140
46.839880045 5832331688 1872621 28373  5710
46.851865223 5834037865 1706177 28363  10424
46.863867833 5835515056 1477191 28353  8046
46.875866058 5837460251 1945195 28352  7829
46.887880689 5838902916 1442665 28360  10125
46.899878907 5840672172 1769256 28367  5881
46.911868187 5842366892 1694720 28356  10320
46.923867435 5843847254 1480362 28353  7627
46.935868227 5845789814 1942560 28359  7548
46.947866364 5847162441 1372627 28355  10034
46.959875925 5849007173 1844732 28363  5889
46.971867565 5850667944 1660771 28360  10390
46.983880300 5852193832 1525888 28362  8496
46.995880658 5854135843 1942011 28361  7172
47.007869102 5855495408 1359565 28352  9905
47.019881143 5857343441 1848033 28360  6059
47.031879534 5859032083 1688642 28359  10106
47.043889476 5860518540 1486457 28365  7673
47.055868189 5862454879 1936339 28353  8367
47.067870296 5863784829 1329950 28356  9937
47.079880694 5865669958 1885129 28366  5914
47.091877802 5867274881 1604923 28356  10065
47.103881777 5868854551 1579670 28354  7793
47.115887397 5870783061 1928510 28349  8225
47.127917573 5872049363 1266302 28363  9496
47.139879386 5874007375 1958012 28345  5729
47.151882300 5875645988 1638613 28356  10265
47.163868587 5877187778 1541790 28362  7849
47.175881172 5879123445 1935667 28356  8575
47.187879783 5880395067 1271622 28362  9777
47.199867340 5882349503 1954436 28355  5303
47.211869102 5883946723 1597220 28353  10480
47.223879216 5885532425 1585702 28362  7788
47.235880993 5887471651 1939226 28352  7882
47.247868601 5888835963 1364312 28353  10243
47.259879599 5890676456 1840493 28348  5747
47.271886926 5892282045 1605589 28349  10339
47.283866831 5893861536 1579491 28365  7576
47.295865338 5895795174 1933638 28350  8252
47.307866293 5897085593 1290419 28361  10037
47.319882177 5899010832 1925239 28365  5388
47.331879144 5900624896 1614064 28357  10165
47.343867206 5902196618 1571722 28349  7785
47.355866353 5904138929 1942311 28352  8056
47.367866851 5905490081 1351152 28376  10240
47.379881925 5907353538 1863457 28366  5787
47.391865472 5908985267 1631729 28352  9803
47.403867384 5910521532 1536265 28351  7577
47.415880832 5912465034 1943502 28357  8377
47.427895126 5913822103 1357069 28350  9907
47.439881640 5915687486 1865383 28358  6022
47.451879265 5917320391 1632905 28349  10226
47.463869942 5918863383 1542992 28363  7866
47.475867679 5920797872 1934489 28354  8109
47.487879727 5922104768 1306896 28369  9998
47.499867438 5924008192 1903424 28349  5913
47.511879583 5925609978 1601786 28350  9892
47.523879900 5927187551 1577573 28360  7220
47.535866674 5929119391 1931840 28357  8543
47.547867668 5930384883 1265492 28360  9677
47.559865559 5932323690 1938807 28361  6225
47.571880784 5933955861 1632171 28365  10366
47.583868718 5935535850 1579989 28364  7505
47.595875252 5937467944 1932094 28352  7905
47.607881137 5938755592 1287648 28361  10164
47.619879454 5940692481 1936889 28370  5613
47.631880639 5942370994 1678513 28349  10474
47.643880626 5943870241 1499247 28354  7792
47.655871274 5945816081 1945840 28361  8081
47.667866147 5947177259 1361178 28357  10113
47.679878002 5949010242 1832983 28354  5638
47.691864042 5950609663 1599421 28360  10476
47.703867040 5952198376 1588713 28362  7313
47.715868221 5954135375 1936999 28356  7829
47.727882519 5955457640 1322265 28358  9878
47.739879137 5957360309 1902669 28368  5768
47.751874981 5958966203 1605894 28354  10439
47.763869322 5960536474 1570271 28377  8125
47.775879903 5962482112 1945638 28347  7615
47.787865003 5963828396 1346284 28355  9859
47.799867911 5965689820 1861424 28367  6061
47.811867828 5967334235 1644415 28358  10045
47.823881666 5968866756 1532521 28363  7570
47.835882444 5970802262 1935506 28357  8529
47.847867655 5972092951 1290689 28350  9905
47.859868796 5974007242 1914291 28362  6037
47.871866700 5975599160 1591918 28354  10109
47.883880231 5977199001 1599841 28362  7605
47.895869159 5979099975 1900974 28364  8382
47.907874289 5980373649 1273674 28371  8702
47.919881541 5982309391 1935742 28361  6541
47.931878962 5983853882 1544491 28356  10201
47.943870282 5985506141 1652259 28366  6837
47.955866584 5987343702 1837561 28352  9515
47.967879984 5988705593 1361891 28362  9027
47.979878469 5990635421 1929828 28360  6157
47.991866932 5992166083 1530662 28354  10321
48.003880440 5993835708 1669625 28359  6479
48.015880062 5995670871 1835163 28365  9238
48.027881833 5997030039 1359168 28357  9017
48.039879220 5998959994 1929955 28364  6940
48.051869268 6000394383 1434389 28342  10300
48.063890395 6002163166 1768783 28361  6114
48.075884160 6003876485 1713319 28353  9810
48.087869023 6005332742 1456257 28363  7838
48.099868458 6007265566 1932824 28359  7611
48.111900459 6008575663 1310097 28357  9755
48.123879013 6010468730 1893067 28356  5896
48.135868100 6012084214 1615484 28349  10120
48.147868088 6013659638 1575424 28364  8012
48.159881009 6015598217 1938579 28364  8149
48.171879624 6016951711 1353494 28362  9561
48.183867671 6018813867 1862156 28355  5778
48.195866272 6020436080 1622213 28363  10228
48.207861646 6021996776 1560696 28357  7812
48.219879597 6023935797 1939021 28360  8153
48.231876059 6025311475 1375678 28361  9979
48.243869042 6027151334 1839859 28366  5883
48.255881410 6028808418 1657084 28351  10239
48.267878744 6030318395 1509977 28355  7642
48.279867785 6032256507 1938112 28351  8442
48.291867139 6033554744 1298237 28362  9794
48.303878614 6035477946 1923202 28366  5381
48.315877778 6037113258 1635312 28358  10126
48.327869532 6038650394 1537136 28363  7717
48.339866650 6040582584 1932190 28356  8412
48.351882068 6041866768 1284184 28359  10168
48.363879278 6043793954 1927186 28365  5288
48.375879153 6045372349 1578395 28355  10184
48.387874343 6046968452 1596103 28356  7463
48.399881021 6048905373 1936921 28370  8356
48.411879762 6050165593 1260220 28369  9719
48.423869633 6052108206 1942613 28360  6190
48.435879894 6053727481 1619275 28357  10236
48.447868795 6055307100 1579619 28355  7674
48.459878049 6057237185 1930085 28361  8259
48.471868333 6058510927 1273742 28363  10014
48.483867511 6060424672 1913745 28357  5815
48.495881146 6062027044 1602372 28362  9770
48.507879286 6063624957 1597913 28363  7191
48.519868747 6065564397 1939440 28357  8598
48.531868811 6066826176 1261779 28349  10003
48.543892373 6068776920 1950744 28354  6176
48.555880310 6070405973 1629053 28357  9804
48.567868367 6071963689 1557716 28361  7378
48.579870615 6073897975 1934286 28361  8580
48.591879373 6075225685 1327710 28357  9688
48.603880584 6077121319 1895634 28362  5782
48.615865168 6078774504 1653185 28356  10450
48.627868489 6080290523 1516019 28354  7592
48.639878170 6082223906 1933383 28350  8345
48.651879197 6083512372 1288466 28356  9837
48.663868288 6085421132 1908760 28355  5907
48.675869005 6087009666 1588534 28356  10307
48.687878147 6088607930 1598264 28365  6877
48.699881335 6090499420 1891490 28355  8437
48.711875448 6091780131 1280711 28367  9076
48.723868690 6093715077 1934946 28351  6829
48.735878441 6095270394 1555317 28363  10475
48.747880831 6096914016 1643622 28358  6628
48.759868815 6098739258 1825242 28354  8646
48.771866370 6100100911 1361653 28354  9001
48.783881234 6102037441 1936530 28357  6941
48.795879381 6103576924 1539483 28353  10134
48.807869405 6105238361 1661437 28354  6966
48.819877950 6107132747 1894386 28355  9178
48.831879378 6108436038 1303291 28363  9218
48.843880752 6110362280 1926242 28362  6605
48.855868519 6111854960 1492680 28368  10288
48.867875864 6113555262 1700302 28356  6386
48.879879238 6115277034 1721772 28352  9295
48.891879549 6116731192 1454158 28361  7949
48.903869039 6118668126 1936934 28363  7849
48.915868167 6120049704 1381578 28359  9905
48.927881042 6121870333 1820629 28366  5974
48.939881056 6123547286 1676953 28357  10324
48.951866173 6125047135 1499849 28352  7472
48.963865771 6126976652 1929517 28358  7860
48.975881875 6128263673 1287021 28359  10117
48.987881007 6130199156 1935483 28360  5686
48.999868017 6131885563 1686407 28357  10402
49.011868157 6133375845 1490282 28364  7938
49.023889689 6135311235 1935390 28352  7953
49.035879903 6136655169 1343934 28371  10080
49.047878687 6138509525 1854356 28361  5718
49.059867915 6140107399 1597874 28360  10430
49.071880690 6141692182 1584783 28361  7501
49.083880743 6143628231 1936049 28347  7685
49.095867478 6145000739 1372508 28366  10054
49.107868265 6146846017 1845278 28361  5765
49.119878406 6148522816 1676799 28359  10475
49.131867243 6150015722 1492906 28360  8048
49.143865575 6151964304 1948582 28351  7633
49.155869438 6153325079 1360775 28356  9918
49.167880976 6155170326 1845247 28354  6014
49.179887121 6156849367 1679041 28375  10070
49.191870305 6158339613 1490246 28353  7617
49.203869533 6160278396 1938783 28367  8346
49.215867410 6161596120 1317724 28358  9873
49.227881071 6163481030 1884910 28357  5952
49.239869885 6165058434 1577404 28356  10091
49.251866609 6166664536 1606102 28361  7881
49.263880874 6168594759 1930223 28349  8209
49.275878364 6169904568 1309809 28360  9532
49.287867199 6171814136 1909568 28364  5629
49.299866936 6173430360 1616224 28356  10237
49.311881401 6174983487 1553127 28343  7884
49.323868722 6176912540 1929053 28351  8559
49.335878522 6178192058 1279518 28364  9778
49.347887407 6180108699 1916641 28360  5289
49.359870154 6181701906 1593207 28352  10450
49.371880315 6183303291 1601385 28345  7441
49.383867346 6185243764 1940473 28355  8225
49.395879074 6186591635 1347871 28363  10191
49.407868141 6188453003 1861368 28357  5721
49.419869072 6190056873 1603870 28358  10336
49.431880203 6191630759 1573886 28363  7686
49.443867704 6193559693 1928934 28353  8098
49.455880238 6194857553 1297860 28361  10028
49.467866396 6196752401 1894848 28351  5364
49.479865657 6198370993 1618592 28356  10133
49.491867667 6199945025 1574032 28363  7688
49.503890669 6201873568 1928543 28350  8186
49.515866436 6203148565 1274997 28361  10111
49.527869470 6205091509 1942944 28365  5938
49.539877875 6206695348 1603839 28354  9741
49.551878983 6208268882 1573534 28369  7869
49.563868386 6210205847 1936965 28356  8045
49.575869414 6211570281 1364434 28372  9904
49.587882751 6213419236 1848955 28355  5981
49.599867528 6215068393 1649157 28358  10214
49.611877416 6216592444 1524051 28362  7883
49.623877724 6218520832 1928388 28360  8001
49.635878676 6219817855 1297023 28367  9947
49.647879999 6221713190 1895335 28349  5912
49.659893951 6223331901 1618711 28366  9861
49.671882074 6224908807 1576906 28368  7506
49.683881716 6226842260 1933453 28358  8216
49.695882019 6228206269 1364009 28365  9780
49.707869970 6230055448 1849179 28369  6076
49.719867244 6231687592 1632144 28360  10344
49.731881142 6233226609 1539017 28361  7337
49.743880320 6235155663 1929054 28351  8045
49.755879141 6236444664 1289001 28357  10077
49.767881622 6238377244 1932580 28353  5546
49.779867109 6240026849 1649605 28358  10471
49.791868779 6241550026 1523177 28357  7883
49.803878364 6243489916 1939890 28362  7969
49.815889612 6244854922 1365006 28362  10074
49.827868489 6246694445 1839523 28351  5694
49.839866167 6248349786 1655341 28353  10466
49.851879622 6249859998 1510212 28358  7385
49.863868319 6251792861 1932863 28363  7678
49.875881272 6253142993 1350132 28355  9970
49.887879250 6255010178 1867185 28355  5747
49.899881972 6256687919 1677741 28357  10422
49.911867385 6258182140 1494221 28349  8136
49.923868326 6260125973 1943833 28350  7418
49.935867167 6261478272 1352299 28355  9844
49.947880965 6263321530 1843258 28359  6088
49.959881663 6264977852 1656322 28372  10015
49.971878263 6266501375 1523523 28366  7965
49.983876200 6268434609 1933234 28357  8068
49.995881678 6269752924 1318315 28360  9853
50.007879536 6271626494 1873570 28364  5854
50.019868550 6273228755 1602261 28359  10084
50.031879941 6274811162 1582407 28361  7793
50.043867615 6276740640 1929478 28357  8112
50.055866210 6278068562 1327922 28367  9487
50.067869797 6279955567 1887005 28359  5740
50.079878251 6281595805 1640238 28352  10282
50.091879492 6283122714 1526909 28368  7860
50.103879813 6285056817 1934103 28372  8439
50.115866547 6286341322 1284505 28349  9743
50.127868578 6288252746 1911424 28354  5254
50.139886729 6289831293 1578547 28351  10462
50.151869900 6291429794 1598501 28358  7295
50.163866384 6293355354 1925560 28356  8377
50.175881218 6294611520 1256166 28356  9712
50.187880823 6296543334 1931814 28347  6198
50.199868020 6298140259 1596925 28359  10269
50.211880391 6299737181 1596922 28359  6997
50.223867422 6301621958 1884777 28354  8660
50.235879066 6302912923 1290965 28366  9183
50.247867477 6304844437 1931514 28361  6238
50.259865654 6306393012 1548575 28352  10147
50.271881046 6308035655 1642643 28356  6603
50.283880649 6309822394 1786739 28361  9228
50.295890108 6311225629 1403235 28367  9052
50.307879075 6313162509 1936880 28362  6877
50.319880296 6314716130 1553621 28354  9712
50.331881650 6316350689 1634559 28366  6452
50.343868427 6318087740 1737051 28355  9410
50.355879985 6319532458 1444718 28353  8290
50.367880256 6321461425 1928967 28354  7566
50.379870317 6322847253 1385828 28348  9922
50.391866557 6324665105 1817852 28364  5995
50.403880029 6326348213 1683108 28349  10099
50.415879223 6327828482 1480269 28357  7609
50.427881574 6329754197 1925715 28354  8329
50.439867335 6331020785 1266588 28359  9729
50.451875285 6332969885 1949100 28367  5367
50.463867253 6334574008 1604123 28352  10148
50.475866667 6336149777 1575769 28360  7832
50.487866628 6338080241 1930464 28352  8279
50.499868035 6339380737 1300496 28361  10179
50.511869520 6341293953 1913216 28347  5310
50.523864977 6342897342 1603389 28356  10180
50.535879962 6344465755 1568413 28356  7893
50.547868036 6346409435 1943680 28364  7845
50.559877397 6347759030 1349595 28349  10050
50.571877648 6349615994 1856964 28361  5880
50.583878965 6351228168 1612174 28368  10234
50.595868325 6352788317 1560149 28364  7878
50.607879681 6354719159 1930842 28357  7897
50.619887971 6355998880 1279721 28360  9951
50.631880239 6357898358 1899478 28360  5793
50.643879996 6359498697 1600339 28360  9740
50.655878457 6361093971 1595274 28360  7325
50.667879605 6363027613 1933642 28359  8444
50.679882289 6364288835 1261222 28353  9987
50.691877616 6366237924 1949089 28352  6182
50.703870101 6367835702 1597778 28372  9795
50.715882088 6369415869 1580167 28371  7270
50.727868189 6371342536 1926667 28354  8583
50.739880890 6372619578 1277042 28355  9654
50.751867703 6374558719 1939141 28360  5793
50.763881461 6376168459 1609740 28347  10401
50.775876676 6377739047 1570588 28359  7707
50.787880446 6379670820 1931773 28352  8196
50.799878148 6380988453 1317633 28353  9705
50.811867321 6382886186 1897733 28356  5917
50.823865656 6384487211 1601025 28347  10234
50.835880833 6386059074 1571863 28360  7478
50.847869164 6387987063 1927989 28356  7845
50.859868288 6389293325 1306262 28382  10063
50.871880199 6391200566 1907241 28356  5807
50.883866834 6392829667 1629101 28358  10571
50.895866588 6394369548 1539881 28356  7642
50.907881406 6396309069 1939521 28346  7476
50.919877139 6397649304 1340235 28360  10104
50.931880617 6399518809 1869505 28370  5764
50.943868724 6401218311 1699502 28354  10133
50.955880149 6402686050 1467739 28363  7918
50.967878203 6404621343 1935293 28353  8025
50.979866694 6405940963 1319620 28366  9986
50.991868008 6407809484 1868521 28349  5712
51.003880962 6409395988 1586504 28352  10307
51.015881980 6410990684 1594696 28356  7420
51.027869027 6412925971 1935287 28365  8077
51.039866671 6414191743 1265772 28355  9712
51.051879949 6416145083 1953340 28368  5868
51.063878827 6417780991 1635908 28356  10239
51.075867391 6419309566 1528575 28364  7789
51.087876388 6421243679 1934113 28366  8277
51.099881542 6422566098 1322419 28365  9462
51.111880600 6424457793 1891695 28355  5756
51.123869861 6426076809 1619016 28361  10204
51.135867409 6427633538 1556729 28361  7855
51.147879436 6429559472 1925934 28354  8155
51.159879624 6430934433 1374961 28364  9906
51.171881367 6432775428 1840995 28358  5825
51.183869432 6434410162 1634734 28354  10166
51.195881166 6435939404 1529242 28356  7647
51.207879044 6437871842 1932438 28357  8311
51.219866917 6439135180 1263338 28360  9689
51.231861682 6441085503 1950323 28358  5366
51.243881593 6442703595 1618092 28358  10178
51.255888620 6444256414 1552819 28353  7891
51.267869094 6446188273 1931859 28357  8205
51.279869275 6447542935 1354662 28345  10163
51.291880153 6449388807 1845872 28364  5202
51.303881800 6450987668 1598861 28364  10128
51.315868145 6452560568 1572900 28357  7782
51.327867002 6454497100 1936532 28358  7999
51.339868560 6455851054 1353954 28349  10025
51.351880664 6457711483 1860429 28360  5840
51.363864865 6459363956 1652473 28343  10320
51.375878059 6460880578 1516622 28360  7883
51.387880570 6462805812 1925234 28350  7824
51.399877681 6464134489 1328677 28355  10000
51.411877005 6466007727 1873238 28356  5690
51.423868335 6467647611 1639884 28353  9814
51.435879577 6469181831 1534220 28363  7437
51.447879755 6471112186 1930355 28361  8241
51.459868468 6472391529 1279343 28355  10017
51.471866569 6474312125 1920596 28359  6136
51.483878577 6475956564 1644439 28358  9794
51.495868811 6477495929 1539365 28363  7419
51.507869265 6479426481 1930552 28354  8441
51.519869653 6480803634 1377153 28364  9732
51.531878547 6482642678 1839044 28357  5743
51.543880471 6484334589 1691911 28361  10459
51.555865825 6485809369 1474780 28360  7704
51.567874360 6487749980 1940611 28364  8116
51.579883310 6489113456 1363476 28364  9799
51.591879865 6490953082 1839626 28359  5779
51.603869178 6492595395 1642313 28355  10205
51.615867586 6494121638 1526243 28365  7455
51.627869197 6496057879 1936241 28357  7837
51.639881155 6497407638 1349759 28346  10034
51.651867728 6499260612 1852974 28356  5809
51.663881543 6500933998 1673386 28353  10574
51.675880563 6502427851 1493853 28354  7628
51.687866755 6504366778 1938927 28360  7409
51.699866445 6505728480 1361702 28364  10160
51.711878733 6507574253 1845773 28365  5932
51.723875834 6509299632 1725379 28350  9934
51.735879098 6510748867 1449235 28363  8298
51.747867962 6512681105 1932238 28366  7610
51.759877183 6514078280 1397175 28357  10202
51.771877494 6515885843 1807563 28365  5860
51.783868188 6517594689 1708846 28350  9927
51.795867682 6519047388 1452699 28361  7718
51.807880426 6520978377 1930989 28359  7655
51.819878301 6522341261 1362884 28353  9796
51.831869398 6524189664 1848403 28365  5788
51.843867502 6525861837 1672173 28352  10196
51.855877730 6527350525 1488688 28372  7832
51.867867454 6529272404 1921879 28359  8205
51.879867398 6530533224 1260820 28355  9390
51.891887986 6532465498 1932274 28360  5880
51.903867390 6534080970 1615472 28355  10274
51.915868403 6535665539 1584569 28357  7746
51.927868715 6537602886 1937347 28364  8230
51.939881589 6538966627 1363741 28360  9897
51.951869986 6540805633 1839006 28364  5850
51.963867394 6542434552 1628919 28348  10197
51.975869865 6543969836 1535284 28364  7674
51.987866412 6545894959 1925123 28351  8266
51.999866046 6547165769 1270810 28353  9705
52.011880604 6549111871 1946102 28355  5407
52.023878245 6550769467 1657596 28348  10101
52.035878019 6552288829 1519362 28365  8151
52.047876453 6554218199 1929370 28359  7866
52.059867978 6555579303 1361104 28351  10166
52.071866118 6557419417 1840114 28359  5212
52.083880636 6559069500 1650083 28355  10173
52.095879704 6560586186 1516686 28348  7935
52.107869904 6562533281 1947095 28362  7741
52.119878281 6563963809 1430528 28357  10227
52.131880459 6565731553 1767744 28360  6156
52.143877630 6567511401 1779848 28365  9779
52.155877901 6568915666 1404265 28352  8592
52.167867865 6570839769 1924103 28361  7060
52.179884239 6572270346 1430577 28359  10257
52.191869670 6574037549 1767203 28360  5871
52.203875521 6575812683 1775134 28356  9385
52.215879815 6577227134 1414451 28366  8714
52.227882009 6579153616 1926482 28364  6956
52.239867060 6580600811 1447195 28358  10257
52.251860674 6582337649 1736838 28357  6140
52.263877986 6584029808 1692159 28356  9572
52.275879769 6585504966 1475158 28356  7607
52.287868476 6587433151 1928185 28349  8258
52.299865044 6588806872 1373721 28358  9731
52.311868825 6590640084 1833212 28360  5683
52.323867359 6592316107 1676023 28371  10418
52.335868141 6593803568 1487461 28356  7671
52.347869078 6595733125 1929557 28357  8264
52.359880272 6597039184 1306059 28362  9700
52.371886616 6598913548 1874364 28361  5862
52.383868530 6600502013 1588465 28362  10256
52.395867658 6602097422 1595409 28362  6883
52.407866936 6604024992 1927570 28358  8346
52.419869353 6605217797 1192805 28351  11328
52.431880137 6606323631 1105834 28348  15091
52.443868138 6608100989 1777358 28358  9174
52.455881689 6608607375 506386 28348  13773
52.467880726 6610530731 1923356 28349  5885
52.479868511 6612115548 1584817 28345  9532
52.491877871 6613714721 1599173 28366  6711
52.503865959 6615521866 1807145 28360  9017
52.515868489 6616888939 1367073 28354  8637
52.527878654 6618811899 1922960 28368  7239
52.539879105 6620250273 1438374 28366  10048
52.551880436 6622003260 1752987 28351  5979
52.563870663 6623679443 1676183 28353  9943
52.575878461 6625160563 1481120 28354  7613
52.587880381 6627082768 1922205 28356  8374
52.599868368 6628342949 1260181 28355  9687
52.611868376 6630282773 1939824 28359  5471
52.623867291 6631883379 1600606 28344  10183
52.635879098 6633460581 1577202 28360  7515
52.647879865 6635379423 1918842 28350  8549
52.659866829 6636630229 1250806 28360  9496
52.671869690 6638567349 1937120 28360  5794
52.683887508 6640161147 1593798 28367  10161
52.695881656 6641756529 1595382 28367  7387
52.707881273 6643685191 1928662 28355  8315
52.719866453 6644949389 1264198 28355  9862
52.731879281 6646881866 1932477 28355  6054
52.743866681 6648518609 1636743 28359  10205
52.755869833 6650073056 1554447 28367  7791
52.767880591 6652003580 1930524 28352  7937
52.779880921 6653358991 1355411 28358  10025
52.791880038 6655203513 1844522 28358  5681
52.803867703 6656818386 1614873 28360  9706
52.815867256 6658376719 1558333 28358  7659
52.827880251 6660313657 1936938 28363  8007
52.839890608 6661668301 1354644 28366  10065
52.851868766 6663509318 1841017 28358  6126
52.863881280 6665114238 1604920 28367  9790
52.875868151 6666673850 1559612 28360  7465
52.887868571 6668600369 1926519 28357  8350
52.899879133 6669949782 1349413 28366  9696
52.911878636 6670902020 952238 28351  16706
52.923880161 6672147733 1245713 28359  14816
52.935867925 6672755508 607775 28354  25101
52.947873026 6673409455 653947 28366  24542
52.959868063 6674011452 601997 28363  25201
52.971867678 6674664411 652959 28366  24599
52.983879195 6675033783 369372 28349  25144
52.995866986 6675646433 612650 28363  24938
53.007888574 6676306321 659888 28373  24351
53.019879574 6676913823 607502 28355  24987
53.031881518 6677575154 661331 28365  24697
53.043870303 6678183612 608458 28359  25115
53.055880870 6678847439 663827 28354  24978
53.067867703 6679455985 608546 28364  25180
53.079866575 6680119400 663415 28358  24932
53.091880703 6680728513 609113 28360  25325
53.103880836 6681393407 664894 28365  24998
53.115879384 6682003374 609967 28361  25589
53.127868748 6682664516 661142 28360  24834
53.139879233 6683272957 608441 28353  25304
53.151868036 6683932264 659307 28357  24667
53.163887504 6684540228 607964 28371  25325
53.175869275 6685202542 662314 28360  24925
53.187868289 6685807198 604656 28360  25034
53.199879740 6686471298 664100 28360  24982
53.211866817 6687080339 609041 28357  25291
53.223868935 6687744551 664212 28358  25217
53.235867409 6688351064 606513 28347  25250
53.247878656 6689013151 662087 28364  24884
53.259868033 6689621946 608795 28359  25377
53.271868431 6690282475 660529 28371  24795
53.283877946 6690889376 606901 28357  25419
53.295879050 6691549200 659824 28358  24613
53.307867881 6692154279 605079 28348  25215
53.319887758 6692814853 660574 28364  24677
53.331866645 6693423593 608740 28359  25445
53.343879733 6694086242 662649 28345  25131
53.355881231 6694691859 605617 28357  25100
53.367867788 6695352106 660247 28355  24835
53.379882269 6695956978 604872 28374  25109
53.391880306 6696618929 661951 28364  25075
53.403866519 6697224863 605934 28344  25410
53.415866120 6697880042 655179 28357  24500
53.427881306 6698487300 607258 28350  25355
53.439877273 6699146958 659658 28352  24779
53.451878240 6699752770 605812 28364  25492
53.463867971 6700412237 659467 28350  24764
53.475887313 6701017862 605625 28347  25330
53.487868319 6701680332 662470 28351  25008
53.499878371 6702287728 607396 28354  25181
53.511882218 6702950306 662578 28360  25153
53.523881752 6703556538 606232 28352  25043
53.535871046 6704217383 660845 28356  24882
53.547867387 6704823890 606507 28366  25169
53.559870274 6705485732 661842 28350  24935
53.571866422 6706095345 609613 28345  25517
53.583878336 6706753111 657766 28359  24524
53.595879317 6707359858 606747 28355  25262
53.607866937 6708020432 660574 28364  24803
53.619869805 6708630753 610321 28355  25590
53.631880903 6709286481 655728 28347  24705
53.643875933 6709894119 607638 28358  25162
53.655881387 6710552294 658175 28350  24867
53.667866388 6711158036 605742 28354  25176
53.679868375 6711817136 659100 28358  24964
53.691879813 6712422668 605532 28349  25060
53.703883417 6713080436 657768 28359  24848
53.715880035 6713687926 607490 28349  25282
53.727881395 6714345949 658023 28368  24844
53.739878570 6714953572 607623 28353  25486
53.751866330 6715611070 657498 28356  24678
53.763867292 6716218612 607542 28367  25397
53.775876909 6716874321 655709 28358  24647
53.787878919 6717480916 606595 28358  25361
53.799876350 6718138230 657314 28348  24911
53.811880925 6718740008 601778 28356  24855
53.823868992 6719397213 657205 28358  24818
53.835879392 6720002833 605620 28366  25217
53.847879990 6720661741 658908 28357  25099
53.859868067 6721266204 604463 28357  25148
53.871868772 6721921694 655490 28357  24833
53.883866766 6722525795 604101 28353  25199
53.895868004 6723181317 655522 28351  24735
53.907869351 6723786800 605483 28350  25409
53.919879165 6724441043 654243 28369  24681
53.931869169 6725044907 603864 28354  25274
53.943868474 6725700040 655133 28351  24694
53.955894567 6726307928 607888 28366  25217
53.967882051 6726962622 654694 28367  25238
53.979867726 6727593979 631357 28361  24674
53.991879840 6728219740 625761 28355  25112
54.003865734 6728876475 656735 28349  24889
54.015881774 6729484222 607747 28358  25556
54.027883789 6730139428 655206 28361  24816
54.039881486 6730743645 604217 28360  25184
54.051880871 6731401048 657403 28360  24905
54.063879948 6731912389 511341 28345  25257
54.075881022 6732357272 444883 28348  25193
54.087867333 6732934478 577206 28357  23087
54.099880817 6733377403 442925 28344  21265
54.111890405 6733981493 604090 28371  24708
54.123869062 6734635281 653788 28370  24482
54.135865843 6735237608 602327 28361  25219
54.147881316 6735892799 655191 28358  24933
54.159868141 6736494901 602102 28358  25088
54.171879856 6737150003 655102 28362  24887
54.183866986 6737754107 604104 28370  25364
54.195868733 6738405585 651478 28358  25157
54.207880928 6738760870 355285 28345  25080
54.219868945 6739367600 606730 28354  24805
54.231868945 6740020873 653273 28366  24246
54.243879841 6740623658 602785 28368  25169
54.255879248 6741278523 654865 28355  24892
54.267879458 6741879402 600879 28357  25440
54.279876819 6742530274 650872 28353  24590
54.291880130 6743131530 601256 28351  25383
54.303879721 6743784634 653104 28346  25074
54.315868118 6744385748 601114 28369  25430
54.327881689 6745039014 653266 28369  25259
54.339867910 6745639464 600450 28364  25360
54.351878817 6746290337 650873 28372  25064
54.363880845 6746886649 596312 28355  25169
54.375866999 6748920187 2033538 90409  81714
54.387881143 6749566729 646542 28360  24923
54.399880670 6750189288 622559 28364  25172
54.411879758 6750817016 627728 28353  25387
54.423867508 6751465866 648850 28356  24859
54.435889673 6752063952 598086 28358  25511
54.447880180 6752709593 645641 28360  24834
54.459881351 6753306649 597056 28354  25367
54.471880752 6753954986 648337 28362  25199
54.483880260 6754550498 595512 28354  25076
54.495867653 6755194913 644415 28362  24812
54.507878951 6755790939 596026 28366  25254
54.519869675 6756439360 648421 28363  25182
54.531864282 6757040916 601556 28363  25449
54.543867303 6757680363 639447 28360  24741
54.555880268 6758327788 647425 28367  25133
54.567868362 6758922602 594814 28357  25439
54.579868909 6759569865 647263 28353  25140
54.591887027 6760163081 593216 28350  25203
54.603868017 6760806584 643503 28358  24892
54.615868032 6761399578 592994 28351  25270
54.627871339 6762043613 644035 28359  24917
54.639867589 6762638150 594537 28374  25507
54.651867973 6763282206 644056 28363  24788
54.663880945 6763876637 594431 28372  25520
54.675867232 6764516511 639874 28357  24714
54.687879019 6765152561 636050 28349  25265
54.699878280 6765755703 603142 28367  25482
54.711879514 6766396617 640914 28355  24684
54.723865775 6766988926 592309 28356  25465
54.735880619 6767630136 641210 28368  24925
54.747889264 6768222820 592684 28349  25504
54.759867484 6768863366 640546 28362  24818
54.771879255 6769455589 592223 28353  25419
54.783880099 6770096043 640454 28362  25032
54.795879569 6770687250 591207 28358  25342
54.807867974 6771328814 641564 28356  25200
54.819882044 6771968580 639766 28355  24798
54.831867818 6772558951 590371 28353  25486
54.843878873 6773196869 637918 28354  24860
54.855867953 6773787816 590947 28353  25473
54.867869098 6774428570 640754 28355  25250
54.879868271 6775015690 587120 28356  24964
54.891866829 6775652549 636859 28366  24978
54.903868076 6776242308 589759 28356  25357
54.915876391 6776882301 639993 28360  25272
54.927882015 6777500915 618614 28357  25030
54.939879123 6778108487 607572 28353  25256
54.951869236 6778747135 638648 28352  25180
54.963866547 6779334125 586990 28356  25271
54.975867805 6779972207 638082 28353  25231
54.987879232 6780559664 587457 28358  25241
54.999879530 6781196424 636760 28358  25048
55.011866623 6781781623 585199 28352  25244
55.023869731 6782419512 637889 28364  25104
55.035881375 6783034561 615049 28360  25449
55.047880410 6783641103 606542 28361  24883
55.059879873 6784277998 636895 28360  25172
55.071876715 6784863843 585845 28361  25424
55.083868432 6785499739 635896 28357  25267
55.095866799 6786085001 585262 28361  25218
55.107867089 6786717219 632218 28363  24939
55.119880274 6787302982 585763 28349  25526
55.131881082 6787937132 634150 28362  24977
55.143880475 6788548463 611331 28375  25451
55.155869239 6789157436 608973 28365  25199
55.167867920 6789791972 634536 28367  25153
55.179878615 6790374271 582299 28353  25336
55.191878379 6791007486 633215 28357  25100
55.203869106 6791593571 586085 28346  25754
55.215866759 6792222687 629116 28364  24715
55.227887358 6792806823 584136 28362  25532
55.239879749 6793438029 631206 28360  25002
55.251866876 6794071843 633814 28365  25279
55.263879727 6794654617 582774 28362  25487
55.275879591 6795286525 631908 28359  25188
55.287870161 6795869736 583211 28360  25585
55.299881472 6796499646 629910 28363  25036
55.311881189 6797084481 584835 28360  25709
55.323867546 6797712450 627969 28357  24923
55.335880828 6798343716 631266 28355  25168
55.347866886 6798922782 579066 28359  25309
55.359867216 6799554929 632147 28363  25249
55.371879056 6807067619 7512690 341859  312803
55.383877594 6807647015 579396 28363  25467
55.395881209 6808274807 627792 28360  25359
55.407879953 6808853977 579170 28352  25367
55.419880793 6809480075 626098 28365  25191
55.431866711 6810073272 593197 28356  25383
55.443883682 6810684232 610960 28358  25223
55.455879123 6811311719 627487 28362  25376
55.467867560 6811889033 577314 28353  25348
55.479867807 6812514023 624990 28357  25152
55.491880595 6813089625 575602 28344  25316
55.503867648 6813716424 626799 28352  25266
55.515860676 6814342606 626182 28366  25400
55.527881943 6814918691 576085 28353  25363
55.539868348 6815541705 623014 28362  25157
55.551888843 6816118154 576449 28351  25443
55.563869253 6816742721 624567 28360  25370
55.575868050 6817318441 575720 28353  25384
55.587869624 6817941106 622665 28358  25157
55.599867488 6818564387 623281 28353  25191
55.611882046 6819140411 576024 28364  25455
55.623868480 6819763406 622995 28346  25379
55.635880590 6820340330 576924 28364  25536
55.647880418 6820962860 622530 28363  25198
55.659868629 6821542477 579617 28355  25230
55.671880283 6822160318 617841 28356  25468
55.683867314 6822781359 621041 28369  25328
55.695868491 6823355231 573872 28355  25270
55.707877122 6823975300 620069 28365  25169
55.719870356 6824550569 575269 28365  25486
55.731878704 6825173305 622736 28372  25444
55.743880331 6825794466 621161 28358  25096
55.755878458 6826367701 573235 28354  25518
55.767866442 6826987718 620017 28353  25258
55.779869639 6827562905 575187 28366  25509
55.791868514 6828182504 619599 28362  25343
55.803869351 6828803078 620574 28362  25198
55.815865565 6829376508 573430 28354  25608
55.827878399 6829992085 615577 28358  24964
55.839867210 6830568272 576187 28360  25696
55.851878964 6831186905 618633 28366  25365
55.863880561 6831806604 619699 28367  25215
55.875881216 6832378675 572071 28356  25688
55.887877810 6832996376 617701 28360  25319
55.899867950 6833569024 572648 28368  25739
55.911870195 6834184247 615223 28362  25103
55.923870182 6834802514 618267 28359  25271
55.935878186 6835370324 567810 28355  25568
55.947867943 6835986770 616446 28359  25235
55.959880031 6836557192 570422 28353  25848
55.971879768 6837171591 614399 28360  25054
55.983877683 6837762981 591390 28361  25409
55.995867190 6838352681 589700 28358  25268
56.007877547 6838969101 616420 28355  25515
56.019866531 6839538304 569203 28368  25800
56.031874909 6840149128 610824 28355  24984
56.043867223 6840720851 571723 28363  25528
56.055869400 6841328734 607883 28357  25347
56.067868997 6841941742 613008 28353  25397
56.079878752 6842508239 566497 28359  25477
56.091881216 6843119854 611615 28354  25290
56.103868290 6843685448 565594 28356  25552
56.115868264 6844296155 610707 28372  25227
56.127869688 6844907839 611684 28358  25575
56.139869279 6845473652 565813 28349  25550
56.151880259 6846080495 606843 28372  25128
56.163880281 6846644881 564386 28366  25509
56.175868308 6847256276 611395 28354  25552
56.187875492 6847863001 606725 28350  25218
56.199882229 6848427628 564627 28368  25541
56.211880700 6849034415 606787 28365  25316
56.223882558 6849599900 565485 28377  25677
56.235878888 6850209124 609224 28354  25495
56.247868279 6850815313 606189 28344  25158
56.259878186 6851377853 562540 28353  25598
56.271879113 6851981600 603747 28361  25106
56.283878711 6852559537 577937 28369  25539
56.295879399 6853151962 592425 28351  25693
56.307881730 6853755560 603598 28356  25013
56.319870387 6854317192 561632 28363  25684
56.331867704 6854920624 603432 28351  25094
56.343888755 6855517813 597189 28364  25662
56.355867593 6856087361 569548 28350  25441
56.367880960 6862044017 5956656 282697  259806
56.379889458 6862638256 594239 27805  24936
56.391872492 6863201576 563320 28350  25499
56.403882285 6863796364 594788 28366  25522
56.415868233 6864394823 598459 28354  25214
56.427870644 6864951927 557104 28364  25688
56.439867614 6865548330 596403 28356  25141
56.451870849 6866136655 588325 28372  25395
56.463869182 6866706895 570240 28351  25981
56.475867570 6867302697 595802 28357  25003
56.487881694 6867858992 556295 28350  25775
56.499885699 6868456272 597280 28367  25295
56.511869019 6869056016 599744 28361  25606
56.523878309 6869610313 554297 28344  25538
56.535880834 6870206383 596070 28359  25341
56.547879808 6870759445 553062 28356  25711
56.559881029 6871354869 595424 28358  25171
56.571880856 6871952441 597572 28352  25623
56.583880587 6872506270 553829 28358  25651
56.595881364 6873101921 595651 28367  25394
56.607867311 6873669485 567564 28361  25488
56.619880653 6874249775 580290 28359  25552
56.631880860 6874845321 595546 28355  25631
56.643883358 6875395993 550672 28356  25411
56.655867711 6875988769 592776 28355  25332
56.667887185 6876583185 594416 28361  25374
56.679880966 6877135718 552533 28349  25970
56.691867310 6877726615 590897 28361  25124
56.703870918 6878277953 551338 28363  25723
56.715867288 6878870331 592378 28363  25461
56.727872525 6879463619 593288 28363  25388
56.739867989 6880014734 551115 28353  25976
56.751868290 6880606343 591609 28357  25314
56.763867761 6881196568 590225 28360  25295
56.775867162 6881744676 548108 28352  25648
56.787868769 6882336988 592312 28353  25614
56.799868897 6882895316 558328 28362  25746
56.811871531 6883476039 580723 28360  25391
56.823888455 6884064969 588930 28359  25465
56.835881872 6884613847 548878 28354  25701
56.847867566 6885203232 589385 28347  25523
56.859880621 6885792231 588999 28367  25391
56.871881214 6886340103 547872 28362  25842
56.883881286 6886924318 584215 28355  25199
56.895880149 6887481842 557524 28361  25564
56.907868553 6888059729 577887 28354  25854
56.919868743 6888643393 583664 28358  25087
56.931880371 6889189376 545983 28350  25765
56.943879179 6889775288 585912 28361  25334
56.955880350 6890363282 587994 28356  25691
56.967881263 6890909055 545773 28361  25695
56.979888531 6891492828 583773 28359  25361
56.991873238 6892080229 587401 28367  25534
57.003867129 6892622382 542153 28359  25598
57.015880147 6893207446 585064 28354  25655
57.027868477 6893751131 543685 28358  25668
57.039870385 6894334484 583353 28365  25401
57.051869589 6894915650 581166 28359  25267
57.063869579 6895459702 544052 28355  25962
57.075875304 6896044619 584917 28358  25945
57.087864567 6896626589 581970 28355  25518
57.099866792 6897168984 542395 28349  25957
57.111867246 6897750347 581363 28353  25632
57.123881487 6898307482 557135 28366  25940
57.135878127 6898874835 567353 28360  25669
57.147881381 6899455856 581021 28368  25582
57.159881269 6899996796 540940 28359  25846
57.171881189 6900576419 579623 28361  25406
57.183869113 6901159542 583123 28347  25906
57.195880161 6901699817 540275 28361  25680
57.207880445 6902277991 578174 28357  25429
57.219880933 6902859132 581141 28350  25473
57.231869050 6903400840 541708 28346  26105
57.243868410 6903978686 577846 28370  25428
57.255868288 6904558439 579753 28369  25521
57.267879805 6905096323 537884 28365  25851
57.279880516 6905673621 577298 28349  25391
57.291868550 6906213876 540255 28357  25876
57.303889081 6906791357 577481 28368  25471
57.315881542 6907369332 577975 28360  25538
57.327881285 6907906643 537311 28358  25790
57.339881567 6908483304 576661 28365  25423
57.351883464 6909063363 580059 28348  25885
57.363867181 6909598992 535629 28342  25535
57.374908820 6916600252 7001260 345302  318724
57.386870446 6917133421 533169 28364  25811
57.398883677 6917706201 572780 28356  25557
57.410881722 6918237918 531717 28353  25612
57.422882115 6918812210 574292 28353  25627
57.434867002 6919386087 573877 28359  25883
57.446866399 6919917749 531662 28359  25620
57.458889501 6920489343 571594 28358  25614
57.470869608 6921059587 570244 28343  25500
57.482867605 6921592550 532963 28352  25946
57.494870986 6922162847 570297 28357  25528
57.506867213 6922732498 569651 28345  25534
57.518880828 6923263937 531439 28360  25808
57.530879958 6923831847 567910 28365  25357
57.542881863 6924403736 571889 28353  25957
57.554880640 6924934371 530635 28353  25745
57.566869847 6925500587 566216 28360  25432
57.578866947 6926069503 568916 28356  25507
57.590884182 6926600854 531351 28347  26049
57.602880833 6927167136 566282 28360  25515
57.614889750 6927734643 567507 28376  25507
57.626871607 6928262721 528078 28347  25877
57.638886082 6928829970 567249 28363  25507
57.650869449 6929398422 568452 28360  25720
57.662870386 6929927488 529066 28356  25940
57.674882087 6930494054 566566 28362  25606
57.686878987 6931059935 565881 28358  25456
57.698867119 6931588930 528995 28359  26037
57.710867656 6932153823 564893 28367  25722
57.722868543 6932719032 565209 28361  25454
57.734879401 6933245091 526059 28348  25833
57.746867951 6933808392 563301 28353  25499
57.758867261 6934375735 567343 28351  25736
57.770878546 6934899698 523963 28349  25781
57.782867483 6935463945 564247 28364  25668
57.794881734 6935998939 534994 28356  25685
57.806869558 6936552952 554013 28342  25722
57.818883573 6937116359 563407 28349  25843
57.830866840 6937661769 545410 28358  25554
57.842870320 6938200931 539162 28353  25665
57.854870000 6938761615 560684 28353  25628
57.866879942 6939296806 535191 28374  26071
57.878880065 6939849642 552836 28360  25617
57.890878372 6940409999 560357 28353  25607
57.902872527 6940934121 524122 28350  25997
57.914868111 6941493790 559669 28358  25590
57.926883595 6942054572 560782 28346  25822
57.938889193 6942578377 523805 28361  25983
57.950881347 6943137443 559066 28357  25624
57.962878897 6943693423 555980 28359  25401
57.974871008 6944217883 524460 28359  26003
57.986872001 6944777010 559127 28354  25831
57.998869849 6945333716 556706 28363  25585
58.010881020 6945856404 522688 28360  25876
58.022869198 6946414327 557923 28368  25695
58.034879021 6946972904 558577 28341  25882
58.046880953 6947494577 521673 28357  25964
58.058880286 6948050521 555944 28357  25679
58.070884053 6948604344 553823 28359  25404
58.082881475 6949125786 521442 28365  26046
58.094877908 6949682831 557045 28355  25861
58.106868165 6950236242 553411 28359  25487
58.118866333 6950756453 520211 28354  25931
58.130880177 6951310340 553887 28354  25546
58.142881292 6951866951 556611 28359  25980
58.154881529 6952386944 519993 28348  25862
58.166882389 6952941364 554420 28353  25688
58.178871890 6953495138 553774 28355  25628
58.190868341 6954014824 519686 28368  26035
58.202879671 6954568190 553366 28358  25720
58.214880462 6955121532 553342 28374  25670
58.226869043 6955648017 526485 28372  25809
58.238868387 6956190596 542579 28360  25545
58.250880124 6956745198 554602 28355  25894
58.262881485 6957280944 535746 28359  25811
58.274880283 6957813815 532871 28355  25626
58.286879783 6958364960 551145 28342  25656
58.298867900 6958894255 529295 28370  25969
58.310881675 6959435158 540903 28347  25938
58.322869938 6959985210 550052 28364  25700
58.334868999 6960537576 552366 28352  25568
58.346879873 6961049102 511526 28358  25761
58.358881018 6961601637 552535 28368  25909
58.370867475 6968421285 6819648 353993  328342
58.382871612 6968969073 547788 28357  25834
58.394868902 6969517104 548031 28350  25903
58.406879180 6970028333 511229 28358  25759
58.418879481 6970572070 543737 28362  25510
58.430867974 6971118084 546014 28355  25757
58.442866889 6971630152 512068 28346  26177
58.454866243 6972174808 544656 28358  25582
58.466881154 6972720216 545408 28362  25631
58.478866578 6973231408 511192 28357  25972
58.490881526 6973773053 541645 28365  25558
58.502880036 6974319505 546452 28348  26019
58.514867470 6974828966 509461 28354  25837
58.526871213 6975371262 542296 28363  25581
58.538879751 6975913754 542492 28351  25653
58.550880848 6976424161 510407 28357  26122
58.562868040 6976967170 543009 28346  25670
58.574876673 6977509060 541890 28362  25635
58.586882708 6978041597 532537 28355  25836
58.598881525 6978560412 518815 28365  25898
58.610882179 6979103664 543252 28355  25889
58.622879713 6979645656 541992 28357  25792
58.634881907 6980153137 507481 28356  25900
58.646867914 6980692071 538934 28363  25591
58.658867804 6981234250 542179 28364  25864
58.670880359 6981743717 509467 28358  26209
58.682879806 6982281618 537901 28385  25401
58.694878967 6982821949 540331 28352  25763
58.706867384 6983328663 506714 28366  26030
58.718879325 6983869669 541006 28354  25890
58.730889853 6984408520 538851 28358  25721
58.742880613 6984914786 506266 28351  25879
58.754868690 6985453411 538625 28353  25753
58.766869875 6985991568 538157 28357  25799
58.778868122 6986533692 542124 28365  25953
58.790867412 6987035360 501668 28344  25657
58.802869373 6987573135 537775 28375  25801
58.814881164 6988112478 539343 28364  25871
58.826883992 6988618263 505785 28349  26325
58.838868779 6989156609 538346 28358  25742
58.850869086 6989693502 536893 28348  25706
58.862867649 6990198767 505265 28351  26084
58.874878711 6990734666 535899 28364  25766
58.886877594 6991272793 538127 28349  25989
58.898870932 6991784543 511750 28363  25833
58.910868159 6992311634 527091 28353  25805
58.922880697 6992845968 534334 28365  25628
58.934882298 6993384849 538881 28363  26055
58.946867605 6993887247 502398 28348  25988
58.958878723 6994422457 535210 28367  25769
58.970881226 6994958451 535994 28362  25909
58.982881610 6995461581 503130 28369  26118
58.994871414 6995995727 534146 28356  25875
59.006869465 6996529630 533903 28353  25870
59.018880885 6997042546 512916 28373  25814
59.030868319 6997563851 521305 28356  25861
59.042874954 6998098811 534960 28361  26050
59.054882697 6998632082 533271 28350  25849
59.066879465 6999132004 499922 28355  25890
59.078882532 6999663330 531326 28362  25845
59.090884214 7000195147 531817 28350  25974
59.102867994 7000696789 501642 28375  26186
59.114868504 7001227350 530561 28357  25933
59.126868761 7001757004 529654 28358  25662
59.138867756 7002269920 512916 28359  25752
59.150881403 7002783292 513372 28356  26092
59.162881841 7003313119 529827 28359  25941
59.174881058 7003841048 527929 28358  25553
59.186879858 7004339028 497980 28360  26135
59.198869112 7004866829 527801 28353  25950
59.210887360 7005395624 528795 28358  26022
59.222869847 7005892944 497320 28367  26054
59.234869831 7006420003 527059 28363  25725
59.246871465 7006945089 525086 28352  25742
59.258869372 7007474166 529077 28361  25829
59.270881770 7007969883 495717 28348  26407
59.282868581 7008493072 523189 28368  25435
59.294879579 7009019568 526496 28353  25873
59.306880216 7009515005 495437 28368  26090
59.318868579 7010041633 526628 28361  26119
59.330867170 7010566938 525305 28362  25795
59.342881848 7011071455 504517 28357  25821
59.354880815 7011584209 512754 28355  25872
59.366878232 7018210656 6626447 359417  334469
59.379889133 7018693819 483163 27794  25458
59.391882547 7019215354 521535 28348  25970
59.403880325 7019736747 521393 28363  26034
59.415882892 7020256077 519330 28364  25685
59.427877925 7020746080 490003 28361  26071
59.439879220 7021264990 518910 28354  25990
59.451870927 7021785266 520276 28350  26082
59.463866634 7022307032 521766 28357  25838
59.475868418 7022794393 487361 28353  26083
59.487881726 7023310019 515626 28350  25676
59.499867973 7023828220 518201 28366  25876
59.511867510 7024319321 491101 28360  26460
59.523877558 7024834226 514905 28354  25707
59.535867355 7025351907 517681 28364  26195
59.547879226 7025871118 519211 28362  26117
59.559869013 7026357681 486563 28349  26500
59.571867447 7026873429 515748 28359  25998
59.583870530 7027389475 516046 28361  25963
59.595878735 7027876968 487493 28356  26300
59.607868395 7028391542 514574 28363  25951
59.619868716 7028908943 517401 28357  26254
59.631879854 7029424938 515995 28368  25815
59.643880858 7029909699 484761 28359  26243
59.655867055 7030423876 514177 28373  25931
59.667868506 7030939113 515237 28350  26212
59.679879874 7031425079 485966 28360  26079
59.691890114 7031937428 512349 28349  25884
59.703868921 7032450501 513073 28362  25902
59.715867278 7032963149 512648 28353  25833
59.727880199 7033448187 485038 28341  26418
59.739882123 7033960864 512677 28369  25885
59.751882181 7034472356 511492 28352  25906
59.763881605 7034966024 493668 28363  26151
59.775880712 7035469737 503713 28359  26308
59.787879432 7035980562 510825 28371  25939
59.799867903 7036491209 510647 28354  25853
59.811868064 7036974580 483371 28358  26269
59.823881621 7037485268 510688 28355  26035
59.835868352 7037995403 510135 28353  26048
59.847877149 7038506531 511128 28352  26017
59.859867169 7038987836 481305 28356  26139
59.871881061 7039495750 507914 28367  25844
59.883880244 7040006545 510795 28352  26211
59.895866708 7040518509 511964 28365  26036
59.907868478 7040997178 478669 28371  26131
59.919869750 7041504819 507641 28361  25965
59.931880493 7042012321 507502 28359  26025
59.943868704 7042494615 482294 28370  26327
59.955869375 7043001963 507348 28357  26012
59.967879382 7043509347 507384 28375  25873
59.979879933 7044015667 506320 28351  25877
59.991869130 7044497317 481650 28368  26432
60.003879744 7045004773 507456 28357  26117
60.015882012 7045508776 504003 28360  25706
60.027881566 7046015996 507220 28346  26003
60.039871257 7046493765 477769 28358  26307
60.051867631 7046999743 505978 28355  26077
60.063881874 7047504311 504568 28353  25981
60.075881192 7048012025 507714 28364  25840
60.087882046 7048486364 474339 28349  26148
60.099867806 7048991669 505305 28377  26080
60.111881934 7049499011 507342 28349  26318
60.123879405 7049993523 494512 28374  25842
60.135865895 7050479582 486059 28349  26173
60.147870052 7050981473 501891 28362  25973
60.159888657 7051486161 504688 28347  26218
60.171883007 7051963062 476901 28364  26208
60.183869804 7052465368 502306 28365  25878
60.195869205 7052966258 500890 28369  25922
60.207880102 7053469745 503487 28356  26107
60.219880290 7053946419 476674 28360  26443
60.231866850 7054447112 500693 28353  25832
60.243868178 7054948717 501605 28358  26094
60.255871421 7055450782 502065 28357  26077
60.267881706 7055926510 475728 28361  26537
60.279868316 7056427563 501053 28355  25939
60.291869377 7056926869 499306 28352  25943
60.303879935 7057428211 501342 28359  25947
60.315881385 7057900482 472271 28353  26306
60.327875325 7058403252 502770 28359  26372
60.339881110 7058900760 497508 28364  25743
60.351880627 7059403049 502289 28350  26072
60.363881517 7067077639 7674590 436996  408788
60.379901021 7067541912 464273 27950  25801
60.391868831 7068037426 495514 28378  26029
60.403867919 7068531631 494205 28340  26033
60.415880903 7069007764 476133 28359  26332
60.427867777 7069499255 491491 28350  26493
60.439868871 7069989946 490691 28369  25767
60.451868402 7070484439 494493 28364  26196
60.463876069 7070956860 472421 28364  26195
60.475879987 7071446794 489934 28355  26360
60.487877844 7071940705 493911 28363  26083
60.499868797 7072432770 492065 28347  25964
60.511871532 7072913821 481051 28365  26072
60.523881409 7073390160 476339 28352  26156
60.535868913 7073884172 494012 28377  26376
60.547881060 7074372075 487903 28347  25764
60.559880037 7074842473 470398 28355  26235
60.571880425 7075329128 486655 28351  26127
60.583868408 7075817966 488838 28370  26139
60.595870699 7076308804 490838 28350  26085
60.607879923 7076781210 472406 28371  26069
60.619881224 7077263508 482298 28362  26213
60.631882984 7077750967 487459 28370  26027
60.643877415 7078241736 490769 28356  26349
60.655880392 7078718016 476280 28366  25963
60.667879543 7079192690 474674 28354  26264
60.679880717 7079680400 487710 28367  26149
60.691882124 7080169114 488714 28359  26342
60.703882718 7080659974 490860 28361  26035
60.715867172 7081120678 460704 28350  26301
60.727867186 7081607665 486987 28369  26113
60.739869117 7082093060 485395 28371  26013
60.751879821 7082583438 490378 28358  26372
60.763883662 7083044822 461384 28355  26233
60.775869332 7083529996 485174 28363  26063
60.787866426 7084015123 485127 28367  26071
60.799876187 7084501517 486394 28362  26277
60.811880731 7084962546 461029 28365  26232
60.823867138 7085446592 484046 28357  26029
60.835872922 7085930300 483708 28360  26511
60.847876574 7086414860 484560 28368  26333
60.859868433 7086876637 461777 28349  26830
60.871868177 7087360334 483697 28350  26278
60.883881021 7087842653 482319 28355  26263
60.895882542 7088326721 484068 28354  26369
60.907879183 7088787300 460579 28366  26686
60.919867787 7089271942 484642 28342  26461
60.931882994 7089752527 480585 28362  26080
60.943880805 7090234781 482254 28351  26286
60.955877339 7090692843 458062 28374  26352
60.967880772 7091176752 483909 28352  26506
60.979879693 7091658611 481859 28382  26192
60.991869241 7092139343 480732 28349  26105
61.003879858 7092623923 484580 28361  26273
61.015881219 7093080193 456270 28348  26579
61.027867698 7093562742 482549 28356  26288
61.039867682 7094042401 479659 28358  26083
61.051881423 7094523588 481187 28346  26266
61.063867947 7094980894 457306 28361  26412
61.075879241 7095462435 481541 28349  26408
61.087869769 7095941086 478651 28359  26065
61.099881192 7096419499 478413 28361  26183
61.111869706 7096895880 476381 28374  26265
61.123891137 7097357445 461565 28361  26587
61.135868471 7097837704 480259 28353  26283
61.147868228 7098315269 477565 28353  26114
61.159882269 7098794422 479153 28353  26236
61.171869266 7099248644 454222 28365  26360
61.183869513 7099728741 480097 28346  26440
61.195880991 7100205645 476904 28357  26123
61.207879982 7100682253 476608 28360  26126
61.219879062 7101143499 461246 28359  26406
61.231879657 7101615251 471752 28350  26380
61.243871070 7102093629 478378 28366  26324
61.255881994 7102569767 476138 28348  26103
61.267868658 7103047622 477855 28360  26251
61.279890666 7103500874 453252 28340  26463
61.291868323 7103977921 477047 28358  26390
61.303882267 7104452446 474525 28363  26135
61.315879241 7104926917 474471 28358  26136
61.327867161 7105383249 456332 28358  26367
61.339883679 7105857411 474162 28347  26492
61.351877316 7106333347 475936 28346  26303
61.363868157 7113681470 7348123 439744  413495
61.379900820 7114144902 463432 27729  25678
61.391881021 7114618891 473989 28364  26368
61.403867078 7115065545 446654 28349  26242
61.415867601 7115535818 470273 28371  26243
61.427868933 7116005545 469727 28364  26386
61.439879833 7116476350 470805 28346  26431
61.451881561 7116941174 464824 28355  26133
61.463883891 7117392645 451471 28356  26323
61.475884352 7117859012 466367 28368  26111
61.487879519 7118327898 468886 28361  26327
61.499869093 7118797644 469746 28355  26415
61.511881904 7119243896 446252 28347  26194
61.523868904 7119711160 467264 28357  26234
61.535869245 7120178448 467288 28368  26354
61.547868039 7120647071 468623 28341  26444
61.559868686 7121116265 469194 28368  26247
61.571880377 7121560813 444548 28355  26372
61.583868581 7122025859 465046 28362  26147
61.595881138 7122491882 466023 28364  26293
61.607890219 7122958884 467002 28352  26419
61.619869130 7123428016 469132 28382  26078
61.631867853 7123870276 442260 28358  26456
61.643880241 7124336258 465982 28351  26409
61.655868155 7124802444 466186 28359  26368
61.667881135 7125266968 464524 28353  26270
61.679879909 7125727466 460498 28364  26220
61.691881246 7126175641 448175 28354  26295
61.703867430 7126641034 465393 28380  26402
61.715879571 7127105466 464432 28366  26314
61.727880991 7127569245 463779 28370  26106
61.739866888 7128012443 443198 28365  26367
61.751880126 7128476795 464352 28352  26414
61.763878007 7128940699 463904 28379  26375
61.775869477 7129403175 462476 28366  26254
61.787880765 7129866601 463426 28358  26219
61.799881049 7130307898 441297 28358  26307
61.811868916 7130769283 461385 28349  26314
61.823880744 7131231548 462265 28366  26363
61.835881991 7131691122 459574 28352  25989
61.847879714 7132154538 463416 28363  26248
61.859868238 7132594041 439503 28359  26500
61.871868499 7133055680 461639 28359  26363
61.883868553 7133514593 458913 28361  26256
61.895868307 7133975218 460625 28360  26246
61.907879385 7134437235 462017 28366  26275
61.919874282 7134875872 438637 28352  26631
61.931881130 7135336199 460327 28357  26460
61.943879992 7135792861 456662 28370  26014
61.955880694 7136250382 457521 28359  26263
61.967867347 7136712117 461735 28366  26408
61.979880374 7137149414 437297 28356  26574
61.991867911 7137607748 458334 28357  26422
62.003882626 7138064642 456894 28366  26231
62.015868036 7138520978 456336 28350  26335
62.027881184 7138978663 457685 28351  26461
62.039881068 7139416477 437814 28362  26640
62.051881082 7139870986 454509 28352  26100
62.063866899 7140326775 455789 28366  26416
62.075877013 7140782130 455355 28358  26374
62.087881860 7141238888 456758 28347  26614
62.099866754 7141696848 457960 28371  26341
62.111867275 7142130813 433965 28352  26528
62.123867199 7142585583 454770 28355  26419
62.135883417 7143039625 454042 28370  26535
62.147868250 7143494106 454481 28350  26433
62.159880614 7143946445 452339 28360  26260
62.171879475 7144383420 436975 28364  26481
62.183880149 7144833344 449924 28353  26446
62.195867605 7145286323 452979 28350  26577
62.207880023 7145738604 452281 28364  26302
62.219881070 7146189806 451202 28349  26320
62.231868467 7146643713 453907 28357  26417
62.243887222 7147076233 432520 28346  26776
62.255882146 7147527770 451537 28350  26407
62.267880509 7147977782 450012 28360  26363
62.279881337 7148427880 450098 28358  26361
62.291883234 7148877107 449227 28359  26469
62.303868121 7149330256 453149 28366  26596
62.315879519 7149759241 428985 28351  26376
62.327866733 7150207467 448226 28352  26356
62.339882333 7150656656 449189 28375  26445
62.351880595 7151105288 448632 28352  26635
62.363880652 7158146149 7040861 445715  421520
62.379889178 7158566425 420276 27747  26035
62.391879609 7159009127 442702 28353  26620
62.403874979 7159452820 443693 28352  26443
62.415879416 7159894432 441612 28376  26370
62.427867893 7160336690 442258 28357  26475
62.439882104 7160777835 441145 28360  26465
62.451868334 7161223214 445379 28361  26708
62.463869052 7161641581 418367 28346  26182
62.475868272 7162081776 440195 28363  26404
62.487869976 7162522604 440828 28364  26575
62.499879034 7162963734 441130 28349  26685
62.511867161 7163404581 440847 28363  26403
62.523868678 7163830993 426412 28370  26629
62.535868166 7164267844 436851 28346  26522
62.547868793 7164706807 438963 28356  26614
62.559876507 7165147014 440207 28390  26662
62.571880241 7165583496 436482 28365  26247
62.583879648 7166022517 439021 28361  26568
62.595869985 7166446401 423884 28368  26704
62.607880197 7166882685 436284 28343  26560
62.619880920 7167320412 437727 28358  26533
62.631879711 7167756994 436582 28367  26367
62.643881001 7168195145 438151 28348  26589
62.655866121 7168632030 436885 28357  26611
62.667867383 7169072912 440882 28365  26633
62.679865906 7169489038 416126 28356  26389
62.691880844 7169924957 435919 28342  26546
62.703867958 7170359979 435022 28364  26521
62.715888322 7170796319 436340 28348  26665
62.727869315 7171231627 435308 28358  26507
62.739868520 7171668705 437078 28371  26383
62.751866519 7172085573 416868 28358  26635
62.763880941 7172520854 435281 28355  26743
62.775869024 7172955562 434708 28352  26512
62.787869145 7173387920 432358 28383  26383
62.799868099 7173821733 433813 28341  26570
62.811867156 7174254278 432545 28369  26431
62.823878183 7174674222 419944 28357  26771
62.835878458 7175104243 430021 28344  26370
62.847879272 7175535567 431324 28357  26434
62.859866819 7175968521 432954 28369  26564
62.871878983 7176400517 431996 28343  26718
62.883874364 7176833078 432561 28348  26548
62.895882177 7177266618 433540 28369  26299
62.907879384 7177680720 414102 28337  26773
62.919879941 7178109041 428321 28347  26426
62.931868932 7178540798 431757 28381  26745
62.943881730 7178968717 427919 28355  26162
62.955878703 7179398823 430106 28352  26608
62.967879265 7179831291 432468 28378  26543
62.979879228 7180244733 413442 28352  26878
62.991880405 7180674126 429393 28352  26480
63.003867382 7181102605 428479 28365  26453
63.015868837 7181529975 427370 28355  26464
63.027868500 7181957209 427234 28359  26549
63.039870564 7182386412 429203 28367  26749
63.051867451 7182810707 424295 28369  26212
63.063866888 7183225605 414898 28354  26651
63.075867716 7183652893 427288 28359  26669
63.087879343 7184079814 426921 28369  26649
63.099880775 7184505737 425923 28358  26493
63.111879695 7184930726 424989 28364  26381
63.123868272 7185360112 429386 28375  26607
63.135868689 7185769035 408923 28359  26705
63.147869374 7186197632 428597 28346  26864
63.159878851 7186620354 422722 28347  26194
63.171866284 7187044854 424500 28363  26521
63.183880708 7187468857 424003 28352  26548
63.195888793 7187894858 426001 28369  26746
63.207880886 7188323562 428704 28363  26537
63.219867820 7188731251 407689 28349  26665
63.231879565 7189155173 423922 28353  26540
63.243881335 7189579640 424467 28363  26769
63.255879322 7190002205 422565 28362  26422
63.267867579 7190425073 422868 28353  26487
63.279868797 7190849561 424488 28352  26619
63.291879897 7191258116 408555 28363  26645
63.303879661 7191682217 424101 28354  26826
63.315879498 7192104534 422317 28355  26407
63.327879159 7192524569 420035 28350  26425
63.339868996 7192946604 422035 28345  26562
63.351876170 7193368711 422107 28353  26806
63.363868604 7201081287 7712576 519032  492967
63.379888594 7201488898 407611 27749  25759
63.391866794 7201904140 415242 28354  26564
63.403868648 7202318792 414652 28354  26610
63.415884996 7202735403 416611 28355  26627
63.427878960 7203137820 402417 28356  26737
63.439880437 7203552174 414354 28341  26526
63.451879290 7203966263 414089 28344  26589
63.463879225 7204381233 414970 28357  26755
63.475867455 7204793846 412613 28343  26557
63.487879016 7205207217 413371 28349  26493
63.499879857 7205622053 414836 28357  26659
63.511879347 7206023739 401686 28356  26759
63.523875988 7206435262 411523 28340  26803
63.535879845 7206847902 412640 28347  26520
63.547879919 7207258672 410770 28381  26521
63.559884490 7207670803 412131 28353  26584
63.571880347 7208083709 412906 28344  26902
63.583868974 7208496414 412705 28356  26672
63.595878405 7208912047 415633 28391  26631
63.607868835 7209308086 396039 28345  26786
63.619867776 7209718496 410410 28353  26666
63.631868879 7210128836 410340 28353  26779
63.643879131 7210537085 408249 28369  26358
63.655868087 7210947046 409961 28349  26595
63.667868865 7211357241 410195 28358  26718
63.679875588 7211770059 412818 28364  26742
63.691869169 7212164357 394298 28349  26609
63.703867687 7212573861 409504 28347  26532
63.715869854 7212982402 408541 28360  26658
63.727877857 7213389661 407259 28360  26549
63.739869769 7213799298 409637 28344  26865
63.751879892 7214205016 405718 28355  26287
63.763880286 7214615333 410317 28359  26562
63.775868393 7215008625 393292 28366  26862
63.787865470 7215416003 407378 28337  26618
63.799880141 7215822858 406855 28353  26686
63.811880735 7216229444 406586 28364  26511
63.823880906 7216635398 405954 28357  26646
63.835895450 7217041831 406433 28353  26759
63.847868429 7217448172 406341 28347  26673
63.859880457 7217857452 409280 28366  26415
63.871880414 7218248026 390574 28345  26880
63.883880885 7218653492 405466 28354  26723
63.895868459 7219058927 405435 28354  26730
63.907879586 7219462068 403141 28362  26486
63.919868987 7219866635 404567 28344  26547
63.931879207 7220271835 405200 28351  26771
63.943882602 7220678315 406480 28364  26867
63.955878602 7221085680 407365 28373  26595
63.967865716 7221475676 389996 28354  26736
63.979866783 7221879060 403384 28356  26702
63.991878281 7222279676 400616 28360  26534
64.003868038 7222683554 403878 28362  26812
64.015878835 7223083270 399716 28344  26299
64.027868995 7223486738 403468 28367  26762
64.039868085 7223891360 404622 28370  26627
64.051881973 7224280885 389525 28351  26864
64.063880007 7224683889 403004 28349  26692
64.075867014 7225085975 402086 28357  26589
64.087880402 7225487343 401368 28378  26704
64.099878622 7225886946 399603 28368  26588
64.111867466 7226289315 402369 28348  26878
64.123867976 7226687840 398525 28354  26346
64.135868463 7227091414 403574 28369  26619
64.147880038 7227479015 387601 28369  26917
64.159886888 7227880125 401110 28351  26708
64.171880439 7228279688 399563 28355  26759
64.183866833 7228679209 399521 28361  26589
64.195879187 7229076101 396892 28375  26565
64.207879711 7229474112 398011 28351  26726
64.219880988 7229872559 398447 28353  26770
64.231866178 7230272437 399878 28359  26445
64.243881849 7230658205 385768 28350  26810
64.255878050 7231054090 395885 28350  26617
64.267879730 7231451129 397039 28354  26755
64.279881035 7231847093 395964 28373  26602
64.291881012 7232242849 395756 28353  26539
64.303880819 7232638891 396042 28349  26691
64.315875872 7233035761 396870 28344  26930
64.327869213 7233433513 397752 28378  26609
64.339868211 7233817590 384077 28357  26665
64.351879761 7234212552 394962 28352  26694
64.363868568 7242498674 8286122 594175  566211
64.379889698 7242882256 383582 27748  26142
64.391868092 7243272205 389949 28355  26773
64.403880302 7243664993 392788 28352  27030
64.415879766 7244055712 390719 28381  26427
64.427867863 7244435563 379851 28371  26941
64.439867074 7244824213 388650 28350  26902
64.451880185 7245214406 390193 28352  26771
64.463868835 7245603523 389117 28360  26842
64.475883343 7245991343 387820 28369  26610
64.487867923 7246379318 387975 28364  26750
64.499880654 7246767342 388024 28349  26799
64.511869444 7247156159 388817 28347  26843
64.523879589 7247545799 389640 28373  26678
64.535881992 7247936429 390630 28379  26851
64.547870926 7248312487 376058 28353  26902
64.559880711 7248699602 387115 28339  26853
64.571882128 7249086239 386637 28354  26693
64.583871574 7249472638 386399 28381  26771
64.595867142 7249858711 386073 28362  26728
64.607880155 7250245516 386805 28349  26922
64.619867642 7250633052 387536 28343  26805
64.631888100 7251018206 385154 28353  26663
64.643882781 7251406624 388418 28374  26849
64.655867164 7251794055 387431 28366  26706
64.667869505 7252170278 376223 28351  27223
64.679881039 7252553641 383363 28362  26464
64.691879126 7252938901 385260 28355  26820
64.703867177 7253322808 383907 28366  26847
64.715881245 7253706667 383859 28388  26798
64.727867334 7254090972 384305 28358  26758
64.739880402 7254475078 384106 28348  26741
64.751880242 7254858683 383605 28350  26734
64.763879426 7255108122 249439 28349  26251
64.775879457 7255425412 317290 28367  27088
64.787878998 7255710378 284966 28347  24632
64.799874785 7256004411 294033 28353  25467
64.811870348 7256322042 317631 28349  27261
64.823868092 7256578697 256655 28348  22415
64.835881387 7256895959 317262 28371  27151
64.847868037 7257250001 354042 28350  27056
64.859867627 7257545642 295641 28340  24683
64.871878231 7257847760 302118 28346  26122
64.883867671 7258171027 323267 28360  26667
64.895879403 7258426796 255769 28353  23035
64.907866843 7258744506 317710 28353  27123
64.919866307 7259107419 362913 28364  26730
64.931868347 7259420768 313349 28349  25143
64.943866907 7259717152 296384 28348  25873
64.955876579 7260045731 328579 28357  27111
64.967881016 7260289834 244103 28343  22402
64.979877853 7260607595 317761 28346  27125
64.991880211 7260959433 351838 28364  26832
65.003868828 7261284388 324955 28349  25805
65.015880521 7261570066 285678 28352  25387
65.027879992 7261887527 317461 28363  27184
65.039869092 7262148396 260869 28353  23070
65.051881233 7262466268 317872 28351  26883
65.063881044 7262795988 329720 28344  27085
65.075880691 7263135588 339600 28335  25485
65.087866124 7263414320 278732 28361  25168
65.099880728 7263729385 315065 28366  27233
65.111876229 7264004392 275007 28339  24203
65.123881363 7264306303 301911 28348  25880
65.135879137 7264623361 317058 28359  27244
65.147882865 7265007982 384621 28360  26583
65.159868047 7265266247 258265 28355  24467
65.171881959 7265584048 317801 28373  27047
65.183867106 7265914127 330079 28374  27180
65.195867213 7266182562 268435 28345  23786
65.207880561 7266499751 317189 28347  26923
65.219880178 7266829067 329316 28355  27218
65.231866298 7267156757 327690 28347  25620
65.243881035 7267435103 278346 28360  25198
65.255867525 7267752414 317311 28350  27158
65.267868307 7268025086 272672 28352  24535
65.279875847 7268329902 304816 28375  25936
65.291869747 7268647699 317797 28375  27361
65.303867924 7268984002 336303 28367  25969
65.315869635 7269259808 275806 28352  24613
65.327880116 7269577435 317627 28343  27155
65.339869706 7269852739 275304 28339  24450
65.351879980 7270149498 296759 28355  25772
65.363880807 7270467333 317835 28356  27353
65.375879891 7270810050 342717 28355  26101
65.387870102 7271077462 267412 28357  24555
65.399880472 7271395118 317656 28373  27172
65.411867749 7271697267 302149 28356  26157
65.423880471 7271973040 275773 28339  24667
65.435888741 7272290801 317761 28356  27173
65.447869311 7272613483 322682 28358  26670
65.459867235 7272873855 260372 28358  24212
65.471880920 7273191455 317600 28351  27138
65.483881430 7273500296 308841 28353  26372
65.495881310 7273769847 269551 28359  24335
65.507880051 7274087770 317923 28379  27127
65.519880031 7274416683 328913 28363  26720
65.531879959 7274676716 260033 28353  24170
65.543868493 7274993030 316314 28366  27092
65.555881636 7275303515 310485 28383  26743
65.567861027 7275566645 263130 28343  24078
65.579880380 7275884122 317477 28350  27329
65.591888972 7276225539 341417 28357  27333
65.603881829 7276604583 379044 28356  26615
65.615839814 7276854172 249589 28349  25117
65.627869866 7277171935 317763 28370  27103
65.639872510 7277488912 316977 28359  27462
65.651885558 7277873544 384632 28373  26666
65.663868591 7278131578 258034 28349  24798
65.675881745 7278449060 317482 28350  27043
65.687868312 7278766655 317595 28346  27440
65.699829602 7279047969 281314 25984  23359
65.710882847 7279334936 286967 28350  25377
65.722881567 7279652485 317549 28355  27250
65.734868471 7279993127 340642 28361  27227
65.746891472 7280251069 257942 28349  24164
65.758881466 7280568711 317642 28354  26939
65.770879426 7280883881 315170 28372  27434
65.782824005 7281211571 327690 26007  24387
65.793868035 7281466349 254778 28359  24752
65.805867774 7281784001 317652 28347  27169
65.817885015 7282101608 317607 28351  27474
65.829868179 7282429638 328030 28341  26190
65.841867896 7282708320 278682 28376  25395
65.853879791 7283023071 314751 28374  27162
65.865868753 7283351828 328757 28346  27323
65.877868775 7283620029 268201 28350  24254
65.889869362 7283937545 317516 28347  26892
65.901873365 7284254934 317389 28354  27377
65.913887950 7284597714 342780 28371  26921
65.925880507 7284852475 254761 28361  24740
65.937868487 7285170094 317619 28344  27141
65.949881288 7285487788 317694 28366  27485
65.961880856 7285833827 346039 28358  26612
65.973881656 7286094567 260740 28354  25106
65.985869592 7286409364 314797 28361  27066
65.997881103 7286725853 316489 28354  27530
66.009879930 7287069017 343164 28353  26466
66.021867867 7287334088 265071 28340  25140
66.033879902 7287651686 317598 28352  27108
66.045882142 7287969103 317417 28357  27496
66.057880749 7288228734 259631 28350  24421
66.069889434 7288545929 317195 28346  26848
66.081869907 7288863309 317380 28353  27360
66.093868914 7289156444 293135 28353  26120
66.105881628 7289435456 279012 28372  25243
66.117868445 7289753088 317632 28360  27263
66.129868962 7290082391 329303 28352  27426
66.141880260 7290461438 379047 28349  26601
66.153880877 7290709861 248423 28349  24991
66.165880161 7291027400 317539 28362  27052
66.177868991 7291345327 317927 28379  27474
66.189879272 7291627233 281906 28345  25607
66.201879643 7291921996 294763 28344  25931
66.213869486 7292238739 316743 28352  27188
66.225875877 7292548828 310089 28361  26897
66.237868831 7292810951 262123 28353  24554
66.249868211 7293128498 317547 28340  27147
66.261881132 7293457884 329386 28351  27324
66.273867988 7293835641 377757 28363  26572
66.285879806 7294084944 249303 28353  24895
66.297879963 7294402675 317731 28377  27110
66.309868684 7294720503 317828 28364  27515
66.321867441 7295050148 329645 28350  27520
66.333866824 7295308354 258206 28353  24949
66.345880752 7295624515 316161 28357  26945
66.357868049 7295939272 314757 28373  27384
66.369879270 7296268041 328769 28364  27366
66.381886641 7296515267 247226 28346  24791
66.393881291 7296832779 317512 28358  27091
66.405879138 7297150515 317736 28366  27508
66.417879489 7297452085 301570 28354  26638
66.429867992 7297728112 276027 28339  25205
66.441880876 7298045814 317702 28359  27115
66.453865966 7298360997 315183 28359  27474
66.465868891 7298646464 285467 28354  25279
66.477879455 7298945250 298786 28345  26164
66.489881429 7299263033 317783 28361  27330
66.501881322 7299580104 317071 28361  27612
66.513867769 7299870545 290441 28344  25322
66.525880220 7300178543 307998 28369  26296
66.537879864 7300496097 317554 28363  27304
66.549876848 7300813741 317644 28333  27575
66.561868748 7301111911 298170 28353  25497
66.573868769 7301408231 296320 28388  26051
66.585872380 7301723116 314885 28367  27261
66.597879653 7302039831 316715 28355  27600
66.609869087 7302401375 361544 28348  27062
66.621879987 7302649449 248074 28345  24893
66.633881255 7302966901 317452 28358  27067
66.645867992 7303283922 317021 28361  27500
66.657868783 7303601325 317403 28358  27710
66.669867150 7303861503 260178 28344  24823
66.681879174 7304179205 317702 28352  26911
66.693881571 7304493948 314743 28346  27328
66.705887795 7304785899 291951 28351  26120
66.717881145 7305067773 281874 28357  25396
66.729881246 7305385194 317421 28354  27300
66.741880020 7305702610 317416 28357  27560
66.753880520 7306018555 315945 28348  25909
66.765867883 7306308458 289903 28363  25579
66.777881595 7306626333 317875 28368  27286
66.789867915 7306943650 317317 28349  27569
66.801868292 7307184313 240663 25986  22998
66.812879547 7307491310 306997 28367  26218
66.824879504 7307808519 317209 28348  27264
66.836880194 7308126135 317616 28357  27715
66.848867981 7308385006 258871 28356  24531
66.860888298 7308699805 314799 28377  26982
66.872867988 7309015195 315390 28364  27420
66.884878666 7309387228 372033 28359  26888
66.896881750 7309763259 376031 28364  26932
66.908881440 7310010841 247582 28352  25066
66.920881207 7310328002 317161 28358  27070
66.932866958 7310644872 316870 28347  27442
66.944883442 7310962054 317182 28343  27688
66.956879356 7311343378 381324 28347  26847
66.968868796 7311676214 332836 25979  24458
66.979867933 7311936421 260207 28338  25645
66.991868047 7312252115 315694 28360  26983
67.003868724 7312566666 314551 28368  27413
67.015888712 7312882827 316161 28368  27834
67.027868662 7313174649 291822 25987  25124
67.038879510 7313435801 261152 28355  25682
67.050869393 7313750612 314811 28375  26983
67.062880564 7314065337 314725 28357  27462
67.074869708 7314382560 317223 28355  27764
67.086868472 7314672573 290013 28341  26698
67.098880755 7314959397 286824 28349  25831
67.110868712 7315276668 317271 28369  27153
67.122879484 7315594292 317624 28366  27547
67.134867707 7315911795 317503 28351  27803
67.146867424 7316170429 258634 28364  25101
67.158880965 7316485393 314964 28365  26989
67.170881046 7316800872 315479 28367  27410
67.182875260 7317118299 317427 28352  27713
67.194881647 7317377706 259407 28358  24922
67.206867650 7317695211 317505 28367  27098
67.218881171 7318012675 317464 28373  27448
67.230867998 7318329924 317249 28345  27668
67.242881492 7318589751 259827 28360  24949
67.254880173 7318905203 315452 28358  26963
67.266868553 7319220061 314858 28368  27468
67.278880277 7319529169 309108 28358  26885
67.290867890 7319794854 265685 28346  24913
67.302881112 7320112120 317266 28354  27150
67.314880815 7320430010 317890 28378  27580
67.326868772 7320704031 274021 28356  24904
67.338877119 7321016519 312488 28350  26586
67.350880083 7321333878 317359 28346  27251
67.362869323 7321653198 319320 28365  26769
67.374869831 7321914020 260822 28352  24680
67.386868294 7322231464 317444 28350  27208
67.398880255 7322559978 328514 28347  27440
67.410868142 7322849763 289785 28343  24937
67.422869189 7323155162 305399 28368  26241
67.434867970 7323472125 316963 28375  27329
67.446868500 7323822264 350139 28373  27283
67.458868095 7324079543 257279 28345  24235
67.470868152 7324397180 317637 28345  26962
67.482869319 7324713147 315967 28368  27422
67.494876179 7325025507 312360 28344  26005
67.506880834 7325305405 279898 28350  25442
67.518869627 7325622843 317438 28358  27328
67.530880588 7325940326 317483 28350  27579
67.542880471 7326229553 289227 28344  25350
67.554881719 7326537025 307472 28371  26300
67.566868356 7326854793 317768 28362  27329
67.578879630 7327193948 339155 28358  27404
67.590879987 7327452250 258302 28350  24405
67.602881284 7327767131 314881 28363  26977
67.614879881 7328082011 314880 28385  27450
67.626878845 7328377063 295052 28352  24971
67.638879769 7328679144 302081 28351  26183
67.650887250 7328996399 317255 28360  27361
67.662869139 7329345232 348833 28371  27249
67.674866867 7329602692 257460 28347  24407
67.686880797 7329920036 317344 28346  27015
67.698867234 7330237612 317576 28358  27450
67.710866831 7330563902 326290 28336  26073
67.722867628 7330842987 279085 28362  25178
67.734881230 7331157790 314803 28361  27174
67.746869257 7331497299 339509 28362  27407
67.758865304 7331754996 257697 28336  24150
67.770869017 7332072552 317556 28356  27127
67.782868511 7332390394 317842 28371  27488
67.794866371 7332663448 273054 28344  24339
67.806868826 7332976105 312657 28347  26601
67.818875466 7333293688 317583 28346  27316
67.830869377 7333616577 322889 28347  25616
67.842880977 7333896085 279508 28364  25166
67.854868657 7334213186 317101 28354  27170
67.866880464 7334483334 270148 28343  24038
67.878881096 7334788710 305376 28367  25968
67.890881643 7335126988 338278 28373  27102
67.902868660 7335498304 371316 28369  26639
67.914868657 7335755767 257463 28348  24327
67.926880937 7336073143 317376 28346  27088
67.938880452 7336329261 256118 28345  22680
67.950880814 7336644146 314885 28383  26818
67.962879936 7336992889 348743 28377  27061
67.974889179 7337373375 380486 28369  26927
67.986880866 7337621227 247852 28339  24178
67.998880753 7337938442 317215 28354  27115
68.010869194 7338196330 257888 28347  21418
68.022880968 7338513977 317647 28360  27075
68.034869751 7338863073 349096 28348  27145
68.046868399 7339222185 359112 28348  27214
68.058868019 7339480084 257899 28340  24485
68.070880877 7339795510 315426 28365  26970
68.082879747 7340049781 254271 28341  20953
68.094869674 7340367307 317526 28352  27063
68.106866638 7340726526 359219 28350  27082
68.118867608 7341095773 369247 28350  27192
68.130875492 7341354481 258708 28341  24612
68.142881943 7341672563 318082 28384  25961
68.154868316 7341930321 257758 28351  21100
68.166867157 7342268846 338525 28359  26952
68.178880221 7342617636 348790 28353  27137
68.190868388 7342986699 369063 28350  27249
68.202879292 7343253785 267086 28355  24317
68.214880902 7343568588 314803 28371  27005
68.226867996 7343883859 315271 28356  27414
68.238868404 7344201356 317497 28345  27693
68.250867393 7344518667 317311 28353  27863
68.262880341 7344841251 322584 28362  27784
68.274880068 7345158985 317734 28373  27861
68.286888899 7345476820 317835 28381  27828
68.298880566 7345794007 317187 28352  27849
68.310868273 7346029650 235643 25982  24367
68.321881041 7346336325 306675 28358  26640
68.333880578 7346654137 317812 28374  27380
68.345869215 7346971650 317513 28350  27609
68.357880029 7347289351 317701 28354  27862
68.369867302 7347523477 234126 25987  24013
68.380880437 7347832742 309265 28353  26571
68.392869004 7348150252 317510 28353  27369
68.404879947 7348467841 317589 28359  27622
68.416879858 7348784639 316798 28366  27819
68.428867948 7349108310 323671 28353  27679
68.440881169 7349422883 314573 28371  27738
68.452886446 7349740316 317433 28353  27789
68.464868010 7350057672 317356 28353  27697
68.476880730 7350383551 325879 28355  27735
68.488880332 7350701102 317551 28374  27834
68.500881194 7351018727 317625 28359  27756
68.512868455 7351335754 317027 28353  27688
68.524867149 7351661532 325778 28349  27699
68.536880980 7351979126 317594 28350  27755
68.548867830 7352294984 315858 28347  27820
68.560880454 7352609732 314748 28376  27704
68.572866214 7352925845 316113 28353  27681
68.584868358 7353250789 324944 28350  27630
68.596880756 7353568433 317644 28353  27829
68.608875359 7353885919 317486 28345  27779
68.620868453 7354203452 317533 28352  27626
68.632878650 7354527791 324339 28362  27668
68.644868060 7354845229 317438 28357  27784
68.656868097 7355162564 317335 28345  27804
68.668872191 7355479407 316843 28366  27567
68.680879842 7355795347 315940 28363  27710
68.692881333 7356110277 314930 28364  27859
68.704866640 7356427947 317670 28347  27726
68.716878973 7356745295 317348 28345  27691
68.728867957 7357061981 316686 28358  27725
68.740880981 7357369748 307767 28365  25088
68.752878999 7357728990 359242 28364  25375
68.764875698 7358087545 358555 28357  25992
68.776868249 7358435484 347939 28347  25803
68.788879316 7358794924 359440 28355  26226
68.800868497 7359066107 271183 28370  27188
68.812882380 7359264705 198598 28383  28078
68.824882005 7359463150 198445 28367  27946
68.836880798 7359661779 198629 28389  28037
68.848869861 7359812381 150602 28420  26517
68.860868073 7359990207 177826 28369  24975
68.872880243 7360168228 178021 28359  26056
68.884868010 7360346071 177843 28370  26585
68.896880370 7360527054 180983 28372  26723
68.908881641 7360942256 415202 28352  21628
68.920868794 7361330572 388316 21310  17386
68.932889879 7361700771 370199 16974  16103
68.944871302 7362070895 370124 16960  16069
68.956861735 7362441073 370178 16973  16117
68.968880713 7362811169 370096 16973  16104
68.980868477 7363181387 370218 16979  16050
68.992868497 7363551424 370037 16965  16052
69.004868718 7363867513 316089 21757  21165
69.016882218 7364095036 227523 17137  12285
69.028867862 7364440991 345955 28371  22120
69.040868393 7364942895 501904 28367  27784
69.052879637 7365445046 502151 28374  28155
69.064881674 7365947077 502031 28379  28164
69.076869071 7378373274 12426197 4974  4388
69.091156623 7391870610 13497336 3118  2177
69.105870757 7394711532 2840922 25980  7535
69.116882575 7396114517 1402985 28335  6164
69.128882222 7396986977 872460 28345  6017
69.140868396 7397680858 693881 28355  5160
69.152869359 7398268661 587803 28342  4246
69.164879910 7398740776 472115 28352  3648
69.176869953 7399170588 429812 28363  3738
69.188868137 7399561897 391309 28366  3409
69.200878691 7399914766 352869 28362  3254
69.212868135 7400240191 325425 28386  2781
69.224878649 7400551243 311052 28360  2854
69.236879123 7400844867 293624 28377  2506
69.248887426 7401150023 305156 28399  3239
69.260869397 7401443953 293930 28383  2560
69.272868061 7401739146 295193 28391  2954
69.284868924 7402018186 279040 28382  3277
69.296867152 7402301017 282831 28377  2432
69.308879732 7402585534 284517 28382  2606
69.320880336 7402867933 282399 28400  2552
69.332866400 7403155685 287752 28375  2584
69.344880104 7403430418 274733 28378  2979
69.356879367 7403711977 281559 28379  2931
69.368869448 7403989527 277550 28388  2830
69.380879052 7404262104 272577 28367  3125
69.392879272 7404541755 279651 28393  2607
69.404881423 7404816669 274914 28379  2758
69.416868336 7405097420 280751 28409  2654
69.428880743 7405361359 263939 28388  2405
69.440881378 7405637365 276006 28383  2662
69.452880618 7405910539 273174 28387  3899
69.464880472 7406177803 267264 28377  3006
69.476866916 7406446050 268247 28387  2796
69.488868843 7406714981 268931 28385  2661
69.500879370 7406986236 271255 28383  3822
69.512870207 7407255238 269002 28391  3423
69.524867697 7407520237 264999 28375  4103
69.536880941 7407795500 275263 28401  7531
69.548862481 7408068763 273263 28396  6084
69.560880219 7408332281 263518 28379  3659
69.572888376 7408598568 266287 28381  3064
69.584881180 7408871670 273102 28382  2927
69.596867560 7409135773 264103 28370  2962
69.608868734 7409399524 263751 28386  3038
69.620867214 7409666756 267232 28383  3581
69.632879771 7409934812 268056 28385  3853
69.644880872 7410202856 268044 28377  2587
69.656880599 7410470766 267910 28391  2966
69.668868485 7410741654 270888 28380  4552
69.680881247 7411012291 270637 28390  3664
69.692880524 7411274782 262491 28374  3956
69.704867521 7411537827 263045 28395  3849
69.716868634 7411810436 272609 28375  3817
69.728875412 7412075814 265378 28381  2783
69.740868075 7412341118 265304 28386  2834
69.752866976 7412613777 272659 28384  5040
69.764881090 7412879566 265789 28390  2668
69.776878267 7413149293 269727 28395  3005
69.788880277 7413423172 273879 28388  2793
69.800868914 7413683870 260698 28386  4073
69.812867891 7413955474 271604 28376  2913
69.824867145 7414226964 271490 28374  3405
69.836867385 7414495507 268543 28374  4580
69.848867272 7414761138 265631 28391  5381
69.860878627 7415029757 268619 28387  2903
69.872880141 7415300306 270549 28395  3444
69.884877634 7415571596 271290 28383  3385
69.896880681 7415842175 270579 28377  2832
69.908880428 7416113250 271075 28377  3589
69.920866639 7416384823 271573 28384  3131
69.932868256 7416658633 273810 28382  3278
69.944880997 7416936353 277720 28401  3662
69.956868101 7417211042 274689 28400  3953
69.968881271 7417482002 270960 28375  3100
69.980879091 7417752483 270481 28375  3125
69.992880548 7418035275 282792 28387  5011
70.004881185 7418310442 275167 28370  3781
70.016881269 7418580567 270125 28392  4734
70.028867973 7418863653 283086 28369  3458
70.040876733 7419133466 269813 28376  3174
70.052868471 7419417515 284049 28394  3539
70.064867387 7419686414 268899 28387  3462
70.076870142 7419971225 284811 28366  4174
70.088879495 7420242602 271377 28391  4094
70.100881272 7420526489 283887 28382  3693
70.112867903 7420803865 277376 28403  3734
70.124880831 7421081445 277580 28374  4584
70.136868637 7421366923 285478 28368  4149
70.148866370 7421646073 279150 28379  5097
70.160867214 7421924055 277982 28365  4739
70.172867258 7422209682 285627 28383  4121
70.184868396 7422496799 287117 28380  6068
70.196879386 7422779377 282578 28373  4813
70.208875546 7423060311 280934 28390  3591
70.220880394 7423347001 286690 28377  3743
70.232879070 7423636702 289701 28383  3686
70.244882212 7423926268 289566 28386  3748
70.256867855 7424216348 290080 28387  3516
70.268869141 7424508105 291757 28383  5051
70.280880093 7424799932 291827 28382  4381
70.292881053 7425091254 291322 28373  4339
70.304868763 7425383263 292009 28376  4545
70.316878480 7425675192 291929 28369  4837
70.328880227 7425967228 292036 28380  5745
70.340880981 7426258632 291404 28377  5517
70.352879889 7426551319 292687 28367  6155
70.364876312 7430114500 3563181 329178  54450
70.379889695 7430406722 292222 27963  4882
70.391867796 7430714166 307444 28388  4790
70.403867256 7431010728 296562 28397  5415
70.415868323 7431308161 297433 28370  4661
70.427868030 7431615665 307504 28401  4514
70.439868194 7431910941 295276 28371  4330
70.451879875 7432217410 306469 28381  4671
70.463867538 7432515686 298276 28385  4135
70.475880092 7432814732 299046 28372  6115
70.487880083 7433120832 306100 28381  4711
70.499879300 7433417777 296945 28377  5496
70.511867607 7433727580 309803 28366  5233
70.523875030 7434024735 297155 28380  4952
70.535880678 7434334581 309846 28378  5746
70.547881009 7434633536 298955 28379  4411
70.559869478 7434945251 311715 28375  5302
70.571877826 7435245818 300567 28373  6762
70.583881363 7435557028 311210 28376  4653
70.595881480 7435860999 303971 28380  5390
70.607880217 7436167765 306766 28387  5310
70.619867684 7436479340 311575 28383  4406
70.631879925 7436778833 299493 28384  4530
70.643867478 7437090220 311387 28367  6354
70.655867015 7437397713 307493 28373  5307
70.667868166 7437702126 304413 28384  4337
70.679887910 7438013431 311305 28382  4632
70.691881764 7438319155 305724 28376  4953
70.703880704 7438625617 306462 28373  4307
70.715872508 7438937732 312115 28366  5861
70.727866731 7439246918 309186 28377  5288
70.739879895 7439549103 302185 28374  6125
70.751867795 7439861408 312305 28418  4867
70.763868702 7440173973 312565 28381  5271
70.775868039 7440478742 304769 28376  4838
70.787880811 7440787615 308873 28362  5177
70.799867363 7441100943 313328 28380  5026
70.811879781 7441414959 314016 28387  4914
70.823879275 7441727743 312784 28362  6118
70.835880642 7442032059 304316 28366  6549
70.847877459 7442345671 313612 28371  5461
70.859868213 7442659606 313935 28383  4911
70.871880423 7442973538 313932 28386  4960
70.883881770 7443287659 314121 28386  6375
70.895868267 7443598894 311235 28376  6972
70.907880348 7443905324 306430 28378  6011
70.919880142 7444217327 312003 28386  4975
70.931881329 7444530366 313039 28392  4782
70.943878709 7444843641 313275 28393  6160
70.955867453 7445157047 313406 28369  6588
70.967879920 7445470641 313594 28398  5941
70.979868674 7445783653 313012 28364  5909
70.991878864 7446097509 313856 28395  5879
71.003875341 7446411637 314128 28366  5642
71.015881085 7446725718 314081 28366  5512
71.027880118 7447039402 313684 28368  4921
71.039867249 7447353842 314440 28371  6933
71.051868570 7447667971 314129 28397  5179
71.063868826 7447982135 314164 28395  5679
71.075866284 7448297286 315151 28364  6155
71.087868718 7448612794 315508 28374  5304
71.099868931 7448927333 314539 28365  7575
71.111880162 7449241474 314141 28375  4870
71.123880152 7449556075 314601 28378  4876
71.135866216 7449870793 314718 28375  4735
71.147880593 7450185310 314517 28364  4839
71.159892347 7450499673 314363 28372  5104
71.171882224 7450813916 314243 28365  6385
71.183866697 7451127601 313685 28361  5366
71.195879968 7451441687 314086 28375  4681
71.207880299 7451755534 313847 28379  5029
71.219881649 7452070033 314499 28381  5315
71.231880226 7452385030 314997 28368  6501
71.243879846 7452705770 320740 28376  5361
71.255879430 7453022325 316555 28368  5757
71.267881500 7453336569 314244 28372  5492
71.279866801 7453651336 314767 28370  5194
71.291869195 7453965567 314231 28367  4747
71.303880149 7454279444 313877 28374  5415
71.315877226 7454596063 316619 28362  5586
71.327866890 7454918324 322261 28384  5865
71.339868627 7455232508 314184 28389  6466
71.351881830 7455546930 314422 28372  6445
71.363867984 7455861812 314882 28379  6346
71.375867988 7456822527 960715 85289  17143
71.387868961 7457137428 314901 28393  6498
71.399867995 7457451738 314310 28392  5705
71.411871226 7457774246 322508 28376  5673
71.423869326 7458091522 317276 28391  7006
71.435867394 7458405686 314164 28381  7853
71.447880457 7458719002 313316 28370  6059
71.459880544 7459043656 324654 28374  5961
71.471878801 7459357427 313771 28380  6069
71.483888328 7459671443 314016 28377  6663
71.495867472 7459989889 318446 28374  5985
71.507879716 7460309045 319156 28372  5702
71.519868869 7460622132 313087 28386  5586
71.531866374 7460936807 314675 28382  5312
71.543880868 7461259719 322912 28403  6170
71.555879968 7461573786 314067 28379  6283
71.567881208 7461888910 315124 28373  6214
71.579878975 7462211344 322434 28365  6734
71.591880399 7462524307 312963 28355  5929
71.603867579 7462844469 320162 28370  6205
71.615867003 7463161801 317332 28361  6269
71.627868127 7463475218 313417 28368  5972
71.639897088 7463799897 324679 28379  5686
71.651868887 7464113433 313536 28378  6181
71.663865998 7464428740 315307 28360  7149
71.675869008 7464751487 322747 28380  6066
71.687866788 7465065151 313664 28381  6631
71.699869569 7465390146 324995 28363  8853
71.711866776 7465703999 313853 28373  6504
71.723879884 7466024985 320986 28378  6572
71.735879354 7466341463 316478 28375  6463
71.747868024 7466655118 313655 28387  5900
71.759867295 7466978163 323045 28396  6601
71.771879388 7467290854 312691 28363  6972
71.783868969 7467615086 324232 28373  5292
71.795886716 7467927771 312685 28356  6665
71.807879906 7468251611 323840 28386  7869
71.819866600 7468564270 312659 28394  5861
71.831880004 7468887878 323608 28380  6557
71.843880077 7469200998 313120 28386  7098
71.855880798 7469525761 324763 28392  6123
71.867880365 7469838534 312773 28360  7938
71.879880256 7470162510 323976 28385  7022
71.891879349 7470475040 312530 28380  6409
71.903866806 7470798956 323916 28380  6323
71.915878313 7471112359 313403 28377  7132
71.927879914 7471436912 324553 28380  5952
71.939865784 7471750152 313240 28386  5472
71.951875108 7472074585 324433 28391  7136
71.963868821 7472387616 313031 28402  6691
71.975880285 7472711052 323436 28378  7776
71.987868619 7473026357 315305 28386  6927
71.999866599 7473348363 322006 28384  6387
72.011869749 7473672332 323969 28363  5999
72.023868263 7473985103 312771 28373  5445
72.035866467 7474309203 324100 28375  7317
72.047869471 7474622424 313221 28404  6453
72.059868552 7474946329 323905 28375  6008
72.071879519 7475264294 317965 28388  5600
72.083866119 7475582441 318147 28388  7249
72.095868769 7475905902 323461 28369  7356
72.107879966 7476217464 311562 28357  6436
72.119876790 7476540565 323101 28369  7538
72.131880764 7476862388 321823 28394  6531
72.143867397 7477175897 313509 28375  6496
72.155869381 7477499423 323526 28386  6362
72.167878241 7477813210 313787 28356  6105
72.179881589 7478135158 321948 28380  6544
72.191880653 7478458487 323329 28369  7101
72.203881253 7478771349 312862 28372  6664
72.215878964 7479094396 323047 28379  7648
72.227880757 7479418007 323611 28366  8190
72.239879918 7479730542 312535 28373  6563
72.251879091 7480053638 323096 28396  7009
72.263880265 7480377210 323572 28370  8031
72.275875862 7480691173 313963 28356  6333
72.287879636 7481014552 323379 28378  8185
72.299867443 7481338768 324216 28386  6703
72.311879794 7481657572 318804 28394  7345
72.323867407 7481975691 318119 28372  6444
72.335867050 7482299660 323969 28377  7280
72.347868351 7482623854 324194 28366  7579
72.359868051 7482936998 313144 28381  8178
72.371880546 7483261005 324007 28380  7036
72.383866806 7483584572 323567 28370  6607
72.395867156 7483905670 321098 28394  7788
72.407879897 7484220606 314936 28380  6919
72.419878980 7484544480 323874 28389  7364
72.431873754 7484868117 323637 28371  7455
72.443880768 7485187139 319022 28382  7177
72.455867648 7485504455 317316 28353  7905
72.467880225 7485827833 323378 28369  6827
72.479867099 7486150967 323134 28365  8158
72.491868502 7486474514 323547 28377  7310
72.503878597 7486787534 313020 28400  7917
72.515881701 7487111076 323542 28372  7122
72.527879708 7487434803 323727 28375  7271
72.539867431 7487758461 323658 28374  6676
72.551879895 7488075670 317209 28388  8639
72.563880369 7488394341 318671 28372  6840
72.575867369 7488718127 323786 28378  7109
72.587886113 7489041734 323607 28366  7832
72.599880270 7489365431 323697 28391  6410
72.611867563 7489686346 320915 28388  7343
72.623881707 7490001706 315360 28388  7101
72.635864791 7490325810 324104 28379  7291
72.647878571 7490649594 323784 28354  7124
72.659878946 7490973167 323573 28385  7325
72.671867498 7491296922 323755 28342  7283
72.683866969 7491618228 321306 28364  8167
72.695867589 7491933660 315432 28375  6688
72.707880410 7492257139 323479 28359  7696
72.719862743 7492581119 323980 28363  7601
72.731879661 7492904844 323725 28375  7804
72.743867767 7493228081 323237 28362  8823
72.755874428 7493551089 323008 28353  7248
72.767868668 7493874112 323023 28377  7898
72.779882719 7494187794 313682 28358  7417
72.791869106 7494508875 321081 28365  7280
72.803879950 7494831948 323073 28374  7289
72.815868563 7495154955 323007 28359  6801
72.827880444 7495478273 323318 28373  6873
72.839881227 7495801322 323049 28383  6671
72.851880731 7496124898 323576 28399  6685
72.863879568 7496448102 323204 28379  7932
72.875868002 7496771570 323468 28386  7047
72.887880732 7497092844 321274 28358  7484
72.899878986 7497409555 316711 28379  7790
72.911885870 7497729957 320402 28373  7422
72.923879857 7498052774 322817 28368  7882
72.935880311 7498376305 323531 28351  6777
72.947881995 7498699573 323268 28377  7730
72.959878032 7499022825 323252 28359  8327
72.971867971 7499345990 323165 28359  8685
72.983879689 7499669333 323343 28381  9519
72.995869059 7499992720 323387 28363  9022
73.007866206 7500315984 323264 28377  7281
73.019868337 7500638812 322828 28366  8896
73.031880917 7500961545 322733 28370  9213
73.043881737 7501284600 323055 28372  8795
73.055880131 7501607085 322485 28358  8563
73.067876511 7501930582 323497 28377  7745
73.079866818 7502253432 322850 28361  7341
73.091865865 7502576895 323463 28378  8350
73.103881049 7502899716 322821 28373  11376
73.115862145 7503222525 322809 28374  8342
73.127885147 7503545054 322529 28360  8813
73.139862544 7503867639 322585 28382  7938
73.151868260 7504190022 322383 28369  8027
73.163884558 7504512364 322342 28379  7981
73.175878312 7504834474 322110 28352  7309
73.187879439 7505156521 322047 28367  7799
73.199879659 7505478534 322013 28369  7195
73.211869296 7505800812 322278 28375  8868
73.223879917 7506122726 321914 28368  8708
73.235888430 7506444724 321998 28381  8128
73.247870057 7506766270 321546 28362  7637
73.259879164 7507088071 321801 28367  8661
73.271880198 7507410524 322453 28387  7995
73.283879715 7507733103 322579 28373  8784
73.295868759 7508055514 322411 28379  8545
73.307867042 7508377441 321927 28364  8021
73.319880626 7508699170 321729 28370  8990
73.331868333 7509021188 322018 28379  7799
73.343879020 7509343316 322128 28365  8309
73.355866940 7509665604 322288 28374  7238
73.367867341 7509988117 322513 28365  8399
73.379881819 7510310625 322508 28376  9140
73.391876748 7510635076 324451 28355  8284
73.403869533 7510964177 329101 28374  9533
73.415871292 7511288954 324777 28377  7945
73.427883623 7511611834 322880 28398  8762
73.439867503 7511934066 322232 28360  9421
73.451868611 7512256655 322589 28388  7713
73.463879218 7512578726 322071 28355  7612
73.475881465 7512901173 322447 28375  7911
73.487867542 7513223377 322204 28394  9409
73.499879895 7513545495 322118 28360  8799
73.511879579 7513867797 322302 28372  8977
73.523880049 7514194476 326679 28376  8628
73.535879410 7514523589 329113 28366  9794
73.547876637 7514845529 321940 28388  8466
73.559879380 7515166938 321409 28377  8322
73.571880607 7515489138 322200 28390  9484
73.583868624 7515811508 322370 28379  8683
73.595879985 7516133247 321739 28360  8639
73.607879968 7516455016 321769 28375  8342
73.619880900 7516781099 326083 28369  9648
73.631885376 7517110112 329013 28371  8598
73.643867896 7517431606 321494 28374  8123
73.655865976 7517752930 321324 28376  9015
73.667867887 7518074666 321736 28383  9287
73.679866564 7518396675 322009 28383  9956
73.691868635 7518718346 321671 28362  8621
73.703876555 7519047912 329566 28366  9292
73.715868812 7519373387 325475 28367  8950
73.727867738 7519694693 321306 28377  10323
73.739878766 7520015981 321288 28359  8263
73.751867900 7520337454 321473 28376  7852
73.763867594 7520659485 322031 28386  8863
73.775869284 7520991347 331862 28375  8418
73.787866648 7521314729 323382 28352  8929
73.799876815 7521637111 322382 28386  9166
73.811881155 7521958919 321808 28367  9293
73.823879892 7522280753 321834 28364  8627
73.835880336 7522606830 326077 28369  9375
73.847880039 7522935255 328425 28385  8976
73.859890116 7523256782 321527 28379  8429
73.871880320 7523578353 321571 28378  8649
73.883879874 7523900178 321825 28372  8814
73.895880354 7524227898 327720 28372  9459
73.907879611 7524555667 327769 28373  8100
73.919880348 7524877220 321553 28378  8634
73.931878962 7525199059 321839 28366  9728
73.943880189 7525520650 321591 28395  9379
73.955879519 7525854113 333463 28365  9442
73.967880744 7526175104 320991 28381  7978
73.979867803 7526496089 320985 28373  8181
73.991880098 7526816550 320461 28374  8501
74.003868464 7527144186 327636 28367  9222
74.015867308 7527470446 326260 28375  8457
74.027877164 7527791306 320860 28355  8047
74.039867266 7528112246 320940 28368  8996
74.051869055 7528437348 325102 28375  8830
74.063869336 7528766094 328746 28368  9261
74.075869009 7529086986 320892 28378  9105
74.087868870 7529407464 320478 28346  8674
74.099866457 7529733984 326520 28362  9650
74.111868230 7530061671 327687 28371  9487
74.123867065 7530382859 321188 28374  8387
74.135869365 7530703602 320743 28391  9487
74.147882202 7531035683 332081 28355  8866
74.159867049 7531357130 321447 28363  10223
74.171879366 7531678320 321190 28350  9534
74.183888906 7531999691 321371 28361  9757
74.195881460 7532332679 332988 28351  10255
74.207881577 7532654075 321396 28374  9000
74.219881407 7532975366 321291 28359  9272
74.231867211 7533304382 329016 28380  8533
74.243881251 7533629994 325612 28374  8826
74.255879285 7533950949 320955 28370  8720
74.267867009 7534272334 321385 28393  8162
74.279868672 7534604516 332182 28368  8208
74.291879483 7534925431 320915 28378  8882
74.303880030 7535246350 320919 28376  9387
74.315868490 7535579211 332861 28381  9043
74.327879900 7535899723 320512 28373  8843
74.339876961 7536220380 320657 28371  9777
74.351868074 7536550438 330058 28362  8109
74.363868191 7536873965 323527 28390  8192
74.375880309 7537194857 320892 28390  8894
74.387865146 7537520676 325819 28382  10393
74.399869039 7537848160 327484 28395  9417
74.411866006 7538168779 320619 28384  9251
74.423868873 7538492362 323583 28391  9121
74.435867603 7538821624 329262 28371  8097
74.447869231 7539141494 319870 28372  8543
74.459880422 7539464946 323452 28396  10019
74.471868145 7539794180 329234 28388  10314
74.483879859 7540113990 319810 28380  9974
74.495868073 7540439230 325240 28380  9109
74.507888086 7540766106 326876 28386  8597
74.519880023 7541085759 319653 28372  9158
74.531879047 7541415268 329509 28388  9020
74.543868654 7541737363 322095 28366  9353
74.555879374 7542056755 319392 28382  11206
74.567867558 7542388670 331915 28389  9916
74.579868042 7542708351 319681 28357  9213
74.591880815 7543028429 320078 28382  9433
74.603879672 7543360588 332159 28370  8955
74.615879356 7543680605 320017 28365  10724
74.627867460 7544001815 321210 28377  7424
74.639879633 7544331874 330059 28353  9865
74.651865887 7544651279 319405 28373  10493
74.663874367 7544983238 331959 28377  8513
74.675881898 7545302932 319694 28373  7700
74.687867291 7545622632 319700 28391  9049
74.699867365 7545954429 331797 28378  9697
74.711880065 7546273848 319419 28378  9868
74.723880652 7546600987 327139 28392  9170
74.735867496 7546926325 325338 28396  9003
74.747880970 7547245935 319610 28394  9681
74.759877710 7547577786 331851 28373  7692
74.771878927 7547897067 319281 28373  10310
74.783867194 7548223103 326036 28384  9601
74.795879781 7548548606 325503 28363  9314
74.807866468 7548867915 319309 28368  8890
74.819889508 7549199450 331535 28370  10592
74.831879892 7549518522 319072 28365  9136
74.843868269 7549848599 330077 28374  8729
74.855878576 7550168944 320345 28363  8898
74.867880586 7550489146 320202 28381  10263
74.879868703 7550820689 331543 28379  9406
74.891881354 7551139905 319216 28377  9534
74.903880584 7551471604 331699 28384  9006
74.915867281 7551790139 318535 28377  8552
74.927867498 7552116597 326458 28380  9844
74.939867362 7552440139 323542 28373  10622
74.951880685 7552758941 318802 28379  10356
74.963867812 7553090128 331187 28373  11015
74.975888650 7553408614 318486 28386  10043
74.987868806 7553739631 331017 28376  10065
74.999867697 7554057920 318289 28374  10258
75.011881057 7554389137 331217 28375  11209
75.023867287 7554707364 318227 28382  10221
75.035867691 7555030053 322689 28355  10285
75.047881945 7555356172 326119 28374  10110
75.059868488 7555674127 317955 28382  11411
75.071868375 7556004866 330739 28375  10231
75.083879833 7556322592 317726 28375  9672
75.095880753 7556653265 330673 28375  8679
75.107866496 7556970562 317297 28380  10227
75.119868520 7557301019 330457 28368  8974
75.131879390 7557617766 316747 28371  9073
75.143876118 7557947908 330142 28374  10489
75.155880668 7558264754 316846 28378  9872
75.167880692 7558595305 330551 28387  11427
75.179869555 7558912210 316905 28386  10053
75.191879370 7559237502 325292 28355  12056
75.203881463 7559559358 321856 28379  10732
75.215879886 7559880934 321576 28373  10950
75.227882157 7560206079 325145 28355  11165
75.239880993 7560525015 318936 28395  10187
75.251868077 7560852526 327511 28365  10463
75.263868141 7561170052 317526 28369  10838
75.275879089 7561499118 329066 28397  10482
75.287880409 7561815314 316196 28383  11099
75.299876516 7562144554 329240 28376  10846
75.311881910 7562461276 316722 28386  10092
75.323868442 7562790146 328870 28359  8804
75.335868803 7563106624 316478 28374  10776
75.347879220 7563435218 328594 28356  12542
75.359866974 7563751884 316666 28371  10250
75.371867960 7564080321 328437 28382  9953
75.383880592 7564398650 318329 28407  9329
75.395868248 7564725633 326983 28382  10231
75.407865598 7565046631 320998 28384  9564
75.419868816 7565370508 323877 28358  10903
75.431866235 7565695563 325055 28355  10135
75.443879090 7566015382 319819 28374  9802
75.455887864 7566344537 329155 28366  10152
75.467879951 7566659701 315164 28371  11563
75.479868277 7566989088 329387 28378  11077
75.491880728 7567304442 315354 28377  10216
75.503866798 7567633708 329266 28376  11654
75.515869991 7567949487 315779 28368  9987
75.527879162 7568279037 329550 28371  10537
75.539869109 7568594691 315654 28381  10066
75.551867410 7568923859 329168 28370  10307
75.563881040 7569239245 315386 28372  11345
75.575879687 7569567715 328470 28358  11240
75.587879631 7569885734 318019 28380  10784
75.599868134 7570211744 326010 28379  10169
75.611886738 7570539733 327989 28378  11752
75.623881165 7570855269 315536 28370  11248
75.635867465 7571184260 328991 28402  9514
75.647881002 7571498556 314296 28355  10968
75.659868932 7571827161 328605 28371  10263
75.671880640 7572141248 314087 28381  11432
75.683880187 7572469310 328062 28376  10843
75.695880510 7572785641 316331 28384  9446
75.707880071 7573111635 325994 28365  10472
75.719878758 7573439718 328083 28382  11990
75.731868491 7573753754 314036 28356  10347
75.743878701 7574081935 328181 28376  10256
75.755867809 7574395866 313931 28381  9854
75.767879279 7574723885 328019 28370  11146
75.779874652 7575039983 316098 28403  10952
75.791879906 7575365685 325702 28396  9837
75.803879112 7575693862 328177 28382  10357
75.815868023 7576007420 313558 28375  10133
75.827879600 7576335213 327793 28361  9542
75.839868677 7576648857 313644 28385  11419
75.851866797 7576977040 328183 28379  10325
75.863879267 7577302080 325040 28392  11330
75.875867578 7577618445 316365 28368  11263
75.887880022 7577946085 327640 28383  11655
75.899880742 7578259703 313618 28414  10523
75.911879370 7578587389 327686 28357  11557
75.923880112 7578908970 321581 28375  9914
75.935875400 7579227480 318510 28397  9397
75.947868890 7579554885 327405 28362  11271
75.959868430 7579868133 313248 28384  10565
75.971881321 7580195978 327845 28390  11290
75.983880634 7580520093 324115 28367  11661
75.995868498 7580835619 315526 28350  11732
76.007880781 7581162579 326960 28367  11411
76.019882168 7581475374 312795 28385  11166
76.031866985 7581802779 327405 28377  10687
76.043880179 7582130218 327439 28372  11827
76.055867473 7582443049 312831 28387  10734
76.067868176 7582770386 327337 28358  11250
76.079867823 7583087251 316865 28375  11807
76.091876977 7583410205 322954 28388  10646
76.103880491 7583737260 327055 28376  10725
76.115865921 7584049211 311951 28384  11747
76.127914699 7584376321 327110 28365  10481
76.139867908 7584703657 327336 28385  11862
76.151866669 7585015838 312181 28397  10116
76.163879689 7585343049 327211 28363  11267
76.175869323 7585663245 320196 28395  12162
76.187880103 7585982362 319117 28364  11579
76.199879187 7586309454 327092 28379  10937
76.211869427 7586622338 312884 28372  10852
76.223879951 7586948459 326121 28377  11473
76.235880581 7587275321 326862 28366  11479
76.247888938 7587587268 311947 28386  10817
76.259879938 7587914012 326744 28360  12830
76.271880339 7588240613 326601 28375  10148
76.283867729 7588552360 311747 28396  10967
76.295868606 7588878753 326393 28375  11320
76.307880846 7589205555 326802 28379  11320
76.319881290 7589517421 311866 28376  10324
76.331869000 7589843795 326374 28381  11278
76.343880837 7590170655 326860 28378  10681
76.355868198 7590482166 311511 28357  10527
76.367866065 7590808520 326354 28359  10564
76.379883785 7591135118 326598 28377  12261
76.391867349 7591446446 311328 28379  11663
76.403871002 7591772380 325934 28345  12129
76.415879559 7592098345 325965 28357  10224
76.427867800 7592409091 310746 28380  10000
76.439879693 7592735057 325966 28368  9746
76.451868057 7593061418 326361 28379  10963
76.463880964 7593372333 310915 28382  10204
76.475881388 7593699040 326707 28396  10625
76.487868465 7594025239 326199 28351  10390
76.499863505 7594336870 311631 28378  10771
76.511868849 7594663147 326277 28385  10045
76.523868736 7594989712 326565 28378  11387
76.535878466 7595301105 311393 28387  9799
76.547869940 7595627500 326395 28360  12236
76.559879007 7595953409 325909 28357  10906
76.571891270 7596266691 313282 28364  11443
76.583881137 7596590410 323719 28362  11200
76.595880151 7596916758 326348 28358  12302
76.607867691 7597239792 323034 28393  12570
76.619878215 7597554549 314757 28392  11567
76.631868889 7597880400 325851 28368  11663
76.643880756 7598206332 325932 28371  12794
76.655881183 7598516934 310602 28389  11554
76.667868346 7598843106 326172 28382  11507
76.679880683 7599169252 326146 28363  11218
76.691879106 7599482783 313531 28388  10879
76.703866020 7599805560 322777 28345  11703
76.715880407 7600131806 326246 28372  12180
76.727875495 7600457389 325583 28367  12869
76.739869867 7600768170 310781 28392  10860
76.751868341 7601093780 325610 28358  11286
76.763868138 7601419520 325740 28383  11009
76.775878212 7601733173 313653 28379  10773
76.787879745 7602055267 322094 28383  10215
76.799881182 7602380512 325245 28377  11777
76.811870473 7602706078 325566 28358  12077
76.823870593 7603016189 310111 28370  11306
76.835880147 7603342031 325842 28373  11104
76.847879820 7603667702 325671 28352  11539
76.859867394 7603990238 322536 28398  12975
76.871878554 7604303967 313729 28373  11749
76.883876921 7604629664 325697 28371  11945
76.895880968 7604955639 325975 28382  11028
76.907877592 7605269935 314296 28383  10110
76.919879772 7605591063 321128 28393  10962
76.931868053 7605916495 325432 28387  10345
76.943867449 7606241478 324983 28361  11716
76.955867576 7606552482 311004 28380  12059
76.967867580 7606876741 324259 28382  10320
76.979879521 7607202110 325369 28373  11527
76.991881398 7607527412 325302 28359  12315
77.003868061 7607837930 310518 28375  11271
77.015867347 7608162770 324840 28384  10507
77.027879779 7608487990 325220 28357  11159
77.039866828 7608813542 325552 28365  11336
77.051888076 7609124330 310788 28365  11095
77.063868385 7609448482 324152 28363  10429
77.075869362 7609773703 325221 28378  11893
77.087869079 7610098660 324957 28381  10461
77.099879290 7610412474 313814 28391  10674
77.111882260 7610733759 321285 28375  9719
77.123879131 7611058625 324866 28365  10850
77.135880564 7611383506 324881 28368  11078
77.147879534 7611703777 320271 28411  10821
77.159868958 7612017177 313400 28359  12428
77.171880125 7612342337 325160 28375  11069
77.183880252 7612667502 325165 28381  10966
77.195880122 7612992422 324920 28373  12281
77.207887249 7613301371 308949 28386  11905
77.219870210 7613626333 324962 28383  11974
77.231879750 7613951946 325613 28387  10717
77.243881840 7614277449 325503 28368  11254
77.255880457 7614594974 317525 28369  11016
77.267868264 7614912379 317405 28415  10656
77.279880721 7615237359 324980 28368  11712
77.291867262 7615562529 325170 28351  10696
77.303869765 7615887159 324630 28359  11422
77.315867459 7616197901 310742 28374  10306
77.327879189 7616522088 324187 28363  10330
77.339868309 7616846873 324785 28339  11688
77.351867382 7617172679 325806 28410  12118
77.363888790 7617497490 324811 28372  11631
77.375867826 7617807221 309731 28386  12097
77.387879024 7618132330 325109 28386  11745
77.399880625 7618458282 325952 28372  11987
77.411868397 7618783848 325566 28362  12211
77.423880992 7619109550 325702 28378  10669
77.435878415 7619419742 310192 28376  10966
77.447882082 7619744535 324793 28359  10730
77.459867712 7620070236 325701 28377  11113
77.471879252 7620395954 325718 28385  10198
77.483879419 7620721760 325806 28373  11652
77.495868516 7621034384 312624 28397  10948
77.507879020 7621357394 323010 28379  11297
77.519888235 7621682416 325022 28383  11304
77.531867187 7622007901 325485 28397  11500
77.543867208 7622333527 325626 28375  10556
77.555869365 7622654481 320954 28360  11558
77.567868092 7622968299 313818 28356  11249
77.579880445 7623294050 325751 28370  11019
77.591879909 7623619181 325131 28368  11095
77.603880393 7623944973 325792 28380  11526
77.615878660 7624270583 325610 28377  12286
77.627866746 7624585858 315275 28381  11213
77.639877370 7624905539 319681 28395  11792
77.651867776 7625230307 324768 28360  12171
77.663879181 7625555186 324879 28366  12121
77.675867738 7625880154 324968 28365  11410
77.687887972 7626205764 325610 28374  11223
77.699880514 7626521445 315681 28398  11677
77.711867105 7626841127 319682 28382  10431
77.723866242 7627166383 325256 28371  10981
77.735879419 7627491534 325151 28364  11507
77.747871052 7627817166 325632 28395  12566
77.759867863 7628142364 325198 28377  11971
77.771881086 7628462543 320179 28379  11393
77.783880380 7628776685 314142 28363  12510
77.795867250 7629101322 324637 28364  10688
77.807866987 7629426454 325132 28378  12330
77.819879374 7629751990 325536 28369  11583
77.831867668 7630076962 324972 28361  11853
77.843889288 7630402134 325172 28385  12487
77.855880329 7630716203 314069 28382  10278
77.867867739 7631036540 320337 28372  12235
77.879867699 7631361226 324686 28364  11778
77.891868003 7631686068 324842 28349  12008
77.903868359 7632011085 325017 28381  12138
77.915879820 7632335767 324682 28365  12502
77.927880867 7632660783 325016 28381  11559
77.939866057 7632976908 316125 28393  11060
77.951868357 7633294733 317825 28373  11238
77.963862004 7633620037 325304 28365  12292
77.975864277 7633945157 325120 28351  12734
77.987868318 7634269931 324774 28355  12029
77.999877965 7634595131 325200 28390  11948
78.011868639 7634920374 325243 28384  11673
78.023881059 7635245112 324738 28367  11748
78.035869316 7635556531 311419 28368  9742
78.047879306 7635879054 322523 28396  11899
78.059882027 7636203728 324674 28376  11167
78.071878240 7636528515 324787 28386  11563
78.083868137 7636852669 324154 28357  11466
78.095877678 7637177167 324498 28368  11282
78.107880041 7637501923 324756 28370  11889
78.119867985 7637826672 324749 28365  11372
78.131866458 7638142376 315704 28371  10695
78.143879658 7638459694 317318 28362  10671
78.155889539 7638784349 324655 28363  10752
78.167880879 7639108599 324250 28367  11217
78.179879916 7639433384 324785 28380  10961
78.191867566 7639758205 324821 28368  10945
78.203881106 7640082831 324626 28360  11269
78.215881020 7640407876 325045 28367  12147
78.227868897 7640732813 324937 28373  11915
78.239868451 7641051694 318881 28387  11536
78.251881054 7641367295 315601 28368  12089
78.263880388 7641691804 324509 28375  10559
78.275867712 7642016801 324997 28396  11255
78.287879999 7642341393 324592 28370  10641
78.299879966 7642665931 324538 28377  11646
78.311867576 7642990306 324375 28376  10512
78.323862615 7643314816 324510 28365  11589
78.335873680 7643639279 324463 28381  11185
78.347867739 7643963803 324524 28368  10944
78.359881481 7644285468 321665 28353  10830
78.371868257 7644598899 313431 28347  10407
78.383879848 7644920934 322035 28381  11737
78.395879227 7645245607 324673 28379  11661
78.407880889 7645570008 324401 28376  12478
78.419871581 7645894674 324666 28383  12850
78.431868498 7646219034 324360 28373  11671
78.443879392 7646543139 324105 28378  11279
78.455867722 7646867146 324007 28362  12770
78.467867373 7647191501 324355 28365  10907
78.479889587 7647515853 324352 28374  12171
78.491882007 7647839937 324084 28380  10477
78.503879674 7648161022 321085 28360  11410
78.515880741 7648475838 314816 28378  11956
78.527868194 7648796756 320918 28386  12232
78.539880528 7649121198 324442 28374  11584
78.551879252 7649445478 324280 28385  11824
78.563869295 7649769991 324513 28381  12223
78.575867735 7650094251 324260 28376  10494
78.587879659 7650418115 323864 28359  10634
78.599867782 7650742295 324180 28369  10623
78.611867322 7651066955 324660 28381  11249
78.623867326 7651391464 324509 28383  12130
78.635888036 7651715820 324356 28365  12865
78.647870027 7652039929 324109 28378  11071
78.659866410 7652364529 324600 28378  12698
78.671869837 7652688743 324214 28381  11305
78.683865648 7653008587 319844 28389  11215
78.695880945 7653325334 316747 28365  11191
78.707879855 7653645975 320641 28372  11401
78.719867204 7653969772 323797 28360  10857
78.731866615 7654294139 324367 28376  10705
78.743880049 7654618460 324321 28386  11666
78.755868889 7654939609 321149 28391  11878
78.767867446 7655244451 304842 28358  8445
78.779880846 7655544675 300224 28387  8533
78.791866633 7655839203 294528 28371  8423
78.803874543 7656144267 305064 28376  8401
78.815879687 7656448889 304622 28381  8793
78.827878621 7656739188 290299 28391  8193
78.839879024 7657044164 304976 28389  8340
78.851880458 7657349092 304928 28371  9010
78.863869165 7657639311 290219 28390  7994
78.875880562 7657944029 304718 28389  9183
78.887879472 7658248763 304734 28405  8788
78.899868105 7658546388 297625 28375  8463
78.911865469 7658843799 297411 28365  8486
78.923880402 7659148518 304719 28376  8425
78.935879710 7659453126 304608 28354  8774
78.947869263 7659742971 289845 28372  8369
78.959887783 7660047360 304389 28366  9069
78.971879960 7660352149 304789 28349  8499
78.983880324 7660647296 295147 28366  8623
78.995868714 7660947328 300032 28373  8862
79.007868645 7661252230 304902 28357  8394
79.019868058 7661556868 304638 28349  9347
79.031879152 7661846741 289873 28368  8630
79.043869521 7662151665 304924 28355  7843
79.055866559 7662456499 304834 28363  7976
79.067879480 7662756699 300200 28364  8737
79.079879476 7663051293 294594 28364  9590
79.091866689 7663356330 305037 28381  7437
79.103867860 7663661335 305005 28381  8677
79.115887207 7663953769 292434 28366  9408
79.127867800 7664257310 303541 28359  9147
79.139866417 7664562446 305136 28354  9829
79.151879931 7664867568 305122 28372  10071
79.163879975 7665157647 290079 28387  8360
79.175880452 7665462565 304918 28375  10085
79.187879812 7665767447 304882 28367  7808
79.199868906 7666072450 305003 28356  8426
79.211880446 7666362569 290119 28378  8648
79.223878563 7666667351 304782 28367  8756
79.235867896 7666972173 304822 28373  8321
79.247868983 7667277080 304907 28382  9976
79.259881790 7667567557 290477 28373  8768
79.271884664 7667872531 304974 28371  8503
79.283867444 7668177346 304815 28381  8050
79.295880334 7668481489 304143 28380  8299
79.307880704 7668771777 290288 28358  8595
79.319866868 7669076305 304528 28346  10577
79.331867835 7669381492 305187 28369  8710
79.343879785 7669686653 305161 28373  9260
79.355868072 7669976801 290148 28377  9222
79.367879296 7670281918 305117 28375  10071
79.379867842 7670586390 304472 28354  9761
79.391865810 7670890909 304519 28363  9108
79.403880410 7671180984 290075 28353  10058
79.415880750 7671485328 304344 28362  9801
79.427868057 7671789749 304421 28352  9850
79.439886395 7672094493 304744 28365  9730
79.451880644 7672388459 293966 28368  8937
79.463867094 7672689231 300772 28370  8884
79.475868311 7672994230 304999 28383  9024
79.487866555 7673299186 304956 28374  9794
79.499881809 7673602666 303480 28390  10423
79.511881296 7673894103 291437 28341  9181
79.523880676 7674198617 304514 28369  8526
79.535880806 7674503315 304698 28375  8379
79.547881486 7674808215 304900 28371  9156
79.559878766 7675100130 291915 28356  9209
79.571867246 7675402724 302594 28356  10264
79.583867473 7675707197 304473 28352  10406
79.595888234 7676011696 304499 28371  9791
79.607881407 7676316110 304414 28379  9853
79.619867881 7676606043 289933 28378  10291
79.631881395 7676910776 304733 28370  9921
79.643878515 7677215104 304328 28356  9631
79.655868121 7677520136 305032 28371  9634
79.667867649 7677821250 301114 28348  9642
79.679867788 7678115112 293862 28364  10086
79.691868199 7678420532 305420 28378  9359
79.703881256 7678725650 305118 28388  8644
79.715868106 7679030808 305158 28358  11011
79.727866656 7679330726 299918 28361  9488
79.739880593 7679625749 295023 28341  8633
79.751887634 7679930651 304902 28357  9211
79.763869421 7680235787 305136 28369  9932
79.775868014 7680540655 304868 28372  10139
79.787880831 7680842487 301832 28365  10704
79.799868661 7681134972 292485 28374  9887
79.811879495 7681440313 305341 28381  10161
79.823880845 7681744872 304559 28371  9248
79.835880378 7682049962 305090 28364  10250
79.847881032 7682354904 304942 28372  9104
79.859879352 7682645394 290490 28363  10741
79.871868006 7682949884 304490 28357  10632
79.883879360 7683254532 304648 28352  10218
79.895879083 7683558870 304338 28365  9654
79.907877547 7683863698 304828 28366  10101
79.919867453 7684161187 297489 28364  9429
79.931882577 7684458246 297059 28366  8533
79.943881637 7684762810 304564 28357  10483
79.955867471 7685067556 304746 28377  10649
79.967881348 7685371716 304160 28347  10533
79.979879088 7685676640 304924 28365  9502
79.991869252 7685968744 292104 28365  10238
80.003867885 7686271229 302485 28362  10405
80.015869202 7686575799 304570 28381  9533
80.027880173 7686880205 304406 28377  9007
80.039868542 7687184132 303927 28370  9844
80.051867730 7687488602 304470 28364  9566
80.063867056 7687779662 291060 28374  8452
80.075889220 7688081680 302018 28365  9763
80.087881587 7688385615 303935 28362  10137
80.099868977 7688689689 304074 28373  10339
80.111869237 7688993920 304231 28381  11563
80.123880544 7689297998 304078 28362  10099
80.135867745 7689592816 294818 28371  10333
80.147868442 7689891516 298700 28384  9792
80.159881719 7690196322 304806 28392  10291
80.171879366 7690500423 304101 28361  10275
80.183881352 7690804157 303734 28362  10710
80.195868085 7691108760 304603 28400  11285
80.207867499 7691412016 303256 28350  9260
80.219880556 7691702323 290307 28383  9445
80.231886583 7692005887 303564 28378  9665
80.243868383 7692310073 304186 28358  9509
80.255867724 7692614413 304340 28384  11181
80.267882201 7692918723 304310 28368  10436
80.279880171 7693223119 304396 28362  10004
80.291868841 7693524435 301316 28388  10158
80.303879955 7693816235 291800 28346  9832
80.315879564 7694119927 303692 28375  9531
80.327879755 7694423416 303489 28374  9467
80.339866622 7694727555 304139 28358  9736
80.351866502 7695031181 303626 28366  10310
80.363879489 7695334939 303758 28356  11436
80.375879713 7695638821 303882 28355  10513
80.387876156 7695929962 291141 28369  11578
80.399878783 7696231043 301081 28372  10042
80.411868216 7696534918 303875 28363  8735
80.423868256 7696838347 303429 28357  10173
80.435880308 7697142157 303810 28366  10277
80.447868737 7697445840 303683 28351  10254
80.459868037 7697749650 303810 28379  10469
80.471869151 7698052641 302991 28364  10089
80.483866918 7698343994 291353 28348  10285
80.495867435 7698646645 302651 28375  11256
80.507879872 7698950926 304281 28379  9888
80.519880496 7699255338 304412 28382  8489
80.531867556 7699559456 304118 28362  10456
80.543875510 7699863258 303802 28368  9896
80.555882037 7700167217 303959 28369  9040
80.567879339 7700471272 304055 28374  11072
80.579880936 7700766519 295247 28363  11834
80.591868117 7701064080 297561 28389  10272
80.603881394 7701367680 303600 28363  9949
80.615879171 7701671951 304271 28388  10966
80.627880284 7701975799 303848 28348  10727
80.639880201 7702280000 304201 28376  11056
80.651879372 7702583969 303969 28360  9064
80.663880469 7702887964 303995 28372  9754
80.675868445 7703192142 304178 28383  8949
80.687868732 7703489283 297141 28373  10750
80.699879729 7703785014 295731 28365  10370
80.711887242 7704088812 303798 28380  9631
80.723868059 7704392696 303884 28356  10645
80.735866906 7704696390 303694 28373  10735
80.747881420 7704999848 303458 28362  9905
80.759879760 7705303559 303711 28383  10162
80.771868876 7705607354 303795 28360  11247
80.783867710 7705911029 303675 28369  11013
80.795866457 7706214761 303732 28373  11120
80.807879614 7706513413 298652 28356  11031
80.819866961 7706808240 294827 28372  10526
80.831867385 7707110850 302610 28372  10570
80.843879628 7707414733 303883 28356  10231
80.855881175 7707718482 303749 28365  8529
80.867873658 7708022544 304062 28358  9893
80.879867592 7708326811 304267 28381  9825
80.891867122 7708630864 304053 28378  10581
80.903879372 7708934225 303361 28360  10177
80.915866659 7709238430 304205 28376  10444
80.927868706 7709542160 303730 28372  10314
80.939881280 7709845613 303453 28357  11000
80.951878967 7710141211 295598 28377  10006
80.963878814 7710438411 297200 28348  10167
80.975867847 7710740924 302513 28369  11362
80.987879831 7711045008 304084 28384  11020
80.999880327 7711348934 303926 28370  10951
81.011867404 7711652897 303963 28371  11261
81.023877098 7711956739 303842 28360  9494
81.035881205 7712260550 303811 28369  11487
81.047880959 7712564458 303908 28361  9729
81.059869342 7712868735 304277 28370  10879
81.071867192 7713172905 304170 28362  10804
81.083880966 7713477019 304114 28363  10250
81.095865719 7713780906 303887 28356  11185
81.107866969 7714083862 302956 28383  10786
81.119867366 7714380310 296448 28387  10857
81.131868410 7714678856 298546 28367  11902
81.143868827 7714981830 302974 28376  10009
81.155866534 7715285612 303782 28355  10088
81.167867644 7715589515 303903 28376  10552
81.179875844 7715893436 303921 28376  10285
81.191880661 7716197296 303860 28376  10663
81.203867554 7716501697 304401 28373  11021
81.215868571 7716805621 303924 28355  10568
81.227880675 7717109210 303589 28364  10131
81.239879969 7717413060 303850 28374  11232
81.251869439 7717716873 303813 28369  10194
81.263881299 7718020010 303137 28354  10622
81.275880490 7718323902 303892 28368  9729
81.287880223 7718627880 303978 28372  11379
81.299879713 7718931479 303599 28355  10731
81.311879536 7719235380 303901 28367  10314
81.323878637 7719537088 301708 28381  11074
81.335880687 7719835566 298478 28379  9826
81.347889614 7720134824 299258 28354  11965
81.359869007 7720436729 301905 28366  10671
81.371879381 7720740243 303514 28356  10005
81.383881501 7721044123 303880 28371  10599
81.395868971 7721348220 304097 28367  10340
81.407867798 7721652152 303932 28365  11197
81.419880025 7721956806 304654 28386  10730
81.431868029 7722261290 304484 28363  10339
81.443867509 7722565886 304596 28374  10271
81.455866666 7722870398 304512 28382  10583
81.467868229 7723174500 304102 28356  10636
81.479865556 7723478690 304190 28367  10212
81.491867303 7723782937 304247 28371  11647
81.503879794 7724087309 304372 28361  10940
81.515867347 7724391122 303813 28355  10332
81.527868794 7724695161 304039 28368  9543
81.539867817 7724999226 304065 28373  10755
81.551880284 7725303456 304230 28369  11139
81.563880478 7725608043 304587 28384  10931
81.575878642 7725912377 304334 28362  11079
81.587868644 7726216425 304048 28370  10723
81.599880115 7726520596 304171 28372  11029
81.611881225 7726824887 304291 28395  10540
81.623879972 7727128912 304025 28369  10749
81.635867326 7727433152 304240 28370  10377
81.647881209 7727737242 304090 28357  10381
81.659886886 7728041581 304339 28358  11625
81.671881323 7728346097 304516 28368  10678
81.683880026 7728650091 303994 28343  10518
81.695881543 7728954349 304258 28368  10193
81.707880560 7729259218 304869 28374  10780
81.719867917 7729563118 303900 28370  11578
81.731867894 7729865712 302594 28356  11386
81.743866887 7730168648 302936 28355  10731
81.755880781 7730471626 302978 28366  10880
81.767867661 7730774821 303195 28363  11952
81.779881218 7731078408 303587 28375  11084
81.791868821 7731381888 303480 28365  11921
81.803880825 7731685345 303457 28373  11472
81.815880569 7731989128 303783 28352  11788
81.827867832 7732292954 303826 28382  12026
81.839880135 7732596581 303627 28342  11828
81.851868385 7732900475 303894 28375  11685
81.863868586 7733204330 303855 28365  12091
81.875881446 7733508419 304089 28377  12312
81.887881110 7733812506 304087 28390  11133
81.899880130 7734116660 304154 28374  10832
81.911879440 7734420926 304266 28348  11013
81.923881444 7734725479 304553 28385  11364
81.935877777 7735029916 304437 28374  10467
81.947868317 7735334506 304590 28352  10819
81.959866867 7735639268 304762 28367  11966
81.971873454 7735944411 305143 28357  10935
81.983886918 7736249542 305131 28356  10980
81.995867848 7736554805 305263 28380  9973
82.007867961 7736860475 305670 28371  12190
82.019882032 7737166081 305606 28364  11219
82.031881282 7737472432 306351 28362  11039
82.043869279 7737778684 306252 28389  11258
82.055867399 7738083435 304751 28358  11415
82.067880559 7738388466 305031 28365  12242
82.079867460 7738693398 304932 28356  11779
82.091868232 7738998122 304724 28356  10828
82.103866299 7739302962 304840 28359  11805
82.115880016 7739608007 305045 28380  11237
82.127879884 7739912830 304823 28375  12624
82.139887747 7740217707 304877 28371  11775
82.151866871 7740522503 304796 28375  10776
82.163878484 7740827501 304998 28360  10514
82.175880938 7741132259 304758 28347  10703
82.187867197 7741437062 304803 28366  10808
82.199869498 7741741996 304934 28360  11472
82.211880635 7742046951 304955 28357  11668
82.223867262 7742352136 305185 28366  11569
82.235880119 7742657314 305178 28372  10853
82.247880192 7742962148 304834 28362  11366
82.259866095 7743266943 304795 28353  12239
82.271880633 7743571817 304874 28371  12370
82.283868422 7743876869 305052 28375  12096
82.295876466 7744181555 304686 28353  11352
82.307880813 7744486838 305283 28369  12264
82.319878753 7744791752 304914 28368  12071
82.331879467 7745096867 305115 28367  10489
82.343880374 7745401845 304978 28369  12096
82.355880981 7745706827 304982 28376  11990
82.367879578 7746011815 304988 28376  12258
82.379870214 7746316568 304753 28368  11911
82.391880478 7746621593 305025 28369  12931
82.403869111 7746926234 304641 28364  11632
82.415879625 7747231351 305117 28370  12121
82.427866459 7747538165 306814 28373  12360
82.439867598 7747847788 309623 28376  12256
82.451880413 7748158041 310253 28368  11107
82.463888420 7748465017 306976 28365  11236
82.475869376 7748769669 304652 28364  11427
82.487866879 7749074227 304558 28360  12385
82.499868266 7749379476 305249 28382  12792
82.511879980 7749684628 305152 28381  12816
82.523879084 7749989299 304671 28372  12858
82.535868246 7750293775 304476 28351  12603
82.547881814 7750598443 304668 28369  11945
82.559868254 7750903067 304624 28360  11635
82.571879937 7751208517 305450 28381  11733
82.583878298 7751513681 305164 28363  11816
82.595880968 7751818419 304738 28353  12108
82.607880205 7752123277 304858 28365  12363
82.619875904 7752428213 304936 28367  11954
82.631867958 7752733003 304790 28381  11812
82.643882102 7753038268 305265 28373  13070
82.655881232 7753344073 305805 28370  12179
82.667867469 7753653678 309605 28369  12597
82.679880783 7753965937 312259 28346  12171
82.691880449 7754271992 306055 28367  12146
82.703880726 7754576856 304864 28387  12435
82.715868796 7754882156 305300 28384  11819
82.727881556 7755187180 305024 28368  12545
82.739866337 7755492246 305066 28361  11708
82.751866877 7755797024 304778 28357  11844
82.763865603 7756101778 304754 28368  11438
82.775875820 7756406890 305112 28370  11530
82.787881170 7756711978 305088 28355  11360
82.799880487 7757017002 305024 28369  12331
82.811867518 7757321933 304931 28359  12875
82.823867335 7757627044 305111 28346  12607
82.835866875 7757932679 305635 28368  11517
82.847878785 7758243945 311266 28378  12215
82.859868041 7758557413 313468 28375  13418
82.871867898 7758862923 305510 28381  11945
82.883879325 7759168123 305200 28359  12756
82.895879906 7759473420 305297 28351  13034
82.907880699 7759778852 305432 28359  11861
82.919879960 7760083762 304910 28366  12424
82.931888830 7760389230 305468 28366  12116
82.943880769 7760694833 305603 28361  13214
82.955868940 7761000433 305600 28375  12125
82.967868613 7761305701 305268 28362  12327
82.979867333 7761610840 305139 28362  12481
82.991880524 7761917847 307007 28365  11070
83.003867457 7762232790 314943 28371  11401
83.015869340 7762541771 308981 28360  11270
83.027880051 7762847174 305403 28368  13098
83.039881204 7763152348 305174 28363  13303
83.051867658 7763457474 305126 28358  12746
83.063865721 7763762231 304757 28349  12771
83.075879974 7764067683 305452 28385  11579
83.087866698 7764373054 305371 28362  11518
83.099882915 7764678172 305118 28360  11842
83.111868622 7764983214 305042 28353  12844
83.123881322 7765289377 306163 28369  12499
83.135880889 7765603440 314063 28361  11770
83.147880480 7765914371 310931 28370  12953
83.159880529 7766219894 305523 28349  12477
83.171878900 7766525417 305523 28359  12668
83.183867956 7766830767 305350 28367  12999
83.195880100 7767136217 305450 28363  13036
83.207881214 7767441713 305496 28365  11996
83.219879654 7767747247 305534 28357  13202
83.231882137 7768052726 305479 28353  11947
83.243879787 7768358110 305384 28358  12535
83.255887847 7768670321 312211 28366  12357
83.267868071 7768983555 313234 28378  11815
83.279868195 7769288928 305373 28396  12582
83.291880482 7769594651 305723 28359  11223
83.303868544 7769900145 305494 28372  11717
83.315868731 7770205456 305311 28367  11585
83.327868655 7770510792 305336 28353  12078
83.339866849 7770816478 305686 28387  11816
83.351878866 7771121491 305013 28380  12813
83.363867313 7771429087 307596 28379  12737
83.375867422 7771747420 318333 28383  11641
83.387868302 7772053462 306042 28359  12486
83.399867679 7772359432 305970 28375  13654
83.411876850 7772665067 305635 28351  12349
83.423867460 7772970311 305244 28355  12713
83.435879824 7773276446 306135 28368  13559
83.447882164 7773582306 305860 28371  12332
83.459867257 7773887634 305328 28350  12447
83.471881100 7774196085 308451 28356  13451
83.483880271 7774513164 317079 28371  12213
83.495880264 7774818789 305625 28355  13021
83.507879171 7775125016 306227 28369  11747
83.519867431 7775430964 305948 28361  13154
83.531880439 7775736768 305804 28361  13782
83.543879446 7776042429 305661 28373  12162
83.555880718 7776347687 305258 28359  13654
83.567889095 7776653784 306097 28376  12818
83.579868479 7776972702 318918 28372  11594
83.591865955 7777278983 306281 28366  13220
83.603869422 7777584465 305482 28377  13109
83.615866219 7777889911 305446 28359  11838
83.627882233 7778195423 305512 28324  12557
83.639865946 7778501194 305771 28368  12659
83.651868502 7778807440 306246 28379  13180
83.663868687 7779114651 307211 28367  13530
83.675879157 7779433462 318811 28341  13677
83.687881850 7779739564 306102 28374  13424
83.699868384 7780045562 305998 28369  12281
83.711867201 7780351250 305688 28368  10955
83.723867943 7780657278 306028 28355  14116
83.735875927 7780963351 306073 28361  12764
83.747882144 7781269131 305780 28363  12458
83.759878554 7781583684 314553 28346  13772
83.771879621 7781895302 311618 28364  12775
83.783880605 7782201093 305791 28355  12419
83.795868329 7782507392 306299 28379  11296
83.807879692 7782813545 306153 28375  13692
83.819880275 7783119743 306198 28365  12502
83.831879435 7783425980 306237 28354  13265
83.843866709 7783737405 311425 28352  11418
83.855865192 7784051548 314143 28366  13770
83.867881239 7784357983 306435 28362  12266
83.879881502 7784664152 306169 28374  12038
83.891888979 7784970193 306041 28362  11587
83.903880220 7785276312 306119 28374  12334
83.915881177 7785582464 306152 28360  13059
83.927867930 7785895580 313116 28357  13780
83.939869133 7786208842 313262 28370  13043
83.951868313 7786514897 306055 28357  11770
83.963880420 7786820841 305944 28363  11668
83.975867761 7787126953 306112 28366  12005
83.987867923 7787432956 306003 28363  12137
83.999867424 7787738915 305959 28349  12892
84.011879324 7788058756 319841 28355  12548
84.023878551 7788365778 307022 28370  12790
84.035867871 7788671949 306171 28369  12194
84.047881478 7788978168 306219 28379  14528
84.059869035 7789284147 305979 28356  13036
84.071868401 7789590021 305874 28363  13959
84.083863585 7789900894 310873 28374  11106
84.095878602 7790216462 315568 28368  12217
84.107880269 7790522496 306034 28347  12922
84.119879763 7790828332 305836 28352  12075
84.131869455 7791134065 305733 28356  11537
84.143879769 7791440040 305975 28357  12685
84.155879943 7791747547 307507 28395  13359
84.167879450 7792066822 319275 28356  12110
84.179867577 7792373022 306200 28355  11337
84.191867447 7792679069 306047 28362  13699
84.203887991 7792985195 306126 28372  13185
84.215880840 7793290935 305740 28358  13538
84.227880960 7793597586 306651 28357  12632
84.239880621 7793917516 319930 28355  12642
84.251867538 7794223474 305958 28382  13407
84.263867197 7794529405 305931 28375  12019
84.275868551 7794835500 306095 28374  12495
84.287867674 7795140731 305231 28349  11712
84.299879671 7795447484 306753 28364  12171
84.311867738 7795766793 319309 28356  13659
84.323867632 7796072969 306176 28363  12788
84.335866945 7796379125 306156 28372  12456
84.347880335 7796684857 305732 28340  12364
84.359867542 7796990600 305743 28360  13385
84.371887522 7797301713 311113 28372  13032
84.383869789 7797617873 316160 28357  10462
84.395867872 7797924570 306697 28363  12987
84.407869166 7798231385 306815 28373  12775
84.419867149 7798538016 306631 28354  13177
84.431879963 7798844864 306848 28387  13905
84.443880107 7799164944 320080 28381  12551
84.455879174 7799472186 307242 28357  12302
84.467867476 7799779329 307143 28392  12434
84.479880893 7800085928 306599 28357  13624
84.491880620 7800392563 306635 28367  12585
84.503863344 7800700946 308383 28363  11421
84.515866644 7801019919 318973 28359  13489
84.527876331 7801326985 307066 28365  12596
84.539879487 7801633704 306719 28373  13165
84.551880895 7801940554 306850 28373  13194
84.563881148 7802247604 307050 28370  11880
84.575879065 7802567789 320185 28354  12112
84.587868659 7802874757 306968 28356  13518
84.599866768 7803182004 307247 28383  13688
84.611868835 7803489056 307052 28388  12923
84.623867902 7803795763 306707 28339  12152
84.635880222 7804111578 315815 28377  13137
84.647868779 7804423253 311675 28375  13513
84.659878349 7804730835 307582 28383  12359
84.671866776 7805037867 307032 28361  13712
84.683887096 7805344841 306974 28355  11868
84.695880370 7805655813 310972 28362  12086
84.707868329 7805972357 316544 28379  12511
84.719868569 7806279425 307068 28382  12380
84.731868216 7806586540 307115 28364  14733
84.743869090 7806893468 306928 28360  13343
84.755879240 7807202481 309013 28372  12826
84.767879801 7807521136 318655 28367  12950
84.779867850 7807827674 306538 28360  11940
84.791868304 7808134235 306561 28345  14337
84.803867734 7808441210 306975 28362  12615
84.815879768 7808750246 309036 28380  12777
84.827879635 7809068848 318602 28371  12485
84.839874847 7809375551 306703 28361  12265
84.851867204 7809682466 306915 28375  11955
84.863880735 7809988782 306316 28374  12650
84.875881062 7810299508 310726 28389  13650
84.887880979 7810616493 316985 28358  12683
84.899881446 7810923112 306619 28373  12485
84.911879732 7811230047 306935 28388  12913
84.923868892 7811536715 306668 28363  12236
84.935866406 7811851652 314937 28373  13013
84.947881919 7812164119 312467 28373  13755
84.959880299 7812471083 306964 28361  12475
84.971880243 7812777940 306857 28368  12839
84.983868226 7813085027 307087 28378  12600
84.995866776 7813405682 320655 28364  13790
85.007875763 7813712377 306695 28354  12105
85.019879480 7814019579 307202 28374  12443
85.031880156 7814326470 306891 28361  13969
85.043882933 7814633331 306861 28373  12343
85.055869870 7814953660 320329 28369  13303
85.067870650 7815260531 306871 28352  12600
85.079868613 7815567511 306980 28351  13807
85.091881994 7815874616 307105 28360  13754
85.103879097 7816188128 313512 28372  12440
85.115869231 7816502714 314586 28360  13037
85.127868160 7816809576 306862 28371  12267
85.139868347 7817116885 307309 28372  12771
85.151880678 7817423953 307068 28353  13768
85.163887238 7817745157 321204 28375  12982
85.175880768 7818052921 307764 28362  12611
85.187866982 7818360596 307675 28373  13437
85.199868612 7818668091 307495 28353  14588
85.211880379 7818981020 312929 28351  12584
85.223881392 7819296457 315437 28360  13895
85.235880489 7819604313 307856 28369  14176
85.247869363 7819911842 307529 28364  12018
85.259867902 7820219205 307363 28372  12722
85.271866602 7820539870 320665 28352  13908
85.283867609 7820847654 307784 28378  13890
85.295868323 7821155156 307502 28349  11278
85.307881073 7821462747 307591 28377  13462
85.319875946 7821781909 319162 28350  13294
85.331866930 7822091248 309339 28356  13526
85.343867590 7822398898 307650 28394  14050
85.355879500 7822706381 307483 28377  13351
85.367880864 7823015836 309455 28370  13021
85.379871914 7823334061 318225 28351  12687
85.391867707 7823641423 307362 28358  14212
85.403869134 7823948772 307349 28368  13217
85.415868128 7824256247 307475 28348  11669
85.427882598 7824576986 320739 28365  13905
85.439879165 7824883861 306875 28355  12442
85.451881018 7825191364 307503 28364  14120
85.463880101 7825499296 307932 28378  13373
85.475877118 7825819888 320592 28346  14173
85.487881399 7826127514 307626 28363  13248
85.499880572 7826434692 307178 28360  13164
85.511880035 7826741997 307305 28351  12631
85.523879262 7827063143 321146 28370  13770
85.535868796 7827370886 307743 28363  13546
85.547881289 7827678424 307538 28356  13415
85.559879779 7827986043 307619 28386  12459
85.571879686 7828304053 318010 28372  12993
85.583879813 7828614312 310259 28358  12631
85.595877643 7828921772 307460 28357  14314
85.607866492 7829229322 307550 28369  13695
85.619868803 7829545094 315772 28363  11659
85.631869550 7829857773 312679 28390  12615
85.643888943 7830165246 307473 28370  14199
85.655868633 7830472492 307246 28354  14258
85.667867933 7830787552 315060 28370  13017
85.679868423 7831101218 313666 28376  13779
85.691878740 7831408463 307245 28356  12300
85.703868607 7831715749 307286 28358  13920
85.715869618 7832031405 315656 28363  12949
85.727869240 7832344065 312660 28356  12450
85.739869107 7832652202 308137 28373  14085
85.751878978 7832959980 307778 28369  13634
85.763879851 7833277641 317661 28350  13529
85.775879395 7833588673 311032 28367  13421
85.787879764 7833896351 307678 28371  13986
85.799893368 7834203833 307482 28372  13059
85.811867905 7834524793 320960 28359  13422
85.823880452 7834832763 307970 28367  13044
85.835867828 7835140692 307929 28350  12648
85.847880518 7835448520 307828 28363  14016
85.859868452 7835769493 320973 28365  13742
85.871867812 7836076969 307476 28361  12857
85.883880676 7836385073 308104 28358  12655
85.895879082 7836693210 308137 28346  13723
85.907881472 7837014355 321145 28367  12602
85.919867946 7837322389 308034 28373  13983
85.931872349 7837630495 308106 28359  13124
85.943866672 7837938447 307952 28343  14275
85.955877153 7838259668 321221 28365  13435
85.967869103 7838568051 308383 28358  12391
85.979876453 7838876248 308197 28363  13035
85.991869759 7839190310 314062 28363  14667
86.003880176 7839505988 315678 28376  13466
86.015869090 7839814026 308038 28370  13672
86.027879604 7840122786 308760 28360  13588
86.039880514 7840443916 321130 28347  12241
86.051867793 7840752290 308374 28351  13491
86.063868367 7841060503 308213 28364  13860
86.075868431 7841368663 308160 28356  13968
86.087879291 7841689833 321170 28361  12893
86.099880527 7841998569 308736 28369  12914
86.111878387 7842307143 308574 28360  13354
86.123885718 7842618164 311021 28368  13339
86.135879921 7842936708 318544 28363  13290
86.147870238 7843245151 308443 28340  12937
86.159868201 7843553167 308016 28358  14632
86.171869005 7843874413 321246 28362  13274
86.183868682 7844182645 308232 28349  13567
86.195867405 7844491269 308624 28352  13667
86.207868921 7844799939 308670 28356  12400
86.219880458 7845121239 321300 28344  13743
86.231884649 7845429607 308368 28361  13910
86.243868759 7845738293 308686 28362  13731
86.255868912 7846057448 319155 28368  13770
86.267868205 7846368344 310896 28361  12622
86.279874716 7846676899 308555 28379  13947
86.291868906 7846985739 308840 28384  13921
86.303865792 7847306876 321137 28363  13816
86.315880792 7847615914 309038 28386  13243
86.327878197 7847924550 308636 28362  14236
86.339867386 7848241098 316548 28346  13697
86.351867287 7848554462 313364 28365  13713
86.363879790 7848862920 308458 28359  14215
86.375880797 7849171139 308219 28362  14280
86.387865657 7849492614 321475 28341  13156
86.399869387 7849801282 308668 28369  14121
86.411868541 7850110016 308734 28362  13391
86.423868007 7850428656 318640 28373  13985
86.435887715 7850740306 311650 28374  13244
86.447881614 7851048951 308645 28372  14457
86.459880088 7851357813 308862 28355  13299
86.471878958 7851679236 321423 28375  13604
86.483881708 7851987856 308620 28355  14206
86.495869148 7852296396 308540 28352  14268
86.507889477 7852617542 321146 28355  15805
86.519860165 7852925981 308439 28365  13224
86.531879309 7853234603 308622 28363  13194
86.543867978 7853544196 309593 28348  14068
86.555869995 7853864553 320357 28379  13349
86.567869025 7854173657 309104 28380  13941
86.579868032 7854482559 308902 28368  14864
86.591889083 7854803964 321405 28376  13057
86.603869369 7855113322 309358 28350  14254
86.615880039 7855423145 309823 28372  13460
86.627869889 7855743228 320083 28375  14329
86.639880026 7856055155 311927 28373  13191
86.651868979 7856364464 309309 28343  14920
86.663880856 7856674337 309873 28369  12616
86.675881196 7856996369 322032 28370  13683
86.687867539 7857306003 309634 28351  14264
86.699879683 7857615465 309462 28360  14060
86.711867096 7857937271 321806 28360  13393
86.723881213 7858246782 309511 28370  14260
86.735880024 7858556311 309529 28368  13616
86.747890894 7858878664 322353 28371  13845
86.759879873 7859188456 309792 28362  13281
86.771880904 7859498049 309593 28355  14851
86.783867676 7859810339 312290 28333  13477
86.795866197 7860129243 318904 28368  12813
86.807866714 7860439072 309829 28370  15272
86.819885047 7860749467 310395 28372  13333
86.831868090 7861071580 322113 28360  14712
86.843880034 7861381713 310133 28375  13533
86.855867394 7861691471 309758 28373  14831
86.867867238 7862013448 321977 28354  13489
86.879880405 7862323163 309715 28340  14460
86.891868654 7862633436 310273 28368  13148
86.903867471 7862955548 322112 28372  13500
86.915875688 7863265531 309983 28379  13840
86.927868531 7863575155 309624 28364  13869
86.939868328 7863894190 319035 28361  14956
86.951881125 7864206679 312489 28373  13407
86.963881138 7864516649 309970 28378  15022
86.975881349 7864828856 312207 28388  13332
86.987867715 7865148993 320137 28387  14443
86.999880572 7865458717 309724 28356  14979
87.011867889 7865768591 309874 28354  13457
87.023880529 7866090234 321643 28362  14442
87.035879658 7866400040 309806 28359  13661
87.047868925 7866709887 309847 28367  13894
87.059878109 7867031731 321844 28361  14271
87.071889986 7867341537 309806 28359  13674
87.083879902 7867651379 309842 28375  14580
87.095878486 7867973119 321740 28357  12784
87.107885326 7868282695 309576 28361  14195
87.119867423 7868592885 310190 28384  12744
87.131868599 7868915001 322116 28364  12968
87.143868413 7869225109 310108 28366  13585
87.155880946 7869535278 310169 28365  13694
87.167867093 7869857034 321756 28383  12940
87.179881440 7870167372 310338 28373  13517
87.191868680 7870477570 310198 28389  13843
87.203867073 7870799762 322192 28372  13758
87.215881280 7871109843 310081 28366  13963
87.227889491 7871419974 310131 28387  13918
87.239881167 7871741265 321291 28369  13127
87.251880480 7872051683 310418 28379  13195
87.263868881 7872361927 310244 28380  13498
87.275868191 7872684028 322101 28368  14113
87.287879528 7872994301 310273 28356  13981
87.299881674 7873304522 310221 28371  14124
87.311868711 7873626412 321890 28379  13039
87.323880135 7873937530 311118 28395  14511
87.335879685 7874248062 310532 28368  14661
87.347868431 7874570476 322414 28387  13629
87.359868518 7874881495 311019 28375  13885
87.371866815 7875192236 310741 28362  13410
87.383889839 7875514005 321769 28368  12893
87.395867591 7875824880 310875 28381  14110
87.407868712 7876135405 310525 28366  12948
87.419881109 7876458048 322643 28378  12834
87.431868328 7876769286 311238 28382  13002
87.443882402 7877080078 310792 28371  14257
87.455878802 7877402216 322138 28382  15207
87.467869592 7877712807 310591 28365  15771
87.479879622 7878023889 311082 28387  14126
87.491868435 7878346378 322489 28366  14198
87.503867186 7878657464 311086 28388  12738
87.515881313 7878968568 311104 28370  13840
87.527879749 7879290518 321950 28364  13885
87.539866742 7879601842 311324 28375  14068
87.551886733 7879912999 311157 28373  14966
87.563881933 7880235703 322704 28376  13636
87.575879452 7880546907 311204 28371  14148
87.587868279 7880857831 310924 28361  13567
87.599867653 7881179842 322011 28373  12527
87.611867986 7881491062 311220 28372  14486
87.623880104 7881802206 311144 28372  15640
87.635868986 7882124840 322634 28375  13410
87.647869727 7882436234 311394 28375  13601
87.659880000 7882747610 311376 28372  14457
87.671880801 7883070073 322463 28385  14770
87.683868693 7883381483 311410 28372  15338
87.695868124 7883694668 313185 28376  13775
87.707889894 7884015948 321280 28374  15573
87.719868787 7884327490 311542 28389  14751
87.731880217 7884646973 319483 28358  14935
87.743870674 7884961150 314177 28378  14498
87.755880571 7885273186 312036 28381  14526
87.767878790 7885596253 323067 28371  14253
87.779880724 7885908179 311926 28374  13696
87.791867841 7886220217 312038 28388  15562
87.803880248 7886543103 322886 28367  14441
87.815880381 7886854639 311536 28371  12991
87.827869544 7887166307 311668 28376  13701
87.839867638 7887489400 323093 28379  13470
87.851861987 7887800924 311524 28367  15070
87.863889559 7888112701 311777 28375  15758
87.875868328 7888435626 322925 28373  15068
87.887868358 7888746854 311228 28391  15758
87.899879849 7889063124 316270 28365  15303
87.911881875 7889381801 318677 28373  14757
87.923869212 7889694225 312424 28370  15079
87.935865598 7890017493 323268 28368  14561
87.947882008 7890330210 312717 28375  14902
87.959879045 7890642338 312128 28373  14827
87.971868169 7890965744 323406 28366  13965
87.983867731 7891278618 312874 28394  13883
87.995880758 7891591480 312862 28381  15062
88.007879405 7891915287 323807 28376  14724
88.019867306 7892228627 313340 28376  14961
88.031874262 7892543319 314692 28368  14432
88.043879915 7892864887 321568 28375  15423
88.055880049 7893177841 312954 28363  15852
88.067869426 7893501571 323730 28377  15462
88.080014452 7893814638 313067 28363  17694
88.091868779 7894128064 313426 28371  14196
88.103875541 7894451155 323091 28375  14290
88.115869416 7894764301 313146 28374  13924
88.127866506 7895077263 312962 28371  14821
88.139873056 7895400948 323685 28376  15054
88.151868243 7895714100 313152 28379  15779
88.163867096 7896036285 322185 28367  14415
88.175880599 7896350550 314265 28355  14236
88.187895323 7896664191 313641 28378  14413
88.199881073 7896987922 323731 28362  14174
88.211867436 7897301418 313496 28355  14898
88.223868836 7897615168 313750 28376  14833
88.235878997 7897939319 324151 28382  13504
88.247881944 7898252424 313105 28371  15424
88.259868803 7898573969 321545 28387  15802
88.271881380 7898890379 316410 28376  15129
88.283867807 7899204221 313842 28379  13260
88.295879297 7899528273 324052 28361  13981
88.307879898 7899842211 313938 28371  14431
88.319881224 7900155687 313476 28385  13859
88.331868361 7900479769 324082 28367  14275
88.343878041 7900793983 314214 28383  15874
88.355870544 7901118092 324109 28378  15653
88.367867481 7905797160 4679068 416054  218828
88.379900851 7906105651 308491 27822  15184
88.391881951 7906422677 317026 28376  13678
88.403871734 7906744580 321903 28381  14246
88.415868004 7907059765 315185 28388  15061
88.427881041 7907384518 324753 28370  15923
88.439880952 7907699696 315178 28375  15494
88.451880974 7908014808 315112 28368  15807
88.463867028 7908338843 324035 28373  14919
88.475870372 7908653878 315035 28372  13763
88.487867805 7908978331 324453 28366  14796
88.499878088 7909293533 315202 28376  14627
88.511881702 7909608751 315218 28389  15263
88.523867589 7909933707 324956 28364  14240
88.535867772 7910248251 314544 28369  14610
88.547867315 7910573050 324799 28380  14780
88.559878599 7910888561 315511 28369  16210
88.571879166 7911204147 315586 28390  13169
88.583886409 7911528841 324694 28375  15019
88.595866892 7911844397 315556 28376  14757
88.607879022 7912168684 324287 28390  13548
88.619867878 7912484421 315737 28375  16130
88.631879379 7912800236 315815 28379  13816
88.643882352 7913125222 324986 28372  14454
88.655878393 7913441096 315874 28389  15057
88.667885523 7913766115 325019 28376  15130
88.679866862 7914081411 315296 28375  15638
88.691868559 7914397221 315810 28378  13705
88.703867985 7914722162 324941 28368  13342
88.715879746 7915037928 315766 28370  13706
88.727881069 7915362623 324695 28359  13639
88.739868343 7915678515 315892 28369  14517
88.751868386 7915993449 314934 28362  14320
88.763881216 7916318269 324820 28366  15039
88.775881603 7916634369 316100 28367  15572
88.787881173 7916959872 325503 28389  14913
88.799866749 7917276604 316732 28388  15618
88.811867043 7917593104 316500 28368  15873
88.823875037 7917918084 324980 28371  15505
88.835868533 7918234696 316612 28392  14837
88.847881843 7918560047 325351 28363  15921
88.859868900 7918876841 316794 28373  15692
88.871878420 7919193554 316713 28371  15441
88.883867413 7919519260 325706 28395  12730
88.895868493 7919835225 315965 28366  14252
88.907882104 7920160622 325397 28384  14109
88.919880954 7920477712 317090 28381  15602
88.931868160 7920796893 319181 28375  15130
88.943868074 7921120701 323808 28372  15129
88.955867643 7921437871 317170 28381  15443
88.967879353 7921763129 325258 28386  14624
88.979877467 7922080104 316975 28384  14465
88.991880417 7922405607 325503 28360  16313
89.003881061 7922722793 317186 28389  15905
89.015870057 7923039931 317138 28365  15429
89.027868844 7923365805 325874 28377  16021
89.039868758 7923682387 316582 28371  14903
89.051879315 7924008140 325753 28366  15015
89.063867954 7924325437 317297 28378  15015
89.075867684 7924643119 317682 28381  14717
89.087868420 7924968860 325741 28374  14535
89.099881711 7925286713 317853 28371  16551
89.111868614 7925612091 325378 28378  15344
89.123879985 7925929962 317871 28371  15692
89.135892228 7926255812 325850 28377  16086
89.147886238 7926573971 318159 28376  15063
89.159865991 7926891868 317897 28375  14247
89.171867968 7927217974 326106 28370  14935
89.183879811 7927535254 317280 28377  16110
89.195880861 7927861227 325973 28368  15121
89.207879538 7928179066 317839 28372  16463
89.219866468 7928499607 320541 28367  13806
89.231880368 7928822663 323056 28367  16102
89.243880478 7929140352 317689 28364  15847
89.255880579 7929465783 325431 28370  14211
89.267868035 7929783826 318043 28364  14323
89.279878902 7930109823 325997 28375  15959
89.291867935 7930428325 318502 28386  15483
89.303887356 7930746972 318647 28379  14313
89.315869822 7931072806 325834 28366  15532
89.327879735 7931391060 318254 28385  14877
89.339881632 7931717529 326469 28373  16024
89.351868358 7932036129 318600 28386  14521
89.363869745 7932362485 326356 28367  13660
89.374907440 7936242731 3880246 340887  180410
89.386870549 7936561441 318710 28363  15873
89.398868029 7936882458 321017 28362  15503
89.410868032 7937206272 323814 28365  15608
89.422868376 7937525784 319512 28379  14707
89.434880813 7937852506 326722 28367  15041
89.446868209 7938172267 319761 28387  14558
89.458890316 7938499228 326961 28366  14327
89.470867650 7938818178 318950 28382  15758
89.482880546 7939145284 327106 28384  14777
89.494869586 7939465454 320170 28386  15774
89.506868933 7939785148 319694 28368  14904
89.518881153 7940112031 326883 28371  13856
89.530878523 7940431655 319624 28375  14735
89.542868963 7940757949 326294 28363  15944
89.554879537 7941077371 319422 28369  15291
89.566879983 7941403950 326579 28366  14999
89.578879123 7941723468 319518 28362  16139
89.590880170 7942047581 324113 28362  15507
89.602867116 7942369905 322324 28379  15606
89.614875296 7942688881 318976 28369  16248
89.626868190 7943015598 326717 28362  16384
89.638878850 7943335319 319721 28365  16804
89.650870016 7943662346 327027 28372  15926
89.662880323 7943981948 319602 28372  16803
89.674869334 7944308688 326740 28367  16230
89.686868286 7944627942 319254 28376  16553
89.698869323 7944952201 324259 28367  15582
89.710869187 7945274801 322600 28379  15685
89.722879407 7945594691 319890 28373  15492
89.734867830 7945921838 327147 28382  15524
89.746868077 7946241675 319837 28374  14461
89.758869160 7946567982 326307 28370  14611
89.770889360 7946887818 319836 28366  16437
89.782867324 7947214444 326626 28365  14393
89.794878794 7947534044 319600 28382  14608
89.806867803 7947860830 326786 28369  15963
89.818880880 7948180387 319557 28356  15563
89.830868324 7948499568 319181 28374  14710
89.842880584 7948826930 327362 28382  14737
89.854881317 7949147077 320147 28368  16129
89.866880457 7949474239 327162 28380  15921
89.878880154 7949794467 320228 28367  15490
89.890866820 7950121809 327342 28373  14891
89.902879471 7950442059 320250 28368  15737
89.914879704 7950769584 327525 28361  16485
89.926881134 7951090451 320867 28370  16068
89.938875814 7951417798 327347 28381  15646
89.950867698 7951738611 320813 28353  14112
89.962879240 7952059151 320540 28378  14886
89.974879561 7952386215 327064 28382  14965
89.986868004 7952706660 320445 28364  15798
89.998879835 7953034020 327360 28363  15987
90.010868201 7953354556 320536 28362  16119
90.022869378 7953681675 327119 28366  14309
90.034869258 7954002104 320429 28371  15829
90.046869514 7954329113 327009 28364  16552
90.058880644 7954649902 320789 28380  15580
90.070868364 7954977394 327492 28379  15128
90.082867967 7955298129 320735 28361  16557
90.094877218 7955619966 321837 28380  15890
90.106880138 7955946620 326654 28383  14868
90.118867447 7956266847 320227 28367  16405
90.130879648 7956594410 327563 28380  15438
90.142867291 7956915220 320810 28379  16620
90.154868697 7957243045 327825 28388  16299
90.166870188 7957564312 321267 28383  15646
90.178881435 7957892049 327737 28378  15355
90.190881105 7958212759 320710 28364  16605
90.202880611 7958540416 327657 28366  15928
90.214879671 7958861466 321050 28370  14479
90.226866877 7959188985 327519 28376  14884
90.238867374 7959510319 321334 28382  15231
90.250886698 7959838131 327812 28369  15897
90.262869458 7960158895 320764 28363  16565
90.274868355 7960480518 321623 28362  16658
90.286867675 7960808454 327936 28375  16734
90.298868162 7961130140 321686 28389  15958
90.310879942 7961457734 327594 28372  14836
90.322866745 7961779084 321350 28378  14604
90.334879582 7962106141 327057 28358  15095
90.346882189 7962427742 321601 28365  16368
90.358868411 7962755766 328024 28386  16076
90.370869508 7966654851 3899085 340088  189911
90.382863711 7966982798 327947 28380  15134
90.394879389 7967304754 321956 28378  15284
90.406878308 7967632334 327580 28379  15767
90.418868822 7967953992 321658 28379  16179
90.430880609 7968281937 327945 28375  14683
90.442881025 7968603627 321690 28373  16563
90.454880299 7968931778 328151 28372  16294
90.466869945 7969253684 321906 28388  16724
90.478866742 7969581563 327879 28383  16379
90.490881302 7969903516 321953 28366  16264
90.502868255 7970231761 328245 28372  16212
90.514868745 7970553313 321552 28362  16014
90.526880529 7970881191 327878 28359  15896
90.538881296 7971202985 321794 28365  16996
90.550868582 7971528727 325742 28371  15443
90.562879865 7971852667 323940 28368  16514
90.574888196 7972174877 322210 28370  14892
90.586878432 7972502910 328033 28365  15329
90.598868845 7972825230 322320 28391  14639
90.610868129 7973153635 328405 28379  17585
90.622868408 7973475314 321679 28377  16561
90.634867945 7973803481 328167 28367  16679
90.646880652 7974126053 322572 28406  16509
90.658866918 7974454076 328023 28382  14905
90.670879285 7974776288 322212 28380  15108
90.682880292 7975104329 328041 28364  15651
90.694868405 7975426310 321981 28371  16514
90.706868055 7975754825 328515 28381  15286
90.718869506 7976077347 322522 28378  16920
90.730887276 7976405526 328179 28374  15506
90.742867055 7976728026 322500 28383  16986
90.754868886 7977056638 328612 28389  16776
90.766881829 7977378040 321402 28365  16914
90.778880929 7977705929 327889 28364  15666
90.790880929 7978028014 322085 28378  16156
90.802879236 7978355800 327786 28360  14281
90.814867355 7978677997 322197 28368  17134
90.826880779 7979005998 328001 28369  15608
90.838866959 7979327702 321704 28364  17486
90.850868269 7979655810 328108 28365  14947
90.862879416 7979978338 322528 28388  15307
90.874881216 7980306561 328223 28362  14673
90.886889073 7980628709 322148 28369  15672
90.898868012 7980956969 328260 28378  15610
90.910880229 7981278652 321683 28369  16890
90.922881550 7981606707 328055 28362  15608
90.934868592 7981929233 322526 28386  14911
90.946869523 7982257658 328425 28382  16553
90.958867922 7982580023 322365 28384  16597
90.970868799 7982908184 328161 28366  15442
90.982879293 7983229966 321782 28365  17091
90.994868865 7983558224 328258 28370  16443
91.006881022 7983880489 322265 28377  16400
91.018879186 7984208927 328438 28373  17115
91.030868945 7984531589 322662 28381  16111
91.042875009 7984859973 328384 28379  16216
91.054881529 7985181661 321688 28363  16439
91.066880543 7985509920 328259 28375  17204
91.078868186 7985832206 322286 28386  15985
91.090866286 7986160432 328226 28360  16531
91.102881223 7986482960 322528 28369  16524
91.114878119 7986811212 328252 28370  14782
91.126879689 7987133296 322084 28376  16456
91.138879413 7987461886 328590 28393  16770
91.150866869 7987784666 322780 28375  15259
91.162878476 7988113008 328342 28383  15881
91.174866336 7988435806 322798 28388  16440
91.186867149 7988764043 328237 28382  17193
91.198880703 7989085932 321889 28368  16739
91.210890223 7989414311 328379 28379  17258
91.222881149 7989736613 322302 28372  17407
91.234867649 7990064818 328205 28373  14410
91.246881323 7990386922 322104 28380  16068
91.258878672 7990715410 328488 28367  16099
91.270869143 7991037320 321910 28373  16487
91.282868190 7991365831 328511 28380  16351
91.294869016 7991688288 322457 28378  16445
91.306868573 7992016610 328322 28368  15881
91.318878870 7992338861 322251 28365  14987
91.330869736 7992667176 328315 28376  16938
91.342866663 7992988841 321665 28369  15947
91.354882120 7993317059 328218 28365  16313
91.366873946 7997265358 3948299 343149  193184
91.379887433 7997582076 316718 27890  15742
91.391867073 7997910433 328357 28368  16849
91.403880182 7998232889 322456 28360  15872
91.415867593 7998560622 327733 28366  17020
91.427868392 7998883441 322819 28380  16848
91.439879449 7999212382 328941 28392  16957
91.451878796 7999535112 322730 28373  15004
91.463880660 7999863556 328444 28381  15907
91.475881136 8000186359 322803 28384  16664
91.487866206 8000514293 327934 28385  14710
91.499881390 8000836691 322398 28376  15642
91.511866936 8001164959 328268 28384  17260
91.523874126 8001487306 322347 28382  16247
91.535880166 8001815536 328230 28377  15134
91.547881379 8002138081 322545 28376  17269
91.559869833 8002466083 328002 28392  16932
91.571867129 8002788845 322762 28378  16504
91.583880896 8003117070 328225 28381  16730
91.595879403 8003444128 327058 28374  16961
91.607870129 8003767891 323763 28373  16926
91.619868636 8004095905 328014 28369  16376
91.631866699 8004417852 321947 28380  16457
91.643867946 8004746316 328464 28396  14464
91.655879846 8005069060 322744 28381  16462
91.667869056 8005397368 328308 28371  16985
91.679878949 8005720053 322685 28376  16059
91.691892186 8006048544 328491 28376  16543
91.703868196 8006370828 322284 28388  17239
91.715869229 8006699392 328564 28372  16707
91.727881882 8007022120 322728 28389  14739
91.739879056 8007350666 328546 28378  16667
91.751878796 8007673321 322655 28377  16435
91.763881306 8008001715 328394 28371  17069
91.775880419 8008323896 322181 28374  16658
91.787878722 8008652620 328724 28379  16389
91.799878789 8008975565 322945 28395  16332
91.811881323 8009304159 328594 28367  16578
91.823866949 8009629365 325206 28359  17295
91.835867472 8009955047 325682 28365  15374
91.847889969 8010282789 327742 28364  16582
91.859869365 8010605880 323091 28367  16488
91.871880999 8010934195 328315 28368  16327
91.883880639 8011257138 322943 28383  16791
91.895880105 8011585405 328267 28371  15388
91.907867802 8011908087 322682 28364  15877
91.919868458 8012236045 327958 28370  16989
91.931880565 8012558745 322700 28373  17082
91.943867312 8012887096 328351 28382  15282
91.955868838 8013209584 322488 28370  16576
91.967868905 8013537856 328272 28379  17262
91.979868736 8013860422 322566 28380  16146
91.991878719 8014188076 327654 28372  17389
92.003888352 8014512313 324237 28374  15959
92.015867866 8014839422 327109 28379  15730
92.027881015 8015167455 328033 28363  16890
92.039867909 8015490384 322929 28384  16758
92.051865586 8015818663 328279 28385  17363
92.063864062 8016140627 321964 28367  17115
92.075878975 8016469332 328705 28391  16239
92.087869099 8016791704 322372 28369  16636
92.099868265 8017120007 328303 28372  16692
92.111879602 8017442817 322810 28387  16612
92.123880112 8017771131 328314 28370  16929
92.135880535 8018093628 322497 28389  16354
92.147881272 8018421816 328188 28359  16828
92.159887732 8018744914 323098 28365  15524
92.171866388 8019072560 327646 28372  16024
92.183868142 8019400701 328141 28368  17161
92.195869505 8019723227 322526 28362  16785
92.207877605 8020051128 327901 28374  16245
92.219880425 8020373721 322593 28368  16527
92.231880629 8020701794 328073 28356  15218
92.243868018 8021024402 322608 28373  17247
92.255869712 8021352348 327946 28368  16872
92.267878986 8021674742 322394 28365  16799
92.279867638 8022002772 328030 28375  16727
92.291868095 8022325644 322872 28383  16606
92.303867161 8022654008 328364 28377  17813
92.315867895 8022982528 328520 28383  15267
92.327886855 8023305184 322656 28365  16875
92.339879676 8023633648 328464 28367  16835
92.351879102 8023956300 322652 28383  17003
92.363881915 8024284591 328291 28365  16325
92.375868095 8027421101 3136510 272288  160853
92.387870232 8027743803 322702 28371  17158
92.399867872 8028072356 328553 28384  16849
92.411880441 8028395109 322753 28377  17362
92.423880502 8028722962 327853 28366  15986
92.435867865 8029045827 322865 28376  15262
92.447880746 8029374120 328293 28362  17248
92.459879662 8029702687 328567 28394  16770
92.471879469 8030025597 322910 28371  15737
92.483888396 8030354083 328486 28370  16630
92.495867788 8030676385 322302 28375  16479
92.507868075 8031004818 328433 28383  17100
92.519845735 8031327956 323138 28375  17039
92.531866708 8031656614 328658 28390  16687
92.543882285 8031979705 323091 28390  16625
92.555879801 8032308163 328458 28377  16609
92.567868545 8032635940 327777 28384  17274
92.579866991 8032958938 322998 28379  16056
92.591867335 8033287280 328342 28367  16089
92.603868692 8033609933 322653 28361  17246
92.615865671 8033938342 328409 28393  16649
92.627868325 8034260873 322531 28363  17326
92.639876102 8034588811 327938 28374  17595
92.651879281 8034911549 322738 28371  16964
92.663879795 8035240036 328487 28371  16043
92.675882322 8035568294 328258 28361  15823
92.687867414 8035891432 323138 28382  17967
92.699880141 8036220061 328629 28368  16260
92.711869511 8036542455 322394 28386  15694
92.723868214 8036870563 328108 28361  16296
92.735866048 8037193184 322621 28373  16306
92.747880151 8037521902 328718 28384  17473
92.759880158 8037846330 324428 28365  16527
92.771880541 8038172562 326232 28379  16165
92.783878161 8038500431 327869 28375  15367
92.795892701 8038823031 322600 28364  17746
92.807879891 8039151681 328650 28387  16450
92.819879338 8039474466 322785 28385  17339
92.831867784 8039802728 328262 28361  17155
92.843867594 8040125498 322770 28372  16534
92.855880987 8040453427 327929 28378  17307
92.867867044 8040781987 328560 28386  17177
92.879881294 8041105127 323140 28372  16456
92.891880331 8041433912 328785 28373  16779
92.903880088 8041756848 322936 28357  16913
92.915867087 8042085609 328761 28368  17212
92.927869477 8042407842 322233 28353  16881
92.939868087 8042736423 328581 28359  16976
92.951868874 8043064824 328401 28387  16631
92.963874444 8043387924 323100 28360  16769
92.975867523 8043716544 328620 28380  15559
92.987867724 8044039754 323210 28375  17517
92.999880037 8044367715 327961 28376  17265
93.011880968 8044690672 322957 28378  16359
93.023869424 8045019125 328453 28373  16044
93.035880247 8045346878 327753 28372  17067
93.047868880 8045670823 323945 28368  16762
93.059867120 8045999232 328409 28365  16584
93.071880557 8046321642 322410 28365  17660
93.083879593 8046650343 328701 28368  16338
93.095879557 8046973407 323064 28376  16926
93.107879044 8047301894 328487 28375  15585
93.119887177 8047629984 328090 28380  17476
93.131881480 8047953619 323635 28376  16954
93.143879066 8048281524 327905 28370  16343
93.155882093 8048604459 322935 28371  17363
93.167867249 8048932752 328293 28372  15808
93.179881096 8049255705 322953 28374  16699
93.191879753 8049584194 328489 28371  16692
93.203868470 8049912688 328494 28380  16388
93.215880713 8050235308 322620 28372  17148
93.227880737 8050563646 328338 28369  16108
93.239880730 8050886496 322850 28369  15654
93.251867186 8051215212 328716 28381  17310
93.263867919 8051538249 323037 28379  16695
93.275876479 8051866903 328654 28375  17219
93.287869656 8052195085 328182 28372  17478
93.299868033 8052518409 323324 28363  17484
93.311868279 8052847087 328678 28374  16315
93.323879133 8053170221 323134 28362  15834
93.335880223 8053498658 328437 28361  17209
93.347881626 8053821572 322914 28368  16969
93.359880220 8054149521 327949 28369  17006
93.371880813 8057259318 3109797 269682  162748
93.383870089 8057588037 328719 28372  17132
93.395878376 8057916445 328408 28359  17612
93.407862291 8058239957 323512 28385  16809
93.419879409 8058568874 328917 28375  17265
93.431887696 8058891656 322782 28374  16802
93.443880862 8059220500 328844 28362  17926
93.455881549 8059549156 328656 28389  16629
93.467881070 8059872521 323365 28357  17168
93.479880369 8060201407 328886 28375  16864
93.491878899 8060524917 323510 28375  16887
93.503866245 8060853369 328452 28385  17131
93.515869389 8061177130 323761 28368  16420
93.527879069 8061505424 328294 28369  16055
93.539868069 8061834258 328834 28369  17484
93.551880069 8062158086 323828 28368  16663
93.563880249 8062487088 329002 28370  17444
93.575879865 8062810234 323146 28372  17151
93.587866852 8063139029 328795 28368  17032
93.599874568 8063467658 328629 28362  16965
93.611880155 8063791206 323548 28366  17278
93.623868642 8064120146 328940 28384  16499
93.635868915 8064444048 323902 28372  17487
93.647868625 8064772381 328333 28369  16627
93.659868631 8065101365 328984 28385  17380
93.671879408 8065425819 324454 28407  17679
93.683879725 8065754872 329053 28373  17117
93.695879378 8066079050 324178 28377  17073
93.707880568 8066408129 329079 28367  16993
93.719868389 8066736363 328234 28377  16678
93.731867895 8067061349 324986 28364  17470
93.743868465 8067390696 329347 28376  16707
93.755886675 8067715136 324440 28375  17080
93.767880258 8068044493 329357 28360  16941
93.779868204 8068369173 324680 28370  16380
93.791878831 8068698175 329002 28383  17380
93.803880791 8069027400 329225 28362  16436
93.815880671 8069352014 324614 28381  17216
93.827878448 8069681381 329367 28379  17685
93.839868295 8070006308 324927 28365  16482
93.851868334 8070335997 329689 28371  17430
93.863868184 8070664959 328962 28355  16228
93.875865810 8070990314 325355 28380  16274
93.887879751 8071319917 329603 28354  17135
93.899880258 8071645335 325418 28368  17111
93.911880714 8071975208 329873 28368  17654
93.923867344 8072304850 329642 28365  17123
93.935869418 8072629675 324825 28363  17147
93.947881130 8072959377 329702 28363  17156
93.959867701 8073285178 325801 28376  16810
93.971868317 8073615341 330163 28389  16778
93.983869254 8073945419 330078 28382  17367
93.995867187 8074271486 326067 28362  16785
94.007866253 8074601052 329566 28377  17083
94.019868394 8074927594 326542 28369  16786
94.031879827 8075258009 330415 28372  17376
94.043878257 8075588215 330206 28359  16860
94.055869627 8075915326 327111 28388  16328
94.067875793 8076245941 330615 28379  15928
94.079870193 8076572623 326682 28367  15196
94.091867386 8076903409 330786 28362  16396
94.103869713 8077234740 331331 28385  16057
94.115865753 8077564368 329628 28374  16613
94.127878649 8077896200 331832 28369  15825
94.139880356 8078226362 330162 28364  15570
94.151881683 8078558717 332355 28381  15997
94.163880549 8078892007 333290 28382  16678
94.175865990 8079224493 332486 28379  16492
94.187879923 8079557688 333195 28376  15828
94.199867239 8079891086 333398 28363  15723
94.211867732 8080224975 333889 28384  16227
94.223879019 8080558233 333258 28384  16752
94.235886743 8080891593 333360 28361  16840
94.247881400 8081225465 333872 28377  16626
94.259866722 8081559038 333573 28369  16046
94.271880103 8081892272 333234 28367  16614
94.283879029 8082225989 333717 28373  16882
94.295868522 8082558777 332788 28356  16748
94.307867636 8082892311 333534 28370  15976
94.319881820 8083225748 333437 28368  15663
94.331867646 8083559377 333629 28368  16777
94.343878549 8083893168 333791 28374  15595
94.355869972 8084226700 333532 28371  15957
94.367880516 8096193575 11966875 155692  83794
94.379899313 8097710238 1516663 27869  20964
94.391875925 8100264933 2554695 28364  13973
94.403881166 8101786569 1521636 28356  9803
94.415880202 8104260685 2474116 28366  15448
94.427880775 8106772126 2511441 28362  14572
94.439880692 8107381534 609408 28364  16053
94.451870598 8107960786 579252 28394  24232
94.463880519 8108593261 632475 28370  27002
94.475882148 8111015993 2422732 28356  19187
94.487867355 8113524578 2508585 28361  12514
94.499881168 8115058233 1533655 28367  11983
94.511880258 8117578126 2519893 28357  12959
94.523880358 8119138792 1560666 28365  10713
94.535867474 8119718052 579260 28389  19578
94.547878195 8122274540 2556488 28363  14297
94.559880098 8124724018 2449478 28373  12759
94.571867588 8127140885 2416867 28364  15424
94.583880545 8129656872 2515987 28369  12959
94.595866567 8130295953 639081 28376  8746
94.607881744 8130874267 578314 28376  20315
94.619879598 8131505366 631099 28343  28181
94.631869264 8132026840 521474 28353  24897
94.643868384 8132658611 631771 28359  28201
94.655879900 8133291078 632467 28386  28243
94.667868021 8133924489 633411 28397  28281
94.679879254 8135700282 1775793 28386  21174
94.691869077 8138153693 2453411 28356  12421
94.703887657 8139292157 1138464 28381  9133
94.715881040 8141938705 2646548 28367  15481
94.727867447 8144313039 2374334 28371  12456
94.739881163 8144922246 609207 28378  17791
94.751866547 8147386700 2464454 28367  18226
94.763880044 8149903858 2517158 28374  14390
94.775868143 8151456883 1553025 28367  9286
94.787868240 8153979485 2522602 28350  12855
94.799881103 8155536631 1557146 28387  10439
94.811880696 8156117572 580941 28381  20695
94.823868936 8156724396 606824 28399  26149
94.835880813 8157432459 708063 28368  23314
94.847868550 8159984017 2551558 28360  14728
94.859881083 8162238492 2254475 28379  12925
94.871875216 8164748965 2510473 28356  15621
94.883869659 8167272409 2523444 28355  12376
94.895881239 8167873519 601110 28373  8581
94.907868416 8169388161 1514642 28371  19574
94.919879849 8171904045 2515884 28361  12294
94.931868086 8173463648 1559603 28355  8069
94.943881086 8175954118 2490470 28361  12717
94.955881405 8178453356 2499238 28354  13317
94.967868225 8179054149 600793 28377  10584
94.979866405 8179633422 579273 28372  24413
94.991879469 8180265578 632156 28367  28225
95.003880529 8180787948 522370 28385  25508
95.015879438 8181419577 631629 28366  28196
95.027876285 8182051714 632137 28375  28226
95.039878551 8182575791 524077 28367  28185
95.051881065 8183096431 520640 28375  25653
95.063867184 8183728426 631995 28372  28211
95.075880118 8184360869 632443 28386  28238
95.087869188 8184992432 631563 28353  28203
95.099868181 8185625517 633085 28387  28259
95.111869591 8186257882 632365 28371  28238
95.123867851 8186891237 633355 28404  28276
95.135882261 8188074028 1182791 28367  24601
95.147880848 8190608647 2534619 28355  12604
95.159868494 8192238012 1629365 28370  6973
95.171880761 8194733865 2495853 28369  13665
95.183874460 8197251935 2518070 28346  12307
95.195880371 8197854893 602958 28372  13020
95.207866804 8199656516 1801623 28365  17830
95.219869954 8202124782 2468266 28366  12985
95.231880211 8203407836 1283054 28380  10309
95.243869600 8206015382 2607546 28354  14120
95.255879617 8208413055 2397673 28367  12609
95.267867146 8209023401 610346 28376  17138
95.279878260 8209603955 580554 28387  22701
95.291883474 8210236137 632182 28362  27848
95.303867946 8212637844 2401707 28369  15769
95.315868483 8215144824 2506980 28360  13324
95.327879430 8216687322 1542498 28372  9909
95.339868470 8219196122 2508800 28357  12598
95.351888287 8220756387 1560265 28374  10817
95.363866053 8221333519 577132 28377  16818
95.375879710 8223835975 2502456 28371  15083
95.387881027 8226333508 2497533 28358  15943
95.399865929 8228637436 2303928 28356  15250
95.411884163 8231121179 2483743 28363  15138
95.423868536 8231893800 772621 28368  9049
95.435880383 8232472823 579023 28379  22983
95.447869389 8233105266 632443 28387  28210
95.459867912 8233627412 522146 28370  25429
95.471881369 8234259781 632369 28376  28221
95.483869212 8234891486 631705 28367  28211
95.495867316 8235523621 632135 28373  28220
95.507886283 8237191534 1667913 28361  20049
95.519868569 8239769249 2577715 28358  13018
95.531881129 8240904801 1135552 28367  10667
95.543866445 8243585718 2680917 28353  14208
95.555869785 8245921608 2335890 28353  18173
95.567866125 8246532374 610766 28389  12903
95.579867842 8249000860 2468486 28371  19705
95.591880575 8251519810 2518950 28361  13366
95.603867578 8253069368 1549558 28367  10720
95.615879841 8255595875 2526507 28363  16121
95.627879254 8257153704 1557829 28362  10851
95.639868825 8257732964 579260 28358  17087
95.651879784 8258339754 606790 28378  26789
95.663885438 8259044916 705162 28355  24063
95.675868284 8261733440 2688524 28368  16792
95.687880057 8263854761 2121321 28355  12687
95.699870380 8266362229 2507468 28359  16905
95.711879967 8268875355 2513126 28360  13480
95.723878451 8269477149 601794 28379  11894
95.735879200 8271005691 1528542 28384  19287
95.747883650 8273518761 2513070 28360  12659
95.759868433 8275081836 1563075 28369  9842
95.771879127 8277572310 2490474 28363  12548
95.783865273 8280072038 2499728 28372  12498
95.795868526 8280672895 600857 28374  12857
95.807879997 8281251775 578880 28392  25994
95.819889693 8281884442 632667 28383  28244
95.831868166 8282407372 522930 28388  24923
95.843879253 8283039255 631883 28368  28217
95.855868029 8283671180 631925 28361  28206
95.867881306 8284191183 520003 28359  28113
95.879867752 8284715519 524336 28395  25839
95.891867546 8285347794 632275 28375  28224
95.903880062 8285980315 632521 28382  28232
95.915868542 8286611952 631637 28359  28202
95.927878779 8287244171 632219 28373  28224
95.939867099 8287876166 631995 28370  28218
95.951881369 8288508161 631995 28379  28221
95.963879832 8288874079 365918 28372  22914
95.975868275 8289506074 631995 28368  28211
95.987872928 8290137703 631629 28353  28203
95.999882518 8290769616 631913 28365  28217
96.011866551 8291400491 630875 28334  28173
96.023879625 8292031814 631323 28356  28192
96.035868778 8292662913 631099 28354  28183
96.047882402 8293294649 631736 28356  28203
96.059881171 8293927631 632982 28379  28265
96.071868921 8294560790 633159 28393  28259
96.083879924 8295193277 632487 28360  28236
96.095861797 8295825988 632711 28382  28248
96.107880157 8296459371 633383 28395  28270
96.119868477 8297092754 633383 28409  28276
96.131868434 8297592556 499802 28404  25549
96.143889307 8297832701 240145 28345  28180
96.155880860 8300401966 2569265 28359  15443
96.167867880 8302844444 2442478 28360  12851
96.179882497 8305225187 2380743 28367  16523
96.191867420 8307762910 2537723 28363  14449
96.203881754 8308417089 654179 28383  11234
96.215865480 8309594694 1177605 28353  19892
96.227868610 8312183692 2588998 28358  16293
96.239878526 8313984398 1800706 28366  12448
96.251878346 8316470223 2485825 28374  14736
96.263879300 8318973908 2503685 28355  13098
96.275867229 8319577837 603929 28384  12518
96.287880256 8320156599 578762 28379  20514
96.299887817 8320788594 631995 28368  26883
96.311868953 8322735240 1946646 28358  20917
96.323869579 8325284765 2549525 28361  13572
96.335879262 8326548031 1263266 28378  9949
96.347869346 8329022618 2474587 28355  14305
96.359867762 8331282823 2260205 28370  14237
96.371869146 8331892769 609946 28367  14678
96.383879769 8334359890 2467121 28369  18460
96.395879899 8336880014 2520124 28359  14591
96.407867918 8338426465 1546451 28378  14062
96.419881672 8340944349 2517884 28352  13666
96.431880552 8342507781 1563432 28361  11044
96.443880221 8343086786 579005 28381  17521
96.455875352 8343693974 607188 28379  25647
96.467868374 8344216568 522594 28373  24933
96.479879898 8344848591 632023 28360  28202
96.491880964 8345480782 632191 28376  28227
96.503868368 8346112471 631689 28359  28205
96.515879471 8347393447 1280976 28382  25189
96.527868497 8349802462 2409015 28350  12971
96.539882374 8351479514 1677052 28359  10555
96.551867027 8353958896 2479382 28369  15724
96.563869001 8356467929 2509033 28365  12813
96.575879901 8357071130 603201 28384  11157
96.587867820 8358669660 1598530 28356  20868
96.599869056 8361392050 2722390 28347  14574
96.611866497 8362656497 1264447 28362  9372
96.623887557 8365213750 2557253 28361  12993
96.635880916 8367664278 2450528 28365  11851
96.647868356 8368274100 609822 28373  16267
96.659867556 8368853102 579002 28381  23893
96.671879260 8369483841 630739 28340  27547
96.683867972 8371887107 2403266 28362  17965
96.695879469 8374391572 2504465 28358  12728
96.707868372 8375933029 1541457 28388  11528
96.719879752 8378442845 2509816 28355  12987
96.731880086 8379996144 1553299 28377  11019
96.743867915 8380582180 586036 28378  19135
96.755880616 8383096010 2513830 28360  12662
96.767868875 8385573978 2477968 28368  15390
96.779886949 8387774012 2200034 28366  14181
96.791878542 8390508836 2734824 28358  15164
96.803866862 8391154425 645589 28371  9242
96.815879848 8391733073 578648 28364  20608
96.827880938 8392365182 632109 28372  25961
96.839869021 8392887630 522448 28379  24416
96.851878494 8393519767 632137 28367  28216
96.863880605 8394151766 631999 28368  28220
96.875877971 8394783537 631771 28355  28212
96.887867878 8395196483 412946 28389  24770
96.899869364 8395828660 632177 28368  28202
96.911879664 8396460249 631589 28357  28204
96.923880133 8397091906 631657 28353  28204
96.935888667 8397723567 631661 28364  28208
96.947881074 8398355114 631547 28358  28180
96.959880720 8398987333 632219 28381  28227
96.971880630 8399418536 431203 28372  24689
96.983868346 8401877253 2458717 28351  18737
96.995869593 8404393141 2515888 28367  15720
97.007866833 8406354081 1960940 28372  12765
97.019867363 8408817401 2463320 28358  12466
97.031879210 8409946867 1129466 28363  9707
97.043869669 8410677620 730753 28359  20562
97.055880310 8413201059 2523439 28358  12930
97.067881452 8415524709 2323650 28362  16254
97.079866895 8418029574 2504865 28368  15951
97.091876482 8420540494 2510920 28362  15785
97.103868581 8421141220 600726 28366  13394
97.115866822 8421720878 579658 28392  20979
97.127902936 8422353097 632219 28372  25271
97.139868155 8423864093 1510996 28371  20322
97.151882252 8426547672 2683579 28368  13833
97.163880402 8427872572 1324900 28381  10075
97.175881741 8430442535 2569963 28370  13696
97.187878618 8432877361 2434826 28356  13702
97.199866151 8433488080 610719 28378  12332
97.211880998 8435950983 2462903 28361  18951
97.223866934 8438461932 2510949 28342  13598
97.235865438 8439944414 1482482 28380  12436
97.247880661 8442374734 2430320 28366  13165
97.259888491 8444022338 1647604 28362  9316
97.271868813 8444632226 609888 28365  18766
97.283878597 8445210554 578328 28359  23576
97.295880204 8445798233 587679 28360  26697
97.307880090 8446364233 566000 28367  26658
97.319867279 8446996094 631861 28365  28217
97.331880133 8447627999 631905 28361  28221
97.343869567 8448345882 717883 28360  25124
97.355879413 8450940342 2594460 28350  12985
97.367878366 8453030128 2089786 28352  10779
97.379870476 8455533703 2503575 28381  14974
97.391880069 8458031597 2497894 28364  12991
97.403877676 8458632721 601124 28354  8791
97.415875332 8460163762 1531041 28355  20365
97.427872013 8462683957 2520195 28346  13482
97.439865872 8464236490 1552533 28365  8163
97.451867809 8466720509 2484019 28358  16689
97.463866928 8469225300 2504791 28356  14405
97.475869089 8469826289 600989 28373  15460
97.487879645 8470405079 578790 28377  21638
97.499869858 8471037413 632334 28370  28231
97.511879075 8473448134 2410721 28364  19172
97.523879658 8475958590 2510456 28369  12668
97.535867597 8477423848 1465258 28368  13075
97.547881934 8479866522 2442674 28365  13433
97.559867484 8481510919 1644397 28366  9891
97.571877304 8482120260 609341 28359  20239
97.583881061 8484595484 2475224 28374  16686
97.595879287 8487101022 2505538 28367  13434
97.607870057 8488766470 1665448 28370  11461
97.619867180 8491457664 2691194 28348  13578
97.631880704 8492686727 1229063 28364  6066
97.643879933 8493258490 571763 28389  20808
97.655868423 8493890709 632219 28378  27219
97.667867587 8494413303 522594 28375  25938
97.679868523 8495045522 632219 28380  28231
97.691868616 8495677069 631547 28352  28204
97.703879356 8496308840 631771 28361  28216
97.715880063 8496721562 412722 28382  26293
97.727889166 8497353333 631771 28357  28209
97.739867112 8497985328 631995 28364  28224
97.751880273 8498616875 631547 28363  28212
97.763880686 8499248422 631547 28353  28206
97.775866732 8499879745 631323 28350  28196
97.787879682 8500511211 631466 28341  28194
97.799867428 8500998663 487452 28361  24905
97.811879282 8501508757 510094 28371  28200
97.823866698 8502141200 632443 28394  28233
97.835879951 8502773419 632219 28375  28232
97.847880305 8503406086 632667 28384  28254
97.859880411 8504038305 632219 28370  28228
97.871879895 8504670471 632166 28368  28201
97.883881224 8505302519 632048 28376  28227
97.895888108 8505934738 632219 28381  28236
97.907880484 8506566733 631995 28366  28227
97.919867874 8507198952 632219 28375  28232
97.931880590 8507831171 632219 28380  28236
97.943879660 8508463362 632191 28376  28230
97.955866373 8509095731 632369 28379  28234
97.967880937 8509727156 631425 28364  28212
97.979880296 8510039145 311989 28364  26371
97.991879853 8510451771 412626 28384  28230
98.003879730 8511084438 632667 28392  28245
98.015867116 8511716175 631737 28352  28202
98.027868732 8512348204 632029 28369  28229
98.039866372 8512979751 631547 28369  28205
98.051876323 8513611746 631995 28368  28221
98.063862667 8514243741 631995 28363  28221
98.075872086 8514875540 631799 28365  28217
98.087869458 8515507059 631519 28354  28197
98.099864318 8516139054 631995 28369  28214
98.111861321 8516770825 631771 28369  28207
98.123879598 8517402911 632086 28370  28219
98.135869864 8518035039 632128 28374  28229
98.147882361 8518667034 631995 28372  28219
98.159872147 8519299530 632496 28373  28238
98.171878974 8519932437 632907 28382  28257
98.183880655 8520565372 632935 28383  28265
98.195878444 8521198979 633607 28393  28283
98.207875840 8521832362 633383 28392  28277
98.219881587 8522465521 633159 28372  28254
98.231867036 8523098904 633383 28401  28283
98.243881663 8523732287 633383 28399  28282
98.255879040 8524364774 632487 28378  28240
98.267880413 8524997934 633160 28379  28266
98.279890040 8525631093 633159 28386  28270
98.291866506 8526264476 633383 28398  28277
98.303868740 8526897635 633159 28384  28266
98.315877562 8527531018 633383 28395  28276
98.327880393 8527882386 351368 28373  24282
98.339878112 8528122753 240367 28359  28192
98.351866812 8528363175 240422 28370  28209
98.363875606 8530860773 2497598 28369  13744
98.375867285 8533364493 2503720 28362  13569
98.387867848 8535550274 2185781 28367  13365
98.399881195 8538275246 2724972 28358  15261
98.411872855 8538945973 670727 28383  9073
98.423868958 8540157047 1211074 28376  20526
98.435868511 8542876158 2719111 28359  14045
98.447880121 8544520818 1644660 28376  8434
98.459878405 8547019901 2499083 28362  15104
98.471868844 8549516600 2496699 28363  16211
98.483867644 8550119587 602987 28363  9121
98.495866164 8550698647 579060 28380  20534
98.507866293 8551330614 631967 28368  27671
98.519880713 8553251387 1920773 28373  20247
98.531887597 8555882430 2631043 28355  14388
98.543867556 8557119869 1237439 28384  9273
98.555869803 8559695908 2576039 28373  14801
98.567868819 8561828035 2132127 28360  10154
98.579881963 8562437707 609672 28392  17215
98.591879739 8564909497 2471790 28385  17912
98.603881429 8567410527 2501030 28379  12797
98.615881549 8568953252 1542725 28377  9605
98.627867689 8571470572 2517320 28361  17184
98.639879628 8573040837 1570265 28375  12658
98.651867179 8573619845 579008 28392  17766
98.663880931 8574227957 608112 28369  26135
98.675881845 8574750075 522118 28367  24625
98.687888059 8575381174 631099 28347  28181
98.699880288 8576013169 631995 28375  28221
98.711877885 8576645099 631930 28355  28211
98.723880054 8577924332 1279233 28372  23910
98.735881288 8580372733 2448401 28362  12200
98.747867351 8582017949 1645216 28372  11247
98.759867691 8584507322 2489373 28357  14299
98.771879390 8587021344 2514022 28363  12416
98.783867784 8587624349 603005 28373  10416
98.795866703 8589257694 1633345 28377  18629
98.807867517 8591925109 2667415 28370  14099
98.819879290 8593189556 1264447 28374  8576
98.831870137 8595771025 2581469 28365  13134
98.843876576 8598196847 2425822 28371  12252
98.855881983 8598806997 610150 28368  13841
98.867879282 8599386137 579140 28373  25039
98.879867319 8600017726 631589 28362  28211
98.891868739 8602427091 2409365 28353  17784
98.903868482 8604930445 2503354 28356  13580
98.915881156 8606481031 1550586 28362  8983
98.927881772 8609106516 2625485 28361  14677
98.939869345 8610564343 1457827 28365  11155
98.951880852 8611149200 584857 28396  18618
98.963866544 8613808669 2659469 28367  14860
98.975879188 8616146685 2338016 28370  11709
98.987878827 8618648190 2501505 28360  15904
98.999881138 8621161540 2513350 28370  13983
99.011876140 8621758878 597338 28373  11395
99.023879411 8622337926 579048 28367  22656
99.035867583 8622970145 632219 28366  26986
99.047881560 8623492291 522146 28374  24967
99.059881640 8624124921 632630 28382  26561
99.071880773 8624757331 632410 28381  28244
99.083868036 8625389172 631841 28368  28226
99.095882073 8625801446 412274 28368  25665
99.107879043 8626433665 632219 28373  28230
99.119880269 8627065660 631995 28375  28231
99.131879663 8627698103 632443 28377  28245
99.143880986 8628330322 632219 28369  28234
99.155879502 8628962765 632443 28377  28241
99.167877275 8629594760 631995 28371  28228
99.179878378 8629979678 384918 28349  24627
99.191868698 8632517163 2537485 28352  14284
99.203881752 8634983094 2465931 28356  14713
99.215878645 8637173719 2190625 28364  14941
99.227868884 8639909715 2735996 28362  15035
99.239867754 8640563927 654212 28369  9896
99.251879425 8641783615 1219688 28363  20558
99.263867514 8644489971 2706356 28362  13670
99.275865108 8646138632 1648661 28368  7315
99.287881337 8648639815 2501183 28359  15898
99.299866901 8651147854 2508039 28358  13314
99.311878500 8651751345 603491 28368  9497
99.323889730 8652330508 579163 28378  23048
99.335867973 8652962092 631584 28361  28218
99.347869420 8654945012 1982920 28371  19613
99.359869393 8657523678 2578666 28360  13818
99.371868273 8658758821 1235143 28372  11582
99.383880022 8661346769 2587948 28361  12984
99.395881869 8663434625 2087856 28355  9537
99.407879729 8664043718 609093 28371  16966
99.419869246 8666509840 2466122 28367  19546
99.431866445 8669025654 2515814 28363  14385
99.443871182 8670576331 1550677 28380  13670
99.455867891 8673095907 2519576 28367  15583
99.467878535 8674658204 1562297 28360  12024
99.479890965 8675235084 576880 28372  20269
99.491880218 8675844176 609092 28378  25439
99.503869127 8676366322 522146 28369  25130
99.515869661 8676998271 631949 28357  28213
99.527879995 8677630126 631855 28369  28226
99.539878881 8678262083 631957 28369  28224
99.551866400 8679544712 1282629 28362  25328
99.563869590 8682030122 2485410 28362  12912
99.575867776 8683638900 1608778 28373  9133
99.587880373 8686132529 2493629 28356  13901
99.599879740 8688649493 2516964 28354  14871
99.611880846 8689253140 603647 28367  12816
99.623880716 8691066776 1813636 28359  18219
99.635867299 8693675342 2608566 28369  13206
99.647888360 8694806504 1131162 28372  7687
99.659867539 8697549515 2743011 28369  14035
99.671881102 8699809048 2259533 28369  12392
99.683880305 8700419744 610696 28383  13849
99.695867465 8700997946 578202 28372  23441
99.707880432 8701630613 632667 28391  28255
99.719878301 8704040590 2409977 28366  15127
99.731869615 8706546916 2506326 28369  13474
99.743879334 8708101823 1554907 28385  11591
99.755869318 8710700246 2598423 28355  13277
99.767880277 8712182348 1482102 28373  7723
99.779879867 8712798936 616588 28357  19979
99.791880080 8715482580 2683644 28349  13982
99.803886117 8717749940 2267360 28358  12644
99.815882207 8720181219 2431279 28377  15109
99.827867900 8722655742 2474523 28368  12954
99.839868319 8723303283 647541 28394  6336
99.851879786 8723883084 579801 28379  19140
99.863880582 8724515608 632524 28380  28235
99.875880919 8725038202 522594 28383  23906
99.887867269 8725670645 632443 28381  28243
99.899868662 8726303312 632667 28392  28257
99.911878122 8726935531 632219 28380  28239
99.923877989 8727348253 412722 28383  25262
99.935868761 8727980582 632329 28371  28236
99.947868555 8728612691 632109 28372  28233
99.959889222 8729245358 632667 28387  28257
99.971866761 8729877577 632219 28377  28233
99.983868344 8730509523 631946 28371  28222
99.995880991 8731141085 631562 28351  28208
100.007881130 8731568791 427706 28362  26867
100.019870244 8732139256 570465 28369  28209
100.031868867 8732770803 631547 28359  28200
100.043880400 8733402064 631261 28345  28185
100.055861113 8734033449 631385 28364  28210
100.067879753 8734664996 631547 28356  28200
100.079868206 8735296319 631323 28356  28194
100.091867875 8735928249 631930 28360  28214
100.103867516 8736559637 631388 28358  28205
100.115885586 8737191632 631995 28372  28219
100.127869502 8737822955 631323 28355  28203
100.139879092 8738454698 631743 28366  28209
100.151870135 8739086668 631970 28361  28221
100.163879389 8739718492 631824 28375  28221
100.175870105 8740350487 631995 28369  28224
100.187868141 8740606456 255969 28351  24771
100.199880984 8742847437 2240981 28370  23549
100.211878218 8745393510 2546073 28355  12810
100.223866667 8746566050 1172540 28385  10656
100.235866450 8749183760 2617710 28359  14881
100.247868994 8751052233 1868473 28369  11731
100.259880303 8751662105 609872 28361  18654
100.271876843 8754136924 2474819 28358  17458
100.283868866 8756650430 2513506 28367  12315
100.295877773 8758427298 1776868 28357  13401
100.307867332 8760982436 2555138 28359  12766
100.319868753 8762232861 1250425 28361  8400
100.331867155 8762800676 567815 28367  20839
100.343879486 8763432895 632219 28387  28244
100.355881055 8764461097 1028202 28380  22782
100.367868925 8767098935 2637838 28358  16580
100.379871335 8768982141 1883206 28378  12927
100.391879075 8771469472 2487331 28351  18112
100.403879678 8773971256 2501784 28357  14014
100.415868548 8774573283 602027 28390  15745
100.427868987 8776161686 1588403 28370  18813
100.439875031 8778889472 2727786 28376  15776
100.451880927 8780158312 1268840 28373  13459
100.463868267 8782714398 2556086 28360  17190
100.475878303 8785163279 2448881 28366  14024
100.487877800 8785772953 609674 28364  18150
100.499868216 8786351441 578488 28351  23566
100.511867933 8786982332 630891 28340  27013
100.523879709 8787504512 522180 28377  25304
100.535880706 8788136645 632133 28374  28225
100.547882432 8788768950 632305 28382  28240
100.559866192 8789239211 470261 28389  26173
100.571868262 8791688086 2448875 28360  13894
100.583866971 8794194170 2506084 28366  12899
100.595889295 8796219853 2025683 28376  13869
100.607881495 8798857146 2637293 28370  13605
100.619869091 8799777255 920109 28373  9710
100.631879415 8800807305 1030050 28371  20002
100.643868681 8803377049 2569744 28355  16545
100.655867560 8805362628 1985579 28367  13132
100.667878141 8807869423 2506795 28366  14901
100.679881137 8810377226 2507803 28352  14274
100.691878984 8810980661 603435 28363  11887
100.703866516 8811559811 579150 28377  21644
100.715868670 8812191912 632101 28369  26190
100.727878563 8814061201 1869289 28372  19456
100.739879803 8816616849 2555648 28354  13943
100.751893000 8817872014 1255165 28363  12005
100.763869993 8820578016 2706002 28357  13589
100.775880092 8822683901 2105885 28376  10312
100.787880412 8823293071 609170 28365  14264
100.799868372 8825754667 2461596 28363  18618
100.811880029 8828275963 2521296 28356  12355
100.823879655 8829824630 1548667 28374  8114
100.835867874 8832342409 2517779 28350  14279
100.847869191 8833902857 1560448 28362  13171
100.859869274 8834483439 580582 28365  15534
100.871867401 8835088555 605116 28363  26017
100.883868233 8835611149 522594 28384  23511
100.895867094 8836242696 631547 28363  28202
100.907870876 8836874243 631547 28355  28202
100.919874773 8837505342 631099 28351  28188
100.931881843 8837917392 412050 28360  25697
100.943880383 8838550115 632723 28389  28253
100.955877952 8839182278 632163 28374  28233
100.967885089 8839814896 632618 28378  28241
100.979867292 8840446794 631898 28368  28226
100.991865349 8841078515 631721 28371  28220
101.003879125 8841710224 631709 28353  28203
101.015880529 8842228607 518383 28362  22664
101.027867515 8844531023 2302416 28367  23190
101.039869572 8846990021 2458998 28348  12664
101.051879861 8848183617 1193596 28380  11190
101.063878981 8850801465 2617848 28376  13520
101.075887224 8852676770 1875305 28357  9330
101.087881483 8853286864 610094 28372  19696
101.099880010 8855752601 2465737 28377  15781
101.111879620 8858265055 2512454 28364  12497
101.123881420 8859944063 1679008 28379  14296
101.135867799 8862586889 2642826 28357  15681
101.147880153 8863848100 1261211 28367  10863
101.159870709 8864414235 566135 28391  22130
101.171868286 8865046678 632443 28374  26219
101.183878579 8866054317 1007639 28371  23359
101.195881069 8868620710 2566393 28369  14968
101.207880938 8870576501 1955791 28369  12418
101.219867511 8873076623 2500122 28359  16710
101.231874565 8875578936 2502313 28360  13806
101.243870387 8876182809 603873 28374  14206
101.255868191 8877732822 1550013 28352  21594
101.267868234 8880340651 2607829 28368  13624
101.279880251 8881768880 1428229 28361  8136
101.291869677 8884318950 2550070 28354  13163
101.303867470 8886775783 2456833 28356  12766
101.315867106 8887386567 610784 28376  15816
101.327866420 8887965721 579154 28379  24404
101.339878456 8888597940 632219 28372  28185
101.351867690 8889120086 522146 28383  25742
101.363868326 8889752529 632443 28375  28238
101.375866372 8890384236 631707 28354  28204
101.387875602 8890854450 470214 28384  27089
101.399880622 8893309065 2454615 28359  12601
101.411880222 8895824929 2515864 28359  14409
101.423879919 8897916174 2091245 28372  13101
101.435868451 8900576842 2660668 28360  13506
101.447881215 8901407838 830996 28362  7881
101.459878688 8902507194 1099356 28365  19562
101.471885198 8905123919 2616725 28349  13174
101.483879674 8906992129 1868210 28360  10111
101.495879641 8909478670 2486541 28365  15443
101.507879774 8911987649 2508979 28352  16138
101.519880307 8912591354 603705 28378  15048
101.531879790 8913169892 578538 28374  20069
101.543867759 8913801887 631995 28369  28218
101.555889210 8915638850 1836963 28366  19763
101.567881046 8918158997 2520147 28366  14319
101.579868789 8919298546 1139549 28372  11360
101.591869195 8921946612 2648066 28358  15815
101.603882179 8924294324 2347712 28371  12033
101.615866008 8924904642 610318 28378  16964
101.627867904 8927370914 2466272 28350  17135
101.639866701 8929887176 2516262 28364  13656
101.651867477 8931429285 1542109 28362  12420
101.663868571 8933940143 2510858 28366  17631
101.675869180 8935500518 1560375 28360  14619
101.687865377 8936098678 598160 28368  13085
101.699868280 8936688002 589324 28371  26327
101.711874804 8937210148 522146 28379  23382
101.723867463 8937842367 632219 28366  28233
101.735879277 8938473914 631547 28355  28203
101.747883006 8939105909 631995 28373  28225
101.759881119 8939517959 412050 28363  23850
101.771869326 8940149506 631547 28358  28197
101.783881015 8940781305 631799 28379  28221
101.795881495 8941413272 631967 28369  28227
101.807880815 8942045043 631771 28366  28213
101.819878685 8942677038 631995 28370  28224
101.831881181 8943308548 631510 28350  28195
101.843880788 8943837212 528664 28376  25197
101.855878741 8944306050 468838 28380  28233
101.867890884 8944938493 632443 28380  28244
101.879881310 8945571160 632667 28390  28255
101.891881291 8946203379 632219 28381  28234
101.903866936 8946835150 631771 28364  28224
101.915878053 8947467145 631995 28370  28225
101.927880366 8948099495 632350 28383  28238
101.939879802 8948731313 631818 28359  28215
101.951868169 8949363578 632265 28379  28243
101.963867065 8949995573 631995 28373  28224
101.975876409 8950627568 631995 28373  28223
101.987866198 8951258891 631323 28345  28197
101.999866768 8951890438 631547 28358  28216
102.011868185 8952523211 632773 28387  28255
102.023887315 8952878178 354967 28366  25155
102.035868988 8953249960 371782 28372  28247
102.047869014 8953882179 632219 28373  28230
102.059868457 8954513857 631678 28352  28206
102.071878367 8955146132 632275 28381  28242
102.083868880 8955778612 632480 28387  28251
102.095865860 8956410607 631995 28374  28223
102.107869993 8957042602 631995 28371  28226
102.119879216 8957674597 631995 28380  28224
102.131878726 8958306708 632111 28365  28223
102.143867906 8958938363 631655 28369  28221
102.155877815 8959570582 632219 28380  28233
102.167869415 8960202353 631771 28362  28215
102.179880781 8960834311 631958 28357  28218
102.191876952 8961465741 631430 28352  28203
102.203881351 8962097442 631701 28363  28210
102.215880838 8962729213 631771 28375  28227
102.227870414 8963361619 632406 28375  28240
102.239866030 8963994289 632670 28384  28254
102.251868640 8964626766 632477 28380  28249
102.263879550 8965259209 632443 28384  28250
102.275881433 8965891652 632443 28384  28246
102.287868226 8966524123 632471 28391  28252
102.299867399 8967156118 631995 28370  28222
102.311881032 8967788113 631995 28372  28223
102.323866125 8968420304 632191 28376  28235
102.335867915 8969052103 631799 28358  28220
102.347876752 8969684098 631995 28371  28223
102.359881942 8970315841 631743 28362  28219
102.371868601 8970717464 401623 28362  24160
102.383869045 8970957832 240368 28362  28247
102.395878325 8971198240 240408 28372  28248
102.407879634 8971764330 566090 28390  28245
102.419867494 8972397221 632891 28398  28251
102.431865947 8973029440 632219 28388  28237
102.443867090 8973661883 632443 28374  28236
102.455879974 8974293293 631410 28350  28190
102.467864705 8974924753 631460 28356  28196
102.479866516 8975556524 631771 28370  28210
102.491878873 8976188237 631713 28348  28203
102.503887506 8976819957 631720 28369  28209
102.515882819 8977452404 632447 28377  28232
102.527867688 8978084056 631652 28362  28204
102.539882772 8978715965 631909 28357  28205
102.551880705 8979347822 631857 28371  28217
102.563870115 8979979201 631379 28350  28191
102.575866724 8980610468 631267 28357  28195
102.587882105 8981241791 631323 28346  28192
102.599879921 8981873497 631706 28347  28192
102.611881247 8982505109 631612 28363  28210
102.623867207 8983136684 631575 28362  28196
102.635881246 8983768679 631995 28373  28217
102.647880727 8984400548 631869 28370  28219
102.659875109 8985032669 632121 28382  28230
102.671870083 8985664412 631743 28371  28209
102.683866386 8986296183 631771 28366  28206
102.695880596 8986928368 632185 28375  28222
102.707880845 8987560173 631805 28371  28212
102.719859521 8988192168 631995 28379  28225
102.731879415 8988824167 631999 28367  28211
102.743879101 8989457550 633383 28398  28259
102.755868251 8990091157 633607 28401  28291
102.767866857 8990724092 632935 28378  28248
102.779866037 8991357251 633159 28383  28273
102.791880534 8991989738 632487 28375  28230
102.803868636 8992623345 633607 28407  28275
102.815867363 8993256280 632935 28379  28264
102.827874669 8993889439 633159 28390  28273
102.839880323 8994522404 632965 28372  28267
102.851880036 8995155758 633354 28400  28280
102.863867532 8995788469 632711 28382  28256
102.875880485 8996422076 633607 28403  28293
102.887865511 8997055011 632935 28377  28265
102.899880185 8997688394 633383 28398  28280
102.911879418 8998321777 633383 28389  28285
102.923867147 8998955160 633383 28394  28279
102.935879431 8999587423 632263 28364  28242
102.947878938 9000220582 633159 28381  28272
102.959868247 9000853965 633383 28389  28279
102.971878697 9001487243 633278 28386  28274
102.983889073 9002120507 633264 28379  28277
102.995867486 9002754115 633608 28403  28291
103.007867433 9003386378 632263 28368  28236
103.019869766 9004019089 632711 28375  28253
103.031881573 9004652248 633159 28399  28273
103.043881639 9005284882 632634 28367  28246
103.055880388 9005917670 632788 28374  28262
103.067881105 9006400654 482984 28385  25123
103.079878894 9006640968 240314 28363  28235
103.091867105 9006881236 240268 28356  28221
103.103866711 9007121635 240399 28363  28203
103.115867447 9007361985 240350 28365  28197
103.127867577 9007602301 240316 28366  28204
103.139876037 9010064790 2462489 28358  18556
103.151881803 9012573993 2509203 28363  16298
103.163878669 9014511501 1937508 28354  14344
103.175880416 9017080107 2568606 28364  12793
103.187881696 9018156638 1076531 28364  10611
103.199869452 9019092984 936346 28389  18196
103.211868305 9021579412 2486428 28370  12582
103.223867211 9023716537 2137125 28349  11341
103.235879952 9026212237 2495700 28367  17115
103.247867488 9028718251 2506014 28369  13085
103.259880041 9029320082 601831 28380  7573
103.271879557 9029899490 579408 28377  22203
103.283879811 9030531828 632338 28375  28232
103.295885500 9032087847 1556019 28369  20303
103.307877470 9034806943 2719096 28372  13858
103.319880980 9036056896 1249953 28369  7815
103.331867256 9038580679 2523783 28358  16192
103.343867193 9041061106 2480427 28368  13467
103.355869346 9041671343 610237 28369  15968
103.367880313 9044136800 2465457 28349  18285
103.379870775 9046651228 2514428 28352  13382
103.391881459 9048193580 1542352 28369  10922
103.403884028 9050717229 2523649 28364  12379
103.415878711 9052289196 1571967 28373  9521
103.427867721 9052886348 597152 28375  16431
103.439871537 9053476288 589940 28395  26750
103.451868377 9053998434 522146 28370  25418
103.463889204 9054630821 632387 28383  28232
103.475881151 9055262648 631827 28371  28224
103.487868537 9055894643 631995 28378  28222
103.499879590 9057148534 1253891 28362  26101
103.511880996 9059656779 2508245 28370  12707
103.523880616 9061284340 1627561 28361  6750
103.535868363 9063773601 2489261 28360  16868
103.547881625 9066273539 2499938 28356  14062
103.559870151 9066877524 603985 28360  12907
103.571880078 9068420641 1543117 28361  15423
103.583866354 9071065234 2644593 28359  16239
103.595868247 9072456059 1390825 28370  11104
103.607880867 9074972709 2516650 28355  14850
103.619885838 9077461138 2488429 28356  12615
103.631879187 9078071414 610276 28357  14692
103.643879750 9078650300 578886 28367  23536
103.655880067 9079282213 631913 28369  28231
103.667866789 9081690886 2408673 28356  17665
103.679868809 9084198740 2507854 28359  15261
103.691879966 9085751855 1553115 28363  14780
103.703880433 9088376532 2624677 28361  13305
103.715879435 9089829754 1453222 28370  9090
103.727879155 9090400038 570284 28382  20780
103.739879352 9093056977 2656939 28346  13976
103.751879834 9095410500 2353523 28364  11857
103.763881294 9097919887 2509387 28356  17751
103.775877187 9100428743 2508856 28370  12684
103.787867840 9101031491 602748 28385  9769
103.799879604 9101610029 578538 28372  21206
103.811868860 9102241800 631771 28363  26286
103.823868099 9102764261 522461 28378  24903
103.835880099 9103396137 631876 28370  28216
103.847881849 9104028384 632247 28379  28239
103.859866252 9104660379 631995 28373  28223
103.871869082 9105072373 411994 28361  24418
103.883880732 9105703731 631358 28342  28190
103.895868595 9106335029 631298 28345  28192
103.907868261 9106966174 631145 28353  28192
103.919879228 9107597439 631265 28348  28182
103.931889090 9108228792 631353 28366  28196
103.943881117 9108860143 631351 28361  28203
103.955881943 9109245693 385550 28354  24379
103.967867949 9111769914 2524221 28352  13957
103.979880433 9114256594 2486680 28353  13385
103.991880616 9116584321 2327727 28364  16847
104.003866982 9119112198 2527877 28362  14244
104.015867769 9119822898 710700 28376  10031
104.027880666 9120995016 1172118 28360  17769
104.039880812 9123518457 2523441 28366  15243
104.051868838 9125401551 1883094 28360  10785
104.063879755 9127898291 2496740 28374  18025
104.075881611 9130410577 2512286 28359  14150
104.087879381 9131011949 601372 28373  12717
104.099876867 9131591000 579051 28374  23166
104.111869286 9132223443 632443 28391  26714
104.123868743 9134194762 1971319 28372  21983
104.135880386 9136735964 2541202 28380  15473
104.147869476 9138030266 1294302 28368  11301
104.159867569 9140593599 2563333 28373  13715
104.171878952 9142700231 2106632 28367  11369
104.183882909 9143310966 610735 28391  17621
104.195868691 9145774352 2463386 28361  18110
104.207869041 9148297807 2523455 28365  12751
104.219879734 9149848107 1550300 28380  10190
104.231867370 9152374809 2526702 28350  13225
104.243868077 9153940610 1565801 28374  10123
104.255874990 9154501586 560976 28359  21836
104.267869497 9155125462 623876 28369  27725
104.279879946 9155648056 522594 28376  25270
104.291881303 9156279737 631681 28355  28204
104.303868849 9156911598 631861 28375  28222
104.315868922 9157543724 632126 28369  28225
104.327880929 9158896495 1352771 28355  24955
104.339868865 9161397367 2500872 28361  13987
104.351866871 9162951322 1553955 28368  11588
104.363881225 9165450551 2499229 28375  14393
104.375881848 9167964854 2514303 28361  13014
104.387867381 9168565514 600660 28378  14541
104.399880760 9170556966 1991452 28330  19139
104.411894634 9173110020 2553054 28368  13659
104.423879883 9174415108 1305088 28391  12538
104.435869126 9176999347 2584239 28366  13585
104.447870516 9179102417 2103070 28362  13260
104.459870302 9179711298 608881 28366  15403
104.471881999 9180290881 579583 28380  23514
104.483878732 9180922382 631501 28351  28194
104.495867875 9183327635 2405253 28359  16909
104.507879448 9185842987 2515352 28364  13176
104.519880714 9187463106 1620119 28369  12537
104.531866588 9190180485 2717379 28356  16162
104.543868754 9191448851 1268366 28382  11757
104.555881268 9192093399 644548 28363  17914
104.567880870 9194769852 2676453 28351  13860
104.579892134 9197024731 2254879 28374  11163
104.591867970 9199521980 2497249 28367  16820
104.603867903 9202023262 2501282 28374  13462
104.615880536 9202625562 602300 28372  8807
104.627880152 9203205598 580036 28395  19935
104.639868348 9203837803 632205 28363  27873
104.651865899 9204359837 522034 28370  24967
104.663881205 9204990460 630623 28336  28169
104.675866201 9205621783 631323 28342  28193
104.687865461 9206253380 631597 28352  28203
104.699879784 9206666052 412672 28374  25208
104.711880831 9207298495 632443 28383  28235
104.723868153 9207930714 632219 28373  28238
104.735881344 9208562896 632182 28376  28229
104.747869040 9209195152 632256 28375  28244
104.759879319 9209827819 632667 28385  28254
104.771882249 9210460038 632219 28372  28234
104.783867165 9210855419 395381 28365  22987
104.795869215 9211458847 603428 28369  28206
104.807881002 9212091290 632443 28388  28245
104.819866511 9212723257 631967 28366  28220
104.831878527 9213355952 632695 28394  28258
104.843871557 9213987499 631547 28355  28209
104.855881821 9214619718 632219 28376  28231
104.867869650 9215251175 631457 28348  28199
104.879869490 9215883036 631861 28378  28222
104.891892463 9216514749 631713 28354  28205
104.903868803 9217146578 631829 28373  28223
104.915867969 9217778755 632177 28367  28225
104.927867909 9218410568 631813 28372  28223
104.939866705 9219042563 631995 28371  28226
104.951869902 9219655321 612758 28366  26661
104.963879315 9219895742 240421 28355  27064
104.975880364 9222287977 2392235 28357  21370
104.987881234 9224800879 2512902 28370  12276
104.999865890 9226354381 1553502 28387  9399
105.011867090 9228882666 2528285 28353  12832
105.023867810 9230433513 1550847 28355  11253
105.035868183 9231010082 576569 28363  19392
105.047889986 9233534316 2524234 28363  13420
105.059880472 9236009444 2475128 28355  12597
105.071878843 9238342451 2333007 28364  14901
105.083881679 9240908529 2566078 28357  13296
105.095879815 9241579809 671280 28377  9135
105.107881722 9242158714 578905 28376  16736
105.119880658 9242790790 632076 28372  28043
105.131867804 9244260122 1469332 28372  24606
105.143868547 9246766752 2506630 28363  13491
105.155868087 9248340679 1573927 28372  14763
105.167867766 9250842380 2501701 28363  14462
105.179878533 9253352980 2510600 28361  12934
105.191878286 9253954249 601269 28389  17064
105.203877973 9256113284 2159035 28361  19920
105.215875765 9258842785 2729501 28373  13949
105.227883792 9259994980 1152195 28368  8614
105.239880835 9262585301 2590321 28363  16135
105.251881328 9264507957 1922656 28360  13145
105.263866855 9265118079 610122 28368  13751
105.275867347 9265697289 579210 28367  24079
105.287867010 9266313318 616029 28373  27509
105.299881880 9266851549 538231 28368  24240
105.311880343 9267483425 631876 28378  28221
105.323880437 9268115420 631995 28369  28220
105.335877846 9268655564 540144 28366  25413
105.347881593 9271324777 2669213 28374  14575
105.359881919 9273539725 2214948 28364  10630
105.371876085 9276034788 2495063 28360  15089
105.383879189 9278543696 2508908 28360  12916
105.395880298 9279146609 602913 28386  7794
105.407879367 9280675366 1528757 28351  18233
105.419868801 9283190722 2515356 28375  13277
105.431867677 9284752779 1562057 28381  10677
105.443881484 9287235855 2483076 28367  17722
105.455877493 9289745663 2509808 28351  12684
105.467868653 9290346736 601073 28371  15158
105.479867422 9290926324 579588 28381  22137
105.491866412 9291558466 632142 28357  28210
105.503867962 9293966728 2408262 28366  19026
105.515879442 9296479163 2512435 28367  12388
105.527887422 9298016374 1537211 28368  11630
105.539880038 9300533105 2516731 28355  12681
105.551868108 9302107951 1574846 28362  8605
105.563869534 9302712504 604553 28361  18071
105.575867121 9305178133 2465629 28355  12677
105.587880010 9307691702 2513569 28372  13412
105.599866973 9309864977 2173275 28340  15408
105.611867936 9312431971 2566994 28377  14294
105.623867646 9313266381 834410 28386  8371
105.635882296 9313845367 578986 28384  20192
105.647882019 9314477586 632219 28367  28229
105.659878349 9314999732 522146 28366  21792
105.671880542 9315632399 632667 28395  28252
105.683881288 9316264513 632114 28369  28225
105.695866570 9316896389 631876 28363  28221
105.707870017 9317309783 413394 28401  24382
105.719881410 9317942002 632219 28380  28233
105.731880747 9318574221 632219 28371  28233
105.743867663 9319206216 631995 28376  28225
105.755868139 9319838435 632219 28375  28231
105.767879036 9320470066 631631 28352  28202
105.779880265 9321101977 631911 28366  28224
105.791880476 9321542629 440652 28354  23670
105.803869668 9323985721 2443092 28361  18438
105.815872014 9326495465 2509744 28362  13484
105.827877907 9328210653 1715188 28370  13439
105.839868184 9330872362 2661709 28353  14529
105.851874833 9332077191 1204829 28377  7230
105.863881784 9332765953 688762 28371  21631
105.875881346 9335464650 2698697 28369  13526
105.887870036 9337657049 2192399 28371  12252
105.899867986 9340163930 2506881 28363  16482
105.911880885 9342674396 2510466 28365  12705
105.923868555 9343275800 601404 28378  8725
105.935868325 9343854786 578986 28369  20459
105.947867861 9344486781 631995 28373  27283
105.959869154 9345996700 1509919 28367  21602
105.971880931 9348678059 2681359 28383  15250
105.983881581 9350002896 1324837 28364  10901
105.995869060 9352531119 2528223 28372  12705
106.007872783 9355002514 2471395 28372  12599
106.019879000 9355611936 609422 28393  17179
106.031868549 9358088960 2477024 28367  18441
106.043881119 9360591558 2502598 28371  12957
106.055880782 9362134764 1543206 28366  10160
106.067881045 9364656423 2521659 28381  13142
106.079868808 9366229484 1573061 28359  9350
106.091880801 9366832348 602864 28376  18890
106.103879487 9367416352 584004 28372  26112
106.115880451 9367938498 522146 28369  23169
106.127880704 9368570493 631995 28368  28218
106.139866863 9369202264 631771 28365  28214
106.151868713 9369833811 631547 28352  28202
106.163875909 9371035182 1201371 28355  24740
106.175880559 9373601360 2566178 28365  13021
106.187879406 9375230814 1629454 28358  8884
106.199882562 9377722625 2491811 28359  16168
106.211868134 9380244963 2522338 28365  12723
106.223869821 9380849060 604097 28375  12036
106.235879861 9382635064 1786004 28379  17310
106.247882741 9385178867 2543803 28353  16733
106.259881234 9386402059 1223192 28374  10458
106.271878707 9388975686 2573627 28353  14275
106.283868600 9391408118 2432432 28354  12827
106.295879613 9392018912 610794 28389  18117
106.307870799 9392597450 578538 28377  23013
106.319877082 9393228731 631281 28347  28186
106.331867072 9395637863 2409132 28363  17170
106.343866821 9398145524 2507661 28367  13070
106.355880578 9399697071 1551547 28388  10381
106.367866544 9402290611 2593540 28363  14738
106.379883378 9403778330 1487719 28380  7421
106.391868757 9404348926 570596 28374  20783
106.403871046 9407023829 2674903 28366  15471
106.415869867 9409353224 2329395 28351  12753
106.427879773 9411855681 2502457 28354  15458
106.439880429 9414364103 2508422 28350  13346
106.451880436 9414966565 602462 28376  12028
106.463868728 9415544045 577480 28342  22170
106.475879579 9416175592 631547 28348  25975
106.487892902 9416698410 522818 28380  24168
106.499881931 9417330629 632219 28370  28162
106.511867648 9417962848 632219 28374  28232
106.523867617 9418594843 631995 28362  28223
106.535881284 9419007117 412274 28372  26049
106.547869213 9419639112 631995 28364  28222
106.559879463 9420271107 631995 28367  28224
106.571878889 9420903102 631995 28360  28223
106.583882522 9421535097 631995 28370  28224
106.595880735 9422167279 632182 28364  28223
106.607866811 9422799087 631808 28377  28229
106.619879398 9423189398 390311 28372  26468
106.631881292 9423797896 608498 28348  28190
106.643879654 9424429219 631323 28345  28187
106.655866610 9425060318 631099 28341  28178
106.667868726 9425691308 630990 28333  28176
106.679883623 9426322516 631208 28357  28198
106.691867276 9426953615 631099 28357  28185
106.703879343 9427584490 630875 28345  28174
106.715879602 9428215484 630994 28329  28172
106.727880645 9428846850 631366 28347  28191
106.739868458 9429477591 630741 28342  28172
106.751881241 9430108886 631295 28351  28195
106.763880807 9430740657 631771 28362  28212
106.775878917 9431371980 631323 28350  28192
106.787867377 9431985114 613134 28344  26731
106.799877186 9432225395 240281 28358  25342
106.811880523 9432729038 503643 28356  28215
106.823868116 9433361033 631995 28379  28231
106.835866165 9433993700 632667 28390  28250
106.847885106 9434625811 632111 28372  28224
106.859868122 9435257690 631879 28366  28221
106.871869154 9435889237 631547 28352  28205
106.883868711 9436521195 631958 28364  28218
106.895881431 9437152779 631584 28363  28215
106.907879937 9437785222 632443 28372  28243
106.919878290 9438418055 632833 28384  28252
106.931867550 9439050108 632053 28369  28232
106.943866499 9439681879 631771 28354  28213
106.955887156 9440314098 632219 28379  28233
106.967881065 9440946023 631925 28367  28225
106.979880741 9441578060 632037 28371  28232
106.991869198 9442210307 632247 28374  28233
107.003868944 9442842526 632219 28378  28231
107.015868037 9443474708 632182 28368  28231
107.027879714 9444106516 631808 28363  28225
107.039881857 9444738959 632443 28388  28249
107.051877690 9445371178 632219 28368  28230
107.063877850 9446003397 632219 28376  28239
107.075868949 9446635616 632219 28374  28234
107.087868223 9447267387 631771 28362  28212
107.099868032 9447899112 631725 28353  28206
107.111878281 9448530677 631565 28363  28218
107.123880212 9449162476 631799 28364  28222
107.135868081 9449794167 631691 28356  28203
107.147867940 9450063850 269683 28382  24543
107.159880934 9450304133 240283 28358  28231
107.171880737 9451193245 889112 28375  27553
107.183869487 9453755151 2561906 28373  13305
107.195866790 9455607493 1852342 28376  12136
107.207869906 9458088145 2480652 28360  14890
107.219868122 9460592324 2504179 28348  15074
107.231867769 9461195973 603649 28375  9992
107.243881068 9462760412 1564439 28367  18965
107.255871298 9465492596 2732184 28361  13734
107.267881161 9466786436 1293840 28387  5611
107.279876027 9469313172 2526736 28364  13118
107.291869844 9471787287 2474115 28350  12170
107.303877343 9472397409 610122 28390  12907
107.315882079 9472975947 578538 28367  24334
107.327869959 9473607494 631547 28361  28209
107.339869386 9476016738 2409244 28354  17521
107.351881319 9478521557 2504819 28364  13098
107.363879635 9480064382 1542825 28374  11229
107.375871015 9482575230 2510848 28355  12350
107.387878172 9484135574 1560344 28371  7870
107.399881321 9484712120 576546 28373  20592
107.411868047 9487280699 2568579 28350  12917
107.423868600 9489718534 2437835 28374  12665
107.435874933 9492097257 2378723 28362  16845
107.447880906 9494639725 2542468 28363  16156
107.459866989 9495286885 647160 28370  10581
107.471868916 9495864751 577866 28371  22821
107.483871452 9496496074 631323 28347  25376
107.495881352 9497017996 521922 28362  23850
107.507880801 9497650197 632201 28371  28222
107.519868887 9498282124 631927 28375  28224
107.531879941 9498913757 631633 28366  28213
107.543868010 9500654382 1740625 28345  20780
107.555868710 9503173584 2519202 28369  13987
107.567869090 9504300517 1126933 28373  7097
107.579881516 9506959951 2659434 28378  13938
107.591888542 9509301888 2341937 28362  11346
107.603880079 9509911758 609870 28379  13450
107.615878542 9512373104 2461346 28381  17820
107.627869101 9514877345 2504241 28348  13239
107.639869034 9516423134 1545789 28373  12067
107.651881647 9518941958 2518824 28361  12373
107.663867490 9520513824 1571866 28381  9588
107.675868910 9521111564 597740 28373  19094
107.687879696 9521699796 588232 28371  27066
107.699866386 9522296498 596702 28368  25558
107.711867596 9524904489 2607991 28372  13494
107.723867292 9527240305 2335816 28359  11453
107.735877885 9529736461 2496156 28364  15458
107.747869628 9532244659 2508198 28344  14476
107.759886354 9532845139 600480 28380  10663
107.771866377 9534371931 1526792 28366  18556
107.783878881 9536895755 2523824 28369  12511
107.795883093 9538450670 1554915 28374  15368
107.807879223 9540941864 2491194 28361  12594
107.819870895 9543443316 2501452 28369  14436
107.831881612 9544043547 600231 28367  9816
107.843881822 9544622981 579434 28379  25023
107.855867622 9545254642 631661 28356  27763
107.867879068 9545777684 523042 28387  26149
107.879882724 9546409661 631977 28365  28211
107.891880011 9547041002 631341 28355  28204
107.903867740 9547569783 528781 28376  27480
107.915888264 9548085495 515712 28377  27365
107.927881367 9548718386 632891 28395  28262
107.939881036 9549350605 632219 28378  28233
107.951879629 9549982824 632219 28379  28233
107.963865178 9550614595 631771 28362  28215
107.975869728 9551246814 632219 28385  28237
107.987880941 9551878809 631995 28366  28226
107.999870510 9553016609 1137800 28350  22557
108.011882714 9555577528 2560919 28375  13340
108.023881333 9557230684 1653156 28364  7614
108.035866296 9559728539 2497855 28369  17869
108.047871790 9562243963 2515424 28362  13618
108.059869552 9562847388 603425 28372  11346
108.071890269 9564651934 1804546 28387  19704
108.083866922 9567209517 2557583 28363  12973
108.095866868 9568401675 1192158 28368  7530
108.107866604 9570972518 2570843 28356  14979
108.119865490 9573406894 2434376 28366  12850
108.131883404 9574017203 610309 28379  19119
108.143866963 9574597122 579919 28383  21437
108.155865633 9575229565 632443 28377  27830
108.167879396 9577632585 2403020 28363  17409
108.179880439 9580139148 2506563 28365  12911
108.191866719 9581679943 1540795 28393  13099
108.203866732 9584206609 2526666 28357  12402
108.215878745 9585765010 1558401 28376  8166
108.227865995 9586327358 562348 28375  22569
108.239878017 9588852910 2525552 28361  13270
108.251868381 9591330076 2477166 28372  13058
108.263878434 9593648528 2318452 28362  14334
108.275866763 9596237882 2589354 28360  12933
108.287879350 9596900221 662339 28375  8098
108.299870083 9597479877 579656 28389  20741
108.311879445 9598112320 632443 28382  27188
108.323882332 9598634690 522370 28377  26137
108.335870212 9599266237 631547 28359  28205
108.347869688 9599898008 631771 28362  28211
108.359868244 9600529555 631547 28356  28204
108.371867331 9602264227 1734672 28352  21572
108.383870970 9604792803 2528576 28352  12906
108.395889080 9605923736 1130933 28373  6977
108.407880086 9608578134 2654398 28358  16942
108.419881586 9610924407 2346273 28365  12547
108.431880846 9611534725 610318 28378  18722
108.443866612 9614001643 2466918 28364  15339
108.455880081 9616515889 2514246 28374  13014
108.467882112 9618064016 1548127 28358  11163
108.479869824 9620577394 2513378 28361  13011
108.491870940 9622148887 1571493 28378  7414
108.503880771 9622726803 577916 28360  20197
108.515879420 9623335755 608952 28377  26273
108.527868293 9624088006 752251 28376  23592
108.539867075 9626644264 2556258 28356  13787
108.551888589 9628855656 2211392 28376  13200
108.563869022 9631352652 2496996 28361  16750
108.575873185 9633865692 2513040 28365  13028
108.587870415 9634468484 602792 28364  14043
108.599881127 9635997952 1529468 28382  19302
108.611879917 9638512450 2514498 28367  12793
108.623879230 9640070949 1558499 28376  7447
108.635868620 9642561691 2490742 28355  14479
108.647881643 9645074789 2513098 28365  13267
108.659878863 9645682980 608191 28379  13338
108.671870615 9646262638 579658 28377  26020
108.683869271 9646894185 631547 28355  28202
108.695880085 9647416331 522146 28378  23826
108.707890431 9648048102 631771 28357  28216
108.719867767 9648680321 632219 28376  28235
108.731880274 9649185022 504701 28360  28212
108.743881827 9649725486 540464 28389  27068
108.755879736 9650356809 631323 28351  28192
108.767863562 9650988356 631547 28363  28206
108.779868469 9651620127 631771 28366  28211
108.791880355 9652251674 631547 28355  28204
108.803883111 9652883221 631547 28364  28202
108.815867697 9653514992 631771 28375  28215
108.827867081 9653879200 364208 28350  24368
108.839880260 9654511113 631913 28374  28223
108.851879717 9655143332 632219 28372  28235
108.863868893 9655775551 632219 28379  28234
108.875874869 9656407994 632443 28379  28242
108.887880019 9657040213 632219 28384  28235
108.899866101 9657672327 632114 28379  28229
108.911869338 9658303914 631587 28363  28213
108.923868031 9658936380 632466 28379  28243
108.935881934 9659568193 631813 28370  28224
108.947880964 9660200142 631949 28362  28217
108.959868660 9660831735 631593 28365  28218
108.971868749 9661463058 631323 28357  28195
108.983879859 9662094605 631547 28364  28210
108.995880122 9662590053 495448 28356  24845
109.007868986 9662830434 240381 28363  28240
109.019871452 9665397037 2566603 28360  13570
109.031878854 9667841487 2444450 28364  11862
109.043880167 9670190966 2349479 28353  14030
109.055866444 9672729963 2538997 28363  14048
109.067880817 9673407285 677322 28382  10620
109.079880624 9674612107 1204822 28375  19873
109.091882980 9677347579 2735472 28358  15523
109.103868836 9678981964 1634385 28367  8508
109.115881138 9681477584 2495620 28369  13681
109.127879489 9683996562 2518978 28349  15471
109.139881785 9684599739 603177 28383  15723
109.151869611 9685178805 579066 28386  20544
109.163868334 9685811398 632593 28380  28243
109.175879217 9687823560 2012162 28376  18606
109.187889696 9690427150 2603590 28371  13212
109.199880917 9691810302 1383152 28363  8568
109.211868009 9694455193 2644891 28358  13450
109.223883042 9696355653 1900460 28368  9130
109.235867991 9696965271 609618 28386  18062
109.247869782 9699444036 2478765 28377  15650
109.259867424 9701952742 2508706 28368  12249
109.271882615 9703728957 1776215 28367  10075
109.283867881 9706277844 2548887 28363  13302
109.295866473 9707532189 1254345 28379  9120
109.307868486 9708098744 566555 28385  15598
109.319881756 9708731187 632443 28376  28236
109.331879296 9709253557 522370 28387  24983
109.343877312 9709884771 631214 28356  28184
109.355870489 9710516427 631656 28361  28212
109.367867628 9711147750 631323 28354  28193
109.379882524 9712509613 1361863 28365  21732
109.391870200 9715022543 2512930 28368  15557
109.403879207 9716579868 1557325 28368  13993
109.415877746 9719068793 2488925 28358  14031
109.427881723 9721583313 2514520 28376  13004
109.439869423 9722185848 602535 28365  18212
109.451881982 9724450371 2264523 28363  16147
109.463879302 9726971509 2521138 28364  12699
109.475878762 9728222493 1250984 28377  6071
109.487880528 9730824581 2602088 28358  13157
109.499869214 9732741546 1916965 28360  9960
109.511891094 9733351892 610346 28384  13804
109.523881550 9733930878 578986 28379  25850
109.535880049 9734538535 607657 28367  28222
109.547869592 9736974646 2436111 28375  15124
109.559882002 9739474472 2499826 28361  15319
109.571870692 9741420748 1946276 28362  17280
109.583869191 9743923167 2502419 28351  12486
109.595867141 9745032513 1109346 28394  9453
109.607878077 9745846853 814340 28379  22477
109.619867010 9748405364 2558511 28373  13649
109.631866933 9750609624 2204260 28372  11683
109.643868000 9753107769 2498145 28362  14220
109.655881867 9755617965 2510196 28364  15815
109.667889336 9756218519 600554 28367  18042
109.679869072 9756796980 578461 28367  19356
109.691869018 9757428436 631456 28355  23218
109.703869061 9757950078 521642 28372  25204
109.715880021 9758582297 632219 28369  27235
109.727869877 9759214292 631995 28369  28223
109.739882580 9759846959 632667 28386  28249
109.751884483 9760260129 413170 28397  25168
109.763879629 9760892302 632173 28371  28225
109.775869302 9761523895 631593 28372  28227
109.787880169 9762156562 632667 28386  28250
109.799879792 9762788109 631547 28351  28203
109.811877694 9763420552 632443 28382  28241
109.823876640 9764052323 631771 28365  28213
109.835866710 9764438654 386331 28367  26088
109.847882253 9766936487 2497833 28367  13862
109.859880933 9769429286 2492799 28352  12429
109.871880006 9771634623 2205337 28356  14080
109.883868542 9774373558 2738935 28363  14101
109.895881275 9775024710 651152 28383  7108
109.907870994 9776236660 1211950 28359  21665
109.919871077 9778982465 2745805 28354  13870
109.931879837 9780603139 1620674 28365  6607
109.943880037 9783096967 2493828 28370  12679
109.955869153 9785617881 2520914 28346  13835
109.967867193 9786219874 601993 28377  11966
109.979875322 9786799112 579238 28375  22022
109.991881992 9787430813 631701 28353  28210
110.003881649 9789422612 1991799 28377  21322
110.015870778 9792052203 2629591 28368  13178
110.027868071 9793433328 1381125 28365  7876
110.039868167 9796068603 2635275 28357  13500
110.051879210 9797960896 1892293 28363  10110
110.063868913 9798570794 609898 28360  14517
110.075867592 9801025287 2454493 28361  16428
110.087881923 9803542515 2517228 28368  14982
110.099881152 9805200536 1658021 28370  14265
110.111881781 9807879996 2679460 28360  13453
110.123880312 9809147428 1267432 28385  5784
110.135878418 9809710287 562859 28374  20889
110.147887364 9810342730 632443 28377  28239
110.159867186 9810865324 522594 28374  25379
110.171866980 9811497991 632667 28390  28248
110.183880916 9812129986 631995 28371  28223
110.195882732 9812762168 632182 28374  28223
110.207881306 9814124095 1361927 28363  23499
110.219868322 9816636325 2512230 28379  12952
110.231879388 9818196814 1560489 28378  8025
110.243866054 9820694251 2497437 28375  15063
110.255871137 9823211712 2517461 28353  12443
110.267868393 9823822478 610766 28386  12554
110.279880856 9826267995 2445517 28370  19172
110.291868882 9828793625 2525630 28363  12428
110.303875479 9830237119 1443494 28373  7607
110.315870925 9832754049 2516930 28356  14542
110.327879025 9834379520 1625471 28355  10984
110.339882115 9834989642 610122 28383  15583
110.351868887 9835567690 578048 28366  25536
110.363879474 9836153773 586083 28389  27358
110.375868500 9838605117 2451344 28355  13942
110.387879666 9841110781 2505664 28367  14026
110.399868109 9843133763 2022982 28371  16181
110.411868656 9845748788 2615025 28362  15537
110.423880212 9846688856 940068 28368  6538
110.435879971 9847763494 1074638 28368  19579
110.447870074 9850390555 2627061 28366  14632
110.459888521 9852282991 1892436 28365  8765
110.471880284 9854782051 2499060 28364  17885
110.483878983 9857287481 2505430 28382  12478
110.495868373 9857886734 599253 28384  8804
110.507868149 9858465972 579238 28376  22219
110.519880785 9859097491 631519 28349  28201
110.531881679 9859619861 522370 28379  25014
110.543880772 9860251856 631995 28362  28224
110.555867311 9860883753 631897 28361  28218
110.567880957 9861515398 631645 28374  28222
110.579867570 9861928568 413170 28385  23740
110.591868063 9862560339 631771 28360  28214
110.603867893 9863192782 632443 28386  28242
110.615888286 9863825001 632219 28374  28235
110.627868306 9864456996 631995 28378  28225
110.639866888 9865088543 631547 28363  28209
110.651869614 9865720986 632443 28377  28239
110.663880625 9866087352 366366 28365  23883
110.675884714 9866719795 632443 28388  28239
110.687867833 9867351856 632061 28365  28228
110.699868986 9867983967 632111 28360  28224
110.711866142 9868615298 631331 28360  28207
110.723879782 9869247551 632253 28378  28241
110.735868428 9869879770 632219 28370  28234
110.747880225 9870511989 632219 28377  28233
110.759882388 9871144264 632275 28371  28234
110.771882831 9871776651 632387 28376  28243
110.783876480 9872408646 631995 28370  28232
110.795882280 9873040473 631827 28357  28216
110.807879780 9873673308 632835 28404  28265
110.819884466 9874305303 631995 28365  28225
110.831868732 9874874883 569580 28354  24413
110.843869278 9875115449 240566 28388  26543
110.855880501 9875663033 547584 28372  28222
110.867881727 9876295028 631995 28373  28223
110.879881061 9876926351 631323 28348  28194
110.891866787 9877557674 631323 28345  28192
110.903880876 9878188997 631323 28353  28197
110.915866492 9878820096 631099 28349  28185
110.927868918 9879451195 631099 28349  28189
110.939877785 9880082966 631771 28363  28211
110.951881375 9880714432 631466 28344  28194
110.963868397 9881345920 631488 28363  28207
110.975880001 9881977607 631687 28369  28212
110.987867704 9882608706 631099 28350  28182
110.999880333 9883239948 631242 28350  28191
111.011881473 9883871352 631404 28355  28204
111.023870489 9884502675 631323 28354  28193
111.035870755 9885133961 631286 28345  28186
111.047868711 9885765135 631174 28346  28191
111.059878488 9886396334 631199 28348  28185
111.071868838 9887027519 631185 28360  28206
111.083878144 9887659066 631547 28350  28203
111.095888770 9888290672 631606 28362  28201
111.107879939 9888921712 631040 28341  28182
111.119867899 9889552970 631258 28342  28185
111.131879142 9890183910 630940 28346  28183
111.143878885 9890814785 630875 28348  28179
111.155881808 9891446196 631411 28348  28191
111.167867148 9892077081 630885 28338  28174
111.179869840 9892706564 629483 28359  27865
111.191881834 9892947003 240439 28372  25550
111.203881707 9893187285 240282 28361  28238
111.215878886 9893524127 336842 28365  28225
111.227866115 9894156346 632219 28375  28228
111.239880109 9894788117 631771 28358  28215
111.251876755 9895420112 631995 28367  28224
111.263869054 9896052555 632443 28381  28243
111.275871824 9896684102 631547 28351  28201
111.287881344 9897315796 631694 28358  28212
111.299881890 9897947644 631848 28363  28221
111.311879793 9898579761 632117 28362  28226
111.323868569 9899212082 632321 28372  28237
111.335868155 9899844301 632219 28378  28233
111.347881542 9900476520 632219 28370  28231
111.359868128 9901108515 631995 28375  28232
111.371881698 9901740917 632402 28373  28242
111.383879427 9902373178 632261 28381  28244
111.395866927 9903005397 632219 28377  28231
111.407868666 9903637840 632443 28384  28245
111.419887216 9904270059 632219 28378  28235
111.431883692 9904901606 631547 28365  28215
111.443869308 9905533601 631995 28370  28222
111.455869054 9906165226 631625 28354  28204
111.467881678 9906796695 631469 28354  28198
111.479880084 9907427910 631215 28353  28190
111.491880111 9908059565 631655 28369  28211
111.503869244 9908691187 631622 28366  28214
111.515881450 9909323107 631920 28369  28223
111.527867372 9909955774 632667 28392  28252
111.539879412 9910587545 631771 28366  28211
111.551879069 9911219270 631725 28353  28208
111.563878381 9911851087 631817 28373  28223
111.575890011 9912482634 631547 28367  28213
111.587869503 9913115301 632667 28385  28249
111.599880914 9913747188 631887 28360  28219
111.611881433 9914378843 631655 28364  28212
111.623879749 9915010166 631323 28351  28196
111.635869305 9915642385 632219 28382  28230
111.647866594 9916274156 631771 28364  28220
111.659868588 9916906375 632219 28376  28231
111.671878277 9917538146 631771 28358  28213
111.683881871 9918170471 632325 28374  28233
111.695868730 9918801912 631441 28355  28205
111.707881616 9919433683 631771 28362  28207
111.719881766 9920065454 631771 28372  28221
111.731873918 9920697449 631995 28369  28222
111.743867892 9921329220 631771 28359  28213
111.755880368 9921960991 631771 28364  28215
111.767881234 9922592090 631099 28344  28185
111.779880881 9923223803 631713 28366  28203
111.791879540 9923854988 631185 28361  28201
111.803868943 9924486507 631519 28354  28201
111.815868619 9925117830 631323 28357  28196
111.827877588 9925749153 631323 28348  28192
111.839867778 9926380476 631323 28347  28193
111.851868815 9927011965 631489 28349  28191
111.863880501 9927643122 631157 28356  28199
111.875881793 9928274445 631323 28354  28191
111.887876744 9928617020 342575 28364  23527
111.899865923 9928857367 240347 28368  28243
111.911880532 9929097691 240324 28360  28240
111.923869372 9929338037 240346 28354  28236
111.935867029 9929578319 240282 28366  28241
111.947869591 9929897281 318962 28371  28237
111.959866507 9930529276 631995 28372  28211
111.971869047 9931161047 631771 28368  28208
111.983866970 9931792548 631501 28352  28190
111.995869253 9932423693 631145 28344  28191
112.007880192 9933055016 631323 28356  28193
112.019880706 9933686787 631771 28360  28210
112.031867405 9934318782 631995 28373  28220
112.043868391 9934950329 631547 28350  28201
112.055889267 9935582548 632219 28379  28223
112.067868037 9936214210 631662 28358  28192
112.079868743 9936845418 631208 28361  28197
112.091881250 9937477189 631771 28359  28204
112.103882620 9938108960 631771 28368  28212
112.115881543 9938740507 631547 28360  28201
112.127881065 9939372460 631953 28357  28207
112.139878278 9940003601 631141 28351  28191
112.151878211 9940635596 631995 28374  28216
112.163880531 9941267477 631881 28359  28205
112.175865987 9941899362 631885 28366  28216
112.187871130 9942530909 631547 28358  28199
112.199879876 9943162456 631547 28359  28198
112.211888629 9943793555 631099 28345  28183
112.223880399 9944425102 631547 28360  28202
112.235866925 9945057321 632219 28376  28232
112.247881404 9945689540 632219 28371  28226
112.259867827 9946321535 631995 28370  28213
112.271871433 9946953782 632247 28378  28233
112.283881633 9947585301 631519 28355  28184
112.295870536 9948216848 631547 28361  28193
112.307868216 9948849291 632443 28383  28240
112.319866882 9949481958 632667 28382  28249
112.331868051 9950114401 632443 28381  28239
112.343879707 9950746571 632170 28368  28201
112.355880878 9951378069 631498 28354  28195
112.367875147 9952009266 631197 28359  28206
112.379869970 9952640905 631639 28351  28200
112.391869089 9953272585 631680 28354  28209
112.403878903 9953904132 631547 28357  28203
112.415866949 9954535850 631718 28356  28205
112.427880555 9955167226 631376 28351  28202
112.439881951 9955798997 631771 28373  28220
112.451881324 9956430726 631729 28354  28200
112.463881244 9957062539 631813 28370  28219
112.475880176 9957693862 631323 28340  28195
112.487878596 9958325409 631547 28356  28204
112.499880648 9958956508 631099 28346  28186
112.511868635 9959587607 631099 28347  28190
112.523868738 9960219560 631953 28362  28212
112.535889005 9960850477 630917 28341  28182
112.547883211 9961481352 630875 28336  28169
112.559869647 9962112451 631099 28342  28181
112.571867540 9962743550 631099 28350  28183
112.583881256 9963374873 631323 28367  28207
112.595881179 9964006831 631958 28365  28213
112.607867675 9964638325 631494 28358  28203
112.619869371 9965271336 633011 28396  28275
112.631879497 9965904437 633101 28383  28264
112.643869233 9966536982 632545 28375  28252
112.655865666 9967169917 632935 28387  28275
112.667869723 9967803076 633159 28393  28272
112.679880869 9968436011 632935 28377  28267
112.691889369 9969068900 632889 28372  28257
112.703869985 9969701658 632758 28381  28262
112.715878735 9970334369 632711 28376  28255
112.727869361 9970967080 632711 28382  28258
112.739879703 9971599791 632711 28375  28256
112.751868799 9972232950 633159 28380  28277
112.763868750 9972865437 632487 28374  28248
112.775880982 9973498596 633159 28399  28271
112.787880438 9974131755 633159 28387  28279
112.799880158 9974764690 632935 28393  28269
112.811878995 9975397401 632711 28373  28257
112.823879627 9976030560 633159 28389  28275
112.835879033 9976663943 633383 28395  28282
112.847877083 9977297326 633383 28402  28285
112.859869432 9977929813 632487 28355  28248
112.871879489 9978562748 632935 28382  28275
112.883881202 9979195011 632263 28362  28230
112.895879261 9979827946 632935 28386  28266
112.907867497 9980460708 632762 28373  28254
112.919881237 9981093817 633109 28398  28267
112.931882047 9981726752 632935 28385  28258
112.943868269 9982359911 633159 28398  28279
112.955868232 9982992765 632854 28375  28260
112.967878612 9983625781 633016 28379  28269
112.979868382 9984258716 632935 28394  28267
112.991866684 9984891203 632487 28357  28247
113.003875877 9985524362 633159 28385  28264
113.015866856 9986157073 632711 28385  28262
113.027880070 9986789784 632711 28372  28256
113.039866123 9987422719 632935 28384  28266
113.051870162 9988055878 633159 28389  28270
113.063867372 9988689261 633383 28401  28287
113.075879788 9989322196 632935 28389  28267
113.087869254 9989954907 632711 28377  28258
113.099881274 9990588067 633160 28404  28280
113.111881114 9991221002 632935 28365  28250
113.123880333 9991853937 632935 28393  28266
113.135869349 9992486648 632711 28377  28249
113.147869542 9993119359 632711 28374  28256
113.159887142 9993752098 632739 28393  28263
113.171878702 9994384557 632459 28357  28226
113.183868011 9995017492 632935 28393  28267
113.195870310 9995650097 632605 28371  28243
113.207880766 9996282914 632817 28384  28262
113.219868823 9996915401 632487 28378  28242
113.231867456 9997547664 632263 28369  28241
113.243879462 9998180375 632711 28368  28253
113.255879861 9998812862 632487 28344  28225
113.267880328 9999445760 632898 28388  28255
113.279868324 9999973384 527624 28377  24299
113.291866604 10000213652 240268 28349  28230
113.303864623 10000454047 240395 28371  28244
113.315879673 10000694349 240302 28361  28237
113.327887039 10000934748 240399 28358  28240
113.339869742 10001175063 240315 28363  28239
113.351868615 10001415464 240401 28376  28252
113.363877994 10001655882 240418 28380  28246
113.375868403 10001896182 240300 28356  28216
113.387881320 10002136498 240316 28368  28197
113.399870643 10002376698 240200 28347  28178
113.411877742 10002577072 200374 23652  23480
113.423681962 10002957350 380278 3408  3227
113.434868779 10003337509 380159 3370  3222
113.446881588 10003717692 380183 3375  3223
113.458880065 10004097760 380068 3375  3213
113.470878721 10004477840 380080 3372  3216
113.482877250 10004857845 380005 3359  3215
113.494880046 10005237900 380055 3364  3218
113.506880456 10005618113 380213 3368  3211
113.518867638 10005998181 380068 3376  3219
113.530869145 10006378275 380094 3361  3214
113.542880428 10006758100 379825 3362  3210
113.554880254 10007138151 380051 3363  3217
113.566869020 10007518248 380097 3361  3212
113.578867066 10007898373 380125 3363  3215
113.590880230 10008278397 380024 3365  3218
113.602868182 10008658566 380169 3368  3210
113.614868525 10009038656 380090 3367  3216
113.626867634 10009418863 380207 3359  3215
113.638888781 10009798988 380125 3361  3216
113.650881914 10010179159 380171 3363  3215
113.662866510 10010559136 379977 3375  3223
113.674869666 10010939145 380009 3366  3217
113.686878310 10011319118 379973 3357  3206
113.698880846 10011699123 380005 3366  3216
113.710867958 10012079174 380051 3358  3203
113.722868841 10012459105 379931 3360  3199
113.734880368 10012839175 380070 3377  3226
113.746879467 10013219327 380152 3354  3218
113.758867850 10013599378 380051 3364  3215
113.770879516 10013979549 380171 3357  3196
113.782879856 10014359600 380051 3363  3222
113.794880276 10014739651 380051 3354  3217
113.806876262 10015119736 380085 3371  3225
113.818868898 10015499753 380017 3361  3217
113.830879940 10015879827 380074 3361  3220
113.842879931 10016259931 380104 3359  3219
113.854867493 10016640026 380095 3363  3217
113.866869033 10017020077 380051 3364  3218
113.878886002 10017400248 380171 3375  3227
113.890881619 10017780299 380051 3375  3221
113.902868401 10018160456 380157 3366  3222
113.914867268 10018540629 380173 3364  3223
113.926880997 10018920696 380067 3358  3222
113.938867180 10019300743 380047 3362  3220
113.950866949 10019680674 379931 3374  3226
113.962876473 10020060729 380055 3371  3218
113.974882075 10020440837 380108 3367  3219
113.986881861 10020820827 379990 3365  3223
113.998867677 10021200878 380051 3358  3218
114.010869153 10021580809 379931 3361  3224
114.022881574 10021960740 379931 3370  3230
114.034880913 10022340791 380051 3354  3218
114.046870439 10022720846 380055 3356  3225
114.058866595 10023101133 380287 3358  3222
114.070879768 10023481184 380051 3365  3220
114.082879471 10023861326 380142 3373  3223
114.094865887 10024241166 379840 3370  3226
114.106880867 10024621143 379977 3369  3218
114.118893784 10025001032 379889 3359  3221
114.130880256 10025381199 380167 3357  3222
114.142868229 10025761193 379994 3365  3220
114.154867472 10026141257 380064 3365  3221
114.166880061 10026521352 380095 3374  3232
114.178881137 10026901407 380055 3361  3217
114.190867706 10027281408 380001 3362  3221
114.202866703 10027661385 379977 3360  3218
114.214880156 10028041556 380171 3366  3220
114.226880939 10028421487 379931 3361  3223
114.238879999 10028801538 380051 3370  3228
114.250868752 10029181709 380171 3376  3223
114.262879648 10029561760 380051 3371  3225
114.274883774 10029941917 380157 3358  3219
114.286868366 10030322165 380248 3363  3222
114.298867749 10030702393 380228 3367  3221
114.310880556 10031082204 379811 3368  3226
114.322880705 10031462293 380089 3355  3221
114.334867838 10031842397 380104 3368  3222
114.346868524 10032222463 380066 3364  3222
114.358868270 10032602648 380185 3362  3221
114.370877074 10032982700 380052 3370  3220
114.382868510 10033362661 379961 3371  3227
114.394868422 10033742773 380112 3361  3219
114.406866418 10034122899 380126 3366  3228
114.418878595 10034502967 380068 3364  3218
114.430869438 10034883079 380112 3364  3222
114.442875957 10035263097 380018 3361  3222
114.454880693 10035643268 380171 3380  3228
114.466880650 10036023348 380080 3368  3223
114.478868909 10036403519 380171 3362  3222
114.490867796 10036783570 380051 3357  3219
114.502880378 10037163714 380144 3364  3223
114.514880158 10037543765 380051 3366  3226
114.526879648 10037923829 380064 3374  3230
114.538869041 10038303894 380065 3362  3223
114.550880960 10038684065 380171 3364  3224
114.562866633 10039064222 380157 3368  3226
114.574878742 10039444378 380156 3369  3223
114.586867358 10039824488 380110 3368  3222
114.598889082 10040204629 380141 3377  3228
114.610881778 10040584800 380171 3361  3224
114.622867480 10040964957 380157 3363  3222
114.634869276 10041345115 380158 3366  3220
114.646868762 10041725269 380154 3361  3221
114.658880909 10042105457 380188 3366  3220
114.670867482 10042485493 380036 3380  3230
114.682868898 10042865544 380051 3355  3217
114.694868037 10043245505 379961 3355  3220
114.706880713 10043625734 380229 3356  3221
114.718869296 10044005754 380020 3356  3218
114.730868220 10044385778 380024 3354  3219
114.742865532 10044765862 380084 3376  3228
114.754887958 10045145938 380076 3368  3219
114.766869331 10045525943 380005 3357  3221
114.778867280 10045906087 380144 3356  3219
114.790881787 10046285805 379718 3361  3222
114.802879237 10046665860 380055 3353  3220
114.814867969 10047045787 379927 3361  3226
114.826867565 10047425756 379969 3361  3218
114.838880662 10047805889 380133 3365  3226
114.850879905 10048185820 379931 3360  3220
114.862879664 10048565871 380051 3358  3220
114.874867597 10048945926 380055 3360  3219
114.886880566 10049325853 379927 3371  3225
114.898869652 10049705995 380142 3366  3219
114.910886876 10050086075 380080 3358  3222
114.922868345 10050466246 380171 3357  3219
114.934880001 10050846177 379931 3370  3221
114.946881497 10051226216 380039 3364  3220
114.958869167 10051606159 379943 3379  3228
114.970868496 10051986168 380009 3370  3228
114.982879226 10052366141 379973 3367  3224
114.994880152 10052746312 380171 3366  3224
115.006867962 10053126363 380051 3362  3217
115.018869848 10053506564 380201 3367  3222
115.030868418 10053886585 380021 3374  3227
115.042880541 10054266636 380051 3366  3224
115.054869167 10054646673 380037 3364  3220
115.066866843 10055026738 380065 3364  3221
115.078875883 10055406909 380171 3356  3220
115.090880156 10055786840 379931 3358  3218
115.102869165 10056166771 379931 3373  3226
115.114868108 10056546822 380051 3368  3223
115.126880070 10056926742 379920 3358  3218
115.138879987 10057306804 380062 3365  3221
115.150867772 10057686878 380074 3366  3220
115.162868116 10058067072 380194 3363  3216
115.174866879 10058447140 380068 3372  3226
115.186879221 10058827248 380108 3376  3222
115.198880087 10059207179 379931 3363  3219
115.210869007 10059587308 380129 3365  3224
115.222879447 10059967401 380093 3366  3222
115.234888333 10060347452 380051 3367  3227
115.246882009 10060727503 380051 3377  3225
115.258866918 10061107674 380171 3368  3221
115.270880355 10061487801 380127 3361  3217
115.282878415 10061867776 379975 3363  3222
115.294867901 10062247743 379967 3359  3221
115.306867303 10062627866 380123 3363  3222
115.318881560 10063023950 396084 13021  9943
115.330881496 10063663425 639475 28265  19308
115.342867478 10064297643 634218 28159  19203
115.354868438 10064934219 636576 28198  19203
115.366868398 10065572182 637963 28243  19320
115.378880614 10066209498 637316 28037  19313
115.390888261 10066838029 628531 28062  19138
115.402869823 10067478344 640315 28141  19369
115.414879716 10068114790 636446 28186  19199
115.426880575 10068751952 637162 28205  19358
115.438880208 10069390789 638837 28185  19424
115.450868681 10070028508 637719 28308  19363
115.462880764 10070659123 630615 28159  19151
115.474880937 10071293341 634218 27956  19148
115.486869960 10071932533 639192 28022  19343
115.498880189 10072569115 636582 28085  19257
115.510880952 10073202807 633692 28162  19180
115.522880815 10073836418 633611 28132  19142
115.534880015 10074461479 625061 28109  18947
115.546878451 10075100171 638692 28145  19318
115.558868977 10075733207 633036 28289  19185
115.570880313 10076368842 635635 28082  19258
115.582869292 10077007913 639071 28060  19363
115.594867582 10077648562 640649 28243  19383
115.606881392 10078279623 631061 27983  19178
115.618879798 10078910874 631251 27995  19125
115.630869034 10079546829 635955 28136  19277
115.642868673 10080182472 635643 28150  19277
115.654881177 10080821839 639367 28182  19406
115.666868159 10081450694 628855 28198  19040
115.678867522 10082079981 629287 28056  19188
115.690867768 10082722598 642617 28085  19461
115.702867677 10083358807 636209 28122  19251
115.714889861 10083996925 638118 28046  19329
115.726870019 10084635826 638901 28278  19440
115.738867740 10085276588 640762 28245  19346
115.750880926 10085904791 628203 28107  19080
115.762880735 10086542181 637390 28035  19281
115.774869591 10087174104 631923 28239  19173
115.786869034 10087810144 636040 28263  19233
115.798881791 10088449055 638911 27884  19377
115.810880703 10089087852 638797 28186  19293
115.822881356 10089721368 633516 28177  19238
115.834880269 10090357347 635979 28219  19234
115.846881008 10090993284 635937 28087  19255
115.858881041 10091630360 637076 28208  19306
115.870888244 10092265937 635577 28127  19269
115.882867426 10092899373 633436 28171  19115
115.894881396 10093527411 628038 28161  19064
115.906881219 10094163841 636430 27843  19287
115.918868098 10094799889 636048 28145  19234
115.930868204 10095437047 637158 28148  19274
115.942880801 10096073389 636342 28145  19265
115.954880971 10096709305 635916 28132  19211
115.966870497 10097340835 631530 28156  19174
115.978868006 10097974536 633701 28207  19118
115.990880542 10098610395 635859 28183  19199
116.002868395 10099247890 637495 28142  19352
116.014867778 10099887372 639482 28150  19352
116.026876308 10100521828 634456 28036  19180
116.038868264 10101151603 629775 28112  19071
116.050882050 10101789754 638151 28134  19305
116.062870376 10102426745 636991 28225  19403
116.074868552 10103063012 636267 28130  19260
116.086880802 10103697229 634217 28229  19189
116.098879335 10104330579 633350 28103  19166
116.110869944 10104962128 631549 28166  19163
116.122868840 10105598111 635983 28046  19194
116.134880183 10106234395 636284 28086  19251
116.146881470 10106871062 636667 28285  19293
116.158867949 10107511369 640307 28277  19360
116.170880218 10108146380 635011 28154  19197
116.182889068 10108773411 627031 28054  18960
116.194869390 10109403174 629763 28182  19055
116.206879497 10110037044 633870 28159  19155
116.218868536 10110675412 638368 27996  19296
116.230880543 10111311749 636337 28103  19292
116.242880769 10111950865 639116 28143  19326
116.254868441 10112578715 627850 28169  19113
116.266868651 10113216256 637541 28279  19357
116.278878871 10113856042 639786 28244  19361
116.290867674 10114493285 637243 28223  19439
116.302868733 10115130150 636865 28335  19301
116.314868316 10115763335 633185 28119  19121
116.326879862 10116396163 632828 27933  19291
116.338869308 10117033085 636922 28035  19244
116.350875104 10117671385 638300 28097  19284
116.362867984 10118305522 634137 28175  19142
116.374879967 10118940336 634814 28119  19218
116.386881463 10119578966 638630 28163  19292
116.398880352 10120208239 629273 28158  19164
116.410870135 10120840452 632213 28146  19164
116.422880848 10121473095 632643 28067  19131
116.434879924 10122111503 638408 27950  19351
116.446868267 10122751726 640223 28113  19393
116.458880556 10123389116 637390 28109  19280
116.470880242 10124016212 627096 28144  19035
116.482867945 10124649468 633256 28062  19133
116.494868835 10125286422 636954 28207  19284
116.506888945 10125921168 634746 28167  19275
116.518880251 10126552366 631198 28201  19082
116.530868583 10127188359 635993 28126  19211
116.542869413 10127820117 631758 27990  19218
116.554868025 10128456070 635953 28149  19248
116.566868991 10129093819 637749 28167  19259
116.578879665 10129729190 635371 28102  19323
116.590868834 10130366004 636814 28246  19246
116.602868020 10131004869 638865 28088  19312
116.614880053 10131632192 627323 28136  19065
116.626868172 10132263167 630975 28067  19110
116.638869162 10132897985 634818 28126  19181
116.650880715 10133535245 637260 28035  19313
116.662888545 10134172812 637567 28119  19283
116.674869084 10134807768 634956 28070  19230
116.686867857 10135433690 625922 28069  19032
116.698881193 10136070772 637082 28105  19293
116.710880636 10136707058 636286 28156  19282
116.722881796 10137343182 636124 28201  19225
116.734880452 10137975136 631954 28121  19124
116.746871604 10138613181 638045 28152  19260
116.758880394 10139244820 631639 28152  19185
116.770880996 10139884067 639247 28129  19240
116.782869029 10140516378 632311 28078  19129
116.794880273 10141152608 636230 28125  19203
116.806881195 10141790368 637760 28129  19308
116.818877018 10142427827 637459 28124  19302
116.830868614 10143051377 623550 28140  18921
116.842879957 10143685537 634160 28060  19230
116.854880516 10144323900 638363 27992  19266
116.866881993 10144962771 638871 28091  19302
116.878868655 10145596580 633809 28122  19182
116.890868652 10146232452 635872 28124  19307
116.902868354 10146863024 630572 28144  19192
116.914879227 10147503235 640211 28253  19352
116.926868096 10148135948 632713 28048  19151
116.938868116 10148764601 628653 28060  19027
116.950880196 10149397564 632963 28001  19186
116.962867964 10150037943 640379 28056  19342
116.974870391 10150669294 631351 28181  19175
116.986888147 10151303633 634339 28025  19154
116.998880713 10151935758 632125 28004  19109
117.010867956 10152570563 634805 28155  19152
117.022868696 10153208554 637991 28145  19291
117.034881176 10153844500 635946 28171  19206
117.046882365 10154471390 626890 28282  18965
117.058880984 10155108658 637268 28108  19286
117.070881224 10155750378 641720 27999  19420
117.082867893 10156387309 636931 28111  19228
117.094881019 10157023614 636305 28051  19223
117.106879446 10157659491 635877 28163  19251
117.118868712 10158291038 631547 28197  19274
117.130880625 10158924897 633859 28042  19245
117.142889891 10159559114 634217 28169  19253
117.154870100 10160192851 633737 28132  19124
117.166867699 10160830472 637621 28246  19242
117.178880849 10161471321 640849 27978  19388
117.190880286 10162099276 627955 27970  19029
117.202869292 10162736999 637723 28085  19248
117.214867344 10163371958 634959 28211  19203
117.226880614 10164008001 636043 28024  19258
117.238868133 10164642564 634563 28065  19189
117.250878366 10165280197 637633 28146  19320
117.262869598 10165906722 626525 28109  19058
117.274866454 10166541756 635034 28159  19212
117.286880251 10167180548 638792 28064  19393
117.298876187 10167818658 638110 28158  19293
117.310881793 10168456474 637816 28131  19277
117.322881434 10169089573 633099 28022  19103
117.334881843 10169717676 628103 28083  19117
117.346869799 10170353151 635475 28024  19264
117.358868334 10170983482 630331 28154  19156
117.370867844 10171621729 638247 28208  19364
117.382881970 10172259656 637927 28135  19340
117.394868190 10172896126 636470 27946  19324
117.406881073 10173525338 629212 27975  19138
117.418868346 10174163064 637726 28152  19324
117.430880429 10174799007 635943 28083  19189
117.442867678 10175433772 634765 28088  19192
117.454876207 10176073215 639443 28159  19296
117.466868823 10176706878 633663 28237  19134
117.478868429 10177337212 630334 28110  19148
117.490881876 10177975412 638200 27932  19303
117.502867792 10178613639 638227 28104  19244
117.514868215 10179248556 634917 27952  19164
117.526867338 10179879817 631261 28061  19114
117.538881437 10180513115 633298 27996  19154
117.550867640 10181140331 627216 27998  18992
117.562881362 10181774146 633815 27943  19153
117.574879899 10182404404 630258 28155  19025
117.586879959 10183038935 634531 28154  19131
117.598867791 10183678207 639272 27952  19323
117.610880587 10184315490 637283 28064  19207
117.622874930 10184948276 632786 28131  19161
117.634881699 10185583751 635475 28137  19200
117.646881682 10186218979 635228 28010  19226
117.658868688 10186852994 634015 28141  19164
117.670881692 10187490189 637195 28152  19281
117.682882371 10188125388 635199 28277  19206
117.694879267 10188752803 627415 28157  18999
117.706867606 10189392461 639658 27855  19367
117.718878862 10190030379 637918 28102  19277
117.730869492 10190666944 636565 28054  19264
117.742880779 10191300545 633601 28109  19200
117.754868154 10191938858 638313 28212  19297
117.766879911 10192569421 630563 28172  19106
117.778875823 10193204804 635383 28069  19253
117.790869376 10193836540 631736 28132  19078
117.802867425 10194470070 633530 28215  19142
117.814869868 10195110085 640015 28092  19419
117.826880885 10195748968 638883 28120  19387
117.838880770 10196378638 629670 28072  19103
117.850868239 10197009654 631016 28125  19042
117.862868195 10197643724 634070 28003  19189
117.874880549 10198279450 635726 28084  19248
117.886867865 10198914101 634651 28201  19236
117.898869318 10199549914 635813 28049  19216
117.910881974 10200176573 626659 27968  19093
117.922880597 10200818364 641791 28039  19403
117.934875766 10201454754 636390 28122  19281
117.946881609 10202092403 637649 28077  19277
117.958867642 10202727173 634770 28157  19196
117.970868981 10203363508 636335 28287  19305
117.982881034 10203996723 633215 28165  19227
117.994881663 10204630514 633791 28230  19172
118.006880716 10205262077 631563 27986  19084
118.018868109 10205898390 636313 28003  19227
118.030880012 10206537031 638641 28001  19431
118.042881355 10207173578 636547 28047  19266
118.054868061 10207797873 624295 27988  18970
118.066869184 10208434585 636712 28103  19208
118.078880453 10209072977 638392 28202  19331
118.090868206 10209711324 638347 28170  19251
118.102877212 10210341645 630321 28231  19075
118.114879052 10210976026 634381 28130  19220
118.126880345 10211604311 628285 27935  19087
118.138880434 10212242081 637770 28143  19306
118.150868010 10212878851 636770 28033  19254
118.162868223 10213510127 631276 28000  19039
118.174868662 10214143530 633403 28071  19109
118.186881455 10214780130 636600 28214  19298
118.198867137 10215410533 630403 28120  19144
118.210868577 10215959007 548474 28313  20801
118.222881557 10216101163 142156 28369  28243
118.234880556 10216243249 142086 28363  28244
118.246879352 10216385385 142136 28367  28246
118.258877645 10216527516 142131 28370  28250
118.270869298 10216669672 142156 28377  28254
118.282878948 10216811823 142151 28372  28249
118.294867890 10216953949 142126 28370  28244
118.306868003 10217096110 142161 28376  28253
118.318878573 10217238216 142106 28371  28247
118.330880665 10217380377 142161 28365  28242
118.342881651 10217522438 142061 28365  28240
118.354867814 10217664594 142156 28372  28247
118.366878717 10217806745 142151 28374  28249
118.378880990 10217948877 142132 28375  28250
118.390866959 10218091083 142206 28386  28255
118.402881439 10218233214 142131 28377  28248
118.414886592 10218375355 142141 28384  28255
118.426880854 10218517336 141981 28351  28223
118.438880464 10218659507 142171 28363  28246
118.450867840 10218801673 142166 28374  28258
118.462881896 10218943794 142121 28362  28238
118.474868818 10219085920 142126 28375  28251
118.486879009 10219228121 142201 28379  28258
118.498866288 10219370303 142182 28373  28257
118.510868631 10219512453 142150 28370  28246
118.522880353 10219654594 142141 28371  28252
118.534866429 10219796801 142207 28376  28256
118.546869025 10219938986 142185 28392  28267
118.558878815 10220081177 142191 28382  28254
118.570883082 10220223243 142066 28370  28242
118.582880831 10220365515 142272 28380  28258
118.594867390 10220507660 142145 28372  28250
118.606867656 10220649776 142116 28362  28237
118.618878712 10220791862 142086 28370  28247
118.630870088 10220934083 142221 28386  28256
118.642866878 10221408581 474498 25989  25829
118.653868860 10222083573 674992 28318  22450
118.665879957 10222707936 624363 28220  15485
118.677868403 10223338048 630112 28100  19442
118.689868509 10223968000 629952 28128  19495
118.701879635 10224589937 621937 28122  19288
118.713880298 10225215679 625742 28267  19350
118.725866981 10225795307 579628 28267  20316
118.737888384 10225993778 198471 28374  28113
118.749869643 10226192221 198443 28359  28220
118.761879680 10226391161 198940 28376  28189
118.773881009 10226589597 198436 28381  28240
118.785879348 10226788201 198604 28390  28260
118.797870344 10226986833 198632 28390  28259
118.809867444 10227185248 198415 28382  28244
118.821881290 10227383712 198464 28372  28237
118.833880336 10227582064 198352 28365  28229
118.845882478 10227780605 198541 28378  28242
118.857868758 10227979195 198590 28399  28266
118.869879661 10228178289 199094 28393  28262
118.881869621 10228376873 198584 28389  28253
118.893876683 10228575329 198456 28388  28246
118.905870219 10228773940 198611 28396  28258
118.917868472 10228972355 198415 28377  28243
118.929869715 10229170819 198464 28379  28243
118.941879428 10229369375 198556 28378  28240
118.953867493 10229567670 198295 28368  28228
118.965868413 10229766169 198499 28381  28244
118.977881366 10229964633 198464 28368  28229
118.989868839 10230163475 198842 28387  28246
119.001868348 10230362044 198569 28384  28252
119.013868511 10230560614 198570 28381  28254
119.025879774 10230759133 198519 28376  28247
119.037867693 10230957527 198394 28377  28239
119.049890153 10231156243 198716 28403  28271
119.061880996 10231354784 198541 28378  28246
119.073881899 10231553234 198450 28381  28243
119.085881388 10231751740 198506 28371  28247
119.097881517 10231950666 198926 28384  28245
119.109869363 10232149123 198457 28380  28244
119.121880566 10232347713 198590 28377  28246
119.133880619 10232546093 198380 28374  28234
119.145869475 10232744788 198695 28400  28268
119.157880594 10232943238 198450 28382  28246
119.169880458 10233141639 198401 28374  28241
119.181880557 10233340125 198486 28385  28239
119.193866893 10233538616 198491 28381  28242
119.205875979 10233737577 198961 28392  28254
119.217869362 10233936069 198492 28379  28238
119.229867768 10234134393 198324 28368  28237
119.241868490 10234332801 198408 28362  28228
119.253867573 10234531392 198591 28391  28254
119.265869769 10234729932 198540 28375  28244
119.277881123 10234928452 198520 28387  28251
119.289869772 10235126994 198542 28374  28246
119.301868111 10235325457 198463 28376  28247
119.313880447 10235524222 198765 28387  28261
119.325868987 10235723015 198793 28383  28256
119.337867589 10235921549 198534 28387  28257
119.349868312 10236120153 198604 28395  28255
119.361881739 10236318575 198422 28375  28238
119.373886318 10236517166 198591 28388  28251
119.385881254 10236715623 198457 28367  28231
119.397880070 10236914178 198555 28379  28249
119.409879633 10237112621 198443 28379  28250
119.421879879 10237311071 198450 28383  28244
119.433880315 10237509969 198898 28382  28251
119.445881702 10237708440 198471 28379  28240
119.457880320 10237906918 198478 28377  28248
119.469879916 10238105315 198397 28370  28237
119.481867486 10238303790 198475 28383  28254
119.493880059 10238502156 198366 28362  28233
119.505868959 10238700676 198520 28373  28236
119.517868401 10238899091 198415 28377  28238
119.529890507 10239097583 198492 28388  28250
119.541874953 10239296446 198863 28388  28250
119.553868399 10239494917 198471 28372  28236
119.565868672 10239693402 198485 28391  28250
119.577868115 10239891852 198450 28394  28255
119.589881095 10240090310 198458 28370  28229
119.601879574 10240288906 198596 28386  28255
119.613868100 10240487370 198464 28375  28235
119.625869036 10240685799 198429 28388  28248
119.637880549 10240884327 198528 28386  28245
119.649877992 10241083049 198722 28379  28243
119.661867764 10241281632 198583 28385  28248
119.673881294 10241480201 198569 28391  28258
119.685889080 10241678658 198457 28370  28240
119.697881036 10241877353 198695 28396  28266
119.709867895 10242075894 198541 28389  28261
119.721882755 10242274547 198653 28392  28268
119.733879921 10242473060 198513 28371  28239
119.745882131 10242671671 198611 28390  28262
119.757869183 10242870222 198551 28376  28243
119.769880856 10243069047 198825 28363  28237
119.781868359 10243267427 198380 28366  28229
119.793880551 10243466024 198597 28387  28258
119.805881697 10243664495 198471 28383  28250
119.817868997 10243863099 198604 28392  28262
119.829868729 10244061773 198674 28394  28264
119.841876475 10244260454 198681 28401  28272
119.853870921 10244459016 198562 28395  28260
119.865868452 10244657508 198492 28365  28238
119.877880784 10244856434 198926 28375  28250
119.889868394 10245055143 198709 28394  28265
119.901868926 10245253537 198394 28358  28236
119.913868002 10245452029 198492 28379  28258
119.925881338 10245650626 198597 28375  28251
119.937868524 10245849062 198436 28374  28239
119.949868204 10246047533 198471 28365  28235
119.961868003 10246246186 198653 28378  28253
119.973881393 10246444755 198569 28387  28256
119.985879556 10246643499 198744 28359  28232
119.997867978 10246842012 198513 28374  28247
120.009888918 10247040612 198600 28382  28253
120.021881461 10247239066 198454 28370  28245
120.033881003 10247437628 198562 28385  28259
120.045869283 10247636190 198562 28386  28252
120.057880122 10247834647 198457 28383  28254
120.069879718 10248033265 198618 28392  28266
120.081880622 10248231715 198450 28373  28244
120.093869713 10248430228 198513 28367  28241
120.105880607 10248629028 198800 28381  28243
120.117879213 10248827555 198527 28375  28243
120.129879429 10249026019 198464 28374  28243
120.141881222 10249224420 198401 28364  28230
120.153867691 10249422982 198562 28383  28257
120.165876380 10249621565 198583 28380  28256
120.177869826 10249820099 198534 28375  28246
120.189868159 10250018654 198555 28384  28251
120.201869615 10250217118 198464 28374  28242
120.213879621 10250416093 198975 28378  28251
120.225869460 10250614606 198513 28372  28243
120.237867941 10250813028 198422 28369  28236
120.249868256 10251011478 198450 28375  28246
120.261878989 10251210055 198577 28376  28249
120.273869152 10251408588 198533 28374  28249
120.285880648 10251607101 198513 28382  28249
120.297868437 10251805740 198639 28382  28249
120.309868690 10252004260 198520 28387  28259
120.321889586 10252203173 198913 28377  28246
120.333881609 10252401636 198463 28381  28254
120.345881189 10252600212 198576 28390  28255
120.357880848 10252798725 198513 28376  28243
120.369879924 10256300134 3501409 545367  544268
120.381867424 10256470416 170282 28378  28189
120.393879533 10256640962 170546 28382  28210
120.405868066 10256811247 170285 28372  28195
120.417880132 10256981634 170387 28386  28188
120.429868134 10257151970 170336 28374  28175
120.441880747 10257322405 170435 28383  28204
120.453867403 10257492594 170189 28370  28160
120.465878719 10257663149 170555 28378  28210
120.477890046 10257833446 170297 28365  28193
120.489868898 10258003635 170189 28381  28178
120.501880648 10258173842 170207 28370  28149
120.513879161 10258344073 170231 28373  28189
120.525868600 10258514280 170207 28372  28175
120.537868989 10258684708 170428 28356  28193
120.549878675 10258854999 170291 28361  28194
120.561867288 10259025266 170267 28375  28183
120.573881477 10259195509 170243 28375  28166
120.585880567 10259365848 170339 28376  28201
120.597880457 10259536169 170321 28380  28183
120.609868532 10259706592 170423 28370  28196
120.621880398 10259876823 170231 28371  28187
120.633867861 10260047060 170237 28376  28170
120.645882021 10260217285 170225 28381  28171
120.657869100 10260387528 170243 28371  28191
120.669880220 10260557798 170270 28377  28180
120.681869699 10260728200 170402 28367  28193
120.693880172 10260898491 170291 28375  28195
120.705881468 10261068638 170147 28360  28170
120.717867034 10261238755 170117 28372  28156
120.729881296 10261409124 170369 28376  28197
120.741866872 10261579325 170201 28374  28185
120.753868458 10261749790 170465 28378  28205
120.765868968 10261920153 170363 28365  28202
120.777881811 10262090426 170273 28376  28191
120.789866300 10262260699 170273 28370  28164
120.801895297 10262431032 170333 28378  28203
120.813880826 10262601311 170279 28371  28183
120.825880545 10262771791 170480 28372  28199
120.837869245 10262942160 170369 28376  28209
120.849880141 10263112313 170153 28372  28180
120.861868203 10263282610 170297 28376  28173
120.873868859 10263453069 170459 28381  28215
120.885880695 10263623276 170207 28362  28177
120.897868101 10263793800 170524 28374  28207
120.909880968 10263964080 170280 28355  28194
120.921880101 10264134389 170309 28372  28183
120.933881137 10264304686 170297 28376  28174
120.945869219 10264474965 170279 28367  28193
120.957894356 10264645100 170135 28361  28168
120.969869024 10264815577 170477 28385  28205
120.981879794 10264985940 170363 28376  28206
120.993869147 10265156267 170327 28384  28190
121.005881500 10265326600 170333 28383  28181
121.017868302 10265496850 170250 28367  28187
121.029879698 10265667068 170218 28371  28185
121.041878628 10265837491 170423 28387  28198
121.053868177 10266007716 170225 28372  28188
121.065882223 10266177965 170249 28379  28173
121.077868619 10266348070 170105 28369  28155
121.089867752 10266518385 170315 28369  28189
121.101867095 10266688544 170159 28371  28161
121.113895851 10266858943 170399 28367  28182
121.125869814 10267029228 170285 28364  28185
121.137880330 10267199294 170066 28356  28152
121.149869843 10267369434 170140 28364  28150
121.161881559 10267539690 170256 28380  28198
121.173867885 10267709865 170175 28373  28173
121.185880014 10267880255 170390 28365  28193
121.197867507 10268050605 170350 28379  28201
121.209880433 10268220726 170121 28359  28165
121.221879415 10268390864 170138 28370  28156
121.233868378 10268561083 170219 28379  28191
121.245880681 10268731620 170537 28375  28211
121.257881031 10268901993 170373 28368  28204
121.269881670 10269072187 170194 28369  28183
121.281893240 10269242739 170552 28380  28218
121.293869852 10269412879 170140 28367  28164
121.305866305 10269583197 170318 28392  28200
121.317868768 10269753726 170529 28375  28209
121.329868460 10269923950 170224 28368  28200
121.341879106 10270094226 170276 28389  28197
121.353867492 10279811119 9716893 1616409  1613792
121.379146830 10280342294 531175 75941  75763
121.390879354 10280540835 198541 28386  28251
121.402867873 10280739299 198464 28376  28243
121.414867519 10280937763 198464 28391  28249
121.426869318 10281136276 198513 28384  28241
121.438881198 10281334684 198408 28378  28239
121.450875270 10281533120 198436 28380  28242
121.462881847 10281731682 198562 28384  28246
121.474880970 10281930167 198485 28393  28252
121.486867985 10282129254 199087 28381  28243
121.498879229 10282327564 198310 28358  28216
121.510868725 10282526056 198492 28389  28250
121.522868917 10282724478 198422 28373  28233
121.534869880 10282922907 198429 28377  28236
121.546879519 10283121511 198604 28388  28252
121.558885329 10283319898 198387 28375  28235
121.570880415 10283518474 198576 28387  28251
121.582877467 10283717085 198611 28390  28254
121.594882004 10283915906 198821 28377  28237
121.606890454 10284114391 198485 28379  28242
121.618881259 10284312876 198485 28379  28247
121.630867338 10284511396 198520 28392  28256
121.642869177 10284709734 198338 28375  28235
121.654880814 10284908212 198478 28370  28237
121.666869620 10285106725 198513 28383  28246
121.678881060 10285305336 198611 28383  28252
121.690882186 10285503807 198471 28374  28240
121.702880718 10285702537 198730 28365  28227
121.714867664 10285901029 198492 28381  28238
121.726881734 10286099542 198513 28393  28243
121.738868180 10286297999 198457 28382  28234
121.750868429 10286496547 198548 28390  28248
121.762868358 10286695074 198527 28386  28246
121.774877614 10286893510 198436 28378  28238
121.786881194 10287092093 198583 28396  28256
121.798879896 10287290522 198429 28376  28235
121.810868899 10287489028 198506 28368  28232
121.822868722 10287687786 198758 28379  28240
121.834881185 10287886208 198422 28378  28236
121.846866687 10288084672 198464 28387  28241
121.858871626 10288283213 198541 28384  28248
121.870880090 10288481614 198401 28372  28236
121.882880583 10288680085 198471 28382  28242
121.894881419 10288878556 198471 28373  28237
121.906879981 10289077049 198493 28377  28244
121.918879424 10289275526 198477 28384  28244
121.930889767 10289474305 198779 28371  28236
121.942881696 10289672678 198373 28377  28241
121.954869055 10289871121 198443 28370  28238
121.966868825 10290069572 198451 28370  28240
121.978869387 10290268098 198526 28385  28249
121.990867990 10290466513 198415 28377  28245
122.002867236 10290664963 198450 28363  28234
122.014879135 10290863357 198394 28367  28230
122.026880771 10291061821 198464 28383  28246
122.038867567 10291260894 199073 28380  28252
122.050866350 10291459498 198604 28393  28260
122.062869246 10291658088 198590 28394  28264
122.074867576 10291856622 198534 28379  28243
122.086875742 10292055107 198485 28392  28256
122.098868034 10292253564 198457 28381  28240
122.110868524 10292452063 198499 28383  28241
122.122882244 10292650464 198401 28371  28231
122.134876606 10292849006 198542 28387  28243
122.146869139 10293047486 198480 28377  28236
122.158880575 10293246234 198748 28381  28241
122.170880181 10293444572 198338 28368  28224
122.182868250 10293642973 198401 28371  28229
122.194868730 10293841493 198520 28389  28253
122.206881572 10294039978 198485 28366  28234
122.218880968 10294238407 198429 28375  28241
122.230868924 10294436864 198457 28387  28242
122.242879670 10294635363 198499 28376  28233
122.254882123 10294833834 198471 28376  28240
122.266880273 10295032725 198891 28388  28244
122.278882256 10295231133 198408 28370  28234
122.290868111 10295429569 198436 28376  28236
122.302869114 10295628026 198457 28377  28244
122.314881364 10295826581 198555 28388  28258
122.326868880 10296025150 198569 28389  28255
122.338868399 10296223593 198443 28371  28232
122.350880315 10296422207 198614 28385  28254
122.362882735 10299861058 3438851 492335  492071
122.379897330 10300055119 194061 27719  27600
122.391879131 10300253548 198429 28370  28238
122.403866807 10300452503 198955 28383  28251
122.415888198 10300651071 198568 28382  28251
122.427882443 10300849731 198660 28399  28271
122.439868572 10301048209 198478 28379  28248
122.451868906 10301246771 198562 28397  28259
122.463881185 10301445235 198464 28369  28235
122.475879214 10301643678 198443 28383  28254
122.487867970 10301842072 198394 28370  28237
122.499867910 10302040606 198534 28390  28259
122.511879212 10302239203 198597 28379  28244
122.523867255 10302438003 198800 28372  28236
122.535868088 10302636454 198451 28368  28231
122.547868294 10302834763 198309 28368  28230
122.559867186 10303033276 198513 28364  28232
122.571888592 10303231831 198555 28387  28255
122.583868242 10303430316 198485 28377  28238
122.595868901 10303628955 198639 28390  28265
122.607881344 10303827300 198345 28374  28234
122.619881240 10304025785 198485 28367  28238
122.631869399 10304224886 199101 28390  28255
122.643868645 10304423393 198507 28370  28239
122.655881444 10304621968 198575 28386  28256
122.667879654 10304820474 198506 28374  28240
122.679866763 10305018798 198324 28368  28235
122.691867506 10305217409 198611 28385  28253
122.703868678 10305415936 198527 28384  28254
122.715880432 10305614400 198464 28385  28251
122.727889365 10305812934 198534 28381  28251
122.739869774 10306012007 199073 28398  28263
122.751879843 10306210422 198415 28369  28239
122.763883173 10306408942 198520 28372  28244
122.775867305 10306607504 198562 28380  28249
122.787869698 10306806094 198590 28379  28248
122.799881087 10307004530 198436 28375  28238
122.811881807 10307203169 198639 28386  28257
122.823868509 10307401619 198450 28375  28242
122.835868122 10307600076 198457 28381  28244
122.847879851 10307798876 198800 28382  28244
122.859879397 10307997641 198765 28385  28254
122.871880093 10308196203 198562 28382  28254
122.883881539 10308394681 198478 28386  28256
122.895869175 10308547537 152856 28382  27849
122.907880681 10308714705 167168 28365  27992
122.919867774 10308885110 170405 28378  28150
122.931868907 10309055491 170381 28381  28162
122.943881866 10309226034 170543 28371  28206
122.955868152 10309396301 170267 28375  28200
122.967869031 10309566262 169961 28368  28133
122.979867267 10309736619 170357 28359  28181
122.991880297 10309906772 170153 28357  28172
123.003880107 10310076943 170171 28370  28177
123.015868992 10310247384 170441 28370  28196
123.027868465 10310417693 170309 28381  28199
123.039869911 10310587558 169865 28360  28132
123.051888484 10310757993 170435 28368  28191
123.063869420 10310928299 170306 28366  28190
123.075868733 10311098470 170171 28374  28179
123.087880872 10311268719 170249 28356  28160
123.099880922 10311438866 170147 28364  28170
123.111879864 10311608773 169907 28369  28127
123.123867743 10311779064 170291 28371  28178
123.135880986 10311949301 170237 28367  28185
123.147878522 10312119424 170123 28363  28166
123.159868878 10312289841 170417 28364  28186
123.171867764 10312460077 170236 28361  28179
123.183879844 10312629996 169919 28365  28136
123.195880996 10312800402 170406 28365  28189
123.207888339 10312970746 170344 28375  28195
123.219868938 10313141037 170291 28373  28180
123.231868234 10313311520 170483 28375  28198
123.243880977 10313481931 170411 28386  28204
123.255867610 10313651934 170003 28371  28142
123.267870186 10313822477 170543 28379  28204
123.279880288 10313992834 170357 28372  28192
123.291868468 10314163083 170249 28378  28179
123.303867527 10314333500 170417 28365  28187
123.315869266 10314503731 170231 28363  28183
123.327880817 10314673758 170027 28375  28144
123.339878928 10314844229 170471 28359  28192
123.351865664 10315014509 170280 28358  28186
123.363877955 10322634739 7620230 1271892  1269741
123.379884502 10322800401 165662 27548  27387
123.391867158 10322970649 170248 28367  28188
123.403880135 10323140740 170091 28368  28156
123.415871587 10323311172 170432 28360  28188
123.427867509 10323481527 170355 28363  28193
123.439879020 10323651853 170326 28363  28184
123.451847159 10323822416 170563 28369  28207
123.463865271 10323992868 170452 28374  28213
123.475879691 10324162881 170013 28371  28148
123.487869103 10324333181 170300 28360  28182
123.499878860 10324503525 170344 28368  28205
123.511867792 10324673700 170175 28365  28176
123.523876651 10324844198 170498 28381  28206
123.535880224 10325014554 170356 28376  28207
123.547867574 10325184531 169977 28355  28145
123.559869519 10325354915 170384 28382  28200
123.571880772 10325525235 170320 28379  28198
123.583881015 10325695476 170241 28378  28181
123.595879904 10325865914 170438 28367  28189
123.607869164 10326036156 170242 28373  28204
123.619879240 10326206241 170085 28380  28150
123.631880206 10326376715 170474 28369  28208
123.643868045 10326547047 170332 28374  28204
123.655879571 10326717300 170253 28385  28182
123.667867927 10326887744 170444 28374  28205
123.679879540 10327058106 170362 28373  28201
123.691892496 10327228107 170001 28375  28154
123.703869162 10327398600 170493 28374  28201
123.715868094 10327568889 170289 28367  28200
123.727869524 10327739052 170163 28370  28178
123.739868516 10327909573 170521 28372  28214
123.751868229 10328079847 170274 28374  28191
123.763867878 10328249906 170059 28378  28152
123.775882231 10328420350 170444 28372  28205
123.787867854 10328590526 170176 28359  28179
123.799881686 10328760599 170073 28363  28173
123.811879929 10328930995 170396 28371  28192
123.823867885 10329101291 170296 28366  28195
123.835880751 10329271370 170079 28378  28153
123.847876820 10329441720 170350 28365  28190
123.859868910 10329611930 170210 28364  28186
123.871880513 10329782243 170313 28377  28192
123.883879048 10329952687 170444 28380  28206
123.895880361 10330123085 170398 28378  28207
123.907880364 10330293116 170031 28366  28155
123.919880726 10330463566 170450 28376  28208
123.931880152 10330633922 170356 28370  28202
123.943869792 10330804079 170157 28366  28168
123.955880458 10330974445 170366 28365  28196
123.967881478 10331144771 170326 28350  28188
123.979868470 10331314784 170013 28374  28157
123.991880119 10331485117 170333 28363  28179
124.003877579 10331655608 170491 28394  28223
124.015880224 10331825783 170175 28358  28177
124.027869537 10331996167 170384 28371  28201
124.039880661 10332166535 170368 28367  28197
124.051868356 10332336448 169913 28361  28140
124.063869559 10332506892 170444 28381  28206
124.075867488 10332677146 170254 28360  28191
124.087867994 10332847393 170247 28378  28190
124.099867630 10333017867 170474 28372  28206
124.111869349 10333188121 170254 28357  28189
124.123867938 10333358086 169965 28367  28146
124.135868638 10333444126 86040 13575  13327
124.156404545 10333445313 1187 56  0
124.171142502 10333446632 1319 98  12
124.187148247 10333447819 1187 55  0
124.199759931 10333451112 3293 212  72
