0.010100256 54655441 54655441 9236  87
0.027244731 121973857 67318416 289  11
0.043235791 189377747 67403890 285  22
0.059223849 196398577 7020830 71059  28485
0.070967498 197775056 1376479 74522  44810
0.082952625 199557934 1782878 84979  54262
0.094964153 201429696 1871762 84991  51823
0.106943253 203320998 1891302 85000  49797
0.118955517 205240145 1919147 85007  47190
0.130944005 207096681 1856536 84994  47039
0.142942555 209010358 1913677 84990  46498
0.154941303 210929008 1918650 85021  45845
0.166954810 212788003 1858995 84995  46603
0.178942300 214697204 1909201 84995  44912
0.190965761 216601170 1903966 85000  46343
0.202941028 218473651 1872481 84991  45148
0.214954436 220387160 1913509 84994  44982
0.226941872 222248393 1861233 84997  46123
0.238940263 224159759 1911366 84996  44495
0.250954841 226075006 1915247 85009  45391
0.262954965 227938379 1863373 84995  45159
0.274955893 229842811 1904432 84988  44926
0.286941859 231753114 1910303 85005  44362
0.298955571 233614303 1861189 85011  45692
0.310953471 235525397 1911094 85005  44431
0.322954215 237432975 1907578 84988  44272
0.334942952 239323091 1890116 85007  45742
0.346962417 241197680 1874589 84994  44878
0.358941296 243102139 1904459 84989  45299
0.370941207 244971536 1869397 84991  45110
0.382960522 246879418 1907882 85000  45090
0.394953148 248812660 1933242 85004  44726
0.406954810 250746491 1933831 84994  44701
0.418941180 252620895 1874404 84988  45827
0.430942164 254547699 1926804 84987  45942
0.442941861 256476191 1928492 84996  46377
0.454954469 258355054 1878863 84999  46252
0.466959676 260271243 1916189 85000  45562
0.478941540 262194841 1923598 84988  45011
0.490941150 264122372 1927531 84981  45454
0.502965514 265989777 1867405 84998  45334
0.514956628 267910029 1920252 85015  44484
0.526955469 269829973 1919944 84992  44887
0.538943830 271754788 1924815 85006  45127
0.550941534 273612913 1858125 84987  45268
0.562944508 275526831 1913918 85001  44502
0.574942255 277448010 1921179 85000  45033
0.586956382 279325602 1877592 85000  45290
0.598955553 281228578 1902976 84988  44447
0.610955937 283145912 1917334 84994  45343
0.622954158 285062936 1917024 85007  44912
0.634941948 286926783 1863847 84991  46003
0.646954199 288835618 1908835 85011  44598
0.658964576 290750112 1914494 84995  45509
0.670942590 292666122 1916010 84994  45205
0.682955271 294581249 1915127 85001  45288
0.694942935 296436245 1854996 84990  45368
0.706940556 298341051 1904806 85005  44210
0.718955880 300248615 1907564 84990  45019
0.730954597 302158047 1909432 85000  44822
0.742942428 304007580 1849533 84999  45715
0.754943942 305914317 1906737 85004  45101
0.766943539 307826169 1911852 84994  44796
0.779019074 309741988 1915819 84991  45372
0.790942600 311657389 1915401 85006  45011
0.802955678 313515005 1857616 84989  45886
0.814955322 315425400 1910395 84996  44767
0.826950982 317334481 1909081 84991  45362
0.838956843 319243183 1908702 85006  45101
0.850941646 321155567 1912384 85000  50548
0.862956851 323010932 1855365 85001  53222
0.874951058 324916023 1905091 85016  51667
0.886956212 326821436 1905413 84999  49923
0.898954040 328728913 1907477 84996  48060
0.910943559 330633816 1904903 84996  47737
0.922942544 332538451 1904635 85026  47280
0.934943704 334384530 1846079 84999  46658
0.946963272 336288434 1903904 84993  46727
0.958954959 338190474 1902040 84990  46138
0.970954750 340092534 1902060 84991  46288
0.982952037 341993313 1900779 85001  45883
0.994943021 343896718 1903405 84998  46559
1.006955502 345798504 1901786 85000  46302
1.018943442 347640008 1841504 85007  45886
1.030942263 349540259 1900251 85011  45783
1.042955633 351437446 1897187 85004  45453
1.054941951 353332877 1895431 84996  45784
1.066942975 355225423 1892546 85000  45266
1.078941989 357124472 1899049 84999  46105
1.090955149 359022240 1897768 85007  45895
1.102956310 360916111 1893871 84997  45583
1.114954927 362782799 1866688 85005  45969
1.126955295 364648305 1865506 84996  45286
1.138962279 366546454 1898149 84997  45565
1.150956319 368454001 1907547 85012  45247
1.162954160 370369631 1915630 85005  45783
1.174943977 372284101 1914470 84991  45435
1.186955928 374193231 1909130 84995  45097
1.198956752 376104967 1911736 85001  45703
1.210942623 378011663 1906696 84994  45282
1.222955237 379922417 1910754 84994  46282
1.234956584 381802594 1880177 85006  45228
1.246942195 383680017 1877423 85008  46117
1.258943385 385587192 1907175 85007  45687
1.270943096 387492136 1904944 85003  45423
1.282956480 389396860 1904724 84998  45754
1.294952731 391295757 1898897 85000  45029
1.306943778 393197867 1902110 85004  46240
1.318942189 395099632 1901765 85006  45709
1.330942559 397003022 1903390 84989  46141
1.342953260 398910047 1907025 84997  45995
1.354942277 400811311 1901264 84995  45809
1.366955731 402712102 1900791 84996  46082
1.378956359 404607037 1894935 84995  45374
1.390946343 406506181 1899144 84998  46213
1.402943216 408403093 1896912 85005  45671
1.414955971 410301016 1897923 85018  46396
1.426955198 412196782 1895766 84987  46755
1.438955012 414091321 1894539 84993  46607
1.450943109 415986618 1895297 85002  46568
1.462964540 417879959 1893341 84998  46175
1.474955611 419772500 1892541 85006  46492
1.486942394 421666783 1894283 84998  46135
1.498955342 423555886 1889103 85003  46228
1.510942422 425447389 1891503 84996  47000
1.522956720 427346628 1899239 85000  46488
1.534954580 429246356 1899728 85003  46255
1.546954738 431143626 1897270 84996  45989
1.558954625 433039806 1896180 85005  46085
1.570941702 434936296 1896490 85023  46283
1.582954496 436830638 1894342 84995  45559
1.594943583 438724523 1893885 85004  46331
1.606943007 440614752 1890229 84984  45628
1.619054270 442507881 1893129 84995  46537
1.630956022 444397480 1889599 84996  45689
1.642942732 446284615 1887135 84998  46028
1.654956703 448173353 1888738 85002  46028
1.666941920 450063912 1890559 84996  45822
1.678956708 451954140 1890228 85010  46479
1.690941565 453836123 1881983 85003  45688
1.702954709 455723463 1887340 85000  46451
1.714951970 457611538 1888075 85004  45885
1.726941894 459499580 1888042 84998  46259
1.738953831 461389837 1890257 85003  46072
1.750942342 463276881 1887044 84990  45910
1.762953782 465164963 1888082 85008  46343
1.774964466 467046048 1881085 85006  45960
1.786941187 468927451 1881403 85000  46223
1.798953568 470865408 1937957 84998  46121
1.810954102 472749415 1884007 85005  45774
1.822941615 474630339 1880924 85003  46297
1.834956236 476505817 1875478 84981  45514
1.846940123 478385688 1879871 84994  46597
1.858953888 480258802 1873114 84991  45885
1.870939674 482132254 1873452 85002  46529
1.882940955 484028227 1895973 85009  46216
1.894953390 485961208 1932981 84996  46174
1.906941553 487919786 1958578 84999  46384
1.918953514 489921544 2001758 85001  45662
1.930951294 491869388 1947844 85006  46212
1.942941648 493818904 1949516 84994  46140
1.954953189 495764022 1945118 84993  46309
1.966941263 497713015 1948993 84995  46419
1.978943280 499659168 1946153 85001  46074
1.990941011 501609760 1950592 85001  46809
2.002940081 503605547 1995787 85004  45617
2.014954739 505545296 1939749 84992  46309
2.026939606 507489568 1944272 85009  46583
2.038954700 509427741 1938173 84998  46134
2.050954157 511368242 1940501 84999  46587
2.062941895 513305323 1937081 84994  46337
2.074955165 515304027 1998704 85001  46543
2.086954746 517242953 1938926 85000  46309
2.098962803 519181368 1938415 84994  46698
2.110954394 521124351 1942983 85006  46880
2.122942121 523063223 1938872 85009  46558
2.134954465 525057013 1993790 85000  46652
2.146952446 526986081 1929068 84986  46310
2.158955173 528920119 1934038 84985  47029
2.170940607 530857733 1937614 85000  47130
2.182942011 532788470 1930737 84998  46416
2.194953229 534744664 1956194 84994  46953
2.206940929 536707152 1962488 85002  46099
2.218942336 538635873 1928721 84994  46820
2.230954374 540563943 1928070 84999  46642
2.242952451 542491932 1927989 84986  46427
2.254964595 544480370 1988438 85010  46808
2.266941973 546409222 1928852 85007  45879
2.278941232 548345083 1935861 84993  47174
2.290955514 550280605 1935522 84992  46418
2.302939237 552272630 1992025 85017  46799
2.314941669 554199459 1926829 84995  46256
2.326940582 556128490 1929031 84995  46515
2.338942532 558061884 1933394 84992  47141
2.350953151 559995109 1933225 85001  46603
2.362941004 561969641 1974532 85002  46551
2.374940258 563896635 1926994 84988  47045
2.386952992 565823094 1926459 84989  46739
2.398942366 567778789 1955695 84998  47078
2.410953070 569725618 1946829 84996  46458
2.422943160 571650736 1925118 85005  47472
2.434955961 573572120 1921384 84999  46878
2.446955395 575549917 1977797 85005  46743
2.458936629 577472799 1922882 84999  46445
2.470954660 579395427 1922628 85001  46997
2.482953680 581318751 1923324 84988  47192
2.494955024 583288735 1969984 84995  45829
2.506953748 585204791 1916056 85016  46849
2.518942452 587126470 1921679 84994  47067
2.530954263 589099971 1973501 85015  46467
2.542954180 591014334 1914363 84993  46643
2.554954464 592932173 1917839 84999  47198
2.566964688 594889672 1957499 84998  47510
2.578956889 596816472 1926800 84996  46853
2.590941946 598729995 1913523 85024  46982
2.602943320 600654732 1924737 84997  47833
2.614941938 602610730 1955998 84996  46765
2.626942072 604532677 1921947 84993  47747
2.638942059 606470368 1937691 85005  47497
2.650941676 608458662 1988294 85011  46611
2.662942804 610394505 1935843 85013  47365
2.674941583 612325026 1930521 85003  46967
2.686955978 614309309 1984283 85003  46938
2.698940348 616240741 1931432 84990  46921
2.710941295 618227208 1986467 84995  47560
2.722940429 620152793 1925585 84994  46838
2.734951258 622083198 1930405 85003  47203
2.746941471 624065600 1982402 84998  47078
2.758941881 625986866 1921266 84995  46723
2.770955633 627915328 1928462 85009  47782
2.782954876 629893293 1977965 85002  46820
2.794953773 631812180 1918887 84994  46770
2.806955751 633790569 1978389 84988  47407
2.818955681 635712784 1922215 84997  46702
2.830941709 637638497 1925713 84992  47891
2.842941769 639613086 1974589 85004  47093
2.854942680 641533552 1920466 85002  47114
2.866955724 643511607 1978055 85000  47645
2.878954198 645424080 1912473 84993  47022
2.890964159 647340435 1916355 84989  47839
2.902942853 649313584 1973149 84998  47316
2.914955500 651232227 1918643 84998  47471
2.926942107 653204914 1972687 85000  47611
2.938942291 655113974 1909060 85012  46622
2.950943462 657032565 1918591 84994  47936
2.962942129 658996244 1963679 85002  46635
2.974942553 660907861 1911617 84995  47542
2.986953401 662875519 1967658 85005  46782
2.998941461 664797596 1922077 85013  47306
3.010953575 666771787 1974191 85003  47708
3.022955099 668684718 1912931 84996  46920
3.034942563 670661185 1976467 84989  48023
3.046950797 672579049 1917864 84995  47406
3.058944068 674498941 1919892 84992  47517
3.070954985 676460184 1961243 84993  47068
3.082956129 678377616 1917432 84995  47559
3.094955043 680345144 1967528 84997  47639
3.106956056 682258168 1913024 84995  47935
3.118954808 684222102 1963934 84983  46658
3.130938628 686136839 1914737 84993  48166
3.142954812 688094922 1958083 85001  46892
3.154942606 690002304 1907382 85005  47934
3.166941636 691961075 1958771 85001  47264
3.178941984 693871430 1910355 84996  47510
3.190942668 695833170 1961740 84990  47644
3.202963525 697742016 1908846 85004  47877
3.214956189 699703609 1961593 84992  47795
3.226954836 701611887 1908278 84992  48193
3.238955640 703566589 1954702 84992  46970
3.250941648 705475500 1908911 85010  48353
3.262942642 707431949 1956449 84993  47289
3.274942306 709337178 1905229 84992  48560
3.286942033 711291003 1953825 85007  47860
3.298941857 713248764 1957761 84989  47668
3.310942508 715153622 1904858 85002  48132
3.322954628 717104067 1950445 84995  47488
3.334956036 719001289 1897222 84993  48212
3.346954936 720959074 1957785 84996  48173
3.358955734 722892736 1933662 85001  47731
3.370950981 724897774 2005038 84994  47960
3.382940972 726847163 1949389 85008  48063
3.394941398 728850158 2002995 85011  48161
3.406954876 730853592 2003434 84993  48241
3.418942093 732795243 1941651 85011  47457
3.430942530 734794775 1999532 85009  48286
3.442954555 736737694 1942919 85005  48161
3.454956575 738733589 1995895 84991  48260
3.466937512 740680250 1946661 84991  48510
3.478955036 742669186 1988936 85005  47659
3.490942777 744665774 1996588 84991  48275
3.502942571 746599756 1933982 85002  47796
3.514941635 748590805 1991049 84994  48314
3.526954342 750540922 1950117 84991  49047
3.538955976 752519043 1978121 84992  47796
3.550955130 754513729 1994686 84980  48238
3.562955231 756449787 1936058 84989  48064
3.574941905 758440082 1990295 84983  48340
3.586942435 760429831 1989749 84993  48443
3.598955029 762360114 1930283 84992  48007
3.610943653 764350240 1990126 85000  48620
3.622940704 766287280 1937040 84993  48354
3.634942118 768267628 1980348 84995  48224
3.646940602 770253400 1985772 84988  48388
3.658954173 772184972 1931572 85001  48186
3.670942397 774169627 1984655 84992  48304
3.682950887 776148555 1978928 84987  48035
3.694956198 778121164 1972609 85003  49103
3.706941299 780062306 1941142 84989  48759
3.718942242 782047665 1985359 85003  47612
3.730940593 784041809 1994144 84992  48759
3.742956047 785973437 1931628 85005  48291
3.754940934 787957943 1984506 84997  48416
3.766942704 789945864 1987921 85006  48455
3.778955972 791875525 1929661 84984  48514
3.790954990 793858565 1983040 84996  48788
3.802953273 795838939 1980374 84992  48459
3.814954697 797769734 1930795 84988  48896
3.826941898 799753306 1983572 84991  48730
3.838954728 801733922 1980616 85007  48084
3.850967550 803715541 1981619 85011  49019
3.862943913 805641284 1925743 84997  48690
3.874954347 807618210 1976926 84992  48762
3.886953154 809594061 1975851 84990  48805
3.898954712 811574777 1980716 85011  48624
3.910942732 813498808 1924031 85000  49241
3.922954680 815471857 1973049 85006  48293
3.934955850 817446900 1975043 84990  48923
3.946941424 819429031 1982131 85007  48935
3.958942111 821347310 1918279 84986  48491
3.970935102 823317600 1970290 85008  48892
3.982941329 825288936 1971336 85002  48301
3.994954664 827264244 1975308 85008  49127
4.006950918 829183404 1919160 84987  49284
4.018942297 831149907 1966503 84988  48252
4.030955012 833119108 1969201 85004  49115
4.042942292 835089796 1970688 85003  48684
4.054940834 837042799 1953003 85007  48650
4.066941627 838977125 1934326 84991  48941
4.078941571 840967336 1990211 84984  48160
4.090942805 842958283 1990947 84984  49251
4.102941585 844946452 1988169 84993  49187
4.114954310 846890457 1944005 84987  48812
4.126954907 848873087 1982630 84987  49130
4.138954874 850856691 1983604 84985  48597
4.150952485 852841862 1985171 85001  48918
4.162964105 854827072 1985210 84985  48831
4.174942883 856813146 1986074 84998  48785
4.186954843 858749694 1936548 84987  49397
4.198943177 860724964 1975270 84993  48743
4.210953315 862712000 1987036 84990  49336
4.222955302 864691493 1979493 84996  49216
4.234954633 866667917 1976424 84996  48602
4.246955220 868647292 1979375 84991  49224
4.258941497 870630072 1982780 85002  48783
4.270955101 872561399 1931327 84985  49369
4.282941734 874539425 1978026 84989  49234
4.294940476 876519715 1980290 84981  48856
4.306940929 878498352 1978637 84992  49529
4.318950051 880472960 1974608 85014  49175
4.330941204 882451513 1978553 85020  49159
4.342955575 884432183 1980670 85010  49465
4.354941839 886403830 1971647 84993  49024
4.366954413 888381176 1977346 84983  49554
4.378942123 890357791 1976615 85005  49501
4.390943320 892332650 1974859 84990  49213
4.402942608 894245673 1913023 85001  49587
4.414943185 896215749 1970076 85002  49207
4.426955646 898192344 1976595 84998  49746
4.438941436 900171079 1978735 84993  49392
4.450955304 902146093 1975014 85002  48984
4.462954388 904125280 1979187 84992  49840
4.474955565 906101014 1975734 85006  49392
4.486962186 908076388 1975374 84995  49407
4.498943933 910050153 1973765 84985  49574
4.510942527 912021235 1971082 85001  49088
4.522954914 913993920 1972685 84993  49606
4.534943622 915965284 1971364 85004  49853
4.546955359 917939639 1974355 84987  49093
4.558955066 919911908 1972269 84998  49673
4.570942684 921879915 1968007 84982  49287
4.582955118 923851268 1971353 84989  49713
4.594942465 925820354 1969086 85004  50218
4.606935048 927789445 1969091 85002  49763
4.618955756 929761124 1971679 84987  50311
4.630942063 933265423 3504299 77887  31307
4.641951052 938937594 5672171 84993  16532
4.653954764 944342659 5405065 84996  19433
4.665940100 950285089 5942430 84992  17353
4.677955962 955461806 5176717 77898  18158
4.688954684 960643616 5181810 77906  17016
4.699942417 965710932 5067316 77912  16671
4.710941143 970615348 4904416 77905  17388
4.721940646 976307981 5692633 84988  17536
4.733939726 981466134 5158153 77906  16455
4.744941629 986628437 5162303 77899  16789
4.755940158 991807434 5178997 77907  16930
4.766952244 996993860 5186426 77899  16706
4.777942554 1002178898 5185038 77910  16567
4.788961904 1007369248 5190350 77914  16733
4.799935019 1012552100 5182852 77909  16635
4.810953353 1017740781 5188681 77927  16600
4.821942789 1022813331 5072550 77899  17105
4.832940208 1027799797 4986466 77905  16288
4.843953737 1033401069 5601272 84989  17460
4.855952605 1038863579 5462510 84986  19201
4.867953622 1044761949 5898370 84982  16587
4.879939586 1049938544 5176595 77908  16899
4.890952279 1055123054 5184510 77900  16326
4.901953551 1060296430 5173376 77900  16500
4.912955068 1065485239 5188809 77912  16586
4.923953524 1070676741 5191502 77901  16412
4.934949300 1075857395 5180654 77904  16791
4.945954453 1081027825 5170430 77902  16559
4.956954799 1086155678 5127853 77901  16537
4.967954648 1091248532 5092854 77899  16569
4.978954294 1096236191 4987659 77906  16113
4.989954214 1101384059 5147868 77908  16658
5.000940786 1106543822 5159763 77908  16577
5.011956133 1111752637 5208815 77896  16609
5.022954236 1117417809 5665172 84982  17376
5.034953580 1122996913 5579104 84992  18425
5.046955381 1128798070 5801157 84991  16703
5.058953161 1134609192 5811122 84986  19963
5.070954799 1139644204 5035012 77905  16484
5.081953698 1145120914 5476710 84991  19636
5.093956279 1150763886 5642972 84983  17769
5.105942929 1156406385 5642499 84986  19123
5.117951379 1162205973 5799588 84985  16474
5.129954894 1167444364 5238391 77905  16650
5.140953243 1172711957 5267593 77906  16735
5.151953509 1177980585 5268628 77901  16458
5.162952442 1183225793 5245208 77907  16859
5.173940071 1188266377 5040584 77903  16526
5.184939741 1193413365 5146988 77902  16596
5.195953410 1199175557 5762192 84985  17354
5.207953257 1204447634 5272077 77904  15257
5.218954423 1209685072 5237438 77906  16636
5.229954194 1214934802 5249730 77903  16513
5.240950156 1220130725 5195923 77905  16641
5.251954386 1225088453 4957728 77912  16481
5.262939982 1230847622 5759169 84983  16746
5.274953592 1236099992 5252370 77907  15837
5.285954582 1241339296 5239304 77911  16828
5.296941991 1246594875 5255579 77897  16341
5.307941134 1251781790 5186915 77902  16465
5.318942236 1256732840 4951050 77896  16550
5.329953180 1262509953 5777113 84990  16798
5.341938716 1267747529 5237576 77899  16159
5.352940132 1273001467 5253938 77906  16331
5.363952609 1278252754 5251287 77913  16513
5.374941341 1283515068 5262314 77902  16353
5.385951101 1288614533 5099465 77900  16392
5.396941387 1293638028 5023495 77903  16798
5.407952780 1299439936 5801908 84995  16462
5.419942424 1304698250 5258314 77914  16183
5.430940150 1309956139 5257889 77902  16512
5.441953549 1315209120 5252981 77906  16294
5.452942159 1320465496 5256376 77902  16695
5.463941465 1325640972 5175476 77902  16444
5.474941077 1330732468 5091496 77902  16481
5.485953248 1335893100 5160632 77900  16408
5.496953154 1341645110 5752010 84994  16378
5.508942728 1346912463 5267353 77908  16258
5.519952414 1352172789 5260326 77902  16473
5.530950933 1357410109 5237320 77905  16660
5.541940519 1362672661 5262552 77903  16878
5.552953065 1367945441 5272780 77899  16654
5.563920863 1373206891 5261450 77906  16717
5.574952961 1378475859 5268968 77915  17102
5.585955144 1383738123 5262264 77902  16638
5.596940283 1389015428 5277305 77911  16796
5.607954329 1394294698 5279270 77902  16855
5.618952992 1399551418 5256720 77919  16861
5.629953061 1404741934 5190516 77900  16666
5.640941844 1409890446 5148512 77909  16435
5.651940210 1414931723 5041277 77904  16724
5.662955490 1420732152 5800429 84981  17085
5.674940833 1426003150 5270998 77894  16338
5.685964427 1431462197 5459047 84981  19563
5.697953914 1437545556 6083359 84984  16330
5.709953557 1442805500 5259944 77913  16511
5.720941724 1448082605 5277105 77902  16379
5.731939470 1453340096 5257491 77900  16368
5.742954176 1458604776 5264680 77907  16778
5.753941016 1463854192 5249416 77897  16031
5.764955582 1469008607 5154415 77909  16401
5.775939118 1474066191 5057584 77907  16474
5.786953737 1479293493 5227302 77900  16317
5.797940797 1484524038 5230545 77910  16671
5.808940949 1490315542 5791504 84987  16882
5.820940657 1495580848 5265306 77901  16428
5.831948667 1500855013 5274165 77917  16443
5.842954443 1506368023 5513010 84990  19008
5.854940797 1512399074 6031051 84992  16646
5.866953734 1517658720 5259646 77906  16384
5.877942213 1522907411 5248691 77922  16378
5.888941573 1528159507 5252096 77903  16495
5.900025243 1533437744 5278237 77925  15969
5.910942411 1538715692 5277948 77905  16540
5.921954337 1543984401 5268709 77909  16506
5.932952381 1549248579 5264178 77899  16535
5.943941246 1554516097 5267518 77909  16373
5.954941266 1559786518 5270421 77901  16227
5.965940209 1565040182 5253664 77897  16269
5.976961705 1570305689 5265507 77902  16871
5.987954648 1575575590 5269901 77903  16388
5.998940314 1580839991 5264401 77899  16501
6.009954253 1586060983 5220992 77897  16504
6.020940992 1591273078 5212095 77908  16497
6.031941702 1596328543 5055465 77896  16434
6.042952292 1601561851 5233308 77906  16201
6.053941338 1606747073 5185222 77904  16378
6.064954321 1612542623 5795550 84985  16862
6.076941950 1618126712 5584089 84986  19155
6.088954979 1624081571 5954859 84985  16391
6.100941488 1629352109 5270538 77910  16292
6.111940465 1634618053 5265944 77894  16338
6.122962525 1639904735 5286682 77906  16445
6.133941474 1645170098 5265363 77912  16329
6.144953220 1650437888 5267790 77900  16710
6.155941543 1655705430 5267542 77904  16019
6.166954426 1660971468 5266038 77901  16313
6.177941935 1666245156 5273688 77913  16438
6.188953148 1671775046 5529890 84986  19313
6.200954539 1677786682 6011636 84989  16673
6.212953889 1683046455 5259773 77900  15957
6.223955472 1688299732 5253277 77905  16236
6.234941968 1693583985 5284253 77905  16240
6.245953378 1698845757 5261772 77899  16194
6.256953457 1704108321 5262564 77905  16468
6.267954266 1709372576 5264255 77906  16190
6.278961469 1714627154 5254578 77912  16349
6.289954859 1719893387 5266233 77905  16322
6.300941258 1725180729 5287342 77901  15833
6.311954315 1730436049 5255320 77900  16374
6.322940971 1735718171 5282122 77892  16319
6.333954230 1740962733 5244562 77911  16528
6.344954239 1746211831 5249098 77905  16234
6.355941255 1751477023 5265192 77903  16011
6.366953391 1756728640 5251617 77903  16207
6.377941594 1761984368 5255728 77907  16520
6.388953747 1767245117 5260749 77905  16243
6.399941193 1772509362 5264245 77904  16272
6.410952960 1777775545 5266183 77907  16296
6.421949782 1783028731 5253186 77905  16325
6.432941445 1788293696 5264965 77909  16403
6.443939261 1793550335 5256639 77902  16182
6.454940664 1798828089 5277754 77898  16247
6.465954740 1804106639 5278550 77902  16244
6.476953640 1809375513 5268874 77910  16281
6.487941112 1814652474 5276961 77904  16867
6.498943809 1819918653 5266179 77903  16259
6.509941878 1825524679 5606026 84974  19025
6.521954555 1831495009 5970330 84997  16225
6.533941339 1836763468 5268459 77910  16427
6.544941721 1842029616 5266148 77901  16829
6.555953025 1847294381 5264765 77905  16330
6.566950257 1852968218 5673837 84988  19033
6.578942435 1858868247 5900029 84976  16350
6.590941625 1864134371 5266124 77904  16596
6.601942131 1869398098 5263727 77912  16712
6.612954437 1874659983 5261885 77903  16338
6.623941297 1879922344 5262361 77907  16633
6.634941813 1885642139 5719795 84980  18771
6.646941663 1891502282 5860143 84985  16676
6.658940674 1897187692 5685410 84988  19271
6.670941781 1903067716 5880024 84981  16105
6.682940392 1908331128 5263412 77903  16447
6.693939965 1913599407 5268279 77902  16419
6.704940827 1919268838 5669431 84980  19230
6.716949675 1925146264 5877426 84989  16330
6.728942405 1930415186 5268922 77901  16114
6.739939771 1935682624 5267438 77907  16306
6.750941615 1940952508 5269884 77905  16474
6.761940710 1946578802 5626294 84977  19350
6.773941477 1952520856 5942054 84983  16213
6.785942992 1957781537 5260681 77903  16464
6.796940651 1963391331 5609794 84989  19211
6.808939972 1969341190 5949859 84994  16298
6.820942092 1974610271 5269081 77906  16609
6.831941435 1979874389 5264118 77909  16513
6.842938955 1985542690 5668301 84985  18747
6.854940621 1991432145 5889455 84981  16245
6.866942489 1996700973 5268828 77905  16552
6.877948706 2002343584 5642611 84989  18988
6.889954363 2008263670 5920086 84980  16650
6.901953100 2013855225 5591555 84980  19270
6.913941813 2019798325 5943100 84992  16292
6.925952152 2025074537 5276212 77891  16036
6.936942257 2030340739 5266202 77904  15954
6.947939553 2035604867 5264128 77899  16448
6.958954266 2041118502 5513635 84990  19440
6.970953214 2047128820 6010318 84999  16266
6.982953431 2052430808 5301988 77904  16029
6.993940507 2057688163 5257355 77906  16249
7.004941436 2063328652 5640489 85000  19284
7.016940514 2068651809 5323157 77908  16205
7.027950650 2074504837 5853028 84984  16219
7.039953630 2079773502 5268665 77909  16570
7.050954800 2085454321 5680819 85002  18808
7.062954730 2091324313 5869992 84979  16256
7.074955061 2096575727 5251414 77904  16266
7.085942320 2101836159 5260432 77900  16299
7.096957391 2107503017 5666858 84989  19114
7.108942344 2113399455 5896438 84981  16351
7.120953204 2119003077 5603622 84985  19545
7.132953925 2124945116 5942039 84988  16156
7.144953109 2130213880 5268764 77899  16521
7.155941132 2135848595 5634715 84977  18922
7.167939049 2141774169 5925574 84981  16376
7.179963176 2147344601 5570432 84985  19209
7.191941004 2153323365 5978764 84984  16339
7.203953414 2158971577 5648212 84977  19266
7.215954755 2164890606 5919029 84982  16300
7.227952719 2170480773 5590167 84997  19210
7.239952793 2176429464 5948691 84984  15873
7.251954647 2181692311 5262847 77901  16124
7.262942066 2186956443 5264132 77892  16517
7.273954256 2192586398 5629955 84993  19162
7.285943226 2198513586 5927188 84979  16138
7.297941717 2204122841 5609255 84987  19065
7.309939883 2210058472 5935631 84987  16171
7.321954978 2215327796 5269324 77919  16202
7.332954904 2220897298 5569502 84991  19259
7.344949522 2226846818 5949520 84980  16475
7.356954762 2232129685 5282867 77906  15907
7.367942051 2237391203 5261518 77900  16319
7.378942908 2242655073 5263870 77915  16709
7.389941844 2248413428 5758355 84985  18530
7.401955864 2253724425 5310997 77907  16510
7.412953770 2259193674 5469249 77900  15916
7.423941960 2264464988 5271314 77903  16215
7.434953882 2269805244 5340256 77906  16310
7.445954008 2275053339 5248095 77898  16192
7.456940724 2280251765 5198426 77897  16227
7.467953065 2285493754 5241989 77900  15857
7.478953851 2290663765 5170011 77904  16183
7.489949997 2295930172 5266407 77888  16179
7.500954883 2301301467 5371295 77907  16116
7.511953685 2306502497 5201030 77908  16533
7.522941815 2311744133 5241636 77902  15795
7.533954094 2316861363 5117230 77911  16039
7.544954770 2322205331 5343968 77909  16082
7.555952296 2327566281 5360950 77904  16253
7.566941186 2332821529 5255248 77902  16438
7.577939385 2338116470 5294941 77913  16150
7.588954515 2343387505 5271035 77899  16146
7.599954144 2348642410 5254905 77900  16306
7.610940517 2353914925 5272515 77907  15778
7.621954453 2359167124 5252199 77905  16322
7.632963262 2364440346 5273222 77901  16205
7.643954326 2369700182 5259836 77898  16198
7.654941328 2374960422 5260240 77906  16684
7.665951771 2380782052 5821630 84978  18524
7.677939694 2386110684 5328632 77905  16278
7.688941950 2391463843 5353159 77912  16109
7.699941651 2396752946 5289103 77898  16142
7.710953640 2402072116 5319170 77899  15988
7.721953716 2407414394 5342278 77910  15906
7.732953589 2412669773 5255379 77904  15913
7.743951378 2417931270 5261497 77902  16317
7.754939557 2423187527 5256257 77907  15874
7.765941330 2428445160 5257633 77901  16086
7.776950987 2433731827 5286667 77906  16090
7.787941962 2439316167 5584340 84992  19074
7.799953639 2445270141 5953974 84980  16351
7.811953921 2450875247 5605106 84985  19178
7.823954144 2456811076 5935829 84995  16036
7.835953942 2462540091 5729015 84977  18887
7.847940455 2468356857 5816766 84988  16216
7.859942026 2473609146 5252289 77912  16679
7.870955099 2479356628 5747482 84981  18571
7.882953566 2484711379 5354751 77907  16082
7.893940359 2490195364 5483985 77901  15667
7.904953022 2495481180 5285816 77901  16124
7.915941771 2500779190 5298010 77905  16056
7.926950934 2506039839 5260649 77910  16242
7.937942280 2511296537 5256698 77897  15968
7.948940033 2516565159 5268622 77900  15920
7.959951109 2521815001 5249842 77906  15930
7.970953652 2527092104 5277103 77900  16384
7.981952948 2532736324 5644220 84985  19182
7.993954518 2538623305 5886981 84986  16062
8.005941526 2544295366 5672061 84979  18860
8.017940676 2550161120 5865754 84982  16303
8.029953647 2555794117 5632997 84999  19380
8.041954571 2561187244 5393127 77902  15969
8.052953924 2566567333 5380089 77898  16048
8.063955043 2571987031 5419698 77905  15619
8.074941916 2577176767 5189736 77904  16179
8.085949765 2582475278 5298511 77900  16082
8.096941538 2587810253 5334975 77902  16351
8.107940264 2593133398 5323145 77913  16047
8.118940983 2598441948 5308550 77910  15975
8.129952987 2603705921 5263973 77912  16097
8.140942523 2609010460 5304539 77900  16333
8.151955399 2614627874 5617414 84989  19296
8.163941376 2620580764 5952890 84980  16138
8.175953490 2626367973 5787209 84989  18874
8.187953954 2631704844 5336871 77910  16286
8.198942090 2637189203 5484359 77903  16010
8.209941973 2642512615 5323412 77898  16196
8.220953379 2647835950 5323335 77911  15891
8.231962326 2653124803 5288853 77905  15888
8.242941244 2658385270 5260467 77917  15830
8.253953030 2663690637 5305367 77906  16394
8.264955577 2669396633 5705996 84986  19149
8.276954224 2675256067 5859434 84984  16082
8.288942905 2681033465 5777398 84981  18649
8.300954345 2686326011 5292546 77895  16141
8.311954464 2691814204 5488193 77916  16121
8.322940758 2697225147 5410943 77921  16171
8.333953904 2702513580 5288433 77900  15906
8.344952933 2707801356 5287776 77897  15816
8.355952862 2713092105 5290749 77908  15880
8.366939882 2718363255 5271150 77902  17174
8.377963588 2724197406 5834151 84986  18321
8.389955132 2729652311 5454905 77908  15975
8.400953415 2735075954 5423643 77899  15792
8.411940914 2740337683 5261729 77898  15884
8.422952094 2745614557 5276874 77899  16243
8.433941309 2750897433 5282876 77904  15785
8.444940548 2756178019 5280586 77894  16081
8.455952565 2761906621 5728602 84984  19017
8.467942512 2767210880 5304259 77919  15820
8.478953382 2772598929 5388049 77919  16248
8.489943111 2778079798 5480869 77915  15715
8.500941644 2783402096 5322298 77906  15891
8.511940483 2788693247 5291151 77903  16009
8.522963289 2793971654 5278407 77901  16070
8.533952916 2799247070 5275416 77905  16094
8.544942071 2804941270 5694200 84994  18853
8.556953992 2810800793 5859523 84975  16134
8.568942219 2816533376 5732583 84993  18952
8.580942010 2821852051 5318675 77899  15808
8.591939659 2827204739 5352688 77902  16347
8.602955680 2832647878 5443139 77907  15947
8.613953922 2837945734 5297856 77900  16059
8.624939812 2843266778 5321044 77893  16257
8.635952954 2848537725 5270947 77914  16198
8.646941237 2853804307 5266582 77912  16212
8.657941360 2859083935 5279628 77900  15918
8.668940979 2864350950 5267015 77903  16683
8.679962276 2870064150 5713200 84998  18827
8.691940956 2875373630 5309480 77911  16171
8.702942315 2880714312 5340682 77899  16130
8.713954872 2886215197 5500885 77913  15824
8.724953967 2891538080 5322883 77901  15982
8.735942024 2896818806 5280726 77913  15933
8.746952953 2902089759 5270953 77901  15964
8.757954273 2907378837 5289078 77908  16301
8.768942955 2913051937 5673100 84982  18734
8.780941462 2918344281 5292344 77899  16067
8.791940125 2923647652 5303371 77905  15991
8.802954155 2929143956 5496304 77907  15995
8.813940304 2934495919 5351963 77898  16329
8.824964324 2939829125 5333206 77912  15698
8.835941123 2945086992 5257867 77904  15913
8.846941689 2950361235 5274243 77907  15859
8.857940525 2955659659 5298424 77905  15904
8.868940427 2960920316 5260657 77901  16841
8.879941638 2966735003 5814687 84989  18182
8.891952562 2972063459 5328456 77899  15957
8.902953381 2977451310 5387851 77898  15934
8.913940607 2982862912 5411602 77902  15904
8.924953690 2988127633 5264721 77908  16163
8.935941626 2993386085 5258452 77909  15942
8.946940765 2998670267 5284182 77907  15791
8.957940438 3003933012 5262745 77910  16578
8.968961458 3009707111 5774099 84978  18212
8.980941418 3015028846 5321735 77896  16177
8.991941124 3020501654 5472808 77912  15879
9.002955463 3025799582 5297928 77903  15914
9.013952470 3031103186 5303604 77901  15956
9.024954309 3036398772 5295586 77898  15576
9.035940655 3041668860 5270088 77901  16100
9.046955165 3047276315 5607455 84980  19183
9.058940152 3053220610 5944295 84973  16049
9.070942093 3058963159 5742549 84982  18731
9.082953603 3064309133 5345974 77897  15875
9.093954953 3069600803 5291670 77901  16232
9.104953422 3075007284 5406481 77896  15839
9.115940911 3080384442 5377158 77900  15867
9.126970818 3085662582 5278140 77906  16012
9.137941283 3090936530 5273948 77902  15482
9.148953653 3096499246 5562716 84988  19397
9.160954937 3102503193 6003947 84982  15847
9.172940621 3108241271 5738078 84991  18888
9.184953905 3113538750 5297479 77912  15888
9.195940197 3119070417 5531667 77900  15797
9.206954190 3124258783 5188366 77903  16127
9.217940796 3129590908 5332125 77896  15830
9.228954790 3134916612 5325704 77909  15863
9.239953482 3140180792 5264180 77895  15839
9.250942015 3145466651 5285859 77897  15469
9.261952454 3151011592 5544941 84985  19282
9.273951688 3157015380 6003788 84991  16140
9.285953549 3162760725 5745345 84983  18586
9.297941042 3168090962 5330237 77903  15804
9.308954556 3173591848 5500886 77910  15742
9.319951555 3178813496 5221648 77901  16049
9.330941864 3184169030 5355534 77909  15796
9.341953207 3189427283 5258253 77906  15897
9.352942856 3194693215 5265932 77901  15757
9.363941069 3199984199 5290984 77897  15966
9.374939475 3205730026 5745827 84993  18780
9.386953986 3211040991 5310965 77903  15895
9.397953996 3216515329 5474338 77913  15912
9.408941978 3221826486 5311157 77907  15794
9.419961838 3227139171 5312685 77904  15439
9.430941760 3232394674 5255503 77906  16084
9.441939406 3237650891 5256217 77907  15861
9.452954563 3243252861 5601970 84986  19042
9.464953403 3249205746 5952885 84997  16188
9.476942431 3254973047 5767301 84977  18353
9.488941305 3260252418 5279371 77902  16134
9.499953734 3265799254 5546836 77904  15753
9.510941593 3271104284 5305030 77911  15685
9.521940623 3276368752 5264468 77902  15817
9.532952992 3281642887 5274135 77900  15486
9.543952935 3286902985 5260098 77900  16139
9.554941381 3292602718 5699733 84999  18932
9.566950085 3297941002 5338284 77904  15890
9.577955107 3303415837 5474835 77903  15888
9.588940533 3308820555 5404718 77916  15484
9.599952484 3314070421 5249866 77909  16195
9.610953553 3319323288 5252867 77906  15967
9.621953349 3324603289 5280001 77906  16188
9.632941068 3330359748 5756459 84979  18832
9.644955789 3335733577 5373829 77903  15549
9.655940258 3341064243 5330666 77905  16059
9.666953384 3346393847 5329604 77922  15816
9.677942090 3351744617 5350770 77907  15989
9.688954563 3357020178 5275561 77907  15808
9.699939136 3362314623 5294445 77908  15607
9.710939675 3367564912 5250289 77899  15973
9.721964232 3373310669 5745757 84984  18777
9.733941885 3378673730 5363061 77908  16014
9.744953189 3384170468 5496738 77895  15694
9.755954937 3389486938 5316470 77907  15687
9.766952584 3394730080 5243142 77899  15774
9.777940847 3399985046 5254966 77914  16062
9.788952713 3405260677 5275631 77901  15791
9.799952885 3410868245 5607568 84981  18988
9.811940689 3416260030 5391785 77902  15762
9.822942349 3421586706 5326676 77892  15789
9.833954371 3427064058 5477352 77909  16089
9.844939721 3432404753 5340695 77899  15688
9.855939503 3437666227 5261474 77914  15754
9.866967337 3442960808 5294581 77904  15794
9.877955080 3448564141 5603333 84992  18945
9.889941849 3453904379 5340238 77912  16100
9.900941485 3459252891 5348512 77895  15673
9.911953936 3464733510 5480619 77901  15691
9.922934921 3470096939 5363429 77910  15866
9.933940838 3475340788 5243849 77904  15913
9.944954804 3480597632 5256844 77911  15771
9.955941086 3485869647 5272015 77906  15766
9.966952439 3491577085 5707438 84986  18891
9.978942506 3496864453 5287368 77897  15917
9.989952569 3502403870 5539417 77905  15967
10.000939952 3507706828 5302958 77902  15883
10.011962051 3512995243 5288415 77899  15694
10.022954245 3518250018 5254775 77901  15828
10.033939986 3523523445 5273427 77897  15780
10.044955413 3529147178 5623733 84985  19084
10.056941820 3535056761 5909583 84985  15849
10.068942190 3540801937 5745176 84998  18727
10.080941161 3546169354 5367417 77898  15640
10.091954341 3551648080 5478726 77905  15762
10.102953900 3556948213 5300133 77901  15920
10.113941367 3562200831 5252618 77910  15750
10.124952769 3567480538 5279707 77906  15619
10.135941115 3572721158 5240620 77899  16524
10.146942025 3578475701 5754543 84986  18885
10.158952395 3583884887 5409186 77913  16861
10.169954498 3589280494 5395607 77900  16480
10.180939687 3594600231 5319737 77897  16277
10.191938527 3599850511 5250280 77900  17400
10.202952723 3605138218 5287707 77904  18642
10.213955779 3610883433 5745215 84987  21581
10.225936503 3616199233 5315800 77913  17663
10.236954983 3621711387 5512154 77906  17560
10.247953435 3626995049 5283662 77916  17739
10.258944798 3632267632 5272583 77911  16730
10.269953798 3637524618 5256986 77898  16266
10.280940689 3642780566 5255948 77900  16621
10.291934030 3648516771 5736205 84976  18811
10.303941050 3653818942 5302171 77907  16025
10.314950343 3659165317 5346375 77906  16023
10.325955246 3664640675 5475358 77903  15805
10.336941305 3669895338 5254663 77909  16224
10.347953794 3675176651 5281313 77895  15615
10.358940990 3680848422 5671771 84984  18759
10.370941384 3686153092 5304670 77895  15840
10.381941297 3691503539 5350447 77905  15820
10.392953713 3696872231 5368692 77916  16172
10.403940760 3702256440 5384209 77900  15503
10.414940682 3707506830 5250390 77912  15675
10.425954245 3712762888 5256058 77903  15834
10.436940688 3718046395 5283507 77897  16124
10.447942487 3723719263 5672868 84991  19147
10.459951105 3729103914 5384651 77904  15661
10.470953994 3734502989 5399075 77900  15946
10.481941807 3739895078 5392089 77899  15778
10.492958936 3745163208 5268130 77896  15674
10.503954445 3750404793 5241585 77894  16050
10.514941961 3755665264 5260471 77900  15742
10.525953324 3761391776 5726512 84983  18552
10.537942418 3766703740 5311964 77898  15767
10.548941531 3772231178 5527438 77907  15781
10.559953534 3777505516 5274338 77904  16093
10.570940663 3782769044 5263528 77897  15811
10.581941846 3788041593 5272549 77894  15684
10.592941142 3793293088 5251495 77906  16747
10.603949868 3799148050 5854962 84982  17906
10.615941649 3804521788 5373738 77898  16101
10.626940118 3809909791 5388003 77916  15890
10.637954478 3815160041 5250250 77897  15717
10.648945997 3820434735 5274694 77911  15690
10.659953606 3826114156 5679421 84977  18607
10.671952467 3831404419 5290263 77904  15964
10.682941443 3836742050 5337631 77911  15753
10.693939676 3842179961 5437911 77910  15626
10.704953929 3847491353 5311392 77904  15786
10.715940538 3852764458 5273105 77901  15289
10.726942748 3858007880 5243422 77902  15964
10.737954451 3863574033 5566153 84977  18931
10.749965731 3869519099 5945066 84990  16181
10.761943078 3875255748 5736649 84985  18178
10.773940265 3880703519 5447771 77902  15802
10.784941332 3885930993 5227474 77904  16056
10.795939444 3891324060 5393067 77911  15608
10.806942680 3896585070 5261010 77898  15801
10.817954313 3901824033 5238963 77904  15726
10.828941869 3907094354 5270321 77894  15362
10.839939525 3912337252 5242898 77902  16137
10.850953698 3918070864 5733612 84984  18686
10.862942302 3923488601 5417737 77894  15713
10.873939938 3928861030 5372429 77901  15662
10.884954647 3934178601 5317571 77903  15233
10.895954707 3939415842 5237241 77902  15850
10.906962457 3944668998 5253156 77896  15601
10.917942835 3950242703 5573705 85002  18826
10.929952637 3955656943 5414240 77907  15483
10.940934712 3961192213 5535270 77897  15398
10.951940438 3966372408 5180195 77897  15866
10.962955068 3971740186 5367778 77917  15614
10.973954074 3976977711 5237525 77899  15861
10.984941980 3982249992 5272281 77893  15514
10.995952513 3987997731 5747739 84990  18453
11.007954184 3993291977 5294246 77898  15840
11.018953740 3998713308 5421331 77905  15683
11.029939836 4004072031 5358723 77914  15801
11.040953122 4009323891 5251860 77911  15606
11.051950311 4014603109 5279218 77907  15927
11.062942504 4020271512 5668403 84986  18585
11.074955351 4026078446 5806934 84991  16481
11.086954522 4031909685 5831239 84988  18197
11.098953672 4037328608 5418923 77906  15749
11.109941092 4042679535 5350927 77909  15316
11.120954075 4047914948 5235413 77903  15908
11.131940524 4053175934 5260986 77905  15652
11.142940496 4058401910 5225976 77909  16614
11.153954200 4064222900 5820990 84983  17933
11.165940633 4069739456 5516556 77906  15404
11.176953900 4075024922 5285466 77901  15783
11.187953173 4080282583 5257661 77911  15630
11.198963685 4085556315 5273732 77897  15793
11.209943065 4091257262 5700947 84986  18559
11.221942192 4096685395 5428133 77904  15291
11.232956311 4102037437 5352042 77914  15822
11.243939857 4107426645 5389208 77910  15634
11.254944677 4112667651 5241006 77904  15675
11.265953819 4117905970 5238319 77900  15484
11.276942712 4123192801 5286831 77903  15673
11.287941765 4128883772 5690971 84981  18606
11.299940299 4134160895 5277123 77908  15654
11.310952091 4139634114 5473219 77898  15768
11.321941247 4145025458 5391344 77918  15467
11.332941023 4150311529 5286071 77908  15421
11.343962850 4155570392 5258863 77895  15609
11.354942876 4161312674 5742282 84988  18795
11.366941493 4166701001 5388327 77898  15837
11.377954740 4172182414 5481413 77895  15473
11.388941092 4177463160 5280746 77905  15487
11.399952922 4182718499 5255339 77902  15471
11.410939504 4187958288 5239789 77904  16261
11.421954524 4193722885 5764597 84980  18348
11.433940211 4199237593 5514708 77906  15481
11.444952707 4204594862 5357269 77896  15428
11.455940696 4209821668 5226806 77897  15455
11.466941842 4215100095 5278427 77899  15797
11.477952512 4220762294 5662199 84988  18768
11.489940419 4226053146 5290852 77912  15340
11.500955259 4231495574 5442428 77901  15602
11.511940718 4236814457 5318883 77904  15440
11.522953611 4242151805 5337348 77896  15800
11.533954687 4247399328 5247523 77894  15391
11.544940806 4252678865 5279537 77907  15369
11.555954396 4258426083 5747218 84974  18646
11.567941127 4263727440 5301357 77905  15367
11.578942793 4269131499 5404059 77908  15956
11.589940725 4274513955 5382456 77912  15611
11.600952691 4279769699 5255744 77898  15561
11.611952577 4285045686 5275987 77918  15758
11.622942520 4290769640 5723954 84982  18824
11.634939641 4296086045 5316405 77904  15949
11.645961480 4301583847 5497802 77913  15502
11.656942419 4306871794 5287947 77907  15590
11.667954742 4312128440 5256646 77904  15806
11.678954976 4317389310 5260870 77900  15732
11.689952815 4323037329 5648019 84979  18727
11.701941958 4328365825 5328496 77899  15341
11.712954852 4333914143 5548318 77913  15446
11.723942187 4339232650 5318507 77902  15735
11.734940509 4344462875 5230225 77902  15644
11.745952283 4349695968 5233093 77903  15561
11.756941382 4354952500 5256532 77910  15877
11.767953718 4360683936 5731436 84977  18101
11.779940072 4366041582 5357646 77914  15670
11.790962125 4371511640 5470058 77898  15594
11.801954574 4376772474 5260834 77916  15573
11.812940950 4382012787 5240313 77891  15333
11.823942260 4387276412 5263625 77909  15541
11.834941056 4392961664 5685252 84988  18611
11.846947396 4398308591 5346927 77891  16219
11.857940719 4403687876 5379285 77907  16103
11.868959596 4409089727 5401851 77904  15889
11.879957899 4414332726 5242999 77911  15959
11.890952745 4419606716 5273990 77906  15910
11.901952667 4425338849 5732133 84987  19089
11.913941730 4430688173 5349324 77908  15643
11.924952867 4436135730 5447557 77899  15480
11.935963343 4441412824 5277094 77900  15633
11.946953486 4446661789 5248965 77898  15634
11.957940785 4451928068 5266279 77906  15644
11.968954725 4457577520 5649452 84989  18812
11.980941572 4462899507 5321987 77898  15339
11.991941498 4468362900 5463393 77899  15477
12.002941287 4473744721 5381821 77903  15478
12.013953780 4478984514 5239793 77906  15503
12.024941766 4484256230 5271716 77896  15973
12.035954392 4489998516 5742286 84980  18247
12.047954664 4495355137 5356621 77905  15421
12.058941069 4500792648 5437511 77896  15544
12.069941841 4506070707 5278059 77908  15558
12.080953042 4511305638 5234931 77910  15909
12.091948608 4516567165 5261527 77904  15422
12.102953704 4522233413 5666248 84982  18345
12.114940991 4527515084 5281671 77892  15513
12.125955317 4533010916 5495832 77901  15617
12.136940390 4538335697 5324781 77908  15955
12.147955112 4543584362 5248665 77906  15202
12.158953818 4548815367 5231005 77900  15450
12.169942324 4554087008 5271641 77897  15541
12.180953694 4559839235 5752227 84984  18532
12.192940431 4565170289 5331054 77907  15893
12.203940964 4570609474 5439185 77899  15254
12.214940253 4575876083 5266609 77909  15432
12.225940942 4581116788 5240705 77893  15441
12.236958009 4586387501 5270713 77898  15562
12.247955078 4591976621 5589120 84988  19060
12.259954493 4597327429 5350808 77912  15281
12.270942904 4602616727 5289298 77905  15560
12.281941410 4608042746 5426019 77898  15492
12.292956691 4613388078 5345332 77903  15536
12.303955117 4618613122 5225044 77901  15761
12.314955739 4623839021 5225899 77908  15513
12.325955382 4629085340 5246319 77895  15801
12.336943638 4634817709 5732369 84986  18061
12.348942299 4640155272 5337563 77919  15581
12.359944088 4645362066 5206794 77911  15820
12.370954947 4650809803 5447737 77914  15480
12.381963934 4656083249 5273446 77901  15593
12.392941879 4661323363 5240114 77904  15448
12.403954085 4666955579 5632216 84972  18416
12.415941146 4672260853 5305274 77907  15760
12.426941155 4677604625 5343772 77902  15551
12.437942295 4683069099 5464474 77918  15562
12.448954022 4688352978 5283879 77906  15491
12.459941627 4693617697 5264719 77902  15171
12.470941400 4698864842 5247145 77904  15739
12.481942366 4704583151 5718309 84985  18641
12.493953287 4709937884 5354733 77895  15373
12.504941006 4715386872 5448988 77902  15442
12.515952776 4720669808 5282936 77913  15154
12.526953748 4725919381 5249573 77899  15557
12.537948628 4731578846 5659465 84984  18583
12.549954568 4736872392 5293546 77900  15393
12.560954648 4742399874 5527482 77911  15439
12.571954967 4747714225 5314351 77902  15197
12.582939646 4752936219 5221994 77899  15582
12.593953233 4758183796 5247577 77908  15491
12.604942392 4763897578 5713782 84984  18568
12.616941879 4769264365 5366787 77904  15398
12.627940585 4774757750 5493385 77904  15204
12.638941904 4779979236 5221486 77907  15616
12.649941380 4785235189 5255953 77901  15378
12.660953724 4790904944 5669755 84990  18529
12.672952655 4796297603 5392659 77893  15374
12.683952191 4801805516 5507913 77896  15161
12.694942067 4807025141 5219625 77900  15561
12.705940993 4812268363 5243222 77900  15396
12.716942172 4817491251 5222888 77907  16338
12.727954338 4823337436 5846185 84984  17605
12.739954189 4828857270 5519834 77897  15261
12.750953025 4834087631 5230361 77908  15622
12.761942047 4839320428 5232797 77888  15478
12.772952570 4844933466 5613038 84990  18458
12.784953811 4850311658 5378192 77898  15272
12.795940940 4855921632 5609974 77929  15222
12.806953386 4861157034 5235402 77904  15570
12.817952676 4866387475 5230441 77903  15349
12.828950691 4872022737 5635262 84990  18483
12.840942069 4877344814 5322077 77890  15357
12.851954346 4882815585 5470771 77899  15182
12.862955034 4888080888 5265303 77902  15589
12.873940301 4893403522 5322634 77905  15452
12.884952994 4898626352 5222830 77905  15560
12.895940422 4903884334 5257982 77901  15183
12.906940272 4909672960 5788626 84977  18179
12.918942190 4915009600 5336640 77893  15607
12.929941549 4920458891 5449291 77906  15532
12.940940468 4925684741 5225850 77888  15610
12.951952284 4930940250 5255509 77893  15221
12.962954427 4936704110 5763860 84984  18193
12.974950221 4942090677 5386567 77910  15501
12.985943374 4947485584 5394907 77895  15510
12.996953830 4952719176 5233592 77904  15516
13.007953549 4957949661 5230485 77904  15100
13.018952688 4963666302 5716641 84980  18224
13.030955772 4969445661 5779359 84983  15928
13.042954293 4975177154 5731493 84983  18110
13.054941277 4980676511 5499357 77909  15331
13.065940300 4985980529 5304018 77909  15360
13.076953002 4991228071 5247542 77902  15034
13.087952798 4996435878 5207807 77899  15562
13.098954361 5002044653 5608775 84980  18606
13.110954285 5007433845 5389192 77898  15262
13.121940811 5012949025 5515180 77904  15276
13.132961628 5018249419 5300394 77906  15087
13.143941233 5023470368 5220949 77899  15546
13.154953663 5029047047 5576679 84991  18501
13.166956231 5034437463 5390416 77914  15383
13.177954140 5039880453 5442990 77907  15371
13.188953586 5045274380 5393927 77910  15014
13.199951625 5050492089 5217709 77903  15538
13.210954728 5055737237 5245148 77912  15332
13.221940091 5061443966 5706729 84989  18449
13.233953571 5066836354 5392388 77898  15307
13.244940411 5072300344 5463990 77918  15121
13.255940073 5077520865 5220521 77909  15409
13.266953139 5083101844 5580979 84984  18378
13.278951457 5088996304 5894460 84984  15977
13.290943444 5094736503 5740199 84980  17611
13.302941705 5100317896 5581393 77900  15348
13.313953334 5105549301 5231405 77910  15554
13.324939527 5110772092 5222791 77903  15101
13.335954693 5116012345 5240253 77904  15746
13.346954402 5121757637 5745292 84983  17889
13.358939923 5127350097 5592460 77903  15277
13.369940435 5132577063 5226966 77900  15588
13.380954228 5137793234 5216171 77907  15196
13.391954018 5143403137 5609903 84982  18175
13.403940981 5148773176 5370039 77901  15305
13.414954944 5154371422 5598246 77913  15299
13.425964028 5159591986 5220564 77892  15685
13.436940989 5164840530 5248544 77897  15236
13.447949215 5170535465 5694935 84986  18296
13.459954094 5175903546 5368081 77904  15403
13.470953309 5181381510 5477964 77907  15381
13.481942672 5186597459 5215949 77900  15698
13.492940165 5191844276 5246817 77904  15235
13.503942164 5197550737 5706461 84986  18170
13.515940722 5202925893 5375156 77901  15293
13.526954781 5208401191 5475298 77901  15352
13.537953064 5213617503 5216312 77912  15641
13.548940246 5218858223 5240720 77897  15287
13.559941036 5224560391 5702168 84993  18093
13.571950096 5229984681 5424290 77898  15225
13.582942096 5235393444 5408763 77899  15293
13.593940338 5240611111 5217667 77908  15639
13.604954658 5245828847 5217736 77898  15462
13.615952524 5251467344 5638497 84985  18392
13.627953258 5257300289 5832945 84989  16131
13.639940115 5263175449 5875160 84993  17870
13.651941256 5268510578 5335129 77901  15800
13.662940325 5273822022 5311444 77905  15035
13.673941091 5279028051 5206029 77900  15311
13.684954397 5284284655 5256604 77899  15412
13.695953680 5290000305 5715650 84983  18312
13.707954307 5295308298 5307993 77901  15638
13.718940680 5300809350 5501052 77908  15045
13.729950272 5306021324 5211974 77907  15205
13.740941928 5311279803 5258479 77903  15373
13.751954005 5317041373 5761570 84972  18129
13.763953692 5322490751 5449378 77906  15654
13.774953518 5327810087 5319336 77915  14968
13.785954811 5333013208 5203121 77896  15132
13.796953130 5338266228 5253020 77901  15375
13.807954343 5344008314 5742086 84991  18123
13.819940586 5349343028 5334714 77892  15557
13.830953520 5354779557 5436529 77911  15042
13.841953039 5360000468 5220911 77893  15176
13.852941509 5365249524 5249056 77905  15392
13.863954881 5371042694 5793170 84999  18118
13.875962305 5376497610 5454916 77909  15667
13.886941628 5381779320 5281710 77904  15021
13.897941647 5386985068 5205748 77907  15244
13.908954577 5392657351 5672283 84977  18287
13.920941907 5398023855 5366504 77906  15299
13.931942153 5403438291 5414436 77895  15632
13.942954413 5408750631 5312340 77905  14987
13.953955459 5413956526 5205895 77904  15224
13.964953685 5419539272 5582746 84985  18306
13.976954055 5424948085 5408813 77898  15282
13.987954655 5430271943 5323858 77906  15471
13.998941407 5435718941 5446998 77913  14937
14.009940117 5440921930 5202989 77913  15144
14.020951446 5446504820 5582890 84992  18249
14.032954510 5452405232 5900412 84991  15928
14.044953924 5458121130 5715898 84979  17754
14.056955215 5463650524 5529394 77903  15058
14.067954591 5468899117 5248593 77903  15164
14.078941897 5474124748 5225631 77905  15104
14.089941123 5479367074 5242326 77894  15662
14.100944139 5485066566 5699492 84985  18007
14.112955190 5490572281 5505715 77912  14998
14.123954105 5495858973 5286692 77911  15274
14.134952359 5501086650 5227677 77899  15224
14.145941401 5506323403 5236753 77897  15648
14.156943407 5512019115 5695712 84992  17972
14.168950641 5517403919 5384804 77914  15002
14.179943121 5522731904 5327985 77907  15256
14.190954160 5528005088 5273184 77914  15154
14.201955266 5533221092 5216004 77904  15108
14.212954129 5538788700 5567608 84977  18432
14.224955163 5544667635 5878935 84983  15718
14.236942303 5550478381 5810746 84990  17453
14.248941674 5555979297 5500916 77895  15201
14.259941959 5561182874 5203577 77898  15249
14.270953080 5566417405 5234531 77910  15337
14.281953842 5572132237 5714832 84980  17886
14.293954220 5577571214 5438977 77893  15177
14.304952525 5582983776 5412562 77903  15270
14.315940548 5588236326 5252550 77904  15253
14.326949398 5593512727 5276401 77902  15257
14.337941614 5599257311 5744584 84982  18019
14.349952954 5604800052 5542741 77903  15114
14.360954350 5610135353 5335301 77907  15283
14.371951973 5615378433 5243080 77904  15329
14.382953826 5620991252 5612819 84983  18308
14.394941760 5626400786 5409534 77900  15005
14.405940859 5631946573 5545787 77901  15184
14.416952588 5637265135 5318562 77906  15231
14.427940398 5642508510 5243375 77907  15288
14.438940294 5647773285 5264775 77913  15382
14.449952813 5653554411 5781126 84981  17896
14.461954804 5659083504 5529093 77898  15141
14.472963597 5664387236 5303732 77892  15302
14.483953763 5669627871 5240635 77893  15309
14.494941448 5674893940 5266069 77917  15485
14.505941999 5680656862 5762922 84991  17861
14.517940552 5686208661 5551799 77905  15170
14.528941458 5691502012 5293351 77903  15279
14.539940865 5696740090 5238078 77898  15217
14.550953827 5702006886 5266796 77896  15577
14.561954750 5707778846 5771960 84977  17897
14.573942261 5713271617 5492771 77896  15203
14.584941757 5718609463 5337846 77903  15337
14.595953629 5723852145 5242682 77915  15333
14.606940972 5729115051 5262906 77901  15520
14.617950151 5734883487 5768436 84979  17939
14.629953832 5740427366 5543879 77909  15151
14.640953481 5745717181 5289815 77911  15326
14.651955011 5750957266 5240085 77900  15348
14.662939597 5756220384 5263118 77899  15366
14.673940593 5762024661 5804277 84992  17848
14.685940497 5767517264 5492603 77910  15145
14.696953286 5772826373 5309109 77912  15340
14.707952669 5778060506 5234133 77903  15281
14.718953235 5783321653 5261147 77901  15377
14.729954992 5789117323 5795670 84981  17758
14.741940215 5794605860 5488537 77908  15054
14.752940214 5799914580 5308720 77901  15301
14.763950337 5805155200 5240620 77904  15144
14.774954104 5810741735 5586535 84991  18233
14.786952513 5816138139 5396404 77902  14933
14.797954797 5821535844 5397705 77904  15089
14.808953563 5827004810 5468966 77901  15304
14.819954909 5832244817 5240007 77906  15137
14.830940611 5837505479 5260662 77908  15395
14.841941804 5843275469 5769990 84985  17722
14.853954208 5848809317 5533848 77900  15003
14.864941271 5854100685 5291368 77908  15235
14.875941377 5859337477 5236792 77896  15185
14.886952636 5864962108 5624631 84992  18274
14.898954480 5870359835 5397727 77901  14999
14.909953296 5875848257 5488422 77909  15019
14.920962442 5881175146 5326889 77900  15256
14.931955385 5886412288 5237142 77895  15244
14.942939928 5891666451 5254163 77907  15476
14.953942260 5897467349 5800898 84985  17715
14.965953991 5902961078 5493729 77906  15026
14.976955700 5908247709 5286631 77909  15227
14.987953140 5913479104 5231395 77907  15275
14.998954192 5919096482 5617378 84990  18274
15.010953160 5924474704 5378222 77904  14885
15.021942552 5929999759 5525055 77912  15097
15.032941612 5935318895 5319136 77902  15208
15.043941558 5940553938 5235043 77900  15178
15.054953370 5945810320 5256382 77896  15294
15.065962914 5951584381 5774061 84986  17864
15.077954851 5957158448 5574067 77907  15047
15.088939450 5962416058 5257610 77898  15227
15.099941193 5967682397 5266339 77896  15820
15.110942002 5973447412 5765015 84977  17651
15.122941982 5979034715 5587303 77897  14926
15.133941119 5984282805 5248090 77896  15050
15.144941275 5989547425 5264620 77908  15890
15.155988511 5995351827 5804402 84982  17268
15.167953848 6000833687 5481860 77901  15358
15.178940538 6006118091 5284404 77917  15003
15.189941673 6011353530 5235439 77901  15085
15.200940157 6016611147 5257617 77902  15815
15.211963596 6022453979 5842832 84980  17432
15.223941190 6027908568 5454589 77897  15417
15.234952563 6033185596 5277028 77908  15036
15.245953895 6038413963 5228367 77904  15006
15.256952388 6044067105 5653142 84971  18154
15.268954955 6049912905 5845800 84989  15585
15.280940489 6055717112 5804207 84988  17674
15.292955000 6061235517 5518405 77721  15221
15.303230826 6066484096 5248579 78083  14905
15.314941555 6071759938 5275842 77907  15388
15.325954958 6077473019 5713081 84983  17722
15.337940102 6082968342 5495323 77900  15162
15.348954258 6088318330 5349988 77900  15258
15.359955267 6093545345 5227015 77897  14775
15.370953917 6099214178 5668833 84992  17782
15.382940751 6104458210 5244032 77905  15253
15.393955670 6109802384 5344174 77902  15192
15.404941033 6115337926 5535542 77906  15364
15.415954172 6120583571 5245645 77905  14814
15.426952595 6125849744 5266173 77900  15459
15.437942827 6131556809 5707065 84984  17768
15.449953211 6136942943 5386134 77903  15256
15.460955384 6142400422 5457479 77900  15369
15.471940243 6147630297 5229875 77903  14984
15.482954497 6153268706 5638409 84981  17806
15.494955000 6159129641 5860935 84990  15639
15.506942794 6164917159 5787518 84979  17846
15.518963372 6170393553 5476394 77903  15244
15.529955837 6175677128 5283575 77902  15318
15.540940727 6180933915 5256787 77896  14983
15.551916814 6186159569 5225654 77901  15755
15.562952812 6191940240 5780671 84990  18321
15.574954696 6197423478 5483238 77904  15171
15.585955316 6202700419 5276941 77913  15155
15.596955205 6207945879 5245460 77904  14868
15.607953597 6213184198 5238319 77894  15280
15.618940497 6218902910 5718712 84989  18444
15.630941591 6224371754 5468844 77915  15148
15.641939200 6229719585 5347831 77913  15081
15.652952087 6234965413 5245828 77903  14837
15.663960246 6240505892 5540479 84986  18485
15.675952066 6245924084 5418192 77896  15108
15.686941703 6251427123 5503039 77913  14945
15.697942122 6256745910 5318787 77921  14981
15.708939651 6261995432 5249522 77896  14683
15.719942288 6267223057 5227625 77904  15436
15.730942157 6272968558 5745501 84986  17930
15.742955194 6278498656 5530098 77912  14861
15.753955017 6283760097 5261441 77903  14977
15.764940386 6289013376 5253279 77899  14652
15.775954069 6294614340 5600964 84983  18342
15.787940200 6299969821 5355481 77898  14964
15.798942229 6305514655 5544834 77921  14945
15.809950145 6310780514 5265859 77898  15045
15.820942561 6316022995 5242481 77905  14695
15.831953354 6321586783 5563788 84983  18291
15.843941278 6326972733 5385950 77904  14965
15.854953530 6332517359 5544626 77905  14926
15.865941326 6337795449 5278090 77915  14997
15.876941292 6343049967 5254518 77907  14655
15.887953842 6348648756 5598789 84972  18385
15.899941539 6354041042 5392286 77895  14976
15.910952288 6359556793 5515751 77908  14932
15.921939244 6364816738 5259945 77908  15053
15.932953351 6370089152 5272414 77907  14647
15.943954610 6375694549 5605397 84986  18344
15.955939740 6381034326 5339777 77907  14995
15.966961574 6386614075 5579749 77910  14863
15.977942036 6391855873 5241798 77904  14980
15.988941865 6397113665 5257792 77909  15202
15.999942668 6402823069 5709404 84982  17951
16.011952818 6408324084 5501015 77901  15021
16.022953599 6413645989 5321905 77912  14934
16.033941698 6418871449 5225460 77896  14943
16.044953954 6424546425 5674976 84980  17756
16.056943034 6429827901 5281476 77911  15292
16.067943177 6435367277 5539376 77909  15019
16.078942563 6440651345 5284068 77911  15010
16.089954309 6445873836 5222491 77912  14901
16.100954992 6451573610 5699774 84982  17757
16.112963843 6457356459 5782849 84988  15730
16.124955700 6463184731 5828272 84984  17334
16.136954137 6468561267 5376536 77900  14972
16.147942276 6473875605 5314338 77908  14994
16.158942892 6479108160 5232555 77897  14949
16.169954685 6484677341 5569181 84987  18409
16.181954023 6490119206 5441865 77906  14742
16.192955375 6495598354 5479148 77911  15048
16.203954488 6500880437 5282083 77903  15020
16.214940151 6506136261 5255824 77895  14864
16.225941727 6511758595 5622334 84981  18383
16.237942067 6517157816 5399221 77904  14681
16.248940933 6522601923 5444107 77903  14908
16.259964276 6527870521 5268598 77911  14904
16.270954135 6533117561 5247040 77898  14879
16.281953788 6538766658 5649097 84988  18397
16.293941055 6544197486 5430828 77901  14685
16.304940604 6549647337 5449851 77897  14888
16.315953541 6554882913 5235576 77914  14938
16.326941793 6560560268 5677355 84979  17872
16.338955054 6566354688 5794420 84986  15955
16.350954771 6572213431 5858743 84989  16852
16.362953872 6577664635 5451204 77908  14828
16.373940537 6582888088 5223453 77908  14857
16.384942374 6588136345 5248257 77901  15269
16.395952570 6593858562 5722217 84981  17745
16.407962154 6599429999 5571437 77910  14763
16.418952880 6603711503 4281504 77904  25348
16.429953026 6607977383 4265880 77908  15180
16.440942379 6613204242 5226859 77904  15923
16.451953475 6618415133 5210891 77894  16805
16.462941241 6623634754 5219621 77912  17765
16.473955530 6629444027 5809273 84991  19861
16.485941934 6634863131 5419104 77910  15800
16.496939693 6640157960 5294829 77896  14862
16.507953486 6645380526 5222566 77896  15450
16.518953375 6651115222 5734696 84987  18487
16.530953713 6656671077 5555855 77911  15181
16.541941705 6661931981 5260904 77892  15043
16.552954162 6667187587 5255606 77897  15100
16.563949231 6669474394 2286807 84987  46848
16.575942411 6671228923 1754529 84981  44692
16.587954422 6672935755 1706832 84987  49518
16.599942566 6674792259 1856504 84981  47184
16.611954833 6676654635 1862376 84997  49235
16.623955287 6678521217 1866582 85002  47204
16.635953331 6680379688 1858471 84996  45649
16.647941965 6682285981 1906293 84991  47411
16.659954273 6684147579 1861598 84999  45962
16.671940609 6686006453 1858874 84999  45858
16.683939626 6687858142 1851689 84977  46452
16.695939227 6689722520 1864378 84995  44885
16.707953401 6691624195 1901675 84985  46478
16.719950532 6693476745 1852550 84981  45361
16.731953479 6695325152 1848407 84994  44534
16.743952190 6697173848 1848696 84998  46468
16.755954564 6699084450 1910602 84993  44849
16.767940410 6700939085 1854635 84994  44708
16.779941731 6702795252 1856167 85001  45930
16.791941208 6704652218 1856966 84996  44591
16.803941859 6706555343 1903125 84995  45724
16.815953389 6708406265 1850922 85006  44887
16.827939740 6710256018 1849753 84996  44442
16.839951604 6712104264 1848246 84992  45899
16.851954505 6713962760 1858496 84991  44912
16.863954088 6715853880 1891120 84995  44290
16.875948432 6717702788 1848908 84992  45679
16.887941546 6719546718 1843930 84990  44547
16.899940846 6721402197 1855479 85005  45642
16.911940270 6723286970 1884773 84995  44771
16.923941041 6725131820 1844850 84995  44499
16.935952812 6726975894 1844074 84992  45625
16.947953899 6728572740 1596846 84990  46263
16.959954796 6730182134 1609394 84994  40981
16.971940843 6732021879 1839745 84990  49870
16.983940253 6733862072 1840193 84998  48565
16.995952684 6735454863 1592791 84995  47962
17.007941708 6737297889 1843026 84985  48818
17.019939582 6739183314 1885425 85004  48603
17.031948539 6741022193 1838879 84998  47791
17.043955277 6742854361 1832168 84995  46874
17.055954997 6744730775 1876414 84995  46316
17.067953635 6746558217 1827442 85003  46038
17.079952511 6748384846 1826629 84996  46566
17.091954026 6750255813 1870967 85000  45604
17.103952009 6752072318 1816505 85000  45590
17.115942020 6753890388 1818070 84996  46661
17.127940114 6755758544 1868156 84993  45779
17.139953521 6757570706 1812162 84986  45348
17.151952325 6759382340 1811634 85001  45825
17.163940001 6761243875 1861535 85003  45061
17.175952342 6763051371 1807496 84987  46047
17.187952247 6764857919 1806548 85001  45555
17.199961827 6766711245 1853326 84999  44518
17.211940681 6768512074 1800829 84994  46072
17.223943061 6770363323 1851249 84992  45274
17.235943109 6772162975 1799652 85013  45315
17.247941856 6773960956 1797981 85013  45860
17.259955353 6775803976 1843020 84989  44722
17.271955407 6777597925 1793949 84995  45585
17.283955575 6779440575 1842650 85010  45270
17.295954124 6781232353 1791778 84993  45154
17.307941422 6783019628 1787275 84995  45802
17.319954132 6784854769 1835141 85026  45239
17.331954213 6786642205 1787436 84990  45163
17.343941434 6788470829 1828624 85000  45516
17.355950554 6790252238 1781409 84995  45420
17.367941502 6792081250 1829012 85001  45160
17.379953969 6793860362 1779112 84997  45697
17.391954976 6795641472 1781110 84994  45076
17.403941606 6797457153 1815681 84992  45623
17.415956400 6799232812 1775659 85007  45730
17.427953317 6801050396 1817584 85000  44364
17.439942378 6802818788 1768392 84994  46059
17.451941475 6804635870 1817082 84997  45174
17.463941783 6806401821 1765951 84994  45479
17.475954267 6808210866 1809045 84989  45560
17.487953590 6809974431 1763565 84998  45261
17.499941174 6811781876 1807445 84995  45420
17.511962972 6813540600 1758724 84988  45776
17.523952705 6815345194 1804594 84996  45245
17.535954179 6817100497 1755303 84991  45697
17.547942246 6818899739 1799242 84984  45409
17.559941954 6820650759 1751020 84998  45230
17.571941971 6822449106 1798347 85001  45820
17.583941938 6824200520 1751414 84993  45947
17.595941395 6825993932 1793412 85005  45119
17.607953772 6827738645 1744713 85004  45996
17.619954219 6829528105 1789460 85002  45361
17.631954437 6831268334 1740229 84995  46245
17.643941401 6833052113 1783779 84998  46093
17.655940675 6834789834 1737721 84995  45640
17.667969585 6836567832 1777998 84996  45770
17.679941256 6838296096 1728264 85006  45948
17.691941529 6840067691 1771595 85004  45040
17.703942130 6841802892 1735201 84995  46104
17.715954954 6843557773 1754881 84997  45869
17.727955228 6845321923 1764150 85006  45136
17.739954448 6847038461 1716538 84993  45876
17.751954639 6848796481 1758020 84996  45219
17.763940973 6850508860 1712379 84997  45948
17.775942194 6852264455 1755595 85006  45586
17.787942400 6854016356 1751901 85014  45471
17.799942721 6855720155 1703799 84983  45734
17.811954981 6857466906 1746751 84995  45548
17.823955206 6859166809 1699903 84990  45610
17.835950693 6860905402 1738593 84987  45943
17.847942507 6862645698 1740296 84999  45851
17.859952804 6864340066 1694368 85000  45667
17.871941845 6866074846 1734780 84988  46121
17.883953772 6867764594 1689748 84997  45931
17.895942708 6869492766 1728172 84996  45480
17.907942442 6871219483 1726717 84993  45977
17.919940626 6872902090 1682607 84994  45646
17.931953590 6874624532 1722442 84997  45989
17.943953021 6876345536 1721004 84997  45834
17.955941202 6878018770 1673234 84994  45327
17.967939942 6879730248 1711478 84993  46066
17.979941839 6881440197 1709949 84992  45681
17.991950990 6883108512 1668315 84998  45972
18.003953484 6884811189 1702677 84997  46075
18.015954354 6886514334 1703145 84987  46020
18.027940908 6888176291 1661957 85005  45881
18.039952159 6889871317 1695026 85003  45990
18.051952973 6891566664 1695347 84996  45684
18.063939847 6893220051 1653387 84986  46382
18.075954054 6894912647 1692596 84995  46184
18.087953241 6896600564 1687917 84989  45880
18.099941261 6898290141 1689577 85008  46788
18.111949608 6899936320 1646179 84994  46437
18.123953689 6901617236 1680916 84996  45606
18.135940116 6903297204 1679968 85004  46397
18.147949424 6904936707 1639503 84988  46468
18.159954364 6906611483 1674776 84999  45782
18.171942668 6908284607 1673124 84996  46337
18.183942515 6909957142 1672535 84995  46187
18.195953123 6911587890 1630748 84999  45892
18.207942399 6913251334 1663444 84987  46157
18.219941407 6914916568 1665234 84998  45998
18.231941251 6916579982 1663414 85018  46345
18.243941395 6918201270 1621288 84990  46442
18.255940585 6919856017 1654747 84988  45793
18.267954176 6921510687 1654670 85002  46341
18.279953030 6923163304 1652617 85005  46214
18.291940870 6924773787 1610483 84990  45826
18.303963738 6926420706 1646919 84998  46481
18.315942228 6928067640 1646934 85015  46565
18.327940868 6929708837 1641197 85022  45902
18.339955009 6931351949 1643112 85003  46644
18.351940856 6932954657 1602708 85010  46768
18.363940323 6934589626 1634969 85006  46073
18.375953798 6936223827 1634201 84998  46731
18.387954598 6937854883 1631056 85004  46107
18.399954975 6939483253 1628370 84998  46433
18.411941392 6941074290 1591037 84998  46989
18.423953723 6942697176 1622886 84999  46304
18.435953587 6944319422 1622246 85007  46762
18.447940567 6945937806 1618384 84996  46564
18.459940915 6947555172 1617366 84998  46277
18.471961252 6949158498 1603326 84988  47036
18.483954529 6950748068 1589570 84994  46758
18.495952793 6952359363 1611295 85000  46123
18.507941896 6953968784 1609421 84998  47133
18.519952687 6955574972 1606188 84989  46705
18.531953981 6957176468 1601496 84989  46147
18.543934665 6958778595 1602127 84985  46899
18.555953572 6960345331 1566736 84999  47265
18.567941653 6961941707 1596376 84982  46488
18.579940116 6963538125 1596418 84995  47154
18.591951827 6965134010 1595885 84995  47091
18.603952941 6966723999 1589989 84992  46735
18.615952648 6968312976 1588977 85002  46880
18.627950822 6969899877 1586901 85001  46970
18.639941749 6971487655 1587778 85000  47161
18.651941133 6973036313 1548658 85001  47493
18.663954171 6974618208 1581895 84992  46863
18.675953271 6976198739 1580531 85016  47248
18.687942171 6977774338 1575599 84991  47193
18.699942232 6979351291 1576953 84997  46611
18.711953886 6980926366 1575075 85006  47252
18.723942583 6982496959 1570593 85004  46755
18.735952360 6984064988 1568029 84995  46335
18.747953278 6985632604 1567616 85008  47247
18.759952665 6987198000 1565396 84997  46900
18.771941532 6988743696 1545696 84997  46480
18.783956156 6990292097 1548401 85000  47196
18.795955363 6991852222 1560125 84999  46948
18.807954704 6993407776 1555554 84988  46472
18.819954917 6994963377 1555601 85005  47157
18.831954131 6996514835 1551458 85016  46737
18.843942339 6998060551 1545716 84989  46473
18.855953146 6999605218 1544667 85005  47033
18.867952643 7001149698 1544480 85009  46848
18.879941780 7002689349 1539651 84999  46855
18.891954484 7004225947 1536598 85002  46709
18.903941954 7005763480 1537533 84997  46750
18.915941148 7007296397 1532917 85000  46980
18.927941319 7008826444 1530047 85009  46802
18.939964306 7010355176 1528732 84989  46454
18.951952287 7011880958 1525782 84992  47133
18.963953788 7013403987 1523029 85000  46882
18.975940927 7014922207 1518220 84983  46183
18.987940015 7016442913 1520706 85001  47278
18.999953195 7017959291 1516378 85004  46659
19.011952479 7019472469 1513178 84991  46497
19.023953323 7020985652 1513183 84991  47291
19.035939473 7022496480 1510828 84996  46725
19.047953061 7024003204 1506724 84998  46532
19.059939825 7025509747 1506543 84992  47268
19.071952812 7027015934 1506187 84997  47136
19.083952776 7028516153 1500219 84989  46560
19.095953440 7030016507 1500354 84998  47370
19.107949317 7031515990 1499483 84994  47139
19.119940261 7033009610 1493620 85020  46595
19.131939234 7034502107 1492497 84998  47420
19.143952919 7035993272 1491165 84997  46853
19.155952383 7037479876 1486604 84995  46983
19.167940799 7038965312 1485436 84989  47444
19.179940643 7040450789 1485477 85008  47300
19.191941424 7041932533 1481744 84998  47058
19.203954278 7043411059 1478526 85006  47267
19.215940689 7044892218 1481159 85004  47107
19.227952799 7046392257 1500039 85016  47137
19.239941076 7047863580 1471323 85002  47359
19.251952787 7049334081 1470501 84992  46903
19.263949257 7050803500 1469419 84999  47623
19.275954821 7052270249 1466749 84998  47559
19.287953355 7053735185 1464936 84994  46904
19.299955739 7055198736 1463551 84988  47640
19.311941536 7056660639 1461903 84994  47353
19.323943740 7058118869 1458230 84994  46670
19.335953934 7059576165 1457296 85003  47552
19.347942502 7061060853 1484688 85000  47151
19.359954672 7062511241 1450388 84998  46695
19.371942642 7063961736 1450495 84987  47582
19.383955009 7065410769 1449033 84996  47104
19.395942137 7066858112 1447343 84995  47201
19.407955281 7068300724 1442612 85001  47827
19.419950011 7069744231 1443507 84994  47645
19.431942404 7071183330 1439099 85003  47374
19.443940736 7072645148 1461818 84993  47831
19.455941576 7074076566 1431418 85006  47567
19.467954323 7075509146 1432580 84990  47332
19.479954410 7076936424 1427278 85002  47770
19.491941814 7078364551 1428127 84993  47366
19.503954812 7079790168 1425617 84999  47285
19.515954429 7081212633 1422465 85005  47621
19.527942419 7082656380 1443747 85002  47016
19.539939816 7084074426 1418046 84997  49337
19.551940146 7085492041 1417615 85022  54576
19.563954121 7086906055 1414014 84999  54013
19.575942235 7088319891 1413836 85008  51840
19.587954912 7089756842 1436951 85005  50683
19.599955723 7091163703 1406861 84999  49851
19.611954980 7092571077 1407374 85007  49206
19.623943897 7093976949 1405872 85001  49483
19.635940984 7095380602 1403653 84993  48951
19.647943078 7096806577 1425975 85017  48788
19.659940878 7098203718 1397141 85004  49230
19.671945132 7099601154 1397436 84996  48435
19.683940566 7100995756 1394602 84980  48230
19.695941757 7102390691 1394935 85007  48691
19.707940564 7103803709 1413018 85007  47884
19.719953731 7105191385 1387676 84992  47785
19.731940855 7106580474 1389089 84985  48143
19.743950919 7107967633 1387159 84999  48372
19.755953696 7109372718 1405085 85014  47752
19.767941133 7110752626 1379908 84990  48131
19.779941371 7112134011 1381385 85001  48107
19.791951981 7113510403 1376392 85015  47971
19.803954239 7114908397 1397994 85014  47915
19.815952082 7116282031 1373634 84981  47921
19.827942276 7117653175 1371144 85011  47748
19.839952177 7119021549 1368374 85001  48212
19.851954164 7120409800 1388251 84993  47908
19.863952684 7121777004 1367204 84990  48236
19.875951715 7123141008 1364004 84998  48033
19.887941875 7124520158 1379150 84994  47958
19.899955203 7125885396 1365238 84995  48004
19.911955767 7127242088 1356692 85019  48277
19.923942163 7128597527 1355439 84986  48000
19.935953907 7129971608 1374081 85012  48055
19.947954465 7131323103 1351495 84994  48267
19.959941652 7132672548 1349445 84990  48176
19.971941863 7134038776 1366228 84998  48324
19.983955137 7135382288 1343512 84999  48342
19.995955871 7136722782 1340494 85006  48263
20.007941290 7138080508 1357726 85000  48147
20.019942054 7139416908 1336400 85012  48267
20.031942225 7140771957 1355049 85018  48201
20.043942216 7142098298 1326341 85000  48043
20.055964460 7143426189 1327891 85004  48211
20.067943694 7144769252 1343063 85000  47962
20.079940667 7146092057 1322805 85001  48125
20.091954847 7147413794 1321737 84994  48340
20.103941925 7148747349 1333555 84997  48094
20.115942082 7150062183 1314834 84999  48014
20.127952593 7151392772 1330589 85011  48295
20.139954673 7152703225 1310453 85002  48308
20.151953857 7154007888 1304663 84989  48192
20.163941695 7155329313 1321425 85004  48272
20.175954845 7156632623 1303310 84997  48511
20.187952408 7157945293 1312670 84999  47650
20.199941802 7159243563 1298270 84993  48223
20.211953713 7160558546 1314983 84992  48301
20.223951494 7161848685 1290139 85014  47979
20.235955104 7163140240 1291555 85005  48455
20.247953435 7164444777 1304537 84992  48014
20.259943056 7165729767 1284990 84992  48057
20.271953836 7167027463 1297696 85000  48459
20.283942113 7168309256 1281793 85008  48142
20.295940060 7169602800 1293544 85019  48112
20.307942331 7170877746 1274946 84987  48585
20.319940565 7172171751 1294005 85010  48301
20.331955642 7173440139 1268388 85011  48090
20.343941038 7174708577 1268438 84996  48597
20.355941870 7175990449 1281872 84990  48360
20.367954210 7177255669 1265220 85003  48153
20.379952647 7178530433 1274764 84997  49081
20.391955118 7179792093 1261660 84995  50283
20.403937091 7181064886 1272793 85006  49947
20.415941876 7182320285 1255399 84981  50100
20.427953640 7183587975 1267690 85018  49497
20.439954904 7184841077 1253102 85006  49502
20.451940357 7186105316 1264239 84999  49381
20.463954738 7187353686 1248370 85013  49113
20.475953195 7188614817 1261131 85005  48523
20.487957735 7189856740 1241923 84987  49067
20.499942853 7191114505 1257765 84983  48597
20.511953803 7192353475 1238970 84997  48365
20.523954937 7193607808 1254333 84993  48770
20.535964188 7194840837 1233029 85005  48524
20.547955518 7196091731 1250894 84988  48342
20.559941512 7197317880 1226149 84996  48788
20.571955302 7198560032 1242152 85003  48325
20.583954373 7199782694 1222662 84992  48408
20.595954650 7201021471 1238777 84988  48936
20.607940968 7202238712 1217241 84999  48583
20.619955925 7203472480 1233768 85006  48501
20.631940798 7204687191 1214711 84996  48775
20.643941929 7205912474 1225283 84992  48541
20.655941166 7207124800 1212326 85005  48293
20.667941077 7208346833 1222033 85007  48912
20.679953931 7209556103 1209270 85001  48717
20.691951721 7210772679 1216576 85016  48369
20.703941884 7211976633 1203954 84978  49042
20.715940489 7213188295 1211662 85018  48647
20.727954413 7214388906 1200611 85001  48507
20.739940290 7215596558 1207652 85010  48742
20.751954150 7216807690 1211132 84997  48556
20.763941521 7217999089 1191399 85004  48635
20.775960118 7219200406 1201317 84988  48747
20.787942556 7220390749 1190343 84990  48821
20.799954019 7221589592 1198843 85004  48735
20.811955073 7222776662 1187070 84997  48627
20.823955647 7223971213 1194551 84999  48694
20.835954947 7225166150 1194937 85003  48810
20.847962851 7226339361 1173211 85004  48141
20.859954385 7227523739 1184378 85000  49085
20.871954256 7228699896 1176157 85015  48825
20.883953660 7229878328 1178432 85014  48140
20.895941540 7231049321 1170993 85005  49193
20.907954994 7232227089 1177768 84999  48729
20.919941924 7233402082 1174993 85001  48145
20.931942132 7234565686 1163604 84996  48929
20.943942532 7235739441 1173755 85005  48612
20.955953663 7236912138 1172697 85003  48213
20.967942509 7238066865 1154727 85006  49016
20.979941507 7239232943 1166078 84997  48979
20.991941901 7240388705 1155762 84997  48565
21.003942538 7241548919 1160214 84986  48853
21.015949612 7242711598 1162679 84989  48531
21.027942589 7243859866 1148268 85000  48459
21.039940927 7245014946 1155080 85016  49017
21.051942170 7246171644 1156698 85006  48771
21.063953734 7247314098 1142454 84997  48647
21.075941631 7248463498 1149400 85001  49272
21.087954762 7249606726 1143228 84998  49152
21.099955462 7250602579 995853 77905  45269
21.110955028 7251401373 798794 77910  44337
21.121942148 7252280576 879203 84983  44410
21.133954432 7253180995 900419 77906  46246
21.144955924 7253961944 780949 77900  36962
21.155941720 7255000697 1038753 84994  56580
21.167963558 7255780555 779858 77907  36869
21.178956157 7256753224 972669 84980  52276
21.190954671 7257658385 905161 84999  44911
21.202943138 7258586872 928487 85005  48128
21.214955219 7259495537 908665 85000  46838
21.226955370 7260413582 918045 84998  45854
21.238954343 7261349216 935634 84983  47064
21.250956357 7262260254 911038 84998  45949
21.262941927 7263198468 938214 84998  46955
21.274941875 7264093103 894635 84995  46584
21.286955179 7265015080 921977 84988  46310
21.298953149 7265909490 894410 84986  46373
21.310942386 7266836420 926930 84990  46491
21.322964611 7267726893 890473 84993  46417
21.334943804 7268633439 906546 84985  46327
21.346941748 7269525767 892328 85002  46889
21.358942805 7270429293 903526 84996  46011
21.370954109 7271324668 895375 84993  46870
21.382942646 7272259063 934395 77907  48677
21.393942556 7273175655 916592 84993  50937
21.405942729 7274121210 945555 84993  47352
21.417941843 7275030914 909704 84985  46610
21.429942333 7275945876 914962 84990  47171
21.441953944 7276841750 895874 77919  49615
21.452953067 7277741998 900248 85009  50669
21.464942244 7278667144 925146 84999  47179
21.476941298 7279576952 909808 85012  47220
21.488951882 7280490717 913765 84987  47088
21.500943312 7281456477 965760 84991  53330
21.512941956 7282364369 907892 84995  52195
21.524942031 7283287291 922922 84990  47116
21.536942487 7284182088 894797 84990  47654
21.548952331 7285071339 889251 84991  47198
21.560954422 7286076906 1005567 84976  54633
21.572956969 7286977142 900236 85002  50845
21.584955206 7287870365 893223 85001  47692
21.596954247 7288761225 890860 84981  47652
21.608954750 7289715542 954317 84983  47096
21.620941641 7290674813 959271 84990  56242
21.632954588 7291566212 891399 85000  50037
21.644963259 7292461363 895151 84996  48092
21.656954083 7293353787 892424 84987  48072
21.668954303 7294198085 844298 77900  45976
21.679941332 7295125695 927610 85003  55759
21.691954543 7296040118 914423 84994  47863
21.703954824 7296953762 913644 84987  47985
21.715953417 7297946155 992393 84992  57694
21.727942368 7298824260 878105 84982  48266
21.739954415 7299719731 895471 84990  48561
21.751940849 7300609010 889279 84987  47517
21.763940076 7301507792 898782 77908  50732
21.774941622 7302401300 893508 84989  50313
21.786954406 7303295918 894618 84992  48291
21.798950080 7304185138 889220 84994  47736
21.810941030 7305241524 1056386 85000  56797
21.822940587 7306131486 889962 84992  48992
21.834940961 7307191448 1059962 84995  55959
21.846941252 7308077388 885940 85002  51671
21.858940703 7308966110 888722 84985  50308
21.870942116 7309917966 951856 84990  58001
21.882942956 7310812627 894661 84989  49919
21.894955834 7311701391 888764 84986  49395
21.906941651 7312653533 952142 85011  57599
21.918956692 7313543870 890337 84997  49440
21.930955679 7314436148 892278 84994  48622
21.942954463 7315329841 893693 85003  48808
21.954951850 7316173838 843997 77909  46299
21.965954883 7317122603 948765 84995  54846
21.977953724 7318002565 879962 84992  47975
21.989955497 7318925358 922793 85002  47622
22.001955051 7319846095 920737 84993  47905
22.013957061 7320758319 912224 84991  47190
22.025954415 7321641375 883056 77925  50185
22.036943095 7322542100 900725 84998  50616
22.048954942 7323456125 914025 84986  47906
22.060954513 7324363861 907736 84993  47205
22.072941060 7325287278 923417 84989  47139
22.084954830 7326129352 842074 77903  42555
22.095954989 7327082820 953468 85004  53480
22.107955143 7328013390 930570 84993  51991
22.119963608 7328914918 901528 84988  47040
22.131955191 7329816639 901721 84993  47428
22.143941132 7330758067 941428 85005  46095
22.155942936 7331672732 914665 84986  45870
22.167941115 7332613576 940844 84991  47443
22.179954700 7333507753 894177 84985  40334
22.191941783 7334475269 967516 84987  52237
22.203954274 7335368181 892912 84991  41264
22.215954678 7336351836 983655 84979  51208
22.227942189 7337161973 810137 77901  36063
22.238954201 7338147745 985772 85038  51457
22.250942215 7339078311 930566 84999  46508
22.262940828 7340035095 956784 85006  58406
22.274951723 7340984606 949511 84995  57427
22.286942210 7341870254 885648 84993  53822
22.298941040 7342822349 952095 85011  57701
22.310956331 7343707222 884873 84998  51724
22.322953912 7344667500 960278 84997  56509
22.334955739 7345619753 952253 84993  55627
22.346953996 7346574650 954897 85000  53114
22.358954837 7347535545 960895 84992  52908
22.370941400 7348495704 960159 84981  52869
22.382954877 7349442639 946935 84997  52503
22.394953785 7350401828 959189 84995  52370
22.406942862 7351355087 953259 84996  51647
22.418953883 7352301559 946472 84997  51822
22.430963353 7353298335 996776 85010  50921
22.442955457 7354360040 1061705 85002  52707
22.454955408 7354954109 594069 85010  59878
22.466960158 7355469361 515252 85018  56244
22.478945902 7356105843 636482 85021  45601
22.490948056 7356972641 866798 48376  24742
22.502954713 7358078646 1106005 50698  46883
22.514952680 7359196349 1117703 53560  50334
22.526954584 7360376007 1179658 83859  50440
22.538959991 7371049324 10673317 58825  49423
22.559245669 7383476488 12427164 648  27
22.575223078 7390298913 6822425 53192  3547
22.586954947 7392857103 2558190 77865  2491
22.597958529 7394742323 1885220 77888  5659
22.608959102 7396254877 1512554 77905  5301
22.619956471 7397701426 1446549 84973  7758
22.631952699 7398964969 1263543 84988  7344
22.643953579 7400105568 1140599 84984  8278
22.655941759 7401173649 1068081 84985  7442
22.667953506 7402198376 1024727 84989  8212
22.679941394 7403183647 985271 84984  7619
22.691940388 7404139981 956334 84999  7575
22.703939888 7405065972 925991 84998  7898
22.715951876 7405975360 909388 84982  7725
22.727939372 7406870274 894914 84994  7552
22.739951173 7407740554 870280 85001  7431
22.751940667 7408618802 878248 85005  7650
22.763948451 7409480657 861855 84988  7529
22.775941721 7410318772 838115 84993  7293
22.787953442 7411162254 843482 84989  7441
22.799942078 7412008810 846556 85002  7521
22.811940399 7412847941 839131 84993  7469
22.823954940 7413697103 849162 84991  7639
22.835939557 7414541180 844077 84984  7584
22.847953654 7415393262 852082 84992  7746
22.859952375 7416236033 842771 84994  7653
22.871952932 7417090022 853989 85009  7820
22.883941322 7417941403 851381 85009  7813
22.895952737 7418809588 868185 84996  8057
22.907953067 7419675449 865861 85000  8030
22.919963227 7420551631 876182 84990  8202
22.931955215 7421428928 877297 84989  8212
22.943953255 7422307859 878931 84988  8254
22.955954703 7423199274 891415 85014  8428
22.967951777 7424077917 878643 85000  8259
22.979942636 7424974977 897060 85008  8518
22.991940864 7425872597 897620 85011  8517
23.003953188 7426773813 901216 85001  8574
23.015942002 7427673669 899856 84992  8568
23.027940842 7428574713 901044 84985  8579
23.039940289 7429489611 914898 85003  8765
23.051953257 7430396840 907229 84989  8669
23.063941897 7431317146 920306 85002  8856
23.075948667 7432238760 921614 84997  8869
23.087941408 7433161526 922766 84998  8878
23.099940859 7434084799 923273 85009  8879
23.111941632 7435007389 922590 85004  8875
23.123941217 7435931598 924209 84994  8896
23.135942203 7436858882 927284 84992  8956
23.147942500 7437796833 937951 85002  9107
23.159952778 7438725781 928948 85003  8980
23.171941178 7439664778 938997 84989  9116
23.183953342 7440603484 938706 85012  9116
23.195941416 7441531630 928146 84996  8966
23.207952554 7442471855 940225 85005  9138
23.219941740 7443414400 942545 84985  9155
23.231959424 7444356006 941606 84995  9164
23.243955155 7445297866 941860 84998  9163
23.255954539 7446249947 952081 85010  9307
23.267954936 7447190742 940795 85004  9158
23.279953497 7448130950 940208 85007  9155
23.291954053 7449083411 952461 84997  9324
23.303958891 7450024679 941268 84985  9162
23.315954171 7450977064 952385 84996  9313
23.327940395 7451919867 942803 85011  9176
23.339953789 7452873876 954009 84997  9328
23.351941939 7453826867 952991 84989  9312
23.363941620 7454778595 951728 85007  9299
23.375941573 7455727019 948424 85001  9253
23.387940754 7456674817 947798 84997  9256
23.399949968 7457627182 952365 84997  9306
23.411941229 7458581586 954404 84992  9347
23.423939476 7459532690 951104 85002  9288
23.435942637 7460484626 951936 85000  9308
23.447940746 7461435508 950882 84983  9286
23.459942230 7462392736 957228 84991  9380
23.471951758 7463344853 952117 85002  9302
23.483940218 7464293608 948755 85007  9251
23.495939532 7465253538 959930 85006  9424
23.507942170 7466202334 948796 84981  9258
23.519955570 7467164073 961739 84996  9446
23.531953223 7468122230 958157 84990  9400
23.543952788 7469072692 950462 85018  9286
23.555961338 7470033492 960800 84993  9420
23.567953102 7470992190 958698 85013  9416
23.579940473 7471949925 957735 85016  9407
23.591954310 7472898138 948213 84999  9275
23.603954884 7473855297 957159 85013  9390
23.615954005 7474813888 958591 84998  9403
23.627953221 7475773349 959461 85000  9418
23.639941282 7476734884 961535 84997  9449
23.651954449 7477702269 967385 85007  9526
23.663950500 7478666053 963784 85008  9483
23.675952524 7479624991 958938 84996  9407
23.687939747 7480584511 959520 84997  9437
23.699941637 7481543476 958965 85020  9412
23.711952841 7482513833 970357 84995  9571
23.723940079 7483473016 959183 84992  9411
23.735938949 7484435014 961998 84979  9455
23.747954700 7485403439 968425 84994  9548
23.759940946 7486363460 960021 85010  9432
23.771940884 7487334362 970902 84986  9579
23.783952882 7488298542 964180 85001  9476
23.795942128 7489262192 963650 84982  9476
23.807953669 7490232006 969814 85004  9563
23.819942183 7491190221 958215 84987  9404
23.831940379 7492159476 969255 84994  9561
23.843942178 7493128073 968597 85005  9553
23.855953378 7494097901 969828 84999  9567
23.867962121 7495060093 962192 85004  9465
23.879954275 7496024468 964375 85005  9499
23.891954586 7496993235 968767 84988  9554
23.903952777 7497962236 969001 84993  9550
23.915939927 7498930007 967771 84993  9534
23.927954738 7499896655 966648 84998  9532
23.939953674 7500863231 966576 84984  9520
23.951953945 7501828230 964999 85006  9505
23.963953166 7502794561 966331 84985  9527
23.975942293 7503761228 966667 85004  9525
23.987941923 7504738908 977680 85000  9672
23.999953557 7505706584 967676 85001  9534
24.011954021 7506673577 966993 84987  9555
24.023941565 7507640980 967403 85001  9537
24.035949462 7508613478 972498 84999  9597
24.047941779 7509586342 972864 85007  9607
24.059939639 7510551570 965228 85000  9499
24.071954371 7511524381 972811 85003  9614
24.083952674 7512493430 969049 85000  9566
24.095942881 7513458262 964832 84992  9515
24.107941742 7514435855 977593 85029  9671
24.119943989 7515400552 964697 84989  9496
24.131940196 7516378075 977523 84989  9683
24.143954534 7517343975 965900 85010  9506
24.155940304 7518320963 976988 84988  9659
24.167940381 7519291655 970692 84997  9574
24.179940065 7520262410 970755 84985  9577
24.191963465 7521237767 975357 84997  9645
24.203954299 7522202432 964665 84996  9498
24.215952980 7523174780 972348 84995  9610
24.227954764 7524149619 974839 84997  9633
24.239953007 7525124925 975306 84989  9647
24.251941901 7526088104 963179 84983  9477
24.263951675 7527062179 974075 84993  9627
24.275955072 7528037989 975810 85002  9670
24.287953926 7529013476 975487 84992  9657
24.299955727 7529987643 974167 85009  9624
24.311941897 7530961525 973882 85010  9628
24.323952214 7531935061 973536 84999  9626
24.335953855 7532907759 972698 84996  9627
24.347962645 7533880281 972522 85004  9605
24.359943083 7534851636 971355 85011  9591
24.371940592 7535823131 971495 85000  9587
24.383942296 7536794580 971449 84999  9592
24.395939837 7537765692 971112 85003  9590
24.407941254 7538737301 971609 85000  9589
24.419954872 7539708481 971180 84999  9594
24.431942516 7540679867 971386 84998  9592
24.443941453 7541650688 970821 85012  9585
24.455958607 7542622009 971321 84996  9588
24.467942434 7543600494 978485 85013  9700
24.479951631 7544574888 974394 85004  9633
24.491941671 7545545081 970193 85015  9584
24.503951032 7546514578 969497 85005  9589
24.515953806 7547489220 974642 85011  9634
24.527940377 7548464626 975406 84987  9643
24.539942566 7549432050 967424 85017  9534
24.551952790 7550400333 968283 85002  9559
24.563942554 7551377914 977581 84993  9689
24.575941695 7552342751 964837 84980  9504
24.587953556 7553318645 975894 84991  9657
24.599953866 7554283998 965353 84997  9494
24.611942043 7555248030 964032 85000  9484
24.623953280 7556224403 976373 84996  9657
24.635953404 7557186628 962225 85016  9470
24.647953318 7558161053 974425 84993  9629
24.659953312 7559122013 960960 84988  9447
24.671951183 7560096643 974630 84986  9636
24.683954473 7561056818 960175 85003  9434
24.695953617 7562030257 973439 84999  9615
24.707942230 7563000059 969802 84999  9595
24.719942304 7563964519 964460 84991  9483
24.731954578 7564937155 972636 85012  9598
24.743954419 7565895842 958687 85002  9428
24.755941626 7566867450 971608 85023  9608
24.767942003 7567837808 970358 85008  9580
24.779954454 7568794114 956306 85006  9381
24.791953357 7569764303 970189 85010  9577
24.803942188 7570733486 969183 84991  9553
24.815940142 7571699822 966336 84994  9527
24.827949316 7572657195 957373 84992  9394
24.839954647 7573625090 967895 85000  9544
24.851940730 7574592529 967439 84986  9539
24.863941844 7575560547 968018 85002  9540
24.875941944 7576520119 959572 85012  9459
24.887954968 7577480595 960476 85009  9439
24.899940065 7578446960 966365 84989  9516
24.911942040 7579412444 965484 85018  9522
24.923952980 7580378274 965830 85017  9513
24.935954300 7581343804 965530 85001  9504
24.947952071 7582308878 965074 84994  9508
24.959953985 7583273656 964778 85025  9488
24.971954112 7584238119 964463 85005  9504
24.983962106 7585202764 964645 85000  9496
24.995953143 7586166730 963966 85000  9493
25.007939696 7587130049 963319 85002  9481
25.019954724 7588092858 962809 84988  9477
25.031952404 7589056555 963697 85009  9481
25.043954192 7590020604 964049 85002  9484
25.055939292 7590984143 963539 84993  9475
25.067955393 7591947810 963667 85016  9492
25.079940203 7592910163 962353 84991  9489
25.091954087 7593872524 962361 85013  9469
25.103940544 7594834714 962190 84999  9465
25.115955671 7595797358 962644 85006  9456
25.127941125 7596758690 961332 84996  9448
25.139953152 7597726546 967856 84998  9544
25.151949146 7598695635 969089 84996  9555
25.163954044 7599656765 961130 84993  9447
25.175953614 7600617120 960355 84999  9430
25.187942744 7601577207 960087 85001  9426
25.199940108 7602544546 967339 84997  9540
25.211955112 7603513198 968652 85006  9564
25.223954772 7604473808 960610 85003  9438
25.235943263 7605433125 959317 85000  9419
25.247952630 7606404380 971255 85007  9580
25.259953161 7607366754 962374 84998  9469
25.271954411 7608325193 958439 85007  9425
25.283940504 7609289143 963950 84994  9492
25.295940115 7610259294 970151 85000  9568
25.307962533 7611218191 958897 84994  9416
25.319960680 7612188650 970459 85011  9574
25.331941557 7613153152 964502 85025  9500
25.343942411 7614113882 960730 84998  9442
25.355953478 7615090562 976680 85006  9658
25.367953696 7616051188 960626 84997  9438
25.379953422 7617026393 975205 85006  9644
25.391942133 7617986975 960582 85022  9439
25.403953137 7618953669 966694 84999  9518
25.415942291 7619923775 970106 85003  9582
25.427941181 7620885070 961295 84984  9457
25.439941538 7621858236 973166 84990  9618
25.451954829 7622820712 962476 84990  9464
25.463949332 7623792175 971463 84986  9599
25.475942853 7624761678 969503 85000  9573
25.487941604 7625726479 964801 85009  9494
25.499955021 7626700624 974145 85003  9630
25.511953932 7627659132 958508 85007  9413
25.523952781 7628633864 974732 85010  9642
25.535940669 7629593947 960083 85003  9433
25.547956139 7630568311 974364 85004  9631
25.559952710 7631542193 973882 85005  9629
25.571942031 7632499768 957575 84966  9389
25.583954355 7633473844 974076 85029  9631
25.595954634 7634443951 970107 84994  9611
25.607953752 7635406138 962187 85007  9474
25.619950956 7636380592 974454 85005  9659
25.631942126 7637354266 973674 84993  9610
25.643953074 7638311431 957165 84996  9386
25.655953781 7639285158 973727 84994  9619
25.667941214 7640258618 973460 85006  9611
25.679941365 7641216859 958241 85005  9409
25.691939859 7642187504 970645 84999  9573
25.703953939 7643159847 972343 85011  9601
25.715940507 7644132429 972582 85003  9613
25.727941780 7645094347 961918 84997  9454
25.739955918 7646061242 966895 84997  9530
25.751939588 7647033844 972602 85009  9619
25.763955482 7648006385 972541 85000  9601
25.775952546 7648978752 972367 84999  9604
25.787964466 7649916490 937738 84990  6345
25.799941229 7650815411 898921 85013  72
25.811940393 7651714861 899450 84996  87
25.823951672 7652620257 905396 84995  102
25.835953598 7653525972 905715 84996  82
25.847939799 7654424284 898312 85000  90
25.859953479 7655322722 898438 85008  66
25.871940976 7656221622 898900 85003  47
25.883951446 7657120475 898853 84986  43
25.895953811 7658019205 898730 84990  44
25.907953838 7658927414 908209 84999  47
25.919954885 7659833076 905662 84985  36
25.931939949 7660731590 898514 84994  52
25.943949670 7661630541 898951 84996  42
25.955940913 7662529310 898769 85001  42
25.967952924 7663442688 913378 84995  37
25.979954741 7664341596 898908 84981  49
25.991940118 7665240341 898745 84989  44
26.003942855 7666139285 898944 84997  43
26.015952659 7667051967 912682 85003  39
26.027941682 7667950471 898504 84996  43
26.039940690 7668848283 897812 85003  43
26.051941490 7669760895 912612 85006  42
26.063942504 7670658406 897511 84999  63
26.075939648 7671556210 897804 85002  41
26.087952939 7672469983 913773 85002  44
26.099962510 7673369695 899712 85001  51
26.111953980 7674276632 906937 85006  44
26.123942497 7675183770 907138 85010  37
26.135941357 7676082141 898371 84984  42
26.147952471 7676995788 913647 85005  49
26.159955279 7677894870 899082 85002  40
26.171939289 7678808267 913397 85000  39
26.183941639 7679707094 898827 84993  48
26.195954106 7680617369 910275 85003  45
26.207940014 7681518696 901327 85007  36
26.219953501 7682424511 905815 84987  45
26.231954602 7683327502 902991 84994  39
26.243953666 7684234337 906835 84984  42
26.255950619 7685135952 901615 84992  42
26.267954203 7686047086 911134 84984  34
26.279952973 7686943665 896579 84990  44
26.291941651 7687855506 911841 84991  34
26.303953291 7688751600 896094 85017  38
26.315954055 7689662200 910600 84993  33
26.327941698 7690559110 896910 84997  49
26.339955649 7691468928 909818 85002  49
26.351941453 7692379922 910994 84987  44
26.363953687 7693276122 896200 84991  49
26.375952128 7694187687 911565 84991  41
26.387940548 7695093589 905902 84984  57
26.399941078 7695995360 901771 84998  48
26.411940729 7696906616 911256 84989  50
26.423961376 7697809647 903031 85002  54
26.435940513 7698713430 903783 84997  39
26.447942117 7699624101 910671 85008  37
26.459942571 7700533740 909639 84986  45
26.471952994 7701430379 896639 85007  42
26.483941478 7702341330 910951 85007  51
26.495953819 7703252379 911049 84991  41
26.507941223 7704151183 898804 84990  45
26.519954324 7705058574 907391 85008  43
26.531954248 7705969013 910439 84994  43
26.543933694 7706880008 910995 84989  41
26.555941605 7707786501 906493 85000  365
26.567952469 7708687395 900894 85004  45
26.579944793 7709598019 910624 84990  46
26.591940903 7710508868 910849 85004  46
26.603954654 7711419650 910782 84989  43
26.615953817 7712329713 910063 84992  46
26.627953324 7713225143 895430 84996  47
26.639941445 7714136177 911034 85005  42
26.651952339 7715047182 911005 84992  36
26.663955570 7715958429 911247 84999  38
26.675953564 7716870627 912198 85000  38
26.687941700 7717783160 912533 85005  45
26.699954051 7718694941 911781 84996  36
26.711942095 7719601427 906486 85001  39
26.723940602 7720504933 903506 85010  42
26.735949123 7721415653 910720 84993  41
26.747953420 7722327350 911697 85001  39
26.759952783 7723239654 912304 84991  44
26.771942304 7724151876 912222 84980  37
26.783940661 7725063733 911857 85013  48
26.795941741 7725975841 912108 84986  40
26.807941192 7726887855 912014 84995  41
26.819943129 7727799654 911799 84999  46
26.831939973 7728711425 911771 84998  45
26.843940200 7729623196 911771 85014  46
26.855953891 7730535323 912127 85002  37
26.867952578 7731447774 912451 84999  36
26.879952535 7732361427 913653 84997  46
26.891967486 7733275084 913657 84997  39
26.903953569 7734189199 914115 84996  39
26.915941240 7735103226 914027 84984  36
26.927940524 7736017773 914547 85000  36
26.939939787 7736932646 914873 85005  38
26.951940425 7737847021 914375 84993  36
26.963951742 7738765826 918805 85004  38
26.975941545 7739689992 924166 85008  37
26.987952629 7740604241 914249 84987  41
26.999955117 7741517949 913708 84990  39
27.011951557 7742431620 913671 84998  36
27.023955075 7743345328 913708 84988  40
27.035940688 7744259234 913906 85000  47
27.047941022 7745172953 913719 85010  41
27.059948012 7746088960 916007 84987  38
27.071941186 7747016059 927099 84997  45
27.083954260 7747930434 914375 85007  37
27.095953448 7748844380 913946 84993  45
27.107952198 7749758368 913988 84989  37
27.119953591 7750672326 913958 84989  40
27.131939602 7751595128 922802 84994  37
27.143940669 7752516036 920908 84991  31
27.155975123 7753431233 915197 84998  42
27.167939540 7754346511 915278 84994  48
27.179941477 7755262125 915614 84992  37
27.191939111 7756191914 929789 85000  38
27.203953742 7757108236 916322 84998  46
27.215966536 7758023526 915290 85005  38
27.227953250 7758938389 914863 84996  40
27.239953650 7759867703 929314 84995  36
27.251941483 7760783115 915412 84983  42
27.263940797 7761698680 915565 84990  37
27.275941611 7762620440 921760 84997  49
27.287941251 7763545227 924787 84989  42
27.299953823 7764460591 915364 84994  43
27.311952633 7765376482 915891 85011  37
27.323954203 7766306345 929863 84998  34
27.335952967 7767222940 916595 85006  47
27.347955311 7768139121 916181 84997  40
27.359953722 7769069769 930648 84996  37
27.371953342 7769986476 916707 84981  44
27.383941759 7770903219 916743 85002  39
27.395953399 7771833217 929998 85000  55
27.407940267 7772749893 916676 84993  45
27.419942181 7773678720 928827 84996  108
27.431946148 7774598718 919998 84993  32
27.443953928 7775516087 917369 84995  48
27.455954926 7776447518 931431 84999  42
27.467940559 7777365457 917939 85002  42
27.479941770 7778294297 928840 84986  38
27.491953187 7779214906 920609 84986  38
27.503940710 7780132503 917597 85000  52
27.515951188 7781064009 931506 84992  39
27.527954956 7781981324 917315 84993  42
27.539953989 7782913002 931678 85002  35
27.551953753 7783831350 918348 85002  43
27.563953020 7784762909 931559 84994  35
27.575953697 7785680477 917568 84985  47
27.587943080 7786612331 931854 85007  34
27.599952784 7787530497 918166 84998  46
27.611941528 7788459999 929502 84995  42
27.623941016 7789380072 920073 85002  35
27.635954263 7790308747 928675 85007  42
27.647940163 7791229383 920636 84993  33
27.659953570 7792162318 932935 85002  47
27.671954571 7793081511 919193 84989  38
27.683941671 7794014850 933339 84993  36
27.695961442 7794934792 919942 84985  55
27.707941006 7795868594 933802 85004  47
27.719941376 7796788906 920312 84990  56
27.731941493 7797722738 933832 85001  55
27.743941030 7798642384 919646 84994  47
27.755953991 7799576525 934141 84995  36
27.767940115 7800504383 927858 85000  40
27.779953046 7801430884 926501 85007  36
27.791954483 7802364057 933173 84996  33
27.803954643 7803283852 919795 84999  39
27.815940560 7804217549 933697 85006  33
27.827939831 7805140296 922747 84998  46
27.839939221 7806070772 930476 84984  40
27.851959632 7807004472 933700 84997  42
27.863941632 7807924224 919752 85003  34
27.875953826 7808857479 933255 85000  34
27.887939240 7809791318 933839 85021  35
27.899952494 7810711805 920487 84990  53
27.911952508 7811646797 934992 84997  43
27.923940365 7812581939 935142 84995  41
27.935952158 7813504404 922465 85004  45
27.947941009 7814439474 935070 85005  37
27.959939719 7815374652 935178 84978  47
27.971940337 7816296370 921718 84999  40
27.983952444 7817231079 934709 84985  39
27.995952295 7818166163 935084 85009  34
28.007961309 7819087406 921243 84999  41
28.019942762 7820022651 935245 85001  32
28.031953392 7820957458 934807 84983  36
28.043939165 7821880392 922934 84996  38
28.055952744 7822814837 934445 84987  35
28.067941483 7823750043 935206 84997  53
28.079941314 7824685153 935110 84999  39
28.091952848 7825607095 921942 84991  65
28.103938962 7826542853 935758 84985  44
28.115953843 7827478907 936054 84996  35
28.127951933 7828415298 936391 85004  36
28.139954390 7829338049 922751 84998  48
28.151939280 7830273865 935816 84996  39
28.163963151 7831210900 937035 85014  40
28.175953735 7832148356 937456 85000  38
28.187951769 7833080094 931738 85003  49
28.199940059 7834010885 930791 85004  34
28.211953999 7834948648 937763 84997  33
28.223941153 7835886163 937515 85002  37
28.235953324 7836824008 937845 85006  31
28.247954445 7837757845 933837 85018  39
28.259953089 7838686333 928488 85009  45
28.271953742 7839624633 938300 85004  39
28.283939752 7840562299 937666 84999  38
28.295953326 7841500357 938058 84998  32
28.307940810 7842438920 938563 85009  35
28.319953711 7843374614 935694 85004  38
28.331960342 7844302555 927941 85003  38
28.343941245 7845241224 938669 85008  40
28.355940392 7846179395 938171 84996  45
28.367955016 7847117573 938178 85007  35
28.379939542 7848055580 938007 84988  33
28.391952721 7848994049 938469 84987  31
28.403939747 7849934244 940195 85007  38
28.415941214 7850870317 936073 84992  41
28.427939962 7851804006 933689 84985  39
28.439940119 7852744302 940296 84994  35
28.451953633 7853685107 940805 84998  37
28.463953064 7854626328 941221 84995  33
28.475953934 7855568135 941807 84988  35
28.487949577 7856509902 941767 85006  42
28.499942351 7857451476 941574 85007  34
28.511951892 7858392477 941001 85000  39
28.523951966 7859334267 941790 84989  38
28.535941527 7860275675 941408 85001  36
28.547952737 7861217003 941328 85001  44
28.559951550 7862157987 940984 84981  91
28.571953274 7863099085 941098 84990  59
28.583952578 7864040378 941293 84998  87
28.595953399 7864977452 937074 85001  97
28.607953242 7865915237 937785 85000  84
28.619942073 7866855495 940258 85007  88
28.631940053 7867797122 941627 85003  105
28.643951314 7868740395 943273 84989  90
28.655954065 7869684277 943882 85000  92
28.667954638 7870628248 943971 85017  92
28.679941645 7871572013 943765 84999  84
28.691938789 7872516193 944180 84996  99
28.703953870 7873460344 944151 85002  106
28.715941200 7874405892 945548 85001  92
28.727953518 7875353216 947324 84993  85
28.739939984 7876301926 948710 84992  100
28.751939511 7877249701 947775 84996  90
28.763941419 7878194601 944900 84996  88
28.775952946 7879139375 944774 85001  109
28.787952127 7880085268 945893 84997  87
28.799953717 7881031306 946038 84998  84
28.811962378 7881976815 945509 84995  84
28.823941224 7882922632 945817 84994  88
28.835940048 7883869466 946834 84995  93
28.847954289 7884817231 947765 84998  104
28.859953706 7885765325 948094 84990  94
28.871941559 7886714712 949387 84995  96
28.883951780 7887664140 949428 84999  92
28.895940841 7888613486 949346 84991  90
28.907952421 7889563094 949608 85001  86
28.919938789 7890522117 959023 84995  356
28.931943568 7891472883 950766 84997  100
28.943953722 7892423862 950979 84997  89
28.955953900 7893375042 951180 85001  87
28.967955147 7894326608 951566 84992  105
28.979954931 7895278461 951853 84988  96
28.991952685 7896230277 951816 85004  105
29.003954568 7897182184 951907 84996  90
29.015939435 7898144805 962621 84999  96
29.027939726 7899097957 953152 84996  91
29.039953420 7900050841 952884 84999  91
29.051953604 7901005018 954177 85000  102
29.063941724 7901958575 953557 84988  372
29.075942818 7902913082 954507 85002  127
29.087941788 7903874168 961086 84991  86
29.099952676 7904831956 957788 85008  79
29.111940735 7905786933 954977 84993  125
29.123951377 7906742449 955516 84990  153
29.135955641 7907697996 955547 85003  110
29.147941671 7908653810 955814 84994  100
29.159940998 7909619206 965396 84995  99
29.171940155 7910575531 956325 84995  86
29.183953119 7911533255 957724 84989  95
29.195954102 7912491012 957757 84992  88
29.207939460 7913449253 958241 85001  107
29.219954307 7914415739 966486 85007  86
29.231952878 7915374928 959189 84993  88
29.243940378 7916334170 959242 84999  87
29.255953045 7917293504 959334 85008  127
29.267940905 7918261828 968324 85000  84
29.279964046 7919221171 959343 84995  103
29.291955810 7920182167 960996 84998  120
29.303941957 7921143388 961221 84991  113
29.315953315 7922112654 969266 84998  84
29.327953625 7923073575 960921 84989  108
29.339942488 7924035382 961807 84996  93
29.351940779 7924996971 961589 84992  116
29.363942326 7925967592 970621 84998  92
29.375940410 7926930768 963176 85005  84
29.387956894 7927894428 963660 84988  87
29.399939537 7928861388 966960 85001  96
29.411953605 7929828851 967463 85000  83
29.423939702 7930791738 962887 84993  104
29.435953539 7931756213 964475 84992  85
29.447953347 7932728751 972538 84994  82
29.459942613 7933694287 965536 84986  92
29.471952304 7934659789 965502 85001  89
29.483941008 7935632547 972758 85005  129
29.495940908 7936597075 964528 84997  140
29.507955839 7937562111 965036 84991  99
29.519953293 7938534782 972671 85007  88
29.531951986 7939500537 965755 84996  91
29.543940360 7940466531 965994 85011  87
29.555939094 7941439237 972706 85003  120
29.567940635 7942404392 965155 84998  111
29.579940571 7943371058 966666 84993  91
29.591940442 7944345403 974345 85005  92
29.603951902 7945314229 968826 85001  91
29.615941920 7946282755 968526 84994  94
29.627939860 7947257540 974785 84995  83
29.639953708 7948224747 967207 85000  109
29.651952958 7949193274 968527 84993  90
29.663953201 7950168409 975135 84996  114
29.675941402 7951137065 968656 85003  103
29.687941399 7952112649 975584 84990  93
29.699953870 7953082406 969757 85005  96
29.711939411 7954051593 969187 84995  103
29.723941150 7955028007 976414 85008  102
29.735952084 7955998132 970125 85000  99
29.747952958 7956974544 976412 84998  90
29.759964982 7957945177 970633 84997  94
29.771954463 7958915534 970357 85001  94
29.783940756 7959891859 976325 85003  103
29.795954787 7960862612 970753 85008  100
29.807952574 7961839781 977169 85007  87
29.819953755 7962810388 970607 84994  90
29.831939815 7963781765 971377 84993  89
29.843953209 7964759123 977358 84992  83
29.855951986 7965729897 970774 84991  109
29.867953366 7966707701 977804 84995  97
29.879941727 7967679105 971404 85003  81
29.891940731 7968656794 977689 84990  86
29.903953098 7969628647 971853 85007  88
29.915964382 7970606596 977949 84995  82
29.927942172 7971578102 971506 85001  105
29.939942496 7972555448 977346 84994  85
29.951954870 7973527270 971822 84999  80
29.963941473 7974498953 971683 84994  146
29.975941504 7975476685 977732 84997  80
29.987941118 7976449037 972352 84988  97
29.999954378 7977426584 977547 85004  110
30.011941032 7978398647 972063 85003  88
30.023953053 7979376360 977713 84997  81
30.035941459 7980349039 972679 85000  92
30.047953120 7981327524 978485 84995  124
30.059940837 7982300488 972964 84999  87
30.071939435 7983278111 977623 85008  111
30.083948792 7984250009 971898 85005  97
30.095941272 7985228623 978614 85021  139
30.107939539 7986201114 972491 84992  82
30.119941000 7987178925 977811 84992  88
30.131952464 7988151113 972188 84993  90
30.143941188 7989128488 977375 84993  115
30.155952974 7990106206 977718 85002  94
30.167941295 7991079021 972815 84996  100
30.179952999 7992057302 978281 84999  81
30.191939633 7993030167 972865 85007  95
30.203939960 7994008774 978607 85001  88
30.215939433 7994980975 972201 84990  113
30.227953437 7995958974 977999 85023  107
30.239965981 7996931721 972747 84997  96
30.251954762 7997909980 978259 84992  81
30.263952476 7998882392 972412 85003  90
30.275954753 7999861209 978817 85002  81
30.287951977 8000839365 978156 84984  91
30.299941463 8001812435 973070 85005  89
30.311954067 8002790840 978405 84995  95
30.323939601 8003763870 973030 84998  92
30.335952592 8004742674 978804 85001  82
30.347939123 8005717242 974568 84994  106
30.359953117 8006694095 976853 84987  180
30.371953270 8007672657 978562 85007  90
30.383952124 8008645409 972752 84999  112
30.395949968 8009624302 978893 85005  86
30.407955225 8010596897 972595 85001  103
30.419941241 8011575682 978785 85003  104
30.431941609 8012553514 977832 84994  113
30.443952866 8013525836 972322 84995  84
30.455941003 8014504415 978579 84991  80
30.467952547 8015482664 978249 84990  83
30.479946530 8016455545 972881 85000  90
30.491952104 8017434283 978738 84991  86
30.503939925 8018406930 972647 84996  106
30.515941776 8019385684 978754 84995  83
30.527940006 8020364121 978437 84989  81
30.539942290 8021337205 973084 84994  95
30.551964144 8022315989 978784 84994  104
30.563941097 8023294980 978991 84997  83
30.575953945 8024267881 972901 84998  103
30.587941412 8025246606 978725 85008  90
30.599952836 8026225677 979071 85013  87
30.611942013 8027199064 973387 85004  93
30.623953383 8028177836 978772 84991  116
30.635954094 8029156924 979088 84992  85
30.647934774 8030129836 972912 85002  111
30.659940271 8031108513 978677 84994  85
30.671953251 8032086910 978397 84998  100
30.683953205 8033060209 973299 85003  92
30.695952689 8034039037 978828 84992  81
30.707954037 8035018087 979050 84998  88
30.719950884 8035991350 973263 85001  104
30.731955005 8036970668 979318 85006  87
30.743940328 8037950444 979776 85012  86
30.755941435 8038924191 973747 85000  94
30.767940262 8039903468 979277 84997  77
30.779953556 8040882751 979283 85003  87
30.791945929 8041862021 979270 84998  93
30.803942163 8042835539 973518 84995  85
30.815939417 8043815062 979523 85007  90
30.827952365 8044794472 979410 85007  87
30.839940409 8045768749 974277 85004  85
30.851940148 8046748801 980052 84987  83
30.863941116 8047727802 979001 85001  101
30.875949826 8048707447 979645 84997  88
30.887953457 8049681692 974245 84994  93
30.899954254 8050661284 979592 84987  86
30.911953742 8051641249 979965 85007  87
30.923952749 8052621614 980365 85001  91
30.935954749 8053596285 974671 84997  104
30.947940333 8054576811 980526 85004  92
30.959952550 8055557184 980373 84991  84
30.971954091 8056537955 980771 84995  91
30.983954147 8057513842 975887 85002  89
30.995941814 8058494749 980907 84991  86
31.007952152 8059475138 980389 84997  101
31.019955442 8060456595 981457 85001  85
31.031960383 8061433878 977283 85006  105
31.043954777 8062416427 982549 84999  92
31.055939853 8063398845 982418 85005  89
31.067954027 8064382524 983679 84990  88
31.079951805 8065366269 983745 84990  113
31.091941642 8066346325 980056 85002  105
31.103941939 8067331437 985112 84989  93
31.115953873 8068317206 985769 84992  95
31.127952523 8069303505 986299 84987  88
31.139938810 8070290428 986923 85009  82
31.151941587 8071278296 987868 84999  131
31.163955018 8072272863 994567 85000  117
31.175943828 8073271098 998235 84994  100
31.187949439 8074270895 999797 84999  146
31.199954826 8075271386 1000491 85006  156
31.211941427 8076271395 1000009 84994  138
31.223954947 8077271058 999663 84995  162
31.235941390 8078732249 1461191 77906  71
31.246954556 8085923373 7191124 77900  33896
31.257942792 8091166805 5243432 84989  27566
31.269944463 8097836806 6670001 77912  32317
31.280954959 8101578210 3741404 84999  17902
31.292941943 8106313758 4735548 77897  43734
31.303957179 8112759063 6445305 84993  29623
31.315944286 8118276602 5517539 77908  28248
31.326944562 8123977608 5701006 84995  25569
31.338941365 8125713017 1735409 84990  35760
31.350952250 8127452298 1739281 77920  74203
31.361942559 8132976569 5524271 85015  38573
31.373954349 8138644836 5668267 84993  25622
31.385943673 8144974760 6329924 77917  32081
31.396955463 8149800598 4825838 85001  24300
31.408958090 8154071217 4270619 84992  40763
31.420943714 8160755544 6684327 75249  32669
31.431231774 8164991896 4236352 80592  20670
31.442943665 8171980803 6988907 77902  34612
31.453953462 8173799628 1818825 84995  19839
31.465944872 8175586926 1787298 85004  70192
31.477943149 8177264576 1677650 85004  75442
31.489953823 8179003393 1738817 77910  77715
31.500963069 8180728720 1725327 84989  73062
31.512955490 8187170782 6442062 77915  34925
31.523954309 8192209199 5038417 84997  24766
31.535955923 8199271996 7062797 77918  36443
31.546941745 8203060836 3788840 84998  17826
31.558956089 8207563592 4502756 77914  42170
31.569956235 8214233961 6670369 84996  32043
31.581955255 8219668138 5434177 77906  24936
31.592956315 8225418266 5750128 84998  26245
31.604941599 8227131543 1713277 85005  25960
31.616955776 8229028494 1896951 85000  82520
31.628941666 8234575873 5547379 84995  36824
31.640954476 8240273623 5697750 85002  25136
31.652959814 8246723661 6450038 77909  32826
31.663955486 8251420067 4696406 84987  20970
31.675941670 8256085241 4665174 84996  38578
31.687956868 8262745566 6660325 84994  31454
31.699954315 8268167817 5422251 77909  26396
31.710944160 8273930536 5762719 84993  26202
31.722942731 8275642924 1712388 84999  24235
31.734956715 8277539847 1896923 85007  83541
31.746942722 8279217497 1677650 85009  75143
31.758956793 8281114196 1896699 85009  84669
31.770954177 8282749298 1635102 85002  69078
31.782941803 8284487851 1738553 77937  77700
31.793941916 8286226404 1738553 77931  77715
31.804965645 8287965393 1738989 77896  77693
31.815955008 8289704165 1738772 77884  77627
31.826941497 8291293940 1589775 84980  69135
31.838958151 8297414764 6120824 85003  43319
31.850953988 8302468322 5053558 84999  22228
31.862942878 8309219719 6751397 77916  33164
31.873940551 8313623881 4404162 84992  19812
31.885943268 8317767755 4143874 77911  33374
31.896956262 8324662123 6894368 77918  33468
31.907941630 8329127351 4465228 77899  20898
31.918955243 8335698523 6571172 77913  31355
31.929952869 8337520358 1821835 84998  17854
31.941941666 8339149286 1628928 77909  64189
31.952955865 8343552697 4403411 77913  54818
31.963963902 8350230214 6677517 84990  30768
31.975941832 8355752819 5522605 77911  25417
31.986942351 8361461367 5708548 85000  25804
31.998955305 8363658629 2197262 84994  29111
32.010956619 8370676367 7017738 77893  34091
32.021941711 8375047234 4370867 77907  22233
32.032955740 8381715651 6668417 77921  31967
32.043954017 8385453393 3737742 85000  17017
32.055942634 8387082293 1628900 77920  57518
32.066943466 8388759943 1677650 85010  73837
32.078954900 8390656866 1896923 85029  84709
32.090954458 8392553789 1896923 85030  84757
32.102942047 8398040640 5486851 85003  40571
32.114951662 8403737536 5696896 85001  24762
32.126955459 8410298109 6560573 84994  32148
32.138942959 8415060418 4762309 84984  20858
32.150942273 8419351502 4291084 84981  38230
32.162943107 8426216166 6864664 77899  33429
32.173955167 8430670159 4453993 77916  20970
32.184954983 8437249878 6579719 77894  31396
32.195941771 8439069473 1819595 84997  16738
32.207955445 8440856323 1786850 84998  73425
32.219955169 8446030755 5174432 77910  52264
32.230953515 8451947542 5916787 84992  25655
32.242941872 8457591509 5643967 84992  25823
32.254954883 8463276795 5685286 85000  28270
32.266950250 8465824736 2547941 77916  26659
32.277954882 8473127809 7303073 84994  35613
32.289942403 8477986816 4859007 77919  26071
32.300943875 8484241994 6255178 77903  30029
32.311941728 8487265683 3023689 84986  22383
32.323944069 8489052757 1787074 84996  61800
32.335956756 8490729959 1677202 85003  73542
32.347942799 8492468512 1738553 77924  77727
32.358940509 8494207065 1738553 77923  77729
32.369941445 8495679765 1472700 77904  61874
32.380939765 8497418318 1738553 77926  77638
32.391940284 8499156871 1738553 77924  77693
32.402940629 8500895424 1738553 77930  77730
32.413953439 8502633977 1738553 77922  77727
32.424948232 8503994213 1360236 85007  69437
32.436954186 8505891136 1896923 84999  84788
32.448952916 8507788059 1896923 85009  84802
32.460942716 8509526836 1738777 77920  77679
32.471941319 8511265389 1738553 77933  77615
32.482955952 8513004208 1738819 77916  77677
32.493954691 8514744226 1740018 77904  77670
32.504942297 8516484245 1740019 77902  77659
32.515953056 8518224711 1740466 77917  77710
32.526953649 8519964729 1740018 77906  77697
32.537954372 8521426035 1461306 85016  68355
32.549941778 8525330293 3904258 77919  64864
32.560954038 8531892894 6562601 77915  31694
32.571965371 8536413609 4520715 77912  24086
32.582943780 8542931665 6518056 77906  31160
32.593955373 8544755577 1823912 85020  21852
32.605956240 8551245012 6489435 84998  37431
32.617940507 8556013503 4768491 84984  20181
32.629941694 8562789379 6775876 77900  33264
32.640941293 8567168460 4379081 85011  19465
32.652955924 8568955758 1787298 85011  55721
32.664956915 8571437539 2481781 77918  68556
32.675943860 8577967524 6529985 77919  30696
32.686941672 8582521953 4554429 77918  19135
32.697953709 8589921800 7399847 85003  36293
32.709941602 8592917963 2996163 84996  18055
32.721958276 8598536020 5618057 84997  39422
32.733942774 8604227334 5691314 84993  25168
32.745953658 8610525546 6298212 85005  32488
32.757958482 8615553503 5027957 84997  24597
32.769943911 8617144800 1591297 77917  48425
32.780958284 8618837261 1692461 85005  70342
32.792953281 8620719597 1882336 85004  84167
32.804943222 8622458374 1738777 77930  77738
32.815941858 8626998629 4540255 84984  55225
32.827954852 8633669356 6670727 85000  30791
32.839952513 8639179424 5510068 77912  25083
32.850942608 8644874438 5695014 84990  26665
32.862940412 8646864853 1990415 85003  28147
32.874957212 8653954624 7089771 77903  35629
32.885954678 8658730119 4775495 84995  21781
32.897942588 8665949877 7219758 84989  37019
32.909944446 8669135815 3185938 84991  26381
32.921954804 8670922861 1787046 85001  59739
32.933957253 8675491345 4568484 84997  61562
32.945943461 8682169538 6678193 84999  31126
32.957956198 8687580092 5410554 77909  27983
32.968956367 8693354902 5774810 85005  25790
32.980942647 8695184987 1830085 84990  34215
32.992943161 8702500045 7315058 77891  35811
33.003953757 8706464214 3964169 77910  15926
33.014953036 8713519367 7055153 77908  35710
33.025941436 8717321693 3802326 84995  18282
33.037963486 8719108991 1787298 84998  57211
33.049958487 8720786865 1677874 85014  74104
33.061955944 8722683564 1896699 84993  84790
33.073944124 8724580487 1896923 85005  84814
33.085943821 8726054531 1474044 77919  61646
33.096955751 8727951230 1896699 85018  84802
33.108941691 8729689783 1738553 77923  77723
33.119954091 8731428560 1738777 77928  77739
33.130953893 8733325259 1896699 85010  84806
33.142954831 8737156777 3831518 84998  54628
33.154940720 8744097662 6940885 77904  33041
33.165941236 8748580772 4483110 77909  20130
33.176954199 8755127316 6546544 77898  31992
33.187956343 8756948255 1820939 85006  24259
33.199956413 8763207218 6258963 84985  36023
33.211953716 8768220744 5013526 84997  20254
33.223954784 8774991345 6770601 77894  33702
33.234943683 8779378372 4387027 85002  26743
33.246944479 8781165488 1787116 84993  53847
33.258956791 8783656504 2491016 77912  67703
33.269955500 8790836820 7180316 84998  34897
33.281954397 8795765783 4928963 77906  26177
33.292956323 8801945260 6179477 77904  28690
33.303954812 8805134162 3188902 84993  21094
33.315943686 8810749977 5615815 84991  44856
33.327942470 8816443225 5693248 84988  24738
33.339965227 8822803635 6360410 84982  31941
33.351956944 8827760741 4957106 84983  23473
33.363955691 8829511080 1750339 85011  52014
33.375946425 8831188282 1677202 85003  70755
33.387958126 8833085205 1896923 84998  84703
33.399956333 8834982128 1896923 84997  84814
33.411941959 8840078556 5096428 77926  45419
33.422942195 8846024328 5945772 84986  26302
33.434955043 8851666131 5641803 84983  27908
33.446941347 8857359744 5693613 84991  26644
33.458941444 8859912561 2552817 77918  31023
33.469943153 8867330706 7418145 85003  36101
33.481953644 8872072861 4742155 77920  21718
33.492950016 8878277200 6204339 77911  29997
33.503941218 8881355123 3077923 84998  20277
33.515953076 8883142197 1787074 85000  62780
33.527959673 8887715948 4573751 84995  61046
33.539942510 8894376575 6660627 85001  30814
33.551954264 8899801476 5424901 77912  25392
33.562953740 8905567350 5765874 84993  26350
33.574954798 8907420323 1852973 84999  24272
33.586942231 8914695138 7274815 77914  35712
33.597939260 8918668995 3973857 77901  15813
33.608942493 8925803462 7134467 77909  34972
33.619954165 8929531677 3728215 85002  15904
33.631944176 8931318695 1787018 84995  55955
33.643965573 8932995897 1677202 85008  75016
33.655955637 8934892344 1896447 85017  84784
33.667955804 8936789071 1896727 85020  84804
33.679942028 8938261995 1472924 77902  61021
33.690940514 8940000548 1738553 77925  77731
33.701955686 8941897247 1896699 85002  84804
33.713942233 8943794170 1896923 85009  84818
33.725955070 8945690869 1896699 85002  84804
33.737953232 8947050433 1359564 84988  67824
33.749942231 8948788986 1738553 77924  77721
33.760943027 8950527315 1738329 77924  77719
33.771939957 8952265868 1738553 77924  77725
33.782940613 8954004421 1738553 77931  77730
33.793940582 8955742750 1738329 77918  77724
33.804967075 8957639449 1896699 85000  84801
33.816942028 8959378002 1738553 77928  77728
33.827954031 8961274701 1896699 85013  84805
33.839954632 8963013030 1738329 77920  77720
33.850940954 8964192351 1179321 84996  67950
33.862942384 8965726936 1534585 84995  84776
33.874940882 8967465685 1738749 77914  77716
33.885954434 8969362412 1896727 84996  84795
33.897953232 8971259111 1896699 85000  84686
33.909942799 8973155810 1896699 84991  84730
33.921941742 8974894363 1738553 77910  77631
33.932941878 8976632916 1738553 77915  77616
33.943953362 8978371693 1738777 77932  77631
33.954951020 8980268392 1896699 84994  84717
33.966954861 8982007175 1738783 77918  77641
33.977953557 8983746521 1739346 77891  77653
33.988953083 8985486091 1739570 77895  77683
33.999955052 8987224990 1738899 77887  77733
34.010942408 8988964336 1739346 77891  77756
34.021941827 8990703596 1739260 77885  77740
34.032958057 8992443024 1739428 77894  77748
34.043952926 8994182599 1739575 77903  77768
34.054941559 8995922169 1739570 77903  77765
34.065942401 8997660843 1738674 77873  77724
34.076954934 8999399741 1738898 77873  77715
34.087940793 9000144162 744421 85016  69154
34.099950357 9001463485 1319323 77909  77569
34.110954797 9008352413 6888928 77898  32701
34.121954749 9012752788 4400375 77920  23349
34.132945545 9019371912 6619124 77922  32107
34.143942345 9023114190 3742278 85000  22484
34.155955669 9027863986 4749796 77902  37492
34.166942230 9034285888 6421902 84989  30309
34.178953111 9039791027 5505139 77904  26543
34.189941144 9045480344 5689317 84992  25505
34.201941091 9047216397 1736053 85009  23061
34.213955188 9049113320 1896923 85009  83897
34.225957046 9055220239 6106919 84985  36416
34.237942689 9060308968 5088729 85006  21549
34.249942233 9067055874 6746906 77906  34273
34.260962479 9071461099 4405225 85010  19327
34.272942543 9075567848 4106749 77901  34219
34.283942792 9082497338 6929490 77916  33974
34.294954865 9086924728 4427390 77908  19858
34.305943517 9093527095 6602367 77898  31179
34.316943220 9095347735 1820640 85016  22395
34.328943214 9097134361 1786626 84996  67457
34.340956154 9098811563 1677202 85004  72726
34.352944088 9100550116 1738553 77920  77729
34.363940757 9102273333 1723217 85011  72779
34.375953484 9108728983 6455650 77910  34052
34.386940394 9113788105 5059122 84992  22638
34.398942704 9120806710 7018605 77908  34670
34.409962760 9124603759 3797049 84999  19996
34.421955811 9129117372 4513613 77922  37223
34.432943533 9135770488 6653116 85005  31247
34.444941613 9141157060 5386572 77900  25957
34.455955973 9146958712 5801652 84988  27538
34.467944653 9148670984 1712272 84995  26278
34.479955861 9150567683 1896699 85009  79871
34.491957751 9156078882 5511199 85004  36667
34.503936828 9161793392 5714510 84989  24781
34.515940218 9168271859 6478467 77907  32269
34.526952781 9172963369 4691510 85000  21424
34.538952662 9177621657 4658288 84993  36700
34.550954679 9184276721 6655064 84993  32776
34.562951712 9189689985 5413264 77922  25430
34.573943045 9195464913 5774928 85004  25990
34.585940329 9197178334 1713421 85013  30422
34.597957693 9199075257 1896923 85022  80017
34.609942563 9200594341 1519084 77912  67945
34.620956503 9202491012 1896671 85003  84802
34.632954893 9204124214 1633202 84989  70732
34.644954540 9206021021 1896807 85009  84811
34.656942237 9207759574 1738553 77920  77728
34.667940390 9209498127 1738553 77918  77730
34.678942486 9211236680 1738553 77923  77726
34.689953902 9212833346 1596666 84999  69858
34.701953536 9218964582 6131236 84995  44056
34.713963310 9224008801 5044219 84988  21114
34.725943683 9230781290 6772489 77913  35966
34.736941825 9235162751 4381461 84998  19574
34.748942093 9239237079 4074328 77898  31575
34.759953219 9246194796 6957717 77907  34284
34.770955381 9250594166 4399370 77912  19677
34.781943544 9257227580 6633414 77919  31414
34.792943957 9259047623 1820043 84997  20982
34.804943684 9260676551 1628928 77923  60153
34.815943293 9265101181 4424630 77910  55139
34.826940862 9271761499 6660318 84991  30903
34.838955303 9277138965 5377466 77906  24775
34.849953835 9282952686 5813721 85005  25960
34.861941222 9284796081 1843395 85019  24622
34.873952420 9292007498 7211417 77906  35288
34.884944242 9295993889 3986391 77904  21020
34.895942845 9303113763 7119874 77898  35469
34.906942478 9306918134 3804371 84996  16565
34.918953812 9308705547 1787413 84985  62024
34.930956839 9310382858 1677311 84994  74346
34.942943829 9312121411 1738553 77910  77717
34.953941985 9313859964 1738553 77913  77726
34.964942191 9318292262 4432298 77900  45834
34.975941537 9324910266 6618004 84980  30052
34.987942267 9330430817 5520551 77909  27194
34.998953163 9336131170 5700353 85001  25907
35.010953347 9338841012 2709842 84999  31832
35.022952364 9346057578 7216566 84998  35448
35.034944831 9351028542 4970964 77918  29777
35.045957534 9357389019 6360477 77929  30493
35.056936673 9360302845 2913826 84988  17456
35.068944090 9362089919 1787074 84997  69206
35.080954898 9366667691 4577772 84986  60724
35.092955622 9373324946 6657255 84983  31943
35.104942428 9378744512 5419566 77904  27214
35.115940947 9384513175 5768663 84990  25192
35.127952695 9386353953 1840778 85005  28301
35.139940792 9393625834 7271881 77912  35825
35.150954355 9398398513 4772679 84991  20571
35.162940311 9405604660 7206147 84999  36450
35.174963276 9408803028 3198368 85003  19356
35.186954776 9410590102 1787074 84986  63505
35.198954216 9412267752 1677650 84998  75102
35.210955970 9414164675 1896923 85001  84811
35.222954381 9415982602 1817927 85004  78894
35.234942057 9417536314 1553712 77922  68893
35.245941827 9419274643 1738329 77940  77717
35.256955186 9421171118 1896475 85027  84797
35.268953550 9422909447 1738329 77933  77717
35.279940563 9424647776 1738329 77937  77717
35.290941129 9425848522 1200746 77920  60670
35.301953271 9427745446 1896924 84996  84814
35.313940739 9429483999 1738553 77932  77730
35.324949435 9431380698 1896699 85022  84804
35.336955715 9433277397 1896699 85014  84803
35.348954752 9435173872 1896475 85006  84793
35.360943506 9436912425 1738553 77932  77729
35.371939832 9438650978 1738553 77916  77727
35.382954344 9440547453 1896475 85015  84798
35.394941848 9442286006 1738553 77919  77727
35.405943021 9443263466 977460 85002  67605
35.417940484 9448965777 5702311 77919  38270
35.428939857 9454354572 5388795 84988  22274
35.440953591 9460893313 6538741 77899  32629
35.451942293 9465516076 4622763 85003  20879
35.463942054 9469462120 3946044 77915  36181
35.474941247 9476419047 6956927 77909  34326
35.485962613 9481192059 4773012 84996  19170
35.497956350 9487840767 6648708 85007  31208
35.509943991 9489663256 1822489 85018  20364
35.521956391 9491449882 1786626 84989  78009
35.533956064 9496979511 5529629 84997  44205
35.545942255 9502678313 5698802 84987  24740
35.557941812 9509301657 6623344 85002  33062
35.569943852 9513990723 4689066 85000  23004
35.581955883 9518650271 4659548 84999  48185
35.593956437 9525312362 6662091 84997  32915
35.605942671 9530714063 5401701 77910  24848
35.616953807 9536499320 5785257 84988  24891
35.628953574 9538213080 1713760 85008  25902
35.640951851 9540110003 1896923 85022  80427
35.652945794 9541787653 1677650 84999  75321
35.664955532 9543684352 1896699 84999  84805
35.676956442 9546310304 2625952 77909  58928
35.687940934 9553775770 7465466 84998  35318
35.699954748 9558310628 4534858 77926  18463
35.710939824 9564816696 6506068 77910  31015
35.721954014 9567587568 2770872 85002  12397
35.733942141 9573213260 5625692 84996  37097
35.745940855 9578908186 5694926 84992  24638
35.757954259 9584738165 5829979 77904  28328
35.768941001 9590101398 5363233 84986  22291
35.780953298 9591837701 1736303 84982  48204
35.792965812 9594083103 2245402 84991  73645
35.804956009 9601009269 6926166 77919  32895
35.815939632 9605433066 4423797 77919  20869
35.826943601 9612037505 6604439 77898  31381
35.837954980 9615772088 3734583 85003  22852
35.849944431 9620533004 4760916 77913  33083
35.860953900 9626966883 6433879 85006  29101
35.872941610 9632480263 5513380 77897  26022
35.883954706 9638198371 5718108 84999  25180
35.895941787 9639933896 1735525 85007  26377
35.907940831 9641830703 1896807 85006  84596
35.919954275 9643508129 1677426 85006  75020
35.931939521 9645246458 1738329 77921  77719
35.942952681 9646879768 1633310 85001  67661
35.954942691 9648618545 1738777 77918  77732
35.965953957 9650515468 1896923 84999  84812
35.977954824 9652412391 1896923 84996  84814
35.989942142 9654150944 1738553 77912  77733
36.000955494 9655547320 1396376 85004  69454
36.012942097 9662329399 6782079 77902  35182
36.023941763 9667509519 5180120 84998  22330
36.035942384 9674177647 6668128 77901  32352
36.046954683 9677915286 3737639 84999  23235
36.058956567 9682660249 4744963 77902  40508
36.069943180 9689093338 6433089 85011  29812
36.081942587 9694594555 5501217 77914  28107
36.092943380 9700281518 5686963 84993  25286
36.104951810 9702018249 1736731 85004  35708
36.116944637 9703756802 1738553 77916  73972
36.127956823 9709273439 5516637 84995  39483
36.139953477 9714966812 5693373 84992  24649
36.151941361 9721114476 6147664 77912  32672
36.162942977 9726140700 5026224 85004  25525
36.174956144 9730356551 4215851 85002  37071
36.186945234 9737294040 6937489 77907  34838
36.197940167 9741704745 4410705 77931  19308
36.208939833 9748322852 6618107 77911  32450
36.219942852 9750139507 1816655 85014  16010
36.231955396 9751926133 1786626 84997  74255
36.243956677 9753603559 1677426 85015  76019
36.255964504 9755500258 1896699 85006  84795
36.267941994 9757148536 1648278 85000  69112
36.279940778 9764432909 7284373 77902  35597
36.290953797 9769314793 4881884 85004  21375
36.302942721 9776477372 7162579 85003  34768
36.314943502 9779716968 3239596 85003  21242
36.326954872 9785323297 5606329 84991  36796
36.338954995 9791027566 5704269 85004  24580
36.350954719 9797563533 6535967 84995  31110
36.362938369 9802351552 4788019 85002  20723
36.374954647 9804107435 1755883 84987  53415
36.386955087 9806751249 2643814 85011  73771
36.398942451 9813916146 7164897 84988  33824
36.410950825 9818954750 5038604 77922  25705
36.421942028 9825249276 6294526 77917  29642
36.432953550 9828225323 2976047 84993  22319
36.444944068 9833839151 5613828 84999  47298
36.456954995 9839535919 5696768 84975  26088
36.468954495 9845939865 6403946 84998  31131
36.480941732 9850858959 4919094 84990  21330
36.492941336 9852452384 1593425 77916  44706
36.503942158 9854142717 1690333 84987  75440
36.515954752 9856026285 1883568 84995  84222
36.527954022 9857922760 1896475 84984  84793
36.539940273 9859398596 1475836 77912  62933
36.550941139 9861137373 1738777 77922  77740
36.561963948 9863034072 1896699 85019  84827
36.573941749 9864772401 1738329 77911  77737
36.584959018 9866669324 1896923 85007  84827
36.596918545 9867871862 1202538 77908  65284
36.607954697 9869768785 1896923 85010  84805
36.619955081 9871665484 1896699 85007  84803
36.631941185 9873562183 1896699 85005  84804
36.643953799 9875458658 1896475 85003  84798
36.655954646 9877355581 1896923 85009  84812
36.667940876 9879094134 1738553 77922  77727
36.678939639 9880832463 1738329 77911  77720
36.689953645 9882729386 1896923 85014  84811
36.701954289 9884626085 1896699 85006  84804
36.713940366 9885758304 1132219 84998  67831
36.725950310 9887337751 1579447 84991  84798
36.737954370 9889234674 1896923 84999  84812
36.749953517 9891131373 1896699 84993  84806
36.761943195 9892870150 1738777 77920  77736
36.772939930 9894608703 1738553 77909  77729
36.783953867 9896505402 1896699 85008  84807
36.795941100 9898402101 1896699 85003  84802
36.807945154 9900298800 1896699 85004  84806
36.819953288 9902195499 1896699 85000  84802
36.831952305 9904092198 1896699 85003  84803
36.843940646 9905988897 1896699 85003  84805
36.855935059 9907727226 1738329 77906  77721
36.866952755 9909466003 1738777 77928  77740
36.877962954 9911362702 1896699 85000  84803
36.889941348 9913101479 1738777 77913  77737
36.900954581 9914998402 1896923 85003  84815
36.912954888 9916895325 1896923 84997  84815
36.924942081 9918633878 1738553 77918  77734
36.935942030 9920372431 1738553 77914  77728
36.946954187 9921469804 1097373 85004  66517
36.958953547 9922189128 719324 84997  84820
36.970939228 9923736816 1547688 77911  77688
36.981952974 9925633515 1896699 85007  84782
36.993942748 9927530214 1896699 85003  84778
37.005940151 9929268767 1738553 77926  77618
37.016941683 9931007320 1738553 77926  77656
37.027951589 9932745873 1738553 77925  77634
37.038953682 9934642572 1896699 85013  84676
37.050954323 9936539271 1896699 85001  84693
37.062954557 9938435746 1896475 85001  84709
37.074940683 9940174299 1738553 77925  77635
37.085956847 9942070998 1896699 85009  84710
37.097940806 9943809775 1738777 77929  77684
37.108944236 9945548328 1738553 77926  77728
37.119953302 9947445027 1896699 85016  84805
37.131956309 9949341726 1896699 85013  84805
37.143952716 9951238425 1896699 85007  84803
37.155941363 9952977202 1738777 77939  77735
37.166941469 9954873901 1896699 85018  84805
37.178949563 9956770600 1896699 85014  84801
37.190954093 9958509235 1738635 77889  77728
37.201953036 9960248581 1739346 77898  77760
37.212953959 9961987928 1739347 77897  77759
37.223953901 9963727050 1739122 77880  77734
37.234941931 9965466620 1739570 77893  77763
37.245939847 9967206704 1740084 77912  77792
37.256941629 9968945761 1739057 77888  77748
37.267941489 9970685107 1739346 77896  77751
37.278953655 9972424995 1739888 77905  77766
37.289952744 9974164695 1739700 77914  77782
37.300941787 9975904042 1739347 77899  77762
37.311953833 9977643535 1739493 77891  77753
37.322954315 9979382958 1739423 77896  77753
37.333962935 9981122055 1739097 77868  77738
37.344943204 9982861598 1739543 77889  77767
37.355942767 9984601445 1739847 77908  77783
37.366955413 9986340749 1739304 77887  77734
37.377940048 9988079876 1739127 77880  77736
37.388955317 9989819260 1739384 77880  77764
37.399941350 9991558606 1739346 77895  77760
37.410954236 9992773910 1215304 84993  68357
37.422940350 9993493277 719367 84995  84825
37.434940617 9994212797 719520 85010  84834
37.446952591 9994932278 719481 85005  84736
37.458941828 9995773531 841253 16546  16300
37.469944297 9996814060 1040529 9011  8818
37.480966714 9997854589 1040529 9007  8813
37.491960182 9998895193 1040604 9011  8717
37.502947718 9999935767 1040574 9010  8764
37.513947881 10000976296 1040529 9011  8721
37.524947333 10002016902 1040606 9008  8717
37.535947059 10003057474 1040572 9009  8747
37.546960022 10004098003 1040529 9005  8728
37.557960841 10005138532 1040529 9011  8741
37.568946601 10006179061 1040529 9004  8744
37.579960997 10007219668 1040607 9007  8837
37.590957689 10008260239 1040571 9011  8840
37.601945312 10009300739 1040500 9011  8842
37.612959851 10010341297 1040558 9004  8835
37.623966634 10011381826 1040529 9006  8835
37.634947670 10012422433 1040607 9008  8835
37.645948756 10013463004 1040571 9008  8835
37.656960819 10014503533 1040529 9007  8837
37.667958898 10015544062 1040529 9015  8844
37.678946814 10016584591 1040529 9009  8839
37.689959557 10017625150 1040559 9007  8840
37.700948773 10018665725 1040575 9010  8846
37.711948355 10019706298 1040573 9012  8841
37.722948527 10020746905 1040607 9010  8836
37.733962554 10021787356 1040451 9013  8842
37.744946126 10022827843 1040487 9011  8840
37.755960625 10023868414 1040571 9008  8838
37.766961168 10024909019 1040605 9005  8838
37.777955494 10025949548 1040529 9008  8845
37.788948873 10026990001 1040453 9009  8844
37.799949422 10028030530 1040529 9011  8843
37.810949448 10029071059 1040529 9007  8837
37.821945651 10030111472 1040413 9004  8838
37.832959724 10031151997 1040525 9008  8836
37.843946206 10032192526 1040529 9005  8836
37.854947932 10033233055 1040529 9009  8841
37.865947422 10034273540 1040485 9008  8834
37.876947154 10035314069 1040529 9005  8843
37.887947207 10036354598 1040529 9003  8839
37.898946826 10037395171 1040573 9001  8841
37.909959549 10038435776 1040605 9006  8839
37.920954811 10039476290 1040514 9007  8838
37.931959688 10040516638 1040348 9009  8844
37.942948643 10041557167 1040529 9000  8840
37.953949206 10042597696 1040529 9008  8841
37.964961296 10043638225 1040529 9009  8837
37.975960128 10044678634 1040409 9013  8839
37.986946527 10045719163 1040529 9008  8840
37.997948163 10046759692 1040529 9011  8842
38.008960262 10047800221 1040529 9008  8836
38.019947675 10048840750 1040529 9016  8841
38.030963091 10049881265 1040515 9008  8839
38.041960160 10050921808 1040543 9014  8837
38.052948573 10051962413 1040605 9013  8844
38.063956512 10053002986 1040573 9015  8838
38.074963008 10054043515 1040529 9008  8841
38.085947281 10055084044 1040529 9009  8844
38.096962637 10056281517 1197473 49727  36453
38.107962473 10058178649 1897132 77953  56152
38.118952032 10060071357 1892708 77950  55998
38.129949438 10061958357 1887000 77932  55808
38.140964201 10063854797 1896440 77947  56017
38.151951473 10065752824 1898027 77952  56074
38.162952522 10067645527 1892703 77932  55937
38.173952518 10069539852 1894325 77946  55976
38.184965515 10071437920 1898068 77940  56108
38.195949804 10073328362 1890442 77944  55833
38.206970610 10075220770 1892408 77951  55916
38.217964016 10077113623 1892853 77948  55975
38.228951884 10079009818 1896195 77935  56059
38.239965090 10080907258 1897440 77947  56047
38.250951640 10082797598 1890340 77941  55841
38.261950012 10084686542 1888944 77931  55846
38.272963619 10086578404 1891862 77948  55986
38.283947516 10088477781 1899377 77921  56193
38.294956407 10090370109 1892328 77945  55989
38.305948343 10092265862 1895753 77945  56111
38.316967319 10094159464 1893602 77936  56025
38.327962222 10096051371 1891907 77938  55947
38.338949234 10097943304 1891933 77950  55983
38.349950077 10099836245 1892941 77941  56010
38.360972190 10101732950 1896705 77930  56100
38.371965189 10103630067 1897117 77958  56120
38.382962768 10105526610 1896543 77948  56137
38.393964178 10107424352 1897742 77940  56114
38.404965220 10109316923 1892571 77949  55997
38.415963446 10111215306 1898383 77934  56187
38.426950398 10113106060 1890754 77930  55958
38.437963328 10114997635 1891575 77955  55952
38.448950014 10116889659 1892024 77928  55966
38.459950329 10118785284 1895625 77937  56101
38.470962619 10120675537 1890253 77955  55923
38.481950985 10122570528 1894991 77944  56056
38.492963914 10124469942 1899414 77942  56200
38.503973184 10126365008 1895066 77961  56119
38.514963333 10128255768 1890760 77892  55925
38.525950025 10130146344 1890576 77914  55903
38.536951625 10132040154 1893810 77926  56019
38.547952107 10133936727 1896573 77941  56176
38.558962213 10135830266 1893539 77945  56031
38.569961353 10137724907 1894641 77957  56050
38.580965815 10139619253 1894346 77926  56056
38.591961488 10141510546 1891293 77948  55985
38.602947947 10143405989 1895443 77952  56085
38.613951033 10145295470 1889481 77933  55920
38.624969266 10147192146 1896676 77937  56138
38.635950879 10149087737 1895591 77941  56103
38.646961881 10150977552 1889815 77940  55894
38.657963527 10152867647 1890095 77947  55902
38.668948879 10154762953 1895306 77949  56097
38.679964066 10156658180 1895227 77930  56078
38.690951964 10158552518 1894338 77928  56045
38.701964891 10160441316 1888798 77949  55854
38.712950866 10162332560 1891244 77886  55946
38.723951886 10164220435 1887875 77948  55839
38.734963415 10166114703 1894268 77955  56075
38.745948408 10168006203 1891500 77929  55930
38.756962487 10169902107 1895904 77936  56071
38.767965840 10171795345 1893238 77944  56037
38.778963406 10173687081 1891736 77927  55969
38.789962455 10175571602 1884521 77949  55749
38.800966331 10177465817 1894215 77952  56039
38.811964734 10179354017 1888200 77908  55859
38.822962070 10181250285 1896268 77943  56097
38.833963249 10183145425 1895140 77949  56085
38.844965505 10185037340 1891915 77945  55951
38.855963604 10186926232 1888892 77947  55857
38.866965720 10188817413 1891181 77948  55936
38.877963776 10190710180 1892767 77934  56010
38.888951402 10192609663 1899483 77951  56186
38.899963395 10194504983 1895320 77931  56062
38.910949353 10196398187 1893204 77919  56033
38.921962559 10198286245 1888058 77941  55843
38.932952202 10200183611 1897366 77889  56123
38.943972421 10202079776 1896165 77931  56090
38.954962824 10203974177 1894401 77952  56076
38.965950727 10205866854 1892677 77945  55997
38.976948246 10207762189 1895335 77919  56074
38.987950782 10208419938 657749 85027  81194
38.999948173 10208844299 424361 84989  84823
39.011942492 10209268755 424456 85005  84838
39.023944190 10209693351 424596 85016  84856
39.035954154 10210117798 424447 85001  84830
39.047943124 10210542213 424415 84999  84833
39.059953514 10210966704 424491 85005  84840
39.071941641 10211391175 424471 85004  84835
39.083952762 10211815641 424466 85007  84841
39.095950019 10212240207 424566 85012  84851
39.107953927 10212664673 424466 85002  84840
39.119952726 10213157691 493018 85010  84829
39.131955407 10215056323 1898632 77872  43614
39.142955250 10216931681 1875358 77952  56948
39.153958982 10218184034 1252353 85003  73656
39.165946043 10218778110 594076 84996  84637
39.177961657 10219371941 593831 85027  84850
39.189962241 10219965842 593901 85030  84863
39.201947841 10220560058 594216 85009  84847
39.213963058 10221153749 593691 85010  84852
39.225945988 10221747539 593790 85002  84844
39.237959525 10222341775 594236 85005  84846
39.249960486 10222935620 593845 85011  84843
39.261963566 10223529479 593859 85007  84850
39.273948060 10224123702 594223 85016  84859
39.285951237 10224717540 593838 85012  84857
39.297949224 10225311301 593761 84997  84842
39.309947938 10225905622 594321 85008  84854
39.321948074 10226499453 593831 85005  84848
39.333962285 10227093326 593873 85016  84854
39.345950239 10227687402 594076 85017  84856
39.357948693 10228281436 594034 84996  84839
39.369963194 10228875260 593824 85009  84842
39.381961898 10229469014 593754 85018  84855
39.393959121 10230063391 594377 85023  84862
39.405956785 10230657117 593726 85013  84853
39.417949952 10231250963 593846 85007  84852
39.429961383 10231845220 594257 85003  84841
39.441949832 10232438855 593635 84999  84838
39.453950176 10233032574 593719 85019  84859
39.465962404 10233626979 594405 85020  84857
39.477946488 10234220838 593859 85023  84855
39.489946374 10234814795 593957 85028  84868
39.501961385 10235409123 594328 85029  84863
39.513959392 10236002996 593873 85017  84852
39.525949573 10236596680 593684 85004  84843
39.537949089 10237190791 594111 85000  84835
39.549964630 10237784615 593824 85013  84854
39.561960720 10238378327 593712 84997  84838
39.573958484 10238972550 594223 85003  84844
39.585950894 10239566353 593803 84999  84844
39.597947975 10240160128 593775 85015  84853
39.609962232 10240754337 594209 85015  84851
39.621963199 10241348126 593789 85003  84841
39.633950452 10241941978 593852 85025  84870
39.645960923 10242536369 594391 85028  84865
39.657961497 10243130249 593880 85008  84856
39.669947043 10243723996 593747 85004  84840
39.681948998 10244318226 594230 85027  84860
39.693961542 10244912095 593869 85025  84860
39.705963619 10245505874 593779 85008  84846
39.717950483 10246099957 594083 85013  84848
39.729954920 10246672698 572741 85007  84703
39.741959213 10247164491 491793 85013  84026
39.753956577 10247674028 509537 85035  84571
39.765956694 10248183499 509471 85013  84683
39.777942071 10248692748 509249 85003  84669
39.789955578 10249202168 509420 84997  84684
39.801953299 10249711525 509357 85000  84693
39.813942146 10250221038 509513 85009  84706
39.825952910 10250730508 509470 85012  84707
39.837952300 10251239998 509490 84999  84698
39.849954480 10251749264 509266 85002  84684
39.861941368 10252258777 509513 85011  84704
39.873940234 10252768290 509513 85007  84702
39.885965002 10253277743 509453 84992  84685
39.897954472 10253787154 509411 85002  84690
39.909953959 10254296583 509429 85001  84688
39.921954217 10254805979 509396 85011  84684
39.933942126 10255315390 509411 85005  84695
39.945940940 10255824963 509573 85023  84715
39.957940234 10256334506 509543 85011  84708
39.969954115 10256844021 509515 84998  84702
39.981953975 10257353496 509475 85008  84702
39.993940159 10257862733 509237 85004  84684
40.005941372 10258372282 509549 85019  84713
40.017939762 10258881861 509579 85012  84715
40.029952971 10259391226 509365 85008  84693
40.041961981 10259900512 509286 84998  84699
40.053943088 10260409929 509417 84994  84698
40.065954125 10260919238 509309 85017  84702
40.077941748 10261428697 509459 85000  84709
40.089940372 10261938143 509446 85006  84706
40.101954753 10262447606 509463 85010  84703
40.113952847 10262957125 509519 85003  84721
40.125953761 10263466650 509525 85006  84710
40.137940994 10263975929 509279 84990  84684
40.149939521 10264485472 509543 85014  84718
40.161953135 10264994919 509447 84999  84706
40.173954116 10265504474 509555 85012  84721
40.185954399 10266013974 509500 84996  84709
40.197939443 10266523451 509477 85000  84709
40.209949300 10267032790 509339 85019  84713
40.221954651 10267542291 509501 85007  84708
40.233940127 10268051828 509537 85009  84719
40.245954918 10268561389 509561 85010  84722
40.257951482 10269070746 509357 84988  84688
40.269940675 10269580382 509636 85014  84723
40.281940395 10270089745 509363 85007  84700
40.293941626 10270599104 509359 84995  84705
40.305953103 10271108653 509549 85013  84719
40.317954964 10271634330 525677 85010  84637
40.329945837 10272228322 593992 85004  84807
40.341945024 10272822076 593754 85004  84839
40.353947152 10273415858 593782 85007  84848
40.365956405 10274009717 593859 84989  84833
40.377960645 10274603751 594034 85015  84855
40.389947256 10275197533 593782 85011  84859
40.401959850 10275791273 593740 85011  84853
40.413948244 10276385433 594160 85006  84853
40.425949467 10276979166 593733 84993  84839
40.437965915 10277572990 593824 85011  84853
40.449951012 10278167241 594251 85010  84852
40.461963349 10278761079 593838 85012  84847
40.473950132 10279354932 593853 85008  84844
40.485959719 10279949189 594257 85019  84854
40.497961603 10280543125 593936 85018  84859
40.509949611 10281136900 593775 85009  84849
40.521970391 10281731025 594125 85000  84838
40.533961778 10282324919 593894 85017  84853
40.545949945 10282918645 593726 85002  84842
40.557962352 10283512777 594132 85012  84852
40.569958343 10284106734 593957 85023  84865
40.581961126 10284700670 593936 85032  84872
40.593948940 10285294878 594208 85023  84853
40.605950131 10285888626 593748 85007  84843
40.617963155 10286482352 593726 85015  84849
40.629948561 10287076673 594321 85029  84868
40.641965495 10287670616 593943 85015  84855
40.653948236 10288264503 593887 85007  84852
40.665948812 10288858796 594293 85000  84841
40.677970320 10289452487 593691 84997  84836
40.689951667 10290046326 593839 85010  84846
40.701948571 10290640527 594201 84997  84837
40.713963991 10291234260 593733 84998  84839
40.725950041 10291827916 593656 84990  84830
40.737962425 10292421894 593978 84996  84842
40.749949312 10293015676 593782 84995  84839
40.761963839 10293609374 593698 84996  84841
40.773964686 10294203065 593691 85006  84851
40.785949400 10294797226 594161 85004  84844
40.797962977 10295390972 593746 85004  84845
40.809962175 10295984775 593803 85008  84835
40.821958699 10296578914 594139 85006  84844
40.833961632 10297172710 593796 85016  84856
40.845966036 10297766519 593809 85014  84851
40.857963990 10298360680 594161 84999  84843
40.869964154 10298954385 593705 85011  84841
40.881951197 10299548180 593795 85003  84837
40.893962794 10300142404 594224 85010  84845
40.905960755 10300646185 503781 85022  84092
40.917958291 10301155698 509513 85017  84465
40.929944892 10301664863 509165 84999  84604
40.941942866 10302174364 509501 85005  84704
40.953953190 10302683919 509555 85012  84707
40.965940639 10303193417 509498 85002  84711
40.977954970 10303703008 509591 85014  84721
40.989940851 10304212461 509453 85009  84711
41.001949428 10304721835 509374 85018  84695
41.013955678 10305231390 509555 85011  84713
41.025941442 10305740885 509495 84999  84703
41.037940982 10306250422 509537 85003  84713
41.049953476 10306759863 509441 84995  84697
41.061943279 10307269352 509489 85011  84700
41.073939890 10307778715 509363 85017  84688
41.085941537 10308288228 509513 85003  84705
41.097952605 10308797648 509420 85001  84694
41.109953918 10309307035 509387 85012  84680
41.121942132 10309816542 509507 85001  84701
41.133952522 10310326132 509590 85010  84711
41.145954860 10310835400 509268 85008  84694
41.157962956 10311344985 509585 85007  84718
41.169953000 10311854486 509501 84999  84705
41.181940510 10312364011 509525 85006  84721
41.193954354 10312873426 509415 85006  84705
41.205953938 10313382774 509348 85004  84695
41.217941018 10313892017 509243 85008  84699
41.229940782 10314401494 509477 85012  84706
41.241941482 10314910941 509447 85009  84712
41.253953886 10315420418 509477 85004  84704
41.265953807 10315929846 509428 85005  84717
41.277952364 10316439317 509471 85013  84716
41.289952974 10316948626 509309 85000  84693
41.301940864 10317458202 509576 85016  84709
41.313949555 10317967643 509441 85007  84702
41.325955629 10318477168 509525 85013  84717
41.337940306 10318986573 509405 85004  84705
41.349942583 10319496026 509453 85001  84698
41.361939680 10320005262 509236 85001  84682
41.373941327 10320514649 509387 85004  84709
41.385940217 10321024198 509549 85017  84724
41.397941984 10321533777 509579 85007  84718
41.409953155 10322043248 509471 85009  84719
41.421940916 10322552719 509471 85008  84712
41.433940175 10323062124 509405 85009  84709
41.445953326 10323571625 509501 85002  84711
41.457942483 10324081038 509413 85000  84699
41.469952757 10324590467 509429 85005  84712
41.481962058 10325100015 509548 85016  84720
41.493954585 10325225449 125434 20134  19862
41.512954367 10325226637 1188 57  0
41.529028783 10325227956 1319 90  7
41.543217059 10325229143 1187 54  0
41.559220041 10325232446 3303 201  40
