0.010098045 74168010 74168010 9384  92
0.031326110 146068788 71900778 301  24
0.047262667 195791351 49722563 294  35
0.059000524 196267086 475735 52126  31638
0.070990903 196681463 414377 50831  41916
0.081994957 197787651 1106188 42669  31158
0.093997567 199033984 1246333 56681  44215
0.105980321 200293992 1260008 56681  46038
0.117980730 201592922 1298930 56673  45706
0.129979465 202874073 1281151 56680  46145
0.141992567 204188161 1314088 56670  46217
0.153979842 205488218 1300057 56675  45999
0.165991318 206781961 1293743 56671  46255
0.177989786 208013901 1231940 56683  46080
0.190003645 209309402 1295501 56686  46049
0.201981006 210604224 1294822 56671  46203
0.213979221 211903362 1299138 56694  46161
0.225980357 213195083 1291721 56683  46254
0.237992529 214483960 1288877 56685  45953
0.249992831 215777861 1293901 56681  45876
0.261991533 217071687 1293826 56688  46253
0.273990908 218369370 1297683 56670  46287
0.285990683 219665502 1296132 56682  46313
0.297990819 220956190 1290688 56678  46213
0.309980797 222253843 1297653 56684  46242
0.321992349 223544701 1290858 56672  46340
0.333991715 224836494 1291793 56678  46143
0.345985709 226131817 1295323 56688  46325
0.357983078 227422640 1290823 56678  46392
0.369989896 228717721 1295081 56686  46301
0.381990662 230007884 1290163 56691  46419
0.393990884 231296448 1288564 56686  46128
0.405979806 232591946 1295498 56682  46099
0.417978748 233883364 1291418 56683  46132
0.429979080 235194946 1311582 56688  45873
0.441978645 236500885 1305939 56686  44866
0.453978847 237754112 1253227 56670  44440
0.465978042 239071689 1317577 56684  44237
0.477989604 240394620 1322931 56675  42676
0.489988483 241683630 1289010 56676  43966
0.501990492 242971911 1288281 56684  42872
0.513990139 244257450 1285539 56676  43256
0.525988811 245552292 1294842 56681  43596
0.537977217 246853599 1301307 56689  42511
0.549975459 248159309 1305710 56682  43160
0.561976151 249466062 1306753 56684  42537
0.573989529 250769738 1303676 56676  42568
0.585989248 252074936 1305198 56678  43144
0.597988467 253377021 1302085 56668  42052
0.609990379 254678317 1301296 56679  42725
0.621990081 255986980 1308663 56682  43067
0.633991389 257291078 1304098 56682  42453
0.645976734 258592401 1301323 56690  42866
0.657999240 259893520 1301119 56679  42309
0.669989368 261193595 1300075 56669  42506
0.681976666 262497363 1303768 56680  42884
0.693977495 263797173 1299810 56673  42641
0.705990280 265094466 1297293 56683  42626
0.717991522 266393434 1298968 56672  42645
0.729989978 267691394 1297960 56667  42578
0.741978160 268992303 1300909 56671  42882
0.753976335 270289098 1296795 56679  42561
0.765976817 271644172 1355074 56688  42297
0.777978462 272941759 1297587 56681  42495
0.789977703 274235090 1293331 56674  42172
0.801976912 275531348 1296258 56677  42816
0.813988212 276827944 1296596 56680  42480
0.825985786 278121404 1293460 56680  42335
0.837978551 279423859 1302455 56675  42870
0.849990313 280719603 1295744 56684  42576
0.861990072 282013278 1293675 56689  42541
0.873978134 283310240 1296962 56682  42645
0.885978676 284605700 1295460 56692  42679
0.897977885 285902989 1297289 56680  42752
0.909990960 287195600 1292611 56685  42827
0.921989779 288486361 1290761 56671  42457
0.933990151 289782287 1295926 56675  42561
0.945990569 291132443 1350156 56699  42385
0.957989875 292426914 1294471 56686  42689
0.969989333 293716456 1289542 56676  42409
0.981986398 295004416 1287960 56669  42434
0.993992556 296297758 1293342 56693  42649
1.005990668 297590972 1293214 56686  42837
1.017978374 298882229 1291257 56696  42778
1.029976099 300172177 1289948 56673  42689
1.041991828 301458479 1286302 56677  42472
1.053990713 302750468 1291989 56677  42714
1.065991695 304037338 1286870 56665  42740
1.077977007 305333969 1296631 56680  42508
1.089974806 306674643 1340674 56681  42372
1.101977157 307965342 1290699 56680  42533
1.113990303 309259053 1293711 56678  42543
1.125976091 310550230 1291177 56692  42692
1.137986830 311841254 1291024 56681  42679
1.149990291 313137382 1296128 56691  42732
1.161976350 314430608 1293226 56684  42800
1.173976559 315724741 1294133 56666  42947
1.185988854 317014238 1289497 56677  42643
1.197989433 318300320 1286082 56683  42545
1.209978271 319650513 1350193 56682  42362
1.221977980 320940035 1289522 56679  42804
1.233977162 322228073 1288038 56676  42556
1.245991034 323519113 1291040 56671  42906
1.257991113 324805555 1286442 56674  42718
1.269989858 326097953 1292398 56687  42816
1.281988790 327387231 1289278 56675  43064
1.294000502 328674816 1287585 56680  42697
1.305989713 330019396 1344580 56685  42468
1.317976672 331301901 1282505 56692  42584
1.329990998 332586437 1284536 56673  42451
1.341990856 333869399 1282962 56678  42882
1.353978058 335154404 1285005 56685  42932
1.365975596 336443298 1288894 56690  42846
1.377990132 337729615 1286317 56680  43113
1.389990880 339021627 1292012 56684  42966
1.401989919 340357572 1335945 56686  42509
1.413978244 341638993 1281421 56669  42757
1.425975679 342926396 1287403 56672  43029
1.437976508 344213516 1287120 56676  43241
1.449977210 345496873 1283357 56676  42897
1.461983978 346780002 1283129 56681  43000
1.473979673 348060406 1280404 56691  42841
1.485991569 349401912 1341506 56676  42621
1.497979291 350681341 1279429 56684  43080
1.509976683 351961152 1279811 56680  42827
1.521990628 353242811 1281659 56675  43085
1.533992607 354524398 1281587 56677  43137
1.545991699 355808384 1283986 56679  43011
1.557977474 357090879 1282495 56691  43456
1.569979173 358425570 1334691 56686  42672
1.581992331 359702659 1277089 56688  42666
1.593989907 360981150 1278491 56665  43270
1.605989145 362261809 1280659 56688  43021
1.617999977 363538390 1276581 56683  43185
1.629977372 364817695 1279305 56684  43287
1.641988558 366156624 1338929 56689  42871
1.653978482 367443147 1286523 56685  42849
1.665989791 368737149 1294002 56683  43131
1.677978103 370032006 1294857 56677  43319
1.689976828 371321128 1289122 56674  43084
1.701979347 372618937 1297809 56677  43655
1.713977946 373966225 1347288 56686  43235
1.725989041 375252787 1286562 56687  43016
1.737976796 376542770 1289983 56674  43472
1.749977705 377832354 1289584 56670  43287
1.761980094 379125716 1293362 56675  43361
1.773987239 380418242 1292526 56683  43514
1.785977437 381758088 1339846 56672  42771
1.797989880 383043929 1285841 56675  42987
1.809979451 384332745 1288816 56672  43477
1.821991727 385626490 1293745 56680  43328
1.833980578 386912939 1286449 56688  43636
1.845977057 388255514 1342575 56695  42901
1.857990062 389537407 1281893 56688  42711
1.869989467 390823465 1286058 56674  43612
1.881991069 392113433 1289968 56671  43415
1.893977978 393398892 1285459 56685  43600
1.905990670 394736883 1337991 56679  42935
1.917990862 396018810 1281927 56686  42896
1.929999504 397304975 1286165 56668  43409
1.941990306 398595221 1290246 56668  43518
1.953989631 399882381 1287160 56675  43508
1.965977363 401220954 1338573 56687  43044
1.977987915 402503900 1282946 56678  42932
1.989991514 403788372 1284472 56674  43566
2.001989456 405072175 1283803 56678  43223
2.013991461 406362489 1290314 56675  43547
2.025977196 407690995 1328506 56684  42709
2.037979434 408974108 1283113 56673  43237
2.049978360 410255281 1281173 56673  43470
2.061989788 411536261 1280980 56683  43215
2.073992197 412875084 1338823 56685  43086
2.085978742 414151184 1276100 56666  43056
2.097985488 415436043 1284859 56663  43443
2.109978680 416716031 1279988 56683  43627
2.121978032 417994127 1278096 56678  43211
2.133992970 419327093 1332966 56697  42883
2.145978079 420602689 1275596 56678  43127
2.157990988 421886632 1283943 56667  43478
2.169978452 423163398 1276766 56675  43637
2.181977371 424496464 1333066 56685  42929
2.193989250 425769207 1272743 56669  42768
2.205989792 427054595 1285388 56684  43656
2.217989167 428343540 1288945 56688  43490
2.229976852 429682165 1338625 56667  43427
2.241977044 430958368 1276203 56685  42956
2.253996996 432242472 1284104 56678  43294
2.265991138 433521999 1279527 56669  43403
2.277989757 434832070 1310071 56685  43528
2.289989305 436138613 1306543 56700  43053
2.301974951 437416846 1278233 56687  43403
2.313990443 438700660 1283814 56682  43594
2.325991318 440010912 1310252 56686  43435
2.337991993 441311599 1300687 56675  43046
2.349988172 442591833 1280234 56683  43676
2.361977191 443868021 1276188 56684  43420
2.373978119 445206212 1338191 56679  43345
2.385978027 446479813 1273601 56678  43532
2.397990160 447757804 1277991 56678  43553
2.409986552 449033902 1276098 56688  43654
2.421978406 450362976 1329074 56679  43238
2.433977312 451637437 1274461 56669  43188
2.445978467 452911981 1274544 56689  43892
2.457975119 454186129 1274148 56688  43523
2.469990528 455517032 1330903 56681  43305
2.481978366 456789100 1272068 56673  43251
2.493978542 458072199 1283099 56687  43783
2.505977297 459347838 1275639 56676  43938
2.517976132 460673018 1325180 56695  43090
2.529989058 461945767 1272749 56670  43574
2.541990343 463221376 1275609 56685  43892
2.553988505 464553776 1332400 56684  43543
2.565987597 465821584 1267808 56683  43719
2.577991802 467094004 1272420 56684  43626
2.589989218 468367153 1273149 56681  43677
2.601976649 469692789 1325636 56691  43407
2.613989332 470966656 1273867 56669  43599
2.625989280 472237539 1270883 56690  43995
2.637979298 473525420 1287881 56678  43564
2.649990660 474827505 1302085 56689  42813
2.661989889 476097361 1269856 56676  43907
2.673989107 477372423 1275062 56667  43837
2.685990099 478692772 1320349 56694  43420
2.697976725 479956038 1263266 56666  43584
2.709978697 481225699 1269661 56694  43587
2.721977639 482542409 1316710 56678  43688
2.734001177 483822294 1279885 56681  43464
2.745976863 485126798 1304504 56693  44008
2.757978728 486494840 1368042 56669  43664
2.769977926 487810697 1315857 56678  43208
2.781977322 489128033 1317336 56694  43867
2.793978694 490449106 1321073 56680  43973
2.805988749 491818771 1369665 56683  43182
2.817977197 493134600 1315829 56670  43912
2.829977276 494456001 1321401 56686  43942
2.841988652 495822710 1366709 56673  43119
2.853977063 497138934 1316224 56682  43950
2.865989305 498456202 1317268 56689  44076
2.877988667 499824200 1367998 56674  43366
2.889999466 501141713 1317513 56671  43910
2.901979391 502456707 1314994 56687  44151
2.913990473 503823273 1366566 56677  43380
2.925991838 505135802 1312529 56668  44033
2.937989567 506445615 1309813 56677  43878
2.949990106 507815915 1370300 56683  43444
2.961990974 509127106 1311191 56683  44097
2.973977433 510437378 1310272 56678  43928
2.985989288 511800015 1362637 56674  43437
2.997989964 513105279 1305264 56670  43769
3.009990369 514420588 1315309 56669  44036
3.021988041 515785419 1364831 56683  43603
3.033978845 517098151 1312732 56689  44072
3.045987204 518422646 1324495 56683  44025
3.057980393 519768198 1345552 56682  43282
3.069977418 521083166 1314968 56674  44091
3.081992637 522452332 1369166 56682  44271
3.093977232 523756288 1303956 56674  43651
3.105975981 525064033 1307745 56672  44095
3.117976693 526425066 1361033 56687  43643
3.129976481 527731321 1306255 56677  43637
3.141989917 529040315 1308994 56683  44546
3.153990465 530402014 1361699 56692  43593
3.165989661 531704973 1302959 56677  44028
3.177976336 533009714 1304741 56674  44098
3.189977715 534370184 1360470 56688  43353
3.202003590 535675529 1305345 56671  44470
3.213990332 537009510 1333981 56682  44119
3.225990791 538335832 1326322 56682  43600
3.237990426 539638335 1302503 56683  44203
3.249991915 541000152 1361817 56701  43868
3.261991283 542298957 1298805 56657  44228
3.273990418 543601021 1302064 56670  44133
3.285990797 544958545 1357524 56669  43609
3.297989446 546262542 1303997 56677  44006
3.309979524 547590587 1328045 56698  44010
3.321990052 548933177 1342590 56673  44002
3.333991564 550240831 1307654 56675  44253
3.345989743 551602434 1361603 56661  43895
3.357989548 552901318 1298884 56682  43978
3.369985414 554209678 1308360 56678  44155
3.381976762 555565411 1355733 56686  44147
3.393976478 556869127 1303716 56686  44239
3.405976016 558233050 1363923 56681  44166
3.417977725 559530648 1297598 56681  44107
3.429978067 560837762 1307114 56680  44167
3.441975626 562192154 1354392 56677  44116
3.453977564 563493901 1301747 56677  44213
3.465989743 564855120 1361219 56684  44192
3.477990738 566150619 1295499 56676  44093
3.489977989 567455475 1304856 56679  44166
3.501978051 568805333 1349858 56687  43951
3.513978390 570105191 1299858 56692  44181
3.525985626 571461757 1356566 56680  44127
3.537989707 572755066 1293309 56669  44234
3.549990006 574058466 1303400 56679  44287
3.561991445 575407083 1348617 56678  43963
3.573991214 576706837 1299754 56678  44227
3.585978752 578062105 1355268 56683  44040
3.597989981 579356513 1294408 56670  44186
3.609989859 580667252 1310739 56675  44261
3.621989255 582007911 1340659 56670  44098
3.633991363 583303146 1295235 56676  44228
3.645976832 584654525 1351379 56680  44046
3.657990344 585949128 1294603 56677  44381
3.669978256 587304823 1355695 56679  44072
3.681998918 588596997 1292174 56675  44564
3.693989600 589892799 1295802 56688  44347
3.705976895 591238637 1345838 56676  43815
3.717978653 592534070 1295433 56671  44454
3.729988459 593884743 1350673 56675  43949
3.741977917 595178825 1294082 56694  44823
3.753978292 596527347 1348522 56687  43952
3.765979101 597816615 1289268 56676  44365
3.777977970 599108456 1291841 56682  44405
3.789977992 600456449 1347993 56681  43853
3.801977537 601750167 1293718 56683  44980
3.813989462 603095624 1345457 56688  43805
3.825976774 604392799 1297175 56681  44614
3.837990860 605753497 1360698 56682  44067
3.849985815 607062431 1308934 56675  44372
3.861977514 608427152 1364721 56684  44774
3.873988689 609730461 1303309 56682  44374
3.885988754 611094461 1364000 56676  44577
3.897989190 612390981 1296520 56687  44248
3.909991835 613701486 1310505 56693  44843
3.921991274 615057482 1355996 56674  44581
3.933991969 616361689 1304207 56666  44770
3.945975884 617716204 1354515 56687  44313
3.957976959 619016883 1300679 56670  44663
3.969990458 620377470 1360587 56681  44264
3.981978006 621682067 1304597 56670  45011
3.993989532 623038365 1356298 56669  44357
4.005999544 624337977 1299612 56682  44665
4.017990453 625689506 1351529 56679  44228
4.029989931 626990099 1300593 56681  44368
4.041978469 628345771 1355672 56684  44563
4.053977788 629645190 1299419 56678  44751
4.065978540 630998088 1352898 56658  44406
4.077979792 632289226 1291138 56674  44451
4.089979614 633621530 1332304 56670  44412
4.101978366 634941678 1320148 56673  44330
4.113989248 636258451 1316773 56680  44841
4.125988557 637596280 1337829 56672  44308
4.137976865 638893634 1297354 56682  44784
4.149989934 640246657 1353023 56703  44038
4.161985229 641544782 1298125 56695  45033
4.173989835 642897092 1352310 56681  44298
4.185977060 644194311 1297219 56676  45006
4.197975408 645539393 1345082 56691  44277
4.209975691 646837327 1297934 56682  44598
4.221990576 648181588 1344261 56691  44515
4.233990831 649482263 1300675 56679  45037
4.245990507 650827813 1345550 56676  44534
4.257989232 652122548 1294735 56679  45043
4.269989394 653467763 1345215 56683  43951
4.281976642 654761365 1293602 56683  45100
4.293976584 656108270 1346905 56693  44169
4.305988499 657401325 1293055 56672  45085
4.317984995 658743425 1342100 56677  44392
4.329988704 660036558 1293133 56675  44771
4.341988765 661377377 1340819 56668  44553
4.353977827 662698770 1321393 56668  44676
4.365989366 664020748 1321978 56683  44975
4.377976858 665375137 1354389 56672  44774
4.389976936 666667989 1292852 56680  44718
4.401978045 668019267 1351278 56679  44846
4.413988000 669314153 1294886 56674  44683
4.425975729 670664458 1350305 56674  45212
4.437976301 671958329 1293871 56677  44866
4.449987973 673305986 1347657 56680  44800
4.461987868 674595856 1289870 56689  44903
4.473976147 675942662 1346806 56689  44459
4.485998746 677235228 1292566 56665  45317
4.497988404 678578653 1343425 56682  44507
4.509977133 679872269 1293616 56676  45248
4.521977815 681210092 1337823 56668  44291
4.533977104 682507364 1297272 56680  45284
4.545989399 683849159 1341795 56675  44885
4.557989224 685141613 1292454 56675  45249
4.569989186 686482059 1340446 56669  44819
4.581975898 687766545 1284486 56688  44915
4.593988503 689108682 1342137 56671  44557
4.605988789 690450906 1342224 56687  44954
4.617975827 691739660 1288754 56681  45171
4.629976902 693080735 1341075 56682  44887
4.641997457 694366320 1285585 56671  45097
4.653978236 695709566 1343246 56685  44631
4.665976011 696998021 1288455 56667  45361
4.677989837 698340300 1342279 56681  44747
4.689976609 699630375 1290075 56679  45469
4.701979211 700967409 1337034 56681  44952
4.713976923 702308896 1341487 56680  44643
4.725979451 703591578 1282682 56679  45491
4.737977020 704932276 1340698 56672  44738
4.749989392 706217722 1285446 56675  45513
4.761976701 707554204 1336482 56675  44724
4.773978346 708841492 1287288 56674  45192
4.785975244 710175405 1333913 56685  44988
4.797998663 711518836 1343431 56677  44983
4.809977042 712799670 1280834 56673  45502
4.821989531 714136417 1336747 56669  44972
4.833992106 715420011 1283594 56676  45239
4.845978244 716751679 1331668 56680  44939
4.857979937 718037263 1285584 56667  45189
4.869989989 719368045 1330782 56678  45227
4.881989970 720712260 1344215 56672  45069
4.893988925 722005466 1293206 56677  45472
4.905977994 723365581 1360115 56679  44696
4.917976146 724685687 1320106 56674  45402
4.929989159 726053277 1367590 56676  45169
4.941988626 727428782 1375505 56685  45324
4.953997769 728742157 1313375 56683  45508
4.965976730 730107764 1365607 56700  44926
4.977989309 731425907 1318143 56671  45628
4.989977798 732790446 1364539 56676  44974
5.001976846 734162154 1371708 56676  45338
5.013988862 735471348 1309194 56688  45327
5.025989847 736835330 1363982 56673  45012
5.037975876 738151230 1315900 56686  45385
5.049975668 739513153 1361923 56669  45197
5.061976833 740883142 1369989 56683  45134
5.073976858 742192278 1309136 56674  45816
5.085990200 743554731 1362453 56679  44877
5.097977369 744921846 1367115 56686  45127
5.109977051 746226043 1304197 56669  45429
5.121985043 747589731 1363688 56681  44904
5.133990945 748898975 1309244 56690  46113
5.145975556 750259283 1360308 56689  45012
5.157988746 751622203 1362920 56680  45236
5.169989604 752928118 1305915 56684  45367
5.181975923 754292352 1364234 56674  44923
5.193989538 755658937 1366585 56674  45710
5.205990354 756966025 1307088 56681  45409
5.217988116 758325203 1359178 56672  45144
5.229988934 759628255 1303052 56677  45484
5.241977733 760990748 1362493 56670  45140
5.253977107 762347425 1356677 56684  45335
5.265989564 763657897 1310472 56681  45902
5.277997129 765013996 1356099 56684  45286
5.289988068 766370508 1356512 56672  45343
5.301975512 767677359 1306851 56685  45433
5.313990384 769032472 1355113 56694  45593
5.325975456 770394350 1361878 56675  45226
5.337977781 771696848 1302498 56679  46012
5.349988191 773050654 1353806 56677  45179
5.361989052 774406775 1356121 56684  45259
5.373976201 775706330 1299555 56680  45856
5.385976756 777063012 1356682 56680  45273
5.397977588 778419227 1356215 56673  46048
5.409976780 779720315 1301088 56676  45683
5.421987662 781074578 1354263 56670  45478
5.433987844 782431569 1356991 56700  45206
5.445978106 783741393 1309824 56678  45813
5.457976485 785102146 1360753 56685  45890
5.469988980 786462215 1360069 56668  45447
5.481976065 787766335 1304120 56679  45857
5.493989597 789117242 1350907 56679  45172
5.505989239 790478415 1361173 56684  45438
5.517977058 791781676 1303261 56662  46088
5.529977080 793139426 1357750 56675  45372
5.541989039 794492617 1353191 56676  45552
5.553988531 795793404 1300787 56679  45929
5.565976465 797148621 1355217 56668  45238
5.577988125 798502745 1354124 56684  45895
5.589987173 799866328 1363583 56682  45748
5.601989092 801164095 1297767 56686  46199
5.613976897 802515788 1351693 56676  45493
5.625977372 803871841 1356053 56678  45771
5.637975807 805168424 1296583 56689  45971
5.649989260 806522078 1353654 56673  45487
5.661977021 807872301 1350223 56683  45991
5.673977023 809171062 1298761 56671  45823
5.685987942 810524120 1353058 56686  45882
5.697976637 811875583 1351463 56686  45659
5.709976166 813234798 1359215 56679  45770
5.721975958 814532344 1297546 56671  46283
5.733989203 815884900 1352556 56672  45573
5.745976248 817232160 1347260 56673  45948
5.757984850 818547591 1315431 56672  46328
5.769990629 819881871 1334280 56692  45877
5.781989451 821231168 1349297 56673  46363
5.793990063 822581933 1350765 56670  45704
5.805966485 823878262 1296329 56673  46685
5.817976387 825225858 1347596 56678  45653
5.829988679 826575483 1349625 56686  46003
5.841989814 827921949 1346466 56671  45872
5.853976970 829219460 1297511 56667  46178
5.865989415 830566206 1346746 56681  46261
5.877989064 831912175 1345969 56678  45864
5.889988119 833260467 1348292 56675  46072
5.901975991 834551443 1290976 56680  46375
5.913997333 835898379 1346936 56689  45851
5.925977968 837239164 1340785 56679  46156
5.937977307 838591884 1352720 56684  45960
5.949991856 839894027 1302143 56680  46587
5.961990868 841255135 1361108 56677  45912
5.973977510 842615644 1360509 56689  45801
5.985989388 843978431 1362787 56674  46238
5.997990074 845284070 1305639 56675  45969
6.009991102 846640971 1356901 56675  46209
6.021992081 848000154 1359183 56679  45813
6.033979836 849361557 1361403 56673  46351
6.045977392 850657631 1296074 56687  45855
6.057976713 852016119 1358488 56676  45892
6.069998229 853371739 1355620 56682  46120
6.081977550 854733383 1361644 56664  46218
6.093990566 856032874 1299491 56682  46440
6.105990422 857385943 1353069 56692  46015
6.117976626 858739520 1353577 56681  45685
6.129993886 860097200 1357680 56685  46415
6.141988803 861401255 1304055 56684  46401
6.153977889 862753926 1352671 56683  46463
6.165976574 864105099 1351173 56683  45860
6.177977649 865458029 1352930 56673  46087
6.189977418 866755899 1297870 56673  46264
6.201990650 868110716 1354817 56667  46003
6.213989619 869467034 1356318 56690  46416
6.225997907 870820085 1353051 56677  46108
6.237991419 872173984 1353899 56693  46102
6.249989315 873470561 1296577 56680  46355
6.261978593 874825115 1354554 56662  45897
6.273975502 876176922 1351807 56678  46480
6.285991201 877531037 1354115 56675  46057
6.297976809 878883209 1352172 56674  46414
6.309977515 880177478 1294269 56679  46310
6.321976033 881527367 1349889 56678  46190
6.333990002 882877692 1350325 56682  46246
6.345989434 884230403 1352711 56692  46127
6.357989573 885584508 1354105 56674  46765
6.369976548 886877985 1293477 56686  46394
6.381974833 888227556 1349571 56685  46318
6.393984749 889572341 1344785 56679  46269
6.405976814 890921795 1349454 56671  46138
6.417975893 892270064 1348269 56666  46578
6.429989535 893567809 1297745 56688  46524
6.441988627 894907430 1339621 56677  46391
6.453977702 896252463 1345033 56673  46190
6.465988901 897599331 1346868 56674  46165
6.477988799 898949886 1350555 56685  46456
6.489988351 900307389 1357503 56678  46070
6.501976943 901606944 1299555 56672  46996
6.513975964 902956493 1349549 56679  45980
6.525976347 904310359 1353866 56674  46532
6.537977376 905657273 1346914 56676  46209
6.549997851 907008871 1351598 56667  46389
6.561989683 908361507 1352636 56671  46752
6.573988402 909659500 1297993 56684  46727
6.585988677 911006599 1347099 56662  46636
6.597976075 912353267 1346668 56671  46198
6.609975857 913701056 1347789 56672  46310
6.621989049 915046640 1345584 56674  46409
6.633991268 916397795 1351155 56688  46142
6.645976320 917749566 1351771 56681  47034
6.657976525 919040217 1290651 56678  46406
6.669977637 920386373 1346156 56680  46447
6.681988359 921725283 1338910 56678  46195
6.693988661 923070347 1345064 56667  46168
6.705998134 924414422 1344075 56692  46661
6.717977055 925762562 1348140 56662  46418
6.729975814 927065678 1303116 56668  46857
6.741976902 928396256 1330578 56676  46415
6.753976761 929741354 1345098 56671  46501
6.765988880 931352494 1611140 51955  40251
6.776989258 934985151 3632657 56684  14425
6.788977636 938823511 3838360 56667  16357
6.800987238 942285983 3462472 56678  15923
6.812976696 946275774 3989791 56676  16070
6.824977595 949573790 3298016 56669  17186
6.836975334 953559176 3985386 56682  15787
6.848988456 956855897 3296721 56673  18072
6.860996598 960873245 4017348 56675  14642
6.872989366 964314571 3441326 56668  18116
6.884977942 967955573 3641002 51953  13786
6.895989070 971357032 3401459 56685  16266
6.907988462 975351588 3994556 56687  15991
6.919988854 978652350 3300762 56672  17146
6.931989676 982660493 4008143 56676  15268
6.943976358 985951897 3291404 56668  18180
6.955976450 989953379 4001482 56671  13898
6.967976458 993422622 3469243 56675  17861
6.979988301 997028432 3605810 51944  13670
6.990975958 1000431495 3403063 56691  16184
7.002990097 1004425383 3993888 56660  15714
7.014987422 1007722514 3297131 56675  17062
7.026986071 1011734125 4011611 56680  14710
7.038978689 1015017674 3283549 56675  17902
7.050989571 1019019301 4001627 56666  13863
7.062977087 1022414456 3395155 56665  17848
7.074989872 1026087230 3672774 51952  13692
7.085978813 1029488293 3401063 56669  15970
7.097977458 1033483979 3995686 56663  15799
7.109990623 1036782710 3298731 56674  16577
7.121989142 1040787236 4004526 56668  14995
7.133985304 1044074549 3287313 56688  17807
7.145975823 1048076761 4002212 56676  13704
7.157993651 1051465572 3388811 56672  17827
7.169976943 1055144250 3678678 51954  13636
7.180985204 1058552143 3407893 56675  16066
7.192988623 1062536209 3984066 56669  15796
7.204988781 1065840895 3304686 56677  16659
7.216990127 1069829204 3988309 56678  14760
7.228977585 1073115792 3286588 56667  17065
7.240989327 1077115394 3999602 56685  14400
7.252976979 1080395102 3279708 56673  17651
7.264977171 1084385831 3990729 56673  13890
7.276987630 1087799865 3414034 56677  17926
7.288986742 1091690080 3890215 56672  13488
7.300975831 1095182210 3492130 56675  18143
7.312989163 1098953461 3771251 56661  14321
7.324976408 1102606154 3652693 56671  17166
7.336997667 1106254145 3647991 56681  15718
7.348989799 1110141338 3887193 56667  15880
7.360976027 1113514090 3372752 56671  15995
7.372978626 1117466062 3951972 56660  15860
7.384975585 1120796596 3330534 56679  16536
7.396989840 1124786029 3989433 56666  15009
7.408975932 1128083862 3297833 56660  17404
7.420988531 1131988230 3904368 56665  14225
7.432988796 1135651250 3663020 56684  17881
7.444976415 1138970153 3318903 56685  17450
7.456976890 1142643134 3672981 51946  14575
7.467988002 1145976145 3333011 56671  16951
7.479976273 1149937700 3961555 56681  14703
7.491989948 1153478165 3540465 56665  18097
7.503983643 1157158220 3680055 56687  14842
7.515978199 1160841472 3683252 56679  16804
7.527977087 1164543475 3702003 56692  14859
7.539989137 1168254968 3711493 56670  16901
7.551987951 1171948246 3693278 56667  15037
7.563976950 1175687507 3739261 56676  16644
7.575988492 1179358046 3670539 56677  15699
7.587977611 1183246287 3888241 56661  16163
7.599975819 1186758426 3512139 56683  15621
7.611977885 1190648075 3889649 56680  15889
7.623988417 1194134951 3486876 56671  15386
7.635976219 1198018434 3883483 56677  16401
7.647988954 1201529123 3510689 56687  15269
7.659986439 1205278395 3749272 56674  16340
7.671990571 1208918758 3640363 56677  15304
7.683988893 1212742664 3823906 56673  16053
7.695977839 1216297045 3554381 56683  15004
7.707977824 1220017542 3720497 56669  16548
7.719972379 1223679476 3661934 56681  14856
7.731982298 1227391686 3712210 56672  16677
7.743976863 1231083033 3691347 56685  14938
7.755989075 1234834520 3751487 56675  16753
7.767994184 1238478772 3644252 56674  15083
7.779977313 1242224608 3745836 56682  16356
7.791977651 1245865724 3641116 56668  15187
7.803988463 1249661600 3795876 56683  16310
7.815984439 1253261464 3599864 56667  15494
7.827990174 1257103040 3841576 56682  16306
7.839975229 1260656219 3553179 56676  15590
7.851978128 1264559341 3903122 56677  15859
7.863988417 1268042427 3483086 56680  15371
7.875990002 1271857415 3814988 56666  16043
7.887975591 1275419921 3562506 56674  15523
7.899976203 1279315219 3895298 56672  16501
7.911988291 1282816830 3501611 56688  15266
7.923990453 1286736275 3919445 56670  16064
7.935976249 1290209475 3473200 56677  15441
7.947989751 1294053192 3843717 56665  15997
7.959990279 1297589533 3536341 56670  15278
7.971986475 1301472069 3882536 56678  16294
7.983988910 1304973231 3501162 56682  15539
7.995976245 1308864399 3891168 56670  15968
8.007989847 1312369751 3505352 56674  15738
8.019989566 1316327480 3957729 56681  16125
8.031976685 1319764891 3437411 56667  15614
8.043978373 1323651852 3886961 56673  15759
8.055978619 1327136120 3484268 56687  15520
8.067988481 1331005680 3869560 56673  15974
8.079976899 1334518147 3512467 56673  15536
8.091988768 1338413028 3894881 56678  16148
8.103988863 1341917079 3504051 56693  15759
8.115976709 1345877050 3959971 56665  15725
8.127984584 1349297182 3420132 56677  15417
8.139989913 1353201631 3904449 56679  15935
8.151976258 1356680109 3478478 56683  15896
8.163991660 1360640619 3960510 56661  15784
8.175975712 1364065154 3424535 56683  15580
8.187977601 1368038527 3973373 56671  15777
8.199987383 1371454127 3415600 56677  16008
8.211990078 1375441723 3987596 56663  15527
8.223987937 1378837869 3396146 56678  15865
8.235977302 1382786182 3948313 56681  15489
8.247990054 1386206965 3420783 56672  15764
8.259977686 1390172495 3965530 56682  15838
8.271976268 1393595488 3422993 56670  15717
8.283990277 1397558584 3963096 56673  15729
8.295996549 1400976823 3418239 56673  15673
8.307976707 1404939672 3962849 56663  15566
8.319989716 1408358693 3419021 56680  15829
8.331976405 1412363637 4004944 56673  15744
8.343988023 1415740285 3376648 56669  15969
8.355988782 1419729689 3989404 56689  15492
8.367974531 1423128864 3399175 56690  16024
8.379976923 1427091688 3962824 56655  15715
8.391975988 1430506969 3415281 56669  15620
8.403988383 1434435236 3928267 56671  15619
8.415977035 1437884314 3449078 56669  15879
8.427989271 1441871550 3987236 56668  15786
8.439987709 1445266101 3394551 56673  15716
8.451984011 1449323004 4056903 56692  15841
8.463978450 1452675258 3352254 56670  16727
8.475987865 1456720729 4045471 56675  14599
8.487977254 1460060031 3339302 56675  16502
8.499989176 1464108809 4048778 56674  14788
8.511977578 1467441000 3332191 56665  16790
8.523976950 1471497891 4056891 56679  14901
8.535989409 1474831790 3333899 56685  17013
8.547988127 1478910939 4079149 56668  14471
8.559987969 1482394249 3483310 56674  17853
8.571975798 1486044655 3650406 51948  13541
8.582989349 1489541281 3496626 56684  15389
8.594976551 1493433485 3892204 56680  16110
8.606986199 1496922570 3489085 56688  15804
8.618991465 1500835662 3913092 56668  15602
8.630989753 1504309627 3473965 56686  15798
8.642978439 1508240759 3931132 56663  15940
8.654988321 1511695885 3455126 56663  15772
8.666978096 1515573422 3877537 56683  15553
8.678990301 1519056985 3483563 56683  15466
8.690990993 1522945134 3888149 56676  15955
8.702976459 1526436271 3491137 56674  15743
8.714977344 1530374898 3938627 56679  15967
8.726976949 1533832319 3457421 56666  16083
8.738988941 1537828893 3996574 56671  15438
8.750989023 1541209199 3380306 56665  15817
8.762998009 1545208419 3999220 56674  15705
8.774989417 1548582435 3374016 56667  16163
8.786975776 1552620643 4038208 56670  15405
8.798989675 1555978493 3357850 56680  16462
8.810987340 1560033762 4055269 56683  14916
8.822976985 1563363551 3329789 56673  16717
8.834976534 1567420469 4056918 56673  14694
8.846978113 1570757940 3337471 56681  17332
8.858976238 1574811952 4054012 56679  14062
8.870988653 1578193801 3381849 56672  17960
8.882975472 1582192666 3998865 56665  13657
8.894988864 1585618824 3426158 56673  17646
8.906976176 1589334098 3715274 51950  13623
8.917975680 1592827713 3493615 56682  15620
8.929985282 1596781258 3953545 56676  15493
8.941976714 1600201316 3420058 56672  15737
8.953989847 1604255601 4054285 56680  15666
8.965976851 1607600758 3345157 56670  16712
8.977976113 1611653675 4052917 56675  14510
8.989989742 1614993445 3339770 56669  17049
9.001988264 1619051984 4058539 56669  14418
9.013990274 1622387914 3335930 56668  17562
9.025990609 1626430550 4042636 56679  13554
9.037979337 1629756242 3325692 56675  17728
9.049988529 1633800997 4044755 56678  13725
9.061976724 1637246583 3445586 56671  17596
9.073989283 1640971929 3725346 51941  13669
9.084998354 1644446445 3474516 56679  16048
9.096991270 1648428731 3982286 56665  15292
9.108988715 1651817393 3388662 56666  15804
9.120978220 1655787583 3970190 56671  15433
9.132989989 1659187194 3399611 56674  15903
9.144976634 1663234265 4047071 56668  15653
9.156987920 1666584355 3350090 56665  16442
9.168989205 1670629515 4045160 56682  14821
9.180989244 1673968919 3339404 56662  16874
9.192987859 1678018472 4049553 56668  14458
9.204976174 1681353120 3334648 56672  17242
9.216989460 1685403965 4050845 56672  13993
9.228975815 1688741348 3337383 56667  17755
9.240983394 1692781654 4040306 56666  13615
9.252978002 1696172436 3390782 56679  17815
9.264976924 1699918750 3746314 51946  13731
9.275978605 1703416710 3497960 56679  15563
9.287989187 1707285310 3868600 56669  15540
9.299989319 1710764139 3478829 56678  15293
9.311988298 1714668310 3904171 56668  16127
9.323976980 1718150571 3482261 56670  15802
9.335976225 1722202634 4052063 56675  15648
9.347974904 1725554601 3351967 56689  16718
9.359976352 1729598073 4043472 56670  14669
9.371989634 1732945572 3347499 56682  17323
9.383989016 1736969175 4023603 56679  14013
9.395975192 1740314521 3345346 56670  17778
9.407996681 1744361095 4046574 56663  13621
9.420026620 1747897979 3536884 56680  17667
9.431987644 1751505517 3607538 51953  13587
9.442990126 1754992660 3487143 56664  15938
9.454978317 1758957643 3964983 56676  15533
9.466978649 1762357727 3400084 56679  15636
9.478975372 1766291357 3933630 56682  15573
9.490988694 1769715743 3424386 56661  15695
9.502989046 1773669019 3953276 56678  15751
9.514988438 1777091946 3422927 56675  15804
9.526989363 1781072752 3980806 56681  15631
9.538977351 1784458084 3385332 56671  15759
9.550976954 1788432440 3974356 56669  15389
9.562996713 1791818359 3385919 56673  15781
9.574976677 1795870896 4052537 56672  15617
9.586976963 1799211340 3340444 56672  16732
9.598977999 1803247935 4036595 56673  14584
9.610976690 1806593094 3345159 56682  16866
9.622991669 1810659147 4066053 56674  14570
9.634988778 1814001029 3341882 56670  17588
9.646989727 1818034926 4033897 56670  13485
9.658976542 1821591111 3556185 56668  17848
9.670977107 1825181999 3590888 51947  13542
9.681976278 1828665380 3483381 56679  15635
9.693977530 1832726069 4060689 56679  15636
9.705975795 1836072110 3346041 56676  16782
9.718006338 1840129279 4057169 56668  14429
9.729977433 1843461641 3332362 56676  17219
9.741989208 1847516997 4055356 56670  13963
9.753991130 1850952304 3435307 56668  17830
9.765988019 1854643565 3691261 51952  13728
9.776978149 1858127286 3483721 56666  15092
9.788988959 1862051714 3924428 56680  16093
9.800989041 1865520676 3468962 56674  15736
9.812977836 1869522224 4001548 56676  15476
9.824990967 1872888323 3366099 56677  15663
9.836989163 1876924944 4036621 56676  15716
9.848989298 1880271537 3346593 56679  16531
9.860989414 1884326780 4055243 56676  14717
9.872985113 1887664246 3337466 56685  16866
9.884976781 1891724824 4060578 56679  14622
9.896977964 1895066235 3341411 56672  17488
9.908978125 1899098507 4032272 56684  13521
9.920989631 1902470963 3372456 56667  17767
9.932977822 1906489322 4018359 56672  13617
9.944989328 1909951330 3462008 56676  17923
9.956990667 1913614418 3663088 51948  13454
9.967976091 1917090672 3476254 56672  15617
9.979988963 1921130202 4039530 56660  15529
9.991987718 1924477991 3347789 56674  16044
10.003975987 1928501976 4023985 56669  15094
10.015990659 1931844525 3342549 56680  16543
10.027976711 1935878291 4033766 56670  14874
10.039984053 1939218575 3340284 56670  16714
10.051990902 1943273324 4054749 56670  14541
10.063989547 1946610363 3337039 56665  17483
10.075989349 1950664646 4054283 56668  13699
10.087976031 1954142545 3477899 56678  17582
10.099990466 1957800343 3657798 51948  13525
10.110989957 1961271179 3470836 56668  15759
10.122977146 1965215615 3944436 56657  15728
10.134988352 1968642538 3426923 56678  15647
10.146976610 1972608739 3966201 56676  15698
10.158976415 1976007875 3399136 56678  15696
10.170988631 1979950928 3943053 56673  15343
10.182988177 1983358445 3407517 56671  15487
10.194987262 1987350275 3991830 56668  15797
10.206988147 1990727629 3377354 56666  15873
10.218977236 1994724576 3996947 56682  15397
10.230987598 1998104342 3379766 56680  15940
10.242988293 2002133452 4029110 56666  15482
10.254978432 2005485412 3351960 56696  16303
10.266989801 2009511090 4025678 56669  14751
10.278977155 2012850189 3339099 56680  16869
10.290989281 2016906006 4055817 56663  14396
10.302976100 2020258091 3352085 56677  17606
10.314988062 2024291734 4033643 56680  13616
10.326988251 2027838115 3546381 56679  17888
10.338978109 2031436551 3598436 51956  13166
10.349986240 2034895146 3458595 56664  15327
10.361989542 2038743170 3848024 56669  15840
10.373977561 2042253720 3510550 56672  15673
10.385990196 2046202141 3948421 56670  15906
10.397989335 2049626982 3424841 56665  15722
10.409989750 2053667802 4040820 56676  15412
10.421988125 2057014875 3347073 56685  16343
10.433976224 2061051229 4036354 56672  14721
10.445988653 2064378714 3327485 56676  16593
10.457978005 2068414553 4035839 56675  14664
10.469989100 2071738384 3323831 56669  16810
10.481976215 2075805209 4066825 56678  14229
10.493975727 2079141294 3336085 56672  17629
10.505997820 2083173139 4031845 56673  13652
10.517990436 2086598555 3425416 56656  17592
10.529977287 2090531780 3933225 56681  13502
10.541990492 2093853315 3321535 56675  17584
10.553976387 2097909012 4055697 56670  13447
10.565976229 2101411673 3502661 56671  17884
10.577975471 2105036951 3625278 51953  13469
10.588988553 2108508229 3471278 56677  15760
10.600989688 2112505212 3996983 56667  15421
10.612976886 2115868510 3363298 56677  15638
10.624990536 2119773839 3905329 56679  15557
10.636977928 2123216587 3442748 56677  15735
10.648975890 2127157141 3940554 56666  15450
10.660976092 2130574488 3417347 56679  15589
10.672985587 2134446422 3871934 56681  15586
10.684978196 2137929464 3483042 56669  15677
10.696976134 2141927965 3998501 56660  15534
10.708989180 2145286342 3358377 56668  15484
10.720977385 2149230133 3943791 56667  15482
10.733009554 2152636198 3406065 56679  15562
10.744988902 2156593280 3957082 56674  15670
10.756977794 2159994888 3401608 56672  15391
10.768988826 2163943922 3949034 56671  15729
10.780976855 2167354773 3410851 56668  15528
10.792976544 2171297110 3942337 56672  15326
10.804988659 2174701046 3403936 56669  15320
10.816990098 2178619038 3917992 56669  15808
10.828997416 2182055559 3436521 56669  15560
10.840989032 2186000415 3944856 56665  15567
10.852988274 2189415113 3414698 56682  15428
10.864991259 2193336354 3921241 56668  15981
10.876976808 2196781488 3445134 56666  15480
10.888976773 2200672558 3891070 56663  15445
10.900989488 2204133360 3460802 56672  15643
10.912989050 2208123877 3990517 56665  15549
10.924987949 2211499226 3375349 56668  15872
10.936975681 2215539750 4040524 56667  15396
10.948977513 2218881646 3341896 56685  16651
10.960988138 2222911769 4030123 56669  14318
10.972990427 2226237529 3325760 56668  16545
10.984999576 2230269734 4032205 56685  14496
10.996990328 2233602627 3332893 56668  17162
11.008976686 2237647804 4045177 56681  14202
11.020977995 2240998306 3350502 56670  17478
11.032976267 2245017304 4018998 56676  13580
11.044989437 2248492799 3475495 56681  17737
11.056989311 2252411324 3918525 56667  13401
11.068978023 2255933596 3522272 56678  17563
11.080976525 2259532692 3599096 51953  13393
11.091975993 2262973090 3440398 56660  15748
11.103988389 2266921277 3948187 56671  15381
11.115990177 2270335816 3414539 56668  15630
11.127977656 2274383444 4047628 56663  15581
11.139984728 2277722151 3338707 56666  16342
11.151976560 2281739788 4017637 56680  14514
11.163976212 2285068587 3328799 56671  16591
11.175988944 2289111872 4043285 56673  14449
11.187989153 2292446057 3334185 56670  17529
11.199989801 2296487635 4041578 56684  13751
11.211976393 2299950882 3463247 56665  17734
11.223976289 2303678105 3727223 51951  13371
11.234988350 2307096358 3418253 56683  15300
11.246989186 2310897286 3800928 56676  15707
11.258989731 2314434562 3537276 56676  15341
11.270977713 2318335364 3900802 56677  15780
11.282976464 2321802904 3467540 56685  15856
11.294989417 2325777296 3974392 56666  15329
11.306997506 2329157970 3380674 56676  16016
11.318989101 2333130599 3972629 56672  15343
11.330988500 2336499929 3369330 56690  15463
11.342977512 2340444657 3944728 56678  15459
11.354975444 2343842106 3397449 56673  15681
11.366976979 2347785173 3943067 56672  15611
11.378977628 2351195616 3410443 56677  15577
11.390988730 2355107709 3912093 56670  15671
11.402977182 2358547103 3439394 56676  15560
11.414977154 2362476030 3928927 56680  15333
11.426977809 2365886023 3409993 56675  15330
11.438976674 2369915698 4029675 56665  15797
11.450988353 2373263626 3347928 56672  16543
11.462995742 2377292212 4028586 56692  14702
11.474978207 2380637362 3345150 56682  16954
11.486976472 2384686486 4049124 56675  14343
11.498989631 2388101259 3414773 56672  17396
11.510988923 2392032197 3930938 56663  13462
11.522978855 2395392518 3360321 56669  17529
11.534989210 2399383678 3991160 56673  13591
11.546977629 2402836269 3452591 56673  17609
11.558975738 2406481666 3645397 51953  13506
11.569987722 2409986426 3504760 56664  15738
11.581975850 2413961766 3975340 56678  15166
11.593989760 2417329478 3367712 56671  15553
11.605989689 2421231217 3901739 56669  15434
11.617984814 2424672483 3441266 56680  15791
11.629976086 2428607231 3934748 56672  15625
11.641989058 2432024105 3416874 56684  15578
11.653989927 2435985898 3961793 56671  15377
11.665975968 2439375155 3389257 56666  15650
11.677990327 2443344802 3969647 56666  15320
11.689988239 2446708907 3364105 56677  15476
11.701977775 2450646486 3937579 56669  15933
11.713990557 2454055116 3408630 56670  15891
11.725988772 2458089337 4034221 56672  15444
11.737980204 2461431011 3341674 56658  16385
11.749985066 2465456794 4025783 56676  15103
11.761989281 2468780537 3323743 56660  16308
11.773985120 2472792601 4012064 56672  14811
11.785990635 2476118127 3325526 56676  16366
11.797988821 2480152717 4034590 56672  14759
11.809975846 2483470923 3318206 56658  16713
11.821975555 2487498530 4027607 56672  14569
11.833989630 2490834499 3335969 56683  17079
11.845976222 2494872993 4038494 56680  14090
11.857988547 2498245593 3372600 56669  17526
11.869989816 2502217047 3971454 56666  13524
11.881989875 2505761981 3544934 56680  17804
11.893975530 2509329649 3567668 51943  13466
11.904976148 2512808629 3478980 56674  15448
11.916988744 2516665711 3857082 56679  15552
11.928975499 2520154817 3489106 56677  15831
11.940996728 2524133696 3978879 56668  15356
11.952988650 2527485874 3352178 56673  15091
11.964989552 2531373260 3887386 56668  15769
11.976977817 2534831033 3457773 56664  15744
11.988988456 2538776608 3945575 56667  15511
12.000976608 2542174731 3398123 56684  15447
12.012977310 2546120725 3945994 56666  15633
12.024977618 2549518780 3398055 56681  15539
12.036976340 2553421999 3903219 56672  15268
12.048976819 2556844985 3422986 56689  15233
12.060989701 2560786073 3941088 56669  15896
12.072988706 2564198027 3411954 56674  15482
12.084975345 2568184918 3986891 56668  15435
12.096996550 2571563947 3379029 56671  15729
12.108977572 2575596363 4032416 56674  15534
12.120977274 2578944969 3348606 56666  16108
12.132978230 2582925416 3980447 56663  14662
12.144989559 2586284982 3359566 56673  15838
12.156976094 2590279101 3994119 56670  15186
12.168988027 2593644930 3365829 56675  15588
12.180988481 2597564347 3919417 56671  15450
12.192988970 2601019689 3455342 56670  15956
12.204989788 2605063016 4043327 56666  15002
12.216989758 2608394672 3331656 56684  16135
12.228988450 2612422750 4028078 56679  14748
12.240977095 2615760545 3337795 56685  16378
12.252996351 2619793547 4033002 56674  14814
12.264976409 2623131843 3338296 56668  16575
12.276988468 2627177196 4045353 56677  14408
12.288988526 2630520062 3342866 56667  17412
12.300989029 2634559057 4038995 56674  13546
12.312978364 2637884729 3325672 56672  17462
12.324987676 2641920589 4035860 56665  13477
12.336976331 2645452068 3531479 56673  17655
12.348976773 2649042646 3590578 51958  13210
12.359975771 2652532520 3489874 56666  15278
12.371988433 2656466849 3934329 56676  16068
12.383976035 2659914876 3448027 56668  15501
12.395976833 2663775648 3860772 56675  15285
12.407999336 2667262404 3486756 56684  15495
12.419976051 2671263171 4000767 56672  15467
12.431988609 2674631200 3368029 56663  15865
12.443977241 2678664027 4032827 56677  15298
12.455975073 2682015056 3351029 56679  16371
12.467977865 2686049134 4034078 56674  14563
12.479990645 2689380186 3331052 56687  16322
12.491976834 2693398993 4018807 56689  14440
12.503987649 2696748561 3349568 56669  17134
12.515987021 2700790930 4042369 56676  13842
12.527988200 2704224570 3433640 56673  17385
12.539989212 2708168658 3944088 56674  13423
12.551990257 2711685839 3517181 56665  17639
12.563989379 2715287749 3601910 51950  13242
12.574984070 2718763149 3475400 56677  15074
12.586989995 2722682043 3918894 56671  15675
12.598977420 2726124643 3442600 56670  15604
12.610990016 2730065213 3940570 56680  15440
12.622989224 2733484802 3419589 56675  15517
12.634990990 2737463053 3978251 56662  15536
12.646977498 2740845583 3382530 56674  15584
12.658989820 2744751133 3905550 56676  15127
12.670976612 2748189235 3438102 56679  15268
12.682977211 2752133901 3944666 56667  15631
12.694975596 2755546839 3412938 56664  15537
12.706988586 2759492156 3945317 56672  15351
12.718977535 2762916431 3424275 56679  15663
12.730986087 2766900347 3983916 56667  15462
12.742990219 2770270004 3369657 56677  15510
12.754988777 2774118352 3848348 56673  15126
12.766991089 2777611708 3493356 56684  15477
12.778976271 2781571737 3960029 56667  15569
12.790976940 2784972095 3400358 56678  15533
12.802975685 2788917316 3945221 56668  15276
12.814989834 2792336403 3419087 56665  15929
12.826975569 2796372077 4035674 56666  14784
12.838988561 2799699985 3327908 56675  16093
12.850990190 2803720845 4020860 56668  14747
12.862989095 2807055073 3334228 56675  16341
12.874976641 2811088891 4033818 56674  14723
12.886997556 2814416277 3327386 56682  16541
12.898988871 2818465253 4048976 56672  14311
12.910976517 2821805102 3339849 56660  17384
12.922989779 2825828188 4023086 56676  13301
12.934976817 2829145773 3317585 56659  17258
12.946990820 2833177830 4032057 56682  13561
12.958989119 2836703277 3525447 56667  17637
12.970990747 2840579641 3876364 56673  13284
12.982976499 2844093664 3514023 56663  17667
12.994988288 2847696134 3602470 51939  13422
13.005975299 2851146820 3450686 56664  15367
13.017976294 2855051968 3905148 56675  15181
13.029977600 2858484890 3432922 56670  15415
13.041976858 2862436426 3951536 56680  15457
13.053997947 2865837489 3401063 56666  15657
13.065977692 2869789107 3951618 56675  15411
13.077988368 2873193002 3403895 56669  15564
13.089976950 2877221827 4028825 56674  15206
13.101977488 2880555415 3333588 56676  15782
13.113976020 2884503931 3948516 56666  14975
13.125990246 2887877670 3373739 56663  15560
13.137978031 2891910533 4032863 56674  15366
13.149975233 2895257114 3346581 56672  16226
13.161976028 2899298534 4041420 56679  14450
13.173988040 2902631177 3332643 56670  17161
13.185988200 2906664809 4033632 56669  13747
13.197976191 2909984899 3320090 56689  17268
13.209986004 2914010672 4025773 56675  13419
13.221990183 2917431869 3421197 56673  17644
13.233991411 2921369279 3937410 56675  13410
13.245977207 2924813364 3444085 56675  17451
13.257988825 2928478225 3664861 51954  13402
13.268989803 2931956659 3478434 56679  15084
13.280975995 2935856161 3899502 56666  15479
13.292977663 2939302336 3446175 56680  15161
13.304988509 2943293231 3990895 56666  15623
13.316989314 2946656226 3362995 56669  15511
13.328988549 2950617378 3961152 56667  15215
13.340977551 2954015429 3398051 56675  15656
13.352990828 2958008868 3993439 56660  15409
13.365002650 2961364238 3355370 56673  15462
13.376977261 2965255616 3891378 56670  15042
13.388977887 2968696710 3441094 56691  15436
13.400990208 2972594303 3897593 56676  15513
13.412987934 2976048919 3454616 56667  15494
13.424976849 2979988102 3939183 56670  15380
13.436975554 2983397937 3409835 56679  15683
13.448989180 2987353181 3955244 56672  15016
13.460989789 2990729819 3376638 56669  15024
13.472991438 2994584452 3854633 56673  15530
13.484976496 2998069083 3484631 56679  15316
13.496989378 3001996363 3927280 56679  15789
13.508975864 3005431306 3434943 56685  15508
13.520986122 3009388006 3956700 56668  15166
13.532976534 3012776813 3388807 56670  15446
13.544990273 3016705888 3929075 56677  15297
13.556978275 3020109534 3403646 56686  15141
13.568978557 3024044641 3935107 56671  15712
13.580975796 3027452994 3408353 56679  15506
13.592987791 3031447138 3994144 56674  15190
13.604988896 3034813404 3366266 56670  15574
13.616976395 3038833220 4019816 56665  15385
13.628976670 3042180770 3347550 56675  16102
13.640975949 3046195656 4014886 56672  14536
13.652990612 3049518768 3323112 56677  16329
13.664976116 3053552041 4033273 56672  14406
13.676975902 3056870783 3318742 56671  16669
13.688998048 3060901734 4030951 56670  14148
13.700989507 3064239387 3337653 56678  17346
13.712976828 3068267476 4028089 56673  13392
13.724977671 3071657416 3389940 56669  17297
13.736989776 3075596374 3938958 56670  13297
13.748988798 3079134982 3538608 56679  17426
13.760975227 3082691868 3556886 51956  13232
13.771975787 3086193793 3501925 56667  15353
13.783994064 3090078669 3884876 56674  15346
13.795990595 3093537272 3458603 56670  15552
13.807990870 3097503231 3965959 56672  15141
13.819976782 3100867658 3364427 56667  15105
13.831989385 3104765044 3897386 56666  15468
13.843984439 3108209589 3444545 56668  15620
13.855976291 3112134821 3925232 56671  15352
13.867975863 3115549000 3414179 56669  15366
13.879991253 3119490632 3941632 56671  15446
13.891988242 3122885642 3395010 56678  15167
13.903976487 3126753050 3867408 56673  15304
13.915975836 3130217783 3464733 56669  15124
13.927988444 3134177696 3959913 56667  15639
13.939988116 3137564196 3386500 56671  15594
13.951976312 3141541325 3977129 56683  15209
13.963987964 3144913922 3372597 56679  15589
13.975977112 3148897153 3983231 56663  15332
13.987989864 3152255600 3358447 56684  15545
13.999997540 3156188726 3933126 56668  14933
14.011989262 3159579526 3390800 56668  15548
14.023989170 3163592743 4013217 56671  15231
14.035989852 3166941626 3348883 56688  16148
14.047976614 3170963652 4022026 56674  14664
14.059989927 3174290218 3326566 56683  16627
14.071988209 3178315405 4025187 56668  13955
14.083990661 3181627061 3311656 56681  16565
14.095976532 3185638131 4011070 56675  14054
14.107977811 3188957812 3319681 56678  16642
14.119988791 3192991454 4033642 56674  14280
14.131987926 3196317497 3326043 56698  17173
14.143989125 3200346360 4028863 56679  13407
14.155984483 3203805227 3458867 56671  17397
14.167989239 3207695767 3890540 56672  13188
14.179975761 3211107336 3411569 56690  17310
14.191976569 3214710105 3602769 51951  13275
14.202977373 3218247449 3537344 56677  15442
14.214989763 3222122140 3874691 56677  15266
14.226975947 3225589869 3467729 56682  15210
14.238977413 3229538378 3948509 56666  15640
14.250975596 3232931201 3392823 56685  15210
14.262988308 3236725419 3794218 56675  15257
14.274989716 3240238858 3513439 56669  14939
14.286976572 3244122814 3883956 56676  15743
14.298976167 3247577248 3454434 56682  15171
14.310976789 3251463581 3886333 56671  18201
14.322999744 3254928308 3464727 56683  17175
14.334978120 3258899664 3971356 56658  16412
14.346976975 3262255852 3356188 56660  16513
14.358995637 3266086128 3830276 56678  16352
14.370994066 3269575169 3489041 56692  16470
14.382979694 3273542414 3967245 56678  16264
14.394988580 3276923647 3381233 56674  16758
14.406990172 3280883252 3959605 56667  15452
14.418989127 3284249756 3366504 56669  16089
14.430990592 3288227927 3978171 56669  15330
14.442988585 3291569124 3341197 56685  15562
14.454977020 3295494979 3925855 56669  15552
14.466976119 3298897971 3402992 56666  15760
14.478986541 3302793416 3895445 56668  15520
14.490977639 3306235536 3442120 56683  15646
14.502988782 3310222008 3986472 56679  15511
14.514977331 3313573783 3351775 56671  15520
14.526989229 3317447307 3873524 56671  15182
14.538989001 3320891652 3444345 56678  15231
14.550976603 3324802882 3911230 56680  15739
14.562977349 3328232818 3429936 56679  15497
14.574976744 3332141937 3909119 56679  15384
14.586987879 3335588052 3446115 56680  15765
14.598975808 3339601919 4013867 56670  15179
14.610981353 3342937683 3335764 56690  16181
14.622990055 3346875503 3937820 56669  14680
14.634986767 3350242977 3367474 56679  15619
14.646989726 3354215767 3972790 56673  15409
14.658990338 3357576735 3360968 56678  15546
14.670978063 3361466257 3889522 56665  15387
14.682988299 3364915751 3449494 56668  15720
14.694976717 3368897217 3981466 56665  15040
14.706978210 3372240919 3343702 56675  15283
14.718990556 3376101270 3860351 56680  15375
14.730988858 3379570174 3468904 56681  15545
14.742990383 3383499886 3929712 56674  15579
14.754988952 3386904418 3404532 56681  15346
14.766975734 3390788763 3884345 56684  15455
14.778988999 3394241871 3453108 56659  15383
14.790986668 3398146980 3905109 56675  15356
14.802977640 3401566748 3419768 56685  15198
14.814990485 3405487588 3920840 56666  15499
14.826979107 3408893131 3405543 56681  15548
14.838988696 3412799645 3906514 56662  15224
14.850977361 3416235184 3435539 56674  15373
14.862988753 3420167069 3931885 56670  15616
14.874990296 3423567924 3400855 56673  15185
14.886975914 3427394857 3826933 56664  15254
14.898988840 3430876898 3482041 56676  14991
14.910989162 3434775412 3898514 56664  15737
14.922988941 3438219710 3444298 56672  15513
14.934988853 3442193575 3973865 56668  15392
14.946977091 3445562377 3368802 56671  15667
14.958998243 3449541586 3979209 56658  15011
14.970989595 3452886618 3345032 56670  15240
14.982990024 3456679335 3792717 56670  15271
14.994991023 3460203269 3523934 56668  15436
15.006977561 3464150566 3947297 56661  15370
15.018976577 3467539243 3388677 56667  15426
15.030977522 3471454099 3914856 56678  15131
15.042976177 3474864856 3410757 56675  15506
15.054975469 3478769139 3904283 56672  15185
15.066977325 3482187220 3418081 56674  15187
15.078989661 3486107577 3920357 56676  15399
15.090989090 3489510155 3402578 56681  15424
15.102976104 3493443865 3933710 56674  15265
15.114998127 3496841229 3397364 56674  15260
15.126991139 3500774469 3933240 56667  15405
15.138977948 3504169035 3394566 56676  15261
15.150978046 3508021684 3852649 56667  15179
15.162977395 3511479451 3457767 56677  15002
15.174977467 3515371680 3892229 56680  15644
15.186988506 3518811556 3439876 56686  15275
15.198990031 3522709987 3898431 56674  15302
15.210988940 3526152554 3442567 56687  15463
15.222977428 3530126923 3974369 56665  15306
15.234976777 3533477647 3350724 56683  15301
15.246978386 3537250173 3772526 56689  15162
15.258976341 3540779418 3529245 56671  14892
15.270987830 3544664529 3885111 56672  15849
15.282979772 3548119316 3454787 56673  15332
15.294989245 3551978257 3858941 56681  15313
15.306991933 3555448683 3470426 56687  15587
15.318978275 3559375983 3927300 56655  14996
15.330978744 3562762702 3386719 56685  15253
15.342988276 3566593346 3830644 56673  15375
15.354990385 3570080592 3487246 56669  15305
15.366977513 3573972206 3891614 56687  15719
15.378976912 3577413489 3441283 56669  15406
15.390989031 3581342887 3929398 56675  15304
15.402988439 3584735681 3392794 56674  15248
15.414990218 3588558132 3822451 56678  15346
15.426986627 3592036429 3478297 56669  14710
15.438978139 3595924102 3887673 56671  16019
15.450987824 3599370060 3445958 56685  15483
15.462976043 3603263836 3893776 56671  15169
15.474977058 3606701464 3437628 56676  15296
15.486989728 3610630265 3928801 56669  15673
15.498988433 3614026659 3396394 56678  15123
15.510978752 3617858387 3831728 56677  15294
15.522976614 3621324658 3466271 56680  14940
15.534988852 3625217774 3893116 56671  15668
15.546989508 3628648997 3431223 56691  15119
15.558976636 3632505197 3856200 56670  15736
15.570990095 3635981829 3476632 56690  15330
15.582976924 3639900920 3919091 56670  15322
15.594983276 3643294813 3393893 56673  14829
15.606978001 3647073833 3779020 56694  15493
15.618989573 3650607569 3533736 56669  15376
15.630988228 3654463485 3855916 56683  15518
15.642975717 3657936848 3473363 56677  15316
15.654976606 3661812521 3875673 56671  15204
15.666976838 3665254210 3441689 56674  15425
15.678989187 3669106839 3852629 56668  15092
15.690976342 3672557295 3450456 56669  14815
15.702977158 3676433380 3876085 56664  15751
15.714989870 3679885113 3451733 56669  15483
15.726988932 3683808126 3923013 56673  15331
15.738976104 3687200232 3392106 56670  15115
15.750997319 3691096801 3896569 56667  15491
15.762989145 3694522278 3425477 56677  15189
15.774988627 3698342160 3819882 56670  15137
15.786978742 3701813755 3471595 56666  14640
15.798977981 3705628476 3814721 56678  16014
15.810978289 3709146927 3518451 56675  15232
15.822989451 3713068976 3922049 56674  15442
15.834990083 3716482640 3413664 56690  15382
15.846976272 3720352772 3870132 56671  15366
15.858989221 3723798249 3445477 56672  15178
15.870989340 3727624475 3826226 56679  15165
15.882976115 3731107045 3482570 56672  15302
15.894976054 3734997733 3890688 56679  15426
15.906997646 3738429011 3431278 56674  15290
15.918976825 3742253974 3824963 56678  15297
15.930975517 3745750579 3496605 56676  15543
15.942977856 3749672891 3922312 56674  14939
15.954988791 3753047200 3374309 56675  14771
15.966989690 3756793358 3746158 56673  15622
15.978976698 3760349893 3556535 56683  14785
15.990977514 3764166649 3816756 56674  16174
16.002976299 3767677885 3511236 56684  14727
16.014989151 3771571982 3894097 56676  15758
16.026976930 3775011394 3439412 56662  15257
16.038978368 3778879414 3868020 56672  15105
16.050989971 3782312007 3432593 56668  14783
16.062997663 3786190631 3878624 56676  15610
16.074976975 3789630431 3439800 56674  15421
16.086989964 3793548484 3918053 56670  15080
16.098990119 3796952367 3403883 56690  15211
16.110989875 3800883079 3930712 56658  15576
16.122977010 3804272094 3389015 56671  15099
16.134977655 3808045623 3773529 56677  15024
16.146990097 3811553011 3507388 56680  14650
16.158989616 3815415360 3862349 56664  15887
16.170989601 3818879294 3463934 56682  15038
16.182988747 3822745452 3866158 56667  15607
16.194988069 3826208454 3463002 56684  15370
16.206977044 3830086947 3878493 56671  15143
16.218976743 3833514986 3428039 56663  14872
16.231001736 3837296714 3781728 56672  15404
16.242990241 3840818597 3521883 56677  15328
16.254976533 3844685661 3867064 56672  15331
16.266989138 3848141944 3456283 56687  15364
16.278975814 3852015091 3873147 56675  15033
16.290979979 3855449315 3434224 56671  15367
16.302988768 3859332443 3883128 56666  15119
16.314990620 3862744579 3412136 56674  14807
16.326978112 3866595811 3851232 56679  15673
16.338977634 3870061796 3465985 56667  15376
16.350976732 3873929069 3867273 56678  15264
16.362989838 3877368925 3439856 56677  15031
16.374990486 3881247973 3879048 56676  15563
16.386997709 3884684524 3436551 56673  15102
16.398978300 3888516448 3831924 56662  15151
16.410989327 3891975919 3459471 56692  14800
16.422990072 3895871889 3895970 56670  15713
16.434976784 3899299523 3427634 56672  15278
16.446989466 3903191831 3892308 56669  15122
16.458989161 3906627962 3436131 56672  15506
16.470991490 3910626955 3998993 56662  15139
16.482977942 3913953737 3326782 56667  15738
16.494978071 3917884611 3930874 56672  14371
16.506990726 3921236594 3351983 56671  15538
16.518988248 3925237955 4001361 56678  14932
16.530988617 3928566944 3328989 56668  15937
16.542990650 3932570095 4003151 56669  14557
16.554990455 3935890195 3320100 56668  16674
16.566989857 3939897118 4006923 56658  13714
16.578978185 3943193043 3295925 56672  16345
16.590977451 3947192005 3998962 56674  13924
16.602988913 3950505515 3313510 56674  16929
16.614975295 3954520955 4015440 56670  13742
16.626977060 3957874361 3353406 56677  17132
16.638976916 3961842438 3968077 56676  13300
16.650990318 3965231951 3389513 56671  17245
16.662988393 3969145378 3913427 56669  13058
16.674979355 3972436193 3290815 56667  17061
16.686988690 3976439583 4003390 56675  13299
16.698977139 3979865446 3425863 56679  17341
16.710997765 3983759468 3894022 56676  13106
16.722977523 3987118171 3358703 56669  17270
16.734977858 3990834337 3716166 51955  13326
16.745989647 3994293287 3458950 56681  15076
16.757990225 3998101763 3808476 56669  15176
16.769977821 4001577886 3476123 56673  14833
16.781988463 4005408828 3830942 56667  15504
16.793989001 4008879206 3470378 56669  14852
16.805991950 4012725244 3846038 56673  15697
16.817975535 4016199907 3474663 56673  15144
16.829977114 4020083326 3883419 56668  15283
16.841989187 4023502358 3419032 56663  14971
16.853989649 4027301552 3799194 56674  15367
16.865980568 4030796276 3494724 56674  15290
16.877977166 4034733415 3937139 56686  15249
16.889987832 4038108098 3374683 56666  15286
16.901989370 4042017929 3909831 56683  15013
16.913977489 4045406598 3388669 56666  15358
16.925977074 4049265279 3858681 56669  15075
16.937990263 4052682348 3417069 56676  14509
16.949977355 4056512204 3829856 56664  15844
16.961976740 4059997989 3485785 56681  15161
16.973977732 4063856198 3858209 56683  15377
16.985987999 4067320978 3464780 56669  15092
16.997989271 4071241783 3920805 56671  15200
17.009977029 4074638904 3397121 56657  15202
17.021991481 4078516853 3877949 56673  15094
17.033977920 4081937294 3420441 56672  14854
17.045989305 4085816912 3879618 56679  15582
17.057977344 4089262915 3446003 56679  15193
17.069977399 4093178673 3915758 56669  15110
17.081978371 4096579971 3401298 56674  14891
17.093989547 4100454295 3874324 56673  15608
17.105979679 4103905154 3450859 56672  15127
17.117988111 4107720064 3814910 56670  15076
17.129990346 4111205934 3485870 56681  14978
17.141989462 4115095249 3889315 56670  15449
17.153977670 4118532550 3437301 56679  15123
17.165976632 4122413331 3880781 56676  15136
17.177998212 4125854973 3441642 56673  15536
17.189990757 4129838632 3983659 56676  14797
17.201988856 4133164727 3326095 56675  15235
17.213977758 4136996387 3831660 56675  14988
17.225989986 4140466611 3470224 56673  15235
17.237989558 4144451936 3985325 56678  15432
17.249975647 4147795365 3343429 56664  15377
17.261976902 4151770053 3974688 56677  14857
17.273989018 4155111126 3341073 56665  15337
17.285977340 4159046455 3935329 56677  14953
17.297989993 4162407008 3360553 56667  14848
17.309977055 4166304160 3897152 56672  15328
17.321988790 4169720382 3416222 56673  15442
17.333989802 4173659753 3939371 56686  14892
17.345985797 4177043015 3383262 56666  15141
17.357976613 4180974245 3931230 56668  15429
17.369988905 4184358951 3384706 56674  15162
17.381988783 4188142410 3783459 56677  14965
17.393976152 4191640561 3498151 56689  14643
17.405978611 4195483975 3843414 56678  15745
17.417988513 4198956330 3472355 56682  14878
17.429990062 4202789178 3832848 56657  15608
17.441975517 4206286940 3497762 56670  15213
17.453988256 4210212042 3925102 56683  15147
17.465988458 4213589980 3377938 56677  14791
17.477990360 4217336199 3746219 56684  15398
17.489976409 4220891575 3555376 56675  15058
17.501995934 4224761939 3870364 56668  15383
17.513990656 4228213387 3451448 56664  15181
17.525987882 4232105905 3892518 56681  15036
17.537976794 4235518549 3412644 56677  15287
17.549977319 4239371774 3853225 56679  15056
17.561989524 4242816252 3444478 56677  14745
17.573988966 4246690200 3873948 56668  15488
17.585977508 4250127812 3437612 56676  15289
17.597976960 4254021929 3894117 56676  15193
17.609989323 4257443623 3421694 56684  15152
17.621975811 4261359538 3915915 56680  15223
17.633976357 4264749758 3390220 56671  15088
17.645976683 4268573295 3823537 56663  15026
17.657999371 4272030844 3457549 56676  14531
17.669990900 4275922797 3891953 56675  15898
17.681989585 4279356970 3434173 56674  15235
17.693976111 4283293085 3936115 56680  15148
17.705976509 4286681382 3388297 56672  15353
17.717987668 4290598946 3917564 56677  15180
17.729976370 4293981365 3382419 56691  15053
17.741978602 4297759926 3778561 56669  15060
17.753989102 4301271197 3511271 56670  14835
17.765988127 4305154270 3883073 56669  15611
17.777975696 4308582301 3428031 56689  15000
17.789976481 4312386398 3804097 56677  15476
17.801989880 4315898580 3512182 56671  15416
17.814003472 4319857491 3958911 56664  15006
17.825991320 4323195177 3337686 56669  15035
17.837976946 4326981119 3785942 56671  15346
17.849990908 4330493349 3512230 56670  15191
17.861990131 4334413155 3919806 56676  15562
17.873977392 4337807855 3394700 56670  15189
17.885975727 4341728839 3920984 56669  15116
17.897990170 4345117145 3388306 56667  15414
17.909989662 4349023160 3906015 56675  15086
17.921975664 4352399421 3376261 56675  14561
17.933976916 4356269426 3870005 56673  15635
17.945989665 4359709326 3439900 56676  15303
17.957988057 4363629824 3920498 56665  15053
17.969976102 4367024053 3394229 56679  15056
17.981997031 4370974396 3950343 56671  15493
17.993989533 4374333149 3358753 56674  15065
18.005988545 4378142220 3809071 56678  14961
18.017979190 4381602682 3460462 56675  14603
18.029976369 4385480389 3877707 56674  15709
18.041988555 4388912698 3432309 56672  14986
18.053987630 4392756163 3843465 56674  15474
18.065977832 4396232039 3475876 56672  15306
18.077978418 4400152350 3920311 56666  15081
18.089990090 4403525558 3373208 56673  14807
18.101990552 4407257085 3731527 56677  15414
18.113976140 4410814186 3557101 56684  14987
18.125975806 4414696650 3882464 56662  15440
18.137997485 4418128500 3431850 56667  15263
18.149978513 4422016191 3887691 56672  14981
18.161976922 4425429986 3413795 56684  15427
18.173975411 4429375854 3945868 56668  14954
18.185989640 4432717926 3342072 56666  14954
18.197988729 4436587082 3869156 56675  15323
18.209988897 4440020959 3433877 56679  15381
18.221977886 4443896284 3875325 56681  15105
18.233975521 4447323218 3426934 56671  15221
18.245979123 4451243131 3919913 56659  15226
18.257987539 4454621806 3378675 56668  15096
18.269976424 4458452035 3830229 56681  15051
18.281974223 4461898099 3446064 56668  14585
18.294002656 4465772577 3874478 56663  15839
18.305988821 4469213953 3441376 56686  15201
18.317975673 4473094636 3880683 56668  15146
18.329977755 4476527574 3432938 56683  15211
18.341989924 4480444555 3916981 56670  15315
18.353979316 4483827165 3382610 56677  15138
18.365976138 4487636437 3809272 56678  15052
18.377977000 4491118581 3482144 56678  15292
18.389990152 4495041780 3923199 56665  15124
18.401989897 4498418472 3376692 56679  15214
18.413976679 4502262387 3843915 56687  15156
18.425990814 4505723916 3461529 56663  15559
18.437977096 4509653184 3929268 56674  14765
18.449984299 4513003945 3350761 56669  14840
18.461977604 4516725410 3721465 56669  15499
18.473990120 4520291323 3565913 56670  14937
18.485989465 4524156578 3865255 56676  15633
18.497987844 4527605045 3448467 56667  15146
18.509989449 4531474459 3869414 56673  15152
18.521977421 4534906935 3432476 56663  15138
18.533989480 4538731639 3824704 56675  15091
18.545989122 4542182050 3450411 56675  14638
18.557988557 4546032244 3850194 56676  15809
18.569990147 4549484945 3452701 56673  15258
18.581974328 4553337525 3852580 56674  15078
18.593989151 4556787053 3449528 56680  15000
18.605990210 4560669526 3882473 56666  15543
18.617997322 4564092474 3422948 56665  14968
18.629989287 4567866471 3773997 56676  15072
18.641989949 4571356808 3490337 56686  14641
18.653991334 4575231679 3874871 56668  15770
18.665988493 4578659678 3427999 56669  14868
18.677991282 4582481456 3821778 56679  15554
18.689989687 4585968976 3487520 56676  15165
18.701989820 4589829042 3860066 56661  15157
18.713976108 4593253870 3424828 56663  14607
18.725977664 4596931130 3677260 56662  15536
18.737989929 4600530620 3599490 56675  14577
18.749988911 4604359247 3828627 56666  15645
18.761976653 4607845830 3486583 56678  15187
18.773985829 4611725600 3879770 56675  15122
18.785989721 4615140263 3414663 56677  15358
18.797975853 4619052827 3912564 56675  15069
18.809977568 4622416433 3363606 56673  14672
18.821975440 4626272334 3855901 56673  15433
18.833988633 4629713638 3441304 56673  15265
18.845977484 4633633094 3919456 56678  15160
18.857977580 4637006355 3373261 56686  14947
18.869989342 4640895662 3889307 56681  15375
18.881989218 4644298049 3402387 56666  15003
18.893977026 4648117049 3819000 56683  15041
18.905978745 4651558130 3441081 56672  14249
18.917988120 4655411289 3853159 56671  15996
18.929985456 4658872862 3461573 56680  15136
18.941990081 4662799228 3926366 56676  15054
18.953988790 4666178905 3379677 56675  15302
18.965990719 4670129680 3950775 56664  15161
18.977976911 4673473083 3343403 56671  15162
18.989990233 4677291121 3818038 56672  14812
19.001977312 4680746420 3455299 56682  15101
19.013976931 4684620425 3874005 56659  15226
19.025976486 4688041015 3420590 56673  15113
19.037988128 4691907684 3866669 56679  14997
19.049976250 4695331827 3424143 56668  15364
19.061976912 4699258881 3927054 56674  14754
19.073976451 4702611963 3353082 56666  14885
19.085997847 4706339165 3727202 56674  15107
19.097991349 4709878105 3538940 56675  14689
19.109977311 4713723664 3845559 56677  15743
19.121974350 4717189355 3465691 56686  15109
19.133987648 4721102138 3912783 56672  15044
19.145989367 4724481081 3378943 56657  15134
19.157976359 4728330822 3849741 56670  15029
19.169978201 4731753067 3422245 56679  14630
19.181975156 4735628117 3875050 56673  15402
19.193989865 4739041866 3413749 56682  15285
19.205976610 4742916433 3874567 56679  14913
19.217975550 4746333864 3417431 56682  14964
19.229987665 4750201132 3867268 56661  15492
19.241989434 4753628509 3427377 56681  14912
19.253987766 4757307278 3678769 56682  14980
19.265978328 4760877347 3570069 56680  14346
19.277989770 4764652424 3775077 56674  15782
19.289990380 4768174924 3522500 56671  14757
19.301976097 4771951852 3776928 56674  15591
19.313976877 4775470524 3518672 56679  14777
19.325989779 4779382442 3911918 56670  15365
19.337988268 4782755648 3373206 56672  14650
19.349989830 4786480135 3724487 56686  15390
19.361977882 4790022698 3542563 56664  14708
19.373988397 4793837183 3814485 56665  15638
19.385975336 4797325536 3488353 56676  15141
19.397975651 4801181587 3856051 56686  15084
19.409986876 4804607965 3426378 56679  15200
19.421988273 4808476033 3868068 56680  14984
19.433989535 4811877060 3401027 56672  14535
19.445977610 4815735885 3858825 56671  15474
19.457975775 4819170048 3434163 56665  15192
19.469976761 4823049444 3879396 56669  15125
19.481988039 4826461228 3411784 56681  14841
19.493976311 4830377542 3916314 56666  15346
19.505977143 4833755035 3377493 56668  15021
19.517989242 4837537096 3782061 56669  14905
19.529988501 4841013146 3476050 56680  14228
19.541976239 4844896610 3883464 56673  15888
19.553976161 4848327371 3430761 56686  15081
19.565997351 4852255537 3928166 56680  14902
19.577989840 4855625673 3370136 56669  15089
19.589978052 4859502370 3876697 56667  15296
19.601976890 4862915969 3413599 56668  14978
19.613989839 4866718421 3802452 56672  14861
19.625990334 4870188341 3469920 56671  14918
19.637987496 4874061901 3873560 56668  15275
19.649977198 4877484184 3422283 56682  15072
19.661987977 4881304641 3820457 56681  15103
19.673989463 4884772710 3468069 56669  15268
19.685976425 4888648381 3875671 56662  14777
19.697978547 4892046757 3398376 56687  14671
19.709989863 4895786595 3739838 56669  15254
19.721983305 4899325605 3539010 56676  15058
19.733978213 4903180930 3855325 56669  15461
19.745977305 4906624910 3443980 56677  15006
19.757988924 4910540311 3915401 56677  15007
19.769988533 4913917360 3377049 56677  15101
19.781976961 4917778608 3861248 56673  14964
19.793977247 4921171058 3392450 56679  14187
19.805978586 4924927449 3756391 56666  15898
19.817988605 4928465824 3538375 56671  15131
19.829976467 4932329446 3863622 56668  15288
19.841989346 4935759350 3429904 56676  14980
19.853975781 4939623549 3864199 56673  15570
19.865976133 4943053381 3429832 56673  14892
19.877989295 4946794075 3740694 56680  15148
19.889996774 4950302759 3508684 56679  14425
19.901976812 4954167775 3865016 56674  15868
19.913988625 4957596008 3428233 56665  14723
19.925989054 4961420732 3824724 56673  15670
19.937975145 4964902847 3482115 56686  15207
19.949979095 4968830558 3927711 56666  14995
19.961987983 4972177812 3347254 56689  14723
19.973971882 4975927910 3750098 56672  15148
19.985976781 4979449635 3521725 56683  15019
19.997987113 4983364523 3914888 56680  15216
20.009974598 4986742399 3377876 56681  15148
20.021978090 4990607486 3865087 56670  14855
20.033988189 4994020685 3413199 56674  15273
20.045998985 4997918978 3898293 56665  14939
20.057989880 5001285038 3366060 56683  14552
20.069990239 5005159346 3874308 56669  15467
20.081989904 5008573805 3414459 56676  15160
20.093976606 5012443235 3869430 56674  15004
20.105979628 5015855910 3412675 56682  14954
20.117990201 5019786168 3930258 56672  15242
20.129990120 5023137813 3351645 56675  15004
20.141976078 5026957840 3820027 56677  14836
20.153987974 5030399386 3441546 56669  14678
20.165973123 5034281310 3881924 56683  16571
20.177983734 5037686990 3405680 56682  16622
20.189976237 5041584984 3897994 56676  16190
20.201986222 5044967027 3382043 56680  15485
20.213977704 5048830422 3863395 56665  16310
20.225975376 5052255906 3425484 56672  15764
20.237976781 5056021246 3765340 56673  15787
20.249990284 5059516095 3494849 56670  15573
20.261990266 5063386446 3870351 56682  15868
20.273989248 5066807325 3420879 56673  15389
20.285977267 5070639819 3832494 56671  15251
20.297975096 5074088558 3448739 56666  15453
20.309988298 5078003939 3915381 56669  14932
20.321989273 5081349968 3346029 56671  14769
20.333989402 5085075406 3725438 56671  15495
20.345990194 5088623232 3547826 56667  15248
20.357988566 5092499683 3876451 56667  15612
20.369988395 5095910813 3411130 56675  15189
20.381988587 5099807053 3896240 56665  15009
20.393976813 5103188972 3381919 56675  15183
20.405979761 5107013590 3824618 56671  15092
20.417975397 5110441948 3428358 56665  14443
20.429991472 5114286488 3844540 56672  15815
20.441989814 5117726121 3439633 56678  15264
20.453976619 5121568064 3841943 56663  14949
20.465989558 5125010601 3442537 56688  14986
20.477976497 5128908161 3897560 56673  15492
20.489975742 5132291088 3382927 56669  14902
20.501975811 5136048394 3757306 56662  14922
20.513976527 5139536262 3487868 56671  14527
20.525998436 5143411665 3875403 56668  15733
20.537990011 5146826488 3414823 56682  15079
20.549977340 5150753079 3926591 56670  15242
20.561988862 5154117199 3364120 56683  15363
20.573989035 5158099599 3982400 56672  14771
20.585989883 5161389213 3289614 56687  15030
20.597975672 5165141751 3752538 56673  14889
20.609981601 5168643529 3501778 56666  15191
20.621987966 5172562077 3918548 56671  15114
20.633975681 5175928687 3366610 56674  15455
20.645988860 5179783355 3854668 56667  14711
20.657993372 5183192899 3409544 56674  15349
20.669987647 5187064434 3871535 56660  15053
20.682000337 5190450867 3386433 56670  14666
20.693977875 5194307998 3857131 56674  15442
20.705977391 5197732575 3424577 56688  15428
20.717988900 5201673848 3941273 56673  14993
20.729988468 5205008579 3334731 56678  15104
20.741990757 5208943401 3934822 56675  15013
20.753975539 5212284238 3340837 56667  15291
20.765990884 5216148395 3864157 56678  14709
20.777988246 5219535989 3387594 56692  14698
20.789988735 5223390218 3854229 56669  15362
20.801988004 5226813151 3422933 56679  15061
20.813975342 5230690730 3877579 56675  15090
20.825989065 5234101172 3410442 56669  15116
20.837986207 5238086470 3985298 56671  15160
20.849975929 5241395464 3308994 56666  15675
20.861989915 5245326340 3930876 56672  14234
20.873991820 5248642630 3316290 56674  15316
20.885976499 5252617291 3974661 56668  14810
20.897976601 5255934653 3317362 56683  15706
20.909976706 5259919756 3985103 56667  14363
20.921989615 5263226985 3307229 56679  16540
20.933989081 5267228449 4001464 56676  13380
20.945975260 5270505508 3277059 56672  16651
20.957978375 5274474399 3968891 56675  13328
20.969976400 5277772055 3297656 56677  16965
20.981988526 5281764977 3992922 56666  13263
20.993988164 5285076241 3311264 56673  16913
21.005998631 5289040339 3964098 56682  13188
21.017979255 5292391558 3351219 56667  17048
21.029975071 5296299942 3908384 56659  12969
21.041989800 5299575812 3275870 56680  16408
21.053987982 5303565209 3989397 56670  13375
21.065977204 5307056851 3491642 56686  17141
21.077975029 5310614827 3557976 51954  12786
21.088990071 5314049015 3434188 56672  14608
21.100977762 5317920009 3870994 56675  15644
21.112977568 5321337029 3417020 56677  14908
21.124988380 5325095065 3758036 56675  14743
21.136990012 5328567655 3472590 56696  14252
21.148975858 5332452217 3884562 56675  15678
21.160999503 5335854249 3402032 56677  14967
21.172988718 5339721137 3866888 56671  15085
21.184990264 5343133067 3411930 56671  15022
21.196976529 5347081541 3948474 56664  14900
21.208975031 5350395323 3313782 56672  14747
21.220988457 5354133919 3738596 56681  15030
21.232988069 5357648759 3514840 56673  14935
21.244989021 5361478233 3829474 56672  15110
21.256975097 5364921963 3443730 56664  14875
21.268989593 5368731227 3809264 56678  14886
21.280987922 5372188277 3457050 56677  15181
21.292978224 5376046012 3857735 56666  14813
21.304978162 5379433256 3387244 56674  14334
21.316999058 5383258917 3825661 56670  15550
21.328991400 5386707032 3448115 56676  15109
21.340974948 5390570583 3863551 56681  14996
21.352976700 5393975249 3404666 56691  14868
21.364990176 5397882244 3906995 56666  15037
21.376989761 5401242334 3360090 56670  14985
21.388977216 5405034022 3791688 56671  14766
21.400977778 5408469186 3435164 56681  14176
21.412976010 5412308273 3839087 56666  15854
21.424989300 5415757132 3448859 56675  14990
21.436976472 5419665846 3908714 56679  15046
21.448978024 5423035526 3369680 56675  15025
21.460989283 5426954676 3919150 56668  15160
21.472999158 5430298705 3344029 56672  14845
21.484989197 5434094762 3796057 56678  14741
21.496988305 5437541714 3446952 56674  14723
21.508989161 5441400119 3858405 56682  15311
21.520977387 5444815048 3414929 56672  15037
21.532976059 5448629749 3814701 56669  14980
21.544989801 5452079962 3450213 56659  15232
21.556990100 5455984610 3904648 56671  14710
21.568988512 5459325423 3340813 56674  14563
21.580977900 5463034680 3709257 56676  15269
21.592989817 5466574996 3540316 56663  14752
21.604990715 5470409659 3834663 56665  15523
21.616976101 5473852733 3443074 56677  14943
21.628986149 5477752092 3899359 56677  14960
21.640990311 5481122661 3370569 56680  15006
21.652988857 5485043928 3921267 56671  14784
21.664977702 5488371398 3327470 56678  14789
21.676976647 5492278033 3906635 56676  15101
21.688990649 5495628855 3350822 56673  15761
21.700988898 5499611419 3982564 56673  15052
21.712977040 5502907585 3296166 56673  15439
21.724985046 5506889894 3982309 56667  15031
21.736975411 5510190825 3300931 56682  16054
21.748988970 5514131144 3940319 56677  14143
21.760978762 5517427000 3295856 56686  15823
21.772976814 5521392520 3965520 56666  14241
21.784988930 5524681378 3288858 56675  15825
21.796997096 5528652164 3970786 56673  14323
21.808990188 5531952534 3300370 56668  15979
21.820976137 5535917018 3964484 56673  14098
21.832977075 5539206049 3289031 56665  15578
21.844990451 5543156434 3950385 56673  14238
21.856977149 5546454003 3297569 56680  16128
21.868976125 5550437984 3983981 56683  13963
21.880990390 5553781101 3343117 56675  16872
21.892976299 5557713575 3932474 56677  13039
21.904989778 5561027301 3313726 56665  17032
21.916990220 5564966607 3939306 56669  12973
21.928989136 5568238847 3272240 56664  16610
21.940988488 5572227498 3988651 56685  13135
21.952983480 5575637439 3409941 56668  17075
21.964976945 5579532960 3895521 56668  13029
21.976987874 5582877015 3344055 56664  16824
21.988989216 5586834149 3957134 56662  13080
22.000987381 5590263720 3429571 56667  16749
22.012977844 5594138562 3874842 56673  12962
22.024988819 5597438381 3299819 56675  16819
22.036988891 5601447721 4009340 56677  13145
22.048977253 5604849229 3401508 56674  17065
22.060975595 5608461953 3612724 51948  12753
22.071976347 5611970269 3508316 56676  14410
22.083975906 5615838959 3868690 56667  15520
22.095976964 5619293907 3454948 56669  14939
22.107985503 5623066216 3772309 56676  14778
22.119990502 5626592432 3526216 56674  14670
22.131975907 5630483129 3890697 56671  15251
22.143976146 5633900732 3417603 56658  14833
22.155975431 5637739996 3839264 56675  15029
22.167976983 5641211717 3471721 56675  15203
22.179988259 5645185691 3973974 56666  14541
22.191978608 5648503966 3318275 56675  14681
22.203977627 5652331939 3827973 56682  14951
22.215976032 5655808405 3476466 56680  14977
22.227986657 5659780463 3972058 56672  15318
22.239987404 5663135102 3354639 56672  15505
22.251976252 5667131696 3996594 56669  14236
22.263990078 5670449852 3318156 56670  15852
22.275996223 5674443480 3993628 56676  13927
22.287976782 5677743634 3300154 56671  15450
22.299989230 5681740913 3997279 56672  14167
22.311989426 5685052821 3311908 56677  16135
22.323987714 5689057820 4004999 56684  13833
22.335989186 5692352902 3295082 56671  15882
22.347974918 5696362128 4009226 56683  14288
22.359989375 5699670611 3308483 56678  16279
22.371989290 5703648386 3977775 56681  13425
22.383988609 5706955836 3307450 56683  15990
22.395989207 5710958078 4002242 56677  13849
22.407976023 5714250363 3292285 56666  15870
22.420010946 5718245117 3994754 56677  14091
22.431983451 5721559569 3314452 56680  16208
22.443978543 5725569229 4009660 56667  13739
22.455988292 5728879988 3310759 56679  16724
22.467990694 5732840342 3960354 56681  13176
22.479988732 5736174513 3334171 56676  16733
22.491976584 5740172198 3997685 56676  13138
22.503977700 5743585181 3412983 56669  16794
22.515989922 5747482411 3897230 56674  12959
22.527976627 5750945553 3463142 56661  16989
22.539975776 5754541591 3596038 51954  12854
22.550989807 5757995473 3453882 56683  14300
22.562977483 5761871148 3875675 56673  15348
22.574988291 5765312849 3441701 56674  15069
22.586995751 5769184980 3872131 56671  14848
22.598989013 5772605588 3420608 56678  14892
22.610990355 5776538171 3932583 56681  14966
22.622978664 5779907253 3369082 56665  15076
22.634977339 5783744886 3837633 56673  14555
22.646990331 5787181734 3436848 56675  14556
22.658988383 5791098952 3917218 56666  15359
22.670976138 5794491632 3392680 56666  14997
22.682975774 5798407005 3915373 56661  15091
22.694988770 5801789449 3382444 56676  15242
22.706989062 5805740854 3951405 56672  15170
22.718978177 5809089312 3348458 56671  15240
22.730988183 5812888979 3799667 56679  14895
22.742980375 5816370768 3481789 56672  14889
22.754978360 5820240752 3869984 56665  15451
22.766976682 5823669895 3429143 56665  15009
22.778989774 5827457194 3787299 56681  15162
22.790988757 5830965657 3508463 56676  15111
22.802978081 5834887056 3921399 56661  14734
22.814975974 5838244234 3357178 56680  14455
22.826977420 5841955648 3711414 56676  15347
22.838976272 5845551193 3595545 56673  15046
22.850988694 5849392185 3840992 56676  15325
22.862976339 5852850147 3457962 56678  15050
22.874991372 5856767949 3917802 56678  14662
22.886975476 5860142945 3374996 56666  15043
22.898988799 5863996721 3853776 56670  14850
22.910996858 5867414575 3417854 56676  14354
22.922990867 5871289080 3874505 56669  15386
22.934988505 5874719541 3430461 56671  15067
22.946976774 5878591594 3872053 56668  14715
22.958987426 5882007947 3416353 56668  14852
22.970990615 5885894718 3886771 56670  15194
22.982988398 5889305632 3410914 56671  14795
22.994989140 5893075497 3769865 56674  14644
23.006989645 5896568175 3492678 56675  14273
23.018976914 5900442700 3874525 56676  15543
23.030976789 5903867918 3425218 56684  14715
23.042976518 5907703989 3836071 56664  15268
23.054989550 5911171960 3467971 56669  15009
23.067000246 5915099267 3927307 56664  14813
23.078976534 5918452814 3353547 56672  14478
23.090976130 5922207314 3754500 56680  15241
23.102978842 5925740750 3533436 56672  14720
23.114987624 5929617411 3876661 56672  15235
23.126977586 5933045984 3428573 56676  15090
23.138976681 5936890702 3844718 56687  14671
23.150975870 5940330582 3439880 56669  15033
23.162976126 5944250476 3919894 56676  14724
23.174976808 5947609169 3358693 56670  14423
23.186976434 5951481124 3871955 56673  15259
23.198988972 5954918562 3437438 56675  15228
23.210988608 5958813820 3895258 56673  14667
23.222985183 5962198867 3385047 56684  14829
23.234989402 5966125370 3926503 56664  14935
23.246989061 5969494988 3369618 56673  15030
23.258990317 5973308468 3813480 56674  14588
23.270975662 5976762266 3453798 56682  14526
23.282976347 5980636228 3873962 56670  15323
23.294988886 5984061572 3425344 56683  14861
23.306990358 5987963081 3901509 56681  14961
23.318988438 5991351812 3388731 56689  14840
23.330976909 5995216930 3865118 56672  15091
23.342988668 5998642075 3425145 56672  14810
23.354975830 6002419147 3777072 56666  14867
23.366977052 6005930080 3510933 56676  14996
23.378985314 6009849675 3919595 56672  14969
23.390988963 6013219593 3369918 56660  14958
23.402978032 6017038675 3819082 56668  14881
23.414977827 6020509532 3470857 56679  15164
23.426976223 6024512662 4003130 56662  14570
23.438976309 6027809668 3297006 56690  15479
23.450990604 6031710945 3901277 56673  14255
23.462976903 6035081311 3370366 56664  15051
23.474975661 6038952856 3871545 56666  15026
23.486975577 6042367109 3414253 56674  15092
23.498976329 6046263902 3896793 56676  14734
23.510977844 6049650057 3386155 56680  15077
23.522976546 6053483348 3833291 56677  14822
23.534988919 6056918402 3435054 56663  14397
23.546997731 6060806380 3887978 56660  15270
23.558978073 6064219337 3412957 56685  15276
23.570976478 6068133740 3914403 56675  14553
23.582989574 6071496469 3362729 56672  14856
23.594988290 6075444117 3947648 56664  15068
23.606988375 6078792339 3348222 56667  14880
23.618977104 6082591391 3799052 56665  14487
23.630990123 6086048125 3456734 56673  14375
23.642989128 6089937786 3889661 56669  15379
23.654987407 6093344281 3406495 56660  14883
23.666989762 6097212222 3867941 56690  14956
23.678989628 6100635891 3423669 56669  15126
23.690990140 6104624845 3988954 56674  14624
23.702986342 6107925332 3300487 56680  14991
23.714992174 6111720512 3795180 56666  14563
23.726990346 6115193109 3472597 56665  14937
23.738989142 6119146607 3953498 56672  14887
23.750975684 6122495556 3348949 56675  15449
23.762990189 6126474563 3979007 56677  14181
23.774976999 6129787887 3313324 56664  15745
23.786978404 6133773410 3985523 56673  13871
23.798977076 6137061561 3288151 56679  15452
23.810990368 6141041663 3980102 56666  14176
23.822976267 6144355425 3313762 56678  16130
23.834976259 6148333030 3977605 56661  13769
23.846977467 6151647883 3314853 56677  16318
23.858996760 6155651346 4003463 56668  13415
23.870989662 6159040007 3388661 56667  16655
23.882977464 6162927746 3887739 56669  12852
23.894978753 6166212067 3284321 56677  16494
23.906976718 6170209343 3997276 56669  13317
23.918989577 6173654106 3444763 56673  17041
23.930976082 6177267041 3612935 51943  12564
23.941976181 6180715226 3448185 56674  14842
23.953988553 6184677087 3961861 56663  14900
23.965989021 6188006262 3329175 56670  15117
23.977976243 6191816481 3810219 56685  14422
23.989987775 6195271143 3454662 56665  14893
24.001976802 6199224955 3953812 56667  14953
24.013997020 6202553842 3328887 56664  14960
24.025976069 6206489286 3935444 56681  14732
24.037975864 6209834932 3345646 56680  15355
24.049989306 6213829152 3994220 56666  14396
24.061989018 6217124970 3295818 56684  15474
24.073990077 6221106840 3981870 56674  14059
24.085975969 6224411057 3304217 56669  15905
24.097989735 6228395727 3984670 56665  14160
24.109987881 6231690033 3294306 56685  15804
24.121976196 6235685134 3995101 56682  13713
24.133977485 6239021826 3336692 56679  16800
24.145988910 6242979591 3957765 56667  12793
24.157976379 6246260212 3280621 56674  16454
24.169976268 6250252585 3992373 56674  13173
24.181983407 6253699287 3446702 56670  16866
24.193988196 6257575311 3876024 56665  12669
24.205988961 6261027578 3452267 56670  16860
24.217977150 6264603458 3575880 51959  13015
24.228988778 6268025792 3422334 56681  14652
24.240977422 6271794029 3768237 56674  14737
24.252976441 6275281327 3487298 56678  14335
24.264975527 6279159815 3878488 56674  15339
24.276987586 6282567454 3407639 56682  14786
24.288988939 6286517778 3950324 56669  14890
24.300978033 6289847971 3330193 56676  15005
24.312989950 6293830779 3982808 56665  14630
24.324974852 6297128950 3298171 56683  14997
24.336996684 6300928616 3799666 56674  14484
24.348978462 6304393577 3464961 56677  14959
24.360975401 6308379631 3986054 56670  14883
24.372988440 6311702199 3322568 56681  15782
24.384989128 6315689654 3987455 56687  13713
24.396976491 6319004538 3314884 56674  16747
24.408989790 6322987552 3983014 56682  12922
24.420989532 6326274066 3286514 56684  16322
24.432989057 6330268211 3994145 56679  13170
24.444976246 6333724538 3456327 56674  16834
24.456976278 6337553639 3829101 56668  12884
24.468989537 6341066272 3512633 56678  16714
24.480988043 6344635080 3568808 51942  12822
24.491995614 6348051938 3416858 56682  14838
24.503976586 6351920467 3868529 56675  14558
24.515989111 6355313781 3393314 56672  14525
24.527989317 6359237621 3923840 56675  15098
24.539976009 6362599211 3361590 56673  14949
24.551977358 6366547856 3948645 56681  14510
24.563990460 6369883239 3335383 56674  15169
24.575989129 6373881032 3997793 56672  14567
24.587975344 6377184324 3303292 56676  15755
24.599976686 6381149936 3965612 56687  13639
24.611988672 6384455372 3305436 56674  15826
24.623987471 6388446570 3991198 56667  13824
24.635975849 6391780637 3334067 56683  16708
24.647990255 6395744329 3963692 56667  12942
24.659989050 6399279249 3534920 56657  16980
24.671987442 6402814628 3535379 51937  12488
24.682977587 6406229894 3415266 56674  14536
24.694976533 6410038943 3809049 56677  15015
24.706976438 6413509882 3470939 56667  14838
24.718988287 6417365204 3855322 56674  15051
24.730978312 6420790101 3424897 56685  15013
24.742990895 6424731282 3941181 56670  14519
24.754988537 6428071040 3339758 56681  15200
24.766989376 6432051059 3980019 56676  14494
24.778978151 6435341661 3290602 56684  15085
24.790988133 6439331095 3989434 56662  14330
24.802987922 6442634248 3303153 56678  16174
24.814996178 6446630127 3995879 56687  13480
24.826975456 6449921876 3291749 56668  16617
24.838975881 6453915387 3993511 56672  13237
24.850989094 6457398538 3483151 56676  16696
24.862988389 6461190310 3791772 56669  12666
24.874990605 6464594535 3404225 56679  16704
24.886975667 6468252139 3657604 51950  12815
24.897989558 6471663350 3411211 56675  14682
24.909988924 6475525735 3862385 56672  15128
24.921975982 6478949702 3423967 56681  15135
24.933974881 6482938731 3989029 56666  14528
24.945984946 6486234816 3296085 56680  15230
24.957975635 6490210681 3975865 56680  14232
24.969984711 6493522426 3311745 56675  16110
24.981976787 6497510473 3988047 56681  13532
24.993987675 6500914716 3404243 56676  16594
25.005988567 6504799530 3884814 56678  12857
25.017977046 6508330216 3530686 56656  16824
25.029976691 6511856809 3526593 51950  12719
25.040976276 6515273622 3416813 56687  14287
25.052978388 6519151526 3877904 56666  15069
25.064976410 6522569581 3418055 56671  15418
25.076989922 6526541912 3972331 56665  14235
25.088988002 6529848162 3306250 56685  15578
25.100976601 6533847928 3999766 56683  13880
25.112977016 6537186166 3338238 56673  16573
25.124983628 6541115323 3929157 56683  12769
25.136990477 6544406965 3291642 56680  16460
25.148976215 6548402950 3995985 56668  13106
25.160988961 6551925419 3522469 56667  16980
25.172987599 6555709986 3784567 56678  12447
25.184989599 6559296897 3586911 56671  16871
25.196976924 6562777003 3480106 51944  12804
25.207989419 6566148133 3371130 56678  14683
25.219988108 6569960172 3812039 56678  14395
25.231989290 6573416464 3456292 56684  15115
25.243975529 6577400269 3983805 56683  14531
25.255975354 6580699003 3298734 56673  15461
25.267989279 6584670962 3971959 56681  14143
25.279996735 6587985319 3314357 56668  16331
25.291989420 6591979145 3993826 56672  12984
25.303976830 6595263630 3284485 56681  16541
25.315990205 6599231165 3967535 56682  12841
25.327988817 6602455470 3224305 56659  18545
25.339976686 6605279369 2823899 51954  21097
25.350977053 6607839334 2559965 56668  13157
25.362989433 6611619904 3780570 56687  16116
25.374976380 6615130785 3510881 56668  15487
25.386976183 6619027876 3897091 56681  15237
25.398976975 6622379819 3351943 56672  14926
25.410988201 6626091041 3711222 56678  16272
25.422988487 6629647816 3556775 56670  15553
25.434977312 6633473486 3825670 56669  15701
25.446983591 6636922075 3448589 56677  14925
25.458976113 6640808920 3886845 56685  14835
25.470988408 6644188398 3379478 56673  15123
25.482976984 6648105627 3917229 56675  14788
25.494989332 6651442667 3337040 56672  14817
25.506990498 6655400022 3957355 56672  15001
25.518988457 6658728704 3328682 56674  15684
25.530976376 6662720895 3992191 56674  13988
25.542987811 6666009840 3288945 56668  16344
25.554990223 6669057603 3047763 56669  23128
25.566989745 6670298223 1240620 56668  43525
25.578976351 6671557054 1258831 56673  44154
25.590975689 6672590309 1033255 56664  41099
25.602984902 6673866424 1276115 56673  45537
25.614977851 6675139074 1272650 56679  44247
25.626987796 6676417352 1278278 56685  44926
25.638978312 6677693723 1276371 56674  45062
25.650989527 6678974043 1280320 56682  44176
25.662977396 6680247768 1273725 56679  45208
25.674975808 6681522938 1275170 56681  43730
25.686989154 6682796317 1273379 56681  44675
25.698987449 6684093681 1297364 56682  43713
25.710977428 6685402070 1308389 56674  44329
25.722976137 6686673612 1271542 56682  44439
25.734977415 6687947106 1273494 56674  43999
25.746988882 6689218416 1271310 56666  44738
25.758983167 6690492960 1274544 56689  43666
25.770989322 6691764988 1272028 56673  44466
25.782975801 6693034046 1269058 56669  43663
25.794977853 6694307475 1273429 56676  44230
25.806975345 6695573075 1265600 56674  43922
25.818978517 6696898209 1325134 56685  43471
25.830988170 6698167467 1269258 56669  44356
25.842988929 6699440363 1272896 56663  43567
25.854987814 6700715024 1274661 56664  44243
25.866975019 6701985970 1270946 56670  43683
25.878976858 6703261396 1275426 56675  43819
25.890989487 6704531290 1269894 56672  44027
25.902988062 6705806882 1275592 56673  43898
25.914977012 6707074852 1267970 56674  44133
25.926984944 6708398467 1323615 56674  43158
25.938977696 6709667636 1269169 56675  43944
25.950989511 6710934803 1267167 56670  43676
25.962989610 6712206599 1271796 56670  43782
25.974988949 6713472103 1265504 56673  43823
25.986989338 6714740958 1268855 56669  43604
25.998992860 6716004762 1263804 56680  44024
26.010988829 6717272435 1267673 56682  43307
26.022975727 6718540672 1268237 56678  43979
26.034987579 6719857616 1316944 56674  43358
26.046988159 6721125645 1268029 56682  43664
26.058977738 6722386776 1261131 56669  43752
26.070978556 6723654314 1267538 56679  43689
26.082996818 6724917615 1263301 56686  44170
26.094990540 6726185134 1267519 56681  43381
26.106988379 6727452389 1267255 56675  43972
26.118976731 6728747603 1295214 56665  43477
26.130977156 6729731237 983634 56675  44192
26.142977759 6730752308 1021071 56661  34362
26.154977821 6732013483 1261175 56674  44682
26.166989387 6733278621 1265138 56677  45675
26.178988689 6734539694 1261073 56679  45006
26.190990397 6735601456 1061762 51945  41144
26.201976562 6736707876 1106420 56672  43613
26.213977094 6737970236 1262360 56677  44832
26.225989653 6739229561 1259325 56681  44901
26.237996203 6740488766 1259205 56672  44920
26.249976144 6741747858 1259092 56672  44848
26.261976673 6743055538 1307680 56682  44459
26.273978502 6744306989 1251451 56675  44261
26.285989844 6745558409 1251420 56676  44146
26.297989020 6746810620 1252211 56691  44436
26.309989309 6748064853 1254233 56678  44419
26.321989791 6749316412 1251559 56678  44500
26.333974220 6750600079 1283667 56672  44131
26.345975472 6751860099 1260020 56663  43930
26.357977677 6753106927 1246828 56678  44238
26.369988862 6754354985 1248058 56679  44413
26.381987284 6755601063 1246078 56680  44422
26.393985071 6756847598 1246535 56678  44143
26.405977719 6758126987 1279389 56677  43960
26.417990228 6759381396 1254409 56681  44003
26.429988930 6760622080 1240684 56669  44318
26.441987285 6761864439 1242359 56668  44067
26.453977524 6763105672 1241233 56667  44319
26.465976823 6764343704 1238032 56687  44028
26.477977108 6765633333 1289629 56680  43551
26.489976928 6766866787 1233454 56676  43947
26.501976000 6768106570 1239783 56662  44311
26.513988195 6769341614 1235044 56673  44439
26.525989221 6770576269 1234655 56678  43862
26.537976532 6771860025 1283756 56677  43823
26.549975991 6773090294 1230269 56680  43932
26.561999531 6774324951 1234657 56676  44234
26.573993006 6775552961 1228010 56675  44206
26.585978051 6776784646 1231685 56679  44295
26.597976840 6778062078 1277432 56671  44107
26.609978266 6779289817 1227739 56670  43938
26.621990515 6780518659 1228842 56686  44492
26.633977454 6781742648 1223989 56667  44079
26.645990239 6782976256 1233608 56671  44373
26.657988951 6784241774 1265518 56685  43904
26.669988540 6785467233 1225459 56676  44159
26.681976585 6786691116 1223883 56673  44798
26.693977111 6787913437 1222321 56676  44275
26.705988493 6789184042 1270605 56675  44200
26.717999099 6790401424 1217382 56666  44241
26.729990944 6791624805 1223381 56674  44500
26.741989919 6792841016 1216211 56675  44510
26.753978545 6794085604 1244588 56679  44143
26.765977110 6795324637 1239033 56672  44340
26.777989096 6796539709 1215072 56670  44227
26.789989788 6797756873 1217164 56683  44485
26.801978730 6798969480 1212607 56691  44284
26.813990089 6800232490 1263010 56675  43879
26.825989211 6801443802 1211312 56685  44547
26.837977800 6802656753 1212951 56668  44169
26.849977072 6803867420 1210667 56674  44432
26.861978355 6805104737 1237317 56674  43939
26.873997200 6806331139 1226402 56666  45102
26.885989982 6807539899 1208760 56695  45348
26.897976597 6808748072 1208173 56672  45144
26.909977089 6809954587 1206515 56678  45526
26.921989819 6811208556 1253969 56667  44375
26.933990028 6812414365 1205809 56670  45351
26.945987813 6813618925 1204560 56678  44821
26.957989715 6814821474 1202549 56665  45065
26.969976137 6816071195 1249721 56675  44282
26.981976613 6817274230 1203035 56681  44722
26.993978645 6818474384 1200154 56670  44595
27.005989241 6819678630 1204246 56679  44233
27.017989366 6820921027 1242397 56678  44229
27.029997358 6822122015 1200988 56673  44554
27.041991678 6823320822 1198807 56672  44954
27.053977566 6824519269 1198447 56668  44340
27.065991005 6825761575 1242306 56682  44166
27.077990797 6826955406 1193831 56665  44381
27.089976892 6828154101 1198695 56683  44317
27.101976711 6829381170 1227069 56676  44626
27.113977336 6830586977 1205807 56671  43964
27.125977879 6831776830 1189853 56673  44991
27.137991178 6832965853 1189023 56671  44117
27.149989707 6834201621 1235768 56673  44449
27.161990785 6835386135 1184514 56664  44295
27.173976287 6836575552 1189417 56677  44533
27.185976796 6837758430 1182878 56690  45038
27.197997302 6838986376 1227946 56672  43866
27.209976851 6840168439 1182063 56674  45217
27.221989963 6841348665 1180226 56666  44412
27.233978412 6842574081 1225416 56681  44447
27.245976754 6843750638 1176557 56670  44660
27.257989260 6844928203 1177565 56665  44431
27.269988819 6846103672 1175469 56677  44845
27.281977074 6847322745 1219073 56668  43682
27.293991769 6848496004 1173259 56672  44966
27.305976818 6849668681 1172677 56686  44401
27.317978143 6850884506 1215825 56679  44674
27.329977926 6852053975 1169469 56673  44377
27.341988845 6853224823 1170848 56680  44804
27.353997804 6854391556 1166733 56696  44547
27.365976599 6855602599 1211043 56676  44038
27.377991135 6856765722 1163123 56674  44728
27.389979366 6857932440 1166718 56679  44679
27.401988836 6859140162 1207722 56667  44786
27.413989448 6860302883 1162721 56676  44709
27.425975737 6861464819 1161936 56675  44950
27.437977352 6862665213 1200394 56668  44468
27.449988917 6863828000 1162787 56678  45010
27.461975673 6864984550 1156550 56666  45394
27.473989966 6866186186 1201636 56673  44373
27.485989898 6867341509 1155323 56675  45360
27.497989540 6868493461 1151952 56677  44616
27.509985242 6869691420 1197959 56683  44727
27.521976884 6870842895 1151475 56675  44964
27.533989312 6871995053 1152158 56671  44832
27.545977045 6873172550 1177497 56673  44890
27.557988981 6874333871 1161321 56681  44223
27.569979913 6875481832 1147961 56665  45102
27.581978685 6876631468 1149636 56673  44744
27.593991197 6877814560 1183092 56669  44845
27.605988339 6878960017 1145457 56698  44762
27.617975627 6880127108 1167091 56675  44804
27.629975837 6881284563 1157455 56674  44587
27.641978029 6882428029 1143466 56669  44875
27.653976778 6883608732 1180703 56685  44970
27.665989210 6884745232 1136500 56668  44421
27.677991463 6885881870 1136638 56683  45406
27.689989585 6887058533 1176663 56673  44374
27.701978123 6888193414 1134881 56664  45218
27.713989975 6889325503 1132089 56671  45300
27.725978807 6890499514 1174011 56689  44563
27.737990160 6891629682 1130168 56683  45516
27.749989256 6892761156 1131474 56680  44773
27.761975007 6893931006 1169850 56672  45069
27.773977173 6895058231 1127225 56674  44880
27.785989602 6896184604 1126373 56691  45167
27.797975960 6897350054 1165450 56673  44662
27.809988790 6898477155 1127101 56672  45289
27.821990429 6899602279 1125124 56680  45237
27.833998487 6900765910 1163631 56669  44657
27.845977853 6901885687 1119777 56684  45351
27.857977005 6903047647 1161960 56688  44711
27.869990383 6904165808 1118161 56675  45380
27.881976619 6905285320 1119512 56678  44843
27.893993248 6906444382 1159062 56674  45065
27.905976384 6907560762 1116380 56670  44959
27.917979206 6908680662 1119900 56692  44783
27.929986198 6909831748 1151086 56679  44898
27.941989720 6910948877 1117129 56679  44740
27.953989436 6912089037 1140160 56681  45122
27.965990995 6913210625 1121588 56673  44458
27.977978393 6914320808 1110183 56680  45045
27.989999362 6915470209 1149401 56664  44644
28.001979364 6916578667 1108458 56672  44913
28.013988603 6917687533 1108866 56680  44977
28.025990366 6918832101 1144568 56674  44389
28.037989281 6919934572 1102471 56673  45017
28.049990296 6921062971 1128399 56687  44630
28.061975938 6922181407 1118436 56669  45181
28.073989987 6923282879 1101472 56670  44599
28.085988963 6924421939 1139060 56688  44856
28.097975151 6925519557 1097618 56680  44800
28.109976021 6926621508 1101951 56675  44695
28.121977246 6927754093 1132585 56667  44790
28.133976358 6928851547 1097454 56680  44597
28.145997801 6929983217 1131670 56685  44956
28.157992530 6931077394 1094177 56664  44722
28.169990065 6932171636 1094242 56678  45162
28.181977214 6933300836 1129200 56672  44714
28.193977952 6934393070 1092234 56682  45022
28.205978824 6935519394 1126324 56688  44614
28.217975816 6936607574 1088180 56656  44782
28.229989999 6937694341 1086767 56693  45170
28.241978055 6938818897 1124556 56682  44553
28.253975843 6939905348 1086451 56673  45461
28.265990152 6941027398 1122050 56675  44507
28.277989122 6942111769 1084371 56671  45061
28.289989130 6943193641 1081872 56681  44968
28.301997432 6944313524 1119883 56678  44623
28.313977868 6945394377 1080853 56669  45276
28.325976910 6946510546 1116169 56678  44406
28.337977745 6947589814 1079268 56675  45352
28.349989411 6948676153 1086339 56678  44996
28.361990617 6949779529 1103376 56675  45044
28.373989905 6950855435 1075906 56674  44961
28.385989527 6951965214 1109779 56671  44788
28.397978356 6953037972 1072758 56670  44887
28.409990462 6954150775 1112803 56672  44954
28.421990771 6955220561 1069786 56677  45302
28.433975996 6956291449 1070888 56670  44654
28.445977295 6957395041 1103592 56665  45036
28.457976870 6958463093 1068052 56669  44933
28.469989926 6959566098 1103005 56677  44914
28.481991995 6960633461 1067363 56675  45232
28.493991564 6961736113 1102652 56682  44843
28.505990509 6962799209 1063096 56680  45149
28.517976461 6963864956 1065747 56684  44763
28.529977427 6964960268 1095312 56669  44828
28.541976715 6966025019 1064751 56675  45007
28.553977737 6967119475 1094456 56672  45133
28.565990387 6968179440 1059965 56683  44924
28.577988369 6969276238 1096798 56676  45103
28.589978314 6970331483 1055245 56669  44931
28.601977306 6971392911 1061428 56680  45059
28.613988172 6972480155 1087244 56679  44912
28.625997285 6973536651 1056496 56686  44924
28.637978663 6974623833 1087182 56674  44998
28.649977302 6975677602 1053769 56682  44997
28.661977307 6976764556 1086954 56688  45135
28.673977256 6977815892 1051336 56673  45131
28.685989989 6978903905 1088013 56687  45086
28.697988101 6979951661 1047756 56670  45236
28.709990976 6981027661 1076000 56687  45390
28.721989072 6982082718 1055057 56671  45278
28.733977774 6983130638 1047920 56696  45092
28.745977316 6984210749 1080111 56674  45427
28.757978325 6985255998 1045249 56671  45195
28.769988657 6986333989 1077991 56679  45193
28.781997613 6987379486 1045497 56688  45533
28.793978355 6988455649 1076163 56680  44834
28.805990228 6989497234 1041585 56670  45382
28.817991183 6990574702 1077468 56684  44974
28.829990372 6991614850 1040148 56683  45505
28.841990320 6992690374 1075524 56675  45173
28.853976066 6993726827 1036453 56673  45548
28.865989138 6994764198 1037371 56674  45178
28.877976847 6995832560 1068362 56665  45176
28.889989259 6996866613 1034053 56684  45436
28.901989891 6997932166 1065553 56670  44974
28.913990597 6998963720 1031554 56691  45633
28.925975675 7000025263 1061543 56677  44744
28.937983911 7001054516 1029253 56681  45522
28.949977654 7002113233 1058717 56674  45085
28.961989306 7003140809 1027576 56673  45822
28.973977268 7004197165 1056356 56679  45072
28.985976713 7005224834 1027669 56683  45576
28.997975935 7006278517 1053683 56670  45088
29.009977007 7007304570 1026053 56681  45324
29.021991367 7008354555 1049985 56670  45459
29.033976699 7009377305 1022750 56679  45322
29.045989111 7010427347 1050042 56670  45354
29.057975693 7011446501 1019154 56673  45304
29.069976672 7012494477 1047976 56673  45448
29.081976948 7013509549 1015072 56675  45318
29.093991033 7014556173 1046624 56680  45277
29.105998758 7015569509 1013336 56677  45283
29.117990004 7016616124 1046615 56676  45300
29.129975329 7017627119 1010995 56680  45776
29.141990395 7018669217 1042098 56676  44732
29.153988904 7019678360 1009143 56670  45816
29.165989183 7020716580 1038220 56689  44931
29.177989428 7021723893 1007313 56666  45661
29.189977340 7022761641 1037748 56684  45279
29.201988790 7023768246 1006605 56673  45578
29.213976908 7024802582 1034336 56678  45019
29.225976114 7025807641 1005059 56665  45415
29.237991309 7026840577 1032936 56677  45577
29.249975728 7027843485 1002908 56678  45170
29.261985843 7028874634 1031149 56680  45768
29.273977139 7029874723 1000089 56668  45190
29.285976548 7030902992 1028269 56661  45293
29.297990283 7031901616 998624 56678  45818
29.309977439 7032928668 1027052 56657  45272
29.321975914 7033925494 996826 56680  45648
29.333988867 7034949233 1023739 56668  45213
29.345979779 7035943354 994121 56675  45898
29.357988708 7036965959 1022605 56680  45173
29.369976940 7037958766 992807 56677  46289
29.381988398 7038976583 1017817 56667  45110
29.393977544 7039969001 992418 56662  45882
29.405976667 7040984548 1015547 56675  45565
29.417996712 7041978787 994239 56677  45675
29.429977754 7042990088 1011301 56681  45690
29.441990733 7044006200 1016112 56673  45118
29.453989672 7044987785 981585 56668  45847
29.465976303 7046001994 1014209 56676  45289
29.477977616 7046985583 983589 56667  46100
29.489989625 7047994240 1008657 56685  45033
29.501976610 7048978392 984152 56691  45864
29.513988773 7049984303 1005911 56672  45575
29.525976798 7050966953 982650 56686  45561
29.537989321 7051972908 1005955 56673  45739
29.549977056 7052952060 979152 56700  45361
29.561977598 7053953173 1001113 56672  45665
29.573990184 7054930582 977409 56694  45575
29.585999130 7055933229 1002647 56671  45856
29.597979038 7056934766 1001537 56696  45340
29.609975694 7057909058 974292 56675  45875
29.621976262 7058906491 997433 56683  45634
29.633989402 7059881330 974839 56681  45685
29.645977093 7060879066 997736 56669  45872
29.657978419 7061850232 971166 56698  45548
29.669989888 7062844360 994128 56680  45791
29.681989283 7063813897 969537 56670  45636
29.693989739 7064807358 993461 56690  45879
29.705975781 7065801274 993916 56697  45464
29.717988737 7066767215 965941 56667  46025
29.729975769 7067755176 987961 56668  45867
29.741986324 7068720707 965531 56681  45884
29.753989790 7069707955 987248 56682  46111
29.765987529 7070670760 962805 56696  45731
29.777988258 7071653150 982390 56676  45822
29.789976737 7072638506 985356 56675  45529
29.801976989 7073592748 954242 56671  45991
29.813989887 7074572928 980180 56666  45353
29.825989747 7075530388 957460 56694  46106
29.837976626 7076508263 977875 56670  45794
29.849990691 7077463608 955345 56679  45822
29.861975983 7078439362 975754 56672  45914
29.873976398 7079417369 978007 56689  45511
29.885990491 7080364961 947592 56680  46122
29.897998973 7081338447 973486 56676  45447
29.909990982 7082288038 949591 56712  46393
29.921977057 7083258386 970348 56669  45386
29.933976969 7084211065 952679 56675  46072
29.945988172 7085176983 965918 56676  45953
29.957989491 7086147277 970294 56666  45584
29.969977316 7087091935 944658 56680  46146
29.981979192 7088059194 967259 56669  45594
29.993978070 7089000900 941706 56667  46236
30.005990053 7089967205 966305 56679  45452
30.017977399 7090931448 964243 56673  46352
30.029989211 7091871530 940082 56682  45766
30.041988309 7092833264 961734 56681  45843
30.053984511 7093773419 940155 56691  46404
30.065977367 7094735330 961911 56686  45818
30.077978036 7095694131 958801 56683  45931
30.089990235 7096631186 937055 56684  45877
30.101989584 7097586316 955130 56676  46035
30.113990959 7098535154 948838 56695  45468
30.125976688 7099477095 941941 56673  46274
30.137990067 7100430175 953080 56675  45598
30.149976419 7101361458 931283 56677  46212
30.161989241 7102312837 951379 56675  45815
30.173976950 7103269210 956373 56706  45920
30.185989582 7104193850 924640 56671  46176
30.197975072 7105144440 950590 56664  45786
30.209975694 7106069470 925030 56690  46185
30.221995562 7107017552 948082 56678  45545
30.233991298 7107965840 948288 56686  46241
30.245989966 7108888494 922654 56674  45893
30.257976856 7109831820 943326 56664  46186
30.269976391 7110755373 923553 56695  46164
30.281977677 7111699050 943677 56672  45907
30.293988985 7112639873 940823 56681  45886
30.305978064 7113560491 920618 56668  45773
30.317976216 7114497153 936662 56672  46221
30.329976309 7115438892 941739 56689  45484
30.341988678 7116353313 914421 56667  46502
30.353976376 7117290916 937603 56669  45759
30.365988232 7118206878 915962 56690  46646
30.378003251 7119140306 933428 56670  45818
30.389990203 7120074238 933932 56670  46210
30.401975039 7120987267 913029 56693  46243
30.413978194 7121921311 934044 56672  45899
30.425988906 7122853250 931939 56688  46505
30.437989958 7123765141 911891 56678  45945
30.449988758 7124693319 928178 56674  46314
30.461976490 7125624874 931555 56677  45867
30.473976635 7126531356 906482 56677  46679
30.485990550 7127456768 925412 56669  45727
30.497989016 7128386012 929244 56690  46117
30.509978765 7129286867 900855 56676  46402
30.521988974 7130210083 923216 56665  45855
30.533982593 7131114544 904461 56683  46465
30.545977215 7132034063 919519 56673  45857
30.557976493 7132950628 916565 56672  46338
30.569991136 7133851510 900882 56697  46182
30.581989395 7134769317 917807 56672  47100
30.593979204 7135683534 914217 56662  46850
30.605975502 7136579388 895854 56696  47537
30.617995929 7137492230 912842 56673  46850
30.629988987 7138404290 912060 56668  46799
30.641975459 7139319570 915280 56704  46997
30.653988785 7140209623 890053 56677  46490
30.665989653 7141114013 904390 56674  46847
30.677990786 7142022452 908439 56689  46062
30.689984288 7142908690 886238 56675  46903
30.701990020 7143812706 904016 56678  46263
30.713989259 7144715055 902349 56681  46656
30.725976464 7145599361 884306 56672  46325
30.737974686 7146499972 900611 56678  46612
30.749990519 7147398703 898731 56677  46714
30.761990395 7148281518 882815 56704  46588
30.773988853 7149177679 896161 56672  46575
30.785975919 7150072936 895257 56675  46161
30.797977031 7150970072 897136 56695  46670
30.809988790 7151843026 872954 56674  46109
30.821991996 7152735571 892545 56678  46891
30.833975531 7153625401 889830 56684  46043
30.845976386 7154496751 871350 56681  46742
30.857997399 7155384658 887907 56673  46378
30.869976600 7156271891 887233 56671  46500
30.881975203 7157161488 889597 56703  46602
30.893990535 7158027303 865815 56665  46170
30.905989111 7158907076 879773 56671  46590
30.917978323 7159790103 883027 56680  45898
30.929977368 7160655279 865176 56669  46761
30.941990771 7161535033 879754 56675  46078
30.953976380 7162413027 877994 56672  46554
30.965989816 7163287135 874108 56712  46131
30.977975994 7164154336 867201 56662  46385
30.989975589 7165030499 876163 56669  46558
31.001989775 7165905819 875320 56662  46125
31.013997772 7166764261 858442 56685  46528
31.025990670 7167635624 871363 56667  45851
31.037980035 7168504879 869255 56668  46462
31.049989488 7169377496 872617 56685  45867
31.061977953 7170229526 852030 56681  46708
31.073991062 7171094610 865084 56672  45945
31.085976917 7171961303 866693 56671  46507
31.097988193 7172812584 851281 56685  46414
31.109976832 7173677914 865330 56664  46424
31.121988361 7174540838 862924 56678  46448
31.133976466 7175403091 862253 56673  46000
31.145988039 7176250261 847170 56686  46935
31.157976047 7177111446 861185 56672  46046
31.169996613 7177968285 856839 56679  46564
31.181977085 7178826800 858515 56683  46132
31.193991181 7179669431 842631 56690  46915
31.205977409 7180523997 854566 56671  46054
31.217988379 7181379417 855420 56670  46608
31.229990607 7182235246 855829 56698  46576
31.241977076 7183073023 837777 56679  46459
31.253989878 7183923589 850566 56671  46414
31.265976693 7184774927 851338 56660  46240
31.277977452 7185626648 851721 56692  46712
31.289975672 7186461417 834769 56673  46273
31.301989170 7187308328 846911 56665  46687
31.313976292 7188153683 845355 56669  46128
31.325985205 7189002959 849276 56677  46842
31.337977577 7189832468 829509 56664  46356
31.349989349 7190676639 844171 56669  46680
31.361989381 7191519228 842589 56678  46549
31.373988931 7192364656 845428 56706  46447
31.385989060 7193192068 827412 56677  46692
31.397977888 7194033325 841257 56674  46356
31.409977020 7194871652 838327 56665  46746
31.421976202 7195711121 839469 56682  45998
31.433989252 7196536100 824979 56690  47142
31.445989724 7197372176 836076 56667  46266
31.457990563 7198203822 831646 56664  46714
31.469976805 7199036767 832945 56682  46445
31.481988960 7199855871 819104 56705  46747
31.493997646 7200685586 829715 56679  46514
31.505971451 7201516638 831052 56678  46474
31.517977927 7202345266 828628 56672  46912
31.529989519 7203172158 826892 56694  46342
31.541977434 7203987122 814964 56682  46935
31.553976970 7204812995 825873 56677  46369
31.565990009 7205637625 824630 56668  46964
31.577990735 7206463557 825932 56692  46606
31.589989963 7207270814 807257 56662  46942
31.601976969 7208091541 820727 56679  46778
31.613976814 7208912426 820885 56665  46676
31.625975259 7209732726 820300 56675  46762
31.637987939 7210543267 810541 56693  46665
31.649985001 7211357007 813740 56678  46869
31.661978083 7212171559 814552 56663  46337
31.673976765 7212984817 813258 56667  46798
31.685989658 7213802660 817843 56691  46560
31.697987640 7214602338 799678 56667  47284
31.709993036 7215413097 810759 56671  46590
31.721976331 7216223518 810421 56667  46878
31.733989490 7217034442 810924 56680  46940
31.745988786 7217835302 800860 56679  46786
31.757978064 7218643119 807817 56672  46804
31.769989483 7219451246 808127 56675  46510
31.781990616 7220256345 805099 56669  47008
31.793990581 7221063004 806659 56697  46363
31.805985063 7221858691 795687 56701  47123
31.817991102 7222661640 802949 56667  46543
31.829990054 7223464648 803008 56684  47159
31.841990560 7224265916 801268 56664  46471
31.853975808 7225067597 801681 56674  46883
31.865989601 7225859803 792206 56695  47204
31.877976533 7226656685 796882 56666  46672
31.889977162 7227450906 794221 56667  46626
31.901989821 7228246521 795615 56675  46546
31.913987427 7229040790 794269 56678  47060
31.925989915 7229834417 793627 56696  46442
31.937975904 7230618282 783865 56668  46978
31.949976629 7231408915 790633 56681  46617
31.961985449 7232199172 790257 56669  46988
31.973989461 7232988732 789560 56671  46544
31.985974676 7233782015 793283 56697  46876
31.997977155 7234558921 776906 56668  47181
32.009978310 7235347111 788190 56669  46686
32.021989210 7236134082 786971 56671  46861
32.033977132 7236920432 786350 56666  46598
32.045989911 7237704842 784410 56661  47153
32.057988546 7238491912 787070 56680  46449
32.069975761 7239263090 771178 56679  47104
32.081976418 7240045257 782167 56666  46688
32.093978333 7240827585 782328 56664  47246
32.105988252 7241605498 777913 56666  46377
32.117989547 7242387328 781830 56680  46856
32.129995427 7243157334 770006 56690  47197
32.141976772 7243935963 778629 56667  46713
32.153990261 7244712396 776433 56671  46736
32.165978293 7245488433 776037 56674  46776
32.177990152 7246261142 772709 56674  47061
32.189976971 7247036923 775781 56684  46425
32.201976993 7247812907 775984 56709  47176
32.213990672 7248576352 763445 56675  46731
32.225976064 7249349202 772850 56670  47205
32.237987533 7250119158 769956 56672  46534
32.249989769 7250889388 770230 56667  46841
32.261988924 7251563251 673863 51946  43026
32.272977035 7252150359 587108 56671  47653
32.284984754 7252728636 578277 56678  40287
32.296990606 7253303219 574583 56671  38109
32.308976682 7253985396 682177 56662  49063
32.320989618 7254572372 586976 56664  40519
32.332989640 7255151202 578830 56669  38585
32.344990985 7255842809 691607 56692  49204
32.356976417 7256436074 593265 56679  39906
32.368989379 7257014073 577999 56670  38203
32.380987968 7257695513 681440 56673  49621
32.392989808 7258293901 598388 56663  40048
32.404976923 7258868331 574430 56666  38163
32.416978065 7259537060 668729 56660  49907
32.428976424 7260136471 599411 56686  39821
32.440998597 7260715006 578535 56667  38788
32.452991762 7261362332 647326 56673  50075
32.464986087 7261991032 628700 56689  39645
32.476990009 7262657713 666681 56685  49553
32.488977201 7263222140 564427 56659  39692
32.500978648 7263818826 596686 51941  40031
32.511977045 7264428023 609197 56656  45751
32.523989275 7265000683 572660 56668  38867
32.535976149 7265609946 609263 51943  42795
32.546976901 7266194315 584369 56671  42350
32.558975953 7266772633 578318 56667  38795
32.570989299 7267434803 662170 56666  47562
32.582989598 7268012531 577728 56669  41551
32.594997066 7268591536 579005 56666  39183
32.606978225 7269236991 645455 56659  48405
32.618977287 7269812586 575595 56691  41030
32.630987903 7270389046 576460 56666  38812
32.642976262 7271039370 650324 56681  49411
32.654979094 7271612799 573429 56656  40292
32.666989090 7272185793 572994 56676  38955
32.678988439 7272843912 658119 56664  50027
32.690978574 7273472968 629056 56664  40444
32.702977186 7274107617 634649 56670  50208
32.714977252 7274752180 644563 56670  40788
32.726988775 7275387203 635023 56663  49980
32.738978373 7275981676 594473 56687  40273
32.750977039 7276647800 666124 56673  49781
32.762999531 7277214682 566882 56669  40886
32.774989513 7277830882 616200 51947  44717
32.785989534 7278406659 575777 56655  41927
32.797977926 7279013445 606786 51956  44162
32.808989455 7279592119 578674 56663  42692
32.820978520 7280166596 574477 51942  40870
32.831976311 7280772719 606123 56667  45567
32.843990857 7281370893 598174 56679  40856
32.855977256 7282000660 629767 56703  49948
32.867989861 7282609548 608888 56665  41285
32.879989056 7283244641 635093 56673  49883
32.891977015 7283852718 608077 56672  41340
32.903977148 7284487805 635087 56673  50051
32.915984563 7285060031 572226 56670  40484
32.927989965 7285701780 641749 56670  50113
32.939977154 7286273149 571369 56676  40562
32.951976893 7286961975 688826 56657  49954
32.963988779 7287545502 583527 56674  41580
32.975988941 7288170769 625267 56682  47772
32.987990546 7288754242 583473 56676  43278
32.999988542 7289332286 578044 56661  40351
33.011976038 7289965184 632898 56676  50110
33.023988060 7290603301 638117 56693  40985
33.035977242 7291237402 634101 56676  49856
33.047976264 7291781561 544159 51944  39174
33.058976002 7292407263 625702 56675  48612
33.070996614 7292947788 540525 51937  40318
33.081990246 7293561677 613889 56673  47226
33.093976875 7294096470 534793 51952  38591
33.104975649 7294721684 625214 56667  48984
33.116975761 7295254435 532751 51944  37640
33.127976296 7295885874 631439 56689  50008
33.139978982 7296444096 558222 51949  39478
33.150990259 7297066453 622357 56663  48474
33.162977468 7297650078 583625 51942  43037
33.173988123 7298243178 593100 56681  44731
33.185989042 7298909069 665891 56676  49813
33.197977037 7299483151 574082 56663  42452
33.209976296 7300117995 634844 56661  50285
33.221976851 7300695841 577846 56661  41791
33.233984657 7301320520 624679 56698  48392
33.245979626 7301902232 581712 56670  42746
33.257977478 7302518050 615818 51949  45421
33.268990513 7303090675 572625 56669  42049
33.280977765 7303665733 575058 51955  44434
33.291976686 7304244798 579065 56678  43039
33.303982162 7304795268 550470 51946  41391
33.314989717 7305403460 608192 56670  45615
33.326976576 7306112220 708760 56676  49591
33.338978584 7306718555 606335 56670  42265
33.350989256 7307347846 629291 56695  50328
33.362987602 7308082454 734608 56715  49327
33.374988365 7308665433 582979 56668  44139
33.386999317 7309299623 634190 56668  50183
33.398990189 7309827043 527420 51946  40124
33.409976914 7310456103 629060 56663  49743
33.421990372 7311087854 631751 56698  50363
33.433988861 7311664678 576824 56657  43357
33.445977723 7312299428 634750 56662  50248
33.457989253 7312874180 574752 56697  42553
33.469990531 7313506132 631952 56686  50384
33.481988997 7314082699 576567 56661  42355
33.493976482 7314717490 634791 56664  50147
33.505975784 7315291483 573993 56689  42014
33.517988944 7315924370 632887 56676  49877
33.529987986 7316500106 575736 56662  41892
33.541985714 7317142955 642849 56668  48583
33.553977630 7317718836 575881 56686  42175
33.565989283 7318264850 546014 51956  39067
33.576991237 7318885082 620232 56675  47727
33.588976145 7319491975 606893 56663  40942
33.600989081 7320126147 634172 56666  50155
33.612988900 7320729558 603411 56675  40219
33.624977992 7321375584 646026 56678  50371
33.636976158 7321961535 585951 56662  40874
33.648988726 7322618074 656539 56669  50097
33.660990093 7323189485 571411 56703  41024
33.672976671 7323782496 593011 51965  43628
33.683989969 7324367005 584509 56661  43259
33.695996695 7324964234 597229 56663  40530
33.707978800 7325597717 633483 56663  49937
33.719976346 7326201032 603315 56674  40622
33.731977481 7326847079 646047 56665  50025
33.743988480 7327443470 596391 56670  40799
33.755991396 7328095005 651535 56678  48381
33.767978288 7328671222 576217 56693  41763
33.779991307 7329257544 586322 56675  40541
33.791988022 7329902995 645451 56669  49982
33.803976405 7330500118 597123 56664  39826
33.815995230 7331070381 570263 56668  38964
33.827990892 7331747090 676709 56675  49614
33.839977521 7332355649 608559 56668  40176
33.851977487 7332931402 575753 56662  38217
33.863997566 7333619327 687925 56692  49443
33.875979615 7334221240 601913 56667  40278
33.887988077 7334796618 575378 56665  37258
33.899977570 7335474053 677435 56660  49679
33.911989685 7336080770 606717 56666  40658
33.923988524 7336651262 570492 56660  37410
33.935977186 7337348929 697667 56670  49578
33.947977945 7337956747 607818 56671  40637
33.959987924 7338531950 575203 56666  36643
33.971976773 7339240600 708650 56665  49731
33.983975608 7339853936 613336 56699  40553
33.995978010 7340487538 633602 56668  50022
34.007987356 7341127139 639601 56668  51195
34.019998228 7341762493 635354 56669  50250
34.031977690 7342401695 639202 56672  50589
34.043976306 7342963559 561864 56665  46788
34.055977081 7343598684 635125 56663  50356
34.067989967 7344171541 572857 56669  45133
34.079980683 7344803215 631674 56681  49550
34.091975858 7345444336 641121 56689  50773
34.103989438 7346079285 634949 56668  49528
34.115988943 7346714140 634855 56669  50079
34.127989142 7347357799 643659 56676  49010
34.139975880 7347987371 629572 56690  49656
34.151987432 7348631001 643630 56667  48900
34.163988535 7349266034 635033 56663  49471
34.175989307 7349908605 642571 56666  48811
34.187976809 7350541920 633315 56669  49087
34.199987628 7351180124 638204 56689  48988
34.211977607 7351815304 635180 56662  48944
34.223987840 7352451142 635838 56661  48827
34.235975718 7353086486 635344 56667  48674
34.247987404 7353692842 606356 56686  47317
34.259989243 7354411666 718824 56690  45600
34.271976282 7355119187 707521 56678  46755
34.283977957 7355650095 530908 56676  49960
34.295978853 7356046050 395955 56682  52204
34.307991835 7356382535 336485 56684  47863
34.319979774 7356738169 355634 56710  45483
34.331999360 7357245535 507366 56686  39825
34.343992365 7357849507 603972 34573  20432
34.355997134 7358587767 738260 33936  31789
34.367981280 7359325952 738185 33923  31864
34.379979135 7360063822 737870 33911  31935
34.391979234 7360672437 608615 47889  34598
34.403994289 7361604224 931787 56696  46651
34.415980829 7373540851 11936627 49558  46933
34.439269603 7386818270 13277419 691  62
34.455265146 7392174505 5356235 50866  5892
34.466996671 7394182139 2007634 56641  4829
34.478992370 7395554548 1372409 56665  4708
34.490979448 7396623141 1068593 56680  6216
34.502998180 7397610751 987610 56674  7906
34.514988817 7398477270 866519 56674  6923
34.526976855 7399249441 772171 56680  5256
34.538976411 7399957584 708143 56679  5500
34.550988856 7400634729 677145 56672  5613
34.562988838 7401278018 643289 56675  5320
34.574971621 7401919293 641275 56682  5343
34.586976133 7402543339 624046 56679  5210
34.598988532 7403165484 622145 56680  5242
34.610986694 7403758036 592552 56700  4963
34.622974316 7404343838 585802 56693  4973
34.634975042 7404912627 568789 56691  4827
34.646975537 7405477845 565218 56684  4836
34.658987266 7406031715 553870 56707  4731
34.670983689 7406577329 545614 56675  4644
34.682976061 7407122609 545280 56688  4688
34.694988886 7407665892 543283 56701  4689
34.706988522 7408207040 541148 56702  4694
34.718975487 7408748193 541153 56685  4694
34.730975436 7409285599 537406 56700  4683
34.742975372 7409814139 528540 56694  4587
34.754987817 7410343519 529380 56683  4620
34.766975216 7410871087 527568 56703  4616
34.778975071 7411403168 532081 56696  4692
34.790987668 7411934573 531405 56664  4686
34.802987626 7412464703 530130 56684  4678
34.814987592 7413005743 541040 56690  4843
34.826983637 7413535596 529853 56685  4685
34.838989317 7414082956 547360 56685  4926
34.850987125 7414627921 544965 56690  4909
34.862976257 7415170117 542196 56698  4866
34.874974919 7415718749 548632 56693  4954
34.886988499 7416270841 552092 56681  5011
34.898988138 7416830465 559624 56699  5117
34.910987990 7417385877 555412 56691  5080
34.922974948 7417938766 552889 56698  5038
34.934976328 7418506943 568177 56685  5255
34.946987943 7419062668 555725 56685  5078
34.958975285 7419635136 572468 56719  5331
34.970976784 7420210998 575862 56693  5386
34.982990154 7420787223 576225 56700  5375
34.994988469 7421366891 579668 56691  5428
35.006977058 7421947312 580421 56697  5437
35.018977356 7422526950 579638 56680  5418
35.030987329 7423108573 581623 56707  5467
35.042989795 7423690763 582190 56696  5472
35.054976110 7424285138 594375 56689  5630
35.066976339 7424867826 582688 56686  5475
35.078971594 7425460653 592827 56703  5614
35.090990320 7426052808 592155 56698  5607
35.102987316 7426652977 600169 56705  5717
35.114976774 7427242633 589656 56695  5571
35.126987061 7427844929 602296 56684  5740
35.138989416 7428447440 602511 56689  5754
35.150998035 7429051301 603861 56708  5760
35.162976860 7429654077 602776 56686  5758
35.174987746 7430256551 602474 56704  5753
35.186988652 7430863274 606723 56702  5812
35.198976917 7431473514 610240 56686  5857
35.210976819 7432082709 609195 56673  5878
35.222988472 7432691400 608691 56701  5863
35.234988721 7433301095 609695 56697  5849
35.246987913 7433912605 611510 56683  5877
35.258975451 7434531916 619311 56705  5983
35.270976610 7435142501 610585 56703  5860
35.282987776 7435758976 616475 56682  5967
35.294974968 7436374347 615371 56673  5940
35.306985484 7436989884 615537 56693  5936
35.318976826 7437610548 620664 56703  6011
35.330987969 7438235841 625293 56696  6066
35.342988897 7438849173 613332 56694  5911
35.354975739 7439475652 626479 56685  6099
35.366975718 7440102040 626388 56682  6078
35.378975491 7440717619 615579 56693  5933
35.390991190 7441340951 623332 56700  6051
35.402975182 7441965962 625011 56693  6070
35.414988771 7442590831 624869 56685  6080
35.426977760 7443217135 626304 56690  6104
35.438988879 7443843951 626816 56701  6096
35.450987824 7444471739 627788 56688  6108
35.463002270 7445099532 627793 56700  6130
35.474981719 7445726948 627416 56680  6103
35.486988604 7446354540 627592 56700  6117
35.498976350 7446982444 627904 56671  6117
35.510975918 7447609810 627366 56697  6117
35.522988985 7448239519 629709 56681  6169
35.534989643 7448875309 635790 56682  6225
35.546989952 7449502032 626723 56684  6096
35.558975707 7450129832 627800 56681  6118
35.570987130 7450767006 637174 56696  6245
35.582975256 7451396686 629680 56692  6129
35.594988331 7452024910 628224 56685  6135
35.606975693 7452663994 639084 56692  6289
35.618984949 7453292942 628948 56693  6130
35.630990781 7453932868 639926 56686  6282
35.642988410 7454560762 627894 56683  6123
35.654976265 7455198822 638060 56689  6268
35.666988548 7455825632 626810 56688  6107
35.678991724 7456463427 637795 56682  6291
35.690978862 7457092184 628757 56686  6134
35.702977194 7457727057 634873 56687  6221
35.714989864 7458364470 637413 56688  6265
35.726987879 7458995978 631508 56694  6170
35.738977105 7459628835 632857 56695  6190
35.750988713 7460266848 638013 56683  6251
35.762988126 7460905253 638405 56703  6252
35.774976462 7461543063 637810 56676  6272
35.786984047 7462171114 628051 56677  6126
35.798988572 7462807620 636506 56710  6244
35.810976834 7463443567 635947 56688  6243
35.822976837 7464079861 636294 56681  6233
35.834976783 7464716300 636439 56710  6229
35.846976711 7465352108 635808 56677  6230
35.858975900 7465988988 636880 56687  6252
35.870989280 7466625301 636313 56707  6236
35.882988338 7467261558 636257 56675  6235
35.894975117 7467898384 636826 56687  6246
35.906976056 7468535563 637179 56686  6263
35.918976118 7469171817 636254 56690  6265
35.930976234 7469808016 636199 56704  6243
35.942985006 7470446805 638789 56700  6290
35.954977591 7471092795 645990 56672  6373
35.966975467 7471728652 635857 56697  6231
35.978991266 7472363755 635103 56685  6233
35.990977548 7472999120 635365 56706  6227
36.002988644 7473636257 637137 56719  6261
36.014988980 7474280847 644590 56690  6356
36.026990665 7474917266 636419 56682  6234
36.038989044 7475552929 635663 56681  6231
36.050977029 7476199998 647069 56704  6377
36.062989406 7476835566 635568 56676  6220
36.074988788 7477472640 637074 56676  6258
36.086988536 7478120551 647911 56692  6415
36.098996156 7478757422 636871 56684  6246
36.110989985 7479405456 648034 56683  6403
36.122987830 7480041358 635902 56687  6234
36.134988602 7480682168 640810 56691  6305
36.146973945 7481323998 641830 56669  6319
36.158987800 7481964926 640928 56714  6297
36.170969449 7482607773 642847 56694  6327
36.182976014 7483252316 644543 56691  6360
36.194976347 7483891335 639019 56694  6305
36.206987909 7484538019 646684 56672  6386
36.218977308 7485174231 636212 56693  6479
36.230976067 7485821974 647743 56695  6426
36.242976119 7486466298 644324 56710  6362
36.254985375 7487105666 639368 56693  6318
36.266976917 7487753274 647608 56689  6576
36.278977292 7488399123 645849 56688  6371
36.290991629 7489037790 638667 56703  6319
36.302977331 7489684774 646984 56700  6427
36.314989613 7490331201 646427 56689  6400
36.326987715 7490968507 637306 56694  6281
36.338988734 7491612088 643581 56683  6363
36.350976593 7492257996 645908 56706  6418
36.362989168 7492904488 646492 56707  6435
36.374989874 7493550859 646371 56691  6400
36.386975096 7494190443 639584 56703  6312
36.398988822 7494832216 641773 56706  6325
36.410976064 7495478628 646412 56686  6388
36.422996666 7496125076 646448 56693  6408
36.434978065 7496771176 646100 56678  6403
36.446987424 7497416739 645563 56680  6394
36.458977363 7498062754 646015 56707  6463
36.470987512 7498709084 646330 56706  6402
36.482976808 7499355029 645945 56683  6382
36.494976977 7500000179 645150 56670  6374
36.506977112 7500644755 644576 56678  6450
36.518976737 7501289383 644628 56684  6366
36.530975890 7501934329 644946 56700  6362
36.542976522 7502578147 643818 56690  6380
36.554990528 7503221482 643335 56687  6371
36.566976333 7503866283 644801 56684  6363
36.578997273 7504510949 644666 56697  6371
36.590977865 7505155236 644287 56692  6350
36.602992500 7505799811 644575 56683  6363
36.614977472 7506444263 644452 56681  6380
36.626988858 7507091254 646991 56694  6402
36.638976037 7507746112 654858 56711  6522
36.650987169 7508390890 644778 56688  6379
36.662988558 7509035850 644960 56670  6381
36.674988070 7509680777 644927 56686  6375
36.686989246 7510324963 644186 56711  6443
36.698987898 7510979308 654345 56705  6522
36.710989020 7511624379 645071 56668  6361
36.722976669 7512268360 643981 56686  6360
36.734998915 7512912281 643921 56688  6381
36.746989544 7513565826 653545 56696  6489
36.758988123 7514209851 644025 56699  6352
36.770977469 7514853495 643644 56701  6370
36.782987631 7515498149 644654 56709  6369
36.794989356 7516151590 653441 56687  6491
36.806988291 7516795584 643994 56700  6353
36.818976228 7517441015 645431 56686  6383
36.830976350 7518095777 654762 56704  6508
36.842976132 7518739610 643833 56687  6348
36.854976647 7519393062 653452 56684  6560
36.866976216 7520037653 644591 56685  6406
36.878978029 7520682225 644572 56697  6392
36.891000072 7521337663 655438 56691  6538
36.902978869 7521980263 642600 56680  6347
36.914976915 7522634325 654062 56702  6489
36.926977138 7523276001 641676 56695  6336
36.938978010 7523930385 654384 56695  6623
36.950976942 7524572986 642601 56698  6352
36.962975518 7525224290 651304 56699  6449
36.974977030 7525869078 644788 56699  6390
36.986976622 7526522134 653056 56686  6484
36.998987932 7527165259 643125 56693  6358
37.010975674 7527819304 654045 56686  6520
37.022975292 7528462338 643034 56683  6377
37.034975574 7529116748 654410 56679  6520
37.046977084 7529759169 642421 56696  6358
37.058997183 7530413297 654128 56696  6528
37.070977708 7531056282 642985 56704  6355
37.082976523 7531708661 652379 56703  6500
37.094978213 7532361936 653275 56702  6508
37.106989652 7533003159 641223 56689  6385
37.118978324 7533656767 653608 56706  6571
37.130976029 7534308237 651470 56697  6547
37.142976612 7534950003 641766 56697  6333
37.154989244 7535602041 652038 56694  6476
37.166988079 7536251126 649085 56703  6508
37.178988352 7536894130 643004 56699  6352
37.190990384 7537545911 651781 56687  6473
37.202989586 7538197515 651604 56695  6483
37.214999259 7538836782 639267 56676  6335
37.226976820 7539489400 652618 56702  6509
37.238989050 7540141666 652266 56698  6516
37.250988149 7540787287 645621 56695  6408
37.262988491 7541432315 645028 56687  6394
37.274978190 7542084133 651818 56692  6520
37.286988652 7542735543 651410 56674  6490
37.298987668 7543387346 651803 56685  6487
37.310976250 7544026702 639356 56696  6329
37.322976699 7544678193 651491 56703  6540
37.334975355 7545329157 650964 56705  6476
37.346976430 7545980287 651130 56677  6474
37.358975389 7546631447 651160 56698  6456
37.371000288 7547271306 639859 56690  6355
37.382979200 7547920556 649250 56699  6506
37.394975116 7548570660 650104 56685  6507
37.406976554 7549221053 650393 56696  6453
37.418987954 7549870880 649827 56703  6500
37.430977676 7550520192 649312 56692  6446
37.442975911 7551169147 648955 56687  6435
37.454989631 7551814345 645198 56695  6431
37.466987470 7552454671 640326 56692  6421
37.478976162 7553101142 646471 56685  6471
37.490991297 7553748939 647797 56694  6437
37.502989803 7554396023 647084 56673  6425
37.514987935 7555043005 646982 56676  6400
37.526985491 7555690439 647434 56690  6448
37.538976449 7556337776 647337 56691  6420
37.550988422 7556984334 646558 56701  6399
37.562988774 7557630261 645927 56663  6370
37.574988116 7558276374 646113 56693  6471
37.586976308 7558922067 645693 56701  6410
37.598987981 7559567228 645161 56692  6401
37.610989387 7560212759 645531 56692  6472
37.622975895 7560858258 645499 56679  6384
37.634976047 7561503261 645003 56684  6398
37.646988280 7562148412 645151 56689  6374
37.658977302 7562792869 644457 56699  6363
37.670975518 7563438248 645379 56703  6363
37.682975933 7564083600 645352 56713  6439
37.694996379 7564728569 644969 56694  6462
37.706989318 7565373362 644793 56690  6379
37.718977757 7566017302 643940 56677  6400
37.730977922 7566665398 648096 56690  6454
37.742976307 7567319032 653634 56674  6508
37.754987690 7567962158 643126 56695  6447
37.766975939 7568605109 642951 56715  6381
37.778977384 7569248090 642981 56695  6340
37.790989777 7569890610 642520 56692  6357
37.802988036 7570532939 642329 56694  6428
37.814987525 7571175053 642114 56687  6353
37.826989841 7571818378 643325 56712  6438
37.838989360 7572472767 654389 56707  6508
37.850996702 7573114753 641986 56699  6372
37.862977360 7573756324 641571 56689  6417
37.874976960 7574397332 641008 56685  6355
37.886989812 7575038177 640845 56691  6308
37.898989634 7575685753 647576 56701  6419
37.910990474 7576334127 648374 56701  6468
37.922976892 7576974381 640254 56702  6378
37.934989998 7577614672 640291 56710  6326
37.946988933 7578254979 640307 56709  6342
37.958975985 7578909720 654741 56684  6529
37.970975667 7579549735 640015 56708  6371
37.982987767 7580189227 639492 56710  6293
37.994989649 7580828370 639143 56686  6310
38.006984491 7581482141 653771 56712  6522
38.018976330 7582121176 639035 56686  6317
38.030989076 7582760025 638849 56692  6316
38.042989818 7583399053 639028 56696  6297
38.054976390 7584052303 653250 56683  6636
38.066978856 7584690075 637772 56682  6405
38.078977028 7585328188 638113 56678  6306
38.090977520 7585981564 653376 56698  6496
38.102976230 7586620765 639201 56717  6319
38.114975878 7587258323 637558 56687  6535
38.126975537 7587908243 649920 56694  6460
38.138988493 7588548117 639874 56694  6303
38.150975472 7589185262 637145 56683  6296
38.162997754 7589837279 652017 56693  6500
38.174990410 7590476256 638977 56685  6315
38.186988509 7591114101 637845 56673  6336
38.198977534 7591766874 652773 56692  6559
38.210990133 7592404478 637604 56700  6393
38.222976108 7593042259 637781 56703  6307
38.234976048 7593694474 652215 56686  6523
38.246988703 7594331064 636590 56682  6366
38.258976279 7594983166 652102 56693  6509
38.270988074 7595620205 637039 56696  6346
38.282976900 7596257144 636939 56695  6292
38.294988852 7596908379 651235 56678  6479
38.306988118 7597544216 635837 56695  6313
38.318975791 7598195679 651463 56696  6606
38.330985956 7598831021 635342 56699  6282
38.342976635 7599482014 650993 56684  6769
38.354975460 7600118292 636278 56696  6337
38.366978606 7600759635 641343 56702  6391
38.378976455 7601405245 645610 56707  6419
38.390990494 7602041182 635937 56713  6297
38.402989347 7602691661 650479 56698  6594
38.414977238 7603327024 635363 56693  6365
38.426975651 7603977480 650456 56689  6480
38.438975273 7604612224 634744 56698  6339
38.450988399 7605263583 651359 56698  6573
38.462977921 7605898885 635302 56699  6349
38.474977960 7606549103 650218 56700  6508
38.486986665 7607183574 634471 56703  6307
38.498990538 7607833463 649889 56698  6470
38.510987910 7608470452 636989 56691  6305
38.522988629 7609117312 646860 56690  6460
38.534989435 7609764269 646957 56703  6436
38.546988914 7610402489 638220 56703  6337
38.558976439 7611053061 650572 56700  6465
38.570988768 7611687342 634281 56693  6281
38.582988281 7612337371 650029 56685  6478
38.594976079 7612971574 634203 56673  6265
38.606988231 7613622060 650486 56693  6484
38.618975740 7614268242 646182 56689  6408
38.630988746 7614908356 640114 56684  6327
38.642997492 7615559262 650906 56698  6483
38.654976994 7616195333 636071 56698  6358
38.666976389 7616846867 651534 56702  6485
38.678974988 7617497820 650953 56702  6488
38.690976841 7618132407 634587 56684  6334
38.702976829 7618783232 650825 56681  6499
38.714976648 7619421685 638453 56680  6327
38.726989991 7620070234 648549 56693  6524
38.738987850 7620721174 650940 56691  6490
38.750978355 7621356632 635458 56695  6307
38.762988388 7622006620 649988 56686  6467
38.774976050 7622657161 650541 56690  6548
38.786989412 7623292651 635490 56690  6265
38.798988551 7623942620 649969 56677  6505
38.810996960 7624593167 650547 56695  6491
38.822976809 7625228981 635814 56701  6275
38.834976204 7625878138 649157 56696  6484
38.846990007 7626528311 650173 56688  6477
38.858988156 7627173802 645491 56696  6466
38.870989448 7627812504 638702 56707  6346
38.882989204 7628462453 649949 56699  6478
38.894989566 7629112275 649822 56679  6643
38.906990948 7629746633 634358 56691  6505
38.918976304 7630397052 650419 56697  6513
38.930976686 7631047798 650746 56705  6480
38.942976499 7631697534 649736 56699  6467
38.954975867 7632331188 633654 56680  6262
38.966996923 7632980937 649749 56698  6513
38.978976591 7633630510 649573 56685  6506
38.990989228 7634280096 649586 56689  6621
39.002991430 7634913669 633573 56690  6228
39.014975988 7635563028 649359 56685  6462
39.026977181 7636212997 649969 56687  6527
39.038975953 7636863042 650045 56695  6469
39.050976649 7637502988 639946 56698  6500
39.062976234 7638146385 643397 56695  6442
39.074975546 7638795917 649532 56696  6472
39.086988429 7639445315 649398 56686  6464
39.098988471 7640094769 649454 56692  6485
39.110989521 7640734414 639645 56703  6338
39.122996666 7641377965 643551 56714  6410
39.134977635 7642027229 649264 56698  6458
39.146995154 7642675965 648736 56695  6490
39.158977943 7643324328 648363 56687  6562
39.170976812 7643972498 648170 56703  6510
39.182990024 7644607462 634964 56705  6266
39.194976540 7645253725 646263 56694  6486
39.206989492 7645902444 648719 56697  6580
39.218989997 7646550569 648125 56675  6920
39.230989030 7647199756 649187 56694  6470
39.242988679 7647848502 648746 56691  6449
39.254976641 7648497430 648928 56678  6474
39.266975550 7649134711 637281 56688  6289
39.278995833 7649778300 643589 56695  6471
39.290977831 7650427064 648764 56679  6519
39.302989877 7651062152 635088 56705  4270
39.314976792 7651656198 594046 56686  134
39.326987441 7652265381 609183 56693  129
39.338988844 7652859982 594601 56698  164
39.350976216 7653459389 599407 56694  165
39.362976344 7654063864 604475 56692  151
39.374976704 7654658650 594786 56702  143
39.386975603 7655267071 608421 56684  363
39.398975658 7655861241 594170 56683  119
39.410988194 7656465706 604465 56675  116
39.422987220 7657064985 599279 56687  71
39.434974958 7657660323 595338 56697  79
39.446996458 7658269782 609459 56692  70
39.458988850 7658864169 594387 56692  119
39.470976589 7659474334 610165 56685  151
39.482976954 7660069464 595130 56682  153
39.494975936 7660679687 610223 56692  188
39.506988859 7661274646 594959 56681  88
39.518974378 7661883781 609135 56691  126
39.530988343 7662478589 594808 56698  90
39.542989119 7663083962 605373 56682  106
39.554987978 7663682814 598852 56689  97
39.566987860 7664286130 603316 56689  88
39.578975175 7664886706 600576 56688  115
39.590978245 7665490791 604085 56687  144
39.602984110 7666090765 599974 56696  117
39.614989863 7666697830 607065 56681  211
39.626976995 7667294128 596298 56685  75
39.638990187 7667903181 609053 56692  80
39.650988709 7668497489 594308 56689  95
39.662989562 7669107040 609551 56687  118
39.674976110 7669700964 593924 56680  118
39.686988913 7670309917 608953 56690  75
39.698975662 7670903326 593409 56689  98
39.710976020 7671512232 608906 56689  76
39.722975810 7672107970 595738 56684  104
39.734975162 7672714814 606844 56686  77
39.746990011 7673323499 608685 56685  105
39.759001767 7673918666 595167 56680  132
39.770993652 7674528555 609889 56688  75
39.782975101 7675123546 594991 56679  124
39.794988827 7675733104 609558 56693  128
39.806975683 7676341194 608090 56681  74
39.818987448 7676937234 596040 56686  88
39.830974957 7677546988 609754 56689  56
39.842987710 7678141695 594707 56680  111
39.854975542 7678751077 609382 56687  83
39.866988034 7679360295 609218 56694  94
39.878987633 7679954699 594404 56705  112
39.890977821 7680563383 608684 56686  124
39.902988187 7681170967 607584 56688  81
39.914985919 7681766162 595195 56703  68
39.926977308 7682375412 609250 56701  129
39.938988204 7682977764 602352 56691  130
39.950988460 7683577271 599507 56682  107
39.962976585 7684184872 607601 56684  87
39.974976941 7684787519 602647 56676  174
39.986990383 7685385756 598237 56687  86
39.998989889 7685994033 608277 56682  147
40.010976935 7686601573 607540 56677  115
40.022975154 7687194773 593200 56686  140
40.034976556 7687802113 607340 56706  94
40.046975604 7688410183 608070 56689  88
40.058976867 7689003372 593189 56700  218
40.070974733 7689611469 608097 56709  154
40.082999869 7690219271 607802 56699  146
40.094989591 7690820108 600837 56692  152
40.106974903 7691418912 598804 56699  100
40.118975762 7692026631 607719 56697  138
40.130975577 7692633921 607290 56681  80
40.142989060 7693227797 593876 56700  120
40.154975319 7693833665 605868 56697  88
40.166978001 7694441605 607940 56691  101
40.178992240 7695049358 607753 56677  101
40.190989026 7695643642 594284 56682  90
40.202975758 7696250445 606803 56691  99
40.214987064 7696858137 607692 56681  97
40.226987533 7697465676 607539 56692  65
40.238984651 7698066053 600377 56674  127
40.250977643 7698665525 599472 56687  88
40.262989850 7699273566 608041 56692  255
40.274990702 7699881105 607539 56674  82
40.286987794 7700488290 607185 56687  101
40.298990143 7701081966 593676 56674  97
40.310986449 7701686901 604935 56700  74
40.322989977 7702294691 607790 56691  128
40.334975566 7702902590 607899 56691  168
40.346988439 7703510039 607449 56692  93
40.358974518 7704108996 598957 56685  88
40.370987303 7704710520 601524 56683  141
40.382975662 7705318207 607687 56684  174
40.394984025 7705925107 606900 56680  135
40.406977053 7706532155 607048 56682  90
40.418987773 7707139554 607399 56688  103
40.430988725 7707739364 599810 56680  87
40.442988384 7708339970 600606 56691  72
40.454988716 7708947818 607848 56693  78
40.466975474 7709555271 607453 56688  110
40.478989804 7710162791 607520 56692  104
40.490990106 7710770237 607446 56679  149
40.502988385 7711378225 607988 56692  236
40.514975844 7711982313 604088 56676  176
40.526987486 7712578612 596299 56692  192
40.538988352 7713185437 606825 56683  115
40.550996631 7713792309 606872 56683  151
40.562978237 7714399462 607153 56680  183
40.574988062 7715006940 607478 56679  170
40.586991695 7715614692 607752 56679  108
40.598976056 7716222677 607985 56692  241
40.610977279 7716830102 607425 56673  114
40.622975978 7717438095 607993 56682  114
40.634990887 7718041542 603447 56703  183
40.646974993 7718642170 600628 56681  187
40.658976601 7719249026 606856 56694  154
40.670974757 7719857462 608436 56684  94
40.682988696 7720465606 608144 56687  279
40.694989348 7721073943 608337 56678  183
40.706988747 7721682053 608110 56672  320
40.718986700 7722290273 608220 56692  187
40.730989629 7722898313 608040 56696  176
40.742989087 7723506219 607906 56688  229
40.754989304 7724114737 608518 56692  235
40.766987762 7724723151 608414 56698  221
40.778989591 7725331484 608333 56672  353
40.790990327 7725939438 607954 56694  247
40.802977645 7726547515 608077 56690  245
40.814987735 7727156030 608515 56701  238
40.826987530 7727764673 608643 56688  301
40.838975549 7728373152 608479 56669  405
40.850981175 7728981138 607986 56674  286
40.862977090 7729589149 608011 56684  438
40.874996516 7730197347 608198 56685  209
40.886977412 7730805372 608025 56677  347
40.898974627 7731413301 607929 56681  377
40.910989713 7732021824 608523 56687  267
40.922974335 7732630365 608541 56684  250
40.934989871 7733239472 609107 56684  429
40.946975916 7733849075 609603 56696  484
40.958976172 7734458231 609156 56683  310
40.970975724 7735067407 609176 56680  424
40.982976313 7735677167 609760 56701  354
40.994976125 7736286504 609337 56682  393
41.006988385 7736896142 609638 56684  457
41.018977250 7737506314 610172 56685  445
41.030997826 7738116501 610187 56683  262
41.042977631 7738726302 609801 56691  493
41.054989074 7739336368 610066 56682  451
41.066990529 7739946219 609851 56700  390
41.078976978 7740556246 610027 56683  457
41.090990628 7741166001 609755 56673  474
41.102976760 7741775535 609534 56683  637
41.114988532 7742386021 610486 56684  543
41.126988185 7743002452 616431 56690  722
41.138988983 7743618388 615936 56684  802
41.150987339 7744227635 609247 56681  389
41.162990441 7744836747 609112 56687  757
41.174975384 7745446361 609614 56689  478
41.186995586 7746055767 609406 56686  679
41.198975818 7746665375 609608 56673  799
41.210976024 7747275010 609635 56687  614
41.222976429 7747885236 610226 56710  800
41.234975355 7748495046 609810 56684  498
41.246989451 7749106845 611799 56679  326
41.258975756 7749728729 621884 56691  744
41.270989518 7750338075 609346 56671  405
41.282976330 7750947808 609733 56673  246
41.294975446 7751557682 609874 56705  569
41.306975745 7752167547 609865 56678  759
41.318975654 7752777213 609666 56690  721
41.330974987 7753387513 610300 56688  759
41.342988976 7754001792 614279 56704  586
41.354985494 7754622844 621052 56706  349
41.366988457 7755233622 610778 56684  734
41.378974963 7755844191 610569 56694  541
41.390989628 7756454375 610184 56679  677
41.402986668 7757065106 610731 56678  589
41.414976836 7757676060 610954 56692  309
41.426987342 7758300189 624129 56685  1047
41.438978050 7758911307 611118 56689  786
41.450987163 7759521599 610292 56664  302
41.462988622 7760131888 610289 56694  902
41.474987841 7760741750 609862 56693  635
41.486986539 7761353077 611327 56680  942
41.498988172 7761977810 624733 56697  823
41.510997261 7762587978 610168 56676  715
41.522987803 7763198614 610636 56694  907
41.534975403 7763809486 610872 56679  755
41.546989035 7764420184 610698 56689  350
41.558975373 7765045317 625133 56689  782
41.570977596 7765655867 610550 56685  866
41.582988772 7766266217 610350 56686  755
41.594987324 7766876682 610465 56681  630
41.606975766 7767488073 611391 56680  311
41.618976128 7768113446 625373 56689  553
41.630976014 7768724921 611475 56694  364
41.642976889 7769335903 610982 56687  583
41.654975542 7769946725 610822 56678  578
41.666996021 7770569442 622717 56693  693
41.678976956 7771183437 613995 56684  907
41.690976852 7771794699 611262 56677  588
41.702992761 7772406158 611459 56691  803
41.714987867 7773022794 616636 56689  581
41.726975292 7773642585 619791 56688  1187
41.738988232 7774253816 611231 56675  714
41.750988000 7774865747 611931 56682  412
41.762975529 7775483425 617678 56682  805
41.774988672 7776102876 619451 56666  454
41.786988221 7776714366 611490 56680  395
41.798988213 7777325939 611573 56676  645
41.810988938 7777951768 625829 56668  553
41.822995928 7778564097 612329 56696  877
41.834976863 7779176046 611949 56679  730
41.846988702 7779788082 612036 56679  957
41.858990341 7780414315 626233 56714  702
41.870988447 7781025904 611589 56672  437
41.882985040 7781637645 611741 56697  1153
41.894988158 7782260408 622763 56681  875
41.906989310 7782874830 614422 56674  734
41.918988773 7783487164 612334 56686  578
41.930988699 7784099948 612784 56662  743
41.942989371 7784725478 625530 56681  682
41.954987576 7785337636 612158 56669  821
41.966975898 7785949208 611572 56677  763
41.978975994 7786575339 626131 56703  678
41.990996146 7787187097 611758 56673  970
42.002988988 7787799318 612221 56689  1056
42.014976878 7788425555 626237 56677  667
42.026977200 7789037307 611752 56676  654
42.038987119 7789648867 611560 56682  728
42.050976424 7790274313 625446 56682  409
42.062976490 7790885867 611554 56688  1305
42.074977249 7791497607 611740 56677  1036
42.086976171 7792123800 626193 56693  564
42.098976917 7792735673 611873 56701  1269
42.110988296 7793349309 613636 56678  794
42.122990048 7793976229 626920 56683  543
42.134989588 7794589775 613546 56682  807
42.146994860 7795202976 613201 56681  737
42.158977045 7795830010 627034 56675  711
42.170976071 7796443067 613057 56691  1047
42.182988767 7797057328 614261 56680  572
42.194988572 7797684136 626808 56691  996
42.206988905 7798297992 613856 56678  975
42.218987557 7798923365 625373 56687  502
42.230988922 7799538389 615024 56681  867
42.242976541 7800151922 613533 56689  662
42.254975691 7800779046 627124 56666  828
42.266988289 7801393119 614073 56685  1005
42.278988871 7802007960 614841 56680  621
42.290977021 7802633744 625784 56675  736
42.302983823 7803246779 613035 56684  1044
42.314975655 7803873789 627010 56684  789
42.326988371 7804486985 613196 56681  880
42.338975700 7805100580 613595 56670  934
42.350992752 7805727347 626767 56687  848
42.362975431 7806340693 613346 56695  884
42.374976253 7806967266 626573 56673  682
42.386975589 7807580601 613335 56696  1063
42.398976354 7808196214 615613 56673  1032
42.410976657 7808821334 625120 56696  941
42.422988249 7809434671 613337 56682  1242
42.434975715 7810061745 627074 56672  669
42.446975321 7810674924 613179 56688  1013
42.458998900 7811302427 627503 56695  871
42.470988295 7811916340 613913 56683  791
42.482987628 7812531032 614692 56669  1096
42.494976620 7813158052 627020 56667  784
42.506975242 7813772770 614718 56678  1006
42.518977514 7814400943 628173 56679  1007
42.530990017 7815015545 614602 56695  1160
42.542988276 7815643367 627822 56677  723
42.554988078 7816258170 614803 56680  1207
42.566989887 7816886782 628612 56698  896
42.578988273 7817501589 614807 56686  1056
42.590977318 7818118780 617191 56685  1178
42.602987798 7818743936 625156 56684  738
42.614988523 7819358529 614593 56689  1153
42.626983428 7819986085 627556 56677  951
42.638975621 7820600305 614220 56684  1400
42.650988660 7821228620 628315 56675  1142
42.662989229 7821843468 614848 56708  1151
42.674987891 7822471638 628170 56679  1145
42.686989794 7823086607 614969 56689  1317
42.698976092 7823714891 628284 56689  1188
42.710989088 7824329805 614914 56681  1079
42.722993834 7824957935 628130 56689  1088
42.734988779 7825572779 614844 56700  1556
42.746975978 7826200743 627964 56668  1206
42.758989831 7826815437 614694 56694  1277
42.770974550 7827443583 628146 56690  1219
42.782986082 7828059043 615460 56687  1192
42.794976424 7828687367 628324 56675  1284
42.806987680 7829302609 615242 56670  1070
42.818977152 7829930877 628268 56672  1459
42.830977397 7830546321 615444 56679  1249
42.842989287 7831175111 628790 56699  1434
42.854977916 7831790573 615462 56677  1686
42.866975931 7832419415 628842 56684  1105
42.878975681 7833036054 616639 56694  1381
42.890988719 7833665530 629476 56682  1162
42.902976658 7834282291 616761 56681  1388
42.914974491 7834911685 629394 56701  1179
42.926989210 7835528460 616775 56687  1476
42.938996563 7836158280 629820 56700  1278
42.950977757 7836775009 616729 56689  1577
42.962987437 7837405156 630147 56733  1084
42.974976729 7838027613 622457 56692  1404
42.986987094 7838651001 623388 56685  1224
42.998976310 7839280372 629371 56675  1561
43.010976839 7839897177 616805 56694  1620
43.022990709 7840526788 629611 56693  1152
43.034988734 7841143617 616829 56690  1465
43.046976003 7841773400 629783 56681  1679
43.058975875 7842390277 616877 56700  1667
43.070976554 7843020124 629847 56685  1166
43.082976606 7843641238 621114 56678  1747
43.094989072 7844267186 625948 56691  1346
43.106995318 7844897002 629816 56678  1668
43.118988870 7845513753 616751 56687  1414
43.130987922 7846143337 629584 56687  1210
43.142972311 7846760380 617043 56685  1689
43.154975500 7847390289 629909 56690  1595
43.166974909 7848013408 623119 56678  1232
43.178988152 7848636995 623587 56692  1542
43.190989381 7849266749 629754 56682  1617
43.202975419 7849884306 617557 56690  1644
43.214975945 7850514766 630460 56690  1503
43.226988244 7851133928 619162 56687  1629
43.238975273 7851765242 631314 56687  1661
43.250986925 7852396938 631696 56704  1518
43.262997341 7853015884 618946 56685  1673
43.274989100 7853646613 630729 56698  1361
43.286977139 7854265985 619372 56690  1949
43.298976212 7854897116 631131 56683  1375
43.310975857 7855528358 631242 56689  1680
43.322978712 7856148092 619734 56712  1627
43.334975318 7856780063 631971 56706  1736
43.346978104 7857404155 624092 56692  1666
43.358987123 7858031564 627409 56685  1818
43.370988449 7858663488 631924 56693  1777
43.382988618 7859283019 619531 56678  2059
43.394970283 7859914319 631300 56708  1617
43.406975755 7860546341 632022 56688  1660
43.418995755 7861166049 619708 56699  1844
43.430977697 7861797694 631645 56678  1651
43.442975455 7862423430 625736 56681  2130
43.454989058 7863048536 625106 56672  1640
43.466987944 7863679904 631368 56677  1603
43.478988407 7864299479 619575 56710  2431
43.490988955 7864931000 631521 56689  1958
43.502989451 7865563000 632000 56686  2317
43.514991716 7866183114 620114 56694  2652
43.526977701 7866815557 632443 56734  2394
43.538975764 7867447662 632105 56692  2585
43.550975560 7868067867 620205 56692  2254
43.562988073 7868699916 632049 56703  2999
43.574996501 7869332135 632219 56699  1302
43.586978067 7869953242 621107 56692  2104
43.598975082 7870586485 633243 56687  1539
43.610990012 7871219568 633083 56695  2202
43.622975767 7871841180 621612 56699  2387
43.634976066 7872473680 632500 56692  1265
43.646976141 7873106757 633077 56702  2439
43.658977151 7873728677 621920 56696  2116
43.670974829 7874362164 633487 56698  1813
43.682975705 7874995598 633434 56676  2590
43.694988311 7875617815 622217 56704  1566
43.706987023 7876250943 633128 56696  2055
43.718988546 7876884430 633487 56704  2106
43.730969341 7877506273 621843 56698  2551
43.742984960 7878140270 633997 56697  1935
43.754988396 7878773851 633581 56684  1666
43.766988918 7879397581 623730 56680  2226
43.778976270 7880029641 632060 56682  2208
43.790989460 7880663947 634306 56681  1458
43.802987829 7881298221 634274 56673  1946
43.814987574 7881921734 623513 56692  2367
43.826989349 7882556423 634689 56694  1595
43.838988726 7883190722 634299 56702  2494
43.850987868 7883813435 622713 56689  1111
43.862975740 7884447959 634524 56705  2221
43.874975883 7885082922 634963 56691  2129
43.886974375 7885717547 634625 56687  1136
43.899001958 7886343938 626391 56693  1668
43.910989626 7886979597 635659 56695  1152
43.922976768 7887615040 635443 56693  2114
43.934981437 7888241123 626083 56686  2149
43.946986820 7888877932 636809 56688  1973
43.958975389 7889514792 636860 56701  2356
43.970976454 7890151300 636508 56687  2934
43.982975304 7890777413 626113 56687  2073
43.994976819 7891413329 635916 56696  1676
44.006976154 7892050282 636953 56689  2343
44.018976153 7892687641 637359 56688  1711
44.030987416 7893314923 627282 56691  2485
44.042987948 7893952477 637554 56687  1514
44.054995674 7894590075 637598 56694  2016
44.066975760 7895227507 637432 56691  1918
44.078976115 7895855236 627729 56684  1954
44.090991031 7896493197 637961 56695  1422
44.102988570 7897131095 637898 56678  1827
44.114975835 7897769774 638679 56721  1635
44.126987248 7898398005 628231 56692  1874
44.138988267 7899035989 637984 56704  2483
44.150988606 7899674618 638629 56697  2096
44.162988705 7900313738 639120 56692  1473
44.174975494 7900943086 629348 56713  2568
44.186989479 7901582541 639455 56706  3498
44.198975988 7902222185 639644 56691  3300
44.210985694 7902860751 638566 56692  2170
44.222976806 7903491377 630626 56682  2474
44.234975465 7904130482 639105 56689  2180
44.246978288 7904769968 639486 56699  2247
44.258975923 7905409656 639688 56686  1905
44.270977169 7906049629 639973 56683  2768
44.282988302 7906680437 630808 56719  2029
44.294976620 7907320395 639958 56693  1555
44.306977246 7907960688 640293 56689  2203
44.318975978 7908601311 640623 56695  1971
44.330975437 7909241948 640637 56702  1710
44.342975686 7909873340 631392 56692  2741
44.354976306 7910513156 639816 56693  3048
44.366989798 7911154292 641136 56708  2335
44.378996350 7911795075 640783 56691  1922
44.390991093 7912436467 641392 56697  2538
44.402976291 7913069956 633489 56690  1737
44.414977750 7913711709 641753 56692  2074
44.426987142 7914352551 640842 56680  1748
44.438989152 7914994325 641774 56691  2609
44.450974747 7915636076 641751 56696  1722
44.462989067 7916270034 633958 56693  2436
44.474986699 7916912778 642744 56705  2513
44.486988064 7917555086 642308 56694  2993
44.498988644 7918196957 641871 56691  1985
44.510987582 7918839628 642671 56693  2585
44.522987691 7919480027 640399 56693  2401
44.534982980 7920116723 636696 56685  1849
44.546977359 7920760132 643409 56693  2179
44.558974925 7921404382 644250 56703  2604
44.570988690 7922047298 642916 56683  1892
44.582987636 7922690913 643615 56695  2498
44.594974998 7923331889 640976 56713  1960
44.606975617 7923970482 638593 56699  2365
44.618988007 7924613970 643488 56703  2258
44.630975562 7925258353 644383 56697  2193
44.642975441 7925902077 643724 56701  1989
44.654975876 7926546347 644270 56701  2686
44.666990672 7927190813 644466 56687  2912
44.678975984 7927827842 637029 56703  2269
44.690986567 7928472821 644979 56698  3066
44.702989006 7929118017 645196 56700  2061
44.714988221 7929762146 644129 56692  2319
44.726988158 7930406624 644478 56700  2252
44.738975430 7931051070 644446 56684  2042
44.750976595 7931696086 645016 56689  2272
44.762988005 7932333607 637521 56680  1688
44.774990333 7932979753 646146 56697  2606
44.786975042 7933625224 645471 56693  2263
44.798974804 7934271455 646231 56679  1727
44.810988264 7934917474 646019 56690  2433
44.822987946 7935563886 646412 56696  2024
44.834975354 7936210193 646307 56705  2416
44.846997137 7936856251 646058 56692  1781
44.858988399 7937494690 638439 56696  2470
44.870975449 7938140800 646110 56679  1936
44.882976191 7938786799 645999 56687  2201
44.894976853 7939433165 646366 56690  2691
44.906988296 7940079234 646069 56691  1724
44.918987701 7940725482 646248 56692  2109
44.930975320 7941371828 646346 56707  2146
44.942975675 7942018441 646613 56711  2383
44.954987225 7942661817 643376 56694  1984
44.966987077 7943304063 642246 56704  2366
44.978987510 7943950754 646691 56697  1728
44.990977022 7944598104 647350 56722  2381
45.002987214 7945244625 646521 56685  2305
45.014984903 7945892576 647951 56684  2687
45.026978189 7946540787 648211 56692  2131
45.038987131 7947189128 648341 56689  2119
45.050977696 7947837055 647927 56685  2385
45.062975843 7948484729 647674 56690  3029
45.074975955 7949132007 647278 56688  2520
45.086974500 7949773232 641225 56725  2273
45.098988470 7950421082 647850 56692  2390
45.110987185 7951068848 647766 56692  2480
45.122974734 7951716868 648020 56686  2488
45.134987200 7952364943 648075 56694  2471
45.146974695 7953012819 647876 56693  2184
45.158986581 7953661780 648961 56684  2422
45.170990607 7954310482 648702 56698  2291
45.182993112 7954959398 648916 56693  2577
45.194988995 7955607974 648576 56696  2048
45.206975291 7956256747 648773 56694  2516
45.218987463 7956905054 648307 56691  2431
45.230988792 7957554096 649042 56693  2299
45.242987878 7958198096 644000 56692  2257
45.254987636 7958846165 648069 56702  2555
45.266976552 7959495641 649476 56686  2622
45.278975045 7960145112 649471 56701  2401
45.290989600 7960794049 648937 56715  2861
45.302977355 7961443172 649123 56699  2633
45.314988358 7962092264 649092 56688  2390
45.326983724 7962741754 649490 56684  2275
45.338975959 7963391381 649627 56697  2311
45.350977282 7964040925 649544 56712  2785
45.362976201 7964689992 649067 56697  2785
45.374987083 7965339672 649680 56687  2575
45.386975649 7965989211 649539 56690  2429
45.398974731 7966638973 649762 56711  2110
45.410975693 7967288984 650011 56701  2804
45.422975719 7967939376 650392 56704  2263
45.434987451 7968588902 649526 56694  3040
45.446988401 7969238443 649541 56682  2260
45.458975433 7969888515 650072 56689  2835
45.470987675 7970538803 650288 56700  2099
45.482996288 7971189122 650319 56687  2373
45.494988293 7971839412 650290 56685  2275
45.506973985 7972488814 649402 56702  2795
45.518988807 7973134937 646123 56696  2321
45.530989447 7973783374 648437 56699  2580
45.542976086 7974433741 650367 56698  2100
45.554986981 7975083797 650056 56689  2766
45.566988191 7975733637 649840 56695  2300
45.578975199 7976382836 649199 56687  2451
45.590988929 7977032865 650029 56692  2874
45.602975834 7977683424 650559 56696  2384
45.614976530 7978333704 650280 56683  3110
45.626988032 7978983675 649971 56682  2097
45.638976388 7979633918 650243 56691  2180
45.650995663 7980283712 649794 56701  2640
45.662975965 7980934040 650328 56702  2667
45.674975798 7981584522 650482 56688  2717
45.686988994 7982234790 650268 56693  2451
45.698975999 7982885795 651005 56705  2403
45.710976385 7983536305 650510 56711  2275
45.722975924 7984186200 649895 56676  3219
45.734976043 7984836454 650254 56697  2030
45.746974932 7985486549 650095 56690  2584
45.758974521 7986137092 650543 56688  3332
45.770988733 7986787627 650535 56689  3711
45.782988596 7987438105 650478 56696  2490
45.794975328 7988087636 649531 56683  3076
45.806997381 7988737852 650216 56693  2268
45.818976290 7989388101 650249 56693  2960
45.830987085 7990038126 650025 56679  2641
45.842975610 7990688538 650412 56701  2513
45.854989663 7991339059 650521 56696  3340
45.866988912 7991992021 652962 56698  2761
45.878974781 7992645275 653254 56707  2761
45.890990377 7993295689 650414 56710  2633
45.902986966 7993946424 650735 56707  3167
45.914988099 7994597096 650672 56687  2454
45.926987777 7995247732 650636 56685  2741
45.938975033 7995897641 649909 56688  2864
45.950974221 7996547912 650271 56686  2653
45.962983501 7997198237 650325 56695  2842
45.974976103 7997848860 650623 56717  3406
45.986987148 7998499396 650536 56691  2283
45.998975611 7999150035 650639 56688  3193
46.010988703 7999799872 649837 56681  3086
46.022976866 8000450311 650439 56687  2731
46.034976995 8001101169 650858 56676  2384
46.046988880 8001752213 651044 56717  3336
46.058976596 8002402860 650647 56694  2876
46.070974009 8003053725 650865 56693  3309
46.082976211 8003703694 649969 56679  3060
46.094974903 8004354317 650623 56689  2758
46.106988542 8005005360 651043 56714  2733
46.118997361 8005656496 651136 56702  3342
46.130976121 8006307302 650806 56687  2848
46.142988316 8006958253 650951 56687  2839
46.154976645 8007614299 656046 56688  3392
46.166988278 8008265366 651067 56707  2841
46.178977006 8008916006 650640 56687  3426
46.190977192 8009566655 650649 56694  2948
46.202988148 8010217390 650735 56699  3309
46.214975687 8010867747 650357 56692  2612
46.226987885 8011517492 649745 56683  3845
46.238987775 8012167565 650073 56685  2724
46.250987317 8012818103 650538 56691  3037
46.262988326 8013468902 650799 56685  3177
46.274976171 8014119504 650602 56698  3214
46.286984627 8014770000 650496 56687  2866
46.298987869 8015419979 649979 56692  2937
46.310976209 8016070256 650277 56689  3307
46.322990178 8016726360 656104 56693  2970
46.334975710 8017377007 650647 56702  2913
46.346988573 8018027802 650795 56700  2835
46.358988735 8018678609 650807 56689  2946
46.370976763 8019329120 650511 56699  3519
46.382989160 8019979834 650714 56692  2970
46.394975945 8020630637 650803 56692  2893
46.406975647 8021281185 650548 56689  3737
46.418975030 8021932236 651051 56705  3039
46.430988655 8022583202 650966 56689  2769
46.443001315 8023233610 650408 56692  3285
46.454989410 8023890047 656437 56697  3114
46.466975346 8024540864 650817 56690  2957
46.478988865 8025191686 650822 56682  2903
46.490975810 8025842899 651213 56715  3003
46.502992796 8026493640 650741 56695  3516
46.514975481 8027144311 650671 56697  3112
46.526986894 8027795275 650964 56690  3016
46.538987336 8028445922 650647 56693  2926
46.550974842 8029096899 650977 56686  3252
46.562975638 8029748675 651776 56704  3348
46.574987373 8030404727 656052 56690  3087
46.586987550 8031055279 650552 56678  2994
46.598995358 8031706292 651013 56691  2842
46.610976427 8032357136 650844 56689  3394
46.622975549 8033007875 650739 56697  3052
46.634988949 8033658567 650692 56698  2857
46.646987404 8034309288 650721 56692  3198
46.658997834 8034959618 650330 56684  3121
46.670974816 8035615879 656261 56680  3426
46.682988121 8036266858 650979 56692  3019
46.694987944 8036918247 651389 56694  3390
46.706974719 8037569325 651078 56690  2984
46.718988615 8038220306 650981 56707  3690
46.730987630 8038871254 650948 56700  2934
46.742987813 8039522395 651141 56683  3170
46.754975402 8040173533 651138 56689  3192
46.766982961 8040830173 656640 56690  3731
46.778988570 8041481305 651132 56686  2724
46.790989692 8042132710 651405 56701  3042
46.802989015 8042783577 650867 56703  3309
46.814975747 8043434839 651262 56693  3302
46.826988086 8044085968 651129 56691  2955
46.838987748 8044737365 651397 56694  3084
46.850976191 8045394320 656955 56695  3186
46.862975719 8046045734 651414 56691  3612
46.874987882 8046695997 650263 56683  3027
46.886975864 8047347693 651696 56688  3254
46.898974993 8047999609 651916 56702  3452
46.910975732 8048650849 651240 56687  2579
46.922996988 8049304634 653785 56693  3230
46.934988800 8049958958 654324 56689  3402
46.946975710 8050610318 651360 56710  3457
46.958976818 8051261664 651346 56702  3065
46.970974287 8051912994 651330 56683  3557
46.982987837 8052564428 651434 56690  3394
46.994975129 8053216257 651829 56701  2824
47.006975794 8053873454 657197 56687  3089
47.018987420 8054524829 651375 56703  3675
47.030988922 8055176673 651844 56690  3475
47.042976514 8055828978 652305 56697  2899
47.054986571 8056480956 651978 56685  3207
47.066987613 8057132843 651887 56693  3667
47.078996116 8057790516 657673 56715  3281
47.090977041 8058442320 651804 56702  3285
47.102975526 8059094326 652006 56690  3141
47.114987713 8059746603 652277 56681  3607
47.126987568 8060398861 652258 56697  2719
47.138989107 8061055361 656500 56699  3466
47.150975252 8061709250 653889 56703  3376
47.162987752 8062361763 652513 56683  3704
47.174988034 8063015082 653319 56697  3165
47.186975393 8063668537 653455 56685  3023
47.198975079 8064322057 653520 56690  3273
47.210988005 8064980562 658505 56693  3129
47.222975787 8065634722 654160 56691  3033
47.234985419 8066288754 654032 56688  3469
47.246976828 8066943415 654661 56691  3210
47.258968830 8067598027 654612 56689  3194
47.270988956 8068257309 659282 56698  3368
47.282975318 8068912981 655672 56694  3269
47.294989194 8069568990 656009 56688  3127
47.306976576 8070224375 655385 56693  3310
47.318976532 8070880993 656618 56684  3261
47.330987495 8071541658 660665 56690  2815
47.342975333 8072199675 658017 56693  3533
47.354989726 8072860457 660782 56694  3729
47.366977088 8073522330 661873 56692  3807
47.378975764 8074186502 664172 56682  3412
47.390996807 8074852470 665968 56689  3596
47.402987662 8075519185 666715 56688  3952
47.414976371 8076186113 666928 56690  5090
47.426975867 8076852967 666854 56684  2384
47.438988242 8077519844 666877 56699  3191
47.450988498 8078186461 666617 56689  3082
47.462978154 8078853333 666872 56686  5224
47.474976793 8079520239 666906 56700  3753
47.486988776 8085269728 5749489 56680  23886
47.498978868 8089450117 4180389 56685  21463
47.510990053 8091727826 2277709 56690  14062
47.522980246 8096743435 5015609 56676  26035
47.534989995 8101259262 4515827 51951  23356
47.545987936 8102890961 1631699 56719  17187
47.557985235 8104998129 2107168 56688  38533
47.569979617 8109123995 4125866 56678  20269
47.581989346 8114169096 5045101 56684  24546
47.593976455 8116920490 2751394 51983  21322
47.604975969 8120899878 3979388 56680  19253
47.616990686 8125332403 4432525 56695  21030
47.628977378 8126526322 1193919 56712  21751
47.640978741 8127681716 1155394 56714  50005
47.652979059 8128946790 1265074 56692  55738
47.664990525 8132206535 3259745 51957  30849
47.675990020 8136375495 4168960 51955  22941
47.686977674 8139841271 3465776 56675  17122
47.698976943 8143227786 3386515 51961  24520
47.709997818 8147515918 4288132 51953  24501
47.720978269 8150857854 3341936 56701  16664
47.732976601 8152070984 1213130 56717  36825
47.744992544 8155985378 3914394 51968  33411
47.755989569 8160101106 4115728 56699  18549
47.767977304 8163244250 3143144 56702  19819
47.779977496 8167937551 4693301 51946  24918
47.790989881 8172195523 4257972 56699  20021
47.802976403 8174436925 2241402 56690  10904
47.814977120 8175568289 1131364 56715  44713
47.826992475 8176806121 1237832 56716  55330
47.838979654 8177851419 1045298 56713  49844
47.850981192 8179116662 1265243 56725  56537
47.862986042 8180381711 1265049 56711  56533
47.874979967 8181646818 1265107 56688  56544
47.886990520 8184328747 2681929 56684  44946
47.898978596 8188385653 4056906 56687  18267
47.910976469 8192710308 4324655 56688  19679
47.922989217 8195794532 3084224 56699  17653
47.934989010 8200630295 4835763 56689  27821
47.946991806 8203931682 3301387 56699  16431
47.958977528 8205145456 1213774 56713  32584
47.970977146 8209073222 3927766 51974  32407
47.981979131 8213164183 4090961 56686  18634
47.993990223 8216308671 3144488 56689  18496
48.005977286 8221060537 4751866 51963  28279
48.016999981 8225234503 4173966 56686  21455
48.028990720 8227486730 2252227 56702  22340
48.040977489 8228627838 1141108 56716  36761
48.052978658 8229856654 1228816 56724  54010
48.064977637 8231454905 1598251 56708  48932
48.076989786 8235980022 4525117 56683  20801
48.088975914 8241045425 5065403 56684  24736
48.100978217 8243500169 2454744 51965  17551
48.111988172 8247676480 4176311 56681  23731
48.123988294 8252243402 4566922 56685  21177
48.135989016 8253433987 1190585 56707  25894
48.147988649 8256844873 3410886 56705  35935
48.159989628 8261044988 4200115 51966  20096
48.170991379 8264574323 3529335 56687  18821
48.182995725 8267979593 3405270 51962  19891
48.193978442 8272175330 4195737 51967  19737
48.204988654 8275610868 3435538 56687  20896
48.216990210 8276823550 1212682 56713  27293
48.228990202 8277978496 1154946 56710  45496
48.240989838 8279243739 1265243 56727  56488
48.252977311 8280289037 1045298 56705  49407
48.264979496 8281553832 1264795 56717  56472
48.276979215 8282818403 1264571 56713  56468
48.288990231 8283855111 1036708 56708  51287
48.300992426 8285082812 1227701 56697  56470
48.312990815 8286347159 1264347 56715  56502
48.324976368 8287611282 1264123 56703  56496
48.336997717 8288875448 1264166 56686  56503
48.348991516 8290140779 1265331 56693  56488
48.360977225 8291405886 1265107 56692  56511
48.372976220 8292650616 1244730 56701  54927
48.384976862 8294888059 2237443 51965  43858
48.395977554 8299056443 4168384 56686  19024
48.407977619 8303376274 4319831 56697  19769
48.419988729 8306461843 3085569 56678  22651
48.431988374 8311532840 5070997 56687  24916
48.443987861 8314682601 3149761 56694  16858
48.455974769 8315896347 1213746 56712  33554
48.467978079 8320736427 4840080 56691  34182
48.479975424 8324933358 4196931 56682  19353
48.491983860 8327130991 2197633 56686  10391
48.503976605 8332144337 5013346 56686  26468
48.515977131 8336657352 4513015 51958  22213
48.526989256 8338292245 1634893 56688  11941
48.538988448 8339447557 1155312 56714  43086
48.550989810 8340712086 1264529 56693  56456
48.562977976 8342610501 1898415 51972  44472
48.573977737 8346725510 4115009 56675  20838
48.585976290 8351781933 5056423 56687  24632
48.597975336 8354625157 2843224 51965  18568
48.608989297 8358755724 4130567 56679  18824
48.620976326 8362963754 4208030 56683  19266
48.632989988 8364152708 1188954 56709  27522
48.644977901 8367694544 3541836 56678  31988
48.656984683 8372179073 4484529 51965  21375
48.667976635 8375325634 3146561 56706  14167
48.679977300 8379290051 3964417 51953  23460
48.690989632 8383377797 4087746 56688  19620
48.702989917 8386510855 3133058 56667  18537
48.714978202 8387723151 1212296 56720  37916
48.726989819 8388877649 1154498 56708  51748
48.738977587 8389996222 1118573 56715  52942
48.750990273 8391187294 1191072 56706  53196
48.762990489 8392451268 1263974 56699  56442
48.774976798 8393714868 1263600 56691  56472
48.786977664 8395010066 1295198 51962  45324
48.797976981 8399670106 4660040 56689  21643
48.809998554 8404728767 5058661 56681  24641
48.821989876 8407587927 2859160 56688  15977
48.833989086 8411579421 3991494 56680  18617
48.845977380 8416002980 4423559 56706  20032
48.857989607 8417194461 1191481 56710  30219
48.869980229 8420627596 3433135 56689  35059
48.881975865 8424822852 4195256 51986  20438
48.892989469 8428286637 3463785 56696  17121
48.904990742 8431762825 3476188 51957  25849
48.915988709 8436087450 4324625 51960  21067
48.926975934 8439357706 3270256 56688  17656
48.938987900 8440569016 1211310 56704  31791
48.950978199 8441724186 1155170 56727  51748
48.962987551 8442988701 1264515 56709  55640
48.974978664 8447307325 4318624 51941  28104
48.985990012 8451626841 4319516 56688  19905
48.997977421 8454037779 2410938 56699  11923
49.009976877 8459077979 5040200 56686  24675
49.021976739 8463550277 4472298 51960  21637
49.032977187 8465211693 1661416 56683  8524
49.044989797 8467222014 2010321 56696  43835
49.056977731 8471415151 4193137 56709  18738
49.068989011 8476472682 5057531 56680  24772
49.080976409 8479137120 2664438 51962  18685
49.091976391 8483311579 4174459 56676  18872
49.103989274 8487656407 4344828 56695  23689
49.115996986 8488850576 1194169 56703  22009
49.127988535 8490005837 1155261 56710  47479
49.139976484 8491270989 1265152 56730  56560
49.151977280 8492316063 1045074 56715  49013
49.163978052 8493580634 1264571 56708  56526
49.175992558 8494844981 1264347 56706  56517
49.187977500 8496012703 1167722 56729  50648
49.199988899 8497110062 1097359 56712  54168
49.211987765 8498375081 1265019 56720  56490
49.223988927 8499639428 1264347 56712  56505
49.235976406 8500904223 1264795 56709  56529
49.247988812 8502169018 1264795 56714  56535
49.259989117 8503434261 1265243 56733  56549
49.271976500 8504699280 1265019 56726  56541
49.283986509 8505427164 727884 56696  48211
49.295977304 8506691649 1264485 56716  56498
49.307989921 8507955858 1264209 56705  56500
49.319975343 8509220429 1264571 56711  56515
49.331988462 8510485000 1264571 56713  56524
49.343978351 8511749686 1264686 56711  56454
49.355989300 8513014590 1264904 56720  56497
49.367978058 8514279631 1265041 56727  56494
49.379977081 8515544738 1265107 56674  56487
49.391976993 8516809845 1265107 56674  56470
49.403978810 8518075176 1265331 56678  56480
49.415977578 8519340507 1265331 56685  56480
49.427977997 8520605839 1265332 56687  56484
49.439998647 8521870946 1265107 56672  56530
49.451990299 8522881573 1010627 56691  50747
49.463990845 8523361387 479814 56703  56451
49.475977084 8528403558 5042171 56684  27796
49.487987179 8533132716 4729158 51971  23968
49.498977137 8535235555 2102839 56705  19514
49.510990066 8539573328 4337773 56682  20163
49.522977329 8544648394 5075066 56685  24494
49.534989078 8545839651 1191257 56690  22483
49.546988167 8548563840 2724189 51975  35441
49.557988891 8552640935 4077095 56683  20267
49.569988621 8556959778 4318843 56698  19669
49.581969042 8560042237 3082459 56675  19596
49.593998165 8564903443 4861206 56682  24109
49.605990560 8568210318 3306875 56692  13387
49.617988913 8569421861 1211543 56698  32980
49.629978579 8570577255 1155394 56725  50583
49.641990025 8571840930 1263675 56690  56484
49.653977644 8576154934 4314004 51965  27405
49.664989185 8580517491 4362557 56681  20235
49.676990714 8582886369 2368878 56705  13837
49.688978309 8587916042 5029673 56671  26437
49.700990012 8592419791 4503749 51952  25205
49.711976683 8594063865 1644074 56701  12873
49.723989186 8596164249 2100384 56719  44060
49.735977205 8600300028 4135779 56695  18375
49.747996408 8605352775 5052747 56676  25851
49.759977833 8608143905 2791130 51964  15843
49.770977767 8612188121 4044216 56677  19189
49.782977323 8616501856 4313735 56694  19673
49.794975372 8617694905 1193049 56709  25465
49.806977508 8618849851 1154946 56707  49488
49.818976797 8620114870 1265019 56716  54563
49.830977896 8621160168 1045298 56709  48363
49.842977755 8622425187 1265019 56719  56535
49.854989401 8623689982 1264795 56712  56540
49.866977216 8624859311 1169329 56716  50014
49.878977482 8629214285 4354974 51956  33320
49.889975540 8633564751 4350466 56683  22027
49.901988913 8635947049 2382298 56686  15066
49.913985046 8640980499 5033450 56682  25803
49.925989824 8645483046 4502547 51954  22460
49.936991286 8647121187 1638141 56696  12639
49.948979871 8649141104 2019917 56688  49747
49.960990507 8653313893 4172789 56689  20909
49.972977445 8658363842 5049949 56684  25529
49.984976002 8660966669 2602827 51981  19701
49.995976389 8665120421 4153752 56677  18916
50.007975652 8669563882 4443461 56687  21169
50.019988817 8670756931 1193049 56707  24047
50.031975467 8671912325 1155394 56726  48181
50.043975212 8673177344 1265019 56719  56038
50.055990445 8676410777 3233433 51950  31788
50.066997559 8680630057 4219280 51962  19901
50.077989021 8684072398 3442341 56686  14612
50.089976846 8687468681 3396283 51951  17996
50.100989708 8691644743 4176062 51966  19748
50.111976033 8695102728 3457985 56688  15875
50.123988995 8696315858 1213130 56705  33976
50.135987948 8700245273 3929415 51968  30410
50.146989692 8704329626 4084353 56699  23562
50.158988522 8707469858 3140232 56701  21611
50.170977506 8712092618 4622760 51970  27854
50.181977111 8716498951 4406333 56698  21679
50.193990417 8718688295 2189344 56683  13566
50.205990823 8719800731 1112436 56710  41665
50.217998452 8721055027 1254296 56712  55400
50.229991564 8722100325 1045298 56707  50720
50.241989563 8723364896 1264571 56709  56526
50.253989976 8724629467 1264571 56710  56528
50.265975535 8725894262 1264795 56719  56541
50.277991544 8726894548 1000286 56712  50380
50.289976109 8728158671 1264123 56713  56498
50.301989745 8729423242 1264571 56715  56527
50.313977064 8730687141 1263899 56697  56494
50.325976997 8731951040 1263899 56700  56496
50.337988372 8733214634 1263594 56685  56481
50.349990842 8734477942 1263308 56687  56479
50.361976137 8735467684 989742 56706  49736
50.373985132 8739238802 3771118 51955  36543
50.384990224 8743325757 4086955 56686  19370
50.396975549 8746472933 3147176 56700  14290
50.408976002 8751270659 4797726 51963  27903
50.420024657 8755466873 4196214 56683  19117
50.431990123 8757659088 2192215 56712  9637
50.443976728 8758789584 1130496 56727  39892
50.455976331 8763847841 5058257 56684  24895
50.467975406 8768807302 4959461 51977  25818
50.478976615 8770289223 1481921 51971  12893
50.489976569 8774951483 4662260 56677  21794
50.501979135 8780010420 5058937 56676  25427
50.513987690 8781195229 1184809 56709  19278
50.525977272 8782349951 1154722 56695  44593
50.538002435 8783615194 1265243 56721  55520
50.549990831 8786587767 2972573 56682  37254
50.561988160 8791329226 4741459 56670  22954
50.573989552 8794748445 3419219 56674  17431
50.585975851 8798251020 3502575 51955  19303
50.596989966 8802718237 4467217 51958  21196
50.607976863 8805850596 3132359 56681  13995
50.619993933 8807064398 1213802 56699  34996
50.631977205 8811897528 4833130 56682  33504
50.643988665 8816065560 4168032 56690  19189
50.655987037 8818292993 2227433 56691  10458
50.667975602 8823332209 5039216 56678  25121
50.679976058 8827676994 4344785 51950  21706
50.691002390 8829406901 1729907 56689  10489
50.702977149 8830562295 1155394 56708  43897
50.714977067 8831826194 1263899 56701  54639
50.726990224 8832870820 1044626 56693  47080
50.738989052 8834136063 1265243 56729  56545
50.750990175 8835400634 1264571 56709  56532
50.762990597 8836665653 1265019 56719  56551
50.774976939 8839286547 2620894 51965  39353
50.785975918 8843290625 4004078 56686  18562
50.797978483 8847603465 4312840 56682  19653
50.809976445 8850693298 3089833 56688  20778
50.821976545 8855070359 4377061 51963  21281
50.832987756 8858794128 3723769 56680  18242
50.845001279 8860009722 1215594 56708  36433
50.856977434 8863807623 3797901 51954  28117
50.867976805 8867937562 4129939 51968  22160
50.878976620 8871049258 3111696 56688  16988
50.890976762 8875006430 3957172 51959  25674
50.901976011 8879099855 4093425 56694  19441
50.913976036 8882261423 3161568 56687  22358
50.925988202 8883472985 1211562 56692  39154
50.937990791 8884628379 1155394 56718  50873
50.949978313 8885714752 1086373 56695  51028
50.961976539 8890745005 5030253 56685  24756
50.973987998 8895609108 4864103 51958  24533
50.984975660 8897645254 2036146 56711  8477
50.996985338 8901937595 4292341 56680  19374
51.008990284 8907001685 5064090 56685  24605
51.020988620 8908192494 1190809 56711  19240
51.032977200 8910996848 2804354 51961  38923
51.043977017 8915135524 4138676 56690  20164
51.055990083 8919336141 4200617 56688  21714
51.067975569 8922787058 3450917 56689  25216
51.079976747 8927031801 4244743 51950  20074
51.090975679 8930503621 3471820 56691  14732
51.102988532 8931716909 1213288 56699  33631
51.114989141 8932871855 1154946 56700  49955
51.126989413 8934136202 1264347 56707  56523
51.138976435 8935181276 1045074 56722  51047
51.150989078 8936445399 1264123 56706  56501
51.162995636 8937708981 1263582 56681  56478
51.174991489 8938748869 1039888 56698  49264
51.186977388 8939972587 1223718 56709  56540
51.198989467 8941237382 1264795 56718  56535
51.210988746 8942501729 1264347 56714  56525
51.222990498 8943765962 1264233 56699  56515
51.234990301 8945030871 1264909 56726  56553
51.246990463 8946295442 1264571 56707  56527
51.258989050 8947546261 1250819 56728  55311
51.270976764 8948288569 742308 56703  51791
51.282975764 8949552692 1264123 56698  56497
51.294976899 8950817263 1264571 56707  56523
51.306988879 8952082506 1265243 56734  56554
51.318984684 8953346853 1264347 56710  56517
51.330978604 8954611522 1264669 56719  56531
51.342977899 8955875995 1264473 56713  56530
51.354991092 8957140342 1264347 56716  56530
51.366977780 8958405137 1264795 56718  56541
51.378977526 8959669708 1264571 56716  56523
51.390988916 8960934279 1264571 56709  56526
51.402976704 8962198850 1264571 56714  56527
51.414977730 8963463645 1264795 56722  56539
51.426989536 8964727878 1264233 56703  56511
51.438989431 8965616528 888650 56700  50852
51.450988830 8966174730 558202 56688  56512
51.462989233 8967439525 1264795 56709  56516
51.474985348 8968704320 1264795 56722  56525
51.486989711 8969968667 1264347 56703  56506
51.498989323 8971233462 1264795 56726  56543
51.510978862 8972498257 1264795 56718  56463
51.522977184 8973762828 1264571 56716  56486
51.534991877 8975027847 1265019 56724  56488
51.546989729 8976292418 1264571 56714  56460
51.558976265 8977557661 1265243 56734  56483
51.570989264 8978822008 1264347 56708  56459
51.582988710 8980086579 1264571 56703  56455
51.594977146 8981351822 1265243 56728  56491
51.606978371 8982616169 1264347 56702  56494
51.618977201 8983880790 1264621 56701  56527
51.630986159 8985146059 1265269 56688  56484
51.642991402 8986410753 1264694 56688  56489
51.654977171 8987676084 1265331 56686  56547
51.666977693 8988941415 1265331 56695  56557
51.678989719 8990206746 1265331 56698  56554
51.690991335 8991471853 1265107 56677  56521
51.702977367 8992737184 1265331 56704  56557
51.714979693 8994002067 1264883 56692  56543
51.726993908 8995267399 1265332 56689  56554
51.738978105 8996532534 1265135 56692  56550
51.750976710 8997797837 1265303 56691  56556
51.762989756 8999063168 1265331 56696  56558
51.774989178 9000328499 1265331 56690  56547
51.786989797 9001277704 949205 56699  51744
51.798997860 9001757465 479761 56702  56477
51.810977199 9002237251 479786 56698  56468
51.822988611 9005769610 3532359 51961  38064
51.833990672 9009982921 4213311 51946  19470
51.844987921 9013099768 3116847 56697  14245
51.856988919 9017053566 3953798 51958  21251
51.867976478 9021145215 4091649 56693  18804
51.879990206 9024284803 3139588 56685  18804
51.891988323 9025497037 1212234 56715  35883
51.903988685 9030356366 4859329 51958  28670
51.914988036 9033870119 3513753 51950  15405
51.925976320 9036545083 2674964 56702  9322
51.937975490 9041579148 5034065 56682  24938
51.949995539 9046632358 5053210 56676  24865
51.961990145 9047817585 1185227 56717  10979
51.973977834 9048972755 1155170 56700  39891
51.985989766 9050237774 1265019 56718  56540
51.997990235 9052999665 2761891 56697  45408
52.009978227 9057194102 4194437 56677  19750
52.021978173 9061365796 4171694 56681  18651
52.033977839 9064584678 3218882 56691  21651
52.045977951 9069073213 4488535 51964  21545
52.056977023 9072546873 3473660 56687  15141
52.068988598 9073759107 1212234 56701  26615
52.080990571 9077686627 3927520 51968  32408
52.091977238 9081780268 4093641 56680  18366
52.103983525 9084919127 3138859 56678  18880
52.115989800 9089638410 4719283 51968  23533
52.126976362 9093854512 4216102 56673  19596
52.138989430 9096121898 2267386 56691  14269
52.150976823 9097252156 1130258 56713  39014
52.162976392 9098490212 1238056 56712  54372
52.174990468 9099535286 1045074 56703  51061
52.186989917 9100800529 1265243 56734  56549
52.198977226 9102065100 1264571 56718  56529
52.210976735 9103329223 1264123 56705  56514
52.222989074 9106037303 2708080 56681  47462
52.234977383 9110074032 4036729 56700  18141
52.246978265 9114392202 4318170 56682  20675
52.258989974 9117480710 3088508 56695  21779
52.270981151 9122554017 5073307 56693  26215
52.282976959 9125698697 3144680 56707  17203
52.294977258 9126913423 1214726 56722  29724
52.306989301 9131722221 4808798 56684  34619
52.318989120 9135986188 4263967 56689  22741
52.330977718 9138163969 2177781 56692  20104
52.342977135 9143190978 5027009 56687  25565
52.354988990 9147841524 4650546 51953  22909
52.365976645 9149328276 1486752 56702  9260
52.377975984 9150483446 1155170 56706  46029
52.389990133 9151748241 1264795 56713  54637
52.401978699 9153653301 1905060 51969  42872
52.412976920 9157744264 4090963 56681  23342
52.424985890 9162827230 5082966 56685  24656
52.436990209 9165832469 3005239 51987  27380
52.447977623 9169420007 3587538 51964  16053
52.458977371 9173931593 4511586 56689  20801
52.470988657 9175122402 1190809 56709  26166
52.482978143 9178507289 3384887 56704  32745
52.494988165 9182761453 4254164 51960  20725
52.505977783 9186244623 3483170 56692  19499
52.517989668 9189652134 3407511 51958  24594
52.528976937 9193862952 4210818 51957  19948
52.539975404 9197314967 3452015 56697  15698
52.551988674 9198526977 1212010 56706  31796
52.563976639 9199681475 1154498 56700  49785
52.575997845 9200946494 1265019 56724  56546
52.587977087 9201992240 1045746 56715  50925
52.599988697 9203257259 1265019 56723  56553
52.611989726 9204522054 1264795 56709  56541
52.623987992 9205545903 1023849 56712  50239
52.635976821 9206786239 1240336 56726  56534
52.647988473 9208051258 1265019 56722  56546
52.659993192 9209316053 1264795 56711  56538
52.671989954 9210580848 1264795 56717  56536
52.683977753 9211845867 1265019 56729  56550
52.695982513 9213110662 1264795 56712  56535
52.707976421 9214343307 1232645 56698  54071
52.719990191 9216731789 2388482 51966  43306
52.730997396 9220919188 4187399 56680  21289
52.742976358 9225097010 4177822 56692  18490
52.754989037 9228494712 3397702 56683  23171
52.766989146 9232779717 4285005 51974  20367
52.777988444 9236266719 3487002 56681  15720
52.789976813 9237480297 1213578 56708  35214
52.801975159 9241406837 3926540 51964  30207
52.812988554 9245507281 4100444 56671  18471
52.824975572 9248646841 3139560 56690  18657
52.836987222 9253344294 4697453 51965  28427
52.847988110 9257594068 4249774 56693  20011
52.859988549 9259846157 2252089 56705  15941
52.871974444 9260976201 1130044 56692  39230
52.883976656 9262214761 1238560 56714  55416
52.895983273 9263874276 1659515 56711  48822
52.907976321 9268326011 4451735 56678  20405
52.919987534 9273378615 5052604 56691  24700
52.931976576 9276403263 3024648 56683  21170
52.943988468 9280474724 4071461 56694  18534
52.955988118 9284640713 4165989 56693  18555
52.967974777 9285830850 1190137 56705  25726
52.979977010 9289290104 3459254 56677  35818
52.991988448 9293479822 4189718 51964  19599
53.002975507 9296926344 3446522 56676  16349
53.014977655 9300411901 3485557 51964  18339
53.025975417 9304886803 4474902 51959  21590
53.036987965 9308034388 3147585 56684  17554
53.048985097 9309248638 1214250 56714  33930
53.060977289 9310403360 1154722 56703  51124
53.072989562 9311668379 1265019 56714  56108
53.084976614 9312714125 1045746 56708  51055
53.096977586 9313979368 1265243 56721  56554
53.108977006 9315244611 1265243 56737  56560
53.120989979 9316359545 1114934 56706  48520
53.132989098 9321323304 4963759 56695  23593
53.144987863 9326278955 4955651 51960  24613
53.155976091 9327994586 1715631 51969  11016
53.166988200 9332424239 4429653 56667  21432
53.178989022 9337485962 5061723 56684  25134
53.190976247 9338677607 1191645 56690  20870
53.202987323 9341407742 2730135 51961  39248
53.213989514 9345447823 4040081 56688  18260
53.225975087 9349781352 4333529 56679  19985
53.237976402 9352875265 3093913 56699  19901
53.249988865 9357739601 4864336 56665  23956
53.261976704 9361027379 3287778 56668  16481
53.273990213 9362239034 1211655 56705  27306
53.285977266 9363393933 1154899 56709  50548
53.297976768 9364658728 1264795 56714  56542
53.309973611 9368816529 4157801 51954  28143
53.320977041 9372912142 4095613 56680  18566
53.332987364 9375628905 2716763 56696  13479
53.344989443 9380552187 4923282 51957  25410
53.355985701 9384058751 3506564 51956  15890
53.366976846 9386740949 2682198 56689  10920
53.378987945 9387901370 1160421 56717  40410
53.390977670 9392913763 5012393 56683  24859
53.402975619 9397567083 4653320 51956  23036
53.413975161 9399781058 2213975 56704  14854
53.425990327 9404099887 4318829 56700  19928
53.437990119 9409186960 5087073 56683  24660
53.449976222 9410376938 1189978 56708  17429
53.461976341 9411531909 1154971 56707  47425
53.473976493 9412797152 1265243 56730  56552
53.485988012 9413842450 1045298 56712  50097
53.497978144 9415107693 1265243 56719  56557
53.509976696 9416372488 1264795 56716  56537
53.521997846 9417638020 1265532 56719  56310
53.533990522 9418639585 1001565 56712  51641
53.545975458 9419903708 1264123 56694  56504
53.557988670 9421167159 1263451 56690  56483
53.569990119 9422431282 1264123 56702  56503
53.581989295 9423695461 1264179 56706  56502
53.593976797 9424959080 1263619 56693  56487
53.605977950 9426222979 1263899 56692  56491
53.617988675 9426948623 725644 56692  48588
53.629987075 9428212970 1264347 56712  56502
53.641988393 9429477541 1264571 56720  56527
53.653976625 9430742112 1264571 56706  56524
53.665989302 9432006907 1264795 56710  56536
53.677998797 9433271478 1264571 56714  56528
53.689977997 9434536273 1264795 56726  56535
53.701975772 9435800396 1264123 56705  56511
53.713990092 9437065415 1265019 56729  56548
53.725977493 9438329986 1264571 56712  56531
53.737978806 9439594557 1264571 56711  56530
53.749978302 9440859128 1264571 56717  56525
53.761990634 9442123475 1264347 56703  56520
53.773988754 9443386926 1263451 56684  56483
53.785991382 9444502868 1115942 56712  49078
53.797977164 9444982631 479763 56693  56513
53.809977206 9449724103 4741472 51954  34740
53.820977075 9453911465 4187362 56698  18694
53.832986444 9456090489 2179024 56691  14483
53.844990433 9461090546 5000057 56675  25181
53.856988533 9465590171 4499625 51968  21723
53.867989460 9467231921 1641750 56690  9579
53.879977123 9469306241 2074320 56702  44803
53.891976252 9473446446 4140205 56683  24908
53.903990451 9478499665 5053219 56682  25730
53.915977357 9481172661 2672996 51990  31267
53.926975984 9485350306 4177645 56688  19216
53.938988517 9489670395 4320089 56684  19756
53.950988932 9490862961 1192566 56697  25202
53.962987629 9492017235 1154274 56690  50735
53.974988561 9493281582 1264347 56713  56520
53.986997127 9497203547 3921965 56696  33216
53.998989882 9501286694 4083147 56685  18364
54.010976288 9504430433 3143739 56681  15441
54.022977611 9509212413 4781980 51956  28734
54.033988558 9513453507 4241094 56701  20107
54.045990354 9515629655 2176148 56707  12037
54.057989391 9516748335 1118680 56712  35137
54.069977879 9521804744 5056409 56679  24479
54.081987855 9526767187 4962443 51956  24479
54.092976126 9528256214 1489027 51974  5949
54.103976134 9532911824 4655610 56682  21594
54.115988437 9537965276 5053452 56691  25026
54.127989793 9539148100 1182824 56700  18222
54.139975572 9540303494 1155394 56728  46046
54.151984887 9541567279 1263785 56690  56483
54.163988933 9542612243 1044964 56711  50227
54.175988582 9543876814 1264571 56721  56529
54.187977251 9545141833 1265019 56735  56548
54.199989317 9546406656 1264823 56722  56541
54.211990806 9549595983 3189327 51962  31534
54.222975184 9553777419 4181436 51957  19743
54.233977291 9557240139 3462720 56690  16609
54.245976221 9560646042 3405903 51967  17496
54.256990169 9564838356 4192314 51960  19985
54.267988951 9568278189 3439833 56676  14392
54.279987586 9569491081 1212892 56707  30933
54.291989452 9573420890 3929809 51960  32675
54.302982917 9577513361 4092471 56687  18384
54.314977035 9580672633 3159272 56700  16522
54.326976178 9585608929 4936296 51967  25991
54.337988917 9589109689 3500760 51956  15344
54.348988464 9591789820 2680131 56705  11666
54.360989424 9592970072 1180252 56721  38470
54.372988306 9594157224 1187152 56715  53111
54.384976971 9595463567 1306343 56699  50866
54.396976384 9600254111 4790544 56690  22699
54.408976719 9605208670 4954559 51962  24473
54.419987974 9606893473 1684803 51960  6847
54.430989046 9611351527 4458054 56687  20617
54.442987691 9616415841 5064314 56689  24507
54.454983408 9617608694 1192853 56703  15436
54.466975910 9620323384 2714690 51961  38961
54.477989115 9624300230 3976846 56679  18004
54.489978123 9628722746 4422516 56689  21665
54.501977172 9631813941 3091195 56686  17001
54.513977278 9636223014 4409073 51961  21682
54.524989843 9639917191 3694177 56691  15576
54.536977009 9641131963 1214772 56727  36510
54.548975981 9642286461 1154498 56704  49181
54.560988947 9643551480 1265019 56719  56545
54.572989746 9644597002 1045522 56716  49775
54.584976815 9645861349 1264347 56712  56515
54.596976724 9647125920 1264571 56718  56524
54.608997657 9648184110 1058190 56706  48796
54.620978312 9649390911 1206801 56708  56531
54.632976314 9650656020 1265109 56734  56559
54.644989461 9651921039 1265019 56725  56544
54.656989613 9653186086 1265047 56725  56550
54.668976855 9654451077 1264991 56726  56545
54.680989138 9655715872 1264795 56719  56537
54.692988993 9656982282 1266410 56710  56419
54.704989159 9659127280 2144998 51978  43094
54.715988287 9663270503 4143223 56679  18837
54.727975663 9667728958 4458455 56697  21130
54.739989642 9670806238 3077280 56695  21902
54.751986895 9675877081 5070843 56697  24646
54.763976413 9679024252 3147171 56677  12666
54.775996166 9680238950 1214698 56720  33412
54.787990692 9685139994 4901044 56669  34579
54.799987877 9689315541 4175547 56679  18577
54.811977233 9691491573 2176032 56702  8272
54.823977192 9696516686 5025113 56693  24527
54.835989345 9701227308 4710622 51951  23088
54.846975116 9702643753 1416445 56679  9290
54.858977361 9703798895 1155142 56708  45521
54.870976014 9705063690 1264795 56716  56526
54.882988380 9706972754 1909064 51975  43855
54.893987708 9711067440 4094686 56695  18362
54.905975887 9716124608 5057168 56677  24912
54.917976666 9718932205 2807597 51966  23532
54.928982828 9722950490 4018285 56667  18720
54.940977320 9727261465 4310975 56692  19904
54.952987053 9728455099 1193634 56707  26837
54.964988918 9731919065 3463966 56697  34955
54.976975863 9736121282 4202217 51959  20340
54.987975845 9739584238 3462956 56698  15497
54.999989595 9743076661 3492423 51955  19961
55.010988335 9747555067 4478406 51962  22276
55.021976750 9750701648 3146581 56701  14860
55.033976566 9751915002 1213354 56702  35643
55.045988069 9753069395 1154393 56708  48691
55.057977517 9754332979 1263584 56686  55700
55.069975430 9755378473 1045494 56724  52470
55.081998913 9756642372 1263899 56694  56491
55.093989558 9757906495 1264123 56704  56504
55.105977634 9759033757 1127262 56697  51701
55.117989417 9763972391 4938634 56684  23482
55.129976236 9768938178 4965787 51966  25189
55.140975987 9770651384 1713206 51968  14753
55.151988265 9775078544 4427160 56687  21909
55.163989711 9780144427 5065883 56687  25817
55.175976016 9781335684 1191257 56713  17908
55.187975565 9784089424 2753740 51978  35203
55.198988270 9788116490 4027066 56694  18614
55.210976445 9792442369 4325879 56696  20253
55.222974645 9795533787 3091418 56691  19897
55.234996631 9800399289 4865502 56682  23745
55.246989803 9803679023 3279734 56681  13754
55.258976259 9804891011 1211988 56699  34017
55.270977894 9806046181 1155170 56705  47163
55.282988590 9807310976 1264795 56722  55733
55.294977213 9811510616 4199640 51958  28058
55.305988621 9815589944 4079328 56693  18915
55.317989427 9818300638 2710694 56700  21900
55.329975459 9823226829 4926191 51956  24494
55.340988254 9826786527 3559698 51973  15941
55.351981125 9829405029 2618502 56685  13217
55.363976301 9830559885 1154856 56710  38568
55.375976820 9835583479 5023594 56677  24991
55.387988796 9840415078 4831599 51955  23959
55.398995904 9842451409 2036331 56706  12231
55.410977843 9846755884 4304475 56679  20374
55.422976458 9851818459 5062575 56687  24544
55.434976478 9853009492 1191033 56700  22091
55.446989567 9854164914 1155422 56706  44127
55.458990260 9855429905 1264991 56721  56542
55.470977745 9856474979 1045074 56693  50993
55.482989951 9857739326 1264347 56704  56515
55.494977873 9859003897 1264571 56711  56525
55.506988965 9860268692 1264795 56713  56542
55.518990012 9861266066 997374 56703  47199
55.530976047 9862530637 1264571 56711  56520
55.543023067 9863795432 1264795 56730  56546
55.554996615 9865060451 1265019 56724  56544
55.566989851 9866325022 1264571 56718  56530
55.578977010 9867589223 1264201 56702  56511
55.590990812 9868854164 1264941 56732  56546
55.602987945 9869580032 725868 56681  47957
55.614988357 9870844379 1264347 56715  56519
55.626976169 9872109349 1264970 56725  56540
55.638976002 9873373073 1263724 56694  56496
55.650990018 9874637644 1264571 56717  56534
55.662988981 9875902439 1264795 56721  56533
55.674990166 9877167458 1265019 56728  56546
55.686976178 9878431581 1264123 56707  56517
55.698988701 9879695508 1263927 56690  56500
55.710984280 9880960409 1264901 56714  56534
55.722977379 9882225070 1264661 56724  56535
55.734977575 9883489641 1264571 56713  56530
55.746990901 9884754618 1264977 56722  56537
55.758976823 9886018783 1264165 56713  56521
55.770977278 9887151404 1132621 56703  48875
55.782976781 9887631214 479810 56689  56519
55.794988910 9888732332 1101118 56715  56539
55.806988836 9889997127 1264795 56720  56533
55.818989592 9891262370 1265243 56731  56555
55.830977617 9892526941 1264571 56712  56531
55.842977917 9893791960 1265019 56725  56547
55.854989510 9895056531 1264571 56706  56529
55.866977192 9896321326 1264795 56709  56533
55.878996698 9897586345 1265019 56719  56548
55.890989003 9898851588 1265243 56726  56559
55.902990792 9900116383 1264795 56721  56553
55.914978338 9901381626 1265243 56735  56563
55.926988474 9902646421 1264795 56710  56537
55.938989850 9903911440 1265019 56723  56544
55.950989379 9905176459 1265019 56719  56545
55.962976911 9906441030 1264571 56706  56528
55.974977677 9907705601 1264571 56720  56535
55.986988066 9908970396 1264795 56718  56535
55.998989429 9910235191 1264795 56711  56534
56.010988854 9911499986 1264795 56709  56533
56.022976076 9912765005 1265019 56725  56546
56.034998222 9914030024 1265019 56720  56547
56.046989184 9915294819 1264795 56721  56545
56.058979017 9916559904 1265085 56723  56555
56.070979286 9917824972 1265068 56724  56550
56.082990509 9919089876 1264904 56725  56544
56.094978091 9920355119 1265243 56730  56562
56.106976273 9921619914 1264795 56712  56538
56.118977293 9922813794 1193880 56720  51218
56.130989315 9923293600 479806 56692  53545
56.142989031 9923773500 479900 56712  56542
56.154974866 9924510184 736684 56708  56524
56.166976992 9925775153 1264969 56721  56522
56.178976181 9927039550 1264397 56708  56509
56.191003221 9928304121 1264571 56718  56525
56.202978183 9929568888 1264767 56721  56528
56.214988472 9930833711 1264823 56718  56464
56.226990841 9932098730 1265019 56720  56503
56.238987613 9933363525 1264795 56717  56467
56.250977239 9934628320 1264795 56719  56475
56.262988918 9935892891 1264571 56716  56468
56.274990718 9937157910 1265019 56729  56473
56.286988753 9938422929 1265019 56725  56477
56.298978239 9939687435 1264506 56704  56446
56.310977058 9940952071 1264636 56722  56521
56.322989854 9942217090 1265019 56729  56529
56.334989743 9943480875 1263785 56694  56436
56.346997782 9944745784 1264909 56725  56516
56.358976684 9946010579 1264795 56713  56531
56.370988417 9947275150 1264571 56716  56524
56.382977206 9948539945 1264795 56726  56528
56.394977689 9949804964 1265019 56726  56534
56.406977647 9951069710 1264746 56718  56540
56.418990097 9952334330 1264620 56718  56534
56.430976119 9953598229 1263899 56689  56496
56.442988611 9954862800 1264571 56712  56527
56.454976421 9956127595 1264795 56726  56540
56.466989566 9957392614 1265019 56721  56544
56.478988599 9958657409 1264795 56728  56543
56.490976824 9959922483 1265074 56692  56551
56.502975763 9961187814 1265331 56680  56545
56.514985166 9962453145 1265331 56676  56559
56.526990602 9963718477 1265332 56684  56563
56.538977684 9964983584 1265107 56670  56540
56.550991507 9966248691 1265107 56666  56527
56.562988059 9967513798 1265107 56677  56551
56.574991631 9968778905 1265107 56673  56553
56.586977823 9970044236 1265331 56689  56562
56.598990343 9971309568 1265332 56682  56561
56.610989386 9972574899 1265331 56687  56554
56.622990178 9973840006 1265107 56690  56558
56.634978060 9975105337 1265331 56683  56557
56.646978132 9976370444 1265107 56662  56538
56.658990415 9977635775 1265331 56695  56559
56.670997915 9978901107 1265332 56690  56558
56.682992510 9980165990 1264883 56680  56534
56.694978852 9981431097 1265107 56682  56553
56.706989125 9982696428 1265331 56685  56560
56.718977344 9983961535 1265107 56680  56545
56.730977603 9985226866 1265331 56674  56554
56.742977312 9986492198 1265332 56691  56556
56.754989728 9987757529 1265331 56696  56547
56.766977907 9989022636 1265107 56683  56548
56.778976306 9990287967 1265331 56673  56560
56.790976679 9991553074 1265107 56681  56547
56.802976781 9992818405 1265331 56685  56560
56.814989690 9994083737 1265332 56676  56558
56.826986776 9994616154 532417 56699  50930
56.838977188 9995095967 479813 56691  56526
56.850975837 9995575650 479683 56696  56524
56.862976229 9996055625 479975 56710  56501
56.874975715 9996535305 479680 56685  56476
56.886989728 9997044218 508913 36631  36348
56.898991137 9997801760 757542 6605  6416
56.910990863 9998559361 757601 6613  6428
56.922977659 9999317109 757748 6599  6425
56.934988641 10000074574 757465 6603  6388
56.946978463 10000832208 757634 6603  6378
56.958988363 10001589716 757508 6597  6373
56.970977355 10002347407 757691 6603  6358
56.982984284 10003105016 757609 6612  6363
56.994990480 10003862627 757611 6596  6349
57.006990806 10004620211 757584 6600  6362
57.018976871 10005377815 757604 6602  6363
57.030990170 10006135445 757630 6596  6424
57.042989510 10006892911 757466 6596  6379
57.054988842 10007650468 757557 6612  6393
57.066977641 10008408203 757735 6604  6427
57.078976700 10009165847 757644 6604  6430
57.090989506 10009923465 757618 6606  6430
57.102989672 10010681168 757703 6605  6426
57.114991011 10011438802 757634 6601  6437
57.126975630 10012196430 757628 6613  6443
57.138989196 10012954121 757691 6605  6432
57.150997272 10013711738 757617 6600  6432
57.162977724 10014469263 757525 6599  6439
57.174978670 10015226851 757588 6596  6430
57.186990419 10015984525 757674 6602  6438
57.198977504 10016742159 757634 6610  6443
57.210988944 10017499787 757628 6600  6437
57.222989469 10018257434 757647 6600  6438
57.234991119 10019015049 757615 6599  6433
57.246990661 10019772726 757677 6603  6442
57.258978080 10020530374 757648 6600  6436
57.270975872 10021288002 757628 6611  6448
57.282977424 10022045693 757691 6601  6433
57.294988387 10022803388 757695 6603  6438
57.306984633 10023560965 757577 6595  6436
57.318976302 10024318617 757652 6598  6431
57.330987778 10025076101 757484 6599  6429
57.342990344 10025833611 757510 6609  6437
57.354976766 10026591167 757556 6598  6440
57.366977442 10027348930 757763 6598  6437
57.378987754 10028106594 757664 6594  6436
57.390977970 10028864000 757406 6596  6429
57.402976829 10029621658 757658 6604  6432
57.414978165 10030379260 757602 6607  6440
57.426989231 10031136905 757645 6605  6433
57.438990193 10031894596 757691 6604  6439
57.450977819 10032652200 757604 6602  6434
57.462986308 10033409921 757721 6601  6433
57.474979397 10034167582 757661 6606  6437
57.486990266 10034925120 757538 6607  6437
57.498977122 10035682559 757439 6599  6438
57.510977588 10036440008 757449 6601  6435
57.522990950 10037197713 757705 6601  6436
57.534977185 10037955164 757451 6604  6437
57.546976712 10038712855 757691 6600  6433
57.558988985 10039470277 757422 6609  6439
57.570990440 10040227940 757663 6598  6438
57.582989440 10040985568 757628 6598  6436
57.594977418 10041743202 757634 6607  6440
57.606976657 10042500921 757719 6605  6437
57.618986020 10043258464 757543 6605  6434
57.630990739 10044016018 757554 6609  6435
57.642988578 10044773619 757601 6603  6439
57.654976414 10045531234 757615 6597  6438
57.666989532 10046288791 757557 6604  6433
57.678989275 10047046439 757648 6599  6433
57.690977357 10047804010 757571 6597  6429
57.702977577 10048561638 757628 6607  6438
57.714988599 10049319089 757451 6600  6438
57.726966597 10050076603 757514 6606  6433
57.738976824 10050834160 757557 6600  6432
57.750978437 10051591922 757762 6604  6433
57.762990699 10052349464 757542 6599  6435
57.774991319 10053106798 757334 6607  6442
57.786998221 10053864395 757597 6604  6434
57.798989963 10054622029 757634 6608  6432
57.810977269 10055379628 757599 6606  6435
57.822991264 10056137108 757480 6603  6440
57.834978480 10056894679 757571 6606  6441
57.846957628 10057709791 815112 33434  24551
57.857991081 10058946624 1236833 52013  36701
57.868978918 10060187218 1240594 51971  36781
57.879981537 10061424243 1237025 51973  36725
57.890977265 10062665788 1241545 51988  36806
57.901990937 10063901905 1236117 52007  36677
57.912976894 10065132726 1230821 52004  36437
57.923976826 10066370719 1237993 51986  36697
57.934997454 10067609197 1238478 51979  36679
57.945977276 10068848560 1239363 51987  36771
57.956975380 10070084672 1236112 52013  36597
57.967977845 10071323414 1238742 51957  36711
57.978976703 10072555539 1232125 51957  36429
57.989978607 10073795613 1240074 51993  36749
58.000989779 10075034869 1239256 52008  36657
58.011979427 10076274055 1239186 52011  36667
58.022988955 10077514767 1240712 51996  36756
58.033976459 10078757141 1242374 51963  36796
58.044977531 10079993129 1235988 51998  36648
58.055977609 10081229926 1236797 52017  36608
58.066988978 10082469416 1239490 52010  36737
58.077998033 10083704369 1234953 51988  36562
58.088978243 10084946557 1242188 51988  36829
58.099989555 10086183034 1236477 52004  36646
58.110978303 10087417036 1234002 52017  36587
58.121977804 10088654489 1237453 51988  36687
58.132989986 10089894378 1239889 51991  36767
58.143990521 10091132123 1237745 51998  36713
58.154979005 10092367679 1235556 52013  36630
58.165991114 10093605689 1238010 52004  36731
58.176988338 10094839451 1233762 51970  36556
58.187990833 10096083926 1244475 51982  36918
58.198978178 10097323859 1239933 52011  36711
58.209988600 10098560193 1236334 52009  36691
58.220984650 10099795314 1235121 51993  36588
58.231990432 10101035819 1240505 51978  36807
58.242990134 10102269072 1233253 51997  36533
58.253977814 10103506688 1237616 52008  36726
58.264990966 10104742494 1235806 52009  36614
58.275990721 10105980075 1237581 51985  36716
58.286976788 10107219419 1239344 51977  36752
58.297979073 10108458236 1238817 52005  36741
58.308989218 10109692350 1234114 52009  36608
58.319978156 10110933330 1240980 51992  36777
58.330979474 10112171118 1237788 51981  36706
58.341991050 10113411129 1240011 51992  36751
58.352990037 10114646743 1235614 52012  36679
58.363975829 10115884343 1237600 52009  36666
58.374998414 10117118570 1234227 51982  36596
58.385991768 10118358225 1239655 51970  36729
58.396977683 10119597619 1239394 51994  36765
58.407976688 10120834602 1236983 51996  36659
58.418976665 10122073579 1238977 51993  36745
58.429990560 10123308937 1235358 51979  36619
58.440989292 10124540353 1231416 51990  36512
58.451978223 10125775079 1234726 52011  36589
58.462978261 10127010494 1235415 52009  36661
58.473988436 10128245801 1235307 51988  36605
58.484978304 10129486905 1241104 51990  36826
58.495978042 10130729070 1242165 52003  36813
58.506977637 10131957758 1228688 51976  36434
58.517998082 10133196249 1238491 51995  36666
58.528990820 10134433742 1237493 51930  36716
58.539976175 10135672927 1239185 51990  36723
58.550977932 10136908103 1235176 51982  36652
58.561978407 10138147404 1239301 52010  36737
58.572991076 10139380480 1233076 51990  36559
58.583976806 10140622656 1242176 51989  36837
58.594990251 10141860985 1238329 52002  36739
58.605991750 10143098089 1237104 52011  36698
58.616990395 10144337638 1239549 51994  36748
58.627989636 10145574067 1236429 51992  36653
58.638976490 10146807653 1233586 51988  36560
58.649991185 10148045101 1237448 52014  36679
58.660999297 10149286653 1241552 52014  36780
58.671977331 10150528446 1241793 51982  36844
58.682977219 10151768648 1240202 51970  36782
58.693992424 10153009605 1240957 51998  36825
58.704989993 10154241193 1231588 52010  36544
58.715977497 10155482108 1240915 52002  36807
58.726991148 10156720951 1238843 51984  36734
58.737989973 10157961033 1240082 51995  36750
58.748978681 10159198334 1237301 51975  36718
58.759978372 10160438921 1240587 52010  36755
58.770989374 10161669764 1230843 51988  36505
58.781989789 10162908341 1238577 51891  36706
58.792990844 10164149589 1241248 51985  36846
58.803985812 10165386629 1237040 51985  36659
58.814991216 10166624883 1238254 51965  36716
58.825979941 10167864825 1239942 51980  36723
58.836990720 10169099617 1234792 51978  36575
58.847989337 10170338078 1238461 52011  36712
58.858977302 10171576711 1238633 51984  36724
58.869978334 10172814452 1237741 51974  36716
58.880977968 10174056270 1241818 52001  36789
58.891976263 10175297766 1241496 52009  36840
58.902989798 10176529299 1231533 52011  36503
58.913989746 10177770411 1241112 51986  36841
58.924988437 10179004954 1234543 51969  36567
58.935977955 10180248550 1243596 51984  36903
58.946990743 10181487831 1239281 51999  36771
58.957985485 10182725865 1238034 51977  36701
58.968977109 10183958592 1232727 51965  36561
58.979990002 10185202014 1243422 51957  36848
58.990991186 10186442567 1240553 52002  36814
59.001976937 10187678093 1235526 52000  36618
59.012991392 10188915624 1237531 52006  36746
59.023988626 10190150660 1235036 51956  36598
59.034991378 10191386300 1235640 51984  36650
59.045976480 10192624984 1238684 51957  36690
59.056977490 10193864222 1239238 52011  36769
59.067977355 10195101299 1237077 51987  36675
59.078990210 10196344596 1243297 51994  36861
59.089990599 10197583626 1239030 51978  36767
59.100998647 10198817142 1233516 51993  36558
59.111991094 10200056723 1239581 51976  36750
59.122990666 10201293864 1237141 51975  36659
59.133978481 10202537389 1243525 51957  36866
59.144976942 10203775542 1238153 52015  36707
59.155990531 10205015603 1240061 51974  36772
59.166989825 10206245453 1229850 51983  36457
59.177990473 10207484485 1239032 51947  36753
59.188978102 10208722062 1237577 51991  36725
59.199989292 10209950873 1228811 52021  36965
59.210976887 10210234184 283311 56714  56554
59.222977963 10210517455 283271 56689  56538
59.234989142 10210800706 283251 56698  56541
59.246998055 10211084047 283341 56716  56555
59.258976247 10211367303 283256 56692  56536
59.270988293 10211650514 283211 56682  56524
59.282989696 10211933765 283251 56698  56541
59.294976171 10212217021 283256 56693  56532
59.306977480 10212500277 283256 56694  56536
59.318988339 10212783593 283316 56716  56554
59.330990269 10213066804 283211 56691  56532
59.342988381 10213350145 283341 56696  56537
59.354969340 10213633331 283186 56696  56531
59.366975669 10213916577 283246 56687  56529
59.378988198 10214199928 283351 56715  56563
59.390988598 10214483234 283306 56692  56540
59.402988313 10214766555 283321 56706  56553
59.414983473 10215252014 485459 51964  51770
59.425976740 10216502471 1250457 51972  27975
59.436988708 10217725737 1223266 51973  34882
59.447979107 10218940984 1215247 51976  36945
59.458976382 10219912148 971164 56687  46306
59.470989440 10220308194 396046 56664  56433
59.482989433 10220704366 396172 56711  56521
59.494976872 10221100531 396165 56702  56539
59.506976384 10221496997 396466 56698  56542
59.518977140 10221893176 396179 56697  56546
59.530977496 10222289208 396032 56697  56540
59.542978705 10222685408 396200 56709  56545
59.554991424 10223081545 396137 56695  56539
59.566999397 10223478067 396522 56718  56552
59.578977656 10223874225 396158 56694  56535
59.590977531 10224270285 396060 56693  56536
59.602977681 10224666443 396158 56708  56550
59.614989953 10225063059 396616 56696  56537
59.626992102 10225459165 396106 56702  56542
59.638976711 10225855372 396207 56701  56541
59.650979077 10226251439 396067 56700  56546
59.662988829 10226647562 396123 56699  56545
59.674991242 10227044255 396693 56708  56551
59.686988101 10227440375 396120 56687  56532
59.698989507 10227836435 396060 56696  56541
59.710991749 10228232600 396165 56700  56548
59.722984538 10228629283 396683 56718  56563
59.734978118 10229025434 396151 56704  56552
59.746991731 10229421550 396116 56683  56530
59.758978706 10229817616 396066 56693  56537
59.770988936 10230213726 396110 56692  56540
59.782979101 10230610430 396704 56711  56555
59.794977983 10231006616 396186 56699  56544
59.806991326 10231402823 396207 56710  56556
59.818989998 10231798883 396060 56704  56553
59.830978500 10232195013 396130 56701  56539
59.842978346 10232591500 396487 56698  56543
59.854976352 10232987588 396088 56693  56542
59.866977385 10233383704 396116 56693  56538
59.878992624 10233779897 396193 56708  56552
59.890978680 10234176426 396529 56702  56547
59.902989828 10234572451 396025 56681  56530
59.914978435 10234968483 396032 56707  56549
59.926977530 10235364662 396179 56702  56545
59.938978370 10235760848 396186 56705  56541
59.950989289 10236157167 396319 56687  56527
59.962989658 10236553297 396130 56703  56549
59.974978900 10236949420 396123 56707  56547
59.986977166 10237345508 396088 56689  56532
59.998989712 10237741547 396039 56696  56540
60.010991128 10238138076 396529 56687  56533
60.022990313 10238534038 395962 56690  56535
60.034990090 10238930168 396130 56695  56537
60.046997505 10239326095 395927 56679  56528
60.058992168 10239722631 396536 56693  56542
60.070977230 10240118740 396109 56701  56546
60.082992282 10240514779 396039 56686  56532
60.094990065 10240910692 395913 56685  56537
60.106991584 10241306871 396179 56698  56543
60.118978270 10241703421 396550 56698  56536
60.130977192 10242099530 396109 56685  56535
60.142990722 10242495611 396081 56703  56549
60.154990504 10242891839 396228 56700  56545
60.166977686 10243287934 396095 56693  56541
60.178989542 10243684372 396438 56682  56523
60.190977244 10244080460 396088 56698  56545
60.202986190 10244476597 396137 56713  56556
60.214991380 10244872713 396116 56698  56543
60.226978559 10245269256 396543 56696  56541
60.238991745 10245665246 395990 56692  56540
60.250978280 10246061250 396004 56695  56539
60.262990322 10246457282 396032 56702  56536
60.274976469 10246853279 395997 56696  56536
60.286991121 10247249878 396599 56696  56547
60.298990610 10247645994 396116 56703  56544
60.310978232 10248042005 396011 56688  56535
60.322978241 10248438100 396095 56699  56537
60.334990664 10248765643 327543 56726  56031
60.346990480 10249105692 340049 56697  56306
60.358999186 10249445417 339725 56694  56387
60.370990218 10249785304 339887 56707  56436
60.382989127 10250124819 339515 56702  56401
60.394990576 10250464456 339637 56703  56417
60.406977885 10250804359 339903 56709  56449
60.418990021 10251144000 339641 56684  56412
60.430990184 10251483560 339560 56705  56431
60.442990643 10251823357 339797 56698  56444
60.454976359 10252162860 339503 56698  56399
60.466978274 10252502573 339713 56695  56423
60.478990140 10252842081 339508 56696  56409
60.490989829 10253181968 339887 56711  56458
60.502976831 10253521735 339767 56693  56428
60.514985364 10253861358 339623 56697  56415
60.526976450 10254201041 339683 56706  56432
60.538977046 10254540712 339671 56695  56427
60.550978541 10254880275 339563 56707  56422
60.562976574 10255220186 339911 56712  56456
60.574991080 10255559893 339707 56689  56416
60.586977598 10255899480 339587 56699  56417
60.598977451 10256239145 339665 56702  56424
60.610977008 10256578831 339686 56686  56412
60.622988790 10256918388 339557 56692  56416
60.634988329 10257258461 340073 56732  56486
60.646979051 10257598276 339815 56699  56428
60.658976010 10257937833 339557 56687  56421
60.670997986 10258277588 339755 56703  56436
60.682981039 10258617391 339803 56716  56440
60.694988855 10258957056 339665 56699  56431
60.706989547 10259296968 339912 56704  56455
60.718979263 10259636819 339851 56716  56441
60.730991532 10259976471 339652 56697  56426
60.742976318 10260316202 339731 56709  56435
60.754989967 10260656017 339815 56715  56440
60.766976382 10260995703 339686 56703  56430
60.778990315 10261335541 339838 56709  56447
60.790976705 10261675265 339724 56694  56423
60.802975730 10262014828 339563 56696  56427
60.814989136 10262354435 339607 56695  56425
60.826989938 10262694113 339678 56702  56431
60.838987594 10263033775 339662 56697  56441
60.850981977 10263373676 339901 56697  56448
60.862976799 10263713432 339756 56699  56432
60.874977101 10264053111 339679 56690  56432
60.886990177 10264392658 339547 56690  56425
60.898977647 10264732396 339738 56699  56425
60.910988652 10265072295 339899 56711  56452
60.922978534 10265411741 339446 56693  56417
60.934975720 10265751666 339925 56710  56462
60.946977536 10266091452 339786 56702  56430
60.958989702 10266431000 339548 56703  56433
60.970977677 10266770798 339798 56694  56446
60.982976537 10267110561 339763 56698  56435
60.994986119 10267450222 339661 56700  56432
61.006991125 10267790070 339848 56704  56459
61.018990335 10268129903 339833 56706  56441
61.030990614 10268469259 339356 56688  56406
61.042989482 10268809142 339883 56707  56466
61.054990905 10269149024 339882 56709  56453
61.066989421 10269488734 339710 56711  56447
61.078978154 10269828642 339908 56697  56459
61.090988562 10270168457 339815 56705  56433
61.102978731 10270507843 339386 56697  56411
61.114989187 10270847594 339751 56684  56439
61.126977037 10271187326 339732 56700  56446
61.138974819 10271526928 339602 56697  56426
61.150996655 10271866877 339949 56699  56461
61.162989624 10272206609 339732 56696  56431
61.174976676 10272545949 339340 56694  56404
61.186977639 10272885922 339973 56715  56465
61.198978068 10273225750 339828 56706  56436
61.210978211 10273579829 354079 56695  56374
61.222981589 10273975868 396039 56664  56527
61.234980792 10274372054 396186 56699  56531
61.246991395 10274768157 396103 56705  56547
61.258979610 10275164685 396528 56712  56552
61.270990889 10275560892 396207 56711  56552
61.282978339 10275957022 396130 56702  56544
61.294991278 10276353194 396172 56705  56548
61.306991297 10276749401 396207 56700  56544
61.318986793 10277145993 396592 56696  56544
61.330980441 10277542039 396046 56697  56536
61.342989831 10277938169 396130 56701  56543
61.354991257 10278334292 396123 56700  56552
61.366991246 10278730898 396606 56706  56541
61.378991795 10279126986 396088 56697  56534
61.390990821 10279522997 396011 56688  56527
61.402990720 10279919127 396130 56694  56543
61.414979283 10280315145 396018 56690  56542
61.426990805 10280711814 396669 56696  56541
61.438978261 10281107853 396039 56692  56527
61.450989906 10281504046 396193 56694  56539
61.462977899 10281900015 395969 56680  56523
61.474986958 10282296047 396032 56702  56543
61.486994458 10282692548 396501 56710  56558
61.498991253 10283088748 396200 56711  56558
61.510980496 10283484928 396180 56698  56539
61.522978861 10283881127 396199 56704  56551
61.534979320 10284277740 396613 56691  56542
61.546979780 10284673751 396011 56684  56527
61.558979695 10285069874 396123 56707  56547
61.570979925 10285466053 396179 56718  56558
61.582990854 10285862148 396095 56704  56542
61.594991156 10286258852 396704 56709  56558
61.606991858 10286654940 396088 56699  56544
61.618978245 10287050972 396032 56707  56545
61.630998307 10287447123 396151 56691  56533
61.642980143 10287843323 396200 56701  56547
61.654977922 10288239726 396403 56694  56547
61.666979791 10288635800 396074 56696  56535
61.678991110 10289031902 396102 56692  56536
61.690979966 10289427983 396081 56695  56537
61.702981385 10289824617 396634 56705  56548
61.714990494 10290220929 396312 56709  56557
61.726991623 10290616996 396067 56703  56544
61.738991390 10291013161 396165 56709  56553
61.750980125 10291409375 396214 56693  56538
61.762991751 10291805939 396564 56693  56529
61.774978637 10292202125 396186 56700  56546
61.787000489 10292598349 396224 56716  56561
61.798979225 10292994511 396162 56699  56540
61.810979364 10293390795 396284 56689  56540
61.822992493 10293787275 396480 56710  56551
61.834979355 10294183426 396151 56692  56536
61.846980652 10294579388 395962 56686  56536
61.858991548 10294975525 396137 56693  56542
61.870978966 10295371998 396473 56700  56541
61.882980342 10295768241 396243 56708  56544
61.894977815 10296164286 396045 56687  56528
61.906979117 10296560451 396165 56705  56549
61.918988960 10296956574 396123 56714  56552
61.930979029 10297353313 396739 56706  56547
61.942976447 10297749352 396039 56691  56539
61.954986644 10298145531 396179 56707  56547
61.966991527 10298541500 395969 56696  56538
61.978978585 10298937917 396417 56703  56545
61.990980281 10299334068 396151 56681  56516
62.002977710 10299730191 396123 56693  56536
62.014991663 10300126349 396158 56693  56540
62.026979562 10300522402 396053 56700  56541
62.038992258 10300918980 396578 56701  56547
62.050992150 10301315082 396102 56689  56537
62.062979522 10301711156 396074 56698  56539
62.074991789 10302107279 396123 56697  56547
62.086980557 10302444550 337271 56712  56040
62.098991834 10302784683 340133 56689  56297
62.110984509 10303124324 339641 56686  56363
62.122986742 10303463881 339557 56707  56408
62.134977064 10303803750 339869 56708  56449
62.146991177 10304143463 339713 56699  56419
62.158989006 10304483176 339713 56696  56431
62.170991222 10304823036 339860 56709  56454
62.182978234 10305162503 339467 56695  56403
62.194990697 10305502210 339707 56697  56430
62.206977139 10305842091 339881 56707  56454
62.218977339 10306181810 339719 56699  56421
62.230988934 10306521469 339659 56698  56435
62.242977586 10306861391 339922 56698  56441
62.254990132 10307201038 339647 56712  56427
62.266984738 10307540649 339611 56704  56433
62.278978404 10307880530 339881 56706  56453
62.290977023 10308220231 339701 56687  56423
62.302990186 10308559884 339653 56708  56433
62.314976954 10308899807 339923 56722  56465
62.326978204 10309239256 339449 56694  56393
62.338976656 10309579017 339761 56701  56435
62.350994699 10309918928 339911 56699  56447
62.362989784 10310258719 339791 56699  56432
62.374988691 10310598297 339578 56698  56420
62.386989159 10310938238 339941 56698  56462
62.398989082 10311277753 339515 56698  56401
62.410988878 10311617424 339671 56704  56446
62.422985344 10311957257 339833 56703  56455
62.434979089 10312297060 339803 56704  56433
62.446991519 10312636707 339647 56695  56423
62.458990434 10312976618 339911 56704  56446
62.470977746 10313316247 339629 56706  56433
62.482978346 10313656062 339815 56700  56430
62.494989596 10313995751 339689 56703  56438
62.506989854 10314335470 339719 56699  56438
62.518976133 10314675192 339722 56699  56421
62.530989459 10315014746 339554 56690  56417
62.542977245 10315354444 339698 56708  56447
62.554976628 10315694212 339768 56692  56420
62.566976636 10316033976 339764 56700  56436
62.578977059 10316373865 339889 56696  56452
62.590998805 10316713489 339624 56687  56421
62.602990438 10317053103 339614 56697  56427
62.614976333 10317392794 339691 56691  56425
62.626991059 10317732495 339701 56695  56430
62.638988328 10318072253 339758 56696  56444
62.650990331 10318412220 339967 56704  56466
62.662977783 10318752012 339792 56700  56436
62.674977298 10319091703 339691 56703  56437
62.686989498 10319431299 339596 56686  56424
62.698978671 10319771193 339894 56712  56444
62.710976920 10320110807 339614 56702  56435
62.722989483 10320450731 339924 56698  56452
62.734977031 10320790590 339859 56713  56454
62.747000511 10321130288 339698 56702  56439
62.758977603 10321469949 339661 56691  56430
62.770977262 10321809896 339947 56715  56458
62.782991548 10322149606 339710 56696  56432
62.794975587 10322489579 339973 56699  56455
62.806976230 10322829485 339906 56706  56445
62.818975749 10323169213 339728 56693  56437
62.830990845 10323509028 339815 56694  56434
62.842989277 10323848965 339937 56701  56457
62.854976746 10324188955 339990 56705  56459
62.866989455 10324528779 339824 56696  56444
62.878989638 10324868668 339889 56691  56447
62.890975823 10325208658 339990 56699  56450
62.902984526 10325548230 339572 56703  56428
62.914977995 10325888198 339968 56692  56449
62.926988028 10326228063 339865 56702  56447
62.938988297 10326567980 339917 56717  56456
62.950976309 10326907806 339826 56695  56446
62.962990205 10327241890 334084 55026  54651
62.987254785 10327243077 1187 56  3
63.005292364 10327244396 1319 88  15
63.019255769 10327245583 1187 56  4
63.035253818 10327248886 3303 202  42
