0.010125397 9402153 9402153 8664  167
0.021426115 61842264 52440111 1002  107
0.032356211 117786704 55944440 389  60
0.043365995 173871632 56084928 404  59
0.054357612 195954895 22083263 7461  5785
0.066368627 196153499 198604 28384  24768
0.078346766 196351907 198408 28380  26835
0.090353741 196550336 198429 28378  27487
0.102353916 196865137 314801 11002  10691
0.114355294 197453499 588362 28363  23418
0.126353860 198078516 625017 28373  23931
0.138351921 198698573 620057 28353  24100
0.150349620 199317590 619017 28364  24154
0.162360579 199937841 620251 28366  24293
0.174358321 200580661 642820 28369  23982
0.186363723 201229248 648587 28357  24675
0.198362944 201877061 647813 28359  24635
0.210362920 202525575 648514 28350  24577
0.222350095 203172885 647310 28349  24580
0.234349910 203821126 648241 28355  24594
0.246360182 204470343 649217 28356  24722
0.258364324 205119372 649029 28360  24885
0.270360756 205765659 646287 28361  24458
0.282363604 206412126 646467 28362  24605
0.294361880 207056032 643906 28352  24331
0.306363295 207641927 585895 28368  24683
0.318362477 208294089 652162 28362  24772
0.330355968 208936862 642773 28353  24476
0.342361044 209584636 647774 28361  24674
0.354350245 210231931 647295 28367  24686
0.366351664 210872919 640988 28354  24201
0.378350387 211524393 651474 28362  24996
0.390361225 212170388 645995 28354  24666
0.402359590 212816210 645822 28377  24612
0.414363732 213461547 645337 28350  24672
0.426350121 214103601 642054 28356  24360
0.438348665 214749301 645700 28351  24661
0.450348991 215395912 646611 28368  24650
0.462351179 216040900 644988 28367  24528
0.474349881 216686403 645503 28349  24549
0.486359436 217332012 645609 28357  24520
0.498360728 217979063 647051 28356  24719
0.510349071 218625913 646850 28367  24727
0.522361925 219270789 644876 28349  24516
0.534363574 219918313 647524 28358  24777
0.546362629 220563847 645534 28359  24608
0.558351561 221208796 644949 28370  24622
0.570349999 221857087 648291 28346  24884
0.582360778 222500256 643169 28351  24465
0.594362421 223144787 644531 28364  24495
0.606358725 223789521 644734 28359  24515
0.618363570 224433915 644394 28355  24540
0.630361089 225083376 649461 28358  24919
0.642370801 225729195 645819 28349  24652
0.654349066 226375245 646050 28368  24704
0.666348478 227021460 646215 28367  24764
0.678364154 227663952 642492 28353  24397
0.690349969 228312709 648757 28361  25011
0.702350958 228957198 644489 28344  24625
0.714349052 229602628 645430 28352  24575
0.726362545 230247240 644612 28363  24620
0.738359987 230891800 644560 28354  24436
0.750346858 231539044 647244 28370  24833
0.762351057 232185743 646699 28363  24725
0.774345580 232831502 645759 28354  24619
0.786348964 233477088 645586 28354  24674
0.798360330 234121217 644129 28359  24548
0.810357442 234767302 646085 28365  24735
0.822351117 235414314 647012 28356  24881
0.834360009 236058341 644027 28358  24473
0.846349231 236703788 645447 28368  24704
0.858348696 237347686 643898 28362  24593
0.870360895 237991000 643314 28366  24550
0.882362141 238637880 646880 28359  24874
0.894349099 239281747 643867 28363  24565
0.906346335 239927111 645364 28373  24717
0.918359240 240571336 644225 28357  24619
0.930362962 241214319 642983 28360  24552
0.942358307 241860948 646629 28365  24937
0.954346922 242504110 643162 28353  24609
0.966369384 243148983 644873 28359  24741
0.978363763 243792429 643446 28361  24712
0.990349961 244434519 642090 28373  24349
1.002348010 245082705 648186 28368  25006
1.014363543 245727323 644618 28366  24636
1.026361747 246378329 651006 28362  24664
1.038346330 247030978 652649 28365  24693
1.050348811 247682780 651802 28353  24537
1.062361890 248336861 654081 28372  24819
1.074347182 248990147 653286 28367  24773
1.086346404 249641025 650878 28353  24603
1.098351543 250292497 651472 28362  24661
1.110350602 250943189 650692 28354  24592
1.122368551 251594915 651726 28346  24682
1.134349325 252247370 652455 28354  24921
1.146347034 252897833 650463 28353  24549
1.158350929 253548332 650499 28349  24706
1.170359681 254199544 651212 28371  24687
1.182347503 254849847 650303 28369  24600
1.194350558 255503692 653845 28360  24953
1.206364367 256153423 649731 28354  24629
1.218363083 256804410 650987 28363  24871
1.230348891 257453863 649453 28369  24649
1.242362243 258101981 648118 28343  24461
1.254360222 258754721 652740 28345  24873
1.266363660 259402911 648190 28349  24488
1.278369529 260053417 650506 28358  24719
1.290347734 260703081 649664 28356  24722
1.302362093 261349422 646341 28367  24313
1.314362668 262002465 653043 28385  25007
1.326361473 262652294 649829 28350  24728
1.338348031 263302183 649889 28372  24800
1.350362824 263951629 649446 28360  24796
1.362361813 264599813 648184 28370  24575
1.374349661 265249391 649578 28362  24803
1.386349363 265899122 649731 28364  24810
1.398363149 266547147 648025 28361  24694
1.410360643 267194931 647784 28366  24663
1.422348522 267842878 647947 28358  24620
1.434347824 268491021 648143 28360  24721
1.446357753 269139845 648824 28357  24850
1.458363062 279138441 9998596 426018  383280
1.473386169 279776147 637706 27702  24024
1.485351590 280423944 647797 28364  24779
1.497349426 281070136 646192 28354  24664
1.509361211 281714800 644664 28369  24555
1.521361373 282365471 650671 28372  25043
1.533362355 283011689 646218 28347  24623
1.545347793 283660573 648884 28363  24901
1.557361639 284308702 648129 28368  24908
1.569358834 284951737 643035 28356  24464
1.581346856 285617188 665451 28364  25051
1.593347271 286251383 634195 28358  24689
1.605374543 286913254 661871 28365  24681
1.617359329 287597459 684205 28362  24706
1.629362151 288195883 598424 28358  24584
1.641350832 288889018 693135 28367  24864
1.653359821 289534183 645165 28359  24693
1.665362100 290179340 645157 28360  24754
1.677346542 290825210 645870 28353  24825
1.689351631 291469671 644461 28362  24544
1.701359486 292116661 646990 28365  24887
1.713349444 292763003 646342 28351  24819
1.725359951 293407356 644353 28348  24701
1.737360872 294051072 643716 28357  24684
1.749349031 294694623 643551 28356  24619
1.761367680 295339266 644643 28355  24728
1.773361835 295984878 645612 28365  24910
1.785349257 296627740 642862 28357  24553
1.797352276 297271974 644234 28364  24808
1.809352612 297914653 642679 28357  24573
1.821362157 298558071 643418 28350  24699
1.833359562 299207380 649309 28370  25130
1.845360375 299849726 642346 28347  24621
1.857346933 300495323 645597 28370  24872
1.869345852 301139242 643919 28355  24759
1.881361811 301779449 640207 28368  24574
1.893346752 302428166 648717 28368  25136
1.905350128 303069208 641042 28360  24594
1.917358690 303712842 643634 28368  24829
1.929348762 304356225 643383 28352  24848
1.941346870 304995907 639682 28347  24433
1.953362403 305643261 647354 28375  25073
1.965358672 306288265 645004 28357  24816
1.977363043 306935102 646837 28360  24834
1.989346629 307581977 646875 28359  24941
2.001361734 308226234 644257 28373  24574
2.013347237 308875111 648877 28356  25000
2.025358929 309521412 646301 28350  24773
2.037349850 310165608 644196 28372  24669
2.049346953 310811050 645442 28353  24770
2.061361134 311456044 644994 28361  24652
2.073360480 312102390 646346 28360  24815
2.085366285 312750470 648080 28354  24986
2.097347858 313392993 642523 28354  24566
2.109361120 314081760 688767 28359  24696
2.121350251 314741270 659510 28355  24615
2.133347057 315386937 645667 28365  24877
2.145350378 316033289 646352 28375  24979
2.157359297 316676017 642728 28375  24617
2.169346366 317319221 643204 28370  24784
2.181358965 317962441 643220 28354  24681
2.193350587 318604991 642550 28370  24676
2.205349342 319250506 645515 28367  24968
2.217358651 319893877 643371 28354  24710
2.229350179 320539810 645933 28365  24885
2.241355422 321183108 643298 28361  24729
2.253349187 321825670 642562 28357  24683
2.265358616 322475720 650050 28364  25235
2.277348478 323118158 642438 28354  24684
2.289346327 323762942 644784 28371  24915
2.301364229 324406739 643797 28359  24849
2.313359501 325044336 637597 28357  24376
2.325347169 325692122 647786 28372  25147
2.337359028 326335516 643394 28356  24830
2.349347271 326979191 643675 28368  24860
2.361362240 327622851 643660 28359  24911
2.373360084 328264842 641991 28353  24724
2.385350313 328909398 644556 28360  25046
2.397368752 329553544 644146 28366  24950
2.409347660 330194764 641220 28365  24796
2.421359129 330893090 698326 28364  24696
2.433360368 331533477 640387 28352  24618
2.445361464 332176771 643294 28356  24966
2.457346855 343710499 11533728 494588  446663
2.473372851 344343721 633222 27731  24330
2.485351189 344979997 636276 28344  24496
2.497363235 345625062 645065 28360  25179
2.509358320 346268354 643292 28360  24755
2.521346952 346962260 693906 28369  24649
2.533362884 347601201 638941 28349  24885
2.545349106 348238108 636907 28368  24539
2.557371005 348880553 642445 28357  25147
2.569350410 349519903 639350 28372  24837
2.581359162 350159555 639652 28361  24851
2.593363301 350800513 640958 28365  24969
2.605346759 351437705 637192 28347  24595
2.617351792 352079974 642269 28369  25038
2.629360817 352721405 641431 28357  24972
2.641362893 353360306 638901 28356  24802
2.653349158 354000405 640099 28367  24920
2.665350473 354639661 639256 28346  24798
2.677358112 355279406 639745 28361  24859
2.689347425 355921771 642365 28354  25100
2.701347874 356560874 639103 28357  24806
2.713359129 357201063 640189 28355  24967
2.725369134 357840794 639731 28358  24913
2.737362143 358486544 645750 28362  24765
2.749347875 359176169 689625 28364  24856
2.761349764 359813606 637437 28353  24782
2.773358657 360451107 637501 28363  24898
2.785359705 361088428 637321 28349  24809
2.797361350 361724843 636415 28348  24764
2.809350599 362366317 641474 28369  25172
2.821361305 363003257 636940 28345  24783
2.833348707 363643336 640079 28364  25034
2.845352555 364281829 638493 28365  24926
2.857359674 364920204 638375 28364  24787
2.869350287 365564806 644602 28355  25280
2.881369312 366201303 636497 28355  24839
2.893348410 366847761 646458 28366  24903
2.905361046 367492829 645068 28361  24960
2.917346798 368132316 639487 28354  24549
2.929361507 368796126 663810 28366  25122
2.941347826 369484679 688553 28354  24643
2.953362569 370130516 645837 28363  25058
2.965349573 370774165 643649 28361  24887
2.977361942 371415153 640988 28349  24567
2.989360838 372062937 647784 28356  25226
3.001361777 372708163 645226 28358  24977
3.013360489 373353511 645348 28355  24976
3.025359408 373998946 645435 28361  25054
3.037367320 374640819 641873 28347  24644
3.049348585 375287406 646587 28359  25092
3.061358344 375933585 646179 28347  25056
3.073349080 376577390 643805 28352  24894
3.085360435 377222187 644797 28355  25033
3.097349367 377866848 644661 28358  24930
3.109347493 378519851 653003 28365  24895
3.121363805 379213497 693646 28359  24916
3.133347916 379856175 642678 28362  24902
3.145346415 380499050 642875 28375  24983
3.157348874 381140490 641440 28358  24807
3.169361997 381785082 644592 28356  24997
3.181348269 382430255 645173 28353  25110
3.193355461 383072048 641793 28351  24753
3.205349643 383716153 644105 28368  25050
3.217360778 384359309 643156 28359  24895
3.229349577 385002422 643113 28357  24959
3.241350106 385650186 647764 28356  25316
3.253347684 386291604 641418 28349  24857
3.265361943 386935777 644173 28365  25040
3.277347336 387633818 698041 28366  24584
3.289347775 388274692 640874 28350  24951
3.301361390 388918103 643411 28362  25144
3.313358858 389557488 639385 28347  24809
3.325361695 390197596 640108 28357  24857
3.337350386 390839126 641530 28359  24948
3.349358715 391479534 640408 28362  24874
3.361366614 392127502 647968 28367  25404
3.373347856 392768965 641463 28355  24964
3.385362781 393412835 643870 28370  25156
3.397361330 394054717 641882 28362  25105
3.409361096 394691828 637111 28359  24682
3.421348842 395376284 684456 28367  25168
3.433347136 396032900 656616 28360  24788
3.445359655 396675228 642328 28352  25090
3.457361681 406694654 10019426 427065  387693
3.473371337 407327144 632490 27753  24440
3.485361838 407964780 637636 28369  24863
3.497348197 408607091 642311 28365  25299
3.509359933 409245705 638614 28338  24957
3.521359458 409888261 642556 28362  25177
3.533347726 410528928 640667 28360  25072
3.545349789 411163668 634740 28352  24629
3.557348941 411809050 645382 28368  25384
3.569358693 412449450 640400 28356  25033
3.581362079 413089498 640048 28363  25024
3.593358780 413786646 697148 28364  24851
3.605361440 414421967 635321 28356  24735
3.617347262 415062822 640855 28358  25278
3.629359577 415699890 637068 28359  24932
3.641348616 416339614 639724 28355  25045
3.653350439 416979085 639471 28358  25105
3.665360921 417616296 637211 28358  24837
3.677353789 418256915 640619 28351  25156
3.689359991 418895767 638852 28352  25052
3.701358820 419534155 638388 28367  24990
3.713361356 420173525 639370 28363  25121
3.725361605 420838763 665238 28351  24745
3.737348847 421506046 667283 28353  25069
3.749346550 422143614 637568 28356  25113
3.761347815 422778820 635206 28361  24908
3.773349503 423416652 637832 28356  25098
3.785359353 424053772 637120 28376  24951
3.797346735 424693565 639793 28363  25067
3.809362884 425333024 639459 28363  25259
3.821358593 425971201 638177 28362  24944
3.833350555 426611379 640178 28369  25006
3.845370217 427252833 641454 28357  24973
3.857351476 427950702 697869 28366  24825
3.869347074 428592322 641620 28362  25278
3.881349663 429229637 637315 28346  24837
3.893345446 429871115 641478 28360  25185
3.905358458 430510715 639600 28357  24950
3.917361057 431150182 639467 28347  24978
3.929364359 431794658 644476 28366  25395
3.941361238 432432766 638108 28364  24911
3.953346957 433074443 641677 28351  25178
3.965359223 433718887 644444 28358  24920
3.977348144 434407226 688339 28345  24698
3.989348523 435047745 640519 28361  25291
4.001365980 435683997 636252 28352  24906
4.013364071 436325349 641352 28361  25201
4.025361910 436965156 639807 28362  25099
4.037348409 437602640 637484 28361  24955
4.049362578 438246138 643498 28372  25409
4.061359227 438883276 637138 28352  24966
4.073348712 439524457 641181 28364  25193
4.085346481 440217027 692570 28346  24664
4.097349677 440853355 636328 28352  24933
4.109360422 441493858 640503 28361  25343
4.121356055 442131461 637603 28350  24975
4.133361027 442772839 641378 28365  25282
4.145349469 443412883 640044 28359  25230
4.157354258 444047129 634246 28357  24794
4.169360664 444690986 643857 28373  25489
4.181357949 445328509 637523 28369  25068
4.193347514 446021167 692658 28351  24829
4.205359563 446656450 635283 28354  25041
4.217359879 447288652 632202 28367  24710
4.229358651 447929254 640602 28369  25348
4.241349937 448566946 637692 28358  25125
4.253347496 449205582 638636 28371  25188
4.265348288 449843077 637495 28362  25192
4.277360717 450479120 636043 28361  24942
4.289359495 451119020 639900 28374  25342
4.301347098 451810835 691815 28358  24900
4.313368610 452445315 634480 28362  25065
4.325359112 453079219 633904 28365  25092
4.337358888 453712154 632935 28358  24810
4.349362170 454351693 639539 28367  25325
4.361347079 454989937 638244 28362  25195
4.373347651 455626904 636967 28359  25132
4.385363030 456265140 638236 28360  25195
4.397348309 456902518 637378 28342  25056
4.409358254 457595333 692815 28359  24928
4.421362173 458230937 635604 28368  25136
4.433358262 458865023 634086 28361  25026
4.445362238 459502667 637644 28355  25233
4.457347450 471011675 11509008 493211  449641
4.473383393 471635155 623480 27503  24275
4.485370777 472269116 633961 28367  25176
4.497348976 472904034 634918 28353  25116
4.509361129 473537024 632990 28369  25046
4.521351684 474176881 639857 28359  25539
4.533348853 474809629 632748 28355  25030
4.545359936 475445301 635672 28359  25248
4.557347634 476131501 686200 28369  24719
4.569360543 476762305 630804 28367  25021
4.581361908 477397391 635086 28370  25409
4.593358347 478030676 633285 28357  25156
4.605361030 478666572 635896 28357  25423
4.617349705 479301504 634932 28343  25333
4.629346614 479929756 628252 28369  24863
4.641355177 480591476 661720 28361  25453
4.653349419 481251504 660028 28363  24961
4.665362288 481880604 629100 28359  25218
4.677360894 482511411 630807 28361  25274
4.689348499 483144191 632780 28358  24885
4.701347747 483784999 640808 28374  25541
4.713347310 484427803 642804 28366  25258
4.725359402 485081909 654106 28364  25287
4.737346558 485796406 714497 28359  25138
4.749348203 486444241 647835 28362  24914
4.761346092 487105230 660989 28376  25555
4.773350461 487762402 657172 28344  25219
4.785361890 488420497 658095 28363  25267
4.797367110 489078672 658175 28358  25315
4.809363452 489735203 656531 28353  25099
4.821359621 490406579 671376 28365  25405
4.833352416 491111677 705098 28361  25091
4.845348125 491765638 653961 28349  25184
4.857361391 492422623 656985 28368  25288
4.869359180 493078839 656216 28364  25162
4.881360082 493738714 659875 28356  25467
4.893360735 494397827 659113 28348  25411
4.905361314 495053511 655684 28359  25216
4.917360159 495766747 713236 28372  24978
4.929359768 496418565 651818 28368  24997
4.941359777 497074806 656241 28351  25353
4.953355136 497733184 658378 28373  25441
4.965347579 498389755 656571 28365  25303
4.977350457 499047624 657869 28354  25384
4.989347626 499702867 655243 28348  25155
5.001361762 500419550 716683 28361  25198
5.013361961 501074200 654650 28376  25346
5.025359644 501728427 654227 28361  25220
5.037349005 502384676 656249 28348  25370
5.049347551 503039011 654335 28357  25168
5.061359183 503693903 654892 28369  25251
5.073348345 504351574 657671 28357  25460
5.085347091 505063288 711714 28358  24866
5.097350613 505715350 652062 28356  25251
5.109350832 506367675 652325 28357  25107
5.121367691 507024263 656588 28353  25392
5.133360830 507681181 656918 28374  25531
5.145361176 508334168 652987 28367  25145
5.157360062 508989581 655413 28349  25399
5.169349807 509699869 710288 28349  24864
5.181348693 510351678 651809 28365  25277
5.193361369 511006130 654452 28354  25476
5.205350188 511657272 651142 28368  25079
5.217358633 512312296 655024 28357  25432
5.229347352 512965430 653134 28357  25227
5.241358421 513619005 653575 28351  25295
5.253359310 514332770 713765 28357  25293
5.265359586 514982298 649528 28345  25131
5.277353902 515635951 653653 28357  25319
5.289350827 516289098 653147 28359  25228
5.301358346 516943112 654014 28358  25264
5.313347569 517602020 658908 28361  25650
5.325349573 518256903 654883 28362  25110
5.337361873 518964827 707924 28365  25113
5.349361668 519614093 649266 28366  25063
5.361361341 520267402 653309 28364  25294
5.373349540 520926120 658718 28364  25729
5.385359158 521579246 653126 28345  25278
5.397358744 522234833 655587 28360  25505
5.409346966 522944209 709376 28360  24956
5.421349305 523593313 649104 28359  25170
5.433357931 524248163 654850 28378  25603
5.445359307 524898831 650668 28361  25184
5.457360752 535010948 10112117 422556  387767
5.473372325 535654376 643428 27714  24842
5.485350554 536306125 651749 28362  25405
5.497362339 537013994 707869 28367  25071
5.509361105 537664273 650279 28349  25556
5.521324306 538311871 647598 28359  25157
5.533350406 538963550 651679 28367  25579
5.545346484 539613540 649990 28355  25322
5.557346877 540263412 649872 28357  25365
5.569350832 540973279 709867 28369  25336
5.581345371 541620000 646721 28360  25217
5.593369208 542267934 647934 28370  25418
5.605346979 542917760 649826 28352  25361
5.617358112 543568757 650997 28360  25429
5.629351464 544224103 655346 28359  25776
5.641358736 544929188 705085 28360  24859
5.653359532 545579672 650484 28366  25445
5.665348765 546228600 648928 28353  25251
5.677362914 546880437 651837 28363  25291
5.689349289 547537042 656605 28359  25666
5.701361942 548188814 651772 28357  25272
5.713361551 548898612 709798 28363  25119
5.725358660 549548120 649508 28361  25356
5.737360653 550198324 650204 28365  25294
5.749346222 550856266 657942 28365  25829
5.761353904 551506902 650636 28354  25286
5.773362096 552160668 653766 28373  25560
5.785348499 552866732 706064 28357  24961
5.797362584 553513863 647131 28357  25253
5.809346607 554167436 653573 28363  25610
5.821361442 554817743 650307 28363  25301
5.833360581 555469933 652190 28363  25483
5.845348834 556120781 650848 28352  25386
5.857360216 556826285 705504 28372  25038
5.869360278 557477061 650776 28358  25611
5.881361507 558127356 650295 28347  25377
5.893359846 558780582 653226 28363  25560
5.905351159 559431437 650855 28357  25410
5.917366852 560139438 708001 28361  25122
5.929363354 560789120 649682 28369  25607
5.941350119 561437712 648592 28343  25293
5.953347095 562087966 650254 28358  25448
5.965359995 562738103 650137 28359  25406
5.977347949 563387343 649240 28361  25363
5.989350102 564097292 709949 28368  25498
6.001362038 564741101 643809 28344  25138
6.013349317 565392736 651635 28363  25561
6.025348119 566042842 650106 28361  25458
6.037360009 566690922 648080 28354  25335
6.049361564 567402078 711156 28364  25593
6.061347233 568045580 643502 28357  25214
6.073370406 568692863 647283 28376  25397
6.085362571 569341894 649031 28361  25429
6.097360120 569989337 647443 28360  25338
6.109361036 570643542 654205 28347  25837
6.121350098 571345218 701676 28352  25032
6.133347381 571991623 646405 28350  25477
6.145346340 572639556 647933 28362  25414
6.157363752 573285502 645946 28369  25295
6.169346814 573939867 654365 28372  25886
6.181362130 574641301 701434 28361  24955
6.193360300 575287597 646296 28355  25458
6.205350411 575935273 647676 28358  25388
6.217348800 576581358 646085 28353  25237
6.229356630 577236035 654677 28353  25850
6.241349312 577883312 647277 28362  25296
6.253349337 578586584 703272 28356  25210
6.265348033 579231644 645060 28354  25288
6.277349923 579877992 646348 28362  25324
6.289359035 580531981 653989 28364  25880
6.301360534 581177640 645659 28344  25270
6.313359513 581881690 704050 28362  25239
6.325347486 582524832 643142 28367  25300
6.337359215 583169511 644679 28366  25290
6.349347910 583823135 653624 28360  25909
6.361346329 584468452 645317 28357  25296
6.373361072 585173388 704936 28366  25292
6.385358227 585816775 643387 28357  25438
6.397366010 586460918 644143 28347  25344
6.409363232 587114604 653686 28368  25982
6.421359934 587760338 645734 28362  25411
6.433359460 588463616 703278 28358  25270
6.445358739 589106797 643181 28359  25398
6.457350481 599127283 10020486 423123  390438
6.473370730 599820850 693567 27686  24710
6.485349503 600464944 644094 28353  25740
6.497350332 601108155 643211 28350  25355
6.509361791 601753266 645111 28357  25621
6.521350693 602398035 644769 28349  25519
6.533362432 603102074 704039 28357  25249
6.545360124 603743943 641869 28365  25713
6.557354003 604388612 644669 28345  25265
6.569359193 605042726 654114 28365  25647
6.581347185 605694889 652163 28359  25417
6.593351370 606406155 711266 28375  25284
6.605346623 607057528 651373 28356  25735
6.617363356 607708390 650862 28354  25366
6.629358008 608362780 654390 28364  25726
6.641349204 609015032 652252 28346  25503
6.653346260 609723195 708163 28368  25198
6.665358639 610373146 649951 28358  25659
6.677349574 611023199 650053 28355  25376
6.689360543 611675824 652625 28350  25644
6.701348059 612327946 652122 28369  25540
6.713355566 613035863 707917 28366  25289
6.725359931 613685478 649615 28360  25641
6.737348580 614335529 650051 28361  25408
6.749359516 614988367 652838 28364  25722
6.761359648 615639361 650994 28365  25533
6.773360844 616345129 705768 28351  25286
6.785348283 616995692 650563 28363  25694
6.797358606 617643043 647351 28353  25267
6.809360185 618295351 652308 28353  25676
6.821346367 618963247 667896 28362  25281
6.833349847 619649848 686601 28362  25427
6.845349352 620301649 651801 28360  25741
6.857349468 620950367 648718 28357  25365
6.869370077 621600694 650327 28352  25648
6.881360769 622306216 705522 28371  25183
6.893347978 622952952 646736 28370  25558
6.905360458 623606209 653257 28361  25879
6.917346876 624253406 647197 28360  25341
6.929359670 624903916 650510 28371  25694
6.941351095 625605762 701846 28373  25075
6.953361821 626251694 645932 28357  25455
6.965361843 626903756 652062 28352  25838
6.977348582 627551155 647399 28346  25364
6.989358772 628213274 662119 28358  25621
7.001362431 628902969 689695 28368  25313
7.013357723 629549725 646756 28362  25490
7.025360516 630201407 651682 28357  25893
7.037355188 630848784 647377 28359  25458
7.049346731 631553277 704493 28379  25462
7.061357986 632196158 642881 28348  25396
7.073347255 632845376 649218 28345  25601
7.085363072 633494653 649277 28356  25771
7.097348338 634142110 647457 28357  25423
7.109361783 634846174 704064 28361  25437
7.121363679 635493309 647135 28362  25479
7.133349695 636145181 651872 28366  25765
7.145361290 636797424 652243 28352  25882
7.157346663 637499233 701809 28359  25151
7.169351152 638144060 644827 28347  25581
7.181360968 638792478 648418 28355  25600
7.193353757 639442138 649660 28352  25667
7.205363130 640148467 706329 28357  25554
7.217358449 640792564 644097 28372  25553
7.229346394 641439672 647108 28375  25661
7.241359977 642087347 647675 28363  25603
7.253347976 642736643 649296 28360  25703
7.265359101 643440507 703864 28361  25568
7.277349690 644084520 644013 28356  25502
7.289358427 644733200 648680 28357  25791
7.301362643 645378654 645454 28351  25501
7.313360528 646083272 704618 28370  25503
7.325359171 646726773 643501 28341  25629
7.337362550 647373026 646253 28370  25582
7.349369242 648020719 647693 28352  25697
7.361360768 648670625 649906 28361  25486
7.373348243 649367424 696799 28361  25443
7.385346943 650014514 647090 28362  25737
7.397362862 650661387 646873 28362  25655
7.409359161 651308814 647427 28354  25760
7.421359067 652007606 698792 28358  25237
7.433348039 652652887 645281 28348  25695
7.445362685 653299616 646729 28367  25738
7.457347554 663440750 10141134 425714  394220
7.473380840 664081686 640936 27708  25140
7.485359762 664730020 648334 28346  25718
7.497358024 665380802 650782 28358  25575
7.509350297 666080825 700023 28353  25728
7.521369257 666726863 646038 28360  25552
7.533349102 667375262 648399 28365  25758
7.545358928 668022853 647591 28363  25647
7.557360710 668721748 698895 28359  25340
7.569348719 669370182 648434 28360  25897
7.581359448 670017318 647136 28350  25663
7.593360204 670664715 647397 28361  25746
7.605359880 671364615 699900 28366  25424
7.617359526 672009637 645022 28363  25631
7.629360942 672660854 651217 28355  26109
7.641346294 673306625 645771 28363  25590
7.653348193 674005006 698381 28367  25476
7.665358382 674648587 643581 28346  25568
7.677371626 675294583 645996 28359  25699
7.689347051 675947926 653343 28354  25998
7.701358480 676641007 693081 28344  25261
7.713349076 677285924 644917 28362  25756
7.725362032 677933446 647522 28359  25775
7.737364028 678578154 644708 28351  25658
7.749347151 679279456 701302 28364  25718
7.761348576 679922266 642810 28357  25498
7.773347909 680568983 646717 28361  25879
7.785346624 681214336 645353 28360  25703
7.797345160 681911288 696952 28361  25418
7.809360517 682555264 643976 28362  25795
7.821361802 683198199 642935 28342  25518
7.833367851 683844178 645979 28357  25874
7.845362700 684540924 696746 28349  25382
7.857359530 685184045 643121 28353  25703
7.869362926 685832440 648395 28357  26070
7.881359825 686474504 642064 28354  25533
7.893359431 687171123 696619 28354  25592
7.905347146 687811480 640357 28356  25566
7.917358820 688456700 645220 28344  25842
7.929361919 689102825 646125 28357  25963
7.941359464 689795980 693155 28360  25314
7.953359323 690435651 639671 28363  25653
7.965346669 691077829 642178 28357  25670
7.977346891 691722703 644874 28362  25818
7.989356871 692420154 697451 28362  25664
8.001347414 693061498 641344 28348  25662
8.013358979 693707182 645684 28359  25910
8.025349562 694349201 642019 28354  25608
8.037360295 695046845 697644 28356  25605
8.049360064 695691335 644490 28357  25887
8.061351260 696334908 643573 28351  25786
8.073358636 696997566 662658 28349  25758
8.085347308 697672696 675130 28358  25445
8.097349928 698317892 645196 28352  25987
8.109360897 698963310 645418 28353  25920
8.121346602 699662087 698777 28365  25603
8.133361832 700301168 639081 28356  25806
8.145367071 700942674 641506 28364  25648
8.157349520 701588741 646067 28351  26043
8.169358599 702284792 696051 28361  25488
8.181350362 702924045 639253 28368  25768
8.193360711 703567452 643407 28356  25896
8.205347446 704207725 640273 28353  25539
8.217348523 704906639 698914 28367  25809
8.229362095 705547115 640476 28346  25703
8.241360621 706190518 643403 28372  25846
8.253358453 706834999 644481 28348  25897
8.265360090 707525436 690437 28362  25235
8.277362192 708171741 646305 28365  26129
8.289360651 708814055 642314 28348  25776
8.301359617 709512446 698391 28365  25657
8.313367563 710150066 637620 28362  25754
8.325349465 710787421 637355 28353  25431
8.337358848 711434882 647461 28366  26185
8.349363621 712129075 694193 28355  25433
8.361348830 712769395 640320 28361  25874
8.373351365 713412244 642849 28348  25909
8.385349614 714049310 637066 28364  25457
8.397360724 714747956 698646 28364  25971
8.409347333 715388096 640140 28347  25716
8.421347196 716031436 643340 28363  25983
8.433359175 716725233 693797 28350  25476
8.445360841 717358815 633582 28343  25536
8.457362474 727428280 10069465 419633  391233
8.473391306 728079250 650970 27745  25547
8.485350838 728734558 655308 28368  25778
8.497362317 729445667 711109 28355  25730
8.509360133 730099382 653715 28365  25728
8.521347569 730756389 657007 28361  25892
8.533362519 731470267 713878 28358  25665
8.545348494 732120644 650377 28359  25762
8.557360920 732777155 656511 28355  26010
8.569360132 733432093 654938 28363  25788
8.581349651 734145065 712972 28375  25775
8.593346924 734800592 655527 28352  25982
8.605363450 735455271 654679 28348  25812
8.617348353 736169571 714300 28347  25798
8.629354688 736819123 649552 28372  25662
8.641348708 737476968 657845 28358  26054
8.653359121 738133049 656081 28364  25944
8.665349116 738841188 708139 28358  25544
8.677358756 739492421 651233 28352  25768
8.689361202 740144952 652531 28358  25653
8.701359688 740860052 715100 28367  25856
8.713361041 741509285 649233 28362  25776
8.725346520 742165762 656477 28357  26035
8.737347082 742821926 656164 28355  26040
8.749362801 743525855 703929 28375  25213
8.761360141 744182904 657049 28360  26235
8.773347284 744836224 653320 28351  25874
8.785356403 745548018 711794 28375  25794
8.797362589 746198553 650535 28347  25926
8.809360425 746847617 649064 28359  25530
8.821348147 747505941 658324 28365  26248
8.833348433 748211141 705200 28356  25504
8.845359716 748866015 654874 28362  26121
8.857346669 749520514 654499 28358  26014
8.869348304 750225539 705025 28352  25358
8.881350313 750881352 655813 28369  26288
8.893358340 751530840 649488 28362  25716
8.905362032 752243310 712470 28365  25749
8.917350601 752891562 648252 28359  25799
8.929346045 753543880 652318 28364  25772
8.941347664 754204021 660141 28366  26366
8.953357803 754909039 705018 28362  25464
8.965360312 755562397 653358 28354  25944
8.977359112 756216620 654223 28353  25942
8.989350581 756923891 707271 28344  25560
9.001347876 757578461 654570 28351  26221
9.013347176 758229581 651120 28354  25745
9.025358472 758938790 709209 28364  25641
9.037362594 759585456 646666 28356  25769
9.049348913 760237060 651604 28366  25872
9.061360300 760893274 656214 28361  26213
9.073362916 761596103 702829 28363  25374
9.085345935 762246138 650035 28348  25907
9.097359311 762898370 652232 28357  25933
9.109366617 763606027 707657 28360  25671
9.121359699 764257717 651690 28353  26201
9.133350068 764908449 650732 28359  25803
9.145346605 765617931 709482 28350  25765
9.157359577 766264485 646554 28357  25871
9.169358616 766917314 652829 28357  25970
9.181347399 767570521 653207 28359  26154
9.193361252 768272783 702262 28355  25493
9.205350444 768922631 649848 28365  25934
9.217360331 769573199 650568 28367  25867
9.229346230 770280943 707744 28360  25838
9.241345942 770930388 649445 28356  26025
9.253361568 771579822 649434 28364  25880
9.265366721 772287913 708091 28356  25844
9.277347644 772931679 643766 28363  25677
9.289346119 773585974 654295 28364  26218
9.301362736 774244915 658941 28365  25887
9.313358085 774937648 692733 28363  25691
9.325350687 775587449 649801 28365  26008
9.337349166 776235836 648387 28356  25790
9.349348349 776942178 706342 28370  25999
9.361359492 777589861 647683 28352  25842
9.373347134 778240586 650725 28376  26063
9.385347053 778944598 704012 28356  25837
9.397361240 779586421 641823 28358  25496
9.409358346 780242388 655967 28359  26417
9.421349171 780945224 702836 28355  25569
9.433366951 781596598 651374 28354  26120
9.445360374 782249564 652966 28342  26083
9.457360173 782898164 648600 28359  25621
9.468389748 791151387 8253223 341162  319138
9.480352120 791802762 651375 28358  26076
9.492351599 792506496 703734 28370  25688
9.504358448 793158838 652342 28353  26221
9.516360621 793810920 652082 28359  26169
9.528350860 794515215 704295 28363  25776
9.540360839 795163072 647857 28349  25965
9.552360699 795812039 648967 28353  25850
9.564347948 796519981 707942 28363  25984
9.576349191 797167586 647605 28350  25976
9.588369737 797819272 651686 28350  26137
9.600347529 798525366 706094 28370  25948
9.612350859 799167816 642450 28358  25592
9.624348634 799824353 656537 28368  26486
9.636362264 800527874 703521 28359  25732
9.648350470 801176460 648586 28364  26167
9.660347416 801826907 650447 28358  26126
9.672361252 802527257 700350 28352  25408
9.684347435 803177576 650319 28360  26378
9.696346614 803825959 648383 28342  25928
9.708349220 804530647 704688 28360  25905
9.720358233 805176707 646060 28354  26038
9.732361355 805824707 648000 28351  25953
9.744354658 806532641 707934 28357  26221
9.756350217 807175571 642930 28345  25781
9.768358837 807825837 650266 28356  26203
9.780359823 808527363 701526 28359  25743
9.792347335 809171222 643859 28364  25944
9.804348511 809823327 652105 28352  26352
9.816358991 810524290 700963 28353  25572
9.828363364 811170013 645723 28359  26073
9.840350140 811820452 650439 28354  26092
9.852358972 812525193 704741 28380  25839
9.864363939 813174320 649127 28360  26310
9.876360581 813823088 648768 28344  25995
9.888349930 814526969 703881 28357  25968
9.900358427 815171242 644273 28357  25926
9.912361369 815820678 649436 28359  26092
9.924360878 816524448 703770 28367  25977
9.936348162 817168698 644250 28343  25932
9.948347001 817817417 648719 28361  26186
9.960361226 818518169 700752 28349  25715
9.972361496 819164569 646400 28361  26154
9.984348252 819814424 649855 28358  26227
9.996350524 820515631 701207 28376  25908
10.008360481 821162932 647301 28360  26247
10.020347447 821808470 645538 28353  25933
10.032348656 822511000 702530 28361  26065
10.044347796 823156221 645221 28359  26038
10.056360802 823803846 647625 28350  26085
10.068368608 824503949 700103 28351  25951
10.080349220 825146696 642747 28357  25742
10.092348626 825799814 653118 28354  26490
10.104360373 826497712 697898 28361  25782
10.116363502 827146963 649251 28354  26283
10.128348568 827806878 659915 28359  26093
10.140348367 828489082 682204 28359  25662
10.152358633 829142907 653825 28374  26618
10.164360396 829841717 698810 28345  25670
10.176347635 830485969 644252 28357  26200
10.188358784 831131772 645803 28353  26070
10.200349158 831831930 700158 28357  25733
10.212359447 832479001 647071 28358  26485
10.224359542 833123401 644400 28357  25984
10.236346702 833824165 700764 28364  26022
10.248360355 834468277 644112 28357  26122
10.260361031 835113401 645124 28354  26062
10.272346904 835814567 701166 28356  26277
10.284360616 836457194 642627 28361  25963
10.296359913 837104083 646889 28355  26317
10.308362832 837798147 694064 28357  25743
10.320347761 838447286 649139 28348  26146
10.332346077 839095915 648629 28356  26360
10.344360386 839796899 700984 28359  25768
10.356346219 840451759 654860 28354  26273
10.368362199 841132745 680986 28353  25932
10.380356044 841812349 679604 28356  26219
10.392360664 842467448 655099 28353  26286
10.404360170 843174250 706802 28363  25829
10.416350176 843824066 649816 28345  26208
10.428348462 844474522 650456 28348  26014
10.440348075 845184233 709711 28378  26244
10.452347724 845833794 649561 28357  26030
10.464360557 855691275 9857481 407446  383685
10.476353129 856344270 652995 28358  26338
10.488361786 857048157 703887 28356  25862
10.500361138 857693042 644885 28363  25978
10.512350847 858349834 656792 28357  26658
10.524347156 859049720 699886 28358  25694
10.536357226 859700519 650799 28354  26304
10.548360056 860350456 649937 28371  26166
10.560349385 861050463 700007 28351  25794
10.572361871 861706044 655581 28369  26640
10.584359658 862409804 703760 28363  25709
10.596359583 863058085 648281 28349  26418
10.608347026 863708327 650242 28358  26263
10.620363499 864410522 702195 28359  25909
10.632347731 865060277 649755 28352  26426
10.644347607 865707128 646851 28346  25953
10.656359767 866408164 701036 28355  26037
10.668358293 867056342 648178 28348  26131
10.680362589 867763252 706910 28358  26067
10.692347382 868408880 645628 28360  26258
10.704366612 869058908 650028 28354  26209
10.716361671 869764101 705193 28370  26155
10.728346810 870409268 645167 28354  25987
10.740348083 871062757 653489 28358  26432
10.752358260 871763272 700515 28362  25933
10.764348822 872413633 650361 28368  26222
10.776346934 873120176 706543 28348  26153
10.788359284 873759956 639780 28354  25735
10.800349723 874414573 654617 28367  26611
10.812350333 875116641 702068 28355  25910
10.824360119 875766459 649818 28356  26457
10.836351022 876416156 649697 28353  26285
10.848351301 877113056 696900 28348  25702
10.860366641 877767271 654215 28357  26761
10.872360087 878425965 658694 28348  25981
10.884347829 879114651 688686 28359  26190
10.896347529 879763076 648425 28358  26269
10.908352298 880462027 698951 28353  25844
10.920362362 881111956 649929 28354  26674
10.932349277 881758492 646536 28358  26096
10.944360107 882459276 700784 28356  26049
10.956358580 883108124 648848 28358  26282
10.968358776 883812784 704660 28358  26095
10.980364785 884459290 646506 28363  26547
10.992347014 885105582 646292 28344  26081
11.004349874 885808648 703066 28364  26213
11.016369274 886453938 645290 28357  26155
11.028347392 887102145 648207 28348  26272
11.040349276 887801099 698954 28358  26120
11.052348351 888447074 645975 28350  26127
11.064360451 889150752 703678 28358  26202
11.076362827 889793720 642968 28348  26117
11.088348827 890444633 650913 28361  26575
11.100361869 891141816 697183 28350  26033
11.112343473 891790493 648677 28347  26335
11.124345998 892492377 701884 28358  26078
11.136359802 893129635 637258 28359  25911
11.148347787 893781126 651491 28361  26673
11.160359944 894477618 696492 28350  25893
11.172365726 895125910 648292 28367  26474
11.184346445 895778063 652153 28353  26220
11.196358545 896464257 686194 28360  25755
11.208363224 897118313 654056 28376  26795
11.220360304 897814740 696427 28355  25820
11.232360753 898463228 648488 28366  26556
11.244348960 899111697 648469 28369  26336
11.256361026 899809533 697836 28355  25863
11.268347922 900462112 652579 28373  26611
11.280359741 901162742 700630 28349  25713
11.292360275 901810771 648029 28356  26452
11.304348144 902459050 648279 28360  26240
11.316362107 903158794 699744 28356  26024
11.328348689 903810405 651611 28356  26598
11.340355248 904512368 701963 28370  25843
11.352361628 905159167 646799 28354  26449
11.364360197 905806530 647363 28352  26272
11.376351471 906507935 701405 28360  26207
11.388345306 907157140 649205 28349  26435
11.400363476 907859309 702169 28359  25998
11.412361545 908504461 645152 28362  26385
11.424360918 909149683 645222 28362  26109
11.436360654 909851545 701862 28371  26321
11.448360293 910498495 646950 28355  26281
11.460348993 918865701 8367206 347429  328315
11.473369851 919508153 642452 27668  26078
11.485349537 920205981 697828 28352  25933
11.497370446 920851343 645362 28363  26499
11.509359430 921498232 646889 28352  26406
11.521349705 922189883 691651 28359  25744
11.533347878 922840039 650156 28359  26776
11.545362011 923537256 697217 28348  25892
11.557359044 924181942 644686 28351  26547
11.569346373 924828122 646180 28354  26405
11.581348842 925522013 693891 28352  26005
11.593361486 926172269 650256 28365  26776
11.605349501 926866877 694608 28352  25838
11.617358855 927512495 645618 28359  26550
11.629358574 928156071 643576 28351  26235
11.641348669 928851810 695739 28370  26021
11.653378954 929500026 648216 28350  26608
11.665350285 930197842 697816 28363  26014
11.677350272 930843893 646051 28362  26497
11.689361008 931997187 1153294 28350  22062
11.701358667 933473854 1476667 28360  10028
11.713347581 935464921 1991067 28355  8005
11.725346036 937430569 1965648 28361  10064
11.737359186 938829625 1399056 28354  11169
11.749359903 940692397 1862772 28358  8647
11.761346925 942662459 1970062 28357  8893
11.773359575 944218154 1555695 28354  10811
11.785347684 945902235 1684081 28372  8935
11.797350957 947898222 1995987 28359  8439
11.809357653 949598199 1699977 28358  10526
11.821351432 951120802 1522603 28374  9802
11.833361019 953097903 1977101 28366  7615
11.845349851 954815813 1717910 28355  10725
11.857349301 956317175 1501362 28358  10076
11.869345965 958304082 1986907 28359  6979
11.881362814 960046572 1742490 28360  10649
11.893348270 961530011 1483439 28357  10446
11.905346509 963511300 1981289 28364  7631
11.917346198 965482780 1971480 28363  10475
11.929359932 966977990 1495210 28358  10924
11.941349644 968737764 1759774 28359  8434
11.953346491 970711783 1974019 28359  8874
11.965362471 972354159 1642376 28362  10800
11.977365226 973959041 1604882 28365  9734
11.989362566 975954451 1995410 28359  7376
12.001347875 977683164 1728713 28347  10829
12.013347969 979166324 1483160 28351  9927
12.025360454 981157920 1991596 28359  7387
12.037359714 982898779 1740859 28358  10855
12.049349734 984372139 1473360 28366  10160
12.061350903 986361572 1989433 28365  7754
12.073359760 988337248 1975676 28357  9807
12.085358089 989832031 1494783 28355  10788
12.097349725 991585405 1753374 28357  8397
12.109360201 993557075 1971670 28356  9385
12.121358000 995175048 1617973 28347  10785
12.133357760 996805008 1629960 28358  9375
12.145348390 998778028 1973020 28351  7878
12.157355459 1000487979 1709951 28353  10876
12.169362406 1002006734 1518755 28376  9392
12.181360908 1003992726 1985992 28357  7471
12.193346828 1005687316 1694590 28345  10833
12.205358378 1007204574 1517258 28370  9597
12.217363004 1009196106 1991532 28352  7460
12.229357470 1010925027 1728921 28350  10926
12.241362773 1012418330 1493303 28362  10218
12.253346135 1014401765 1983435 28362  7514
12.265357909 1016373460 1971695 28364  9908
12.277361954 1017787587 1414127 28369  10575
12.289354024 1019622733 1835146 28351  8914
12.301363160 1021589256 1966523 28349  8886
12.313358297 1023152091 1562835 28361  10676
12.325350020 1024834114 1682023 28355  9053
12.337347782 1026808452 1974338 28366  8273
12.349351095 1028531397 1722945 28369  10880
12.361347831 1030044721 1513324 28373  9222
12.373357531 1032027029 1982308 28353  7600
12.385348624 1033741743 1714714 28352  10915
12.397346843 1035244739 1502996 28357  9736
12.409361379 1037233744 1989005 28352  7559
12.421359926 1038954228 1720484 28347  10464
12.433346322 1040449304 1495076 28355  10098
12.445354238 1042436295 1986991 28359  7747
12.457358777 1044404213 1967918 28358  9960
12.469348787 1045796077 1391864 28365  10775
12.481349067 1047652653 1856576 28364  8705
12.493361013 1049611634 1958981 28356  9054
12.505349165 1051106274 1494640 28356  10792
12.517358385 1052856603 1750329 28371  8705
12.529361902 1054824346 1967743 28357  8826
12.541345938 1056465631 1641285 28364  10443
12.553358807 1058067981 1602350 28358  9157
12.565349563 1060038105 1970124 28353  8041
12.577346772 1061720243 1682138 28347  10716
12.589358829 1063272500 1552257 28369  9724
12.601350706 1065252127 1979627 28361  7457
12.613366641 1066965837 1713710 28347  10541
12.625347281 1068464763 1498926 28355  9658
12.637359828 1070451798 1987035 28374  7228
12.649347720 1072193331 1741533 28358  10699
12.661349829 1073667754 1474423 28364  10735
12.673360066 1075648448 1980694 28362  7487
12.685359029 1077547902 1899454 28368  10512
12.697360048 1078874932 1327030 28358  10760
12.709358622 1080845392 1970460 28370  7498
12.721350394 1082807223 1961831 28366  9820
12.733359467 1084197422 1390199 28354  10419
12.745358097 1086048722 1851300 28364  8002
12.757349063 1088013826 1965104 28357  9279
12.769367296 1089538057 1524231 28357  10729
12.781350446 1091246515 1708458 28350  8587
12.793358405 1093199515 1953000 28374  8481
12.805350779 1094732618 1533103 28356  10510
12.817358184 1096434818 1702200 28367  8358
12.829359344 1098403963 1969145 28366  8783
12.841347550 1100018234 1614271 28352  10882
12.853349267 1101644816 1626582 28354  9600
12.865347223 1103625363 1980547 28344  7899
12.877358453 1105342747 1717384 28357  11005
12.889358856 1106850578 1507831 28357  9839
12.901349081 1108838737 1988159 28377  7596
12.913348411 1110628834 1790097 28355  10251
12.925368948 1112051612 1422778 28357  10270
12.937347994 1114026963 1975351 28361  7257
12.949350600 1115932330 1905367 28349  10405
12.961347170 1117247109 1314779 28358  10546
12.973359469 1119216634 1969525 28354  7335
12.985348619 1121187366 1970732 28345  9657
12.997362238 1122649086 1461720 28350  10637
13.009361925 1124431977 1782891 28362  8302
13.021362368 1126394378 1962401 28363  8853
13.033361628 1127961226 1566848 28359  11150
13.045358457 1129648165 1686939 28364  8816
13.057346490 1131567803 1919638 28358  8682
13.069361300 1133402196 1834393 28343  10896
13.081350356 1134791737 1389541 28355  10812
13.093354432 1136563439 1771702 28360  9637
13.105359485 1138465072 1901633 28372  8390
13.117359315 1140376281 1911209 28355  10279
13.129346808 1141952168 1575887 28360  10980
13.141346907 1143573794 1621626 28354  9068
13.153361910 1145479342 1905548 28355  8335
13.165349473 1147391770 1912428 28352  10631
13.177348573 1148678505 1286735 28363  10399
13.189348872 1150579514 1901009 28359  8771
13.201365302 1152492928 1913414 28360  8805
13.213358582 1154255315 1762387 28352  11424
13.225360105 1155701821 1446506 28357  10311
13.237346987 1157715119 2013298 28354  7017
13.249370560 1159458146 1743027 28356  10579
13.261361717 1160957901 1499755 28363  9350
13.273349903 1162975196 2017295 28358  7755
13.285361329 1164668953 1693757 28365  10463
13.297358219 1166235128 1566175 28349  9411
13.309358722 1168231570 1996442 28356  7793
13.321350398 1169941913 1710343 28357  10597
13.333360494 1171522418 1580505 28352  9669
13.345348247 1173515418 1993000 28363  7464
13.357358037 1175235689 1720271 28364  10603
13.369347213 1176810674 1574985 28358  9367
13.381358566 1178808537 1997863 28348  7626
13.393345779 1180516630 1708093 28349  10939
13.405364939 1182093661 1577031 28355  9890
13.417349912 1184086946 1993285 28362  7546
13.429359991 1185793663 1706717 28360  10884
13.441358988 1187373500 1579837 28364  9361
13.453345773 1189369283 1995783 28359  7922
13.465346617 1191076391 1707108 28362  10429
13.477346546 1192652192 1575801 28362  9343
13.489349292 1194658833 2006641 28350  7772
13.501347202 1196329649 1670816 28369  10633
13.513361219 1197932830 1603181 28362  9372
13.525349171 1199922906 1990076 28359  7779
13.537358491 1201589701 1666795 28361  10498
13.549347414 1203212798 1623097 28361  9190
13.561369424 1205211473 1998675 28353  7865
13.573362903 1206870493 1659020 28361  10637
13.585360159 1208490112 1619619 28369  9816
13.597349859 1210492283 2002171 28356  7995
13.609346022 1212200779 1708496 28360  10676
13.621358328 1213779829 1579050 28362  9650
13.633346687 1215769906 1990077 28357  7634
13.645362834 1217447209 1677303 28356  10869
13.657359607 1219051711 1604502 28357  8896
13.669361697 1221041958 1990247 28363  7892
13.681357703 1222680700 1638742 28361  10803
13.693358686 1224324807 1644107 28346  8887
13.705346136 1226324399 1999592 28358  8365
13.717345729 1227903568 1579169 28368  10487
13.729357159 1229596250 1692682 28349  8323
13.741361265 1231599514 2003264 28363  8418
13.753349814 1233180100 1580586 28352  10696
13.765347801 1234873517 1693417 28358  8446
13.777359124 1236868078 1994561 28353  9177
13.789348083 1238416991 1548913 28355  10779
13.801358163 1240150721 1733730 28359  8356
13.813347193 1242147379 1996658 28359  8795
13.825357977 1243654460 1507081 28353  10699
13.837345912 1245424930 1770470 28366  8226
13.849351252 1247412767 1987837 28357  8729
13.861346708 1248819542 1406775 28365  10717
13.873361418 1250693018 1873476 28374  8066
13.885365321 1252691717 1998699 28358  9237
13.897363445 1254160185 1468468 28362  10743
13.909360094 1255967721 1807536 28356  7410
13.921363680 1257968465 2000744 28350  9343
13.933361230 1259385110 1416645 28360  10642
13.945348193 1261254547 1869437 28361  7770
13.957358749 1263239750 1985203 28362  9826
13.969347023 1264665383 1425633 28355  10870
13.981362075 1266536692 1871309 28364  7852
13.993346968 1268521873 1985181 28356  9418
14.005358588 1269949008 1427135 28359  10647
14.017349267 1271807970 1858962 28359  8068
14.029363217 1273799481 1991511 28354  9067
14.041356201 1275284813 1485332 28357  10668
14.053359327 1277085869 1801056 28361  8003
14.065360154 1279074021 1988152 28350  9411
14.077350636 1280473445 1399424 28364  10633
14.089348856 1282359348 1885903 28356  7576
14.101363095 1284353808 1994460 28359  9507
14.113358745 1285752195 1398387 28360  10780
14.125350152 1287649955 1897760 28356  7734
14.137358254 1289634888 1984933 28346  9383
14.149347508 1291036265 1401377 28368  11206
14.161361714 1292928103 1891838 28351  7875
14.173361344 1294917844 1989741 28359  9530
14.185359550 1296355730 1437886 28360  10680
14.197355787 1298211262 1855532 28362  8042
14.209361253 1300211359 2000097 28360  9213
14.221358446 1301694127 1482768 28354  10512
14.233351256 1303484581 1790454 28359  8086
14.245361552 1305463928 1979347 28341  9251
14.257359518 1306948708 1484780 28349  10715
14.269348201 1308764363 1815655 28365  8283
14.281347151 1310746220 1981857 28361  8835
14.293362251 1312185532 1439312 28355  10509
14.305345934 1314039096 1853564 28372  7775
14.317349954 1316023875 1984779 28361  9457
14.329345093 1317426668 1402793 28350  10793
14.341359379 1319320804 1894136 28367  8488
14.353347255 1321310943 1990139 28346  9231
14.365374609 1322715395 1404452 28369  10773
14.377347175 1324594587 1879192 28358  7794
14.389346082 1326581118 1986531 28355  9567
14.401359765 1328084850 1503732 28361  10482
14.413346981 1329874717 1789867 28355  8006
14.425349937 1331868314 1993597 28351  9103
14.437361507 1333334927 1466613 28360  10754
14.449348970 1335153147 1818220 28357  8117
14.461347556 1337144973 1991826 28354  9132
14.473360736 1338634722 1489749 28370  10430
14.485358982 1340436664 1801942 28361  7993
14.497361319 1342427334 1990670 28360  8933
14.509346895 1343899911 1472577 28361  10635
14.521358881 1345705235 1805324 28354  8692
14.533348478 1347702381 1997146 28350  9275
14.545359964 1349214902 1512521 28354  10671
14.557359174 1350988911 1774009 28360  8362
14.569351193 1352978054 1989143 28363  8931
14.581357697 1354479014 1500960 28357  10790
14.593357712 1356258236 1779222 28362  7858
14.605358036 1358246026 1987790 28359  9128
14.617346562 1359756352 1510326 28356  10762
14.629362022 1361531193 1774841 28364  7999
14.641346082 1363520461 1989268 28349  9259
14.653347328 1365015728 1495267 28358  10541
14.665349265 1366815387 1799659 28363  7951
14.677369851 1368810446 1995059 28371  8694
14.689347341 1370321522 1511076 28359  10752
14.701347140 1372086612 1765090 28364  8112
14.713346317 1374073220 1986608 28347  9613
14.725357910 1375573864 1500644 28359  10848
14.737361317 1377369035 1795171 28358  8380
14.749347179 1379361129 1992094 28357  8788
14.761345643 1380866731 1505602 28362  10723
14.773349736 1382637559 1770828 28364  8213
14.785358699 1384627950 1990391 28352  8743
14.797347946 1386092780 1464830 28359  10745
14.809358229 1387901498 1808718 28361  8046
14.821362723 1389904903 2003405 28351  9162
14.833371779 1391376543 1471640 28355  10748
14.845346648 1393180537 1803994 28356  7762
14.857361785 1395179565 1999028 28352  8983
14.869350117 1396690566 1511001 28365  10624
14.881361087 1398460645 1770079 28363  8017
14.893357737 1400444186 1983541 28346  9470
14.905347271 1401967173 1522987 28359  10935
14.917359567 1403737615 1770442 28359  8062
14.929359823 1405727993 1990378 28365  9137
14.941363233 1407237409 1509416 28354  10660
14.953349240 1409007561 1770152 28354  8390
14.965359962 1410998504 1990943 28358  8566
14.977345799 1412483580 1485076 28365  10696
14.989351159 1414271519 1787939 28357  7972
15.001352669 1416261827 1990308 28365  9302
15.013360394 1417749186 1487359 28367  10587
15.025359231 1419544958 1795772 28361  7778
15.037348484 1421536146 1991188 28353  9110
15.049346794 1423026729 1490583 28367  10586
15.061359254 1424835982 1809253 28358  8077
15.073363101 1426828335 1992353 28352  8974
15.085347883 1428336206 1507871 28362  11120
15.097347903 1430116126 1779920 28360  8502
15.109347713 1432113142 1997016 28374  8944
15.121359027 1433679378 1566236 28350  10731
15.133347909 1435386055 1706677 28361  8196
15.145359112 1437380239 1994184 28364  8869
15.157368999 1438896224 1515985 28353  10424
15.169360992 1440652537 1756313 28359  8117
15.181358531 1442631677 1979140 28346  9058
15.193347868 1444140021 1508344 28365  10660
15.205360491 1445933007 1792986 28355  8474
15.217362281 1447909180 1976173 28357  8529
15.229346077 1449416366 1507186 28351  10572
15.241347094 1451207073 1790707 28367  7994
15.253360164 1453197047 1989974 28357  9053
15.265359307 1454712023 1514976 28373  10782
15.277361356 1456479139 1767116 28349  8512
15.289345149 1458463519 1984380 28359  9081
15.301359729 1459965144 1501625 28360  10778
15.313353963 1461755595 1790451 28357  8149
15.325351369 1463745445 1989850 28364  9210
15.337350018 1465264601 1519156 28368  10427
15.349360098 1467026950 1762349 28353  8036
15.361357922 1469021420 1994470 28365  9043
15.373350172 1470532000 1510580 28365  10768
15.385347214 1472307002 1775002 28360  8239
15.397356651 1474296984 1989982 28358  8907
15.409358847 1475818813 1521829 28352  10442
15.421346757 1477587286 1768473 28357  8232
15.433350296 1479580850 1993564 28357  8762
15.445347003 1481120470 1539620 28363  10589
15.457358916 1482853483 1733013 28366  8845
15.469361626 1484845590 1992107 28356  8978
15.481355925 1486350310 1504720 28354  10697
15.493358932 1488120679 1770369 28354  8154
15.505359365 1490100673 1979994 28345  9116
15.517360219 1491523100 1422427 28367  10792
15.529362601 1493389294 1866194 28359  7670
15.541358494 1495370354 1981060 28354  9156
15.553360274 1496763900 1393546 28356  10728
15.565357638 1498653088 1889188 28350  7691
15.577347283 1500638316 1985228 28372  9611
15.589359414 1501967983 1329667 28363  10460
15.601360613 1503920780 1952797 28363  7264
15.613347393 1505910904 1990124 28359  9577
15.625349363 1507297411 1386507 28356  10572
15.637370393 1509193935 1896524 28364  7464
15.649360082 1511175889 1981954 28349  10227
15.661346742 1512526951 1351062 28362  10723
15.673348432 1514466122 1939171 28354  7519
15.685362192 1516456523 1990401 28361  9684
15.697346729 1517869251 1412728 28353  10736
15.709362032 1519744165 1874914 28365  7756
15.721347801 1521729366 1985201 28358  9187
15.733345485 1523122143 1392777 28364  10721
15.745358535 1525008014 1885871 28360  7722
15.757349255 1527000639 1992625 28373  9572
15.769350761 1528383258 1382619 28356  10724
15.781361541 1530278696 1895438 28355  7211
15.793355034 1532279613 2000917 28363  9538
15.805362841 1533677546 1397933 28348  10544
15.817346044 1535569836 1892290 28358  7891
15.829363987 1537563674 1993838 28354  9615
15.841358950 1539090849 1527175 28370  10854
15.853347936 1540851166 1760317 28357  8209
15.865359906 1542844130 1992964 28357  8989
15.877350376 1544361668 1517538 28350  10648
15.889349549 1546118127 1756459 28352  8526
15.901358449 1548107874 1989747 28362  8401
15.913358553 1549647684 1539810 28352  10622
15.925359026 1551380154 1732470 28367  8210
15.937358739 1553373539 1993385 28362  8995
15.949358356 1554894251 1520712 28361  10721
15.961361958 1556653343 1759092 28358  8115
15.973349775 1558648268 1994925 28358  8816
15.985359138 1560159031 1510763 28351  10524
15.997358245 1561930773 1771742 28356  8202
16.009347288 1563917732 1986959 28364  8923
16.021362918 1565429857 1512125 28356  11101
16.033359487 1567201917 1772060 28362  8288
16.045347467 1569190976 1989059 28367  8968
16.057359717 1570715416 1524440 28354  10663
16.069341147 1572470625 1755209 28360  8211
16.081347731 1574460277 1989652 28352  8828
16.093349470 1575957721 1497444 28361  10411
16.105354796 1577727491 1769770 28356  7990
16.117358553 1579699515 1972024 28353  9122
16.129359316 1581186590 1487075 28367  10582
16.141358983 1582996587 1809997 28356  8182
16.153345300 1584973659 1977072 28348  8893
16.165347999 1586401426 1427767 28356  10510
16.177357879 1588269938 1868512 28364  7816
16.189350306 1590251136 1981198 28363  9228
16.201360022 1591733856 1482720 28364  10706
16.213361585 1593539236 1805380 28372  8416
16.225348262 1595525285 1986049 28353  9170
16.237357705 1596956547 1431262 28356  10705
16.249361239 1598812260 1855713 28364  8051
16.261358125 1600795352 1983092 28357  9263
16.273370672 1602307224 1511872 28362  10397
16.285348311 1604075347 1768123 28360  7811
16.297347581 1606066245 1990898 28347  9139
16.309349043 1607487868 1421623 28360  10679
16.321358294 1609347269 1859401 28354  8065
16.333361601 1611336972 1989703 28355  9094
16.345349497 1612830167 1493195 28365  10381
16.357359323 1614622451 1792284 28356  7962
16.369346393 1616608598 1986147 28352  8895
16.381358797 1618071496 1462898 28358  10541
16.393348930 1619884325 1812829 28362  8568
16.405347036 1621872751 1988426 28362  9187
16.417360269 1623383753 1511002 28361  10613
16.429354862 1625158775 1775022 28369  8223
16.441350662 1627137108 1978333 28354  9015
16.453358669 1628564540 1427432 28356  10712
16.465359292 1630422439 1857899 28356  7725
16.477349822 1632408275 1985836 28349  9052
16.489359381 1633909013 1500738 28372  10652
16.501347015 1635689593 1780580 28356  8004
16.513361541 1637675259 1985666 28354  9256
16.525346101 1639161605 1486346 28369  10447
16.537361888 1640963272 1801667 28362  7870
16.549363435 1642958023 1994751 28351  8851
16.561360300 1644478269 1520246 28360  10610
16.573358085 1646230907 1752638 28371  8046
16.585366247 1648219313 1988406 28352  9494
16.597359770 1649726501 1507188 28349  10740
16.609359110 1651499702 1773201 28364  8092
16.621346559 1653489652 1989950 28356  8979
16.633347090 1654996835 1507183 28356  10713
16.645351210 1656767918 1771083 28361  8136
16.657358469 1658758574 1990656 28359  8687
16.669346473 1660227564 1468990 28358  10686
16.681346109 1662023375 1795811 28356  7949
16.693362779 1664020010 1996635 28362  9206
16.705346589 1665494440 1474430 28357  10695
16.717349529 1667293288 1798848 28361  7583
16.729346179 1669285778 1992490 28359  9076
16.741345853 1670762648 1476870 28369  10549
16.753354423 1672568056 1805408 28359  7920
16.765349889 1674549999 1981943 28356  9603
16.777349489 1676070398 1520399 28362  10845
16.789347526 1677837747 1767349 28356  7987
16.801360239 1679816640 1978893 28353  9175
16.813361589 1681283944 1467304 28367  10659
16.825346322 1683095268 1811324 28361  8198
16.837360295 1685080202 1984934 28361  8782
16.849360779 1686571201 1490999 28368  10715
16.861350868 1688359182 1787981 28364  8082
16.873361275 1690350419 1991237 28349  9162
16.885349542 1691838962 1488543 28362  10647
16.897359218 1693622527 1783565 28358  7757
16.909371548 1695607255 1984728 28349  9198
16.921349402 1697026882 1419627 28362  10579
16.933360488 1698901150 1874268 28368  8004
16.945361905 1700877422 1976272 28357  9207
16.957345745 1702309711 1432289 28372  11166
16.969363068 1704167120 1857409 28374  8065
16.981347367 1706147530 1980410 28357  9228
16.993346521 1707620688 1473158 28370  10626
17.005360901 1709422009 1801321 28343  7653
17.017351141 1711403589 1981580 28358  9499
17.029363197 1712791060 1387471 28362  10379
17.041347174 1714679009 1887949 28358  7694
17.053358981 1716660218 1981209 28356  9536
17.065357227 1718100657 1440439 28359  10608
17.077359487 1719960211 1859554 28365  8327
17.089346630 1721940351 1980140 28361  8766
17.101348177 1723426646 1486295 28358  10493
17.113350744 1725228955 1802309 28364  7918
17.125360163 1727222457 1993502 28351  9216
17.137349234 1728723092 1500635 28354  10784
17.149348896 1730494292 1771200 28352  8523
17.161345660 1732483145 1988853 28353  9119
17.173359777 1733987847 1504702 28359  10808
17.185359446 1735759496 1771649 28357  8060
17.197347366 1737746303 1986807 28351  9296
17.209362023 1739254007 1507704 28359  10428
17.221355733 1741020564 1766557 28357  7977
17.233363136 1743009038 1988474 28344  9010
17.245357896 1744521724 1512686 28366  10820
17.257360730 1746292037 1770313 28360  8264
17.269361586 1748276200 1984163 28357  8994
17.281362250 1749807067 1530867 28365  10469
17.293348792 1751564391 1757324 28379  8221
17.305360565 1753550418 1986027 28364  8744
17.317349995 1755054607 1504189 28359  10626
17.329345935 1756818936 1764329 28361  8752
17.341350505 1758804602 1985666 28349  9057
17.353345285 1760309556 1504954 28362  10711
17.365359795 1762081905 1772349 28354  8262
17.377349345 1764057173 1975268 28350  9035
17.389369985 1765469490 1412317 28359  10785
17.401359225 1767335539 1866049 28365  7596
17.413345888 1769307804 1972265 28356  9282
17.425347285 1770696399 1388595 28350  10764
17.437356805 1772595046 1898647 28358  7783
17.449347664 1774576894 1981848 28362  9512
17.461346034 1775946010 1369116 28366  10529
17.473351574 1777855027 1909017 28350  7318
17.485347034 1779847722 1992695 28357  9464
17.497358664 1781335897 1488175 28360  10594
17.509349784 1783131779 1795882 28362  8109
17.521360378 1785112122 1980343 28352  9613
17.533349894 1786623006 1510884 28369  10861
17.545353421 1788397196 1774190 28356  8211
17.557347614 1790379486 1982290 28363  8957
17.569362554 1791868605 1489119 28365  10761
17.581358954 1793658366 1789761 28366  8126
17.593348407 1795646560 1988194 28360  8712
17.605359608 1797101649 1455089 28354  10694
17.617358563 1798902473 1800824 28355  7783
17.629359740 1800890668 1988195 28362  9549
17.641360734 1802275755 1385087 28369  10693
17.653349363 1804165295 1889540 28376  7202
17.665345947 1806160132 1994837 28360  9475
17.677361747 1807558123 1397991 28369  10543
17.689349573 1809447324 1889201 28357  7765
17.701366983 1811427360 1980036 28352  9703
17.713359521 1812913777 1486417 28359  10817
17.725362420 1814715072 1801295 28362  7818
17.737359514 1816697400 1982328 28350  9387
17.749346207 1818191370 1493970 28360  10684
17.761361921 1819985042 1793672 28358  8411
17.773349007 1821968515 1983473 28361  8561
17.785349804 1823461327 1492812 28360  10665
17.797346720 1825242818 1781491 28359  8006
17.809346607 1827231549 1988731 28356  9258
17.821346553 1828706994 1475445 28376  10615
17.833346063 1830504163 1797169 28361  7675
17.845347637 1832498765 1994602 28360  9364
17.857370664 1833933816 1435051 28366  10531
17.869347550 1835790681 1856865 28355  8018
17.881349933 1837772612 1981931 28348  9040
17.893347880 1839264696 1492084 28367  11081
17.905350183 1841055760 1791064 28364  8090
17.917359064 1843042233 1986473 28352  9220
17.929349790 1844571871 1529638 28360  10728
17.941359554 1846322221 1750350 28357  8154
17.953360073 1848312447 1990226 28371  9020
17.965358011 1849809598 1497151 28350  10482
17.977350057 1851577721 1768123 28367  8002
17.989348464 1853558514 1980793 28351  9259
18.001345897 1855044811 1486297 28369  10613
18.013347297 1856841746 1796935 28359  8045
18.025356943 1858820059 1978313 28364  9003
18.037365014 1860220456 1400397 28363  10541
18.049350780 1862105063 1884607 28366  7530
18.061347524 1864086133 1981070 28359  9552
18.073362264 1865485947 1399814 28356  10743
18.085346593 1867371196 1885249 28356  8127
18.097350137 1869354578 1983382 28363  9476
18.109351444 1870737745 1383167 28368  10708
18.121346723 1872631822 1894077 28358  7458
18.133349521 1874619942 1988120 28354  9866
18.145361578 1876104439 1484497 28359  10374
18.157346363 1877907831 1803392 28367  7815
18.169345787 1879897418 1989587 28358  9150
18.181367327 1881389571 1492153 28356  10749
18.193361954 1883178622 1789051 28368  8088
18.205352403 1885166796 1988174 28354  9029
18.217363014 1886685272 1518476 28361  10415
18.229360567 1888452988 1767716 28355  8051
18.241362334 1890442176 1989188 28366  8794
18.253345980 1891952354 1510178 28355  10542
18.265359591 1893708767 1756413 28366  8666
18.277357877 1895694048 1985281 28358  9044
18.289360714 1897210626 1516578 28364  10614
18.301348673 1898976703 1766077 28368  8268
18.313348934 1900957851 1981148 28360  8944
18.325359604 1902449670 1491819 28359  10715
18.337366284 1904229426 1779756 28352  7598
18.349354747 1906208723 1979297 28355  9253
18.361348534 1907613066 1404343 28349  10669
18.373362131 1909486777 1873711 28356  7710
18.385359228 1911466240 1979463 28363  9569
18.397359014 1912805552 1339312 28358  10420
18.409362364 1914742589 1937037 28356  7018
18.421346987 1916730609 1988020 28366  9702
18.433346703 1918117237 1386628 28363  10590
18.445346974 1920011225 1893988 28359  7543
18.457349443 1921993329 1982104 28361  10033
18.469346274 1923385504 1392175 28365  10650
18.481363407 1925273084 1887580 28360  7499
18.493366564 1927259054 1985970 28358  9598
18.505358757 1928648578 1389524 28360  10621
18.517359094 1930536247 1887669 28360  7568
18.529347113 1932516691 1980444 28356  9318
18.541351534 1933863335 1346644 28352  10589
18.553359651 1935785746 1922411 28351  7341
18.565361464 1937780626 1994880 28367  9875
18.577364274 1939150192 1369566 28357  10698
18.589346488 1941057074 1906882 28367  7102
18.601360161 1943055189 1998115 28355  9509
18.613362588 1944458614 1403425 28372  10507
18.625361654 1946330750 1872136 28355  7542
18.637346441 1948307472 1976722 28347  9844
18.649347714 1949710366 1402894 28361  10773
18.661370884 1951589377 1879011 28357  7437
18.673346338 1953576899 1987522 28354  9719
18.685347548 1954994176 1417277 28358  10536
18.697349864 1956856258 1862082 28364  8160
18.709357851 1958837571 1981313 28360  8836
18.721348634 1960263334 1425763 28363  10563
18.733360505 1962105791 1842457 28355  7665
18.745344994 1964092548 1986757 28363  9541
18.757358595 1965489112 1396564 28360  10590
18.769346359 1967371001 1881889 28366  7575
18.781358285 1969360985 1989984 28345  9271
18.793347445 1970782106 1421121 28353  10531
18.805361345 1972648062 1865956 28363  7860
18.817366769 1974624152 1976090 28354  9174
18.829348285 1976093516 1469364 28359  11093
18.841359192 1977904646 1811130 28352  7827
18.853365259 1979878095 1973449 28360  9416
18.865350199 1981273793 1395698 28358  10610
18.877359245 1983151217 1877424 28361  7394
18.889358366 1985130230 1979013 28354  9659
18.901347569 1986459091 1328861 28369  10316
18.913361276 1988400994 1941903 28369  7083
18.925346950 1990381361 1980367 28357  10089
18.937362713 1991765856 1384495 28362  10553
18.949346396 1993671501 1905645 28363  7729
18.961346596 1995645047 1973546 28351  9254
18.973356773 1997000769 1355722 28372  10487
18.985360550 1998937433 1936664 28368  7384
18.997339326 2000916093 1978660 28355  9600
19.009347820 2002261237 1345144 28359  10623
19.021348090 2004194278 1933041 28357  7883
19.033359656 2006184155 1989877 28359  9734
19.045349567 2007565500 1381345 28361  10699
19.057346627 2009459119 1893619 28355  7407
19.069359117 2011442291 1983172 28363  9833
19.081345937 2012859354 1417063 28366  10407
19.093358857 2014724826 1865472 28356  7579
19.105348751 2016703686 1978860 28358  9387
19.117357954 2018108900 1405214 28366  10686
19.129365657 2019984544 1875644 28358  7666
19.141361684 2021952987 1968443 28355  9492
19.153349907 2023283286 1330299 28356  10360
19.165346517 2025238665 1955379 28355  6987
19.177357858 2027215756 1977091 28359  9916
19.189359704 2028510368 1294612 28355  10525
19.201363838 2030494806 1984438 28358  7640
19.213363098 2032429114 1934308 28359  10011
19.225364148 2033748451 1319337 28359  10066
19.237348972 2035749334 2000883 28359  7063
19.249362218 2037543826 1794492 28363  10439
19.261345478 2038992515 1448689 28352  10142
19.273359998 2041003592 2011077 28368  6787
19.285347588 2042841424 1837832 28358  10646
19.297356312 2044255467 1414043 28362  10243
19.309349085 2046261402 2005935 28369  6748
19.321359038 2048060958 1799556 28358  10846
19.333361869 2049512217 1451259 28359  9812
19.345346902 2051526665 2014448 28360  6790
19.357360489 2053337837 1811172 28346  10599
19.369349356 2054778757 1440920 28359  9907
19.381348799 2056783491 2004734 28356  6995
19.393346826 2058523936 1740445 28353  11219
19.405358589 2060019841 1495905 28355  9389
19.417349499 2061998281 1978440 28362  7669
19.429358589 2063699959 1701678 28362  10593
19.441349663 2065271622 1571663 28354  9341
19.453370153 2067260878 1989256 28363  7788
19.465347496 2068955780 1694902 28362  10298
19.477347126 2070516986 1561206 28350  9186
19.489347380 2072500709 1983723 28357  8223
19.501353598 2074176564 1675855 28354  10622
19.513346793 2075783117 1606553 28357  9384
19.525358847 2077767677 1984560 28354  7459
19.537345924 2079431784 1664107 28357  10512
19.549347100 2081044714 1612930 28359  9015
19.561358440 2083029301 1984587 28364  7916
19.573346914 2084677540 1648239 28359  10878
19.585349790 2086298341 1620801 28353  9347
19.597345084 2088278125 1979784 28357  7980
19.609374295 2089897291 1619166 28347  10812
19.621345851 2091532999 1635708 28365  8138
19.633363371 2093508304 1975305 28359  9079
19.645347041 2094992226 1483922 28364  10373
19.657361465 2096778190 1785964 28353  7773
19.669359381 2098757740 1979550 28353  9163
19.681358231 2100187779 1430039 28363  10626
19.693351535 2102037224 1849445 28353  7945
19.705359952 2104014791 1977567 28356  9264
19.717363496 2105486050 1471259 28366  10343
19.729350869 2107301621 1815571 28367  7817
19.741360332 2109280477 1978856 28354  9065
19.753347742 2110698334 1417857 28359  10567
19.765366733 2112545372 1847038 28354  8212
19.777347856 2114526179 1980807 28361  9536
19.789358833 2115914992 1388813 28351  10632
19.801350183 2117798139 1883147 28355  7553
19.813357980 2119762952 1964813 28356  9623
19.825350153 2121051071 1288119 28350  10727
19.837347713 2123044225 1993154 28356  6667
19.849348203 2124970591 1926366 28351  10234
19.861358251 2126296721 1326130 28355  10395
19.873346474 2128298893 2002172 28356  6939
19.885362031 2130190987 1892094 28363  10475
19.897359941 2131539447 1348460 28353  9563
19.909350934 2133535774 1996327 28358  6935
19.921359025 2135233065 1697291 28354  10616
19.933354989 2136788177 1555112 28363  9349
19.945359192 2138764228 1976051 28368  7663
19.957348725 2140443113 1678885 28354  11111
19.969346815 2142039292 1596179 28358  9299
19.981349745 2144018026 1978734 28368  7916
19.993363919 2145679102 1661076 28340  10542
20.005347495 2147286151 1607049 28362  9022
20.017359013 2149276165 1990014 28370  8034
20.029345850 2150985154 1708989 28353  10511
20.041357710 2152546994 1561840 28366  9491
20.053349466 2154524339 1977345 28359  7636
20.065360583 2156228038 1703699 28355  10555
20.077363137 2157802499 1574461 28350  9531
20.089372687 2159781518 1979019 28356  7410
20.101360007 2161454095 1672577 28363  10459
20.113350371 2163057638 1603543 28365  8987
20.125361737 2165035763 1978125 28356  8056
20.137359104 2166668213 1632450 28365  10832
20.149360807 2168299482 1631269 28359  9110
20.161346608 2170292535 1993053 28357  8310
20.173359178 2171922008 1629473 28366  10802
20.185345798 2173556520 1634512 28356  8649
20.197360045 2175528491 1971971 28352  8399
20.209347928 2177109244 1580753 28360  10445
20.221358749 2178785220 1675976 28366  8017
20.233362326 2180764459 1979239 28351  9034
20.245357783 2182171075 1406616 28360  10687
20.257348869 2184034197 1863122 28364  7734
20.269345903 2186000743 1966546 28355  9437
20.281358900 2187344020 1343277 28363  10349
20.293349049 2189282766 1938746 28353  6934
20.305351359 2191251358 1968592 28363  9896
20.317349867 2192536406 1285048 28356  10364
20.329361860 2194533460 1997054 28373  7651
20.341350250 2196434747 1901287 28353  10282
20.353359084 2197782201 1347454 28358  9936
20.365350504 2199785368 2003167 28355  7084
20.377360641 2201548372 1763004 28357  10572
20.389353541 2203020884 1472512 28369  9927
20.401346788 2205027207 2006323 28355  6889
20.413372161 2206735570 1708363 28359  10770
20.425344801 2208261237 1525667 28354  9390
20.437359422 2210246082 1984845 28351  7610
20.449348612 2211904591 1658509 28353  10704
20.461358572 2213507778 1603187 28362  8931
20.473348142 2215497005 1989227 28352  7908
20.485358259 2217129950 1632945 28370  10730
20.497360792 2218765827 1635877 28355  8733
20.509342132 2220744533 1978706 28371  8243
20.521347049 2222356885 1612352 28374  11242
20.533359217 2224006077 1649192 28355  8208
20.545359200 2225977870 1971793 28359  8896
20.557349723 2227373527 1395657 28355  10567
20.569369310 2229230437 1856910 28346  7273
20.581359253 2231206265 1975828 28369  9780
20.593349750 2232519847 1313582 28353  10347
20.605345838 2234474100 1954253 28367  6787
20.617359081 2236354071 1879971 28358  10237
20.629363438 2237723115 1369044 28360  10017
20.641359711 2239731090 2007975 28365  7226
20.653350091 2241471378 1740288 28354  10213
20.665346279 2242963160 1491782 28354  9209
20.677349735 2244947556 1984396 28355  7417
20.689358635 2246625370 1677814 28349  10516
20.701346509 2248202766 1577396 28354  9009
20.713345425 2250185251 1982485 28359  8535
20.725367896 2251827703 1642452 28371  10609
20.737351383 2253458096 1630393 28368  9052
20.749352156 2255442537 1984441 28366  8016
20.761361527 2257071791 1629254 28359  10641
20.773358267 2258704120 1632329 28363  8706
20.785350991 2260687409 1983289 28366  8024
20.797349661 2262277025 1589616 28361  10731
20.809352785 2263936839 1659814 28371  8135
20.821361355 2265930905 1994066 28358  8800
20.833358922 2267427342 1496437 28356  10678
20.845349618 2269178729 1751387 28354  7423
20.857346578 2271161780 1983051 28357  9247
20.869363016 2272569753 1407973 28360  10490
20.881369679 2274431740 1861987 28352  7361
20.893351179 2276398864 1967124 28354  9959
20.905359207 2277731035 1332171 28358  10707
20.917363790 2279673698 1942663 28355  6565
20.929347727 2281523108 1849410 28356  10558
20.941346660 2282918561 1395453 28352  10014
20.953360238 2284918210 1999649 28364  7022
20.965362621 2286677710 1759500 28353  10317
20.977358278 2288153962 1476252 28361  9521
20.989346041 2290144066 1990104 28362  7389
21.001352081 2291846109 1702043 28352  10577
21.013346911 2293400852 1554743 28359  9317
21.025358306 2295375764 1974912 28353  7637
21.037351796 2297013463 1637699 28363  10325
21.049355242 2298649533 1636070 28361  8882
21.061361593 2300634278 1984745 28358  7993
21.073350863 2302290672 1656394 28348  10473
21.085348137 2303898177 1607505 28355  9566
21.097358594 2305889514 1991337 28359  8030
21.109359443 2307541383 1651869 28361  10600
21.121352614 2309160639 1619256 28354  9370
21.133348861 2311125181 1964542 28368  7619
21.145349854 2312700478 1575297 28357  10721
21.157358639 2314373554 1673076 28354  7745
21.169359225 2316339860 1966306 28350  8957
21.181349495 2317808539 1468679 28370  10628
21.193345919 2319615520 1806981 28369  7757
21.205367636 2321586804 1971284 28362  9497
21.217360710 2322915544 1328740 28359  10330
21.229350686 2324854888 1939344 28364  6719
21.241360623 2326785292 1930404 28355  9850
21.253358236 2328102785 1317493 28363  10103
21.265360007 2330097052 1994267 28353  6640
21.277345621 2331831904 1734852 28356  11144
21.289360117 2333329428 1497524 28359  9400
21.301361078 2335301862 1972434 28356  7649
21.313362408 2336967638 1665776 28349  10524
21.325346305 2338566729 1599091 28349  9042
21.337350855 2340551552 1984823 28367  7924
21.349351698 2342193626 1642074 28357  10307
21.361365709 2343810457 1616831 28354  9130
21.373352219 2345785480 1975023 28361  7959
21.385349023 2347433934 1648454 28367  10601
21.397363006 2349061699 1627765 28344  9132
21.409348599 2351025598 1963899 28360  7738
21.421347580 2352527929 1502331 28339  10424
21.433359510 2354288484 1760555 28356  7757
21.445359810 2356256963 1968479 28351  9092
21.457347194 2357663688 1406725 28371  10636
21.469345941 2359522345 1858657 28374  7935
21.481349965 2361493933 1971588 28358  9699
21.493350211 2362786427 1292494 28362  10687
21.505359115 2364760181 1973754 28369  6405
21.517366802 2366590809 1830628 28345  10526
21.529347222 2368004369 1413560 28370  9957
21.541358189 2370004914 2000545 28353  6685
21.553362923 2371804763 1799849 28351  10620
21.565350493 2373234655 1429892 28351  9603
21.577362063 2375240181 2005526 28357  7359
21.589357977 2376927262 1687081 28357  10748
21.601350483 2378477269 1550007 28371  8992
21.613346708 2380466114 1988845 28370  7541
21.625348278 2382147125 1681011 28352  10610
21.637357821 2383725836 1578711 28357  8870
21.649359035 2385706638 1980802 28370  8468
21.661346572 2387345231 1638593 28352  10687
21.673359979 2388970984 1625753 28355  8724
21.685348986 2390942702 1971718 28355  8282
21.697357386 2392452354 1509652 28348  10481
21.709361590 2394186827 1734473 28352  8039
21.721347780 2396158327 1971500 28351  8787
21.733363234 2397559585 1401258 28363  10539
21.745350884 2399417121 1857536 28360  7393
21.757349424 2401362290 1945169 28363  9661
21.769358965 2402675336 1313046 28369  10378
21.781359178 2404662602 1987266 28360  6619
21.793351035 2406498874 1836272 28368  10205
21.805350408 2407915800 1416926 28363  9863
21.817350366 2409914865 1999065 28367  6782
21.829364909 2411647812 1732947 28349  10525
21.841371054 2413140042 1492230 28359  9889
21.853347777 2415118249 1978207 28376  7606
21.865346034 2416777311 1659062 28359  10548
21.877362941 2418381077 1603766 28358  9195
21.889361761 2420353470 1972393 28358  7825
21.901350461 2421991207 1637737 28367  10726
21.913351949 2423619227 1628020 28355  8432
21.925359376 2425598080 1978853 28352  8190
21.937348802 2427225126 1627046 28372  10631
21.949346812 2428859249 1634123 28365  8414
21.961362347 2430837779 1978530 28360  8657
21.973360893 2432331343 1493564 28369  10340
21.985362190 2434094408 1763065 28370  7716
21.997358301 2436069496 1975088 28352  8923
22.009346388 2437470817 1401321 28355  10483
22.021362818 2439323971 1853154 28349  7347
22.033358995 2441299311 1975340 28353  10166
22.045350249 2442684510 1385199 28361  10626
22.057350775 2444570652 1886142 28353  7132
22.069345800 2446472096 1901444 28354  9850
22.081364223 2447807079 1334983 28364  9906
22.093347320 2449805305 1998226 28364  6888
22.105359247 2451567316 1762011 28361  10384
22.117357927 2453035918 1468602 28374  9657
22.129346467 2455008315 1972397 28364  7352
22.141346121 2456711148 1702833 28356  10481
22.153353828 2458276014 1564866 28349  9529
22.165362272 2460242867 1966853 28358  7333
22.177359223 2461882981 1640114 28357  10425
22.189349196 2463511309 1628328 28367  8543
22.201346193 2465485439 1974130 28362  8216
22.213362883 2467018633 1533194 28361  10762
22.225360710 2468730469 1711836 28369  8179
22.237347170 2470697828 1967359 28354  9110
22.249362837 2472037080 1339252 28361  10579
22.261362891 2473957879 1920799 28370  6817
22.273362481 2475831284 1873405 28347  10227
22.285346565 2477195052 1363768 28355  9818
22.297351009 2479194689 1999637 28352  6681
22.309361342 2480948697 1754008 28351  10593
22.321369673 2482421816 1473119 28363  9563
22.333348813 2484412805 1990989 28353  7353
22.345349323 2486090040 1677235 28351  10644
22.357350963 2487650257 1560217 28357  8495
22.369359998 2489632680 1982423 28363  7930
22.381350318 2491196024 1563344 28357  10462
22.393346374 2492875636 1679612 28367  7794
22.405364045 2494838188 1962552 28353  9460
22.417347765 2496247421 1409233 28364  10684
22.429349475 2498102137 1854716 28358  7065
22.441350115 2500017295 1915158 28360  9862
22.453346210 2501338299 1321004 28364  10006
22.465347833 2503321899 1983600 28360  6975
22.477367467 2505033298 1711399 28354  10299
22.489362577 2506548892 1515594 28359  9278
22.501324817 2508525911 1977019 28360  7824
22.513346827 2510156065 1630154 28361  10623
22.525351398 2511787472 1631407 28360  8977
22.537359902 2513758571 1971099 28357  8174
22.549349052 2515265548 1506977 28352  10335
22.561350499 2517011478 1745930 28367  7724
22.573362003 2518969598 1958120 28352  8931
22.585346679 2520348927 1379329 28361  10479
22.597346743 2522235135 1886208 28353  7904
22.609362120 2524204632 1969497 28364  9791
22.621358644 2525509242 1304610 28361  10461
22.633370185 2527473032 1963790 28368  6742
22.645350081 2529227061 1754029 28359  10227
22.657347269 2530696553 1469492 28363  9767
22.669358679 2532665574 1969021 28369  6885
22.681362436 2534329160 1663586 28343  10650
22.693362733 2535918047 1588887 28358  9102
22.705344863 2537898747 1980700 28350  7921
22.717358617 2539519797 1621050 28358  10629
22.729357978 2541137265 1617468 28362  7902
22.741350404 2543100421 1963156 28349  8748
22.753357642 2544480561 1380140 28363  10454
22.765361089 2546367208 1886647 28355  7197
22.777363505 2548304983 1937775 28359  9610
22.789353350 2549605104 1300121 28359  10641
22.801349680 2551601247 1996143 28360  6748
22.813361221 2553358996 1757749 28360  10569
22.825358147 2554828950 1469954 28357  9574
22.837345927 2556792128 1963178 28350  7242
22.849350552 2558473599 1681471 28350  10734
22.861348558 2560055164 1581565 28355  8765
22.873360049 2562021266 1966102 28362  7792
22.885346603 2563570757 1549491 28356  10692
22.897347689 2565270564 1699807 28364  7820
22.909363477 2567244825 1974261 28350  9293
22.921350947 2568614655 1369830 28354  10387
22.933347331 2570502487 1887832 28361  6852
22.945351011 2572428144 1925657 28370  9640
22.957365845 2573751416 1323272 28361  9968
22.969363429 2575753026 2001610 28353  6751
22.981359832 2577513647 1760621 28355  11060
22.993365763 2578991941 1478294 28358  9343
23.005359210 2580961629 1969688 28367  7658
23.017351073 2582590386 1628757 28364  10545
23.029359534 2584213959 1623573 28359  8318
23.041347214 2586197453 1983494 28367  8550
23.053350609 2587710389 1512936 28357  10330
23.065347159 2589449615 1739226 28362  7726
23.077361785 2591416670 1967055 28355  9295
23.089358173 2592805653 1388983 28356  10484
23.101358126 2594699469 1893816 28359  7211
23.113356717 2596552540 1853071 28360  9619
23.125347431 2597950553 1398013 28355  9881
23.137362784 2599957519 2006966 28369  6668
23.149351727 2601683524 1726005 28358  10541
23.161360548 2603189392 1505868 28363  9320
23.173351105 2605165981 1976589 28354  8009
23.185350396 2606807629 1641648 28355  10593
23.197361859 2608429958 1622329 28358  8745
23.209358290 2610404175 1974217 28370  8216
23.221385031 2611852394 1448219 28356  10570
23.233346294 2613650509 1798115 28366  7491
23.245363385 2615623934 1973425 28356  9257
23.257346915 2616960263 1336329 28361  10569
23.269354261 2618895604 1935341 28360  6992
23.281361752 2620847548 1951944 28358  10123
23.293359673 2622152959 1305411 28366  10139
23.305359140 2624146637 1993678 28351  6334
23.317350053 2625828966 1682329 28354  10424
23.329350423 2627381748 1552782 28362  8865
23.341357601 2629359655 1977907 28362  7901
23.353351038 2630995698 1636043 28357  10723
23.365362605 2632624952 1629254 28370  8864
23.377346149 2634608032 1983080 28359  8387
23.389361973 2636102759 1494727 28358  10632
23.401361926 2637861497 1758738 28359  7704
23.413351956 2639830006 1968509 28362  9374
23.425369314 2641224296 1394290 28366  10312
23.437349871 2643098285 1873989 28354  6792
23.449363078 2645022951 1924666 28357  9980
23.461346352 2646341817 1318866 28354  9992
23.473351542 2648353851 2012034 28358  6758
23.485360399 2650106217 1752366 28349  10670
23.497359819 2651582942 1476725 28360  9082
23.509347469 2653564727 1981785 28358  7411
23.521359630 2655200035 1635308 28350  10520
23.533363721 2656824203 1624168 28364  8417
23.545359695 2658803698 1979495 28361  8776
23.557347365 2660380879 1577181 28351  10710
23.569345481 2662064271 1683392 28374  7923
23.581362482 2664030376 1966105 28366  9137
23.593355602 2665400166 1369790 28355  10449
23.605363613 2667297020 1896854 28367  7394
23.617349900 2669242267 1945247 28360  9444
23.629358604 2670545786 1303519 28361  10135
23.641358951 2672540085 1994299 28371  6583
23.653350061 2674259349 1719264 28351  10605
23.665351415 2675775128 1515779 28355  9213
23.677363596 2677740358 1965230 28369  7573
23.689347356 2679277043 1536685 28352  10363
23.701351206 2680996195 1719152 28358  7760
23.713345427 2682968273 1972078 28358  8980
23.725362495 2684374923 1406650 28366  10401
23.737361152 2686235984 1861061 28360  7998
23.749362709 2688208310 1972326 28359  9542
23.761363566 2689516662 1308352 28364  10469
23.773351173 2691482773 1966111 28362  6699
23.785366090 2693302830 1820057 28370  10248
23.797347354 2694723500 1420670 28362  10134
23.809346810 2696728551 2005051 28365  6539
23.821359845 2698442516 1713965 28359  10608
23.833364142 2699950594 1508078 28361  9125
23.845359469 2701930869 1980275 28358  7832
23.857362303 2703563841 1632972 28362  10653
23.869361683 2705181410 1617569 28379  8062
23.881358623 2707161506 1980096 28353  8694
23.893345238 2708626426 1464920 28359  10489
23.905356935 2710428884 1802458 28358  7505
23.917359905 2712394575 1965691 28352  9279
23.929347355 2713725459 1330884 28351  10931
23.941362310 2715669068 1943609 28354  6780
23.953345923 2717528192 1859124 28376  10380
23.965360317 2718916869 1388677 28365  10119
23.977359414 2720913394 1996525 28363  6692
23.989345512 2722612296 1698902 28358  10800
24.001349288 2724137556 1525260 28356  8786
24.013363486 2726100515 1962959 28356  7723
24.025349979 2727652950 1552435 28357  10678
24.037351370 2729354476 1701526 28364  7824
24.049347504 2731324764 1970288 28347  9306
24.061371335 2732669010 1344246 28365  10363
24.073361251 2734594722 1925712 28355  6976
24.085349035 2736491020 1896298 28356  9703
24.097363149 2737837891 1346871 28351  9830
24.109349046 2739832309 1994418 28355  6832
24.121363023 2741518722 1686413 28350  11050
24.133346394 2743072851 1554129 28356  9292
24.145347048 2745041821 1968970 28360  7758
24.157361685 2746661509 1619688 28357  10618
24.169362555 2748288442 1626933 28376  8122
24.181346752 2750267176 1978734 28354  8909
24.193347363 2751728636 1461460 28370  10244
24.205350803 2753514606 1785970 28350  7418
24.217358111 2755455548 1940942 28359  9700
24.229354291 2756757203 1301655 28366  9995
24.241348492 2758754073 1996870 28351  6967
24.253359758 2760405184 1651111 28357  10295
24.265352089 2761984317 1579133 28357  8900
24.277361259 2763964986 1980669 28360  7705
24.289356434 2765595941 1630955 28371  10532
24.301357690 2767218743 1622802 28363  8408
24.313361225 2769197152 1978409 28364  9088
24.325348171 2770710177 1513025 28362  10643
24.337348801 2772454361 1744184 28361  7817
24.349362189 2774419833 1965472 28359  9215
24.361350093 2775747241 1327408 28361  10522
24.373361123 2777686597 1939356 28361  6900
24.385354254 2779588449 1901852 28341  9882
24.397362631 2780922709 1334260 28351  9752
24.409360834 2782910454 1987745 28355  7135
24.421350145 2784606840 1696386 28353  10548
24.433361596 2786160354 1553514 28351  9555
24.445348440 2788122475 1962121 28374  7338
24.457347216 2789712219 1589744 28349  10446
24.469346091 2791383414 1671195 28370  7925
24.481349641 2793356587 1973173 28355  8931
24.493360498 2794826418 1469831 28366  10642
24.505361828 2796618676 1792258 28360  8057
24.517348909 2798545378 1926702 28351  9445
24.529362419 2799853516 1308138 28376  10065
24.541361400 2801851284 1997768 28354  6798
24.553358550 2803544243 1692959 28358  10728
24.565349401 2805071541 1527298 28363  8986
24.577349895 2807043977 1972436 28364  7638
24.589366332 2808631364 1587387 28355  10729
24.601350399 2810287082 1655718 28355  7967
24.613350102 2812268168 1981086 28356  8947
24.625359663 2813664155 1395987 28364  10653
24.637357797 2815517394 1853239 28359  6659
24.649359721 2817445456 1928062 28361  9860
24.661363395 2818767120 1321664 28358  9885
24.673353325 2820763854 1996734 28354  6766
24.685362833 2822471600 1707746 28344  11022
24.697358033 2823988904 1517304 28369  9471
24.709359727 2825960839 1971935 28364  7664
24.721345967 2827550294 1589455 28358  10827
24.733359442 2829201261 1650967 28375  7752
24.745360209 2831170162 1968901 28366  9355
24.757348089 2832578765 1408603 28369  10340
24.769364087 2834430667 1851902 28359  7027
24.781346580 2836367809 1937142 28364  9850
24.793349151 2837665132 1297323 28368  9879
24.805346305 2839671126 2005994 28361  6878
24.817345336 2841347573 1676447 28358  10700
24.829359683 2842892702 1545129 28345  8796
24.841361367 2844878742 1986040 28360  7729
24.853347141 2846506607 1627865 28355  10578
24.865366338 2848130732 1624125 28366  8281
24.877347895 2850105811 1975079 28363  8979
24.889358455 2851648739 1542928 28352  10726
24.901348879 2853363195 1714456 28369  7647
24.913348960 2855329765 1966570 28363  9312
24.925360237 2856695756 1365991 28362  10487
24.937349917 2858588495 1892739 28356  6986
24.949363988 2860468830 1880335 28370  9785
24.961360679 2861823413 1354583 28355  9746
24.973358599 2863801275 1977862 28356  7105
24.985361537 2865484814 1683539 28363  10514
24.997349004 2867055482 1570668 28369  9188
25.009348821 2869018237 1962755 28366  7682
25.021367031 2870529964 1511727 28356  10343
25.033351322 2872270061 1740097 28360  7623
25.045348672 2874234194 1964133 28354  9079
25.057346177 2875555589 1321395 28361  10422
25.069358940 2877490730 1935141 28356  6909
25.081362584 2879310553 1819823 28353  10537
25.093347024 2880728780 1418227 28376  9523
25.105362032 2882697003 1968223 28355  7400
25.117350480 2884341057 1644054 28349  10468
25.129349273 2885951350 1610293 28362  9289
25.141346041 2887926321 1974971 28363  7455
25.153351354 2889554026 1627705 28355  10607
25.165362085 2891169775 1615749 28363  8153
25.177371249 2893144398 1974623 28362  8780
25.189348789 2894620177 1475779 28361  10474
25.201361943 2896399029 1778852 28363  7325
25.213363520 2898333630 1934601 28368  9426
25.225357511 2899644180 1310550 28371  9808
25.237351135 2901634661 1990481 28355  6738
25.249349595 2903312586 1677925 28365  10424
25.261363052 2904863958 1551372 28360  9859
25.273345223 2906838205 1974247 28359  7626
25.285361784 2908469429 1631224 28370  10533
25.297359714 2910089000 1619571 28356  8607
25.309358799 2912055217 1966217 28353  8395
25.321362115 2913515181 1459964 28354  10613
25.333357796 2915300535 1785354 28360  7059
25.345346896 2917226494 1925959 28365  9482
25.357361824 2918530251 1303757 28344  10055
25.369362631 2920528936 1998685 28354  6599
25.381362058 2922228884 1699948 28357  10721
25.393346862 2923745036 1516152 28360  8691
25.405362243 2925719380 1974344 28353  7757
25.417359450 2927260066 1540686 28361  10494
25.429349060 2928967680 1707614 28365  7562
25.441362131 2930933737 1966057 28357  9173
25.453361625 2932277968 1344231 28360  10926
25.465348922 2934201214 1923246 28364  7032
25.477347056 2936083353 1882139 28362  9971
25.489347677 2937441612 1358259 28363  10073
25.501368673 2939430556 1988944 28361  6666
25.513363474 2941132755 1702199 28359  10765
25.525349154 2942650252 1517497 28365  8563
25.537350585 2944614748 1964496 28359  7905
25.549349755 2946188037 1573289 28360  10633
25.561359856 2947866141 1678104 28363  7783
25.573349680 2949832409 1966268 28352  9243
25.585348067 2951134084 1301675 28350  10684
25.597336628 2953093252 1959168 28370  6280
25.609347838 2954908187 1814935 28358  10460
25.621351949 2956327650 1419463 28372  11155
25.633349119 2958295598 1967948 28359  7229
25.645333654 2959941620 1646022 28362  10991
25.657368115 2961556419 1614799 28360  8972
25.669349281 2963518551 1962132 28352  8258
25.681319388 2965010605 1492054 28362  10885
25.693360370 2966751766 1741161 28358  9878
25.705358100 2968674151 1922385 28354  11247
25.717359911 2969979857 1305706 28360  11347
25.729356095 2971941617 1961760 28347  8914
25.741358085 2973553713 1612096 28353  12645
25.753357626 2975185737 1632024 28363  10177
25.765309921 2977161488 1975751 28356  8804
25.777359587 2978569353 1407865 28365  10350
25.789361105 2980406067 1836714 28362  7212
25.801347962 2982380725 1974658 28361  9369
25.813366743 2983672059 1291334 28364  10535
25.825350016 2985639537 1967478 28357  6214
25.837362877 2987395659 1756122 28355  11065
25.849318690 2988865169 1469510 28358  10550
25.861361279 2990823396 1958227 28357  9878
25.873347649 2992349814 1526418 28354  12329
25.885358957 2994046105 1696291 28361  8789
25.897344757 2995963356 1917251 28359  10886
25.909344138 2997275169 1311813 28363  10804
25.921357935 2999257351 1982182 28358  6925
25.933313952 3000931628 1674277 28353  10683
25.945360963 3002493062 1561434 28362  9000
25.957356927 3004468734 1975672 28367  8241
25.969350547 3005997438 1528704 28361  10360
25.981354902 3007711018 1713580 28363  7636
25.993347002 3009677369 1966351 28359  9060
26.005359389 3011027263 1349894 28368  10543
26.017351394 3012934861 1907598 28372  7003
26.029361797 3014768135 1833274 28353  10983
26.041350585 3016178694 1410559 28357  10014
26.053347222 3018163444 1984750 28364  7117
26.065359042 3019843996 1680552 28364  10586
26.077349067 3021393616 1549620 28355  8977
26.089347504 3023361805 1968189 28358  7755
26.101361944 3024927577 1565772 28354  10324
26.113349775 3026594344 1666767 28355  7780
26.125350702 3028558356 1964012 28344  9249
26.137369026 3029975137 1416781 28358  10476
26.149360687 3031829310 1854173 28363  7303
26.161358691 3033679542 1850232 28363  9501
26.173351068 3035068956 1389414 28376  9842
26.185361778 3037066729 1997773 28364  6672
26.197361266 3038763836 1697107 28360  10462
26.209360810 3040280863 1517027 28354  8933
26.221350874 3042247448 1966585 28353  8373
26.233346561 3043821629 1574181 28355  10603
26.245359786 3045491268 1669639 28363  7853
26.257360216 3047453547 1962279 28361  9153
26.269360923 3048776576 1323029 28364  10467
26.281347033 3050710021 1933445 28371  6538
26.293370624 3052538855 1828834 28366  9964
26.305346672 3053936558 1397703 28355  9600
26.317346659 3055895861 1959303 28364  7263
26.329349440 3057557616 1661755 28364  10471
26.341361667 3059164696 1607080 28363  9233
26.353347591 3061125601 1960905 28364  7550
26.365346535 3062664717 1539116 28353  10362
26.377349792 3064370920 1706203 28353  7354
26.389349096 3066299696 1928776 28355  9415
26.401357780 3067598800 1299104 28344  9964
26.413349974 3069590793 1991993 28364  7191
26.425348771 3071292057 1701264 28359  10558
26.437348352 3072808002 1515945 28352  9052
26.449372400 3074772708 1964706 28359  7800
26.461350593 3076257310 1484602 28352  10576
26.473363614 3078005422 1748112 28364  7504
26.485359148 3079963653 1958231 28365  9380
26.497359762 3081262242 1298589 28361  10439
26.509350115 3083226356 1964114 28365  6698
26.521347550 3085096057 1869701 28353  10307
26.533362154 3086474838 1378781 28363  10142
26.545361368 3088463859 1989021 28354  6476
26.557359878 3090145097 1681238 28362  10434
26.569345828 3091690968 1545871 28362  8834
26.581361419 3093656303 1965335 28367  7823
26.593356740 3095223760 1567457 28358  10738
26.605359938 3096890742 1666982 28364  8011
26.617355038 3098823604 1932862 28354  9229
26.629359512 3100114787 1291183 28359  10015
26.641348612 3102098039 1983252 28364  6755
26.653348997 3103750328 1652289 28358  10558
26.665346698 3105319488 1569160 28363  8941
26.677362199 3107282168 1962680 28360  7647
26.689351585 3108812895 1530727 28353  10679
26.701348813 3110515483 1702588 28373  7631
26.713349157 3112486161 1970678 28351  9344
26.725348818 3113807075 1320914 28360  10626
26.737360728 3115742711 1935636 28365  6040
26.749346543 3117502082 1759371 28357  10311
26.761347149 3118970190 1468108 28355  9135
26.773356900 3120939082 1968892 28356  7535
26.785362268 3122559907 1620825 28363  10720
26.797349152 3124181584 1621677 28360  8626
26.809362363 3126154573 1972989 28357  8495
26.821358383 3127608816 1454243 28364  10597
26.833349768 3129392116 1783300 28361  7132
26.845349568 3131281917 1889801 28354  9755
26.857362802 3132625506 1343589 28358  10192
26.869363373 3134616141 1990635 28350  6478
26.881349691 3136322871 1706730 28357  10715
26.893362827 3137821472 1498601 28357  8739
26.905346642 3139797948 1976476 28348  8055
26.917345763 3141302934 1504986 28356  10606
26.929357470 3143029371 1726437 28361  7152
26.941360657 3144998641 1969270 28353  9628
26.953348731 3146276525 1277884 28358  10287
26.965350329 3148256774 1980249 28363  6299
26.977350179 3149927210 1670436 28358  10832
26.989347947 3151472943 1545733 28353  9360
27.001346258 3153435018 1962075 28367  7683
27.013360305 3154967995 1532977 28348  10815
27.025361149 3156669795 1701800 28359  7564
27.037357173 3158586648 1916853 28358  9437
27.049349153 3159887700 1301052 28363  9741
27.061350624 3161880618 1992918 28357  6490
27.073346118 3163578044 1697426 28350  10719
27.085369743 3165088887 1510843 28362  9081
27.097362429 3167070366 1981479 28356  7984
27.109348104 3168634329 1563963 28351  10668
27.121351278 3170299047 1664718 28358  7506
27.133361696 3172266529 1967482 28350  9047
27.145349552 3173587477 1320948 28358  10410
27.157359743 3175520972 1933495 28347  6201
27.169360721 3177266684 1745712 28347  10797
27.181363605 3178729521 1462837 28352  9190
27.193351445 3180695023 1965502 28362  7780
27.205349073 3182224765 1529742 28349  10692
27.217361171 3183928417 1703652 28361  7590
27.229361204 3185849468 1921051 28368  9410
27.241358272 3187152352 1302884 28352  9963
27.253355656 3189130072 1977720 28356  6322
27.265349309 3190770040 1639968 28363  10743
27.277361957 3192340286 1570246 28350  8673
27.289362018 3194318278 1977992 28364  8108
27.301346385 3195818669 1500391 28354  10616
27.313358842 3197547848 1729179 28356  7206
27.325345827 3199484486 1936638 28361  9177
27.337361298 3200784471 1299985 28350  9967
27.349349584 3202772219 1987748 28350  6476
27.361357592 3204471142 1698923 28361  10888
27.373362056 3205985590 1514448 28360  9272
27.385350147 3207946179 1960589 28372  7717
27.397348581 3209414313 1468134 28358  10629
27.409354982 3211177695 1763382 28360  7471
27.421358776 3213093982 1916287 28352  9481
27.433361533 3214403780 1309798 28368  9937
27.445352420 3216390782 1987002 28358  6329
27.457347348 3218101780 1710998 28353  10724
27.469363861 3219592076 1490296 28358  8713
27.481347489 3221567301 1975225 28358  8144
27.493359183 3223052419 1485118 28351  10573
27.505349597 3224790860 1738441 28363  6960
27.517357434 3226718835 1927975 28357  9499
27.529350275 3228030587 1311752 28364  9844
27.541348503 3230012376 1981789 28358  6682
27.553358390 3231661935 1649559 28361  10726
27.565370307 3233223612 1561677 28359  9029
27.577346672 3235193677 1970065 28359  8094
27.589349452 3236696699 1503022 28360  10666
27.601347289 3238431781 1735082 28361  7614
27.613362030 3240380061 1948280 28357  9345
27.625361518 3241672026 1291965 28364  10241
27.637347541 3243639662 1967636 28379  5998
27.649362032 3245367124 1727462 28345  10601
27.661346037 3246848792 1481668 28359  9097
27.673362518 3248824365 1975573 28355  7727
27.685349309 3250397975 1573610 28353  10669
27.697350709 3252050035 1652060 28355  7849
27.709366193 3254016791 1966756 28372  9218
27.721359351 3255343810 1327019 28354  10459
27.733362695 3257270154 1926344 28359  6339
27.745359058 3259085752 1815598 28352  10567
27.757362596 3260493791 1408039 28363  9858
27.769350380 3262463283 1969492 28355  7211
27.781349965 3264101764 1638481 28352  10673
27.793348139 3265704094 1602330 28357  8669
27.805362423 3267662586 1958492 28354  8287
27.817347393 3269156084 1493498 28353  10268
27.829358078 3270891931 1735847 28350  7129
27.841359339 3272816606 1924675 28358  9667
27.853345495 3274111449 1294843 28351  9794
27.865348953 3276099470 1988021 28356  6926
27.877348107 3277740813 1641343 28346  10615
27.889371048 3279314036 1573223 28376  8323
27.901361439 3281284619 1970583 28361  8104
27.913346293 3282770184 1485565 28355  10462
27.925350414 3284524075 1753891 28360  7436
27.937349181 3286433523 1909448 28355  9676
27.949362539 3287734037 1300514 28359  9764
27.961360400 3289698034 1963997 28358  6973
27.973346657 3291311729 1613695 28367  10734
27.985361444 3292927914 1616185 28370  8280
27.997346025 3294893409 1965495 28355  8601
28.009346160 3296369602 1476193 28356  10218
28.021347486 3298131592 1761990 28351  7274
28.033362071 3300046907 1915315 28358  9480
28.045367495 3301346219 1299312 28354  9755
28.057349909 3303339398 1993179 28358  6927
28.069347189 3304997820 1658422 28352  10561
28.081358860 3306554804 1556984 28359  8435
28.093359301 3308531945 1977141 28364  7945
28.105359912 3310076980 1545035 28350  10476
28.117350003 3311766267 1689287 28363  7323
28.129347773 3313695313 1929046 28359  9740
28.141362555 3314985465 1290152 28367  9872
28.153348712 3316976198 1990733 28363  6796
28.165358420 3318634293 1658095 28358  10683
28.177361821 3320189275 1554982 28354  8612
28.189361578 3322147044 1957769 28363  8287
28.201353702 3323659140 1512096 28364  10172
28.213349169 3325392549 1733409 28355  7490
28.225359440 3327356587 1964038 28369  9206
28.237361781 3328667297 1310710 28371  10468
28.249346301 3330612316 1945019 28358  6247
28.261347406 3332339354 1727038 28362  10524
28.273346663 3333823562 1484208 28354  8859
28.285360451 3335798630 1975068 28370  7555
28.297359312 3337414461 1615831 28362  10488
28.309349089 3339036047 1621586 28364  7816
28.321357336 3340992864 1956817 28344  9271
28.333346627 3342360773 1367909 28361  10605
28.345346632 3344245766 1884993 28363  6341
28.357357379 3345990127 1744361 28356  10477
28.369361696 3347453751 1463624 28364  8975
28.381363000 3349410973 1957222 28363  7907
28.393348641 3350982017 1571044 28352  10182
28.405349992 3352640877 1658860 28362  7391
28.417359073 3354563191 1922314 28352  9359
28.429358887 3355855310 1292119 28348  9787
28.441361718 3357847525 1992215 28358  6811
28.453361622 3359484021 1636496 28358  10558
28.465346872 3361054499 1570478 28356  8126
28.477361456 3363029029 1974530 28362  8276
28.489346957 3364479471 1450442 28364  10332
28.501358608 3366264304 1784833 28356  7093
28.513362196 3368177121 1912817 28346  9846
28.525366174 3369491782 1314661 28365  10048
28.537350607 3371490507 1998725 28354  6741
28.549338681 3373157123 1666616 28357  10773
28.561359492 3374699425 1542302 28347  8829
28.573361660 3376664789 1965364 28359  8049
28.585347437 3378297228 1632439 28370  10180
28.597347264 3379915451 1618223 28362  8188
28.609348949 3381884104 1968653 28362  8449
28.621362073 3383357024 1472920 28359  10694
28.633346993 3385131751 1774727 28360  7475
28.645349141 3387040010 1908259 28358  9330
28.657350748 3388347917 1307907 28361  9647
28.669346919 3390332192 1984275 28361  6646
28.681354484 3391985299 1653107 28357  10474
28.693360285 3393553351 1568052 28355  8535
28.705362099 3395513466 1960115 28356  8565
28.717349639 3397012085 1498619 28363  10590
28.729348678 3398759247 1747162 28363  7477
28.741348425 3400678683 1919436 28363  9409
28.753345159 3401974605 1295922 28372  9821
28.765360200 3403934414 1959809 28354  7024
28.777359291 3405589227 1654813 28354  10145
28.789349302 3407166878 1577651 28364  8493
28.801349129 3409127241 1960363 28362  8142
28.813359270 3410580566 1453325 28361  10475
28.825349890 3412372211 1791645 28361  7459
28.837366632 3414275262 1903051 28360  9443
28.849361446 3415590287 1315025 28364  9635
28.861359813 3417581746 1991459 28360  6592
28.873347174 3419254980 1673234 28365  10476
28.885349175 3420802005 1547025 28352  8806
28.897358660 3422762231 1960226 28360  8293
28.909358151 3424311552 1549321 28353  10598
28.921358707 3425998703 1687151 28351  7452
28.933349422 3427923981 1925278 28352  9446
28.945359909 3429213278 1289297 28361  9862
28.957358190 3431183281 1970003 28352  7025
28.969347618 3432867215 1683934 28347  10214
28.981358246 3434402102 1534887 28354  8374
28.993368223 3436365010 1962908 28361  8231
29.005346420 3437817804 1452794 28362  10437
29.017348188 3439612135 1794331 28355  7589
29.029348765 3441526936 1914801 28353  9312
29.041359106 3442822773 1295837 28370  9507
29.053360464 3444802803 1980030 28362  6643
29.065346838 3446460731 1657928 28357  10418
29.077349449 3448029166 1568435 28370  8535
29.089358270 3449987421 1958255 28354  8502
29.101360037 3451464805 1477384 28354  10571
29.113346391 3453226010 1761205 28347  7284
29.125350282 3455139061 1913051 28366  9541
29.137357270 3456444210 1305149 28360  9802
29.149359258 3458404255 1960045 28360  7041
29.161365905 3460078971 1674716 28362  10114
29.173359026 3461636910 1557939 28367  8585
29.185362230 3463594623 1957713 28364  8098
29.197359097 3465052294 1457671 28355  10465
29.209350458 3466834228 1781934 28364  7376
29.221362316 3468752558 1918330 28356  9523
29.233347220 3470052423 1299865 28362  9520
29.245360481 3472022263 1969840 28357  6628
29.257345876 3473668230 1645967 28371  10442
29.269361933 3475245398 1577168 28356  8245
29.281360777 3477209075 1963677 28351  8922
29.293359541 3478680043 1470968 28354  10573
29.305359102 3480453678 1773635 28354  7370
29.317369526 3482378298 1924620 28357  9532
29.329359887 3483671849 1293551 28358  9796
29.341346221 3485642858 1971009 28358  6963
29.353359542 3487306499 1663641 28355  10135
29.365345809 3488861019 1554520 28357  8538
29.377362617 3490816318 1955299 28357  8104
29.389349028 3492273791 1457473 28351  10482
29.401362252 3494060136 1786345 28351  7406
29.413345923 3495970394 1910258 28354  9451
29.425358674 3497277525 1307131 28366  9567
29.437346614 3499270862 1993337 28361  6531
29.449350925 3500942663 1671801 28359  10475
29.461349803 3502485222 1542559 28352  8700
29.473357757 3504445165 1959943 28363  8363
29.485349132 3505953249 1508084 28358  10561
29.497363209 3507682996 1729747 28356  7623
29.509359650 3509622672 1939676 28350  9348
29.521361421 3510901986 1279314 28354  10061
29.533360222 3512880538 1978552 28361  6715
29.545347632 3514579025 1698487 28347  10200
29.557348990 3516079050 1500025 28359  8400
29.569349508 3518041190 1962140 28362  8224
29.581350615 3519451031 1409841 28368  10462
29.593358156 3521275715 1824684 28357  7148
29.605359834 3523122344 1846629 28348  9694
29.617360451 3524494370 1372026 28360  9435
29.629361548 3526464132 1969762 28359  6740
29.641353769 3528104490 1640358 28351  10437
29.653350120 3529702541 1598051 28359  8591
29.665359521 3531656119 1953578 28354  8466
29.677347852 3533111884 1455765 28360  10509
29.689359410 3534888138 1776254 28361  6951
29.701345708 3536714865 1826727 28355  9937
29.713346525 3538107740 1392875 28360  9634
29.725359203 3540062753 1955013 28355  7141
29.737358147 3541706540 1643787 28356  10144
29.749365665 3543299923 1593383 28362  8437
29.761357499 3545260378 1960455 28358  8129
29.773346053 3546732802 1472424 28365  10509
29.785348751 3548506014 1773212 28359  7543
29.797372222 3550423927 1917913 28362  9236
29.809359380 3551718965 1295038 28364  9620
29.821352537 3553719108 2000143 28359  6469
29.833381295 3555405546 1686438 28357  10484
29.845357965 3556913630 1508084 28351  8410
29.857348680 3558873935 1960305 28365  8650
29.869344997 3560347693 1473758 28355  10537
29.881362598 3562111944 1764251 28361  7329
29.893361719 3564036714 1924770 28362  9491
29.905350450 3565327442 1290728 28359  9790
29.917357548 3567278493 1951051 28355  6977
29.929346962 3568932753 1654260 28361  10071
29.941361777 3570512173 1579420 28359  8469
29.953366644 3572471516 1959343 28363  8171
29.965351215 3573925386 1453870 28359  10439
29.977348590 3575706942 1781556 28354  7248
29.989350627 3577541993 1835051 28350  9535
30.001347207 3578913833 1371840 28373  9111
30.013347622 3580875909 1962076 28349  7019
30.025358766 3582498963 1623054 28364  10351
30.037358590 3584115667 1616704 28360  8160
30.049358672 3586076215 1960548 28354  8805
30.061349549 3587485067 1408852 28368  10502
30.073359263 3589309034 1823967 28363  6715
30.085357981 3591141795 1832761 28365  10098
30.097357915 3592535704 1393909 28360  9856
30.109359396 3594501217 1965513 28366  7046
30.121360777 3596174853 1673636 28351  10106
30.133345808 3597717614 1542761 28358  8396
30.145346726 3599678449 1960835 28366  8261
30.157347800 3601129144 1450695 28354  10452
30.169358011 3602915902 1786758 28364  7337
30.181346119 3604827411 1911509 28358  9466
30.193346526 3606131727 1304316 28373  9563
30.205359387 3608096926 1965199 28363  6605
30.217345764 3609725077 1628151 28364  10406
30.229360982 3611323807 1598730 28354  8277
30.241346886 3613284728 1960921 28357  8764
30.253345187 3614750370 1465642 28363  10467
30.265345692 3616519224 1768854 28357  7204
30.277367196 3618392527 1873303 28355  9594
30.289349630 3619732932 1340405 28367  9664
30.301360441 3621686586 1953654 28373  7148
30.313359669 3623336458 1649872 28356  10105
30.325357953 3624921947 1585489 28360  8475
30.337349864 3626878759 1956812 28365  8136
30.349346689 3628330790 1452031 28348  10464
30.361362950 3630115956 1785166 28357  7324
30.373360697 3632033684 1917728 28353  9464
30.385358645 3633333350 1299666 28366  9609
30.397347388 3635310190 1976840 28357  6479
30.409357720 3636970109 1659919 28357  10378
30.421358107 3638522202 1552093 28361  8330
30.433366012 3640482518 1960316 28363  8667
30.445348376 3641948043 1465525 28359  10470
30.457347463 3643714839 1766796 28381  7144
30.469348811 3645576343 1861504 28366  9614
30.481345445 3646925946 1349603 28366  9548
30.493358450 3648876412 1950466 28362  7199
30.505345144 3650517148 1640736 28360  10099
30.517345908 3652110159 1593011 28362  8277
30.529362323 3654071280 1961121 28353  8325
30.541349110 3655522155 1450875 28343  10492
30.553348191 3657304138 1781983 28360  7092
30.565361199 3659127229 1823091 28361  9623
30.577359343 3660511572 1384343 28378  9165
30.589359214 3662475437 1963865 28353  7369
30.601347824 3664090925 1615488 28363  10413
30.613362185 3665699747 1608822 28354  7784
30.625346816 3667649715 1949968 28355  9096
30.637346997 3668980634 1330919 28364  10511
30.649360685 3670893488 1912854 28367  6224
30.661361580 3672625773 1732285 28355  10575
30.673358251 3674093507 1467734 28356  8884
30.685358432 3676045135 1951628 28365  7951
30.697358137 3677596438 1551303 28349  10137
30.709348203 3679267237 1670799 28362  7196
30.721345624 3681187562 1920325 28349  9418
30.733346416 3682476237 1288675 28359  9712
30.745354971 3684463364 1987127 28364  6860
30.757360168 3686115716 1652352 28362  10527
30.769359119 3687664642 1548926 28368  8093
30.781358377 3689636207 1971565 28354  8203
30.793356905 3691091049 1454842 28358  10307
30.805358612 3692862876 1771827 28360  6967
30.817347860 3694709372 1846496 28355  9934
30.829348714 3696080498 1371126 28357  9838
30.841346115 3698034919 1954421 28357  6865
30.853359453 3699647163 1612244 28354  10697
30.865345830 3701264896 1617733 28366  8170
30.877357578 3703217724 1952828 28352  8574
30.889359143 3704672726 1455002 28360  10099
30.901346080 3706451084 1778358 28363  6823
30.913366221 3708313997 1862913 28361  9732
30.925351542 3709652920 1338923 28362  9166
30.937346373 3711617305 1964385 28357  7407
30.949348438 3713176160 1558855 28355  10466
30.961345175 3714834707 1658547 28359  7262
30.973360143 3716755908 1921201 28355  8992
30.985361384 3718052560 1296652 28368  9632
30.997349032 3720002836 1950276 28364  6685
31.009350509 3721617780 1614944 28353  10646
31.021346410 3723226097 1608317 28358  8544
31.033359485 3725187363 1961266 28353  8450
31.045345182 3726556907 1369544 28363  10525
31.057345433 3728416532 1859625 28366  6579
31.069366031 3730216062 1799530 28360  10119
31.081363105 3731637015 1420953 28367  9562
31.093346276 3733586670 1949655 28374  6639
31.105346597 3735200039 1613369 28360  10600
31.117362642 3736810279 1610240 28362  8105
31.129357879 3738783282 1973003 28356  8484
31.141348890 3740141618 1358336 28360  10483
31.153346065 3742007363 1865745 28365  6491
31.165359102 3743859673 1852310 28362  9739
31.177348273 3745242092 1382419 28365  9741
31.189359404 3747212569 1970477 28367  6677
31.201346279 3748850005 1637436 28358  10666
31.213360197 3750418301 1568296 28364  8736
31.225370938 3752381517 1963216 28361  8345
31.237349625 3753846435 1464918 28373  10500
31.249346833 3755606684 1760249 28359  6969
31.261360957 3757434426 1827742 28366  9771
31.273346105 3758824324 1389898 28352  9580
31.285350696 3760773422 1949098 28364  6639
31.297346413 3762385553 1612131 28364  10600
31.309359241 3763994013 1608460 28356  8079
31.321359003 3765953445 1959432 28350  8566
31.333346576 3767306908 1353463 28360  10469
31.345361778 3769184640 1877732 28362  5913
31.357345452 3770898588 1713948 28369  10193
31.369360057 3772388953 1490365 28367  8631
31.381354561 3774349055 1960102 28358  7819
31.393350479 3775878054 1528999 28359  10587
31.405360470 3777569550 1691496 28369  7745
31.417360748 3779449955 1880405 28356  9264
31.429359165 3780778825 1328870 28365  9595
31.441359086 3782730644 1951819 28356  6970
31.453362714 3784343633 1612989 28368  10528
31.465358938 3785962201 1618568 28361  8344
31.477347053 3787918532 1956331 28355  8000
31.489348587 3789321951 1403419 28358  10507
31.501362028 3791138576 1816625 28364  6916
31.513346779 3792998051 1859475 28363  9782
31.525358133 3794369964 1371913 28364  9933
31.537346194 3796318914 1948950 28352  6448
31.549366825 3797946430 1627516 28359  10285
31.561361073 3799559494 1613064 28376  8469
31.573348264 3801513675 1954181 28360  8165
31.585350438 3802961931 1448256 28373  10468
31.597345326 3804737037 1775106 28359  7478
31.609359330 3806605648 1868611 28345  9626
31.621346715 3807948958 1343310 28372  9402
31.633346432 3809894176 1945218 28361  7155
31.645360423 3811447158 1552982 28359  10446
31.657361131 3813114309 1667151 28362  7628
31.669349175 3815062057 1947748 28353  8709
31.681361306 3816338362 1276305 28358  10352
31.693345631 3818303132 1964770 28354  6221
31.705369423 3820040748 1737616 28357  10434
31.717349384 3821501612 1460864 28356  8761
31.729349861 3823453719 1952107 28356  7713
31.741359019 3824936683 1482964 28355  10255
31.753359823 3826693190 1756507 28367  7148
31.765362104 3828602244 1909054 28350  9365
31.777357869 3829903122 1300878 28372  9622
31.789424427 3831849100 1945978 28353  7325
31.801358731 3833474558 1625458 28370  10480
31.813347888 3835081691 1607133 28362  8386
31.825348776 3837029353 1947662 28366  8362
31.837359055 3838387952 1358599 28355  10453
31.849347542 3840261491 1873539 28374  6755
31.861365943 3842086512 1825021 28356  9570
31.873361181 3843472000 1385488 28371  9533
31.885363425 3845420297 1948297 28370  7106
31.897361576 3847053185 1632888 28363  10385
31.909345717 3848663246 1610061 28354  8625
31.921347042 3850611756 1948510 28363  7901
31.933348826 3852011187 1399431 28374  10232
31.945347055 3853850254 1839067 28361  6563
31.957348871 3855676910 1826656 28360  9844
31.969345862 3857060755 1383845 28361  9517
31.981360224 3859010665 1949910 28355  7560
31.993361762 3860630296 1619631 28369  10466
32.005348890 3862238649 1608353 28357  8161
32.017367397 3864188652 1950003 28362  8616
32.029346678 3865546852 1358200 28358  10427
32.041362103 3867419554 1872702 28362  6357
32.053349050 3869211990 1792436 28353  9946
32.065346991 3870631192 1419202 28368  9413
32.077360680 3872577825 1946633 28365  7272
32.089359834 3874205466 1627641 28366  10377
32.101360485 3875815652 1610186 28351  8332
32.113346790 3877750790 1935138 28356  8231
32.125361664 3879060353 1309563 28362  10237
32.137359738 3881007560 1947207 28376  6299
32.149348889 3882735648 1728088 28348  10170
32.161346657 3884201810 1466162 28361  8906
32.173358315 3886151889 1950079 28363  8230
32.185353172 3887679471 1527582 28353  10481
32.197359763 3889377445 1697974 28364  7387
32.209346504 3891293055 1915610 28352  9353
32.221360166 3892584544 1291489 28367  9524
32.233360141 3894554352 1969808 28357  6950
32.245350335 3896177660 1623308 28357  10071
32.257349229 3897762065 1584405 28358  8608
32.269346730 3899722288 1960223 28355  8285
32.281345475 3901227219 1504931 28356  10409
32.293348739 3902948595 1721376 28353  7432
32.305345423 3904763049 1814454 28352  9166
32.317360544 3906165813 1402764 28365  9465
32.329362333 3908127031 1961218 28358  6790
32.341356997 3909757336 1630305 28355  10275
32.353350418 3911353392 1596056 28360  8737
32.365345549 3913302767 1949375 28358  8535
32.377361884 3914711658 1408891 28352  10423
32.389345961 3916527890 1816232 28359  6914
32.401351819 3918366206 1838316 28358  9784
32.413359210 3919746357 1380151 28362  9776
32.425362314 3921718605 1972248 28361  6766
32.437346102 3923350297 1631692 28353  10092
32.449359066 3924919673 1569376 28367  8631
32.461361642 3926869614 1949941 28356  8131
32.473360823 3928350161 1480547 28362  10428
32.485350260 3930110588 1760427 28358  7599
32.497355538 3932014902 1904314 28355  8892
32.509359506 3933327507 1312605 28361  9775
32.521360383 3935296759 1969252 28347  6560
32.533346718 3936954192 1657433 28355  10240
32.545345549 3938505255 1551063 28347  8674
32.557361866 3940458435 1953180 28366  8601
32.569359874 3941911214 1452779 28359  10413
32.581348855 3943681298 1770084 28362  7109
32.593345376 3945520897 1839599 28359  9605
32.605362011 3946897109 1376212 28362  9729
32.617346539 3948855877 1958768 28360  6796
32.629350177 3950475739 1619862 28354  10112
32.641348304 3952066335 1590596 28353  8512
32.653369280 3954019823 1953488 28357  8263
32.665360643 3955502401 1482578 28349  10419
32.677346048 3957260302 1757901 28359  7600
32.689347429 3959164535 1904233 28356  8836
32.701358010 3960471161 1306626 28359  9565
32.713359378 3962438812 1967651 28370  6755
32.725349292 3964076586 1637774 28352  10233
32.737348407 3965650119 1573533 28357  8537
32.749361122 3967595024 1944905 28356  8626
32.761359020 3969049853 1454829 28360  10429
32.773359997 3970829946 1780093 28377  7228
32.785346372 3972706205 1876259 28360  9539
32.797358833 3974032697 1326492 28353  9337
32.809357014 3975988833 1956136 28368  7092
32.821355216 3977601973 1613140 28348  10132
32.833347710 3979204285 1602312 28374  8262
32.845361778 3981154836 1950551 28359  8507
32.857360515 3982569101 1414265 28364  10339
32.869357797 3984391382 1822281 28366  6902
32.881348261 3986187489 1796107 28371  9690
32.893360229 3987611988 1424499 28360  9496
32.905358610 3989575904 1963916 28351  6825
32.917350448 3991206175 1630271 28353  10269
32.929345602 3992799048 1592873 28357  8808
32.941346833 3994745321 1946273 28376  8467
32.953357265 3996190788 1445467 28358  10398
32.965349689 3997969377 1778589 28368  7120
32.977367587 3999827838 1858461 28365  9594
32.989359098 4001171423 1343585 28359  9286
33.001346146 4003126501 1955078 28356  7173
33.013349704 4004736714 1610213 28365  10154
33.025361182 4006338245 1601531 28358  8098
33.037347597 4008287232 1948987 28358  8701
33.049347631 4009678203 1390971 28361  10321
33.061348289 4011531055 1852852 28355  7010
33.073361296 4013352050 1820995 28365  9531
33.085359024 4014748006 1395956 28364  9468
33.097346688 4016715519 1967513 28364  6862
33.109360580 4018364156 1648637 28362  10243
33.121345765 4019928656 1564500 28362  8556
33.133366006 4021876359 1947703 28368  8555
33.145347013 4023334645 1458286 28365  10428
33.157361144 4025105174 1770529 28362  7156
33.169358243 4026983314 1878140 28354  9572
33.181361871 4028315491 1332177 28374  9621
33.193359638 4030267249 1951758 28367  6881
33.205357159 4031893128 1625879 28343  10038
33.217362660 4033484613 1591485 28357  8535
33.229359386 4035433036 1948423 28360  8226
33.241348012 4036894382 1461346 28369  10325
33.253349234 4038665032 1770650 28353  7285
33.265358532 4040528129 1863097 28354  9265
33.277345426 4041882607 1354478 28353  9542
33.289358797 4043838200 1955593 28377  6700
33.301368959 4045451226 1613026 28351  10280
33.313361414 4047052401 1601175 28363  8348
33.325349501 4049005157 1952756 28359  8756
33.337359279 4050461220 1456063 28363  10454
33.349350277 4052231923 1770703 28372  7051
33.361361471 4054069388 1837465 28363  9632
33.373346379 4055433074 1363686 28355  9284
33.385362794 4057385898 1952824 28362  7126
33.397348858 4059001183 1615285 28361  10105
33.409362363 4060608265 1607082 28355  8246
33.421346560 4062566436 1958171 28364  8449
33.433349791 4064022357 1455921 28363  10328
33.445346033 4065800605 1778248 28361  7221
33.457353867 4067627237 1826632 28375  9319
33.469358909 4069028088 1400851 28360  9704
33.481350050 4070998920 1970832 28356  6536
33.493347287 4072646286 1647366 28340  10218
33.505345875 4074215366 1569080 28362  8632
33.517361759 4076162894 1947528 28357  8516
33.529345661 4077622222 1459328 28356  10431
33.541347476 4079400818 1778596 28379  7241
33.553346477 4081262598 1861780 28358  9459
33.565359504 4082608045 1345447 28362  9415
33.577346625 4084571966 1963921 28355  7161
33.589357314 4086183809 1611843 28352  10046
33.601349368 4087786120 1602311 28363  8213
33.613357229 4089734815 1948695 28355  8547
33.625359040 4091141210 1406395 28365  10340
33.637358579 4092981609 1840399 28361  7059
33.649358943 4094784641 1803032 28362  9535
33.661347224 4096198758 1414117 28360  9215
33.673358822 4098156675 1957917 28352  7006
33.685360341 4099771406 1614731 28359  10266
33.697350587 4101377998 1606592 28348  7910
33.709346323 4103323162 1945164 28357  9208
33.721361994 4104652470 1329308 28356  10422
33.733346851 4106572524 1920054 28360  6281
33.745346482 4108267057 1694533 28366  10423
33.757359971 4109762365 1495308 28353  8454
33.769357035 4111720686 1958321 28356  8033
33.781349007 4113185323 1464637 28360  10100
33.793346261 4114943573 1758250 28380  7332
33.805350519 4116846424 1902851 28352  9403
33.817347880 4118159753 1313329 28362  9678
33.829360546 4120118339 1958586 28362  7030
33.841347129 4121717330 1598991 28359  10105
33.853347804 4123334827 1617497 28361  7631
33.865346922 4125296074 1961247 28357  8621
33.877358067 4126650375 1354301 28356  10310
33.889346287 4128527515 1877140 28368  6280
33.901361223 4130271060 1743545 28350  10754
33.913359267 4131736161 1465101 28352  9016
33.925358269 4133684530 1948369 28363  7683
33.937353212 4135206327 1521797 28360  10388
33.949361614 4136894856 1688529 28359  6837
33.961357735 4138758667 1863811 28364  9764
33.973359071 4140104871 1346204 28350  9136
33.985358311 4142049201 1944330 28364  7071
33.997347359 4143652011 1602810 28355  10501
34.009357487 4145276856 1624845 28360  7658
34.021358562 4147225729 1948873 28356  9031
34.033361433 4148505836 1280107 28353  10143
34.045346758 4150465208 1959372 28363  5877
34.057362492 4152132084 1666876 28360  10452
34.069347686 4153670072 1537988 28355  8386
34.081357974 4155619731 1949659 28356  8029
34.093368956 4157026849 1407118 28363  10809
34.105346860 4158850055 1823206 28359  6969
34.117348685 4160682496 1832441 28353  9685
34.129346472 4162066576 1384080 28367  9711
34.141349204 4164011838 1945262 28364  6836
34.153349202 4165649217 1637379 28361  10500
34.165347640 4167236459 1587242 28373  7800
34.177357644 4169179531 1943072 28351  8472
34.189360433 4170554593 1375062 28356  10451
34.201345440 4172419183 1864590 28362  6311
34.213358616 4174223916 1804733 28359  10275
34.225347156 4175627373 1403457 28364  8994
34.237359708 4177574990 1947617 28362  7201
34.249356755 4179063706 1488716 28362  10329
34.261350063 4180805838 1742132 28365  7307
34.273357997 4182713713 1907875 28363  9184
34.285359166 4184009953 1296240 28367  10091
34.297358130 4185965920 1955967 28356  6835
34.309358819 4187576233 1610313 28366  10416
34.321362172 4189185293 1609060 28358  8261
34.333360161 4191134887 1949594 28356  8440
34.345346219 4192501092 1366205 28355  10465
34.357347236 4194364872 1863780 28361  6227
34.369360687 4196184459 1819587 28353  9879
34.381345623 4197569665 1385206 28362  9352
34.393361784 4199526989 1957324 28366  7211
34.405364636 4201144996 1618007 28370  10441
34.417362939 4202753240 1608244 28357  7829
34.429346101 4204708399 1955159 28349  8541
34.441363179 4206025994 1317595 28361  10281
34.453358357 4207948885 1922891 28357  6075
34.465356557 4209636321 1687436 28355  10277
34.477347753 4211135890 1499569 28351  9109
34.489360394 4213092953 1957063 28367  8078
34.501358936 4214540957 1448004 28364  10298
34.513347412 4216312947 1771990 28365  7113
34.525361974 4218095106 1782159 28359  9523
34.537346245 4219517136 1422030 28359  9610
34.549359077 4221461880 1944744 28361  6721
34.561366605 4223062584 1600704 28361  10437
34.573350039 4224681327 1618743 28367  7870
34.585345860 4226598348 1917021 28356  8846
34.597358228 4227883769 1285421 28362  9559
34.609346092 4229829575 1945806 28356  6863
34.621350531 4231444369 1614794 28350  10170
34.633358135 4233069052 1624683 28367  8278
34.645360624 4235024104 1955052 28366  8195
34.657344658 4236464877 1440773 28362  10271
34.669346363 4238241956 1777079 28357  7236
34.681349277 4240065964 1824008 28356  9997
34.693358369 4241454329 1388365 28363  9217
34.705346550 4243399645 1945316 28361  7320
34.717344784 4244954763 1555118 28378  10365
34.729360836 4246608536 1653773 28357  7604
34.741360027 4248507187 1898651 28367  8752
34.753358899 4249811311 1304124 28356  9623
34.765346347 4251760665 1949354 28349  6966
34.777360951 4253373561 1612896 28360  10404
34.789358722 4254989834 1616273 28367  8216
34.801345417 4256940081 1950247 28354  8434
34.813350289 4258295206 1355125 28372  10160
34.825361416 4260176590 1881384 28360  6165
34.837358448 4261912542 1735952 28357  10193
34.849347476 4263369155 1456613 28359  8635
34.861347744 4265317866 1948711 28361  8280
34.873348832 4266775408 1457542 28355  10416
34.885364417 4268535788 1760380 28359  6783
34.897359998 4270363126 1827338 28366  9939
34.909349735 4271745904 1382778 28364  9513
34.921346087 4273693372 1947468 28356  7195
34.933358395 4275323369 1629997 28351  10075
34.945349083 4276919535 1596166 28357  8106
34.957349271 4278864966 1945431 28357  8452
34.969359262 4280216689 1351723 28355  10394
34.981359121 4282099719 1883030 28359  6147
34.993350199 4283791461 1691742 28350  10478
35.005349886 4285282144 1490683 28359  8223
35.017360664 4287244911 1962767 28349  7988
35.029357899 4288625256 1380345 28361  10295
35.041370527 4290460938 1835682 28368  6459
35.053358545 4292239018 1778080 28358  10383
35.065349663 4293663960 1424942 28354  9400
35.077360164 4295612382 1948422 28361  7343
35.089358123 4297125532 1513150 28353  10596
35.101346607 4298817390 1691858 28354  6838
35.113357768 4300649259 1831869 28368  9825
35.125360029 4302032550 1383291 28366  9599
35.137346320 4303988139 1955589 28350  6509
35.149347152 4305618484 1630345 28358  10600
35.161360793 4307201667 1583183 28369  8389
35.173346365 4309168499 1966832 28360  8241
35.185347436 4310567972 1399473 28351  10434
35.197346507 4312382615 1814643 28355  6410
35.209357306 4314214362 1831747 28360  9764
35.221358700 4315603755 1389393 28382  9456
35.233358478 4317550665 1946910 28367  7072
35.245351266 4319163099 1612434 28346  10718
35.257346664 4320767819 1604720 28358  8129
35.269362812 4322717325 1949506 28352  8779
35.281345727 4324014771 1297446 28365  10451
35.293349148 4325950684 1935913 28368  6070
35.305346163 4327587160 1636476 28354  10431
35.317362094 4329135192 1548032 28366  8501
35.329356846 4331085438 1950246 28356  7965
35.341346663 4332466618 1381180 28354  10479
35.353361742 4334296867 1830249 28352  6486
35.365365820 4336096644 1799777 28355  10035
35.377359481 4337516581 1419937 28363  9615
35.389346495 4339462782 1946201 28369  6885
35.401347214 4341084860 1622078 28375  10313
35.413360341 4342692659 1607799 28368  7764
35.425360059 4344630775 1938116 28356  8767
35.437349110 4345899397 1268622 28356  10318
35.449363965 4347868866 1969469 28359  6685
35.461361766 4349499432 1630566 28355  10504
35.473348082 4351058488 1559056 28368  8565
35.485346303 4353009053 1950565 28364  8135
35.497358545 4354371574 1362521 28356  10401
35.509362229 4356222307 1850733 28363  6367
35.521367910 4358017805 1795498 28361  9869
35.533351204 4359423119 1405314 28372  9296
35.545361486 4361375261 1952142 28365  7431
35.557358177 4363002727 1627466 28362  10398
35.569359605 4364607620 1604893 28358  8273
35.581348680 4366548593 1940973 28363  8303
35.593361961 4367888945 1340352 28356  10242
35.605362470 4369795052 1906107 28365  6118
35.617345881 4371521359 1726307 28345  11066
35.629360263 4372982836 1461477 28360  12104
35.642278775 4374980909 1998073 30722  11917
35.654359244 4376611468 1630559 28352  10714
35.666347339 4378194120 1582652 28366  8747
35.678369067 4380142801 1948681 28353  8208
35.690348385 4381535711 1392910 28361  10463
35.702348919 4383357407 1821696 28356  6662
35.714360631 4385175070 1817663 28358  9689
35.726357772 4386560501 1385431 28372  9417
35.738348407 4388503019 1942518 28364  7313
35.750348149 4390092649 1589630 28354  10408
35.762360703 4391724710 1632061 28359  7737
35.774359988 4393610315 1885605 28354  8839
35.786361579 4394922264 1311949 28368  9388
35.798349570 4396873921 1951657 28374  6894
35.810358282 4398480366 1606445 28364  10434
35.822358757 4400080719 1600353 28352  7829
35.834349004 4402023042 1942323 28357  9438
35.846355850 4403331105 1308063 28354  10596
35.858350614 4405266467 1935362 28364  6249
35.870359613 4406927044 1660577 28359  10433
35.882358380 4408447530 1520486 28363  8458
35.894346675 4410398880 1951350 28367  8245
35.906347377 4411799536 1400656 28360  10148
35.918347864 4413608413 1808877 28354  6805
35.930346235 4415421149 1812736 28353  10018
35.942346764 4416818330 1397181 28365  9323
35.954348288 4418768689 1950359 28359  7430
35.966360120 4420290985 1522296 28357  10253
35.978359311 4421977112 1686127 28360  7160
35.990359490 4423890960 1913848 28353  9120
36.002359875 4425178172 1287212 28368  9484
36.014358676 4427113638 1935466 28362  6960
36.026359894 4428684767 1571129 28364  10925
36.038362343 4430330999 1646232 28376  7612
36.050350387 4432233088 1902089 28365  9147
36.062358931 4433522302 1289214 28367  9595
36.074358493 4435460605 1938303 28363  6955
36.086360318 4437071663 1611058 28359  10568
36.098362116 4438676202 1604539 28366  7492
36.110359084 4440618561 1942359 28364  8767
36.122358818 4441957526 1338965 28354  10469
36.134360260 4443857418 1899892 28350  6157
36.146346215 4445558896 1701478 28350  10423
36.158354279 4447044596 1485700 28372  8410
36.170361284 4448997165 1952569 28367  7816
36.182357262 4450404520 1407355 28356  10349
36.194351424 4452220485 1815965 28355  6884
36.206361622 4454036751 1816266 28362  9526
36.218362529 4455422114 1385363 28356  9916
36.230346621 4457371874 1949760 28367  7216
36.242346846 4458981974 1610100 28357  10402
36.254347993 4460592430 1610456 28371  8051
36.266358785 4462530096 1937666 28362  8702
36.278349033 4463806463 1276367 28356  10515
36.290347725 4465763813 1957350 28375  5711
36.302347479 4467411816 1648003 28345  10402
36.314366331 4468950494 1538678 28370  8850
36.326362689 4470900432 1949938 28359  7890
36.338347293 4472305061 1404629 28369  10303
36.350351605 4474116006 1810945 28362  6405
36.362358843 4475808346 1692340 28369  9855
36.374346897 4477315039 1506693 28351  8615
36.386348946 4479254223 1939184 28367  7684
36.398359080 4480659899 1405676 28351  10277
36.410358626 4482470536 1810637 28364  7442
36.422359923 4484292680 1822144 28352  9794
36.434346294 4485678434 1385754 28371  9260
36.446359333 4487620149 1941715 28369  7384
36.458347218 4489193832 1573683 28364  10398
36.470348239 4490827117 1633285 28356  7693
36.482353774 4492741701 1914584 28360  8751
36.494349706 4494025292 1283591 28353  9591
36.506349867 4495967242 1941950 28359  6881
36.518362115 4497581652 1614410 28360  10411
36.530347653 4499195420 1613768 28352  8203
36.542348437 4501142375 1946955 28352  8416
36.554348673 4502468797 1326422 28357  10092
36.566359160 4504372660 1903863 28357  5937
36.578362699 4506053340 1680680 28353  10390
36.590348207 4507548657 1495317 28352  8197
36.602347524 4509497845 1949188 28357  8649
36.614349033 4510949433 1451588 28359  10498
36.626358711 4512719173 1769740 28361  6520
36.638356348 4514485754 1766581 28356  10097
36.650359680 4515916595 1430841 28373  9178
36.662362021 4517857191 1940596 28353  7484
36.674362683 4519428260 1571069 28356  10098
36.686345404 4521068929 1640669 28360  7271
36.698359483 4522972209 1903280 28351  9223
36.710360941 4524262995 1290786 28355  9620
36.722359026 4526216005 1953010 28347  6841
36.734358470 4527823901 1607896 28368  10461
36.746350706 4529426551 1602650 28361  7523
36.758359133 4531380581 1954030 28365  8507
36.770362045 4532692693 1312112 28359  10253
36.782362186 4534610264 1917571 28360  5967
36.794357608 4536253095 1642831 28364  10660
36.806361453 4537794845 1541750 28353  8904
36.818346295 4539744845 1950000 28362  7963
36.830348366 4541148817 1403972 28361  10449
36.842349894 4542957253 1808436 28361  6582
36.854360155 4544689524 1732271 28356  10031
36.866348726 4546142686 1453162 28372  8737
36.878347842 4548087497 1944811 28354  7397
36.890360240 4549543076 1455579 28356  10459
36.902346538 4551294645 1751569 28357  7178
36.914362180 4553210555 1915910 28364  9410
36.926345154 4554507779 1297224 28356  9597
36.938348295 4556441773 1933994 28355  6582
36.950356114 4558065747 1623974 28359  10230
36.962360063 4559670307 1604560 28351  7635
36.974347600 4561600130 1929823 28355  8786
36.986358951 4562868432 1268302 28351  10053
36.998359230 4564824421 1955989 28368  6867
37.010360484 4566427219 1602798 28351  10362
37.022348215 4568019837 1592618 28358  8266
37.034362425 4569968254 1948417 28364  8378
37.046361879 4571319284 1351030 28358  10393
37.058359910 4573182047 1862763 28370  6162
37.070358322 4574878619 1696572 28351  9968
37.082347303 4576357151 1478532 28362  8482
37.094360328 4578302910 1945759 28371  8173
37.106358706 4579775406 1472496 28354  10342
37.118368505 4581530449 1755043 28359  7155
37.130347159 4583339662 1809213 28357  9224
37.142360031 4584735849 1396187 28377  9196
37.154347646 4586676903 1941054 28363  6942
37.166347367 4588223181 1546278 28357  10365
37.178348675 4589880305 1657124 28354  7325
37.190358047 4591739754 1859449 28354  9704
37.202348265 4593080395 1340641 28361  9473
37.214348149 4595017274 1936879 28354  7140
37.226349308 4596564336 1547062 28353  10334
37.238346072 4598213372 1649036 28355  7196
37.250359071 4600103960 1890588 28368  9441
37.262350369 4601413420 1309460 28368  9360
37.274354504 4603357203 1943783 28350  6848
37.286348105 4604960506 1603303 28367  10491
37.298358214 4606574107 1613601 28375  8034
37.310350241 4608528296 1954189 28359  8666
37.322357313 4609841804 1313508 28358  10054
37.334358521 4611748190 1906386 28357  5897
37.346358986 4613459319 1711129 28355  10294
37.358348827 4614945286 1485967 28352  8880
37.370361739 4616882917 1937631 28357  7660
37.382362280 4618353957 1471040 28360  10771
37.394361989 4620100167 1746210 28353  7181
37.406346347 4621928257 1828090 28355  9455
37.418349028 4623303274 1375017 28370  9696
37.430355686 4625238638 1935364 28358  6829
37.442359717 4626849859 1611221 28360  10565
37.454362746 4628457898 1608039 28353  7831
37.466347598 4630390853 1932955 28355  8510
37.478360452 4631723314 1332461 28370  10427
37.490347283 4633623447 1900133 28362  6127
37.502346729 4635322431 1698984 28351  10428
37.514350200 4636800838 1478407 28366  8169
37.526360408 4638755709 1954871 28371  7999
37.538349809 4640156853 1401144 28358  10343
37.550349958 4641977590 1820737 28356  6880
37.562347242 4643805765 1828175 28346  9594
37.574346544 4645177845 1372080 28352  9956
37.586369842 4647122529 1944684 28356  7144
37.598348196 4648695865 1573336 28377  10456
37.610350132 4650325614 1629749 28370  7511
37.622349987 4652198061 1872447 28360  9058
37.634357461 4653520570 1322509 28360  9990
37.646360863 4655483762 1963192 28357  6276
37.658357645 4657094345 1610583 28363  10438
37.670361120 4658678605 1584260 28362  8573
37.682359071 4660629754 1951149 28362  8126
37.694349029 4662073975 1444221 28368  10335
37.706349707 4663848976 1775001 28360  6723
37.718361916 4665670423 1821447 28360  9476
37.730346974 4667061104 1390681 28360  9305
37.742359615 4668997963 1936859 28360  7059
37.754358261 4670565220 1567257 28357  10354
37.766362278 4672205103 1639883 28365  8040
37.778358217 4674121621 1916518 28356  9058
37.790360498 4675402611 1280990 28357  9486
37.802347173 4677337214 1934603 28363  7012
37.814350669 4678938978 1601764 28362  10351
37.826345960 4680543810 1604832 28367  8142
37.838350851 4682483785 1939975 28357  8353
37.850348369 4683803885 1320100 28362  10293
37.862362068 4685712369 1908484 28364  6318
37.874349549 4687366661 1654292 28354  10339
37.886345987 4688909209 1542548 28358  8817
37.898360860 4690852755 1943546 28357  7785
37.910366857 4692288102 1435347 28353  10087
37.922358968 4694070439 1782337 28355  6833
37.934346580 4695937897 1867458 28358  9591
37.946350632 4697266796 1328899 28369  9312
37.958361320 4699205180 1938384 28357  7613
37.970359879 4700812693 1607513 28356  10482
37.982360306 4702425446 1612753 28361  7758
37.994359918 4704358850 1933404 28362  8925
38.006359017 4705627640 1268790 28355  10335
38.018359331 4707554183 1926543 28359  6406
38.030360782 4709180269 1626086 28364  9985
38.042345144 4710762803 1582534 28347  8207
38.054359936 4712712987 1950184 28352  8372
38.066354427 4714120050 1407063 28356  10440
38.078359449 4715935303 1815253 28359  7008
38.090347984 4717752663 1817360 28360  9729
38.102359172 4719129718 1377055 28357  9037
38.114348897 4721082629 1952911 28350  7004
38.126359412 4722689748 1607119 28365  10367
38.138348003 4724291586 1601838 28362  7519
38.150350888 4726214516 1922930 28352  9342
38.162345493 4727481412 1266896 28365  9898
38.174349795 4729429976 1948564 28363  6670
38.186347216 4731032147 1602171 28373  10629
38.198349244 4732633007 1600860 28366  7978
38.210361583 4734570798 1937791 28357  8746
38.222354237 4735938504 1367706 28379  10060
38.234358479 4737790209 1851705 28359  5965
38.246346534 4739475040 1684831 28362  10535
38.258360829 4740973337 1498297 28368  8790
38.270349613 4742926554 1953217 28355  7897
38.282359742 4744364471 1437917 28359  10392
38.294347067 4746128375 1763904 28359  6347
38.306360112 4747934294 1805919 28364  9723
38.318361544 4749337373 1403079 28357  9224
38.330359392 4751272098 1934725 28354  7178
38.342361513 4752827446 1555348 28355  10581
38.354359848 4754478059 1650613 28358  7845
38.366358656 4756370347 1892288 28367  9110
38.378348644 4757668250 1297903 28380  9462
38.390367473 4759602125 1933875 28355  7023
38.402346108 4761151915 1549790 28358  10388
38.414346309 4762806551 1654636 28361  7528
38.426347157 4764696420 1889869 28348  8870
38.438359025 4765986512 1290092 28356  9412
38.450349687 4767918320 1931808 28356  7127
38.462347565 4769492403 1574083 28359  10390
38.474350167 4771134550 1642147 28346  7694
38.486345141 4773018861 1884311 28374  8683
38.498359453 4774328558 1309697 28360  9432
38.510349558 4776275980 1947422 28366  6743
38.522359276 4777877423 1601443 28353  10364
38.534349568 4779478235 1600812 28371  7941
38.546369476 4781416587 1938352 28354  9134
38.558350461 4782747844 1331257 28359  10432
38.570362100 4784641230 1893386 28362  6194
38.582347584 4786252829 1611599 28348  10323
38.594347152 4787813934 1561105 28362  8177
38.606348937 4789756853 1942919 28362  8381
38.618350355 4791119971 1363118 28360  10094
38.630359927 4792963919 1843948 28358  6164
38.642350076 4794606806 1642887 28366  10454
38.654347733 4796141548 1534742 28355  8339
38.666347019 4798087358 1945810 28354  8398
38.678358764 4799429750 1342392 28370  10143
38.690347648 4801300944 1871194 28355  5946
38.702368384 4803004300 1703356 28353  10194
38.714360782 4804490559 1486259 28350  8713
38.726358417 4806425556 1934997 28371  7723
38.738350515 4807856318 1430762 28366  10796
38.750360017 4809637726 1781408 28357  6897
38.762360025 4811421738 1784012 28364  9668
38.774361140 4812831781 1410043 28364  9457
38.786361611 4814769029 1937248 28361  7132
38.798348980 4816329908 1560879 28359  10463
38.810362059 4817970183 1640275 28362  7106
38.822360427 4819862719 1892536 28350  9136
38.834349872 4821155379 1292660 28354  9454
38.846349633 4823100702 1945323 28356  6940
38.858361265 4824710897 1610195 28370  10465
38.870356063 4826311287 1600390 28367  7643
38.882350771 4828221448 1910161 28360  8656
38.894347126 4829510203 1288755 28370  9430
38.906359248 4831455996 1945793 28365  6760
38.918345643 4833061237 1605241 28361  10211
38.930361995 4834665899 1604662 28353  8768
38.942349562 4836616802 1950903 28351  8381
38.954351044 4837963869 1347067 28366  10317
38.966359236 4839829977 1866108 28357  6321
38.978349511 4841504651 1674674 28359  10251
38.990347059 4843004866 1500215 28358  8691
39.002357831 4844948494 1943628 28360  7600
39.014358736 4846394496 1446002 28363  10328
39.026354394 4848156440 1761944 28354  6659
39.038361546 4849943457 1787017 28351  9986
39.050361324 4851369485 1426028 28360  9381
39.062359153 4853307330 1937845 28355  7085
39.074347330 4854878329 1570999 28360  10120
39.086358812 4856525127 1646798 28358  7303
39.098362118 4858410398 1885271 28367  8966
39.110358595 4859711864 1301466 28368  9413
39.122358311 4861652888 1941024 28356  7409
39.134349648 4863270081 1617193 28356  10472
39.146361755 4864875869 1605788 28355  8102
39.158346072 4866812645 1936776 28358  8595
39.170358183 4868121773 1309128 28356  10289
39.182355485 4870031444 1909671 28357  6311
39.194358577 4871725536 1694092 28359  10001
39.206361079 4873213940 1488404 28358  8498
39.218348297 4875157487 1943547 28353  7901
39.230349666 4876578489 1421002 28362  10326
39.242347687 4878372351 1793862 28349  6764
39.254346879 4880182793 1810442 28351  9837
39.266351290 4881567546 1384753 28357  8995
39.278347418 4883508310 1940764 28364  6919
39.290360350 4884999674 1491364 28359  10258
39.302361708 4886715555 1715881 28360  7082
39.314345827 4888547247 1831692 28342  9635
39.326348204 4889904887 1357640 28359  9517
39.338354390 4891847632 1942745 28366  7095
39.350360115 4893395474 1547842 28350  10478
39.362348994 4895046137 1650663 28361  7222
39.374347881 4896915211 1869074 28352  9399
39.386359380 4898241706 1326495 28370  9453
39.398360229 4900184696 1942990 28344  6510
39.410345786 4901786979 1602283 28349  10499
39.422359068 4903391687 1604708 28363  8111
39.434359226 4905349270 1957583 28353  8381
39.446358365 4906689014 1339744 28364  10351
39.458350883 4908556959 1867945 28354  5678
39.470349291 4910217001 1660042 28360  10224
39.482346706 4911751085 1534084 28359  8553
39.494363677 4913688111 1937026 28358  7867
39.506354683 4915060211 1372100 28355  10420
39.518346234 4916897039 1836828 28353  7011
39.530359663 4918695125 1798086 28360  9904
39.542363464 4920101835 1406710 28374  9438
39.554347793 4922039705 1937870 28357  7060
39.566347137 4923579709 1540004 28360  10310
39.578346245 4925236975 1657266 28369  7282
39.590347334 4927127462 1890487 28358  8871
39.602346966 4928422867 1295405 28350  9398
39.614347934 4930357681 1934814 28367  7014
39.626357575 4931975533 1617852 28351  10327
39.638347724 4933578960 1603427 28361  8022
39.650346832 4935471576 1892616 28363  8312
39.662360248 4936762192 1290616 28354  9301
39.674359633 4938706709 1944517 28359  6754
39.686361798 4940309595 1602886 28358  10237
39.698350106 4941913099 1603504 28370  7985
39.710345807 4943846914 1933815 28352  9085
39.722351396 4945138672 1291758 28359  10350
39.734345941 4947050606 1911934 28354  6164
39.746347689 4948643291 1592685 28358  10310
39.758355538 4950238786 1595495 28359  7806
39.770359050 4952179997 1941211 28362  8618
39.782357898 4953529731 1349734 28355  9991
39.794348819 4955395306 1865575 28365  6112
39.806359088 4957046520 1651214 28360  10499
39.818355377 4958575873 1529353 28378  8417
39.830360564 4960523508 1947635 28365  8236
39.842346650 4961858209 1334701 28372  10086
39.854347504 4963733146 1874937 28369  5870
39.866361674 4965437881 1704735 28355  10207
39.878362792 4966922363 1484482 28340  8616
39.890362120 4968860439 1938076 28356  7745
39.902363159 4970306648 1446209 28351  10719
39.914362046 4972071910 1765262 28356  7016
39.926358968 4973888299 1816389 28368  9527
39.938349613 4975268111 1379812 28364  9497
39.950349385 4977200822 1932711 28352  6984
39.962346983 4978746740 1545918 28353  10345
39.974354935 4980400495 1653755 28366  7123
39.986359557 4982297493 1896998 28351  9057
39.998359998 4983583055 1285562 28355  9570
40.010358870 4985520052 1936997 28357  6783
40.022347246 4987132135 1612083 28362  10394
40.034357867 4988730026 1597891 28382  7552
40.046350525 4990633789 1903763 28350  8573
40.058348454 4991922920 1289131 28363  9306
40.070345998 4993863300 1940380 28369  6786
40.082360030 4995463168 1599868 28358  10231
40.094346716 4997064191 1601023 28352  8434
40.106346874 4998998383 1934192 28357  8678
40.118347065 5000266511 1268128 28363  10168
40.130350044 5002201264 1934753 28357  6265
40.142366896 5003807113 1605849 28349  10177
40.154349874 5005395522 1588409 28355  8495
40.166346422 5007344132 1948610 28373  7774
40.178358784 5008730953 1386821 28349  10235
40.190361310 5010548299 1817346 28349  6826
40.202346397 5012333507 1785208 28355  9741
40.214359109 5013756602 1423095 28370  9306
40.226362398 5015691979 1935377 28358  7006
40.238362326 5017252660 1560681 28363  10071
40.250350674 5018901816 1649156 28358  7214
40.262359246 5020786813 1884997 28358  9036
40.274362082 5022088098 1301285 28347  9375
40.286361253 5024020100 1932002 28349  7386
40.298366831 5025595098 1574998 28361  10440
40.310346142 5027225741 1630643 28362  7299
40.322359818 5029047648 1821907 28357  9203
40.334359603 5030408651 1361003 28358  9417
40.346358378 5032344985 1936334 28358  7150
40.358349893 5033957019 1612034 28367  9975
40.370360845 5035560133 1603114 28365  8008
40.382348833 5037498658 1938525 28353  8405
40.394347625 5038842762 1344104 28357  10343
40.406347070 5040720329 1877567 28357  6023
40.418347485 5042372110 1651781 28367  10406
40.430346783 5043890890 1518780 28363  8040
40.442346645 5045845879 1954989 28364  7950
40.454354963 5047248310 1402431 28363  10131
40.466349535 5049049478 1801168 28367  6271
40.478347987 5050761626 1712148 28346  10329
40.490346708 5052225903 1464277 28365  8868
40.502350227 5054171519 1945616 28357  7773
40.514346651 5055567401 1395882 28360  10427
40.526361130 5057370450 1803049 28367  6464
40.538348565 5059063801 1693351 28356  10040
40.550360887 5060547083 1483282 28359  8573
40.562348455 5062483826 1936743 28372  7380
40.574361137 5063848243 1364417 28360  10369
40.586361859 5065677052 1828809 28373  6401
40.598357967 5067487722 1810670 28353  10011
40.610366889 5068886085 1398363 28357  9462
40.622360497 5070817529 1931444 28354  6738
40.634358309 5072396458 1578929 28360  10174
40.646360798 5074031371 1634913 28365  7230
40.658362056 5075902525 1871154 28363  9039
40.670347341 5077217698 1315173 28359  9537
40.682358250 5079146642 1928944 28362  7346
40.694350592 5080752048 1605406 28350  10378
40.706361020 5082357855 1605807 28355  7780
40.718360491 5084251409 1893554 28363  8739
40.730347893 5085533828 1282419 28354  9386
40.742359615 5087473591 1939763 28360  6847
40.754348924 5089073881 1600290 28359  10055
40.766346258 5090675901 1602020 28365  8103
40.778357384 5092620946 1945045 28354  8476
40.790349932 5093999146 1378200 28371  10267
40.802358044 5095843372 1844226 28352  6675
40.814359192 5097527272 1683900 28363  9660
40.826345414 5099012570 1485298 28366  8035
40.838360789 5100964716 1952146 28366  8036
40.850360815 5102395810 1431094 28360  10218
40.862358460 5104166891 1771081 28368  6673
40.874345528 5105978930 1812039 28359  10332
40.886347666 5107373462 1394532 28363  9531
40.898360255 5109302365 1928903 28362  7048
40.910359010 5110871495 1569130 28359  10316
40.922345238 5112496214 1624719 28358  7202
40.934365443 5114385112 1888898 28348  9249
40.946360819 5115679408 1294296 28367  9178
40.958356877 5117613409 1934001 28356  7026
40.970347732 5119173464 1560055 28360  10465
40.982349447 5120809562 1636098 28355  7259
40.994361762 5122696223 1886661 28369  9245
41.006359374 5123989993 1293770 28363  9017
41.018359086 5125923795 1933802 28365  6925
41.030348061 5127381845 1458050 28360  10294
41.042359983 5129124947 1743102 28364  6763
41.054358561 5130928953 1804006 28357  9433
41.066361600 5132314705 1385752 28363  9843
41.078346328 5134253823 1939118 28360  7130
41.090368567 5135806362 1552539 28362  10306
41.102347178 5137450820 1644458 28362  7496
41.114350067 5139260191 1809371 28353  9043
41.126359602 5140636820 1376629 28371  9901
41.138358544 5142597313 1960493 28357  6375
41.150362922 5144208313 1611000 28356  10369
41.162349951 5145784749 1576436 28356  8515
41.174347336 5147729406 1944657 28360  8120
41.186358360 5149089427 1360021 28366  10315
41.198361966 5150934735 1845308 28366  6015
41.210348614 5152586633 1651898 28359  10098
41.222346826 5154125251 1538618 28354  8628
41.234360268 5156064008 1938757 28364  7740
41.246368817 5157490630 1426622 28361  10181
41.258346378 5159261152 1770522 28358  7315
41.270359463 5161079794 1818642 28349  9816
41.282359449 5162460145 1380351 28366  9263
41.294359617 5164393875 1933730 28355  7235
41.306345679 5165952578 1558703 28352  10331
41.318347200 5167585754 1633176 28352  7646
41.330362862 5169470230 1884476 28355  8768
41.342359781 5170767346 1297116 28357  9449
41.354358919 5172702327 1934981 28356  6981
41.366347131 5174260786 1558459 28362  10366
41.378360839 5175904518 1643732 28363  7547
41.390359341 5177768020 1863502 28349  9059
41.402346189 5179075915 1307895 28365  9105
41.414356978 5181024482 1948567 28364  7088
41.426360666 5182587991 1563509 28363  10402
41.438346268 5184214594 1626603 28361  7136
41.450363564 5186084413 1869819 28362  9645
41.462346175 5187400073 1315660 28360  9686
41.474360278 5189335863 1935790 28363  6946
41.486349742 5190885648 1549785 28366  10557
41.498346687 5192528977 1643329 28367  7366
41.510361186 5194398230 1869253 28359  9273
41.522346011 5195716805 1318575 28359  9541
41.534362179 5197653297 1936492 28367  6473
41.546361798 5199247364 1594067 28355  10532
41.558348216 5200851661 1604297 28361  7959
41.570357914 5202808770 1957109 28362  8521
41.582348009 5204169816 1361046 28355  10356
41.594348578 5206017079 1847263 28373  6203
41.606359293 5207757918 1740839 28364  9762
41.618346708 5209200435 1442517 28354  8503
41.630348006 5211136705 1936270 28353  7833
41.642349768 5212532837 1396132 28356  10437
41.654350074 5214339785 1806948 28356  7298
41.666346646 5216143054 1803269 28355  9639
41.678348604 5217538201 1395147 28366  9491
41.690346936 5219457031 1918830 28360  7004
41.702357852 5220902502 1445471 28362  10383
41.714347159 5222658502 1756000 28360  7133
41.726355318 5224525376 1866874 28367  9068
41.738362920 5225841471 1316095 28376  9284
41.750364205 5227775219 1933748 28358  7128
41.762347244 5229390729 1615510 28362  10320
41.774347422 5230992366 1601637 28364  8063
41.786363628 5232873588 1881222 28352  8325
41.798361417 5234175104 1301516 28366  9436
41.810350954 5236121909 1946805 28357  6631
41.822345526 5237718721 1596812 28352  10290
41.834361655 5239315545 1596824 28365  8083
41.846361980 5241247053 1931508 28354  9088
41.858346615 5242569234 1322181 28360  10435
41.870348937 5244474179 1904945 28361  6178
41.882370030 5246126356 1652177 28360  10315
41.894360258 5247641342 1514986 28360  8298
41.906361666 5249587056 1945714 28362  8185
41.918360701 5251023787 1436731 28347  10049
41.930345453 5252784593 1760806 28358  7028
41.942359565 5254600188 1815595 28355  9675
41.954358724 5255986435 1386247 28353  9443
41.966348418 5257928026 1941591 28362  7086
41.978346620 5259468208 1540182 28357  10114
41.990346699 5261121618 1653410 28367  7142
42.002358658 5263019066 1897448 28353  8974
42.014361796 5264309567 1290501 28356  9471
42.026359128 5266242956 1933389 28354  6891
42.038347153 5267844859 1601903 28360  10810
42.050354951 5269450627 1605768 28366  7964
42.062358623 5271371922 1921295 28360  8733
42.074347805 5272632578 1260656 28367  9877
42.086350661 5274555009 1922431 28360  6391
42.098361659 5276155610 1600601 28354  10430
42.110346744 5277760736 1605126 28365  7790
42.122349806 5279698274 1937538 28363  8427
42.134351574 5281053723 1355449 28372  10405
42.146361027 5282909741 1856018 28359  6046
42.158358765 5284615653 1705912 28345  10384
42.170345920 5286086126 1470473 28362  8365
42.182362072 5288027422 1941296 28357  7643
42.194346837 5289382093 1354671 28356  10220
42.206358119 5291235064 1852971 28364  6462
42.218350517 5292944192 1709128 28345  9769
42.230346053 5294407378 1463186 28367  9316
42.242358758 5296353120 1945742 28359  7769
42.254346113 5297804839 1451719 28359  10304
42.266350005 5299546726 1741887 28360  6960
42.278358617 5301341530 1794804 28355  9549
42.290360956 5302735060 1393530 28376  9607
42.302346500 5304666460 1931400 28362  6548
42.314346132 5306232977 1566517 28357  10361
42.326362174 5307862556 1629579 28367  7629
42.338361236 5309742088 1879532 28353  8855
42.350350545 5311054400 1312312 28361  9499
42.362366510 5312985629 1931229 28363  6772
42.374362696 5314591161 1605532 28348  9981
42.386361367 5316199908 1608747 28355  7793
42.398347115 5318130123 1930215 28364  8482
42.410348314 5319418184 1288061 28359  10222
42.422347559 5321348140 1929956 28364  6625
42.434357538 5323048450 1700310 28359  10423
42.446347262 5324535113 1486663 28357  8719
42.458349981 5326466582 1931469 28358  7795
42.470360237 5327857759 1391177 28355  10176
42.482359558 5329659117 1801358 28358  6858
42.494347900 5331491793 1832676 28355  9503
42.506348859 5332855680 1363887 28363  9514
42.518356931 5334792302 1936622 28353  7014
42.530346725 5336391080 1598778 28366  10316
42.542362532 5337997776 1606696 28364  7785
42.554348039 5339925296 1927520 28365  8704
42.566360891 5341185204 1259908 28353  9831
42.578350160 5343133342 1948138 28359  5936
42.590345672 5344760814 1627472 28367  10250
42.602349797 5346324457 1563643 28365  8224
42.614358919 5348264028 1939571 28364  8610
42.626350154 5349656574 1392546 28366  10444
42.638347312 5351471615 1815041 28361  6490
42.650347954 5353206377 1734762 28351  10055
42.662349013 5354645206 1438829 28362  8745
42.674357758 5356571205 1925999 28354  7807
42.686353094 5358046842 1475637 28360  9982
42.698368142 5359769399 1722557 28358  6675
42.710348298 5361551598 1782199 28357  9670
42.722360256 5362950051 1398453 28365  9212
42.734349228 5364891483 1941432 28370  7171
42.746362097 5366399159 1507676 28355  10411
42.758361582 5368076100 1676941 28365  6351
42.770362148 5369862543 1786443 28363  9512
42.782346359 5371274005 1411462 28374  9136
42.794360992 5373203987 1929982 28356  7073
42.806359063 5374744842 1540855 28358  10509
42.818361289 5376394853 1650011 28353  7530
42.830361970 5378273832 1878979 28360  9237
42.842358175 5379582459 1308627 28362  9433
42.854361077 5381503292 1920833 28363  6921
42.866346546 5383013309 1510017 28360  10314
42.878360035 5384697256 1683947 28353  7204
42.890347553 5386555565 1858309 28353  8996
42.902360085 5387879347 1323782 28354  9463
42.914349857 5389807211 1927864 28358  6980
42.926350656 5391417420 1610209 28370  10258
42.938347871 5393020792 1603372 28353  8025
42.950358683 5394945578 1924786 28360  8298
42.962349578 5396223643 1278065 28362  10097
42.974349067 5398182071 1958428 28359  5941
42.986349198 5399834864 1652793 28356  10268
42.998359487 5401357355 1522491 28368  8782
43.010359002 5403291033 1933678 28351  8205
43.022349921 5404725228 1434195 28354  10311
43.034363046 5406491674 1766446 28367  6677
43.046347392 5408248928 1757254 28355  9801
43.058358970 5409671543 1422615 28372  8996
43.070348322 5411601894 1930351 28370  7347
43.082359281 5413087992 1486098 28358  10084
43.094358853 5414796373 1708381 28362  7324
43.106359478 5416678794 1882421 28352  9244
43.118345544 5417991195 1312401 28349  9619
43.130360919 5419930638 1939443 28345  6943
43.142361304 5421520936 1590298 28359  10067
43.154360943 5423127752 1606816 28364  7513
43.166367262 5425068222 1940470 28356  8568
43.178351626 5426346869 1278647 28360  10176
43.190359401 5428275695 1928826 28355  6044
43.202347627 5429878272 1602577 28351  10775
43.214362752 5431450614 1572342 28360  8330
43.226348407 5433384773 1934159 28370  8308
43.238359526 5434737364 1352591 28362  10266
43.250348181 5436582588 1845224 28371  5990
43.262350773 5438261941 1679353 28357  10402
43.274346555 5439753246 1491305 28359  8332
43.286358317 5441686220 1932974 28355  7872
43.298351013 5443140118 1453898 28351  10330
43.310347495 5444888055 1747937 28375  6741
43.322357383 5446712849 1824794 28351  9699
43.334347435 5448075806 1362957 28368  9046
43.346351277 5450003329 1927523 28353  6919
43.358346422 5451448140 1444811 28355  10202
43.370358870 5453202103 1753963 28361  6892
43.382348622 5455019361 1817258 28356  9325
43.394361064 5456392211 1372850 28376  10068
43.406350340 5458334133 1941922 28367  6888
43.418359115 5459926659 1592526 28362  10416
43.430360394 5461526599 1599940 28370  7985
43.442361902 5463449266 1922667 28361  8607
43.454345378 5464721445 1272179 28363  10398
43.466361930 5466668400 1946955 28363  5603
43.478369072 5468353762 1685362 28361  10461
43.490362030 5469832969 1479207 28356  8544
43.502359866 5471767379 1934410 28362  7997
43.514348967 5473133202 1365823 28373  10242
43.526345915 5474970866 1837664 28357  6011
43.538358768 5476607256 1636390 28361  9949
43.550358880 5478146707 1539451 28366  8274
43.562350211 5480084909 1938202 28383  8048
43.574361113 5481473053 1388144 28360  10219
43.586347862 5483284166 1811113 28351  7402
43.598347781 5485106289 1822123 28361  9677
43.610368633 5486476638 1370349 28379  9251
43.622358891 5488405220 1928582 28356  7184
43.634368673 5489940779 1535559 28352  10289
43.646348965 5491592187 1651408 28354  7552
43.658349497 5493470839 1878652 28358  8670
43.670349966 5494767146 1296307 28354  9383
43.682359865 5496692604 1925458 28360  6976
43.694360293 5498215276 1522672 28358  10274
43.706346465 5499888841 1673565 28359  7187
43.718358871 5501733314 1844473 28353  9310
43.730358803 5503063537 1330223 28370  8959
43.742346961 5505010975 1947438 28370  6948
43.754346463 5506609896 1598921 28354  10236
43.766361049 5508209724 1599828 28350  7617
43.778350567 5510135443 1925719 28354  9111
43.790346489 5511438935 1303492 28365  10379
43.802358051 5513345887 1906952 28356  6019
43.814358977 5514943876 1597989 28364  10469
43.826361842 5516516404 1572528 28365  8059
43.838351017 5518448415 1932011 28355  8489
43.850361483 5519825229 1376814 28358  10032
43.862349278 5521651370 1826141 28362  6331
43.874346037 5523379271 1727901 28360  10029
43.886350715 5524821385 1442114 28361  8867
43.898349321 5526765128 1943743 28357  7540
43.910359006 5528201616 1436488 28355  10331
43.922360108 5529948818 1747202 28359  6249
43.934348027 5531668294 1719476 28350  9629
43.946360085 5533126574 1458280 28361  8517
43.958365908 5535054744 1928170 28360  7743
43.970362896 5536489783 1435039 28368  10417
43.982347241 5538251075 1761292 28357  7366
43.994346323 5540056714 1805639 28372  9545
44.006360549 5541438497 1381783 28368  9362
44.018348607 5543363794 1925297 28364  7040
44.030362049 5544868761 1504967 28359  10282
44.042359081 5546550726 1681965 28365  7195
44.054347867 5548414074 1863348 28348  8933
44.066359785 5549725538 1311464 28359  9411
44.078362331 5551651745 1926207 28353  6950
44.090361186 5553264925 1613180 28360  10248
44.102359315 5554864365 1599440 28367  8167
44.114357643 5556784169 1919804 28362  8123
44.126346949 5558081073 1296904 28367  10114
44.138346421 5560000355 1919282 28370  5925
44.150349329 5561617084 1616729 28359  10167
44.162363208 5563167887 1550803 28357  8267
44.174346950 5565099770 1931883 28353  8716
44.186358899 5566460177 1360407 28370  10341
44.198349294 5568305179 1845002 28372  6235
44.210358809 5569952783 1647604 28349  10163
44.222360748 5571463203 1510420 28366  8332
44.234359028 5573421695 1958492 28363  8042
44.246346345 5574814320 1392625 28360  9970
44.258347704 5576624593 1810273 28359  6540
44.270358489 5578407430 1782837 28359  10034
44.282359271 5579834134 1426704 28372  9283
44.294358923 5581780881 1946747 28345  7323
44.306363529 5583310293 1529412 28361  9979
44.318359732 5584976815 1666522 28356  6933
44.330347879 5586808078 1831263 28368  9209
44.342358359 5588180457 1372379 28360  9260
44.354347573 5590123006 1942549 28357  7026
44.366359745 5591694078 1571072 28359  10716
44.378346721 5593342927 1648849 28357  7544
44.390345769 5595221382 1878455 28365  8941
44.402361045 5596538243 1316861 28357  9415
44.414363641 5598475128 1936885 28358  6912
44.426361353 5600002554 1527426 28362  10378
44.438362368 5601692045 1689491 28363  7016
44.450352199 5603592854 1900809 28355  9115
44.462357781 5604893304 1300450 28364  9570
44.474350767 5606837842 1944538 28359  6757
44.486346835 5608455807 1617965 28357  10394
44.498362162 5610053498 1597691 28372  7575
44.510361867 5611963383 1909885 28365  8506
44.522364302 5613248216 1284833 28363  9334
44.534347883 5615196122 1947906 28368  6698
44.546357856 5616807669 1611547 28360  10190
44.558349991 5618421112 1613443 28369  8711
44.570349463 5620373959 1952847 28358  8363
44.582358245 5621743470 1369511 28361  10283
44.594356124 5623597328 1853858 28370  6269
44.606348066 5625260977 1663649 28357  10078
44.618360358 5626789058 1528081 28358  8878
44.630347003 5628741612 1952554 28361  7328
44.642358725 5630178453 1436841 28355  10233
44.654346621 5631952537 1774084 28365  6840
44.666348856 5633752507 1799970 28358  9650
44.678362515 5635166427 1413920 28370  9519
44.690347674 5637110795 1944368 28350  6898
44.702359632 5638688195 1577400 28355  9994
44.714346468 5640319533 1631338 28373  7268
44.726360183 5642210061 1890528 28354  8938
44.738358272 5643519329 1309268 28368  9426
44.750359591 5645462885 1943556 28358  7349
44.762363580 5647078604 1615719 28350  10386
44.774360668 5648683468 1604864 28374  7704
44.786350277 5650592650 1909182 28358  8771
44.798345953 5651869482 1276832 28369  9400
44.810347961 5653808766 1939284 28360  7022
44.822357677 5655431909 1623143 28365  9896
44.834362745 5657040140 1608231 28359  7947
44.846346104 5658990597 1950457 28354  8475
44.858360229 5660340554 1349957 28364  10275
44.870345931 5662213493 1872939 28358  5953
44.882358864 5663908036 1694543 28360  10381
44.894346639 5665397462 1489426 28364  7993
44.906357237 5667350834 1953372 28364  7929
44.918359136 5668795482 1444648 28366  10092
44.930348459 5670571227 1775745 28357  6657
44.942350828 5672399043 1827816 28354  9965
44.954360336 5673785035 1385992 28362  9620
44.966359218 5675724854 1939819 28355  6857
44.978358824 5677301365 1576511 28365  10473
44.990348782 5678938850 1637485 28363  7389
45.002350144 5680827144 1888294 28363  9055
45.014357463 5682138859 1311715 28363  9435
45.026350362 5684090928 1952069 28373  6389
45.038362070 5685697847 1606919 28364  10456
45.050346596 5687295213 1597366 28355  7685
45.062359949 5689245651 1950438 28366  8622
45.074366487 5690567569 1321918 28355  10310
45.086347388 5692472558 1904989 28363  5619
45.098359911 5694113603 1641045 28360  10090
45.110362337 5695657437 1543834 28379  8245
45.122347939 5697603913 1946476 28359  8029
45.134346711 5698969633 1365720 28377  10264
45.146350389 5700820026 1850393 28356  6381
45.158349931 5702484037 1664011 28365  10316
45.170348283 5704008528 1524491 28364  8536
45.182348632 5705952431 1943903 28368  7882
45.194361932 5707321971 1369540 28364  10299
45.206347906 5709170856 1848885 28365  6186
45.218358122 5710875145 1704289 28358  9832
45.230369221 5712358804 1483659 28367  8637
45.242358976 5714300303 1941499 28363  7744
45.254350298 5715693137 1392834 28353  10201
45.266350370 5717519596 1826459 28362  6970
45.278349696 5719238448 1718852 28363  9318
45.290362028 5720699314 1460866 28357  8165
45.302358426 5722648947 1949633 28357  7826
45.314346222 5724098065 1449118 28351  10111
45.326359585 5725863888 1765823 28353  6587
45.338360970 5727648147 1784259 28362  10239
45.350358944 5729071061 1422914 28361  9353
45.362350996 5731001831 1930770 28363  7163
45.374360789 5732489475 1487644 28358  10222
45.386354171 5734212302 1722827 28364  6840
45.398351343 5736053263 1840961 28362  9546
45.410346415 5737420033 1366770 28357  9071
45.422360364 5739357393 1937360 28351  6905
45.434361903 5740915982 1558589 28355  10301
45.446361671 5742565622 1649640 28365  7141
45.458346593 5744434849 1869227 28352  9246
45.470357705 5745754814 1319965 28364  8934
45.482360151 5747692565 1937751 28360  6878
45.494345223 5749174409 1481844 28359  10171
45.506348469 5750900760 1726351 28350  6769
45.518348044 5752731461 1830701 28359  9379
45.530362550 5754108915 1377454 28373  9884
45.542356275 5756052034 1943119 28361  6919
45.554359290 5757662707 1610673 28351  10284
45.566361039 5759270855 1608148 28362  7844
45.578361954 5761159956 1889101 28357  8590
45.590350246 5762455903 1295947 28357  9618
45.602347412 5764401164 1945261 28372  6250
45.614350140 5766014419 1613255 28359  10319
45.626347212 5767615231 1600812 28369  7923
45.638346285 5769552519 1937288 28364  8539
45.650364074 5770823184 1270665 28360  10185
45.662361869 5772786921 1963737 28362  6001
45.674362051 5774423614 1636693 28361  9953
45.686345860 5775970002 1546388 28358  8123
45.698346755 5777924735 1954733 28361  8038
45.710353987 5779316511 1391776 28366  10135
45.722359020 5781138758 1822247 28358  6948
45.734360866 5782913079 1774321 28354  10001
45.746349718 5784345077 1431998 28364  9118
45.758360436 5786277654 1932577 28347  7271
45.770362465 5787741844 1464190 28357  10182
45.782346440 5789487223 1745379 28359  7163
45.794359083 5791317107 1829884 28360  9020
45.806358515 5792696936 1379829 28370  9473
45.818350131 5794646591 1949655 28359  6907
45.830348103 5796250965 1604374 28359  10223
45.842346881 5797859920 1608955 28373  7984
45.854361537 5799804529 1944609 28353  8324
45.866366695 5801087747 1283218 28358  9961
45.878360508 5803019061 1931314 28364  5858
45.890346907 5804645172 1626111 28361  10153
45.902346932 5806212002 1566830 28353  8211
45.914361314 5808156010 1944008 28368  8470
45.926347286 5809567832 1411822 28363  10318
45.938346098 5811376961 1809129 28367  6468
45.950362261 5813156538 1779577 28351  10052
45.962347043 5814578899 1422361 28357  9112
45.974346929 5816512805 1933906 28356  7371
45.986358814 5818064346 1551541 28352  9916
45.998357869 5819731692 1667346 28357  7090
46.010359228 5821607587 1875895 28346  9196
46.022355381 5822926145 1318558 28361  9343
46.034346646 5824871647 1945502 28349  6901
46.046349208 5826433806 1562159 28357  10302
46.058356844 5828071189 1637383 28355  6923
46.070362512 5829943809 1872620 28358  8924
46.082363505 5831261043 1317234 28366  9063
46.094357916 5833197848 1936805 28354  6956
46.106358476 5834739940 1542092 28352  10446
46.118347661 5836413138 1673198 28357  7628
46.130358293 5838302516 1889378 28365  9032
46.142358745 5839611454 1308938 28362  9612
46.154347651 5841547157 1935703 28356  6662
46.166360170 5843140776 1593619 28361  10300
46.178355602 5844757307 1616531 28365  7399
46.190360604 5846660949 1903642 28358  8577
46.202362583 5847946273 1285324 28359  9381
46.214347528 5849885397 1939124 28360  6834
46.226345040 5851492819 1607422 28358  10181
46.238348402 5853099605 1606786 28361  7957
46.250361208 5854997707 1898102 28356  8270
46.262348527 5856283495 1285788 28374  9272
46.274347316 5858227047 1943552 28358  6636
46.286352695 5859836127 1609080 28352  10125
46.298357963 5861435707 1599580 28373  7690
46.310346319 5863335502 1899795 28358  9127
46.322358495 5864621961 1286459 28367  9474
46.334361124 5866559954 1937993 28356  6854
46.346367572 5868161598 1601644 28357  10233
46.358349071 5869768467 1606869 28373  7420
46.370362306 5871682092 1913625 28358  8932
46.382360808 5872960383 1278291 28361  9240
46.394357720 5874904659 1944276 28356  6711
46.406363223 5876510776 1606117 28361  10335
46.418347605 5878115014 1604238 28357  7736
46.430359267 5880056910 1941896 28349  8710
46.442359056 5881324725 1267815 28363  9941
46.454361401 5883284727 1960002 28366  5756
46.466349170 5884941586 1656859 28350  10302
46.478346179 5886470792 1529206 28359  8354
46.490347292 5888412344 1941552 28363  7829
46.502357190 5889819341 1406997 28359  10618
46.514346942 5891624212 1804871 28363  6312
46.526362111 5893322966 1698754 28359  10034
46.538347400 5894809581 1486615 28349  8617
46.550346539 5896748770 1939189 28357  7670
46.562359551 5898200723 1451953 28357  10369
46.574350026 5899965451 1764728 28368  6581
46.586362249 5901788406 1822955 28355  9455
46.598350871 5903166966 1378560 28359  9448
46.610345916 5905102139 1935173 28357  6853
46.622346091 5906699080 1596941 28364  10296
46.634348974 5908307013 1607933 28368  7124
46.646346416 5910157095 1850082 28360  8795
46.658366665 5911498116 1341021 28379  9106
46.670362840 5913435556 1937440 28356  7014
46.682349513 5914976001 1540445 28361  10199
46.694350702 5916640684 1664683 28364  7719
46.706361707 5918533903 1893219 28364  9136
46.718349559 5919837175 1303272 28362  9334
46.730358982 5921766235 1929060 28367  6996
46.742358821 5923303064 1536829 28362  10230
46.754361200 5924964853 1661789 28357  7088
46.766359652 5926802043 1837190 28365  9028
46.778348880 5928170443 1368400 28365  9412
46.790359760 5930111702 1941259 28360  6913
46.802358665 5931681632 1569930 28350  10253
46.814358237 5933315177 1633545 28363  7429
46.826359913 5935188970 1873793 28352  8903
46.838346565 5936501708 1312738 28378  9109
46.850359324 5938442558 1940850 28352  6716
46.862362396 5940052945 1610387 28361  10200
46.874346505 5941653706 1600761 28364  7366
46.886362571 5943548587 1894881 28358  9176
46.898346072 5944843390 1294803 28357  9552
46.910347939 5946779778 1936388 28365  6788
46.922347467 5948347621 1567843 28359  10406
46.934347743 5949981900 1634279 28354  7089
46.946361999 5951857699 1875799 28355  9275
46.958347634 5953176804 1319105 28369  9201
46.970344856 5955123304 1946500 28358  6650
46.982365828 5956722489 1599185 28357  10395
46.994359165 5958327651 1605162 28354  7508
47.006357763 5960259331 1931680 28351  8730
47.018347565 5961524085 1264754 28365  9951
47.030346404 5963461727 1937642 28361  6040
47.042362230 5965068919 1607192 28347  10029
47.054346492 5966670444 1601525 28362  7836
47.066359704 5968610291 1939847 28350  8413
47.078358806 5969927019 1316728 28353  10229
47.090357128 5971836843 1909824 28368  6464
47.102362261 5973489747 1652904 28353  10256
47.114346140 5975019050 1529303 28367  8425
47.126358445 5976960070 1941020 28357  7958
47.138365897 5978325382 1365312 28355  10255
47.150359880 5980175091 1849709 28373  6149
47.162361209 5981874010 1698919 28355  9848
47.174347588 5983359864 1485854 28357  8639
47.186358640 5985303104 1943240 28359  7722
47.198359816 5986727749 1424645 28349  10085
47.210362371 5988513169 1785420 28357  6982
47.222358373 5990234858 1721689 28357  9228
47.234346459 5991693091 1458233 28369  8381
47.246347037 5993634129 1941038 28372  7618
47.258346410 5995085750 1451621 28364  10107
47.270347852 5996844437 1758687 28368  6610
47.282362031 5998640797 1796360 28361  10187
47.294354650 6000047200 1406403 28383  9286
47.306360149 6001974099 1926899 28373  7175
47.318348634 6003437454 1463355 28362  10192
47.330349047 6005180368 1742914 28366  6771
47.342360466 6007013966 1833598 28356  9568
47.354347217 6008387156 1373190 28367  9252
47.366357397 6010328919 1941763 28362  6822
47.378349282 6011935839 1606920 28368  10327
47.390346364 6013540637 1604798 28358  7691
47.402358836 6015483646 1943009 28362  8700
47.414362429 6016764536 1280890 28366  9901
47.426359761 6018697441 1932905 28366  5723
47.438346693 6020318953 1621512 28360  10239
47.450356072 6021885312 1566359 28373  8078
47.462348911 6023828208 1942896 28361  9058
47.474360570 6025278801 1450593 28362  10628
47.486333042 6027048584 1769783 28357  6794
47.498355381 6028842484 1793900 28363  9755
47.510349076 6030247820 1405336 28354  9265
47.522346973 6032172559 1924739 28356  7040
47.534351538 6033570381 1397822 28367  10225
47.546360667 6035381931 1811550 28358  6648
47.558348169 6037220996 1839065 28349  9320
47.570358178 6038585727 1364731 28360  9569
47.582347244 6040524228 1938501 28356  6646
47.594362372 6042125381 1601153 28359  10209
47.606362174 6043725658 1600277 28358  7377
47.618371997 6045599225 1873567 28356  8613
47.630347343 6046912977 1313752 28360  9184
47.642349605 6048853007 1940030 28361  6758
47.654358858 6050450289 1597282 28349  10104
47.666349513 6052061084 1610795 28351  8165
47.678348572 6053993982 1932898 28366  8721
47.690361961 6055258467 1264485 28352  9844
47.702350750 6057185877 1927410 28363  6475
47.714349345 6058790940 1605063 28357  10143
47.726348537 6060394045 1603105 28358  8095
47.738345234 6062327325 1933280 28364  8175
47.750364216 6063635978 1308653 28356  10154
47.762358294 6065560487 1924509 28357  6140
47.774358917 6067212386 1651899 28354  10212
47.786347659 6068744157 1531771 28353  8527
47.798359375 6070682691 1938534 28361  7774
47.810358834 6072031456 1348765 28352  9918
47.822346769 6073891420 1859964 28354  5993
47.834360935 6075614147 1722727 28357  10066
47.846349070 6077075399 1461252 28352  8480
47.858350682 6079014714 1939315 28351  8207
47.870362272 6080414231 1399517 28353  10226
47.882360334 6082222675 1808444 28359  6428
47.894348900 6083934481 1711806 28355  9984
47.906358092 6085405150 1470669 28374  8622
47.918347568 6087342445 1937295 28357  7872
47.930371111 6088784946 1442501 28360  9864
47.942359269 6090550126 1765180 28357  6487
47.954352011 6092373529 1823403 28349  9771
47.966346594 6093744750 1371221 28366  9100
47.978361780 6095684854 1940104 28364  7142
47.990347812 6097212565 1527711 28344  10216
48.002346874 6098876465 1663900 28377  6480
48.014358193 6100698896 1822431 28354  9299
48.026362165 6102076911 1378015 28371  9210
48.038350947 6104015332 1938421 28357  6839
48.050363760 6105620680 1605348 28354  10439
48.062362692 6107225390 1604710 28354  7870
48.074346638 6109127829 1902439 28355  8709
48.086361583 6110405351 1277522 28363  9402
48.098360223 6112333794 1928443 28360  6758
48.110359961 6113865708 1531914 28367  10293
48.122361140 6115534972 1669264 28348  7043
48.134357860 6117424663 1889691 28371  8916
48.146361438 6118727432 1302769 28356  9350
48.158346524 6120662884 1935452 28361  6904
48.170359420 6122233858 1570974 28348  10238
48.182345699 6123865899 1632041 28359  7532
48.194350677 6125687678 1821779 28363  8585
48.206360940 6127055101 1367423 28356  9220
48.218362652 6128989116 1934015 28360  6656
48.230346184 6130560566 1571450 28362  10111
48.242358336 6132188100 1627534 28355  7215
48.254358173 6134079865 1891765 28352  9543
48.266346451 6135381640 1301775 28364  9414
48.278360007 6137318652 1937012 28361  6943
48.290360083 6138903604 1584952 28363  10207
48.302348058 6140515033 1611429 28360  7125
48.314348720 6142422324 1907291 28360  9190
48.326358153 6143710766 1288442 28355  9242
48.338350722 6145648517 1937751 28358  6658
48.350363207 6147255013 1606496 28369  10274
48.362359860 6148855820 1600807 28365  7680
48.374351622 6150797968 1942148 28355  8720
48.386348044 6152052235 1254267 28363  9881
48.398359537 6153992473 1940238 28354  5749
48.410356563 6155633561 1641088 28352  10261
48.422361391 6157190469 1556908 28358  7979
48.434360403 6159134598 1944129 28364  8173
48.446347656 6160541179 1406581 28354  10559
48.458348565 6162348992 1807813 28356  6472
48.470362040 6164114629 1765637 28362  9888
48.482357667 6165546224 1431595 28370  9193
48.494347359 6167468792 1922568 28357  7101
48.506359191 6168909561 1440769 28353  10279
48.518345633 6170676314 1766753 28360  6547
48.530349592 6172508992 1832678 28361  9436
48.542358491 6173878580 1369588 28362  9590
48.554360111 6175812975 1934395 28353  6604
48.566355319 6177421171 1608196 28352  10313
48.578358921 6179017285 1596114 28373  7429
48.590347600 6180915491 1898206 28354  8514
48.602348296 6182203322 1287831 28372  9354
48.614358835 6184149091 1945769 28361  6654
48.626359247 6185749988 1600897 28359  10091
48.638347667 6187354345 1604357 28372  8582
48.650349145 6189301448 1947103 28361  8277
48.662345931 6190668836 1367388 28371  10149
48.674350114 6192510995 1842159 28371  6177
48.686360386 6194168940 1657945 28353  10083
48.698359045 6195685456 1516516 28342  8615
48.710349684 6197631180 1945724 28378  7592
48.722349529 6199072793 1441613 28352  10111
48.734366922 6200838246 1765453 28357  6965
48.746346724 6202635637 1797391 28365  9402
48.758363327 6204043398 1407761 28362  9560
48.770359573 6205985407 1942009 28346  6690
48.782350735 6207586263 1600856 28346  9918
48.794347963 6209189593 1603330 28366  7715
48.806357090 6211130447 1940854 28356  8400
48.818358819 6212445765 1315318 28359  10121
48.830346525 6214347364 1901599 28355  6513
48.842357867 6215997354 1649990 28351  10235
48.854349665 6217524904 1527550 28361  8295
48.866347388 6219466249 1941345 28358  8138
48.878359057 6220871880 1405631 28368  10128
48.890371533 6222673921 1802041 28366  6726
48.902350055 6224477539 1803618 28352  9548
48.914357941 6225872716 1395177 28367  9167
48.926348050 6227807880 1935164 28353  6992
48.938359492 6229355349 1547469 28362  10296
48.950361445 6231009866 1654517 28352  7317
48.962361914 6232896959 1887093 28358  9012
48.974348877 6234193286 1296327 28364  9054
48.986347535 6236126768 1933482 28354  6721
48.998358144 6237701843 1575075 28363  10161
49.010350670 6239326327 1624484 28360  7059
49.022361333 6241224028 1897701 28353  9485
49.034359002 6242515499 1291471 28358  9528
49.046355450 6244451922 1936423 28370  6796
49.058349366 6246019413 1567491 28364  10410
49.070361359 6247648434 1629021 28351  7236
49.082347745 6249518679 1870245 28363  9094
49.094362390 6250834937 1316258 28365  9298
49.106358825 6252769572 1934635 28359  6564
49.118347918 6254375266 1605694 28357  10349
49.130348507 6255979880 1604614 28364  7845
49.142358790 6257921283 1941403 28360  8412
49.154349665 6259241629 1320346 28357  10237
49.166345898 6261127537 1885908 28363  5608
49.178359134 6262730638 1603101 28353  10081
49.190350066 6264308630 1577992 28366  8225
49.202353875 6266250339 1941709 28346  7985
49.214358674 6267688324 1437985 28371  10264
49.226360240 6269458906 1770582 28357  6928
49.238348891 6271257315 1798409 28360  9754
49.250359698 6272653944 1396629 28365  9283
49.262359704 6274588904 1934960 28363  7055
49.274346989 6276135120 1546216 28361  10244
49.286347671 6277794969 1659849 28362  7358
49.298358440 6279691505 1896536 28357  8657
49.310359960 6280972565 1281060 28350  9242
49.322346368 6282903742 1931177 28363  6891
49.334358301 6284478345 1574603 28367  10183
49.346346807 6286104302 1625957 28354  7517
49.358358996 6287970972 1866670 28355  8576
49.370367302 6289293620 1322648 28368  9363
49.382350257 6291229611 1935991 28368  6558
49.394347793 6292830782 1601171 28352  10083
49.406365295 6294428648 1597866 28353  7676
49.418346171 6296330731 1902083 28356  9168
49.430347903 6297605718 1274987 28364  9429
49.442357392 6299538457 1932739 28356  6915
49.454358669 6301141481 1603024 28363  10196
49.466349837 6302736673 1595192 28359  7279
49.478346779 6304648665 1911992 28353  8960
49.490351111 6305925494 1276829 28362  9216
49.502357818 6307857347 1931853 28355  6727
49.514359103 6309465343 1607996 28365  10270
49.526354983 6311068939 1603596 28353  7670
49.538346751 6313001335 1932396 28358  8703
49.550359821 6314262820 1261485 28363  9874
49.562359473 6316220902 1958082 28363  5849
49.574360238 6317833546 1612644 28358  10214
49.586359821 6319402587 1569041 28370  8055
49.598362667 6321342708 1940121 28359  8048
49.610350500 6322701836 1359128 28357  10627
49.622347298 6324552477 1850641 28359  6181
49.634359047 6326242325 1689848 28356  10128
49.646358207 6327725175 1482850 28360  8335
49.658349065 6329665768 1940593 28366  7956
49.670358318 6331108867 1443099 28367  10290
49.682360204 6332875514 1766647 28364  6223
49.694358953 6334686615 1811101 28356  9672
49.706362295 6336071739 1385124 28367  9375
49.718362815 6338006779 1935040 28350  6974
49.730347327 6339602468 1595689 28361  10251
49.742345842 6341204607 1602139 28373  6997
49.754346719 6343059772 1855165 28357  8872
49.766347661 6344398110 1338338 28359  9264
49.778361190 6346338571 1940461 28352  6675
49.790362133 6347937876 1599305 28358  10074
49.802362552 6349540914 1603038 28364  8186
49.814348394 6351470083 1929169 28359  8648
49.826346697 6352729994 1259911 28359  9712
49.838355746 6354664390 1934396 28355  6588
49.850364118 6356266797 1602407 28370  10078
49.862346087 6357868714 1601917 28359  8219
49.874350476 6359817239 1948525 28360  7850
49.886348519 6361203539 1386300 28366  10150
49.898360088 6363023779 1820240 28355  6213
49.910361291 6364696672 1672893 28358  10067
49.922359503 6366193809 1497137 28353  8282
49.934363012 6368131248 1937439 28359  7967
49.946348994 6369498582 1367334 28359  9902
49.958350457 6371340565 1841983 28366  5981
49.970347506 6373025354 1684789 28361  10128
49.982361582 6374520275 1494921 28354  8398
49.994361424 6376461369 1941094 28369  8209
50.006367187 6377904693 1443324 28365  10250
50.018362243 6379665301 1760608 28351  6720
50.030360276 6381477542 1812241 28363  9769
50.042347954 6382857620 1380078 28362  9108
50.054357950 6384790908 1933288 28355  7365
50.066360483 6386344198 1553290 28356  9868
50.078345481 6387992109 1647911 28372  7105
50.090347287 6389876611 1884502 28354  9264
50.102348120 6391177157 1300546 28362  9316
50.114360828 6393107282 1930125 28362  6969
50.126359941 6394636140 1528858 28361  10309
50.138349893 6396298209 1662069 28358  6556
50.150350980 6398128077 1829868 28362  9177
50.162356188 6399499904 1371827 28362  9450
50.174347235 6401437660 1937756 28348  6636
50.186361597 6403042778 1605118 28363  10483
50.198350976 6404644452 1601674 28366  8254
50.210361918 6406580415 1935963 28360  8532
50.222348381 6407882264 1301849 28368  10268
50.234347687 6409799235 1916971 28369  5987
50.246358736 6411434777 1635542 28352  10263
50.258358728 6412975935 1541158 28353  8436
50.270346694 6414916011 1940076 28362  7764
50.282346113 6416312874 1396863 28365  10258
50.294347449 6418120320 1807446 28363  6588
50.306348258 6419941445 1821125 28348  9661
50.318366450 6421320119 1378674 28360  9641
50.330362383 6423237950 1917831 28358  6492
50.342358125 6424724672 1486722 28361  10042
50.354350441 6426440943 1716271 28364  6925
50.366359030 6428322602 1881659 28358  9275
50.378362583 6429634031 1311429 28360  9366
50.390361492 6431571725 1937694 28352  7343
50.402362808 6433174723 1602998 28366  10290
50.414349090 6434776942 1602219 28371  7838
50.426347859 6436709053 1932111 28361  8531
50.438358649 6437993723 1284670 28359  10121
50.450360857 6439936455 1942732 28357  6056
50.462362320 6441620387 1683932 28350  9982
50.474366753 6443106145 1485758 28358  8404
50.486349029 6445045202 1939057 28362  8016
50.498358721 6446446268 1401066 28353  10104
50.510347794 6448253864 1807596 28354  6933
50.522349956 6449968202 1714338 28356  9268
50.534360335 6451427577 1459375 28354  8328
50.546362777 6453360499 1932922 28369  7500
50.558358076 6454798243 1437744 28368  10112
50.570360172 6456565359 1767116 28357  6601
50.582346274 6458356548 1791189 28348  10225
50.594358991 6459761164 1404616 28352  9367
50.606346683 6461694731 1933567 28363  7154
50.618361342 6463246724 1551993 28365  10128
50.630348614 6464885942 1639218 28363  6971
50.642354977 6466775272 1889330 28372  9336
50.654350679 6468076540 1301268 28358  9033
50.666357822 6470009931 1933391 28355  6884
50.678359069 6471614538 1604607 28367  10303
50.690350467 6473215500 1600962 28366  7565
50.702349859 6475153830 1938330 28365  8793
50.714346899 6476423741 1269911 28364  9896
50.726362052 6478352026 1928285 28364  5749
50.738349561 6479969188 1617162 28359  10184
50.750362770 6481545159 1575971 28348  8100
50.762359482 6483479804 1934645 28355  8087
50.774362198 6484921907 1442103 28358  10636
50.786347137 6486695227 1773320 28365  6922
50.798370460 6488512173 1816946 28364  9401
50.810359799 6489892600 1380427 28356  9436
50.822359559 6491823172 1930572 28348  6741
50.834348757 6493380151 1556979 28363  10261
50.846358940 6495022385 1642234 28360  7069
50.858359979 6496920372 1897987 28356  8960
50.870348055 6498207062 1286690 28365  9588
50.882360447 6500139060 1931998 28361  6506
50.894359537 6501742712 1603652 28359  10240
50.906358306 6503337384 1594672 28363  7575
50.918349275 6505268916 1931532 28354  8413
50.930346237 6506533943 1265027 28361  9955
50.942362620 6508485661 1951718 28361  5960
50.954356353 6510112259 1626598 28355  10053
50.966350465 6511668387 1556128 28358  8926
50.978362035 6513602117 1933730 28350  8024
50.990361014 6514960423 1358306 28364  10160
51.002360943 6516808526 1848103 28367  6226
51.014359815 6518499723 1691197 28363  10078
51.026362265 6519985740 1486017 28349  8816
51.038358270 6521926856 1941116 28350  7225
51.050348182 6523379547 1452691 28364  10218
51.062349385 6525125975 1746428 28356  7024
51.074361812 6526950698 1824723 28366  9348
51.086360740 6528318215 1367517 28363  9334
51.098358083 6530251471 1933256 28348  6847
51.110370233 6531819082 1567611 28371  9920
51.122349852 6533444510 1625428 28353  7111
51.134346380 6535316982 1872472 28356  8941
51.146361010 6536624860 1307878 28358  9124
51.158347435 6538557700 1932840 28367  7388
51.170350138 6540169163 1611463 28362  10303
51.182346774 6541770098 1600935 28355  7681
51.194347857 6543701504 1931406 28371  8675
51.206345429 6544994165 1292661 28360  10087
51.218346488 6546914994 1920829 28359  6257
51.230357337 6548571047 1656053 28368  9801
51.242349593 6550100430 1529383 28355  8394
51.254346446 6552041521 1941091 28361  7813
51.266346192 6553432237 1390716 28369  10172
51.278366828 6555235684 1803447 28370  6603
51.290346263 6557033203 1797519 28354  9734
51.302358183 6558429149 1395946 28358  8980
51.314361695 6560364417 1935268 28353  6787
51.326361565 6561972486 1608069 28362  10140
51.338377408 6563566264 1593778 28362  7349
51.350348250 6565460849 1894585 28351  9161
51.362360692 6566742470 1281621 28348  9433
51.374361481 6568677343 1934873 28353  6768
51.386347238 6570282854 1605511 28367  10396
51.398346616 6571880855 1598001 28362  7667
51.410359343 6573810284 1929429 28357  8712
51.422358341 6575141517 1331233 28371  9851
51.434353828 6577030813 1889296 28363  5770
51.446362143 6578679001 1648188 28355  10373
51.458361563 6580199603 1520602 28357  8204
51.470367161 6582138454 1938851 28357  8068
51.482349924 6583497964 1359510 28375  10268
51.494348226 6585337918 1839954 28361  5727
51.506362189 6587027083 1689165 28359  9946
51.518346885 6588510008 1482925 28363  8340
51.530347128 6590447371 1937363 28360  7777
51.542346690 6591882408 1435037 28362  10239
51.554358876 6593648103 1765695 28371  6856
51.566360219 6595446458 1798355 28359  9768
51.578347761 6596840217 1393759 28365  9314
51.590366127 6598771402 1931185 28362  6968
51.602347059 6600323538 1552136 28358  10154
51.614360105 6601975307 1651769 28361  7383
51.626350271 6603866488 1891181 28353  8598
51.638348446 6605094579 1228091 28352  10236
51.650361960 6606198299 1103720 28356  16017
51.662360116 6607885954 1687655 28355  9786
51.674348284 6608469400 583446 28338  14012
51.686359507 6610395682 1926282 28365  7122
51.698360770 6611786005 1390323 28360  9745
51.710359173 6613586442 1800437 28364  6217
51.722350249 6615312671 1726229 28356  9544
51.734349394 6616764292 1451621 28362  8652
51.746368530 6618693302 1929010 28357  7509
51.758350473 6620125145 1431843 28359  10601
51.770358865 6621891542 1766397 28366  6532
51.782359445 6623661549 1770007 28357  9909
51.794347220 6625083042 1421493 28371  9227
51.806346453 6627003971 1920929 28354  7124
51.818359023 6628455974 1452003 28367  10353
51.830359502 6630201588 1745614 28363  6637
51.842346471 6632003781 1802193 28350  9402
51.854346737 6633386422 1382641 28375  9303
51.866359710 6635309289 1922867 28363  7024
51.878358499 6636773576 1464287 28358  10201
51.890349301 6638502432 1728856 28379  6725
51.902346831 6640298140 1795708 28357  9225
51.914367747 6641691271 1393131 28359  9116
51.926360839 6643622658 1931387 28351  6976
51.938345686 6645168010 1545352 28351  10108
51.950347594 6646819179 1651169 28356  7762
51.962361207 6648729333 1910154 28352  9082
51.974360170 6650008379 1279046 28355  9490
51.986348572 6651936604 1928225 28360  6774
51.998348535 6653540818 1604214 28363  10160
52.010361727 6655148353 1607535 28366  8400
52.022359190 6657096772 1948419 28363  7767
52.034349907 6658537949 1441177 28351  10125
52.046360175 6660295687 1757738 28372  6943
52.058359838 6662076791 1781104 28353  9395
52.070366267 6663486841 1410050 28356  9374
52.082348033 6665420822 1933981 28354  6818
52.094346366 6667023890 1603068 28364  9889
52.106360065 6668631452 1607562 28375  7927
52.118362468 6670571837 1940385 28357  8131
52.130348717 6671148139 576302 28350  20383
52.142349936 6672170308 1022169 28350  17122
52.154358533 6672829341 659033 28363  24898
52.166361858 6673433491 604150 28357  25552
52.178359844 6674087927 654436 28348  24889
52.190346790 6674679280 591353 28369  25378
52.202360976 6675064177 384897 28352  25874
52.214350425 6675728480 664303 28358  24887
52.226359034 6676337843 609363 28347  25440
52.238362104 6676999662 661819 28377  25123
52.250359304 6677609976 610314 28354  25512
52.262361712 6678273608 663632 28359  25211
52.274346718 6678883886 610278 28341  25718
52.286361181 6679547641 663755 28365  25337
52.298359300 6680160611 612970 28344  25789
52.310348023 6680822345 661734 28342  25087
52.322348152 6681436022 613677 28352  26117
52.334359595 6682098969 662947 28346  25439
52.346360960 6682705439 606470 28350  25498
52.358359217 6683367078 661639 28353  25158
52.370349339 6683975635 608557 28361  25563
52.382360548 6684637192 661557 28359  25473
52.394366421 6685244399 607207 28348  25456
52.406362681 6685905124 660725 28345  25300
52.418348573 6686516519 611395 28356  25537
52.430360339 6687179387 662868 28354  25364
52.442359411 6687789799 610412 28344  25946
52.454349133 6688451479 661680 28347  25241
52.466347566 6689061010 609531 28357  25795
52.478362816 6689719973 658963 28343  24947
52.490347631 6690329239 609266 28342  25812
52.502347894 6690990362 661123 28356  25369
52.514360547 6691597438 607076 28359  25599
52.526358820 6692257986 660548 28353  25184
52.538361036 6692867339 609353 28353  25653
52.550356328 6693530334 662995 28352  25593
52.562351047 6694145463 615129 28357  25555
52.574346347 6694796606 651143 28350  25341
52.586362923 6695442035 645429 28366  25375
52.598349579 6696067268 625233 28356  25537
52.610347094 6696729050 661782 28349  25638
52.622349370 6697334496 605446 28351  25576
52.634348343 6697993331 658835 28355  25270
52.646348055 6698602916 609585 28349  25573
52.658324405 6699262454 659538 28365  25383
52.670350305 6699870565 608111 28363  25926
52.682360714 6700530539 659974 28348  25291
52.694346180 6701140425 609886 28367  25758
52.706366216 6701799122 658697 28337  24988
52.718359992 6702409592 610470 28352  25983
52.730361191 6703071850 662258 28364  25420
52.742349514 6703678530 606680 28364  25492
52.754349429 6704339752 661222 28371  25187
52.766349162 6704948693 608941 28358  25651
52.778357859 6705610149 661456 28360  25475
52.790347224 6706217849 607700 28363  25596
52.802357210 6706878538 660689 28363  25407
52.814362593 6707488769 610231 28360  25607
52.826361393 6708149780 661011 28364  25332
52.838357868 6708796775 646995 28351  25614
52.850348801 6709416771 619996 28353  25424
52.862360324 6710078824 662053 28357  25337
52.874350690 6710682492 603668 28356  25457
52.886349179 6711344960 662468 28349  25484
52.898362649 6711952887 607927 28352  25852
52.910357681 6712610663 657776 28351  25123
52.922359611 6713217624 606961 28354  25701
52.934361380 6713877951 660327 28353  25206
52.946347656 6714488141 610190 28355  26062
52.958349729 6715144393 656252 28354  25107
52.970348298 6715750973 606580 28358  25758
52.982349030 6716411122 660149 28358  25178
52.994348733 6717016804 605682 28350  25615
53.006361950 6717676133 659329 28363  25504
53.018346465 6718281851 605718 28363  25622
53.030353905 6718939361 657510 28362  25334
53.042360451 6719546185 606824 28353  25458
53.054360120 6720204431 658246 28360  25378
53.066351219 6720827752 623321 28359  25562
53.078348032 6721467878 640126 28358  25489
53.090348791 6722125534 657656 28353  25121
53.102361618 6722730496 604962 28361  25668
53.114359214 6723391411 660915 28360  25668
53.126348359 6723995964 604553 28338  25726
53.138359036 6724648852 652888 28355  25025
53.150363538 6725255678 606826 28352  25664
53.162358517 6725912753 657075 28357  25208
53.174348153 6726519744 606991 28353  25990
53.186369496 6727174158 654414 28339  25060
53.198358968 6727778106 603948 28352  25783
53.210348418 6728436343 658237 28352  25091
53.222349204 6729041445 605102 28350  25742
53.234361807 6729699690 658245 28360  25509
53.246361870 6730320668 620978 28355  25473
53.258363096 6730962786 642118 28355  25486
53.270350585 6731595740 632954 28365  25090
53.282346611 6731966636 370896 28351  25720
53.294361404 6732577054 610418 28356  25240
53.306361017 6732937979 360925 28345  23262
53.318349725 6733597466 659487 28364  24569
53.330349098 6734201897 604431 28346  25406
53.342369401 6734856249 654352 28361  24884
53.354347993 6735459932 603683 28359  25745
53.366359756 6736115700 655768 28357  25183
53.378349233 6736718236 602536 28350  25628
53.390349501 6737375971 657735 28355  25242
53.402349224 6737980346 604375 28352  25641
53.414348224 6738400917 420571 28356  25779
53.426348373 6738988551 587634 28361  24941
53.438360603 6739594995 606444 28358  25405
53.450359209 6740250369 655374 28341  25112
53.462346801 6743770825 3520456 155121  142341
53.473366275 6744367158 596333 27625  25378
53.485349678 6745020267 653109 28358  25537
53.497354660 6745621329 601062 28348  25759
53.509358757 6746271236 649907 28362  25278
53.521359596 6746868803 597567 28355  25606
53.533347762 6747520581 651778 28355  25639
53.545348565 6748124224 603643 28350  25521
53.557362634 6748768609 644385 28349  25372
53.569365546 6749405974 637365 28358  25263
53.581346789 6750017425 611451 28355  25725
53.593349185 6750669623 652198 28359  25709
53.605357955 6751268040 598417 28360  25724
53.617358137 6751917786 649746 28357  25569
53.629349333 6752516127 598341 28345  25670
53.641360657 6753163204 647077 28373  25474
53.653361195 6753761081 597877 28357  25911
53.665367595 6754407752 646671 28355  25297
53.677350618 6755035036 627284 28355  25395
53.689359504 6755650349 615313 28351  25508
53.701346650 6756301231 650882 28350  25743
53.713360313 6756897953 596722 28342  25912
53.725348612 6757543889 645936 28359  25295
53.737346795 6758141187 597298 28357  25760
53.749360434 6758787237 646050 28351  25390
53.761360040 6759385844 598607 28356  26026
53.773346063 6760029190 643346 28350  25324
53.785345820 6760675304 646114 28358  25399
53.797359595 6761268514 593210 28342  25600
53.809361291 6761914499 645985 28347  25523
53.821358924 6762509208 594709 28345  25907
53.833346614 6763154500 645292 28361  25388
53.845358813 6763750043 595543 28365  25822
53.857347636 6764390306 640263 28357  25133
53.869358505 6764988069 597763 28357  26050
53.881359182 6765630812 642743 28354  25603
53.893357300 6766272872 642060 28348  25223
53.905359153 6766865919 593047 28349  25766
53.917349316 6767508348 642429 28352  25371
53.929346769 6768101147 592799 28352  26022
53.941360811 6768742961 641814 28357  25297
53.953357744 6769335538 592577 28354  25905
53.965359191 6769977945 642407 28363  25336
53.977356320 6770610932 632987 28364  25631
53.989360559 6771213262 602330 28353  25975
54.001360312 6771853898 640636 28360  25400
54.013348812 6772445940 592042 28353  25852
54.025361001 6773083837 637897 28358  25236
54.037360097 6773676494 592657 28375  26045
54.049362203 6774316893 640399 28349  25589
54.061348709 6774908807 591914 28351  25551
54.073360819 6775544018 635211 28360  25433
54.085348944 6776184140 640122 28355  25402
54.097359351 6776775814 591674 28355  26242
54.109359250 6777413989 638175 28356  25361
54.121346196 6778003210 589221 28349  25914
54.133368296 6778642054 638844 28355  25405
54.145350402 6779229542 587488 28359  25775
54.157359521 6779867779 638237 28358  25676
54.169350040 6780505724 637945 28361  25353
54.181346063 6781094369 588645 28362  25936
54.193360349 6781728855 634486 28351  25152
54.205347012 6782320243 591388 28358  26179
54.217361552 6782954913 634670 28353  25435
54.229348187 6783541992 587079 28361  25728
54.241359477 6784177283 635291 28361  25373
54.253361430 6784812696 635413 28347  25494
54.265348445 6785402188 589492 28351  26197
54.277348175 6786036055 633867 28348  25260
54.289357891 6786620877 584822 28354  25860
54.301355458 6787255654 634777 28348  25338
54.313361797 6787842095 586441 28349  25861
54.325350159 6788475873 633778 28359  25597
54.337360749 6789110535 634662 28356  25480
54.349362595 6789696733 586198 28350  25916
54.361350131 6790327877 631144 28347  25179
54.373359971 6790914611 586734 28354  26088
54.385350007 6791547545 632934 28346  25573
54.397347916 6792130687 583142 28366  25660
54.409348268 6792762657 631970 28354  25378
54.421349842 6793376397 613740 28353  25592
54.433362774 6793979993 603596 28351  25981
54.445361707 6794612581 632588 28366  25426
54.457354914 6804010784 9398203 427217  396432
54.473368700 6804582195 571411 27702  25168
54.485350130 6805212517 630322 28363  25835
54.497360829 6805803170 590653 28367  25734
54.509349032 6806418635 615465 28357  25607
54.521361624 6807046992 628357 28356  25525
54.533357947 6807627488 580496 28353  25994
54.545359350 6808256238 628750 28362  25852
54.557350717 6808836073 579835 28363  25851
54.569347545 6809462941 626868 28351  25671
54.581348648 6810085837 622896 28357  25180
54.593348068 6810667738 581901 28357  26179
54.605360628 6811294007 626269 28350  25667
54.617355656 6811873952 579945 28360  25908
54.629359149 6812497483 623531 28351  25454
54.641350376 6813099522 602039 28346  25624
54.653362862 6813702925 603403 28348  26124
54.665349528 6814326367 623442 28357  25456
54.677348497 6814904383 578016 28355  26007
54.689360057 6815528301 623918 28359  25439
54.701348366 6816106067 577766 28353  25901
54.713346723 6816731307 625240 28351  25867
54.725361079 6817353915 622608 28361  25403
54.737348724 6817931242 577327 28349  25989
54.749363347 6818550434 619192 28352  25206
54.761361647 6819129801 579367 28360  26139
54.773356333 6819753363 623562 28358  25704
54.785361966 6820376656 623293 28357  25510
54.797347613 6820951692 575036 28344  25922
54.809362658 6821573193 621501 28352  25475
54.821349478 6822151673 578480 28364  26233
54.833362884 6822771575 619902 28351  25422
54.845360907 6823394835 623260 28360  25641
54.857350153 6823969483 574648 28348  25862
54.869359492 6824590916 621433 28363  25599
54.881359759 6825167098 576182 28352  26111
54.893349125 6825787161 620063 28356  25477
54.905360114 6826410966 623805 28364  25737
54.917349327 6826981836 570870 28357  25720
54.929348246 6827606462 624626 28367  25979
54.941366983 6828179445 572983 28368  25934
54.953350072 6828797869 618424 28370  25462
54.965358258 6829418598 620729 28359  25567
54.977350285 6829991760 573162 28358  25962
54.989359474 6830612807 621047 28355  25948
55.001350687 6831185658 572851 28351  25848
55.013348316 6831803544 617886 28366  25627
55.025361982 6832423298 619754 28345  25489
55.037346275 6832996092 572794 28358  26138
55.049347275 6833613176 617084 28349  25809
55.061348834 6834185083 571907 28354  25948
55.073360984 6834801517 616434 28359  25679
55.085361936 6835415382 613865 28361  25221
55.097369966 6835988765 573383 28353  26393
55.109348592 6836603212 614447 28361  25689
55.121359955 6837173457 570245 28370  25899
55.133348208 6837788236 614779 28352  25570
55.145350485 6838403532 615296 28347  25638
55.157349473 6838973353 569821 28356  26289
55.169360590 6839585819 612466 28347  25491
55.181349256 6840153545 567726 28356  26046
55.193347009 6840765511 611966 28363  25444
55.205361695 6841380163 614652 28363  25823
55.217359197 6841947005 566842 28362  26091
55.229350184 6842559199 612194 28361  25620
55.241348633 6843126950 567751 28352  25961
55.253369143 6843735713 608763 28355  25447
55.265362216 6844350133 614420 28349  26008
55.277359366 6844916104 565971 28347  26051
55.289349524 6845524887 608783 28370  25580
55.301346574 6846096731 571844 28364  25730
55.313361294 6846699516 602785 28348  25745
55.325348773 6847310227 610711 28355  25941
55.337348746 6847874808 564581 28351  25899
55.349345505 6848484129 609321 28351  25790
55.361348251 6849078149 594020 28352  25430
55.373348334 6849656991 578842 28354  26190
55.385358787 6850265265 608274 28348  25829
55.397359714 6850829692 564427 28353  26045
55.409365983 6851435883 606191 28349  25632
55.421360820 6852043204 607321 28347  25607
55.433361256 6852608051 564847 28353  26349
55.445347221 6853210226 602175 28351  25447
55.457361274 6862328219 9117993 432181  402431
55.473368542 6862919522 591303 27745  25224
55.485346544 6863521747 602225 28348  25973
55.497349160 6864079125 557378 28360  26001
55.509361876 6864677908 598783 28366  25687
55.521348879 6865233942 556034 28349  25820
55.533361236 6865833885 599943 28355  25706
55.545347395 6866433466 599581 28346  25891
55.557347882 6866991179 557713 28346  26051
55.569360160 6867590323 599144 28348  25782
55.581354977 6868187881 597558 28350  25448
55.593349966 6868746256 558375 28352  26426
55.605348969 6869343565 597309 28360  25779
55.617346186 6869906913 563348 28353  25813
55.629348574 6870495691 588778 28359  25811
55.641359367 6871091904 596213 28348  25639
55.653362107 6871647947 556043 28355  26325
55.665360277 6872243578 595631 28358  25604
55.677349166 6872841512 597934 28355  25896
55.689361956 6873395888 554376 28362  26014
55.701348692 6873990991 595103 28364  25800
55.713361165 6874589152 598161 28364  25934
55.725346641 6875142068 552916 28351  26214
55.737353004 6875734161 592093 28355  25511
55.749361838 6876285715 551554 28354  25924
55.761358587 6876882912 597197 28371  26131
55.773358727 6877475127 592215 28347  25631
55.785349486 6878027776 552649 28349  26156
55.797360015 6878620238 592462 28353  25612
55.809355688 6879214197 593959 28355  25782
55.821350435 6879766343 552146 28352  26353
55.833348644 6880357971 591628 28351  25742
55.845362307 6880952246 594275 28360  25859
55.857347987 6881498641 546395 28354  25837
55.869349133 6882092811 594170 28363  26087
55.881349232 6882641277 548466 28351  26090
55.893354602 6883231600 590323 28351  25703
55.905358005 6883821238 589638 28349  25712
55.917348214 6884369782 548544 28354  26028
55.929348117 6884960563 590781 28355  26100
55.941349487 6885549942 589379 28355  25701
55.953359617 6886096649 546707 28367  26166
55.965347736 6886684850 588201 28363  25687
55.977361268 6887274549 589699 28376  25895
55.989361888 6887821709 547160 28355  26361
56.001359684 6888408753 587044 28354  25801
56.013346761 6888974742 565989 28361  25948
56.025359997 6889539461 564719 28356  25754
56.037361563 6890127908 588447 28354  26075
56.049361866 6890675171 547263 28363  26248
56.061366819 6891259274 584103 28361  25738
56.073349322 6891845110 585836 28345  25741
56.085360365 6892390413 545303 28355  26139
56.097361678 6892974722 584309 28347  25986
56.109360371 6893559607 584885 28362  25757
56.121346713 6894104401 544794 28353  26216
56.133359506 6894685545 581144 28352  25541
56.145347459 6895273558 588013 28352  26032
56.157350426 6895817393 543835 28344  26425
56.169346235 6896398265 580872 28360  25635
56.181360525 6896946281 548016 28362  26068
56.193362138 6897525474 579193 28347  25972
56.205349354 6898109085 583611 28356  26141
56.217355497 6898652257 543172 28372  26129
56.229346859 6899233463 581206 28365  25936
56.241360929 6899814200 580737 28339  25740
56.253349565 6900356846 542646 28354  26215
56.265349688 6900938772 581926 28356  26102
56.277361518 6901520695 581923 28354  26024
56.289361674 6902063593 542898 28368  26323
56.301361611 6902641583 577990 28350  25674
56.313359140 6903223511 581928 28354  26174
56.325359496 6903764213 540702 28360  26265
56.337360129 6904341565 577352 28354  25770
56.349348398 6904921433 579868 28360  25777
56.361348971 6905460920 539487 28351  26195
56.373368914 6906040037 579117 28352  26105
56.385348457 6906619240 579203 28347  25708
56.397358220 6907158094 538854 28345  26360
56.409361457 6907733667 575573 28351  25583
56.421360390 6908295788 562121 28363  26178
56.433347215 6908853023 557235 28354  26245
56.445350199 6909427950 574927 28378  25694
56.457363192 6919581355 10153405 504195  471415
56.473368908 6920139831 558476 27859  25606
56.485346805 6920709293 569462 28355  25652
56.497347654 6921244225 534932 28357  26447
56.509359714 6921815695 571470 28363  26091
56.521361090 6922384661 568966 28355  25770
56.533373580 6922917067 532406 28354  26118
56.545350750 6923486487 569420 28364  25861
56.557348389 6924057660 571173 28345  26217
56.569360561 6924589171 531511 28350  26146
56.581361848 6925158537 569366 28356  26063
56.593347841 6925725361 566824 28356  25642
56.605348920 6926257561 532200 28356  26427
56.617347210 6926825471 567910 28354  26016
56.629358740 6927391985 566514 28361  25785
56.641347839 6927922279 530294 28347  26187
56.653358926 6928488599 566320 28353  25795
56.665364222 6929058202 569603 28362  26298
56.677358902 6929586256 528054 28351  26083
56.689347368 6930152809 566553 28364  26012
56.701356441 6930719902 567093 28351  25857
56.713359711 6931250100 530198 28364  26396
56.725360440 6931816464 566364 28360  26151
56.737348353 6932382383 565919 28352  26029
56.749346719 6932910710 528327 28356  26182
56.761361399 6933471619 560909 28368  25622
56.773358906 6934039510 567891 28349  26320
56.785349802 6934566506 526996 28347  26231
56.797347758 6935129926 563420 28374  25896
56.809360341 6935693735 563809 28348  25859
56.821347367 6936220370 526635 28347  26255
56.833350090 6936784723 564353 28356  26198
56.845347969 6937347093 562370 28353  25910
56.857367543 6937873913 526820 28349  26285
56.869360742 6938432305 558392 28358  25604
56.881350372 6938998385 566080 28350  26338
56.893350381 6939522448 524063 28352  26228
56.905355585 6940083258 560810 28357  25863
56.917358658 6940644020 560762 28350  25873
56.929349771 6941169114 525094 28361  26248
56.941351063 6941731365 562251 28364  26311
56.953359283 6942290944 559579 28354  25843
56.965360513 6942813346 522402 28347  26239
56.977349452 6943372712 559366 28356  25809
56.989359645 6943932174 559462 28357  26061
57.001360312 6944457058 524884 28345  26307
57.013367045 6945015277 558219 28354  26071
57.025348094 6945572545 557268 28358  25838
57.037349037 6946093961 521416 28365  26122
57.049362800 6946654576 560615 28360  26340
57.061361493 6947210914 556338 28361  25909
57.073348190 6947770662 559748 28373  26033
57.085349633 6948290117 519455 28348  26219
57.097361522 6948846437 556320 28359  25993
57.109360339 6949404131 557694 28371  26097
57.121361418 6949923783 519652 28348  26278
57.133345701 6950479851 556068 28365  26062
57.145360324 6951035179 555328 28350  25695
57.157347450 6951558303 523124 28353  26715
57.169357174 6952113144 554841 28350  26097
57.181350723 6952667273 554129 28352  25901
57.193359636 6953187468 520195 28373  26247
57.205362006 6953741260 553792 28364  25938
57.217347992 6954296439 555179 28346  26206
57.229348902 6954814540 518101 28352  26159
57.241358808 6955368084 553544 28349  26075
57.253362315 6955917631 549547 28361  25561
57.265349847 6956438415 520784 28355  26535
57.277350216 6956991403 552988 28356  26111
57.289360666 6957543239 551836 28356  25927
57.301360382 6958061987 518748 28365  26268
57.313348265 6958613500 551513 28348  25977
57.325359188 6959165605 552105 28361  26246
57.337369186 6959686937 521332 28363  26055
57.349359565 6960232573 545636 28349  26184
57.361347627 6960783278 550705 28359  25895
57.373348667 6961337855 554577 28375  26178
57.385359347 6961852999 515144 28348  26497
57.397360656 6962402983 549984 28360  25996
57.409346523 6962953154 550171 28351  25923
57.421346562 6963467568 514414 28350  26300
57.433346255 6964019035 551467 28375  26309
57.445359938 6964566953 547918 28354  25916
57.457345378 6973036712 8469759 440399  413409
57.473367005 6973538480 501768 27593  25662
57.485349678 6974083533 545053 28366  26125
57.497367171 6974628232 544699 28350  26096
57.509361608 6975139687 511455 28355  26471
57.521349107 6975681540 541853 28361  25932
57.533360830 6976225918 544378 28349  26253
57.545360830 6976736690 510772 28344  26187
57.557362730 6977277996 541306 28363  26077
57.569348539 6977820638 542642 28361  26079
57.581346859 6978337998 517360 28370  26288
57.593362322 6978874740 536742 28351  26340
57.605361018 6979416197 541457 28359  26019
57.617348190 6979958329 542132 28364  26173
57.629349911 6980465064 506735 28343  26249
57.641358747 6981006495 541431 28357  26243
57.653360120 6981549718 543223 28344  26156
57.665348207 6982056768 507050 28356  26282
57.677348260 6982597944 541176 28362  26151
57.689359929 6983137236 539292 28353  26086
57.701360299 6983668640 531404 28373  26381
57.713348202 6984186320 517680 28356  26216
57.725348138 6984725772 539452 28359  26222
57.737363822 6985264940 539168 28350  25962
57.749346638 6985771985 507045 28353  26590
57.761349451 6986311563 539578 28363  26061
57.773348660 6986847915 536352 28347  25931
57.785363181 6987354402 506487 28372  26427
57.797361231 6987892475 538073 28357  26086
57.809355110 6988431766 539291 28351  26353
57.821369157 6988973442 541676 28357  25940
57.833346550 6989475611 502169 28359  26489
57.845362369 6990012904 537293 28367  26087
57.857359992 6990551047 538143 28354  26254
57.869348285 6991056339 505292 28355  26368
57.881361175 6991592715 536376 28362  26125
57.893361135 6992128066 535351 28351  26060
57.905350174 6992630318 502252 28366  26245
57.917341874 6993169369 539051 28357  26481
57.929362554 6993702979 533610 28363  25781
57.941359957 6994241251 538272 28356  26219
57.953348126 6994742731 501480 28352  26438
57.965347756 6995277947 535216 28363  26243
57.977367613 6995812705 534758 28364  26111
57.989360796 6996315586 502881 28352  26405
58.001347562 6996849239 533653 28361  26234
58.013348265 6997379816 530577 28352  25922
58.025360859 6997894394 514578 28364  26606
58.037361528 6998417655 523261 28350  26144
58.049360958 6998948494 530839 28352  26045
58.061349744 6999481450 532956 28361  26177
58.073361497 6999981795 500345 28343  26542
58.085347644 7000513774 531979 28369  26268
58.097348437 7001044292 530518 28347  26029
58.109349876 7001544217 499925 28363  26517
58.121359679 7002070696 526479 28356  25902
58.133357559 7002602376 531680 28372  26394
58.145349152 7003134392 532016 28357  26067
58.157348818 7003630232 495840 28348  26378
58.169359691 7004159166 528934 28360  26169
58.181360071 7004688153 528987 28347  26257
58.193349507 7005185704 497551 28352  26561
58.205348980 7005714399 528695 28354  26099
58.217360600 7006241578 527179 28359  26277
58.229361070 7006754295 512717 28352  26152
58.241349406 7007264307 510012 28356  26448
58.253359772 7007791122 526815 28355  26080
58.265363099 7008316727 525605 28359  26059
58.277361518 7008813378 496651 28342  26563
58.289361272 7009339282 525904 28362  26173
58.301348092 7009866386 527104 28353  26456
58.313361472 7010382223 515837 28369  26015
58.325362855 7010886782 504559 28354  26514
58.337346724 7011410208 523426 28351  26060
58.349350641 7011936400 526192 28366  26418
58.361349220 7012430597 494197 28354  26360
58.373360220 7012955252 524655 28360  26227
58.385347813 7013478140 522888 28358  26174
58.397349313 7013975059 496919 28362  26289
58.409362542 7014496324 521265 28355  26517
58.421360655 7015018248 521924 28358  25968
58.433348532 7015541298 523050 28359  26343
58.445369102 7016034274 492976 28355  26446
58.457363324 7025455810 9421536 513519  483819
58.473380896 7025936221 480411 27707  25927
58.485349555 7026454653 518432 28344  26241
58.497348911 7026968477 513824 28359  26082
58.509348151 7027486731 518254 28338  26234
58.521361475 7027972595 485864 28350  26536
58.533349287 7028488907 516312 28353  26425
58.545349507 7029004688 515781 28361  26016
58.557361487 7029501929 497241 28361  26460
58.569362197 7030007138 505209 28347  26431
58.581361306 7030521677 514539 28354  26355
58.593358849 7031036986 515309 28348  26167
58.605358796 7031522430 485444 28345  26496
58.617369285 7032035370 512940 28354  26217
58.629350308 7032547182 511812 28359  26139
58.641349228 7033063261 516079 28354  26451
58.653358284 7033547030 483769 28358  26312
58.665361625 7034059675 512645 28356  26377
58.677348324 7034573191 513516 28347  26304
58.689361644 7035076626 503435 28362  26398
58.701350130 7035569345 492719 28352  26453
58.713349859 7036080214 510869 28375  26271
58.725358600 7036590710 510496 28351  26223
58.737363326 7037073089 482379 28366  26457
58.749346259 7037585622 512533 28357  26551
58.761346972 7038094040 508418 28355  25938
58.773370129 7038604801 510761 28351  26332
58.785349018 7039086476 481675 28354  26550
58.797358761 7039597027 510551 28377  26419
58.809360552 7040107091 510064 28362  26302
58.821349612 7040618494 511403 28362  26403
58.833348541 7041100120 481626 28348  26678
58.845346458 7041605004 504884 28358  26054
58.857363051 7042115153 510149 28359  26570
58.869347720 7042624728 509575 28346  25954
58.881346064 7043102865 478137 28350  26671
58.893360604 7043609938 507073 28381  26287
58.905360404 7044118601 508663 28349  26476
58.917359083 7044604889 486288 28349  26405
58.929355586 7045105399 500510 28354  26417
58.941362256 7045611877 506478 28372  26417
58.953361516 7046116301 504424 28349  26200
58.965350875 7046597227 480926 28366  26812
58.977360385 7047103005 505778 28352  26235
58.989361882 7047606403 503398 28366  26238
59.001360495 7048112438 506035 28356  26402
59.013347807 7048591321 478883 28349  26723
59.025346664 7049098209 506888 28363  26533
59.037360954 7049602906 504697 28356  26283
59.049360924 7050107893 504987 28350  26494
59.061349690 7050583544 475651 28363  26457
59.073350553 7051087870 504326 28367  26500
59.085356766 7051592402 504532 28361  26337
59.097359293 7052094278 501876 28354  26219
59.109349677 7052571366 477088 28365  26595
59.121349240 7053074052 502686 28367  26393
59.133362629 7053576770 502718 28358  26464
59.145360999 7054080443 503673 28368  26274
59.157346755 7054556978 476535 28362  26791
59.169360728 7055057616 500638 28359  26278
59.181358032 7055559909 502293 28359  26556
59.193360892 7056062418 502509 28348  26318
59.205345148 7056535312 472894 28364  26487
59.217347721 7057035683 500371 28354  26302
59.229360704 7057535632 499949 28355  26365
59.241360441 7058038198 502566 28366  26485
59.253357367 7058511727 473529 28348  26451
59.265346943 7059011655 499928 28352  26479
59.277360233 7059510055 498400 28349  26288
59.289358283 7060010452 500397 28352  26440
59.301349192 7060485228 474776 28352  26640
59.314118806 7060981718 496490 28350  26373
59.325347938 7061480078 498360 28350  26449
59.337360496 7061979835 499757 28365  26439
59.349342699 7062451510 471675 28343  26782
59.361359165 7062949785 498275 28350  26421
59.373346481 7063448015 498230 28374  26506
59.385362584 7063946213 498198 28357  26348
59.397347774 7064418476 472263 28346  26841
59.409369774 7064916755 498279 28348  26469
59.421347451 7065411444 494689 28347  26267
59.433347721 7065909176 497732 28355  26385
59.445347104 7066379321 470145 28349  26646
59.457358307 7076621661 10242340 586948  555946
59.473368721 7077087584 465923 27930  26232
59.485360317 7077576713 489129 28370  26499
59.497358698 7078066044 489331 28352  26372
59.509364087 7078536239 470195 28361  26592
59.521358850 7079020144 483905 28346  26576
59.533363387 7079508315 488171 28357  26443
59.545361353 7079997352 489037 28346  26636
59.557348109 7080487729 490377 28354  26250
59.569359049 7080948499 460770 28353  26745
59.581347665 7081436797 488298 28355  26460
59.593358829 7081923356 486559 28356  26487
59.605348021 7082412270 488914 28353  26415
59.617363662 7082875380 463110 28362  26710
59.629358642 7083361609 486229 28349  26506
59.641358928 7083846690 485081 28374  26429
59.653348324 7084333310 486620 28360  26667
59.665347917 7084795483 462173 28354  26426
59.677345215 7085280957 485474 28351  26625
59.689351378 7085765937 484980 28359  26433
59.701346301 7086250743 484806 28358  26546
59.713345840 7086738686 487943 28356  26319
59.725361607 7087197731 459045 28356  26732
59.737367114 7087681013 483282 28360  26469
59.749361210 7088164986 483973 28350  26487
59.761358383 7088649701 484715 28356  26630
59.773359836 7089110817 461116 28350  26542
59.785346133 7089591918 481101 28347  26459
59.797359017 7090075324 483406 28369  26481
59.809359156 7090556972 481648 28366  26473
59.821349136 7091033891 476919 28361  26459
59.833362246 7091500266 466375 28354  26625
59.845357705 7091982286 482020 28371  26542
59.857346812 7092463719 481433 28350  26481
59.869350735 7092947375 483656 28364  26663
59.881361245 7093405563 458188 28339  26521
59.893355475 7093886501 480938 28358  26602
59.905361468 7094367149 480648 28356  26451
59.917347944 7094847962 480813 28349  26616
59.929361288 7095321866 473904 28371  26447
59.941357951 7095786572 464706 28355  26662
59.953351214 7096265713 479141 28368  26510
59.965347781 7096745838 480125 28354  26509
59.977359800 7097227369 481531 28361  26733
59.989359513 7097684744 457375 28354  26595
60.001347546 7098162799 478055 28355  26571
60.013348747 7098642269 479470 28367  26544
60.025358963 7099119995 477726 28361  26543
60.037359546 7099602726 482731 28374  26503
60.049354074 7100056413 453687 28358  26734
60.061350283 7100533974 477561 28358  26541
60.073348770 7101011093 477119 28358  26473
60.085359716 7101489725 478632 28359  26750
60.097362342 7101948199 458474 28374  26518
60.109346789 7102422999 474800 28350  26711
60.121358945 7102900191 477192 28357  26529
60.133362272 7103376972 476781 28365  26658
60.145347335 7103853660 476688 28367  26320
60.157341845 7104307576 453916 28357  26793
60.169358698 7104782596 475020 28356  26524
60.181359875 7105258040 475444 28364  26544
60.193346251 7105734566 476526 28350  26766
60.205359895 7106212710 478144 28359  26319
60.217360434 7106662829 450119 28351  26865
60.229346317 7107137919 475090 28358  26570
60.241362207 7107610919 473000 28364  26632
60.253348004 7108085806 474887 28354  26480
60.265359897 7108540896 455090 28358  26659
60.277357674 7109010408 469512 28345  26608
60.289351317 7109482429 472021 28374  26510
60.301347906 7109956326 473897 28348  26761
60.313358287 7110430585 474259 28358  26375
60.325362060 7110881057 450472 28350  26908
60.337346066 7111353693 472636 28355  26630
60.349361439 7111826097 472404 28375  26724
60.361359056 7112297081 470984 28346  26422
60.373368843 7112770260 473179 28360  26500
60.385349289 7113217830 447570 28339  26853
60.397349512 7113688022 470192 28344  26525
60.409348452 7114159259 471237 28353  26722
60.421361023 7114630335 471076 28354  26433
60.433361472 7115079145 448810 28366  26828
60.445347238 7115550068 470923 28352  26622
60.457361182 7125351561 9801493 592375  564080
60.473378927 7125808895 457334 27711  25961
60.485362455 7126274558 465663 28370  26731
60.497361345 7126719153 444595 28360  26684
60.509360262 7127182650 463497 28354  26540
60.521349465 7127646509 463859 28378  26675
60.533369328 7128108523 462014 28352  26455
60.545350995 7128575500 466977 28354  26921
60.557347674 7129018123 442623 28363  26550
60.569348667 7129481186 463063 28355  26759
60.581359378 7129942225 461039 28368  26477
60.593349924 7130404756 462531 28362  26721
60.605347637 7130868045 463289 28367  26525
60.617361720 7131309230 441185 28357  26786
60.629349728 7131770576 461346 28352  26696
60.641359181 7132230403 459827 28366  26487
60.653346114 7132692056 461653 28355  26813
60.665348453 7133155036 462980 28370  26480
60.677347896 7133595003 439967 28355  26970
60.689370480 7134055846 460843 28359  26707
60.701348267 7134515563 459717 28350  26770
60.713350061 7134974529 458966 28345  26603
60.725348437 7135433599 459070 28359  26711
60.737359853 7135873476 439877 28360  26919
60.749348706 7136330632 457156 28349  26559
60.761347653 7136791172 460540 28347  26920
60.773360783 7137248913 457741 28358  26481
60.785347030 7137706679 457766 28346  26840
60.797362240 7138160329 453650 28358  26651
60.809348903 7138602086 441757 28345  26932
60.821358896 7139059159 457073 28351  26676
60.833359593 7139515033 455874 28374  26669
60.845366362 7139970822 455789 28356  26740
60.857361266 7140428680 457858 28360  26721
60.869359299 7140864762 436082 28350  27049
60.881362819 7141320294 455532 28348  26576
60.893360623 7141775567 455273 28366  26862
60.905350278 7142231474 455907 28352  26807
60.917359889 7142685313 453839 28349  26815
60.929358835 7143142228 456915 28368  26705
60.941346099 7143575436 433208 28356  26888
60.953358892 7144028235 452799 28346  26723
60.965360852 7144480639 452404 28366  26695
60.977360908 7144933630 452991 28346  26870
60.989346341 7145385988 452358 28346  26501
61.001354412 7145842201 456213 28367  26843
61.013361608 7146272169 429968 28337  26858
61.025347888 7146724184 452015 28356  26909
61.037347748 7147175274 451090 28359  26584
61.049358735 7147625631 450357 28347  26752
61.061348121 7148076787 451156 28353  26729
61.073360884 7148518321 441534 28364  26887
61.085347845 7148959431 441110 28348  26913
61.097360165 7149409682 450251 28360  26598
61.109358761 7149859394 449712 28357  26857
61.121358247 7150308461 449067 28349  26714
61.133348694 7150757997 449536 28356  26864
61.145347484 7151211732 453735 28359  26781
61.157359794 7151636909 425177 28348  26822
61.169353708 7152085245 448336 28352  26767
61.181348481 7152532083 446838 28367  26793
61.193360347 7152980006 447923 28348  26811
61.205359410 7153427124 447118 28358  26634
61.217350653 7153859744 432620 28357  26977
61.229360751 7154303058 443314 28350  26762
61.241347570 7154749560 446502 28360  26893
61.253361611 7155195372 445812 28361  26655
61.265349496 7155639508 444136 28350  26717
61.277350537 7156085227 445719 28367  26780
61.289358643 7156517214 431987 28363  26978
61.301361833 7156957181 439967 28349  26781
61.313349347 7157400110 442929 28351  26647
61.325357083 7157842896 442786 28359  26804
61.337349286 7158285523 442627 28348  26723
61.349360853 7158730668 445145 28348  26996
61.361350492 7159167512 436844 28368  26653
61.373347043 7159597602 430090 28348  26921
61.385362246 7160040141 442539 28353  26832
61.397347736 7160480861 440720 28367  26789
61.409362026 7160922780 441919 28352  26774
61.421349446 7161363632 440852 28345  26754
61.433361842 7161788915 425283 28357  26960
61.445361525 7162226611 437696 28345  26699
61.457348809 7171551422 9324811 600046  574656
61.473379313 7171962641 411219 27880  26683
61.485368557 7172397888 435247 28373  27031
61.497349623 7172831948 434060 28367  26615
61.509360040 7173265575 433627 28345  26926
61.521361963 7173698065 432490 28350  26741
61.533361750 7174135024 436959 28371  26894
61.545360743 7174551226 416202 28348  26967
61.557360473 7174982722 431496 28354  26743
61.569360263 7175415058 432336 28367  26807
61.581348822 7175847219 432161 28361  26891
61.593348803 7176279739 432520 28352  26902
61.605349399 7176712200 432461 28360  26699
61.617348822 7177128160 415960 28366  27076
61.629347369 7177559638 431478 28352  26871
61.641362473 7177989890 430252 28369  26909
61.653355559 7178420555 430665 28382  26759
61.665359670 7178848480 427925 28349  26700
61.677346976 7179278960 430480 28352  26861
61.689348449 7179712902 433942 28368  26923
61.701349575 7180125861 412959 28342  27027
61.713349339 7180555080 429219 28347  26826
61.725348802 7180983640 428560 28357  26897
61.737348546 7181410139 426499 28355  26690
61.749361719 7181838765 428626 28357  27008
61.761360722 7182267235 428470 28352  26581
61.773361926 7182681156 413921 28356  27014
61.785350249 7183107380 426224 28356  26863
61.797360303 7183534145 426765 28352  26873
61.809355265 7183960604 426459 28371  26757
61.821348879 7184386401 425797 28351  26778
61.833347096 7184812585 426184 28354  26870
61.845349426 7185242259 429674 28369  26897
61.857360549 7185652332 410073 28359  27131
61.869349912 7186078809 426477 28347  26744
61.881360690 7186502237 423428 28351  26847
61.893364526 7186927754 425517 28365  26841
61.905349202 7187352485 424731 28356  26923
61.917350605 7187778624 426139 28353  26815
61.929347119 7188206916 428292 28372  26893
61.941350409 7188615839 408923 28350  27142
61.953347669 7189039735 423896 28348  26894
61.965356453 7189464057 424322 28350  27031
61.977359206 7189887010 422953 28348  26597
61.989359496 7190310714 423704 28349  27003
62.001348709 7190733533 422819 28345  26828
62.013348139 7191160217 426684 28385  26968
62.025347895 7191567364 407147 28345  26965
62.037347919 7191989122 421758 28348  26818
62.049359346 7192411924 422802 28358  26919
62.061348446 7192834266 422342 28376  26994
62.073358169 7193256816 422550 28348  26972
62.085361559 7193678878 422062 28347  26839
62.097361963 7194101797 422919 28380  26927
62.109360833 7194507293 405496 28354  26932
62.121355913 7194930598 423305 28351  27164
62.133347589 7195350998 420400 28354  26767
62.145347023 7195771880 420882 28356  26914
62.157350016 7196192458 420578 28364  26897
62.169347630 7196612817 420359 28349  27003
62.181345516 7197033070 420253 28355  26873
62.193349552 7197456561 423491 28352  26869
62.205351203 7197860212 403651 28350  27140
62.217359439 7198278002 417790 28340  26813
62.229358250 7198697801 419799 28356  27123
62.241347315 7199113108 415307 28355  26456
62.253347499 7199531440 418332 28346  26989
62.265344052 7199950113 418673 28365  26904
62.277359983 7200371669 421556 28364  27074
62.289354219 7200773911 402242 28352  27027
62.301347752 7201190578 416667 28349  26886
62.313359073 7201605451 414873 28357  26895
62.325361929 7202019862 414411 28359  26854
62.337362333 7202435733 415871 28339  27050
62.349359866 7202850252 414519 28350  26626
62.361358923 7203268887 418635 28360  26990
62.373361296 7203668859 399972 28352  27040
62.385346070 7204083771 414912 28355  27064
62.397349963 7204497870 414099 28350  26785
62.409359802 7204911443 413573 28361  26889
62.421350063 7205324934 413491 28352  26905
62.433345576 7205739080 414146 28352  27160
62.445357857 7206154137 415057 28363  26966
62.457362930 7216017391 9863254 678551  652468
62.473380361 7216418738 401347 27676  26204
62.485352561 7216813089 394351 28352  27388
62.497361001 7217218364 405275 28343  26741
62.509350720 7217624270 405906 28363  27045
62.521348380 7218029592 405322 28377  26940
62.533358951 7218434723 405131 28348  27033
62.545349210 7218840350 405627 28344  26899
62.557347087 7219246351 406001 28361  27020
62.569350310 7219654804 408453 28390  27012
62.581359430 7220046110 391306 28356  27143
62.593360164 7220452069 405959 28352  27172
62.605366704 7220855711 403642 28354  26828
62.617347100 7221260128 404417 28384  27122
62.629361614 7221663584 403456 28365  27011
62.641347071 7222065733 402149 28345  27006
62.653346244 7222470742 405009 28350  26977
62.665348204 7222874322 403580 28353  26882
62.677357234 7223264877 390555 28362  27073
62.689348298 7223667524 402647 28349  27136
62.701348371 7224070890 403366 28359  27101
62.713360227 7224473782 402892 28353  26896
62.725358681 7224875686 401904 28366  27095
62.737360628 7225277222 401536 28346  27008
62.749358708 7225678188 400966 28349  27115
62.761354381 7226080103 401915 28356  26958
62.773349661 7226483747 403644 28363  26920
62.785361188 7226872636 388889 28350  27164
62.797348011 7227273462 400826 28350  27134
62.809358915 7227674834 401372 28353  27035
62.821362922 7228073501 398667 28373  26897
62.833358532 7228473651 400150 28360  27110
62.845348499 7228872070 398419 28349  27022
62.857349098 7229271148 399078 28351  27177
62.869360742 7229670787 399639 28363  26814
62.881347742 7230071964 401177 28367  27045
62.893348002 7230456419 384455 28348  27138
62.905360156 7230853195 396776 28349  27066
62.917361676 7231251200 398005 28371  26955
62.929368143 7231648172 396972 28375  26994
62.941361179 7232045314 397142 28351  27060
62.953349046 7232442042 396728 28362  27098
62.965361556 7232839066 397024 28356  27217
62.977358832 7233236237 397171 28357  26776
62.989350810 7233635642 399405 28372  27167
63.001346243 7234017455 381813 28351  27136
63.013361830 7234413193 395738 28349  27142
63.025349363 7234808306 395113 28359  26888
63.037349549 7235201806 393500 28357  27027
63.049361393 7235597038 395232 28359  27128
63.061359820 7235991584 394546 28345  27158
63.073360180 7236386448 394864 28354  27096
63.085357293 7236781892 395444 28368  27001
63.097347936 7237178793 396901 28386  27124
63.109347270 7237559509 380716 28344  27165
63.121360957 7237952573 393064 28356  27139
63.133350497 7238346964 394391 28344  27009
63.145360040 7238738501 391537 28358  26958
63.157362201 7239132057 393556 28349  27071
63.169360537 7239525641 393584 28351  27194
63.181345840 7239917925 392284 28354  26951
63.193347314 7240310881 392956 28357  27062
63.205348341 7240705102 394221 28365  27040
63.217349441 7241084767 379665 28351  27165
63.229348678 7241477179 392412 28351  27192
63.241368891 7241867794 390615 28345  26820
63.253348851 7242258406 390612 28392  27123
63.265350418 7242649073 390667 28370  27042
63.277361644 7243039461 390388 28362  27141
63.289360755 7243431369 391908 28346  27031
63.301361325 7243821162 389793 28353  27035
63.313346862 7244212980 391818 28372  27158
63.325360691 7244604682 391702 28374  27058
63.337359445 7244982577 377895 28348  27255
63.349352932 7245372836 390259 28348  27037
63.361345836 7245761826 388990 28357  27203
63.373360102 7246151167 389341 28382  27191
63.385361588 7246540185 389018 28387  27207
63.397366826 7246928722 388537 28345  27122
63.409350075 7247316782 388060 28366  27145
63.421358813 7247705328 388546 28346  27167
63.433363609 7248094253 388925 28368  27266
63.445348475 7248484260 390007 28364  27096
63.457348023 7255618174 7133914 548541  527747
63.473368841 7255925743 307569 27582  26718
63.485396477 7256218847 293104 28345  26739
63.497356078 7256505219 286372 28357  26448
63.509360348 7256823118 317899 28368  27745
63.521347847 7257199151 376033 28367  27190
63.533361937 7257458525 259374 28351  26106
63.545345884 7257775725 317200 28345  27475
63.557360027 7258054298 278573 28341  25560
63.569356384 7258350952 296654 28373  26864
63.581360888 7258680128 329176 28357  27627
63.593347957 7259067746 387618 28376  26968
63.605350141 7259322636 254890 28337  26025
63.617348691 7259639889 317253 28348  27452
63.629348535 7259929315 289426 28348  25997
63.641347151 7260218592 289277 28363  26645
63.653359658 7260536402 317810 28362  27710
63.665349562 7260911605 375203 28363  27173
63.677360682 7261182181 270576 28359  25793
63.689349545 7261499537 317356 28353  27313
63.701348439 7261812065 312528 28350  27025
63.713358622 7262072779 260714 28355  25720
63.725355545 7262390512 317733 28348  27556
63.737359879 7262753832 363320 28357  27278
63.749346556 7263003370 249538 25982  23919
63.760360551 7263317755 314385 28356  27004
63.772348274 7263633164 315409 28373  27774
63.784362085 7263891109 257945 28342  25804
63.796359871 7264208844 317735 28352  27425
63.808349112 7264549663 340819 28346  27575
63.820347512 7264884691 335028 25990  24397
63.831361553 7265145493 260802 28362  26174
63.843361870 7265460412 314919 28360  27520
63.855347283 7265812248 351836 28368  27443
63.867360084 7266057548 245300 28350  25753
63.879359970 7266375257 317709 28357  27557
63.891349253 7266717299 342042 28350  27624
63.903351701 7267008581 291282 28331  25855
63.915363501 7267315665 307084 28375  27029
63.927348174 7267633282 317617 28356  27801
63.939365025 7267893274 259992 28349  25584
63.951348668 7268209946 316672 28367  27290
63.963348894 7268539601 329655 28378  27715
63.975359495 7268835725 296124 28344  26090
63.987360842 7269134707 298982 28353  26963
63.999358522 7269452239 317532 28349  27827
64.011349599 7269713145 260906 28347  25609
64.023362339 7270031315 318170 28381  27351
64.035358285 7270349104 317789 28353  27812
64.047360966 7270662912 313808 28355  26018
64.059360469 7270959725 296813 28344  27015
64.071360540 7271275055 315330 28365  27722
64.083360477 7271550371 275316 28349  26103
64.095361693 7271850728 300357 28344  26969
64.107349036 7272168366 317638 28335  27762
64.119358727 7272466621 298255 28348  26223
64.131360303 7272757316 290695 28362  26843
64.143348147 7273075181 317865 28355  27710
64.155347904 7273354121 278940 28346  26050
64.167360371 7273650809 296688 28360  26982
64.179348901 7273966568 315759 28375  27697
64.191360271 7274270838 304270 28346  26603
64.203369191 7274555464 284626 28343  26443
64.215345672 7274873147 317683 28360  27652
64.227348571 7275157670 284523 28354  26270
64.239347948 7275451844 294174 28349  26912
64.251359092 7275769638 317794 28353  27729
64.263358392 7276121792 352154 28350  27542
64.275348145 7276459755 337963 28352  26544
64.287350215 7276738743 278988 28379  26566
64.299348319 7277053897 315154 28381  27677
64.311349845 7277395680 341783 28353  27682
64.323358939 7277751378 355698 28359  26760
64.335348866 7278014404 263026 28352  26353
64.347360106 7278332232 317828 28355  27610
64.359357519 7278662198 329966 28350  27813
64.371349530 7278931320 269122 28355  25983
64.383359916 7279248997 317677 28361  27342
64.395349360 7279566672 317675 28358  27822
64.407359273 7279885714 319042 28343  26782
64.419347920 7280164689 278975 28350  26407
64.431346340 7280479925 315236 28370  27602
64.443362324 7280808897 328972 28355  27842
64.455360004 7281104836 295939 28346  26153
64.467346041 7281405891 301055 28348  26974
64.479348424 7281723234 317343 28355  27736
64.491346971 7282063396 340162 28380  27680
64.503359928 7282332188 268792 28355  26109
64.515357225 7282649967 317779 28366  27373
64.527358388 7282967808 317841 28348  27817
64.539359999 7283304395 336587 28351  27269
64.551347425 7283564915 260520 28350  26329
64.563349158 7283879864 314949 28364  27572
64.575347606 7284196412 316548 28360  27976
64.587362076 7284492507 296095 28353  26175
64.599361139 7284794980 302473 28357  27044
64.611361210 7285112835 317855 28353  27785
64.623348733 7285442165 329330 28358  27833
64.635349409 7285728071 285906 28347  26207
64.647361243 7286038427 310356 28357  27086
64.659360227 7286356184 317757 28353  27763
64.671359250 7286686107 329923 28356  27912
64.683360798 7286946772 260665 25987  23977
64.694361289 7287252568 305796 28357  27052
64.706349212 7287570373 317805 28365  27757
64.718348199 7287886612 316239 28343  27457
64.730358663 7288147871 261259 28353  26163
64.742359556 7288462839 314968 28360  27480
64.754351004 7288778090 315251 28363  27930
64.766361793 7289038282 260192 28349  26100
64.778348407 7289356124 317842 28359  27340
64.790360228 7289673707 317583 28356  27828
64.802361184 7290023606 349899 28371  27561
64.814359135 7290340365 316759 28346  26274
64.826359455 7290631161 290796 28360  27031
64.838360129 7290948513 317352 28356  27617
64.850350432 7291266070 317557 28350  27996
64.862348801 7291523472 257402 28346  26170
64.874361362 7291838330 314858 28366  27427
64.886361499 7292155868 317538 28345  27903
64.898347112 7292428745 272877 28346  26280
64.910347850 7292733424 304679 28364  27040
64.922362873 7293051070 317646 28360  27763
64.934347690 7293401902 350832 28361  27601
64.946366357 7293715356 313454 28356  26208
64.958347480 7294008102 292746 28359  27011
64.970348487 7294325901 317799 28356  27703
64.982349837 7294642753 316852 28350  27978
64.994356058 7294946185 303432 28361  27198
65.006362861 7295225070 278885 28335  26595
65.018348292 7295542672 317602 28359  27680
65.030362222 7295860103 317431 28333  27949
65.042361635 7296147956 287853 28348  26830
65.054349709 7296437450 289494 28359  27012
65.066361019 7296755029 317579 28358  27764
65.078360426 7297072773 317744 28350  27994
65.090362373 7297331139 258366 28349  26240
65.102349272 7297646336 315197 28377  27232
65.114346216 7297963509 317173 28360  27790
65.126361347 7298292651 329142 28354  27880
65.138362213 7298550647 257996 28353  25977
65.150355627 7298868431 317784 28364  27423
65.162360220 7299186492 318061 28392  27930
65.174362198 7299527082 340590 28356  27798
65.186360892 7299784955 257873 28345  26193
65.198349741 7300101574 316619 28367  27449
65.210361562 7300416602 315028 28361  27868
65.222361598 7300756372 339770 28367  27743
65.234362512 7301011514 255142 28344  26149
65.246347799 7301329065 317551 28351  27525
65.258349099 7301646753 317688 28357  27887
65.270360453 7301964070 317317 28376  28020
65.282362516 7302281830 317760 28352  26461
65.294349577 7302573288 291458 28352  26970
65.306349663 7302890836 317548 28345  27732
65.318368367 7303208488 317652 28343  27999
65.330347730 7303501973 293485 28358  27258
65.342349517 7303780447 278474 28346  26463
65.354350301 7304097962 317515 28347  27620
65.366345771 7304415398 317436 28348  27984
65.378347861 7304675394 259996 28349  26235
65.390349538 7304993506 318112 28375  27325
65.402347241 7305311254 317748 28346  27841
65.414359345 7305650081 338827 28350  27758
65.426362276 7305917157 267076 28347  26228
65.438349992 7306233153 315996 28364  27351
65.450348926 7306548211 315058 28377  27843
65.462361336 7306876252 328041 28352  27769
65.474368297 7307124962 248710 28347  26231
65.486349660 7307442113 317151 28358  27498
65.498359854 7307759734 317621 28362  27959
65.510359231 7308041673 281939 28350  26668
65.522361287 7308337465 295792 28349  26951
65.534349811 7308654262 316797 28352  27726
65.546356144 7308993293 339031 28360  27762
65.558358622 7309363997 370704 28347  27266
65.570362002 7309669905 305908 28352  26283
65.582347714 7309966684 296779 28376  27040
65.594348648 7310282552 315868 28357  27738
65.606361866 7310600174 317622 28350  28018
65.618360959 7310950968 350794 28351  27635
65.630356816 7311331314 380346 28358  27129
65.642350246 7311598633 267319 28353  26337
65.654348536 7311916393 317760 28346  27258
65.666348684 7312233986 317593 28368  27861
65.678349048 7312551584 317598 28363  28019
65.690349551 7312869397 317813 28365  28090
65.702360138 7313128516 259119 28341  26606
65.714349951 7313445430 316914 28357  27240
65.726348025 7313760107 314677 28359  27826
65.738349979 7314075526 315419 28351  28010
65.750360125 7314403338 327812 28365  27901
65.762360346 7314652936 249598 28346  26394
65.774348492 7314970239 317303 28365  27419
65.786369896 7315287980 317741 28371  27941
65.798362547 7315605603 317623 28358  28054
65.810362851 7315865933 260330 28357  26775
65.822350334 7316180925 314992 28362  27179
65.834360431 7316495718 314793 28364  27798
65.846360768 7316811796 316078 28366  27979
65.858361262 7317084550 272754 28338  26669
65.870350072 7317389112 304562 28366  27088
65.882361802 7317706688 317576 28361  27752
65.894358319 7318024459 317771 28372  28030
65.906361282 7318286083 261624 28342  26720
65.918347980 7318600727 314644 28346  27122
65.930350749 7318915625 314898 28376  27762
65.942361123 7319231038 315413 28374  28028
65.954366567 7319490005 258967 28344  26118
65.966350051 7319807663 317658 28360  27471
65.978349284 7320125502 317839 28358  27927
65.990350385 7320436177 310675 28360  27133
66.002347895 7320712673 276496 28349  26492
66.014350155 7321030164 317491 28342  27628
66.026349222 7321358962 328798 28368  27884
66.038361202 7321611120 252158 28343  25831
66.050361683 7321928797 317677 28352  27425
66.062349049 7322246053 317256 28344  27828
66.074361897 7322583238 337185 28352  27080
66.086360611 7322853604 270366 28359  26514
66.098359688 7323170796 317192 28361  27669
66.110361834 7323500099 329303 28361  27874
66.122349138 7323764270 264171 25985  23820
66.133349246 7324067091 302821 28351  27005
66.145362050 7324384623 317532 28361  27742
66.157348623 7324723415 338792 28361  27761
66.169359717 7324981956 258541 28344  26066
66.181361708 7325299743 317787 28360  27425
66.193360944 7325617241 317498 28342  27876
66.205350938 7325947374 330133 28361  27371
66.217349908 7326208755 261381 28344  26389
66.229360925 7326526311 317556 28350  27632
66.241348803 7326843919 317608 28345  27934
66.253347742 7327134291 290372 28345  26244
66.265355070 7327441828 307537 28354  27061
66.277358270 7327759160 317332 28368  27747
66.289362410 7328094982 335822 28346  27317
66.301360654 7328356715 261733 28348  26326
66.313348464 7328671908 315193 28373  27520
66.325348754 7328998937 327029 28384  27884
66.337346941 7329292380 293443 28346  26322
66.349350515 7329592760 300380 28348  27000
66.361347905 7329910219 317459 28342  27761
66.373361718 7330260052 349833 28350  27729
66.385361569 7330518683 258631 28351  25835
66.397347786 7330836358 317675 28359  27407
66.409357990 7331153812 317454 28345  27875
66.421366533 7331450613 296801 28346  26288
66.433360167 7331748237 297624 28372  27045
66.445348024 7332063290 315053 28354  27733
66.457347534 7332365230 301940 25982  25127
66.468358759 7332626467 261237 28349  26262
66.480360366 7332942246 315779 28361  27535
66.492348036 7333290931 348685 28358  27583
66.504347397 7333545591 254660 28348  25777
66.516362101 7333863208 317617 28359  27397
66.528359240 7334185381 322173 28348  27510
66.540347964 7334439701 254320 28350  25737
66.552360868 7334757344 317643 28363  27565
66.564359691 7335127246 369902 28353  27453
66.576348389 7335391635 264389 25984  23960
66.587359910 7335695600 303965 28361  27070
66.599347897 7336014551 318951 28348  27175
66.611361535 7336271503 256952 28344  25488
66.623360584 7336589139 317636 28351  27481
66.635361985 7336959524 370385 28353  27467
66.647360961 7337266469 306945 28340  26397
66.659360519 7337564411 297942 28374  27073
66.671359679 7337853928 289517 28343  25816
66.683348346 7338137630 283702 28343  25973
66.695349736 7338465873 328243 28358  27609
66.707361120 7338824840 358967 28339  27542
66.719344991 7339113588 288748 25992  24734
66.730362212 7339393179 279591 28350  26615
66.742368816 7339701092 307913 28359  26557
66.754348539 7339969363 268271 28349  25440
66.766346710 7340297400 328037 28371  27579
66.778348027 7340666073 368673 28376  27398
66.790358331 7340998852 332779 28359  27169
66.802348641 7341273711 274859 28345  26481
66.814359772 7341550295 276584 28344  24258
66.826362161 7341848458 298163 28373  26571
66.838359546 7342207473 359015 28370  27379
66.850361196 7342566333 358860 28367  27566
66.862348183 7342877199 310866 28358  26946
66.874361596 7343169331 292132 28342  26505
66.886348370 7343486853 317522 28348  27647
66.898354494 7343804398 317545 28341  27992
66.910349107 7344122098 317700 28360  28097
66.922346645 7344443966 321868 28360  27981
66.934349395 7344761743 317777 28353  28071
66.946348159 7345079446 317703 28345  28041
66.958362339 7345397069 317623 28341  27932
66.970346433 7345717738 320669 28351  28017
66.982469858 7345963557 245819 28348  26631
66.994349823 7346280897 317340 28355  27457
67.006347271 7346598743 317846 28358  27928
67.018358771 7346916330 317587 28351  28067
67.030348014 7347229171 312841 28359  27811
67.042358448 7347489501 260330 28348  26685
67.054357572 7347806785 317284 28353  27479
67.066362820 7348121281 314496 28354  27885
67.078361959 7348436200 314919 28360  28063
67.090359603 7348761720 325520 28352  28024
67.102361020 7349079388 317668 28351  28061
67.114359841 7349397105 317717 28352  28016
67.126348144 7349715099 317994 28377  27928
67.138360265 7350032401 317302 28372  28103
67.150348281 7350358494 326093 28349  27967
67.162364775 7350676156 317662 28358  28062
67.174347963 7350993922 317766 28354  27768
67.186361370 7351308726 314804 28371  28169
67.198360096 7351632810 324084 28359  27988
67.210362030 7351949836 317026 28373  28088
67.222368233 7352267397 317561 28345  27824
67.234358751 7352585170 317773 28364  28068
67.246349811 7352910827 325657 28361  28012
67.258348408 7353228565 317738 28359  28105
67.270362472 7353546319 317754 28347  27866
67.282347312 7353863570 317251 28352  27976
67.294362206 7354187967 324397 28358  28009
67.306346386 7354503581 315614 28368  28118
67.318360467 7354818452 314871 28373  27985
67.330361007 7355135754 317302 28357  27899
67.342346794 7355453317 317563 28350  28112
67.354346148 7355771153 317836 28342  27948
67.366346595 7356088876 317723 28361  28128
67.378356678 7356406588 317712 28362  27743
67.390347802 7356724273 317685 28356  28124
67.402347393 7357020295 296022 28364  27361
67.414348410 7357367729 347434 28353  24829
67.426358456 7357727267 359538 28368  25985
67.438348297 7358087814 360547 28357  26441
67.450360234 7358433559 345745 28372  26014
67.462347067 7358779581 346022 28369  26765
67.474362471 7358978143 198562 28382  28145
67.486347585 7359176544 198401 28368  28087
67.498349388 7359375141 198597 28394  28146
67.510360433 7359541088 165947 28382  28045
67.522361540 7359712889 171801 28388  25132
67.534355590 7359890542 177653 28362  26021
67.546362703 7360068902 178360 28380  26892
67.558359367 7360247260 178358 28402  27118
67.570361331 7360558645 311385 28362  25118
67.582350204 7361039180 480535 29618  24514
67.597352358 7361408951 369771 16954  16221
67.609349525 7361779097 370146 16975  16167
67.621361325 7362149068 369971 16954  16096
67.633350215 7362518774 369706 16949  16177
67.645349979 7362889029 370255 16981  16194
67.657350203 7363259076 370047 16959  16114
67.669361997 7363611505 352429 18896  18093
67.681360560 7363820556 209051 17173  15394
67.693357528 7364122390 301834 28385  21493
67.705349602 7364618938 496548 28368  27578
67.717350012 7365121316 502378 28365  28126
67.729362862 7365623848 502532 28374  28240
67.741349773 7380796501 15172653 12087  11430
67.760618471 7392052301 11255800 4740  2338
67.772349904 7394280304 2228003 28338  7850
67.784351491 7395504498 1224194 28339  6086
67.796362472 7396306554 802056 28355  5008
67.808349555 7396951953 645399 28360  4416
67.820349579 7397454903 502950 28361  4134
67.832358853 7397901382 446479 28352  3754
67.844361967 7398307832 406450 28375  4021
67.856358740 7398693518 385686 28372  4060
67.868370918 7399056612 363094 28384  3671
67.880348208 7399399169 342557 28368  3637
67.892349021 7399731264 332095 28362  3034
67.904348255 7400048809 317545 28362  4617
67.916360879 7400348889 300080 28367  3412
67.928359593 7400643268 294379 28380  3727
67.940358267 7400934894 291626 28396  2697
67.952347724 7401224267 289373 28385  4292
67.964357714 7401515991 291724 28406  2793
67.976361168 7401798196 282205 28380  3416
67.988347449 7402081782 283586 28375  3245
68.000347879 7402366363 284581 28385  2940
68.012347599 7402648232 281869 28409  3561
68.024354443 7402932180 283948 28391  3240
68.036347560 7403210419 278239 28377  2870
68.048346984 7403495784 285365 28397  3728
68.060362928 7403771315 275531 28382  3432
68.072357715 7404049738 278423 28408  4012
68.084365062 7404323778 274040 28400  3620
68.096348952 7404595706 271928 28402  3601
68.108347289 7404871303 275597 28385  3827
68.120359347 7405143293 271990 28376  3818
68.132346031 7405419267 275974 28395  3282
68.144347435 7405686471 267204 28373  3561
68.156361381 7405959246 272775 28372  3547
68.168358062 7406231294 272048 28381  3247
68.180366382 7406500235 268941 28393  3247
68.192359996 7406768452 268217 28377  3630
68.204360200 7407038645 270193 28376  3882
68.216360953 7407313413 274768 28383  3137
68.228346487 7407583514 270101 28380  3809
68.240348758 7407849018 265504 28410  4071
68.252359979 7408122223 273205 28393  4827
68.264359809 7408388567 266344 28376  3936
68.276359052 7408656132 267565 28377  3423
68.288346090 7408929329 273197 28384  3552
68.300357770 7409199081 269752 28376  4410
68.312359580 7409465152 266071 28376  3581
68.324347844 7409732272 267120 28395  4215
68.336357881 7410001993 269721 28387  3051
68.348360845 7410272485 270492 28389  4345
68.360346532 7410543651 271166 28365  3538
68.372347276 7410811813 268162 28373  3348
68.384349210 7411076201 264388 28387  3061
68.396364027 7411339897 263696 28390  3000
68.408359741 7411613809 273912 28370  4618
68.420349897 7411878693 264884 28383  4481
68.432350191 7412144424 265731 28388  3144
68.444358375 7412415916 271492 28385  3460
68.456361343 7412682916 267000 28391  3197
68.468359246 7412953332 270416 28397  3113
68.480347566 7413226432 273100 28377  3309
68.492358427 7413487771 261339 28377  3179
68.504365844 7413756994 269223 28379  3726
68.516361348 7414027824 270830 28366  3245
68.528358481 7414298209 270385 28387  4340
68.540359269 7414562214 264005 28382  3813
68.552361529 7414830601 268387 28375  4290
68.564346882 7415102641 272040 28399  4295
68.576347226 7415376174 273533 28375  3347
68.588357920 7415647536 271362 28400  3789
68.600360164 7415919434 271898 28368  4394
68.612358778 7416191379 271945 28374  3316
68.624346775 7416465392 274013 28392  3871
68.636358169 7416742024 276632 28363  4169
68.648363079 7417021199 279175 28384  3380
68.660363263 7417294440 273241 28392  3437
68.672347631 7417566237 271797 28387  4024
68.684347870 7417842081 275844 28384  3744
68.696346344 7418126943 284862 28362  4391
68.708350302 7418397897 270954 28371  3543
68.720350172 7418674987 277090 28372  5225
68.732358703 7418958428 283441 28400  3554
68.744350117 7419230992 272564 28384  3605
68.756359354 7419516956 285964 28385  4371
68.768351428 7419789894 272938 28377  3128
68.780344985 7420076634 286740 28375  3271
68.792359439 7420349586 272952 28381  4594
68.804348019 7420633986 284400 28385  5097
68.816354343 7420918527 284541 28374  3340
68.828358984 7421190830 272303 28374  3487
68.840362184 7421476071 285241 28381  4850
68.852362394 7421762577 286506 28376  4354
68.864358198 7422039791 277214 28397  3813
68.876362742 7422320236 280445 28374  4199
68.888360766 7422607587 287351 28366  3847
68.900350337 7422897431 289844 28398  3667
68.912358461 7423188241 290810 28361  4040
68.924346537 7423476336 288095 28390  3790
68.936361778 7423761318 284982 28389  3843
68.948357915 7424049096 287778 28374  5745
68.960348133 7424338920 289824 28380  4990
68.972359693 7424630427 291507 28396  4555
68.984366767 7424921202 290775 28385  3734
68.996360558 7425213651 292449 28373  5257
69.008347064 7425505405 291754 28381  3744
69.020346748 7425797726 292321 28382  3877
69.032346666 7426091615 293889 28385  4277
69.044360073 7426387707 296092 28391  5134
69.056347689 7426685051 297344 28379  3666
69.068362083 7426976500 291449 28381  4575
69.080349591 7427268333 291833 28398  4260
69.092360355 7427560683 292350 28407  4193
69.104347315 7427853293 292610 28392  4262
69.116347403 7428148366 295073 28392  3995
69.128359637 7428451502 303136 28402  5384
69.140355506 7428745496 293994 28395  4971
69.152351420 7429039527 294031 28398  4628
69.164345681 7429335147 295620 28367  4221
69.176358532 7429641995 306848 28384  5822
69.188361362 7429936658 294663 28377  5636
69.200359336 7430231722 295064 28375  5752
69.212350060 7430537620 305898 28383  4911
69.224359264 7430834988 297368 28373  4471
69.236346427 7431130581 295593 28380  5253
69.248345598 7431439378 308797 28383  5407
69.260350125 7431735031 295653 28390  5680
69.272359209 7432035855 300824 28387  5373
69.284357902 7432340205 304350 28383  5728
69.296356053 7432636247 296042 28384  5190
69.308362280 7432944016 307769 28368  5646
69.320362064 7433240303 296287 28384  5299
69.332360015 7433549171 308868 28374  5300
69.344348192 7433846362 297191 28387  6627
69.356348555 7434155972 309610 28378  5762
69.368346543 7434453988 298016 28409  5458
69.380363250 7434763840 309852 28371  5665
69.392350537 7435063635 299795 28390  5724
69.404358418 7435374778 311143 28396  5221
69.416359782 7435677594 302816 28386  5631
69.428358763 7435985333 307739 28374  5946
69.440347042 7436296389 311056 28374  5992
69.452353140 7436595754 299365 28381  4802
69.464348974 7440138119 3542365 322599  65777
69.476349904 7440448054 309935 28383  4966
69.488347002 7440760560 312506 28389  5416
69.500361089 7441073369 312809 28389  7211
69.512349119 7441383725 310356 28362  6106
69.524364239 7441688053 304328 28377  6491
69.536360313 7442001695 313642 28406  6139
69.548346671 7442315084 313389 28359  6836
69.560361661 7442628742 313658 28378  6897
69.572348085 7442942295 313553 28371  5334
69.584348468 7443252266 309971 28381  5181
69.596349192 7443559128 306862 28395  6088
69.608361786 7443871818 312690 28380  4751
69.620357954 7444184872 313054 28378  5327
69.632348388 7444497700 312828 28378  6342
69.644358318 7444810858 313158 28374  6195
69.656359379 7445124168 313310 28387  6587
69.668359533 7445436890 312722 28373  5124
69.680360624 7445750285 313395 28396  5434
69.692348183 7446063677 313392 28382  5706
69.704359767 7446377956 314279 28377  5477
69.716361925 7446691139 313183 28383  6687
69.728347162 7447003020 311881 28390  5700
69.740360576 7447316109 313089 28393  5765
69.752362350 7447629861 313752 28381  5260
69.764357287 7447944587 314726 28374  5347
69.776354641 7448259846 315259 28387  5230
69.788347469 7448575307 315461 28378  5619
69.800361166 7448891046 315739 28379  5601
69.812349672 7449205747 314701 28398  5012
69.824349777 7449520262 314515 28371  6095
69.836350530 7449835431 315169 28380  5572
69.848357884 7450150320 314889 28365  6071
69.860348208 7450464747 314427 28399  5581
69.872346566 7450778944 314197 28363  5966
69.884350460 7451092431 313487 28380  5234
69.896348870 7451406614 314183 28381  5419
69.908359454 7451720527 313913 28390  6193
69.920349238 7452034705 314178 28379  5829
69.932370482 7452350026 315321 28364  5364
69.944360886 7452671801 321775 28382  6002
69.956346713 7452986940 315139 28368  6248
69.968347727 7453301383 314443 28370  4970
69.980348047 7453616329 314946 28372  5396
69.992349481 7453930765 314436 28384  6402
70.004361825 7454244943 314178 28386  6254
70.016348493 7454564583 319640 28387  5002
70.028349933 7454883947 319364 28366  6573
70.040359097 7455198209 314262 28384  5539
70.052361015 7455512833 314624 28373  5281
70.064359109 7455827476 314643 28373  4802
70.076346859 7456147521 320045 28375  6061
70.088368423 7456467293 319772 28374  5454
70.100351246 7456781750 314457 28369  5901
70.112349850 7457096841 315091 28387  5283
70.124359634 7457413654 316813 28372  5074
70.136359142 7457736736 323082 28381  6235
70.148361056 7458051059 314323 28385  5521
70.160345796 7458365126 314067 28385  5389
70.172348380 7458684888 319762 28385  5965
70.184350508 7459004095 319207 28379  5334
70.196348068 7459318208 314113 28386  5414
70.208346012 7459632346 314138 28364  6390
70.220348249 7459956478 324132 28365  6382
70.232345619 7460269281 312803 28363  5436
70.244346060 7460582498 313217 28399  6725
70.256354654 7460907342 324844 28378  6119
70.268348371 7461221286 313944 28373  5667
70.280348615 7461534867 313581 28374  5946
70.292348673 7461859862 324995 28370  5391
70.304346797 7462173363 313501 28385  6489
70.316349641 7462486687 313324 28379  5737
70.328361821 7462811203 324516 28369  5617
70.340361252 7463124764 313561 28361  5420
70.352360266 7463441010 316246 28375  6254
70.364359463 7463763083 322073 28373  6171
70.376357376 7464076567 313484 28371  5115
70.388361347 7464401105 324538 28370  5352
70.400361535 7464714969 313864 28366  5083
70.412367838 7465031745 316776 28384  5189
70.424359772 7465353796 322051 28372  5542
70.436358820 7465667510 313714 28390  4977
70.448362330 7465991839 324329 28367  5863
70.460358924 7466304881 313042 28363  5936
70.471405323 7467904111 1599230 142340  26717
70.483343330 7468227970 323859 28362  5965
70.495348324 7468540194 312224 28371  5289
70.507349411 7468863752 323558 28401  6843
70.519349992 7469177224 313472 28391  6255
70.531345976 7469501234 324010 28392  6395
70.543360526 7469814202 312968 28372  7300
70.555347693 7470138227 324025 28385  6812
70.567367488 7470450633 312406 28363  7634
70.579347768 7470775023 324390 28377  5032
70.591348318 7471088383 313360 28371  5644
70.603349329 7471412265 323882 28362  4972
70.615348099 7471725736 313471 28381  5600
70.627360303 7472050358 324622 28374  6208
70.639346201 7472364724 314366 28380  5009
70.651360462 7472686946 322222 28382  6633
70.663360515 7473009517 322571 28393  6316
70.675349386 7473323179 313662 28362  6331
70.687345833 7473647744 324565 28393  7040
70.699360668 7473960930 313186 28375  7906
70.711347295 7474284975 324045 28368  6718
70.723358569 7474599269 314294 28369  5979
70.735350443 7474921230 321961 28363  5700
70.747359677 7475244454 323224 28391  6931
70.759361664 7475556438 311984 28386  5472
70.771349751 7475880202 323764 28381  5881
70.783361945 7476194712 314510 28359  5764
70.795347153 7476515823 321111 28392  5430
70.807351033 7476838891 323068 28383  5611
70.819349177 7477150814 311923 28385  6748
70.831350311 7477474077 323263 28387  6946
70.843347942 7477797911 323834 28387  5925
70.855357893 7478110878 312967 28381  6007
70.867349540 7478434592 323714 28378  6129
70.879359227 7478756449 321857 28375  5795
70.891357855 7479070242 313793 28370  6231
70.903358215 7479394212 323970 28371  5683
70.915345839 7479716031 321819 28398  5730
70.927353980 7480030992 314961 28376  6662
70.939358471 7480355048 324056 28393  6211
70.951348948 7480679376 324328 28379  6585
70.963363275 7480992200 312824 28372  6615
70.975347479 7481316430 324230 28378  5569
70.987361937 7481640693 324263 28371  6761
70.999347487 7481953718 313025 28384  6383
71.011360978 7482277847 324129 28388  5771
71.023350905 7482601852 324005 28383  7444
71.035360746 7482922602 320750 28405  6330
71.047368853 7483239035 316433 28378  5703
71.059348091 7483563317 324282 28400  6236
71.071349750 7483887080 323763 28376  6448
71.083347605 7484201311 314231 28377  6814
71.095359456 7484522957 321646 28390  6612
71.107350722 7484846328 323371 28363  5521
71.119359417 7485170773 324445 28385  7037
71.131347708 7485485608 314835 28359  5909
71.143346218 7485807020 321412 28380  6456
71.155349075 7486130491 323471 28367  6720
71.167362073 7486454108 323617 28371  6022
71.179348443 7486774624 320516 28387  6519
71.191360915 7487090660 316036 28365  6708
71.203355994 7487414651 323991 28368  6703
71.215348232 7487738539 323888 28371  6133
71.227362296 7488061926 323387 28366  6015
71.239361907 7488379033 317107 28384  5718
71.251358930 7488698070 319037 28384  5147
71.263347631 7489022092 324022 28377  7603
71.275358612 7489346001 323909 28370  6078
71.287348429 7489669645 323644 28372  5714
71.299359936 7489993433 323788 28389  5757
71.311348634 7490306835 313402 28385  6018
71.323357694 7490630359 323524 28388  5567
71.335348988 7490954524 324165 28376  6184
71.347359079 7491278487 323963 28395  5658
71.359356556 7491602397 323910 28382  6914
71.371359200 7491926616 324219 28373  5982
71.383359174 7492241634 315018 28386  5728
71.395347662 7492563041 321407 28384  6364
71.407348272 7492886891 323850 28385  6609
71.419360536 7493210453 323562 28381  5623
71.431360137 7493534033 323580 28389  5946
71.443348474 7493856755 322722 28375  6975
71.455360398 7494179740 322985 28353  6476
71.467346696 7495125946 946206 83812  19672
71.479361543 7495448140 322194 28387  7111
71.491348884 7495771255 323115 28374  6766
71.503358428 7496094298 323043 28367  5542
71.515359368 7496417684 323386 28370  5718
71.527367812 7496741393 323709 28388  5852
71.539348966 7497064822 323429 28389  6109
71.551346600 7497388044 323222 28370  6970
71.563358758 7497711449 323405 28388  6697
71.575359458 7498034413 322964 28380  7406
71.587360946 7498357915 323502 28378  6060
71.599346216 7498676772 318857 28385  5777
71.611359090 7498995415 318643 28382  7001
71.623349264 7499317165 321750 28371  6576
71.635347485 7499640214 323049 28369  6344
71.647349826 7499963303 323089 28378  6295
71.659349030 7500286539 323236 28400  5945
71.671347800 7500609413 322874 28371  6153
71.683370054 7500932278 322865 28369  6679
71.695358658 7501255709 323431 28378  6861
71.707361002 7501578675 322966 28369  6281
71.719348160 7501901677 323002 28371  7254
71.731359067 7502225202 323525 28396  6017
71.743358318 7502548459 323257 28368  6778
71.755347625 7502871313 322854 28376  7363
71.767360399 7503194931 323618 28409  6766
71.779360600 7503518066 323135 28376  7357
71.791363408 7503840798 322732 28372  6929
71.803347185 7504163547 322749 28379  7963
71.815359143 7504485958 322411 28378  6022
71.827359833 7504808096 322138 28384  5541
71.839369617 7505130998 322902 28399  6021
71.851348878 7505453432 322434 28399  6485
71.863350155 7505775528 322096 28395  7621
71.875349726 7506097368 321840 28389  7519
71.887347427 7506419296 321928 28372  6942
71.899361207 7506741009 321713 28384  6771
71.911349881 7507063564 322555 28377  6359
71.923360635 7507386383 322819 28381  6084
71.935349126 7507708930 322547 28380  6350
71.947348693 7508030879 321949 28370  7445
71.959359857 7508352552 321673 28369  6672
71.971358381 7508675164 322612 28367  8267
71.983349659 7509001048 325884 28390  6629
71.995357720 7509328727 327679 28378  7334
72.007346824 7509654019 325292 28408  6440
72.019360155 7509976913 322894 28377  7105
72.031358746 7510299607 322694 28398  6412
72.043347675 7510622412 322805 28387  8049
72.055360690 7510944879 322467 28379  6487
72.067346248 7511267263 322384 28394  6468
72.079359748 7511589760 322497 28391  7122
72.091349172 7511912259 322499 28394  6769
72.103357463 7512234947 322688 28397  6569
72.115359930 7512557275 322328 28366  7103
72.127347944 7512880451 323176 28385  7059
72.139345922 7513209624 329173 28387  6335
72.151358756 7513536522 326898 28401  7398
72.163369147 7513858814 322292 28385  7686
72.175362394 7514180953 322139 28386  6792
72.187360445 7514502705 321752 28372  7655
72.199346818 7514824742 322037 28362  7629
72.211350466 7515146721 321979 28380  8196
72.223348656 7515469060 322339 28385  6570
72.235358525 7515792372 323312 28378  7190
72.247351215 7516124906 332534 28396  6751
72.259358359 7516446518 321612 28371  6895
72.271348420 7516768425 321907 28366  7503
72.283347407 7517090338 321913 28372  8426
72.295361111 7517411705 321367 28379  7727
72.307358865 7517733392 321687 28403  7569
72.319357899 7518055590 322198 28372  6696
72.331350877 7518388562 332972 28380  8423
72.343349577 7518710365 321803 28363  7609
72.355362638 7519031889 321524 28356  8705
72.367363059 7519353232 321343 28368  8572
72.379360529 7519674835 321603 28390  7398
72.391359633 7519996468 321633 28377  6772
72.403346577 7520329713 333245 28374  8617
72.415360991 7520651700 321987 28381  9076
72.427349955 7520973762 322062 28361  8078
72.439359937 7521295493 321731 28364  7740
72.451348944 7521617577 322084 28372  8078
72.463360118 7521944130 326553 28391  7634
72.475366642 7522273251 329121 28375  6882
72.487362400 7522595332 322081 28400  7710
72.499348220 7522916673 321341 28372  8367
72.511359224 7523238272 321599 28378  7625
72.523347085 7523562886 324614 28374  7335
72.535348002 7523893226 330340 28370  7189
72.547346756 7524215430 322204 28380  8352
72.559347804 7524537427 321997 28372  7697
72.571360108 7524859517 322090 28393  7633
72.583345008 7525190177 330660 28389  8994
72.595361392 7525514270 324093 28382  7138
72.607348063 7525835552 321282 28371  6793
72.619346660 7526156422 320870 28364  7626
72.631369495 7526478522 322100 28360  8094
72.643359379 7526809938 331416 28374  8321
72.655349757 7527130881 320943 28377  8059
72.667348211 7527451883 321002 28367  8447
72.679346478 7527772929 321046 28362  8104
72.691362102 7528105685 332756 28384  8300
72.703361279 7528427308 321623 28386  7708
72.715347773 7528748326 321018 28366  8354
72.727359021 7529069481 321155 28379  7776
72.739348685 7529402521 333040 28368  8009
72.751358536 7529723719 321198 28388  6991
72.763348150 7530044902 321183 28378  7755
72.775361601 7530366585 321683 28371  7201
72.787359552 7530698718 332133 28364  7755
72.799353022 7531019669 320951 28383  7669
72.811346076 7531341221 321552 28386  8125
72.823363888 7531669173 327952 28362  10611
72.835362469 7531996014 326841 28392  7885
72.847360409 7532318009 321995 28386  7938
72.859347980 7532639794 321785 28374  9003
72.871347811 7532972647 332853 28368  7675
72.883348211 7533294004 321357 28374  7984
72.895345889 7533615499 321495 28399  7667
72.907360226 7533942825 327326 28373  7961
72.919360928 7534269326 326501 28374  7643
72.931350028 7534590148 320822 28374  8246
72.943349779 7534911167 321019 28378  7188
72.955357416 7535243804 332637 28374  8141
72.967358817 7535564102 320298 28364  8509
72.979358224 7535884389 320287 28383  8710
72.991351128 7536217242 332853 28379  8075
73.003347372 7536538017 320775 28377  7609
73.015364061 7536858774 320757 28370  7745
73.027360858 7537191348 332574 28366  9264
73.039362445 7537511593 320245 28368  8950
73.051360299 7537832012 320419 28393  9649
73.063360333 7538164513 332501 28358  8814
73.075348201 7538484655 320142 28364  8975
73.087348481 7538804637 319982 28369  8571
73.099360326 7539136705 332068 28366  7935
73.111357607 7539456487 319782 28365  8592
73.123360414 7539776384 319897 28390  9470
73.135348848 7540108811 332427 28381  8799
73.147347402 7540428396 319585 28371  7588
73.159359343 7540748202 319806 28383  8281
73.171358794 7541080265 332063 28393  8212
73.183347714 7541400350 320085 28388  8076
73.195346825 7541719765 319415 28395  9433
73.207349156 7542051936 332171 28375  9439
73.219349217 7542372029 320093 28382  8917
73.231350705 7542692246 320217 28368  8597
73.243359352 7543023689 331443 28370  8308
73.255362349 7543343618 319929 28379  8664
73.267346133 7543672850 329232 28389  7312
73.279356724 7543995720 322870 28389  7142
73.291349075 7544315514 319794 28390  8543
73.303358626 7544647588 332074 28391  7307
73.315359480 7544967179 319591 28367  8174
73.327361634 7545287401 320222 28378  9562
73.339348532 7545618583 331182 28378  7709
73.351360506 7545938192 319609 28386  7225
73.363357416 7546270326 332134 28394  7107
73.375357830 7546589879 319553 28373  7653
73.387346844 7546908877 318998 28360  8404
73.399358888 7547241259 332382 28397  7260
73.411361432 7547560450 319191 28374  7251
73.423348140 7547892707 332257 28395  7115
73.435371111 7548211974 319267 28374  7818
73.447362562 7548531008 319034 28390  6975
73.459362499 7548862824 331816 28393  8916
73.471359463 7549182025 319201 28382  9590
73.483346821 7549513579 331554 28373  10204
73.495348338 7549832813 319234 28376  7451
73.507361435 7550154387 321574 28380  9927
73.519348843 7550484068 329681 28388  9383
73.531361281 7550802948 318880 28354  9720
73.543346162 7551134287 331339 28378  9133
73.555359662 7551452949 318662 28390  8337
73.567359450 7551784334 331385 28377  9038
73.579349230 7552103201 318867 28377  8796
73.591367344 7552423929 320728 28397  8475
73.603346535 7552753352 329423 28380  7989
73.615348019 7553071964 318612 28383  9279
73.627349540 7553403140 331176 28405  8550
73.639349311 7553721455 318315 28369  10285
73.651358745 7554052648 331193 28381  10541
73.663358996 7554370772 318124 28374  8478
73.675347454 7554699697 328925 28390  7419
73.687361098 7555020612 320915 28383  8215
73.699360199 7555339730 319118 28371  7606
73.711361970 7555669167 329437 28369  8186
73.723361850 7555986879 317712 28368  9857
73.735359045 7556317667 330788 28395  8067
73.747369466 7556635233 317566 28391  9007
73.759348300 7556966268 331035 28396  9232
73.771362757 7557283373 317105 28379  9257
73.783362438 7557613860 330487 28383  7864
73.795357816 7557930422 316562 28363  8621
73.807348923 7558260755 330333 28380  9276
73.819346948 7558577560 316805 28371  9254
73.831347712 7558906721 329161 28379  8872
73.843347976 7559224451 317730 28378  9313
73.855347256 7559549987 325536 28392  9265
73.867351728 7559872303 322316 28386  8797
73.879349939 7560194042 321739 28385  7684
73.891348829 7560519310 325268 28379  8418
73.903367513 7560838329 319019 28391  9135
73.915351171 7561165947 327618 28386  7916
73.927359896 7561483798 317851 28377  8722
73.939348723 7561812563 328765 28387  8148
73.951349590 7562129692 317129 28390  8735
73.963351258 7562458480 328788 28354  8822
73.975360889 7562775219 316739 28394  9269
73.987348513 7563103797 328578 28377  7561
73.999361164 7563421189 317392 28395  9201
74.011348675 7563750138 328949 28375  8707
74.023358565 7564068262 318124 28380  8245
74.035362087 7564395985 327723 28382  8818
74.047358664 7564715941 319956 28370  9515
74.059360385 7565041343 325402 28397  7601
74.071367962 7565364933 323590 28386  10141
74.083361220 7565686596 321663 28362  8335
74.095349360 7566014443 327847 28372  7965
74.107362455 7566331082 316639 28384  10398
74.119357916 7566660115 329033 28376  9205
74.131361053 7566975611 315496 28371  8528
74.143348567 7567305092 329481 28366  8512
74.155347151 7567620694 315602 28375  9253
74.167350706 7567949910 329216 28367  8939
74.179359870 7568265537 315627 28380  9968
74.191346564 7568594935 329398 28377  10107
74.203349105 7568910403 315468 28377  10317
74.215349312 7569239901 329498 28375  9276
74.227363497 7569556170 316269 28392  10082
74.239346651 7569884404 328234 28381  9763
74.251350705 7570208384 323980 28371  9882
74.263358163 7570527796 319412 28377  9771
74.275346853 7570856365 328569 28362  8806
74.287344194 7571171189 314824 28368  8119
74.299364392 7571499832 328643 28382  8613
74.311347913 7571813845 314013 28368  10888
74.323358910 7572142295 328450 28362  8609
74.335347928 7572456608 314313 28375  8459
74.347358189 7572784773 328165 28384  9036
74.359361803 7573110750 325977 28392  10246
74.371361954 7573428176 317426 28372  8259
74.383358835 7573756760 328584 28398  10322
74.395359125 7574071041 314281 28373  9357
74.407359999 7574399217 328176 28358  8209
74.419346888 7574713015 313798 28369  8630
74.431359772 7575040738 327723 28367  9539
74.443362466 7575366881 326143 28411  9678
74.455360623 7575683006 316125 28385  10140
74.467350300 7576010720 327714 28368  9825
74.479347758 7576324424 313704 28390  9152
74.491347459 7576652539 328115 28386  9505
74.503358427 7576970102 317563 28387  9051
74.515348457 7577294376 324274 28385  8978
74.527348511 7577621965 327589 28372  9210
74.539347986 7577935110 313145 28352  9742
74.551369794 7578262763 327653 28371  10241
74.563358674 7578577374 314611 28367  8734
74.575347612 7578903435 326061 28370  9226
74.587362799 7579231030 327595 28375  10081
74.599349760 7579544034 313004 28384  11071
74.611348151 7579871797 327763 28376  9729
74.623349192 7580187718 315921 28387  10379
74.635363140 7580512162 324444 28387  9982
74.647349003 7580839615 327453 28381  10960
74.659358952 7581152819 313204 28385  11305
74.671358266 7581480307 327488 28367  10248
74.683361557 7581802416 322109 28375  8446
74.695362501 7582120281 317865 28378  9448
74.707367972 7582447551 327270 28370  9159
74.719362859 7582760481 312930 28385  8572
74.731359834 7583087604 327123 28370  10464
74.743359838 7583414626 327022 28357  8970
74.755362419 7583726915 312289 28387  9635
74.767362016 7584053865 326950 28378  8395
74.779361581 7584374553 320688 28375  10692
74.791348852 7584692904 318351 28373  8907
74.803348443 7585020040 327136 28387  11083
74.815348837 7585332583 312543 28381  8954
74.827346601 7585658960 326377 28363  10006
74.839350156 7585986421 327461 28403  10184
74.851347686 7586298339 311918 28369  10808
74.863359021 7586625616 327277 28382  9769
74.875348165 7586952450 326834 28372  10246
74.887362349 7587264451 312001 28383  11306
74.899349103 7587591114 326663 28359  9087
74.911358838 7587916297 325183 28371  11037
74.923351086 7588228873 312576 28370  9015
74.935346566 7588555817 326944 28386  8622
74.947350577 7588876301 320484 28384  11416
74.959348362 7589194577 318276 28385  10498
74.971357763 7589521347 326770 28385  11410
74.983361170 7589838134 316787 28397  10249
74.995358918 7590159893 321759 28381  8768
75.007360839 7590486618 326725 28382  10649
75.019367616 7590801732 315114 28373  12058
75.031363307 7591124097 322365 28393  11737
75.043359535 7591450589 326492 28386  9971
75.055348789 7591765717 315128 28363  10346
75.067361013 7592087432 321715 28368  9308
75.079360437 7592413493 326061 28376  10499
75.091363262 7592730883 317390 28382  9829
75.103363166 7593050653 319770 28386  9029
75.115360590 7593376640 325987 28373  9252
75.127359561 7593697679 321039 28376  11166
75.139345235 7594014386 316707 28370  9753
75.151349433 7594341521 327135 28401  9416
75.163346207 7594668108 326587 28380  9360
75.175350245 7594979420 311312 28366  8223
75.187355236 7595305817 326397 28363  8597
75.199350100 7595631959 326142 28358  10464
75.211361311 7595942935 310976 28376  10033
75.223360622 7596269502 326567 28366  9370
75.235348033 7596596099 326597 28366  8684
75.247360067 7596907753 311654 28364  9472
75.259349375 7597233835 326082 28387  9686
75.271349619 7597559874 326039 28372  10980
75.283349427 7597878408 318534 28380  9864
75.295359771 7598196524 318116 28372  8797
75.307360518 7598522356 325832 28369  11207
75.319365223 7598848350 325994 28373  11152
75.331359781 7599159079 310729 28368  11532
75.343366881 7599484981 325902 28368  10038
75.355362199 7599810760 325779 28375  10877
75.367362480 7600124498 313738 28366  9721
75.379350754 7600447981 323483 28387  9452
75.391347352 7600774201 326220 28388  11330
75.403359042 7601099732 325531 28362  12134
75.415359837 7601410225 310493 28391  11692
75.427360498 7601735334 325109 28370  11395
75.439348999 7602060971 325637 28384  8906
75.451348129 7602376552 315581 28374  8986
75.463348930 7602696436 319884 28376  11375
75.475347908 7603021973 325537 28364  12202
75.487348412 7603347542 325569 28373  12025
75.499353820 7603657966 310424 28384  11657
75.511350924 7603983735 325769 28377  9594
75.523361255 7604309284 325549 28370  8735
75.535358426 7604634873 325589 28375  9667
75.547360051 7604944920 310047 28388  11015
75.559347418 7605270242 325322 28374  12135
75.571346342 7605595265 325023 28368  9448
75.583347970 7605918060 322795 28375  10298
75.595350254 7606230808 312748 28378  11170
75.607359309 7606556088 325280 28382  11909
75.619358409 7606881784 325696 28391  10043
75.631359814 7607201871 320087 28373  10887
75.643348318 7607516354 314483 28367  10740
75.655368763 7607841948 325594 28391  9802
75.667360637 7608167503 325555 28374  11214
75.679359205 7608487582 320079 28379  10223
75.691350065 7608802713 315131 28399  9606
75.703346319 7609128384 325671 28373  8711
75.715357241 7609453839 325455 28392  10934
75.727360332 7609777062 323223 28392  11001
75.739361842 7610089044 311982 28380  10191
75.751347561 7610414605 325561 28398  9275
75.763360225 7610739764 325159 28380  9352
75.775361050 7611064942 325178 28360  9677
75.787346434 7611374042 309100 28361  10047
75.799360391 7611699092 325050 28373  11298
75.811358409 7612024062 324970 28381  9966
75.823357300 7612349214 325152 28380  11132
75.835348197 7612660041 310827 28357  9738
75.847348675 7612983004 322963 28381  9981
75.859349890 7613307631 324627 28374  10100
75.871361177 7613633278 325647 28393  9487
75.883360202 7613956606 323328 28374  10929
75.895348289 7614268810 312204 28401  9601
75.907342703 7614593903 325093 28370  9638
75.919346547 7614918986 325083 28378  9138
75.931350376 7615244059 325073 28378  10166
75.943360296 7615556992 312933 28359  10222
75.955360581 7615878488 321496 28390  9661
75.967358102 7616203748 325260 28369  9278
75.979357639 7616528686 324938 28384  9441
75.991360920 7616854069 325383 28384  9597
76.003357938 7617164036 309967 28380  11669
76.015363539 7617488642 324606 28375  9599
76.027347847 7617814044 325402 28372  9967
76.039347311 7618139643 325599 28387  11510
76.051358972 7618465518 325875 28387  10494
76.063361500 7618775970 310452 28369  10695
76.075358294 7619100775 324805 28367  10399
76.087359689 7619426860 326085 28386  11079
76.099362830 7619752442 325582 28378  12866
76.111348927 7620077947 325505 28367  13106
76.123347991 7620390542 312595 28369  12924
76.135357576 7620713082 322540 28367  11662
76.147361460 7621038193 325111 28386  9794
76.159360715 7621363248 325055 28353  10259
76.171348122 7621688498 325250 28380  9412
76.183347003 7622009665 321167 28381  9928
76.195360417 7622323496 313831 28380  9551
76.207360192 7622649118 325622 28383  10877
76.219349403 7622974106 324988 28367  10761
76.231347610 7623300182 326076 28379  9350
76.243348704 7623625873 325691 28378  9803
76.255347099 7623939756 313883 28367  10756
76.267349077 7624261426 321670 28373  11070
76.279349098 7624587019 325593 28389  9546
76.291372699 7624912323 325304 28407  9629
76.303362143 7625237868 325545 28388  9661
76.315346051 7625562913 325045 28388  13367
76.327347855 7625874727 311814 28383  10023
76.339358750 7626198002 323275 28386  12458
76.351362891 7626523072 325070 28368  11643
76.363346588 7626848502 325430 28382  11133
76.375348872 7627173878 325376 28372  9989
76.387346534 7627499494 325616 28392  11644
76.399356881 7627814430 314936 28372  12264
76.411343259 7628133369 318939 28357  11828
76.423359920 7628458550 325181 28375  11770
76.435348804 7628783463 324913 28392  12396
76.447366399 7629108497 325034 28367  10435
76.459357393 7629433562 325065 28366  11276
76.471348517 7629758762 325200 28374  10879
76.483359845 7630068691 309929 28371  10170
76.495361606 7630392236 323545 28360  12688
76.507347110 7630717248 325012 28383  10605
76.519349411 7631042579 325331 28392  10048
76.531344689 7631367539 324960 28378  10881
76.543361550 7631692377 324838 28357  10307
76.555360514 7632016953 324576 28366  12313
76.567347559 7632327178 310225 28352  10099
76.579345846 7632650060 322882 28382  12008
76.591347247 7632975305 325245 28364  10994
76.603346189 7633300156 324851 28372  12310
76.615357113 7633625491 325335 28368  10883
76.627362948 7633950692 325201 28385  11968
76.639360605 7634275866 325174 28373  10926
76.651361947 7634593374 317508 28368  11131
76.663360587 7634910372 316998 28394  11964
76.675359795 7635235401 325029 28379  12002
76.687359242 7635560128 324727 28384  12065
76.699360654 7635884805 324677 28370  11423
76.711347634 7636209703 324898 28386  9930
76.723347799 7636534123 324420 28373  10912
76.735362023 7636858819 324696 28378  10877
76.747361338 7637177352 318533 28365  10800
76.759358732 7637492114 314762 28358  11365
76.771371161 7637816613 324499 28386  9953
76.783362501 7638141167 324554 28352  11667
76.795347625 7638465539 324372 28357  11315
76.807348969 7638790700 325161 28381  10527
76.819359208 7639115581 324881 28369  10923
76.831365178 7639439892 324311 28365  11297
76.843347127 7639764607 324715 28372  10703
76.855359721 7640082611 318004 28372  10809
76.867349086 7640398205 315594 28376  11333
76.879350056 7640723222 325017 28387  10893
76.891359348 7641048495 325273 28394  9905
76.903349328 7641373058 324563 28356  11764
76.915349839 7641697837 324779 28379  10452
76.927354257 7642022536 324699 28381  10784
76.939349632 7642346880 324344 28361  10817
76.951349192 7642671644 324764 28355  11696
76.963362794 7642996342 324698 28390  12098
76.975362299 7643313738 317396 28378  11411
76.987349580 7643630288 316550 28379  11577
76.999360390 7643954287 323999 28366  13313
77.011359825 7644278711 324424 28369  11055
77.023362226 7644603687 324976 28381  10678
77.035358833 7644928422 324735 28372  11758
77.047360555 7645253181 324759 28392  9760
77.059348972 7645578026 324845 28371  11892
77.071359911 7645902657 324631 28384  10587
77.083346198 7646226752 324095 28367  9936
77.095367216 7646551353 324601 28372  10384
77.107362947 7646872470 321117 28371  12457
77.119359804 7647186655 314185 28370  12672
77.131350149 7647508026 321371 28400  10156
77.143348140 7647831849 323823 28367  10103
77.155346981 7648155762 323913 28358  10312
77.167347622 7648480455 324693 28387  10001
77.179347660 7648805159 324704 28373  11162
77.191363708 7649129700 324541 28378  12982
77.203349505 7649453766 324066 28383  12064
77.215359220 7649778248 324482 28379  10314
77.227357831 7650102717 324469 28395  11182
77.239347718 7650427092 324375 28379  12223
77.251354880 7650751684 324592 28363  10603
77.263359051 7651076410 324726 28392  11763
77.275360081 7651395694 319284 28382  10958
77.287350340 7651712186 316492 28396  12464
77.299347080 7652034100 321914 28365  12799
77.311361895 7652358584 324484 28384  10085
77.323358199 7652683072 324488 28386  12745
77.335349121 7653007027 323955 28369  10003
77.347358188 7653331476 324449 28379  9979
77.359349236 7653655390 323914 28363  11369
77.371359187 7653979371 323981 28378  12895
77.383348788 7654304065 324694 28382  12795
77.395348392 7654628290 324225 28381  11062
77.407367064 7654936590 308300 28373  10594
77.419360864 7655226626 290036 28370  9311
77.431345863 7655531333 304707 28376  8311
77.443351437 7655835741 304408 28385  8332
77.455361272 7656128048 292307 28378  8722
77.467348692 7656430914 302866 28375  8642
77.479360024 7656735986 305072 28388  7902
77.491350961 7657036579 300593 28380  9090
77.503361965 7657330383 293804 28367  9087
77.515345803 7657634531 304148 28370  8228
77.527358154 7657939278 304747 28387  8991
77.539362312 7658229534 290256 28388  9170
77.551350337 7658534280 304746 28374  9035
77.563368295 7658839038 304758 28367  8286
77.575347142 7659132789 293751 28377  9790
77.587349276 7659433044 300255 28369  10264
77.599359481 7659737511 304467 28364  7324
77.611358545 7660042091 304580 28367  8168
77.623361759 7660331717 289626 28353  10949
77.635360964 7660636218 304501 28356  8526
77.647361408 7660941222 305004 28383  9941
77.659360293 7661236774 295552 28375  8060
77.671347954 7661536511 299737 28363  8177
77.683358182 7661841691 305180 28369  9825
77.695349860 7662146663 304972 28365  8190
77.707349021 7662436267 289604 28356  9420
77.719361082 7662741141 304874 28368  8608
77.731353647 7663045875 304734 28368  8443
77.743362714 7663349094 303219 28371  10103
77.755361969 7663641476 292382 28364  10759
77.767359843 7663946484 305008 28354  9925
77.779348731 7664251530 305046 28362  9897
77.791349622 7664547545 296015 28383  10279
77.803358081 7664846619 299074 28382  8060
77.815348988 7665151947 305328 28370  7980
77.827348295 7665456891 304944 28360  9750
77.839361230 7665748261 291370 28366  8154
77.851346798 7666051646 303385 28386  10638
77.863359173 7666356614 304968 28368  9466
77.875360227 7666661327 304713 28367  10837
77.887368268 7666952275 290948 28363  10573
77.899362940 7667256866 304591 28363  10256
77.911350517 7667561455 304589 28359  7729
77.923348235 7667866249 304794 28366  8311
77.935342290 7668156523 290274 28371  9622
77.947359437 7668460533 304010 28356  9122
77.959362439 7668765669 305136 28365  9876
77.971362989 7669070957 305288 28366  9392
77.983349210 7669361928 290971 28368  10633
77.995362082 7669665916 303988 28367  10672
78.007360193 7669970919 305003 28371  7836
78.019358091 7670275531 304612 28363  8943
78.031348472 7670568860 293329 28370  9594
78.043355616 7670870040 301180 28352  8625
78.055362998 7671174502 304462 28359  10669
78.067361252 7671479228 304726 28372  10841
78.079360103 7671779139 299911 28356  10825
78.091349071 7672073651 294512 28369  8881
78.103347828 7672378489 304838 28361  8995
78.115347443 7672683387 304898 28373  10039
78.127349077 7672988205 304818 28374  9032
78.139349896 7673277944 289739 28358  10522
78.151361236 7673582724 304780 28384  9131
78.163349731 7673886817 304093 28366  9996
78.175347995 7674191658 304841 28360  8374
78.187358097 7674488629 296971 28393  10844
78.199368672 7674786171 297542 28358  10421
78.211360333 7675090702 304531 28374  9062
78.223350193 7675395367 304665 28359  10225
78.235358985 7675699673 304306 28355  11004
78.247347326 7675989729 290056 28361  8727
78.259358417 7676294094 304365 28389  10417
78.271358275 7676598475 304381 28366  8520
78.283362710 7676902901 304426 28374  8188
78.295347600 7677207697 304796 28359  8894
78.307358554 7677497791 290094 28383  10347
78.319348626 7677802953 305162 28369  11416
78.331361254 7678108325 305372 28373  9698
78.343359108 7678413249 304924 28369  10227
78.355346656 7678716098 302849 28363  11260
78.367353691 7679008260 292162 28355  9884
78.379349581 7679313076 304816 28353  11163
78.391361376 7679618250 305174 28374  10610
78.403360281 7679923056 304806 28348  11280
78.415359759 7680227430 304374 28362  12224
78.427350966 7680517810 290380 28350  11223
78.439348837 7680822328 304518 28370  11257
78.451347095 7681127271 304943 28374  8177
78.463361483 7681432182 304911 28371  8573
78.475349707 7681737253 305071 28372  9544
78.487335911 7682028286 291033 28357  12464
78.499348093 7682332422 304136 28386  12073
78.511349190 7682637140 304718 28365  10679
78.523367262 7682942128 304988 28367  8460
78.535351584 7683246926 304798 28371  8859
78.547359674 7683544286 297360 28376  10968
78.559349399 7683841634 297348 28374  9540
78.571359740 7684146255 304621 28373  10499
78.583363728 7684450997 304742 28372  10162
78.595360152 7684755383 304386 28361  9430
78.607360606 7685060321 304938 28354  11114
78.619349845 7685351457 291136 28371  9470
78.631348026 7685654456 302999 28358  11816
78.643362307 7685959234 304778 28385  8852
78.655348004 7686263830 304596 28364  8624
78.667349549 7686567808 303978 28372  10926
78.679369114 7686872071 304263 28362  10964
78.691359449 7687162566 290495 28378  9751
78.703362250 7687466158 303592 28369  8769
78.715353425 7687770471 304313 28374  10966
78.727372718 7688074597 304126 28386  10454
78.739343273 7688378559 303962 28376  11510
78.751349611 7688683091 304532 28371  10638
78.763362616 7688974192 291101 28382  12249
78.775358880 7689276088 301896 28396  11712
78.787348259 7689580512 304424 28380  9672
78.799347709 7689884745 304233 28364  8972
78.811359634 7690188739 303994 28370  9149
78.823348118 7690492856 304117 28356  9088
78.835347573 7690791526 298670 28356  9296
78.847371278 7691085992 294466 28371  9333
78.859348299 7691389803 303811 28369  11981
78.871350146 7691693933 304130 28363  10303
78.883347231 7691997780 303847 28360  11008
78.895360613 7692302492 304712 28379  10931
78.907350680 7692606840 304348 28379  11685
78.919350778 7692902568 295728 28388  11066
78.931361659 7693200105 297537 28378  10062
78.943358984 7693504404 304299 28377  10660
78.955348238 7693808182 303778 28366  9384
78.967346893 7694112129 303947 28369  11014
78.979362101 7694416105 303976 28366  10607
78.991359529 7694720155 304050 28359  10257
79.003363621 7695018154 297999 28359  12027
79.015349021 7695312811 294657 28373  9752
79.027359590 7695616350 303539 28357  11914
79.039360247 7695920552 304202 28371  9430
79.051359999 7696224717 304165 28355  10820
79.063359039 7696528452 303735 28371  9431
79.075361584 7696832463 304011 28378  9685
79.087361212 7697136601 304138 28353  9993
79.099361603 7697429300 292699 28350  12563
79.111346767 7697728741 299441 28350  11801
79.123361496 7698032930 304189 28370  11287
79.135359871 7698337167 304237 28373  9727
79.147350098 7698641054 303887 28375  9988
79.159372913 7698945258 304204 28377  10186
79.171346174 7699249552 304294 28384  12274
79.183360505 7699554133 304581 28386  9775
79.195347156 7699850297 296164 28379  10028
79.207360561 7700147037 296740 28351  10972
79.219349042 7700450748 303711 28354  10778
79.231349790 7700754803 304055 28365  11072
79.243348354 7701058797 303994 28387  10851
79.255348532 7701362900 304103 28357  11366
79.267361926 7701666960 304060 28369  11750
79.279358621 7701971138 304178 28379  12985
79.291350880 7702274955 303817 28369  12150
79.303349934 7702570347 295392 28366  9639
79.315369532 7702867528 297181 28385  12018
79.327349096 7703171657 304129 28375  10514
79.339348198 7703475601 303944 28366  10814
79.351350779 7703779558 303957 28366  10075
79.363346937 7704083338 303780 28366  11196
79.375349487 7704387195 303857 28387  11373
79.387357946 7704690960 303765 28375  10108
79.399360587 7704994739 303779 28368  11316
79.411361028 7705298630 303891 28381  9876
79.423361190 7705592439 293809 28361  10194
79.435348064 7705890427 297988 28354  9798
79.447347589 7706194194 303767 28377  10389
79.459362197 7706497824 303630 28347  11293
79.471360148 7706801863 304039 28376  10338
79.483356538 7707105805 303942 28371  11217
79.495361180 7707409560 303755 28373  10048
79.507348508 7707713357 303797 28366  9786
79.519364732 7708016876 303519 28348  10062
79.531347990 7708320672 303796 28362  11727
79.543359521 7708625137 304465 28375  12533
79.555359516 7708921912 296775 28376  10320
79.567348030 7709218538 296626 28387  11769
79.579347075 7709521213 302675 28361  10684
79.591348389 7709825156 303943 28373  9825
79.603362891 7710128658 303502 28353  11702
79.615359719 7710432975 304317 28381  10315
79.627348247 7710736718 303743 28361  9820
79.639371488 7711040549 303831 28370  10222
79.651359012 7711344456 303907 28384  11757
79.663349687 7711648182 303726 28378  12223
79.675359816 7711952205 304023 28385  10892
79.687347836 7712256345 304140 28374  11269
79.699359555 7712560663 304318 28368  10266
79.711348239 7712858732 298069 28370  11525
79.723362750 7713155423 296691 28378  13191
79.735361502 7713457442 302019 28360  12226
79.747362286 7713761030 303588 28370  10095
79.759350488 7714065237 304207 28365  12146
79.771349492 7714369281 304044 28361  11173
79.783358833 7714673176 303895 28383  11807
79.795369462 7714976775 303599 28350  12623
79.807347912 7715280758 303983 28371  10011
79.819350687 7715584306 303548 28380  10094
79.831361289 7715888582 304276 28368  9666
79.843346550 7716192658 304076 28374  10017
79.855348200 7716496584 303926 28378  10680
79.867345879 7716800118 303534 28354  12148
79.879360574 7717103938 303820 28369  11755
79.891349505 7717407647 303709 28391  10174
79.903348439 7717709025 301378 28370  10130
79.915349014 7718006521 297496 28371  10623
79.927357719 7718305549 299028 28360  10841
79.939360137 7718607928 302379 28361  12845
79.951355382 7718911705 303777 28367  10489
79.963350846 7719215604 303899 28383  12606
79.975359911 7719519702 304098 28344  12582
79.987360909 7719823767 304065 28377  9925
79.999360223 7720127777 304010 28368  12598
80.011362555 7720431362 303585 28368  10939
80.023349692 7720735058 303696 28347  11659
80.035359760 7721038750 303692 28370  9800
80.047360802 7721343063 304313 28357  10231
80.059358163 7721647127 304064 28361  10755
80.071350444 7721951897 304770 28382  11967
80.083347668 7722256397 304500 28358  10307
80.095348523 7722560918 304521 28366  12334
80.107359498 7722865400 304482 28387  10275
80.119367083 7723169776 304376 28334  13597
80.131351271 7723473987 304211 28370  12435
80.143347996 7723778156 304169 28372  10626
80.155360553 7724082310 304154 28367  10576
80.167346338 7724386341 304031 28352  12766
80.179346776 7724690309 303968 28372  12868
80.191359070 7724995256 304947 28383  12461
80.203347648 7725299004 303748 28368  10122
80.215349843 7725600234 301230 28371  10194
80.227349374 7725901622 301388 28377  10706
80.239359819 7726203053 301431 28379  13171
80.251359630 7726504407 301354 28366  10513
80.263358148 7726807047 302640 28367  12412
80.275351610 7727110310 303263 28369  10204
80.287347551 7727413970 303660 28368  10437
80.299361006 7727718058 304088 28373  10540
80.311361746 7728022343 304285 28359  12051
80.323347351 7728326326 303983 28366  10870
80.335361663 7728630930 304604 28373  10524
80.347361334 7728935399 304469 28381  10493
80.359348465 7729239866 304467 28383  10320
80.371341216 7729543910 304044 28376  10622
80.383360481 7729847915 304005 28369  12412
80.395359929 7730152166 304251 28368  10440
80.407348763 7730456996 304830 28376  10917
80.419349218 7730761461 304465 28362  12053
80.431356432 7731065766 304305 28371  11078
80.443362047 7731370236 304470 28363  13017
80.455359082 7731674336 304100 28359  10619
80.467349410 7731978482 304146 28343  10858
80.479350961 7732282946 304464 28358  12323
80.491361660 7732587420 304474 28352  12975
80.503348007 7732891419 303999 28353  12839
80.515347892 7733195479 304060 28366  12041
80.527360960 7733500045 304566 28397  11433
80.539346168 7733804156 304111 28374  10125
80.551349852 7734108688 304532 28364  10640
80.563350023 7734412949 304261 28356  12569
80.575360135 7734717081 304132 28358  13090
80.587369290 7735021308 304227 28367  10677
80.599361147 7735325463 304155 28361  12254
80.611345872 7735629566 304103 28373  10520
80.623347741 7735933790 304224 28359  10509
80.635362292 7736238112 304322 28366  10939
80.647359390 7736542440 304328 28366  10392
80.659350801 7736846325 303885 28350  12657
80.671361463 7737150949 304624 28355  10377
80.683361308 7737455297 304348 28367  12324
80.695360352 7737760169 304872 28365  11550
80.707347224 7738064800 304631 28368  12316
80.719360699 7738369531 304731 28365  12058
80.731359643 7738674335 304804 28377  11804
80.743348604 7738979272 304937 28354  12657
80.755356306 7739283771 304499 28358  10613
80.767350083 7739588939 305168 28376  11010
80.779357438 7739894222 305283 28359  12948
80.791360563 7740199780 305558 28370  11953
80.803362317 7740506403 306623 28388  11348
80.815348549 7740814111 307708 28379  10760
80.827361527 7741121747 307636 28367  10851
80.839349528 7741430010 308263 28368  10937
80.851359046 7741738306 308296 28366  10213
80.863361851 7742043769 305463 28375  12561
80.875347555 7742348775 305006 28357  12811
80.887346794 7742653616 304841 28366  11056
80.899348905 7742958271 304655 28362  12376
80.911370040 7743263413 305142 28355  13728
80.923347641 7743568710 305297 28378  11787
80.935361703 7743873737 305027 28369  10693
80.947361403 7744178762 305025 28360  10542
80.959347142 7744483744 304982 28371  13967
80.971350810 7744788532 304788 28378  11508
80.983361111 7745093730 305198 28376  10831
80.995359449 7745398852 305122 28378  10967
81.007360877 7745703811 304959 28364  10834
81.019359235 7746008708 304897 28375  10760
81.031348433 7746313522 304814 28370  14274
81.043359035 7746618412 304890 28395  11825
81.055360809 7746923420 305008 28359  13529
81.067368445 7747228179 304759 28366  10809
81.079347065 7747532626 304447 28364  10936
81.091361267 7747837192 304566 28364  10713
81.103348905 7748142042 304850 28363  12070
81.115347549 7748446608 304566 28367  11582
81.127360634 7748751758 305150 28367  10981
81.139359343 7749057598 305840 28355  11249
81.151347403 7749366879 309281 28367  10426
81.163349838 7749677496 310617 28350  12264
81.175349360 7749985199 307703 28379  11574
81.187350097 7750290003 304804 28356  13385
81.199359556 7750594859 304856 28370  10921
81.211347021 7750899791 304932 28362  11150
81.223355995 7751204740 304949 28357  11427
81.235350436 7751509609 304869 28357  11366
81.247361518 7751814402 304793 28365  14333
81.259348792 7752118885 304483 28362  11991
81.271362924 7752424053 305168 28381  11256
81.283362005 7752728850 304797 28356  12833
81.295346873 7753033693 304843 28376  11431
81.307346954 7753338869 305176 28376  12992
81.319361589 7753643771 304902 28357  12797
81.331362671 7753948395 304624 28378  12335
81.343360975 7754253155 304760 28364  11170
81.355359193 7754559973 306818 28375  11179
81.367349448 7754871791 311818 28384  11161
81.379359096 7755183172 311381 28379  12708
81.391374054 7755487706 304534 28354  12892
81.403360572 7755792290 304584 28370  11245
81.415349536 7756097577 305287 28388  11572
81.427360708 7756402449 304872 28357  13080
81.439348236 7756707551 305102 28386  11570
81.451350440 7757012219 304668 28345  11234
81.463346352 7757317545 305326 28373  12086
81.475361764 7757622632 305087 28361  12749
81.487348268 7757927848 305216 28373  11875
81.499348709 7758232797 304949 28352  11629
81.511347974 7758538065 305268 28357  13141
81.523349278 7758844041 305976 28368  12943
81.535360033 7759156579 312538 28351  11480
81.547357602 7759468879 312300 28367  12856
81.559351206 7759774482 305603 28357  11415
81.571348647 7760080095 305613 28390  14024
81.583363019 7760385375 305280 28366  11258
81.595348346 7760691171 305796 28366  11919
81.607362451 7760996754 305583 28366  13217
81.619362266 7761302254 305500 28369  11253
81.631347735 7761607967 305713 28361  11153
81.643350673 7761913649 305682 28364  11308
81.655361660 7762219378 305729 28368  11040
81.667359862 7762525217 305839 28394  11164
81.679360557 7762835094 309877 28347  10869
81.691350591 7763149948 314854 28364  11089
81.703368710 7763455107 305159 28357  13142
81.715359774 7763760345 305238 28370  10944
81.727362206 7764065471 305126 28358  11648
81.739360804 7764370784 305313 28364  12992
81.751349295 7764676416 305632 28362  11619
81.763361010 7764981735 305319 28382  12668
81.775350602 7765287129 305394 28353  12102
81.787361733 7765592701 305572 28357  13749
81.799359148 7765898312 305611 28368  11573
81.811360726 7766209134 310822 28365  10970
81.823330447 7766523593 314459 28367  11022
81.835349242 7766828630 305037 28362  11138
81.847349026 7767134431 305801 28369  13526
81.859355701 7767440117 305686 28370  11449
81.871348473 7767745888 305771 28376  12471
81.883347935 7768051568 305680 28352  12346
81.895347022 7768356933 305365 28354  10912
81.907347520 7768662221 305288 28367  11321
81.919361732 7768967948 305727 28378  12800
81.931347266 7769278661 310713 28354  13007
81.943362389 7769593285 314624 28354  11355
81.955348829 7769898673 305388 28372  10944
81.967359324 7770204061 305388 28377  11490
81.979345963 7770509729 305668 28382  11820
81.991350187 7770815430 305701 28366  11864
82.003359265 7771120869 305439 28373  11916
82.015361660 7771426470 305601 28370  13112
82.027367632 7771732353 305883 28368  11205
82.039362430 7772040081 307728 28368  11080
82.051359407 7772357729 317648 28355  11605
82.063361016 7772663655 305926 28368  11058
82.075349917 7772969347 305692 28355  11633
82.087350641 7773275026 305679 28361  13948
82.099361373 7773580420 305394 28360  13283
82.111362331 7773886001 305581 28357  10969
82.123361586 7774191179 305178 28355  11277
82.135347148 7774496954 305775 28378  11675
82.147360322 7774809675 312721 28371  12512
82.159361374 7775122628 312953 28356  12829
82.171347595 7775428657 306029 28392  11884
82.183360560 7775734368 305711 28371  11552
82.195351392 7776039998 305630 28366  11079
82.207348436 7776345725 305727 28364  12954
82.219351484 7776651596 305871 28380  13587
82.231348192 7776957202 305606 28392  11263
82.243359783 7777267008 309806 28368  12141
82.255361288 7777582239 315231 28350  12168
82.267347940 7777888276 306037 28373  11521
82.279348428 7778194665 306389 28391  11603
82.291348262 7778500487 305822 28368  13107
82.303347331 7778806507 306020 28361  12674
82.315350316 7779112865 306358 28393  12718
82.327349457 7779418848 305983 28381  12225
82.339367731 7779732432 313584 28372  10839
82.351361184 7780044872 312440 28366  11103
82.363347618 7780351079 306207 28375  11417
82.375348646 7780656814 305735 28364  11694
82.387359321 7780963066 306252 28368  14483
82.399360245 7781269009 305943 28355  12107
82.411346710 7781574668 305659 28351  13553
82.423348525 7781882901 308233 28374  12223
82.435360897 7782201850 318949 28370  13030
82.447359698 7782508149 306299 28355  11818
82.459360089 7782814566 306417 28382  14194
82.471359344 7783120867 306301 28366  13346
82.483359776 7783426566 305699 28376  13374
82.495360943 7783732518 305952 28354  13386
82.507357805 7784039317 306799 28356  13308
82.519349780 7784358717 319400 28373  11189
82.531349175 7784664942 306225 28386  11410
82.543363933 7784970796 305854 28365  12339
82.555359111 7785276737 305941 28357  14262
82.567349682 7785582922 306185 28373  11747
82.579359817 7785888897 305975 28354  13403
82.591360099 7786196980 308083 28347  11703
82.603348976 7786515495 318515 28382  12753
82.615362421 7786821410 305915 28372  11640
82.627348680 7787127547 306137 28365  12105
82.639359930 7787434128 306581 28362  13693
82.651349986 7787740785 306657 28371  12408
82.663355540 7788047152 306367 28373  12889
82.675359365 7788360952 313800 28354  13243
82.687359237 7788673398 312446 28360  11991
82.699350205 7788979613 306215 28350  12678
82.711348056 7789286125 306512 28358  11870
82.723348188 7789592289 306164 28392  14265
82.735359720 7789898212 305923 28367  11603
82.747345768 7790205239 307027 28360  12536
82.759345939 7790524189 318950 28368  12271
82.771360711 7790829847 305658 28352  11477
82.783348763 7791136215 306368 28370  14222
82.795348423 7791442391 306176 28365  11676
82.807346508 7791748604 306213 28368  12797
82.819366310 7792054828 306224 28354  13514
82.831349352 7792374997 320169 28377  12186
82.843361183 7792681047 306050 28376  12113
82.855365003 7792987668 306621 28377  14907
82.867349642 7793293537 305869 28332  13233
82.879361777 7793599936 306399 28369  13619
82.891360042 7793906037 306101 28363  13333
82.903361091 7794225675 319638 28351  10916
82.915350152 7794531524 305849 28375  11369
82.927359180 7794837692 306168 28386  13781
82.939361461 7795143376 305684 28360  12760
82.951362100 7795449826 306450 28380  13456
82.963360751 7795756169 306343 28364  12319
82.975373386 7796075732 319563 28348  13638
82.987350454 7796381687 305955 28359  13049
82.999349566 7796688326 306639 28382  14231
83.011364550 7796995131 306805 28372  13351
83.023347822 7797302177 307046 28380  11327
83.035347700 7797610973 308796 28381  13089
83.047348915 7797929824 318851 28374  13403
83.059347263 7798236468 306644 28389  12873
83.071349718 7798543495 307027 28351  13849
83.083359943 7798850403 306908 28370  12657
83.095350394 7799157366 306963 28378  11824
83.107348906 7799474464 317098 28351  13011
83.119346217 7799784617 310153 28360  11672
83.131346312 7800091438 306821 28377  14343
83.143354607 7800398377 306939 28380  14002
83.155361108 7800705142 306765 28371  12192
83.167357247 7801013060 307918 28370  11644
83.179359568 7801332793 319733 28365  12898
83.191365270 7801639454 306661 28368  12231
83.203362067 7801946675 307221 28391  13572
83.215360010 7802254008 307333 28372  12254
83.227359967 7802560933 306925 28364  12378
83.239347356 7802881103 320170 28349  13292
83.251348137 7803187663 306560 28363  13437
83.263361312 7803494343 306680 28363  13702
83.275360183 7803801191 306848 28375  12250
83.287360815 7804108276 307085 28357  11453
83.299370597 7804424035 315759 28369  12479
83.311360051 7804735847 311812 28356  12959
83.323346449 7805042805 306958 28359  13227
83.335351800 7805349834 307029 28363  12407
83.347361596 7805656574 306740 28374  13175
83.359350160 7805968892 312318 28359  11522
83.371350455 7806284398 315506 28368  13000
83.383347250 7806591408 307010 28353  12510
83.395347195 7806898261 306853 28361  13579
83.407348419 7807204855 306594 28360  12865
83.419359974 7807515113 310258 28369  11498
83.431350126 7807831892 316779 28368  13182
83.443348184 7808138961 307069 28374  12415
83.455358569 7808445588 306627 28353  14065
83.467357471 7808752111 306523 28372  12301
83.479348049 7809063621 311510 28373  11932
83.491360493 7809379187 315566 28353  13105
83.503358988 7809686522 307335 28378  14175
83.515361627 7809993277 306755 28364  12377
83.527347995 7810299879 306602 28379  13537
83.539361567 7810614260 314381 28368  12512
83.551361607 7810926995 312735 28346  13532
83.563346656 7811233634 306639 28359  12391
83.575361254 7811540649 307015 28366  14004
83.587352576 7811847923 307274 28371  12178
83.599352967 7812167524 319601 28367  12819
83.611356942 7812475690 308166 28396  11539
83.623362500 7812782562 306872 28358  13930
83.635348821 7813089230 306668 28369  13582
83.647359426 7813396383 307153 28376  12256
83.659347631 7813717075 320692 28392  11393
83.671347586 7814024025 306950 28364  12235
83.683346811 7814330772 306747 28372  14375
83.695360246 7814637133 306361 28349  12414
83.707346461 7814946013 308880 28371  13657
83.719348492 7815264956 318943 28371  12269
83.731358441 7815572045 307089 28363  14112
83.743346739 7815879007 306962 28371  12846
83.755359990 7816186085 307078 28356  13334
83.767348045 7816506442 320357 28379  11677
83.779368737 7816813789 307347 28355  11860
83.791351285 7817121509 307720 28358  13401
83.803347030 7817428962 307453 28369  13268
83.815360355 7817736992 308030 28372  11653
83.827361127 7818057628 320636 28367  11643
83.839360188 7818365058 307430 28364  13541
83.851346227 7818672648 307590 28356  13583
83.863361114 7818980712 308064 28370  12392
83.875358653 7819301639 320927 28379  13450
83.887359984 7819609524 307885 28397  11858
83.899347663 7819917020 307496 28372  13682
83.911360348 7820224419 307399 28366  12879
83.923346899 7820533701 309282 28359  11807
83.935360508 7820853163 319462 28370  13372
83.947362046 7821160933 307770 28378  12627
83.959359283 7821468191 307258 28364  14459
83.971362639 7821775872 307681 28392  12772
83.983346717 7822096449 320577 28360  12487
83.995347072 7822403859 307410 28372  13298
84.007346693 7822711451 307592 28361  13138
84.019349818 7823018652 307201 28378  12126
84.031346513 7823337549 318897 28362  13206
84.043346662 7823646912 309363 28379  12167
84.055348273 7823954184 307272 28372  14592
84.067359822 7824261419 307235 28385  12291
84.079350122 7824572686 311267 28358  11672
84.091368188 7824889113 316427 28361  13475
84.103365212 7825196699 307586 28356  12939
84.115347584 7825504325 307626 28353  13369
84.127347132 7825812239 307914 28358  13112
84.139349557 7826132261 320022 28363  11938
84.151360352 7826439996 307735 28364  14007
84.163360087 7826747496 307500 28349  12510
84.175361122 7827055159 307663 28380  11917
84.187360217 7827376033 320874 28373  13016
84.199363968 7827683818 307785 28359  14217
84.211358557 7827991316 307498 28370  12547
84.223379816 7828299110 307794 28377  12330
84.235347796 7828619973 320863 28370  13379
84.247370378 7828927322 307349 28359  12448
84.259349406 7829235025 307703 28373  14080
84.271358371 7829542620 307595 28381  12882
84.283361053 7829863055 320435 28365  11957
84.295361125 7830170964 307909 28382  13466
84.307360883 7830478785 307821 28362  12424
84.319347710 7830785983 307198 28366  13147
84.331359346 7831106757 320774 28358  12931
84.343350240 7831414301 307544 28373  13263
84.355362309 7831721568 307267 28360  12271
84.367349737 7832029268 307700 28354  13168
84.379348925 7832350541 321273 28368  13023
84.391347407 7832658287 307746 28364  13481
84.403359285 7832965807 307520 28364  12351
84.415369260 7833273704 307897 28369  13155
84.427360929 7833594593 320889 28367  12070
84.439347609 7833902487 307894 28374  13848
84.451347674 7834210276 307789 28358  13676
84.463349113 7834518276 308000 28355  12080
84.475361654 7834839294 321018 28368  11433
84.487346739 7835147420 308126 28362  12496
84.499363178 7835455076 307656 28357  14028
84.511361566 7835763258 308182 28360  11631
84.523360864 7836083802 320544 28372  13728
84.535348066 7836392039 308237 28367  12455
84.547358507 7836700235 308196 28350  12354
84.559361765 7837012301 312066 28373  13348
84.571353763 7837329940 317639 28369  12120
84.583349622 7837638577 308637 28376  14107
84.595362707 7837946827 308250 28368  12285
84.607347648 7838266954 320127 28376  12816
84.619338390 7838576951 309997 28372  12844
84.631350368 7838885445 308494 28374  13555
84.643360703 7839193591 308146 28369  12700
84.655348208 7839514929 321338 28360  13301
84.667349037 7839823311 308382 28348  12855
84.679348922 7840132161 308850 28388  13736
84.691362733 7840440518 308357 28353  13171
84.703360398 7840762018 321500 28388  12578
84.715350147 7841070166 308148 28375  14068
84.727353837 7841378838 308672 28384  13198
84.739360193 7841692971 314133 28382  12791
84.751362174 7842008786 315815 28361  13420
84.763361603 7842316867 308081 28353  13682
84.775360141 7842625424 308557 28387  12222
84.787348389 7842946348 320924 28361  13293
84.799362381 7843254894 308546 28381  13776
84.811364453 7843563171 308277 28362  12709
84.823359247 7843871868 308697 28378  11660
84.835361082 7844193228 321360 28357  12577
84.847349044 7844501867 308639 28370  14195
84.859347742 7844809993 308126 28352  13720
84.871360875 7845129794 319801 28362  14417
84.883369446 7845439881 310087 28346  12218
84.895359927 7845748618 308737 28369  12512
84.907347486 7846057346 308728 28363  12464
84.919349491 7846378587 321241 28351  13300
84.931346032 7846687243 308656 28376  14499
84.943363027 7846996023 308780 28358  13403
84.955362039 7847311795 315772 28357  12497
84.967351161 7847625973 314178 28360  14210
84.979360359 7847934641 308668 28360  12991
84.991348131 7848243300 308659 28366  12890
85.003347146 7848564618 321318 28358  13129
85.015347337 7848873711 309093 28369  13564
85.027362742 7849182487 308776 28353  13561
85.039349314 7849498276 315789 28366  12682
85.051355575 7849812283 314007 28359  12931
85.063350717 7850120967 308684 28363  14034
85.075359832 7850429518 308551 28362  12903
85.087362231 7850751197 321679 28368  12545
85.099348936 7851059811 308614 28361  14531
85.111352976 7851368459 308648 28367  12712
85.123346402 7851688831 320372 28368  13982
85.135358970 7851998809 309978 28380  13949
85.147348061 7852307295 308486 28365  13078
85.159348220 7852616291 308996 28370  13254
85.171360269 7852937854 321563 28385  11925
85.183360760 7853246622 308768 28382  14439
85.195358415 7853555147 308525 28361  12360
85.207368213 7853876616 321469 28384  13722
85.219362621 7854185468 308852 28355  14492
85.231361166 7854494365 308897 28366  13072
85.243347025 7854808004 313639 28356  13848
85.255346460 7855125468 317464 28342  12646
85.267362345 7855435217 309749 28370  14117
85.279361446 7855744626 309409 28364  12478
85.291362498 7856066554 321928 28372  13559
85.303347976 7856376583 310029 28382  13165
85.315359848 7856686454 309871 28359  13147
85.327347163 7857008365 321911 28356  13625
85.339348541 7857318112 309747 28379  12958
85.351346636 7857627951 309839 28388  13585
85.363355221 7857942907 314956 28358  13290
85.375348703 7858259354 316447 28358  13145
85.387351141 7858569139 309785 28362  13589
85.399348796 7858878927 309788 28372  12490
85.411358955 7859200961 322034 28373  13626
85.423361073 7859510349 309388 28356  13418
85.435360931 7859819744 309395 28359  13419
85.447363026 7860142079 322335 28371  12434
85.459349828 7860452175 310096 28363  13237
85.471361860 7860762375 310200 28369  13598
85.483350548 7861084298 321923 28342  13023
85.495346549 7861394181 309883 28374  13422
85.507350154 7861703896 309715 28372  14057
85.519370956 7862020041 316145 28367  12632
85.531350530 7862335977 315936 28357  13731
85.543361392 7862645954 309977 28372  13049
85.555360274 7862956546 310592 28372  13794
85.567359695 7863277962 321416 28366  12813
85.579347384 7863587744 309782 28370  14168
85.591347829 7863897514 309770 28358  12246
85.603346554 7864219358 321844 28353  13470
85.615351685 7864529534 310176 28362  13796
85.627361210 7864839314 309780 28355  16450
85.639361125 7865161117 321803 28368  13897
85.651350680 7865470743 309626 28358  13328
85.663348122 7865780780 310037 28356  13541
85.675365191 7866102751 321971 28355  12875
85.687357499 7866412837 310086 28377  14212
85.699349030 7866722461 309624 28356  13044
85.711348102 7867044094 321633 28354  13451
85.723349230 7867353835 309741 28360  12880
85.735352425 7867663580 309745 28362  14375
85.747348235 7867984386 320806 28384  13214
85.759361399 7868295597 311211 28375  13128
85.771362005 7868605287 309690 28362  13212
85.783348975 7868921569 316282 28366  12616
85.795349667 7869236958 315389 28380  12688
85.807350006 7869547280 310322 28363  13243
85.819361111 7869860141 312861 28366  12277
85.831346409 7870179471 319330 28379  13152
85.843355515 7870489563 310092 28376  13001
85.855360800 7870800710 311147 28367  12457
85.867347941 7871121393 320683 28388  13301
85.879362573 7871431391 309998 28369  13710
85.891348441 7871741689 310298 28374  12392
85.903361126 7872063694 322005 28374  13115
85.915358811 7872373948 310254 28375  15143
85.927350480 7872684304 310356 28376  12022
85.939348531 7873006014 321710 28364  12173
85.951350906 7873316412 310398 28375  14385
85.963364358 7873626880 310468 28363  12518
85.975359783 7873949280 322400 28380  13911
85.987348881 7874260322 311042 28384  12753
85.999368670 7874571445 311123 28381  13059
86.011347645 7874893454 322009 28367  14407
86.023351536 7875204090 310636 28359  13737
86.035352041 7875515362 311272 28378  14185
86.047349063 7875837612 322250 28374  12942
86.059361486 7876148619 311007 28386  15457
86.071361216 7876459650 311031 28361  12776
86.083395236 7876781548 321898 28369  14514
86.095362394 7877092341 310793 28377  14857
86.107361402 7877403961 311620 28374  14052
86.119359237 7877726355 322394 28375  12423
86.131346249 7878037657 311302 28390  12394
86.143350137 7878350462 312805 28375  13957
86.155349392 7878670799 320337 28361  12303
86.167354781 7878982360 311561 28376  14218
86.179349542 7879298363 316003 28394  13495
86.191363091 7879616630 318267 28366  15060
86.203362602 7879928114 311484 28380  14304
86.215360494 7880248007 319893 28376  13336
86.227350822 7880561499 313492 28372  12795
86.239348067 7880872875 311376 28376  12045
86.251358942 7881195357 322482 28373  14152
86.263347811 7881506839 311482 28371  12836
86.275349229 7881818040 311201 28366  14185
86.287351357 7882141002 322962 28371  13474
86.299361792 7882451978 310976 28382  13535
86.311361637 7882763671 311693 28384  12586
86.323366722 7883086291 322620 28363  12849
86.335348101 7883397907 311616 28372  13181
86.347360156 7883709479 311572 28365  11704
86.359348027 7884032443 322964 28377  13926
86.371347272 7884343525 311082 28379  15597
86.383350674 7884655115 311590 28362  12645
86.395363407 7884978355 323240 28374  12826
86.407361928 7885290458 312103 28387  15005
86.419346912 7885602322 311864 28365  11662
86.431359092 7885925326 323004 28367  14584
86.443359323 7886236548 311222 28372  13216
86.455359895 7886555102 318554 28372  13954
86.467348950 7887601280 1046178 93972  46420
86.479358192 7887912662 311382 28355  13912
86.491360903 7888235735 323073 28367  14749
86.503359388 7888547404 311669 28371  13317
86.515351590 7888860493 313089 28383  14238
86.527359238 7889181996 321503 28369  13641
86.539360787 7889494533 312537 28369  12158
86.551346285 7889817957 323424 28374  12693
86.563358867 7890130920 312963 28371  14917
86.575349698 7890443528 312608 28364  14425
86.587358867 7890766369 322841 28373  14270
86.599360015 7891079282 312913 28375  15857
86.611349807 7891392224 312942 28376  13096
86.623361498 7891715986 323762 28379  13901
86.635369660 7892029282 313296 28378  14522
86.647351478 7892342911 313629 28379  14154
86.659364164 7892665793 322882 28390  15255
86.671360119 7892979425 313632 28396  15225
86.683346907 7893303362 323937 28386  14483
86.695347649 7893616588 313226 28379  11471
86.707362141 7893930055 313467 28368  11757
86.719347149 7894253865 323810 28377  12708
86.731343421 7894566737 312872 28383  14917
86.743370389 7894879969 313232 28377  12574
86.755347064 7895203658 323689 28364  14082
86.767348703 7895516718 313060 28362  11892
86.779363095 7895834187 317469 28385  13517
86.791357630 7896154295 320108 28395  13504
86.803349561 7896467480 313185 28386  14034
86.815358524 7896791436 323956 28366  14063
86.827352775 7897105404 313968 28377  14956
86.839347414 7897419192 313788 28372  14180
86.851348409 7897742995 323803 28375  13384
86.863362954 7898056689 313694 28368  15058
86.875352185 7898372118 315429 28362  12100
86.887360951 7898693575 321457 28365  12075
86.899347855 7899007931 314356 28380  13210
86.911346550 7899332069 324138 28367  14505
86.923346520 7899646281 314212 28382  12935
86.935363455 7899960243 313962 28377  12326
86.947359306 7900283679 323436 28364  13759
86.959369661 7900598087 314408 28381  15289
86.971359356 7900917330 319243 28392  13286
86.983346685 7901236802 319472 28373  14945
86.995362721 7901551298 314496 28363  13693
87.007346395 7901875425 324127 28369  13405
87.019360340 7902189136 313711 28383  13399
87.031348365 7902503403 314267 28371  12461
87.043362727 7902827525 324122 28369  11722
87.055348392 7903142229 314704 28389  12863
87.067350337 7903466543 324314 28358  12842
87.079362586 7903781322 314779 28365  14321
87.091346311 7904094955 313633 28371  13764
87.103347496 7904419614 324659 28376  14251
87.115354197 7904734380 314766 28360  14466
87.127359833 7905050842 316462 28375  13314
87.139347864 7905373404 322562 28385  12866
87.151350413 7905688318 314914 28380  14701
87.163347792 7906012316 323998 28364  12350
87.175347827 7906327534 315218 28367  14803
87.187349178 7906642468 314934 28361  14183
87.199364237 7906966876 324408 28363  14037
87.211361129 7907282226 315350 28383  12912
87.223362941 7907606892 324666 28373  13934
87.235358935 7907921667 314775 28390  13691
87.247360688 7908237125 315458 28389  12367
87.259347333 7908562095 324970 28386  14300
87.271370891 7908877435 315340 28382  12382
87.283349843 7909202223 324788 28385  12980
87.295360851 7909517354 315131 28366  14358
87.307359276 7909832386 315032 28389  13133
87.319348214 7910157521 325135 28398  14199
87.331348543 7910472835 315314 28388  12925
87.343347758 7910794916 322081 28368  12971
87.355363110 7911113260 318344 28376  13754
87.367347485 7911428644 315384 28373  12370
87.379349120 7911752834 324190 28374  13030
87.391350245 7912068676 315842 28374  13260
87.403360927 7912388601 319925 28373  13940
87.415349675 7912709707 321106 28373  13667
87.427366160 7913025439 315732 28369  13460
87.439351089 7913350721 325282 28379  14209
87.451360400 7913665805 315084 28380  14252
87.463363876 7919983190 6317385 558873  269043
87.475362778 7920307851 324661 28386  14429
87.487361946 7920624575 316724 28364  13362
87.499363501 7920950287 325712 28392  14190
87.511360326 7921267416 317129 28376  13986
87.523358648 7921592114 324698 28372  13278
87.535362946 7921908984 316870 28370  14890
87.547349571 7922225938 316954 28377  13477
87.559348096 7922551538 325600 28368  13176
87.571348691 7922868636 317098 28369  14379
87.583362467 7923194308 325672 28356  14524
87.595353652 7923511172 316864 28376  13375
87.607348801 7923828728 317556 28394  13850
87.619346502 7924154291 325563 28357  13582
87.631351707 7924471410 317119 28377  12907
87.643361282 7924797246 325836 28369  13685
87.655351477 7925115155 317909 28383  14648
87.667349232 7925439604 324449 28381  13184
87.679348692 7925758292 318688 28370  13946
87.691350137 7926076348 318056 28375  13635
87.703348968 7926402356 326008 28364  14463
87.715358204 7926720379 318023 28375  13633
87.727361495 7927046481 326102 28369  12586
87.739361367 7927363599 317118 28365  13608
87.751355039 7927681894 318295 28371  13553
87.763359791 7928007770 325876 28394  13701
87.775369096 7928325756 317986 28389  13699
87.787362568 7928651842 326086 28380  14488
87.799364640 7928969617 317775 28378  13155
87.811362242 7929294985 325368 28382  13807
87.823362504 7929613171 318186 28369  13878
87.835361985 7929931431 318260 28361  13528
87.847359170 7930257550 326119 28376  13702
87.859361192 7930575616 318066 28362  14157
87.871348090 7930901951 326335 28389  14389
87.883350056 7931219965 318014 28379  13808
87.895346841 7931545874 325909 28367  14676
87.907355206 7931864154 318280 28361  13755
87.919361811 7932182306 318152 28358  14249
87.931347000 7932508811 326505 28380  13219
87.943347365 7932827022 318211 28364  13581
87.955357347 7933152678 325656 28365  13625
87.967351252 7933471459 318781 28376  14923
87.979349064 7933797394 325935 28354  13737
87.991352576 7934115844 318450 28373  14655
88.003349487 7934434498 318654 28390  13752
88.015346096 7934760769 326271 28375  14569
88.027350131 7935078428 317659 28363  13131
88.039360103 7935405038 326610 28381  13316
88.051349458 7935723677 318639 28368  14439
88.063362593 7936050313 326636 28373  13990
88.075369693 7936369082 318769 28378  14851
88.087349261 7936688332 319250 28355  12321
88.099359699 7937013781 325449 28374  13720
88.111364311 7937332985 319204 28376  13010
88.123362019 7937659667 326682 28369  13684
88.135364334 7937979267 319600 28383  14274
88.147361510 7938305829 326562 28377  13895
88.159358855 7938625261 319432 28383  14332
88.171358480 7938951479 326218 28386  13462
88.183358555 7939271175 319696 28385  15155
88.195360410 7939590809 319634 28375  13098
88.207349199 7939917593 326784 28375  14037
88.219362771 7940237296 319703 28377  13613
88.231357436 7940563811 326515 28379  14203
88.243351355 7940882498 318687 28363  14177
88.255361426 7941208911 326413 28369  14577
88.267347935 7941528229 319318 28364  14144
88.279349950 7941851181 322952 28379  14697
88.291352701 7942174362 323181 28382  14005
88.303361887 7942493968 319606 28368  14229
88.315349549 7942820159 326191 28378  13645
88.327352381 7943139526 319367 28373  13680
88.339351842 7943466473 326947 28389  14331
88.351347051 7943785989 319516 28384  14397
88.363362477 7944112569 326580 28387  14600
88.375361212 7944432263 319694 28394  16013
88.387369423 7944755494 323231 28374  13476
88.399348955 7945077956 322462 28376  13984
88.411361753 7945397806 319850 28366  14158
88.423363569 7945724675 326869 28367  14973
88.435359394 7946044402 319727 28352  13723
88.447351423 7946371463 327061 28374  14858
88.459360478 7951986292 5614829 491330  247237
88.473368290 7952299872 313580 27785  13834
88.485350352 7952627127 327255 28383  14037
88.497360581 7952947802 320675 28366  15549
88.509361766 7953275189 327387 28379  14577
88.521346665 7953595651 320462 28368  13638
88.533347290 7953922215 326564 28371  14864
88.545356071 7954242717 320502 28365  14927
88.557351486 7954563653 320936 28380  13391
88.569358868 7954890994 327341 28381  13332
88.581350116 7955212032 321038 28380  14653
88.593348092 7955539524 327492 28375  14034
88.605347321 7955859736 320212 28363  13344
88.617361259 7956186841 327105 28364  14371
88.629361291 7956507673 320832 28390  14426
88.641347673 7956835242 327569 28365  13775
88.653351602 7957156293 321051 28373  15043
88.665347907 7957483998 327705 28383  14002
88.677345792 7957804974 320976 28381  14729
88.689347647 7958132506 327532 28366  13511
88.701358776 7958453660 321154 28364  14146
88.713370684 7958777209 323549 28382  15287
88.725364629 7959102649 325440 28366  14106
88.737350971 7959423826 321177 28371  14238
88.749359414 7959750740 326914 28379  14847
88.761351335 7960072295 321555 28390  13508
88.773359940 7960399840 327545 28375  15239
88.785349299 7960721270 321430 28369  13343
88.797360601 7961048847 327577 28384  14618
88.809349906 7961369905 321058 28376  14420
88.821350528 7961697031 327126 28372  13920
88.833359991 7962018420 321389 28379  14595
88.845347482 7962346369 327949 28380  13935
88.857358597 7962667893 321524 28372  14213
88.869357216 7962995456 327563 28367  14313
88.881346207 7963317162 321706 28375  15470
88.893349423 7963644545 327383 28389  14648
88.905361638 7963966363 321818 28376  14476
88.917349240 7964288740 322377 28352  15018
88.929351625 7964615262 326522 28365  14804
88.941346317 7964936872 321610 28395  13622
88.953363193 7965264456 327584 28361  14718
88.965349518 7965585366 320910 28371  14330
88.977363274 7965912870 327504 28365  15849
88.989361112 7966234534 321664 28378  14299
89.001350264 7966562371 327837 28375  14728
89.013361845 7966884305 321934 28368  15007
89.025356314 7967212147 327842 28382  14443
89.037360410 7967533412 321265 28383  14085
89.049360681 7967861348 327936 28372  14707
89.061360906 7968182768 321420 28364  14928
89.073349658 7968510427 327659 28369  13803
89.085349066 7968831929 321502 28368  14888
89.097359662 7969159665 327736 28369  14558
89.109360937 7969481471 321806 28400  14865
89.121347316 7969809476 328005 28388  15188
89.133359948 7970131498 322022 28372  14725
89.145351563 7970459227 327729 28375  14680
89.157349078 7970780989 321762 28375  14201
89.169360313 7971108805 327816 28352  14798
89.181357493 7971430077 321272 28376  14321
89.193349401 7971754595 324518 28369  13795
89.205350933 7972080498 325903 28384  13931
89.217350234 7972402596 322098 28375  14229
89.229350073 7972730356 327760 28368  14510
89.241361352 7973052440 322084 28376  14424
89.253349890 7973379640 327200 28362  14819
89.265348075 7973701686 322046 28380  15550
89.277346854 7974029693 328007 28377  14185
89.289359633 7974351219 321526 28364  14117
89.301348581 7974679334 328115 28368  15988
89.313351563 7975001351 322017 28377  14011
89.325359579 7975328927 327576 28377  15315
89.337362917 7975651055 322128 28381  15040
89.349367862 7975978981 327926 28366  14779
89.361347991 7976301044 322063 28376  14555
89.373358696 7976628940 327896 28381  14672
89.385362962 7976951485 322545 28400  14654
89.397361803 7977278758 327273 28366  15899
89.409351625 7977600483 321725 28373  14233
89.421363197 7977928179 327696 28362  15111
89.433364509 7978250327 322148 28386  14595
89.445359384 7978578311 327984 28371  14234
89.457348969 7984328603 5750292 500503  257269
89.473365740 7984649006 320403 27770  15291
89.485347558 7984971040 322034 28370  13667
89.497361691 7985298817 327777 28370  14854
89.509369039 7985620585 321768 28371  14832
89.521351767 7985948765 328180 28364  13846
89.533346939 7986271063 322298 28375  14869
89.545358742 7986598511 327448 28364  14733
89.557350410 7986921239 322728 28392  15236
89.569352605 7987249625 328386 28374  15566
89.581361937 7987572045 322420 28377  14969
89.593364089 7987900382 328337 28386  14330
89.605360551 7988222817 322435 28369  15671
89.617360346 7988550386 327569 28372  15159
89.629363134 7988872757 322371 28375  15626
89.641360017 7989200696 327939 28357  15204
89.653361735 7989522916 322220 28387  14372
89.665349987 7989850877 327961 28378  14029
89.677349992 7990172821 321944 28362  15361
89.689348421 7990500309 327488 28368  14297
89.701359743 7990822739 322430 28375  14920
89.713348881 7991150816 328077 28378  14186
89.725363444 7991473348 322532 28379  15231
89.737361912 7991801343 327995 28374  14876
89.749346701 7992123759 322416 28377  16471
89.761347213 7992451195 327436 28373  14567
89.773349695 7992773546 322351 28392  14816
89.785342480 7993101592 328046 28379  14540
89.797350935 7993424284 322692 28403  15029
89.809347871 7993752396 328112 28368  15874
89.821357796 7994074806 322410 28382  14305
89.833365369 7994402456 327650 28387  14673
89.845361287 7994724827 322371 28376  14382
89.857361092 7995052965 328138 28379  15171
89.869346840 7995375169 322204 28374  14559
89.881360983 7995703344 328175 28369  15515
89.893348798 7996025625 322281 28373  15151
89.905350690 7996353336 327711 28390  14883
89.917349349 7996675798 322462 28391  14546
89.929359577 7997003868 328070 28383  16108
89.941347939 7997326106 322238 28367  13812
89.953346381 7997654070 327964 28373  15850
89.965360610 7997976620 322550 28382  15990
89.977360405 7998304092 327472 28373  14305
89.989368091 7998626403 322311 28373  15134
90.001351476 7998954618 328215 28376  15285
90.013348951 7999277708 323090 28363  15053
90.025349099 7999604986 327278 28367  15093
90.037359822 7999933361 328375 28373  15281
90.049349350 8000255163 321802 28379  15194
90.061359196 8000583035 327872 28363  16034
90.073362518 8000905269 322234 28373  15178
90.085360390 8001233202 327933 28373  15120
90.097350098 8001555246 322044 28360  15199
90.109351154 8001883449 328203 28380  15390
90.121358449 8002205313 321864 28371  15005
90.133349081 8002533363 328050 28363  15253
90.145356150 8002855500 322137 28371  16556
90.157352125 8003183435 327935 28364  15305
90.169349667 8003505647 322212 28361  14888
90.181361869 8003833775 328128 28366  14492
90.193347951 8004155436 321661 28369  14021
90.205347316 8004483392 327956 28376  16745
90.217361475 8004806048 322656 28384  15242
90.229348364 8005134203 328155 28373  15738
90.241348825 8005456843 322640 28370  15610
90.253348374 8005785089 328246 28370  16359
90.265361290 8006107098 322009 28378  15861
90.277360728 8006435277 328179 28371  14317
90.289346423 8006763380 328103 28374  15698
90.301368222 8007085696 322316 28372  15987
90.313361587 8007413625 327929 28379  15991
90.325360939 8007736242 322617 28372  15041
90.337358672 8008063944 327702 28375  16026
90.349349070 8008386246 322302 28372  15383
90.361361318 8008714299 328053 28376  15167
90.373358981 8009036709 322410 28384  16124
90.385348363 8009364816 328107 28383  15384
90.397363941 8009687637 322821 28385  15776
90.409360317 8010015213 327576 28373  16186
90.421350089 8010337893 322680 28379  14689
90.433350027 8010666110 328217 28379  16795
90.445348622 8010988728 322618 28385  14299
90.457355588 8015848149 4859421 422130  228449
90.473379995 8016169175 321026 27774  14747
90.485348690 8016496584 327409 28354  14776
90.497365209 8016819044 322460 28365  15301
90.509360538 8017147116 328072 28360  16210
90.521349809 8017469814 322698 28376  15332
90.533359551 8017797791 327977 28378  16043
90.545347310 8018120127 322336 28363  14749
90.557358149 8018447441 327314 28359  15304
90.569347260 8018769598 322157 28369  15927
90.581361280 8019097572 327974 28372  15997
90.593364385 8019419630 322058 28374  15300
90.605350736 8019747681 328051 28366  16179
90.617349349 8020075627 327946 28362  15362
90.629366424 8020397467 321840 28365  15678
90.641351452 8020725313 327846 28362  16004
90.653357722 8021047341 322028 28368  15290
90.665363870 8021375256 327915 28357  15595
90.677362503 8021697517 322261 28377  15612
90.689364181 8022025534 328017 28373  16254
90.701350666 8022347325 321791 28374  15208
90.713360442 8022675479 328154 28372  15051
90.725350640 8022997947 322468 28376  14854
90.737361535 8023326125 328178 28366  16392
90.749349141 8023654634 328509 28386  16292
90.761347730 8023977548 322914 28383  16119
90.773361939 8024305194 327646 28365  15359
90.785358314 8024627610 322416 28368  15898
90.797347222 8024955683 328073 28376  15308
90.809358812 8025278011 322328 28376  14996
90.821362843 8025606072 328061 28372  14663
90.833348628 8025928524 322452 28372  14660
90.845348111 8026256341 327817 28376  15762
90.857348989 8026578834 322493 28380  14765
90.869350312 8026906929 328095 28375  14713
90.881347137 8027235089 328160 28383  14944
90.893360669 8027557597 322508 28380  15253
90.905349537 8027885546 327949 28368  14856
90.917348173 8028207509 321963 28370  16234
90.929361956 8028535642 328133 28372  15433
90.941355784 8028858227 322585 28375  15996
90.953360900 8029186428 328201 28366  15693
90.965359575 8029509176 322748 28374  15152
90.977351623 8029837552 328376 28380  16415
90.989350065 8030165071 327519 28364  15209
91.001351631 8030487499 322428 28366  16340
91.013359803 8030815447 327948 28369  15890
91.025361099 8031137950 322503 28362  15624
91.037360747 8031466208 328258 28372  16206
91.049359572 8031789026 322818 28374  15712
91.061349768 8032116757 327731 28371  16166
91.073349096 8032439121 322364 28367  15155
91.085349948 8032767448 328327 28368  15168
91.097368791 8033095594 328146 28373  15328
91.109361639 8033418052 322458 28368  15525
91.121347224 8033745903 327851 28362  16124
91.133347750 8034067867 321964 28370  15223
91.145363105 8034396165 328298 28375  16566
91.157362351 8034718743 322578 28362  15567
91.169353586 8035047310 328567 28375  16558
91.181349458 8035370139 322829 28363  15397
91.193361737 8035698306 328167 28369  15228
91.205360872 8036025931 327625 28363  15865
91.217341747 8036348863 322932 28399  17018
91.229361150 8036676797 327934 28377  14894
91.241362765 8036999023 322226 28360  15438
91.253361191 8037327176 328153 28369  16435
91.265365776 8037649784 322608 28380  15471
91.277363708 8037977276 327492 28366  16512
91.289363247 8038305511 328235 28392  15128
91.301361035 8038628225 322714 28379  15899
91.313347794 8038956215 327990 28376  15776
91.325349399 8039278816 322601 28373  15290
91.337361419 8039606962 328146 28367  16903
91.349360614 8039929251 322289 28384  16444
91.361347955 8040257301 328050 28365  15476
91.373348840 8040580497 323196 28367  16181
91.385359233 8040908367 327870 28358  16442
91.397351328 8041236472 328105 28350  15637
91.409348853 8041559362 322890 28372  15278
91.421371169 8041887268 327906 28372  16360
91.433362812 8042210114 322846 28390  14773
91.445358633 8042538263 328149 28367  16460
91.457348265 8047311490 4773227 413996  226807
91.473366856 8047628552 317062 27860  15586
91.485360315 8047956845 328293 28385  16840
91.497359596 8048284795 327950 28375  14917
91.509350635 8048607513 322718 28361  17298
91.521363141 8048935651 328138 28377  16449
91.533352199 8049258595 322944 28358  16180
91.545347145 8049586809 328214 28377  15956
91.557348403 8049913539 326730 28364  17185
91.569348122 8050237562 324023 28384  14955
91.581358681 8050566346 328784 28387  16487
91.593363326 8050888933 322587 28364  16016
91.605361379 8051217180 328247 28371  15666
91.617348847 8051540268 323088 28373  16530
91.629349282 8051868692 328424 28376  15664
91.641348278 8052196531 327839 28363  14731
91.653361990 8052520042 323511 28385  16002
91.665349172 8052848955 328913 28382  15692
91.677348794 8053171785 322830 28356  16508
91.689360607 8053500639 328854 28390  16804
91.701362828 8053823209 322570 28361  15428
91.713361908 8054150976 327767 28374  15175
91.725346799 8054479275 328299 28369  15700
91.737350261 8054802261 322986 28371  17084
91.749371807 8055130773 328512 28378  16583
91.761349702 8055453939 323166 28376  15396
91.773346455 8055782198 328259 28372  17081
91.785360166 8056109641 327443 28355  15418
91.797362099 8056432511 322870 28375  15841
91.809348287 8056760688 328177 28377  16105
91.821349522 8057083550 322862 28363  16489
91.833360485 8057411755 328205 28363  16727
91.845362720 8057734925 323170 28366  15977
91.857347666 8058063039 328114 28368  16510
91.869362665 8058391398 328359 28372  16023
91.881348344 8058714694 323296 28375  16773
91.893359052 8059043264 328570 28379  15062
91.905367595 8059366404 323140 28378  16673
91.917362243 8059695520 329116 28390  16639
91.929362429 8060023685 328165 28389  16167
91.941363031 8060347195 323510 28388  17867
91.953363303 8060675612 328417 28359  15582
91.965347795 8060999068 323456 28375  16562
91.977358520 8061327547 328479 28377  15959
91.989360373 8061651158 323611 28370  16193
92.001359665 8061979679 328521 28394  16815
92.013349557 8062308121 328442 28370  16670
92.025361312 8062631952 323831 28372  15484
92.037361201 8062960587 328635 28368  17214
92.049361493 8063284384 323797 28389  15632
92.061354502 8063613084 328700 28368  17287
92.073350947 8063941184 328100 28372  15404
92.085358579 8064264806 323622 28378  16603
92.097350135 8064593499 328693 28367  16456
92.109349260 8064917038 323539 28365  17085
92.121348769 8065245581 328543 28378  15279
92.133361731 8065574264 328683 28369  16873
92.145347390 8065897802 323538 28374  16257
92.157347325 8066226653 328851 28364  15575
92.169348107 8066550739 324086 28363  16782
92.181348143 8066879631 328892 28365  16052
92.193359335 8067208494 328863 28380  15789
92.205362304 8067532540 324046 28376  16652
92.217359949 8067861097 328557 28371  16459
92.229360525 8068185444 324347 28361  16555
92.241363197 8068514619 329175 28365  16510
92.253349856 8068841930 327311 28375  16125
92.265348484 8069168372 326442 28362  16320
92.277349474 8069497339 328967 28370  15933
92.289361705 8069821670 324331 28377  16635
92.301347607 8070150995 329325 28370  16818
92.313358323 8070476535 325540 28376  15904
92.325359456 8070805952 329417 28362  16568
92.337360974 8071135151 329199 28364  16541
92.349364192 8071460259 325108 28370  17233
92.361362805 8071789251 328992 28383  16195
92.373350060 8072114582 325331 28379  15883
92.385369303 8072444046 329464 28382  16812
92.397360891 8072773690 329644 28388  15929
92.409347700 8073099462 325772 28378  16604
92.421360042 8073429505 330043 28389  16550
92.433361487 8073755153 325648 28376  16040
92.445360550 8074084844 329691 28355  16615
92.457350201 8074414686 329842 28371  16654
92.468393339 8078366420 3951734 338900  191089
92.480362504 8078698546 332126 28381  15750
92.492349922 8079031562 333016 28356  16408
92.504349318 8079364037 332475 28378  15859
92.516361530 8079696869 332832 28366  16062
92.528359473 8080030283 333414 28372  17042
92.540356691 8080363542 333259 28374  16110
92.552349553 8080696932 333390 28374  15761
92.564346959 8081030373 333441 28378  16477
92.576362774 8081363201 332828 28374  16545
92.588350346 8081696569 333368 28358  17015
92.600349688 8082030166 333597 28387  15214
92.612359894 8082363440 333274 28371  17815
92.624362709 8082696774 333334 28365  17265
92.636348934 8083029928 333154 28358  16628
92.648346973 8083362965 333037 28366  17660
92.660361859 8083696391 333426 28374  16294
92.672361545 8084029563 333172 28358  16858
92.684348827 8086425167 2395604 28359  16906
92.696355579 8088928522 2503355 28373  13252
92.708361178 8090491880 1563358 28376  11360
92.720359603 8092981176 2489296 28360  13976
92.732360849 8095496140 2514964 28356  15028
92.744348907 8096100751 604611 28375  12782
92.756361410 8098432231 2331480 28358  19488
92.768360892 8100987184 2554953 28338  14510
92.780348351 8102143783 1156599 28368  11150
92.792349703 8104760382 2616599 28358  13923
92.804363362 8106643696 1883314 28358  10657
92.816358867 8107254490 610794 28366  17617
92.828346626 8107833859 579369 28365  23995
92.840348058 8108451419 617560 28377  28222
92.852355850 8110879716 2428297 28370  14667
92.864354340 8113383427 2503711 28361  14338
92.876360995 8115296456 1913029 28364  13687
92.888343660 8117826097 2529641 28359  14302
92.900346749 8118943437 1117340 28376  8783
92.912362355 8119748018 804581 28351  20822
92.924363027 8122317641 2569623 28357  16202
92.936349639 8124525448 2207807 28346  11856
92.948350185 8127028339 2502891 28371  17686
92.960359367 8129539547 2511208 28358  13325
92.972362069 8130140565 601018 28369  12978
92.984347051 8130720525 579960 28375  17864
92.996361830 8131352439 631914 28363  28215
93.008361596 8131873770 521331 28362  25620
93.020358441 8132505317 631547 28358  28204
93.032349634 8133137341 632024 28373  28234
93.044349442 8133769604 632263 28369  28240
93.056363235 8135961345 2191741 28364  20084
93.068360233 8138571210 2609865 28364  12832
93.080350069 8139816562 1245352 28365  8878
93.092348854 8142521820 2705258 28360  14067
93.104364250 8144173642 1651822 28374  9959
93.116361852 8144784632 610990 28366  16609
93.128347161 8147250089 2465457 28375  16604
93.140349696 8149766631 2516542 28367  15711
93.152359672 8151615903 1849272 28360  13782
93.164350590 8154192121 2576218 28363  14153
93.176354693 8155341081 1148960 28364  9106
93.188364108 8155920702 579621 28372  21544
93.200353071 8156552286 631584 28363  26817
93.212348246 8157577938 1025652 28366  23920
93.224361645 8160112978 2535040 28367  15585
93.236360261 8162072187 1959209 28362  11408
93.248361709 8164581412 2509225 28358  15297
93.260350335 8167087540 2506128 28358  14047
93.272347297 8167691329 603789 28373  11388
93.284346822 8169284999 1593670 28352  19730
93.296351168 8172007428 2722429 28344  13900
93.308361374 8173265438 1258010 28360  12656
93.320358329 8175780509 2515071 28351  15664
93.332372028 8178251953 2471444 28359  16128
93.344364480 8178862299 610346 28389  15023
93.356347896 8179441537 579238 28375  25377
93.368359151 8180073308 631771 28368  27239
93.380346420 8180595006 521698 28359  23943
93.392363499 8181226329 631323 28357  28185
93.404348041 8181857204 630875 28352  28179
93.416347646 8182346337 489133 28366  26427
93.428347352 8182901025 554688 28361  26191
93.440360731 8183532348 631323 28357  28199
93.452359057 8184163671 631323 28355  28200
93.464359858 8184795124 631453 28362  28200
93.476361481 8185427275 632151 28374  28237
93.488355829 8186058642 631367 28344  28195
93.500350389 8186691024 632382 28385  28231
93.512348637 8187995416 1304392 28366  23358
93.524350860 8190521329 2525913 28364  13893
93.536348235 8192090495 1569166 28374  10877
93.548362504 8194589724 2499229 28358  13585
93.560349933 8197103354 2513630 28364  13153
93.572359125 8197705155 601801 28383  13636
93.584361674 8200047167 2342012 28370  20736
93.596361126 8202613443 2566276 28360  13210
93.608361375 8203760656 1147213 28366  5178
93.620349494 8206399159 2638503 28362  13857
93.632348593 8208288405 1889246 28358  11521
93.644361608 8208897690 609285 28364  17079
93.656616537 8209476116 578426 28358  24638
93.668353651 8210066886 590770 28348  27042
93.680343808 8212528841 2461955 28360  12555
93.692363128 8215039526 2510685 28364  12605
93.704362063 8217243520 2203994 28370  15692
93.716362915 8219967456 2723936 28362  15530
93.728362925 8220639432 671976 28378  7424
93.740348016 8221854332 1214900 28354  18910
93.752349641 8224528975 2674643 28350  14981
93.764350284 8226206687 1677712 28377  10561
93.776348060 8228703237 2496550 28354  16080
93.788364032 8231206277 2503040 28357  14727
93.800348031 8231807294 601017 28364  12204
93.812369817 8232386280 578986 28360  21224
93.824347375 8233018051 631771 28370  26650
93.836346340 8233540645 522594 28398  25884
93.848348330 8234172416 631771 28370  28214
93.860347879 8234803963 631547 28364  28215
93.872350434 8235428896 624933 28352  28176
93.884348417 8237734336 2305440 28368  18472
93.896362776 8240250006 2515670 28354  12671
93.908359044 8241797908 1547902 28379  11036
93.920358587 8244318678 2520770 28366  12989
93.932358462 8245881663 1562985 28373  12432
93.944360578 8246466097 584434 28373  15797
93.956363254 8248950822 2484725 28361  15388
93.968367716 8251447823 2497001 28343  16113
93.980360362 8253705918 2258095 28366  17566
93.992359160 8256315886 2609968 28375  13914
94.004363243 8257034760 718874 28380  7249
94.016360508 8257612626 577866 28364  23484
94.028350377 8258245027 632401 28370  27224
94.040359143 8259718235 1473208 28357  23656
94.052360291 8262215459 2497224 28369  14919
94.064350004 8263789228 1573769 28358  10086
94.076347332 8266288141 2498913 28370  14765
94.088358748 8268799727 2511586 28345  12970
94.100361521 8269400464 600737 28385  14465
94.112349903 8271611572 2211108 28360  17768
94.124357149 8274245690 2634118 28354  14789
94.136362164 8275426680 1180990 28381  11911
94.148347633 8277962166 2535486 28351  13566
94.160359738 8279968284 2006118 28366  9810
94.172362441 8280577286 609002 28365  20534
94.184348710 8281157168 579882 28392  22136
94.196349615 8281769333 612165 28342  26745
94.208360491 8282311115 541782 28375  25132
94.220349053 8282942856 631741 28368  28217
94.232358409 8283574179 631323 28363  28203
94.244345690 8283986453 412274 28365  27001
94.256349676 8284618028 631575 28353  28196
94.268359059 8285249467 631439 28355  28200
94.280346864 8285880870 631403 28370  28211
94.292368777 8286512417 631547 28356  28205
94.304350338 8287143516 631099 28358  28195
94.316363441 8287774615 631099 28348  28189
94.328347869 8288371062 596447 28349  26097
94.340347725 8288773424 402362 28382  25913
94.352360748 8289405195 631771 28365  28218
94.364361123 8290036801 631606 28359  28199
94.376347809 8290667617 630816 28344  28176
94.388348744 8291298940 631323 28357  28203
94.400360220 8291929815 630875 28333  28171
94.412359056 8292560914 631099 28346  28181
94.424346484 8293192643 631729 28349  28206
94.436349227 8293824072 631429 28344  28196
94.448369500 8294456335 632263 28371  28238
94.460348488 8295088710 632375 28368  28235
94.472357734 8295720302 631592 28339  28204
94.484350289 8296352005 631703 28352  28218
94.496360195 8296984182 632177 28367  28225
94.508362453 8297408766 424584 28373  23076
94.520349153 8298234104 825338 28361  27486
94.532348242 8300854896 2620792 28355  13191
94.544361144 8302716611 1861715 28355  10887
94.556346523 8305212032 2495421 28374  16658
94.568349345 8307701132 2489100 28357  17920
94.580346117 8308305091 603959 28396  9214
94.592346972 8309867097 1562006 28347  17738
94.604370455 8312641482 2774385 28362  15182
94.616349721 8313894210 1252728 28382  10600
94.628360053 8316379554 2485344 28366  16510
94.640349972 8318879157 2499603 28371  13665
94.652364365 8319490623 611466 28397  15640
94.664359623 8320069413 578790 28340  24555
94.676358689 8320701110 631697 28352  27153
94.688361418 8323100810 2399700 28365  17897
94.700361510 8325616451 2515641 28386  13836
94.712347413 8327161418 1544967 28365  10945
94.724359275 8329679696 2518278 28364  13770
94.736360137 8331238757 1559061 28367  12964
94.748359366 8331819893 581136 28368  17139
94.760369292 8334379280 2559387 28357  13322
94.772347904 8336824515 2445235 28365  13168
94.784348967 8339247641 2423126 28363  16624
94.796347492 8341825515 2577874 28365  12909
94.808358641 8342427496 601981 28353  10239
94.820349197 8343007244 579748 28375  18492
94.832358792 8343639015 631771 28362  27287
94.844363235 8344161311 522296 28374  25529
94.856349134 8344793499 632188 28374  28235
94.868347899 8345425151 631652 28368  28217
94.880358465 8346056474 631323 28360  28205
94.892360571 8347943745 1887271 28353  21226
94.904349499 8350569401 2625656 28364  15169
94.916346962 8351969369 1399968 28366  11218
94.928356381 8354561556 2592187 28372  14235
94.940348213 8356476413 1914857 28357  14652
94.952347929 8357085030 608617 28350  15788
94.964363032 8359551544 2466514 28365  14379
94.976348533 8362065296 2513752 28349  14156
94.988361079 8363723365 1658069 28375  11142
95.000360325 8366409996 2686631 28358  16340
95.012347320 8367671207 1261211 28360  10815
95.024350986 8368238294 567087 28378  19307
95.036361789 8368869841 631547 28364  26216
95.048347891 8369875047 1005206 28345  23415
95.060349700 8372534219 2659172 28365  14160
95.072360165 8374418862 1884643 28365  9647
95.084367641 8376908515 2489653 28365  17261
95.096362210 8379421893 2513378 28353  12977
95.108361132 8380024639 602746 28356  13719
95.120361638 8381623624 1598985 28346  17968
95.132347421 8384343919 2720295 28361  15241
95.144361293 8385596657 1252738 28363  11379
95.156350065 8388147329 2550672 28358  13051
95.168359431 8390598432 2451103 28361  15124
95.180359774 8391208582 610150 28365  15189
95.192358442 8391787540 578958 28362  22828
95.204348717 8392418639 631099 28358  26056
95.216360970 8392941009 522370 28372  26348
95.228359852 8393572332 631323 28353  28203
95.240356455 8394202983 630651 28339  28170
95.252348103 8394677556 474573 28356  27022
95.264349486 8395246832 569276 28358  25460
95.276348605 8395878526 631694 28352  28211
95.288350017 8396510122 631596 28365  28217
95.300359703 8397142075 631953 28357  28216
95.312347759 8397773104 631029 28347  28200
95.324361554 8398404987 631883 28375  28224
95.336346383 8399036086 631099 28342  28184
95.348348718 8400342318 1306232 28361  23334
95.360347991 8402853902 2511584 28347  13107
95.372348197 8404420019 1566117 28379  10112
95.384349819 8406919894 2499875 28370  13088
95.396349898 8409433994 2514100 28369  13961
95.408360074 8410034905 600911 28372  16380
95.420359290 8412344894 2309989 28362  18152
95.432361208 8414918641 2573747 28360  13131
95.444360674 8416130352 1211711 28380  10571
95.456349783 8418750821 2620469 28354  14093
95.468361679 8420609691 1858870 28348  10716
95.480360598 8421220569 610878 28364  20736
95.492360543 8421800015 579446 28362  23702
95.504348982 8422397953 597938 28351  26731
95.516362102 8424841932 2443979 28358  14631
95.528362154 8427356869 2514937 28357  13963
95.540361726 8429437498 2080629 28363  16811
95.552360409 8432031990 2594492 28351  15782
95.564367928 8432951459 919469 28368  10577
95.576362133 8434059408 1107949 28365  19092
95.588346952 8436667413 2608005 28358  13183
95.600347417 8438537701 1870288 28357  9896
95.612350007 8441023589 2485888 28350  16329
95.624361979 8443527936 2504347 28362  17445
95.636612078 8444132089 604153 28376  22311
95.648349460 8444711775 579686 28391  26126
95.660347336 8445343472 631697 28355  28203
95.672347115 8445864992 521520 28365  24163
95.684360411 8446496091 631099 28348  28185
95.696347813 8447127190 631099 28351  28182
95.708347748 8447758513 631323 28360  28197
95.720369262 8450050029 2291516 28353  18296
95.732360554 8452565443 2515414 28375  12910
95.744349626 8454113519 1548076 28360  9774
95.756348245 8456627392 2513873 28361  14892
95.768358617 8458200628 1573236 28369  13457
95.780362653 8458797164 596536 28374  18188
95.792359449 8461274257 2477093 28357  13354
95.804362301 8463792054 2517797 28363  13363
95.816361190 8466125121 2333067 28373  15536
95.828360486 8468705756 2580635 28362  13243
95.840358082 8469371203 665447 28366  9757
95.852350251 8469950189 578986 28366  17080
95.864359513 8470581736 631547 28360  26262
95.876369759 8472044992 1463256 28358  23749
95.888350714 8474555906 2510914 28360  13909
95.900349850 8476119109 1563203 28375  11376
95.912362266 8478627498 2508389 28364  14445
95.924346062 8481141213 2513715 28355  12322
95.936351991 8481742731 601518 28371  16541
95.948348243 8483961125 2218394 28367  19336
95.960360819 8486506854 2545729 28366  14903
95.972345544 8487780154 1273300 28367  13443
95.984348010 8490409342 2629188 28356  13365
95.996350776 8492291511 1882169 28353  13573
96.008343501 8492902305 610794 28375  15789
96.020364001 8493479723 577418 28295  25028
96.032353343 8494100400 620677 28354  26473
96.044368139 8494633192 532792 28367  26487
96.056363071 8495264429 631237 28343  28186
96.068358164 8495895390 630961 28345  28187
96.080348426 8496307664 412274 28369  23436
96.092348222 8496939211 631547 28362  28213
96.104361741 8497569862 630651 28348  28173
96.116359233 8498200961 631099 28357  28197
96.128351179 8498832060 631099 28352  28190
96.140359702 8499463159 631099 28344  28184
96.152364580 8500094034 630875 28348  28183
96.164359946 8500697164 603130 28356  26762
96.176359146 8501091201 394037 28381  25922
96.188348867 8501722598 631397 28361  28205
96.200369457 8502354145 631547 28357  28210
96.212349199 8502985916 631771 28365  28224
96.224359582 8503617575 631659 28361  28212
96.236350204 8504248562 630987 28345  28188
96.248361736 8504879437 630875 28353  28181
96.260360126 8505510312 630875 28341  28186
96.272347851 8506141411 631099 28353  28190
96.284348867 8506772510 631099 28344  28191
96.296361919 8507403609 631099 28344  28195
96.308359532 8508034932 631323 28353  28201
96.320347737 8508665583 630651 28341  28175
96.332349146 8509296682 631099 28348  28186
96.344346676 8509733592 436910 28358  23938
96.356369338 8510022641 289049 28363  28216
96.368349293 8510654860 632219 28381  28233
96.380361499 8511286855 631995 28373  28225
96.392350132 8511917730 630875 28341  28178
96.404361667 8512549277 631547 28357  28209
96.416348756 8513180180 630903 28340  28178
96.428347626 8513811475 631295 28354  28192
96.440348541 8514443022 631547 28350  28201
96.452348627 8515074121 631099 28355  28195
96.464348889 8515704997 630876 28344  28179
96.476348005 8516336544 631547 28351  28209
96.488359665 8516968269 631725 28357  28210
96.500359566 8517599638 631369 28359  28208
96.512367342 8518230737 631099 28341  28189
96.524348771 8518862070 631333 28354  28186
96.536349173 8519494557 632487 28385  28249
96.548348726 8520127044 632487 28383  28253
96.560359792 8520759307 632263 28358  28236
96.572350380 8521391181 631874 28356  28219
96.584362020 8522023581 632400 28362  28243
96.596359032 8522655648 632067 28365  28231
96.608346192 8523287463 631815 28362  28221
96.620361434 8523919951 632488 28368  28236
96.632360059 8524551460 631509 28336  28205
96.644359372 8525183524 632064 28357  28231
96.656347381 8525815834 632310 28368  28245
96.668347616 8526448073 632239 28363  28231
96.680355146 8527079365 631292 28332  28196
96.692362225 8527568023 488658 28360  23425
96.704360324 8527808304 240281 28367  28233
96.716361214 8528048666 240362 28378  28221
96.728347152 8530342479 2293813 28360  23693
96.740358855 8532840287 2497808 28371  15041
96.752347777 8533974294 1134007 28367  8853
96.764347857 8536611382 2637088 28349  15739
96.776359046 8538496268 1884886 28361  8615
96.788345754 8539106922 610654 28369  20376
96.800359740 8541570195 2463273 28358  17844
96.812359053 8544080437 2510242 28362  14154
96.824362029 8545734278 1653841 28375  13225
96.836368888 8548430622 2696344 28360  13540
96.848359134 8549671434 1240812 28374  7582
96.860350023 8550241041 569607 28381  20660
96.872349075 8550872588 631547 28355  26758
96.884347911 8551894727 1022139 28351  24077
96.896346993 8554533397 2638670 28365  13269
96.908348806 8556423625 1890228 28362  10868
96.920362088 8558913420 2489795 28355  15782
96.932346978 8561433266 2519846 28374  16040
96.944350314 8562037615 604349 28385  11453
96.956361016 8563738438 1700823 28306  19746
96.968347611 8566462146 2723708 28359  13888
96.980348784 8567596884 1134738 28366  12120
96.992361737 8570129077 2532193 28349  15538
97.004349116 8572596923 2467846 28368  15500
97.016360445 8573207415 610492 28373  15083
97.028361017 8573785863 578448 28371  23451
97.040361600 8574416682 630819 28349  28188
97.052360506 8574938604 521922 28362  26273
97.064359935 8575570491 631887 28367  28216
97.076360274 8576201698 631207 28350  28199
97.088349829 8576677783 476085 28363  26075
97.100349179 8579125342 2447559 28371  13851
97.112362421 8581633988 2508646 28362  16330
97.124347996 8583719643 2085655 28351  14420
97.136361462 8586320050 2600407 28351  14055
97.148374075 8587235315 915265 28370  8270
97.160360028 8588362820 1127505 28357  22316
97.172360537 8590975252 2612432 28344  15585
97.184358915 8592823152 1847900 28365  8656
97.196347355 8595319892 2496740 28355  17743
97.208347681 8597825617 2505725 28360  15440
97.220347093 8598428911 603294 28375  16066
97.232351789 8599007449 578538 28356  20255
97.244347368 8599638324 630875 28356  28176
97.256360527 8601589013 1950689 28356  19965
97.268359266 8604160346 2571333 28361  15743
97.280348496 8605452029 1291683 28360  10585
97.292360392 8608031297 2579268 28354  15169
97.304362364 8610135267 2103970 28358  11472
97.316357186 8610746679 611412 28364  19158
97.328349475 8613214967 2468288 28360  19820
97.340346078 8615724000 2509033 28363  12798
97.352347950 8617268130 1544130 28377  10330
97.364362010 8619784196 2516066 28354  13736
97.376362288 8621341603 1557407 28374  9435
97.388349234 8621922011 580408 28361  16748
97.400361577 8622527127 605116 28370  27427
97.412362053 8623049721 522594 28372  24881
97.424347161 8623681674 631953 28366  28216
97.436358107 8624313173 631499 28361  28212
97.448360437 8624944138 630965 28354  28192
97.460345722 8625356188 412050 28356  26323
97.472355704 8625986840 630652 28343  28170
97.484361937 8626617939 631099 28344  28189
97.496360536 8627249486 631547 28364  28208
97.508360279 8627880703 631217 28347  28196
97.520359142 8628511878 631175 28346  28192
97.532350477 8629142783 630905 28367  28196
97.544360949 8629664217 521434 28362  23632
97.556359695 8632030463 2366246 28359  23561
97.568348038 8634531488 2501025 28361  12513
97.580345106 8635970125 1438637 28384  9153
97.592362359 8638460905 2490780 28364  12443
97.604359578 8640117135 1656230 28371  12868
97.616349958 8640727229 610094 28360  16224
97.628355344 8643195626 2468397 28369  15747
97.640360196 8645717964 2522338 28360  12281
97.652345851 8647532950 1814986 28355  9914
97.664350311 8650055645 2522695 28380  13716
97.676347583 8651286673 1231028 28373  8533
97.688359799 8651859304 572631 28377  16307
97.700358802 8652491075 631771 28361  28210
97.712349111 8653542623 1051548 28357  23381
97.724350360 8656153579 2610956 28361  13291
97.736359480 8658032256 1878677 28364  10457
97.748359562 8660524102 2491846 28348  16181
97.760348944 8663026245 2502143 28357  15781
97.772359490 8663629670 603425 28356  11528
97.784368953 8665262959 1633289 28364  18729
97.796362346 8667926441 2663482 28362  13574
97.808350298 8669212123 1285682 28372  11141
97.820348560 8671769245 2557122 28348  13233
97.832361373 8674201970 2432725 28360  14385
97.844358595 8674811448 609478 28376  12095
97.856348881 8675390630 579182 28364  24552
97.868348407 8676022401 631771 28371  26970
97.880361207 8676545219 522818 28390  25427
97.892359803 8677176542 631323 28355  28198
97.904349534 8677807417 630875 28339  28188
97.916349924 8678293022 485605 28353  27413
97.928360506 8680749205 2456183 28366  14445
97.940344856 8683263501 2514296 28354  12301
97.952357875 8685351522 2088021 28366  13146
97.964349778 8687967630 2616108 28362  13541
97.976361180 8688859514 891884 28390  7858
97.988361243 8690044743 1185229 28375  20091
98.000347701 8692573629 2528886 28370  13633
98.012347967 8694434919 1861290 28365  11281
98.024357773 8696932807 2497888 28374  13125
98.036359663 8699457133 2524326 28360  12913
98.048349305 8700059046 601913 28364  11993
98.060347961 8700637323 578277 28375  21373
98.072361773 8701268683 631360 28353  28206
98.084361736 8703330465 2061782 28369  20094
98.096349398 8705937378 2606913 28362  13266
98.108371394 8707181758 1244380 28373  8538
98.120365114 8709765387 2583629 28362  13655
98.132360306 8711785956 2020569 28357  9789
98.144350912 8712396526 610570 28369  18572
98.156347714 8714863627 2467101 28356  14947
98.168362143 8717378327 2514700 28347  13462
98.180357713 8718961649 1583322 28370  14739
98.192346219 8721668897 2707248 28355  13909
98.204348825 8722989120 1320223 28382  5561
98.216361871 8723550803 561683 28371  20726
98.228347502 8724183470 632667 28394  28261
98.240361898 8724705511 522041 28360  24425
98.252347684 8725336939 631428 28360  28208
98.264370320 8725967814 630875 28347  28188
98.276347130 8726599219 631405 28350  28199
98.288346566 8727011635 412416 28376  22285
98.300349102 8727643182 631547 28353  28204
98.312358047 8728274505 631323 28357  28209
98.324361316 8728906276 631771 28364  28219
98.336349375 8729537098 630822 28344  28180
98.348350531 8730168440 631342 28360  28203
98.360359947 8730799296 630856 28334  28182
98.372362677 8731296103 496807 28368  26765
98.384349413 8731797934 501831 28364  28212
98.396347634 8732429481 631547 28355  28212
98.408359947 8733060356 630875 28349  28183
98.420367076 8733691455 631099 28349  28195
98.432349909 8734322778 631323 28362  28204
98.444359228 8734953653 630875 28346  28184
98.456363191 8735584528 630875 28345  28183
98.468360030 8736215747 631219 28351  28193
98.480348975 8736846727 630980 28363  28195
98.492347648 8737478274 631547 28361  28206
98.504351047 8738109597 631323 28363  28200
98.516357153 8738740920 631323 28363  28196
98.528346899 8739372467 631547 28363  28209
98.540349615 8740003566 631099 28346  28193
98.552360505 8740332801 329235 28377  22313
98.564361176 8741775416 1442615 28363  23922
98.576345692 8744463813 2688397 28357  15421
98.588366908 8745720874 1257061 28378  11028
98.600361044 8748263290 2542416 28363  12852
98.612358260 8750715301 2452011 28349  21001
98.624347446 8751324368 609067 28367  15289
98.636348825 8753800358 2475990 28365  20084
98.648361538 8756310012 2509654 28358  15419
98.660360961 8757830004 1519992 28369  11676
98.672349616 8760358973 2528969 28370  14685
98.684359866 8761922822 1563849 28378  9533
98.696358252 8762531404 608582 28357  20594
98.708364301 8763110614 579210 28380  25388
98.720348053 8763646535 535921 28375  24782
98.732345399 8766226858 2580323 28361  14413
98.744354942 8768647567 2420709 28366  13695
98.756360065 8771080952 2433385 28361  16430
98.768361237 8773547374 2466422 28355  14020
98.780359750 8774222105 674731 28380  8252
98.792362186 8775452370 1230265 28357  21009
98.804349905 8778177219 2724849 28349  15475
98.816349981 8779809296 1632077 28374  9493
98.828348394 8782295284 2485988 28372  14484
98.840345566 8784807265 2511981 28366  12377
98.852361715 8785411023 603758 28367  9536
98.864346418 8785989561 578538 28367  23550
98.876350234 8786620436 630875 28345  28180
98.888360976 8787142802 522366 28379  26523
98.900368969 8787774577 631775 28366  28219
98.912360095 8788405634 631057 28345  28182
98.924350014 8789008545 602911 28358  28208
98.936348840 8791323137 2314592 28378  17215
98.948347710 8793835542 2512405 28356  14309
98.960348316 8795386237 1550695 28361  14514
98.972348948 8797908071 2521834 28371  15357
98.984362104 8799467914 1559843 28374  11568
98.996360977 8800045746 577832 28372  23662
99.008360973 8802575252 2529506 28358  13768
99.020349231 8805047962 2472710 28347  15924
99.032347511 8807429907 2381945 28367  14965
99.044360690 8809977578 2547671 28354  14657
99.056349439 8810620569 642991 28379  10015
99.068357245 8811199331 578762 28368  21127
99.080348421 8811830682 631351 28350  28196
99.092359041 8813291894 1461212 28360  25059
99.104348473 8815796116 2504222 28365  12429
99.116358769 8817371807 1575691 28376  9570
99.128361972 8819870380 2498573 28363  13372
99.140360985 8822380832 2510452 28359  14307
99.152348986 8822982465 601633 28386  11699
99.164347162 8825228755 2246290 28363  18701
99.176348232 8827825663 2596908 28357  14422
99.188347534 8829052251 1226588 28387  6067
99.200346824 8831694950 2642699 28360  13272
99.212349290 8833561261 1866311 28368  10646
99.224365942 8834171831 610570 28371  15771
99.236360878 8834749375 577544 28371  25575
99.248358701 8835348982 599607 28369  27468
99.260349634 8835904062 555080 28377  25930
99.272361176 8836534937 630875 28351  28176
99.284348561 8837166708 631771 28367  28214
99.296349121 8837578758 412050 28354  23960
99.308348887 8838211201 632443 28387  28250
99.320360629 8838842524 631323 28351  28192
99.332357692 8839473742 631218 28354  28199
99.344350235 8840104532 630790 28341  28183
99.356359677 8840735821 631289 28359  28199
99.368359423 8841366696 630875 28335  28179
99.380369593 8841954895 588199 28349  26723
99.392349879 8843607140 1652245 28371  23392
99.404349461 8846205684 2598544 28358  13506
99.416348854 8847351575 1145891 28374  7668
99.428360083 8850001133 2649558 28364  13572
99.440346409 8852344184 2343051 28367  12635
99.452346228 8852953384 609200 28367  14693
99.464362741 8855421701 2468317 28359  17392
99.476359387 8857930963 2509262 28377  13004
99.488348126 8859479314 1548351 28369  10011
99.500349408 8861993364 2514050 28365  15979
99.512348714 8863565305 1571941 28389  13828
99.524351920 8864165565 600260 28374  17661
99.536355020 8864753517 587952 28377  25194
99.548348836 8865349187 595670 28382  24575
99.560361448 8868006298 2657111 28352  13336
99.572361788 8870283050 2276752 28381  11977
99.584359907 8872763615 2480565 28363  14392
99.596350760 8875281804 2518189 28356  13665
99.608348059 8875882032 600228 28382  10105
99.620347601 8877411388 1529356 28352  20943
99.632349177 8879917444 2506056 28378  14622
99.644349220 8881491399 1573955 28348  9086
99.656362066 8883990827 2499428 28367  14839
99.668359229 8886501011 2510184 28347  13863
99.680358618 8887102982 601971 28383  13299
99.692358633 8887682192 579210 28373  25549
99.704355750 8888312843 630651 28350  26214
99.716361292 8888835437 522594 28371  26789
99.728349585 8889467432 631995 28378  28231
99.740347217 8890098755 631323 28351  28198
99.752358730 8890623784 525029 28366  27017
99.764360427 8893016127 2392343 28360  15870
99.776361575 8895522195 2506068 28347  13450
99.788360571 8897183329 1661134 28362  13153
99.800361711 8899846387 2663058 28351  14487
99.812361563 8901112855 1266468 28397  8637
99.824346859 8901754826 641971 28352  19277
99.836346745 8904414570 2659744 28357  14130
99.848361255 8906688177 2273607 28364  11664
99.860356657 8909192174 2503997 28345  16245
99.872358783 8911703116 2510942 28379  13196
99.884348113 8912305808 602692 28394  9129
99.896361215 8912885242 579434 28368  22210
99.908360928 8913517013 631771 28363  26881
99.920349897 8915068551 1551538 28376  20181
99.932347613 8917799812 2731261 28361  16371
99.944361270 8919038560 1238748 28369  11547
99.956346999 8921583658 2545098 28366  12860
99.968350091 8924040810 2457152 28367  12291
99.980345524 8924650904 610094 28374  14180
99.992361893 8927119640 2468736 28372  19067
100.004347949 8929626942 2507302 28364  12943
100.016356655 8931110989 1484047 28372  10503
100.028349361 8933671621 2560632 28361  15016
100.040347211 8935239556 1567935 28380  9683
100.052363560 8935849342 609786 28369  19952
100.064349229 8936427768 578426 28373  25869
100.076349245 8936964221 536453 28377  25173
100.088348828 8937582357 618136 28371  27628
100.100362551 8938213904 631547 28360  28208
100.112349577 8938845227 631323 28345  28198
100.124358599 8939257277 412050 28362  24152
100.136360429 8939888334 631057 28355  28185
100.148360081 8940519251 630917 28352  28187
100.160347917 8941150350 631099 28346  28193
100.172355090 8941781673 631323 28374  28210
100.184362029 8942412666 630993 28350  28172
100.196346455 8943043423 630757 28349  28183
100.208361421 8943593730 550307 28358  23206
100.220361394 8944041903 448173 28384  27247
100.232348353 8944674227 632324 28386  28240
100.244348169 8945305998 631771 28376  28210
100.256360882 8945937321 631323 28356  28205
100.268361688 8946568644 631323 28351  28207
100.280361187 8947199519 630875 28359  28182
100.292346537 8947830618 631099 28345  28189
100.304349456 8948461941 631323 28356  28198
100.316348115 8949092844 630903 28338  28185
100.328367658 8949724139 631295 28350  28198
100.340362074 8950355238 631099 28345  28192
100.352349963 8950986337 631099 28359  28196
100.364360236 8951617884 631547 28365  28207
100.376346265 8952248983 631099 28345  28189
100.388348705 8952631005 382022 28364  24248
100.400358907 8952975390 344385 28374  28240
100.412346973 8953607161 631771 28363  28215
100.424346046 8954238036 630875 28351  28186
100.436349369 8954869359 631323 28353  28198
100.448347461 8955500505 631146 28344  28194
100.460359187 8956131557 631052 28357  28198
100.472360600 8956762832 631275 28354  28194
100.484360669 8957393980 631148 28359  28207
100.496355575 8958024809 630829 28346  28178
100.508347931 8958655954 631145 28361  28206
100.520358021 8959287277 631323 28350  28197
100.532347893 8959918782 631505 28357  28201
100.544360679 8960549923 631141 28356  28195
100.556361562 8961181470 631547 28365  28209
100.568347561 8961812569 631099 28353  28191
100.580349507 8962444735 632166 28375  28229
100.592359330 8963076069 631334 28345  28205
100.604361509 8963707658 631589 28378  28222
100.616361745 8964339371 631713 28365  28204
100.628347191 8964970976 631605 28369  28224
100.640346281 8965602299 631323 28366  28203
100.652356233 8966234484 632185 28373  28226
100.664362609 8966866252 631768 28368  28220
100.676347945 8967498060 631808 28374  28230
100.688361395 8968129831 631771 28366  28214
100.700361968 8968761378 631547 28358  28211
100.712346727 8969393149 631771 28371  28219
100.724358640 8970024920 631771 28368  28222
100.736358115 8970463814 438894 28384  24709
100.748360172 8970704041 240227 28363  28237
100.760360694 8970944259 240218 28363  28235
100.772360328 8971471336 527077 28360  28211
100.784348196 8972102401 631065 28354  28182
100.796360746 8972733366 630965 28345  28185
100.808355215 8973364400 631034 28345  28175
100.820347758 8973995340 630940 28348  28197
100.832346064 8974626215 630875 28346  28175
100.844362317 8975257314 631099 28356  28182
100.856347650 8975888413 631099 28356  28185
100.868349706 8976519736 631323 28349  28187
100.880359612 8977150835 631099 28361  28197
100.892347528 8977782158 631323 28349  28199
100.904350444 8978413929 631771 28373  28219
100.916347736 8979045252 631323 28362  28206
100.928346962 8979676127 630875 28355  28172
100.940347772 8980307450 631323 28357  28189
100.952359085 8980938693 631243 28349  28197
100.964346904 8981569810 631117 28351  28193
100.976369181 8982200971 631161 28356  28199
100.988350452 8982832294 631323 28360  28200
101.000360059 8983463169 630875 28349  28179
101.012350355 8984094268 631099 28349  28192
101.024359951 8984725561 631293 28350  28190
101.036360624 8985356914 631353 28360  28205
101.048347303 8985987915 631001 28331  28178
101.060360096 8986619442 631527 28365  28207
101.072359745 8987250659 631217 28366  28204
101.084358071 8987882430 631771 28374  28220
101.096360814 8988513571 631141 28344  28186
101.108360313 8989145118 631547 28352  28208
101.120346596 8989776485 631367 28348  28199
101.132366936 8990408076 631591 28360  28206
101.144348745 8991039667 631591 28357  28205
101.156360518 8991671034 631367 28347  28198
101.168348163 8992302849 631815 28361  28208
101.180359047 8992934807 631958 28363  28210
101.192348296 8993566927 632120 28366  28238
101.204347916 8994198518 631591 28359  28209
101.216361258 8994830109 631591 28358  28214
101.228348888 8995461924 631815 28347  28220
101.240349700 8996093515 631591 28350  28205
101.252349776 8996725608 632093 28357  28231
101.264353089 8997357621 632013 28364  28228
101.276347428 8997989987 632366 28366  28236
101.288369481 8998622343 632356 28384  28249
101.300346724 8999254124 631781 28345  28208
101.312360990 8999886197 632073 28369  28227
101.324350212 9000518171 631974 28352  28211
101.336358115 9001150275 632104 28372  28237
101.348349294 9001782090 631815 28351  28214
101.360361730 9002413457 631367 28347  28200
101.372361657 9003044650 631193 28341  28187
101.384346413 9003676574 631924 28354  28216
101.396362453 9004308454 631880 28369  28225
101.408349405 9004940269 631815 28356  28213
101.420347471 9005571994 631725 28345  28206
101.432349604 9006126301 554307 28363  25620
101.444365997 9006366493 240192 28355  25610
101.456349919 9006606826 240333 28361  28233
101.468358749 9006847015 240189 28372  28235
101.480351395 9007087409 240394 28378  28248
101.492346967 9007327622 240213 28358  28200
101.504363704 9009707063 2379441 28364  22345
101.516347599 9012221776 2514713 28352  14444
101.528347279 9013771675 1549899 28367  14580
101.540349715 9016274805 2503130 28353  14246
101.552359528 9017847696 1572891 28376  9825
101.564350167 9018448656 600960 28382  22677
101.576359540 9020925179 2476523 28375  12371
101.588362736 9023430544 2505365 28357  13956
101.600360739 9025687400 2256856 28365  11644
101.612357385 9028298877 2611477 28353  13744
101.624362594 9029017039 718162 28366  9622
101.636359030 9029595353 578314 28358  16384
101.648362753 9030226004 630651 28346  28170
101.660360662 9031697996 1471992 28349  22429
101.672350318 9034194798 2496802 28369  13001
101.684359701 9035769873 1575075 28359  11757
101.696359935 9038274676 2504803 28371  13266
101.708359697 9040790764 2516088 28368  12710
101.720358553 9041392515 601751 28361  11436
101.732360939 9043566669 2174154 28378  20903
101.744349209 9046284300 2717631 28361  14709
101.756348061 9047481218 1196918 28374  9474
101.768356278 9050095874 2614656 28353  13395
101.780358417 9051968035 1872161 28369  9891
101.792346499 9052576423 608388 28367  17089
101.804349159 9053155799 579376 28378  25839
101.816347982 9053751892 596093 28367  26917
101.828361658 9054309427 557535 28365  25092
101.840361311 9054941117 631690 28373  28220
101.852347977 9055572362 631245 28361  28199
101.864347440 9056238415 666053 28392  25005
101.876345622 9058841077 2602662 28369  13482
101.888345272 9060980315 2139238 28370  16925
101.900346655 9063476973 2496658 28370  15418
101.912347084 9065986674 2509701 28361  14053
101.924373177 9066587835 601161 28376  11078
101.936360400 9068116589 1528754 28350  22693
101.948349239 9070637583 2520994 28370  14552
101.960362075 9072197848 1560265 28378  12305
101.972360922 9074692600 2494752 28369  13950
101.984359141 9077209613 2517013 28361  14625
101.996347964 9077819063 609450 28362  19806
102.008350714 9078398133 579070 28371  22639
102.020359616 9079029727 631594 28353  27520
102.032361546 9081430996 2401269 28366  16149
102.044347148 9083946414 2515418 28351  12363
102.056358544 9085498790 1552376 28383  11659
102.068362321 9088013379 2514589 28365  13859
102.080352876 9089572181 1558802 28369  8439
102.092350473 9090151077 578896 28366  20308
102.104348979 9092704301 2553224 28362  12811
102.116359975 9095154523 2450222 28364  12638
102.128366901 9097561741 2407218 28362  12687
102.140348071 9100070133 2508392 28366  13444
102.152348353 9100726234 656101 28384  3989
102.164349149 9101305603 579369 28364  20609
102.176361976 9101936543 630940 28351  28188
102.188348628 9102458241 521698 28352  24502
102.200346628 9103090460 632219 28379  28227
102.212359304 9103721559 631099 28342  28191
102.224347904 9104352210 630651 28340  28176
102.236348380 9104764260 412050 28360  26274
102.248369282 9105395359 631099 28352  28192
102.260361116 9106026234 630875 28356  28185
102.272358272 9106657109 630875 28359  28185
102.284351020 9107287984 630875 28350  28177
102.296351807 9107918635 630651 28364  28176
102.308359823 9108549510 630875 28364  28177
102.320358473 9108984749 435239 28367  24804
102.332348065 9111434800 2450051 28369  17274
102.344348581 9113937622 2502822 28362  14291
102.356359754 9115769703 1832081 28362  11439
102.368361714 9118292692 2522989 28367  13160
102.380347590 9119515764 1223072 28369  7653
102.392344590 9120229006 713242 28374  19696
102.404370696 9122891069 2662063 28376  13311
102.416346298 9125094512 2203443 28354  10640
102.428362901 9127600039 2505527 28355  13901
102.440348000 9130112332 2512293 28360  14081
102.452360090 9130714373 602041 28372  10085
102.464360893 9131294256 579883 28377  18686
102.476348233 9131926251 631995 28374  28221
102.488348599 9133455759 1529508 28356  21343
102.500346871 9136174066 2718307 28373  13722
102.512360014 9137441470 1267404 28365  8908
102.524346590 9139984289 2542819 28351  12911
102.536346349 9142442386 2458097 28350  12491
102.548358956 9143051630 609244 28363  15970
102.560354165 9145526666 2475036 28362  19796
102.572350055 9148034164 2507498 28355  12973
102.584361078 9149577566 1543402 28358  12839
102.596361950 9152105051 2527485 28359  12354
102.608360103 9153669178 1564127 28361  11088
102.620348922 9154270922 601744 28371  21334
102.632347848 9154857614 586692 28403  23497
102.644348099 9155379536 521922 28364  24425
102.656357915 9156010411 630875 28348  28176
102.668360831 9156642105 631694 28356  28205
102.680350153 9157273505 631400 28360  28207
102.692361026 9158472993 1199488 28358  24955
102.704363613 9161051047 2578054 28357  13051
102.716357662 9162685565 1634518 28356  8736
102.728359658 9165170159 2484594 28356  14974
102.740362368 9167682641 2512482 28352  15221
102.752348094 9168286520 603879 28385  10354
102.764348006 9170093682 1807162 28360  19231
102.776350093 9172695494 2601812 28360  13243
102.788360113 9173842339 1146845 28388  12177
102.800362915 9176461306 2618967 28355  15735
102.812346395 9178845915 2384609 28358  13459
102.824347407 9179457038 611123 28360  16729
102.836346434 9180036920 579882 28365  25049
102.848359560 9180668243 631323 28346  25571
102.860347693 9183076857 2408614 28350  16570
102.872342742 9185583346 2506489 28352  14209
102.884355996 9187131165 1547819 28362  15990
102.896348769 9189720410 2589245 28356  14387
102.908348255 9191216008 1495598 28374  11180
102.920360747 9191786333 570325 28367  18593
102.932347013 9194448084 2661751 28358  15655
102.944346529 9196775670 2327586 28359  14799
102.956358286 9199189610 2413940 28371  17844
102.968361372 9201697094 2507484 28357  15114
102.980359228 9202344049 646955 28370  10848
102.992359171 9202923483 579434 28383  21273
103.004349694 9203555478 631995 28366  24511
103.016361947 9204077176 521698 28371  24413
103.028347042 9204708499 631323 28350  28195
103.040356929 9205339598 631099 28347  28188
103.052358985 9205970473 630875 28336  28177
103.064359256 9206383419 412946 28387  25084
103.076362831 9207015082 631663 28358  28206
103.088346960 9207646065 630983 28350  28189
103.100360380 9208277416 631351 28346  28201
103.112360213 9208909159 631743 28375  28224
103.124350482 9209540034 630875 28344  28179
103.136349428 9210171357 631323 28357  28204
103.148347009 9210602059 430702 28357  24956
103.160360055 9211167702 565643 28352  28194
103.172357647 9211799025 631323 28347  28197
103.184349073 9212430348 631323 28355  28197
103.196374497 9213061223 630875 28345  28174
103.208363030 9213692770 631547 28362  28214
103.220348406 9214323645 630875 28334  28176
103.232348322 9214954520 630875 28346  28184
103.244347568 9215586137 631617 28354  28203
103.256358371 9216218062 631925 28378  28233
103.268348277 9216849161 631099 28345  28192
103.280349903 9217480260 631099 28354  28191
103.292360213 9218111583 631323 28350  28194
103.304362142 9218742906 631323 28360  28201
103.316347331 9219374229 631323 28352  28201
103.328346832 9219638112 263883 28361  27201
103.340360868 9221748341 2110229 28363  23186
103.352372264 9224350374 2602033 28367  14388
103.364361503 9225580288 1229914 28385  10934
103.376360583 9228191443 2611155 28346  13759
103.388349805 9230095017 1903574 28355  11590
103.400343368 9230703593 608576 28351  18198
103.412362461 9233170820 2467227 28356  15443
103.424347787 9235682630 2511810 28362  12329
103.436363273 9237358286 1675656 28353  9719
103.448347919 9240039650 2681364 28347  14949
103.460360046 9241268699 1229049 28363  8276
103.472360422 9241838531 569832 28369  16745
103.484347202 9242470526 631995 28367  27347
103.496348014 9243497872 1027346 28362  24559
103.508346770 9246146365 2648493 28358  13406
103.520355397 9248015702 1869337 28369  11498
103.532350250 9250511669 2495967 28364  16080
103.544349189 9253031680 2520011 28374  14935
103.556359305 9253636673 604993 28391  12294
103.568346605 9255426251 1789578 28349  20189
103.580350498 9258002539 2576288 28354  13694
103.592359034 9259194150 1191611 28346  5703
103.604351530 9261806136 2611986 28351  14059
103.616357543 9264198893 2392757 28350  12787
103.628348713 9264811031 612138 28399  12415
103.640348186 9265390241 579210 28365  25060
103.652359235 9266021564 631323 28347  28133
103.664362345 9266543262 521698 28363  24799
103.676369682 9267175033 631771 28361  28214
103.688362274 9267806356 631323 28349  28194
103.700360827 9268275049 468693 28357  26410
103.712361686 9270742096 2467047 28378  12513
103.724347960 9273257499 2515403 28353  12406
103.736343029 9275493375 2235876 28358  15257
103.748358919 9278065574 2572199 28381  13726
103.760347922 9278839637 774063 28381  8962
103.772357567 9280025834 1186197 28358  21844
103.784361211 9282757456 2731622 28350  13746
103.796361970 9284420988 1663532 28367  13086
103.808349486 9286918950 2497962 28359  12672
103.820346276 9289439272 2520322 28346  13905
103.832369209 9290042753 603481 28383  11027
103.844347859 9290622359 579606 28365  23369
103.856348682 9291253734 631375 28373  27948
103.868349938 9293331972 2078238 28372  20685
103.880359468 9296004709 2672737 28344  14441
103.892361910 9297257654 1252945 28367  8196
103.904347730 9299787068 2529414 28349  15905
103.916350297 9301776331 1989263 28366  13464
103.928359273 9302387177 610846 28379  14734
103.940349175 9304853584 2466407 28381  15654
103.952347152 9307363378 2509794 28364  12872
103.964359625 9308976333 1612955 28357  9337
103.976361054 9311589267 2612934 28349  15077
103.988356274 9312971147 1381880 28379  12940
104.000349760 9313536302 565155 28357  16505
104.012358967 9314168297 631995 28355  26520
104.024362486 9314690154 521857 28357  23730
104.036361302 9315321990 631836 28367  28226
104.048361836 9315953985 631995 28373  28229
104.060360078 9316585756 631771 28370  28217
104.072359564 9316998030 412274 28359  23994
104.084360208 9317629801 631771 28365  28220
104.096348280 9318261262 631461 28361  28200
104.108362537 9318892671 631409 28362  28211
104.120350156 9319524218 631547 28361  28209
104.132359325 9320155317 631099 28352  28182
104.144359869 9320786827 631510 28366  28198
104.156354398 9321280250 493423 28364  26694
104.168362541 9323669553 2389303 28358  21366
104.180346661 9326191159 2521606 28360  12337
104.192345677 9327740411 1549252 28373  9641
104.204348610 9330256701 2516290 28360  12556
104.216360299 9331816992 1560291 28370  10818
104.228347425 9332394656 577664 28386  16678
104.240348336 9334922797 2528141 28375  12597
104.252360825 9337398608 2475811 28355  13994
104.264359238 9339819971 2421363 28361  12999
104.276348371 9342395635 2575664 28373  13740
104.288361341 9343000783 605148 28374  8687
104.300359613 9343581113 580330 28363  20400
104.312354759 9344212499 631386 28363  28203
104.324361046 9345672780 1460281 28375  23425
104.336362726 9348214029 2541249 28364  12568
104.348357862 9349759889 1545860 28356  9465
104.360359604 9352248116 2488227 28364  13042
104.372360618 9354759417 2511301 28351  12641
104.384347934 9355369847 610430 28392  15819
104.396350057 9357765592 2395745 28370  18765
104.408342449 9360257536 2491944 28357  14634
104.420348399 9361419637 1162101 28381  9134
104.432349302 9364012581 2592944 28347  13498
104.444360455 9365917983 1905402 28378  8923
104.456347334 9366524717 606734 28351  19662
104.468357505 9367103704 578987 28375  25784
104.480360667 9367697893 594189 28358  26636
104.492349337 9368257621 559728 28370  25718
104.504349514 9368889388 631767 28365  28217
104.516347286 9369520491 631103 28345  28193
104.528348872 9370206847 686356 28387  25846
104.540348805 9372819406 2612559 28369  13308
104.552360688 9374928640 2109234 28363  14529
104.564359941 9377433362 2504722 28369  13751
104.576347987 9379934872 2501510 28365  12694
104.588363297 9380538323 603451 28367  8923
104.600359560 9382062736 1524413 28350  20016
104.612349676 9384585488 2522752 28364  12812
104.624348920 9386144568 1559080 28365  7734
104.636367969 9388639581 2495013 28363  12454
104.648361236 9391156076 2516495 28374  13259
104.660358026 9391766016 609940 28397  12962
104.672360755 9392344727 578711 28356  25375
104.684361575 9392976157 631430 28358  26691
104.696360131 9395393283 2417126 28369  18018
104.708347537 9397904332 2511049 28362  12887
104.720347777 9399443139 1538807 28375  8990
104.732360097 9401963007 2519868 28367  13127
104.744359126 9403519778 1556771 28372  10582
104.756349766 9404097078 577300 28387  17750
104.768348963 9406623795 2526717 28373  13396
104.780358155 9409098316 2474521 28363  12703
104.792369649 9411533153 2434837 28375  15647
104.804350878 9414073832 2540679 28357  13366
104.816361751 9414687355 613523 28381  9097
104.828346994 9415266341 578986 28379  19355
104.840347570 9415897440 631099 28355  26713
104.852349893 9416419138 521698 28358  25536
104.864346169 9417051191 632053 28379  28231
104.876361676 9417682456 631265 28355  28205
104.888362136 9418313891 631435 28358  28196
104.900349408 9418726529 412638 28382  24135
104.912347808 9419358272 631743 28375  28216
104.924358698 9419989595 631323 28349  28201
104.936356887 9420621142 631547 28354  28203
104.948357604 9421252465 631323 28351  28207
104.960346727 9421883340 630875 28354  28191
104.972360790 9422514887 631547 28355  28213
104.984349622 9422938143 423256 28369  24870
104.996359209 9423513696 575553 28379  28238
105.008361422 9424145915 632219 28384  28236
105.020359602 9424777320 631405 28360  28200
105.032363035 9425408300 630980 28339  28180
105.044346994 9426039212 630912 28355  28183
105.056347744 9426670311 631099 28349  28185
105.068360937 9427301186 630875 28344  28178
105.080359013 9427932285 631099 28339  28189
105.092350283 9428563774 631489 28353  28196
105.104357866 9429194866 631092 28351  28194
105.116363252 9429826030 631164 28346  28200
105.128359685 9430457129 631099 28343  28189
105.140349389 9431088452 631323 28348  28201
105.152364915 9431719775 631323 28349  28199
105.164348491 9431974385 254610 28356  24076
105.176350304 9432444390 470005 28355  28215
105.188350184 9433076161 631771 28370  28219
105.200358516 9433707484 631323 28357  28195
105.212359660 9434339031 631547 28366  28206
105.224348379 9434970578 631547 28362  28211
105.236348505 9435601901 631323 28362  28202
105.248346391 9436232552 630651 28346  28172
105.260357575 9436864099 631547 28355  28207
105.272358854 9437495422 631323 28351  28196
105.284350521 9438127193 631771 28375  28220
105.296359284 9438758292 631099 28355  28197
105.308364523 9439389839 631547 28360  28208
105.320346149 9440020938 631099 28351  28190
105.332348043 9440652037 631099 28347  28188
105.344358609 9441283360 631323 28362  28201
105.356360499 9441914907 631547 28366  28206
105.368348195 9442546230 631323 28347  28197
105.380349638 9443177553 631323 28353  28204
105.392358528 9443808428 630875 28344  28186
105.404360844 9444439527 631099 28343  28191
105.416347114 9445071074 631547 28361  28213
105.428360847 9445702737 631663 28359  28211
105.440361333 9446333944 631207 28356  28199
105.452361649 9446965417 631473 28349  28198
105.464350342 9447596367 630950 28351  28192
105.476361926 9448227466 631099 28347  28188
105.488361598 9448858341 630875 28329  28176
105.500356594 9449490112 631771 28369  28217
105.512349125 9449805204 315092 28373  22173
105.524347287 9450045587 240383 28387  28256
105.536362793 9450469384 423797 28345  28202
105.548361417 9453160843 2691459 28368  17008
105.560359636 9455313214 2152371 28367  10594
105.572360122 9457808878 2495664 28368  19499
105.584355093 9460320730 2511852 28373  13015
105.596361099 9460924094 603364 28381  12415
105.608359651 9462455194 1531100 28356  21155
105.620349657 9464973560 2518366 28364  12926
105.632359591 9466538811 1565251 28381  10706
105.644349911 9469034431 2495620 28363  15727
105.656362247 9471541250 2506819 28355  12565
105.668346427 9472151652 610402 28388  18276
105.680349660 9472730948 579296 28374  23087
105.692347256 9473362381 631433 28343  28202
105.704361002 9475764389 2402008 28373  17506
105.716359236 9478277985 2513596 28352  14171
105.728347859 9479830569 1552584 28378  10713
105.740354652 9482339917 2509348 28365  12518
105.752347542 9483899284 1559367 28371  10290
105.764350018 9484481456 582172 28366  20525
105.776348991 9487049737 2568281 28369  13036
105.788361781 9489487876 2438139 28355  11768
105.800362241 9491915519 2427643 28362  13157
105.812349757 9494418884 2503365 28366  12422
105.824348587 9495058595 639711 28361  4649
105.836359860 9495636775 578180 28371  20688
105.848361573 9496268574 631799 28368  28212
105.860347006 9496790692 522118 28373  25339
105.872347082 9497422209 631517 28355  28196
105.884359925 9498053196 630987 28341  28189
105.896359665 9498684591 631395 28353  28205
105.908354941 9500430395 1745804 28375  19724
105.920360548 9502906497 2476102 28366  13262
105.932360371 9504057064 1150567 28372  8852
105.944359751 9506725923 2668859 28347  13646
105.956346587 9509075032 2349109 28372  13728
105.968346720 9509684006 608974 28359  13654
105.980361149 9512155180 2471174 28360  19179
105.992361716 9514669989 2514809 28346  13173
106.004347762 9516219569 1549580 28367  14195
106.016362896 9518742825 2523256 28366  12634
106.028348825 9520304664 1561839 28371  11023
106.040347771 9520880900 576236 28369  19577
106.052362228 9521491084 610184 28376  24374
106.064358044 9522244416 753332 28362  23939
106.076363311 9524778003 2533587 28360  16060
106.088347271 9527009871 2231868 28362  12012
106.100362721 9529515675 2505804 28356  20276
106.112360600 9532018503 2502828 28360  13379
106.124361736 9532620943 602440 28379  10639
106.136347433 9534151489 1530546 28366  21675
106.148350403 9536670719 2519230 28362  13026
106.160359285 9538229468 1558749 28361  6969
106.172360012 9540715540 2486072 28353  15718
106.184358132 9543221640 2506100 28361  12403
106.196358015 9543824225 602585 28383  13358
106.208347971 9544403855 579630 28392  23704
106.220367115 9545035626 631771 28352  28211
106.232358088 9545557548 521922 28366  24627
106.244347520 9546189095 631547 28355  28204
106.256346670 9546819746 630651 28341  28174
106.268347057 9547339119 519373 28347  26170
106.280361270 9547863791 524672 28383  26447
106.292360246 9548495733 631942 28364  28222
106.304361409 9549127109 631376 28355  28212
106.316348012 9549759226 632117 28368  28225
106.328358815 9550390875 631649 28373  28225
106.340359095 9551022422 631547 28364  28210
106.352346111 9551654095 631673 28355  28210
106.364349014 9552850864 1196769 28364  25195
106.376374451 9555372785 2521921 28350  12551
106.388358924 9557016596 1643811 28386  7044
106.400359567 9559504401 2487805 28372  13705
106.412349130 9562018675 2514274 28361  13160
106.424359126 9562622996 604321 28371  12624
106.436360146 9564457096 1834100 28367  12962
106.448357209 9567012853 2555757 28361  13507
106.460348825 9568188349 1175496 28359  10457
106.472349739 9570836320 2647971 28345  14023
106.484350658 9573197959 2361639 28353  13952
106.496346794 9573809873 611914 28384  20428
106.508347471 9574389279 579406 28367  20290
106.520361261 9575020854 631575 28353  27369
106.532361094 9577431619 2410765 28356  17869
106.544356210 9579936709 2505090 28359  12371
106.556351054 9581546233 1609524 28362  9379
106.568347850 9584279175 2732942 28363  14050
106.580361619 9585548565 1269390 28372  5650
106.592358446 9586224642 676077 28368  19600
106.604351766 9588855707 2631065 28358  13111
106.616359628 9591115989 2260282 28381  11457
106.628360935 9593550815 2434826 28371  18691
106.640361445 9596106148 2555333 28363  13662
106.652352088 9596709204 603056 28379  10623
106.664359304 9597288190 578986 28381  23567
106.676358740 9597920409 632219 28374  21605
106.688346227 9598442107 521698 28355  25492
106.700355138 9599074102 631995 28368  28224
106.712360890 9599706097 631995 28370  28224
106.724361833 9600337896 631799 28365  28221
106.736360017 9602284098 1946202 28396  18106
106.748346919 9604906710 2622612 28358  16760
106.760359906 9606136880 1230170 28353  16441
106.772358789 9608730795 2593915 28356  12658
106.784361949 9610749277 2018482 28361  13578
106.796361875 9611358465 609188 28374  17088
106.808349842 9613825098 2466633 28363  16436
106.820359762 9616343854 2518756 28366  13913
106.832345935 9617999738 1655884 28359  13897
106.844347035 9620707667 2707929 28358  14167
106.856357411 9621948009 1240342 28366  5609
106.868346718 9622518568 570559 28375  19061
106.880362011 9623151459 632891 28395  28266
106.892348754 9624201299 1049840 28374  23887
106.904349917 9626815864 2614565 28351  13562
106.916362710 9628700928 1885064 28357  8855
106.928359270 9631204387 2503459 28370  14304
106.940361243 9633718913 2514526 28353  16074
106.952359409 9634322086 603173 28370  12792
106.964347686 9636149723 1827637 28352  19352
106.976360842 9638736510 2586787 28354  12900
106.988349329 9639892117 1155607 28363  7600
107.000359225 9642556778 2664661 28355  13584
107.012368182 9644904018 2347240 28363  11258
107.024361892 9645515715 611697 28393  15967
107.036361085 9646095142 579427 28384  24336
107.048349701 9646726689 631547 28363  27952
107.060348537 9647249847 523158 28399  23678
107.072359754 9647881726 631879 28366  28226
107.084346310 9648513497 631771 28363  28219
107.096347490 9648954358 440861 28384  25557
107.108350653 9649558882 604524 28388  27006
107.120361470 9650190209 631327 28360  28204
107.132363303 9650822204 631995 28372  28231
107.144359339 9651453661 631457 28350  28201
107.156358109 9652085970 632309 28384  28246
107.168347326 9652717293 631323 28358  28202
107.180353626 9653344438 627145 28371  27713
107.192351145 9653714982 370544 28376  25222
107.204348362 9654346529 631547 28350  28210
107.216359192 9654977852 631323 28352  28207
107.228359005 9655609847 631995 28376  28224
107.240348434 9656241170 631323 28345  28202
107.252347241 9656872833 631663 28360  28207
107.264359737 9657503782 630949 28349  28188
107.276358618 9658135305 631523 28356  28208
107.288346820 9658766910 631605 28367  28218
107.300347904 9659398457 631547 28357  28204
107.312350130 9660029780 631323 28344  28198
107.324346116 9660661551 631771 28358  28218
107.336360016 9661293098 631547 28361  28223
107.348341009 9661924421 631323 28348  28215
107.360359923 9662382558 458137 28369  25931
107.372361985 9662936326 553768 28368  28233
107.384349702 9665544888 2608562 28368  13423
107.396350538 9667645094 2100206 28363  14626
107.408359375 9670141501 2496407 28353  16517
107.420348881 9672646563 2505062 28353  13158
107.432346827 9673248583 602020 28374  9461
107.444351984 9674778065 1529482 28351  22222
107.456360091 9677297435 2519370 28370  13720
107.468361767 9678857419 1559984 28376  12444
107.480360060 9681362760 2505341 28354  12787
107.492370730 9683870173 2507413 28353  12459
107.504361937 9684481156 610983 28392  14966
107.516347007 9685061262 580106 28378  25922
107.528347399 9685693257 631995 28360  28148
107.540348816 9688103145 2409888 28358  17948
107.552362936 9690613142 2509997 28353  12412
107.564360899 9692156021 1542879 28366  9565
107.576362079 9694677845 2521824 28366  12672
107.588358632 9696239853 1562008 28362  9983
107.600346918 9696812218 572365 28361  18246
107.612350278 9699388385 2576167 28354  13346
107.624349741 9701818063 2429678 28368  11909
107.636362185 9704240899 2422836 28363  17582
107.648354274 9706800191 2559292 28363  14338
107.660351000 9707409159 608968 28372  10247
107.672359877 9707988369 579210 28380  20032
107.684359434 9708620364 631995 28358  27564
107.696358674 9709142958 522594 28388  23481
107.708349400 9709774505 631547 28353  28206
107.720348733 9710406500 631995 28376  28225
107.732350107 9711037823 631323 28359  28198
107.744350016 9712893114 1855291 28372  22058
107.756350383 9715516452 2623338 28363  13471
107.768359339 9716740355 1223903 28367  12155
107.780362006 9719338210 2597855 28348  13114
107.792357637 9721430434 2092224 28360  10188
107.804350756 9722040976 610542 28373  18219
107.816367682 9724516484 2475508 28361  18049
107.828358456 9727025663 2509179 28371  12739
107.840347748 9728574747 1549084 28358  11990
107.852348405 9731180199 2605452 28361  13204
107.864346985 9732663532 1483333 28371  8596
107.876361382 9733218523 554991 28389  22079
107.888361565 9733850742 632219 28366  28210
107.900362778 9734771069 920327 28355  25009
107.912360871 9737331948 2560879 28355  12455
107.924359328 9739364035 2032087 28364  9457
107.936345914 9741862543 2498508 28362  14936
107.948350181 9744379701 2517158 28357  12760
107.960347264 9744982351 602650 28369  10244
107.972365457 9746509361 1527010 28372  15393
107.984348497 9749080883 2571522 28357  13106
107.996358493 9750587952 1507069 28377  9221
108.008360750 9753107960 2520008 28359  12940
108.020345890 9755590823 2482863 28351  15127
108.032360517 9756201103 610280 28380  12503
108.044347409 9756780313 579210 28381  25254
108.056349266 9757411412 631099 28352  26955
108.068347152 9757933680 522268 28369  26778
108.080349063 9758565105 631425 28348  28200
108.092360626 9759196204 631099 28350  28190
108.104360422 9759669881 473677 28383  27952
108.116361603 9760240592 570711 28356  26237
108.128366175 9760871796 631204 28353  28199
108.140348948 9761503119 631323 28349  28194
108.152359392 9762134666 631547 28368  28209
108.164348981 9762765989 631323 28347  28197
108.176360381 9763397088 631099 28346  28189
108.188356228 9764028806 631718 28357  28210
108.200350378 9765334167 1305361 28361  22638
108.212361711 9767838613 2504446 28353  13234
108.224360507 9769408884 1570271 28360  11862
108.236359971 9771916699 2507815 28365  14602
108.248360371 9774435055 2518356 28366  12435
108.260349504 9775038430 603375 28397  12339
108.272347427 9777327779 2289349 28358  22299
108.284346914 9779936834 2609055 28366  13104
108.296353670 9781071636 1134802 28361  8309
108.308361407 9783717873 2646237 28364  14452
108.320350399 9785606000 1888127 28362  13514
108.332360646 9786215898 609898 28367  17638
108.344348243 9786795332 579434 28393  24911
108.356348003 9787390277 594945 28367  23238
108.368358006 9789845932 2455655 28379  14416
108.380349782 9792349678 2503746 28364  14089
108.392347278 9794396044 2046366 28366  19393
108.404351092 9797053151 2657107 28368  13739
108.416347912 9797954087 900936 28389  9439
108.428360138 9799119781 1165694 28341  21783
108.440359035 9801670610 2550829 28362  12848
108.452369591 9803528510 1857900 28360  8940
108.464357848 9806022787 2494277 28361  12977
108.476349014 9808525439 2502652 28358  12306
108.488360428 9809127326 601887 28374  9632
108.500348557 9809707880 580554 28385  22139
108.512359824 9810340099 632219 28372  28233
108.524347044 9810862721 522622 28379  25761
108.536349181 9811494464 631743 28367  28212
108.548364254 9812126683 632219 28375  28238
108.560359407 9812752288 625605 28349  28177
108.572359604 9815056688 2304400 28366  16866
108.584359553 9817555940 2499252 28361  13370
108.596347700 9819106740 1550800 28370  7001
108.608355880 9821619446 2512706 28366  13759
108.620347513 9823192729 1573283 28368  11252
108.632346083 9823789489 596760 28372  17083
108.644360446 9826264752 2475263 28353  16184
108.656347319 9828773673 2508921 28360  13040
108.668362579 9831119104 2345431 28358  15131
108.680347786 9833786715 2667611 28354  15178
108.692359552 9834391006 604291 28378  8606
108.704360623 9834969394 578388 28366  19840
108.716360205 9835601949 632555 28381  28248
108.728349562 9837062853 1460904 28385  21575
108.740347685 9839574439 2511586 28361  12399
108.752347855 9841135850 1561411 28372  10147
108.764370242 9843632171 2496321 28371  14283
108.776347965 9846144030 2511859 28360  12618
108.788360349 9846753002 608972 28380  10522
108.800349552 9849107907 2354905 28357  21259
108.812346438 9851711575 2603668 28367  13599
108.824361682 9852960829 1249254 28374  10948
108.836349091 9855686478 2725649 28366  14153
108.848361018 9857329980 1643502 28369  8075
108.860347698 9857940326 610346 28374  19079
108.872350248 9858520208 579882 28389  26083
108.884347967 9859092725 572517 28363  27305
108.896359894 9859674573 581848 28370  26306
108.908362198 9860306792 632219 28372  28237
108.920360708 9860938115 631323 28351  28205
108.932356234 9861350613 412498 28368  24727
108.944348275 9861982608 631995 28366  28220
108.956360481 9862614379 631771 28365  28218
108.968358531 9863246374 631995 28372  28224
108.980359234 9863877697 631323 28358  28195
108.992345392 9864508750 631053 28344  28185
109.004362674 9865139895 631145 28355  28196
109.016354377 9865710144 570249 28360  24819
109.028346790 9866138256 428112 28370  28235
109.040348617 9866770083 631827 28357  28217
109.052361320 9867401994 631911 28367  28225
109.064347687 9868032897 630903 28352  28181
109.076349633 9868664892 631995 28369  28229
109.088371597 9869295991 631099 28342  28187
109.100362596 9869927986 631995 28377  28228
109.112346837 9870559757 631771 28361  28219
109.124349393 9871191528 631771 28365  28219
109.136361266 9871823299 631771 28369  28221
109.148360250 9872455518 632219 28375  28239
109.160349326 9873087065 631547 28349  28212
109.172363556 9873718164 631099 28338  28186
109.184360973 9874349823 631659 28356  28210
109.196346903 9874749376 399553 28377  24224
109.208350640 9875077192 327816 28361  28234
109.220347346 9875708337 631145 28353  28192
109.232359049 9876339436 631099 28344  28188
109.244370713 9876970759 631323 28353  28199
109.256359272 9877601858 631099 28343  28182
109.268348348 9878232957 631099 28349  28188
109.280359346 9878863608 630651 28357  28172
109.292362899 9879494483 630875 28341  28183
109.304350052 9880125582 631099 28358  28191
109.316348105 9880756905 631323 28364  28195
109.328358679 9881388228 631323 28347  28196
109.340358462 9882019327 631099 28358  28190
109.352347535 9882650124 630797 28345  28172
109.364359301 9883281077 630953 28359  28187
109.376360388 9883912176 631099 28342  28184
109.388360025 9884543051 630875 28336  28177
109.400369621 9885174150 631099 28347  28186
109.412363785 9885805473 631323 28357  28201
109.424348554 9886436572 631099 28352  28192
109.436348981 9887067895 631323 28353  28199
109.448346141 9887698994 631099 28348  28185
109.460350748 9888330317 631323 28353  28200
109.472361245 9888961417 631100 28347  28195
109.484348261 9889592516 631099 28348  28188
109.496359481 9890223391 630875 28357  28182
109.508349264 9890854665 631274 28350  28188
109.520363527 9891486037 631372 28365  28206
109.532346747 9892117451 631414 28356  28200
109.544348694 9892578277 460826 28353  25450
109.556350077 9892818508 240231 28355  28237
109.568357843 9893058763 240255 28363  28236
109.580350400 9893562488 503725 28358  28211
109.592361941 9894194483 631995 28368  28227
109.604363483 9894825806 631323 28358  28197
109.616358170 9895456933 631127 28342  28185
109.628363504 9896088676 631743 28373  28222
109.640347457 9896719327 630651 28347  28179
109.652362304 9897350650 631323 28355  28198
109.664347006 9897982011 631361 28350  28196
109.676348177 9898613520 631509 28363  28206
109.688360040 9899244843 631323 28360  28201
109.700359447 9899876166 631323 28358  28200
109.712361117 9900507489 631323 28371  28204
109.724370290 9901138364 630875 28339  28178
109.736348126 9901769463 631099 28348  28186
109.748361393 9902400786 631323 28357  28196
109.760348890 9903031661 630875 28342  28177
109.772361293 9903662984 631323 28355  28200
109.784347167 9904294083 631099 28360  28195
109.796348344 9904925406 631323 28355  28201
109.808359306 9905556281 630875 28344  28182
109.820350083 9906187496 631215 28350  28195
109.832361817 9906818479 630983 28349  28192
109.844348420 9907449802 631323 28358  28200
109.856360670 9908080453 630651 28344  28176
109.868347513 9908711776 631323 28359  28194
109.880358760 9909343233 631457 28347  28197
109.892349553 9909974792 631559 28357  28205
109.904349059 9910606193 631401 28361  28206
109.916358833 9911237292 631099 28348  28191
109.928361773 9911868615 631323 28363  28205
109.940347419 9912499858 631243 28342  28189
109.952359476 9913131037 631179 28357  28200
109.964359540 9913762360 631323 28355  28192
109.976345459 9914394089 631729 28355  28208
109.988349276 9915025230 631141 28353  28195
110.000348490 9915656223 630993 28345  28183
110.012347910 9916288324 632101 28378  28233
110.024346606 9916919647 631323 28353  28201
110.036369263 9917551642 631995 28378  28225
110.048348523 9918183441 631799 28372  28219
110.060358766 9918815562 632121 28374  28228
110.072349303 9919446955 631393 28364  28218
110.084348856 9920079289 632334 28379  28234
110.096351350 9920710583 631294 28341  28197
110.108357603 9921342216 631633 28355  28208
110.120348009 9921973815 631599 28364  28216
110.132350620 9922605586 631771 28363  28217
110.144362123 9923236685 631099 28357  28198
110.156348179 9923868036 631351 28357  28202
110.168359913 9924499107 631071 28343  28191
110.180349639 9925130878 631771 28370  28219
110.192360056 9925762425 631547 28355  28206
110.204355150 9926393748 631323 28355  28200
110.216362240 9927024623 630875 28343  28179
110.228359189 9927655592 630969 28330  28180
110.240348826 9928238195 582603 28357  24913
110.252348199 9928478361 240166 28361  27908
110.264362579 9928718657 240296 28364  28238
110.276348515 9928958904 240247 28371  28238
110.288358752 9929199220 240316 28372  28242
110.300347572 9929439402 240182 28353  28227
110.312362716 9929908313 468911 28372  28220
110.324348409 9930539860 631547 28360  28202
110.336347315 9931170959 631099 28343  28179
110.348358199 9931802058 631099 28349  28189
110.360359872 9932432709 630651 28348  28182
110.372359569 9933064007 631298 28349  28185
110.384350485 9933695131 631124 28360  28190
110.396347952 9934327257 632126 28374  28224
110.408359053 9934958673 631416 28361  28197
110.420348952 9935589996 631323 28369  28202
110.432346186 9936220871 630875 28349  28186
110.444358959 9936852500 631629 28358  28207
110.456346639 9937483517 631017 28342  28186
110.468360896 9938114841 631324 28351  28193
110.480362346 9938745940 631099 28343  28179
110.492363505 9939377039 631099 28342  28189
110.504361139 9940007914 630875 28346  28194
110.516355198 9940639237 631323 28360  28190
110.528361915 9941270560 631323 28369  28201
110.540346996 9941902065 631505 28349  28197
110.552348242 9942532982 630917 28354  28193
110.564359729 9943164753 631771 28378  28211
110.576348482 9943795404 630651 28340  28182
110.588360856 9944426475 631071 28349  28188
110.600362025 9945057602 631127 28348  28196
110.612348625 9945688925 631323 28350  28193
110.624358779 9946320024 631099 28350  28191
110.636347479 9946951347 631323 28353  28199
110.648346022 9947582222 630875 28344  28183
110.660349888 9948213769 631547 28366  28203
110.672361042 9948844868 631099 28345  28192
110.684362832 9949476541 631673 28360  28209
110.696347849 9950107766 631225 28355  28199
110.708358986 9950738613 630847 28330  28177
110.720347177 9951369264 630651 28351  28170
110.732349489 9952000363 631099 28352  28185
110.744363673 9952631462 631099 28360  28188
110.756348260 9953262561 631099 28347  28187
110.768347314 9953893660 631099 28354  28195
110.780362507 9954524846 631186 28355  28185
110.792346917 9955155410 630564 28345  28171
110.804363687 9955786509 631099 28351  28189
110.816348286 9956417608 631099 28352  28193
110.828363097 9957048707 631099 28363  28184
110.840366157 9957679582 630875 28360  28185
110.852362707 9958310457 630875 28330  28171
110.864361344 9958941360 630903 28357  28184
110.876347670 9959572431 631071 28349  28189
110.888350711 9960203754 631323 28361  28198
110.900363024 9960834853 631099 28350  28185
110.912347750 9961466176 631323 28360  28191
110.924347394 9962097051 630875 28345  28178
110.936358123 9962727702 630651 28341  28174
110.948345960 9963358577 630875 28343  28176
110.960359481 9963989900 631323 28360  28195
110.972348847 9964620776 630876 28348  28176
110.984361110 9965253487 632711 28377  28252
110.996359107 9965886198 632711 28390  28259
111.008350964 9966518237 632039 28363  28233
111.020361614 9967150724 632487 28376  28248
111.032349197 9967782987 632263 28365  28231
111.044359551 9968415698 632711 28386  28260
111.056362450 9969048409 632711 28384  28258
111.068350067 9969680896 632487 28379  28247
111.080363064 9970313281 632385 28373  28247
111.092358178 9970945870 632589 28381  28259
111.104349631 9971579029 633159 28401  28277
111.116360844 9972211516 632487 28366  28244
111.128346755 9972843709 632193 28363  28228
111.140360808 9973476266 632557 28381  28250
111.152355714 9974108667 632401 28379  28247
111.164360771 9974741240 632573 28377  28259
111.176359375 9975373727 632487 28370  28248
111.188348588 9976006439 632712 28386  28253
111.200359711 9976638833 632394 28362  28241
111.212347865 9977271413 632580 28366  28251
111.224349894 9977904124 632711 28389  28262
111.236350241 9978537283 633159 28392  28276
111.248350088 9979169770 632487 28355  28232
111.260360125 9979802257 632487 28374  28244
111.272358342 9980434996 632739 28380  28254
111.284349388 9981067455 632459 28380  28242
111.296359195 9981699942 632487 28381  28246
111.308370329 9982332653 632711 28374  28257
111.320349088 9982965812 633159 28397  28274
111.332346485 9983598747 632935 28386  28264
111.344346002 9984231234 632487 28364  28248
111.356360359 9984864169 632935 28389  28270
111.368349855 9985496880 632711 28395  28262
111.380359052 9986129367 632487 28365  28250
111.392362423 9986761854 632487 28359  28235
111.404360496 9987394789 632935 28377  28265
111.416358762 9988027500 632711 28382  28253
111.428346856 9988659987 632487 28373  28244
111.440349690 9989292474 632487 28381  28249
111.452361162 9989925858 633384 28402  28280
111.464347653 9990558764 632906 28388  28259
111.476365863 9991191057 632293 28373  28244
111.488360903 9991823544 632487 28366  28252
111.500358276 9992456031 632487 28372  28247
111.512361373 9993088413 632382 28376  28245
111.524347153 9993721005 632592 28377  28257
111.536361247 9994353387 632382 28366  28236
111.548346960 9994985755 632368 28364  28250
111.560348257 9995618046 632291 28360  28247
111.572359244 9996250729 632683 28374  28256
111.584346756 9996883366 632637 28384  28256
111.596348170 9997516375 633009 28395  28275
111.608360857 9998149310 632935 28381  28263
111.620349744 9998782021 632711 28379  28251
111.632355204 9999414956 632935 28390  28270
111.644353924 9999818658 403702 28380  24412
111.656348387 10000058787 240129 28354  28221
111.668361014 10000299137 240350 28369  28245
111.680347157 10000539453 240316 28366  28243
111.692362604 10000779751 240298 28364  28240
111.704359254 10001020101 240350 28378  28254
111.716359481 10001260417 240316 28369  28240
111.728363362 10001500512 240095 28352  28218
111.740347738 10001740644 240132 28358  28216
111.752348001 10001980977 240333 28364  28233
111.764345508 10002221154 240177 28364  28210
111.776346685 10002504437 283283 16186  15979
111.788355252 10002884368 379931 3367  3217
111.800349672 10003264240 379872 3375  3224
111.812360059 10003644350 380110 3372  3218
111.824361892 10004024281 379931 3369  3219
111.836348099 10004404092 379811 3359  3214
111.848360993 10004784147 380055 3362  3217
111.860349692 10005164017 379870 3357  3212
111.872360889 10005544111 380094 3385  3230
111.884346840 10005924147 380036 3362  3221
111.896348917 10006304246 380099 3370  3222
111.908359299 10006684354 380108 3364  3224
111.920359666 10007064315 379961 3357  3209
111.932359123 10007444578 380263 3366  3219
111.944366964 10007824719 380141 3381  3238
111.956360674 10008204741 380022 3366  3221
111.968358223 10008584773 380032 3368  3226
111.980349884 10008964704 379931 3357  3222
111.992349487 10009344831 380127 3370  3225
112.004363824 10009724926 380095 3366  3221
112.016347997 10010104857 379931 3383  3234
112.028361301 10010484971 380114 3368  3224
112.040360004 10010865155 380184 3357  3223
112.052359081 10011245236 380081 3365  3224
112.064361932 10011625181 379945 3368  3227
112.076349054 10012005238 380057 3359  3225
112.088346081 10012385329 380091 3366  3233
112.100350175 10012765412 380083 3368  3226
112.112365025 10013145265 379853 3357  3221
112.124348436 10013525196 379931 3363  3223
112.136347182 10013905127 379931 3365  3216
112.148363379 10014285241 380114 3367  3225
112.160349472 10014665425 380184 3389  3236
112.172362069 10015045371 379946 3367  3220
112.184359963 10015425544 380173 3367  3231
112.196350402 10015805685 380141 3380  3225
112.208347623 10016185673 379988 3376  3225
112.220347060 10016565710 380037 3373  3224
112.232361820 10016945718 380008 3387  3232
112.244347933 10017325590 379872 3376  3221
112.256347776 10017705517 379927 3369  3226
112.268368860 10018085448 379931 3369  3225
112.280361234 10018465442 379994 3371  3227
112.292359947 10018845536 380094 3366  3223
112.304360514 10019225481 379945 3389  3232
112.316361990 10019605532 380051 3378  3224
112.328362057 10019985583 380051 3366  3220
112.340346864 10020365620 380037 3375  3227
112.352347638 10020745805 380185 3374  3223
112.364349314 10021125797 379992 3380  3220
112.376357195 10021505943 380146 3387  3235
112.388359601 10021886078 380135 3373  3230
112.400363112 10022266009 379931 3374  3228
112.412347724 10022646060 380051 3371  3233
112.424370172 10023026111 380051 3371  3233
112.436349248 10023406162 380051 3363  3227
112.448359819 10023786304 380142 3388  3238
112.460350592 10024166462 380158 3376  3231
112.472347652 10024546556 380094 3368  3226
112.484362820 10024926367 379811 3366  3222
112.496359622 10025306298 379931 3377  3223
112.508347549 10025686322 380024 3361  3227
112.520347813 10026066400 380078 3377  3231
112.532359163 10026446575 380175 3377  3229
112.544349019 10026826622 380047 3376  3228
112.556359656 10027206539 379917 3364  3224
112.568362380 10027586484 379945 3365  3225
112.580360620 10027966628 380144 3369  3224
112.592368467 10028346706 380078 3370  3233
112.604350050 10028726881 380175 3369  3224
112.616359324 10029107004 380123 3363  3224
112.628362204 10029486920 379916 3364  3226
112.640359151 10029867093 380173 3359  3228
112.652348604 10030247024 379931 3354  3223
112.664361431 10030627016 379992 3376  3232
112.676361014 10031007063 380047 3364  3221
112.688361778 10031387114 380051 3362  3222
112.700349185 10031767165 380051 3381  3229
112.712360235 10032147175 380010 3368  3223
112.724347086 10032527267 380092 3368  3223
112.736350319 10032907198 379931 3385  3231
112.748357036 10033287129 379931 3370  3228
112.760348802 10033667184 380055 3368  3224
112.772360196 10034047111 379927 3365  3222
112.784350326 10034426922 379811 3367  3218
112.796347370 10034806853 379931 3367  3220
112.808360000 10035186691 379838 3371  3224
112.820360417 10035566808 380117 3373  3226
112.832347743 10035946842 380034 3367  3217
112.844347627 10036326817 379975 3372  3227
112.856349997 10036706868 380051 3376  3225
112.868361624 10037086755 379887 3373  3218
112.880346801 10037466749 379994 3383  3232
112.892360368 10037846781 380032 3369  3227
112.904367439 10038226832 380051 3374  3223
112.916359831 10038606989 380157 3369  3225
112.928359515 10038987162 380173 3368  3230
112.940349905 10039367316 380154 3371  3224
112.952359626 10039747396 380080 3382  3231
112.964361819 10040127447 380051 3370  3227
112.976347186 10040507410 379963 3361  3222
112.988348823 10040887309 379899 3365  3219
113.000360460 10041267360 380051 3368  3226
113.012358263 10041647354 379994 3361  3223
113.024361840 10042027342 379988 3375  3231
113.036349467 10042407273 379931 3365  3223
113.048359677 10042787324 380051 3363  3223
113.060355618 10043167158 379834 3363  3219
113.072348815 10043547172 380014 3366  3224
113.084349718 10043927237 380065 3363  3221
113.096362565 10044307176 379939 3368  3234
113.108361691 10044687265 380089 3375  3220
113.120349352 10045067274 380009 3372  3224
113.132348039 10045447414 380140 3369  3228
113.144347675 10045827372 379958 3373  3223
113.156362026 10046207303 379931 3368  3227
113.168348459 10046587240 379937 3377  3227
113.180348872 10046967319 380079 3366  3226
113.192361296 10047347442 380123 3374  3227
113.204361160 10047727511 380069 3364  3222
113.216356880 10048107438 379927 3365  3223
113.228360190 10048487489 380051 3359  3224
113.240358861 10048867633 380144 3382  3235
113.252361054 10049247597 379964 3385  3223
113.264347720 10049627402 379805 3369  3221
113.276347957 10050007453 380051 3371  3220
113.288358058 10050387504 380051 3372  3221
113.300361781 10050767555 380051 3363  3222
113.312347191 10051147562 380007 3378  3228
113.324349604 10051527598 380036 3372  3221
113.336361941 10051907696 380098 3369  3224
113.348359138 10052287759 380063 3375  3222
113.360347605 10052667781 380022 3364  3222
113.372348992 10053047741 379960 3363  3223
113.384366589 10053427706 379965 3382  3235
113.396346809 10053807723 380017 3375  3228
113.408348306 10054187747 380024 3361  3222
113.420349309 10054567612 379865 3380  3226
113.432348246 10054947636 380024 3374  3227
113.444358063 10055327687 380051 3370  3222
113.456347980 10055707697 380010 3383  3233
113.468349857 10056087794 380097 3371  3227
113.480359364 10056467860 380066 3367  3223
113.492360998 10056847892 380032 3376  3230
113.504348591 10057227943 380051 3375  3225
113.516350124 10057607758 379815 3363  3223
113.528347521 10057987761 380003 3374  3229
113.540368138 10058367856 380095 3375  3223
113.552349655 10058747998 380142 3370  3226
113.564360142 10059128141 380143 3365  3226
113.576362736 10059508249 380108 3371  3225
113.588362040 10059888363 380114 3358  3228
113.600347962 10060268471 380108 3372  3231
113.612348089 10060648541 380070 3364  3223
113.624360730 10061028573 380032 3368  3222
113.636347743 10061408624 380051 3363  3226
113.648346934 10061788679 380055 3363  3220
113.660347524 10062168606 379927 3368  3222
113.672347647 10062580699 412093 5693  5477
113.687351497 10063223351 642652 28298  19614
113.699359421 10063869902 646551 28215  19742
113.711362831 10064514369 644467 28331  19749
113.723348008 10065160548 646179 28348  19746
113.735348669 10065803603 643055 28395  19627
113.747362099 10066440085 636482 28277  19514
113.759349726 10067084729 644644 28180  19737
113.771346726 10067724412 639683 28351  19629
113.783361310 10068365650 641238 28288  19473
113.795359754 10069011790 646140 28275  19685
113.807349686 10069657456 645666 28307  19594
113.819358963 10070295012 637556 28196  19726
113.831361114 10070937131 642119 28271  19602
113.843360218 10071580934 643803 28345  19692
113.855349754 10072226441 645507 28276  19705
113.867356811 10072871702 645261 28264  19633
113.879362315 10073507691 635989 28381  19533
113.891361905 10074144492 636801 28339  19496
113.903360442 10074790120 645628 28268  19761
113.915348313 10075435039 644919 28244  19692
113.927361980 10076079591 644552 28247  19726
113.939360733 10076721126 641535 28360  19613
113.951350429 10077365460 644334 28374  19596
113.963349733 10078006332 640872 28282  19635
113.975361714 10078650566 644234 28293  19729
113.987346734 10079292222 641656 28223  19628
113.999349061 10079935780 643558 28375  19844
114.011349184 10080583312 647532 28216  19760
114.023369271 10081227081 643769 28277  19660
114.035361535 10081865098 638017 28324  19623
114.047347245 10082507229 642131 28285  19619
114.059350452 10083154072 646843 28315  19753
114.071348122 10083797190 643118 28289  19562
114.083362173 10084438718 641528 28355  19548
114.095348673 10085080162 641444 28226  19535
114.107350150 10085718567 638405 28194  19578
114.119360387 10086363006 644439 28254  19667
114.131360784 10087005834 642828 28348  19516
114.143348830 10087650460 644626 28379  19607
114.155347681 10088293692 643232 28257  19655
114.167360561 10088936987 643295 28346  19589
114.179368425 10089576898 639911 28214  19600
114.191350208 10090216733 639835 28293  19496
114.203349445 10090857503 640770 28365  19564
114.215362802 10091502987 645484 28315  19671
114.227361279 10092146888 643901 28235  19682
114.239360986 10092791567 644679 28250  19675
114.251348487 10093426016 634449 28349  19371
114.263361870 10094070247 644231 28292  19793
114.275359537 10094718690 648443 28252  19789
114.287349290 10095361141 642451 28316  19749
114.299349630 10096000336 639195 28283  19463
114.311362397 10096640299 639963 28291  19525
114.323360934 10097283119 642820 28255  19615
114.335358251 10097927964 644845 28360  19667
114.347349678 10098572559 644595 28268  19575
114.359362472 10099214531 641972 28379  19625
114.371361809 10099857885 643354 28325  19665
114.383348979 10100501913 644028 28302  19536
114.395350036 10101135988 634075 28234  19352
114.407349196 10101776599 640611 28295  19409
114.419362176 10102415109 638510 28270  19320
114.431360380 10103060793 645684 28245  19788
114.443361423 10103703367 642574 28235  19603
114.455347837 10104347442 644075 28343  19564
114.467349044 10104983655 636213 28310  19455
114.479349558 10105628516 644861 28344  19727
114.491348025 10106272693 644177 28221  19690
114.503367615 10106910080 637387 28350  19500
114.515361195 10107548863 638783 28222  19531
114.527361812 10108193666 644803 28299  19640
114.539349569 10108833548 639882 28302  19640
114.551361286 10109477911 644363 28362  19712
114.563348682 10110118407 640496 28246  19514
114.575347683 10110761778 643371 28257  19634
114.587360180 10111405452 643674 28352  19675
114.599360123 10112051572 646120 28342  19754
114.611360621 10112684194 632622 28271  19481
114.623347987 10113324658 640464 28360  19601
114.635348478 10113970362 645704 28226  19573
114.647346211 10114614340 643978 28326  19827
114.659360192 10115258959 644619 28274  19718
114.671347979 10115898364 639405 28336  19620
114.683360826 10116533876 635512 28296  19568
114.695361729 10117179780 645904 28248  19713
114.707351203 10117820131 640351 28238  19486
114.719348973 10118458802 638671 28360  19631
114.731359820 10119097149 638347 28187  19480
114.743361047 10119744779 647630 28277  19708
114.755346828 10120380835 636056 28241  19554
114.767349861 10121027970 647135 28293  19708
114.779360655 10121666464 638494 28253  19504
114.791362815 10122309024 642560 28368  19614
114.803348746 10122956738 647714 28353  19691
114.815375669 10123600752 644014 28339  19676
114.827359686 10124235184 634432 28313  19535
114.839362250 10124879239 644055 28367  19628
114.851350710 10125525567 646328 28312  19698
114.863349027 10126168790 643223 28144  19679
114.875363261 10126811024 642234 28287  19623
114.887360808 10127453300 642276 28336  19618
114.899362308 10128089667 636367 28346  19528
114.911347789 10128734881 645214 28331  19654
114.923360532 10129372225 637344 28336  19470
114.935360889 10130012756 640531 28242  19493
114.947349056 10130655715 642959 28224  19628
114.959348700 10131300846 645131 28320  19581
114.971368290 10131935401 634555 28293  19446
114.983349834 10132578409 643008 28376  19566
114.995359414 10133218259 639850 28259  19435
115.007351650 10133859641 641382 28345  19650
115.019361952 10134503944 644303 28216  19606
115.031362422 10135141772 637828 28312  19344
115.043349069 10135775351 633579 28307  19279
115.055348042 10136422165 646814 28292  19704
115.067348440 10137065661 643496 28222  19617
115.079344216 10137711760 646099 28315  19628
115.091349573 10138352629 640869 28283  19441
115.103349300 10138997582 644953 28284  19617
115.115360524 10139638533 640951 28284  19683
115.127361721 10140282453 643920 28339  19643
115.139358368 10140919210 636757 28248  19485
115.151350444 10141560170 640960 28306  19449
115.163359575 10142207148 646978 28219  19732
115.175359765 10142851895 644747 28378  19685
115.187348176 10143489091 637196 28231  19464
115.199349812 10144131489 642398 28379  19507
115.211362897 10144775296 643807 28243  19622
115.223362210 10145423920 648624 28320  19805
115.235349964 10146067163 643243 28325  19582
115.247347764 10146706066 638903 28289  19509
115.259361241 10147338293 632227 28333  19474
115.271360745 10147984984 646691 28205  19693
115.283350561 10148626994 642010 28233  19536
115.295355096 10149270504 643510 28271  19740
115.307361826 10149910792 640288 28355  19510
115.319348262 10150554565 643773 28312  19727
115.331348243 10151190363 635798 28300  19581
115.343360653 10151829186 638823 28356  19518
115.355350113 10152469099 639913 28217  19525
115.367349660 10153112564 643465 28266  19718
115.379362231 10153756874 644310 28345  19672
115.391361664 10154399046 642172 28324  19660
115.403360179 10155034177 635131 28344  19532
115.415359998 10155677655 643478 28324  19711
115.427361239 10156320662 643007 28306  19600
115.439360752 10156964658 643996 28236  19660
115.451357386 10157602676 638018 28292  19471
115.463350126 10158243773 641097 28339  19588
115.475349773 10158887484 643711 28299  19757
115.487350254 10159531658 644174 28262  19709
115.499348171 10160175629 643971 28307  19557
115.511349498 10160815889 640260 28300  19579
115.523359841 10161459972 644083 28292  19704
115.535363348 10162106210 646238 28283  19664
115.547348732 10162743950 637740 28353  19497
115.559349742 10163383240 639290 28295  19517
115.571362303 10164021688 638448 28233  19445
115.583342033 10164667005 645317 28163  19706
115.595349893 10165308203 641198 28291  19542
115.607358350 10165953444 645241 28204  19676
115.619362174 10166588156 634712 28325  19484
115.631361481 10167231675 643519 28365  19673
115.643351181 10167874206 642531 28299  19612
115.655349878 10168515433 641227 28295  19533
115.667348125 10169154483 639050 28340  19476
115.679360276 10169799575 645092 28331  19600
115.691349889 10170436016 636441 28258  19528
115.703349936 10171079391 643375 28260  19626
115.715361670 10171721307 641916 28288  19515
115.727359670 10172365799 644492 28377  19729
115.739360298 10173010618 644819 28339  19653
115.751359785 10173656987 646369 28278  19699
115.763349335 10174288840 631853 28328  19301
115.775367639 10174932186 643346 28209  19579
115.787351036 10175577051 644865 28248  19637
115.799348253 10176222697 645646 28209  19695
115.811362704 10176867181 644484 28235  19544
115.823360677 10177508191 641010 28241  19581
115.835360514 10178146385 638194 28348  19549
115.847348115 10178789276 642891 28238  19602
115.859361512 10179434826 645550 28343  19716
115.871361079 10180075046 640220 28344  19501
115.883347282 10180717262 642216 28330  19606
115.895348599 10181363537 646275 28232  19806
115.907360820 10182001867 638330 28306  19623
115.919348403 10182646155 644288 28196  19610
115.931357894 10183287070 640915 28316  19566
115.943349787 10183932968 645898 28313  19640
115.955360935 10184576000 643032 28249  19599
115.967361699 10185221411 645411 28342  19688
115.979349698 10185855174 633763 28333  19348
115.991349316 10186500661 645487 28312  19588
116.003348696 10187147500 646839 28194  19777
116.015349443 10187791346 643846 28302  19562
116.027361357 10188435918 644572 28271  19699
116.039360194 10189081431 645513 28325  19605
116.051349508 10189719508 638077 28333  19528
116.063350148 10190366579 647071 28244  19709
116.075349095 10191006062 639483 28343  19423
116.087367579 10191647435 641373 28327  19615
116.099362466 10192292280 644845 28286  19589
116.111348506 10192940239 647959 28313  19694
116.123363283 10193576613 636374 28272  19409
116.135360777 10194220488 643875 28293  19550
116.147350617 10194863568 643080 28400  19554
116.159348068 10195509959 646391 28334  19664
116.171360852 10196156494 646535 28340  19657
116.183361399 10196796761 640267 28367  19568
116.195348135 10197430644 633883 28289  19341
116.207352057 10198078143 647499 28160  19701
116.219361577 10198723272 645129 28330  19726
116.231361601 10199368601 645329 28357  19663
116.243356734 10200011684 643083 28360  19566
116.255348675 10200651903 640219 28299  19632
116.267361445 10201290274 638371 28290  19609
116.279361029 10201932985 642711 28274  19569
116.291363116 10202570660 637675 28369  19492
116.303362566 10203215323 644663 28356  19556
116.315360460 10203862788 647465 28265  19719
116.327349593 10204505621 642833 28218  19640
116.339360470 10205144571 638950 28214  19609
116.351362464 10205786604 642033 28368  19558
116.363361774 10206432016 645412 28340  19760
116.375348521 10207078325 646309 28303  19743
116.387347075 10207720314 641989 28380  19721
116.399361105 10208361863 641549 28251  19589
116.411355222 10208996759 634896 28281  19508
116.423347310 10209642992 646233 28310  19705
116.435349720 10210285994 643002 28276  19574
116.447347833 10210929991 643997 28217  19594
116.459349541 10211572664 642673 28325  19571
116.471360675 10212214336 641672 28298  19575
116.483360469 10212852499 638163 28319  19542
116.495349762 10213490693 638194 28293  19483
116.507347663 10214133659 642966 28357  19639
116.519360710 10214777644 643985 28216  19603
116.531359813 10215423027 645383 28251  19792
116.543361884 10215780309 357282 28340  24517
116.555360774 10215922465 142156 28376  28259
116.567357464 10216064666 142201 28383  28268
116.579361431 10216206892 142226 28378  28268
116.591358542 10216349043 142151 28367  28253
116.603364130 10216491235 142192 28373  28256
116.615360166 10216633455 142220 28380  28268
116.627350189 10216775591 142136 28375  28252
116.639348793 10216917897 142306 28392  28281
116.651346303 10217060088 142191 28377  28263
116.663345288 10217202269 142181 28374  28256
116.675346312 10217344440 142171 28382  28261
116.687349949 10217486691 142251 28380  28265
116.699346922 10217628802 142111 28367  28249
116.711360160 10217770958 142156 28374  28255
116.723353816 10217913164 142206 28368  28255
116.735347763 10218055345 142181 28371  28256
116.747359801 10218197521 142176 28367  28253
116.759358862 10218339697 142176 28370  28258
116.771360412 10218481823 142126 28368  28254
116.783349302 10218623984 142161 28377  28259
116.795360263 10218766130 142146 28371  28256
116.807363866 10218908336 142206 28381  28261
116.819359987 10219050412 142076 28368  28245
116.831358591 10219192563 142151 28370  28254
116.843358777 10219334704 142141 28360  28245
116.855358022 10219477040 142336 28392  28281
116.867361426 10219619231 142191 28384  28270
116.879355439 10219761437 142206 28380  28263
116.891361413 10219903643 142206 28382  28261
116.903361887 10220045819 142176 28367  28255
116.915349217 10220188040 142221 28380  28264
116.927346581 10220330261 142221 28383  28271
116.939350798 10220472457 142196 28387  28268
116.951360702 10220614668 142211 28373  28255
116.963350289 10220812666 197998 28371  28246
116.975347263 10221459338 646672 25968  23812
116.986362971 10222108396 649058 28337  16614
116.998349174 10222741885 633489 28424  17943
117.010347606 10223376276 634391 28329  19794
117.022350149 10224009881 633605 28365  19770
117.034360866 10224646199 636318 28294  19919
117.046357133 10225273947 627748 28355  19700
117.058349997 10225651199 377252 28350  24293
117.070350844 10225849775 198576 28380  28193
117.082349984 10226048372 198597 28372  28243
117.094347251 10226246689 198317 28361  28228
117.106350938 10226445188 198499 28371  28249
117.118349720 10226643911 198723 28393  28266
117.130362843 10226842438 198527 28383  28248
117.142349977 10227040965 198527 28388  28256
117.154347237 10227239520 198555 28373  28243
117.166361074 10227437998 198478 28372  28250
117.178360101 10227636994 198996 28393  28271
117.190361746 10227835619 198625 28381  28260
117.202356406 10228033929 198310 28358  28229
117.214362740 10228232498 198569 28384  28253
117.226361350 10228431136 198638 28385  28265
117.238361101 10228629734 198598 28397  28269
117.250349388 10228828135 198401 28368  28245
117.262359781 10229026865 198730 28384  28260
117.274361752 10229225406 198541 28371  28245
117.286360585 10229424458 199052 28385  28266
117.298348236 10229622956 198498 28371  28248
117.310359607 10229821498 198542 28380  28250
117.322360431 10230020131 198633 28395  28272
117.334348984 10230218559 198428 28370  28245
117.346348144 10230416911 198352 28373  28247
117.358358008 10230615410 198499 28367  28243
117.370363429 10230814070 198660 28384  28268
117.382349922 10231012527 198457 28372  28244
117.394349039 10231211495 198968 28393  28261
117.406350920 10231410197 198702 28383  28263
117.418349197 10231608626 198429 28366  28241
117.430348545 10231807216 198590 28387  28268
117.442350712 10232005785 198569 28385  28260
117.454349605 10232204326 198541 28373  28237
117.466361136 10232402665 198339 28366  28234
117.478348989 10232601150 198485 28368  28241
117.490349746 10232799593 198443 28373  28244
117.502351560 10232998232 198639 28380  28256
117.514368771 10233197025 198793 28375  28253
117.526359148 10233395664 198639 28390  28262
117.538348225 10233594212 198548 28387  28264
117.550362022 10233792844 198632 28398  28270
117.562361256 10233991406 198562 28389  28261
117.574362626 10234189996 198590 28382  28261
117.586358334 10234388621 198625 28394  28268
117.598359870 10234587197 198576 28381  28258
117.610361031 10234785748 198551 28383  28258
117.622360759 10234984741 198993 28380  28255
117.634360782 10235183373 198632 28398  28269
117.646361786 10235381893 198520 28371  28245
117.658327246 10235580371 198478 28369  28249
117.670346703 10235778884 198513 28375  28253
117.682354905 10235977529 198645 28374  28247
117.694350797 10236175973 198444 28371  28247
117.706359472 10236374507 198534 28376  28249
117.718347652 10236572908 198401 28368  28235
117.730350176 10236771799 198891 28368  28236
117.742363351 10236970473 198674 28390  28258
117.754349587 10237169014 198541 28381  28250
117.766348731 10237367527 198513 28381  28256
117.778361335 10237565900 198373 28366  28227
117.790349575 10237764441 198541 28382  28242
117.802359542 10237962835 198394 28368  28234
117.814347826 10238161278 198443 28370  28239
117.826345801 10238359784 198506 28385  28251
117.838369564 10238558381 198597 28369  28246
117.850360971 10238757286 198905 28384  28260
117.862362552 10238955918 198632 28392  28264
117.874353265 10239154480 198562 28387  28259
117.886361092 10239352930 198450 28382  28247
117.898362177 10239551541 198611 28383  28263
117.910349931 10239750040 198499 28382  28250
117.922360024 10239948756 198716 28397  28265
117.934348385 10240147220 198464 28359  28236
117.946359585 10240345524 198304 28374  28241
117.958362266 10240544652 199128 28385  28266
117.970349467 10240743235 198583 28385  28260
117.982361797 10240941776 198541 28387  28260
117.994366662 10241140261 198485 28369  28237
118.006351584 10241338662 198401 28384  28253
118.018346636 10241537210 198548 28383  28250
118.030350259 10241735800 198590 28384  28257
118.042358836 10241934348 198548 28377  28249
118.054351033 10242132910 198562 28381  28255
118.066349747 10242331850 198940 28379  28250
118.078361272 10242530356 198506 28380  28256
118.090350105 10242729002 198646 28385  28260
118.102348032 10242927669 198667 28384  28268
118.114349679 10243126336 198667 28386  28262
118.126349260 10243325024 198688 28401  28275
118.138361433 10243523551 198527 28378  28251
118.150347787 10243721959 198408 28373  28244
118.162357738 10243920507 198548 28374  28245
118.174362385 10244119216 198709 28378  28259
118.186361072 10244318023 198807 28392  28264
118.198349319 10244516487 198464 28375  28247
118.210348713 10244715049 198562 28387  28252
118.222363274 10244913548 198499 28375  28241
118.234358128 10245112067 198519 28382  28248
118.246358992 10245310525 198458 28371  28234
118.258361269 10245509017 198492 28382  28247
118.270347756 10245707600 198583 28389  28256
118.282360604 10245906148 198548 28393  28259
118.294348577 10246105018 198870 28369  28237
118.306362824 10246303482 198464 28370  28245
118.318358198 10246501939 198457 28372  28239
118.330349802 10246700480 198541 28387  28261
118.342347335 10246899056 198576 28386  28265
118.354347827 10247097443 198387 28376  28242
118.366362707 10247295907 198464 28364  28239
118.378361751 10247494392 198485 28372  28244
118.390361154 10247692884 198492 28383  28252
118.402348281 10247891880 198996 28392  28268
118.414361829 10248090379 198499 28379  28247
118.426361036 10248288794 198415 28381  28248
118.438360933 10248487322 198528 28378  28247
118.450347684 10248685799 198477 28377  28250
118.462360825 10252447633 3761834 538570  538332
118.473373296 10252643171 195538 27958  27832
118.485361810 10252841796 198625 28389  28253
118.497361754 10253040337 198541 28397  28259
118.509348177 10253238822 198485 28378  28240
118.521347988 10253437923 199101 28387  28259
118.533349175 10253636464 198541 28379  28254
118.545349292 10253834893 198429 28369  28231
118.557350283 10254033343 198450 28379  28242
118.569349533 10254231724 198381 28362  28229
118.581349631 10254421700 189976 28375  28220
118.593348528 10254566013 144313 28413  27668
118.605348008 10254736510 170497 28382  28180
118.617359965 10254906961 170451 28373  28208
118.629355992 10255077349 170388 28375  28205
118.641361550 10255247627 170278 28372  28180
118.653345831 10255418008 170381 28372  28206
118.665349941 10255588419 170411 28371  28202
118.677358138 10255758996 170577 28378  28228
118.689345178 10255929403 170407 28367  28200
118.701358806 10256099922 170519 28365  28214
118.713358310 10256270119 170197 28374  28183
118.725361750 10256440486 170367 28369  28197
118.737360731 10256611065 170579 28380  28218
118.749347325 10256781551 170486 28370  28218
118.761359489 10256951950 170399 28382  28206
118.773346579 10257122607 170657 28374  28224
118.785349167 10257292814 170207 28369  28182
118.797367024 10257463213 170399 28381  28207
118.809348258 10257633852 170639 28372  28219
118.821360822 10257804293 170441 28364  28211
118.833360093 10257974619 170326 28365  28190
118.845350147 10258145241 170622 28374  28219
118.857360004 10258315364 170123 28368  28177
118.869347777 10258485708 170344 28374  28199
118.881348821 10258656185 170477 28366  28203
118.893359679 10258826674 170489 28368  28210
118.905354443 10258996977 170303 28364  28187
118.917361506 10259167544 170567 28376  28213
118.929361954 10259337751 170207 28367  28184
118.941345981 10259508150 170399 28371  28202
118.953365658 10259678771 170621 28382  28220
118.965348962 10259849176 170405 28375  28218
118.977360790 10260019611 170435 28393  28209
118.989348094 10260190016 170405 28362  28198
119.001347437 10260360313 170297 28383  28195
119.013347731 10260530670 170357 28378  28200
119.025346292 10260701231 170561 28369  28211
119.037359893 10260871594 170363 28367  28207
119.049361413 10261041825 170231 28377  28195
119.061361180 10261212242 170417 28362  28190
119.073348967 10261382263 170021 28365  28171
119.085349538 10261552608 170345 28371  28190
119.097348332 10261723163 170555 28376  28213
119.109367929 10261893484 170321 28359  28202
119.121350796 10262063798 170314 28368  28192
119.133360967 10262234336 170538 28378  28206
119.145362994 10262404441 170105 28367  28173
119.157361205 10262574669 170228 28372  28191
119.169349385 10262745098 170429 28375  28204
119.181360983 10262915521 170423 28368  28201
119.193360960 10263085836 170315 28373  28199
119.205350870 10263256217 170381 28376  28201
119.217348174 10263426232 170015 28363  28160
119.229346581 10263596535 170303 28388  28193
119.241360776 10263767000 170465 28375  28200
119.253349956 10263937375 170375 28374  28206
119.265368204 10264107600 170225 28379  28180
119.277360364 10264278083 170483 28372  28194
119.289362231 10264448116 170033 28364  28162
119.301349945 10264618443 170327 28378  28197
119.313348612 10264788734 170291 28370  28187
119.325360857 10264959109 170375 28381  28210
119.337360667 10265129280 170171 28357  28169
119.349348567 10265299577 170297 28361  28181
119.361347018 10265469737 170160 28363  28173
119.373361576 10265639961 170224 28354  28170
119.385361199 10265810415 170454 28363  28204
119.397348863 10265980891 170476 28388  28227
119.409347990 10266151200 170309 28364  28183
119.421360958 10266321581 170381 28357  28193
119.433355535 10266491764 170183 28368  28179
119.445348235 10266662085 170321 28373  28197
119.457361869 10276280149 9618064 1605439  1602916
119.472628125 10276907684 627535 104672  104399
119.484350024 10277078010 170326 28381  28200
119.496348358 10277248592 170582 28372  28214
119.508358768 10277418810 170218 28366  28184
119.520366256 10277589155 170345 28377  28196
119.532346597 10277759627 170472 28363  28203
119.544347414 10277930091 170464 28374  28218
119.556360411 10278100337 170246 28364  28184
119.568361455 10278270838 170501 28371  28202
119.580349469 10278441044 170206 28383  28192
119.592355579 10278611375 170331 28373  28195
119.604347326 10278781897 170522 28368  28202
119.616346633 10278952229 170332 28358  28197
119.628351105 10279122428 170199 28356  28170
119.640350188 10279292992 170564 28379  28212
119.652363439 10279483570 190578 28366  28146
119.664362400 10279682401 198831 28384  28261
119.676350460 10279880695 198294 28370  28236
119.688349844 10280079249 198554 28379  28250
119.700348179 10280277797 198548 28375  28250
119.712360552 10280476275 198478 28370  28248
119.724347863 10280674662 198387 28371  28238
119.736350146 10280873231 198569 28379  28252
119.748367624 10281071751 198520 28375  28248
119.760360725 10281270334 198583 28374  28252
119.772360589 10281469270 198936 28375  28254
119.784360746 10281667766 198496 28375  28252
119.796361580 10281866216 198450 28368  28246
119.808360571 10282064638 198422 28365  28236
119.820349338 10282263102 198464 28372  28257
119.832349595 10282461671 198569 28384  28263
119.844361939 10282660338 198667 28385  28261
119.856359690 10282858921 198583 28375  28251
119.868360877 10283057469 198548 28379  28247
119.880349688 10283256409 198940 28382  28258
119.892361382 10283455181 198772 28400  28280
119.904369579 10283653820 198639 28390  28274
119.916348953 10283852361 198541 28380  28250
119.928348513 10284050867 198506 28372  28248
119.940350421 10284249352 198485 28371  28244
119.952360375 10284447956 198604 28383  28259
119.964350799 10284646497 198541 28372  28252
119.976350263 10284845206 198709 28401  28279
119.988361094 10285043992 198786 28374  28253
120.000361205 10285242687 198695 28385  28254
120.012349855 10285441018 198331 28370  28243
120.024349262 10285639776 198758 28400  28272
120.036348003 10285838198 198422 28378  28245
120.048361741 10286036613 198415 28363  28229
120.060348004 10286235049 198436 28374  28240
120.072357661 10286433632 198583 28384  28249
120.084363306 10286632159 198527 28379  28250
120.096361430 10286830623 198464 28364  28242
120.108362073 10287029605 198982 28371  28251
120.120359205 10287228027 198422 28374  28244
120.132360612 10287426729 198702 28398  28277
120.144360415 10287625229 198500 28378  28247
120.156350572 10287823608 198379 28375  28254
120.168361777 10288022219 198611 28375  28251
120.180346537 10288220774 198555 28377  28247
120.192359465 10288419245 198471 28380  28249
120.204360382 10288617821 198576 28380  28256
120.216348373 10288816635 198814 28376  28243
120.228367156 10289015057 198422 28379  28256
120.240361524 10289213605 198548 28370  28245
120.252360388 10289412205 198600 28389  28264
120.264359748 10289610638 198433 28370  28246
120.276359956 10289809214 198576 28372  28241
120.288348827 10290007713 198499 28372  28242
120.300348100 10290206268 198555 28392  28259
120.312350328 10290404802 198534 28375  28247
120.324361389 10290603630 198828 28365  28231
120.336360432 10290802165 198535 28381  28248
120.348361410 10291000544 198379 28380  28248
120.360347117 10291199001 198457 28377  28245
120.372347848 10291397409 198408 28366  28238
120.384368496 10291595887 198478 28385  28252
120.396350153 10291794477 198590 28389  28256
120.408348726 10291993088 198611 28390  28262
120.420360760 10292191496 198408 28370  28245
120.432349204 10292390205 198709 28379  28254
120.444348798 10292589222 199017 28391  28271
120.456344742 10297519603 4930381 705958  705676
120.473365358 10297713573 193970 27716  27596
120.485360992 10297912373 198800 28380  28249
120.497361099 10298111229 198856 28376  28252
120.509365213 10298309651 198422 28370  28234
120.521360767 10298508171 198520 28387  28257
120.533360321 10298706613 198442 28375  28238
120.545367149 10298905022 198409 28378  28241
120.557350509 10299103416 198394 28371  28234
120.569349073 10299301838 198422 28384  28246
120.581361960 10299500498 198660 28398  28260
120.593361064 10299698976 198478 28383  28247
120.605359645 10299897860 198884 28370  28234
120.617350732 10300096387 198527 28381  28247
120.629359800 10300294900 198513 28392  28257
120.641361390 10300493406 198506 28367  28242
120.653347154 10300691898 198492 28370  28247
120.665348398 10300890383 198485 28385  28257
120.677360085 10301088882 198499 28381  28255
120.689348439 10301287388 198506 28371  28244
120.701348354 10301486041 198653 28391  28257
120.713357104 10301685002 198961 28393  28268
120.725362142 10301883403 198401 28364  28233
120.737361229 10302081895 198492 28392  28251
120.749361714 10302280492 198597 28383  28249
120.761348237 10302478949 198457 28381  28240
120.773350221 10302677441 198492 28375  28249
120.785361102 10302875919 198478 28381  28253
120.797348696 10303074411 198492 28385  28255
120.809349163 10303272917 198506 28379  28252
120.821360438 10303471703 198786 28387  28251
120.833360838 10303670461 198758 28389  28259
120.845349548 10303869093 198632 28399  28271
120.857361073 10304067592 198499 28370  28247
120.869370500 10304266084 198492 28366  28235
120.881361135 10304464478 198394 28377  28242
120.893359375 10304663061 198583 28388  28250
120.905360880 10304861532 198471 28383  28246
120.917349467 10305060178 198646 28398  28267
120.929349894 10305258796 198618 28378  28258
120.941360531 10305457582 198786 28358  28231
120.953347499 10305656130 198548 28383  28254
120.965360086 10305854608 198478 28376  28244
120.977348503 10306053023 198415 28374  28236
120.989361314 10306251655 198632 28393  28265
121.001360921 10306450140 198485 28374  28242
121.013349866 10306648758 198618 28392  28267
121.025357013 10306847278 198520 28386  28248
121.037350560 10307045707 198429 28382  28249
121.049347411 10307244584 198877 28378  28242
121.061350928 10307442999 198415 28366  28231
121.073360219 10307641470 198471 28373  28247
121.085362560 10307840025 198555 28391  28261
121.097349413 10308038572 198547 28384  28248
121.109350018 10308232001 193429 28387  28246
121.121346552 10308374197 142196 28390  27637
121.133347452 10308544758 170561 28387  28195
121.145346690 10308715193 170435 28368  28196
121.157345624 10308885610 170417 28383  28213
121.169362462 10309055937 170327 28363  28178
121.181368059 10309226294 170357 28370  28205
121.193350056 10309396495 170201 28359  28176
121.205349277 10309567086 170591 28362  28212
121.217359871 10309737515 170429 28380  28219
121.229358629 10309907890 170375 28380  28207
121.241349666 10310078312 170422 28391  28195
121.253349833 10310248676 170364 28365  28203
121.265360127 10310419069 170393 28376  28200
121.277359041 10310589634 170565 28362  28207
121.289348875 10310760038 170404 28372  28216
121.301358543 10310930377 170339 28381  28198
121.313362450 10311100704 170327 28362  28176
121.325357647 10311271196 170492 28379  28220
121.337348285 10311441526 170330 28364  28191
121.349353562 10311612147 170621 28379  28226
121.361358970 10311782486 170339 28366  28196
121.373358897 10311952861 170375 28377  28197
121.385359015 10312123146 170285 28367  28182
121.397349762 10312293562 170416 28377  28213
121.409362169 10312463889 170327 28373  28190
121.421360696 10312634396 170507 28364  28205
121.433350110 10312804879 170483 28372  28213
121.445346054 10312975134 170255 28362  28182
121.457360522 10319991576 7016442 1171046  1169109
121.473363855 10320157091 165515 27532  27373
121.485362076 10320327641 170550 28390  28227
121.497347623 10320498033 170392 28388  28214
121.509362441 10320668587 170554 28371  28204
121.521360984 10320838958 170371 28371  28216
121.533361868 10321009045 170087 28363  28158
121.545349443 10321179531 170486 28376  28218
121.557346493 10321349839 170308 28359  28201
121.569362274 10321520074 170235 28374  28183
121.581347418 10321690488 170414 28371  28210
121.593360152 10321860916 170428 28369  28215
121.605347536 10322030875 169959 28357  28153
121.617362030 10322201433 170558 28377  28208
121.629361805 10322371867 170434 28382  28219
121.641359742 10322542282 170415 28372  28208
121.653348545 10322712780 170498 28371  28211
121.665355090 10322883232 170452 28382  28214
121.677360514 10323053305 170073 28369  28168
121.689347981 10323223892 170587 28365  28208
121.701349722 10323394231 170339 28351  28204
121.713359616 10323564543 170312 28356  28191
121.725359927 10323734993 170450 28354  28204
121.737350184 10323905445 170452 28368  28217
121.749358359 10324075722 170277 28387  28197
121.761345816 10324246329 170607 28377  28215
121.773362180 10324416810 170481 28381  28221
121.785347784 10324587200 170390 28377  28209
121.797346998 10324757723 170523 28363  28210
121.809346219 10324928043 170320 28372  28210
121.821359210 10325098188 170145 28388  28172
121.833372227 10325268710 170522 28380  28211
121.845361139 10325439090 170380 28372  28197
121.857359942 10325609433 170343 28379  28202
121.869362233 10325780045 170612 28383  28221
121.881347961 10325950389 170344 28372  28204
121.893346961 10326120462 170073 28378  28163
121.905361629 10326290918 170456 28356  28205
121.917348363 10326461328 170410 28368  28205
121.929360961 10326631641 170313 28374  28199
121.941350034 10326802295 170654 28379  28225
121.953360265 10326972765 170470 28380  28222
121.965349553 10327142821 170056 28369  28164
121.977358840 10327313396 170575 28358  28215
121.989355141 10327483830 170434 28360  28206
122.001347128 10327654118 170288 28366  28185
122.013353476 10327824592 170474 28349  28195
122.025349886 10327995032 170440 28368  28211
122.037348237 10328165099 170067 28380  28171
122.049350101 10328335633 170534 28388  28218
122.061358482 10328506187 170554 28387  28232
122.073404636 10328676435 170248 28372  28184
122.085362323 10328846968 170533 28375  28203
122.097348815 10329017309 170341 28379  28211
122.109360328 10329187367 170058 28373  28156
122.121347333 10329358021 170654 28393  28227
122.133349507 10329528425 170404 28363  28207
122.145354918 10329698697 170272 28371  28182
122.157360125 10329869278 170581 28386  28219
122.169360399 10330039539 170261 28365  28189
122.181360117 10330209860 170321 28380  28180
122.193359840 10330380240 170380 28368  28208
122.205361702 10330550577 170337 28373  28193
122.217360829 10330721213 170636 28382  28219
122.229359346 10330891611 170398 28375  28215
122.241346027 10331061840 170229 28362  28182
122.253346111 10331232146 170306 28359  28173
122.265348979 10331402577 170431 28370  28215
122.277346322 10331572911 170334 28376  28195
122.289361577 10331743511 170600 28380  28216
122.301357757 10331913860 170349 28371  28207
122.313347011 10332084195 170335 28370  28189
122.325348359 10332254488 170293 28381  28190
122.337348463 10332424838 170350 28359  28188
122.349345431 10332595158 170320 28374  28192
122.361349938 10332765679 170521 28371  28215
122.373349309 10332936011 170332 28354  28190
122.385359450 10333106348 170337 28372  28196
122.397346964 10333203784 97436 15489  15244
122.417680414 10333204971 1187 62  1
122.434305424 10333206290 1319 90  18
122.448932956 10333207477 1187 58  1
122.456791169 10333210770 3293 206  87
