0.010095615 40227247 40227247 8937  71
0.024000170 107624526 67397279 281  4
0.039935302 175040152 67415626 258  6
0.055929449 196299747 21259595 56965  11823
0.067656566 198065038 1765291 102855  38450
0.079669752 200556523 2491485 113325  52547
0.091666411 203074343 2517820 113324  45688
0.103651465 205649045 2574702 113328  41418
0.115653421 208210844 2561799 113333  39235
0.127650340 210724658 2513814 113323  40273
0.139651477 213291409 2566751 113332  39033
0.151650787 215852589 2561180 113321  37685
0.163663919 218430074 2577485 113338  37480
0.175663093 220939704 2509630 113314  37811
0.187674703 223502410 2562706 113324  37661
0.199651142 226067823 2565413 113332  36711
0.211663122 228637220 2569397 113349  36269
0.223651518 231139567 2502347 113324  36498
0.235663181 233703245 2563678 113336  37138
0.247647197 236265731 2562486 113342  36835
0.259650827 238831053 2565322 113336  36071
0.271664646 241330962 2499909 113325  36349
0.283664243 243884954 2553992 113349  36603
0.295661956 246453515 2568561 113329  36338
0.307666786 249049266 2595751 113331  36065
0.319662040 251641653 2592387 113337  36017
0.331650989 254167749 2526096 113329  36858
0.343671262 256753289 2585540 113331  36704
0.355650279 259333937 2580648 113324  36217
0.367649545 261914212 2580275 113324  35326
0.379650618 264499182 2584970 113320  37463
0.391662228 267019590 2520408 113326  37387
0.403650708 269594557 2574967 113339  37047
0.415661344 272162892 2568335 113328  36122
0.427663034 274730698 2567806 113332  36359
0.439648907 277305663 2574965 113320  36916
0.451648510 279883852 2578189 113319  36290
0.463649213 282414036 2530184 113327  35557
0.475663243 284965511 2551475 113339  35894
0.487650686 287532237 2566726 113329  36405
0.499672363 290096941 2564704 113330  35946
0.511651932 292661616 2564675 113344  35201
0.523662942 295220379 2558763 113327  35368
0.535651252 297780560 2560181 113313  35851
0.547651082 300343402 2562842 113338  36066
0.559651935 302903173 2559771 113323  35662
0.571664305 305397292 2494119 113327  35621
0.583651661 307961630 2564338 113316  36361
0.595651548 310526947 2565317 113331  35749
0.607662948 313095498 2568551 113331  35782
0.619662934 315659203 2563705 113321  35130
0.631663480 318213662 2554459 113315  35953
0.643650767 320774585 2560923 113343  36912
0.655671884 323333723 2559138 113350  36301
0.667650113 325888870 2555147 113327  35429
0.679661176 328445770 2556900 113327  35992
0.691649503 330999631 2553861 113336  36111
0.703661096 333550308 2550677 113320  35710
0.715662439 336102334 2552026 113326  35404
0.727662229 338652955 2550621 113333  35095
0.739650722 341204227 2551272 113346  36369
0.751661668 343754993 2550766 113343  35707
0.763662458 346305266 2550273 113342  35803
0.775648828 348845106 2539840 113323  35325
0.787649977 351389785 2544679 113334  36017
0.799648054 353932679 2542894 113341  36436
0.811662487 356476215 2543536 113335  35864
0.823657504 359016183 2539968 113328  35645
0.835649831 361549826 2533643 113325  36230
0.847649277 364084937 2535111 113343  36523
0.859664136 366629126 2544189 113323  36411
0.871648166 369192350 2563224 113303  36110
0.883649756 371758145 2565795 113324  36414
0.895649256 374322843 2564698 113319  37208
0.907664129 376881299 2558456 113319  36962
0.919648592 379471674 2590375 113330  36834
0.931650605 382052667 2580993 113322  35955
0.943661025 384607100 2554433 113337  36433
0.955648342 387161275 2554175 113335  36652
0.967663019 389713060 2551785 113338  36686
0.979659428 392265147 2552087 113320  36092
0.991664828 394809536 2544389 113337  36060
1.003650744 397359963 2550427 113331  36678
1.015663211 399913170 2553207 113331  36194
1.027663658 402517537 2604367 113330  35847
1.039664017 405059934 2542397 113326  35467
1.051662833 407601206 2541272 113328  36009
1.063663370 410143502 2542296 113304  36318
1.075663497 412685617 2542115 113335  36011
1.087663243 415229232 2543615 113332  35803
1.099651282 417765788 2536556 113350  36126
1.111649726 420357845 2592057 113324  36415
1.123663049 422890306 2532461 113323  36268
1.135659169 425423843 2533537 113315  36315
1.147664511 427970605 2546762 113331  36138
1.159650745 430518556 2547951 113326  37938
1.171651121 433115771 2597215 113341  36977
1.183650371 435656486 2540715 113322  36822
1.195650657 438198156 2541670 113330  36299
1.207662397 440733734 2535578 113329  36502
1.219650370 443328868 2595134 113317  36647
1.231651987 445857928 2529060 113352  36465
1.243649914 448393374 2535446 113324  36516
1.255650517 450925712 2532338 113328  36464
1.267650343 453488518 2562806 113327  37230
1.279649983 456031849 2543331 113327  36581
1.291660549 458568393 2536544 113337  36783
1.303662679 461098253 2529860 113333  36221
1.315651369 463679592 2581339 113326  36440
1.327651573 466203192 2523600 113346  36658
1.339650203 468728711 2525519 113318  36396
1.351663543 471312004 2583293 113326  36175
1.363650563 473828766 2516762 113344  35755
1.375662763 476349967 2521201 113327  36541
1.387662349 478925883 2575916 113335  36561
1.399662159 481432019 2506136 113318  36184
1.411663229 483964796 2532777 113335  35913
1.423662409 486621507 2656711 113342  36103
1.435662762 489232182 2610675 113314  36756
1.447662195 491848803 2616621 113331  36262
1.459658335 494520034 2671231 113360  36552
1.471663032 497127303 2607269 113327  36562
1.483663578 499737661 2610358 113326  36629
1.495663682 502395909 2658248 113339  36541
1.507662272 505002363 2606454 113332  36730
1.519663952 507667441 2665078 113330  36367
1.531663682 510263474 2596033 113326  36339
1.543663922 512862031 2598557 113333  36934
1.555650865 515516756 2654725 113323  36400
1.567663098 518118382 2601626 113324  36725
1.579649754 520773109 2654727 113321  35856
1.591649857 523368779 2595670 113326  36575
1.603650301 526017627 2648848 113327  36654
1.615670934 528610382 2592755 113336  36197
1.627664585 531261888 2651506 113328  36543
1.639650097 533845333 2583445 113325  35882
1.651650751 536434712 2589379 113332  36662
1.663663131 539072159 2637447 113323  37262
1.675650527 541659093 2586934 113335  37380
1.687662611 544296970 2637877 113312  36538
1.699650444 546891445 2594475 113338  36359
1.711663427 549534662 2643217 113310  36415
1.723663137 552129904 2595242 113326  37009
1.735651137 554767819 2637915 113329  36125
1.747663510 557359232 2591413 113324  36240
1.759649787 559996974 2637742 113330  36291
1.771658227 562582536 2585562 113331  37724
1.783650910 565217971 2635435 113333  36729
1.795649930 567807401 2589430 113328  36926
1.807662566 570429303 2621902 113319  36264
1.819662416 573062795 2633492 113337  36646
1.831664170 575638842 2576047 113329  37046
1.843661060 578272955 2634113 113332  36378
1.855649413 580853960 2581005 113310  37135
1.867660473 583477726 2623766 113321  36476
1.879650686 586061732 2584006 113332  37139
1.891649656 588674027 2612295 113318  37174
1.903661206 591299748 2625721 113328  36673
1.915661060 593873431 2573683 113335  36801
1.927670546 596488822 2615391 113325  36263
1.939662590 599113949 2625127 113318  37195
1.951662729 601680665 2566716 113332  37234
1.963662212 604305761 2625096 113325  36897
1.975650149 606962974 2657213 113324  36993
1.987651209 609554401 2591427 113332  36793
1.999662375 612193038 2638637 113321  36786
2.011651259 614839237 2646199 113328  37335
2.023662592 617422623 2583386 113325  37020
2.035662452 620059507 2636884 113337  36691
2.047663785 622650274 2590767 113329  36901
2.059663305 625276862 2626588 113337  37326
2.071651062 627908898 2632036 113325  37200
2.083650915 630545787 2636889 113331  37293
2.095658399 633120427 2574640 113333  37055
2.107651198 635753579 2633152 113342  36931
2.119650361 638387455 2633876 113347  37484
2.131651091 640962997 2575542 113339  37617
2.143661505 643590052 2627055 113340  37336
2.155663804 646214379 2624327 113331  37030
2.167684758 648840040 2625661 113327  37007
2.179650848 651412096 2572056 113331  38115
2.191649618 654031512 2619416 113331  37117
2.203662164 656653469 2621957 113324  37185
2.215650304 659270561 2617092 113328  36673
2.227649738 661855977 2585416 113316  36928
2.239662934 664457394 2601417 113331  37560
2.251671678 667084135 2626741 113335  37064
2.263650963 669709191 2625056 113344  37264
2.275662451 672336486 2627295 113329  36947
2.287663944 674915675 2579189 113303  37124
2.299663374 677519890 2604215 113331  37882
2.311650234 680138772 2618882 113341  37275
2.323649638 682754610 2615838 113326  37193
2.335663968 685370212 2615602 113316  36805
2.347662434 687985228 2615016 113324  37176
2.359662024 690596816 2611588 113333  37893
2.371650931 693156794 2559978 113326  37705
2.383662794 695771060 2614266 113339  37714
2.395663145 698382012 2610952 113319  37103
2.407659781 700992816 2610804 113323  37218
2.419651018 703599888 2607072 113316  37679
2.431662892 706206121 2606233 113333  37150
2.443651134 708811824 2605703 113328  37166
2.455661909 711415548 2603724 113336  36700
2.467651568 714018581 2603033 113328  37103
2.479662745 716619694 2601113 113337  37774
2.491663792 719169013 2549319 113322  37455
2.503650629 721781737 2612724 113322  37648
2.515650032 724442546 2660809 113318  37093
2.527662662 727109553 2667007 113343  37344
2.539661949 729777155 2667602 113325  38135
2.551651279 732439800 2662645 113319  37670
2.563660225 735105617 2665817 113322  37847
2.575664822 737766600 2660983 113318  37672
2.587663739 740420476 2653876 113327  37109
2.599651163 743076246 2655770 113328  37729
2.611661879 745728840 2652594 113323  37975
2.623662776 748379636 2650796 113332  37511
2.635661850 751034162 2654526 113315  37484
2.647649465 753686762 2652600 113321  37051
2.659650686 756340895 2654133 113334  37395
2.671663020 758991011 2650116 113339  37854
2.683663256 761635969 2644958 113334  37385
2.695651076 764308371 2672402 113332  37702
2.707649820 766979382 2671011 113324  37293
2.719662523 769621723 2642341 113328  37272
2.731672416 772263565 2641842 113319  38195
2.743663496 774899924 2636359 113336  37656
2.755663193 777538649 2638725 113313  38004
2.767651240 780175288 2636639 113324  37847
2.779650413 782819047 2643759 113330  37563
2.791649516 785466650 2647603 113325  38007
2.803649010 788111838 2645188 113342  38421
2.815663444 790758780 2646942 113322  38127
2.827662306 793456855 2698075 113328  37709
2.839662234 796093548 2636693 113338  37349
2.851649834 798727943 2634395 113320  37840
2.863649687 801365933 2637990 113325  38655
2.875649931 804000550 2634617 113324  38271
2.887659867 806636153 2635603 113326  38499
2.899651831 809264952 2628799 113337  37730
2.911662507 811952220 2687268 113321  37402
2.923650561 814585919 2633699 113326  38527
2.935649781 817215089 2629170 113327  37961
2.947662924 819845679 2630590 113337  37820
2.959650091 822472861 2627182 113329  37536
2.971663477 825150243 2677382 113329  37591
2.983649471 827774611 2624368 113333  38964
2.995877828 830396511 2621900 113337  47639
3.007663412 833018091 2621580 113331  46489
3.019650608 835693238 2675147 113324  43648
3.031652228 838309922 2616684 113322  41013
3.043658155 840958364 2648442 113323  41335
3.055651635 843607867 2649503 113327  40595
3.067663288 846310622 2702755 113325  41066
3.079664305 848955015 2644393 113324  41043
3.091651488 851597161 2642146 113327  39969
3.103652368 854240335 2643174 113322  39542
3.115662615 856934659 2694324 113350  39656
3.127651338 859569808 2635149 113324  39685
3.139651662 862210979 2641171 113330  40315
3.151650378 864897803 2686824 113314  40695
3.163663799 867528966 2631163 113324  39572
3.175649782 870163861 2634895 113339  39455
3.187649982 872856442 2692581 113328  39263
3.199672479 875491534 2635092 113323  39561
3.211663396 878125279 2633745 113332  39492
3.223649889 880806451 2681172 113323  39040
3.235651276 883437360 2630909 113328  38787
3.247650719 886066158 2628798 113321  38872
3.259664673 888744860 2678702 113322  38861
3.271662449 891374587 2629727 113328  38831
3.283650849 894048395 2673808 113334  38688
3.295662990 896667530 2619135 113329  38387
3.307663150 899297213 2629683 113322  38588
3.319663264 901980142 2682929 113314  38624
3.331651740 904616738 2636596 113314  38887
3.343662964 907299415 2682677 113330  38529
3.355662610 909928335 2628920 113332  38618
3.367671918 912609178 2680843 113325  38031
3.379649754 915229059 2619881 113333  38803
3.391663921 917857915 2628856 113325  39070
3.403650501 920527433 2669518 113330  38873
3.415662441 923145278 2617845 113329  38946
3.427651866 925813692 2668414 113340  38717
3.439649756 928431780 2618088 113329  38359
3.451664806 931549308 3117528 103874  32565
3.462651055 938770883 7221575 113306  11814
3.474650866 945963267 7192384 113312  14194
3.486651165 952280822 6317555 103873  13107
3.497662858 959479270 7198448 113316  15542
3.509650555 965779632 6300362 103869  12202
3.520661164 972995299 7215667 113312  14884
3.532663711 980209351 7214052 113314  14812
3.544660731 986541764 6332413 103867  12915
3.555650560 993752029 7210265 113306  13158
3.567648918 1000063736 6311707 103877  13633
3.578662927 1007292229 7228493 113321  13086
3.590649644 1014487956 7195727 113329  14061
3.602649647 1020793901 6305945 103867  12048
3.613660470 1027995752 7201851 113317  13807
3.625649500 1034299103 6303351 103869  12440
3.636661649 1041523426 7224323 113304  13101
3.648649234 1047798993 6275567 103858  12484
3.659662899 1055026995 7228002 113310  13240
3.671662519 1062197436 7170441 113319  13584
3.683649366 1068526515 6329079 103882  12314
3.694661142 1075696773 7170258 113305  12781
3.706661773 1082012940 6316167 103879  12955
3.717650132 1089194138 7181198 113304  13073
3.729650148 1095495328 6301190 103864  12549
3.740648178 1102683870 7188542 113297  12825
3.752663882 1108990399 6306529 103868  13397
3.763662117 1116178829 7188430 113310  12342
3.775662744 1123368030 7189201 113318  13651
3.787661668 1129655100 6287070 103866  11808
3.798651071 1136236352 6581252 103862  14272
3.809659206 1142611810 6375458 103861  12960
3.820650696 1149127851 6516041 103874  12736
3.831657759 1155699222 6571371 103874  11882
3.842650041 1162071866 6372644 103871  13325
3.853660958 1169347788 7275922 113312  13062
3.865648534 1175751820 6404032 103868  12088
3.876649277 1182123587 6371767 103867  11733
3.887663280 1188484940 6361353 103874  12974
3.898648882 1195775504 7290564 113307  12634
3.910649712 1202178335 6402831 103871  11916
3.921661412 1208512726 6334391 103856  11739
3.932661248 1214870068 6357342 103864  12870
3.943649184 1222146144 7276076 113309  13099
3.955648174 1228529475 6383331 103862  11621
3.966662134 1234905931 6376456 103873  11845
3.977660336 1241265461 6359530 103875  12685
3.988648222 1248540544 7275083 113306  13022
4.000649178 1254951281 6410737 103881  11396
4.011662458 1261299429 6348148 103868  12331
4.022647844 1267664071 6364642 103872  12421
4.033661007 1274939921 7275850 113299  12847
4.045661447 1281331864 6391943 103857  11761
4.056650186 1287679704 6347840 103866  12079
4.067647792 1294029162 6349458 103870  12088
4.078648882 1301326943 7297781 113305  13529
4.090661332 1307713857 6386914 103866  11539
4.101649754 1314069172 6355315 103876  12279
4.112660608 1321215410 7146238 113310  12754
4.124658708 1327692431 6477021 103862  12322
4.135649393 1334055745 6363314 103870  11520
4.146646370 1340437024 6381279 103867  12636
4.157662526 1347696178 7259154 113300  12724
4.169649692 1354082987 6386809 103861  12341
4.180649655 1360458992 6376005 103874  12138
4.191661928 1367683849 7224857 113307  13445
4.203650351 1374083977 6400128 103865  11381
4.214649710 1380444281 6360304 103867  12198
4.225661557 1386817283 6373002 103864  12218
4.236660753 1394039834 7222551 113308  13255
4.248648539 1400442423 6402589 103860  11139
4.259648223 1406828826 6386403 103862  11968
4.270679025 1413959598 7130772 113306  13951
4.282649932 1420482683 6523085 103869  11547
4.293661198 1426841435 6358752 103863  11385
4.304662434 1433217445 6376010 103871  12580
4.315649041 1440481170 7263725 113307  13611
4.327649057 1446865977 6384807 103871  11436
4.338648544 1453243760 6377783 103871  11645
4.349663143 1459593766 6350006 103864  12773
4.360648750 1466868538 7274772 113310  13152
4.372662813 1473267310 6398772 103875  11538
4.383661339 1479612922 6345612 103865  11894
4.394662512 1486766416 7153494 113306  13169
4.406648025 1493240317 6473901 103863  11849
4.417662975 1499606192 6365875 103864  11461
4.428669648 1505971635 6365443 103865  12316
4.439649564 1512314476 6342841 103871  11945
4.450662003 1519596555 7282079 113308  12980
4.462662881 1525972354 6375799 103861  11421
4.473650923 1532328509 6356155 103862  12534
4.484648406 1539567407 7238898 113305  12320
4.496648040 1545944974 6377567 103880  12094
4.507661532 1552315676 6370702 103862  11832
4.518648371 1558682684 6367008 103868  12476
4.529660145 1565935419 7252735 113314  12146
4.541662238 1572312518 6377099 103867  12160
4.552661651 1578654572 6342054 103866  12307
4.563649060 1585014770 6360198 103863  11935
4.574671084 1592259145 7244375 113299  12218
4.586662974 1598628944 6369799 103871  11993
4.597662027 1604987583 6358639 103858  12595
4.608662869 1612165497 7177914 113311  12565
4.620660313 1618529403 6363906 103861  11283
4.631661966 1624918276 6388873 103861  12015
4.642648222 1631300074 6381798 103874  12148
4.653662088 1637639768 6339694 103863  12111
4.664648451 1643984057 6344289 103869  11778
4.675661374 1651220844 7236787 113301  12734
4.687661691 1657594978 6374134 103865  11953
4.698660271 1663962165 6367187 103875  11549
4.709648140 1670318198 6356033 103877  12167
4.720668710 1677532032 7213834 113310  12423
4.732662270 1683898360 6366328 103859  12276
4.743649105 1690232962 6334602 103863  11468
4.754662299 1696604826 6371864 103872  12188
4.765647601 1702923721 6318895 103861  11475
4.776647851 1709262178 6338457 103861  12605
4.787648330 1716518098 7255920 113316  12541
4.799662118 1722872496 6354398 103865  11847
4.810660423 1729224284 6351788 103858  11242
4.821650127 1735549646 6325362 103868  12525
4.832660739 1742651999 7102353 113308  13323
4.844648339 1749126193 6474194 103870  11512
4.855647775 1755447741 6321548 103860  11516
4.866657911 1761796329 6348588 103859  12034
4.877661131 1768156104 6359775 103876  12123
4.888660470 1774492770 6336666 103857  12257
4.899648300 1780822678 6329908 103858  11693
4.910661139 1787974164 7151486 113296  12692
4.922651040 1794384186 6410022 103870  11977
4.933648519 1800713735 6329549 103867  11420
4.944649699 1807058613 6344878 103861  11518
4.955659522 1813402219 6343606 103857  11353
4.966649097 1819739591 6337372 103860  12694
4.977661374 1826074704 6335113 103862  11692
4.988649440 1833331807 7257103 113301  12415
5.000647870 1839664817 6333010 103878  11075
5.011650180 1845997650 6332833 103867  12034
5.022657416 1852352920 6355270 103877  11641
5.033651635 1858688222 6335302 103852  12036
5.044647218 1865005394 6317172 103851  11287
5.055650001 1871338772 6333378 103877  12283
5.066649727 1877667330 6328558 103864  12126
5.077662313 1884891494 7224164 113306  12154
5.089649177 1891209172 6317678 103863  11498
5.100648679 1897549036 6339864 103864  11853
5.111660856 1903885860 6336824 103855  11990
5.122648049 1910203012 6317152 103874  11447
5.133648878 1916559209 6356197 103863  11750
5.144652225 1922874291 6315082 103857  11987
5.155659657 1929189409 6315118 103872  12988
5.166658547 1935511888 6322479 103877  12367
5.177662413 1941837947 6326059 103862  12148
5.188625972 1948150082 6312135 103872  11664
5.199649922 1954473133 6323051 103859  12348
5.210661364 1961678619 7205486 113303  12804
5.222643735 1968016756 6338137 103864  11532
5.233659997 1974321265 6304509 103856  11521
5.244661641 1980644267 6323002 103868  12004
5.255660370 1986951959 6307692 103867  12238
5.266648596 1993271514 6319555 103858  11789
5.277647580 1999586143 6314629 103851  11282
5.288650575 2005887233 6301090 103868  11754
5.299660705 2012217524 6330291 103874  12357
5.310659474 2018534438 6316914 103864  11536
5.321652008 2024853565 6319127 103871  11762
5.332648577 2031151925 6298360 103874  11373
5.343661411 2037454551 6302626 103866  12236
5.354662293 2043762727 6308176 103873  11769
5.365649286 2050083879 6321152 103870  11496
5.376647896 2056380792 6296913 103864  11442
5.387660909 2062693733 6312941 103863  11921
5.398662291 2069029556 6335823 103855  11829
5.409648448 2075337619 6308063 103862  11483
5.420660890 2081642901 6305282 103876  11069
5.431661044 2087927078 6284177 103851  11459
5.442648060 2094242993 6315915 103865  12176
5.453658379 2100534156 6291163 103866  11278
5.464662609 2106852015 6317859 103860  11505
5.475660585 2113128973 6276958 103864  11106
5.486649235 2119428163 6299190 103873  12010
5.497647481 2125711878 6283715 103861  11665
5.508649367 2132025758 6313880 103873  11501
5.519660671 2138139681 6113923 103860  11534
5.530660181 2144278237 6138556 103867  12007
5.541648156 2150587414 6309177 103867  12107
5.552647649 2156839971 6252557 103861  11568
5.563662655 2163096764 6256793 103883  11178
5.574650518 2169940598 6843834 113311  11534
5.586661975 2176244230 6303632 103874  12426
5.597663175 2182523476 6279246 103861  10988
5.608666799 2188825308 6301832 103872  11770
5.619649354 2195101536 6276228 103866  11014
5.630647507 2201384390 6282854 103874  11940
5.641661967 2207658845 6274455 103868  11627
5.652648133 2213961411 6302566 103866  11341
5.663648936 2219990922 6029511 103869  11315
5.674661139 2226159322 6168400 103853  11773
5.685650931 2232391691 6232369 103862  11901
5.696648161 2239286775 6895084 113302  11361
5.708650696 2245557488 6270713 103864  10901
5.719661288 2251817117 6259629 103855  11414
5.730650288 2258105143 6288026 103861  12036
5.741660667 2264249068 6143925 103858  11047
5.752657534 2270373830 6124762 103872  11684
5.763650076 2277115815 6741985 113301  11560
5.775649160 2283401034 6285219 103859  11535
5.786649334 2289663528 6262494 103863  11515
5.797647959 2295952394 6288866 103865  11197
5.808662069 2302210258 6257864 103852  11205
5.819661632 2308372805 6162547 103863  11779
5.830648828 2314420343 6047538 103870  11866
5.841648734 2320609276 6188933 103868  11453
5.852660077 2327471888 6862612 113308  11043
5.864661642 2333718358 6246470 103874  11614
5.875648257 2339999586 6281228 103860  12166
5.886661844 2346066791 6067205 103868  11142
5.897668914 2352203173 6136382 103876  11488
5.908648906 2359005527 6802354 113313  11289
5.920659906 2365255619 6250092 103863  12043
5.931662436 2371513290 6257671 103874  11626
5.942647252 2377773732 6260442 103859  11305
5.953649095 2383718133 5944401 103870  11173
5.964660325 2389920409 6202276 103868  11771
5.975662219 2396772623 6852214 113309  11942
5.987648132 2403023930 6251307 103871  11326
5.998661015 2409271499 6247569 103865  10807
6.009662351 2415217410 5945911 103862  11404
6.020649913 2421455247 6237837 103871  11938
6.031647470 2428274887 6819640 113304  11048
6.043669781 2434536844 6261957 103873  11543
6.054660851 2440786098 6249254 103865  11034
6.065649323 2446917949 6131851 103864  12027
6.076661983 2452930750 6012801 103857  11493
6.087659842 2459756566 6825816 113303  11726
6.099649416 2465985539 6228973 103857  10939
6.110647509 2472236184 6250645 103865  11700
6.121648458 2478326449 6090265 103865  11672
6.132706949 2484940950 6614501 113304  11895
6.144650066 2491194822 6253872 103866  10500
6.155647565 2497424199 6229377 103864  11501
6.166661611 2503569543 6145344 103859  12140
6.177647484 2509571399 6001856 103862  10986
6.188659910 2516359118 6787719 113310  11304
6.200657544 2522580049 6220931 103868  11082
6.211648134 2528542551 5962502 103865  11815
6.222661370 2535269681 6727130 113307  11731
6.234661724 2541557944 6288263 103869  10583
6.245649040 2547757994 6200050 103867  11187
6.256660790 2553803668 6045674 103852  11622
6.267660769 2559889129 6085461 103861  11629
6.278649926 2566705933 6816804 113308  11189
6.290648539 2572939582 6233649 103860  10888
6.301661266 2578866806 5927224 103877  11436
6.312649139 2585016136 6149330 103864  11908
6.323648572 2591898732 6882596 113312  10975
6.335661233 2598080431 6181699 103868  11432
6.346656263 2604602848 6522417 113311  11301
6.358649296 2610872349 6269501 103864  11448
6.369660599 2617099747 6227398 103866  11417
6.380661966 2623218098 6118351 103872  11228
6.391648639 2629833362 6615264 113308  11021
6.403648859 2636078221 6244859 103865  11590
6.414647609 2642266641 6188420 103865  11682
6.425649739 2648211528 5944887 103862  11273
6.436647418 2655004194 6792666 113316  10778
6.448659189 2661038644 6034450 103866  11313
6.459660086 2667149828 6111184 103876  12059
6.470649052 2673932230 6782402 113296  10903
6.482649149 2680186585 6254355 103873  11334
6.493669783 2686083090 5896505 103865  10907
6.504661039 2692876237 6793147 113308  11809
6.516648773 2699109105 6232868 103867  11169
6.527661419 2705166374 6057269 103867  11163
6.538661619 2711783222 6616848 113307  10997
6.550649633 2718037966 6254744 103870  11495
6.561660612 2724071237 6033271 103863  11673
6.572648842 2730740660 6669423 113306  11385
6.584667003 2736967363 6226703 103855  10495
6.595648186 2742885347 5917984 103867  11199
6.606661213 2749655020 6769673 113304  12156
6.618662633 2755881451 6226431 103864  10430
6.629661789 2761972924 6091473 103874  11226
6.640670589 2768565868 6592944 113308  10850
6.652649333 2774790777 6224909 103868  11689
6.663647803 2780795359 6004582 103869  11166
6.674649048 2787470902 6675543 113318  11232
6.686660449 2793660780 6189878 103855  10939
6.697648459 2799580878 5920098 103867  11640
6.708663069 2806365627 6784749 113302  11725
6.720660079 2812586196 6220569 103881  11100
6.731647043 2818478876 5892680 103869  10762
6.742659589 2825234859 6755983 113309  11307
6.754648393 2831476466 6241607 103874  11818
6.765661593 2837373560 5897094 103854  11049
6.776647022 2844157523 6783963 113297  11395
6.788661903 2850226517 6068994 103855  10828
6.799670349 2856785778 6559261 113323  12162
6.811661993 2863014439 6228661 103870  10898
6.822661059 2869260495 6246056 103865  10958
6.833648816 2875081121 5820626 103867  11059
6.844660299 2881891948 6810827 113296  11443
6.856649839 2887906540 6014592 103853  11559
6.867660689 2894559213 6652673 113310  11182
6.879661250 2900747919 6188706 103854  10718
6.890660269 2907164508 6416589 113300  11543
6.902661670 2913396291 6231783 103876  11486
6.913660477 2919413249 6016958 103862  10711
6.924660459 2926048890 6635641 113311  11149
6.936646007 2932234947 6186057 103860  10650
6.947669140 2938649921 6414974 113306  12007
6.959663137 2944868722 6218801 103872  10771
6.970661704 2950980909 6112187 103863  10966
6.981649134 2957518193 6537284 113308  11071
6.993660987 2963723500 6205307 103859  11536
7.004662024 2969620083 5896583 103870  11549
7.015649224 2976374754 6754671 113325  11113
7.027661220 2982425996 6051242 103868  10583
7.038660720 2988970568 6544572 113297  11080
7.050661521 2995194169 6223601 103860  11792
7.061648344 3001049049 5854880 103869  10879
7.072660280 3007820421 6771372 113316  11395
7.084648194 3013670645 5850224 103870  10757
7.095658720 3020427239 6756594 113298  11775
7.107663638 3026468187 6040948 103879  11203
7.118647618 3033067468 6599281 113300  11027
7.130660438 3039083951 6016483 103878  10889
7.141648605 3045659311 6575360 113307  11357
7.153661565 3051838463 6179152 103859  11594
7.164661031 3057719987 5881524 103864  11015
7.175649021 3064462881 6742894 113299  10703
7.187660018 3070336614 5873733 103872  11111
7.198660451 3077062594 6725980 113310  11781
7.210661182 3083065381 6002787 103870  10701
7.221647948 3089678010 6612629 113322  11121
7.233660419 3095698115 6020105 103854  10702
7.244659936 3102231929 6533814 113312  11492
7.256654506 3108290527 6058598 103862  11159
7.267660872 3114852354 6561827 113309  10986
7.279661603 3120889439 6037085 103860  11087
7.290662000 3127428411 6538972 113300  11350
7.302661023 3133621099 6192688 103879  11737
7.313661640 3139486722 5865623 103855  11001
7.324661330 3146193650 6706928 113304  10721
7.336648284 3152595635 6401985 113303  11124
7.348661612 3158797823 6202188 103864  11618
7.359660105 3164637781 5839958 103882  10805
7.370659538 3171360074 6722293 113303  11162
7.382660505 3177749881 6389807 113311  10833
7.394647566 3183931663 6181782 103869  11391
7.405670140 3190307550 6375887 113322  11461
7.417648876 3196490447 6182897 103858  10890
7.428660656 3202879840 6389393 113300  10855
7.440662607 3209014436 6134596 103864  11566
7.451661037 3215446530 6432094 113302  11482
7.463649387 3221604940 6158410 103866  11148
7.474647321 3227983259 6378319 113300  10586
7.486660832 3233924806 5941547 103877  11121
7.497648098 3240540534 6615728 113308  11625
7.509662879 3246409889 5869355 103867  10920
7.520660783 3253098534 6688645 113318  10965
7.532660356 3258919048 5820514 103863  10605
7.543661286 3265637824 6718776 113301  11390
7.555656387 3271463986 5826162 103870  11172
7.566649133 3278197167 6733181 113319  10743
7.578660674 3284569944 6372777 113297  10849
7.590662601 3290645700 6075756 103854  11107
7.601661211 3297097149 6451449 113303  11322
7.613660326 3303131595 6034446 103878  10946
7.624660421 3309637406 6505811 113300  10446
7.636647366 3315457703 5820297 103857  10879
7.647661336 3322195972 6738269 113312  11538
7.659661407 3328022617 5826645 103857  10872
7.670662570 3334740857 6718240 113309  10895
7.682647940 3341104778 6363921 113299  10609
7.694656948 3347075367 5970589 103862  11446
7.705669854 3353642256 6566889 113301  11168
7.717649041 3359630790 5988534 103870  10948
7.728661112 3366175514 6544724 113295  10721
7.740661432 3372566801 6391287 113311  11521
7.752661016 3378743370 6176569 103858  11003
7.763648489 3384506034 5762664 103863  11060
7.774660680 3391105184 6599150 113302  10334
7.786661837 3397622303 6517119 113306  11055
7.798647841 3403460780 5838477 103856  11623
7.809661337 3410147079 6686299 113301  10792
7.821660964 3416550806 6403727 113311  11130
7.833660042 3422537981 5987175 103865  10393
7.844647488 3429045521 6507540 113299  11493
7.856670636 3435396767 6351246 113311  11576
7.868648680 3441601215 6204448 103873  10250
7.879647136 3447338572 5737357 103853  10799
7.890648073 3453954059 6615487 113301  11147
7.902660820 3460454755 6500696 113305  11466
7.914648404 3466325694 5870939 103869  10842
7.925647381 3472971061 6645367 113303  10591
7.937662755 3479334058 6362997 113307  10964
7.949660819 3485342551 6008493 103867  11507
7.960661249 3491817189 6474638 113307  10788
7.972646456 3497598987 5781798 103868  10977
7.983661357 3504082583 6483596 113312  10569
7.995648293 3510667299 6584716 113304  11524
8.007648571 3516403372 5736073 103867  10802
8.018669058 3523021984 6618612 113316  10864
8.030647514 3529491211 6469227 113299  10774
8.042661259 3535864356 6373145 113313  11203
8.054648140 3541976201 6111845 103871  11079
8.065660670 3548355043 6378842 113302  10862
8.077648821 3554164165 5809122 103871  10362
8.088647616 3560655814 6491649 113309  11028
8.100661301 3567176045 6520231 113315  11690
8.112648207 3572986146 5810101 103854  10553
8.123660375 3579598872 6612726 113308  11198
8.135647692 3585991294 6392422 113310  10451
8.147650133 3592343643 6352349 113301  11323
8.159647360 3598301199 5957556 103864  10865
8.170670940 3604819973 6518774 113315  10845
8.182648834 3611164720 6344747 113306  10583
8.194660238 3617125174 5960454 103859  11191
8.205663378 3623641338 6516164 113306  11534
8.217646582 3629444347 5803009 103871  11159
8.228648955 3635944947 6500600 113310  10751
8.240647512 3642377904 6432957 113292  11079
8.252662103 3648743553 6365649 113305  11685
8.264646810 3654537856 5794303 103856  10840
8.275648044 3661118254 6580398 113305  11196
8.287660869 3667537779 6419525 113299  10701
8.299660169 3673886102 6348323 113306  11510
8.311648463 3679814649 5928547 103860  11226
8.322669356 3686326948 6512299 113308  11070
8.334661197 3692637182 6310234 113313  10753
8.346648485 3698401303 5764121 103868  11391
8.357649415 3704994868 6593565 113307  11484
8.369661719 3711436239 6441371 113320  11074
8.381661444 3717774186 6337947 113315  10494
8.393648365 3723545601 5771415 103866  11217
8.404662390 3730157242 6611641 113309  11729
8.416661191 3736491936 6334694 113305  10602
8.428647526 3742843622 6351686 113303  11041
8.440661063 3748628094 5784472 103859  10611
8.451648713 3755163240 6535146 113305  11364
8.463660088 3761596124 6432884 113308  10663
8.475670062 3767957502 6361378 113322  10802
8.487662125 3773724954 5767452 103857  10734
8.498647945 3780278533 6553579 113301  11021
8.510660590 3786693277 6414744 113300  11018
8.522660677 3792451023 5757746 103866  10722
8.533649674 3798943805 6492782 113318  10476
8.545659228 3805383906 6440101 113308  10804
8.557662933 3811768783 6384877 113303  11323
8.569661860 3818096200 6327417 113297  10794
8.581649071 3824017879 5921679 103874  11243
8.592660095 3830397144 6379265 113300  10508
8.604647801 3836799493 6402349 113305  11296
8.616647186 3843125664 6326171 113289  11152
8.628648150 3849081876 5956212 103866  10977
8.639669993 3855481781 6399905 113305  10754
8.651648934 3861876231 6394450 113303  11032
8.663647972 3868211795 6335564 113297  11477
8.675662450 3874049823 5838028 103864  11106
8.686648006 3880543773 6493950 113302  10572
8.698661493 3886936853 6393080 113306  10794
8.710648074 3892661342 5724489 103855  11685
8.721661427 3898516460 5855118 103874  9696
8.732649741 3904569718 6053258 103859  10358
8.743648097 3910926907 6357189 113296  10455
8.755661722 3917257046 6330139 113305  11229
8.767647583 3923122840 5865794 103867  11371
8.778660359 3929697610 6574770 113298  10741
8.790656444 3935897962 6200352 113299  10598
8.802648368 3942254786 6356824 113304  11250
8.814648762 3947974428 5719642 103867  11410
8.825650066 3953833568 5859140 103878  9447
8.836661295 3959887674 6054106 103872  10352
8.847648801 3966264463 6376789 113292  10379
8.859658999 3972597108 6332645 113311  11475
8.871648410 3978463358 5866250 103878  11061
8.882647503 3985016545 6553187 113305  10772
8.894648834 3991279781 6263236 113295  10541
8.906660689 3997598202 6318421 113306  11157
8.918647849 4003376843 5778641 103874  11393
8.929647456 4009901052 6524209 113312  10866
8.941669454 4016304626 6403574 113316  10272
8.953648251 4022610515 6305889 113295  10800
8.965647858 4028358331 5747816 103871  11577
8.976649568 4034159775 5801444 103878  9345
8.987661642 4040081602 5921827 103866  10237
8.998648722 4046410806 6329204 113302  10380
9.010647719 4052820930 6410124 113307  11186
9.022662324 4059124569 6303639 113297  11278
9.034659381 4064904750 5780181 103867  10695
9.045648710 4070688240 5783490 103885  9244
9.056647437 4076528684 5840444 103865  10129
9.067660511 4083122094 6593410 113305  11334
9.079644085 4089435403 6313309 113308  10620
9.091647559 4095210177 5774774 103873  11098
9.102663956 4101503113 6292936 113315  10511
9.114661810 4107906714 6403601 113318  11391
9.126648584 4114353511 6446797 113300  10958
9.138649109 4120745765 6392254 113304  11253
9.150653583 4127041285 6295520 113315  11089
9.162649824 4133373990 6332705 113302  11309
9.174659905 4139258741 5884751 103875  11375
9.185660774 4145793839 6535098 113303  10817
9.197646422 4152098221 6304382 113302  10461
9.209650626 4158407797 6309576 113298  10933
9.221648824 4164243858 5836061 103872  11389
9.232647857 4170703724 6459866 113309  10365
9.244660865 4177118450 6414726 113300  10712
9.256670379 4183403353 6284903 113295  10546
9.268647177 4189698940 6295587 113307  11498
9.280660124 4195998668 6299728 113318  10920
9.292647695 4201808483 5809815 103865  10915
9.303648954 4208196563 6388080 113300  10831
9.315650946 4214717197 6520634 113300  11238
9.327648931 4221021350 6304153 113309  11316
9.339661518 4227341735 6320385 113316  10870
9.351648062 4233044829 5703094 103858  10287
9.362647102 4238854695 5809866 103863  9169
9.373660966 4244801378 5946683 103873  11017
9.384647799 4251191026 6389648 113291  10455
9.396648947 4257530018 6338992 113307  10947
9.408657515 4263804499 6274481 113297  10650
9.420661042 4270110423 6305924 113307  11106
9.432646433 4275870959 5760536 103856  11200
9.443647880 4281669271 5798312 103874  9719
9.454660427 4287604871 5935600 103864  9466
9.465661593 4293909883 6305012 113308  10748
9.477647744 4300327909 6418026 113308  11470
9.489649029 4306621507 6293598 113318  10557
9.501661206 4312930455 6308948 113311  11008
9.513647264 4318605315 5674860 103857  10430
9.524647931 4324437402 5832087 103872  9925
9.535661111 4330377919 5940517 103871  10541
9.546661507 4336745911 6367992 113306  10671
9.558659068 4342956472 6210561 113301  10728
9.570662049 4349272607 6316135 113309  11114
9.582647754 4355618617 6346010 113308  11016
9.594660478 4361909220 6290603 113299  10628
9.606649842 4368211510 6302290 113304  10693
9.618647820 4373897924 5686414 103860  10640
9.629660304 4379722949 5825025 103867  9696
9.640647150 4385643428 5920479 103867  10300
9.651659867 4392054822 6411394 113302  10509
9.663648068 4398182742 6127920 113304  10716
9.675659873 4404548782 6366040 113300  11011
9.687648750 4410890995 6342213 113301  11139
9.699648841 4417193464 6302469 113311  10738
9.711660242 4423477109 6283645 113310  10369
9.723667509 4429767733 6290624 113298  10905
9.735648884 4435620219 5852486 103886  11349
9.746648140 4441973441 6353222 113300  10470
9.758660595 4448333976 6360535 113306  10986
9.770659067 4454531657 6197681 113299  10423
9.782649741 4460856299 6324642 113307  11318
9.794648058 4467078939 6222640 113297  10905
9.806661826 4473395871 6316932 113309  10879
9.818661343 4479536574 6140703 113303  10707
9.830659627 4485893288 6356714 113307  11279
9.842666309 4492222611 6329323 113294  11242
9.854661086 4498522271 6299660 113310  10776
9.866660257 4504812845 6290574 113294  10353
9.878659941 4511090862 6278017 113305  10901
9.890649793 4516961037 5870175 103867  11213
9.901661767 4523292740 6331703 113307  10464
9.913661774 4529638486 6345746 113298  10909
9.925648405 4535832023 6193537 113302  10416
9.937661856 4542153956 6321933 113306  11245
9.949660693 4548383921 6229965 113300  10678
9.961649621 4554703197 6319276 113302  10595
9.973660268 4560811334 6108137 113300  10631
9.985647503 4567150478 6339144 113304  11284
9.997647920 4573442527 6292049 113302  11134
10.009649962 4579751161 6308634 113305  10819
10.021646566 4585928295 6177134 113297  10443
10.033669734 4592150366 6222071 113298  10944
10.045663079 4598507125 6356759 113306  11471
10.057648555 4604787465 6280340 113300  10607
10.069649910 4611090036 6302571 113311  10686
10.081647744 4616735683 5645647 103850  10451
10.092650027 4622573135 5837452 103853  9547
10.103660101 4628440221 5867086 103861  10836
10.114649538 4634801397 6361176 113312  10693
10.126660793 4641018967 6217570 113304  10935
10.138660190 4647308868 6289901 113290  11265
10.150660374 4653661187 6352319 113311  11232
10.162660746 4659872943 6211756 113308  10679
10.174648470 4666094932 6221989 113303  10780
10.186668398 4672346558 6251626 113301  10642
10.198649739 4678650630 6304072 113309  11486
10.210649059 4684844319 6193689 113295  10625
10.222661267 4691139607 6295288 113306  10980
10.234659882 4697275134 6135527 113306  10605
10.246660283 4703589324 6314190 113309  11149
10.258647766 4709847204 6257880 113302  11068
10.270660645 4716157369 6310165 113304  10634
10.282659589 4722250943 6093574 113304  10493
10.294647337 4728566279 6315336 113296  11059
10.306648734 4734850360 6284081 113306  11137
10.318661039 4741040500 6190140 113298  10613
10.330660843 4747259895 6219395 113308  10568
10.342648017 4753454950 6195055 113308  10739
10.354654939 4759809249 6354299 113310  11311
10.366659354 4765948759 6139510 113312  10438
10.378660991 4772266410 6317651 113302  10771
10.390648829 4778368077 6101667 113305  10393
10.402647963 4784672624 6304547 113308  11122
10.414648668 4790985086 6312462 113307  10977
10.426648862 4797230347 6245261 113304  10664
10.438660560 4803373031 6142684 113299  10476
10.450660258 4809611853 6238822 113305  10904
10.462648609 4815987865 6376012 113308  10928
10.474646860 4822154139 6166274 113302  10444
10.486649031 4828411584 6257445 113296  10498
10.498648412 4834599833 6188249 113311  10509
10.510658553 4840917794 6317961 113306  11405
10.522647948 4847145321 6227527 113304  10481
10.534661426 4853421647 6276326 113303  10886
10.546660586 4859559476 6137829 113295  10857
10.558644302 4865836031 6276555 113299  11855
10.570665953 4872129605 6293574 113299  11643
10.582652097 4878392038 6262433 113309  11343
10.594662388 4884532174 6140136 113297  11003
10.606648056 4890773592 6241418 113307  11131
10.618663741 4897152434 6378842 113305  11204
10.630647204 4903354847 6202413 113316  10628
10.642647695 4909590828 6235981 113305  10726
10.654660641 4915790671 6199843 113307  10665
10.666670602 4922125631 6334960 113302  11383
10.678662843 4928332219 6206588 113304  10402
10.690647754 4934593621 6261402 113290  10686
10.702648451 4940723811 6130190 113301  10323
10.714659232 4946994650 6270839 113304  11013
10.726661844 4953302867 6308217 113301  10890
10.738647098 4959587229 6284362 113298  10552
10.750661636 4965730797 6143568 113309  10479
10.762645951 4971995199 6264402 113304  10889
10.774660628 4978335835 6340636 113325  10840
10.786647876 4984491926 6156091 113302  10445
10.798662630 4990715124 6223198 113315  10449
10.810646828 4996887477 6172353 113309  10623
10.822672896 5003206964 6319487 113303  11450
10.834648208 5009419428 6212464 113303  10321
10.846647008 5015694338 6274910 113302  10772
10.858647766 5021803312 6108974 113307  10389
10.870660171 5028126951 6323639 113311  11025
10.882661188 5034442451 6315500 113308  10924
10.894661689 5040633091 6190640 113294  10485
10.906660940 5046771410 6138319 113302  10308
10.918647031 5052999923 6228513 113299  10779
10.930659999 5059319513 6319590 113315  10801
10.942646251 5065489761 6170248 113309  10367
10.954647912 5071729923 6240162 113307  10437
10.966661680 5077969336 6239413 113302  10423
10.978647797 5084294406 6325070 113308  11053
10.990656662 5090470353 6175947 113309  10254
11.002660710 5096722150 6251797 113301  10716
11.014660278 5102875005 6152855 113304  10244
11.026660749 5109159691 6284686 113306  10893
11.038649263 5115441875 6282184 113298  10754
11.050647808 5121668444 6226569 113308  10394
11.062661035 5127816479 6148035 113309  10393
11.074648010 5134077497 6261018 113316  10757
11.086659967 5140381761 6304264 113302  10746
11.098648772 5146539359 6157598 113305  10298
11.110660574 5152844099 6304740 113301  10355
11.122659455 5159032814 6188715 113303  10363
11.134647202 5165295823 6263009 113301  11103
11.146666247 5171459360 6163537 113308  10204
11.158661948 5177772891 6313531 113296  10787
11.170648142 5183913968 6141077 113292  10229
11.182665550 5190208045 6294077 113302  10871
11.194647051 5196469526 6261481 113297  10773
11.206647518 5202728519 6258993 113309  10361
11.218660830 5208863497 6134978 113298  10238
11.230648068 5215109346 6245849 113311  10663
11.242661072 5221416181 6306835 113305  10577
11.254648293 5227619140 6202959 113313  10195
11.266648054 5233866478 6247338 113301  10204
11.278646955 5240037383 6170905 113302  10246
11.290661204 5246328194 6290811 113306  11034
11.302670532 5252546236 6218042 113311  10222
11.314661619 5258822247 6276011 113304  10664
11.326647214 5264909363 6087116 113305  10170
11.338660122 5271188753 6279390 113307  10748
11.350660650 5277503062 6314309 113303  10745
11.362660914 5283739278 6236216 113303  10309
11.374646825 5289861159 6121881 113304  10207
11.386647887 5296078444 6217285 113301  10651
11.398662532 5302441751 6363307 113302  10627
11.410648173 5308605267 6163516 113300  10254
11.422659841 5314851296 6246029 113300  10337
11.434648102 5321037207 6185911 113301  10342
11.446660283 5327301771 6264564 113311  11155
11.458670574 5333431495 6129724 113305  10134
11.470650146 5339741421 6309926 113309  10670
11.482647751 5345853164 6111743 113302  10149
11.494662618 5352143268 6290104 113295  10750
11.506659496 5358385646 6242378 113322  10692
11.518648624 5364639815 6254169 113301  10293
11.530647809 5370777851 6138036 113305  10130
11.542662940 5377032129 6254278 113310  10663
11.554660328 5383343694 6311565 113305  10631
11.566647456 5389488515 6144821 113310  10138
11.578660307 5395697677 6209162 113311  10174
11.590660718 5401884236 6186559 113296  10194
11.602659969 5408190520 6306284 113300  10916
11.614647621 5414318113 6127593 113304  10012
11.626656269 5420608977 6290864 113293  10482
11.638660433 5426760716 6151739 113299  10047
11.650659395 5433093419 6332703 113303  10660
11.662648559 5439342277 6248858 113304  10826
11.674660527 5445536616 6194339 113308  10370
11.686649292 5451653755 6117139 113297  10383
11.698661493 5457857415 6203660 113315  10740
11.710647181 5464230823 6373408 113311  10714
11.722659532 5470329387 6098564 113314  10184
11.734660070 5476583805 6254418 113308  10320
11.746648758 5482197082 5613277 103869  9076
11.757661049 5488024493 5827411 103862  10109
11.768647805 5494224102 6199609 113301  10353
11.780668297 5500534723 6310621 113301  10380
11.792648818 5506616908 6082185 113304  10331
11.804660159 5512895631 6278723 113302  10645
11.816661007 5519183016 6287385 113308  10698
11.828646965 5525404850 6221834 113305  10345
11.840661530 5531526642 6121792 113307  9860
11.852660501 5537696680 6170038 113300  10445
11.864659652 5544038676 6341996 113309  11007
11.876657636 5550214441 6175765 113304  10049
11.888661218 5556434339 6219898 113306  10419
11.900648699 5561993131 5558792 103866  8996
11.911661396 5567866352 5873221 103857  9850
11.922647580 5574110968 6244616 113309  10679
11.934668515 5580321814 6210846 113310  10136
11.946648266 5586476154 6154340 113308  10078
11.958661260 5592705998 6229844 113318  10572
11.970648885 5599129009 6423011 113306  10564
11.982647076 5605305990 6176981 113305  10075
11.994663771 5611606828 6300838 113304  10237
12.006647098 5617241569 5634741 103860  9139
12.017662986 5623086569 5845000 103859  9927
12.028647823 5629324400 6237831 113307  10275
12.040660607 5635683487 6359087 113297  10308
12.052646472 5641796953 6113466 113299  10156
12.064647430 5648118273 6321320 113299  10563
12.076661731 5654433184 6314911 113302  10635
12.088655915 5660732886 6299702 113303  10443
12.100648583 5666862962 6130076 113297  9854
12.112659802 5673094149 6231187 113299  10447
12.124648576 5679497099 6402950 113305  11003
12.136647087 5685703554 6206455 113301  9998
12.148660062 5691950498 6246944 113311  10368
12.160642877 5697545755 5595257 103856  8902
12.171661183 5703420264 5874509 103858  10048
12.182648930 5709697084 6276820 113304  10654
12.194659409 5715952603 6255519 113304  10197
12.206648200 5722118021 6165418 113303  10138
12.218661087 5728410171 6292150 113305  10538
12.230648368 5734755300 6345129 113303  10549
12.242644954 5740913877 6158577 113304  10065
12.254656385 5747140047 6226170 113296  10322
12.266649336 5752813764 5673717 103867  9296
12.277660797 5758603321 5789557 103863  9980
12.288648060 5764904537 6301216 113294  10375
12.300647129 5771237886 6333349 113305  10254
12.312660956 5777323203 6085317 113302  10144
12.324642204 5783632736 6309533 113302  10608
12.336647936 5790004032 6371296 113307  10622
12.348647184 5796248264 6244232 113304  10351
12.360659499 5802382249 6133985 113298  9848
12.372659493 5808620571 6238322 113303  10391
12.384648621 5814996500 6375929 113310  10937
12.396648033 5820555483 5558983 103858  9201
12.407656320 5826419441 5863958 103861  9737
12.418648540 5832595177 6175736 113291  10003
12.430649132 5838965500 6370323 113306  10677
12.442648586 5845214790 6249290 113299  10569
12.454660541 5851442481 6227691 113304  10214
12.466660936 5857585514 6143033 113297  10203
12.478646277 5863259831 5674317 103860  9178
12.489648514 5869165954 5906123 103865  10182
12.500647574 5875352619 6186665 113295  9990
12.512646906 5881599136 6246517 113310  10383
12.524646721 5887202048 5602912 103872  8880
12.535662615 5893100236 5898188 103863  9950
12.546659365 5899344268 6244032 113302  10593
12.558657056 5905562867 6218599 113308  10332
12.570659948 5911721441 6158574 113306  10237
12.582661382 5917956168 6234727 113313  10626
12.594660211 5924302735 6346567 113309  10648
12.606647722 5930461453 6158718 113313  10195
12.618649137 5936759060 6297607 113300  10271
12.630662278 5942949219 6190159 113294  10129
12.642661299 5949298783 6349564 113316  10933
12.654661565 5955509568 6210785 113300  9966
12.666659982 5961783041 6273473 113304  10462
12.678659811 5967968323 6185282 113307  9920
12.690660365 5974316518 6348195 113308  10636
12.702660516 5980543439 6226921 113312  10603
12.714659988 5986759470 6216031 113301  10210
12.726657049 5992949084 6189614 113296  10102
12.738649347 5998614738 5665654 103880  9115
12.749660541 6004528823 5914085 103868  10368
12.760660845 6010721074 6192251 113310  10068
12.772659973 6016977360 6256286 113307  10382
12.784661544 6023169634 6192274 113290  9904
12.796661672 6029415540 6245906 113306  10723
12.808649294 6035655234 6239694 113303  10260
12.820647122 6041969420 6314186 113305  10114
12.832647376 6048075297 6105877 113299  10026
12.844659818 6054410773 6335476 113304  10570
12.856658622 6060698517 6287744 113304  10676
12.868648064 6066934332 6235815 113298  10324
12.880669745 6073116180 6181848 113300  9784
12.892648230 6079289235 6173055 113296  10382
12.904659772 6085692303 6403068 113311  10849
12.916648013 6091878272 6185969 113310  10036
12.928659731 6098128193 6249921 113299  10351
12.940646446 6103710005 5581812 103865  8845
12.951648726 6109566375 5856370 103865  9820
12.962649607 6115804064 6237689 113300  10613
12.974646444 6122058950 6254886 113298  10197
12.986661560 6128214156 6155206 113299  10107
12.998659531 6134485631 6271475 113288  10489
13.010661352 6140821939 6336308 113306  10503
13.022647370 6146960630 6138691 113306  10025
13.034669828 6153201540 6240910 113302  10117
13.046648837 6158824024 5622484 103865  9075
13.057649667 6164552733 5728709 103859  10049
13.068660544 6170841264 6288531 113310  10211
13.080659812 6177188958 6347694 113312  10135
13.092659980 6183278007 6089049 113299  10195
13.104646552 6189571875 6293868 113302  10574
13.116660689 6195927238 6355363 113310  10575
13.128646910 6202161155 6233917 113307  10262
13.140658996 6208284199 6123044 113308  9870
13.152648333 6214500180 6215981 113306  10359
13.164659742 6220864682 6364502 113300  10870
13.176662693 6227048325 6183643 113300  10011
13.188668721 6233289838 6241513 113312  10389
13.200660799 6239433000 6143162 113290  9884
13.212659464 6245727439 6294439 113301  10671
13.224661622 6251948922 6221483 113302  10234
13.236646587 6258246084 6297162 113303  10081
13.248648164 6264390765 6144681 113297  10128
13.260647389 6270667460 6276695 113315  10659
13.272647997 6276942061 6274601 113301  10667
13.284648079 6283173141 6231080 113296  10403
13.296659644 6289327970 6154829 113301  9979
13.308648996 6294954609 5626639 103866  9219
13.319649126 6300677172 5722563 103872  10274
13.330647513 6306382976 5705804 103876  8652
13.341647400 6312145286 5762310 103874  9773
13.352656278 6318351821 6206535 113308  10175
13.364649955 6324068918 5717097 103868  9535
13.375661516 6329916534 5847616 103863  9890
13.386648361 6336061903 6145369 113296  10012
13.398647358 6342327124 6265221 113298  10116
13.410660014 6348525219 6198095 113299  10070
13.422647831 6354892101 6366882 113299  10757
13.434659853 6361034898 6142797 113305  9780
13.446648578 6367313357 6278459 113297  10305
13.458648476 6372910124 5596767 103858  8807
13.469662956 6378722751 5812627 103855  9874
13.480647491 6384991191 6268440 113307  10426
13.492646932 6391275356 6284165 113304  10202
13.504657500 6397401800 6126444 113297  9655
13.516659235 6403556805 6155005 113319  10254
13.528648087 6409950775 6393970 113326  10666
13.540648868 6416156046 6205271 113307  9837
13.552646506 6422376997 6220951 113306  10382
13.564659825 6428517877 6140880 113301  9857
13.576659219 6434834492 6316615 113314  10568
13.588662735 6441015678 6181186 113301  10102
13.600659709 6447337340 6321662 113303  10082
13.612660981 6453471505 6134165 113309  9993
13.624646392 6459744686 6273181 113310  10329
13.636647037 6466059138 6314452 113311  10268
13.648661452 6472257608 6198470 113298  10137
13.660668160 6478418082 6160474 113304  9793
13.672661818 6484557412 6139330 113307  10200
13.684646686 6490931956 6374544 113313  10790
13.696648574 6497126534 6194578 113305  9820
13.708647243 6503378578 6252044 113308  10251
13.720649114 6509566412 6187834 113299  9768
13.732648273 6515842428 6276016 113299  10593
13.744648740 6522022260 6179832 113303  10012
13.756647079 6528349668 6327408 113301  9978
13.768648877 6534397173 6047505 113305  9830
13.780660215 6540712187 6315014 113307  10355
13.792647986 6547027718 6315531 113304  10310
13.804660635 6553228414 6200696 113304  10265
13.816654973 6559387622 6159208 113302  9747
13.828648241 6565580684 6193062 113308  10321
13.840646392 6571907402 6326718 113309  10775
13.852661538 6578070655 6163253 113303  9872
13.864660206 6584296469 6225814 113311  10342
13.876662374 6590390374 6093905 113305  9751
13.888660769 6596104597 5714223 103869  8826
13.899662566 6601362337 5257740 103876  15351
13.910662510 6606605391 5243054 113307  15452
13.922661855 6612820437 6215046 113321  11922
13.934660757 6618905709 6085272 113305  12160
13.946646754 6625063301 6157592 113311  13697
13.958659920 6631126002 6062701 113301  12487
13.970648731 6637434208 6308206 113301  10851
13.982668723 6643551879 6117671 113302  10370
13.994660570 6649918586 6366707 113297  11002
14.006658719 6656200780 6282194 113301  10820
14.018647287 6662396893 6196113 113308  10206
14.030647455 6667053928 4657035 103860  17144
14.041663005 6670104445 3050517 113329  36551
14.053650857 6672378817 2274372 113325  39547
14.065663612 6674847504 2468687 113332  38932
14.077662490 6677374861 2527357 113326  36349
14.089663799 6679892142 2517281 113338  35667
14.101649437 6682412554 2520412 113319  35827
14.113648795 6684881947 2469393 113312  35251
14.125649336 6687399105 2517158 113333  34593
14.137659822 6689912957 2513852 113334  34255
14.149650663 6692428007 2515050 113326  33432
14.161649641 6694883127 2455120 113316  34420
14.173650189 6697393350 2510223 113335  34449
14.185649251 6699910984 2517634 113328  33901
14.197663062 6702428412 2517428 113333  33623
14.209663041 6704891264 2462852 113333  32932
14.221663938 6707399949 2508685 113329  32310
14.233648534 6709911438 2511489 113328  33035
14.245649215 6712422582 2511144 113342  33435
14.257649173 6714928399 2505817 113326  33390
14.269660669 6717384402 2456003 113331  33570
14.281662423 6719885015 2500613 113322  32508
14.293658258 6722384102 2499087 113329  32336
14.305661383 6724882026 2497924 113332  32564
14.317661915 6727387377 2505351 113321  33185
14.329662660 6729337433 1950056 113316  36163
14.341662378 6731793859 2456426 113331  40553
14.353662116 6734291122 2497263 113325  38545
14.365651022 6736486217 2195095 113314  41446
14.377650529 6738972914 2486697 113313  38520
14.389649711 6741461793 2488879 113342  36893
14.401662510 6743939961 2478168 113330  35035
14.413661244 6746417023 2477062 113329  34413
14.425662713 6748889439 2472416 113323  34431
14.437647602 6751317167 2427728 113336  34366
14.449673656 6753772029 2454862 113328  34303
14.461664471 6756231825 2459796 113330  34411
14.473649813 6758689070 2457245 113327  33777
14.485650578 6761142523 2453453 113317  33230
14.497649176 6763589497 2446974 113327  33259
14.509650572 6766040478 2450981 113323  33743
14.521648723 6768482468 2441990 113318  33190
14.533663441 6770920534 2438066 113325  32967
14.545662697 6773357267 2436733 113333  33030
14.557663018 6775787393 2430126 113322  32675
14.569663330 6778214458 2427065 113337  32522
14.581662137 6780640776 2426318 113320  33008
14.593650656 6783061949 2421173 113324  32862
14.605662075 6785481190 2419241 113328  32778
14.617671386 6787896522 2415332 113335  33029
14.629651494 6790309490 2412968 113328  32733
14.641662546 6792719607 2410117 113323  32722
14.653663471 6795124402 2404795 113314  32920
14.665663226 6797531156 2406754 113316  33529
14.677663395 6799934055 2402899 113333  33019
14.689661979 6802331587 2397532 113324  32724
14.701648441 6804728864 2397277 113334  32851
14.713650416 6807117553 2388689 113327  32674
14.725649967 6809504220 2386667 113338  32154
14.737650183 6811888200 2383980 113307  32968
14.749662931 6814271736 2383536 113331  33108
14.761662379 6816700920 2429184 113320  33044
14.773658988 6819078184 2377264 113323  33541
14.785662693 6821451917 2373733 113333  33179
14.797663047 6823824091 2372174 113333  33115
14.809650519 6826189526 2365435 113324  32955
14.821650407 6828552704 2363178 113345  33125
14.833650682 6830910994 2358290 113325  32954
14.845662894 6833308430 2397436 113329  32801
14.857650799 6835656049 2347619 113324  33298
14.869662667 6837997741 2341692 113317  32870
14.881662349 6840335519 2337778 113326  32598
14.893663070 6842668572 2333053 113328  32962
14.905651259 6844998906 2330334 113320  33238
14.917650281 6847368033 2369127 113327  32900
14.929659799 6849687578 2319545 113337  32950
14.941663417 6852006000 2318422 113337  33015
14.953663619 6854317443 2311443 113324  32646
14.965652164 6856666757 2349314 113324  32593
14.977650052 6858969326 2302569 113326  32878
14.989664658 6861268448 2299122 113327  33171
15.001662062 6863565124 2296676 113328  32985
15.013663131 6865895141 2330017 113326  32713
15.025664103 6868180772 2285631 113320  33247
15.037664190 6870464639 2283867 113327  32715
15.049650202 6872783473 2318834 113328  32579
15.061650043 6875055280 2271807 113336  33115
15.073650819 6877326922 2271642 113316  33531
15.085671644 6879632240 2305318 113331  33034
15.097661805 6881891642 2259402 113338  32990
15.109650410 6884144580 2252938 113327  33178
15.121664532 6886432754 2288174 113324  32838
15.133662293 6888676535 2243781 113326  33152
15.145650845 6890916616 2240081 113321  33170
15.157650351 6893194006 2277390 113321  33379
15.169650922 6895425239 2231233 113326  33825
15.181650564 6897655614 2230375 113320  33456
15.193650336 6899921115 2265501 113315  33360
15.205651073 6902142130 2221015 113336  33176
15.217663282 6904398828 2256698 113333  32570
15.229662547 6906611707 2212879 113337  33181
15.241650942 6908820889 2209182 113332  33236
15.253663790 6911065588 2244699 113323  33515
15.265651079 6913267126 2201538 113340  33653
15.277649587 6915504210 2237084 113322  33651
15.289662815 6917696714 2192504 113323  33422
15.301649944 6919926788 2230074 113324  33447
15.313662149 6922109668 2182880 113329  33199
15.325650584 6924290045 2180377 113313  33243
15.337663509 6926505240 2215195 113330  33641
15.349662461 6928682545 2177305 113333  33708
15.361663996 6930883993 2201448 113336  33579
15.373663457 6933050136 2166143 113319  33881
15.385651649 6935243164 2193028 113326  33470
15.397650921 6937401365 2158201 113335  33272
15.409660777 6939586969 2185604 113325  33501
15.421651255 6941738375 2151406 113335  33854
15.433663270 6943918790 2180415 113326  33570
15.445662612 6946062302 2143512 113329  33266
15.457664234 6948230020 2167718 113317  33544
15.469663832 6950390371 2160351 113333  33476
15.481650863 6952526846 2136475 113312  33357
15.493663439 6954688012 2161166 113333  32863
15.505649744 6956808353 2120341 113330  33287
15.517650949 6958962483 2154130 113322  33847
15.529648930 6961078619 2116136 113324  33671
15.541649516 6963220893 2142274 113325  33228
15.553662538 6965364806 2143913 113326  33380
15.565672730 6967464412 2099606 113331  33357
15.577647652 6969597086 2132674 113321  33601
15.589662080 6971692728 2095642 113327  33722
15.601650632 6973816866 2124138 113318  33786
15.613662863 6975943024 2126158 113315  33625
15.625650355 6978026324 2083300 113323  33714
15.637650157 6980142731 2116407 113322  33799
15.649664259 6982257978 2115247 113341  33520
15.661650714 6984332657 2074679 113346  33242
15.673662472 6986435506 2102849 113330  33210
15.685662218 6988504794 2069288 113350  33324
15.697662130 6990604098 2099304 113329  33917
15.709662587 6992697048 2092950 113315  33538
15.721659013 6994789142 2092094 113355  33585
15.733651038 6996839730 2050588 113336  33914
15.745650007 6998915392 2075662 113321  33654
15.757650612 7000989300 2073908 113333  33825
15.769649560 7003026773 2037473 113332  33997
15.781663608 7005091259 2064486 113328  33964
15.793663417 7007150416 2059157 113335  34385
15.805664172 7009207867 2057451 113351  33966
15.817649157 7011228916 2021049 113331  33647
15.829650269 7013275980 2047064 113343  34106
15.841650057 7015318409 2042429 113329  33511
15.853661763 7017358909 2040500 113314  33559
15.865650015 7019364169 2005260 113337  33470
15.877649199 7021394910 2030741 113318  33625
15.889671712 7023419755 2024845 113336  34541
15.901664136 7025443058 2023303 113332  33653
15.913664542 7027433293 1990235 113335  33483
15.925663033 7029447480 2014187 113337  33713
15.937663498 7031458412 2010932 113336  33408
15.949662953 7033462795 2004383 113332  33451
15.961648832 7035465340 2002545 113340  33226
15.973650736 7037454802 1989462 113331  33525
15.985663886 7039428600 1973798 113333  34205
15.997650050 7041420114 1991514 113337  33733
16.009662816 7043404339 1984225 113329  33634
16.021650584 7045388120 1983781 113323  33929
16.033662756 7047365065 1976945 113317  33552
16.045671685 7049340837 1975772 113331  33751
16.057650356 7051316142 1975305 113341  33620
16.069650401 7053255727 1939585 113332  33681
16.081650916 7055220915 1965188 113321  34063
16.093649385 7057182019 1961104 113338  33954
16.105649520 7059139686 1957667 113319  34019
16.117649315 7061093069 1953383 113324  33865
16.129662254 7063042609 1949540 113329  33975
16.141650182 7064990308 1947699 113333  34018
16.153662843 7066931513 1941205 113340  33751
16.165651539 7068868425 1936912 113321  33766
16.177661504 7070799523 1931098 113319  34112
16.189662059 7072726523 1927000 113337  34355
16.201662765 7074651684 1925161 113321  34256
16.213654689 7076571053 1919369 113330  34133
16.225660884 7078488373 1917320 113339  34533
16.237649456 7080400638 1912265 113335  34326
16.249649402 7082287211 1886573 113325  33898
16.261660759 7084186335 1899124 113318  33973
16.273662581 7086084488 1898153 113320  34032
16.285649527 7087982202 1897714 113336  34643
16.297651385 7089892414 1910212 113319  34738
16.309650057 7091792940 1900526 113338  34431
16.321663699 7093678472 1885532 113329  34270
16.333662865 7095560850 1882378 113327  34370
16.345662463 7097439539 1878689 113319  34020
16.357650944 7099314585 1875046 113352  34112
16.369657933 7101185919 1871334 113328  34035
16.381663856 7103051917 1865998 113334  34179
16.393663671 7104913257 1861340 113326  34687
16.405650103 7106776874 1863617 113338  34720
16.417662368 7108634476 1857602 113334  34667
16.429650350 7110489358 1854882 113318  34417
16.441650172 7112340267 1850909 113333  34386
16.453662534 7114187089 1846822 113324  34169
16.465664592 7116030779 1843690 113330  33785
16.477650204 7117870258 1839479 113322  34007
16.489662956 7119727848 1857590 113326  33966
16.501649748 7121559574 1831726 113332  34440
16.513650840 7123390434 1830860 113327  34226
16.525672985 7125218860 1828426 113317  34463
16.537663343 7127038696 1819836 113340  34059
16.549648962 7128857523 1818827 113321  34298
16.561651427 7130671197 1813674 113356  34108
16.573662089 7132501467 1830270 113330  33933
16.585643935 7134304495 1803028 113314  34149
16.597661583 7136102735 1798240 113330  34338
16.609663709 7137898943 1796208 113323  34389
16.621650191 7139693352 1794409 113329  34241
16.633650178 7141490912 1797560 113324  34102
16.645662111 7143271425 1780513 113339  34200
16.657662713 7145049074 1777649 113341  34374
16.669664092 7146841716 1792642 113332  34179
16.681671403 7148603080 1761364 113302  34008
16.693651365 7150367200 1764120 113329  34026
16.705649764 7152125400 1758200 113342  33904
16.717661809 7153891616 1766216 113317  33945
16.729663474 7155640926 1749310 113330  34611
16.741661866 7157383420 1742494 113329  34016
16.753661305 7159139728 1756308 113333  33835
16.765650680 7160873031 1733303 113322  34393
16.777650429 7162604442 1731411 113327  34263
16.789660597 7164350023 1745581 113329  34425
16.801663015 7166068797 1718774 113318  34670
16.813650437 7167789507 1720710 113353  34091
16.825650159 7169518645 1729138 113331  34080
16.837659565 7171225721 1707076 113320  34527
16.849650307 7172934153 1708432 113339  34694
16.861662919 7174649503 1715350 113336  34507
16.873649074 7176348141 1698638 113326  34485
16.885662939 7178041802 1693661 113334  34903
16.897649240 7179743076 1701274 113319  34844
16.909662073 7181428850 1685774 113347  34626
16.921650025 7183120785 1691935 113307  34356
16.933662097 7184803042 1682257 113312  34482
16.945663502 7186476874 1673832 113348  34562
16.957662447 7188161104 1684230 113324  34523
16.969662909 7189827427 1666323 113336  34931
16.981662098 7191497424 1669997 113325  34865
16.993650120 7193166568 1669144 113319  34917
17.005670542 7194824576 1658008 113334  35248
17.017663530 7196488011 1663435 113328  34853
17.029650119 7198133242 1645231 113339  34705
17.041662974 7199790223 1656981 113336  34411
17.053649719 7201425311 1635088 113329  34486
17.065665747 7203057804 1632493 113331  34424
17.077649969 7204698667 1640863 113319  34794
17.089663755 7206325267 1626600 113344  35170
17.101649893 7207957902 1632635 113315  35151
17.113649862 7209576498 1618596 113337  35209
17.125650434 7211200704 1624206 113329  35217
17.137649419 7212811718 1611014 113313  35122
17.149649781 7214429283 1617565 113327  34876
17.161659133 7216034085 1604802 113322  34837
17.173650338 7217644655 1610570 113327  35003
17.185649453 7219238801 1594146 113318  35146
17.197663213 7220843402 1604601 113326  35102
17.209650325 7222430581 1587179 113330  35419
17.221663599 7224027582 1597001 113329  34848
17.233650294 7225605023 1577441 113328  35193
17.245662666 7227189045 1584022 113334  34414
17.257650662 7228759104 1570059 113325  35378
17.269661671 7230335109 1576005 113335  35016
17.281664057 7231898840 1563731 113333  34747
17.293649659 7233467178 1568338 113318  34965
17.305662367 7235027955 1560777 113359  35409
17.317671799 7236590046 1562091 113339  35036
17.329663981 7238141653 1551607 113345  35123
17.341650777 7239697145 1555492 113316  35029
17.353662865 7241252950 1555805 113352  34847
17.365664224 7242791234 1538284 113326  34776
17.377662663 7244336126 1544892 113338  34997
17.389649691 7245869955 1533829 113336  35147
17.401663133 7247407516 1537561 113325  34868
17.413663595 7248935504 1527988 113330  34794
17.425663691 7250226829 1291325 103875  35746
17.436650395 7251435902 1209073 113330  40269
17.448662410 7252688598 1252696 113315  37148
17.460662492 7253857234 1168636 113316  36136
17.472660244 7255145302 1288068 113324  40388
17.484651626 7256420412 1275110 113324  38582
17.496663499 7257575393 1154981 113325  34646
17.508666365 7258842650 1267257 113311  39995
17.520649759 7260105374 1262724 113318  40154
17.532651882 7261228694 1123320 103873  33787
17.543663283 7262353337 1124643 103869  33493
17.554664857 7263542784 1189447 113331  38751
17.566651483 7264788496 1245712 113328  49189
17.578665991 7266001655 1213159 113311  47493
17.590664387 7267184092 1182437 113317  45925
17.602663165 7268403513 1219421 113320  47233
17.614651124 7269603396 1199883 113304  41524
17.626663783 7270777435 1174039 113325  40809
17.638680255 7272062827 1285392 113309  43861
17.650664133 7273335927 1273100 113322  43998
17.662650835 7274567478 1231551 113319  43469
17.674663971 7275799879 1232401 113319  42791
17.686661883 7277038320 1238441 113315  42459
17.698651868 7278281172 1242852 113316  41651
17.710650630 7279508544 1227372 113326  42235
17.722665025 7280753660 1245116 113317  42510
17.734650917 7281998031 1244371 113326  41744
17.746652309 7283210007 1211976 113320  38237
17.758651125 7284287155 1077148 103875  35249
17.769664002 7285590458 1303303 113335  44427
17.781650684 7286685602 1095144 103869  36923
17.792660585 7287746494 1060892 103891  33239
17.803663923 7288960464 1213970 103864  42174
17.814663028 7290189710 1229246 113324  42488
17.826651513 7291389599 1199889 113310  40724
17.838650045 7292502606 1113007 103874  37710
17.849663913 7293695469 1192863 113317  38865
17.861650701 7294848573 1153104 103870  40020
17.872650252 7296088787 1240214 113334  42240
17.884661998 7297302244 1213457 113317  41171
17.896663224 7298526169 1223925 113347  41384
17.908650859 7299738766 1212597 113318  41490
17.920649818 7300988798 1250032 113335  40557
17.932649426 7302170555 1181757 113313  38374
17.944672645 7303265182 1094627 103887  36044
17.955651103 7304572514 1307332 113313  44623
17.967650178 7305811596 1239082 113305  41338
17.979664237 7307126236 1314640 113310  42190
17.991663165 7308257319 1131083 103914  39627
18.002651930 7309496657 1239338 113331  45665
18.014650118 7310703280 1206623 113319  42637
18.026665804 7311915663 1212383 113318  41909
18.038663332 7313121423 1205760 113320  41856
18.050652461 7314331747 1210324 113329  41500
18.062651486 7315550629 1218882 113318  41988
18.074663215 7316657483 1106854 103867  35981
18.085651163 7317783691 1126208 103873  36309
18.096672620 7318910837 1127146 103868  36176
18.107668291 7320026258 1115421 103893  36866
18.118662903 7321159872 1133614 103883  38342
18.129651741 7322275268 1115396 103870  35921
18.140663175 7323372834 1097566 103873  35232
18.151664906 7324499014 1126180 103873  36309
18.162650341 7325631840 1132826 103900  36886
18.173664408 7326863270 1231430 113315  41100
18.185663287 7328079392 1216122 113329  41365
18.197650706 7329321784 1242392 113309  40855
18.209662644 7330485399 1163615 103884  33998
18.220648869 7331646362 1160963 113310  35765
18.232651264 7332943581 1297219 113314  40511
18.244651039 7334217532 1273951 113318  39611
18.256672055 7335373242 1155710 113331  33834
18.268663987 7336650401 1277159 113324  37724
18.280648819 7337975432 1325031 113326  41636
18.292650661 7339196314 1220882 113322  42696
18.304662414 7340471484 1275170 113319  47061
18.316663182 7341672353 1200869 113310  45812
18.328662848 7342880208 1207855 113308  43730
18.340663406 7344152943 1272735 113355  46335
18.352650328 7345431159 1278216 113317  42899
18.364649641 7346704007 1272848 113326  40397
18.376652457 7347982311 1278304 113336  39398
18.388649015 7349253399 1271088 113351  39106
18.400650771 7350523809 1270410 113336  38930
18.412666193 7351789867 1266058 113344  37908
18.424662691 7353140455 1350588 113316  43354
18.436661657 7354248576 1108121 113342  45071
18.448653750 7354962593 714017 113386  50382
18.460651732 7356217267 1254674 121503  39626
18.477682752 7357568681 1351414 61845  52639
18.488672263 7358949543 1380862 75885  63365
18.500671619 7360786107 1836564 113332  56724
18.512657725 7372875277 12089170 7033  4371
18.527939119 7385307581 12432304 656  10
18.543935119 7391032623 5725042 86048  4019
18.554665134 7394200923 3168300 103834  1886
18.565656594 7396262430 2061507 103845  5367
18.576664263 7397871323 1608893 103849  6588
18.587650130 7399297361 1426038 103857  7965
18.598649052 7400621167 1323806 103859  8451
18.609649446 7401891876 1270709 103871  9121
18.620647890 7403117215 1225339 103871  9458
18.631647985 7404307342 1190127 103850  9430
18.642649123 7405571074 1263732 113305  10585
18.654650685 7406798552 1227478 113301  10394
18.666649441 7408001646 1203094 113302  10344
18.678660973 7409185875 1184229 113321  10289
18.690661288 7410367286 1181411 113298  10008
18.702647153 7411545140 1177854 113303  10354
18.714650605 7412723391 1178251 113324  10525
18.726660258 7413912742 1189351 113317  10744
18.738661704 7415087656 1174914 113288  10623
18.750648166 7416280815 1193159 113307  10910
18.762650194 7417474192 1193377 113297  10928
18.774660573 7418687637 1213445 113344  11263
18.786662333 7419904033 1216396 113315  11346
18.798662455 7421125618 1221585 113326  11463
18.810663663 7422347634 1222016 113321  11493
18.822661469 7423473662 1126028 103883  10632
18.833649910 7424596252 1122590 103873  10630
18.844649804 7425822430 1226178 113310  11628
18.856650516 7427057272 1234842 113317  11773
18.868660672 7428292284 1235012 113320  11798
18.880661921 7429525988 1233704 113318  11787
18.892670700 7430770066 1244078 113331  11956
18.904661088 7431918374 1148308 103860  11069
18.915649753 7433065996 1147622 103886  11060
18.926649774 7434213549 1147553 103885  11050
18.937648659 7435361580 1148031 103867  11070
18.948660827 7436620691 1259111 113315  12177
18.960661199 7437881497 1260806 113319  12225
18.972662271 7439139172 1257675 113303  12184
18.984662607 7440296372 1157200 103869  11241
18.995662435 7441550472 1254100 113298  12136
19.007648316 7442711300 1160828 103889  11284
19.018663461 7443974336 1263036 113329  12281
19.030648680 7445138375 1164039 103867  11343
19.041673918 7446400801 1262426 113329  12270
19.053663459 7447665044 1264243 113326  12293
19.065648778 7448936458 1271414 113327  12414
19.077661888 7450101105 1164647 103866  11360
19.088648089 7451265603 1164498 103867  11369
19.099662826 7452539261 1273658 113305  12443
19.111650128 7453701410 1162149 103872  11330
19.122662334 7454970539 1269129 113304  12386
19.134663746 7456238339 1267800 113318  12381
19.146649124 7457407944 1169605 103881  11440
19.157661669 7458676075 1268131 113330  12391
19.169648257 7459845911 1169836 103874  11461
19.180661015 7461015495 1169584 103871  11453
19.191670710 7462291369 1275874 113314  12479
19.203662131 7463458400 1167031 103875  11408
19.214662463 7464734361 1275961 113342  12493
19.226649682 7465901655 1167294 103888  11412
19.237661540 7467177281 1275626 113312  12496
19.249649005 7468343965 1166684 103878  11419
19.260647519 7469523033 1179068 103872  11576
19.271662311 7470687432 1164399 103874  11375
19.282662219 7471970544 1283112 113316  12584
19.294648914 7473135830 1165286 103876  11401
19.305647959 7474312334 1176504 103874  11552
19.316662591 7475597409 1285075 113308  12636
19.328647659 7476775211 1177802 103886  11578
19.339659524 7478050976 1275765 113315  12498
19.351662457 7479334529 1283553 113326  12614
19.363661699 7480618798 1284269 113320  12632
19.375650187 7481903144 1284346 113323  12628
19.387649466 7483090167 1187023 103870  11710
19.398662151 7484376340 1286173 113318  12651
19.410661237 7485661271 1284931 113303  12639
19.422663792 7486946971 1285700 113313  12641
19.434647494 7488134279 1187308 103877  11701
19.445661113 7489416456 1282177 113307  12597
19.457649541 7490602031 1185575 103879  11681
19.468647603 7491787801 1185770 103849  11694
19.479663151 7493070420 1282619 113316  12607
19.491649443 7494256999 1186579 103865  11702
19.502669894 7495550098 1293099 113319  12748
19.514662560 7496842927 1292829 113317  12751
19.526662042 7498132549 1289622 113297  12699
19.538650784 7499313167 1180618 103873  11623
19.549663086 7500604720 1291553 113323  12722
19.561662952 7501897879 1293159 113316  12754
19.573660500 7503187856 1289977 113320  12711
19.585663517 7504478796 1290940 113323  12730
19.597661079 7505769370 1290574 113312  12727
19.609662027 7507066430 1297060 113316  12807
19.621649513 7508253928 1187498 103877  11722
19.632660550 7509436386 1182458 103884  11647
19.643648366 7510628895 1192509 103862  11788
19.654670247 7511916098 1287203 113312  12676
19.666663713 7513215547 1299449 113320  12848
19.678661145 7514396454 1180907 103873  11627
19.689663429 7515696731 1300277 113328  12859
19.701662141 7516889614 1192883 103876  11813
19.712652750 7518069908 1180294 103876  11620
19.723648598 7519262857 1192949 103887  11788
19.734662022 7520561855 1298998 113325  12829
19.746661138 7521859010 1297155 113303  12804
19.758660707 7523156489 1297479 113330  12819
19.770661809 7524346105 1189616 103880  11745
19.781661118 7525533346 1187241 103876  11727
19.792661505 7526722004 1188658 103890  11725
19.803658660 7527914531 1192527 103877  11794
19.814661397 7529108657 1194126 103893  11816
19.825661915 7530296900 1188243 103886  11731
19.836649294 7531485340 1188440 103864  11734
19.847661191 7532779487 1294147 113300  12766
19.859661794 7534071967 1292480 113322  12757
19.871663346 7535269842 1197875 103878  11867
19.882650271 7536454882 1185040 103857  11683
19.893644142 7537640103 1185221 103867  11688
19.904660017 7538830123 1190020 103867  11762
19.915661278 7540128846 1298723 113307  12832
19.927661567 7541427695 1298849 113311  12831
19.939649369 7542617406 1189711 103874  11759
19.950662220 7543918706 1301300 113331  12862
19.962661459 7545210584 1291878 113311  12737
19.974661811 7546512530 1301946 113323  12873
19.986660818 7547813014 1300484 113315  12857
19.998651756 7549099469 1286455 113311  12661
20.010661692 7550398608 1299139 113322  12832
20.022662934 7551696085 1297477 113327  12809
20.034663040 7552885883 1189798 103870  11753
20.045662861 7554170906 1285023 113320  12627
20.057661004 7555463058 1292152 113314  12735
20.069662749 7556755934 1292876 113309  12753
20.081647505 7557941976 1186042 103874  11698
20.092662216 7559233592 1291616 113309  12735
20.104661672 7560524367 1290775 113321  12724
20.116672437 7561814383 1290016 113313  12706
20.128660533 7563104376 1289993 113299  12704
20.140647801 7564288492 1184116 103872  11659
20.151650087 7565471336 1182844 103887  11654
20.162661931 7566768527 1297191 113306  12802
20.174649760 7567953461 1184934 103888  11688
20.185662738 7569133732 1180271 103872  11616
20.196647899 7570312951 1179219 103883  11611
20.207659970 7571596861 1283910 113334  12636
20.219649159 7572775041 1178180 103881  11596
20.230650314 7574071876 1296835 113302  12796
20.242646740 7575249478 1177602 103877  11571
20.253662428 7576530487 1281009 113307  12586
20.265659713 7577825242 1294755 113300  12766
20.277663822 7579103971 1278729 113322  12547
20.289661765 7580397346 1293375 113307  12752
20.301649087 7581572143 1174797 103882  11538
20.312649098 7582864559 1292416 113322  12734
20.324649171 7584141470 1276911 113327  12519
20.336660960 7585329292 1187822 103865  11719
20.347661465 7586605218 1275926 113317  12507
20.359649507 7587791718 1186500 103878  11706
20.370648452 7588964750 1173032 103880  11520
20.381661280 7590151949 1187199 103872  11709
20.392648531 7591323562 1171613 103884  11498
20.403648196 7592509223 1185661 103853  11691
20.414670994 7593788592 1279369 113313  12554
20.426663450 7595072778 1284186 113309  12617
20.438648916 7596257654 1184876 103887  11692
20.449662974 7597437356 1179702 103890  11609
20.460647335 7598610514 1173158 103879  11514
20.471650440 7599794270 1183756 103868  11657
20.482648334 7600975486 1181216 103877  11636
20.493649880 7602145465 1169979 103871  11467
20.504660714 7603432633 1287168 113332  12672
20.516662050 7604718473 1285840 113314  12648
20.528648196 7606003141 1284668 113323  12631
20.540647512 7607184668 1181527 103876  11635
20.551663146 7608470298 1285630 113327  12642
20.563662558 7609755829 1285531 113324  12645
20.575659545 7611041926 1286097 113310  12651
20.587650333 7612224421 1182495 103893  11650
20.598646834 7613517208 1292787 113297  12744
20.610683261 7614814795 1297587 113297  12814
20.622661487 7615998020 1183225 103862  11654
20.633650695 7617180686 1182666 103877  11658
20.644648846 7618364849 1184163 103878  11671
20.655652291 7619548010 1183161 103880  11659
20.666662439 7620730727 1182717 103869  11654
20.677662937 7621913947 1183220 103884  11662
20.688660462 7623199051 1285104 113321  12633
20.700648157 7624381703 1182652 103873  11637
20.711662209 7625683270 1301567 113331  12870
20.723671598 7626865379 1182109 103873  11647
20.734652305 7628047649 1182270 103890  11643
20.745662497 7629333715 1286066 113342  12655
20.757661439 7630634050 1300335 113331  12852
20.769662756 7631917355 1283305 113308  12610
20.781649211 7633104299 1186944 103877  11699
20.792649612 7634295104 1190805 103884  11759
20.803650464 7635476737 1181633 103882  11635
20.814648662 7636775368 1298631 113308  12825
20.826661601 7638059245 1283877 113324  12625
20.838661137 7639358469 1299224 113320  12839
20.850662900 7640641806 1283337 113321  12620
20.862658985 7641836706 1194900 103874  11818
20.873670640 7643118435 1281729 113317  12606
20.885662182 7644313072 1194637 103871  11815
20.896661693 7645603595 1290523 113316  12718
20.908662460 7646893095 1289500 113313  12706
20.920659902 7648088407 1195312 103878  11824
20.931662613 7649350230 1261823 113315  9387
20.943661042 7650555115 1204885 113316  116
20.955662512 7651758989 1203874 113317  113
20.967646757 7652951417 1192428 113318  112
20.979649339 7654055516 1104099 103870  77
20.990662121 7655163789 1108273 103879  51
21.001661102 7656257604 1093815 103866  55
21.012660767 7657365004 1107400 103870  47
21.023670699 7658471928 1106924 103875  48
21.034651673 7659568061 1096133 103873  46
21.045649904 7660675962 1107901 103866  48
21.056661489 7661784349 1108387 103870  48
21.067661334 7662988461 1204112 113310  49
21.079662583 7664082195 1093734 103868  57
21.090662921 7665190020 1107825 103874  43
21.101649099 7666297168 1107148 103863  54
21.112666727 7667404348 1107180 103881  54
21.123648755 7668510740 1106392 103869  52
21.134661650 7669604186 1093446 103874  42
21.145663335 7670710109 1105923 103871  42
21.156660843 7671817232 1107123 103875  45
21.167670684 7673022582 1205350 113316  57
21.179649126 7674130894 1108312 103864  46
21.190662202 7675239179 1108285 103880  48
21.201661593 7676347313 1108134 103876  49
21.212660698 7677455322 1108009 103881  46
21.223649886 7678562839 1107517 103876  50
21.234661733 7679669986 1107147 103876  47
21.245650389 7680776992 1107006 103882  45
21.256647410 7681883698 1106706 103893  69
21.267649014 7682989714 1106016 103884  47
21.278661903 7684095144 1105430 103872  49
21.289648160 7685200749 1105605 103883  48
21.300661666 7686306841 1106092 103873  55
21.311646884 7687423363 1116522 103869  54
21.322663229 7688531986 1108623 103865  41
21.333661744 7689636319 1104333 103883  45
21.344648388 7690740731 1104412 103879  46
21.355660350 7691844822 1104091 103876  51
21.366647988 7692949958 1105136 103875  44
21.377662203 7694069006 1119048 103875  49
21.388648368 7695175555 1106549 103884  43
21.399661356 7696280527 1104972 103877  48
21.410662981 7697385359 1104832 103877  47
21.421649729 7698501647 1116288 103863  49
21.432647377 7699607706 1106059 103861  43
21.443648282 7700711213 1103507 103864  49
21.454662733 7701817697 1106484 103880  49
21.465671355 7702935296 1117599 103878  41
21.476663260 7704136765 1201469 113320  52
21.488661329 7705254623 1117858 103873  52
21.499663350 7706358724 1104101 103869  43
21.510648689 7707478067 1119343 103871  45
21.521661534 7708583244 1105177 103877  42
21.532661485 7709687933 1104689 103871  44
21.543661047 7710807296 1119363 103863  46
21.554662002 7711910562 1103266 103881  45
21.565648793 7713029560 1118998 103870  42
21.576661051 7714134515 1104955 103882  47
21.587647432 7715254811 1120296 103882  41
21.598661761 7716360980 1106169 103873  47
21.609659590 7717482123 1121143 103887  47
21.620661501 7718587291 1105168 103881  67
21.631648322 7719707593 1120302 103883  42
21.642649610 7720813138 1105545 103890  50
21.653648555 7721934135 1120997 103881  43
21.664660230 7723048414 1114279 103892  46
21.675660845 7724160588 1112174 103874  43
21.686649140 7725281473 1120885 103862  41
21.697650955 7726387643 1106170 103873  43
21.708661929 7727508051 1120408 103880  40
21.719660555 7728628514 1120463 103874  41
21.730662672 7729733652 1105138 103883  46
21.741660688 7730854319 1120667 103872  43
21.752648432 7731976526 1122207 103875  61
21.763657231 7733084386 1107860 103877  59
21.774649828 7734207204 1122818 103868  44
21.785661894 7735330183 1122979 103887  48
21.796661698 7736454074 1123891 103868  47
21.807648043 7737562816 1108742 103886  47
21.818660908 7738685789 1122973 103884  47
21.829648603 7739808727 1122938 103882  43
21.840662137 7740931259 1122532 103880  39
21.851662429 7742042398 1111139 103873  51
21.862648067 7743161339 1118941 103879  42
21.873660612 7744283405 1122066 103871  40
21.884660131 7745406148 1122743 103883  42
21.895647939 7746529491 1123343 103879  41
21.906657770 7747652187 1122696 103875  45
21.917661428 7748773873 1121686 103867  52
21.928648799 7749884994 1111121 103869  44
21.939650025 7751006497 1121503 103880  40
21.950660079 7752130312 1123815 103875  42
21.961650858 7753254890 1124578 103876  49
21.972661906 7754380145 1125255 103875  46
21.983662037 7755505623 1125478 103869  46
21.994648579 7756630858 1125235 103887  41
22.005660940 7757851884 1221026 113310  53
22.017662266 7758976501 1124617 103875  42
22.028647494 7760101562 1125061 103883  42
22.039648915 7761226224 1124662 103883  40
22.050669974 7762351884 1125660 103882  47
22.061650383 7763476362 1124478 103862  46
22.072661190 7764601180 1124818 103889  36
22.083661486 7765728029 1126849 103870  42
22.094661987 7766860496 1132467 103873  42
22.105648378 7767991600 1131104 103866  37
22.116648286 7769117257 1125657 103888  46
22.127649281 7770243044 1125787 103866  41
22.138650453 7771368093 1125049 103881  43
22.149648721 7772493826 1125733 103874  43
22.160646769 7773620205 1126379 103878  45
22.171660948 7774746782 1126577 103872  38
22.182648002 7775874075 1127293 103879  45
22.193658817 7777015342 1141267 103873  37
22.204661378 7778141949 1126607 103870  48
22.215648247 7779268608 1126659 103883  49
22.226649455 7780395510 1126902 103879  38
22.237648550 7781522517 1127007 103873  42
22.248650298 7782658916 1136399 103870  42
22.259660290 7783791377 1132461 103876  38
22.270662588 7784917938 1126561 103880  42
22.281648579 7786045501 1127563 103874  146
22.292659865 7787175200 1129699 103869  48
22.303656692 7788313587 1138387 103872  41
22.314644328 7789440458 1126871 103885  38
22.325648759 7790567733 1127275 103886  45
22.336660247 7791711110 1143377 103872  36
22.347673223 7792840456 1129346 103869  44
22.358648524 7793969814 1129358 103871  42
22.369660462 7795106765 1136951 103869  40
22.380662541 7796243359 1136594 103875  40
22.391660633 7797372908 1129549 103877  47
22.402649204 7798513605 1140697 103869  42
22.413648423 7799646324 1132719 103878  36
22.424661077 7800776038 1129714 103878  47
22.435647672 7801919238 1143200 103876  37
22.446648194 7803049835 1130597 103880  45
22.457647879 7804179279 1129444 103863  45
22.468659311 7805321670 1142391 103861  38
22.479648382 7806451309 1129639 103882  47
22.490659904 7807594519 1143210 103878  35
22.501648792 7808724041 1129522 103883  45
22.512660473 7809868147 1144106 103882  42
22.523650982 7810999632 1131485 103870  45
22.534648290 7812135878 1136246 103874  43
22.545650378 7813277205 1141327 103884  47
22.556649414 7814410003 1132798 103867  49
22.567661431 7815554539 1144536 103871  46
22.578652600 7816686870 1132331 103862  51
22.589660329 7817831445 1144575 103877  38
22.600648113 7818964350 1132905 103864  43
22.611649382 7820108247 1143897 103868  38
22.622649374 7821249516 1141269 103880  51
22.633672982 7822386422 1136906 103869  40
22.644649413 7823531955 1145533 103886  38
22.655660889 7824663700 1131745 103872  41
22.666662163 7825809727 1146027 103873  38
22.677648638 7826942772 1133045 103867  45
22.688661559 7828088704 1145932 103860  43
22.699647755 7829230276 1141572 103873  43
22.710662653 7830369790 1139514 103880  39
22.721648045 7831517837 1148047 103885  37
22.732649333 7832653064 1135227 103873  40
22.743648602 7833800722 1147658 103862  38
22.754650096 7834948230 1147508 103866  36
22.765661385 7836083608 1135378 103879  38
22.776671613 7837231703 1148095 103877  37
22.787663168 7838379800 1148097 103880  41
22.798650086 7839515675 1135875 103877  48
22.809649054 7840664139 1148464 103864  38
22.820647226 7841812671 1148532 103860  42
22.831661348 7842948531 1135860 103879  41
22.842661222 7844098326 1149795 103876  40
22.853661348 7845246945 1148619 103871  40
22.864648892 7846388949 1142004 103873  42
22.875660357 7847531085 1142136 103878  42
22.886649269 7848680838 1149753 103870  38
22.897661091 7849832746 1151908 103883  38
22.908660332 7850975725 1142979 103876  51
22.919648814 7852124649 1148924 103874  55
22.930656935 7853276358 1151709 103873  43
22.941662744 7854428842 1152484 103862  42
22.952660113 7855581555 1152713 103871  34
22.963649647 7856722630 1141075 103878  38
22.974660112 7857875328 1152698 103871  43
22.985649174 7859028094 1152766 103872  41
22.996648935 7860180374 1152280 103894  37
23.007650181 7861332271 1151897 103879  74
23.018661572 7862584392 1252121 113324  116
23.030660671 7863837256 1252864 113313  123
23.042647667 7865091598 1254342 113304  157
23.054661301 7866354505 1262907 113324  109
23.066660883 7867608643 1254138 113314  116
23.078666532 7868864463 1255820 113324  134
23.090648364 7870131855 1267392 113331  104
23.102662907 7871387965 1256110 113329  114
23.114661944 7872644129 1256164 113322  119
23.126650400 7873912190 1268061 113310  112
23.138661925 7875168887 1256697 113312  115
23.150660118 7876427250 1258363 113312  114
23.162649181 7877695063 1267813 113314  105
23.174659563 7878953373 1258310 113328  118
23.186649850 7880222715 1269342 113314  119
23.198648819 7881481390 1258675 113307  106
23.210650781 7882741120 1259730 113326  122
23.222659671 7884013656 1272536 113324  108
23.234662277 7885275882 1262226 113321  142
23.246649203 7886550197 1274315 113323  105
23.258661812 7887813753 1263556 113315  124
23.270650679 7889088008 1274255 113326  101
23.282648358 7890353339 1265331 113333  116
23.294650267 7891629077 1275738 113316  111
23.306659307 7892895750 1266673 113316  122
23.318661176 7894172084 1276334 113324  116
23.330648803 7895439520 1267436 113317  119
23.342649982 7896716989 1277469 113315  107
23.354661432 7897985757 1268768 113311  113
23.366661455 7899264141 1278384 113313  109
23.378661110 7900534593 1270452 113314  116
23.390660433 7901814966 1280373 113322  104
23.402663023 7903085407 1270441 113318  122
23.414661689 7904366536 1281129 113325  100
23.426648999 7905638661 1272125 113313  115
23.438661464 7906920679 1282018 113321  111
23.450661647 7908194705 1274026 113310  117
23.462661827 7909475445 1280740 113315  105
23.474661940 7910758168 1282723 113325  122
23.486647056 7912033515 1275347 113310  122
23.498662022 7913318569 1285054 113318  101
23.510660471 7914601637 1283068 113321  112
23.522662228 7915881550 1279913 113323  118
23.534648514 7917168070 1286520 113325  109
23.546661474 7918445999 1277929 113318  132
23.558670390 7919734321 1288322 113314  104
23.570647955 7921023114 1288793 113316  106
23.582649342 7922302856 1279742 113327  107
23.594662621 7923592137 1289281 113322  110
23.606649168 7924881947 1289810 113321  109
23.618661517 7926164012 1282065 113311  135
23.630648686 7927454364 1290352 113312  120
23.642661756 7928744391 1290027 113315  106
23.654661102 7930035280 1290889 113321  104
23.666662068 7931320053 1284773 113319  113
23.678652511 7932613257 1293204 113312  107
23.690649177 7933906163 1292906 113320  110
23.702660641 7935197817 1291654 113321  109
23.714671956 7936484755 1286938 113328  104
23.726647726 7937778598 1293843 113316  106
23.738660945 7939072431 1293833 113321  109
23.750662518 7940366165 1293734 113318  110
23.762648361 7941651773 1285608 113318  126
23.774662807 7942946537 1294764 113318  110
23.786661256 7944243765 1297228 113322  111
23.798661369 7945540846 1297081 113312  110
23.810648232 7946837298 1296452 113318  109
23.822648165 7948127171 1289873 113322  115
23.834662391 7949423625 1296454 113314  133
23.846660400 7950721064 1297439 113322  115
23.858661700 7952019478 1298414 113308  116
23.870656793 7953317518 1298040 113313  105
23.882649496 7954615884 1298366 113305  107
23.894660415 7955908746 1292862 113333  112
23.906649958 7957207256 1298510 113319  121
23.918649684 7958506245 1298989 113315  116
23.930661870 7959805365 1299120 113315  123
23.942661207 7961105398 1300033 113324  112
23.954648805 7962404922 1299524 113327  136
23.966648015 7963705612 1300690 113318  117
23.978663325 7965005285 1299673 113324  121
23.990660931 7966306616 1301331 113316  112
24.002661337 7967601651 1295035 113327  117
24.014647300 7968903408 1301757 113315  103
24.026658056 7970205102 1301694 113312  110
24.038661515 7971505763 1300661 113313  107
24.050660428 7972806055 1300292 113312  128
24.062649165 7974107438 1301383 113320  108
24.074660944 7975409236 1301798 113329  107
24.086648503 7976710929 1301693 113322  112
24.098649303 7978012651 1301722 113313  112
24.110649042 7979314271 1301620 113316  116
24.122660375 7980615526 1301255 113306  128
24.134662525 7981917717 1302191 113318  104
24.146659604 7983218966 1301249 113306  115
24.158648373 7984520584 1301618 113315  109
24.170648826 7985822366 1301782 113321  104
24.182661949 7987124053 1301687 113312  108
24.194659046 7988425034 1300981 113319  127
24.206649371 7989726573 1301539 113318  113
24.218660451 7991028313 1301740 113323  103
24.230648790 7992330611 1302298 113313  109
24.242649257 7993632481 1301870 113305  108
24.254661380 7994933944 1301463 113315  105
24.266660279 7996235011 1301067 113316  124
24.278649449 7997537299 1302288 113317  107
24.290647885 7998845368 1308069 113322  108
24.302662235 8000148272 1302904 113318  114
24.314660141 8001450477 1302205 113310  112
24.326648560 8002752736 1302259 113314  115
24.338660087 8004054458 1301722 113309  124
24.350672430 8005357277 1302819 113323  107
24.362662316 8006659453 1302176 113318  105
24.374660699 8007961340 1301887 113322  112
24.386649652 8009263197 1301857 113311  109
24.398648975 8010570766 1307569 113312  104
24.410660481 8011872538 1301772 113308  114
24.422648977 8013174339 1301801 113323  105
24.434648500 8014476027 1301688 113308  109
24.446661520 8015778254 1302227 113326  109
24.458660906 8017081035 1302781 113311  119
24.470661409 8018383891 1302856 113331  119
24.482661406 8019690643 1306752 113327  115
24.494660349 8020993109 1302466 113331  106
24.506659128 8022295865 1302756 113323  118
24.518650320 8023598968 1303103 113319  118
24.530647837 8024901877 1302909 113312  107
24.542643486 8026210231 1308354 113319  106
24.554660916 8027512419 1302188 113329  118
24.566660299 8028815219 1302800 113322  105
24.578649629 8030118019 1302800 113315  104
24.590661948 8031424084 1306065 113321  106
24.602660481 8032728674 1304590 113327  98
24.614648054 8034031600 1302926 113330  108
24.626647697 8035334484 1302884 113321  121
24.638649757 8036637935 1303451 113314  109
24.650661153 8037946593 1308658 113317  104
24.662657830 8039249870 1303277 113321  108
24.674661843 8040553292 1303422 113310  105
24.686660722 8041861963 1308671 113314  99
24.698661239 8043164410 1302447 113311  118
24.710660968 8044467565 1303155 113327  106
24.722649515 8045771799 1304234 113331  108
24.734648193 8047081137 1309338 113322  101
24.746661487 8048384813 1303676 113318  112
24.758648750 8049688599 1303786 113315  111
24.770647852 8050997859 1309260 113328  107
24.782661909 8052302531 1304672 113322  108
24.794660482 8053607669 1305138 113322  110
24.806660888 8054917718 1310049 113319  104
24.818646918 8056223315 1305597 113316  106
24.830671718 8057529335 1306020 113330  113
24.842649400 8058839424 1310089 113320  111
24.854648637 8060145820 1306396 113322  109
24.866660780 8061453287 1307467 113309  105
24.878649459 8062766136 1312849 113316  103
24.890661692 8064075842 1309706 113307  109
24.902660665 8065386303 1310461 113311  106
24.914660168 8066701523 1315220 113325  111
24.926660308 8068014543 1313020 113313  102
24.938647454 8069332776 1318233 113318  106
24.950661921 8070651811 1319035 113312  137
24.962660120 8071979325 1327514 113321  137
24.974648633 8073312757 1333432 113308  113
24.986669843 8074646688 1333931 113306  119
24.998649902 8075981686 1334998 113323  116
25.010661872 8077316492 1334806 113314  106
25.022662444 8087691543 10375051 113302  45080
25.034664271 8094492164 6800621 103886  29759
25.045651449 8100787344 6295180 113316  28131
25.057662149 8107578498 6791154 113321  42305
25.069653279 8115068858 7490360 103887  33952
25.080650771 8123297310 8228452 113322  38060
25.092661970 8125455405 2158095 103884  29297
25.103663712 8130665671 5210266 113319  80412
25.115664672 8137978113 7312442 113322  30821
25.127661855 8147175779 9197666 103865  45123
25.138665356 8151081538 3905759 113337  16525
25.150651506 8160297590 9216052 103880  44583
25.161651294 8167137804 6840214 113303  30313
25.173665591 8172855229 5717425 113333  24372
25.185662857 8175064055 2208826 103869  70959
25.196666456 8177163271 2099216 103880  93677
25.207662684 8179482557 2319286 103867  103682
25.218651840 8185872899 6390342 103877  48909
25.229660862 8193443581 7570682 103876  33673
25.240663484 8201683144 8239563 113307  38895
25.252662816 8206270837 4587693 103893  27700
25.263649974 8214019406 7748569 113309  36998
25.275650831 8222380466 8361060 103877  42084
25.286650276 8226393050 4012584 113324  23906
25.298655209 8228581810 2188760 103900  91601
25.309652908 8237450935 8869125 103866  42831
25.320662043 8244538085 7087150 103873  30837
25.331663769 8250835468 6297383 113313  25509
25.343649115 8257596671 6761203 113306  36453
25.355651049 8265106317 7509646 103872  35959
25.366662191 8273349723 8243406 113306  38176
25.378651457 8275508008 2158285 103886  34324
25.389650056 8277607448 2099440 103878  82622
25.400650878 8279925713 2318265 103860  103535
25.411650759 8281980589 2054876 103888  85762
25.422664735 8284299249 2318660 103874  103626
25.433649224 8286618058 2318809 103875  103661
25.444658215 8288938279 2320221 103894  103656
25.455651890 8290717316 1779037 103881  82250
25.466648766 8300755966 10038650 103867  48898
25.477664085 8307561601 6805635 113328  28180
25.489662930 8313380323 5818722 113323  27012
25.501665241 8320914521 7534198 103870  39423
25.512650209 8327962213 7047692 103873  30450
25.523649641 8335698414 7736201 113301  35118
25.535649557 8338067743 2369329 113341  48993
25.547651938 8344034402 5966659 103879  72202
25.558650636 8350806558 6772156 113319  27918
25.570650663 8360303895 9497337 103868  46747
25.581663611 8362768032 2464137 103892  13634
25.592659647 8372413305 9645273 103874  47625
25.603650715 8379206735 6793430 113334  28754
25.615650875 8385043941 5837206 113319  27785
25.627651111 8387253175 2209234 103882  70915
25.638650777 8389352391 2099216 103877  91369
25.649664489 8391670208 2317817 103859  103513
25.660663924 8398073035 6402827 103872  48633
25.671650999 8405642419 7569384 103877  34223
25.682649995 8413873452 8231033 113322  37499
25.694649584 8418361476 4488024 103884  25793
25.705650130 8426211808 7850332 113326  34867
25.717650146 8434609990 8398182 103882  40710
25.728661801 8438586044 3976054 113319  17234
25.740677511 8440774804 2188760 103870  89232
25.751654140 8449634969 8860165 103874  43046
25.762648742 8456729735 7094766 103878  30796
25.773663867 8463023571 6293836 113326  25470
25.785660993 8469864251 6840680 113320  35343
25.797653780 8477318039 7453788 103877  33395
25.808662958 8485578299 8260260 113311  37683
25.820663495 8487735946 2157647 103885  35160
25.831651450 8489835162 2099216 103873  81030
25.842649909 8492153875 2318713 103879  103461
25.853650994 8494206287 2052412 103866  85991
25.864660953 8496525374 2319087 103876  103548
25.875649758 8498844385 2319011 103894  103597
25.886661677 8501162874 2318489 103876  103654
25.897657422 8502946244 1783370 103866  82850
25.908661861 8505265629 2319385 103892  103658
25.919648016 8507584790 2319161 103887  103683
25.930662925 8509903951 2319161 103896  103646
25.941648580 8512223151 2319200 103894  103604
25.952661722 8514543372 2320221 103882  103625
25.963662297 8516862249 2318877 103869  103560
25.974649323 8519181574 2319325 103860  103541
25.985662545 8520911173 1729599 113310  90318
25.997649751 8528714377 7803204 103874  57135
26.008663126 8535746226 7031849 103855  30708
26.019651498 8543064299 7318073 113303  31371
26.031662291 8549074441 6010142 103878  35338
26.042671420 8556050500 6976059 113333  30143
26.054650610 8565408410 9357910 103868  45082
26.065661972 8567753581 2345171 113327  20483
26.077662731 8571093589 3340008 103883  79949
26.088664380 8580059200 8965611 113327  40788
26.100662860 8587647426 7588226 103873  35157
26.111663265 8592465669 4818243 113328  25910
26.123666461 8600430593 7964924 103871  43568
26.134661523 8608054480 7623887 103884  35701
26.145650622 8614776705 6722225 113319  27226
26.157649162 8616934884 2158179 103875  44656
26.168663367 8619034744 2099860 103895  92029
26.179649299 8621353233 2318489 103875  103305
26.190673892 8626282670 4929437 103886  69433
26.201650496 8633619303 7336633 113313  30624
26.213661243 8642957992 9338689 103874  45644
26.224651555 8646701089 3743097 113319  21722
26.236662629 8655908994 9207905 103880  45030
26.247649860 8662763551 6854557 113326  29799
26.259650629 8668471847 5708296 113332  25296
26.271663227 8670681277 2209430 103894  63448
26.282664825 8677766882 7085605 103856  51315
26.293649511 8685811583 8044701 113323  37024
26.305664484 8693128787 7317204 113321  32525
26.317662660 8699156986 6028199 103862  44966
26.328652019 8706211460 7054474 113317  30980
26.340658648 8715444400 9232940 103870  44413
26.351663615 8717791669 2347269 113335  20140
26.363663594 8719891151 2099482 103888  86530
26.374662443 8722209416 2318265 103866  103228
26.385661672 8724475750 2266334 113318  95896
26.397662045 8726794239 2318489 103876  103653
26.408648787 8729112442 2318203 103859  103638
26.419649566 8731430499 2318057 103870  103653
26.430661138 8734389229 2958730 113308  91080
26.442662011 8743449893 9060664 103861  42827
26.453661293 8750694894 7245001 113307  30828
26.465661630 8756037315 5342421 113323  21480
26.477661597 8764006228 7968913 103884  40990
26.488649308 8770887370 6881142 103863  31364
26.499657880 8778333042 7445672 113321  31482
26.511661874 8780489569 2156527 103872  35111
26.522663289 8785826916 5337347 103878  76016
26.533662301 8792776661 6949745 113318  28761
26.545662818 8802153612 9376951 103887  45710
26.556662090 8805906068 3752456 113331  17338
26.568651753 8815064666 9158598 103877  45693
26.579649337 8822310258 7245592 113315  34601
26.591648584 8827654076 5343818 113331  28607
26.603659558 8829862940 2208864 103874  71812
26.614662707 8831962604 2099664 103899  93537
26.625643286 8834281093 2318489 103868  103667
26.636661758 8840720088 6438995 103858  47355
26.647662490 8848213803 7493715 103890  32965
26.658650662 8856448497 8234694 113311  37729
26.670660926 8861096579 4648082 103878  27459
26.681651764 8868789687 7693108 113300  33982
26.693662087 8877314138 8524451 103876  40628
26.704650193 8881145858 3831720 113326  20589
26.716662692 8883900319 2754461 113334  91384
26.728652479 8893446441 9546122 103873  45761
26.739648514 8900262407 6815966 113312  28335
26.751660911 8906008685 5746278 113333  31991
26.763665461 8913594769 7586084 103871  38331
26.774664046 8920491417 6896648 103877  30200
26.785649672 8928307908 7816491 113317  33931
26.797671908 8930467123 2159215 103901  34238
26.808651423 8932566339 2099216 103885  90289
26.819650076 8934884156 2317817 103863  103633
26.830663925 8936937688 2053532 103879  84691
26.841647733 8939256625 2318937 103883  103673
26.852662672 8941575786 2319161 103895  103689
26.863650594 8943894725 2318939 103883  103693
26.874662936 8945677871 1783146 103893  81928
26.885648452 8947996808 2318937 103887  103671
26.896660244 8950314625 2317817 103851  103639
26.907661772 8952633338 2318713 103885  103680
26.918649908 8954951827 2318489 103870  103672
26.929650284 8957270540 2318713 103876  103681
26.940670959 8959589029 2318489 103867  103671
26.951662561 8961907743 2318714 103883  103686
26.962650103 8963534701 1626958 113315  91383
26.974663300 8965674671 2139970 103891  103642
26.985649592 8967993832 2319161 103902  103681
26.996650290 8970312993 2319161 103893  103670
27.007648389 8972631930 2318937 103882  103589
27.018661688 8974950419 2318489 103873  103556
27.029648533 8977269319 2318900 103882  103576
27.040663626 8979588069 2318750 103887  103546
27.051661615 8981906613 2318544 103872  103547
27.062661120 8984226386 2319773 103869  103591
27.073649195 8986545936 2319550 103859  103619
27.084649697 8988865708 2319772 103878  103681
27.095656573 8991185706 2319998 103879  103715
27.106650771 8993504807 2319101 103864  103673
27.117653577 8995810466 2305659 103247  103073
27.127929717 8998144578 2334112 104510  104350
27.139649254 8999427289 1282711 113334  93039
27.151652801 9004263631 4836342 103878  88464
27.162648543 9011003818 6740187 113319  27129
27.174651123 9020331881 9328063 103873  45446
27.185649718 9024110329 3778448 113331  21755
27.197652035 9033259427 9149098 103877  45299
27.208650167 9040099961 6840534 113317  29271
27.220649567 9045829377 5729416 113336  25840
27.232648174 9048038689 2209312 103898  67944
27.243662872 9055180840 7142151 103864  49171
27.254665118 9063157241 7976401 113308  35351
27.266650564 9070476764 7319523 113321  30954
27.278651928 9076476827 6000063 103884  36464
27.289663193 9083296429 6819602 113325  31250
27.301651153 9092788551 9492122 103872  46219
27.312650472 9095136132 2347581 113326  23041
27.324652379 9097235572 2099440 103878  83730
27.335650138 9099553613 2318041 103854  103257
27.346650563 9101998005 2444392 103856  86828
27.357649305 9111599898 9601893 103875  46112
27.368648391 9118431501 6831603 113324  28177
27.380651168 9124220133 5788632 113336  29321
27.392663918 9131813284 7593151 103882  39910
27.403651019 9138691096 6877812 103877  30536
27.414648635 9146520171 7829075 113319  35116
27.426662762 9148679414 2159243 103897  36340
27.437651991 9153675430 4996016 103886  78939
27.448651727 9160983392 7307962 113322  30627
27.460648163 9169949628 8966236 103876  43245
27.471652075 9173159166 3209538 103879  16987
27.482663801 9182069154 8909988 103866  44488
27.493650699 9189164102 7094948 103887  31221
27.504660696 9195466491 6302389 113319  26704
27.516651505 9197675985 2209494 103895  54349
27.527648814 9199775873 2099888 103890  93286
27.538673607 9202094586 2318713 103872  103678
27.549664172 9204150020 2055434 103880  86510
27.560661781 9206468399 2318379 103865  103653
27.571650220 9208786888 2318489 103870  103669
27.582661245 9211106497 2319609 103906  103723
27.593663398 9215791107 4684610 103863  70274
27.604661997 9223114077 7322970 113325  31563
27.616665153 9232073145 8959068 103868  44273
27.627650268 9235661891 3588746 113328  27211
27.639650282 9245392869 9730978 103856  47428
27.650649318 9252196783 6803914 113302  30687
27.662662147 9258019154 5822371 113337  26045
27.674649791 9260229108 2209954 103892  72378
27.685664220 9267270526 7041418 103867  51673
27.696670295 9275347308 8076782 113316  35669
27.708663535 9282669035 7321727 113313  32025
27.720652261 9288669070 6000035 103888  37799
27.731651228 9295509936 6840866 113317  30207
27.743662651 9304988228 9478292 103879  46884
27.754651716 9307336435 2348207 113337  24969
27.766665643 9309436099 2099664 103882  76881
27.777664779 9311754812 2318713 103877  103304
27.788663587 9314291747 2536935 103883  86083
27.799662209 9323857482 9565735 103870  45872
27.810648035 9330789219 6931737 113313  29242
27.822662459 9336428720 5639501 113331  24169
27.834650708 9344015722 7587002 103871  38359
27.845673170 9350952641 6936919 103891  29928
27.856663703 9358708601 7755960 113330  35629
27.868661776 9360867814 2159213 103903  40152
27.879654068 9365867442 4999628 103871  71934
27.890663054 9373191110 7323668 113319  30611
27.902662614 9382467173 9276063 103892  44692
27.913661233 9386242221 3775048 113317  15464
27.925662883 9395508123 9265902 103874  45104
27.936661406 9402362053 6853930 113323  28748
27.948648805 9408073895 5711842 113316  26960
27.960650718 9410283073 2209178 103886  63447
27.971664735 9412382961 2099888 103895  91856
27.982650349 9414701674 2318713 103880  103681
27.993671102 9416755878 2054204 103896  86436
28.004664854 9419073695 2317817 103860  103623
28.015649989 9421391736 2318041 103864  103648
28.026662962 9423709553 2317817 103858  103644
28.037649437 9425492849 1783296 103885  80679
28.048663150 9427811590 2318741 103875  103665
28.059661702 9430130076 2318486 103879  103665
28.070663517 9432448166 2318090 103859  103662
28.081648030 9434766879 2318713 103877  103683
28.092661155 9437085816 2318937 103883  103694
28.103662481 9439404753 2318937 103886  103695
28.114647123 9441723690 2318937 103891  103697
28.125663422 9444913035 3189345 103868  76878
28.136657804 9453192966 8279931 113316  36758
28.148663244 9461216117 8023151 103880  37912
28.159663259 9465578923 4362806 113307  25220
28.171650966 9474312923 8734000 103877  45651
28.182649745 9481558721 7245798 103859  33641
28.193662987 9487846269 6287548 113307  25153
28.205663484 9490055947 2209678 103892  48412
28.216651923 9495991266 5935319 103883  64407
28.227651115 9503255329 7264063 113351  30896
28.239648945 9512482519 9227190 113298  43589
28.251649151 9516568145 4085626 103892  21735
28.262649217 9524802615 8234470 113305  37461
28.274649151 9532830355 8027740 103876  38722
28.285649779 9537195685 4365330 113332  19371
28.297660323 9539404087 2208402 103867  79310
28.308650215 9541503303 2099216 103879  94647
28.319662604 9543821793 2318490 103867  103670
28.330650917 9551669832 7848039 103883  43728
28.341662522 9558574063 6904231 103874  30018
28.352651154 9566004207 7430144 113307  31365
28.364650502 9571670810 5666603 103865  35010
28.375650437 9578295186 6624376 113326  30448
28.387651281 9587945903 9650717 103855  48349
28.398662456 9590598613 2652710 113329  12189
28.410650416 9593287874 2689261 103888  89159
28.421664886 9602717939 9430065 103875  45057
28.432650474 9609561678 6843739 113300  28538
28.444658392 9615289793 5728115 113326  23354
28.456650975 9622826545 7536752 103873  39565
28.467650543 9629836233 7009688 103881  30770
28.478661800 9637599745 7763512 113309  34119
28.490649489 9639968850 2369105 113338  51791
28.502654023 9642068962 2100112 103904  89817
28.513650152 9644388347 2319385 103906  102707
28.524650451 9646441630 2053283 103877  85548
28.535649750 9648760817 2319187 103892  103691
28.546662596 9651080202 2319385 103905  103702
28.557660238 9653398885 2318683 103865  103675
28.568649674 9657125208 3726323 103869  75771
28.579661389 9665402463 8277255 113320  37682
28.591665203 9673449807 8047344 103874  41437
28.602651152 9677832965 4383158 113318  31919
28.614653325 9686761752 8928787 103875  45560
28.625664608 9693850426 7088674 103880  31313
28.636648597 9700099443 6249017 113321  25891
28.648650773 9702309313 2209870 103895  54320
28.659654083 9708478258 6168945 113313  65237
28.671650546 9715936934 7458676 103867  34437
28.682663289 9724742548 8805614 113313  40266
28.694650845 9728792526 4049978 103880  20077
28.705649564 9737062486 8269960 113315  37454
28.717649778 9745110975 8048489 103888  40265
28.728649616 9749498574 4387599 113328  22650
28.740652624 9751708110 2209536 103886  87957
28.751661059 9753807774 2099664 103888  94242
28.762663008 9756126263 2318489 103870  103671
28.773650767 9763930951 7804688 103874  37885
28.784649056 9770966412 7035461 103876  30731
28.795648685 9778279109 7312697 113315  31615
28.807650962 9784285891 6006782 103877  29103
28.818649204 9791111921 6826030 113333  30340
28.830662721 9800595866 9483945 103879  45703
28.841648557 9802944297 2348431 113343  16666
28.853649570 9806183397 3239100 103874  85573
28.864663556 9815270884 9087487 113315  41440
28.876647502 9822844501 7573617 103887  34708
28.887651194 9827677340 4832839 113329  28186
28.899660702 9835640497 7963157 103855  40665
28.910663767 9843095338 7454841 103882  34184
28.921651377 9849988494 6893156 113331  28688
28.933650203 9852147201 2158707 103906  44733
28.944662535 9854247089 2099888 103895  88216
28.955650908 9856565992 2318903 103872  103673
28.966660607 9858620853 2054861 103873  85470
28.977661959 9860938943 2318090 103859  103645
28.988661118 9863257880 2318937 103887  103687
28.999649204 9865576145 2318265 103860  103668
29.010649072 9867359515 1783370 103901  82159
29.021650314 9869678228 2318713 103877  103663
29.032662607 9871996493 2318265 103872  103649
29.043658460 9874314310 2317817 103852  103641
29.054662312 9876632351 2318041 103861  103652
29.065647654 9878951064 2318713 103878  103683
29.076650227 9881268909 2317845 103860  103644
29.087661489 9883586923 2318014 103855  103652
29.098649058 9885002957 1416034 103881  80261
29.109649003 9887143029 2140072 103893  103686
29.120649823 9889462227 2319198 103898  103703
29.131651118 9891781388 2319161 103893  103705
29.142660820 9894099843 2318455 103861  103663
29.153662300 9896418814 2318971 103888  103703
29.164660079 9898738200 2319386 103894  103711
29.175649641 9901057361 2319161 103896  103702
29.186658337 9903376298 2318937 103878  103695
29.197649236 9905695011 2318713 103875  103684
29.208661804 9908014173 2319162 103889  103702
29.219649167 9910332853 2318680 103868  103673
29.230661156 9912651600 2318747 103884  103691
29.241662225 9914970537 2318937 103884  103695
29.252651141 9917289922 2319385 103900  103714
29.263662723 9919609262 2319340 103887  103708
29.274662896 9920895770 1286508 113340  90663
29.286662522 9922289416 1393646 103864  103635
29.297661299 9924607547 2318131 103862  103634
29.308662181 9926925812 2318265 103862  103642
29.319661179 9929244301 2318489 103874  103586
29.330647649 9931562760 2318459 103866  103562
29.341670291 9933881055 2318295 103866  103573
29.352649287 9936199734 2318679 103871  103538
29.363660886 9938518258 2318524 103878  103543
29.374662616 9940837142 2318884 103876  103563
29.385649758 9943155684 2318542 103874  103560
29.396660867 9945474845 2319161 103905  103677
29.407663536 9947793334 2318489 103875  103653
29.418662339 9950111553 2318219 103853  103650
29.429649144 9952430354 2318801 103880  103693
29.440649407 9954749249 2318895 103883  103693
29.451649249 9957068228 2318979 103882  103693
29.462650021 9959388002 2319774 103880  103726
29.473648744 9961707998 2319996 103882  103731
29.484671020 9964027995 2319997 103875  103730
29.495650639 9966348440 2320445 103911  103733
29.506649328 9968668176 2319736 103866  103695
29.517649517 9970987762 2319586 103889  103710
29.528648156 9973307759 2319997 103886  103717
29.539649522 9975627308 2319549 103874  103701
29.550648478 9977947082 2319774 103877  103717
29.561651487 9980266855 2319773 103882  103708
29.572649346 9982586852 2319997 103874  103712
29.583662138 9984907074 2320222 103878  103742
29.594648810 9987226846 2319772 103873  103718
29.605663047 9989546395 2319549 103868  103694
29.616662090 9991719456 2173061 113332  91203
29.628674780 9992678662 959206 113317  112520
29.640651157 9993637881 959219 113328  113041
29.652660783 9994537777 899896 64908  64555
29.663664766 9995924494 1386717 11956  11750
29.674654065 9997311079 1386585 11957  11753
29.685667974 9998697762 1386683 11951  11662
29.696655100 10000084479 1386717 11943  11653
29.707671539 10001471091 1386612 11957  11653
29.718668688 10002857688 1386597 11951  11619
29.729656313 10004244405 1386717 11956  11640
29.740657273 10005631151 1386746 11942  11634
29.751669016 10007017883 1386732 11948  11734
29.762670511 10008404630 1386747 11949  11756
29.773666388 10009791349 1386719 11952  11774
29.784669266 10011178063 1386714 11942  11777
29.795669492 10012564810 1386747 11953  11775
29.806655301 10013951527 1386717 11951  11777
29.817670567 10015338274 1386747 11955  11776
29.828671690 10016725005 1386731 11945  11775
29.839672668 10018111737 1386732 11951  11777
29.850659268 10019498546 1386809 11953  11780
29.861657050 10020885201 1386655 11955  11779
29.872658332 10022271947 1386746 11950  11779
29.883659745 10023658679 1386732 11953  11777
29.894671584 10025045305 1386626 11953  11779
29.905657233 10026432025 1386720 11949  11778
29.916669906 10027818727 1386702 11946  11781
29.927678985 10029205248 1386521 11952  11774
29.938658584 10030591992 1386744 11951  11778
29.949657563 10031978604 1386612 11946  11772
29.960670045 10033365195 1386591 11939  11775
29.971670145 10034751933 1386738 11948  11773
29.982658237 10036138650 1386717 11951  11777
29.993659216 10037525369 1386719 11952  11779
30.004671182 10038912128 1386759 11945  11778
30.015658587 10040298817 1386689 11952  11778
30.026663574 10041685339 1386522 11945  11774
30.037672899 10043072071 1386732 11951  11780
30.048657799 10044458800 1386729 11949  11778
30.059657817 10045845547 1386747 11951  11779
30.070668153 10047232221 1386674 11956  11776
30.081660742 10048618891 1386670 11954  11776
30.092659468 10050005576 1386685 11938  11776
30.103672944 10051392311 1386735 11949  11777
30.114668924 10052778831 1386520 11951  11774
30.125658902 10054165452 1386621 11955  11778
30.136657651 10055812821 1647369 66645  48788
30.147660401 10058334056 2521235 103909  74523
30.158651056 10060850317 2516261 103921  74385
30.169678332 10063375866 2525549 103907  74666
30.180665858 10065902728 2526862 103923  74617
30.191665461 10068420212 2517484 103900  74307
30.202676016 10070942355 2522143 103918  74492
30.213673861 10073464945 2522590 103904  74503
30.224678441 10075983272 2518327 103915  74334
30.235679584 10078504903 2521631 103911  74426
30.246665869 10081025043 2520140 103910  74444
30.257677212 10083530423 2505380 103914  73966
30.268679539 10086055993 2525570 103899  74659
30.279664011 10088581103 2525110 103916  74621
30.290667534 10091101946 2520843 103905  74525
30.301664802 10093620111 2518165 103920  74441
30.312662685 10096140906 2520795 103907  74504
30.323676707 10098655446 2514540 103909  74300
30.334677360 10101168201 2512755 103902  74266
30.345664776 10103688358 2520157 103917  74485
30.356675482 10106209585 2521227 103915  74539
30.367677698 10108726467 2516882 103913  74412
30.378677044 10111243015 2516548 103924  74399
30.389664466 10113754552 2511537 103912  74228
30.400677712 10116273891 2519339 103916  74460
30.411678085 10118790404 2516513 103910  74380
30.422665454 10121311472 2521068 103916  74526
30.433679000 10123830808 2519336 103905  74486
30.444679195 10126351464 2520656 103912  74506
30.455664375 10128861187 2509723 103917  74186
30.466674644 10131378515 2517328 103913  74400
30.477661707 10133899111 2520596 103917  74511
30.488677506 10136424736 2525625 103907  74711
30.499676969 10138946638 2521902 103922  74559
30.510687985 10141469633 2522995 103906  74574
30.521665361 10143983242 2513609 103916  74305
30.532677023 10146508204 2524962 103896  74664
30.543664663 10149034697 2526493 103917  74657
30.554664798 10151557097 2522400 103906  74548
30.565679058 10154082221 2525124 103908  74644
30.576676600 10156607615 2525394 103916  74626
30.587666253 10159127219 2519604 103914  74467
30.598663908 10161649280 2522061 103921  74584
30.609665874 10164167691 2518411 103903  74433
30.620663240 10166689799 2522108 103924  74549
30.631665429 10169213984 2524185 103913  74613
30.642678529 10171732871 2518887 103909  74477
30.653674234 10174249498 2516627 103917  74383
30.664665817 10176770982 2521484 103910  74514
30.675678449 10179295470 2524488 103912  74615
30.686665852 10181819478 2524008 103914  74619
30.697660382 10184338789 2519311 103919  74448
30.708675311 10186864061 2525272 103902  74653
30.719676470 10189380083 2516022 103919  74372
30.730665469 10191898525 2518442 103907  74456
30.741677275 10194417560 2519035 103918  74455
30.752675585 10196939672 2522112 103904  74558
30.763664530 10199462712 2523040 103907  74613
30.774671737 10201973299 2510587 103914  74210
30.785675952 10204493851 2520552 103911  74484
30.796673938 10207018470 2524619 103915  74619
30.807659894 10207694507 676037 113333  111321
30.819671484 10208260213 565706 113312  113152
30.831667618 10208826064 565851 113331  113165
30.843650901 10209391855 565791 113336  113172
30.855662959 10209957686 565831 113333  113172
30.867661309 10210523492 565806 113334  113168
30.879649832 10211089328 565836 113343  113176
30.891649410 10211655129 565801 113333  113168
30.903648107 10212190130 535001 103890  103677
30.914662097 10214706964 2516834 103882  62805
30.925648909 10217094089 2387125 113366  87315
30.937667926 10217886146 792057 113335  112412
30.949659270 10218677839 791693 113335  113085
30.961657696 10219469840 792001 113324  113163
30.973656170 10220261470 791630 113315  113150
30.985671784 10221053051 791581 113322  113163
30.997661514 10221845094 792043 113329  113171
31.009662911 10222636759 791665 113341  113170
31.021677202 10223428907 792148 113335  113173
31.033677779 10224220537 791630 113331  113171
31.045663299 10225012482 791945 113329  113167
31.057663550 10225804091 791609 113324  113158
31.069672136 10226595602 791511 113332  113175
31.081677947 10227387638 792036 113337  113172
31.093678831 10228179247 791609 113320  113155
31.105663320 10228971304 792057 113337  113176
31.117671844 10229762913 791609 113333  113168
31.129666528 10230555001 792088 113332  113166
31.141657349 10231346621 791620 113322  113163
31.153675356 10232138370 791749 113333  113167
31.165660799 10232930385 792015 113332  113167
31.177662343 10233722183 791798 113351  113181
31.189660471 10234514156 791973 113325  113162
31.201663580 10235305779 791623 113323  113162
31.213663214 10236097850 792071 113324  113163
31.225671612 10236889508 791658 113315  113159
31.237673432 10237681215 791707 113327  113169
31.249658625 10238473034 791819 113330  113164
31.261674296 10239264629 791595 113331  113166
31.273680227 10240056595 791966 113330  113164
31.285670971 10240848183 791588 113329  113167
31.297659737 10241640149 791966 113321  113161
31.309669984 10242431772 791623 113321  113158
31.321670872 10243223976 792204 113336  113175
31.333673986 10244015669 791693 113329  113172
31.345672016 10244807159 791490 113322  113159
31.357673616 10245599251 792092 113323  113168
31.369672264 10246264923 665672 113323  112224
31.381671014 10246944027 679104 113336  112726
31.393654251 10247623124 679097 113317  112909
31.405650515 10248302122 678998 113323  112962
31.417662923 10248981195 679073 113344  112973
31.429659362 10249660034 678839 113322  112932
31.441664220 10250339142 679108 113345  112994
31.453648870 10251018242 679100 113331  112966
31.465663754 10251697474 679232 113339  112985
31.477662815 10252376559 679085 113318  112968
31.489651029 10253055506 678947 113324  112949
31.501649539 10253734408 678902 113340  112947
31.513650549 10254413451 679043 113340  112967
31.525649267 10255092578 679127 113348  112978
31.537649137 10255771609 679031 113330  112979
31.549651055 10256450646 679037 113332  112968
31.561662689 10257129917 679271 113337  112979
31.573663116 10257808750 678833 113322  112946
31.585659016 10258487848 679098 113338  112980
31.597664386 10259166870 679022 113313  112967
31.609662974 10259845852 678982 113325  112978
31.621659944 10260524731 678879 113312  112948
31.633651015 10261203920 679189 113339  112990
31.645650385 10261882690 678770 113321  112939
31.657650396 10262561970 679280 113343  113006
31.669650913 10263241096 679126 113335  112987
31.681663930 10263920095 678999 113330  112976
31.693661971 10264599153 679058 113325  112974
31.705662031 10265278290 679137 113338  112999
31.717662165 10265957025 678735 113328  112936
31.729661692 10266636017 678992 113336  112963
31.741763824 10267315077 679060 113329  112995
31.753658706 10267994004 678927 113319  112966
31.765651310 10268673211 679207 113329  112983
31.777648717 10269352203 678992 113339  112983
31.789650275 10270031168 678965 113320  112953
31.801664895 10270664511 633343 103892  103492
31.812667461 10271456554 792043 113331  113133
31.824667112 10272247876 791322 113305  113130
31.836668056 10273039877 792001 113329  113172
31.848670990 10273831342 791465 113319  113153
31.860654753 10274622990 791648 113328  113164
31.872658987 10275414900 791910 113322  113163
31.884672707 10276206467 791567 113327  113166
31.896659455 10276998552 792085 113322  113163
31.908683605 10277790294 791742 113343  113182
31.920676486 10278582463 792169 113340  113182
31.932659702 10279373925 791462 113315  113151
31.944654760 10280165618 791693 113335  113167
31.956670601 10280957542 791924 113311  113152
31.968672818 10281749165 791623 113329  113169
31.980659828 10282541166 792001 113333  113172
31.992662582 10283332747 791581 113322  113163
32.004663286 10284124825 792078 113317  113161
32.016662486 10284916462 791637 113337  113177
32.028656347 10285708106 791644 113326  113158
32.040668611 10286500226 792120 113330  113163
32.052660275 10287291968 791742 113335  113170
32.064684845 10288083927 791959 113314  113151
32.076663203 10288875459 791532 113311  113155
32.088663013 10289667530 792071 113332  113166
32.100662653 10290459223 791693 113313  113149
32.112666570 10291250699 791476 113307  113150
32.124668571 10292042896 792197 113332  113166
32.136655798 10292834547 791651 113338  113174
32.148679202 10293626401 791854 113313  113153
32.160671196 10294417884 791483 113312  113152
32.172670859 10295209955 792071 113330  113162
32.184657440 10296001788 791833 113353  113193
32.196666757 10296793453 791665 113320  113155
32.208668141 10297585363 791910 113330  113167
32.220654448 10298376979 791616 113323  113159
32.232663392 10299168973 791994 113325  113162
32.244670880 10299846000 677027 113347  112262
32.256667446 10300525104 679104 113352  112700
32.268651044 10301204435 679331 113338  112910
32.280648698 10301883625 679190 113331  112973
32.292661002 10302562506 678881 113327  112926
32.304661796 10303241723 679217 113329  112979
32.316648160 10303920873 679150 113326  112984
32.328647450 10304600090 679217 113338  112981
32.340661771 10305279223 679133 113323  112967
32.352662198 10305958196 678973 113339  112974
32.364647641 10306636985 678789 113314  112895
32.376661380 10307316028 679043 113343  112975
32.388671327 10307994786 678758 113318  112938
32.400662484 10308673937 679151 113336  112970
32.412649344 10309353031 679094 113342  112978
32.424650775 10310032095 679064 113333  112970
32.436649012 10310711084 678989 113327  112944
32.448662413 10311390145 679061 113337  112975
32.460649463 10312069050 678905 113322  112945
32.472649217 10312748205 679155 113337  112985
32.484662285 10313427157 678952 113332  112988
32.496662085 10314106228 679071 113338  112975
32.508648233 10314785044 678816 113327  112940
32.520649957 10315463889 678845 113332  112957
32.532662241 10316143029 679140 113334  112980
32.544664841 10316822053 679024 113337  112990
32.556650675 10317500974 678921 113332  112968
32.568650339 10318180074 679100 113331  112978
32.580664580 10318858965 678891 113324  112962
32.592662581 10319538018 679053 113335  112976
32.604650721 10320217046 679028 113320  112967
32.616649209 10320896058 679012 113328  112985
32.628661686 10321575228 679170 113337  112978
32.640663153 10322254102 678874 113330  112971
32.652649267 10322932789 678687 113317  112917
32.664648584 10323611897 679108 113337  112984
32.676662535 10324262516 650619 107885  107413
32.701139708 10324263703 1187 56  0
32.718047484 10324265022 1319 93  5
32.731927222 10324266209 1187 54  0
32.749015286 10324267396 1187 55  0
32.757555898 10324270675 3279 211  40
