0.010098971 62910073 62910073 8988  88
0.025747340 148141290 85231217 311  41
0.041687385 196035162 47893872 19224  2596
0.053408728 197049814 1014652 93375  23662
0.064411609 199561262 2511448 113336  46827
0.076423740 202159691 2598429 113331  43481
0.088407178 204833687 2673996 113354  37505
0.100406182 207432447 2598760 113327  35249
0.112416623 210039933 2607486 113324  35037
0.124404354 212646966 2607033 113324  33154
0.136418555 215250796 2603830 113330  32715
0.148419279 217915730 2664934 113341  31842
0.160420707 220520382 2604652 113318  32429
0.172403837 223123574 2603192 113326  31991
0.184430719 225731743 2608169 113315  31884
0.196406603 228389082 2657339 113330  30935
0.208404564 230983675 2594593 113318  31369
0.220420652 233590451 2606776 113344  31898
0.232416779 236251535 2661084 113335  30164
0.244405129 238845496 2593961 113326  29680
0.256420551 241441778 2596282 113331  29695
0.268421158 244035843 2594065 113345  30559
0.280406593 246702352 2666509 113315  30135
0.292415220 249336929 2634577 113332  31169
0.304417328 251963740 2626811 113332  31208
0.316404498 254641252 2677512 113328  30183
0.328409050 257265178 2623926 113334  31588
0.340427584 259886085 2620907 113340  30075
0.352408598 262561701 2675616 113329  29600
0.364420822 265175473 2613772 113335  29835
0.376416593 267792065 2616592 113329  30979
0.388406301 270460774 2668709 113344  30094
0.400406865 273070710 2609936 113332  30416
0.412417376 275692601 2621891 113323  30499
0.424419980 278345194 2652593 113342  30672
0.436406868 280956561 2611367 113328  32590
0.448419562 283623237 2666676 113349  30563
0.460405923 286229852 2606615 113315  30045
0.472405370 288831683 2601831 113328  29907
0.484417558 291487315 2655632 113318  29970
0.496428532 294093719 2606404 113331  30681
0.508406500 296749762 2656043 113332  29386
0.520416575 299345807 2596045 113316  29518
0.532408521 301940687 2594880 113324  29519
0.544404506 304583108 2642421 113316  29911
0.556408563 307186339 2603231 113318  30194
0.568420507 309847236 2660897 113327  29878
0.580406879 312452116 2604880 113329  30573
0.592417770 315109895 2657779 113333  30252
0.604416937 317706639 2596744 113328  31583
0.616420241 320362390 2655751 113327  30701
0.628418003 322957121 2594731 113322  31326
0.640407477 325556771 2599650 113351  30719
0.652414164 328193289 2636518 113318  30617
0.664406878 330816586 2623297 113329  31278
0.676418539 333429948 2613362 113328  29523
0.688407897 336018685 2588737 113329  30055
0.700406361 338656086 2637401 113318  29846
0.712417492 341245369 2589283 113318  30920
0.724407482 343886284 2640915 113324  30726
0.736405434 346471392 2585108 113330  30217
0.748419885 349105339 2633947 113324  29819
0.760407015 351684662 2579323 113323  29874
0.772406996 354315847 2631185 113327  29944
0.784417791 356953825 2637978 113331  30196
0.796404615 359530555 2576730 113332  30972
0.808403792 362159926 2629371 113320  30907
0.820426697 364734394 2574468 113339  30509
0.832418871 367374744 2640350 113328  31145
0.844405525 369984526 2609782 113318  30207
0.856418906 372642033 2657507 113339  30216
0.868408231 375294845 2652812 113339  30190
0.880405165 377888307 2593462 113329  30468
0.892418079 380542317 2654010 113335  31161
0.904416106 383137647 2595330 113335  30539
0.916407868 385787655 2650008 113327  30465
0.928419119 388433163 2645508 113328  29909
0.940416616 391022752 2589589 113327  31288
0.952415700 393665094 2642342 113338  30708
0.964416021 396306308 2641214 113318  29842
0.976426609 398894992 2588684 113327  30079
0.988407436 401533091 2638099 113324  29402
1.000407437 404175079 2641988 113325  31285
1.012418438 406756307 2581228 113309  30485
1.024406876 409390617 2634310 113323  29641
1.036421090 412027527 2636910 113335  29769
1.048416524 414604827 2577300 113325  29846
1.060407341 417236062 2631235 113317  30177
1.072406326 419865538 2629476 113321  30152
1.084419240 422447567 2582029 113324  29879
1.096406174 425067321 2619754 113326  30528
1.108406105 427702409 2635088 113329  30387
1.120415800 430341887 2639478 113314  30786
1.132412677 432919760 2577873 113321  30494
1.144407291 435552718 2632958 113335  29934
1.156421283 438183670 2630952 113327  30102
1.168418090 440814886 2631216 113326  29978
1.180403334 443389236 2574350 113332  30440
1.192420145 446011850 2622614 113333  30073
1.204400026 448632667 2620817 113338  30661
1.216405371 451259228 2626561 113336  31250
1.228421128 453818121 2558893 113323  30345
1.240420775 456439255 2621134 113331  30504
1.252408206 459060069 2620814 113335  30254
1.264417748 461682417 2622348 113332  29819
1.276416385 464248511 2566094 113332  30054
1.288412059 466857358 2608847 113319  29547
1.300418146 469471063 2613705 113330  31060
1.312416908 472085721 2614658 113326  30524
1.324406355 474700379 2614658 113337  29899
1.336403636 477255449 2555070 113322  30219
1.348416467 479855489 2600040 113331  29598
1.360405255 482451925 2596436 113332  30296
1.372421859 485110036 2658111 113326  30113
1.384416513 487808391 2698355 113345  29557
1.396405700 490518459 2710068 113334  30312
1.408404711 493163859 2645400 113333  30603
1.420405709 495865902 2702043 113347  31256
1.432406633 498566374 2700472 113318  30926
1.444405008 501267465 2701091 113338  29976
1.456427959 503966466 2699001 113333  30797
1.468406116 506660387 2693921 113322  30626
1.480405240 509351569 2691182 113331  30876
1.492417432 512043319 2691750 113329  30897
1.504407036 514737800 2694481 113326  30595
1.516421987 517434851 2697051 113321  30896
1.528417194 520066918 2632067 113327  30485
1.540407528 522755303 2688385 113333  31329
1.552405250 525440059 2684756 113328  31117
1.564416767 528125447 2685388 113333  30176
1.576417834 530811659 2686212 113333  30303
1.588419198 533488528 2676869 113324  30013
1.600409563 536171195 2682667 113321  31095
1.612416657 538848381 2677186 113339  31735
1.624418669 541520239 2671858 113320  30670
1.636417179 544197024 2676785 113322  30732
1.648419517 546880284 2683260 113329  30194
1.660406111 549562229 2681945 113322  30653
1.672420589 552249724 2687495 113334  31157
1.684405996 554930623 2680899 113333  29732
1.696413037 557607305 2676682 113318  30317
1.708404998 560281103 2673798 113332  30532
1.720417325 562952386 2671283 113323  30123
1.732407710 565628367 2675981 113321  30928
1.744403303 568297188 2668821 113333  30068
1.756405068 570967624 2670436 113338  30660
1.768427496 573632554 2664930 113319  30312
1.780404854 576297519 2664965 113321  30063
1.792417948 578967816 2670297 113325  30647
1.804404949 581675724 2707908 113320  31386
1.816409709 584355233 2679509 113330  31882
1.828405984 587017571 2662338 113324  31159
1.840409748 589672760 2655189 113320  30406
1.852419886 592331405 2658645 113325  31368
1.864418913 594993008 2661603 113327  31096
1.876418128 597649635 2656627 113319  30266
1.888416902 600307271 2657636 113329  30847
1.900417586 602961207 2653936 113319  30670
1.912406443 605631014 2669807 113330  30334
1.924426812 608375156 2744142 113319  31892
1.936404502 611052526 2677370 113325  30650
1.948416353 613732446 2679920 113319  30583
1.960417908 616408813 2676367 113336  30264
1.972404748 619080553 2671740 113333  30283
1.984418546 621754456 2673903 113329  30627
1.996419170 624427132 2672676 113329  30597
2.008417575 627152943 2725811 113334  29930
2.020405932 629820376 2667433 113341  30854
2.032410333 632481798 2661422 113324  30109
2.044416857 635151464 2669666 113337  31016
2.056404628 637819885 2668421 113321  31037
2.068404089 640539194 2719309 113336  29880
2.080417633 643200476 2661282 113331  30161
2.092429074 645860297 2659821 113328  30289
2.104416836 648518500 2658203 113340  30309
2.116403093 651236874 2718374 113332  31550
2.128405787 653888631 2651757 113316  30844
2.140416341 656544432 2655801 113328  30601
2.152407202 659199845 2655413 113348  30817
2.164407213 661904112 2704267 113346  30024
2.176410704 664560274 2656162 113325  30883
2.188420525 667223054 2662780 113330  30972
2.200420863 669883408 2660354 113342  30514
2.212407877 672599211 2715803 113347  30943
2.224417101 675250627 2651416 113341  30743
2.236419996 677905626 2654999 113322  30534
2.248413883 680616757 2711131 113327  31071
2.260411117 683263824 2647067 113334  30861
2.272406448 685912743 2648919 113320  30519
2.284419603 688616979 2704236 113323  30456
2.296417867 691256055 2639076 113321  30635
2.308405601 693903152 2647097 113326  31442
2.320416895 696606636 2703484 113336  31992
2.332418483 699251674 2645038 113337  30719
2.344409244 701892353 2640679 113326  31279
2.356419505 704585682 2693329 113342  31170
2.368423362 707222856 2637174 113330  30722
2.380420336 709862688 2639832 113310  31436
2.392404808 712551442 2688754 113340  30904
2.404413508 715189017 2637575 113318  30874
2.416418689 717875881 2686864 113329  30912
2.428404956 720511098 2635217 113335  30908
2.440405901 723182591 2671493 113329  31149
2.452421272 725939018 2756427 113332  31243
2.464407266 728638995 2699977 113327  30668
2.476416840 731393259 2754264 113323  31293
2.488406918 734082553 2689294 113334  31299
2.500407029 736777894 2695341 113313  30874
2.512418577 739522211 2744317 113323  31201
2.524408550 742215071 2692860 113327  31597
2.536405242 744956140 2741069 113348  30289
2.548406486 747642522 2686382 113330  30944
2.560424028 750379905 2737383 113323  30541
2.572409998 753061785 2681880 113317  30574
2.584418902 755803487 2741702 113343  31064
2.596419116 758487833 2684346 113321  31117
2.608420474 761223136 2735303 113321  30499
2.620421242 763902547 2679411 113329  31541
2.632418186 766632045 2729498 113334  31278
2.644405187 769307053 2675008 113317  31297
2.656416034 772034479 2727426 113318  31779
2.668416259 774708491 2674012 113323  31957
2.680408173 777432294 2723803 113334  31269
2.692417934 780103170 2670876 113328  31346
2.704416931 782834266 2731096 113318  30690
2.716403856 785538252 2703986 113328  31242
2.728414987 788246389 2708137 113317  32413
2.740409857 790975900 2729511 113322  31739
2.752420882 793646481 2670581 113344  31442
2.764406283 796373614 2727133 113318  31263
2.776420604 799044219 2670605 113333  31001
2.788408321 801763328 2719109 113319  31225
2.800406435 804486809 2723481 113333  32391
2.812417980 807150613 2663804 113322  31192
2.824405487 809865200 2714587 113325  30998
2.836405691 812590810 2725610 113328  31685
2.848417030 815248735 2657925 113328  31110
2.860418974 817962797 2714062 113324  31613
2.872418361 820635516 2672719 113334  31790
2.884415203 823335939 2700423 113332  30732
2.896419250 826048726 2712787 113319  30999
2.908417224 828724854 2676128 113329  31237
2.920406901 831411370 2686516 113310  31360
2.932418756 834115233 2703863 113335  32231
2.944406820 836823344 2708111 113334  32224
2.956415914 839484811 2661467 113336  31111
2.968421695 842223718 2738907 113319  31159
2.980398329 844961392 2737674 113342  31313
2.992421214 847636372 2674980 113330  31073
3.004416921 850360847 2724475 113314  31250
3.016403222 853092338 2731491 113332  31945
3.028420933 855823430 2731092 113319  31822
3.040415641 858489277 2665847 113321  31728
3.052417475 861214727 2725450 113326  31482
3.064404349 863934753 2720026 113331  31019
3.076405706 866651086 2716333 113324  31236
3.088416871 869319511 2668425 113325  31803
3.100405375 872043112 2723601 113333  31227
3.112419494 874762449 2719337 113349  31128
3.124421711 877480656 2718207 113328  31725
3.136404775 880155328 2674672 113303  31861
3.148416726 882854992 2699664 113358  31286
3.160408070 885567789 2712797 113325  31808
3.172405047 888278020 2710231 113334  31428
3.184416605 890989775 2711755 113316  31139
3.196429083 893699206 2709431 113313  31183
3.208421508 896351324 2652118 113335  31330
3.220406965 899060445 2709121 113328  31671
3.232418146 901780240 2719795 113314  32414
3.244420303 904499033 2718793 113350  32186
3.256406118 907210981 2711948 113336  31338
3.268420835 909919236 2708255 113331  31427
3.280406349 912631057 2711821 113333  31533
3.292419670 915284453 2653396 113327  31681
3.304420275 917991771 2707318 113330  32484
3.316404812 920697887 2706116 113319  32517
3.328419147 923396937 2699050 113324  32107
3.340418791 926096774 2699837 113316  32178
3.352407202 928799488 2702714 113327  31983
3.364417009 933559666 4760178 113316  24431
3.376404840 940694913 7135247 103867  10716
3.387415168 948168452 7473539 113304  12270
3.399404596 955372341 7203889 103871  13954
3.410416391 962579972 7207631 103867  10879
3.421416429 969995037 7415065 113301  12677
3.433403886 977216778 7221741 103873  11654
3.444405218 984413773 7196995 103869  11530
3.455419696 991552254 7138481 103858  10768
3.466415297 999034639 7482385 113307  11774
3.478402838 1006270944 7236305 103863  10808
3.489415770 1013440909 7169965 103870  10841
3.500420181 1020864082 7423173 113309  11035
3.512414442 1028074232 7210150 103874  10381
3.523403547 1035265132 7190900 103859  10878
3.534403801 1042293885 7028753 103887  10459
3.545416486 1049883016 7589131 113300  11320
3.557402507 1057081167 7198151 103869  10407
3.568422369 1064221877 7140710 103868  11170
3.579419040 1071676860 7454983 113309  10551
3.591419621 1078868761 7191901 103861  9664
3.602407382 1085976344 7107583 103854  11050
3.613422017 1093458109 7481765 113309  11374
3.625417741 1100661090 7202981 103858  9524
3.636403539 1107785040 7123950 103864  11013
3.647415604 1115229873 7444833 113314  11804
3.659416935 1122448971 7219098 103861  10174
3.670421073 1129632293 7183322 103872  10040
3.681419758 1136555250 6922957 103862  10874
3.692406466 1143570634 7015384 103865  11296
3.703405924 1150592905 7022271 103870  10266
3.714414672 1157773899 7180994 103876  10890
3.725419620 1165279632 7505733 113303  12131
3.737402937 1172622746 7343114 103865  10299
3.748416006 1179891967 7269221 103872  10541
3.759419108 1187422060 7530093 113301  11695
3.771418885 1194712821 7290761 103866  10809
3.782416363 1202251934 7539113 113309  11685
3.794415414 1209571630 7319696 103871  9565
3.805404942 1216680545 7108915 103854  11291
3.816412727 1224365006 7684461 113306  11882
3.828420938 1231658038 7293032 103864  10921
3.839405169 1239174492 7516454 113305  12270
3.851419640 1246469219 7294727 103857  10953
3.862418288 1253985904 7516685 113307  12610
3.874416290 1261312468 7326564 103858  9650
3.885415424 1268584307 7271839 103858  10246
3.896404532 1276099638 7515331 113306  11855
3.908420920 1283406613 7306975 103877  9913
3.919405371 1290459757 7053144 103870  10411
3.930408439 1298220396 7760639 113310  11052
3.942415644 1305452120 7231724 103867  11002
3.953415588 1313028322 7576202 113301  11478
3.965425106 1320320599 7292277 103862  9626
3.976407627 1327830026 7509427 113309  11752
3.988418701 1335146597 7316571 103873  10138
3.999416719 1342386234 7239637 103864  9713
4.010413954 1349940080 7553846 113305  11233
4.022402398 1357231153 7291073 103868  10230
4.033415017 1364748605 7517452 113300  11685
4.045418794 1372076004 7327399 103876  9693
4.056407022 1379347832 7271828 103859  10212
4.067408400 1386871926 7524094 113311  11785
4.079419291 1394222182 7350256 103877  9917
4.090420340 1401524890 7302708 103877  9565
4.101419654 1409027866 7502976 113315  11625
4.113424722 1416356984 7329118 103881  10075
4.124418683 1423672236 7315252 103857  9694
4.135405231 1430717453 7045217 103860  10532
4.146408206 1438494880 7777427 113309  11153
4.158415577 1445811249 7316369 103873  10724
4.169416739 1452874046 7062797 103879  9758
4.180417717 1460636216 7762170 113302  10430
4.192415938 1467914471 7278255 103861  10743
4.203404982 1475456797 7542326 113323  11273
4.215409276 1482781102 7324305 103863  9451
4.226404554 1490072188 7291086 103870  10059
4.237416326 1497582174 7509986 113304  11568
4.249419164 1504918991 7336817 103869  10176
4.260426812 1512208077 7289086 103871  9539
4.271415760 1519721124 7513047 113312  11730
4.283408551 1527046969 7325845 103870  10412
4.294404075 1534354208 7307239 103869  9186
4.305403220 1541421138 7066930 103867  10722
4.316416155 1549179586 7758448 113301  11490
4.328409193 1556489630 7310044 103863  9913
4.339419000 1563740035 7250405 103860  10226
4.350414642 1571296746 7556711 113303  11221
4.362406926 1578592069 7295323 103888  10526
4.373407254 1585671400 7079331 103854  10462
4.384409179 1593419145 7747745 113306  10243
4.396419410 1600706668 7287523 103860  10356
4.407411115 1607794603 7087935 103859  10681
4.418427830 1615549771 7755168 113305  10587
4.430415857 1622844476 7294705 103872  9713
4.441406692 1629826506 6982030 103864  10917
4.452407730 1637652113 7825607 113310  11492
4.464410804 1644959104 7306991 103869  9297
4.475416720 1652101623 7142519 103864  10262
4.486403737 1659775915 7674292 113306  11523
4.498417435 1667083087 7307172 103867  9597
4.509414790 1674301403 7218316 103866  9967
4.520408524 1681869599 7568196 113307  10823
4.532407705 1689163375 7293776 103861  10226
4.543420950 1696328734 7165359 103862  10515
4.554415479 1703987041 7658307 113304  10526
4.566427476 1711273081 7286040 103863  10359
4.577416574 1718428178 7155097 103870  11011
4.588403369 1726099591 7671413 113324  10319
4.600408169 1733393805 7294214 103870  9803
4.611420197 1740541430 7147625 103868  10807
4.622411655 1748198234 7656804 113306  11221
4.634418473 1755495628 7297394 103860  9656
4.645407525 1762479659 6984031 103870  10803
4.656415953 1770283244 7803585 113306  11958
4.668415644 1777592298 7309054 103868  9929
4.679405485 1784837433 7245135 103868  10122
4.690415123 1792373017 7535584 113312  11644
4.702420551 1799663663 7290646 103867  10258
4.713426873 1806820163 7156500 103863  10178
4.724418134 1814485031 7664868 113300  11034
4.736397818 1821777462 7292431 103859  10162
4.747404533 1829012996 7235534 103858  11025
4.758407337 1836603897 7590901 113307  10458
4.770420676 1843896779 7292882 103869  9637
4.781417779 1851113631 7216852 103863  10938
4.792419842 1858704534 7590903 113306  11270
4.804407699 1866013973 7309439 103868  9607
4.815407417 1873206831 7192858 103869  10785
4.826403762 1880806833 7600002 113314  11486
4.838404156 1888139685 7332852 103859  9706
4.849419311 1895371291 7231606 103865  9947
4.860429079 1902899416 7528125 113305  11426
4.872417547 1910194567 7295151 103868  10230
4.883408258 1917451618 7257051 103861  9699
4.894408666 1924993589 7541971 113301  11013
4.906402797 1932273489 7279900 103869  10014
4.917406301 1939438902 7165413 103865  10326
4.928414809 1947092645 7653743 113314  10427
4.940406044 1954375865 7283220 103871  9560
4.951407122 1961679727 7303862 103862  10765
4.962403887 1969200144 7520417 113311  11125
4.974405758 1976493844 7293700 103863  9337
4.985402996 1983668541 7174697 103854  10790
4.996404220 1991266259 7597718 113313  11459
5.008418355 1998581417 7315158 103858  9308
5.019430883 2005811839 7230422 103866  10298
5.030410675 2013344342 7532503 113311  11292
5.042404219 2020683409 7339067 103863  10377
5.053408227 2027936176 7252767 103863  9823
5.064403635 2035437370 7501194 113303  10928
5.076408289 2042743199 7305829 103868  10164
5.087415551 2050032718 7289519 103864  10531
5.098422499 2057548840 7516122 113306  10621
5.110403156 2064850962 7302122 103869  9876
5.121404341 2072140256 7289294 103861  10352
5.132406529 2079363295 7223039 103866  10344
5.143404064 2086946160 7582865 113310  10257
5.155418002 2094222903 7276743 103862  9986
5.166424190 2101428502 7205599 103866  10896
5.177424435 2109027898 7599396 113329  10347
5.189405189 2116295958 7268060 103866  9811
5.200407680 2123445897 7149939 103865  10595
5.211415948 2131084621 7638724 113307  11037
5.223404463 2138377409 7292788 103875  9186
5.234420261 2145489879 7112470 103855  10198
5.245419672 2153153765 7663886 113307  11517
5.257420300 2160444776 7291011 103864  9663
5.268406518 2167662624 7217848 103863  9871
5.279418869 2175200600 7537976 113315  11558
5.291406863 2182482691 7282091 103869  10160
5.302403434 2189699411 7216720 103866  10283
5.313424850 2197273013 7573602 113307  11058
5.325416097 2204548508 7275495 103865  10117
5.336419745 2211747758 7199250 103857  10802
5.347408047 2219346197 7598439 113313  10256
5.359418171 2226613144 7266947 103863  9414
5.370403893 2233766849 7153705 103870  10699
5.381402347 2241407706 7640857 113313  10983
5.393419785 2248695533 7287827 103861  9153
5.404415026 2255788320 7092787 103862  10322
5.415403434 2263464891 7676571 113319  10985
5.427403698 2270765669 7300778 103863  9543
5.438419484 2277943354 7177685 103857  9505
5.449407671 2285508324 7564970 113310  10949
5.461410786 2292792139 7283815 103872  10352
5.472416314 2300029175 7237036 103868  9573
5.483407552 2307570099 7540924 113305  11044
5.495405059 2314833423 7263324 103868  10174
5.506407337 2321973263 7139840 103857  10412
5.517416273 2329630218 7656955 113306  10533
5.529418367 2336885971 7255753 103865  9586
5.540403262 2344082855 7196884 103864  10571
5.551415943 2351672076 7589221 113294  10843
5.563405350 2358949278 7277202 103863  9298
5.574407499 2365962637 7013359 103866  10590
5.585404800 2373708998 7746361 113305  11198
5.597418428 2381017919 7308921 103863  9245
5.608418366 2388218846 7200927 103863  10085
5.619411117 2395741708 7522862 113301  11157
5.631415451 2403050016 7308308 103858  10126
5.642405886 2410281763 7231747 103869  9699
5.653409804 2417791882 7510119 113309  10782
5.665407112 2425082141 7290259 103860  10126
5.676424007 2432306357 7224216 103867  10421
5.687418365 2439836809 7530452 113308  10391
5.699415279 2447098244 7261435 103859  9654
5.710419460 2454342966 7244722 103856  10666
5.721406448 2461883939 7540973 113306  11491
5.733409592 2469142749 7258810 103870  9536
5.744408301 2476227748 7084999 103861  10926
5.755416393 2483885884 7658136 113302  11788
5.767426910 2491170196 7284312 103870  9193
5.778415318 2498339906 7169710 103869  10555
5.789419036 2505912981 7573075 113308  11286
5.801405120 2513184238 7271257 103871  9867
5.812407112 2520382368 7198130 103878  9978
5.823421174 2527919883 7537515 113307  10344
5.835418161 2535191942 7272059 103865  10403
5.846416352 2542354458 7162516 103865  10371
5.857415360 2549965069 7610611 113307  10459
5.869414962 2557217968 7252899 103867  10069
5.880406223 2564344145 7126177 103863  10729
5.891405678 2572005469 7661324 113311  10309
5.903418569 2579284135 7278666 103858  9575
5.914429150 2586764562 7480427 113305  11300
5.926404664 2594081688 7317126 103869  10113
5.937415299 2601374825 7293137 103870  8849
5.948419751 2608487635 7112810 103870  9865
5.959404101 2616167202 7679567 113310  11092
5.971408836 2623477431 7310229 103867  9548
5.982419211 2630720062 7242631 103866  9778
5.993418889 2638242362 7522300 113308  10889
6.005405124 2645527546 7285184 103863  10436
6.016415439 2652778779 7251233 103865  10787
6.027406733 2660329031 7550252 113314  10820
6.039409117 2667597780 7268749 103862  10293
6.050417182 2674785022 7187242 103858  11281
6.061416910 2682427418 7642396 113303  10762
6.073419435 2689694385 7266967 103864  10196
6.084403193 2696834389 7140004 103858  10842
6.095416804 2704472516 7638127 113308  11276
6.107414835 2711765219 7292703 103864  9599
6.118404186 2718922489 7157270 103868  10308
6.129419714 2726547333 7624844 113303  11526
6.141408148 2733845396 7298063 103863  9646
6.152419111 2741088360 7242964 103863  9494
6.163404642 2748606515 7518155 113297  11208
6.175414926 2755891096 7284581 103874  9775
6.186418754 2763199642 7308546 103865  9784
6.197402822 2770694729 7495087 113302  10792
6.209421400 2777993143 7298414 103867  9547
6.220411237 2785290091 7296948 103867  10441
6.231405173 2792467331 7177240 103861  9485
6.242419631 2800067195 7599864 113296  10202
6.254415698 2807358014 7290819 103856  10077
6.265418913 2814551481 7193467 103863  10106
6.276406601 2822131419 7579938 113315  10439
6.288420943 2829388837 7257418 103863  9768
6.299404546 2836616216 7227379 103863  10594
6.310407712 2844209983 7593767 113314  11055
6.322397066 2851499143 7289160 103866  8943
6.333415981 2858754415 7255272 103862  10451
6.344420953 2866263915 7509500 113311  11529
6.356405896 2873570195 7306280 103865  9206
6.367412815 2880832943 7262748 103867  9728
6.378408726 2887936721 7103778 103872  10700
6.389409921 2895612536 7675815 113306  10774
6.401406822 2902901401 7288865 103873  9166
6.412415310 2910026151 7124750 103861  10168
6.423407731 2917647956 7621805 113315  11368
6.435420169 2924953835 7305879 103856  9242
6.446408147 2932214120 7260285 103860  9381
6.457406999 2939705352 7491232 113306  11077
6.469403696 2946997930 7292578 103861  9551
6.480407684 2954281828 7283898 103863  9525
6.491404049 2961212665 6930837 103853  9765
6.502403690 2969056313 7843648 113309  10448
6.514424445 2976344188 7287875 103861  9992
6.525404876 2983499108 7154920 103853  9170
6.536407724 2991098211 7599103 113303  10362
6.548407395 2998376138 7277927 103863  9978
6.559419783 3005586193 7210055 103869  10094
6.570403034 3013149105 7562912 113320  10480
6.582419316 3020405924 7256819 103869  9659
6.593419997 3027689369 7283445 103867  10348
6.604405915 3035215609 7526240 113307  10915
6.616408049 3042497801 7282192 103860  8990
6.627404124 3049746366 7248565 103864  10034
6.638406062 3056859262 7112896 103882  10521
6.649402607 3064536148 7676886 113304  9843
6.661421268 3071787749 7251601 103868  9414
6.672419603 3078902378 7114629 103857  10308
6.683406174 3086549092 7646714 113314  10686
6.695416432 3093818144 7269052 103863  8789
6.706402930 3100858620 7040476 103866  9788
6.717407828 3108561242 7702622 113304  11223
6.729404609 3115838848 7277606 103861  9242
6.740405457 3123024907 7186059 103863  9326
6.751419205 3130560867 7535960 113302  10925
6.763406029 3137819231 7258364 103864  9536
6.774418932 3145034907 7215676 103868  9455
6.785406632 3152571978 7537071 113312  10328
6.797419837 3159826636 7254658 103858  10019
6.808402932 3167020173 7193537 103876  10536
6.819426443 3174588937 7568764 113310  10122
6.831420438 3181835669 7246732 103862  9248
6.842406418 3189053646 7217977 103877  10322
6.853419284 3196593626 7539980 113306  10626
6.865407798 3203857807 7264181 103863  8687
6.876416706 3210971482 7113675 103853  10092
6.887403154 3218587026 7615544 113315  10715
6.899419398 3225893132 7306106 103869  9192
6.910416227 3233121664 7228532 103879  9209
6.921407424 3240591472 7469808 113311  10828
6.933418986 3247843039 7251567 103856  9381
6.944405177 3255128725 7285686 103870  8978
6.955418375 3262596107 7467382 113321  10615
6.967412787 3269876330 7280223 103863  9556
6.978419984 3277138938 7262608 103864  9885
6.989418606 3284294307 7155369 103864  9672
7.000406843 3291870834 7576527 113314  10199
7.012421278 3299130623 7259789 103869  9984
7.023419406 3306321114 7190491 103859  9791
7.034417504 3313886632 7565518 113300  9720
7.046402662 3321130676 7244044 103863  9448
7.057417987 3328244917 7114241 103869  10042
7.068419145 3335898719 7653802 113313  9823
7.080407942 3343149266 7250547 103857  9220
7.091420064 3350236747 7087481 103880  10102
7.102415966 3357890266 7653519 113298  10902
7.114424350 3365158204 7267938 103862  8545
7.125404448 3372314568 7156364 103864  9462
7.136419366 3379883045 7568477 113301  10857
7.148418513 3387146941 7263896 103856  9163
7.159415395 3394356800 7209859 103862  9138
7.170418499 3401859005 7502205 113296  10482
7.182406841 3409118880 7259875 103870  9507
7.193420429 3416369187 7250307 103863  9849
7.204401187 3423858105 7488918 113312  9692
7.216416291 3431091301 7233196 103862  9313
7.227408472 3438241067 7149766 103870  10165
7.238420480 3445867714 7626647 113309  9573
7.250415629 3453105395 7237681 103862  8921
7.261406000 3460236149 7130754 103862  9946
7.272423948 3467850523 7614374 113303  10413
7.284403499 3475130523 7280000 103878  8676
7.295408003 3482353861 7223338 103861  9609
7.306407001 3489342915 6989054 103874  10438
7.317420030 3497130425 7787510 113313  10339
7.329418638 3504385735 7255310 103861  8610
7.340405482 3511452560 7066825 103870  9990
7.351405317 3519094396 7641836 113310  10532
7.363414718 3526376653 7282257 103859  8578
7.374405442 3533493538 7116885 103863  9492
7.385403247 3541060276 7566738 113308  10424
7.397419835 3548367958 7307682 103864  9420
7.408419017 3555623568 7255610 103866  8885
7.419414988 3563080490 7456922 113300  10251
7.431406622 3570348290 7267800 103883  9793
7.442415017 3577600834 7252544 103858  9089
7.453405341 3584722084 7121250 103871  9131
7.464405600 3592308991 7586907 113305  10200
7.476420408 3599565730 7256739 103863  9600
7.487402462 3606802530 7236800 103862  9782
7.498404934 3614281939 7479409 113307  9834
7.510405478 3621509975 7228036 103857  9388
7.521414850 3628619099 7109124 103855  10139
7.532406465 3636255107 7636008 113315  9590
7.544405872 3643484563 7229456 103865  9122
7.555420523 3650565242 7080679 103858  10011
7.566414021 3658187965 7622723 113304  10348
7.578405632 3665438625 7250660 103861  8661
7.589403490 3672421442 6982817 103863  9674
7.600416569 3680130892 7709450 113302  10888
7.612419613 3687385240 7254348 103861  9137
7.623406104 3694552152 7166912 103866  8958
7.634418693 3702074233 7522081 113312  11220
7.646418933 3709317812 7243579 103873  9910
7.657405772 3716533766 7215954 103865  9783
7.668408189 3724030808 7497042 113308  10362
7.680414341 3731264686 7233878 103864  9668
7.691405595 3738410798 7146112 103864  10314
7.702405313 3745988574 7577776 113317  9860
7.714422728 3753214870 7226296 103866  9092
7.725406415 3760326906 7112036 103861  10133
7.736405514 3767928120 7601214 113299  10530
7.748405915 3775175746 7247626 103857  8558
7.759414973 3782146445 6970699 103860  9977
7.770406768 3789859839 7713394 113303  10786
7.782403548 3797137440 7277601 103872  9361
7.793418537 3804245928 7108488 103858  9388
7.804407389 3811797863 7551935 113320  10914
7.816407296 3819038461 7240598 103873  9751
7.827404024 3826197908 7159447 103856  9069
7.838414409 3833726731 7528823 113305  9980
7.850406510 3840943614 7216883 103869  9650
7.861415468 3848033482 7089868 103870  9891
7.872419796 3855666391 7632909 113308  9843
7.884408070 3862875352 7208961 103864  9261
7.895418212 3869905137 7029785 103867  10231
7.906406730 3877592244 7687107 113311  10267
7.918415745 3884832312 7240068 103867  8661
7.929402489 3891695957 6863645 103860  9995
7.940404957 3899513159 7817202 113303  10570
7.952416211 3906785235 7272076 103865  8612
7.963405500 3913930158 7144923 103857  9505
7.974418451 3921430260 7500102 113308  10420
7.986405519 3928720702 7290442 103861  9539
7.997415074 3935941006 7220304 103870  8955
8.008406905 3943370257 7429251 113298  10040
8.020413563 3950632905 7262648 103869  9381
8.031409227 3957879818 7246913 103862  9599
8.042405929 3964966603 7086785 103867  9036
8.053417504 3972560486 7593883 113316  9940
8.065406258 3979796973 7236487 103867  9472
8.076417213 3987013284 7216311 103858  9428
8.087418534 3994487293 7474009 113306  9377
8.099429916 4001692771 7205478 103873  9175
8.110404759 4008763232 7070461 103864  9880
8.121405678 4016400320 7637088 113309  9203
8.133416409 4023609528 7209208 103875  8826
8.144406637 4030678313 7068785 103860  9772
8.155402385 4038299224 7620911 113314  10055
8.167427280 4045526521 7227297 103865  8291
8.178418071 4052937910 7411389 113302  10361
8.190407205 4061093842 8155932 113313  10517
8.202404539 4068582535 7488693 113309  10326
8.214418194 4075811672 7229137 103880  8417
8.225407826 4082925001 7113329 103859  9795
8.236415934 4090498898 7573897 113313  10568
8.248408398 4097780878 7281980 103859  8221
8.259417839 4104940842 7159964 103862  9505
8.270406260 4112432618 7491776 113311  10292
8.282402515 4119689468 7256850 103866  9137
8.293417177 4126861980 7172512 103864  9309
8.304406378 4134366666 7504686 113306  9973
8.316423233 4141612252 7245586 103873  9802
8.327418980 4148789649 7177397 103863  9708
8.338417759 4156327439 7537790 113316  9527
8.350409413 4163552226 7224787 103885  9385
8.361406384 4170619922 7067696 103861  9912
8.372424049 4178270334 7650412 113309  9787
8.384404643 4185491381 7221047 103883  9058
8.395403531 4192592990 7101609 103862  9858
8.406415760 4200193187 7600197 113307  10713
8.418418027 4207429324 7236137 103858  8557
8.429406945 4214483401 7054077 103867  9406
8.440403193 4222095024 7611623 113297  10600
8.452418245 4229329045 7234021 103874  9139
8.463433423 4236776349 7447304 113301  10050
8.475403357 4244005855 7229506 103861  8980
8.486418748 4251239315 7233460 103855  9742
8.497419966 4258450023 7210708 103866  9601
8.508405604 4265945477 7495454 113300  9585
8.520408228 4273155351 7209874 103868  9387
8.531415571 4280194401 7039050 103871  10173
8.542418872 4287867497 7673096 113300  9513
8.554413346 4295081217 7213720 103861  9015
8.565419741 4302102122 7020905 103859  9855
8.576416485 4309776531 7674409 113312  10177
8.588408627 4317010360 7233829 103859  8517
8.599418292 4323990258 6979898 103869  9627
8.610419180 4331683278 7693020 113299  10777
8.622413987 4338933342 7250064 103874  9098
8.633403202 4346082173 7148831 103872  9145
8.644417214 4353585989 7503816 113308  10694
8.656405991 4360808506 7222517 103869  9361
8.667407206 4367988669 7180163 103865  9273
8.678417081 4375494930 7506261 113305  9915
8.690404608 4382709311 7214381 103867  12369
8.701411719 4389815997 7106686 103863  16185
8.712404641 4397398230 7582233 113306  15542
8.724407022 4404603271 7205041 103863  15068
8.735407177 4411686719 7083448 103866  13555
8.746404575 4419291716 7604997 113305  12094
8.758407172 4426523662 7231946 103860  9549
8.769412627 4433490759 6967097 103854  10869
8.780419386 4441178312 7687553 113308  11272
8.792404037 4448439392 7261080 103865  9910
8.803406401 4455598646 7159254 103862  10138
8.814403959 4463068104 7469458 113299  11327
8.826407550 4470298744 7230640 103873  10411
8.837406301 4477477703 7178959 103868  9470
8.848404664 4484972057 7494354 113298  10607
8.860418861 4492191015 7218958 103870  9706
8.871414419 4499438938 7247923 103863  10151
8.882405330 4506898523 7459585 113314  10141
8.894400964 4514100747 7202224 103857  9067
8.905405770 4521329055 7228308 103868  10120
8.916414571 4528802946 7473891 113306  10455
8.928406125 4536046008 7243062 103876  8574
8.939405770 4543236049 7190041 103861  9556
8.950403255 4550246024 7009975 103869  9821
8.961406394 4557950940 7704916 113315  9624
8.973407074 4565158769 7207829 103861  8852
8.984405269 4572242062 7083293 103865  9673
8.995407637 4579826389 7584327 113306  10637
9.007415971 4587043315 7216926 103861  8346
9.018404990 4594029984 6986669 103865  9342
9.029402427 4601679905 7649921 113299  10699
9.041404495 4608906942 7227037 103864  9126
9.052405573 4616049895 7142953 103865  9371
9.063416765 4623536256 7486361 113298  10043
9.075422776 4630754045 7217789 103861  9979
9.086418851 4637951660 7197615 103864  9735
9.097410389 4645426882 7475222 113309  9552
9.109415953 4652619530 7192648 103876  9423
9.120404464 4659726352 7106822 103864  10152
9.131416633 4667318678 7592326 113305  9608
9.143414517 4674518188 7199510 103864  8893
9.154403409 4681603667 7085479 103873  9889
9.165417870 4689191992 7588325 113309  10390
9.177424754 4696434216 7242224 103861  8558
9.188401689 4703606216 7172000 103860  8947
9.199418680 4711050029 7443813 113299  10862
9.211416528 4718310588 7260559 103872  9114
9.222428146 4725530544 7219956 103864  8389
9.233406818 4732554999 7024455 103866  9686
9.244417239 4740160727 7605728 113318  10205
9.256416843 4747405996 7245269 103862  8382
9.267401988 4754538478 7132482 103872  9202
9.278420440 4762002416 7463938 113298  10242
9.290417344 4769262471 7260055 103864  9268
9.301418249 4776463436 7200965 103871  9012
9.312405053 4783876447 7413011 113308  9987
9.324419465 4791114400 7237953 103862  9362
9.335418760 4798337767 7223367 103864  9477
9.346402581 4805406784 7069017 103868  9039
9.357417589 4812966493 7559709 113312  9674
9.369428147 4820180608 7214115 103871  9767
9.380416804 4827392210 7211602 103864  9643
9.391418807 4834851787 7459577 113310  9229
9.403421044 4842040476 7188689 103870  9188
9.414404082 4849144749 7104273 103869  9984
9.425403657 4856736040 7591291 113301  9297
9.437418904 4863932916 7196876 103858  8764
9.448419063 4871003213 7070297 103874  9690
9.459418074 4878603448 7600235 113310  10145
9.471416612 4885842976 7239528 103879  8445
9.482416350 4893014280 7171304 103859  8959
9.493406821 4899961426 6947146 103869  9693
9.504403506 4907716304 7754878 113295  9802
9.516425784 4914931079 7214775 103864  8421
9.527406145 4921949888 7018809 103872  9741
9.538418293 4929556654 7606766 113312  10293
9.550414974 4936803295 7246641 103866  8505
9.561418073 4943917701 7114406 103867  9359
9.572406140 4951394843 7477142 113304  10180
9.584403478 4958661657 7266814 103859  9312
9.595418463 4965878588 7216931 103870  8967
9.606406461 4973289573 7410985 113309  9960
9.618418539 4980519769 7230196 103872  9677
9.629417010 4987731361 7211592 103871  9132
9.640419702 4994826515 7095154 103857  9009
9.651418510 5002344085 7517570 113312  9908
9.663414764 5009555436 7211351 103870  9457
9.674425652 5016752736 7197300 103857  9452
9.685406620 5024207003 7454267 113310  9255
9.697419745 5031397769 7190766 103853  9186
9.708418623 5038517724 7119955 103862  10065
9.719403818 5046049861 7532137 113310  9376
9.731417415 5053236675 7186814 103867  8738
9.742414600 5060263297 7026622 103864  9871
9.753415541 5067876636 7613339 113309  10275
9.765407339 5075092333 7215697 103861  8323
9.776420504 5082206771 7114438 103863  9228
9.787418569 5089699665 7492894 113301  10588
9.799406046 5096952939 7253274 103880  9081
9.810418124 5104146634 7193695 103875  8643
9.821417500 5111538566 7391932 113307  10750
9.833416717 5118770563 7231997 103858  9523
9.844406028 5125997042 7226479 103877  8664
9.855405193 5133104919 7107877 103850  9336
9.866415978 5140589808 7484889 113317  10283
9.878404516 5147845347 7255539 103859  9627
9.889418274 5155039659 7194312 103870  9012
9.900415762 5162431101 7391442 113313  9933
9.912420467 5169653072 7221971 103862  9118
9.923405064 5176868818 7215746 103868  9343
9.934405292 5183936608 7067790 103859  8785
9.945417048 5191471466 7534858 113322  9548
9.957402575 5198671983 7200517 103862  9487
9.968427233 5205912273 7240290 103865  9322
9.979404258 5213330884 7418611 113299  9327
9.991405178 5220522589 7191705 103866  8981
10.002407251 5227662194 7139605 103862  9771
10.013407272 5235157002 7494808 113308  9346
10.025421973 5242346701 7189699 103860  8407
10.036404464 5249524005 7177304 103871  9668
10.047406412 5256502417 6978412 103867  9282
10.058416118 5264191019 7688602 113298  9332
10.070406678 5271354868 7163849 103861  8619
10.081406083 5278344293 6989425 103861  9714
10.092403751 5286005276 7660983 113312  9639
10.104417835 5293196194 7190918 103867  8200
10.115411621 5300579817 7383623 113288  10435
10.127406558 5307800198 7220381 103872  9300
10.138403043 5315039784 7239586 103852  8396
10.149406077 5322172262 7132478 103853  9116
10.160408182 5329593239 7420977 113309  10021
10.172410907 5336839753 7246514 103854  9079
10.183406288 5344037955 7198202 103861  8599
10.194404143 5351424986 7387031 113296  9555
10.206403817 5358644459 7219473 103863  9343
10.217403888 5365840336 7195877 103874  8718
10.228404186 5372955314 7114978 103860  8669
10.239415835 5380428071 7472757 113304  9609
10.251402326 5387621826 7193755 103870  9208
10.262403127 5394807626 7185800 103862  9206
10.273413092 5402237716 7430090 113314  8999
10.285404616 5409401984 7164268 103863  9011
10.296402912 5416522857 7120873 103869  9626
10.307408055 5424048760 7525903 113310  9202
10.319405890 5431215747 7166987 103866  8587
10.330406538 5438323960 7108213 103859  9572
10.341406236 5445837803 7513843 113305  10066
10.353407078 5453047619 7209816 103881  8329
10.364403985 5460197737 7150118 103860  8627
10.375402617 5467179028 6981291 103872  9629
10.386406445 5474841577 7662549 113298  9570
10.398416059 5482037701 7196124 103863  7966
10.409407844 5489077965 7040264 103866  9308
10.420414733 5496611128 7533163 113313  9988
10.432409104 5503851618 7240490 103857  8373
10.443417905 5511013870 7162252 103877  8983
10.454402733 5518398355 7384485 113308  10125
10.466414048 5525624295 7225940 103871  9503
10.477406479 5532816837 7192542 103868  8056
10.488406364 5539783548 6966711 103861  8779
10.499418592 5547391926 7608378 113289  10233
10.511402986 5554606556 7214630 103858  8629
10.522403511 5561780805 7174249 103873  8574
10.533403719 5569164209 7383404 113301  10018
10.545414707 5576427366 7263157 103868  8998
10.556403408 5583663520 7236154 103868  9142
10.567432051 5590768268 7104748 103862  8648
10.578420128 5598344665 7576397 113295  9988
10.590405676 5605585482 7240817 103869  9097
10.601406233 5612847861 7262379 103866  8350
10.612401839 5620293045 7445184 113294  9755
10.624417436 5627550475 7257430 103866  8906
10.635405794 5634790741 7240266 103859  9080
10.646418296 5641939982 7149241 103863  9254
10.657414957 5649454945 7514963 113301  9758
10.669408305 5656699535 7244590 103872  10129
10.680404693 5663880243 7180708 103858  9771
10.691416958 5671394317 7514074 113307  9460
10.703406638 5678656006 7261689 103856  8887
10.714412234 5685887490 7231484 103877  9475
10.725419395 5693088956 7201466 103855  8851
10.736415307 5700570647 7481691 113297  9527
10.748407264 5707789966 7219319 103879  9215
10.759418845 5714938079 7148113 103863  9712
10.770415978 5722475594 7537515 113309  9088
10.782402967 5729696629 7221035 103860  8353
10.793402386 5736927566 7230937 103865  9683
10.804414658 5744394709 7467143 113303  10093
10.816415572 5751644682 7249973 103870  8243
10.827406416 5758839971 7195289 103863  8944
10.838415252 5765893902 7053931 103860  9339
10.849414270 5773561786 7667884 113307  9704
10.861406397 5780778156 7216370 103864  7858
10.872413895 5787944687 7166531 103864  9391
10.883416747 5795448377 7503690 113306  10394
10.895402428 5802712858 7264481 103867  8473
10.906403463 5809916260 7203402 103854  9262
10.917414071 5816956890 7040630 103872  9728
10.928416739 5824606473 7649583 113305  10138
10.940405803 5831835195 7228722 103870  8377
10.951417252 5838927764 7092569 103866  9097
10.962417763 5846507728 7579964 113307  10501
10.974404787 5853759787 7252059 103885  8674
10.985405832 5860979316 7219529 103856  8288
10.996417770 5868402384 7423068 113300  10387
11.008415552 5876467844 8065460 113307  9990
11.020414362 5883999501 7531657 113305  9105
11.032405393 5891196951 7197450 103869  8512
11.043415815 5898336101 7139150 103864  9309
11.054407462 5905875642 7539541 113305  9855
11.066406724 5913118980 7243338 103858  8340
11.077418195 5920318151 7199171 103864  8319
11.088413710 5927526489 7208338 103870  9408
11.099404781 5934993234 7466745 113301  9560
11.111417916 5942216735 7223501 103869  7873
11.122417521 5949266181 7049446 103864  9274
11.133402952 5956861820 7595639 113307  9905
11.145402910 5964132439 7270619 103865  8757
11.156416721 5971337007 7204568 103862  9280
11.167422920 5978764907 7427900 113316  10688
11.179408247 5986020910 7256003 103863  9666
11.190416112 5993236062 7215152 103863  8096
11.201419087 6000350880 7114818 103867  8889
11.212406611 6007892010 7541130 113310  10156
11.224407030 6015142036 7250026 103874  8800
11.235418121 6022358626 7216590 103882  8267
11.246415566 6029772890 7414264 113312  10098
11.258406766 6037843612 8070722 113297  9926
11.270415401 6045367210 7523598 113311  9354
11.282418039 6052583333 7216123 103863  8394
11.293402733 6059787213 7203880 103862  9211
11.304404548 6066683178 6895965 103860  9542
11.315424047 6074468588 7785410 113312  8913
11.327416304 6081677287 7208699 103863  8373
11.338403215 6088900746 7223459 103871  9581
11.349416690 6096350434 7449688 113301  9851
11.361414801 6104379300 8028866 113303  8977
11.373406352 6111907144 7527844 113310  9898
11.385407640 6119124560 7217416 103858  8787
11.396416235 6126370273 7245713 103872  8617
11.407414479 6133796015 7425742 113316  9744
11.419406734 6141027740 7231725 103864  9460
11.430413919 6148292209 7264469 103860  9676
11.441414720 6155500471 7208262 103866  8944
11.452402988 6162472974 6972503 103856  9199
11.463416053 6170152492 7679518 113314  10137
11.475426628 6177364391 7211899 103870  8839
11.486416116 6184583044 7218653 103861  8613
11.497403147 6191996119 7413075 113314  9779
11.509415851 6199240048 7243929 103862  8915
11.520414809 6206472476 7232428 103876  8759
11.531405887 6213598863 7126387 103854  8369
11.542419566 6221079104 7480241 113314  9900
11.554416737 6228288434 7209330 103864  9014
11.565415008 6235527309 7238875 103863  8469
11.576402703 6242932918 7405609 113304  9811
11.588418900 6250159353 7226435 103871  8808
11.599406826 6257377611 7218258 103873  9052
11.610406157 6264528702 7151091 103862  8765
11.621422402 6271989388 7460686 113297  9858
11.633417366 6279243897 7254509 103865  9956
11.644415601 6286445389 7201492 103859  9795
11.655408975 6293545623 7100234 103869  9180
11.666417614 6301072057 7526434 113304  9995
11.678403585 6308286075 7214018 103868  8947
11.689402580 6315524942 7238867 103860  8743
11.700418564 6322948820 7423878 113313  9536
11.712420216 6330167957 7219137 103876  8868
11.723403574 6337406856 7238899 103864  9008
11.734417562 6344615558 7208702 103856  8417
11.745413973 6352023334 7407776 113304  9402
11.757404364 6359263222 7239888 103862  9231
11.768410355 6366466227 7203005 103873  9019
11.779419231 6373597517 7131290 103866  8565
11.790406356 6381089636 7492119 113301  9601
11.802403106 6388323927 7234291 103869  8938
11.813415014 6395558111 7234184 103857  9110
11.824418953 6402546960 6988849 103853  8400
11.835406840 6410178686 7631726 113304  9705
11.847419549 6417379134 7200448 103862  8903
11.858414420 6424615817 7236683 103867  8263
11.869401615 6431479725 6863908 103854  8893
11.880403493 6439253323 7773598 113315  9502
11.892414320 6446475175 7221852 103865  8686
11.903406252 6453682631 7207456 103871  8531
11.914411357 6461091935 7409304 113323  9512
11.926415368 6468329957 7238022 103860  9476
11.937416696 6475533431 7203474 103866  8696
11.948406988 6482738742 7205311 103865  8398
11.959403142 6490170086 7431344 113304  10098
11.971418393 6498224958 8054872 113306  9929
11.983403744 6505748159 7523201 113305  8964
11.995402611 6512961087 7212928 103874  8300
12.006415124 6520157426 7196339 103867  8935
12.017415382 6527375941 7218515 103871  8930
12.028403203 6534814693 7438752 113311  9063
12.040403354 6542021328 7206635 103862  8115
12.051414655 6549236863 7215535 103861  9193
12.062403057 6556381188 7144325 103859  9026
12.073414662 6563859192 7478004 113305  8873
12.085417023 6571075726 7216534 103874  8576
12.096418784 6578265035 7189309 103867  8916
12.107406123 6585487836 7222801 103859  8447
12.118402757 6592906810 7418974 113311  9166
12.130415925 6600131452 7224642 103869  8793
12.141405806 6605338078 5206626 103863  20022
12.152406321 6612829098 7491020 113316  11687
12.164416953 6620009033 7179935 103861  11342
12.175406524 6627104075 7095042 103865  12743
12.186407239 6634613834 7509759 113308  11349
12.198404513 6641840324 7226490 103872  8394
12.209416384 6649008523 7168199 103871  8948
12.220410185 6656168222 7159699 103861  9519
12.231415038 6663662412 7494190 113309  9645
12.243418432 6668700531 5038119 113305  24437
12.255407102 6670834044 2133513 103879  28653
12.266404808 6673399720 2565676 113318  34698
12.278417709 6675966763 2567043 113323  31680
12.290416856 6678590084 2623321 113331  28985
12.302406711 6681147801 2557717 113339  28060
12.314407625 6683710251 2562450 113331  27445
12.326416866 6686320954 2610703 113331  26726
12.338416114 6688873645 2552691 113329  27135
12.350405848 6691432965 2559320 113327  28374
12.362417489 6694034447 2601482 113340  27796
12.374428307 6696589073 2554626 113331  27305
12.386418981 6699201363 2612290 113326  26968
12.398405975 6701761581 2560218 113348  26351
12.410408232 6704374071 2612490 113336  26336
12.422420834 6706926794 2552723 113324  26872
12.434418729 6709532530 2605736 113345  27364
12.446416276 6712082956 2550426 113326  27202
12.458406660 6714626651 2543695 113320  26463
12.470418314 6717222688 2596037 113323  26383
12.482418799 6719765487 2542799 113329  26175
12.494404903 6722360260 2594773 113328  25649
12.506405934 6724902986 2542726 113335  25928
12.518419056 6727498440 2595454 113340  26320
12.530416310 6729492202 1993762 113313  32930
12.542414184 6732069917 2577715 113328  35165
12.554406525 6734306898 2236981 103883  29453
12.565419473 6736683687 2376789 113325  35218
12.577418294 6739213742 2530055 113318  32561
12.589406829 6741789081 2575339 113343  28832
12.601407513 6744341635 2552554 113323  28049
12.613404447 6746875517 2533882 113324  27592
12.625418172 6749439379 2563862 113342  30425
12.637401409 6751945747 2506368 113323  29218
12.649405090 6754498385 2552638 113327  28299
12.661404901 6756996710 2498325 113329  28252
12.673405099 6759543166 2546456 113351  27459
12.685419544 6762035916 2492750 113343  26882
12.697414344 6764572433 2536517 113328  26680
12.709408565 6767110728 2538295 113329  26299
12.721417420 6769590696 2479968 113324  26154
12.733406370 6772113691 2522995 113325  25985
12.745416372 6774589583 2475892 113316  26793
12.757417149 6777106980 2517397 113327  26699
12.769404614 6779625596 2518616 113337  26292
12.781417365 6782090756 2465160 113343  26222
12.793419322 6784598879 2508123 113323  26480
12.805416950 6787102820 2503941 113335  26396
12.817419614 6789551597 2448777 113334  25970
12.829416622 6792049208 2497611 113329  25830
12.841416120 6794545403 2496195 113326  26883
12.853413284 6796988457 2443054 113330  26465
12.865417878 6799471371 2482914 113321  25919
12.877417223 6801958427 2487056 113331  26125
12.889407240 6804391563 2433136 113330  26463
12.901420049 6806866844 2475281 113326  26032
12.913418133 6809340682 2473838 113336  25719
12.925407473 6811758880 2418198 113322  26085
12.937406654 6814226008 2467128 113318  26592
12.949404986 6816692708 2466700 113322  26697
12.961415213 6819103630 2410922 113343  25990
12.973405388 6821557380 2453750 113327  26337
12.985405382 6824010691 2453311 113320  26518
12.997419883 6826460765 2450074 113352  26460
13.009428081 6828861112 2400347 113320  26278
13.021421005 6831294470 2433358 113333  26421
13.033404576 6833728599 2434129 113330  26903
13.045420424 6836128883 2400284 113328  26828
13.057417038 6838533556 2404673 113314  25813
13.069405452 6840949157 2415601 113324  26476
13.081405000 6843360289 2411132 113329  26526
13.093419421 6845769567 2409278 113341  26352
13.105416906 6848124985 2355418 113316  26027
13.117416240 6850516022 2391037 113336  25914
13.129407514 6852909065 2393043 113323  26662
13.141415749 6855297163 2388098 113334  26724
13.153418960 6857633525 2336362 113326  25786
13.165407210 6860010312 2376787 113336  26014
13.177414362 6862383094 2372782 113319  26099
13.189405246 6864752073 2368979 113328  26130
13.201416853 6867113472 2361399 113320  25843
13.213405192 6869451296 2337824 113340  26057
13.225408012 6871785655 2334359 113321  26834
13.237418196 6874135923 2350268 113321  26463
13.249418565 6876476460 2340537 113325  25707
13.261403842 6878814901 2338441 113315  26009
13.273405096 6881149153 2334252 113325  25938
13.285404674 6883475391 2326238 113334  25882
13.297418785 6885754605 2279214 113326  26206
13.309406229 6888072656 2318051 113319  26220
13.321405234 6890383945 2311289 113331  26335
13.333428205 6892691665 2307720 113328  26474
13.345418566 6894996078 2304413 113337  26078
13.357417757 6897295607 2299529 113325  25949
13.369405038 6899590133 2294526 113336  26373
13.381417756 6901883263 2293130 113331  26504
13.393419043 6904131123 2247860 113327  26582
13.405407957 6906411585 2280462 113324  26151
13.417405732 6908691547 2279962 113325  26281
13.429419103 6910968222 2276675 113327  26407
13.441418657 6913237701 2269479 113333  26396
13.453417219 6915503118 2265417 113316  26060
13.465405963 6917762460 2259342 113334  26153
13.477416903 6920016545 2254085 113324  26419
13.489426668 6922268205 2251660 113342  26564
13.501403892 6924514431 2246226 113336  26078
13.513405333 6926756259 2241828 113345  26162
13.525405527 6928994106 2237847 113329  26859
13.537416165 6931229334 2235228 113325  26832
13.549405533 6933458354 2229020 113326  26312
13.561405600 6935667012 2208658 113334  26570
13.573418128 6937864993 2197981 113342  26519
13.585419267 6940079227 2214234 113319  26646
13.597405844 6942291556 2212329 113334  26654
13.609404948 6944498025 2206469 113310  26301
13.621403962 6946697923 2199898 113324  26470
13.633418887 6948897405 2199482 113312  26837
13.645420494 6951091625 2194220 113319  27074
13.657406865 6953281595 2189970 113334  26057
13.669419470 6955466362 2184767 113339  26618
13.681422885 6957647591 2181229 113323  26419
13.693417198 6959824386 2176795 113317  26403
13.705417490 6961996427 2172041 113324  26361
13.717418898 6964164463 2168036 113330  26212
13.729419272 6966328871 2164408 113324  26607
13.741405639 6968490829 2161958 113322  26430
13.753405963 6970652708 2161879 113327  26517
13.765415855 6972815499 2162791 113317  26038
13.777406499 6974984932 2169433 113326  26535
13.789404633 6977128152 2143220 113321  26656
13.801404441 6979269633 2141481 113328  27080
13.814402651 6981588801 2319168 122775  33106
13.826418296 6983721524 2132723 113331  29665
13.838406150 6985850643 2129119 113330  28232
13.850406254 6987977321 2126678 113335  28311
13.862407346 6990104348 2127027 113329  28390
13.874404967 6992219606 2115258 113329  27362
13.886405187 6994334590 2114984 113341  27486
13.898406592 6996441906 2107316 113324  27234
13.910420343 6998541838 2099932 113323  27573
13.922418968 7000639636 2097798 113318  27109
13.934407019 7002730602 2090966 113318  26938
13.946422246 7004820389 2089787 113336  26888
13.958404561 7006931707 2111318 113334  27073
13.970423645 7009011956 2080249 113315  27468
13.982418849 7011083449 2071493 113333  26580
13.994405694 7013154070 2070621 113334  26579
14.006418828 7015219488 2065418 113347  26650
14.018415975 7017280137 2060649 113318  26751
14.030406587 7019335618 2055481 113321  26737
14.042404568 7021407842 2072224 113319  26380
14.054417756 7023463477 2055635 113332  26311
14.066418673 7025508679 2045202 113318  26594
14.078403814 7027550564 2041885 113332  27120
14.090405751 7029584473 2033909 113324  26192
14.102417293 7031618736 2034263 113330  26323
14.114403567 7033645392 2026656 113339  26178
14.126412295 7035694577 2049185 113314  26499
14.138408063 7037713051 2018474 113324  26422
14.150415593 7039727803 2014752 113343  26256
14.162417518 7041735309 2007506 113314  26116
14.174406492 7043743055 2007746 113346  26873
14.186403800 7045773078 2030023 113322  27174
14.198405858 7047769105 1996027 113328  26632
14.210405629 7049763862 1994757 113334  26683
14.222404679 7051753974 1990112 113323  26419
14.234405374 7053746832 1992858 113344  26554
14.246417518 7055749797 2002965 113329  26433
14.258417387 7057727998 1978201 113323  26019
14.270405144 7059706078 1978080 113328  26178
14.282426428 7061678832 1972754 113329  26681
14.294404949 7063673571 1994739 113326  26593
14.306417457 7065638174 1964603 113328  26986
14.318405494 7067597447 1959273 113343  26494
14.330405806 7069567000 1969553 113327  26503
14.342419397 7071526508 1959508 113324  26336
14.354411324 7073469925 1943417 113333  26620
14.366418239 7075411744 1941819 113325  26793
14.378416320 7077372954 1961210 113321  26602
14.390419217 7079303393 1930439 113316  26359
14.402419035 7081232344 1928951 113343  26832
14.414403259 7083157146 1924802 113352  26911
14.426404943 7085100100 1942954 113335  26118
14.438417105 7087016978 1916878 113333  26297
14.450412099 7088931073 1914095 113334  26353
14.462416840 7090863933 1932860 113338  26528
14.474417221 7092771830 1907897 113323  26329
14.486415885 7094672592 1900762 113329  26620
14.498418410 7096593879 1921287 113328  26341
14.510407178 7098488730 1894851 113322  26497
14.522407355 7100379311 1890581 113334  26557
14.534416360 7102290158 1910847 113326  27192
14.546404947 7104170957 1880799 113335  26371
14.558404041 7106051624 1880667 113332  26616
14.570404486 7107948396 1896772 113326  26395
14.582405007 7109821834 1873438 113339  26752
14.594416858 7111715002 1893168 113329  26906
14.606418023 7113578800 1863798 113318  26626
14.618417700 7115441567 1862767 113348  26886
14.630404001 7117317094 1875527 113325  26850
14.642416179 7119172972 1855878 113331  27172
14.654405896 7121047408 1874436 113322  27708
14.666416568 7122893424 1846016 113313  26751
14.678415519 7124739338 1845914 113309  29278
14.690419417 7126596884 1857546 113326  28741
14.702398651 7128431501 1834617 113341  27977
14.714417365 7130280981 1849480 113320  27556
14.726419130 7132106300 1825319 113322  26991
14.738418427 7133947615 1841315 113326  26896
14.750416371 7135760116 1812501 113326  26932
14.762416256 7137592721 1832605 113325  27085
14.774419677 7139396486 1803765 113315  27578
14.786417821 7141215878 1819392 113358  26462
14.798406033 7143010346 1794468 113323  27314
14.810404367 7144819828 1809482 113326  27038
14.822419748 7146604301 1784473 113325  26781
14.834407639 7148403589 1799288 113329  26825
14.846405946 7150177524 1773935 113333  26838
14.858403387 7151966644 1789120 113344  26655
14.870414752 7153729671 1763027 113332  26515
14.882404363 7155508996 1779325 113331  27002
14.894404293 7157263573 1754577 113332  27349
14.906402828 7159032412 1768839 113331  27010
14.918427926 7160780160 1747748 113322  26661
14.930418461 7162539421 1759261 113325  26544
14.942406448 7164280403 1740982 113363  26806
14.954406682 7166028782 1748379 113303  26622
14.966404267 7167761279 1732497 113329  27123
14.978420131 7169500301 1739022 113328  26801
14.990407018 7171241210 1740909 113353  26981
15.002406440 7172956362 1715152 113314  26922
15.014416697 7174682738 1726376 113320  26848
15.026405558 7176394446 1711708 113338  27553
15.038417603 7178111003 1716557 113331  26574
15.050416234 7179812532 1701529 113323  26769
15.062418592 7181521935 1709403 113325  26655
15.074418106 7183232048 1710113 113341  26381
15.086412061 7184920052 1688004 113316  26610
15.098408328 7186618261 1698209 113315  27055
15.110419739 7188302885 1684624 113353  26966
15.122416334 7189993675 1690790 113310  26664
15.134415505 7191685118 1691443 113323  27038
15.146406765 7193353969 1668851 113323  27005
15.158417420 7195034797 1680828 113323  27337
15.170417934 7196696813 1662016 113349  26529
15.182405088 7198365496 1668683 113328  26690
15.194404420 7200030443 1664947 113333  26941
15.206404134 7201676149 1645706 113333  27099
15.218404185 7203332822 1656673 113327  27079
15.230407890 7204989750 1656928 113361  26864
15.242415720 7206621727 1631977 113313  26783
15.254419615 7208265388 1643661 113328  26427
15.266419843 7209894212 1628824 113330  27026
15.278406313 7211528517 1634305 113326  26943
15.290408851 7213160391 1631874 113330  27601
15.302405939 7214776084 1615693 113332  27356
15.314419513 7216400833 1624749 113330  27226
15.326404208 7218019616 1618783 113316  27183
15.338403612 7219640276 1620660 113331  26910
15.350418316 7221237530 1597254 113319  26961
15.362417008 7222846160 1608630 113320  26880
15.374414915 7224452995 1606835 113361  26805
15.386415719 7226037460 1584465 113322  26850
15.398428534 7227630221 1592761 113322  26765
15.410418182 7229220455 1590234 113326  26910
15.422403715 7230797448 1576993 113333  27425
15.434404680 7232378845 1581397 113322  26592
15.446418302 7233955656 1576811 113326  26865
15.458417756 7235536732 1581076 113350  26990
15.470416547 7237095699 1558967 113320  27018
15.482403667 7238663950 1568251 113318  27395
15.494417172 7240227307 1563357 113347  27686
15.506419600 7241781058 1553751 113337  27487
15.518405975 7243339213 1558155 113333  27357
15.530403185 7244891854 1552641 113325  27158
15.542406023 7246443873 1552019 113330  27542
15.554411834 7247984388 1540515 113368  27502
15.566404692 7249526818 1542430 113318  27884
15.578405279 7250780490 1253672 113307  34763
15.590418204 7251959239 1178749 113304  31639
15.602418885 7253239495 1280256 113322  34715
15.614408402 7254489081 1249586 113310  30415
15.626400095 7255671021 1181940 113329  32026
15.638405194 7256952701 1281680 113328  33673
15.650419606 7258202695 1249994 113317  30991
15.662405553 7259375169 1172474 113346  30980
15.674407147 7260655667 1280498 113307  33903
15.686417766 7261898446 1242779 113337  33202
15.698418020 7263021026 1122580 103874  28591
15.709416881 7264116406 1095380 103885  27022
15.720425369 7265330007 1213601 113320  33774
15.732419194 7266571598 1241591 113335  33337
15.744419108 7267674901 1103303 103866  27904
15.755406619 7268842840 1167939 113313  30676
15.767417591 7270067409 1224569 113314  33500
15.779418445 7271309199 1241790 113326  33826
15.791406079 7272577779 1268580 113309  34152
15.803406177 7273846692 1268913 113314  34448
15.815416995 7275085463 1238771 113324  31705
15.827418155 7276302892 1217429 113314  31716
15.839405740 7277451285 1148393 103899  31650
15.850405148 7278569211 1117926 103892  29865
15.861621056 7279774332 1205121 113321  51130
15.873428728 7280922315 1147983 103861  46704
15.884418903 7282088095 1165780 103866  43268
15.895418207 7283165329 1077234 103875  34768
15.906419572 7284365420 1200091 113317  38937
15.918405786 7285547912 1182492 103889  37190
15.929408372 7286643469 1095557 103873  33082
15.940418323 7287846412 1202943 113323  37440
15.952418997 7289121738 1275326 113304  36938
15.964404689 7290340224 1218486 113324  37486
15.976407099 7291553173 1212949 113309  36127
15.988418093 7292760479 1207306 113311  36107
16.000406338 7293983253 1222774 113308  36133
16.012418416 7295211592 1228339 113331  35965
16.024425384 7296445017 1233425 113311  35846
16.036407838 7297686233 1241216 113327  34903
16.048405099 7298896605 1210372 113321  35046
16.060418677 7300103990 1207385 113322  34724
16.072403694 7301345553 1241563 113310  34909
16.084406015 7302554196 1208643 113320  34754
16.096405432 7303765639 1211443 113307  34495
16.108419754 7305082492 1316853 113309  34806
16.120405839 7306449720 1367228 113343  39555
16.132405223 7307665198 1215478 113314  36506
16.144406000 7308874821 1209623 113333  35992
16.156406395 7310084705 1209884 113337  34920
16.168405899 7311292346 1207641 113319  34578
16.180416670 7312504073 1211727 113316  34775
16.192425415 7313711406 1207333 113315  34942
16.204418289 7314922481 1211075 113313  35010
16.216418670 7316139948 1217467 113334  34024
16.228406331 7317362076 1222128 113310  34235
16.240416615 7318621275 1259199 113329  33768
16.252406479 7319863008 1241733 113314  33037
16.264406164 7321066893 1203885 113321  32001
16.276421306 7322182705 1115812 103867  29769
16.287418433 7323281196 1098491 103877  28412
16.298403525 7324419428 1138232 103871  30727
16.309418260 7325659123 1239695 113327  34536
16.321416817 7326890453 1231330 113319  33764
16.333405748 7328107990 1217537 113323  33576
16.345413436 7329315289 1207299 113326  29941
16.357412657 7330468567 1153278 103881  27999
16.368417725 7331689243 1220676 113312  33494
16.380405297 7332927265 1238022 113308  29418
16.392417364 7334202874 1275609 113309  33002
16.404419479 7335434942 1232068 113334  32676
16.416416690 7336567619 1132677 103865  26624
16.427406054 7337894059 1326440 113319  35125
16.439416865 7339130650 1236591 113332  36242
16.451419740 7340405772 1275122 113319  38846
16.463417258 7341607785 1202013 113341  38107
16.475407495 7342816182 1208397 113316  35970
16.487418536 7344088623 1272441 113330  38112
16.499428175 7345367420 1278797 113317  34007
16.511406755 7346640788 1273368 113342  31764
16.523407386 7347919016 1278228 113321  31014
16.535420801 7349191538 1272522 113331  30289
16.547416262 7350461167 1269629 113320  30334
16.559409289 7351728686 1267519 113343  29307
16.571405414 7353096228 1367542 113339  37094
16.583419991 7354177743 1081515 113331  37793
16.595420169 7354889182 711439 113353  43736
16.607407590 7356105996 1216814 114911  31426
16.623423443 7357580004 1474008 67469  57867
16.635426467 7358938712 1358708 79723  61593
16.647414955 7364014400 5075688 110412  59017
16.661741333 7379804156 15789756 820  31
16.677714062 7390448563 10644407 37029  3854
16.688433742 7393915832 3467269 103847  2478
16.699425880 7395981093 2065261 103853  3423
16.710409685 7397662556 1681463 103865  7688
16.721406343 7399216561 1554005 113312  9513
16.733417288 7400667692 1451131 113309  10359
16.745404525 7402036099 1368407 113316  8651
16.757418754 7403343425 1307326 113316  9138
16.769416851 7404608650 1265225 113318  10155
16.781404545 7405846946 1238296 113317  9260
16.793414370 7407057862 1210916 113312  10069
16.805403461 7408258941 1201079 113325  10451
16.817404871 7409440665 1181724 113322  9317
16.829424466 7410620845 1180180 113317  10416
16.841402870 7411799240 1178395 113319  10471
16.853417309 7412973046 1173806 113310  10516
16.865404786 7414151382 1178336 113314  10510
16.877405600 7415331040 1179658 113299  10678
16.889417992 7416515279 1184239 113327  10797
16.901402752 7417688357 1173078 113316  10792
16.913405703 7418872558 1184201 113317  11021
16.925404361 7420067923 1195365 113309  11207
16.937404695 7421254962 1187039 113314  11111
16.949405096 7422451777 1196815 113306  11273
16.961397918 7423648170 1196393 113307  11284
16.973415232 7424855332 1207162 113333  11456
16.985425290 7426061693 1206361 113336  11464
16.997404054 7427272505 1210812 113309  11545
17.009417835 7428479193 1206688 113318  11502
17.021404639 7429699193 1220000 113326  11687
17.033414774 7430925647 1226454 113322  11794
17.045419622 7432156493 1230846 113301  11863
17.057404833 7433387216 1230723 113308  11855
17.069416150 7434614988 1227772 113321  11816
17.081419225 7435852908 1237920 113312  11971
17.093416706 7437101735 1248827 113324  12133
17.105419323 7438347768 1246033 113315  12078
17.117415518 7439590353 1242585 113331  12027
17.129417992 7440841206 1250853 113313  12144
17.141419344 7442096143 1254937 113324  12202
17.153408094 7443354130 1257987 113325  12234
17.165417289 7444611350 1257220 113324  12228
17.177405182 7445868523 1257173 113323  12229
17.189419011 7447136172 1267649 113320  12379
17.201405732 7448393532 1257360 113334  12242
17.213401736 7449661628 1268096 113311  12385
17.225417104 7450930336 1268708 113297  12406
17.237404985 7452194455 1264119 113321  12339
17.249405786 7453462994 1268539 113319  12403
17.261407703 7454732548 1269554 113314  12398
17.273404328 7455997393 1264845 113338  12339
17.285403849 7457263508 1266115 113347  12371
17.297412583 7458540480 1276972 113310  12529
17.309417218 7459806275 1265795 113318  12373
17.321419103 7461081470 1275195 113315  12489
17.333407006 7462355335 1273865 113300  12475
17.345422248 7463629174 1273839 113329  12467
17.357405719 7464903788 1274614 113337  12477
17.369417880 7466179073 1275285 113312  12493
17.381403554 7467453053 1273980 113314  12473
17.393404105 7468727081 1274028 113321  12483
17.405417903 7470000514 1273433 113345  12473
17.417419130 7471282412 1281898 113304  12595
17.429418639 7472553385 1270973 113318  12446
17.441417403 7473837773 1284388 113329  12618
17.453416840 7475114413 1276640 113310  12526
17.465426408 7476395786 1281373 113312  12582
17.477404202 7477680731 1284945 113327  12637
17.489408557 7478964432 1283701 113320  12620
17.501417668 7480248851 1284419 113315  12633
17.513403905 7481532023 1283172 113316  12612
17.525419314 7482816154 1284131 113318  12618
17.537403581 7484100081 1283927 113314  12623
17.549407175 7485394926 1294845 113333  12783
17.561415947 7486679405 1284479 113316  12632
17.573407471 7487962573 1283168 113308  12616
17.585407212 7489255108 1292535 113308  12743
17.597405993 7490536636 1281528 113320  12593
17.609406117 7491829868 1293232 113306  12755
17.621416335 7493122555 1292687 113297  12750
17.633419585 7494406560 1284005 113320  12645
17.645405901 7495698088 1291528 113329  12739
17.657407208 7496990462 1292374 113317  12746
17.669417243 7498282660 1292198 113310  12729
17.681416971 7499572127 1289467 113310  12713
17.693406381 7500861055 1288928 113310  12690
17.705406842 7502150628 1289573 113328  12708
17.717404687 7503439444 1288816 113305  12702
17.729404358 7504739445 1300001 113338  12860
17.741407552 7506030698 1291253 113316  12722
17.753402733 7507320207 1289509 113309  12708
17.765416508 7508620156 1299949 113325  12852
17.777427602 7509909017 1288861 113307  12693
17.789417143 7511201512 1292495 113305  12754
17.801399608 7512494517 1293005 113319  12756
17.813404839 7513793845 1299328 113335  12845
17.825418576 7515081101 1287256 113324  12675
17.837407144 7516380773 1299672 113317  12847
17.849404708 7517679218 1298445 113330  12839
17.861417906 7518975208 1295990 113320  12803
17.873407421 7520265605 1290397 113326  12717
17.885415059 7521561530 1295925 113302  12797
17.897416540 7522858513 1296983 113319  12813
17.909419687 7524155107 1296594 113314  12801
17.921416702 7525451172 1296065 113316  12807
17.933412916 7526748687 1297515 113325  12815
17.945405703 7528045809 1297122 113305  12816
17.957405038 7529352384 1306575 113317  12940
17.969403819 7530648212 1295828 113328  12793
17.981416324 7531942763 1294551 113324  12779
17.993406078 7533235620 1292857 113310  12755
18.005416515 7534539570 1303950 113334  12913
18.017419577 7535830237 1290667 113319  12725
18.029405184 7537121106 1290869 113311  12732
18.041416725 7538425106 1304000 113321  12912
18.053402790 7539716513 1291407 113340  12727
18.065404377 7541019197 1302684 113304  12890
18.077403355 7542311011 1291814 113332  12753
18.089406713 7543612665 1301654 113320  12872
18.101426085 7544914536 1301871 113323  12871
18.113418409 7546203632 1289096 113319  12702
18.125415636 7547503599 1299967 113315  12851
18.137417721 7548802554 1298955 113318  12834
18.149404861 7550101080 1298526 113334  12819
18.161418629 7551385971 1284891 113322  12630
18.173407357 7552680397 1294426 113300  12769
18.185405591 7553975166 1294769 113329  12766
18.197417489 7555268706 1293540 113303  12765
18.209419200 7556560820 1292114 113301  12741
18.221404321 7557851936 1291116 113315  12726
18.233416252 7559143233 1291297 113320  12731
18.245419000 7560433767 1290534 113330  12715
18.257427558 7561723308 1289541 113318  12703
18.269404869 7563012676 1289368 113317  12698
18.281404316 7564301396 1288720 113323  12687
18.293418048 7565599049 1297653 113314  12819
18.305416382 7566888174 1289125 113323  12701
18.317417053 7568173281 1285107 113315  12650
18.329404524 7569457085 1283804 113312  12624
18.341419238 7570752938 1295853 113324  12791
18.353419137 7572037238 1284300 113308  12634
18.365405087 7573317881 1280643 113326  12586
18.377407858 7574614030 1296149 113321  12793
18.389420583 7575894854 1280824 113347  12585
18.401405637 7577184829 1289975 113322  12708
18.413413134 7578468367 1283538 113330  12617
18.425405846 7579754547 1286180 113312  12662
18.437407803 7581038672 1284125 113304  12629
18.449403377 7582330968 1292296 113311  12744
18.461417439 7583607573 1276605 113320  12525
18.473403423 7584898850 1291277 113315  12733
18.485404144 7586176722 1277872 113326  12537
18.497407085 7587462743 1286021 113312  12657
18.509406977 7588753259 1290516 113319  12722
18.521407441 7590042305 1289046 113332  12697
18.533404218 7591319540 1277235 113318  12525
18.545414800 7592609327 1289787 113326  12700
18.557407844 7593897921 1288594 113310  12694
18.569425355 7595186867 1288946 113338  12696
18.581408206 7596473059 1286192 113332  12647
18.593416641 7597747168 1274109 113325  12490
18.605406192 7599033470 1286302 113321  12655
18.617414883 7600319710 1286240 113340  12656
18.629417471 7601605875 1286165 113318  12665
18.641415625 7602891219 1285344 113320  12657
18.653405296 7604176769 1285550 113305  12645
18.665419764 7605461288 1284519 113327  12642
18.677419088 7606745113 1283825 113326  12632
18.689419370 7608029969 1284856 113321  12647
18.701417484 7609320232 1290263 113338  12722
18.713407874 7610615589 1295357 113319  12795
18.725404886 7611900623 1285034 113306  12639
18.737425557 7613187573 1286950 113323  12678
18.749417674 7614474121 1286548 113308  12669
18.761407969 7615760720 1286599 113334  12659
18.773417720 7617062158 1301438 113319  12871
18.785404634 7618349125 1286967 113328  12670
18.797404225 7619635122 1285997 113326  12675
18.809407093 7620929555 1294433 113323  12782
18.821417358 7622221109 1291554 113322  12736
18.833407105 7623506081 1284972 113331  12645
18.845404883 7624806617 1300536 113324  12850
18.857405847 7626090834 1284217 113317  12636
18.869404625 7627376824 1285990 113330  12657
18.881419113 7628677054 1300230 113329  12851
18.893415087 7629961237 1284183 113318  12635
18.905405572 7631260793 1299556 113314  12843
18.917403333 7632543958 1283165 113302  12618
18.929416663 7633843147 1299189 113314  12838
18.941407408 7635128622 1285475 113339  12643
18.953416652 7636426791 1298169 113316  12836
18.965408393 7637724926 1298135 113312  12823
18.977420128 7639007749 1282823 113312  12606
18.989405115 7640306232 1298483 113325  12831
19.001416427 7641594255 1288023 113333  12693
19.013417391 7642883929 1289674 113312  12709
19.025416186 7644181366 1297437 113329  12818
19.037418177 7645479459 1298093 113332  12822
19.049428857 7646761416 1281957 113307  12601
19.061416629 7648058373 1296957 113321  12815
19.073416880 7649317951 1259578 113317  8528
19.085420738 7650518615 1200664 113312  110
19.097418315 7651721859 1203244 113319  109
19.109404439 7652926197 1204338 113318  105
19.121402774 7654129411 1203214 113311  91
19.133418005 7655321109 1191698 113329  89
19.145404986 7656524031 1202922 113309  73
19.157416991 7657728572 1204541 113331  59
19.169407141 7658934151 1205579 113336  60
19.181419146 7660138766 1204615 113323  60
19.193419724 7661343318 1204552 113313  57
19.205415075 7662546839 1203521 113315  58
19.217406059 7663750850 1204011 113307  56
19.229405450 7664955052 1204202 113309  58
19.241404525 7666159054 1204002 113321  58
19.253405692 7667363054 1204000 113307  49
19.265406056 7668566602 1203548 113319  52
19.277416318 7669769083 1202481 113314  52
19.289424069 7670973285 1204202 113309  48
19.301406234 7672192245 1218960 113328  52
19.313418551 7673397921 1205676 113326  52
19.325403682 7674505977 1108056 103876  42
19.336416494 7675709954 1203977 113319  54
19.348404508 7676914240 1204286 113318  52
19.360402042 7678117938 1203698 113319  54
19.372411897 7679336429 1218491 113306  47
19.384416651 7680540115 1203686 113318  52
19.396418643 7681742536 1202421 113318  55
19.408416613 7682959191 1216655 113317  51
19.420415035 7684161113 1201922 113312  54
19.432420079 7685362813 1201700 113320  51
19.444409216 7686579802 1216989 113332  47
19.456406771 7687781860 1202058 113322  50
19.468418342 7688989761 1207901 113321  48
19.480404673 7690101464 1111703 103869  42
19.491415618 7691301633 1200169 113309  51
19.503417269 7692517446 1215813 113314  43
19.515405903 7693718461 1201015 113320  50
19.527412408 7694934642 1216181 113313  49
19.539406455 7696135285 1200643 113305  58
19.551415507 7697351074 1215789 113319  46
19.563406041 7698551107 1200033 113301  54
19.575416088 7699765566 1214459 113319  49
19.587408080 7700969488 1203922 113315  53
19.599406317 7702181369 1211881 113314  54
19.611418962 7703397006 1215637 113323  44
19.623416043 7704597023 1200017 113320  51
19.635404317 7705812209 1215186 113325  58
19.647417755 7707028430 1216221 113318  53
19.659404566 7708233987 1205557 113337  53
19.671402840 7709445247 1211260 113325  63
19.683426535 7710661085 1215838 113326  60
19.695419327 7711875527 1214442 113324  47
19.707418781 7713081867 1206340 113325  60
19.719407411 7714291780 1209913 113314  50
19.731417316 7715507939 1216159 113328  47
19.743404994 7716629105 1121166 103875  42
19.754417365 7717833382 1204277 113315  53
19.766417240 7719047743 1214361 113311  47
19.778403117 7720264656 1216913 113312  51
19.790405158 7721384487 1119831 103871  48
19.801418946 7722601549 1217062 113316  46
19.813415421 7723818575 1217026 113316  52
19.825415889 7725031513 1212938 113327  57
19.837418520 7726243645 1212132 113328  46
19.849415384 7727457058 1213413 113326  48
19.861407782 7728672466 1215408 113312  43
19.873404316 7729889078 1216612 113313  47
19.885416948 7731107909 1218831 113321  54
19.897406239 7732330963 1223054 113323  45
19.909416936 7733556304 1225341 113312  48
19.921404114 7734777824 1221520 113305  43
19.933405238 7735998492 1220668 113305  49
19.945415639 7737218657 1220165 113316  46
19.957418351 7738438414 1219757 113313  60
19.969404495 7739561519 1123105 103877  42
19.980404717 7740780660 1219141 113324  44
19.992403084 7741902405 1121745 103861  40
20.003414816 7743121761 1219356 113312  48
20.015404747 7744244322 1122561 103875  39
20.026415539 7745464561 1220239 113313  48
20.038416623 7746684550 1219989 113325  46
20.050403337 7747903645 1219095 113309  47
20.062406835 7749124863 1221218 113315  52
20.074403256 7750358059 1233196 113293  42
20.086404296 7751481645 1123586 103867  41
20.097416842 7752702719 1221074 113315  55
20.109415877 7753923988 1221269 113312  50
20.121416018 7755149050 1225062 113321  52
20.133407455 7756382916 1233866 113320  43
20.145418380 7757604316 1221400 113323  49
20.157424714 7758827411 1223095 113322  52
20.169419482 7760062007 1234596 113315  46
20.181420166 7761283924 1221917 113311  56
20.193407400 7762520271 1236347 113318  53
20.205404679 7763644855 1124584 103873  36
20.216418220 7764866530 1221675 113322  51
20.228416634 7766089664 1223134 113322  45
20.240416836 7767326307 1236643 113315  42
20.252418113 7768549371 1223064 113304  44
20.264405747 7769786607 1237236 113326  43
20.276405055 7771008938 1222331 113324  51
20.288406239 7772245981 1237043 113316  44
20.300415348 7773469916 1223935 113324  48
20.312416685 7774707991 1238075 113316  46
20.324417306 7775932621 1224630 113309  49
20.336405267 7777171413 1238792 113315  44
20.348418529 7778395758 1224345 113319  51
20.360415459 7779633844 1238086 113328  43
20.372416707 7780864757 1230913 113326  45
20.384408354 7781999204 1134447 103852  39
20.395404857 7783224206 1225002 113320  49
20.407415907 7784462372 1238166 113311  41
20.419404475 7785699036 1236664 113305  49
20.431405143 7786828029 1128993 103867  37
20.442418268 7788052630 1224601 113300  50
20.454416488 7789289905 1237275 113312  45
20.466405420 7790527957 1238052 113312  43
20.478421841 7791756502 1228545 113296  45
20.490404522 7792897885 1141383 103878  39
20.501402757 7794127835 1229950 113331  46
20.513418651 7795366068 1238233 113337  48
20.525417926 7796607934 1241866 113322  48
20.537415707 7797848942 1241008 113317  41
20.549406524 7799077505 1228563 113318  52
20.561407849 7800220480 1142975 103862  41
20.572403407 7801461047 1240567 113316  43
20.584419075 7802688978 1227931 113320  50
20.596418779 7803929635 1240657 113304  46
20.608402937 7805070867 1141232 103867  45
20.619418489 7806300412 1229545 113302  47
20.631424433 7807541602 1241190 113301  47
20.643417487 7808782483 1240881 113313  40
20.655403995 7810023573 1241090 113314  42
20.667420176 7811266152 1242579 113301  41
20.679417961 7812510134 1243982 113314  44
20.691403182 7813746570 1236436 113318  49
20.703406192 7814983554 1236984 113323  45
20.715415914 7816226659 1243105 113308  42
20.727402871 7817371689 1145030 103887  42
20.738415503 7818614314 1242625 113308  43
20.750416961 7819857400 1243086 113294  43
20.762403678 7821100557 1243157 113323  53
20.774405823 7822344256 1243699 113304  39
20.786415847 7823587123 1242867 113311  48
20.798417332 7824827763 1240640 113320  44
20.810417343 7826070270 1242507 113311  42
20.822417065 7827314694 1244424 113325  54
20.834404374 7828560148 1245454 113298  42
20.846405456 7829807499 1247351 113315  43
20.858415611 7831054666 1247167 113323  39
20.870417542 7832301102 1246436 113309  41
20.882402569 7833547712 1246610 113305  44
20.894404264 7834794660 1246948 113340  43
20.906403758 7836041362 1246702 113310  44
20.918404566 7837288435 1247073 113321  45
20.930417907 7838535380 1246945 113316  42
20.942425555 7839781948 1246568 113310  46
20.954418559 7841029959 1248011 113310  47
20.966404720 7842178447 1148488 103867  35
20.977405338 7843326871 1148424 103848  38
20.988403943 7844574196 1247325 113305  41
21.000415241 7845821509 1247313 113328  42
21.012417336 7847068224 1246715 113305  43
21.024419473 7848316643 1248419 113311  48
21.036405141 7849566949 1250306 113303  55
21.048406929 7850830589 1263640 113314  44
21.060406353 7852081314 1250725 113320  45
21.072417491 7853332121 1250807 113319  44
21.084417645 7854583698 1251577 113310  38
21.096413789 7855836570 1252872 113325  48
21.108415664 7857100588 1264018 113290  35
21.120405958 7858353095 1252507 113321  47
21.132406469 7859505968 1152873 103871  38
21.143404688 7860655721 1149753 103878  42
21.154416363 7861910397 1254676 113310  87
21.166415434 7863162938 1252541 113315  100
21.178403908 7864416166 1253228 113317  111
21.190418546 7865681172 1265006 113312  98
21.202405221 7866935143 1253971 113334  101
21.214403581 7868190559 1255416 113320  132
21.226419353 7869457862 1267303 113324  104
21.238416324 7870712527 1254665 113313  126
21.250415801 7871968535 1256008 113320  114
21.262417649 7873236550 1268015 113308  111
21.274403243 7874493288 1256738 113312  114
21.286417392 7875750333 1257045 113328  128
21.298420169 7877018476 1268143 113310  112
21.310415604 7878275343 1256867 113303  129
21.322416425 7879534710 1259367 113309  111
21.334416492 7880804173 1269463 113319  102
21.346419167 7882062876 1258703 113311  105
21.358403291 7883334309 1271433 113317  117
21.370421266 7884596446 1262137 113319  115
21.382416640 7885869692 1273246 113320  126
21.394403451 7887133440 1263748 113318  107
21.406402996 7888397252 1263812 113314  108
21.418427084 7889671719 1274467 113318  114
21.430415961 7890937083 1265364 113316  117
21.442415369 7892213038 1275955 113310  107
21.454405299 7893478846 1265808 113325  130
21.466406571 7894755662 1276816 113320  103
21.478418425 7896022984 1267322 113324  110
21.490416380 7897300556 1277572 113320  106
21.502420177 7898569315 1268759 113326  115
21.514404582 7899848337 1279022 113331  111
21.526416020 7901118725 1270388 113327  130
21.538402894 7902398371 1279646 113324  100
21.550407262 7903678910 1280539 113315  110
21.562414636 7904950594 1271684 113323  117
21.574423661 7906232132 1281538 113317  105
21.586405582 7907504757 1272625 113316  114
21.598403819 7908785966 1281209 113311  127
21.610404947 7910059603 1273637 113315  110
21.622417328 7911343539 1283936 113320  120
21.634420263 7912627702 1284163 113314  111
21.646415204 7913904373 1276671 113326  119
21.658409219 7915189917 1285544 113312  108
21.670405909 7916474735 1284818 113312  125
21.682414523 7917752508 1277773 113317  116
21.694407458 7919039940 1287432 113323  106
21.706417092 7920323665 1283725 113326  111
21.718415707 7921608602 1284937 113328  106
21.730403068 7922896841 1288239 113320  112
21.742413932 7924184169 1287328 113317  139
21.754416697 7925467447 1283278 113320  112
21.766415725 7926757971 1290524 113327  108
21.778415399 7928048060 1290089 113322  110
21.790405557 7929330936 1282876 113320  125
21.802406284 7930622422 1291486 113315  111
21.814405896 7931914753 1292331 113330  131
21.826417290 7933204818 1290065 113331  110
21.838415318 7934493977 1289159 113326  109
21.850404952 7935786992 1293015 113312  112
21.862415970 7937080631 1293639 113323  108
21.874406114 7938371600 1290969 113315  160
21.886405925 7939660045 1288445 113317  125
21.898426090 7940953137 1293092 113318  109
21.910416654 7942247258 1294121 113321  115
21.922404086 7943542629 1295371 113318  113
21.934404776 7944833380 1290751 113329  110
21.946408027 7946129710 1296330 113310  105
21.958418599 7947425371 1295661 113303  121
21.970416397 7948722194 1296823 113327  112
21.982400070 7950019448 1297254 113316  106
21.994403605 7951317276 1297828 113314  124
22.006418450 7952609684 1292408 113322  117
22.018418877 7953908186 1298502 113316  126
22.030404469 7955206035 1297849 113307  125
22.042414940 7956504802 1298767 113326  108
22.054427027 7957804210 1299408 113313  105
22.066407402 7959103505 1299295 113317  105
22.078403843 7960402936 1299431 113327  114
22.090408183 7961697454 1294518 113325  113
22.102418538 7962996784 1299330 113324  122
22.114419697 7964297121 1300337 113316  109
22.126404961 7965598233 1301112 113311  107
22.138407351 7966899060 1300827 113324  110
22.150405902 7968200412 1301352 113316  110
22.162416224 7969502115 1301703 113336  114
22.174405548 7970802685 1300570 113316  127
22.186402589 7972103435 1300750 113314  121
22.198416757 7973404496 1301061 113316  105
22.210415428 7974705704 1301208 113325  110
22.222407509 7976007607 1301903 113328  114
22.234415097 7977308878 1301271 113319  112
22.246416755 7978609522 1300644 113312  126
22.258418332 7979910777 1301255 113317  112
22.270408977 7981212700 1301923 113319  119
22.282403404 7982514530 1301830 113319  120
22.294420503 7983815836 1301306 113321  111
22.306415730 7985118066 1302230 113320  106
22.318415845 7986419219 1301153 113330  122
22.330403356 7987721078 1301859 113327  107
22.342417634 7989022815 1301737 113318  105
22.354415271 7990324826 1302011 113323  110
22.366404105 7991627060 1302234 113317  105
22.378427394 7992929562 1302502 113321  111
22.390420698 7994230846 1301284 113321  132
22.402406416 7995532823 1301977 113317  110
22.414404593 7996835604 1302781 113342  113
22.426403011 7998137281 1301677 113332  111
22.438418842 7999440357 1303076 113328  107
22.450418110 8000742769 1302412 113319  106
22.462404190 8002044299 1301530 113312  125
22.474407112 8003350113 1305814 113337  107
22.486406576 8004655916 1305803 113317  111
22.498416248 8005958894 1302978 113329  105
22.510406138 8007260873 1301979 113318  111
22.522403433 8008563202 1302329 113327  111
22.534425171 8009864527 1301325 113319  120
22.546403616 8011167132 1302605 113319  106
22.558404173 8012469342 1302210 113317  105
22.570418857 8013777346 1308004 113316  106
22.582415835 8015079399 1302053 113311  108
22.594420596 8016381602 1302203 113312  111
22.606402511 8017684116 1302514 113330  130
22.618407335 8018986539 1302423 113308  106
22.630416450 8020289394 1302855 113333  107
22.642415614 8021597445 1308051 113327  101
22.654418269 8022900372 1302927 113333  114
22.666403670 8024203143 1302771 113335  110
22.678418117 8025505506 1302363 113315  123
22.690428455 8026807751 1302245 113317  114
22.702403716 8028116261 1308510 113322  102
22.714418891 8029419649 1303388 113317  106
22.726419035 8030721781 1302132 113319  107
22.738402799 8032024108 1302327 113319  118
22.750404271 8033326158 1302050 113317  113
22.762404681 8034635155 1308997 113320  108
22.774416276 8035938325 1303170 113316  108
22.786416684 8037241825 1303500 113318  110
22.798404844 8038545496 1303671 113320  110
22.810405916 8039854358 1308862 113325  101
22.822403450 8041157895 1303537 113316  117
22.834416162 8042461155 1303260 113310  106
22.846414992 8043770336 1309181 113323  107
22.858406897 8045074163 1303827 113314  102
22.870417745 8046378623 1304460 113319  109
22.882404430 8047682845 1304222 113327  110
22.894403437 8048991816 1308971 113319  126
22.906418141 8050295663 1303847 113315  120
22.918415523 8051600401 1304738 113321  111
22.930415050 8052910044 1309643 113320  107
22.942405115 8054215228 1305184 113318  112
22.954406192 8055521015 1305787 113323  111
22.966418551 8056831212 1310197 113314  119
22.978414888 8058137318 1306106 113323  111
22.990406432 8059443726 1306408 113324  114
23.002403744 8060755936 1312210 113309  103
23.014431421 8062064259 1308323 113306  108
23.026416559 8063373599 1309340 113311  116
23.038405250 8064687395 1313796 113322  117
23.050419592 8065998373 1310978 113324  110
23.062419146 8067315653 1317280 113340  105
23.074407053 8068629620 1313967 113320  108
23.086403408 8069946485 1316865 113317  114
23.098406529 8071272817 1326332 113314  107
23.110414827 8072604038 1331221 113311  124
23.122419554 8073938776 1334738 113315  104
23.134405628 8075273690 1334914 113320  154
23.146416940 8076608537 1334847 113321  112
23.158402584 8082876046 6267509 103871  23244
23.169428040 8089391919 6515873 113307  26938
23.181405387 8098701358 9309439 103863  46118
23.192404768 8101545579 2844221 103881  14511
23.203418047 8110851890 9306311 103871  46614
23.214404345 8117724593 6872703 113331  28995
23.226404656 8124032448 6307855 113322  32951
23.238407350 8126240937 2208489 103869  61569
23.249419926 8133601146 7360209 113307  58602
23.261406336 8141561244 7960098 113306  35470
23.273404401 8148868556 7307312 113312  33074
23.285417629 8154878953 6010397 103872  43084
23.296407123 8161736155 6857202 113318  29734
23.308407435 8171195626 9459471 103882  46027
23.319414893 8173541817 2346191 113351  27289
23.331420495 8175641033 2099216 103877  78667
23.342406012 8177959548 2318515 103862  103156
23.353407437 8180493806 2534258 103875  85994
23.364420119 8190049801 9555995 103874  45848
23.375405713 8196922436 6872635 113310  29754
23.387404585 8202616783 5694347 113347  25654
23.399406986 8210166914 7550131 103882  43937
23.410417474 8217174751 7007837 103879  30633
23.421407832 8224924885 7750134 113307  34880
23.433408530 8227082980 2158095 103877  39537
23.444418956 8232069839 4986859 103874  71484
23.455405669 8239394376 7324537 113305  32786
23.467413984 8248662262 9267886 103876  45611
23.478405799 8252418692 3756430 113327  26621
23.490418421 8261719481 9300789 103872  45678
23.501408579 8268579798 6860317 113317  30441
23.513405479 8274280190 5700392 113310  28199
23.525420214 8276700736 2420546 113343  81976
23.537410115 8278800498 2099762 103888  91457
23.548407890 8281118889 2318391 103871  103594
23.559411202 8283175819 2056930 103876  85974
23.570416377 8285494270 2318451 103882  103660
23.581416618 8287813790 2319520 103888  103692
23.592403176 8290133785 2319995 103885  103682
23.603416008 8296564733 6430948 113321  50613
23.615407499 8303969486 7404753 103893  32684
23.626416074 8312246098 8276612 113313  37577
23.638408111 8317075936 4829838 103874  27441
23.649418083 8324589752 7513816 113323  33660
23.661405387 8333380290 8790538 103863  42507
23.672407266 8336896307 3516017 113320  15220
23.684420094 8339766522 2870215 113332  89402
23.696409788 8349199529 9433007 103872  45221
23.707418310 8356075888 6876359 113321  29575
23.719405131 8361762236 5686348 113337  25203
23.731417136 8369333878 7571642 103851  41612
23.742406313 8376234265 6900387 103893  31651
23.753407448 8384057825 7823560 113304  35671
23.765416286 8386216337 2158512 103881  41628
23.776414151 8388315805 2099468 103875  85836
23.787408886 8390633595 2317790 103855  103541
23.798404674 8395766427 5132832 113316  79235
23.810417525 8403085588 7319161 113308  30609
23.822406020 8412343893 9258305 103863  45074
23.833407664 8416106686 3762793 113330  24596
23.845418013 8425401929 9295243 103881  45956
23.856409450 8432219258 6817329 113307  29861
23.868408998 8437968069 5748811 113326  30180
23.880421183 8440176681 2208612 103868  68445
23.891419608 8447247838 7071157 103864  52216
23.902406872 8455302509 8054671 113329  35682
23.914405253 8462621253 7318744 113331  31290
23.926426505 8468650609 6029356 103878  33562
23.937406369 8475762373 7111764 113319  31442
23.949405391 8484936919 9174546 103877  44153
23.960421022 8487285546 2348627 113332  22033
23.972418674 8489384538 2098992 103868  85843
23.983409844 8491702831 2318293 103857  103650
23.994407430 8493968913 2266082 113331  95694
24.006416691 8496286954 2318041 103862  103546
24.017417030 8498605574 2318620 103877  103647
24.028405814 8500924156 2318582 103875  103680
24.039407272 8502916296 1992140 113321  91963
24.051416123 8505235233 2318937 103885  103684
24.062404505 8507553946 2318713 103886  103682
24.073417120 8509872749 2318803 103880  103644
24.084421291 8512191642 2318893 103872  103646
24.095417419 8514511833 2320191 103883  103669
24.106406547 8516831408 2319575 103878  103627
24.117403503 8519151627 2320219 103879  103649
24.128417054 8520814682 1663055 113335  92745
24.140404509 8529820766 9006084 113302  58457
24.152408540 8537114945 7294179 113323  30624
24.164419541 8543420378 6305433 113327  30099
24.176408582 8550038718 6618340 103876  39187
24.187406837 8557482871 7444153 103891  33769
24.198407952 8565709888 8227017 113315  37601
24.210417473 8567867759 2157871 103871  30611
24.221408931 8573074591 5206832 113313  82627
24.233414975 8580387031 7312440 113311  30739
24.245417364 8589349998 8962967 103858  43494
24.256420202 8592998599 3648601 113325  15134
24.268415700 8602656393 9657794 103874  47125
24.279420058 8609468701 6812308 113316  28820
24.291418632 8615282925 5814224 113341  25161
24.303420200 8617703471 2420546 113343  82442
24.315409921 8619802687 2099216 103870  93360
24.326420067 8622121176 2318489 103877  103670
24.337419105 8629513730 7392554 103880  45564
24.348407712 8636430310 6916580 103876  29773
24.359405161 8644319940 7889630 113315  37491
24.371416679 8649897612 5577672 103891  33943
24.382416960 8656652618 6755006 113328  28742
24.394408678 8665988045 9335427 103876  45944
24.405415646 8668936971 2948926 113315  19480
24.417417414 8672478487 3541516 113326  91068
24.429411268 8681460447 8981960 113311  40959
24.441417740 8689043618 7583171 103880  34185
24.452416291 8693880881 4837263 113340  18594
24.464421635 8701843460 7962579 103868  39553
24.475407166 8709473419 7629959 103877  36123
24.486418869 8716196968 6723549 113317  30795
24.498406093 8718354246 2157278 103873  54044
24.509409142 8720453462 2099216 103879  83770
24.520416702 8722772353 2318891 103889  103655
24.531425021 8724826379 2054026 103890  85797
24.542407882 8727144196 2317817 103867  103622
24.553407087 8729462461 2318265 103867  103652
24.564416613 8731780502 2318041 103871  103652
24.575417781 8735506348 3725846 103881  77310
24.586408302 8743786289 8279941 113331  36707
24.598405946 8751808124 8021835 103873  37211
24.609407115 8756173296 4365172 113316  22797
24.621406352 8764904201 8730905 103871  45028
24.632408588 8772134614 7230413 103861  39714
24.643406915 8778432646 6298032 113334  26915
24.655408750 8780852654 2420008 113311  63603
24.667420375 8787540497 6687843 113318  64234
24.679416849 8795028096 7487599 103880  33330
24.690418107 8803312996 8284900 113316  37528
24.702404554 8808053750 4740754 103869  30389
24.713409523 8815664014 7610264 113304  33240
24.725403814 8824674453 9010439 103869  43527
24.736421890 8827988714 3314261 113335  16244
24.748404587 8830298492 2309778 113313  91356
24.760419092 8832616757 2318265 103870  103651
24.771417230 8835852777 3236020 113331  92660
24.783407697 8845071835 9219058 113299  42830
24.795403978 8852108385 7036550 103877  31031
24.806406147 8857457550 5349165 113324  22828
24.818417105 8865435611 7978061 103882  43216
24.829404316 8872482507 7046896 103885  32327
24.840413301 8879814230 7331723 113327  32773
24.852414835 8881974369 2160139 103892  51851
24.863419191 8887610909 5636540 103862  76422
24.874415498 8894228304 6617395 113313  26390
24.886417860 8904258906 10030602 103874  49776
24.897406718 8907734895 3475989 113328  15817
24.909419733 8916814344 9079449 113304  42848
24.921417187 8924144671 7330327 103871  34623
24.932405431 8929175612 5030941 113331  26002
24.944408520 8931384868 2209256 103887  75258
24.955408134 8933483244 2098376 103869  93647
24.966416916 8935800903 2317659 103851  103634
24.977418498 8937854817 2053914 103904  85427
24.988414029 8940173456 2318639 103869  103656
24.999405774 8942492243 2318787 103876  103691
25.010415503 8944811404 2319161 103897  103705
25.021420691 8946594774 1783370 103899  82915
25.032407496 8948913121 2318347 103863  103648
25.043418234 8951231304 2318183 103862  103654
25.054406442 8953550017 2318713 103885  103678
25.065406474 8955868954 2318937 103889  103695
25.076405932 8958187891 2318937 103881  103692
25.087416270 8960506604 2318713 103886  103685
25.098407735 8962825317 2318713 103885  103685
25.109420937 8964060730 1235413 103886  81444
25.120416252 8966379891 2319161 103890  103698
25.131416796 8968698828 2318937 103889  103692
25.142417212 8971017989 2319161 103889  103652
25.153416359 8973336595 2318606 103871  103621
25.164418315 8975655415 2318820 103885  103639
25.175415206 8977974800 2319385 103904  103611
25.186415664 8980293779 2318979 103880  103615
25.197404525 8982613458 2319679 103885  103641
25.208408418 8984933835 2320377 103891  103686
25.219419332 8987253895 2320060 103878  103732
25.230404504 8989573666 2319771 103894  103709
25.241415888 8991893662 2319996 103878  103730
25.252416344 8994213432 2319770 103859  103716
25.263403172 8996533875 2320443 103881  103733
25.274417117 8998731450 2197575 113346  93926
25.286426732 8999690712 959262 113330  111972
25.298419856 9007530995 7840283 103867  56160
25.309403294 9014940545 7409550 103881  33034
25.320420423 9021886097 6945552 113318  29542
25.332418373 9027929583 6043486 103880  36510
25.343405098 9035046128 7116545 113311  31290
25.355408342 9044174206 9128078 103874  44448
25.366417068 9046518023 2343817 113328  17383
25.378416602 9049851723 3333700 103872  82845
25.389408704 9058817161 8965438 113324  41399
25.401419005 9066151148 7333987 103876  33775
25.412405089 9071178907 5027759 113323  29674
25.424419914 9079150922 7972015 103866  40102
25.435417976 9086176305 7025383 103883  32661
25.446405404 9093486114 7309809 113313  31052
25.458407502 9095644433 2158319 103874  47956
25.469408860 9097743649 2099216 103878  89892
25.480415965 9100061466 2317817 103858  103634
25.491406039 9105015992 4954526 103884  72485
25.502403217 9112349714 7333722 113316  30580
25.514420542 9121308110 8958396 103877  43929
25.525406030 9124958618 3650508 113341  17561
25.537408739 9134605506 9646888 103865  48599
25.548404720 9141393751 6788245 113329  29022
25.560415737 9147226343 5832592 113324  23643
25.572418306 9149435431 2209088 103883  72275
25.583417787 9156483546 7048115 103890  51978
25.594407435 9164569209 8085663 113318  35821
25.606418160 9171883364 7314155 113315  33043
25.618417884 9177881726 5998362 103875  36065
25.629412822 9184666884 6785158 113313  30631
25.641417187 9194211321 9544437 103874  46564
25.652419295 9196561146 2349825 113338  21464
25.664419740 9198660312 2099166 103873  83347
25.675406168 9200978997 2318685 103877  103675
25.686417626 9203245359 2266362 113334  95423
25.698420144 9205564007 2318648 103874  103657
25.709404299 9207882561 2318554 103883  103669
25.720415964 9210200747 2318186 103860  103653
25.731430769 9213161974 2961227 113327  91140
25.743419760 9222431734 9269760 113310  42920
25.755404591 9229471788 7040054 103890  31389
25.766419493 9234823026 5351238 113322  25999
25.778419517 9242808678 7985652 103892  42849
25.789406965 9249865089 7056411 103861  31420
25.800417544 9257180379 7315290 113307  31293
25.812417141 9259341050 2160671 103916  39636
25.823407866 9264960035 5618985 103876  72916
25.834407787 9271584009 6623974 113312  26219
25.846417079 9281336328 9752319 103871  49147
25.857417477 9284857387 3521059 113324  16467
25.869407142 9294089241 9231854 113319  43301
25.881416563 9301141244 7052003 103880  32042
25.892425404 9306488868 5347624 113316  23904
25.904419769 9308698628 2209760 103896  73554
25.915406777 9310797844 2099216 103883  93843
25.926421008 9313116109 2318265 103870  103659
25.937419141 9319988294 6872185 103882  47410
25.948418572 9327064578 7076284 103870  30608
25.959415600 9335349815 8285237 113322  38284
25.971408987 9340384566 5034751 103883  20661
25.982417743 9347698352 7313786 113307  32756
25.994419504 9356663962 8965610 103865  45029
26.005406162 9359979615 3315653 113316  20570
26.017421937 9363266085 3286470 113354  89059
26.029408484 9372484723 9218638 113315  42837
26.041415369 9379538266 7053543 103886  30786
26.052421467 9384882710 5344444 113322  22387
26.064419789 9392849790 7967080 103870  42268
26.075418047 9399910306 7060516 103874  31843
26.086406881 9407227403 7317097 113331  31005
26.098416559 9409596700 2369297 113336  54612
26.110408924 9411696588 2099888 103887  85358
26.121405228 9414014987 2318399 103868  103664
26.132418183 9416071969 2056982 103873  85980
26.143407929 9418390192 2318223 103855  103634
26.154418920 9420708051 2317859 103864  103641
26.165407625 9423026092 2318041 103868  103654
26.176416213 9424806774 1780682 103871  80921
26.187413264 9427125487 2318713 103890  103667
26.198417106 9429443752 2318265 103868  103659
26.209417081 9431762241 2318489 103874  103674
26.220407179 9434081132 2318891 103873  103687
26.231404928 9436399189 2318057 103857  103652
26.242406325 9438717666 2318477 103870  103672
26.253403904 9441035973 2318307 103876  103677
26.264404792 9442979353 1943380 113320  91665
26.276417370 9452518362 9539009 103867  45768
26.287404738 9459376200 6857838 113321  28630
26.299407040 9465089992 5713792 113325  23512
26.311407787 9472640608 7550616 103867  42121
26.322407579 9479678410 7037802 103868  31700
26.333416520 9487397441 7719031 113308  34110
26.345406145 9489555125 2157684 103895  38198
26.356405803 9494552895 4997770 103888  78993
26.367405964 9501873876 7320981 113321  30608
26.379419963 9511186033 9312157 103859  45509
26.390405414 9514953777 3767744 113319  13686
26.402407621 9524190926 9237149 103870  45581
26.413425317 9531083343 6892417 113317  30752
26.425417431 9536754575 5671232 113333  27327
26.437417676 9538963402 2208827 103867  69273
26.448408044 9541063327 2099925 103909  90585
26.459404562 9543382264 2318937 103893  103692
26.470419253 9549808357 6426093 103866  49471
26.481419946 9557355711 7547354 103874  33450
26.492415337 9565620763 8265052 113317  38547
26.504421539 9570364987 4744224 103887  28400
26.515418503 9577983420 7618433 113323  32481
26.527417817 9586759334 8775914 103864  42752
26.538405932 9590282869 3523535 113338  23322
26.550418814 9593145484 2862615 113309  86300
26.562419961 9602580585 9435101 103877  45251
26.573406470 9609431008 6850423 113321  28975
26.585415844 9615150704 5719696 113317  25736
26.597416728 9622673987 7523283 103863  41578
26.608405916 9629582073 6908086 103880  32086
26.619406095 9637447606 7865533 113310  35862
26.631418463 9639606373 2158767 103886  40437
26.642431578 9641705813 2099440 103884  88382
26.653405003 9644024078 2318265 103867  103534
26.664407331 9646078058 2053980 103900  86900
26.675416172 9648397219 2319161 103891  103683
26.686415637 9650715932 2318713 103878  103669
26.697404499 9653035765 2319833 103913  103733
26.708416740 9655856756 2820991 103879  78312
26.719406332 9665064125 9207369 113303  42335
26.731407519 9672520522 7456397 103870  33824
26.742419018 9677430482 4909960 113326  27798
26.754419472 9685397437 7966955 103869  42803
26.765417264 9692430813 7033376 103874  32773
26.776416712 9699742708 7311895 113318  30984
26.788417897 9702113157 2370449 113314  52224
26.800409341 9708252289 6139132 113296  65459
26.812415962 9715322747 7070458 103883  30704
26.823418551 9724599860 9277113 113331  42959
26.835417442 9728656636 4056776 103878  22903
26.846417623 9736923335 8266699 113317  37267
26.858417535 9744974736 8051401 103863  37370
26.869418973 9749356736 4382000 113335  24323
26.881405663 9751566048 2209312 103883  84568
26.892421019 9753665040 2098992 103867  94040
26.903405757 9755983679 2318639 103873  103673
26.914417645 9763791351 7807672 103870  38009
26.925403566 9770826141 7034790 103865  31724
26.936427372 9778140852 7314711 113332  32540
26.948419840 9784162582 6021730 103895  39379
26.959420271 9791229816 7067234 113317  31150
26.971404886 9800454866 9225050 103868  44566
26.982407677 9802803355 2348489 113335  27138
26.994406392 9806102815 3299460 103877  72721
27.005408477 9815122093 9019278 113317  41422
27.017420908 9822576725 7454632 103871  34219
27.028408953 9827487610 4910885 113325  22559
27.040405610 9835472206 7984596 103877  43957
27.051417595 9842475187 7002981 103865  34201
27.062403563 9849793482 7318295 113324  31039
27.074416468 9851952725 2159243 103895  49684
27.085404739 9854052613 2099888 103895  91233
27.096434532 9856371326 2318713 103878  103671
27.107406986 9858427098 2055772 103877  87783
27.118416898 9860745587 2318489 103876  103654
27.129415686 9863064266 2318679 103873  103663
27.140406787 9865383013 2318747 103888  103694
27.151406146 9867163695 1780682 103878  81953
27.162403671 9869481846 2318151 103858  103642
27.173406812 9871799777 2317931 103854  103647
27.184407384 9874118042 2318265 103864  103659
27.195419616 9876436221 2318179 103858  103653
27.206404077 9878754124 2317903 103864  103656
27.217404652 9881072389 2318265 103868  103664
27.228403757 9883390878 2318489 103875  103672
27.239429182 9884922859 1531981 113313  91071
27.251405679 9887158926 2236067 103894  103689
27.262419195 9889477191 2318265 103871  103660
27.273407326 9891796128 2318937 103884  103697
27.284404761 9894114841 2318713 103879  103688
27.295420266 9896433188 2318347 103860  103666
27.306403671 9898752438 2319250 103886  103702
27.317419566 9901070980 2318542 103874  103682
27.328404807 9903389693 2318713 103873  103683
27.339416420 9905708320 2318627 103871  103682
27.350405523 9908027119 2318799 103884  103693
27.361405949 9910346728 2319609 103904  103721
27.372404734 9912665441 2318713 103876  103684
27.383424583 9914983930 2318489 103871  103675
27.394416474 9917302419 2318489 103880  103675
27.405417009 9919621462 2319043 103887  103695
27.416417197 9920814275 1192813 113323  91698
27.428407177 9922302002 1487727 103878  103683
27.439420153 9924620939 2318937 103878  103691
27.450418581 9926939652 2318713 103877  103684
27.461416336 9929259261 2319609 103909  103669
27.472418321 9931577526 2318265 103873  103611
27.483407016 9933896463 2318937 103891  103630
27.494418978 9936215848 2319385 103900  103609
27.505404222 9938534785 2318937 103889  103612
27.516416161 9940852969 2318184 103862  103582
27.527416459 9943171567 2318598 103881  103644
27.538416270 9945490448 2318881 103886  103696
27.549405572 9947809189 2318741 103880  103686
27.560404377 9950128154 2318965 103883  103694
27.571420069 9952446983 2318829 103879  103689
27.582407323 9954765263 2318280 103866  103658
27.593415828 9957084093 2318830 103877  103692
27.604418247 9959403639 2319546 103870  103714
27.615403812 9961723858 2320219 103894  103722
27.626403866 9964044077 2320219 103887  103732
27.637419212 9966364072 2319995 103881  103732
27.648418127 9968684496 2320424 103895  103726
27.659417065 9971004509 2320013 103882  103735
27.670405269 9973324056 2319547 103881  103724
27.681418908 9975644051 2319995 103885  103714
27.692405620 9977964269 2320218 103888  103725
27.703419521 9980284488 2320219 103885  103741
27.714416590 9982604707 2320219 103894  103731
27.725405601 9984924927 2320220 103892  103723
27.736417803 9987244921 2319994 103894  103742
27.747405464 9989565140 2320219 103881  103731
27.758417012 9991640982 2075842 113321  92119
27.770403910 9992600203 959221 113332  113151
27.782403214 9993559469 959266 113334  113146
27.794406339 9994650863 1091394 59936  59706
27.805418497 9996037440 1386577 11948  11755
27.816420010 9997424049 1386609 11951  11756
27.827421851 9998810631 1386582 11954  11732
27.838425049 10000197286 1386655 11947  11701
27.849424027 10001583939 1386653 11949  11680
27.860411362 10002970605 1386666 11943  11692
27.871426574 10004357334 1386729 11951  11691
27.882422225 10005743899 1386565 11940  11730
27.893411043 10007130539 1386640 11951  11781
27.904424075 10008517135 1386596 11946  11780
27.915424637 10009903651 1386516 11951  11784
27.926424035 10011290380 1386729 11943  11781
27.937412090 10012677065 1386685 11949  11782
27.948411811 10014063664 1386599 11950  11777
27.959410353 10015450298 1386634 11948  11778
27.970420291 10016836936 1386638 11952  11779
27.981413387 10018223532 1386596 11952  11779
27.992427645 10019610218 1386686 11944  11777
28.003423936 10020996975 1386757 11947  11783
28.014425641 10022383599 1386624 11952  11787
28.025412076 10023770315 1386716 11943  11778
28.036423975 10025157027 1386712 11945  11781
28.047425623 10026543621 1386594 11943  11776
28.058413371 10027930382 1386761 11942  11776
28.069413013 10029317139 1386757 11955  11792
28.080424888 10030703734 1386595 11942  11775
28.091427152 10032090330 1386596 11943  11779
28.102424630 10033476939 1386609 11946  11774
28.113428166 10034863548 1386609 11951  11777
28.124425191 10036250247 1386699 11944  11778
28.135428925 10037636923 1386676 11949  11787
28.146413597 10039023522 1386599 11949  11783
28.157413285 10040410119 1386597 11945  11779
28.168428617 10041796740 1386621 11942  11779
28.179427515 10043183427 1386687 11949  11779
28.190422043 10044570082 1386655 11943  11780
28.201423432 10045956659 1386577 11949  11787
28.212425010 10047343375 1386716 11944  11780
28.223425035 10048730026 1386651 11945  11780
28.234412564 10050116698 1386672 11949  11782
28.245413557 10051503470 1386772 11939  11779
28.256424990 10052890079 1386609 11939  11781
28.267431478 10054297535 1407456 19700  17775
28.280415395 10056859007 2561472 103917  75753
28.291428720 10059417042 2558035 103905  75624
28.302432216 10061979682 2562640 103911  75777
28.313419627 10064540201 2560519 103910  75625
28.324421258 10067101306 2561105 103908  75657
28.335421183 10069651710 2550404 103911  75329
28.346429245 10072216511 2564801 103907  75764
28.357419703 10074777244 2560733 103917  75633
28.368424001 10077336377 2559133 103902  75574
28.379421689 10079895569 2559192 103914  75601
28.390432402 10082455880 2560311 103910  75639
28.401419446 10085005476 2549596 103908  75346
28.412428384 10087563295 2557819 103899  75624
28.423415432 10090122403 2559108 103909  75658
28.434431505 10092685051 2562648 103912  75760
28.445419466 10095247522 2562471 103911  75785
28.456432304 10097812935 2565413 103909  75833
28.467432106 10100369505 2556570 103899  75551
28.478434164 10102928658 2559153 103923  75669
28.489419816 10105485130 2556472 103900  75589
28.500417527 10108042354 2557224 103904  75600
28.511432069 10110598386 2556032 103911  75566
28.522421337 10113160897 2562511 103914  75719
28.533422092 10115716595 2555698 103915  75541
28.544431197 10118284668 2568073 103910  75929
28.555442506 10120844100 2559432 103910  75652
28.566434130 10123405995 2561895 103915  75753
28.577415428 10125965792 2559797 103916  75704
28.588430106 10128527767 2561975 103907  75737
28.599431845 10131085679 2557912 103918  75601
28.610421527 10133647347 2561668 103909  75736
28.621422508 10136213334 2565987 103915  75875
28.632432250 10138767458 2554124 103894  75504
28.643432688 10141325051 2557593 103918  75573
28.654430930 10143881558 2556507 103900  75580
28.665433272 10146438282 2556724 103917  75587
28.676430752 10149006138 2567856 103912  75902
28.687419104 10151570517 2564379 103912  75792
28.698421123 10154137603 2567086 103919  75910
28.709426421 10156701505 2563902 103909  75790
28.720433490 10159256857 2555352 103918  75539
28.731429008 10161813766 2556909 103900  75579
28.742420586 10164378524 2564758 103921  75817
28.753434318 10166937956 2559432 103901  75634
28.764432002 10169500686 2562730 103914  75742
28.775431764 10172062954 2562268 103900  75776
28.786419419 10174621198 2558244 103912  75619
28.797419960 10177173483 2552285 103903  75428
28.808429186 10179739722 2566239 103908  75864
28.819431980 10182300169 2560447 103904  75714
28.830419522 10184866937 2566768 103915  75862
28.841421294 10187424554 2557617 103914  75596
28.852442469 10189984430 2559876 103907  75690
28.863433717 10192540481 2556051 103919  75558
28.874421141 10195105556 2565075 103903  75816
28.885417929 10197664573 2559017 103917  75642
28.896432268 10200225181 2560608 103895  75720
28.907419140 10202784369 2559188 103922  75656
28.918432209 10205347400 2563031 103913  75760
28.929432593 10207243801 1896401 113350  94540
28.941433425 10207809637 565836 113342  113181
28.953414408 10208375508 565871 113344  113179
28.965405163 10208941384 565876 113338  113180
28.977416237 10209507151 565767 113326  113159
28.989406682 10210072916 565765 113321  113161
29.001415426 10210638702 565786 113321  113155
29.013416771 10211204489 565787 113323  113159
29.025407455 10211770229 565740 113320  113160
29.037405417 10213304099 1533870 103876  86914
29.048424111 10215841702 2537603 103907  67355
29.059423933 10217328268 1486566 113337  101486
29.071411331 10218120262 791994 113337  112677
29.083416095 10218911892 791630 113331  113145
29.095421197 10219703998 792106 113317  113158
29.107429465 10220495600 791602 113335  113170
29.119418149 10221287419 791819 113317  113150
29.131425077 10222079238 791819 113336  113175
29.143427118 10222871022 791784 113347  113181
29.155439022 10223663184 792162 113346  113184
29.167416800 10224454772 791588 113323  113166
29.179417158 10225246682 791910 113330  113171
29.191432459 10226038207 791525 113314  113161
29.203432424 10226830348 792141 113335  113180
29.215411955 10227621901 791553 113334  113179
29.227426729 10228413300 791399 113322  113160
29.239427840 10229205413 792113 113326  113160
29.251430128 10229997092 791679 113337  113182
29.263430463 10230789093 792001 113330  113164
29.275421540 10231580835 791742 113347  113187
29.287431915 10232372962 792127 113324  113171
29.299413196 10233164557 791595 113326  113166
29.311416174 10233956194 791637 113336  113182
29.323427298 10234748230 792036 113334  113176
29.335433949 10235539681 791451 113322  113157
29.347430574 10236331756 792075 113347  113193
29.359420031 10237123379 791623 113321  113167
29.371419676 10237915332 791953 113322  113159
29.383426321 10238706975 791643 113342  113184
29.395414999 10239498451 791476 113331  113156
29.407416523 10240290536 792085 113329  113171
29.419416391 10241081948 791412 113329  113165
29.431414022 10241874020 792072 113323  113164
29.443427870 10242665615 791595 113335  113168
29.455418211 10243457812 792197 113331  113172
29.467426369 10244249323 791511 113326  113167
29.479425416 10245040771 791448 113324  113162
29.491429505 10245766057 725286 113343  112635
29.503416622 10246444956 678899 113320  112427
29.515421787 10247124203 679247 113332  112813
29.527421571 10247803438 679235 113330  112964
29.539420898 10248482376 678938 113325  112949
29.551404160 10249161695 679319 113330  112989
29.563407257 10249840869 679174 113338  112996
29.575418326 10250519756 678887 113326  112950
29.587415823 10251199033 679277 113321  112971
29.599403965 10251878154 679121 113337  112981
29.611406299 10252557305 679151 113311  112952
29.623415317 10253236390 679085 113325  112978
29.635418071 10253915346 678956 113326  112960
29.647405209 10254594401 679055 113319  112945
29.659409030 10255273504 679103 113326  112986
29.671420375 10255952649 679145 113329  112971
29.683415589 10256632070 679421 113349  112999
29.695409384 10257311161 679091 113334  112988
29.707405471 10257990237 679076 113323  112960
29.719416759 10258669053 678816 113335  112953
29.731404780 10259348113 679060 113321  112994
29.743408051 10260027253 679140 113332  112973
29.755405006 10260706373 679120 113312  112992
29.767404963 10261385467 679094 113337  112991
29.779419725 10262064807 679340 113335  113011
29.791418977 10262743771 678964 113326  112975
29.803423567 10263422764 678993 113322  112972
29.815408471 10264101834 679070 113323  112979
29.827424003 10264780876 679042 113324  112986
29.839407877 10265459700 678824 113328  112964
29.851405842 10266138824 679124 113342  112986
29.863419306 10266817450 678626 113315  112928
29.875417771 10267496556 679106 113321  112984
29.887404698 10268175694 679138 113330  112994
29.899417097 10268854555 678861 113325  112966
29.911419518 10269533621 679066 113333  112979
29.923416359 10270212519 678898 113326  112965
29.935416550 10270964876 752357 113326  112946
29.947421778 10271756723 791847 113327  113134
29.959434226 10272548276 791553 113322  113161
29.971415084 10273340326 792050 113317  113149
29.983415591 10274131872 791546 113335  113177
29.995417639 10274923614 791742 113330  113172
30.007430178 10275715559 791945 113346  113183
30.019431775 10276507105 791546 113333  113171
30.031417642 10277298994 791889 113327  113161
30.043417227 10278090526 791532 113332  113163
30.055412048 10278882604 792078 113323  113164
30.067427246 10279674248 791644 113336  113182
30.079418117 10280466214 791966 113323  113167
30.091428772 10281257830 791616 113328  113176
30.103416606 10282049467 791637 113330  113171
30.115440301 10282841566 792099 113331  113171
30.127418738 10283633105 791539 113317  113159
30.139425716 10284424994 791889 113320  113156
30.151432294 10285216631 791637 113335  113174
30.163432082 10286008842 792211 113348  113193
30.175420770 10286800472 791630 113328  113172
30.187419538 10287592144 791672 113351  113196
30.199436102 10288384306 792162 113342  113180
30.211434044 10289176023 791717 113332  113176
30.223412381 10289968182 792159 113332  113178
30.235425816 10290759784 791602 113345  113179
30.247428910 10291551890 792106 113339  113174
30.259415014 10292343338 791448 113331  113163
30.271441429 10293134891 791553 113331  113171
30.283419566 10293927032 792141 113338  113181
30.295429131 10294718466 791434 113320  113161
30.307412665 10295510537 792071 113338  113176
30.319414900 10296302111 791574 113316  113160
30.331416715 10297094119 792008 113329  113163
30.343428126 10297885588 791469 113327  113161
30.355430467 10298677274 791686 113339  113172
30.367419558 10299348345 671071 103902  103314
30.378416326 10300027514 679169 113333  112453
30.390420325 10300706593 679079 113333  112764
30.402418879 10301385378 678785 113329  112931
30.414411127 10302064382 679004 113318  112936
30.426416291 10302743569 679187 113332  112985
30.438405352 10303422383 678814 113342  112951
30.450415270 10304101354 678971 113340  112964
30.462407534 10304780320 678966 113326  112958
30.474417572 10305459140 678820 113337  112960
30.486422103 10306138057 678917 113314  112942
30.498420858 10306817178 679121 113334  112986
30.510409329 10307495990 678812 113332  112949
30.522408397 10308175081 679091 113326  112964
30.534420862 10308854130 679049 113327  112990
30.546422146 10309533113 678983 113329  112966
30.558408474 10310212300 679187 113326  112977
30.570381037 10310891253 678953 113319  112965
30.582421422 10311569918 678665 113329  112932
30.594433074 10312249037 679119 113332  112977
30.606406805 10312927969 678932 113337  112977
30.618420733 10313607021 679052 113321  112969
30.630422617 10314285994 678973 113324  112983
30.642419795 10314964845 678851 113326  112967
30.654409959 10315643867 679022 113326  112968
30.666420961 10316322861 678994 113332  112986
30.678420535 10317001686 678825 113329  112978
30.690418913 10317680828 679142 113329  112981
30.702422384 10318359630 678802 113319  112966
30.714408338 10319038634 679004 113327  112971
30.726405263 10319717428 678794 113320  112947
30.738405351 10320396264 678836 113329  112965
30.750429932 10321075322 679058 113324  112979
30.762420327 10321754268 678946 113325  112974
30.774415511 10322432949 678681 113320  112943
30.786404252 10323112027 679078 113316  112968
30.798407023 10323790757 678730 113308  112928
30.810405604 10324122447 331690 54608  54278
30.829957714 10324123634 1187 56  0
30.846979797 10324124953 1319 91  8
30.861667485 10324126140 1187 53  1
30.870115772 10324129419 3279 213  48
