0.010096109 46820057 46820057 9206  58
0.010099782 57920581 57920581 9126  68
0.010107940 44915037 44915037 8997  81
0.023586480 121301302 76386265 255  9
0.023949372 123156772 76336715 285  8
0.026307980 134368410 76447829 288  1
0.039511953 196039236 74737934 19859  489
0.039911471 196001200 72844428 14439  464
0.042228231 196001522 61633112 14466  353
0.055663218 198404426 2403226 159566  10935
0.055977596 198406429 2404907 159524  6368
0.056262064 198687253 2648017 168288  9000
0.067660997 202164083 3759657 169960  18736
0.067966372 202171306 3764877 169953  11453
0.068264406 202503299 3816046 169961  12968
0.079656831 206043276 3879193 169979  10793
0.079962297 206053730 3882424 169956  6134
0.080260812 206322566 3819267 169953  5800
0.091656290 209913220 3869944 169949  8807
0.091964372 209930849 3877119 169967  5122
0.092258783 210185260 3862694 169955  4504
0.103656296 213782024 3868804 169946  7869
0.103972641 213806612 3875763 169962  4758
0.104243332 214053623 3868363 169953  4062
0.115659307 217655696 3873672 169970  7415
0.115960356 217685732 3879120 169963  4302
0.116243674 217918455 3864832 169946  4324
0.127641296 221531185 3875489 169960  6988
0.127960797 221567330 3881598 169968  4024
0.128242636 221789512 3871057 169955  7009
0.139642424 225406506 3875321 169959  7524
0.139970946 225445272 3877942 169949  4003
0.140243282 225600359 3810847 169936  7811
0.151655543 229278317 3871811 169971  8586
0.151959531 229321411 3876139 169952  3935
0.152257173 229461175 3860816 169942  8472
0.163655312 233147733 3869416 169933  7523
0.163960350 233191285 3869874 169957  3826
0.164256885 233318647 3857472 169953  10091
0.175655337 236966959 3819226 169929  6808
0.175972619 237063672 3872387 169952  3664
0.176244868 237179320 3860673 169965  9607
0.187668176 240814734 3847775 169955  6625
0.187984498 240931545 3867873 169958  3565
0.188270409 241033262 3853942 169947  9572
0.199656935 244665712 3850978 169947  6440
0.199973493 244793626 3862081 169965  3237
0.200244631 244882120 3848858 169958  9303
0.211653404 248561800 3896088 169958  6257
0.211960054 248696430 3902804 169968  3314
0.212257497 248779493 3897373 169960  9452
0.223656115 252467581 3905781 169954  6762
0.223959306 252607123 3910693 169965  3305
0.224247732 252680567 3901074 169959  9102
0.235643528 256368431 3900850 169962  6620
0.235973542 256521515 3914392 169957  3446
0.236257681 256576627 3896060 169958  9111
0.247642982 260259280 3890849 169936  6523
0.247973847 260467868 3946353 169954  3402
0.248245089 260467237 3890610 169953  9370
0.259655368 264149589 3890309 169963  6180
0.259972982 264363799 3895931 169964  3308
0.260243811 264356194 3888957 169955  10561
0.271659957 268032406 3882817 169954  5987
0.271973115 268251335 3887536 169961  3069
0.272258667 268238731 3882537 169961  9892
0.283643092 271912166 3879760 169954  5849
0.283972733 272137200 3885865 169964  3116
0.284256338 272117159 3878428 169966  9399
0.295642391 275789329 3877163 169941  5893
0.295974285 276019600 3882400 169941  3417
0.296245357 275992112 3874953 169951  9507
0.307655756 279672084 3882755 169948  6027
0.307960703 279912835 3893235 169968  3435
0.308257373 279870787 3878675 169964  9153
0.319642651 283573727 3901643 169943  5847
0.319971969 283790853 3878018 169983  3719
0.320257207 283741643 3870856 169968  9482
0.331644927 287475465 3901738 169946  5799
0.331961408 287665238 3874385 169951  3291
0.332246272 287608557 3866914 169968  10008
0.343652405 291343400 3867935 169964  6169
0.343969516 291598142 3932904 169955  3108
0.344270115 291472215 3863658 169970  10195
0.355645394 295206676 3863276 169953  6043
0.355973938 295464493 3866351 169958  3266
0.356244390 295328735 3856520 169970  9774
0.367643623 299068290 3861614 169953  5768
0.367976870 299335704 3871211 169935  3262
0.368256518 299183553 3854818 169953  10280
0.379643744 302932606 3864316 169948  5833
0.379973975 303199405 3863701 169963  3269
0.380246547 303033064 3849511 169956  9309
0.391642923 306790783 3858177 169966  5784
0.391960694 307121370 3921965 169945  3434
0.392257183 306882544 3849480 169965  9107
0.403656232 310680405 3889622 169946  5679
0.403961889 310990941 3869571 169970  3295
0.404257254 310746096 3863552 169948  10482
0.415656074 314583269 3902864 169963  5519
0.415961861 314867937 3876996 169949  5874
0.416255643 314611480 3865384 169969  9803
0.427645526 318438508 3855239 169945  5677
0.427976693 318736050 3868113 169951  9133
0.428257872 318468326 3856846 169960  9320
0.439643791 322301334 3862826 169951  5599
0.439960945 322658924 3922874 169940  5229
0.440244093 322322933 3854607 169940  9866
0.451655993 326160268 3858934 169955  5732
0.451950723 326519567 3860643 169953  4393
0.452255956 326229027 3906094 169940  9970
0.463642532 330067874 3907606 169941  5915
0.463973076 330377805 3858238 169961  4308
0.464258088 330074882 3845855 169949  9097
0.475643930 333907457 3839583 169936  6088
0.475960327 334280761 3902956 169964  4063
0.476245553 333910827 3835945 169948  10436
0.487655472 337753113 3845656 169950  5924
0.487974043 338134510 3853749 169944  3956
0.488245165 337754142 3843315 169935  9615
0.499662454 341600859 3847746 169976  6218
0.499969988 341988429 3853919 169953  3604
0.500265001 341598238 3844096 169957  9433
0.511657347 345497937 3897078 169953  6502
0.511959946 345888365 3899936 169958  3511
0.512244152 345435306 3837068 169937  9222
0.523655975 349333545 3835608 169956  6310
0.523973242 349732909 3844544 169947  3268
0.524255488 349318761 3883455 169964  9151
0.535655880 353172331 3838786 169959  6303
0.535973340 353627917 3895008 169945  3394
0.536257082 353143943 3825182 169939  8797
0.547655166 357060547 3888216 169945  5901
0.547962175 357462596 3834679 169947  3451
0.548257078 356970663 3826720 169943  9272
0.559656001 360883246 3822699 169955  5768
0.559972927 361299714 3837118 169941  3307
0.560246376 360792863 3822200 169955  10075
0.571643720 364712337 3829091 169968  5786
0.571959462 365185711 3885997 169948  3261
0.572244868 364667789 3874926 169959  9872
0.583644398 368618268 3905931 169957  5606
0.583961001 369054447 3868736 169957  3247
0.584244887 368512627 3844838 169946  9287
0.595655933 372488883 3870615 169942  5829
0.595959823 372982311 3927864 169960  3149
0.596244862 372382383 3869756 169953  9492
0.607654932 376367958 3879075 169943  5924
0.607959075 376851433 3869122 169950  3609
0.608256624 376291039 3908656 169948  8938
0.619642270 380263069 3895111 169954  5709
0.619960550 380765611 3914178 169963  3657
0.620244440 380141602 3850563 169933  9136
0.631656779 384120770 3857701 169952  5757
0.631973006 384632412 3866801 169959  3440
0.632245858 383991557 3849955 169944  9564
0.643656215 388025275 3904505 169954  5695
0.643971734 388540451 3908039 169961  3358
0.644256297 387893604 3902047 169953  9202
0.655651930 391874751 3849476 169957  5713
0.655968563 392411759 3871308 169949  3407
0.656266949 391734609 3841005 169949  9393
0.667643289 395774120 3899369 169944  5870
0.667973318 396302085 3890326 169955  3213
0.668246457 395631072 3896463 169942  9335
0.679642563 399622627 3848507 169954  5900
0.679972670 400212729 3910644 169969  3466
0.680257173 399468928 3837856 169951  8791
0.691644366 403516906 3894279 169951  5763
0.691974612 404057511 3844782 169937  3583
0.692245264 403306763 3837835 169946  9298
0.703643108 407360566 3843660 169971  5827
0.703961714 407952600 3895089 169948  3292
0.704244473 407190144 3883381 169940  9274
0.715643637 411242531 3881965 169959  5844
0.715973753 411793645 3841045 169953  3262
0.716245392 411020334 3830190 169953  9069
0.727642658 415078883 3836352 169972  5905
0.727959608 415692245 3898600 169943  3240
0.728255874 414903964 3883630 169957  9088
0.739643054 418960022 3881139 169968  6057
0.739974563 419574883 3882638 169945  3508
0.740259789 418731228 3827264 169945  9232
0.751655930 422818525 3858503 169955  5910
0.751972689 423407573 3832690 169946  3351
0.752255428 422605110 3873882 169946  10114
0.763642894 426667348 3848823 169971  5989
0.763972823 427297216 3889643 169949  3221
0.764256390 426424489 3819379 169943  9802
0.775643080 430563122 3895774 169971  5784
0.775974676 431195513 3898297 169947  2992
0.776257055 430313135 3888646 169954  10287
0.787642491 434399303 3836181 169958  5728
0.787972818 435040054 3844541 169951  3157
0.788256718 434145298 3832163 169950  9328
0.799654750 438286989 3887686 169968  5972
0.799971839 438927506 3887452 169950  2975
0.800258369 438022533 3877235 169954  9594
0.811642953 442172786 3885797 169968  6283
0.811959215 442814539 3887033 169953  3181
0.812263221 441850540 3828007 169951  10011
0.823651765 445994723 3821937 169945  6094
0.823981224 446700785 3886246 169951  3039
0.824254009 445719299 3868759 169941  9678
0.835655640 449863762 3869039 169964  5936
0.835961502 450524245 3823460 169948  2907
0.836258208 449589986 3870687 169941  9377
0.847643678 453733313 3869551 169959  6023
0.847972901 454395508 3871263 169954  2979
0.848244690 453398970 3808984 169953  9376
0.859656277 457554044 3820731 169971  5746
0.859974036 458280028 3884520 169943  3004
0.860258239 457263568 3864598 169942  9065
0.871647726 461425717 3871673 169945  6135
0.871974811 462149343 3869315 169964  3753
0.872256104 461084426 3820858 169941  9844
0.883643351 465288008 3862291 169968  6057
0.883964973 466024445 3875102 169941  3305
0.884258059 464940671 3856245 169961  9736
0.895655779 469151162 3863154 169943  5888
0.895971822 469838841 3814396 169959  3202
0.896245415 468789828 3849157 169958  9383
0.907656272 472956106 3804944 169959  5804
0.907962563 473702618 3863777 169937  2991
0.908245404 472593850 3804022 169948  9718
0.919655454 476804845 3848739 169940  5599
0.919959902 477563700 3861082 169953  3122
0.920245968 476440325 3846475 169953  9033
0.931642762 480654577 3849732 169960  5486
0.931974591 481407853 3844153 169952  3103
0.932245404 480278331 3838006 169942  9159
0.943654871 484530789 3876212 169948  5899
0.943973059 485317293 3909440 169951  3201
0.944257666 484138514 3860183 169952  9295
0.955654779 488478826 3948037 169937  5604
0.955959581 489318706 4001413 169942  3293
0.956243558 488067923 3929409 169950  8992
0.967643058 492463273 3984447 169948  6059
0.967973914 493323817 4005111 169953  3133
0.968244333 492058732 3990809 169953  10199
0.979651080 496449696 3986423 169964  6404
0.979980589 497320663 3996846 169939  3124
0.980265619 496044805 3986073 169956  10693
0.991656306 500441753 3992057 169942  5994
0.991962180 501319091 3998428 169965  3117
0.992258224 500030705 3985900 169954  9566
1.003655467 504430306 3988553 169967  6165
1.003961099 505309743 3990652 169953  3094
1.004245382 503955235 3924530 169950  9869
1.015643576 508411512 3981206 169959  6018
1.015961361 509294949 3985206 169942  2902
1.016257854 507933515 3978280 169958  9198
1.027643541 512385558 3974046 169953  5725
1.027972342 513277364 3982415 169941  2887
1.028244510 511901424 3967909 169953  9327
1.039655960 516364248 3978690 169953  5747
1.039961285 517261508 3984144 169949  2932
1.040244944 515871691 3970267 169950  9569
1.051642592 520338925 3974677 169946  5594
1.051960984 521241867 3980359 169959  2947
1.052243603 519838202 3966511 169947  9248
1.063642757 524313397 3974472 169959  6934
1.063961395 525212927 3971060 169957  3056
1.064257942 523807084 3968882 169954  10035
1.075656306 528246652 3933255 169939  7202
1.075972881 529183621 3970694 169963  3204
1.076257831 527772054 3964970 169945  10348
1.087643805 532184443 3937791 169971  6022
1.087972240 533149574 3965953 169960  3288
1.088257539 531669838 3897784 169958  10122
1.099642893 536140921 3956478 169976  6022
1.099960594 537114860 3965286 169945  3146
1.100255695 535625785 3955947 169957  9937
1.111653772 540094326 3953405 169957  5672
1.111972297 541076827 3961967 169940  3192
1.112245253 539574569 3948784 169950  9532
1.123655821 544105323 4010997 169956  5734
1.123972551 545031916 3955089 169950  3136
1.124255712 543518918 3944349 169958  9207
1.135651816 548071499 3966176 169957  5984
1.135968444 549003022 3971106 169949  3160
1.136264808 547479115 3960197 169958  9862
1.147644625 552036600 3965101 169965  5638
1.147960349 552974634 3971612 169951  3004
1.148243876 551438165 3959050 169948  9379
1.159656154 555993124 3956524 169952  5600
1.159971691 556932929 3958295 169944  3016
1.160245161 555391281 3953116 169963  9972
1.171656562 559944986 3951862 169959  6006
1.171973736 560951693 4018764 169951  2839
1.172256850 559342913 3951632 169951  11383
1.183642094 563898403 3953417 169953  5658
1.183960431 564897630 3945937 169942  3068
1.184245945 563284533 3941620 169960  9936
1.195643655 567843090 3944687 169957  6016
1.195973457 568841117 3943487 169964  3233
1.196265144 567228611 3944078 169964  9628
1.207656568 571790223 3947133 169973  5583
1.207962002 572788799 3947682 169945  3110
1.208256242 571163590 3934979 169957  9021
1.219654887 575732926 3942703 169944  5481
1.219961714 576736141 3947342 169960  3149
1.220257841 575099737 3936147 169958  9757
1.231645131 579672172 3939246 169951  5586
1.231973279 580688028 3951887 169947  2947
1.232245049 579037644 3937907 169968  9744
1.243642567 583664255 3992083 169956  5387
1.243960664 584678194 3990166 169954  3051
1.244248205 582981574 3943930 169948  9514
1.255655383 587595525 3931270 169950  5770
1.255973840 588612794 3934600 169955  2998
1.256245320 586954971 3973397 169949  9473
1.267656478 591525153 3929628 169953  5636
1.267973425 592549937 3937143 169960  2912
1.268243762 590876027 3921056 169964  10020
1.279642723 595455190 3930037 169948  5670
1.279974034 596481078 3931141 169960  3049
1.280243847 594802272 3926245 169944  10781
1.291653302 599376288 3921098 169951  5843
1.291981572 600467370 3986292 169947  3076
1.292252496 598721631 3919359 169943  9855
1.303655670 603353330 3977042 169947  5567
1.303960987 604399421 3932051 169947  3284
1.304245411 602641501 3919870 169953  9685
1.315654359 607316575 3963245 169956  5933
1.315972609 608374483 3975062 169948  3234
1.316256267 606593451 3951950 169944  9600
1.327643428 611281767 3965192 169953  5551
1.327961894 612393143 4018660 169952  3095
1.328257042 610605912 4012461 169949  9300
1.339641943 615251435 3969668 169959  5622
1.339973036 616353578 3960435 169950  2931
1.340243770 614556116 3950204 169957  9622
1.351658365 619242323 3990888 169945  5687
1.351960421 620371837 4018259 169956  2983
1.352256556 618502261 3946145 169970  9633
1.363655421 623197561 3955238 169945  5640
1.363972627 624320484 3948647 169942  3067
1.364244497 622449133 3946872 169962  9417
1.375643795 627146870 3949309 169949  6134
1.375973356 628270310 3949826 169955  3074
1.376244276 626404086 3954953 169949  10424
1.387642584 631141971 3995101 169953  5715
1.387972984 632267866 3997556 169953  2906
1.388245005 630380703 3976617 169952  9801
1.399654832 635085574 3943603 169954  5809
1.399969269 636215843 3947977 169949  3108
1.400256170 634316292 3935589 169959  9666
1.411643255 639082026 3996452 169953  5561
1.411973508 640216621 4000778 169949  2928
1.412255582 638253109 3936817 169950  9777
1.423655320 643018657 3936631 169943  5642
1.423960340 644154983 3938362 169960  3095
1.424256171 642235110 3982001 169958  9871
1.435655433 646948725 3930068 169967  5887
1.435960039 648097509 3942526 169953  3044
1.436256760 646159983 3924873 169949  10403
1.447655557 650931071 3982346 169957  5608
1.447972820 652075190 3977681 169958  2983
1.448244668 650091521 3931538 169957  9238
1.459663780 654854013 3922942 169961  5846
1.459968062 656032009 3956819 169951  3092
1.460263917 654066628 3975107 169954  10034
1.471643968 658830454 3976441 169943  6343
1.471974285 659984884 3952875 169957  3048
1.472257825 657986235 3919607 169949  10777
1.483643070 662749393 3918939 169961  6450
1.483971456 663941841 3956957 169945  3169
1.484243391 661896800 3910565 169963  10298
1.495643152 666740958 3991565 169960  6059
1.495973485 667903093 3961252 169958  3146
1.496245909 665878814 3982014 169957  9651
1.507642564 670670716 3929758 169947  5759
1.507971987 671895709 3992616 169964  3028
1.508258938 669804831 3926017 169953  9321
1.519655783 674653688 3982972 169953  5746
1.519973475 675829891 3934182 169961  2969
1.520257314 673780179 3975348 169945  9969
1.531643124 678577317 3923629 169966  5605
1.531960998 679808487 3978596 169969  3022
1.532257812 677699574 3919395 169950  9825
1.543655927 682551669 3974352 169950  5683
1.543960653 683733091 3924604 169956  2962
1.544256224 681672486 3972912 169964  9528
1.555654605 686465639 3913970 169958  5600
1.555959881 687706877 3973786 169965  2942
1.556258019 685586908 3914422 169965  9678
1.567642790 690425636 3959997 169965  5454
1.567972154 691673908 3967031 169953  2937
1.568243781 689545351 3958443 169962  9839
1.579655336 694339707 3914071 169951  5845
1.579961202 695596284 3922376 169950  2919
1.580256947 693451954 3906603 169948  11095
1.591643298 698305421 3965714 169951  5800
1.591973171 699565327 3969043 169973  3071
1.592244928 697412863 3960909 169957  10174
1.603643296 702269705 3964284 169959  6018
1.603974086 703524056 3958729 169974  3268
1.604245627 701318349 3905486 169968  9687
1.615664325 706175944 3906239 169960  5658
1.615967221 707491065 3967009 169972  3066
1.616265933 705267047 3948698 169945  9675
1.627643101 710125654 3949710 169948  5798
1.627961043 711394053 3902988 169952  3022
1.628244144 709166953 3899906 169935  9781
1.639655476 714079918 3954264 169953  5466
1.639972709 715344952 3950899 169961  3098
1.640245156 713110591 3943638 169952  9894
1.651643051 717976136 3896218 169955  5686
1.651973024 719294406 3949454 169968  3027
1.652258952 717054637 3944046 169951  9631
1.663656407 721946082 3969946 169969  5648
1.663961315 723303435 4009029 169953  2941
1.664257223 720946508 3891871 169938  9691
1.675655468 725989470 4043388 169945  5830
1.675973357 727300812 3997377 169949  2864
1.676244615 724973640 4027132 169942  9323
1.687642994 729998189 4008719 169968  5764
1.687958965 731352203 4051391 169953  2980
1.688257108 728963441 3989801 169956  9893
1.699643352 734022409 4024220 169948  5560
1.699973055 735393751 4041548 169954  3123
1.700244746 732994841 4031400 169960  9827
1.711642457 738062447 4040038 169949  5953
1.711961393 739434443 4040692 169952  2930
1.712244058 737028338 4033497 169954  9525
1.723641883 742097948 4035501 169951  5453
1.723972385 743471957 4037514 169954  2833
1.724245260 741064465 4036127 169942  9753
1.735655532 746125955 4028007 169967  5588
1.735959704 747509100 4037143 169948  2898
1.736256829 745028151 3963686 169946  9788
1.747655867 750095246 3969291 169940  5469
1.747972396 751480509 3971409 169936  2944
1.748256564 749047106 4018955 169957  10067
1.759643672 754121998 4026752 169976  14129
1.759960411 755509135 4028626 169956  2903
1.760254972 753066450 4019344 169947  9584
1.771652951 758143594 4021596 169941  16839
1.771968823 759538061 4028926 169971  2957
1.772264748 757035041 3968591 169951  10155
1.783660199 762161571 4017977 169965  10554
1.783973815 763561786 4023725 169938  2941
1.784254153 761048373 4013332 169939  10647
1.795643172 766175494 4013923 169953  8855
1.795972220 767580814 4019028 169966  2998
1.796255898 765055376 4007003 169952  11091
1.807643520 770188651 4013157 169958  8218
1.807961545 771596254 4015440 169957  3242
1.808258140 769062411 4007035 169952  11152
1.819655002 774197223 4008572 169954  8255
1.819960490 775605544 4009290 169944  3010
1.820244779 773066476 4004065 169972  10770
1.831656068 778203270 4006047 169955  7338
1.831975169 779614674 4009130 169945  2919
1.832244764 777013941 3947465 169936  10185
1.843655993 782154483 3951213 169935  7267
1.843960261 783637327 4022653 169962  2843
1.844255657 781008274 3994333 169949  9830
1.855644151 786170034 4015551 169961  6791
1.855974283 787652894 4015567 169964  3050
1.856245191 785021698 4013424 169943  10002
1.867642023 790184112 4014078 169952  7058
1.867961952 791669092 4016198 169953  2904
1.868244030 789028592 4006894 169961  10140
1.879656479 794189987 4005875 169965  6718
1.879972850 795678624 4009532 169948  2764
1.880256229 793033934 4005342 169963  10744
1.891641607 798196995 4007008 169960  6299
1.891960592 799693428 4014804 169947  2832
1.892257961 797032620 3998686 169950  10961
1.903643473 802196109 3999114 169959  6360
1.903969171 803697321 4003893 169961  3130
1.904252266 801028561 3995941 169951  10349
1.915654721 806195609 3999500 169963  6294
1.915960879 807694970 3997649 169958  3151
1.916244488 805020062 3991501 169955  9997
1.927665747 810184194 3988585 169972  6601
1.927981545 811749729 4054759 169942  3007
1.928254213 809007951 3987889 169959  10307
1.939656399 814182014 3997820 169971  6450
1.939973380 815748634 3998905 169956  2938
1.940245205 813002621 3994670 169972  10061
1.951640804 818169017 3987003 169966  6009
1.951960262 819742346 3993712 169941  2849
1.952256470 816991243 3988622 169944  9877
1.963655366 822211407 4042390 169950  5976
1.963959521 823730416 3988070 169942  2974
1.964244389 820976071 3984828 169954  9906
1.975653592 826197041 3985634 169947  7026
1.975959929 827724142 3993726 169954  3019
1.976243971 824953958 3977887 169948  9721
1.987643180 830174000 3976959 169957  6899
1.987973045 831708178 3984036 169958  3038
1.988256443 828934818 3980860 169954  10912
1.999643645 834151206 3977206 169960  6539
1.999960583 835743139 4034961 169954  3001
2.000256645 832900964 3966146 169960  10039
2.011643834 838128131 3976925 169958  6018
2.011973342 839734867 3991728 169952  3254
2.012245350 836865504 3964540 169956  10026
2.023655272 842151556 4023425 169968  6348
2.023960256 843764257 4029390 169951  3031
2.024257626 840867191 4001687 169939  10527
2.035643741 846169156 4017600 169961  6366
2.035972606 847789122 4024865 169961  2950
2.036258754 844884259 4017068 169953  10788
2.047643679 850236968 4067812 169951  6203
2.047961571 851860573 4071451 169954  2966
2.048243476 848892735 4008476 169963  9677
2.059654888 854241026 4004058 169954  5846
2.059973483 855873171 4012598 169961  3242
2.060244162 852894574 4001839 169954  10162
2.071655421 858254087 4013061 169968  6113
2.071960591 859881840 4008669 169952  3050
2.072256510 856897846 4003272 169941  9818
2.083643025 862256887 4002800 169961  6206
2.083973157 863941143 4059303 169948  2866
2.084257009 860894555 3996709 169958  10651
2.095651858 866309464 4052577 169985  6603
2.095967615 867945028 4003885 169944  2864
2.096264011 864944092 4049537 169947  10387
2.107643823 870305952 3996488 169940  6323
2.107960827 871950738 4005710 169961  3415
2.108257066 868934866 3990774 169950  10230
2.119643645 874308480 4002528 169957  6094
2.119970515 876011095 4060357 169947  3130
2.120244548 872932800 3997934 169953  10315
2.131657650 878303963 3995483 169935  6052
2.131973348 880000963 3989868 169966  3025
2.132257440 876925927 3993127 169953  9852
2.143642379 882344860 4040897 169950  5750
2.143973686 884001263 4000300 169948  3004
2.144255792 880967906 4041979 169958  9977
2.155643047 886332853 3987993 169971  5872
2.155960531 888040157 4038894 169943  3023
2.156244851 884952909 3985003 169963  10234
2.167643236 890378028 4045175 169951  6030
2.167972880 892030252 3990095 169946  3188
2.168243935 888933456 3980547 169956  10442
2.179656312 894349562 3971534 169952  6691
2.179960092 896064992 4034740 169956  2933
2.180245418 892909221 3975765 169959  10032
2.191642627 898336923 3987361 169951  6062
2.191972624 900063774 3998782 169952  3571
2.192243959 896942539 4033318 169970  10782
2.203641882 902381568 4044645 169946  5975
2.203959999 904117519 4053745 169985  3531
2.204258195 900932652 3990113 169961  10649
2.215643104 906376281 3994713 169946  6055
2.215960868 908109819 3992300 169968  3176
2.216256374 904980964 4048312 169957  10481
2.227642253 910397789 4021508 169949  6412
2.227965300 912150389 4040570 169952  2920
2.228256849 908956831 3975867 169964  9974
2.239655138 914405358 4007569 169951  6016
2.239972041 916135953 3985564 169964  2929
2.240245601 912943153 3986322 169948  10238
2.251665047 918384473 3979115 169953  6118
2.251968537 920171722 4035769 169958  3005
2.252252320 916972130 4028977 169956  10653
2.263656102 922408458 4023985 169956  5962
2.263974076 924148630 3976908 169950  3010
2.264243744 920944733 3972603 169945  10477
2.275657034 926380445 3971987 169936  6551
2.275972377 928175115 4026485 169972  2815
2.276244807 924919778 3975045 169979  10094
2.287661077 930411518 4031073 169936  6532
2.287962956 934596818 6421703 155780  2586
2.288245316 928935298 4015520 169965  10771
2.298961811 945422224 10825406 155770  1316
2.299644188 940765003 10353485 155768  2751
2.300244160 936646503 7711205 155775  6823
2.309962365 956336398 10914174 155775  2030
2.310656863 950964667 10199664 155778  3425
2.311245941 947054002 10407499 155759  3817
2.320971860 966796807 10460409 155775  1552
2.321655808 960906718 9942051 155759  3378
2.322257040 957456053 10402051 155759  4086
2.331961445 978036898 11240091 155786  1384
2.332654642 970959665 10052947 155787  2668
2.333244458 967848606 10392553 155764  2303
2.342972752 988551920 10515022 155765  1393
2.343654510 981275146 10315481 155773  3154
2.344243649 978250923 10402317 155771  2326
2.353960313 999162216 10610296 155770  1150
2.354654984 991619226 10344080 155769  2832
2.355243676 988778160 10527237 155784  2296
2.364959924 1010297054 11134838 155773  1330
2.365642539 1001933644 10314418 155767  2875
2.366256412 999408275 10630115 155761  2244
2.375972506 1020760105 10463051 155755  1258
2.376640594 1011860500 9926856 155761  2518
2.377255806 1010171902 10763627 155768  2251
2.386972604 1031962616 11202511 155782  1175
2.387653395 1021827941 9967441 155769  2799
2.388257474 1020609589 10437687 155784  2262
2.397979092 1042507854 10545238 155767  1232
2.398664730 1032139919 10311978 155771  2833
2.399251735 1031013578 10403989 155766  2429
2.408959019 1053073153 10565299 155778  1044
2.409655218 1042487512 10347593 155754  2551
2.410244156 1041446037 10432459 155779  2599
2.419962364 1064262107 11188954 155791  1211
2.420654512 1052797495 10309983 155780  2486
2.421257404 1051830131 10384094 155774  2509
2.430961098 1074728749 10466642 155773  1219
2.431642623 1062612677 9815182 155770  2739
2.432243899 1062232360 10402229 155755  2275
2.441959090 1085977644 11248895 155781  1107
2.442654178 1072674319 10061642 155776  2702
2.443256293 1072640649 10408289 155772  2274
2.452971478 1096471409 10493765 155776  1193
2.453656796 1083003359 10329040 155763  2515
2.454255974 1083024459 10383810 155765  1995
2.463973296 1107420335 10948926 155769  1054
2.464641877 1093307398 10304039 155785  2193
2.465255023 1093436852 10412393 155768  2478
2.474958926 1118204603 10784268 155766  1314
2.475643321 1103575098 10267700 155784  2880
2.476244537 1104179069 10742217 155776  2042
2.485972842 1128984971 10780368 155774  1111
2.486653667 1113420686 9845588 155764  2729
2.487244581 1114719020 10539951 155775  2135
2.496959823 1139524217 10539246 155751  1164
2.497642521 1123472036 10051350 155770  2605
2.498256013 1125370193 10651173 155777  2311
2.507972060 1150544317 11020100 155775  1384
2.508642172 1133611076 10139040 155766  2609
2.509255944 1135530073 10159880 155763  2520
2.518971265 1161828905 11284588 155784  1087
2.519643283 1144385804 10774728 155767  2585
2.520242532 1146418229 10888156 155776  2417
2.529973140 1172513302 10684397 155771  1541
2.530655518 1154548269 10162465 155760  2711
2.531255260 1156690471 10272242 155764  2349
2.540982018 1183150919 10637617 155766  1241
2.541669069 1164685213 10136944 155788  2788
2.542252335 1167233279 10542808 155762  2144
2.551960085 1194434099 11283180 155768  1241
2.552643010 1174727829 10042616 155766  2457
2.553257579 1177802811 10569532 155772  2307
2.562972263 1205241426 10807327 155768  1329
2.563643821 1185197426 10469597 155765  2633
2.564246177 1188364070 10561259 155770  2156
2.573961014 1215862968 10621542 155770  1084
2.574640850 1195524044 10326618 155778  2832
2.575245035 1198918866 10554796 155776  2288
2.584970629 1226825057 10962089 155775  1230
2.585655494 1205331839 9807795 155774  2877
2.586254640 1209474523 10555657 155762  2306
2.595971374 1237934235 11109178 155765  1058
2.596643022 1215797217 10465378 155770  2564
2.597257088 1220018573 10544050 155779  2420
2.606959921 1248552206 10617971 155762  1244
2.607654420 1226147274 10350057 155783  2747
2.608255019 1230596952 10578379 155757  2604
2.617972710 1259353563 10801357 155779  1306
2.618642365 1235943319 9796045 155768  2753
2.619257560 1241150668 10553716 155769  2407
2.628958573 1270615620 11262057 155773  1068
2.629653589 1246409620 10466301 155775  2555
2.630257045 1251712490 10561822 155761  2289
2.639960915 1281250085 10634465 155764  1356
2.640655561 1256865030 10455410 155773  2325
2.641244176 1262273879 10561389 155774  2265
2.650972023 1291968115 10718030 155763  1094
2.651642451 1266582189 9717159 155776  2744
2.652256264 1272823476 10549597 155762  2082
2.661972898 1303317750 11349635 155777  1192
2.662642189 1277046403 10464214 155776  2571
2.663255568 1283392864 10569388 155763  2278
2.672972516 1313969794 10652044 155763  1344
2.673656291 1287551300 10504897 155761  2337
2.674244332 1293957167 10564303 155774  2145
2.683959720 1324592345 10622551 155782  1124
2.684643909 1297721568 10170268 155773  2490
2.685243301 1304499817 10542650 155767  1991
2.694974441 1335927618 11335273 155772  1250
2.695662801 1307680775 9959207 155774  2415
2.696270465 1315071306 10571489 155775  2338
2.705954062 1346634608 10706990 155769  1207
2.706643355 1318157829 10477054 155768  2530
2.707257753 1325623637 10552331 155774  2325
2.716960790 1357230848 10596240 155756  1219
2.717642483 1328598991 10441162 155765  2336
2.718243011 1336170344 10546707 155759  2451
2.727973515 1368276036 11045188 155765  1215
2.728642870 1338465088 9866097 155770  2268
2.729256753 1346734991 10564647 155762  2294
2.738959716 1379317433 11041397 155759  1019
2.739655412 1348787969 10322881 155771  2512
2.740243274 1357285546 10550555 155763  2171
2.749961747 1389931497 10614064 155767  1257
2.750643313 1359245404 10457435 155765  2361
2.751257815 1368093158 10807612 155772  2136
2.760960228 1401174424 11242927 155783  1162
2.761642968 1369661958 10416554 155768  2351
2.762242902 1378795218 10702060 155767  2053
2.771960416 1412000429 10826005 155777  1131
2.772642095 1379455312 9793354 155763  2420
2.773244547 1389414361 10619143 155765  2114
2.782971711 1422638948 10638519 155765  1178
2.783641544 1389897533 10442221 155768  2274
2.784242855 1400104598 10690237 155776  2120
2.793960792 1433900978 11262030 155777  955
2.794642872 1400359523 10461990 155769  2444
2.795260830 1410741782 10637184 155777  1966
2.804970950 1444688136 10787158 155768  1252
2.805643013 1410584420 10224897 155758  2459
2.806256278 1421416930 10675148 155774  2358
2.815961514 1455298222 10610086 155772  1239
2.816654868 1420525504 9941084 155770  2260
2.817243675 1431944315 10527385 153173  2126
2.826960402 1466622074 11323852 155787  1116
2.827531251 1442583903 10639588 158379  2385
2.827654669 1430984281 10458777 155782  2571
2.837979717 1477393170 10771096 155772  1385
2.838652067 1441044843 10060562 155772  2566
2.839257801 1453159491 10575588 155766  2500
2.848960932 1488039947 10646777 155762  1083
2.849642068 1451092831 10047988 155762  2590
2.850244549 1463707743 10548252 155775  2290
2.859958446 1499453400 11413453 155804  1173
2.860654366 1461522374 10429543 155771  2675
2.861244594 1474269983 10562240 155764  2549
2.870974030 1510091565 10638165 155761  1320
2.871642191 1471501458 9979084 155763  3437
2.872244499 1484835807 10565824 155764  2478
2.881958379 1521272411 11180846 155775  1102
2.882654442 1481629746 10128288 155766  3492
2.883255683 1495362925 10527118 155784  2274
2.892960360 1532183666 10911255 155771  1328
2.893643153 1492076167 10446421 155761  3430
2.894243964 1505930076 10567151 155766  2197
2.903971924 1542797435 10613769 155778  1009
2.904654181 1502059861 9983694 155765  3439
2.905243643 1516496515 10566439 155768  2262
2.914972809 1554216700 11419265 155791  1163
2.915656469 1512189892 10130031 155766  3794
2.916242676 1527069430 10572915 155765  2206
2.925975121 1564855167 10638467 155762  1337
2.926641457 1522606576 10416684 155772  3778
2.927245721 1537619400 10549970 155763  2230
2.936958608 1575628813 10773646 155766  1216
2.937654484 1532609088 10002512 155766  3575
2.938248382 1548079821 10460421 155760  2205
2.947973293 1586934271 11305458 155787  1323
2.948654640 1542763655 10154567 155755  3555
2.949257764 1558616325 10536504 155778  2292
2.958960104 1597545256 10610985 155776  1110
2.959653741 1553241200 10477545 155777  3624
2.960256672 1569223402 10607077 155766  2065
2.969974092 1608710175 11164919 155783  1207
2.970647522 1563672068 10430868 155767  3945
2.971257100 1579984839 10761437 155768  2119
2.980980180 1619597982 10887807 155774  1274
2.981651759 1573772304 10100236 155773  4005
2.982253804 1590646018 10661179 155761  2138
2.991960291 1630206767 10608785 155761  1146
2.992656295 1583860955 10088651 155757  3584
2.993243568 1601493204 10847186 155770  1966
3.002972629 1641630948 11424181 155791  1324
3.003653312 1594325582 10464627 155765  3780
3.004256124 1612144418 10651214 155768  2296
3.013960646 1652262379 10631431 155766  1031
3.014655927 1604639672 10314090 155761  3917
3.015257655 1622711495 10567077 155769  2316
3.024971875 1663108687 10846308 155781  1160
3.025655205 1614498614 9858942 155763  3715
3.026256799 1633281282 10569787 155761  2130
3.035973099 1674325500 11216813 155787  1197
3.036641582 1624900227 10401613 155768  3630
3.037242867 1643834178 10552896 155766  2271
3.046972150 1684942320 10616820 155766  1205
3.047642994 1635342016 10441789 155765  4364
3.048255055 1654385855 10551677 155773  2010
3.057972501 1696303395 11361075 155779  1329
3.058655328 1645409501 10067485 155764  4682
3.059244680 1664941541 10555686 155763  2131
3.068960612 1706999901 10696506 155777  981
3.069642409 1655488510 10079009 155780  4410
3.070242884 1675508992 10567451 155775  2103
3.079958811 1717915588 10915687 155778  1156
3.080640878 1665931811 10443301 155768  3523
3.081256648 1686056507 10547515 155782  2045
3.090971035 1729084079 11168491 155786  1164
3.091654396 1675938940 10007129 155764  4043
3.092255420 1696923496 10866989 155760  2245
3.101960603 1739683161 10599082 155771  1096
3.102642207 1685972788 10033848 155756  4113
3.103243898 1707510750 10587254 155762  2089
3.112970937 1751088955 11405794 155772  1434
3.113656305 1696412156 10439368 155769  3247
3.114243322 1718195207 10684457 155779  2160
3.123968363 1761723232 10634277 155765  1070
3.124665433 1706168905 9756749 155757  3947
3.125253150 1728921302 10726095 155755  2131
3.134961406 1772612017 10888785 155781  1275
3.135655851 1716490454 10321549 155768  3671
3.136243131 1739317886 10396584 155778  2033
3.145961021 1783789437 11177420 155770  1241
3.146655385 1726921868 10431414 155774  3618
3.147244126 1749828377 10510491 155766  2357
3.156960549 1794388349 10598912 155766  1148
3.157655329 1736884391 9962523 155770  3657
3.158256967 1760481614 10653237 155764  2075
3.167959433 1805800291 11411942 155783  1272
3.168654408 1747031127 10146736 155762  3422
3.169244142 1771088465 10606851 155767  2090
3.178960911 1816443579 10643288 155764  983
3.179641339 1757470153 10439026 155775  3350
3.180244299 1781653662 10565197 155766  2115
3.189973160 1827377386 10933807 155785  1174
3.190642103 1767709358 10239205 155760  3757
3.191243988 1792214291 10560629 155758  1975
3.200960461 1838518557 11141171 155793  1178
3.201654209 1777609001 9899643 155770  3335
3.202245699 1802746519 10532228 155767  2317
3.211958935 1849134006 10615449 155759  1119
3.212641573 1788045441 10436440 155771  3520
3.213258371 1813311771 10565252 155766  2305
3.222972179 1860578628 11444622 155785  1218
3.223641971 1798465722 10420281 155776  3499
3.224255638 1823864834 10553063 155758  2198
3.233961128 1871203014 10624386 155774  947
3.234653982 1808553047 10087325 155765  3631
3.235242756 1834594245 10729411 155759  2222
3.244971386 1882337783 11134769 155780  1162
3.245656884 1818613482 10060435 155766  3544
3.246244971 1845369032 10774787 155769  2069
3.255970843 1893263117 10925334 155773  1197
3.256655001 1829063318 10449836 155770  3142
3.257248918 1856135910 10766878 155772  2058
3.266961028 1903893722 10630605 155764  1047
3.267656259 1839199343 10136025 155787  3553
3.268243867 1866868396 10732486 155763  1991
3.277966533 1915335715 11441993 155789  1267
3.278659034 1849129734 9930391 155771  3649
3.279252248 1877401928 10533532 155770  1996
3.288961027 1925931556 10595841 155769  1018
3.289642298 1859575792 10446058 155773  3163
3.290255566 1887980319 10578391 155770  2295
3.299970998 1937228972 11297416 155784  1127
3.300654940 1869571216 9995424 155761  3859
3.301243567 1898522334 10542015 155769  2123
3.310961356 1947978341 10749369 155775  1208
3.311654294 1879635088 10063872 155772  3818
3.312243524 1909070219 10547885 155765  2399
3.321958724 1958656160 10677819 155775  991
3.322642322 1890108351 10473263 155762  3392
3.323244102 1919617692 10547473 155765  2291
3.332974066 1970040296 11384136 155780  1229
3.333656494 1900470101 10361750 155769  3622
3.334244867 1930155825 10538133 155777  2099
3.343960427 1980637989 10597693 155773  1030
3.344654435 1910195009 9724908 155766  3426
3.345257118 1940774364 10618539 155772  2394
3.354972661 1992065462 11427473 155789  1110
3.355643732 1920627931 10432922 155768  3468
3.356255756 1951636941 10862577 155765  2069
3.365972606 2002686496 10621034 155760  1198
3.366641487 1931048634 10420703 155768  3313
3.367243128 1962431530 10794589 155773  2187
3.376971461 2013825727 11139231 155781  1040
3.377656342 1941036629 9987995 155763  3224
3.378243039 1973147298 10715768 155763  2215
3.387959782 2024756652 10930925 155772  1223
3.388640683 1951167800 10131171 155767  3534
3.389256560 1983671509 10524211 155776  2117
3.398971836 2035391704 10635052 155767  988
3.399643601 1961556522 10388722 155777  3386
3.400256462 1994231667 10560158 155776  2234
3.409972024 2046762563 11370859 155776  1074
3.410656143 1971276949 9720427 155763  3468
3.411256936 2004761513 10529846 155775  2160
3.420967235 2057375426 10612863 155760  1214
3.421652687 1981626477 10349528 155767  3361
3.422265674 2015268811 10507298 155762  2182
3.431971827 2068764481 11389055 155779  1015
3.432642428 1991789746 10163269 155772  3450
3.433258059 2025829177 10560366 155756  2322
3.442960054 2079439290 10674809 155762  1293
3.443655493 2001683721 9893975 155768  3630
3.444257043 2036375652 10546475 155763  2134
3.453960192 2090243590 10804300 155767  1007
3.454662354 2012128185 10444464 155761  3491
3.455243724 2046912109 10536457 155758  2187
3.464970990 2101466358 11222768 155780  1115
3.465641115 2022548986 10420801 155765  3140
3.466256656 2057756743 10844634 155770  2044
3.475972765 2112055314 10588956 155763  1220
3.476656376 2032207582 9658596 155776  3932
3.477259407 2068444501 10687758 155761  1971
3.486972739 2123465495 11410181 155780  999
3.487643027 2042610973 10403391 155770  3497
3.488256644 2079338699 10894198 155773  2249
3.497973260 2134109523 10644028 155754  1209
3.498642602 2053043437 10432464 155759  3319
3.499258406 2089867728 10529029 155756  2024
3.508971871 2145104399 10994876 155779  967
3.509654687 2062762858 9719421 155766  3565
3.510257997 2100420084 10552356 155761  2338
3.519960602 2156115063 11010664 155768  1185
3.520643601 2073109353 10346495 155775  3451
3.521245502 2110937284 10517200 155773  2354
3.530972318 2166720387 10605324 155777  1138
3.531641996 2083208594 10099241 155758  3625
3.532255747 2121442720 10505436 155765  2104
3.541971249 2178118360 11397973 155772  1056
3.542640581 2093137957 9929363 155777  3495
3.543256751 2131975992 10533272 155758  2241
3.552970646 2188752249 10633889 155755  1325
3.553654075 2103526742 10388785 155776  2932
3.554256746 2142520465 10544473 155770  2053
3.563967534 2199881882 11129633 155773  1007
3.564650313 2113269243 9742501 155771  3592
3.565263980 2153048370 10527905 155758  2061
3.574973805 2210751415 10869533 155767  1249
3.575642581 2123566480 10297237 155758  3375
3.576245651 2163840529 10792159 155766  2145
3.585959490 2221359508 10608093 155761  1158
3.586655056 2133986220 10419740 155776  3082
3.587244755 2174636729 10796200 155768  2100
3.596961215 2232752456 11392948 155796  1056
3.597642697 2143679718 9693498 155759  3592
3.598242517 2185369925 10733196 155778  2252
3.607971139 2243387969 10635513 155769  1335
3.608651191 2154040624 10360906 155771  3357
3.609255595 2195958557 10588632 155768  2199
3.618961217 2254462919 11074950 155768  1028
3.619654680 2164435251 10394627 155776  3507
3.620245189 2206472906 10514349 155780  2151
3.629971372 2265377049 10914130 155765  1244
3.630652558 2174080247 9644996 155766  3515
3.631259618 2217025513 10552607 155766  2217
3.640974213 2276004459 10627410 155762  1228
3.641654635 2184478175 10397928 155762  3064
3.642245406 2227559884 10534371 155764  2102
3.651959917 2287414676 11410217 155780  1078
3.652640183 2194365438 9887263 155780  3509
3.653255857 2238081319 10521435 155763  2207
3.662960558 2298032982 10618306 155761  1300
3.663642815 2204459711 10094273 155779  3402
3.664244024 2248630535 10549216 155770  2071
3.673972967 2309389790 11356808 155782  1013
3.674642979 2214851716 10392005 155768  2934
3.675244345 2259162407 10531872 155765  2007
3.684972788 2320004607 10614817 155761  1240
3.685655224 2224511381 9659665 155767  3571
3.686255384 2269903797 10741390 155769  2209
3.695960076 2331047782 11043175 155774  1143
3.696653168 2234911392 10400011 155766  3339
3.697244548 2280595218 10691421 155776  1911
3.706958547 2342027718 10979936 155766  1117
3.707642837 2245165736 10254344 155767  3169
3.708243879 2291146928 10551710 155772  2137
3.717967188 2352750400 10722682 155759  1336
3.718662714 2254950732 9784996 155768  3409
3.719253750 2301892481 10745553 155769  2312
3.728961179 2364008710 11258310 155773  1301
3.729642955 2265328139 10377407 155772  3171
3.730243152 2312533806 10641325 155772  2168
3.739973397 2374617345 10608635 155764  1599
3.740654964 2275016170 9688031 155764  3588
3.741258033 2323093800 10559994 155780  2366
3.750973522 2386009821 11392476 155782  1449
3.751643195 2285337084 10320914 155778  3347
3.752244091 2333639260 10545460 155762  2373
3.761961139 2396626333 10616512 155771  1317
3.762655806 2295331984 9994900 155768  3022
3.763243739 2344152336 10513076 155763  1980
3.772961167 2407649618 11023285 155786  1173
3.773641370 2305336633 10004649 155770  3599
3.774244820 2354696082 10543746 155763  2191
3.783970642 2418642085 10992467 155767  1112
3.784643039 2315707032 10370399 155776  3506
3.785255352 2365212613 10516531 155767  1988
3.794973443 2429302030 10659945 155781  1227
3.795655760 2325562527 9855495 155757  3338
3.796258959 2375818725 10606112 155772  2214
3.805957954 2440651718 11349688 155764  1130
3.806640558 2335754498 10191971 155772  3421
3.807255561 2386517509 10698784 155775  2112
3.816972015 2451217431 10565713 155760  1220
3.817652895 2345991717 10237219 155759  3460
3.818255819 2397144742 10627233 155770  2062
3.827960751 2462617878 11400447 155780  1250
3.828641777 2355734891 9743174 155784  3609
3.829256857 2408065463 10920721 155769  2232
3.838960685 2473224596 10606718 155771  1247
3.839642468 2366106719 10371828 155763  3238
3.840243014 2418628322 10562859 155767  2022
3.849972146 2484142693 10918097 155785  1298
3.850653449 2375719597 9612878 155773  3434
3.851256792 2429142689 10514367 155757  2126
3.860979634 2495218295 11075602 155769  1159
3.861664067 2386118400 10398803 155776  3303
3.862263444 2439668118 10525429 155771  2036
3.871974242 2505775413 10557118 155755  1183
3.872643505 2396210661 10092261 155771  3702
3.873259818 2450174260 10506142 155765  1998
3.882972520 2517194132 11418719 155779  1151
3.883653940 2406137729 9927068 155770  3171
3.884256776 2460687710 10513450 155759  2190
3.893973238 2527787262 10593130 155758  1049
3.894654911 2416513185 10375456 155769  3301
3.895256981 2471188607 10500897 155776  1954
3.904961249 2538988470 11201208 155760  1183
3.905641199 2426269608 9756423 155771  3611
3.906256379 2481761744 10573137 155769  2228
3.915973147 2549752413 10763943 155750  1195
3.916643691 2436495463 10225855 155769  3384
3.917277997 2492607272 10845528 155772  2272
3.926971161 2560471491 10719078 155780  1150
3.927641348 2446442551 9947088 155761  3527
3.928255561 2503417167 10809895 155784  2096
3.937972309 2571784861 11313370 155772  1164
3.938655396 2456434836 9992285 155761  3127
3.939247269 2514020227 10603060 155771  2239
3.948963724 2582379983 10595122 155762  1104
3.949642334 2466730277 10295441 155762  3524
3.950241963 2524522361 10502134 155763  2101
3.959958145 2593792456 11412473 155778  1190
3.960642322 2476430186 9699909 155758  3354
3.961244922 2535002807 10480446 155760  1878
3.970971192 2604425021 10632565 155767  1137
3.971643673 2486805633 10375447 155771  3030
3.972243859 2545561090 10558283 155768  2049
3.981971094 2615505116 11080095 155772  1201
3.982653348 2496601443 9795810 155767  3871
3.983241817 2556067401 10506311 155758  1929
3.992960345 2626494415 10989299 155769  1319
3.993642219 2506753755 10152312 155775  3526
3.994255409 2566591386 10523985 155758  2061
4.003968860 2637239881 10745466 155764  1187
4.004662484 2516711044 9957289 155761  3623
4.005264807 2577148698 10557312 155773  2032
4.014959337 2648495932 11256051 155775  1230
4.015642582 2526706150 9995106 155762  3581
4.016244194 2587676385 10527687 155774  2138
4.025959463 2659114777 10618845 155768  1189
4.026643563 2536822661 10116511 155769  3644
4.027244592 2598533300 10856915 155769  2105
4.036961204 2670530241 11415464 155787  1091
4.037655401 2546671369 9848708 155764  3623
4.038244306 2609124122 10590822 155768  2035
4.047973218 2681185267 10655026 155767  1150
4.048654429 2557067581 10396212 155755  3958
4.049255088 2620033231 10909109 155761  2024
4.058960959 2692150137 10964870 155771  1044
4.059642623 2566942066 9874485 155773  4242
4.060244423 2630620521 10587290 155761  1915
4.069961490 2703196044 11045907 155777  1151
4.070656144 2577058144 10116078 155763  3766
4.071256890 2641186006 10565485 155765  1816
4.080960195 2713794023 10597979 155759  1208
4.081654830 2587011573 9953429 155779  3858
4.082256995 2651723571 10537565 155769  2310
4.091959280 2725214941 11420918 155781  1055
4.092654604 2597061573 10050000 155764  2799
4.093244963 2662256718 10533147 155768  1882
4.102960637 2735857120 10642179 155760  1185
4.103652948 2607284222 10222649 155770  3507
4.104256891 2672775727 10519009 155775  2053
4.113970506 2747051561 11194441 155768  1111
4.114640299 2617077459 9793237 155759  3589
4.115244252 2683331348 10555621 155781  1993
4.124959196 2757841630 10790069 155769  1259
4.125642327 2627478714 10401255 155773  3188
4.126255817 2693894235 10562887 155765  1973
4.135960581 2768574379 10732749 155769  1128
4.136643032 2637117858 9639144 155766  3704
4.137257342 2704800770 10906535 155776  2069
4.146978649 2779892870 11318491 155772  1027
4.147662510 2647460974 10343116 155770  3233
4.148251339 2715714664 10913894 155765  2155
4.157960690 2790656640 10763770 155766  1097
4.158653602 2657152715 9691741 155774  3859
4.159246227 2726254572 10539908 155773  2310
4.168958908 2801942151 11285511 155766  965
4.169654600 2667486240 10333525 155757  3472
4.170243745 2736821894 10567322 155779  2869
4.179973896 2812518671 10576520 155766  1178
4.180656564 2677645438 10159198 155764  2990
4.181258517 2747348975 10527081 155758  3022
4.190971817 2823920083 11401412 155769  984
4.191655799 2687499643 9854205 155763  3498
4.192244911 2757879834 10530859 155769  2678
4.201961415 2834533533 10613450 155762  1008
4.202654154 2697845172 10345529 155771  3341
4.203222866 2768426934 10547100 155762  2606
4.212958959 2845852913 11319380 155762  1026
4.213654028 2707518370 9673198 155768  3310
4.214235650 2778954629 10527695 155768  2547
4.223973301 2856580931 10728018 155763  1086
4.224641919 2717878023 10359653 155779  3331
4.225243308 2789810486 10855857 155757  2328
4.234972799 2867497565 10916634 155780  1173
4.235641353 2727475440 9597417 155760  3378
4.236243479 2800363016 10552530 155773  2077
4.245959413 2878585068 11087503 155767  1114
4.246654242 2737875741 10400301 155769  3220
4.247247284 2811121505 10758489 155774  2100
4.256960861 2889147730 10562662 155765  1184
4.257654350 2747863491 9987750 155767  3414
4.258243501 2821829496 10707991 155759  1912
4.267962309 2900578976 11431246 155782  1164
4.268641057 2757858736 9995245 155768  3121
4.269258873 2832367642 10538146 155769  1814
4.278960884 2911201151 10622175 155763  1100
4.279640675 2767811254 9952518 155767  3429
4.280257091 2842920805 10553163 155771  2218
4.289971658 2922481775 11280624 155795  1120
4.290654307 2777820267 10009013 155773  3404
4.291258012 2853438696 10517891 155760  1757
4.300979779 2933167108 10685333 155760  1018
4.301650158 2787921685 10101418 155768  3006
4.302252003 2863960688 10521992 155772  2078
4.311974241 2943904736 10737628 155769  1006
4.312641156 2797815432 9893747 155766  3572
4.313243598 2874517420 10556732 155764  1993
4.322970542 2955202200 11297464 155777  1191
4.323642603 2808149153 10333721 155758  3459
4.324243773 2885268118 10750698 155763  2024
4.333973707 2965785463 10583263 155775  990
4.334655842 2817810294 9661141 155771  3505
4.335259244 2895982024 10713906 155771  2120
4.344960448 2977152104 11366641 155776  1123
4.345644546 2828152298 10342004 155775  3057
4.346244791 2906784367 10802343 155778  2056
4.355972755 2987759713 10607609 155761  1088
4.356655444 2837756318 9604020 155760  3443
4.357244682 2917315961 10531594 155765  1814
4.366972294 2998945445 11185732 155793  1007
4.367654469 2848094187 10337869 155773  3340
4.368243398 2927917910 10601949 155778  1972
4.377960338 3009787884 10842439 155762  1189
4.378642724 2857799720 9705533 155758  3490
4.379256295 2938435973 10518063 155761  1890
4.388972853 3020588688 10800804 155760  835
4.389653588 2868101507 10301787 155760  2828
4.390255884 2948953504 10517531 155769  2157
4.399958300 3031760744 11172056 155776  1056
4.400642332 2877704320 9602813 155773  3499
4.401258951 2959481751 10528247 155770  1967
4.410960808 3042337079 10576335 155777  957
4.411655121 2888000190 10295870 155771  3306
4.412260043 2969992728 10510977 155775  2057
4.421959146 3053705238 11368159 155775  892
4.422642072 2897828506 9828316 155759  3073
4.423256400 2980938744 10946016 155765  1946
4.432972448 3064339394 10634156 155757  1133
4.433655223 2907986398 10157892 155763  3128
4.434243351 2991823670 10884926 155774  1900
4.443967379 3075292287 10952893 155761  883
4.444650787 2917786921 9800523 155769  3570
4.445251179 3002350479 10526809 155760  2002
4.454972253 3086305347 11013060 155767  1189
4.455643455 2927937098 10150177 155767  3279
4.456256538 3012895197 10544718 155772  1904
4.465959021 3096890887 10585540 155772  1003
4.466653524 2937897545 9960447 155773  3493
4.467244549 3023395454 10500257 155773  1888
4.476959405 3108277052 11386165 155777  941
4.477655838 2947870303 9972758 155770  3174
4.478259773 3033920653 10525199 155766  2189
4.487971524 3118880096 10603044 155756  1177
4.488641586 2957747787 9877484 155756  3809
4.489246858 3044442919 10522266 155776  1690
4.498973468 3130245399 11365303 155788  929
4.499642544 2967822055 10074268 155780  3459
4.500259139 3054950630 10507711 155758  1883
4.509959132 3140846408 10601009 155757  1462
4.510652395 2977950736 10128681 155763  3202
4.511244994 3065663899 10713269 155784  1992
4.520960327 3151831056 10984648 155772  1211
4.521642176 2987759870 9809134 155771  3623
4.522246538 3076260691 10596792 155769  1829
4.531973585 3162823256 10992200 155757  1128
4.532654622 2997684202 9924332 155777  3715
4.533243459 3087124107 10863416 155764  2046
4.542959900 3173681404 10858148 155769  1306
4.543653149 3007692469 10008267 155768  3439
4.544257664 3097781902 10657795 155763  2044
4.553959281 3184823021 11141617 155771  975
4.554654937 3017644153 9951684 155759  3687
4.555256249 3108300258 10518356 155759  1848
4.564971865 3195384168 10561147 155767  1229
4.565642708 3027636530 9992377 155774  3466
4.566245660 3118815236 10514978 155757  2007
4.575960480 3206749562 11365394 155771  868
4.576655560 3037872472 10235942 155771  3397
4.577248444 3129320241 10505005 155760  1859
4.586967488 3217327975 10578413 155763  1008
4.587650624 3047563177 9690705 155767  3400
4.588263596 3139835842 10515601 155765  2075
4.597973692 3228322678 10994703 155783  1166
4.598642565 3057600047 10036870 155768  3111
4.599256797 3150395597 10559755 155759  2065
4.608971367 3239314242 10991564 155770  962
4.609643113 3067481445 9881398 155763  3628
4.610243128 3161095044 10699447 155767  1893
4.619974795 3250036720 10722478 155766  1276
4.620643438 3077710054 10228609 155775  3329
4.621256646 3171845668 10750624 155768  1893
4.630970946 3261272392 11235672 155781  906
4.631653399 3087427688 9717634 155774  3005
4.632242387 3182646186 10800518 155771  1825
4.641960724 3271809852 10537460 155761  1024
4.642643214 3097592323 10164635 155769  3464
4.643245385 3193159369 10513183 155771  1924
4.652960222 3283190488 11380636 155786  1186
4.653642878 3107313723 9721400 155773  3393
4.654243713 3203687597 10528228 155757  2041
4.663972344 3293794602 10604114 155763  970
4.664643526 3117653651 10339928 155775  3098
4.665258817 3214173580 10485983 155764  1942
4.674972011 3305075568 11280966 155792  1176
4.675653674 3127267734 9614083 155779  3377
4.676255843 3224688604 10515024 155763  2041
4.685959792 3315737352 10661784 155766  923
4.686641505 3137609723 10341989 155766  3290
4.687242630 3235191396 10502792 155772  1728
4.696972580 3326525063 10787711 155771  931
4.697641256 3147212942 9603219 155762  3434
4.698256708 3245787945 10596549 155764  1863
4.707970954 3337722423 11197360 155783  1099
4.708642735 3157543435 10330493 155771  2999
4.709245316 3256577984 10790039 155775  1855
4.718960990 3348331345 10608922 155752  899
4.719653663 3167119372 9575937 155764  3354
4.720258578 3267181257 10603273 155771  1771
4.729967561 3359653538 11322193 155770  1105
4.730662287 3177439284 10319912 155759  3277
4.731265399 3277953245 10771988 155767  2000
4.740974518 3370234640 10581102 155758  989
4.741656402 3187021000 9581716 155760  3505
4.742258620 3288481195 10527950 155773  2050
4.751960123 3381369719 11135079 155798  975
4.752655210 3197350974 10329974 155779  2827
4.753243427 3298962693 10481498 155769  1836
4.762960681 3392215716 10845997 155764  1237
4.763642224 3206903740 9552766 155764  3410
4.764255289 3309476576 10513883 155769  1929
4.773973462 3403031610 10815894 155768  878
4.774640999 3217099847 10196107 155774  3301
4.775243367 3319972468 10495892 155765  1748
4.784971597 3414130011 11098401 155771  1107
4.785644283 3226795382 9695535 155761  3213
4.786244725 3330481750 10509282 155770  1926
4.795959961 3424706159 10576148 155768  890
4.796654655 3237013723 10218341 155784  3044
4.797256523 3341111484 10629734 155766  1872
4.806972986 3436083219 11377060 155766  897
4.807642766 3246655739 9642016 155772  3183
4.808257314 3351769959 10658475 155770  1750
4.817971547 3446674056 10590837 155756  1077
4.818653681 3256552453 9896714 155762  3444
4.819244395 3362534142 10764183 155773  1834
4.828959758 3457634319 10960263 155776  790
4.829641995 3266534967 9982514 155766  3122
4.830243706 3373249205 10715063 155763  1729
4.839970909 3468614527 10980208 155771  1092
4.840655400 3276508574 9973607 155763  3130
4.841255417 3383760887 10511682 155774  1895
4.850960344 3479251209 10636682 155773  764
4.851653574 3286434922 9926348 155758  3221
4.852256713 3394289541 10528654 155763  1847
4.861958781 3490575883 11324674 155783  868
4.862642719 3296279723 9844801 155770  3355
4.863257954 3404761926 10472385 155773  1720
4.872959729 3501132251 10556368 155768  1000
4.873641087 3306321241 10041518 155760  2598
4.874257171 3415271066 10509140 155764  2137
4.883979948 3512497406 11365155 155775  802
4.884650025 3316137354 9816113 155767  3541
4.885252852 3425774432 10503366 155761  1660
4.894962695 3523075669 10578263 155766  1108
4.895657499 3326210956 10073602 155758  3299
4.896245473 3436266098 10491666 155775  1795
4.905958420 3534049226 10973557 155781  790
4.906642757 3336000756 9789800 155781  3819
4.907243778 3446915843 10649745 155772  1822
4.916973221 3544996903 10947677 155770  979
4.917654608 3346062808 10062052 155772  3502
4.918256483 3457642766 10726923 155767  1631
4.927958859 3555563680 10566777 155769  1016
4.928612466 3355623477 9560669 155764  4040
4.929242807 3468519097 10876331 155769  1940
4.938959357 3566948974 11385294 155786  747
4.939655501 3365932946 10309469 155768  3677
4.940257276 3479024478 10505381 155767  1946
4.949960345 3577493913 10544939 155764  1084
4.950655320 3375530698 9597752 155767  3424
4.951244790 3489488806 10464328 155770  1814
4.960972502 3588752615 11258702 155780  755
4.961642786 3385748197 10217499 155771  3252
4.962243258 3500019211 10530405 155767  1967
4.971959181 3599398718 10646103 155769  866
4.972613768 3395372440 9624243 155770  3717
4.973256832 3510507950 10488739 155755  1752
4.982972509 3610205393 10806675 155782  930
4.983647903 3405307540 9935100 155765  3940
4.984257691 3520986380 10478430 155766  1893
4.993970956 3621333898 11128505 155778  725
4.994643064 3415270302 9962762 155762  3572
4.995243308 3531478844 10492464 155768  1791
5.004958061 3631882671 10548773 155770  1083
5.005636932 3425103090 9832788 155769  4177
5.006254816 3541971078 10492234 155771  1811
5.015971376 3643187105 11304434 155782  819
5.016642880 3435081928 9978838 155772  3614
5.017244777 3552862004 10890926 155774  1888
5.026968114 3653769857 10582752 155774  972
5.027649418 3444741651 9659723 155758  3635
5.028266216 3563414474 10552470 155770  2135
5.037958915 3664679670 10909813 155771  1020
5.038655563 3454966518 10224867 155770  3079
5.039265180 3574035754 10621280 155766  2678
5.048959819 3675691649 11011979 155757  819
5.049642847 3464505284 9538766 155763  3421
5.050245948 3584663944 10628190 155784  2707
5.059973934 3686239855 10548206 155772  1132
5.060643838 3474565050 10059766 155783  3387
5.061257552 3595150209 10486265 155759  2048
5.070960365 3697545344 11305489 155785  801
5.071652403 3484355804 9790754 155765  3199
5.072242597 3605661956 10511747 155762  2101
5.081972216 3708122500 10577156 155747  940
5.082654921 3494359349 10003545 155776  2970
5.083257532 3616126877 10464921 155765  1779
5.092968454 3719141970 11019470 155769  997
5.093655812 3504227636 9868287 155762  3233
5.094243493 3626599954 10473077 155766  1835
5.103973588 3730063927 10921957 155769  815
5.104643593 3514031361 9803725 155764  3524
5.105257844 3637097486 10497532 155760  2009
5.114960157 3740743180 10679253 155776  1158
5.115643431 3524086731 10055370 155763  2690
5.116244088 3647549512 10452026 155756  1801
5.125961121 3751923505 11180325 155766  788
5.126655663 3533614838 9528107 155764  3591
5.127243766 3658031563 10482051 155783  1949
5.136972239 3762488301 10564796 155757  935
5.137643734 3543877381 10262543 155766  3178
5.138256595 3668845609 10814046 155775  1948
5.147960220 3773804846 11316545 155780  974
5.148654898 3553448374 9570993 155765  3154
5.149255739 3679372851 10527242 155759  1702
5.158972229 3784416203 10611357 155775  839
5.159653670 3563401793 9953419 155766  2950
5.160257377 3690136283 10763432 155767  1920
5.169980143 3795373195 10956992 155781  1135
5.170663378 3573265801 9864008 155761  3198
5.171266322 3700700473 10564190 155772  1831
5.180959654 3806303468 10930273 155782  791
5.181643826 3583100385 9834584 155772  3335
5.182258783 3711200642 10500169 155759  1847
5.191972315 3816838917 10535449 155781  975
5.192655581 3593115900 10015515 155766  2912
5.193256167 3721686380 10485738 155762  1779
5.202973523 3828176429 11337512 155778  956
5.203656435 3602659381 9543481 155774  3235
5.204256508 3732136352 10449972 155767  1797
5.213958960 3838741642 10565213 155754  876
5.214642816 3612921138 10261757 155764  3105
5.215244423 3742652876 10516524 155765  1813
5.224961096 3849934611 11192969 155791  1044
5.225643314 3622459737 9538599 155763  3429
5.226255915 3753117449 10464573 155771  1702
5.235960477 3860621814 10687203 155769  846
5.236641055 3632596655 10136918 155775  2859
5.237257279 3763579309 10461860 155775  1919
5.246959674 3871565597 10943783 155784  897
5.247655024 3642261346 9664691 155769  3176
5.248257070 3774185963 10606654 155760  1856
5.257961639 3882532100 10966503 155765  1003
5.258643655 3651771867 9510521 155778  3371
5.259245464 3784916973 10731010 155781  1654
5.268971911 3893071763 10539663 155758  820
5.269655123 3662065701 10293834 155765  2781
5.270244373 3795685089 10768116 155771  2014
5.279960672 3904408949 11337186 155771  994
5.280641120 3671588954 9523253 155758  3200
5.281257144 3806228680 10543591 155762  1640
5.290960943 3914949195 10540246 155765  850
5.291642619 3681450132 9861178 155777  3061
5.292244078 3816707723 10479043 155766  1662
5.301971654 3926265160 11315965 155780  832
5.302641903 3691383453 9933321 155762  3007
5.303255269 3827213618 10505895 155764  1769
5.312968166 3936833861 10568701 155761  1053
5.313650367 3700955099 9571646 155780  3253
5.314253105 3837661749 10448131 155770  1706
5.323960220 3947622984 10789123 155779  897
5.324643646 3711159945 10204846 155770  2880
5.325256856 3848115387 10453638 155772  1879
5.334972348 3958731660 11108676 155790  1197
5.335653190 3720696907 9536962 155767  3375
5.336243603 3858611545 10496158 155768  1932
5.345972559 3969260361 10528701 155758  966
5.346654858 3730652616 9955709 155761  3007
5.347257679 3869042425 10430880 155756  1751
5.356958573 3980603163 11342802 155775  947
5.357642416 3740517499 9864883 155768  2616
5.358257626 3879626997 10584572 155763  1794
5.367973668 3991122524 10519361 155751  1027
5.368655758 3750013375 9495876 155758  3226
5.369256787 3890350211 10723214 155758  1703
5.378958519 4002356109 11233585 155777  792
5.379643185 3760199361 10185986 155766  3013
5.380242625 3900939910 10589699 155776  1820
5.389971680 4013013136 10657027 155759  1096
5.390641956 3769807447 9608086 155761  2772
5.391244229 3911658116 10718206 155777  1771
5.400958058 4023744435 10731299 155768  806
5.401642574 3779605544 9798097 155757  3054
5.402244267 3922125912 10467796 155770  1721
5.411959932 4034870971 11126536 155782  847
5.412655106 3789567047 9961503 155767  2827
5.413257446 3932650082 10524170 155771  1865
5.422971964 4045398697 10527726 155755  933
5.423641557 3799109668 9542621 155765  3140
5.424257750 3943089024 10438942 155767  1736
5.433958995 4056722452 11323755 155788  681
5.434642348 3809355271 10245603 155780  3029
5.435243758 3953544625 10455601 155760  1710
5.444973153 4067294444 10571992 155764  1064
5.445656857 3818886167 9530896 155773  2833
5.446256910 3964014509 10469884 155769  1784
5.455959437 4078422800 11128356 155770  839
5.456655801 3828636111 9749944 155760  3281
5.457254794 3974467201 10452692 155757  1730
5.466979369 4089171341 10748541 155769  964
5.467661829 3838668188 10032077 155763  3067
5.468263608 3985079606 10612405 155766  1958
5.477972080 4099819946 10648605 155773  956
5.478641996 3848202663 9534475 155760  2806
5.479245043 3995816389 10736783 155781  1623
5.488970748 4111096715 11276769 155769  804
5.489641277 3858430465 10227802 155758  3293
5.490255601 4006546367 10729978 155769  1713
5.499972949 4121652670 10555955 155763  1010
5.500643226 3867951853 9521388 155763  3070
5.501244228 4017086651 10540284 155769  1646
5.510973124 4132873527 11220857 155770  797
5.511655574 3877788545 9836692 155759  2825
5.512257653 4027573333 10486682 155759  1571
5.521959385 4143514601 10641074 155753  932
5.522654961 3887727650 9939105 155770  3006
5.523257941 4038014945 10441612 155764  1862
5.532957093 4154454628 10940027 155774  927
5.533654450 3897213969 9486319 155755  3326
5.534254913 4048478270 10463325 155769  1700
5.543962267 4165438274 10983646 155766  830
5.544654368 3907218021 10004052 155767  2990
5.545256524 4058918580 10440310 155775  1680
5.554970669 4176312091 10873817 155779  1040
5.555655252 3917008746 9790725 155772  2862
5.556256555 4069434604 10516024 155760  1728
5.565959707 4187284523 10972432 155767  781
5.566643650 3926581955 9573209 155765  3107
5.567257879 4080013365 10578761 155770  1674
5.576971671 4197847349 10562826 155765  901
5.577644181 3936677995 10096040 155761  2976
5.578244034 4090583001 10569636 155768  1701
5.587973112 4209178601 11331252 155780  929
5.588655103 3946252325 9574330 155771  2986
5.589256556 4101350604 10767603 155769  1735
5.598972063 4219757511 10578910 155758  801
5.599642057 3956084923 9832598 155768  2794
5.600243520 4112001625 10651021 155770  1664
5.609979982 4230800888 11043377 155784  1066
5.610661376 3966005578 9920655 155778  3047
5.611250621 4122550204 10548579 155766  1831
5.620959313 4241632722 10831834 155765  761
5.621641489 3975498924 9493346 155755  3252
5.622256296 4133045981 10495777 155754  1542
5.631958777 4252178612 10545890 155760  889
5.632652784 3985624951 10126027 155769  2723
5.633256851 4143514928 10468947 155768  1757
5.642959285 4263493624 11315012 155777  893
5.643643685 3995270337 9645386 155767  3152
5.644243892 4153988047 10473119 155756  1705
5.653959253 4274050806 10557182 155755  851
5.654654944 4004732533 9462196 155774  3299
5.655245649 4164452634 10464587 155768  1536
5.664960395 4285216750 11165944 155774  1042
5.665642518 4014971839 10239306 155768  2955
5.666243654 4174939988 10487354 155766  1859
5.675959532 4295908789 10692039 155775  834
5.676641486 4024504696 9532857 155774  3083
5.677245162 4185505360 10565372 155773  1560
5.686972860 4306630583 10721794 155776  924
5.687642107 4034191554 9686858 155768  3151
5.688242883 4196175400 10670040 155781  1597
5.697960364 4317773693 11143110 155776  894
5.698641245 4044215835 10024281 155774  2983
5.699242554 4206999815 10824415 155765  1617
5.708958556 4328323645 10549952 155758  784
5.709640063 4053725437 9509602 155766  3133
5.710254496 4217536797 10536982 155756  1671
5.719973274 4339662513 11338868 155788  932
5.720655171 4063816699 10091262 155769  2920
5.721244897 4228019568 10482771 155764  1800
5.730972952 4350190028 10527515 155759  785
5.731654855 4073508717 9692018 155760  3186
5.732256112 4238516844 10497276 155766  1767
5.741960256 4361108710 10918682 155776  876
5.742643177 4083017292 9508575 155754  3251
5.743257559 4248946325 10429481 155769  1723
5.752967761 4372060253 10951543 155768  1003
5.753661875 4093250177 10232885 155775  2745
5.754253558 4259442152 10495827 155762  1766
5.763961118 4382582205 10521952 155757  805
5.764643106 4102781649 9531472 155776  3344
5.765255569 4269896416 10454264 155766  1657
5.774972757 4393926354 11344149 155775  1023
5.775641824 4112279063 9497414 155762  3389
5.776244700 4280334035 10437619 155764  1690
5.785959804 4404438159 10511805 155764  813
5.786643379 4122546689 10267626 155766  2706
5.787244931 4290812436 10478401 155767  1695
5.796960375 4415439653 11001494 155764  842
5.797653713 4132070753 9524064 155766  3212
5.798244772 4301426478 10614042 155771  1568
5.807972860 4426281475 10841822 155766  985
5.808654614 4141779167 9708414 155780  3129
5.809256854 4312028400 10601922 155751  1701
5.818960678 4436921081 10639606 155761  809
5.819642669 4151830608 10051441 155769  2914
5.820245242 4322705028 10676628 155771  1439
5.829960716 4448180383 11259302 155784  944
5.830655324 4161339051 9508443 155770  3145
5.831244679 4333394544 10689516 155779  1688
5.840972370 4458684395 10504012 155764  765
5.841643482 4171306283 9967232 155778  3007
5.842254690 4343845924 10451380 155761  1744
5.851972128 4469992662 11308267 155775  834
5.852653769 4181111278 9804995 155764  3185
5.853256059 4354294235 10448311 155763  1631
5.862970390 4480520953 10528291 155760  1054
5.863640124 4190718801 9607523 155760  3301
5.864245287 4364777807 10483572 155757  1835
5.873959058 4491449751 10928798 155778  782
5.874654456 4200793851 10075050 155780  2544
5.875256424 4375221056 10443249 155777  1824
5.884971489 4502423017 10973266 155756  1045
5.885642880 4210363211 9569360 155770  3108
5.886258762 4385659305 10438249 155771  1580
5.895980383 4512993115 10570098 155759  795
5.896663898 4219998900 9635689 155762  3275
5.897252064 4396132979 10473674 155765  1810
5.906973388 4524220350 11227235 155782  837
5.907654966 4230118071 10119171 155768  2521
5.908306766 4406574053 10441074 155778  1754
5.917958479 4534730754 10510404 155770  1097
5.918669031 4239604665 9486594 155762  3364
5.919255486 4417035022 10460969 155776  1937
5.928972657 4545926395 11195641 155778  829
5.929654375 4249287537 9682872 155767  3271
5.930245054 4427801048 10766026 155764  1837
5.939971548 4556616540 10690145 155765  1047
5.940654189 4259366526 10078989 155788  2846
5.941258119 4438428341 10627293 155777  1720
5.950973397 4567264060 10647520 155778  792
5.951640744 4268857436 9490910 155761  3151
5.952259337 4449170549 10742208 155782  1719
5.961959038 4578404203 11140143 155779  881
5.962640416 4278752008 9894572 155780  3175
5.963245798 4459630452 10459903 155754  1639
5.972960625 4588906280 10502077 155754  1073
5.973656180 4288607534 9855526 155754  3132
5.974246535 4470076599 10446147 155761  1707
5.983972046 4600197970 11291690 155769  815
5.984641218 4298113603 9506069 155777  3271
5.985256854 4480532763 10456164 155763  1781
5.994972298 4610800605 10602635 155755  1018
5.995657200 4308221486 10107883 155765  2838
5.996244662 4490981263 10448500 155768  1758
6.005957782 4621595502 10794897 155764  763
6.006652974 4317859076 9637590 155769  3248
6.007257706 4501456588 10475325 155761  1781
6.016970670 4632600452 11004950 155762  822
6.017653752 4327420977 9561901 155765  3065
6.018258371 4512026555 10569967 155771  1450
6.027973751 4643097894 10497442 155763  1003
6.028654854 4337584524 10163547 155762  2595
6.029244602 4522639618 10613063 155770  1606
6.038963926 4654412362 11314468 155766  816
6.039642575 4347083508 9498984 155781  3293
6.040244310 4533381812 10742194 155767  1710
6.049968794 4664975774 10563412 155759  1016
6.050662986 4356757728 9674220 155762  3370
6.051264541 4543926768 10544956 155767  1662
6.060973745 4675933444 10957670 155769  836
6.061655264 4366811651 10053923 155773  2743
6.062238439 4554436616 10509848 155780  1819
6.071973306 4686754141 10820697 155771  955
6.072655379 4376319940 9508289 155766  3264
6.073243044 4564917480 10480864 155764  1941
6.082960724 4697389746 10635605 155771  995
6.083641823 4386064894 9744954 155766  3086
6.084245285 4575330916 10413436 155762  1737
6.093958132 4708601489 11211743 155777  902
6.094652771 4396016003 9951109 155765  2811
6.095256473 4585797275 10466359 155759  1933
6.104960490 4719236114 10634625 155752  997
6.105652829 4405500718 9484715 155757  2990
6.106244447 4596226203 10428928 155758  1740
6.115973291 4730383213 11147099 155776  874
6.116655177 4415363005 9862287 155766  2938
6.117256972 4606661729 10435526 155768  1898
6.126961399 4740908850 10525637 155770  964
6.127642745 4425215572 9852567 155767  3002
6.128256520 4617237541 10575812 155766  1797
6.137958593 4751798800 10889950 155791  946
6.138642019 4434741124 9525552 155760  3200
6.139243298 4627903425 10665884 155767  1639
6.148959864 4762726958 10928158 155754  829
6.149641897 4444797217 10056093 155765  2670
6.150255402 4638707160 10803735 155756  1694
6.159972936 4773633048 10906090 155775  903
6.160641148 4454464628 9667411 155776  3064
6.161245546 4649187467 10480307 155764  1641
6.170957607 4784565453 10932405 155781  851
6.171642810 4463946278 9481650 155771  3377
6.172246252 4659628100 10440633 155772  1706
6.181971415 4795053148 10487695 155752  1016
6.182655131 4474164483 10218205 155764  2547
6.183246883 4670103108 10475008 155768  1616
6.192980897 4806332666 11279518 155768  1023
6.193664266 4483660599 9496116 155771  3348
6.194262575 4680530428 10427320 155764  1758
6.203961191 4816844779 10512113 155764  1003
6.204643170 4493136060 9475461 155770  3383
6.205244765 4690983851 10453423 155764  1769
6.214972729 4828066093 11221314 155772  1009
6.215654621 4503388431 10252371 155758  2914
6.216258787 4701425617 10441766 155771  1469
6.225973193 4838700030 10633937 155768  886
6.226641522 4512865823 9477392 155763  3116
6.227256838 4711871793 10446176 155777  1652
6.236972635 4849302717 10602687 155761  946
6.237653318 4522479579 9613756 155757  3212
6.238244175 4722663526 10791733 155762  1690
6.247971866 4860494020 11191303 155778  968
6.248643159 4532558200 10078621 155756  3026
6.249245073 4733422081 10758555 155770  1528
6.258960897 4871005799 10511779 155759  885
6.259655000 4542046601 9488401 155759  2992
6.260257308 4743940331 10518250 155759  1690
6.269974005 4882325948 11320149 155783  949
6.270657931 4551914386 9867785 155760  2856
6.271259016 4754405253 10464922 155773  1681
6.280972103 4892847781 10521833 155758  894
6.281655046 4561756467 9842081 155758  3087
6.282243187 4764811061 10405808 155761  1525
6.291972791 4903853154 11005373 155778  956
6.292655650 4571244437 9487970 155762  3183
6.293257269 4775266704 10455643 155768  1732
6.302971952 4914659375 10806221 155800  968
6.303653845 4581077704 9833267 155755  2714
6.304256733 4785692517 10425813 155768  1497
6.313959727 4925147041 10487666 155757  857
6.314653359 4590933229 9855525 155758  3161
6.315257341 4796116853 10424336 155761  1819
6.324958914 4936494803 11347762 155771  868
6.325653694 4600397781 9464552 155764  3191
6.326243049 4806799953 10683100 155775  1720
6.335980873 4946904668 10409865 152064  877
6.336656142 4610419815 10022034 155768  2625
6.337265041 4817385816 10585863 155768  1631
6.346247398 4958257553 11352885 159471  946
6.347642723 4620147690 9727875 155769  2890
6.348245207 4828214590 10828774 155769  1769
6.357973285 4968772755 10515202 155766  929
6.358654035 4629592985 9445295 155769  3166
6.359243409 4838682728 10468138 155751  1665
6.368961609 4979648916 10876161 155792  823
6.369643273 4639823433 10230448 155769  2829
6.370256420 4849107170 10424442 155762  1759
6.379960040 4990599099 10950183 155769  876
6.380654430 4649311963 9488530 155769  2869
6.381242961 4859550259 10443089 155760  1779
6.390973645 5001087531 10488432 155771  835
6.391654948 4658850332 9538369 155773  3020
6.392257507 4869990891 10440632 155762  1700
6.401959292 5012347800 11260269 155781  880
6.402656006 4668978159 10127827 155771  3033
6.403255951 4880443504 10452613 155760  1863
6.412972801 5022856324 10508524 155756  891
6.413643318 4678490159 9512000 155769  2990
6.414255029 4891096518 10653014 155771  1492
6.423958909 5034138757 11282433 155792  770
6.424642349 4688286693 9796534 155766  2835
6.425244336 4901676025 10579507 155770  1628
6.434959616 5044704211 10565454 155766  825
6.435656480 4698170957 9884264 155778  3011
6.436243591 4912503443 10827418 155774  1736
6.445972311 5055545820 10841609 155780  775
6.446641794 4707637783 9466826 155763  3311
6.447255333 4922938703 10435260 155780  1623
6.456960319 5066465323 10919503 155779  871
6.457634293 4717451889 9814106 155768  2851
6.458242467 4933398888 10460185 155762  1822
6.467992408 5076942799 10477476 155758  953
6.468641140 4727309742 9857853 155763  3254
6.469244785 4943826964 10428076 155760  1793
6.478979781 5088234366 11291567 155788  811
6.479661312 4736773170 9463428 155757  3371
6.480264497 4954233607 10406643 155766  1592
6.489974099 5098761398 10527032 155757  864
6.490643266 4746621455 9848285 155762  3065
6.491247161 4964685283 10451676 155773  1752
6.500959704 5109613545 10852147 155779  817
6.501655134 4756462672 9841217 155762  3033
6.502243875 4975111499 10426216 155771  1701
6.511974055 5120501888 10888343 155764  844
6.512643179 4765919482 9456810 155763  2977
6.513256934 4985793868 10682369 155787  1743
6.522959703 5130984702 10482814 155756  852
6.523642923 4775758669 9839187 155769  3048
6.524243687 4996371287 10577419 155769  1615
6.533961977 5142264676 11279974 155767  716
6.534656335 4785599257 9840588 155771  2834
6.535243089 5007014179 10642892 155765  1552
6.544973953 5152789145 10524469 155756  785
6.545642446 4795060881 9461624 155751  2829
6.546257207 5017577973 10563794 155760  1656
6.555971030 5163835709 11046564 155777  744
6.556655514 4804868510 9807629 155766  3177
6.557247041 5028025353 10447380 155766  1621
6.566960481 5174520749 10685040 155761  895
6.567654512 4814720950 9852440 155780  2964
6.568244082 5038428828 10403475 155763  1705
6.577972049 5185002600 10481851 155774  860
6.578654353 4824192137 9471187 155757  2663
6.579256904 5048863774 10434946 155763  1673
6.588972284 5196304947 11302347 155774  742
6.589642291 4833888960 9696823 155768  3073
6.590258655 5059283294 10419520 155773  1713
6.599960425 5206809801 10504854 155764  818
6.600642789 4843815672 9926712 155765  3037
6.601256913 5069829409 10546115 155771  1788
6.610972523 5218014977 11205176 155780  789
6.611654310 4853341625 9525953 155765  2685
6.612254978 5080514640 10685231 155773  1489
6.621960767 5228548507 10533530 155757  955
6.622640928 4863017261 9675636 155782  3076
6.623244636 5091165193 10650553 155764  1634
6.632978492 5239169512 10621005 155778  828
6.633662559 4872950513 9933252 155767  2853
6.634262877 5101747342 10582149 155777  1684
6.643960737 5250329375 11159863 155777  726
6.644654851 4882463483 9512970 155767  2917
6.645260698 5112155326 10407984 155765  1601
6.654959651 5260870238 10540863 155763  832
6.655653199 4891911161 9447678 155757  2854
6.656256233 5122607565 10452239 155771  1843
6.665973449 5272083697 11213459 155786  740
6.666643327 4902021115 10109954 155763  2879
6.667245198 5133017080 10409515 155771  1754
6.676959390 5282565901 10482204 155780  963
6.677654268 4911578662 9557547 155764  2914
6.678257245 5143415576 10398496 155767  1558
6.687971855 5293544185 10978284 155780  805
6.688641499 4921036289 9457627 155764  2938
6.689255886 5153873471 10457895 155766  1729
6.698959996 5304340201 10796016 155766  789
6.699653744 4931061942 10025653 155773  2602
6.700256302 5164423695 10550224 155767  1589
6.709960031 5315158757 10818556 155785  812
6.710644198 4940701570 9639628 155760  3026
6.711244879 5175046356 10622661 155776  1737
6.720960405 5326123943 10965186 155771  775
6.721643039 4950159444 9457874 155773  2987
6.722256020 5185839072 10792716 155772  1690
6.731959879 5336591830 10467887 155762  895
6.732642127 4960212763 10053319 155763  2432
6.733243208 5196267449 10428377 155766  1659
6.742957071 5347842507 11250677 155786  733
6.743655459 4969791229 9578466 155755  3010
6.744243459 5206741990 10474541 155760  1759
6.753972622 5358321740 10479233 155774  746
6.754654563 4979257299 9466070 155763  3073
6.755243351 5217143948 10401958 155768  1631
6.764970480 5369413781 11092041 155781  761
6.765642451 4989310910 10053611 155768  2496
6.766254765 5227535126 10391178 155767  1748
6.775980632 5380104567 10690786 155759  751
6.776661396 4998899956 9589046 155767  2843
6.777266194 5237956084 10420958 155773  1748
6.786959896 5390797883 10693316 155768  813
6.787654751 5008347946 9447990 155772  3017
6.788256384 5248368595 10412511 155763  1681
6.797971177 5401814776 11016893 155772  705
6.798641602 5018272442 9924496 155774  2801
6.799258416 5259017643 10649048 155771  1749
6.808960342 5412287874 10473098 155759  709
6.809644299 5028012040 9739598 155761  2605
6.810245247 5269598232 10580589 155765  1413
6.819960389 5423573815 11285941 155778  734
6.820655805 5037469904 9457864 155758  2872
6.821257858 5280278238 10680006 155773  1622
6.830973638 5434078116 10504301 155763  754
6.831655282 5047234843 9764939 155761  3073
6.832257187 5290787627 10509389 155770  1617
6.841959328 5444940227 10862111 155786  803
6.842655270 5057091144 9856301 155760  2628
6.843243211 5301192699 10405072 155767  1509
6.852971937 5455804098 10863871 155761  695
6.853641988 5066551939 9460795 155756  2899
6.854257899 5311624315 10431616 155759  1796
6.863971014 5466269781 10465683 155766  742
6.864654833 5076080661 9528722 155771  3102
6.865256260 5322044926 10420611 155770  1635
6.874972453 5477576068 11306287 155774  780
6.875643011 5086155232 10074571 155770  2709
6.876243541 5332428832 10383906 155769  1574
6.885959000 5488035169 10459101 155772  825
6.886641818 5095641199 9485967 155764  2510
6.887243859 5342925121 10496289 155769  1720
6.896972588 5499249843 11214674 155773  883
6.897642619 5105080591 9439392 155766  3010
6.898256617 5353538698 10613577 155769  1631
6.907959836 5509732984 10483141 155762  809
6.908641788 5115140270 10059679 155766  2723
6.909244211 5364060664 10521966 155783  1701
6.918967724 5520573906 10840922 155771  800
6.919661852 5124716823 9576553 155772  2481
6.920250122 5374828487 10767823 155775  1655
6.929973675 5531491636 10917730 155767  955
6.930641830 5134154830 9438007 155764  2962
6.931244928 5385221268 10392781 155772  1561
6.940970776 5541996970 10505334 155768  700
6.941644364 5144174452 10019622 155768  2676
6.942256262 5395677938 10456670 155759  1638
6.951972224 5553161724 11164754 155771  829
6.952654490 5153791742 9617290 155769  2689
6.953257796 5406070208 10392270 155758  1564
6.962971512 5563625200 10463476 155764  793
6.963653447 5163226215 9434473 155766  2922
6.964257385 5416449915 10379707 155765  1658
6.973961016 5574633878 11008678 155776  755
6.974643868 5173114135 9887920 155763  2706
6.975257826 5426864601 10414686 155779  1747
6.984959231 5585476126 10842248 155761  908
6.985655127 5182827307 9713172 155760  2901
6.986244080 5437370656 10506055 155768  1644
6.995973123 5596245252 10769126 155773  687
6.996655975 5192307382 9480075 155762  2914
6.997256325 5448078495 10707839 155757  1786
7.006960197 5607357120 11111868 155769  852
7.007641039 5202244786 9937404 155762  2398
7.008244042 5458731868 10653373 155772  1531
7.017971828 5617870174 10513054 155770  779
7.018654827 5211955593 9710807 155780  2723
7.019244497 5469213189 10481321 155773  1640
7.028971742 5629201285 11331111 155787  718
7.029654612 5221373556 9417963 155768  2864
7.030244685 5479624373 10411184 155764  1681
7.039972611 5639758115 10556830 155754  922
7.040657426 5231352352 9978796 155768  2355
7.041256443 5490031566 10407193 155769  1596
7.050959989 5650697793 10939678 155768  698
7.051646457 5240992847 9640495 155764  2985
7.052244827 5500442193 10410627 155759  1692
7.061959003 5661618203 10920410 155760  908
7.062654782 5250423036 9430189 155763  2969
7.063242549 5510839487 10397294 155765  1664
7.072980065 5672174172 10555969 155776  739
7.073650567 5260390204 9967168 155776  2667
7.074246827 5521215609 10376122 155768  1537
7.083972636 5683502283 11328111 155770  688
7.084653868 5270074223 9684019 155756  2760
7.085245861 5531938265 10722656 155752  1782
7.094959967 5694028779 10526496 155766  908
7.095642589 5279508513 9434290 155763  2721
7.096245902 5542412222 10473957 155771  1683
7.105961088 5705333595 11304816 155784  682
7.106655361 5289301536 9793023 155778  2749
7.107249938 5553116009 10703787 155764  1819
7.116970903 5715868148 10534553 155762  921
7.117641742 5299113707 9812171 155764  2659
7.118255799 5563540057 10424048 155769  1718
7.127961040 5726773806 10905658 155771  735
7.128656593 5308561291 9447584 155762  2635
7.129244283 5573946358 10406301 155763  1539
7.138972249 5737725513 10951707 155782  709
7.139653877 5318119053 9557762 155772  3013
7.140243734 5584445305 10498947 155766  1619
7.149973153 5748361239 10635726 155763  862
7.150644412 5328154909 10035856 155761  2733
7.151255043 5594911241 10465936 155768  1475
7.160971334 5759602758 11241519 155773  660
7.161653297 5337601681 9446772 155771  2506
7.162243890 5605364935 10453694 155760  1685
7.171958025 5770105002 10502244 155766  894
7.172656008 5347035516 9433835 155765  2923
7.173257425 5615945193 10580258 155764  1656
7.182960690 5781309712 11204710 155772  741
7.183642476 5357054762 10019246 155766  2702
7.184257622 5626681138 10735945 155769  1564
7.193959531 5791944219 10634507 155764  774
7.194642353 5366648424 9593662 155770  2201
7.195245634 5637552727 10871589 155786  1679
7.204972846 5802862068 10917849 155766  889
7.205655632 5376069797 9421373 155765  2936
7.206242952 5648015687 10462960 155763  1522
7.215978263 5813832739 10970671 155769  727
7.216648070 5385835627 9765830 155759  2724
7.217252536 5658495996 10480309 155775  1655
7.226960774 5824449272 10616533 155767  851
7.227644567 5395667399 9831772 155773  2497
7.228256107 5668947658 10451662 155762  1796
7.237972503 5835616383 11167111 155784  665
7.238653369 5405081830 9414431 155778  2779
7.239256543 5679399811 10452153 155774  1533
7.248957467 5846156126 10539743 155763  696
7.249640904 5414778682 9696852 155768  2833
7.250258607 5689870614 10470803 155762  1628
7.259973385 5857471048 11314922 155780  813
7.260642848 5424645656 9866974 155767  2762
7.261244611 5700435608 10564994 155769  2299
7.270960693 5868034330 10563282 155765  685
7.271642036 5434089353 9443697 155762  2773
7.272232951 5711094467 10658859 155763  2379
7.281959891 5879035516 11001186 155766  882
7.282654144 5443778768 9689415 155758  2732
7.283258464 5721890026 10795559 155779  2756
7.292970662 5889828915 10793399 155774  772
7.293642869 5453608580 9829812 155767  2834
7.294258599 5732450215 10560189 155762  2787
7.303960410 5900413950 10585035 155753  806
7.304638890 5463110178 9501598 155773  2781
7.305243000 5742904022 10453807 155767  4820
7.314959514 5911670409 11256459 155778  876
7.315640737 5472534009 9423831 155770  2520
7.316257105 5753377727 10473705 155757  4960
7.325972656 5922193314 10522905 155755  687
7.326653296 5482378279 9844270 155773  2959
7.327256129 5763817920 10440193 155760  3355
7.336973481 5933385863 11192549 155779  880
7.337655177 5492104997 9726718 155766  2824
7.338244350 5774293696 10475776 155770  2186
7.347972652 5943979374 10593511 155763  682
7.348654358 5501560470 9455473 155771  2548
7.349210286 5784749435 10455739 155760  1824
7.358979949 5954923383 10944009 155766  707
7.359650270 5511318783 9758313 155761  2884
7.360250392 5795298887 10549452 155770  2325
7.369962500 5965852325 10928942 155761  849
7.370643448 5521095543 9776760 155763  2701
7.371244790 5806049820 10750933 155767  2871
7.380959872 5976672141 10819816 155765  638
7.381654783 5530543558 9448015 155769  2893
7.382254615 5816778739 10728919 155762  2826
7.391960160 5987678390 11006249 155773  880
7.392641690 5540131944 9588386 155770  2589
7.393241577 5827301371 10522632 155777  6808
7.402970858 5998180815 10502425 155769  731
7.403642298 5550085260 9953316 155775  2677
7.404254191 5837776797 10475426 155770  7441
7.413971325 6009501482 11320667 155782  698
7.414654433 5559523134 9437874 155766  2754
7.415253223 5848212229 10435432 155767  7723
7.424972294 6020018342 10516860 155756  846
7.425655590 5569181509 9658375 155766  2755
7.426205050 5858657263 10445034 155770  5039
7.435972935 6031301109 11282767 155769  664
7.436643569 5579152723 9971214 155772  2522
7.437252181 5869093893 10436630 155759  5084
7.446960483 6041849867 10548758 155758  878
7.447654467 5588637180 9484457 155758  2980
7.448252296 5879614409 10520516 155772  5127
7.457972957 6052679919 10830052 155780  642
7.458636234 5598126656 9489476 155761  2758
7.459252400 5890347692 10733283 155764  2799
7.468959688 6063670256 10990337 155769  764
7.469654665 5608157917 10031261 155761  2512
7.470253969 5900910897 10563205 155762  2042
7.479954146 6074302016 10631760 155758  788
7.480640340 5617800571 9642654 155773  3082
7.481255526 5911633541 10722644 155774  1787
7.490971514 6085509622 11207606 155779  704
7.491654292 5627294774 9494203 155766  3099
7.492257804 5922112027 10478486 155775  1568
7.501981072 6095992723 10483101 155766  934
7.502663093 5637183311 9888537 155780  2589
7.503214373 5932536845 10424818 155760  1832
7.512974580 6107233350 11240627 155766  746
7.513655991 5647008772 9825461 155773  2773
7.514256037 5942989463 10452618 155777  1892
7.523972447 6117791772 10558422 155756  800
7.524653866 5656496232 9487460 155772  3008
7.525244471 5953435381 10445918 155775  2210
7.534972396 6129040991 11249219 155783  809
7.535643677 5666344000 9847768 155758  2759
7.536255773 5964219338 10783957 155765  3549
7.545972734 6139639555 10598564 155767  675
7.546653198 5676188233 9844233 155782  2589
7.547242537 5974727089 10507751 155780  3823
7.556971201 6150614366 10974811 155767  881
7.557655620 5685664967 9476734 155755  2858
7.558240548 5985349449 10622360 155775  3738
7.567973182 6161419854 10805488 155773  635
7.568641194 5695195710 9530743 155761  3038
7.569245373 5995947733 10598284 155772  3281
7.578959951 6171994584 10574730 155762  745
7.579645108 5705362244 10166534 155765  2545
7.580228557 6006396844 10449111 155759  2850
7.589970975 6183201401 11206817 155775  801
7.590654810 5714849873 9487629 155761  2706
7.591251258 6016883173 10486329 155761  3711
7.600972286 6193728219 10526818 155765  733
7.601643137 5724337551 9487678 155759  3017
7.602240704 6027317202 10434029 155765  3891
7.611960341 6204982878 11254659 155778  984
7.612643156 5734523526 10185975 155763  2593
7.613239355 6037751274 10434072 155774  3689
7.622960252 6215501634 10518756 155761  784
7.623641083 5744027778 9504252 155782  2486
7.624253266 6048303483 10552209 155760  2615
7.633958730 6226474391 10972757 155780  679
7.634654311 5753488219 9460441 155767  3054
7.635256028 6059006054 10702571 155770  1703
7.644979625 6237302089 10827698 155768  767
7.645651493 5763311353 9823134 155778  2876
7.646254535 6069811287 10805233 155771  1921
7.655959236 6247959211 10657122 155762  610
7.656642204 5773204897 9893544 155762  2496
7.657244866 6080269728 10458441 155768  1518
7.666961127 6259116511 11157300 155787  824
7.667655695 5782658502 9453605 155766  2979
7.668244337 6090725174 10455446 155771  1535
7.677973159 6269597247 10480736 155763  697
7.678643403 5792475124 9816622 155764  2654
7.679245262 6101160197 10435023 155768  1603
7.688958926 6280880388 11283141 155778  708
7.689652058 5802326521 9851397 155775  2602
7.690244173 6111587272 10427075 155760  1611
7.699960164 6291373133 10492745 155750  838
7.700654786 5811793551 9467030 155760  2600
7.701255198 6122022610 10435338 155758  2361
7.710971242 6302665497 11292364 155781  637
7.711654150 5821353375 9559824 155778  2648
7.712244086 6132776026 10753416 155771  2690
7.721972640 6313199842 10534345 155763  882
7.722641688 5831315571 9962196 155773  2666
7.723214197 6143292229 10516203 155760  2188
7.732957548 6324132758 10932916 155768  706
7.733654606 5840949743 9634172 155762  2620
7.734255752 6154087225 10794996 155760  2156
7.743971302 6334975162 10842404 155753  732
7.744640874 5850441327 9491584 155764  2584
7.745243196 6164555259 10468034 155755  1784
7.754972403 6345625270 10650108 155777  758
7.755642382 5860361766 9920439 155771  2751
7.756242624 6174970601 10415342 155766  1752
7.765960464 6356797550 11172280 155762  663
7.766654430 5870050348 9688582 155757  2623
7.767256079 6185400993 10430392 155773  1630
7.776959330 6367492420 10694870 155759  818
7.777652978 5879532929 9482581 155773  2398
7.778243906 6195833212 10432219 155767  1653
7.787971131 6378543635 11051215 155779  642
7.788641532 5889312679 9779750 155771  2930
7.789243185 6206630654 10797442 155758  1688
7.798966058 6389059335 10515700 155760  753
7.799661820 5899173138 9860459 155784  2645
7.800254412 6217122929 10492275 155764  1636
7.809972753 6400255143 11195808 155784  827
7.810656392 5908659445 9486307 155765  2465
7.811244693 6227850461 10727532 155771  1639
7.820972551 6410839708 10584565 155757  719
7.821642963 5918201663 9542218 155783  2729
7.822244174 6238296122 10445661 155772  1535
7.831962812 6421751373 10911665 155767  814
7.832655384 5928194602 9992939 155777  2407
7.833245066 6248741070 10444948 155774  1580
7.842972780 6432609754 10858381 155780  648
7.843654538 5937774274 9579672 155762  2533
7.844255281 6259165931 10424861 155765  1938
7.853974708 6443146545 10536791 155758  711
7.854654990 5947217552 9443278 155764  2638
7.855244812 6269590320 10424389 155766  1575
7.864970966 6454358668 11212123 155766  708
7.865642515 5957110922 9893370 155766  2537
7.866243120 6280012788 10422468 155767  1577
7.875961081 6464868852 10510184 155763  639
7.876654329 5966879582 9768660 155771  2582
7.877257555 6290714144 10701356 155762  1551
7.886970415 6476147181 11278329 155778  761
7.887643977 5976359306 9479724 155768  2706
7.888255852 6301324680 10610536 155780  1486
7.897972769 6486636277 10489096 155754  683
7.898643319 5986121251 9761945 155761  2462
7.899259857 6312035974 10711294 155781  1574
7.908972151 6497737500 11101223 155769  748
7.909656013 5995976007 9854756 155768  2682
7.910255745 6322489805 10453831 155765  1690
7.919972649 6508402415 10664915 155764  830
7.920641961 6005465095 9489088 155769  2743
7.921243710 6332905469 10415664 155779  1487
7.930974230 6518992401 10589986 155765  689
7.931641339 6015130449 9665354 155778  2211
7.932257217 6343343864 10438395 155769  1611
7.941966111 6530198216 11205815 155775  825
7.942650074 6025032272 9901823 155770  2746
7.943253148 6353771103 10427239 155758  1462
7.952961909 6540662568 10464352 155761  665
7.953640608 6034579568 9547296 155759  2634
7.954257134 6364257624 10486521 155767  1602
7.963959764 6551930171 11267603 155790  702
7.964655143 6044054641 9475073 155774  2679
7.965243598 6375013882 10756258 155768  1552
7.974961258 6562421959 10491788 155761  885
7.975655544 6053874913 9820272 155763  2701
7.976256459 6385785938 10772056 155765  1430
7.985957996 6573707000 11285041 155776  649
7.986652532 6063697867 9822954 155771  2640
7.987245053 6396278582 10492644 155763  1536
7.996960820 6584229257 10522257 155770  884
7.997642576 6073145867 9448000 155767  2850
7.998242988 6406688951 10410369 155765  1491
8.007959941 6595114071 10884814 155765  773
8.008641244 6083049159 9903292 155769  2682
8.009245153 6417086453 10397502 155763  1619
8.018958836 6604057844 8943773 155769  6242
8.019654759 6092817636 9768477 155760  2475
8.020258734 6427520464 10434011 155763  1536
8.029972804 6614487129 10429285 155756  1738
8.030643560 6102270798 9453162 155762  2873
8.031257755 6438006306 10485842 155764  1424
8.040960205 6625266569 10779440 155775  1924
8.041653592 6112275873 10005075 155765  2623
8.042244486 6448846398 10840092 155775  1500
8.051957930 6636215763 10949194 155776  1526
8.052654209 6121959178 9683305 155768  2221
8.053244088 6459528395 10681997 155769  1342
8.062971922 6646693587 10477824 155755  928
8.063642851 6131388685 9429507 155764  2803
8.064245026 6469959712 10431317 155763  1484
8.073958779 6658012870 11319283 155778  844
8.074641449 6141218462 9829777 155767  2715
8.075243563 6480395165 10435453 155767  1696
8.084968514 6667493804 9480934 155765  2430
8.085662297 6151034775 9816313 155766  2230
8.086253712 6490804411 10409246 155757  1592
8.095960635 6671037751 3543947 169962  4877
8.096656155 6160492654 9457879 155768  2933
8.097257810 6501234875 10430464 155762  1723
8.107640676 6170108119 9615465 155759  2743
8.107973617 6674856939 3819188 169969  4221
8.108257191 6511844222 10609347 155773  1643
8.118642350 6180130983 10022864 155785  2510
8.119246338 6522446826 10602604 155774  1508
8.119961645 6678682723 3825784 169944  2522
8.129655395 6189576862 9445879 155762  2755
8.130260137 6533259301 10812475 155765  1422
8.131959047 6682512879 3830156 169955  2048
8.140643149 6199083341 9506479 155768  2757
8.141245474 6543703248 10443947 155767  1373
8.143973526 6686359363 3846484 169949  2028
8.151655831 6209124732 10041391 155776  2598
8.152255892 6554108885 10405637 155765  1566
8.155959321 6690166515 3807152 169945  1956
8.162654425 6218655876 9531144 155762  2543
8.163257243 6564532009 10423124 155766  2089
8.167973323 6693970022 3803507 169944  2002
8.173643880 6228107621 9451745 155778  2613
8.174255769 6574953713 10421704 155771  1956
8.179958371 6697777648 3807626 169952  1866
8.184654145 6238099018 9991397 155761  2706
8.185244750 6585808871 10855158 155764  2080
8.191970647 6701642424 3864776 169976  1870
8.195642653 6247745653 9646635 155766  2682
8.196244841 6596534079 10725208 155764  1658
8.203961173 6705448651 3806227 169962  1996
8.206641744 6257195406 9449753 155762  2482
8.207256495 6605032591 8498512 155757  10078
8.215959961 6709250453 3801802 169962  1867
8.217654872 6267098955 9903549 155763  2835
8.218245533 6615453643 10421052 155765  2703
8.227959253 6713050119 3799666 169941  1846
8.228663330 6276784768 9685813 155765  2680
8.229265801 6625878007 10424364 155759  2746
8.239653991 6286242055 9457287 155771  2387
8.239979735 6716895604 3845485 169976  1849
8.240257499 6636284843 10406836 155776  2333
8.250644075 6296042277 9800222 155771  2727
8.251243983 6646700944 10416101 155777  1669
8.251972740 6720679692 3784088 169970  1950
8.261654243 6305796102 9753825 153568  2599
8.262244508 6657181242 10480298 155773  1457
8.263958412 6724470005 3790313 169949  1734
8.271919322 6315322275 9526173 157971  2678
8.273258593 6667155349 9974107 155774  2587
8.275960941 6728006468 3536463 169959  3407
8.283643536 6324944616 9622341 155765  2585
8.284244487 6670486486 3331137 155772  6542
8.287972263 6731546817 3540349 169952  4715
8.294655538 6334932508 9987892 155774  2764
8.295243412 6674297128 3810642 169940  8727
8.299973888 6735023656 3476839 169952  4465
8.305641929 6344385643 9453135 155781  2833
8.307256527 6678114886 3817758 169942  5339
8.311960336 6738846676 3823020 169956  4007
8.316641663 6354078385 9692742 155775  2702
8.319256386 6681918291 3803405 169946  5754
8.323960379 6742606678 3760002 169931  2356
8.327641591 6364025180 9946795 155770  2399
8.331243854 6685723369 3805078 169950  5711
8.335960837 6746355723 3749045 169953  1985
8.338655969 6373488544 9463364 155770  2801
8.343244537 6689519288 3795919 169963  5820
8.347971069 6750144990 3789267 169949  1913
8.349643824 6383169397 9680853 155771  2501
8.355243251 6693310133 3790845 169950  5843
8.359960514 6753878979 3733989 169956  1960
8.360655062 6393109567 9940170 155764  2235
8.367255437 6697105922 3795789 169952  5621
8.371652193 6402565651 9456084 155768  2836
8.371971433 6757650853 3771874 169966  1837
8.379244436 6700908118 3802196 169956  5939
8.382649495 6412147661 9582010 155760  2799
8.383972578 6761368965 3718112 169952  1783
8.391262381 6704720680 3812562 169954  6102
8.393642615 6422200578 10052917 155761  2362
8.395971557 6765123757 3754792 169963  1949
8.403258223 6708551106 3830426 169952  5942
8.404654653 6431655687 9455109 155759  2724
8.407967592 6768823805 3700048 169946  2007
8.415256795 6712340395 3789289 169948  5969
8.415642668 6441108589 9452902 155771  2741
8.419973308 6772563428 3739623 169941  1945
8.426654823 6451192964 10084375 155771  2431
8.427245840 6716123387 3782992 169945  5880
8.431970452 6776246848 3683420 169942  1870
8.437657834 6460709041 9516077 155764  2462
8.439244189 6719904128 3780741 169936  5458
8.443972541 6779968696 3721848 169960  1852
8.448642108 6470146409 9437368 155751  2624
8.451255417 6723682123 3777995 169951  5718
8.455972563 6783639248 3670552 169957  1855
8.459642763 6480185795 10039386 155765  2665
8.463257759 6727367245 3685122 169943  6012
8.467961295 6787347928 3708680 169954  1747
8.470641740 6489787871 9602076 155765  2560
8.475244015 6730692928 3325683 169939  9824
8.479972207 6791048391 3700463 169948  1892
8.481652999 6499334670 9546799 155777  2504
8.487244443 6733955411 3262483 155766  7294
8.491960965 6794694634 3646243 169970  1680
8.492642170 6509375440 10040770 155759  2642
8.498257988 6737652155 3696744 169945  10009
8.503654782 6518843764 9468324 155757  2633
8.503974138 6798381828 3687194 169947  1681
8.510257100 6741410837 3758682 169951  5478
8.514654206 6528281896 9438132 155763  2370
8.515959717 6802008280 3626452 169979  1781
8.522242872 6745200799 3789962 169937  5745
8.525650134 6538306550 10024654 155770  2695
8.527974208 6805677434 3669154 169952  1677
8.534243597 6748935614 3734815 169943  9589
8.536654952 6547896199 9589649 155772  2567
8.539961487 6809339800 3662366 169948  1795
8.546264739 6752660498 3724884 169957  6060
8.547653280 6557342201 9446002 155768  2508
8.551960633 6812949668 3609868 169946  1811
8.558243181 6756427702 3767204 169954  5824
8.558653048 6567273487 9931286 155758  2500
8.563967857 6816599867 3650199 169947  1905
8.569653886 6576948616 9675129 155757  2312
8.570246996 6760139107 3711405 169961  5559
8.575974503 6820242820 3642953 169954  1696
8.580643027 6586386022 9437406 155766  2638
8.582256632 6763836974 3697867 169966  7065
8.587960651 6823877980 3635160 169958  1613
8.591642015 6596239238 9853216 155759  2514
8.594256591 6767580315 3743341 169950  7576
8.599965747 6827460754 3582774 169948  1801
8.602642546 6604138216 7898978 155767  7616
8.606241029 6771263968 3683653 169955  7053
8.611960078 6831073103 3612349 169944  1913
8.613656361 6613538668 9400452 155770  3805
8.618215911 6774939518 3675550 169943  10001
8.623973334 6834675117 3602014 169953  1723
8.624654785 6623325730 9787062 155767  4098
8.630245299 6778658055 3718537 169955  6219
8.635643194 6633133626 9807896 155776  3497
8.635971949 6838264858 3589741 169949  1750
8.642243651 6782315607 3657552 169937  5778
8.646654175 6642574153 9440527 155761  2849
8.647960817 6841798766 3533908 169944  1654
8.654260017 6785972671 3657064 169947  5549
8.657642989 6652581508 10007355 155769  2633
8.659973233 6845366990 3568224 169960  1667
8.666256172 6789661542 3688871 169944  6622
8.668650917 6662227699 9646191 155768  2075
8.671960484 6848925276 3558286 169958  1612
8.678245297 6793303403 3641861 169958  6825
8.679654355 6669020422 6792723 169932  9090
8.683971790 6852473326 3548050 169969  1776
8.690248956 6796980501 3677098 169942  6595
8.691656751 6672576051 3555629 169945  13901
8.695960442 6856007483 3534157 169953  1565
8.702215211 6800604782 3624281 169943  7733
8.703657066 6676391236 3815185 169958  11041
8.707972851 6859533940 3526457 169943  1522
8.714245067 6804270198 3665416 169953  6247
8.715644478 6680201306 3810070 169947  9893
8.719981749 6863049296 3515356 169954  1733
8.726256472 6807881710 3611512 169943  5875
8.727643713 6684009433 3808127 169951  11232
8.731973728 6866553322 3504026 169952  1636
8.738246477 6811533109 3651399 169938  5589
8.739643575 6687810942 3801509 169947  10391
8.743962040 6870005006 3451684 169939  1682
8.750245043 6815128470 3595361 169957  5784
8.751659194 6691609648 3798706 169941  11253
8.755973052 6873488116 3483110 169952  1868
8.762245728 6818766494 3638024 169959  6020
8.763646135 6695399302 3789654 169951  10623
8.767972180 6876962708 3474592 169951  1734
8.774248813 6822398102 3631608 169959  7276
8.775656508 6699198935 3799633 169951  11484
8.779973719 6880426661 3463953 169948  1718
8.786257762 6825972138 3574036 169955  6714
8.787656557 6703000112 3801177 169945  10565
8.791959594 6883874069 3447408 169938  1837
8.798245533 6829585057 3612919 169944  6287
8.799656801 6706796754 3796642 169946  11127
8.803962009 6887312188 3438119 169956  1927
8.810256296 6833136395 3551338 169958  5986
8.811656427 6710590212 3793458 169937  10977
8.815972842 6890740559 3428371 169963  1674
8.822244461 6836722711 3586316 169952  5632
8.823657476 6714374280 3784068 169950  10612
8.827961376 6894161109 3420550 169949  1543
8.834245079 6840297147 3574436 169943  5696
8.835651251 6718167276 3792996 169964  10607
8.839972795 6897571083 3409974 169944  1702
8.846257278 6843817392 3520245 169948  5637
8.847645763 6721985188 3817912 169937  9893
8.851971551 6900971859 3400776 169954  1452
8.858244650 6847369856 3552464 169941  6464
8.859644028 6725764930 3779742 169947  10331
8.863972559 6904366194 3394335 169954  1569
8.870263696 6850911202 3541346 169953  5863
8.871645137 6728671014 2906084 155772  10633
8.875972985 6907749294 3383100 169954  1839
8.882245221 6854410203 3499001 169963  5950
8.882657132 6732441703 3770689 169950  14580
8.887977287 6911121218 3371924 169953  1893
8.894240376 6857922244 3512041 169949  6170
8.894656524 6735965396 3523693 169944  14019
8.899961042 6914526768 3405550 169948  1919
8.906257221 6861431370 3509126 169940  5952
8.906656262 6739726809 3761413 169952  11541
8.911971671 6917877170 3350402 169947  1858
8.918258124 6864931398 3500028 169951  5729
8.918645164 6743475798 3748989 169938  9536
8.923962226 6921219791 3342621 169961  1780
8.930255925 6868378767 3447369 169941  5924
8.930656006 6747267095 3791297 169946  10020
8.935972418 6924550181 3330390 169941  1547
8.942257347 6871859369 3480602 169943  6024
8.942644711 6750997030 3729935 169945  9833
8.947973317 6927873787 3323606 169945  1503
8.954244476 6875330088 3470719 169947  6216
8.954643900 6754719712 3722682 169947  9640
8.959971388 6931186889 3313102 169974  1505
8.966256729 6878786757 3456669 169957  6089
8.966643259 6758449738 3730026 169945  10763
8.971961144 6934492510 3305621 169961  1411
8.978244003 6882232948 3446191 169963  6085
8.978642844 6762190474 3740736 169950  10408
8.983973249 6937801246 3308736 169947  1393
8.990257036 6885640912 3407964 169950  6337
8.990651856 6765886603 3696129 169951  10569
8.995973047 6941109489 3308243 169953  1518
9.002256864 6889051297 3410385 169960  6578
9.002658318 6769626434 3739831 169944  10003
9.007961119 6944386269 3276780 169946  1488
9.014245209 6892467680 3416383 169942  6058
9.014656324 6773305854 3679420 169958  10451
9.019960648 6947651961 3265692 169961  1431
9.026253228 6895872456 3404776 169961  6269
9.026645889 6776980775 3674921 169940  10215
9.031961583 6950908332 3256371 169947  1560
9.038258030 6899269153 3396697 169945  6355
9.038656084 6780693710 3712935 169948  10386
9.043981012 6954194278 3285946 169957  1708
9.050244948 6902655035 3385882 169947  6354
9.050658526 6784351498 3657788 169950  10515
9.055961640 6957430033 3235755 169947  1658
9.062256841 6906035568 3380533 169946  6101
9.062644518 6788050064 3698566 169945  9910
9.067960818 6960660722 3230689 169942  1580
9.074244562 6909406874 3371306 169952  6265
9.074645390 6791693564 3643500 169956  9891
9.079973037 6963883776 3223054 169942  1660
9.086257965 6912754387 3347513 169947  6433
9.086655552 6795379362 3685798 169944  9537
9.091973330 6967128884 3245108 169959  1682
9.098257396 6916084075 3329688 169943  6581
9.098641090 6799010427 3631065 169956  10201
9.103974664 6970332003 3203119 169935  1868
9.110246055 6919420149 3336074 169952  6744
9.110655916 6802679979 3669552 169943  9600
9.115960020 6973527771 3195768 169958  2047
9.122257877 6922747950 3327801 169952  6607
9.122655482 6806295207 3615228 169951  9663
9.127960602 6976750136 3222365 169969  1737
9.134257439 6926067709 3319759 169942  6623
9.134655600 6809951928 3656721 169952  10356
9.139973120 6979929337 3179201 169951  1629
9.146255728 6929378437 3310728 169945  6527
9.146651102 6813554253 3602325 169950  10224
9.151959876 6983099634 3170297 169945  1603
9.158242926 6932679904 3301467 169939  6572
9.158657068 6817194325 3640072 169949  9857
9.163971215 6986297049 3197415 169961  1572
9.170245191 6935972424 3292520 169952  6817
9.170655299 6820830347 3636022 169947  9714
9.175973080 6989456137 3159088 169962  1608
9.182262510 6939253632 3281208 169946  6793
9.182644548 6824411477 3581130 169945  10103
9.187959825 6992603443 3147306 169949  1747
9.194257809 6942545612 3291980 169950  6621
9.194655154 6828028806 3617329 169949  9882
9.199973601 6995771860 3168417 169960  1802
9.206244644 6945824110 3278498 169952  7080
9.206643885 6831636847 3608041 169946  9340
9.211961006 6998894332 3122472 169954  1790
9.218245283 6949076830 3252720 169949  6628
9.218655411 6835187542 3550695 169954  10452
9.223973131 7002035380 3141048 169952  1743
9.230257124 6952319835 3243005 169938  6544
9.230643346 6838768930 3581388 169942  10048
9.235972636 7005136719 3101339 169944  1499
9.242257443 6955555205 3235370 169934  6658
9.242655111 6842340367 3571437 169953  9748
9.247961195 7008256996 3120277 169941  1352
9.254244348 6958783193 3227988 169952  6478
9.254655090 6845855129 3514762 169940  10474
9.259960510 7011338421 3081425 169961  1287
9.266258247 6961999882 3216689 169943  6591
9.266655292 6849404282 3549153 169944  10106
9.271959989 7014442566 3104145 169963  1224
9.278256613 6965210698 3210816 169941  6585
9.278642287 6852942253 3537971 169965  9895
9.283973188 7017502891 3060325 169946  1197
9.290245197 6968411646 3200948 169937  6862
9.290643436 6856472454 3530201 169950  9788
9.295972846 7020587507 3084616 169947  1209
9.302243506 6971606552 3194906 169955  7134
9.302651414 6859946913 3474459 169940  10645
9.307961088 7023627911 3040404 169945  1241
9.314244312 6974820539 3213987 169963  7379
9.314655700 6863457032 3510119 169944  10052
9.319972830 7026695389 3067478 169964  1321
9.326244773 6977996531 3175992 169954  7194
9.326644065 6866954078 3497046 169953  9457
9.331973042 7029724433 3029044 169946  1403
9.338253352 6981167789 3171258 169955  7231
9.338645127 6870441080 3487002 169948  10400
9.343959640 7032770220 3045787 169955  1236
9.350245401 6984328626 3160837 169948  6827
9.350656296 6873920236 3479156 169947  9682
9.355967215 7035781700 3011480 169953  1218
9.362256873 6987514328 3185702 169968  7280
9.362643115 6877387936 3467700 169947  9662
9.367961671 7038806193 3024493 169961  1115
9.374258695 6990659513 3145185 169942  9915
9.374654967 6880802383 3414447 169948  10147
9.379972880 7041824917 3018724 169950  1085
9.386259391 6993792263 3132750 169941  11819
9.386643988 6884243904 3441521 169944  9809
9.391961231 7044807784 2982867 169956  1111
9.398244932 6996914836 3122573 169944  8308
9.398656264 6887677711 3433807 169961  10243
9.403961150 7047805801 2998017 169963  1025
9.410256131 7000054137 3139301 169955  6963
9.410644739 6891099552 3421841 169949  9670
9.415973672 7050801530 2995729 169964  1153
9.422245496 7003151503 3097366 169949  7032
9.422643174 6894513557 3414005 169948  10214
9.427971671 7053759333 2957803 169951  1215
9.434258368 7006243812 3092309 169950  7304
9.434642269 6897919714 3406157 169938  9864
9.439972816 7056734573 2975240 169956  1047
9.446256430 7009356924 3113112 169959  6792
9.446656005 6901315686 3395972 169942  9374
9.451960471 7059702288 2967715 169963  898
9.458257938 7012425964 3069040 169954  7021
9.458654160 6904704951 3389265 169957  10409
9.463973097 7062636460 2934172 169943  961
9.470244441 7015490183 3064219 169953  7150
9.470662643 6908082476 3377525 169951  10156
9.475973015 7065584656 2948196 169954  920
9.482244045 7018570586 3080403 169940  7246
9.482644421 6911452507 3370031 169954  9953
9.487960467 7068522273 2937617 169958  873
9.494257881 7021613938 3043352 169942  7170
9.494656153 6914812928 3360421 169971  10434
9.499960399 7071448524 2926251 169953  971
9.506254567 7024647149 3033211 169953  7552
9.506655922 6918160203 3347275 169947  10008
9.511972781 7074339766 2891242 169953  935
9.518245615 7027697765 3050616 169941  6969
9.518643477 6921500823 3340620 169942  9936
9.523966956 7077243481 2903715 169943  960
9.530257447 7030715634 3017869 169951  6958
9.530657616 6924828891 3328068 169954  10105
9.535973509 7080141022 2897541 169954  1010
9.542244523 7033747631 3031997 169956  7135
9.542641497 6928150094 3321203 169952  9807
9.547961467 7083029980 2888958 169972  999
9.554242834 7036745673 2998042 169935  6760
9.554656333 6931459785 3309691 169953  9982
9.559973536 7085886024 2856044 169961  1125
9.566256590 7039762320 3016647 169944  6976
9.566643858 6934760023 3300238 169951  9861
9.571972688 7088758275 2872251 169950  1135
9.578243902 7042739101 2976781 169954  7436
9.578655334 6938087502 3327479 169942  10091
9.583960136 7091618026 2859751 169953  1067
9.590256717 7045740432 3001331 169953  7383
9.590655392 6941366308 3278806 169937  9871
9.595961511 7094472726 2854700 169971  1017
9.602244772 7048701512 2961080 169957  7002
9.602655281 6944637493 3271185 169945  9470
9.607961153 7097318274 2845548 169953  1216
9.614244567 7051681971 2980459 169966  6865
9.614640296 6947900472 3262979 169949  10390
9.619961675 7100133216 2814942 169954  1066
9.626244946 7054628974 2947003 169940  6847
9.626667815 6951153763 3253291 169941  10115
9.631961030 7102963393 2830177 169949  1024
9.638244042 7057591700 2962726 169947  6723
9.638656354 6954401738 3247975 169948  9496
9.643960192 7105783820 2820427 169947  1167
9.650243513 7060521571 2929871 169962  6793
9.650656776 6957672945 3271207 169965  10303
9.655971508 7108595605 2811785 169953  1130
9.662258882 7063465334 2943763 169948  7012
9.662644824 6960897420 3224475 169941  9781
9.667971856 7111399227 2803622 169944  1045
9.674257541 7066380621 2915287 169954  6662
9.674643706 6964118136 3220716 169945  10034
9.679971875 7114195172 2795945 169957  1135
9.686258253 7069306161 2925540 169957  6685
9.686657215 6967326422 3208286 169962  10634
9.691960193 7116982452 2787280 169956  1088
9.698244888 7072220766 2914605 169955  6818
9.698643803 6970564262 3237840 169962  10024
9.703962262 7119762873 2780421 169967  1036
9.710255974 7075100083 2879317 169942  6605
9.710642909 6973752939 3188677 169940  9916
9.715972937 7122534685 2771812 169958  1186
9.722258145 7077994998 2894915 169943  6615
9.722655365 6976937616 3184677 169937  10394
9.727960316 7125297536 2762851 169950  1198
9.734244084 7080859255 2864257 169962  6549
9.734655736 6980117111 3179495 169954  9988
9.739961101 7128051196 2753660 169948  1047
9.746257275 7083739530 2880275 169943  6514
9.746642725 6983315421 3198310 169947  10098
9.751974063 7130793961 2742765 169963  1049
9.758245288 7086607496 2867966 169955  6599
9.758643106 6986474993 3159572 169943  10464
9.763972782 7133526505 2732544 169949  1009
9.770255837 7089446882 2839386 169942  6651
9.770645225 6989629570 3154577 169966  9718
9.775972167 7136246542 2720037 169937  1021
9.782256476 7092301293 2854411 169939  6498
9.782665791 6992801615 3172045 169962  9985
9.787961532 7138957972 2711430 169955  1051
9.794257280 7095146215 2844922 169941  6680
9.794644216 6995933093 3131478 169945  9873
9.799972621 7141659084 2701112 169955  1270
9.806256609 7097988184 2841969 169968  6637
9.806645101 6999049674 3116581 169941  10196
9.811972960 7144346439 2687355 169955  1244
9.818265405 7100795402 2807218 169962  6742
9.818645024 7002187837 3138163 169963  9835
9.823960345 7147024882 2678443 169956  1171
9.830257636 7103616520 2821118 169952  6849
9.830656396 7005286620 3098783 169958  9781
9.835968910 7149693040 2668158 169946  1087
9.842245042 7106429266 2812746 169950  6587
9.842657507 7008377192 3090572 169944  10222
9.847973646 7152364725 2671685 169954  1129
9.854244503 7109234431 2805165 169954  6788
9.854643380 7011482521 3105329 169957  9798
9.859972457 7155005356 2640631 169948  1024
9.866255956 7112010698 2776267 169957  6667
9.866656698 7014552231 3069710 169958  9453
9.871974383 7157640703 2635347 169973  988
9.878246594 7114797103 2786405 169956  6480
9.878655210 7017638286 3086055 169938  10307
9.883960664 7160265652 2624949 169958  1007
9.890244199 7117576674 2779571 169941  6750
9.890643235 7020688065 3049779 169969  9675
9.895973920 7162882262 2616610 169984  973
9.902256598 7120349711 2773037 169954  7148
9.902643034 7023757441 3069376 169951  9473
9.907973459 7165504218 2621956 169988  918
9.914244330 7123114230 2764519 169963  6764
9.914656936 7026789605 3032164 169951  10547
9.919961590 7168096934 2592716 169943  1113
9.926257509 7125871196 2756966 169947  6904
9.926656655 7029843594 3053989 169959  10044
9.931961095 7170684288 2587354 169969  1027
9.938244331 7128619388 2748192 169954  6863
9.938665197 7032855629 3012035 169948  9596
9.943959967 7173261041 2576753 169960  967
9.950244002 7131331389 2712001 169939  6754
9.950657085 7035889178 3033549 169947  10683
9.955971736 7175844446 2583405 169980  1032
9.962244281 7134058329 2726940 169972  6953
9.962643991 7038883068 2993890 169948  9959
9.967960898 7178394996 2550550 169946  1168
9.974253230 7136770301 2711972 169949  6990
9.974656276 7041895177 3012109 169959  10039
9.979960363 7180942773 2547777 169975  1294
9.986245078 7139472420 2702119 169950  6750
9.986657371 7044873646 2978469 169946  10689
9.991981682 7183484287 2541514 169967  1285
9.998245614 7142163571 2691151 169956  7054
9.998644289 7047867852 2994206 169958  9822
10.003974087 7186029465 2545178 169971  1263
10.010257410 7144845603 2682032 169960  7395
10.010643698 7050831475 2963623 169969  9670
10.015962043 7188551739 2522274 169962  1205
10.022256811 7147517899 2672296 169963  6947
10.022657327 7053810291 2978816 169957  11156
10.027970384 7191065413 2513674 169978  1141
10.034246243 7150194964 2677065 169960  6942
10.034643669 7056780478 2970187 169958  9939
10.039960423 7193587461 2522048 169958  1081
10.046256519 7152839755 2644791 169949  7087
10.046656074 7059720325 2939847 169937  9539
10.051973152 7196079663 2492202 169945  1147
10.058257694 7155474803 2635048 169940  6859
10.058642700 7062673798 2953473 169952  12019
10.063961580 7198561556 2481893 169968  1084
10.070243556 7158097855 2623052 169957  6905
10.070642425 7065619657 2945859 169960  9999
10.075961686 7201051762 2490206 169983  1071
10.082257944 7160714825 2616970 169942  7654
10.082656480 7068527835 2908178 169950  9583
10.087960281 7203513543 2461781 169941  1120
10.094245143 7163325307 2610482 169948  7029
10.094621338 7071449665 2921830 169947  10931
10.099973199 7205968460 2454917 169972  1039
10.106257039 7165923188 2597881 169956  7312
10.106652042 7074362021 2912356 169975  9577
10.111960538 7208427483 2459023 169972  1261
10.118256177 7168512287 2589099 169950  7188
10.118643803 7077239957 2877936 169939  9870
10.123961684 7210863210 2435727 169946  1108
10.130257499 7171093554 2581267 169965  6953
10.130643695 7080134103 2894146 169949  10608
10.135973545 7213292157 2428947 169978  1021
10.142253184 7173678987 2585433 169945  7003
10.142655451 7083018788 2884685 169969  9424
10.147972744 7215722103 2429946 169955  1021
10.154256679 7176233101 2554114 169956  6952
10.154642366 7085898875 2880087 169943  9271
10.159968583 7218134153 2412050 169965  1005
10.166256752 7178782957 2549856 169954  6827
10.166643971 7088746848 2847973 169946  10365
10.171975665 7220549170 2415017 169957  1057
10.178244906 7181324262 2541305 169948  7069
10.178656357 7091606382 2859534 169955  9775
10.183973927 7222943159 2393989 169956  2386
10.190256802 7183859095 2534833 169947  6876
10.190644595 7094459504 2853122 169961  9310
10.195957356 7225329321 2386162 169964  1487
10.202257644 7186385008 2525913 169974  7068
10.202643993 7097304539 2845035 169961  9979
10.207961471 7227711237 2381916 169945  1107
10.214245862 7188914798 2529790 169952  7125
10.214643042 7100123292 2818753 169955  9409
10.219961852 7230077658 2366421 169959  1139
10.226256471 7191424076 2509278 169946  6884
10.226656051 7102947172 2823880 169939  8963
10.231960221 7232444494 2366836 169953  1074
10.238288604 7193921859 2497783 169961  7284
10.238656447 7105767468 2820296 169965  10158
10.243972880 7234796186 2351692 169968  1038
10.250245108 7196413002 2491143 169951  7215
10.250644218 7108574720 2807252 169945  9672
10.255972641 7237144301 2348115 169950  1017
10.262244241 7198903601 2490599 169963  6896
10.262664734 7111378418 2803698 169958  9313
10.267963344 7239481024 2336723 169965  1003
10.274244475 7201366423 2462822 169946  6894
10.274645189 7114169576 2791158 169965  10251
10.279972269 7241816870 2335846 169940  1006
10.286246504 7203826692 2460269 169951  7410
10.286657835 7116956639 2787063 169959  9659
10.291972531 7244148407 2331537 169987  987
10.298266587 7206276237 2449545 169970  8323
10.298644403 7119737083 2780444 169947  9206
10.303960989 7246456960 2308553 169954  1016
10.310246528 7208726884 2450647 169941  7621
10.310643649 7122484330 2747247 169960  9972
10.315982128 7248769936 2312976 169959  1115
10.322244057 7211155764 2428880 169943  7133
10.322656387 7125246305 2761975 169943  9515
10.327973967 7250659059 1889123 169949  7171
10.334244412 7213578387 2422623 169965  6703
10.334654952 7127996937 2750632 169958  9471
10.339961875 7252503502 1844443 169958  4750
10.346244884 7216007219 2428832 169956  6959
10.346656688 7130737691 2740754 169961  9761
10.351975450 7254371668 1868166 169954  4677
10.358257696 7218411563 2404344 169946  6753
10.358656417 7133471224 2733533 169944  9339
10.363972316 7256229065 1857397 169938  4938
10.370244215 7220811278 2399715 169957  6819
10.370656788 7136191943 2720719 169946  9899
10.375957044 7258071519 1842454 169969  6316
10.382245170 7223212032 2400754 169966  7184
10.382654597 7138903222 2711279 169960  9742
10.387973386 7259768155 1696636 155784  4950
10.394257429 7225587402 2375370 169946  6953
10.394642245 7141622846 2719624 169957  9271
10.398974138 7261664704 1896549 169958  5296
10.406256408 7227958252 2370850 169963  7504
10.406643034 7144305786 2682940 169952  9971
10.410960526 7263488749 1824045 169946  4561
10.418244443 7230328424 2370172 169944  7462
10.418665747 7146982594 2676808 169954  10108
10.422959714 7265313339 1824590 169953  4470
10.430256048 7232682270 2353846 169955  7012
10.430645078 7149649229 2666635 169967  9713
10.434973780 7267114540 1801201 169936  4824
10.442257641 7235037886 2355616 169946  7032
10.442643284 7152302952 2653723 169955  10722
10.446960132 7268915738 1801198 169954  4711
10.454266515 7237373067 2335181 169955  7509
10.454643509 7154946670 2643718 169954  9859
10.458973877 7270724847 1809109 169955  4613
10.466245761 7239716709 2343642 169967  6962
10.466654958 7157579255 2632585 169957  9829
10.470968483 7272493931 1769084 155770  4314
10.478244459 7242035543 2318834 169950  6844
10.478655476 7160221383 2642128 169954  10625
10.481973477 7274339373 1845442 169962  4775
10.490257811 7244350702 2315159 169958  6850
10.490642728 7162832142 2610759 169953  9800
10.493972586 7276178460 1839087 169959  4371
10.502256547 7246668120 2317418 169947  7014
10.502644033 7165435671 2603529 169963  10004
10.505960177 7278038776 1860316 169934  4342
10.514246195 7248967482 2299362 169956  7230
10.514642975 7168030555 2594884 169954  10727
10.517973963 7279884112 1845336 169961  4738
10.526245107 7250829443 1861961 169951  12780
10.526643420 7170612252 2581697 169958  10336
10.529960854 7281590260 1706148 155778  3973
10.538257616 7252673637 1844194 169945  10918
10.538656556 7173187463 2575211 169947  10102
10.540973986 7283419062 1828802 169948  4733
10.550256964 7254543847 1870210 169937  11146
10.550643952 7175764734 2577271 169953  10623
10.552962184 7285108446 1689384 155773  3743
10.562244913 7256397045 1853198 169948  11535
10.562656086 7178315420 2550686 169944  9970
10.563960145 7286961002 1852556 169949  4654
10.574257605 7258238939 1841894 169961  11702
10.574662612 7180862681 2547261 169960  10186
10.575974364 7288803770 1842768 169941  4147
10.586257750 7260095640 1856701 169946  12120
10.586644171 7183401387 2538706 169955  10221
10.587960953 7290656434 1852664 169981  4607
10.598246883 7261787884 1692244 155777  10815
10.598655860 7185946846 2545459 169970  9861
10.599974605 7292441411 1784977 169957  4237
10.609252780 7263502199 1714315 155803  12294
10.610657291 7188463483 2516637 169948  10328
10.611960180 7294273106 1831695 169957  4609
10.620246041 7265326432 1824233 169936  12041
10.622657187 7190976700 2513217 169949  9861
10.623981599 7296124381 1851275 169939  4918
10.632258327 7267127770 1801338 169954  12430
10.634644478 7193482563 2505863 169945  10261
10.635974831 7297997393 1873012 169963  4746
10.644257692 7268929073 1801303 169956  12721
10.646644501 7195989890 2507327 169948  10926
10.647959806 7299782287 1784894 169935  4268
10.656256927 7270732892 1803819 169971  12822
10.658656630 7198468022 2478132 169934  9851
10.659974038 7301596377 1814090 169947  4128
10.668258480 7272506303 1773411 155773  11512
10.670642968 7200944288 2476266 169968  9930
10.671973483 7303442809 1846432 169943  4695
10.679245951 7274344854 1838551 169955  13118
10.682656380 7203421848 2477560 169951  10824
10.683974759 7305400694 1957885 169975  4848
10.691245979 7276186558 1841704 169935  12070
10.694657552 7205868919 2447071 169967  10324
10.695971830 7307339307 1938613 169951  4799
10.703257541 7278049927 1863369 169936  12437
10.706656687 7208316869 2447950 169971  9950
10.707973196 7309008967 1669660 155792  4217
10.715258307 7279887293 1837366 169943  13435
10.718655723 7210758026 2441157 169978  10658
10.718972770 7310805898 1796931 169947  4493
10.727245051 7281600989 1713696 155772  11717
10.730655505 7213188708 2430682 169954  10524
10.730973763 7312647999 1842101 169950  4690
10.738244996 7283423256 1822267 169953  13642
10.742664010 7215608279 2419571 169960  10789
10.742960447 7314434916 1786917 169942  4229
10.750244545 7285112283 1689027 155810  10905
10.754646032 7218030658 2422379 169966  10817
10.754972586 7316085835 1650919 155785  3667
10.761244837 7286966251 1853968 169934  13762
10.765959731 7317952712 1866877 169937  4436
10.766643294 7220432222 2401564 169949  10121
10.773265102 7288805903 1839652 169944  12358
10.777973083 7319788595 1835883 169947  4051
10.778644142 7222826101 2393879 169959  10639
10.785247437 7290658261 1852358 169946  13605
10.789968919 7321636514 1847919 169942  4209
10.790643921 7225218530 2392429 169948  10234
10.797257259 7292443602 1785341 169956  12332
10.801973953 7323479866 1843352 169961  4208
10.802643827 7227593799 2375269 169951  9865
10.809246504 7294282970 1839368 169954  13194
10.813972802 7325324460 1844594 169959  4040
10.814643625 7229964968 2371169 169944  10561
10.821244896 7296125069 1842099 169962  14150
10.825961394 7326981544 1657084 155786  3542
10.826656611 7232321104 2356136 169956  10408
10.833246251 7297997734 1872665 169959  13912
10.836960599 7328799560 1818016 169937  3982
10.838656156 7234682691 2361587 169965  10322
10.845246457 7299785097 1787363 169955  12301
10.848962027 7330539388 1739828 155799  3885
10.850644474 7237019625 2336934 169952  11082
10.857256789 7301605559 1820462 169953  12080
10.859974169 7332375350 1835962 169931  3796
10.862643853 7239366932 2347307 169972  10536
10.869259114 7303443893 1838334 169962  13335
10.871961760 7334236261 1860911 169938  4082
10.874644306 7241689733 2322801 169955  11463
10.881246199 7305395140 1951247 169926  14160
10.883973646 7335979047 1742786 155818  3720
10.886655817 7244019528 2329795 169966  11008
10.893257622 7307337605 1942465 169963  13701
10.894974060 7337891427 1912380 169948  4183
10.898660443 7246328319 2308791 169947  10067
10.905245153 7309016863 1679258 155783  13102
10.906960258 7339799807 1908380 169945  5014
10.910644642 7248640737 2312418 169963  10541
10.916246024 7310810234 1793371 169944  13863
10.918959941 7341636022 1836215 169941  5330
10.922657790 7250404101 1763364 155781  12798
10.928265904 7312651584 1841350 169952  13663
10.930961373 7343481748 1845726 169947  4577
10.933645331 7252125524 1721423 155791  13934
10.940258015 7314434930 1783346 169972  12187
10.942966441 7345391339 1909591 169969  2206
10.944642943 7253999264 1873740 169943  15792
10.952257050 7316093877 1658947 155778  11327
10.954961340 7347310579 1919240 169951  1268
10.956645147 7255860494 1861230 169937  16144
10.963246179 7317954605 1860728 169942  13767
10.966960665 7349217177 1906598 169974  1112
10.968656520 7257709946 1849452 169978  16714
10.975245723 7319792265 1837660 169946  11934
10.978961184 7351117543 1900366 169960  1086
10.980644279 7259559814 1849868 169941  17245
10.987257109 7321644063 1851798 169935  12779
10.990960396 7353183751 2066208 169970  6606
10.992646027 7261376123 1816309 169970  16425
10.999258685 7323477962 1833899 169976  12583
11.002960967 7354293311 1109560 169988  6061
11.004657259 7263206310 1830187 169942  16000
11.011259523 7325327488 1849526 169944  12447
11.014961183 7355603261 1309950 122987  7283
11.016656748 7265029615 1823305 169945  16888
11.023245658 7326988551 1661063 155785  11101
11.026973449 7357629616 2026355 92629  51411
11.028655940 7266850885 1821270 169945  17282
11.034245959 7328806338 1817787 169936  12359
11.037980133 7371992466 14362850 162339  57754
11.040646112 7268648657 1797772 169963  16725
11.046258165 7330545880 1739542 155772  11929
11.052665317 7270445674 1797017 169946  17033
11.057257833 7332381402 1835522 169950  11576
11.062260352 7386386060 14393594 4690  2232
11.064658652 7272437535 1991861 169937  18842
11.069258278 7334242704 1861302 169953  12185
11.076645004 7274242826 1805291 169953  17156
11.078249546 7393867083 7481023 132896  2764
11.081255233 7336089095 1846391 169941  11841
11.088645317 7275922915 1680089 155786  15095
11.088973452 7397114279 3247196 155744  2120
11.093258389 7338049908 1960813 169937  13830
11.099656321 7277800719 1877804 169954  18367
11.099968681 7399478691 2364412 155766  5767
11.105246343 7339954415 1904507 169964  11225
11.110971372 7401564589 2085898 155764  11224
11.111659037 7279626920 1826201 169954  16680
11.117258776 7341760675 1806260 169961  12290
11.121961110 7403474413 1909824 155754  12871
11.123656818 7281539467 1912547 169947  18095
11.129257521 7343640350 1879675 169954  12041
11.132974331 7405267314 1792901 155754  10691
11.135645530 7283321423 1781956 169940  10361
11.141246504 7345550595 1910245 169957  6595
11.143960468 7406977066 1709752 155751  11519
11.147644442 7285042360 1720937 155802  9860
11.153257178 7347466301 1915706 169958  6822
11.154960450 7408634798 1657732 155761  12244
11.158657024 7286853981 1811621 169973  10742
11.165245624 7349374435 1908134 169961  6812
11.165973701 7410271123 1636325 155773  13302
11.170641645 7288548021 1694040 155778  8494
11.176960039 7411871247 1600124 155779  13407
11.177246089 7351278440 1904005 169948  7190
11.181659650 7290399961 1851940 169948  10231
11.187978458 7413490082 1618835 155774  13820
11.189257064 7353288501 2010061 169953  12267
11.193656066 7292026252 1626291 155797  8101
11.198960165 7415100335 1610253 155771  14272
11.201249177 7354389414 1100913 169992  9787
11.204654427 7293882062 1855810 169947  10745
11.209961403 7416715771 1615436 155756  14556
11.213260389 7355747215 1357801 116940  10505
11.216643372 7295576060 1693998 155779  8500
11.220962074 7418340603 1624832 155775  14965
11.225261317 7357773360 2026145 92635  52666
11.227655800 7297421951 1845891 169953  9202
11.231973608 7419985236 1644633 155775  15370
11.236258248 7371174103 13400743 156716  66967
11.239655132 7299244585 1822634 169950  8791
11.242960864 7421634771 1649535 155778  15506
11.251643644 7301084468 1839883 169966  8854
11.253979041 7423295019 1660248 155777  15674
11.259548493 7385255241 14081138 813  108
11.263645113 7302718550 1634082 155780  7417
11.264974562 7424968442 1673423 155767  15916
11.274643524 7304658924 1940374 169946  8620
11.275530814 7393822811 8567570 131712  4843
11.275972703 7426642003 1673561 155781  15948
11.286645275 7306607001 1948077 169974  9516
11.286961551 7428327150 1685147 155768  16128
11.287250208 7396626064 2803253 155758  2957
11.297972350 7430017211 1690061 155783  16223
11.298259499 7398760717 2134653 155759  1846
11.298639754 7308448361 1841360 169979  8749
11.308975297 7431721071 1703860 155775  16430
11.309259070 7400669735 1909018 155778  7555
11.310642127 7310295006 1846645 169942  8688
11.319961625 7433424135 1703064 155776  16416
11.320244211 7402467285 1797550 155779  9946
11.322656162 7312079952 1784946 169939  7667
11.330973823 7435124747 1700612 155776  16420
11.331257387 7404174612 1707327 155771  9357
11.334656077 7313922645 1842693 169951  8542
11.341972451 7436841864 1717117 155768  16651
11.342256531 7405854235 1679623 155755  10315
11.346644429 7315714858 1792213 169945  8159
11.352973229 7438559894 1718030 155767  16662
11.353243822 7407504861 1650626 155761  12698
11.358643445 7317538217 1823359 169943  7616
11.363973180 7440286989 1727095 155755  16791
11.364256404 7409133579 1628718 155775  12545
11.370650903 7319415570 1877353 169936  8044
11.374961391 7442015827 1728838 155774  16818
11.375256925 7410759391 1625812 155760  13831
11.382656109 7321241954 1826384 169953  7960
11.385972490 7443750785 1734958 155771  16912
11.386255859 7412392381 1632990 155779  14307
11.394644163 7323065676 1823722 169957  7480
11.396960637 7445483204 1732419 155763  16870
11.397256958 7414023637 1631256 155776  14394
11.406645102 7324947317 1881641 169970  7512
11.407982632 7447214894 1731690 155769  16863
11.408264739 7415667750 1644113 155765  14911
11.418656328 7326777196 1829879 169950  8357
11.418961946 7448957168 1742274 155797  17022
11.419245790 7417312466 1644716 155784  15078
11.429972661 7450699877 1742709 155761  17037
11.430244784 7418993250 1680784 155765  15650
11.430656890 7328602711 1825515 169954  7485
11.440972726 7452453612 1753735 155770  17175
11.441257089 7420680019 1686769 155773  15791
11.442655825 7330457722 1855011 169952  7366
11.451973183 7454194064 1740452 155760  16989
11.452244207 7422370712 1690693 155767  15890
11.454656404 7332334762 1877040 169946  7342
11.462962734 7455942316 1748252 155761  17112
11.463257145 7424068848 1698136 155783  16077
11.466655856 7334181563 1846801 169937  7407
11.473974766 7457691936 1749620 155774  17131
11.474258876 7425767351 1698503 155767  16154
11.478655721 7336042768 1861205 169959  7404
11.484962187 7459443393 1751457 155776  17162
11.485244780 7427467435 1700084 155779  16217
11.490643677 7337955792 1913024 169961  7908
11.495960991 7461190777 1747384 155770  17104
11.496244502 7429177018 1709583 155779  16382
11.502643875 7339863521 1907729 169967  9063
11.506958389 7462948229 1757452 155787  17231
11.507257643 7430885117 1708099 155773  16422
11.514656127 7341699873 1836352 169948  9117
11.517960760 7464694511 1746282 155765  17085
11.518245221 7432607189 1722072 155775  16608
11.526663639 7343545699 1845826 169954  8582
11.528972866 7466453998 1759487 155771  17264
11.529258389 7434328303 1721114 155781  16604
11.538643867 7345455790 1910091 169968  6319
11.539974167 7468210786 1756788 155771  17223
11.540245056 7436054190 1725887 155769  16688
11.550642466 7347375009 1919219 169949  4506
11.550982431 7469966748 1755962 155778  17223
11.551268788 7437790831 1736641 155782  16857
11.561973239 7471729901 1763153 155781  17315
11.562245396 7439522769 1731938 155763  16796
11.562656679 7349281050 1906041 169962  4159
11.572961030 7473485099 1755198 155779  17204
11.573256751 7441258785 1736016 155763  16870
11.574653937 7351181278 1900228 169964  4352
11.583960738 7475252407 1767308 155771  17384
11.584257609 7442999444 1740659 155778  16942
11.586644102 7353247468 2066190 169975  9757
11.594973809 7477019766 1767359 155777  17377
11.595245143 7444743147 1743703 155763  16980
11.598643100 7354356955 1109487 169983  9950
11.605962107 7478785215 1765449 155790  17357
11.606246014 7446491026 1747879 155764  17066
11.610646856 7355668109 1311154 123229  8757
11.616961055 7480550817 1765602 155774  17356
11.617246719 7448229630 1738604 155777  16937
11.622655062 7357694319 2026210 92629  50755
11.627959400 7482316451 1765634 155772  17364
11.628245810 7449977350 1747720 155782  17075
11.633645139 7373816889 16122570 162408  61166
11.638960714 7484094237 1777786 155781  17531
11.639244035 7451727529 1750179 155769  17107
11.649971332 7485860893 1766656 155763  17385
11.650257253 7453483560 1756031 155777  17197
11.659962424 7388402485 14585596 19074  3353
11.660960320 7487637319 1776426 155763  17494
11.661245017 7455226081 1742521 155769  17002
11.671961145 7489411220 1773901 155764  17469
11.672244452 7456980219 1754138 155782  17167
11.675943925 7393277274 4874789 165492  1507
11.682973783 7491184159 1772939 155779  17455
11.683256753 7458734575 1754356 155785  17178
11.687659729 7396073049 2795775 155735  1533
11.693983364 7492960298 1776139 155773  17508
11.694254551 7460488021 1753446 155768  17175
11.698653824 7398431101 2358052 155723  4810
11.704961155 7494735006 1774708 155768  17482
11.705245102 7462247722 1759701 155768  17249
11.709660897 7400504480 2073379 155732  11893
11.715960522 7496508795 1773789 155785  17484
11.716256824 7463997420 1749698 155763  17116
11.720646892 7402412008 1907528 155744  11535
11.726973938 7498282230 1773435 155763  17462
11.727258795 7465758245 1760825 155772  17249
11.731646593 7404220708 1808700 155746  13178
11.737960535 7500059973 1777743 155781  17537
11.738245689 7467515979 1757734 155775  17235
11.742642888 7405957679 1736971 155762  13593
11.748963456 7501839423 1779450 155772  17556
11.749259500 7469273657 1757678 155759  17228
11.753657770 7407657230 1699551 155765  13298
11.759974021 7503609048 1769625 155772  17413
11.760256302 7471027689 1754032 155793  17194
11.764653971 7409308020 1650790 155777  12823
11.770962129 7505390293 1781245 155767  17580
11.771258973 7472794270 1766581 155785  17374
11.775642145 7410948106 1640086 155754  14136
11.781961067 7507171310 1781017 155784  17582
11.782243668 7474551468 1757198 155770  17234
11.786643659 7412602262 1654156 155762  13951
11.792962105 7508950896 1779586 155796  17557
11.793255753 7476319789 1768321 155774  17380
11.797644235 7414240107 1637845 155768  14396
11.803961399 7510729078 1778182 155788  17547
11.804245183 7478088031 1768242 155773  17387
11.808641699 7415875599 1635492 155783  14436
11.814972248 7512517898 1788820 155787  17691
11.815244332 7479854895 1766864 155776  17368
11.819654641 7417520369 1644770 155766  14936
11.825974172 7514296010 1778112 155770  17539
11.826257923 7481620271 1765376 155774  17353
11.830655112 7419189976 1669607 155801  15475
11.836983940 7516075590 1779580 155787  17554
11.837253940 7483397516 1777245 155773  17523
11.841666924 7420860925 1670949 155756  15613
11.847961917 7517865119 1789529 155759  17691
11.848258932 7485164181 1766665 155759  17381
11.852656284 7422536235 1675310 155767  15804
11.858973489 7519652006 1786887 155774  17660
11.859256397 7486942006 1777825 155778  17525
11.863655172 7424219296 1683061 155773  15942
11.869961790 7521426749 1774743 155749  17489
11.870257734 7488716061 1774055 155792  17472
11.874643814 7425908157 1688861 155780  16084
11.880961245 7523212729 1785980 155790  17646
11.881244945 7490480490 1764429 155770  17340
11.885642635 7427588345 1680188 155780  16018
11.891959749 7524998019 1785290 155771  17640
11.892257767 7492254659 1774169 155799  17494
11.896655313 7429282311 1693966 155768  16233
11.902972661 7526785490 1787471 155771  17676
11.903257898 7494038291 1783632 155754  17607
11.907654844 7430975636 1693325 155758  16262
11.913961004 7528571215 1785725 155774  17645
11.914246129 7495811159 1772868 155771  17471
11.918657942 7432680374 1704738 155778  16427
11.924961152 7530354741 1783526 155766  17607
11.925244777 7497584594 1773435 155778  17476
11.929655863 7434386153 1705779 155769  16441
11.935974381 7532137568 1782827 155780  17603
11.936256716 7499365385 1780791 155780  17575
11.940643234 7436105399 1719246 155773  16652
11.946961088 7533930110 1792542 155762  17727
11.947244833 7501132324 1766939 155767  17384
11.951642933 7437829178 1723779 155768  16735
11.957960979 7535708732 1778622 155771  17547
11.958244384 7502912468 1780144 155773  17560
11.962643024 7439548971 1719793 155763  16683
11.968960408 7537492416 1783684 155785  17624
11.969256473 7504693475 1781007 155764  17576
11.973643368 7441281157 1732186 155773  16849
11.979974779 7539280058 1787642 155782  17675
11.980245036 7506475484 1782009 155780  17583
11.984643032 7443017208 1736051 155777  16908
11.990970057 7541069516 1789458 155765  17703
11.991253285 7508255746 1780262 155761  17575
11.995653041 7444749956 1732748 155764  16858
12.001973395 7542846055 1776539 155778  17515
12.002257856 7510033867 1778121 155768  17545
12.006656932 7446479182 1729226 155757  16825
12.012973050 7544634877 1788822 155778  17686
12.013244554 7511809885 1776018 155766  17513
12.017659350 7448219537 1740355 155764  16999
12.023976251 7546421256 1786379 155768  17647
12.024246158 7513585961 1776076 155778  17520
12.028684035 7449960937 1741400 155761  16998
12.034973438 7548205346 1784090 155781  17622
12.035258363 7515374592 1788631 155777  17696
12.039640586 7451703037 1742100 155761  17012
12.045960953 7549988522 1783176 155774  17609
12.046257528 7517151801 1777209 155765  17527
12.050644400 7453454009 1750972 155775  17133
12.056961748 7551768709 1780187 155790  17555
12.057257645 7518940313 1788512 155767  17688
12.061644175 7455190713 1736704 155767  16947
12.067973896 7553547126 1778417 155762  17545
12.068246061 7520722841 1782528 155760  17607
12.072643757 7456938993 1748280 155764  17098
12.078973883 7555323850 1776724 155781  17517
12.079257222 7522497759 1774918 155763  17507
12.083644294 7458688713 1749720 155765  17127
12.089961684 7557097467 1773617 155763  17478
12.090245299 7524282195 1784436 155771  17636
12.094642599 7460437613 1748900 155765  17137
12.100973216 7558871527 1774060 155782  17482
12.101244050 7526067133 1784938 155770  17637
12.105656417 7462193076 1755463 155765  17215
12.111972384 7560656543 1785016 155774  17633
12.112257562 7527853538 1786405 155790  17664
12.116654235 7463937542 1744466 155775  17057
12.122960208 7562428001 1771458 155771  17449
12.123245320 7529636233 1782695 155796  17612
12.127644399 7465692677 1755135 155751  17204
12.133971396 7564201290 1773289 155784  17458
12.134266751 7531422754 1786521 155773  17659
12.138653984 7467448674 1755997 155769  17221
12.144962084 7565978338 1777048 155780  17515
12.145246129 7533210379 1787625 155778  17666
12.149656519 7469205134 1756460 155786  17233
12.155960458 7567753937 1775599 155772  17502
12.156243833 7534987365 1776986 155761  17539
12.160643900 7470967429 1762295 155774  17313
12.166959880 7569519585 1765648 155762  17369
12.167246552 7536774796 1787431 155797  17678
12.171644671 7472721213 1753784 155781  17195
12.177959698 7571296296 1776711 155762  17526
12.178256436 7538554889 1780093 155762  17576
12.182656490 7474485928 1764715 155764  17346
12.188963774 7573070117 1773821 155778  17490
12.189245360 7540344065 1789176 155773  17697
12.193644344 7476242225 1756297 155763  17237
12.199960584 7574829334 1759217 155769  17283
12.200244028 7542121519 1777454 155771  17536
12.204654245 7478006972 1764747 155769  17351
12.210974125 7576601908 1772574 155765  17464
12.211257563 7543908728 1787209 155770  17672
12.215657563 7479771449 1764477 155768  17356
12.221975129 7578372203 1770295 155776  17422
12.222262871 7545696220 1787492 155795  17669
12.226656251 7481546693 1775244 155759  17489
12.232961330 7580142432 1770229 155766  17426
12.233257466 7547480797 1784577 155767  17628
12.237656112 7483311099 1764406 155779  17350
12.243972109 7581911801 1769369 155767  17414
12.244257014 7549262396 1781599 155789  17592
12.248656220 7485078191 1767092 155769  17390
12.254973790 7583679390 1767589 155773  17389
12.255244402 7551040676 1778280 155766  17541
12.259642308 7486852318 1774127 155758  17481
12.265960154 7585445226 1765836 155768  17363
12.266243776 7552820998 1780322 155770  17576
12.270643426 7488625151 1772833 155746  17458
12.276968599 7587212033 1766807 155770  17379
12.277254480 7554597534 1776536 155781  17529
12.281647204 7490397323 1772172 155769  17437
12.287974197 7588991656 1779623 155767  17560
12.288244962 7556372377 1774843 155777  17497
12.292656398 7492170141 1772818 155759  17458
12.298960542 7590757034 1765378 155772  17433
12.299259150 7558145106 1772729 155775  17465
12.303657307 7493943053 1772912 155778  17470
12.309973046 7592521101 1764067 155774  17338
12.310257494 7559916878 1771772 155776  17462
12.314645588 7495714647 1771594 155757  17456
12.320955627 7594298926 1777825 155757  17529
12.321245479 7561700871 1783993 155777  17624
12.325656182 7497489965 1775318 155765  17514
12.331959785 7596060088 1761162 155780  17292
12.332245726 7563469903 1769032 155761  17404
12.336643157 7499265761 1775796 155753  17509
12.342971019 7597829033 1768945 155773  17412
12.343257562 7565250823 1780920 155775  17575
12.347642598 7501040458 1774697 155758  17481
12.353972434 7599596098 1767065 155763  17373
12.354245999 7567015498 1764675 155778  17355
12.358656316 7502811312 1770854 155759  17438
12.364959125 7601371132 1775034 155763  17488
12.365244511 7568792834 1777336 155773  17532
12.369643341 7504591637 1780325 155772  17565
12.375974280 7603131266 1760134 155763  17289
12.376244455 7570562656 1769822 155793  17442
12.380642095 7506372659 1781022 155761  17571
12.386961141 7604905060 1773794 155759  17471
12.387257020 7572328311 1765655 155778  17380
12.391643564 7508152090 1779431 155760  17557
12.397973486 7606672264 1767204 155763  17386
12.398244274 7574101058 1772747 155777  17472
12.402656301 7509929207 1777117 155780  17527
12.408961877 7608435830 1763566 155786  17338
12.409243912 7575873205 1772147 155780  17458
12.413655316 7511704887 1775680 155767  17505
12.419973691 7610209086 1773256 155777  17470
12.420256477 7577643497 1770292 155778  17432
12.424654727 7513493325 1788438 155768  17675
12.430982827 7611983863 1774777 155767  17488
12.431266658 7579413539 1770042 155756  17418
12.435653072 7515269963 1776638 155763  17525
12.441962428 7613760446 1776583 155784  17513
12.442246249 7581183427 1769888 155770  17420
12.446644236 7517052378 1782415 155787  17598
12.452972469 7615535856 1775410 155778  17498
12.453246384 7582949547 1766120 155759  17379
12.457643507 7518834821 1782443 155779  17612
12.463961426 7617312062 1776206 155763  17505
12.464245852 7584716046 1766499 155781  17378
12.468658089 7520620047 1785226 155762  17645
12.474973345 7619087635 1775573 155778  17501
12.475257590 7586480049 1764003 155789  17348
12.479656080 7522404493 1784446 155781  17628
12.485962038 7620862573 1774938 155798  17495
12.486244241 7588244982 1764933 155754  17359
12.490657368 7524178647 1774154 155781  17497
12.496972687 7622635520 1772947 155765  17464
12.497244542 7590010465 1765483 155783  17368
12.501655292 7525963355 1784708 155769  17631
12.507960315 7624409909 1774389 155767  17487
12.508256944 7591789271 1778806 155769  17548
12.512645114 7527749124 1785769 155762  17663
12.518973652 7626182919 1773010 155790  17470
12.519256288 7593552468 1763197 155767  17326
12.523656659 7529537336 1788212 155775  17677
12.529973207 7627957723 1774804 155771  17494
12.530245106 7595317108 1764640 155772  17355
12.534645020 7531326119 1788783 155775  17694
12.540959804 7629745025 1787302 155769  17661
12.541243950 7597089169 1772061 155787  17445
12.545656535 7533106622 1780503 155776  17576
12.551960120 7631516080 1771055 155768  17437
12.552256869 7598849635 1760466 155766  17290
12.556643955 7534884745 1778123 155778  17545
12.562972667 7633287327 1771247 155757  17437
12.563255560 7600623973 1774338 155786  17484
12.567656477 7536674394 1789649 155757  17697
12.573974135 7635075697 1788370 155786  17675
12.574255558 7602393841 1769868 155769  17424
12.578665355 7538453319 1778925 155786  17556
12.584972854 7636845404 1769707 155771  17415
12.585245102 7604155344 1761503 155773  17317
12.589656560 7540243030 1789711 155758  17701
12.595973188 7638631510 1786106 155770  17648
12.596256637 7605926626 1771282 155766  17434
12.600656634 7542020781 1777751 155776  17539
12.606961736 7640400234 1768724 155770  17413
12.607258158 7607698814 1772188 155773  17465
12.611658155 7543807778 1786997 155775  17664
12.617972970 7642184674 1784440 155774  17623
12.618243743 7609454998 1756184 155784  17246
12.622656427 7545595443 1787665 155777  17671
12.628960332 7643952884 1768210 155779  17416
12.629245897 7611227929 1772931 155791  17474
12.633644574 7547380346 1784903 155783  17634
12.639976910 7645739187 1786303 155764  17651
12.640238722 7613003339 1775410 155766  17513
12.644644186 7549163454 1783108 155767  17615
12.650962164 7647512108 1772921 155776  17459
12.651245137 7614778598 1775259 155768  17499
12.655644277 7550944118 1780664 155777  17575
12.661959562 7649369196 1857088 169931  7743
12.662244104 7616551951 1773353 155789  17485
12.666655881 7552721386 1777268 155774  17515
12.673243935 7618327269 1775318 155771  17497
12.673972344 7651168418 1799222 169932  170
12.677655787 7554498274 1776888 155760  17519
12.684258691 7620100567 1773298 155790  17479
12.685972739 7652829845 1661427 155775  151
12.688654764 7556272322 1774048 155786  17492
12.695256832 7621873676 1773109 155779  17462
12.696973444 7654475890 1646045 155763  115
12.699643912 7558044114 1771792 155767  17460
12.706244633 7623645894 1772218 155771  17465
12.707959655 7656130215 1654325 155774  75
12.710642423 7559824064 1779950 155765  17573
12.717254247 7625418580 1772686 155779  17460
12.718982923 7657786354 1656139 155775  70
12.721653968 7561599895 1775831 155765  17511
12.728257452 7627205590 1787010 155770  17666
12.729961554 7659440455 1654101 155773  74
12.732643546 7563369187 1769292 155787  17416
12.739244097 7628978471 1772881 155768  17463
12.740959835 7661096039 1655584 155770  70
12.743657304 7565150187 1781000 155769  17579
12.750245951 7630748322 1769851 155769  17435
12.751961423 7662757749 1661710 155775  66
12.754656029 7566914429 1764242 155786  17351
12.761244263 7632527602 1779280 155770  17557
12.762958078 7664404910 1647161 155763  82
12.765643633 7568691728 1777299 155783  17535
12.772256551 7634305656 1778054 155789  17547
12.773974429 7666066712 1661802 155773  71
12.776643624 7570467889 1776161 155779  17516
12.783243962 7636076869 1771213 155781  17445
12.784972437 7667727756 1661044 155776  70
12.787642989 7572228163 1760274 155757  17291
12.794245279 7637863037 1786168 155770  17639
12.795974342 7669377981 1650225 155755  68
12.798643290 7574000932 1772769 155772  17465
12.805257675 7639633141 1770104 155782  17432
12.806972816 7671034328 1656347 155777  64
12.809655098 7575773196 1772264 155781  17464
12.816256609 7641416949 1783808 155775  17624
12.817959460 7672697721 1663393 155771  62
12.820644456 7577543412 1770216 155761  17434
12.827245270 7643184348 1767399 155772  17400
12.828962245 7674359649 1661928 155761  62
12.831643664 7579312075 1768663 155763  17412
12.838244208 7644969239 1784891 155768  17635
12.839972357 7676021863 1662214 155765  73
12.842643685 7581081041 1768966 155756  17414
12.849259133 7646748026 1778787 155773  17545
12.850961878 7677683181 1661318 155758  63
12.853657997 7582848438 1767397 155785  17395
12.860254324 7648660290 1912264 169944  15454
12.861984652 7679343887 1660706 155764  68
12.864665405 7584615473 1767035 155770  17387
12.872243485 7650459708 1799418 169935  175
12.872974170 7681003208 1659321 155762  63
12.875656686 7586380518 1765045 155751  17348
12.883961658 7682661243 1658035 155776  70
12.884254824 7652258553 1798845 169936  168
12.886654297 7588145832 1765314 155756  17364
12.894972163 7684319520 1658277 155764  69
12.896257523 7653915024 1656471 155766  154
12.897643975 7589912530 1766698 155749  17379
12.905973070 7685977754 1658234 155768  71
12.907243618 7655567586 1652562 155774  73
12.908655573 7591690689 1778159 155760  17542
12.916972811 7687641318 1663564 155769  59
12.918244055 7657215102 1647516 155775  70
12.919644510 7593453827 1763138 155772  17330
12.927960772 7689306532 1665214 155767  55
12.929244013 7658877643 1662541 155773  65
12.930655859 7595219948 1766121 155778  17371
12.938974398 7690963079 1656547 155760  61
12.940246434 7660527912 1650269 155780  72
12.941645473 7596990905 1770957 155771  17444
12.949971095 7692620526 1657447 155763  71
12.951243689 7662185737 1657825 155777  67
12.952655699 7598751804 1760899 155772  17294
12.960960306 7694292908 1672382 155760  65
12.962257150 7663847021 1661284 155767  66
12.963654363 7600526645 1774841 155779  17491
12.971959917 7695950520 1657612 155772  74
12.973256069 7665494626 1647605 155775  81
12.974643597 7602295155 1768510 155771  17409
12.982961633 7697606914 1656394 155768  68
12.984256003 7667155146 1660520 155763  69
12.985656155 7604059949 1764794 155768  17356
12.993972037 7699276544 1669630 155767  62
12.995244894 7668815056 1659910 155775  64
12.996643333 7605832208 1772259 155762  17454
13.004973051 7700933461 1656917 155777  70
13.006244049 7670474503 1659447 155770  62
13.007643328 7607602240 1770032 155774  17446
13.015982886 7702605629 1672168 155761  61
13.017254330 7672125367 1650864 155775  67
13.018665319 7609361487 1759247 155769  17273
13.026974158 7704261103 1655474 155759  80
13.028256975 7673784167 1658800 155776  68
13.029643857 7611133995 1772508 155757  17464
13.037973125 7705933478 1672375 155759  61
13.039245019 7675446382 1662215 155771  72
13.040642001 7612908981 1774986 155780  17504
13.048960873 7707590228 1656750 155769  61
13.050256647 7677107437 1661055 155776  69
13.051657810 7614684239 1775258 155759  17502
13.059973924 7709261795 1671567 155762  58
13.061257761 7678768013 1660576 155785  65
13.062643634 7616457896 1773657 155767  17480
13.070973219 7710933709 1671914 155770  65
13.072257477 7680427169 1659156 155759  68
13.073644335 7618233012 1775116 155770  17503
13.081960674 7712589732 1656023 155785  70
13.083245608 7682084991 1657822 155770  66
13.084656227 7620006697 1773685 155775  17486
13.092973141 7714261874 1672142 155764  59
13.094245855 7683742849 1657858 155770  69
13.095656268 7621780177 1773480 155748  17468
13.103973686 7715936533 1674659 155766  71
13.105256236 7685412966 1670117 155790  71
13.106643396 7623552985 1772808 155773  17469
13.114961100 7717610051 1673518 155763  63
13.116243667 7687073687 1660721 155762  59
13.117642943 7625325410 1772425 155761  17453
13.125960425 7719270426 1660375 155764  68
13.127245886 7688729985 1656298 155776  62
13.128658752 7627109423 1784013 155764  17619
13.136973853 7720941635 1671209 155777  66
13.138256494 7690385697 1655712 155774  61
13.139643686 7628886537 1777114 155774  17538
13.147960511 7722615136 1673501 155759  63
13.149246251 7692045274 1659577 155790  65
13.150643351 7630657372 1770835 155786  17444
13.158971972 7724289306 1674170 155768  61
13.160266813 7693714051 1668777 155759  63
13.161674416 7632428223 1770851 155770  17442
13.169959680 7725963843 1674537 155774  62
13.171258068 7695370797 1656746 155783  77
13.172643077 7634215061 1786838 155790  17667
13.180960741 7727637268 1673425 155771  59
13.182255895 7697036254 1665457 155770  65
13.183642945 7635986486 1771425 155774  17435
13.191961356 7729311072 1673804 155771  62
13.193257031 7698697876 1661622 155788  65
13.194642912 7637771818 1785332 155765  17633
13.202972073 7730986520 1675448 155771  63
13.204243841 7700353236 1655360 155772  67
13.205643214 7639542060 1770242 155780  17436
13.213973772 7732663450 1676930 155763  61
13.215245749 7702024098 1670862 155780  62
13.216644062 7641325953 1783893 155772  17620
13.224972696 7734341099 1677649 155772  62
13.226257650 7703679554 1655456 155776  66
13.227655283 7643093997 1768044 155772  17412
13.235973544 7736019857 1678758 155763  62
13.237258382 7705350709 1671155 155785  70
13.238656185 7644878262 1784265 155763  17626
13.246974038 7737697972 1678115 155765  64
13.248258350 7707018410 1667701 155770  63
13.249644143 7646646625 1768363 155757  17406
13.257973410 7739386518 1688546 155776  64
13.259243604 7708678239 1659829 155777  58
13.260657014 7648425538 1778913 155782  16878
13.268959354 7741066691 1680173 155767  60
13.270256662 7710349464 1671225 155763  61
13.271655168 7650225401 1799863 169957  172
13.279972349 7742743520 1676829 155771  65
13.281257010 7712009935 1660471 155762  70
13.283643720 7652024798 1799397 169946  171
13.290972580 7744420597 1677077 155768  60
13.292256382 7713675924 1665989 155778  65
13.295644388 7653685762 1660964 155766  155
13.301971908 7746101730 1681133 155759  60
13.303254139 7715348895 1672971 155776  68
13.306665774 7655333619 1647857 155770  84
13.312973660 7747790533 1688803 155777  53
13.314245810 7717022413 1673518 155780  58
13.317644561 7656987753 1654134 155767  74
13.323972664 7749468072 1677539 155773  61
13.325244608 7718690402 1667989 155776  68
13.328642916 7658644538 1656785 155763  61
13.334960852 7751148577 1680505 155774  63
13.336244940 7720352691 1662289 155765  62
13.339656911 7660302426 1657888 155775  68
13.345972733 7752840784 1692207 155771  59
13.347244881 7722026341 1673650 155768  62
13.350654499 7661954748 1652322 155763  74
13.356973051 7754520893 1680109 155766  60
13.358257959 7723698856 1672515 155758  63
13.361643583 7663616876 1662128 155762  64
13.367960732 7756215337 1694444 155771  64
13.369258031 7725372878 1674022 155775  62
13.372643365 7665263865 1646989 155774  80
13.378973310 7757894574 1679237 155781  62
13.380244364 7727045172 1672294 155769  57
13.383655903 7666925852 1661987 155775  69
13.389974534 7759589407 1694833 155762  59
13.391244473 7728717257 1672085 155773  56
13.394656267 7668585531 1659679 155768  68
13.400973976 7761269655 1680248 155782  62
13.402245564 7730390656 1673399 155770  61
13.405657098 7670245922 1660391 155773  62
13.411961477 7762964456 1694801 155777  59
13.413256229 7732066631 1675975 155775  64
13.416655060 7671896221 1650299 155770  66
13.422972815 7764645226 1680770 155772  56
13.424244670 7733742700 1676069 155777  60
13.427642591 7673556517 1660296 155775  65
13.433959089 7766342335 1697109 155782  57
13.435255858 7735419712 1677012 155772  69
13.438641069 7675218977 1662460 155776  77
13.444977580 7768024743 1682408 155760  56
13.446269175 7737096521 1676809 155762  59
13.449653251 7676881274 1662297 155778  66
13.455973912 7769720297 1695554 155778  56
13.457245986 7738786951 1690430 155780  64
13.460645298 7678542467 1661193 155770  67
13.466960903 7771416517 1696220 155770  55
13.468258048 7740464322 1677371 155767  57
13.471643209 7680203194 1660727 155779  67
13.477960941 7773099675 1683158 155767  63
13.479245419 7742139847 1675525 155772  63
13.482655817 7681862429 1659235 155772  70
13.488959929 7774797180 1697505 155771  61
13.490255380 7743816268 1676421 155778  59
13.493642838 7683521104 1658675 155773  70
13.499972851 7776496017 1698837 155766  59
13.501257695 7745496115 1679847 155763  63
13.504643030 7685181511 1660407 155770  72
13.510959482 7778193797 1697780 155767  59
13.512244379 7747184274 1688159 155772  52
13.515654931 7686853340 1671829 155768  60
13.521962206 7779878036 1684239 155769  60
13.523245474 7748860956 1676682 155774  56
13.526656346 7688509997 1656657 155762  63
13.532972504 7781576675 1698639 155769  59
13.534243992 7750538484 1677528 155756  58
13.537644293 7690166794 1656797 155780  61
13.543961748 7783274548 1697873 155764  53
13.545243904 7752230403 1691919 155776  58
13.548656035 7691823843 1657049 155771  67
13.554958553 7784972689 1698141 155765  57
13.556256408 7753909956 1679553 155775  65
13.559655306 7693496489 1672646 155763  61
13.565974314 7786670914 1698225 155781  61
13.567255499 7755604550 1694594 155770  63
13.570643287 7695155059 1658570 155765  73
13.576960532 7788368150 1697236 155770  57
13.578256820 7757283006 1678456 155775  64
13.581655716 7696812605 1657546 155780  72
13.587972723 7790064173 1696023 155772  59
13.589244665 7758976623 1693617 155779  61
13.592655890 7698483421 1670816 155763  67
13.598981808 7791758029 1693856 155774  57
13.600266543 7760655924 1679301 155763  65
13.603664969 7700139887 1656466 155774  73
13.609961743 7793456572 1698543 155774  65
13.611258304 7762349311 1693387 155766  57
13.614646215 7701811692 1671805 155768  66
13.620960884 7795158046 1701474 155778  60
13.622243512 7764029024 1679713 155779  59
13.625655917 7703468491 1656799 155767  71
13.631955748 7796860013 1701967 155763  66
13.633258441 7765724622 1695598 155773  56
13.636643932 7705139886 1671395 155780  72
13.642976537 7798564315 1704302 155773  57
13.644243378 7767405033 1680411 155768  58
13.647643279 7706797482 1657596 155776  65
13.653961584 7800272490 1708175 155776  58
13.655245296 7769100609 1695576 155778  55
13.658640498 7708469488 1672006 155776  55
13.664976149 7801978607 1706117 155762  51
13.666244087 7770794261 1693652 155768  52
13.669643239 7710138456 1668968 155778  66
13.675962373 7803680379 1701772 155768  54
13.677259355 7772476367 1682106 155756  60
13.680642667 7711796949 1658493 155761  66
13.686960281 7805381885 1701506 155760  60
13.688257170 7774172464 1696097 155778  57
13.691655521 7713469453 1672504 155771  60
13.697973973 7807083863 1701978 155772  58
13.699245314 7775870258 1697794 155769  66
13.702655790 7715142642 1673189 155766  72
13.708960710 7808786757 1702894 155780  56
13.710260192 7777562483 1692225 155771  70
13.713643014 7716802948 1660306 155771  71
13.719958818 7810490908 1704151 155774  56
13.721244307 7779250090 1687607 155768  58
13.724655026 7718475648 1672700 155779  63
13.730972649 7812197989 1707081 155766  53
13.732244392 7780947053 1696963 155770  54
13.735654067 7720149176 1673528 155766  62
13.741982804 7813915358 1717369 155770  52
13.743265243 7782644371 1697318 155779  60
13.746653465 7721822790 1673614 155767  69
13.752961682 7815620745 1705387 155770  59
13.754259154 7784340917 1696546 155767  60
13.757656452 7723496118 1673328 155762  65
13.763973273 7817324994 1704249 155785  66
13.765256932 7786038537 1697620 155783  58
13.768655937 7725170816 1674698 155762  60
13.774972424 7819030263 1705269 155768  76
13.776257423 7787731383 1692846 155775  60
13.779643932 7726844321 1673505 155774  61
13.785959772 7820747778 1717515 155773  54
13.787244791 7789419094 1687711 155775  53
13.790641156 7728516707 1672386 155775  58
13.796960630 7822453024 1705246 155775  57
13.798244082 7791117841 1698747 155784  56
13.801655268 7730190061 1673354 155767  58
13.807961348 7824158428 1705404 155792  59
13.809259137 7792818356 1700515 155783  58
13.812641632 7731866286 1676225 155773  63
13.818960626 7825877558 1719130 155783  52
13.820257365 7794518224 1699868 155761  57
13.823644009 7733543421 1677135 155767  62
13.829973660 7827584904 1707346 155781  64
13.831243819 7796219572 1701348 155773  65
13.834655185 7735221744 1678323 155758  68
13.840972462 7829302135 1717231 155769  54
13.842243524 7797920757 1701185 155771  55
13.845643296 7736899825 1678081 155763  63
13.851960966 7831013633 1711498 155779  49
13.853256632 7799622399 1701642 155772  60
13.856643237 7738578325 1678500 155773  62
13.862970964 7832723226 1709593 155778  55
13.864244573 7801325463 1703064 155769  56
13.867656212 7740254932 1676607 155762  62
13.873973085 7834445472 1722246 155782  47
13.875255851 7803036525 1711062 155771  50
13.878655420 7741940592 1685660 155779  68
13.884982487 7836155847 1710375 155774  57
13.886266490 7804736682 1700157 155776  58
13.889652404 7743622644 1682052 155767  61
13.895959881 7837878710 1722863 155771  55
13.897245310 7806437407 1700725 155761  60
13.900658019 7745300609 1677965 155777  65
13.906974049 7839589267 1710557 155781  58
13.908244028 7808138055 1700648 155778  51
13.911656027 7746976893 1676284 155768  58
13.917960933 7841313078 1723811 155766  49
13.919256926 7809840025 1701970 155779  55
13.922645215 7748668545 1691652 155757  54
13.928960974 7843023818 1710740 155762  57
13.930257487 7811543884 1703859 155767  55
13.933655560 7750345252 1676707 155767  68
13.939971613 7844747716 1723898 155768  52
13.941258899 7813260599 1716715 155774  52
13.944656761 7752024213 1678961 155771  64
13.950961917 7846471189 1723473 155777  49
13.952256733 7814965546 1704947 155781  50
13.955643829 7753718365 1694152 155776  60
13.961962182 7848184217 1713028 155766  65
13.963257111 7816668816 1703270 155780  62
13.966643086 7755399887 1681522 155767  76
13.972959276 7849912044 1727827 155775  52
13.974244359 7818372136 1703320 155773  56
13.977656335 7757093980 1694093 155773  58
13.983961408 7851628000 1715956 155783  65
13.985255477 7820089877 1717741 155765  52
13.988641013 7758773503 1679523 155770  61
13.994960619 7853355860 1727860 155762  45
13.996256058 7821794459 1704582 155771  57
13.999642850 7760468215 1694712 155770  60
14.005972853 7855084830 1728970 155762  49
14.007245563 7823498744 1704285 155765  55
14.010655835 7762148908 1680693 155760  62
14.016971974 7856804334 1719504 155766  52
14.018257334 7825216046 1717302 155777  52
14.021643397 7763843333 1694425 155769  59
14.027972236 7858531195 1726861 155770  57
14.029253319 7826921769 1705723 155770  66
14.032651231 7765525389 1682056 155777  64
14.038973601 7860260044 1728849 155787  87
14.040245633 7828627138 1705369 155776  57
14.043636755 7767221148 1695759 155762  54
14.049972175 7862144790 1884746 169943  156
14.051244308 7830347887 1720749 155779  52
14.054642466 7768903869 1682721 155774  57
14.061962323 7864030619 1885829 169934  160
14.062258863 7832056659 1708772 155777  55
14.065644462 7770598991 1695122 155775  55
14.073245116 7833778251 1721592 155782  48
14.073960742 7865916787 1886168 169925  160
14.076657489 7772295141 1696150 155761  55
14.084243675 7835486679 1708428 155771  52
14.085974334 7867805526 1888739 169931  160
14.087645000 7773979688 1684547 155770  63
14.095256776 7837208576 1721897 155774  57
14.097972483 7869694782 1889256 169942  168
14.098643072 7775676289 1696601 155764  67
14.106245157 7838918262 1709686 155774  58
14.109642803 7777374292 1698003 155772  55
14.109961425 7871585283 1890501 169938  162
14.117245592 7840640593 1722331 155760  51
14.120654568 7779071552 1697260 155761  64
14.121960787 7873476840 1891557 169942  160
14.128255867 7842349794 1709201 155777  58
14.131643429 7780759289 1687737 155764  62
14.133958878 7875368544 1891704 169934  161
14.139256868 7844072604 1722810 155770  47
14.142655311 7782453380 1694091 155770  59
14.145972371 7877260603 1892059 169932  157
14.150244225 7845782385 1709781 155785  59
14.153644632 7784150608 1697228 155782  56
14.157960543 7879154785 1894182 169930  157
14.161256157 7847505204 1722819 155768  55
14.164643133 7785848674 1698066 155771  61
14.169960031 7881048124 1893339 169932  166
14.172244582 7849231428 1726224 155770  61
14.175655925 7787545777 1697103 155774  54
14.181971820 7882944642 1896518 169933  160
14.183253243 7850945930 1714502 155785  53
14.186652746 7789242966 1697189 155772  56
14.193982422 7884844074 1899432 169929  164
14.194246480 7852673199 1727269 155776  47
14.197642440 7790942568 1699602 155778  56
14.205257126 7854401792 1728593 155767  45
14.205962364 7886744957 1900883 169933  165
14.208655018 7792643987 1701419 155771  60
14.216244067 7856119166 1717374 155771  55
14.217959158 7888655311 1910354 169957  162
14.219656886 7794345177 1701190 155773  56
14.227245648 7857847915 1728749 155774  50
14.229974408 7890560422 1905111 169929  158
14.230644891 7796047038 1701861 155773  64
14.238258486 7859575977 1728062 155773  48
14.241656452 7797747999 1700961 155764  58
14.241972573 7892464619 1904197 169936  173
14.249244970 7861458284 1882307 169941  141
14.252655119 7799449991 1701992 155778  56
14.253961504 7894370769 1906150 169936  160
14.261239759 7863342963 1884679 169938  164
14.263643390 7801150925 1700934 155772  58
14.265960593 7896277983 1907214 169945  167
14.273256864 7865218978 1876015 169941  159
14.274654089 7802852081 1701156 155776  59
14.277973016 7898195811 1917828 169932  155
14.285255886 7867104341 1885363 169941  162
14.285643643 7804552548 1700467 155780  60
14.289976624 7900106178 1910367 169931  165
14.296643848 7806254196 1701648 155769  62
14.297244331 7868992581 1888240 169938  173
14.301959303 7902016864 1910686 169928  165
14.307644093 7807954601 1700405 155761  56
14.309244077 7870881890 1889309 169942  155
14.313960584 7903938497 1921633 169950  163
14.318642737 7809657596 1702995 155780  52
14.321255579 7872772425 1890535 169933  160
14.325972710 7905852260 1913763 169927  158
14.329665455 7811376043 1718447 155775  46
14.333255844 7874663800 1891375 169930  157
14.337973129 7907766381 1914121 169935  161
14.340657100 7813080888 1704845 155779  59
14.345244440 7876562161 1898361 169936  158
14.349970041 7909691134 1924753 169932  151
14.351654801 7814785364 1704476 155765  58
14.357244221 7878458191 1896030 169927  150
14.361961942 7911609682 1918548 169936  164
14.362644829 7816489623 1704259 155767  60
14.369257493 7880351044 1892853 169926  175
14.373654748 7818206632 1717009 155775  52
14.373972981 7913537834 1928152 169928  161
14.381256119 7882244809 1893765 169936  162
14.384657639 7819911810 1705178 155780  61
14.385960289 7915457694 1919860 169930  181
14.393244740 7884142890 1898081 169936  158
14.395643866 7821616707 1704897 155788  60
14.397960912 7917383629 1925935 169934  163
14.405244166 7886042769 1899879 169932  158
14.406657011 7823326987 1710280 155779  57
14.409960016 7919311247 1927618 169930  160
14.417257828 7887942919 1900150 169926  161
14.417656793 7825040408 1713421 155769  49
14.421972855 7921237193 1925946 169933  160
14.428641460 7826747278 1706870 155770  60
14.429243180 7889846793 1903874 169934  160
14.433973531 7923170263 1933070 169928  161
14.439656185 7828466287 1719009 155765  56
14.441243512 7891757366 1910573 169940  168
14.445960692 7925103349 1933086 169942  166
14.450643686 7830173548 1707261 155765  53
14.453244657 7893662104 1904738 169938  160
14.457960725 7927034102 1930753 169923  178
14.461655010 7831883865 1710317 155778  57
14.465256172 7895567212 1905108 169925  160
14.469959070 7928969972 1935870 169938  156
14.472665505 7833605517 1721652 155772  46
14.477255641 7897475030 1907818 169930  165
14.481973445 7930901696 1931724 169928  159
14.483657546 7835314844 1709327 155774  57
14.489267266 7899392051 1917021 169930  161
14.493959001 7932842310 1940614 169938  161
14.494656315 7837037257 1722413 155774  56
14.501257892 7901301905 1909854 169941  158
14.505643806 7838747558 1710301 155773  61
14.505972290 7934774827 1932517 169925  167
14.513255297 7903211942 1910037 169928  167
14.516654080 7840470841 1723283 155777  51
14.517974371 7936715545 1940718 169935  158
14.525258039 7905133431 1921489 169934  150
14.527655615 7842181536 1710695 155770  55
14.529973097 7938656044 1940499 169936  173
14.537242981 7907046535 1913104 169929  161
14.538644422 7843905386 1723850 155766  53
14.541962128 7940589619 1933575 169940  166
14.549256817 7908965063 1918528 169943  161
14.549657221 7845627542 1722156 155768  59
14.553959444 7942532987 1943368 169933  156
14.560641892 7847339263 1711721 155769  61
14.561256229 7910885901 1920838 169927  156
14.565974033 7944479027 1946040 169937  164
14.571642070 7849066025 1726762 155768  56
14.573257124 7912803864 1917963 169931  166
14.577972351 7946417536 1938509 169924  164
14.582642241 7850781464 1715439 155768  57
14.585245078 7914731173 1927309 169940  167
14.589961043 7948363387 1945851 169933  159
14.593643589 7852508894 1727430 155778  51
14.597255787 7916651456 1920283 169945  161
14.601958688 7950309401 1946014 169927  179
14.604656204 7854237720 1728826 155776  49
14.609255943 7918581919 1930463 169930  156
14.613972863 7952257633 1948232 169930  161
14.615665955 7855955140 1717420 155776  55
14.621255991 7920505775 1923856 169927  160
14.625973572 7954199852 1942219 169933  159
14.626643023 7857683729 1728589 155762  60
14.633243790 7922437692 1931917 169934  158
14.637655551 7859412190 1728461 155788  55
14.637971077 7956148963 1949111 169944  156
14.645255192 7924363911 1926219 169935  165
14.648656642 7861295009 1882819 169936  130
14.649960026 7958098562 1949599 169930  155
14.657257830 7926298746 1934835 169945  173
14.660641891 7863181021 1886012 169931  161
14.661983325 7960048110 1949548 169921  160
14.669243373 7928226094 1927348 169923  162
14.672643039 7865067109 1886088 169932  158
14.673974260 7961997809 1949699 169943  172
14.681256022 7930163243 1937149 169941  161
14.684654531 7866949861 1882752 169927  163
14.685959825 7963948892 1951083 169935  158
14.693244723 7932098878 1935635 169942  166
14.696657020 7868835049 1885188 169924  180
14.697961513 7965895091 1946199 169933  171
14.705256939 7934035153 1936275 169934  157
14.708643025 7870723934 1888885 169945  160
14.709972572 7967847471 1952380 169934  162
14.717254834 7935974544 1939391 169946  157
14.720643324 7872616380 1892446 169932  160
14.721960471 7969799985 1952514 169942  163
14.729245019 7937906919 1932375 169934  179
14.732642323 7874512429 1896049 169935  164
14.733960626 7971751908 1951923 169946  166
14.741244158 7939846887 1939968 169931  154
14.744642225 7876406992 1894563 169928  157
14.745961005 7973702905 1950997 169942  171
14.753254817 7941787942 1941055 169944  156
14.756642503 7878300020 1893028 169944  162
14.757960483 7975655588 1952683 169938  159
14.765259359 7943725424 1937482 169939  168
14.768642739 7880193192 1893172 169934  175
14.769972992 7977607862 1952274 169924  159
14.777243904 7945669984 1944560 169933  161
14.780670581 7882087257 1894065 169936  164
14.781959733 7979561120 1953258 169927  164
14.789243965 7947614342 1944358 169940  160
14.792657733 7883985688 1898431 169935  162
14.793960856 7981514264 1953144 169928  160
14.801256454 7949558929 1944587 169940  172
14.804643482 7885886502 1900814 169936  163
14.805959225 7983467156 1952892 169942  155
14.813265633 7951499315 1940386 169926  164
14.816655280 7887787389 1900887 169937  161
14.817972630 7985419261 1952105 169935  165
14.825246908 7953446973 1947658 169936  155
14.828641282 7889694534 1907145 169939  163
14.829976232 7987371979 1952718 169928  161
14.837257537 7955394779 1947806 169928  151
14.840655354 7891603304 1908770 169929  177
14.841962631 7989324724 1952745 169936  164
14.849256525 7957343495 1948716 169933  157
14.852643076 7893508940 1905636 169928  159
14.853972969 7991277760 1953036 169926  159
14.861244134 7959291623 1948128 169939  166
14.864645221 7895415245 1906305 169943  160
14.865974238 7993231443 1953683 169942  156
14.873244850 7961234739 1943116 169932  174
14.876654934 7897323269 1908024 169932  168
14.877960483 7995184385 1952942 169934  165
14.885256255 7963184996 1950257 169947  156
14.888655186 7899242181 1918912 169931  159
14.889959951 7997136422 1952037 169937  173
14.897256133 7965136049 1951053 169929  160
14.900653841 7901152872 1910691 169939  163
14.901972454 7999091147 1954725 169941  159
14.909255922 7967086976 1950927 169934  161
14.912655640 7903063641 1910769 169937  176
14.913973189 8001050886 1959739 169943  158
14.921243891 7969038835 1951859 169928  156
14.924654255 7904985637 1921996 169946  153
14.925971187 8003005135 1954249 169941  163
14.933255756 7970989769 1950934 169935  162
14.936653497 7906899383 1913746 169936  164
14.937961093 8004959791 1954656 169945  155
14.945244148 7972940350 1950581 169930  170
14.948642479 7908813518 1914135 169936  160
14.949971934 8006913308 1953517 169927  161
14.957254937 7974892009 1951659 169947  158
14.960641384 7910739229 1925711 169947  161
14.961974153 8008866159 1952851 169927  177
14.969268315 7976843362 1951353 169936  160
14.972655829 7912657909 1918680 169941  168
14.973959145 8010819835 1953676 169927  167
14.981244270 7978794945 1951583 169924  163
14.984642177 7914585996 1928087 169951  176
14.985971407 8012778659 1958824 169929  153
14.993257753 7980747784 1952839 169933  158
14.996655143 7916506351 1920355 169945  164
14.997973476 8014732011 1953352 169927  158
15.005257328 7982699485 1951701 169928  152
15.008643689 7918437077 1930726 169932  159
15.009973117 8016686578 1954567 169927  157
15.017242943 7984651058 1951573 169929  167
15.020655508 7920362054 1924977 169941  167
15.021961560 8018640061 1953483 169929  162
15.029256808 7986602794 1951736 169929  157
15.032655429 7922294408 1932354 169940  154
15.033960985 8020599148 1959087 169942  165
15.041254627 7988554841 1952047 169928  156
15.044642988 7924221678 1927270 169946  165
15.045973577 8022554010 1954862 169939  162
15.053245579 7990507027 1952186 169931  156
15.056647034 7926156898 1935220 169932  179
15.057959142 8024508721 1954711 169929  160
15.065243568 7992460248 1953221 169948  162
15.068643172 7928085092 1928194 169949  159
15.069962387 8026468988 1960267 169938  154
15.077244477 7994412079 1951831 169935  160
15.080641914 7930022264 1937172 169945  155
15.081960563 8028424023 1955035 169936  163
15.089257461 7996364112 1952033 169941  169
15.092667213 7931955075 1932811 169927  163
15.093961195 8030378721 1954698 169932  161
15.101243334 7998317275 1953163 169944  159
15.104644358 7933895198 1940123 169947  155
15.105972596 8032338059 1959338 169935  177
15.113255653 8000270503 1953228 169945  153
15.116655897 7935834865 1939667 169939  166
15.117959359 8034293213 1955154 169930  156
15.125255392 8002223849 1953346 169936  159
15.128655356 7937767903 1933038 169947  180
15.129959681 8036248542 1955329 169938  161
15.137245306 8004181738 1957889 169955  159
15.140642184 7939708926 1941023 169934  164
15.141971159 8038209329 1960787 169950  156
15.149255969 8006136214 1954476 169936  154
15.152643303 7941649980 1941054 169941  157
15.153974268 8040165377 1956048 169933  154
15.161257177 8008088174 1951960 169947  171
15.164641792 7943588268 1938288 169938  167
15.165959506 8042123620 1958243 169942  156
15.173257722 8010040559 1952385 169926  160
15.176643950 7945534182 1945914 169967  167
15.177961875 8044081065 1957445 169930  165
15.185256008 8011993114 1952555 169940  151
15.188654819 7947479180 1944998 169941  159
15.189972921 8046037599 1956534 169930  160
15.197244423 8013951057 1957943 169944  158
15.200642668 7949417992 1938812 169944  191
15.201973559 8047999270 1961671 169936  155
15.209256258 8015904580 1953523 169930  156
15.212655517 7951365749 1947757 169963  157
15.213961434 8049955608 1956338 169931  161
15.221256286 8017857810 1953230 169928  160
15.224654068 7953313950 1948201 169933  163
15.225960522 8051917907 1962299 169926  155
15.233254069 8019810320 1952510 169934  167
15.236656094 7955262413 1948463 169939  158
15.237974058 8053875863 1957956 169931  160
15.245245314 8021769805 1959485 169942  154
15.248664329 7957211969 1949556 169942  157
15.249972294 8055839335 1963472 169943  164
15.257242886 8023723703 1953898 169939  156
15.260644841 7959154676 1942707 169942  164
15.261973395 8057798955 1959620 169939  167
15.269243595 8025677712 1954009 169934  183
15.272654656 7961104196 1949520 169936  184
15.273958971 8059764629 1965674 169930  155
15.281255100 8027631627 1953915 169934  159
15.284644231 7963054913 1950717 169935  159
15.285972710 8061726874 1962245 169940  162
15.293257735 8029590658 1959031 169927  154
15.296644113 7965006609 1951696 169948  161
15.297983294 8063696889 1970015 169941  180
15.305256634 8031543424 1952766 169941  175
15.308643392 7966958806 1952197 169955  161
15.309948628 8065664256 1967367 169941  163
15.317256306 8033502755 1959331 169927  155
15.320642704 7968911321 1952515 169941  161
15.321971302 8067638061 1973805 169927  161
15.329244648 8035457174 1954419 169923  155
15.332654433 7970863060 1951739 169943  155
15.333973117 8069617311 1979250 169934  164
15.341244263 8037411857 1954683 169931  162
15.344654585 7972808810 1945750 169929  186
15.345972946 8071610032 1992721 169945  162
15.353243298 8039372637 1960780 169941  148
15.356642610 7974760787 1951977 169936  157
15.357960924 8073612447 2002415 169938  160
15.365257480 8041327932 1955295 169949  152
15.368654932 7976713180 1952393 169936  163
15.369931943 8075448228 1835781 155771  151
15.377256356 8043286735 1958803 169933  167
15.380643007 7978665527 1952347 169928  163
15.380974411 8084036014 8587786 169928  30820
15.389244484 8045243932 1957197 169946  155
15.392644279 7980618488 1952961 169941  168
15.392933999 8095838440 11802426 155781  53663
15.401243076 8047199418 1955486 169943  159
15.403961897 8103422333 7583893 155765  27806
15.404655568 7982570989 1952501 169937  160
15.413256825 8049160359 1960941 169936  155
15.414974932 8114933430 11511097 155780  52114
15.416659767 7984523122 1952133 169934  167
15.425256623 8051116781 1956422 169938  156
15.425972380 8123908662 8975232 169930  34809
15.428641718 7986476052 1952930 169941  157
15.437242952 8053079325 1962544 169929  154
15.437976185 8130925561 7016899 155785  70877
15.440655634 7988428585 1952533 169928  157
15.448975189 8142065970 11140409 155780  49775
15.449266585 8055036168 1956843 169921  173
15.452655643 7990381325 1952740 169936  165
15.459970915 8150546086 8480116 169938  32258
15.461257979 8056999626 1963458 169940  156
15.464655574 7992341017 1959692 169978  160
15.471974256 8162397716 11851630 155759  54604
15.473243898 8058959131 1959505 169941  169
15.476642880 7994294141 1953124 169935  152
15.482962984 8172046183 9648467 169939  39352
15.485256824 8060925796 1966665 169932  155
15.488642065 7996246888 1952747 169940  174
15.494976696 8175196304 3150121 155790  73591
15.497256869 8062889323 1963527 169932  161
15.500642654 7998200973 1954085 169940  159
15.505977030 8178675022 3478718 155750  154733
15.509257041 8064859312 1969989 169932  155
15.512655509 8000155521 1954548 169950  163
15.516976279 8189923842 11248820 169933  64415
15.521255410 8066831260 1971948 169924  166
15.524641951 8002109627 1954106 169938  156
15.528973670 8201316434 11392592 169938  49105
15.533245108 8068803218 1971958 169928  157
15.536643303 8004064172 1954545 169947  168
15.540962223 8212389349 11072915 155775  51110
15.545243587 8070790331 1987113 169936  162
15.548655579 8006018272 1954100 169946  161
15.551973874 8223518387 11129038 155776  50053
15.557257089 8072789990 1999659 169933  160
15.560655144 8007977130 1958858 169943  171
15.562962505 8226805724 3287337 155768  22969
15.569255944 8074792093 2002103 169919  161
15.572653159 8009930594 1953464 169929  158
15.573975443 8237781701 10975977 155767  71567
15.581243402 8077782527 2990434 155771  1039
15.584642978 8011884432 1953838 169930  156
15.584973291 8248884072 11102371 155788  49975
15.592245117 8089278205 11495678 155774  51474
15.595972239 8257812500 8928428 169938  35274
15.596655330 8013837795 1953363 169925  158
15.603253285 8100211004 10932799 169941  45953
15.607971754 8269254564 11442064 155761  53024
15.608656168 8015791763 1953968 169944  166
15.615246924 8111579610 11368606 169931  50497
15.618974519 8274885708 5631144 169938  24710
15.620642807 8017752270 1960507 169938  156
15.627245396 8122989474 11409864 169935  49317
15.630973760 8278144798 3259090 155782  118362
15.632643676 8019705939 1953669 169946  175
15.639257201 8128142388 5152914 169935  54612
15.641964495 8281361536 3216738 155779  137252
15.644655594 8021660181 1954242 169938  159
15.651260980 8139499868 11357480 155781  50694
15.652973293 8284839670 3478134 155761  155522
15.656655817 8023619801 1959620 169947  156
15.662246608 8148984951 9485083 169941  36749
15.663962097 8288319188 3479518 155768  155609
15.668653732 8025574751 1954950 169931  154
15.674259667 8160356734 11371783 169919  49612
15.674961755 8295617343 7298155 155786  87345
15.680643300 8027529138 1954387 169938  164
15.685961220 8307234650 11617307 155764  51838
15.686243401 8171777109 11420375 169945  49411
15.692656869 8029483910 1954772 169942  165
15.696973615 8315369718 8135068 155784  30719
15.698258150 8174926796 3149687 155778  64964
15.704654634 8031442778 1958868 169930  174
15.707959646 8326521713 11151995 155775  50118
15.709248181 8178405717 3478921 155758  153742
15.716642960 8033397104 1954326 169951  156
15.718962813 8335989086 9467373 169935  39605
15.720262703 8189362541 10956824 155770  79037
15.728657925 8035357631 1960527 169930  153
15.730974309 8342664813 6675727 155782  66260
15.731258231 8200483430 11120889 155783  48895
15.740642707 8037312986 1955355 169932  162
15.741962030 8354129520 11464707 155776  52500
15.742245319 8207947694 7464264 155766  29956
15.752653709 8039268867 1955881 169931  155
15.752977039 8362465640 8336120 169942  30581
15.753266711 8219442225 11494531 155768  51629
15.764258337 8226195801 6753576 169942  35456
15.764642591 8041230109 1961242 169941  150
15.764967647 8373724992 11259352 155780  49718
15.775974958 8384162216 10437224 169952  43833
15.776247580 8235249874 9054073 155776  75703
15.776654270 8043184998 1954889 169921  177
15.787248671 8246335125 11085251 155768  48988
15.787973017 8387312128 3149912 155760  62385
15.788656945 8045146180 1961182 169937  160
15.798256736 8254477416 8142291 155782  30947
15.798961291 8390790043 3477915 155763  155396
15.800655091 8047102334 1956154 169940  156
15.809261144 8266016878 11539462 155774  52287
15.809973849 8402000090 11210047 169935  66834
15.812644342 8049059211 1956877 169948  161
15.820246305 8274009577 7992699 169931  29540
15.821962094 8413422015 11421925 169926  48994
15.824655364 8051021817 1962606 169943  151
15.832259814 8277251894 3242317 155783  85146
15.833960586 8424429114 11007099 155771  50448
15.836642290 8052979780 1957963 169928  161
15.843262448 8280637681 3385787 155757  148471
15.844962208 8435582537 11153423 155767  50087
15.848654832 8054942573 1962793 169926  170
15.854247829 8283946577 3308896 155747  147474
15.855974642 8438877571 3295034 155767  24001
15.860643104 8056901684 1959111 169940  161
15.865246428 8287425550 3478973 155772  155529
15.866959493 8449865387 10987816 155773  74728
15.872643165 8058866873 1965189 169935  157
15.876262019 8292310650 4885100 155778  124586
15.877962794 8461012505 11147118 155767  50208
15.884655835 8060829128 1962255 169941  163
15.887256556 8303996869 11686219 155775  52739
15.888973959 8469457826 8445321 169940  31493
15.896664433 8062797258 1968130 169953  155
15.898245544 8312949078 8952209 169942  33022
15.900962337 8481275165 11817339 155787  53932
15.908655349 8064767422 1970164 169933  157
15.910267593 8325605376 12656298 169930  57954
15.911970319 8486727425 5452260 155782  24927
15.920641633 8066735680 1968258 169935  173
15.922259452 8335693370 10087994 169937  40655
15.922973667 8489986766 3259341 155758  103131
15.932657296 8068711335 1975655 169936  148
15.933977191 8493202161 3215395 155771  136927
15.934245473 8340789185 5095815 155771  65105
15.944654195 8070696059 1984724 169947  168
15.944973626 8496680525 3478364 155758  155537
15.945248278 8352313272 11524087 155771  52074
15.955974281 8500158889 3478364 155756  155559
15.956257740 8361406090 9092818 169944  33997
15.956642156 8072696702 2000643 169940  160
15.966962048 8503102357 2943468 155758  124441
15.968258394 8373723884 12317794 169919  55523
15.968642222 8074699548 2002846 169925  164
15.977961943 8506580497 3478140 155759  155526
15.980246390 8384186398 10462514 169923  42938
15.980655784 8078272451 3572903 169930  3455
15.988961484 8510059171 3478674 155766  155558
15.992246479 8387336511 3150113 155776  73534
15.992644269 8089831460 11559009 155780  52170
15.999974836 8513538792 3479621 155765  155604
16.003263623 8390814565 3478054 155762  154302
16.003642231 8100298625 10467165 169937  43116
16.010960000 8517019162 3480370 155770  155595
16.014249781 8402039705 11225140 169924  70272
16.015644029 8111688199 11389574 169934  50412
16.021960181 8519872926 2853764 155790  123718
16.026245373 8413446175 11406470 169938  48927
16.027645378 8123093060 11404861 169936  50066
16.032972449 8530920803 11047877 169935  81749
16.038257409 8424545460 11099285 155767  48957
16.039656970 8126547955 3454895 155788  46605
16.044959998 8542322460 11401657 169923  49046
16.049257457 8435664170 11118710 155773  49221
16.050654844 8138107613 11559658 155772  52709
16.056969906 8553395022 11072562 155773  49793
16.060256498 8438958585 3294415 155786  31003
16.061658069 8148763072 10655459 169954  44030
16.067975454 8564515509 11120487 155772  49630
16.071247355 8449931002 10972417 155763  75335
16.073642198 8160137684 11374612 169937  49564
16.078973296 8567804066 3288557 155769  25373
16.082239990 8461076538 11145536 155771  48926
16.085657933 8171529470 11391786 169943  52267
16.089961207 8578809416 11005350 155766  72290
16.093246765 8469896279 8819741 169924  34314
16.097645091 8174996343 3466873 169968  63434
16.100961674 8589918773 11109357 155775  49079
16.105245203 8481425009 11528730 155750  52165
16.109646560 8178476053 3479710 155784  153683
16.111974895 8599242013 9323240 169930  39585
16.116245974 8486764578 5339569 155768  20847
16.120657855 8189412552 10936499 155774  76022
16.123959404 8610432055 11190042 155763  49536
16.127258679 8490024340 3259762 155770  109228
16.131644586 8200528445 11115893 155770  48889
16.134973246 8615984813 5552758 169946  29060
16.138250337 8493239762 3215422 155779  139821
16.142644797 8207991164 7462719 155782  27414
16.146974364 8619244076 3259263 155766  117424
16.149260589 8496718126 3478364 155762  155491
16.153643299 8219423607 11432443 155774  53707
16.157975575 8625359732 6115656 155761  121682
16.160259140 8500196265 3478139 155763  155557
16.164656610 8225933770 6510163 155797  31198
16.168973287 8637231058 11871326 155775  53720
16.171247828 8503140182 2943917 155783  136269
16.175645418 8233539999 7606229 155771  64923
16.179958885 8645241216 8010158 169937  28451
16.182246329 8506618770 3478588 155774  155553
16.186656939 8245144259 11604260 155773  53601
16.191973936 8656441967 11200751 153423  50643
16.193261170 8510097582 3478812 155775  155510
16.197653367 8253262079 8117820 155768  31936
16.202245252 8667123181 10681214 158097  46417
16.204273572 8513577486 3479904 155772  155550
16.208644501 8264402698 11140619 155769  49597
16.213975093 8670768245 3645064 155775  50677
16.215264203 8517057660 3480174 155772  155558
16.219656457 8273900074 9497376 169936  39693
16.224961744 8682360491 11592246 155774  52113
16.226243930 8519901047 2843387 155797  137095
16.231645795 8277049727 3149653 155771  82225
16.235974726 8692827588 10467097 169945  44408
16.237253558 8530951923 11050876 169937  81193
16.242656743 8280528539 3478812 155781  154883
16.247962064 8704212312 11384724 169930  52338
16.249258470 8542348747 11396824 169953  48926
16.253658961 8283743738 3215199 155777  136939
16.259960802 8715608546 11396234 169931  53172
16.261257939 8553431009 11082262 155761  48942
16.264643545 8287223140 3479402 155787  155536
16.271974091 8719074971 3466425 169937  69717
16.272258044 8564541268 11110259 155770  49283
16.275647530 8291777054 4553914 155774  121890
16.283258691 8567830343 3289075 155773  21853
16.283963382 8722553783 3478812 155775  153262
16.286644087 8303215271 11438217 155764  50793
16.294246752 8578832617 11002274 155774  68987
16.294974801 8725768981 3215198 155763  138425
16.297656719 8312691205 9475934 169936  36694
16.305259941 8589943894 11111277 155772  49176
16.305975395 8729246673 3477692 155751  155520
16.309655645 8324057457 11366252 169930  49443
16.316257359 8599283638 9339744 169935  37000
16.316974790 8733484847 4238174 169946  137696
16.321643336 8335473059 11415602 169940  49683
16.328248788 8610453361 11169723 155761  49275
16.328962342 8744974442 11489595 155769  51646
16.333656372 8339893965 4420906 155768  51410
16.339257959 8615997186 5543825 169952  32938
16.339971749 8755047443 10073001 169941  40555
16.344654220 8351521685 11627720 155779  52560
16.351271801 8619256641 3259455 155772  118062
16.351984265 8766436241 11388798 169942  49830
16.355644384 8361136390 9614705 169933  38522
16.362265435 8625368164 6111523 155773  124226
16.363961683 8777842324 11406083 169937  49690
16.367641936 8372499761 11363371 169939  50587
16.373245913 8637167754 11799590 155769  53354
16.375976289 8781964413 4122089 155766  56754
16.379656529 8383912943 11413182 169933  50664
16.384257768 8645296194 8128440 169945  28804
16.386974797 8793354417 11390004 155776  51571
16.391643174 8387063112 3150169 155782  50171
16.396255280 8656914029 11617835 155771  52456
16.397973922 8803542359 10187942 169925  41322
16.402657145 8390541252 3478140 155769  153801
16.407246284 8667449720 10535691 169941  44080
16.409962443 8814927680 11385321 169926  50290
16.413657026 8401468119 10926867 155777  81775
16.419258766 8672538035 5088315 155779  58749
16.421961985 8826294525 11366845 169935  51362
16.424646244 8412614999 11146880 155772  48933
16.430260511 8683631611 11093576 155765  49408
16.433974267 8829444212 3149687 155769  47361
16.435647673 8421430526 8815527 169960  33870
16.441245008 8693146765 9515154 169933  36793
16.444960931 8832922800 3478588 155764  154070
16.447644934 8432862235 11431709 155761  52956
16.453245874 8704960456 11813691 169919  52128
16.455975173 8843613781 10690981 155781  84717
16.458657065 8438297664 5435429 155782  30397
16.465258430 8715903077 10942621 169949  46838
16.466973964 8854946683 11332902 155782  50246
16.469656997 8446517964 8220300 155774  73466
16.477257715 8719052765 3149688 155771  63081
16.477974212 8863295186 8348503 169935  30654
16.480639205 8458246536 11728572 155793  53209
16.488249232 8722531352 3478587 155766  153875
16.489961457 8874472833 11177647 155781  51442
16.491656866 8465655333 7408797 155774  27016
16.499261514 8725746775 3215423 155774  140795
16.500960078 8880681344 6208511 155776  28150
16.502651938 8477200464 11545131 155776  52052
16.510269888 8729224691 3477916 155767  155543
16.511983337 8888747859 8066515 155762  64547
16.513645035 8486190462 8989998 169959  35618
16.521246456 8732282196 3057505 155766  137400
16.522962040 8900250483 11502624 155769  52249
16.525658207 8489340794 3150332 155782  77872
16.532250288 8744646839 12364643 169934  63815
16.533974389 8907994948 7744465 155770  28617
16.536659419 8492807859 3467065 155772  154477
16.544258263 8755058870 10412031 169925  42155
16.544975130 8919530337 11535389 155785  52550
16.547656706 8496035475 3227616 155786  137761
16.555960688 8928597741 9067404 169929  37217
16.556256552 8766451220 11392350 169944  49077
16.558644811 8499514063 3478588 155772  155561
16.567963260 8931747653 3149912 155783  86016
16.568246247 8777863092 11411872 169940  49261
16.569655569 8502457308 2943245 155778  125361
16.578962124 8935225568 3477915 155756  155186
16.580256779 8781986973 4123881 155771  53006
16.580655800 8505936033 3478725 155764  155544
16.589974622 8938436062 3210494 155773  138180
16.591259187 8793399927 11412954 155777  51107
16.591642448 8509414413 3478380 155761  155511
16.600960807 8941914772 3478710 155767  155564
16.602256105 8803561903 10161976 169932  41328
16.602655986 8512893889 3479476 155779  155529
16.611973985 8944855581 2940809 155771  123515
16.613655408 8516374064 3480175 155767  155519
16.614246173 8814953415 11391512 169936  50244
16.622973579 8948333794 3478213 155765  155533
16.624642985 8519788584 3414520 169945  143137
16.626246212 8826334593 11381178 169939  49071
16.633961717 8951812382 3478588 155770  155544
16.636643194 8530285569 10496985 155774  94186
16.638257977 8829484280 3149687 155767  52753
16.644959815 8955290970 3478588 155765  155565
16.647667065 8541410301 11124732 155782  48932
16.649250145 8832962644 3478364 155762  154145
16.655982060 8958769334 3478364 155760  155565
16.658657527 8549981684 8571383 169935  32194
16.660270750 8843806592 10843948 155765  83837
16.666962391 8962105409 3336075 155776  145053
16.670644699 8561671463 11689779 155768  53146
16.671258521 8854974627 11168035 155769  49127
16.677960795 8964646568 2541159 155773  133756
16.681657306 8567101449 5429986 155778  23021
16.682257413 8863305215 8330588 169927  31597
16.688974607 8968125156 3478588 155773  155563
16.692643594 8575421962 8320513 155763  70071
16.694246311 8874498975 11193760 155757  49151
16.699960178 8971603520 3478364 155758  155558
16.703646193 8587013420 11591458 155779  52369
16.705258303 8881024367 6525392 169948  32545
16.710962959 8975081883 3478363 155758  155555
16.714643424 8594431034 7417614 155778  26486
16.717258664 8890081964 9057597 155775  72153
16.721960007 8978560369 3478486 155753  155557
16.725642781 8606066852 11635818 155777  52902
16.728246385 8901550502 11468538 155772  51952
16.732960481 8982039189 3478820 155767  155571
16.736644376 8614997406 8930554 169931  35247
16.739258297 8909946007 8395505 155780  32605
16.743961430 8985518915 3479726 155763  155585
16.748657465 8618147267 3149861 155769  74312
16.750256478 8921391811 11445804 155766  50839
16.754973168 8988998444 3479529 155767  155594
16.759656337 8621612234 3464967 155760  154289
16.761243709 8928855225 7463414 169932  27459
16.765961845 8992477470 3479026 155757  155556
16.770644218 8632973887 11361653 169950  50867
16.773246728 8932114986 3259761 155784  90752
16.776961093 8995956973 3479503 155752  155581
16.782643900 8644258723 11284836 169948  47860
16.784264656 8935646503 3531517 169929  153761
16.787973672 8998353827 2396854 155763  123996
16.794651128 8655642391 11383668 169949  49886
16.796261115 8939124838 3478335 155755  155543
16.798982169 9006431155 8077328 155786  114977
16.806657097 8667020893 11378502 169934  49597
16.807257336 8942602754 3477916 155754  155549
16.809973510 9017637976 11206821 155764  49242
16.818262573 8945544164 2941410 155767  135394
16.818655409 8670265388 3244495 155775  43773
16.820960631 9025659143 8021167 155772  30305
16.829259219 8949022570 3478406 155773  155563
16.829658127 8683383159 13117771 169952  61065
16.831961602 9036886460 11227317 155752  49559
16.840247222 8952500709 3478139 155764  155563
16.841658572 8693045862 9662703 169952  38010
16.842962921 9045333479 8447019 169942  33785
16.851286407 8955978849 3478140 155765  155567
16.853644501 8704430871 11385009 169932  52592
16.854960963 9052426361 7092882 155763  58825
16.862244624 8959456989 3478140 155768  155565
16.865644436 8715810673 11379802 169948  49493
16.865975211 9063529211 11102850 155782  50397
16.873243435 8962378836 2921847 155772  135911
16.876961312 9072610398 9081187 169939  35173
16.877642798 8718960360 3149687 155770  61483
16.884258461 8965333103 2954267 155769  155550
16.888658040 8722438723 3478363 155756  152385
16.888972301 9084029653 11419255 155767  51300
16.895244526 8968811691 3478588 155773  155552
16.899658394 8725652802 3214079 155771  137428
16.899970919 9093517870 9488217 169947  38377
16.906245263 8972290727 3479036 155778  155491
16.910644228 8729130746 3477944 155771  155530
16.911962003 9096667558 3149688 155775  69331
16.917246841 8975769315 3478588 155771  155479
16.921657984 8732392704 3261958 169942  138290
16.922962528 9100145921 3478363 155764  154722
16.928262076 8979248126 3478811 155769  155548
16.933645318 8744079067 11686363 155774  52967
16.933961846 9111353952 11208031 169958  61701
16.939245374 8982727912 3479786 155778  155561
16.944652453 8754950746 10871679 169930  55355
16.945982085 9122744386 11390434 169911  48959
16.950268039 8986207960 3480048 155781  155582
16.956644652 8766320762 11370016 169932  53943
16.957975323 9133854106 11109720 155778  49381
16.961247249 8989687714 3479754 155760  155584
16.968657417 8777723821 11403059 169948  49771
16.968972411 9144970688 11116582 155778  49629
16.972245695 8993167986 3480272 155777  155605
16.979973046 9148586656 3615968 169932  26678
16.980657396 8780896152 3172331 155779  55303
16.983258189 8996647809 3479823 155777  155616
16.991645544 8792409309 11513157 155780  52492
16.991961124 9159839788 11253132 169929  66549
16.994243770 8998629081 1981272 155778  122241
17.002656498 8803406208 10996899 169933  45953
17.003962240 9171241554 11401766 169933  49199
17.005257382 9009182091 10553010 155783  97594
17.014656577 8814812843 11406635 169937  50059
17.015961962 9182319166 11077612 155752  49564
17.016258490 9020294158 11112067 155775  48937
17.026646459 8826217995 11405152 169922  49629
17.026975593 9193432745 11113579 155763  50385
17.027244827 9029526221 9232063 169930  36139
17.037961414 9197037998 3605253 169938  32915
17.038656384 8829684420 3466425 169943  54750
17.039245386 9040810906 11284685 155769  50756
17.049972887 9200297312 3259314 155768  132305
17.050257361 9046354244 5543338 169960  27861
17.050658953 8833163904 3479484 155798  153351
17.060962284 9203511166 3213854 155782  136449
17.061645818 8843557531 10393627 146814  75212
17.062257226 9056093427 9739183 155775  70736
17.071919439 8854278837 10721306 150575  47271
17.071961849 9206989306 3478140 155752  155530
17.073246281 9067458808 11365381 155780  51868
17.082655899 8862039952 7761115 155782  28525
17.082962193 9210467669 3478363 155764  155566
17.084258775 9075590067 8131259 155777  31416
17.093645610 8873167256 11127304 155769  50768
17.093961241 9220567708 10100039 155776  71411
17.095245183 9086703483 11113416 155768  49243
17.104653319 8880640984 7473728 169926  32325
17.104983499 9232235464 11667756 155760  52092
17.106253925 9094151255 7447772 169920  31690
17.115974377 9240354504 8119040 169933  29477
17.116643960 8888263398 7622414 155779  56615
17.118246476 9097410540 3259285 155773  90173
17.127645012 8899858874 11595476 155773  51824
17.127960755 9251780940 11426436 155774  52544
17.129260234 9100875190 3464650 155771  137257
17.138657220 8907983827 8124953 155782  31905
17.138975237 9257990677 6209737 155780  26604
17.140245822 9112516243 11641053 155772  52381
17.149657721 8919105704 11121877 155770  51709
17.149960261 9266072506 8081829 155766  72191
17.151243597 9123158889 10642646 169944  43753
17.160645822 8928610811 9505107 169946  37415
17.160963206 9277594514 11522008 155773  51846
17.163259596 9134519203 11360314 169932  49508
17.171973933 9285319854 7725340 155781  32556
17.172644214 8931760498 3149687 155772  81654
17.175245420 9145913411 11394208 169934  50695
17.182962755 9296935092 11615238 155762  52225
17.183647899 8935238190 3477692 155754  154035
17.187246259 9149088941 3175530 155758  46386
17.193961036 9305963107 9028015 169925  35718
17.194655851 8938453155 3214965 155790  137051
17.198245097 9160527217 11438276 155778  53481
17.205656838 8941932200 3479045 155790  155586
17.205961514 9309113301 3150194 155768  79756
17.209258346 9171597907 11070690 169927  46612
17.216644716 8944875443 2943243 155784  125151
17.216963013 9312586066 3472765 155782  154703
17.221244620 9182985612 11387705 169928  50548
17.227644984 8948353583 3478140 155764  155526
17.227961624 9323844467 11258401 169937  50095
17.233246139 9194385164 11399552 169932  50646
17.238613085 8951831723 3478140 155766  155532
17.239972883 9335230796 11386329 169938  48430
17.245258638 9197852233 3467069 169954  55925
17.249654030 8955309863 3478140 155765  155552
17.251984348 9346608651 11377855 169936  50179
17.257257573 9201331045 3478812 155776  154929
17.260643874 8958788002 3478139 155764  155555
17.263973700 9357977067 11368416 169930  49524
17.268245544 9204544227 3213182 155769  137304
17.271644496 8962152823 3364821 155757  147135
17.275974529 9362423671 4446604 169928  57122
17.279246325 9208022815 3478588 155772  155561
17.282659021 8964666353 2513530 155807  130418
17.287962620 9374361984 11938313 155776  54735
17.290258654 9211122177 3099362 155777  134426
17.293643572 8968144945 3478592 155775  155551
17.298974609 9384027830 9665846 169924  37514
17.301261005 9223222992 12100815 169941  68004
17.304657337 8971623084 3478139 155757  155489
17.310959867 9395399354 11371524 169928  50527
17.313259707 9233787298 10564306 169937  50917
17.315654628 8975101000 3477916 155763  155438
17.322962468 9406796889 11397535 169930  51242
17.325245808 9245159296 11371998 169957  59350
17.326653379 8978578986 3477986 155755  155469
17.334962737 9410263392 3466503 169938  62681
17.337216012 9256553840 11394544 169923  49240
17.337646672 8982057406 3478420 155758  155509
17.346977003 9413742125 3478733 155765  155068
17.348642924 8985537132 3479726 155751  155546
17.349256356 9259719706 3165866 155771  51184
17.357967474 9416956050 3213925 155765  138131
17.359643029 8989017054 3479922 155767  155596
17.360247401 9271398687 11678981 155767  52990
17.368972726 9420433859 3477809 155760  155522
17.370643601 8992496808 3479754 155770  155592
17.371258088 9282288171 10889484 169941  45828
17.379974090 9423374900 2941041 155770  124875
17.381656925 8995976535 3479727 155758  155604
17.383257457 9293641997 11353826 169931  50659
17.390961321 9426853263 3478363 155760  155534
17.392653350 8998401576 2425041 155775  124399
17.395257135 9305044908 11402911 169942  51017
17.401971366 9430331627 3478364 155777  155543
17.403646271 9006217754 7816178 155774  115381
17.407259614 9308221055 3176147 155779  53485
17.412962170 9433809921 3478294 155760  155552
17.414656539 9017688462 11470708 155775  50886
17.418247515 9311673884 3452829 155768  152073
17.423973524 9437288131 3478210 155774  155567
17.425643347 9025606324 7917862 155781  29546
17.429256817 9321641457 9967573 155770  84445
17.434976776 9440766494 3478363 155756  155563
17.436643615 9036922800 11316476 155782  50245
17.440246545 9333348114 11706657 155754  52724
17.445972287 9448048747 7282253 155788  82604
17.447658676 9045398518 8475718 169948  35835
17.451256919 9340919333 7571219 155775  26890
17.456972882 9459898262 11849515 155776  53562
17.459658815 9052478700 7080182 155768  59445
17.462257625 9353065314 12145981 169932  54390
17.467961793 9467307482 7409220 155780  26135
17.470647273 9063590306 11111606 155770  51609
17.474257866 9359775005 6709691 169925  35395
17.478974211 9478904209 11596727 155779  52666
17.481656547 9072655444 9065138 169935  35355
17.486246342 9368821491 9046486 155754  61001
17.489972896 9487815169 8910960 169945  35990
17.493644980 9084083491 11428047 155776  53298
17.497244983 9379955379 11133888 155773  49402
17.501974551 9494841029 7025860 155771  69935
17.504642054 9093560763 9477272 169927  37961
17.508256310 9388074939 8119560 155764  31673
17.512973726 9505979387 11138358 155786  49150
17.516645883 9096710646 3149883 155778  72734
17.519245475 9399822132 11747193 155785  54357
17.523959943 9513202675 7223288 155771  28209
17.527659281 9100188562 3477916 155768  155293
17.530257597 9407628823 7806691 169934  27964
17.534975348 9526369295 13166620 169917  60993
17.538669019 9111420181 11231619 169943  62696
17.542257881 9410888343 3259520 155761  107786
17.546972183 9535976616 9607321 169937  39385
17.550644361 9122809840 11389659 169934  48976
17.553268897 9414231828 3343485 155764  143755
17.558973372 9539126297 3149681 155789  56823
17.562644069 9133885771 11075931 155787  50047
17.564244254 9417582482 3350654 155771  147108
17.569974290 9542605333 3479036 155781  155545
17.573644184 9144993883 11108112 155772  49510
17.575257889 9421060174 3477692 155757  155524
17.580975944 9553848754 11243421 169931  63421
17.584654452 9148284194 3290311 155787  17193
17.586258013 9424002075 2941901 155756  124867
17.592971173 9565242456 11393702 169938  49041
17.595643979 9159279539 10995345 155787  75361
17.597257078 9427480663 3478588 155774  155552
17.604960458 9576338830 11096374 155765  49422
17.606656438 9170395423 11115884 155774  49392
17.608244923 9430959474 3478811 155779  155576
17.615973920 9587450180 11111350 155765  49906
17.617645419 9179644362 9248939 169936  45204
17.619242970 9434437838 3478364 155768  155567
17.626974271 9591055705 3605525 169958  26713
17.629656185 9190900541 11256179 155778  50454
17.630255911 9437916202 3478364 155768  155566
17.638975232 9602350677 11294972 169936  60411
17.640657099 9196135910 5235369 155778  29637
17.641245586 9441212024 3295822 169947  139400
17.650973965 9613734876 11384199 169937  48951
17.651644527 9199395739 3259829 155788  112512
17.653243668 9451836254 10624230 155775  89274
17.662657055 9202610759 3215020 155783  136846
17.662973420 9624837210 11102334 155771  49704
17.664256300 9463250121 11413867 169937  49015
17.673638259 9206089733 3478974 155774  155560
17.673974518 9635956625 11119415 155761  50479
17.676257761 9472325339 9075218 155771  38112
17.684658324 9209568382 3478649 155773  155580
17.684959742 9639246078 3289453 155770  24214
17.687257912 9483451025 11125686 155777  49538
17.695653675 9217655774 8087392 169937  99606
17.695975613 9642505168 3259090 155769  129679
17.698245657 9488683237 5232212 155783  30567
17.706972859 9645719021 3213853 155769  136484
17.707657297 9229336442 11680668 155762  52535
17.709254299 9497743522 9060285 155772  77526
17.717974030 9649197861 3478840 155781  155561
17.718661186 9236968467 7632025 155784  27574
17.720245523 9509146908 11403386 155779  52263
17.728973097 9652676755 3478894 155777  155589
17.729646074 9248562756 11594289 155787  52556
17.731246341 9517613170 8466262 155777  36346
17.739962498 9661407380 8730625 155776  77260
17.740654488 9257537774 8975018 169934  35879
17.742258743 9529058991 11445821 155758  51425
17.750973780 9672918390 11511010 155770  51639
17.752657714 9264562884 7025110 155763  67337
17.753258724 9536524175 7465184 169948  36237
17.761960118 9681432044 8513654 155779  33416
17.763657948 9275685821 11122937 155784  49566
17.765261313 9539783712 3259537 155783  84638
17.772974172 9692720335 11288291 155765  50049
17.774657126 9284155681 8469860 169943  31429
17.776246253 9544294566 4510854 169934  148018
17.783974137 9700181764 7461429 169934  26088
17.786656021 9296038295 11882614 155765  55316
17.788245198 9556190024 11895458 155770  53851
17.795974606 9708582859 8401095 169934  71085
17.797656572 9305697786 9659491 169927  38792
17.799257277 9565876575 9686551 169936  37894
17.807974278 9719850677 11267818 155766  50330
17.809644881 9308847740 3149954 155781  84120
17.811245298 9577239613 11363038 169939  49828
17.818962071 9727834157 7983480 155771  29569
17.820657682 9312326551 3478811 155776  153031
17.823256911 9588642307 11402694 169949  50002
17.829961327 9739348973 11514816 155775  52097
17.831656443 9323571708 11245157 169940  63122
17.835257733 9592763528 4121221 155776  56548
17.840960558 9748445000 9096027 169932  35910
17.843667036 9334956209 11384501 169919  48929
17.846246274 9604259679 11496151 155781  52696
17.852984503 9751594912 3149912 155783  78903
17.855645658 9346038993 11082784 155788  49000
17.857257475 9614329118 10069439 169931  40180
17.863975058 9755073276 3478364 155770  155246
17.866656359 9357155748 11116755 155763  50103
17.869246961 9625710666 11381548 169941  50507
17.874974765 9766279514 11206238 169931  52196
17.877657197 9360443431 3287683 155778  18395
17.881259162 9637099048 11388382 169933  49658
17.886974004 9777654847 11375333 169930  49117
17.888641214 9371436121 10992690 155775  68274
17.893239091 9640249153 3150105 155771  46067
17.898960962 9789024123 11369276 169929  50208
17.899655970 9382562107 11125986 155779  48963
17.904258373 9643727068 3477915 155754  151142
17.910656497 9391714196 9152089 169918  35644
17.910961611 9800467920 11443797 169924  49652
17.915260314 9646941595 3214527 155767  137900
17.922653966 9403074750 11360554 155762  50722
17.922960190 9803768359 3300439 155778  61672
17.926244222 9650420270 3478675 155763  155565
17.933644504 9408619649 5544899 169944  33764
17.933977158 9816032015 12263656 169928  56207
17.937257559 9653719004 3298734 169932  140462
17.945657783 9411879187 3259538 155789  109108
17.945960513 9826463246 10431231 169928  43317
17.949244752 9666949276 13230272 169912  63565
17.956657197 9415095504 3216317 155766  137692
17.957974548 9837823596 11360350 169943  50037
17.961257567 9676526057 9576781 169941  36970
17.967644792 9418573644 3478140 155771  155524
17.969973491 9849212647 11389051 169927  50555
17.973245172 9687904985 11378928 169931  50302
17.978654220 9422051560 3477916 155755  155543
17.981976820 9852362979 3150332 155784  63469
17.985258811 9699290649 11385664 169936  49991
17.989668568 9424994581 2943021 155790  125550
17.992974137 9855841721 3478742 155761  148660
17.997256836 9703415013 4124364 155772  47800
18.000657576 9428473392 3478811 155781  155556
18.003973288 9859057661 3215940 155788  137525
18.008255161 9715281366 11866353 155771  53987
18.011643997 9431951980 3478588 155772  155558
18.014974729 9862536696 3479035 155773  155575
18.019247335 9725003643 9722277 169948  38065
18.022657592 9435430568 3478588 155778  155577
18.025961417 9865858730 3322034 169915  140688
18.031255383 9736386589 11382946 169919  49576
18.033644270 9438909156 3478588 155774  155573
18.037977243 9869272803 3414073 155766  151994
18.043257522 9747786343 11399754 169926  50372
18.044658151 9441496004 2586848 155771  123798
18.048972970 9872750943 3478140 155766  155534
18.055245051 9750936030 3149687 155773  51383
18.055655135 9453542490 12046486 169928  67609
18.059963222 9876229307 3478364 155772  155564
18.066258859 9754414394 3478364 155770  154452
18.067658084 9464174982 10632492 169927  43759
18.070961296 9879707670 3478363 155763  155566
18.077257890 9765330733 10916339 155773  82068
18.079646129 9475553700 11378718 169934  50952
18.081960624 9883186034 3478364 155757  155565
18.088244434 9776475712 11144979 155774  48970
18.091644078 9486941656 11387956 169940  49013
18.092973765 9885584680 2398646 155786  123611
18.099245636 9785039758 8564046 169936  32239
18.103656497 9492047279 5105623 169939  53034
18.103974191 9889062783 3478103 155756  155530
18.111257652 9796741762 11702004 155769  55127
18.114974808 9892540959 3478176 155761  155562
18.115656592 9503473044 11425765 155780  52266
18.122244975 9802168118 5426356 155783  26338
18.125972866 9896018875 3477916 155746  155547
18.126642683 9512963843 9490799 169949  37313
18.133258307 9810472982 8304864 155768  76761
18.136960397 9899497463 3478588 155782  155577
18.138653422 9524325854 11362011 169930  51606
18.144245378 9822066391 11593409 155772  53386
18.147971268 9902976275 3478812 155772  155585
18.150645930 9535751052 11425198 169923  49587
18.155269440 9829518120 7451729 155777  27334
18.158973563 9906454862 3478587 155766  155573
18.162656353 9538901257 3150205 155792  73638
18.166247311 9841099253 11581133 155776  53545
18.169961171 9909933002 3478140 155759  155564
18.173647397 9542380293 3479036 155785  148687
18.177257292 9850068280 8969027 169933  35440
18.180974279 9913411590 3478588 155772  155577
18.184658079 9553319615 10939322 155763  78645
18.189259598 9853217746 3149466 155759  108656
18.191960200 9916890178 3478588 155761  155573
18.195658310 9564448519 11128904 155769  48950
18.200248289 9856682235 3464489 155772  144797
18.202962084 9919572931 2682753 155778  123288
18.206642644 9571904347 7455828 155763  27434
18.211257997 9859912427 3230192 155764  138540
18.213961809 9921679785 2106854 155769  155573
18.217643542 9583349448 11445101 155774  52321
18.222256912 9863391015 3478588 155767  155564
18.224962030 9925157701 3477916 155768  155529
18.228656417 9589857823 6508375 155775  25668
18.233257763 9866332916 2941901 155776  123354
18.235972545 9928635617 3477916 155759  155541
18.239644262 9597509439 7651616 155778  71044
18.244256191 9869811055 3478139 155761  155533
18.246961372 9932113980 3478363 155764  155556
18.250658573 9609071421 11561982 155780  53170
18.255257688 9873289601 3478546 155767  155548
18.257974801 9935592120 3478140 155762  155544
18.261645554 9617214031 8142610 155761  33542
18.266245979 9876767783 3478182 155769  155561
18.268960582 9939070260 3478140 155754  155552
18.272646342 9628369389 11155358 155774  49703
18.277245288 9880246147 3478364 155769  155565
18.279959120 9942548848 3478588 155768  155574
18.283657710 9637839992 9470603 169942  37833
18.288257072 9883661374 3415227 169930  142576
18.290973837 9946027435 3478587 155765  155575
18.295651922 9640990105 3150113 155787  89439
18.300256528 9886437879 2776505 155775  149425
18.301982006 9949505575 3478140 155763  155564
18.306661140 9644468917 3478812 155785  152383
18.311254599 9889916467 3478588 155779  155575
18.312973034 9952983902 3478327 155761  155556
18.317657808 9647682324 3213407 155780  136568
18.322257807 9893395055 3478588 155775  155575
18.323974448 9956462599 3478697 155774  155586
18.328646009 9651161135 3478811 155773  155576
18.333256902 9896873643 3478588 155769  155574
18.334961999 9959942773 3480174 155775  155637
18.339656477 9655847077 4685942 155767  122049
18.344245795 9900352188 3478545 155754  155567
18.345961380 9963423620 3480847 155791  155641
18.350656518 9667137490 11290413 155776  49903
18.355244481 9903830622 3478434 155771  155578
18.356961292 9966903794 3480174 155779  155603
18.361644416 9676631503 9494013 169932  37074
18.366258985 9907309406 3478784 155777  155587
18.367975086 9970383968 3480174 155778  155607
18.373644475 9688020288 11388785 169929  50778
18.377244526 9910787724 3478318 155758  155558
18.378975084 9973863968 3480000 155767  155602
18.385656174 9699427837 11407549 169948  48978
18.388246581 9914266357 3478633 155781  155586
18.389971719 9977344315 3480347 155764  155611
18.397644455 9704140975 4713138 155792  66882
18.399255562 9917745169 3478812 155784  155585
18.400972180 9980824938 3480623 155793  155633
18.408643204 9715634456 11493481 155764  51916
18.410256667 9919910109 2164940 155784  123283
18.411965558 9984305337 3480399 155780  155627
18.419643355 9725114311 9479855 169934  36760
18.421257688 9922534328 2624219 155773  155565
18.422974069 9987785286 3479949 155757  155586
18.431641706 9736475808 11361497 169945  49937
18.432244083 9926012467 3478139 155753  155535
18.433973190 9990752566 2967280 155782  124400
18.443244897 9929490689 3478222 155762  155443
18.443666985 9747907672 11431864 169933  49609
18.444983559 9992071295 1318729 155775  154690
18.454253805 9932968971 3478282 155768  155476
18.455655874 9751057618 3149946 155782  52453
18.455961360 9993316271 1244976 122993  122759
18.465258933 9936447335 3478364 155767  155515
18.466643099 9754535982 3478364 155774  155121
18.466962387 9995394922 2078651 17842  17628
18.476244401 9939925726 3478391 155756  155524
18.477646114 9765496835 10960853 155777  79087
18.477976022 9997473694 2078772 17858  17647
18.487257769 9943404286 3478560 155772  155538
18.488655428 9776618345 11121510 155769  48944
18.488963393 9999552452 2078758 17851  17644
18.498256507 9946882874 3478588 155772  155576
18.499644959 9783998376 7380031 155775  26542
18.499980048 10001631238 2078786 17858  17653
18.509258312 9950361462 3478588 155770  155578
18.510643750 9795526843 11528467 155771  54780
18.510979136 10003709998 2078760 17846  17655
18.520245309 9953840049 3478587 155776  155574
18.521657179 9802030535 6503692 155790  34752
18.521967243 10005788661 2078663 17849  17656
18.531244117 9957319216 3479167 155772  155595
18.532646983 9809629936 7599401 155763  75147
18.532979989 10007867433 2078772 17856  17662
18.542258068 9960799614 3480398 155779  155642
18.543644718 9821263845 11633909 155778  52121
18.543978983 10009946205 2078772 17849  17656
18.553244206 9964280685 3481071 155798  155652
18.554644345 9829390403 8126558 155760  33091
18.554966454 10012024976 2078771 17847  17658
18.564245248 9967761083 3480398 155773  155612
18.565643433 9840505917 11115514 155764  49116
18.565978665 10014103628 2078652 17857  17661
18.575256809 9971241481 3480398 155786  155632
18.576644538 9850007753 9501836 169944  40664
18.576979190 10016182386 2078758 17853  17658
18.586257154 9974722104 3480623 155786  155624
18.587977191 10018261172 2078786 17847  17661
18.588668181 9853157888 3150135 155782  79409
18.597269039 9978202279 3480175 155769  155615
18.598969352 10020339943 2078771 17847  17657
18.599660275 9856636166 3478278 155762  148126
18.608258083 9981682900 3480621 155798  155624
18.609968617 10022418715 2078772 17852  17658
18.610655629 9859849882 3213716 155768  136542
18.619258477 9985163075 3480175 155768  155615
18.620980284 10024497487 2078772 17851  17652
18.621657425 9863328022 3478140 155753  155543
18.630244168 9988643026 3479951 155765  155592
18.631968073 10026576259 2078772 17860  17663
18.632643572 9866270369 2942347 155766  124619
18.641244800 9991090870 2447844 155788  124970
18.642982504 10028655030 2078771 17845  17654
18.643645250 9869748509 3478140 155764  155530
18.652245361 9992409544 1318674 155774  155600
18.653980419 10030733802 2078772 17856  17659
18.654642731 9873227321 3478812 155787  155571
18.663245722 9993873423 1463879 90151  89924
18.664983360 10032812574 2078772 17852  17655
18.665657026 9876705909 3478588 155778  155572
18.674260890 9995952075 2078652 17842  17634
18.675984095 10034891106 2078532 17852  17656
18.676643711 9880183824 3477915 155757  155545
18.685260732 9998030727 2078652 17837  17537
18.686982776 10036969877 2078771 17847  17655
18.687643518 9883546030 3362206 155766  146973
18.696248680 10000109498 2078771 17841  17566
18.697980050 10039048649 2078772 17865  17663
18.698657227 9886060835 2514805 155790  133783
18.707263617 10002188270 2078772 17847  17626
18.708968281 10041127421 2078772 17845  17650
18.709656031 9889539647 3478812 155781  155575
18.718251828 10004266922 2078652 17846  17605
18.719967182 10043205953 2078532 17845  17653
18.720643926 9893018458 3478811 155781  155585
18.729250207 10006345574 2078652 17841  17650
18.730977614 10045284724 2078771 17839  17651
18.731665833 9896496598 3478140 155761  155556
18.740273161 10008424345 2078771 17841  17663
18.741967848 10047363496 2078772 17847  17656
18.742655625 9899974962 3478364 155773  155567
18.751263649 10010503117 2078772 17839  17661
18.752969426 10049442148 2078652 17846  17651
18.753643793 9903453102 3478140 155759  155555
18.762262571 10012581649 2078532 17842  17665
18.763969745 10051520920 2078772 17859  17662
18.764656117 9906931689 3478587 155769  155581
18.773250254 10014660362 2078713 17848  17669
18.774966662 10053514478 1993558 29786  26082
18.775656242 9910410277 3478588 155770  155577
18.784260736 10016738952 2078590 17835  17666
18.786656634 9913889537 3479260 155793  155605
18.787984642 10057334697 3820219 155815  112894
18.795249664 10018817604 2078652 17839  17663
18.797657205 9917368125 3478588 155773  155575
18.798973396 10061158786 3824089 155813  113034
18.806249528 10020896362 2078758 17845  17659
18.808658566 9919795054 2426929 155758  122885
18.809977204 10064985690 3826904 155818  113053
18.817263230 10022975028 2078666 17838  17660
18.819644337 9922157652 2362598 155767  155562
18.820976325 10068811196 3825506 155811  113065
18.828262641 10025053679 2078651 17836  17659
18.830644519 9925636096 3478444 155770  155544
18.831989853 10072625181 3813985 155816  112687
18.839249542 10027132331 2078652 17845  17672
18.841654336 9929114460 3478364 155763  155496
18.842977771 10076451420 3826239 155815  113076
18.850253323 10029211103 2078772 17845  17672
18.852644284 9932592599 3478139 155758  155442
18.853978462 10080281281 3829861 155814  113146
18.861249739 10031289875 2078772 17843  17665
18.863656843 9936070515 3477916 155753  155473
18.864985824 10084102959 3821678 155816  112958
18.872250346 10033368526 2078651 17835  17667
18.874655277 9939548879 3478364 155773  155504
18.875974132 10087923561 3820602 155813  112889
18.883264391 10035447298 2078772 17842  17664
18.885654461 9943026795 3477916 155761  155513
18.887001670 10091749127 3825566 155819  113072
18.894273356 10037525950 2078652 17838  17665
18.896642986 9946505382 3478587 155772  155580
18.897990030 10095563496 3814369 155809  112704
18.905264024 10039604722 2078772 17848  17673
18.907656261 9949984194 3478812 155785  155584
18.908991739 10099384737 3821241 155816  112898
18.916248978 10041683374 2078652 17835  17662
18.918654935 9953463006 3478812 155784  155585
18.919979383 10103212008 3827271 155817  113119
18.927262596 10043762011 2078637 17840  17659
18.929643133 9956942591 3479585 155785  155607
18.930976571 10107035389 3823381 155819  112958
18.938262004 10045840783 2078772 17842  17661
18.940656081 9960422764 3480173 155760  155635
18.941988350 10110854277 3818888 155818  112885
18.949264325 10047919449 2078666 17840  17659
18.951655476 9963903287 3480523 155761  155626
18.952976577 10114683682 3829405 155812  113136
18.960261683 10049998100 2078651 17836  17671
18.962657177 9967383559 3480272 155772  155609
18.963990435 10118503267 3819585 155810  112885
18.971264627 10052076752 2078652 17846  17671
18.973654631 9970864182 3480623 155781  155630
18.974991139 10122320682 3817415 155821  112797
18.982262659 10053849645 1772893 37651  30809
18.984656000 9974345028 3480846 155780  155630
18.985979750 10126136298 3815616 155823  112750
18.993262830 10057721023 3871378 155815  114434
18.995642354 9977825650 3480622 155775  155624
18.996975958 10129960341 3824043 155809  113035
19.004268288 10061601450 3880427 155815  114650
19.006655905 9981306273 3480623 155783  155623
19.007978202 10133782822 3822481 155815  112925
19.015256306 10065476962 3875512 155815  114422
19.017643313 9984786896 3480623 155777  155625
19.018974731 10137611427 3828605 155815  113158
19.026272101 10069353869 3876907 155817  114522
19.028653615 9988267517 3480621 155790  155630
19.029999093 10141427893 3816466 155809  112762
19.037267695 10073224029 3870160 155810  114325
19.039656473 9990976206 2708689 155788  124532
19.040992607 10145247253 3819360 155809  112863
19.048270010 10077096393 3872364 155811  114411
19.050655814 9992295047 1318841 155790  155621
19.051978605 10149073284 3826031 155819  113061
19.059270182 10080967041 3870648 155807  114352
19.061657509 9993610145 1315098 106316  106072
19.062978339 10152903871 3830587 155808  113217
19.070270319 10084848056 3881015 155817  114679
19.072644300 9995688916 2078771 17832  17630
19.073976057 10156726207 3822336 155811  112927
19.081256464 10088727229 3879173 155814  114640
19.083647841 9997767568 2078652 17839  17579
19.084993142 10160546328 3820121 155813  112905
19.092272475 10092607895 3880666 155822  114684
19.094645462 9999846220 2078652 17844  17549
19.095972240 10164366676 3820348 155818  112883
19.103260857 10096475352 3867457 155814  114304
19.105661834 10001924948 2078728 17842  17567
19.106988738 10168190962 3824286 155818  113000
19.114258434 10100351867 3876515 155811  114547
19.116648032 10004003643 2078695 17837  17597
19.117974315 10172017174 3826212 155817  113068
19.125257009 10104229416 3877549 155811  114590
19.127646103 10006082373 2078730 17830  17647
19.128974640 10175842475 3825301 155816  113041
19.136258520 10108103827 3874411 155810  114516
19.138647140 10008161067 2078694 17846  17659
19.139991205 10179665978 3823503 155812  112988
19.147271655 10111983615 3879788 155812  114667
19.149645916 10010239795 2078728 17836  17656
19.150970858 10183491552 3825574 155814  113043
19.158257753 10115858548 3874933 155811  114533
19.160646510 10012318374 2078579 17840  17663
19.161988127 10187310226 3818674 155814  112836
19.169269820 10119733107 3874559 155816  114479
19.171671159 10014396902 2078528 17835  17663
19.172982518 10191129240 3819014 155811  112839
19.180267538 10123613437 3880330 155807  114674
19.182662350 10016475674 2078772 17839  17656
19.183974859 10194955548 3826308 155806  113086
19.191257317 10127491221 3877784 155816  114595
19.193661157 10018554446 2078772 17836  17655
19.194977388 10198779693 3824145 155818  112977
19.202257171 10131361843 3870622 155807  114411
19.204648835 10020633097 2078651 17832  17660
19.205979345 10202602122 3822429 155807  112975
19.213271149 10135239270 3877427 155824  114599
19.215660997 10022711869 2078772 17836  17657
19.216991936 10206129289 3527167 155801  117324
19.224258190 10139115678 3876408 155817  114558
19.226648448 10024790641 2078772 17853  17666
19.227994582 10206977500 848211 169940  169778
19.235260108 10142980482 3864804 155808  114207
19.237648879 10026869293 2078652 17837  17655
19.239971853 10207825716 848216 169934  169777
19.246271576 10146855802 3875320 155818  114548
19.248648660 10028948064 2078771 17832  17655
19.251973244 10208674022 848306 169957  169793
19.257257137 10150731002 3875200 155817  114535
19.259660695 10031026794 2078730 17838  17660
19.263961040 10209522298 848276 169941  169779
19.268269268 10154606588 3875586 155806  114528
19.270662103 10033105488 2078694 17838  17661
19.275960612 10210370494 848196 169939  169776
19.279270220 10158483236 3876648 155809  114542
19.281661967 10035184260 2078772 17842  17658
19.287959714 10211802238 1431744 167861  164521
19.290257018 10162356789 3873553 155808  114468
19.292659529 10037262911 2078651 17839  17666
19.299972966 10215591357 3789119 155814  97434
19.301258315 10166232577 3875788 155808  114556
19.303660740 10039341683 2078772 17845  17668
19.310963534 10216861497 1270140 155784  150284
19.312268803 10170110868 3878291 155813  114633
19.314649011 10041420455 2078772 17847  17660
19.321977455 10217949631 1088134 155781  155315
19.323258761 10173984155 3873287 155809  114478
19.325662609 10043499185 2078730 17842  17662
19.332981777 10219038143 1088512 155784  155620
19.334268299 10177863420 3879265 155803  114641
19.336650463 10045577878 2078693 17832  17663
19.343968458 10220126388 1088245 155785  155626
19.345269904 10181735376 3871956 155815  114431
19.347646905 10047656650 2078772 17838  17658
19.354968432 10221214936 1088548 155784  155626
19.356267782 10185615710 3880334 155807  114668
19.358664123 10049735422 2078772 17844  17667
19.365970871 10222303483 1088547 155778  155619
19.367271723 10189484309 3868599 155811  114339
19.369661535 10051814150 2078728 17842  17657
19.376982488 10223391827 1088344 155795  155636
19.378258431 10193360489 3876180 155806  114546
19.380660119 10053608130 1793980 29229  24962
19.387983169 10224480423 1088596 155788  155634
19.389272712 10197237151 3876662 155807  114566
19.392648297 10057421497 3813367 155817  112707
19.398967560 10225568627 1088204 155788  155631
19.400257050 10201121474 3884323 155817  114808
19.403668276 10061225476 3803979 155809  112389
19.409979386 10226657258 1088631 155787  155630
19.411269588 10204996030 3874556 155816  114494
19.414670134 10065028069 3802593 155816  112318
19.420965227 10227745945 1088687 155807  155655
19.422268706 10206704077 1708047 169954  158113
19.425654795 10068830746 3802677 155822  112266
19.431980434 10228834247 1088302 155778  155615
19.434262664 10207552348 848271 169942  169775
19.436671057 10072640065 3809319 155814  112524
19.442979222 10229922703 1088456 155784  155623
19.446258726 10208400584 848236 169940  169778
19.447671808 10076444829 3804764 155817  112364
19.453978043 10231010795 1088092 155776  155623
19.458243482 10209248795 848211 169933  169776
19.458669185 10080247274 3802445 155822  112332
19.464966921 10232099391 1088596 155780  155623
19.469665310 10084047713 3800439 155810  112285
19.470256698 10210096981 848186 169937  169772
19.475979783 10233187504 1088113 155787  155631
19.480657494 10087852896 3805183 155820  112442
19.482253139 10210945232 848251 169930  169772
19.486982167 10234276016 1088512 155779  155627
19.491667599 10091655908 3803012 155821  112364
19.494246301 10214195515 3250283 153648  108101
19.497967241 10235364528 1088512 155764  155608
19.502670197 10095465796 3809888 155808  112590
19.505257949 10216481935 2286420 155794  136637
19.508982370 10236452417 1087889 155767  155612
19.513657382 10099274542 3808746 155816  112555
19.516261383 10217570538 1088603 155784  154560
19.519980051 10237541202 1088785 155766  155613
19.524671190 10103085186 3810644 155810  112609
19.527251772 10218658588 1088050 155791  155558
19.530966869 10238629406 1088204 155791  155634
19.535654344 10106894435 3809249 155812  112568
19.538248813 10219747051 1088463 155776  155614
19.541980093 10239718094 1088688 155788  155635
19.546657592 10110699091 3804656 155813  112428
19.549262417 10220835108 1088057 155780  155633
19.552965367 10240806710 1088616 155769  155616
19.557655970 10114502605 3803514 155814  112392
19.560250632 10221923788 1088680 155781  155624
19.563966303 10241894907 1088197 155771  155620
19.568657145 10118314922 3812317 155813  112652
19.571263610 10223012421 1088633 155799  155646
19.574976780 10242983510 1088603 155773  155618
19.579670556 10122124710 3809788 155815  112582
19.582259518 10224100569 1088148 155786  155642
19.585974798 10244071602 1088092 155789  155633
19.590658944 10125931970 3807260 155809  112511
19.593248759 10225189067 1088498 155785  155636
19.596978052 10245049962 978360 155795  154811
19.601655276 10129741701 3809731 155804  112578
19.604262477 10226277201 1088134 155795  155643
19.607977264 10246068119 1018157 169942  168918
19.612665977 10133549873 3808172 155815  112546
19.615243084 10227365811 1088610 155778  155632
19.619977953 10247086417 1018298 169950  169320
19.623670734 10137351828 3801955 155821  112341
19.626277466 10228454239 1088428 155775  155632
19.631974111 10248104580 1018163 169940  169437
19.634671766 10141156100 3804272 155820  112410
19.637265852 10229542415 1088176 155790  155636
19.643963383 10249122910 1018330 169937  169495
19.645657034 10144962485 3806385 155816  112490
19.648264275 10230630935 1088520 155778  155618
19.655974485 10250141373 1018463 169937  169510
19.656672265 10148764944 3802459 155821  112364
19.659248626 10231718866 1087931 155765  155612
19.667658746 10152569036 3804092 155815  112401
19.667970781 10251159446 1018073 169943  169473
19.670248681 10232807490 1088624 155788  155632
19.678655615 10156371387 3802351 155810  112351
19.679962485 10252177519 1018073 169937  169467
19.681263489 10233895841 1088351 155786  155632
19.689670299 10160167239 3795852 155820  112157
19.691962614 10253195679 1018160 169955  169490
19.692259614 10234984129 1088288 155777  155624
19.700669717 10163971871 3804632 155816  112424
19.703251639 10236072655 1088526 155784  155630
19.703962949 10254213632 1017953 169935  169448
19.711655891 10167771594 3799723 155813  112280
19.714247046 10237160845 1088190 155778  155628
19.715961105 10255231723 1018091 169943  169479
19.722655153 10171575823 3804229 155813  112420
19.725249747 10238249329 1088484 155782  155620
19.727975297 10256249994 1018271 169956  169504
19.733669867 10175386057 3810234 155808  112587
19.736246498 10239337400 1088071 155791  155639
19.739961702 10257268296 1018302 169945  169504
19.744666229 10179196363 3810306 155815  112588
19.747249120 10240426052 1088652 155782  155629
19.751973601 10258286417 1018121 169937  169484
19.755680254 10182994202 3797839 155819  112233
19.758260618 10241514655 1088603 155798  155634
19.763972813 10259304574 1018157 169940  169504
19.766670358 10186796313 3802111 155813  112362
19.769258832 10242602719 1088064 155781  155621
19.775971884 10260322574 1018000 169939  169478
19.777655119 10190393187 3596874 147152  106304
19.780261260 10243691455 1088736 155785  155633
19.787932935 10194069258 3676071 150307  108617
19.787974490 10261340809 1018235 169946  169516
19.791259065 10244726355 1034900 155825  155212
19.798667054 10197878235 3808977 155814  112557
19.799960642 10262358864 1018055 169922  169476
19.802248543 10245744756 1018401 169967  168777
19.809660189 10201681370 3803135 155815  112387
19.811972674 10263376877 1018013 169937  169483
19.814245755 10246678419 933663 155783  155091
19.820668077 10205485110 3803740 155820  112407
19.823960626 10264395033 1018156 169951  169507
19.825257953 10247696927 1018508 169949  169475
19.831656328 10206766387 1281277 155784  148284
19.835962261 10265413301 1018268 169948  169506
19.837243278 10248715377 1018450 169959  169508
19.842659853 10207614708 848321 169945  169786
19.847960576 10266431320 1018019 169960  169476
19.849244943 10249733840 1018463 169935  169512
19.854644991 10208462899 848191 169940  169773
19.859975019 10267449249 1017929 169939  169479
19.861244258 10250752290 1018450 169939  169507
19.866643503 10209311190 848291 169950  169787
19.871961120 10268467378 1018129 169942  169501
19.873244274 10251770784 1018494 169949  169519
19.878656588 10210159471 848281 169952  169786
19.883972532 10269491366 1023988 169949  169466
19.885257036 10252789142 1018358 169930  169491
19.890654294 10211007712 848241 169943  169781
19.895965857 10270579735 1088369 155779  155607
19.897245648 10253807689 1018547 169941  169523
19.902656546 10214293842 3286130 153726  106385
19.906974986 10271667897 1088162 155773  155622
19.909244450 10254825918 1018229 169949  169484
19.913670484 10216535486 2241644 155799  136250
19.917964713 10272756416 1088519 155774  155615
19.921245435 10255844261 1018343 169935  169492
19.924662245 10217623676 1088190 155775  154720
19.928969018 10273844410 1087994 155773  155607
19.933266034 10256862718 1018457 169943  169504
19.935649076 10218712090 1088414 155776  155564
19.939994960 10274933223 1088813 155788  155635
19.945258052 10257881002 1018284 169953  169520
19.946648755 10219800161 1088071 155781  155615
19.950981734 10276021805 1088582 155779  155624
19.957245051 10258899303 1018301 169935  169514
19.957663959 10220888799 1088638 155782  155629
19.961979188 10277109946 1088141 155782  155616
19.968647580 10221977199 1088400 155774  155615
19.969244987 10259917657 1018354 169934  169514
19.972969189 10278198563 1088617 155779  155626
19.979662909 10223065396 1088197 155788  155634
19.981244412 10260935970 1018313 169938  169502
19.983966970 10279286753 1088190 155779  155619
19.990647833 10224153999 1088603 155787  155636
19.993258491 10261954508 1018538 169940  169517
19.994967386 10280375356 1088603 155790  155628
20.001646527 10225242119 1088120 155797  155642
20.005244892 10262972916 1018408 169946  169523
20.005966797 10281463840 1088484 155767  155614
20.012658913 10226330638 1088519 155777  155620
20.016983462 10282551982 1088142 155772  155612
20.017256611 10263991403 1018487 169938  169527
20.023661920 10227419004 1088366 155770  155620
20.027981852 10283640522 1088540 155790  155629
20.029257413 10265009914 1018511 169940  169540
20.034661205 10228507278 1088274 155778  155631
20.038966734 10284728607 1088085 155789  155627
20.041244361 10266028407 1018493 169943  169529
20.045652302 10229596042 1088764 155799  155642
20.049979242 10285817078 1088471 155773  155616
20.053244340 10267046588 1018181 169942  169492
20.056661494 10230684232 1088190 155791  155638
20.060968689 10286905569 1088491 155774  155616
20.065258223 10268065050 1018462 169938  169528
20.067653029 10231772807 1088575 155781  155629
20.071984178 10287993667 1088098 155780  155625
20.077257267 10269083485 1018435 169941  169527
20.078649863 10232860927 1088120 155781  155627
20.082992512 10289082278 1088611 155797  155644
20.089259990 10270206055 1122570 169932  169585
20.089666948 10233949684 1088757 155777  155626
20.093969620 10290170349 1088071 155783  155625
20.100661206 10235038161 1088477 155788  155627
20.101249275 10271294413 1088358 155767  155620
20.104982841 10291258952 1088603 155780  155625
20.111649980 10236126337 1088176 155780  155628
20.112263043 10272382512 1088099 155775  155621
20.115980353 10292347241 1088289 155784  155623
20.122646281 10237214989 1088652 155789  155637
20.123259621 10273471003 1088491 155777  155623
20.126977924 10293435647 1088406 155779  155623
20.133648182 10238302969 1087980 155784  155629
20.134248582 10274559228 1088225 155796  155648
20.137964842 10294524188 1088541 155793  155638
20.144658278 10239391684 1088715 155788  155639
20.145262970 10275647965 1088737 155795  155637
20.148977569 10295612259 1088071 155778  155607
20.155646585 10240480399 1088715 155784  155636
20.156259931 10276736583 1088618 155789  155642
20.159979868 10296700764 1088505 155779  155619
20.166658293 10241568505 1088106 155786  155624
20.167262996 10277824809 1088226 155781  155636
20.170977618 10297788946 1088182 155774  155624
20.177659962 10242657115 1088610 155789  155637
20.178250644 10278913391 1088582 155787  155637
20.181966057 10298753617 964671 155794  154699
20.188646963 10243745165 1088050 155769  155616
20.189262832 10280001707 1088316 155800  155650
20.192965521 10299686950 933333 155783  154844
20.199670758 10244779320 1034155 155790  155234
20.200259256 10281090296 1088589 155781  155623
20.203975402 10300705020 1018070 169942  169280
20.210660138 10245797669 1018349 169960  168792
20.211247121 10282178732 1088436 155780  155622
20.215974948 10301723131 1018111 169938  169466
20.222265979 10283266929 1088197 155806  155648
20.222644647 10246815838 1018169 169935  169179
20.227983293 10302741183 1018052 169935  169470
20.233261234 10284355567 1088638 155785  155622
20.234643839 10247834208 1018370 169947  169464
20.239975845 10303759262 1018079 169937  169471
20.244248005 10285443603 1088036 155782  155627
20.246656215 10248852754 1018546 169963  169534
20.251962240 10304777215 1017953 169937  169446
20.255260692 10286532059 1088456 155789  155636
20.258655990 10249871258 1018504 169948  169520
20.263962472 10305795414 1018199 169950  169483
20.266261128 10287620802 1088743 155783  155630
20.270642922 10250889818 1018560 169948  169531
20.275972537 10306813532 1018118 169940  169482
20.277248172 10288708887 1088085 155789  155633
20.282644403 10251908095 1018277 169931  169495
20.287975833 10307831551 1018019 169935  169455
20.288262683 10289797525 1088638 155780  155622
20.294645189 10252926111 1018016 169938  169473
20.299261695 10290885533 1088008 155773  155623
20.299961488 10308849666 1018115 169935  169469
20.306645154 10253944333 1018222 169937  169494
20.310250465 10291974178 1088645 155788  155637
20.311962863 10309867762 1018096 169945  169475
20.318643436 10254962569 1018236 169937  169498
20.321259387 10293062781 1088603 155779  155621
20.323973722 10310885746 1017984 169941  169463
20.330642758 10255980828 1018259 169937  169497
20.332246045 10294150999 1088218 155784  155631
20.335972787 10311903798 1018052 169936  169488
20.342644451 10256998852 1018024 169943  169480
20.343246309 10295239666 1088667 155783  155627
20.347974056 10312921853 1018055 169950  169494
20.354246771 10296327758 1088092 155773  155619
20.354666226 10258017134 1018282 169938  169496
20.359972788 10313939857 1018004 169947  169477
20.365259642 10297416396 1088638 155784  155633
20.366644954 10259034961 1017827 169931  169457
20.371962426 10314958182 1018325 169961  169523
20.376269387 10298436866 1020470 155798  155098
20.378644553 10260053135 1018174 169933  169500
20.383970425 10315976399 1018217 169952  169519
20.387248314 10299370427 933561 155793  154713
20.390645445 10261071394 1018259 169940  169516
20.395963023 10316994412 1018013 169939  169469
20.398258473 10300388950 1018523 169942  169211
20.402654920 10262089761 1018367 169945  169531
20.407959578 10318012712 1018300 169946  169519
20.410257004 10301407415 1018465 169933  169474
20.414645899 10263108050 1018289 169951  169530
20.419974351 10319030875 1018163 169927  169492
20.422245356 10302425890 1018475 169948  169525
20.426655101 10264126337 1018287 169947  169522
20.431974543 10320049068 1018193 169945  169499
20.434245488 10303444263 1018373 169937  169503
20.438657136 10265144308 1017971 169939  169486
20.443961624 10321067390 1018322 169938  169510
20.446260090 10304462576 1018313 169946  169498
20.450657475 10266162567 1018259 169950  169511
20.455962076 10322085537 1018147 169927  169490
20.458260339 10305480373 1017797 169931  169421
20.462643840 10267180796 1018229 169950  169522
20.467972345 10323098262 1012725 168384  167825
20.470245727 10306498587 1018214 169948  169499
20.474656486 10268199079 1018283 169962  169529
20.482244433 10307516936 1018349 169955  169512
20.486656941 10269217298 1018219 169944  169519
20.494256972 10308535225 1018289 169948  169500
20.495083347 10323099449 1187 60  1
20.498656863 10270354894 1137596 169947  169622
20.506245386 10309553502 1018277 169953  169502
20.510237574 10323100768 1319 92  2
20.510676225 10271443095 1088201 155781  155619
20.518246149 10310571821 1018319 169954  169508
20.521664784 10272531753 1088658 155782  155618
20.522398361 10323101955 1187 58  0
20.530257364 10311589673 1017852 169930  169448
20.532660558 10273619587 1087834 155766  155608
20.538238357 10323105258 3303 217  88
20.542259160 10312608090 1018417 169944  169515
20.543665222 10274708289 1088702 155787  155634
20.554255708 10313626187 1018097 169943  169497
20.554659387 10275796717 1088428 155785  155629
20.565661245 10276884795 1088078 155772  155620
20.566246774 10314644344 1018157 169936  169501
20.576647423 10277973349 1088554 155775  155618
20.578244252 10315662351 1018007 169933  169474
20.587648981 10279061484 1088135 155782  155619
20.590259734 10316680598 1018247 169946  169513
20.598661043 10280149968 1088484 155782  155621
20.602257763 10317698592 1017994 169945  169483
20.609649710 10281238550 1088582 155796  155640
20.614245018 10318716821 1018229 169947  169519
20.620660925 10282326607 1088057 155776  155618
20.626245287 10319735019 1018198 169938  169503
20.631666416 10283415267 1088660 155782  155627
20.638257839 10320753092 1018073 169930  169487
20.642661473 10284503429 1088162 155786  155634
20.650256797 10321771207 1018115 169944  169497
20.653651519 10285592032 1088603 155779  155625
20.662244629 10322789378 1018171 169937  169512
20.664664220 10286680558 1088526 155797  155645
20.674256867 10323119954 330576 54422  54087
20.675666498 10287768756 1088198 155785  155625
20.686648939 10288857276 1088520 155775  155620
20.693261445 10323121141 1187 54  0
20.697664470 10289945403 1088127 155766  155615
20.708274009 10323122460 1319 95  3
20.708649021 10291034069 1088666 155791  155643
20.719649109 10292122647 1088578 155792  155636
20.724304708 10323123647 1187 56  0
20.730648181 10293210819 1088172 155787  155627
20.738156023 10323126926 3279 219  63
20.741661672 10294299374 1088555 155778  155622
20.752646486 10295387361 1087987 155777  155620
20.763648968 10296475930 1088569 155794  155641
20.774659093 10297564331 1088401 155777  155624
20.785647084 10298570495 1006164 155796  155015
20.796646818 10299504218 933723 155795  154812
20.807666980 10300522495 1018277 169942  169185
20.819657118 10301540680 1018185 169943  169455
20.831643074 10302559003 1018323 169947  169505
20.843644596 10303577070 1018067 169936  169478
20.855655317 10304595443 1018373 169953  169519
20.867644493 10305613654 1018211 169950  169504
20.879643372 10306632066 1018412 169944  169515
20.891644627 10307650328 1018262 169951  169507
20.903643996 10308668752 1018424 169942  169499
20.915656705 10309686891 1018139 169950  169484
20.927645003 10310705261 1018370 169940  169505
20.939642718 10311723485 1018224 169950  169518
20.951654857 10312741510 1018025 169943  169501
20.963665110 10313759612 1018102 169939  169492
20.975645094 10314777877 1018265 169942  169526
20.987644323 10315795937 1018060 169937  169484
20.999656738 10316814112 1018175 169936  169508
21.011655960 10317832298 1018186 169940  169511
21.023646166 10318850479 1018181 169953  169517
21.035657334 10319868666 1018187 169939  169504
21.047656626 10320886973 1018307 169942  169529
21.059645562 10321904833 1017860 169933  169460
21.071656381 10322923059 1018226 169951  169514
21.083657309 10323165687 242628 39685  39441
21.101712283 10323166874 1187 55  0
21.116709214 10323168193 1319 93  4
21.132172043 10323169380 1187 55  0
21.144812353 10323172659 3279 210  72
