0.010110476 50110948 50110948 8704  71
0.024007144 126582741 76471793 324  11
0.039951053 195810709 69227968 336  20
0.054689133 196497024 686315 85027  37520
0.066690795 198082267 1585243 74552  47767
0.078684083 199956972 1874705 84993  61930
0.090673702 201911426 1954454 85005  58492
0.102683981 203927615 2016189 84992  58739
0.114683546 205879679 1952064 84987  59222
0.126671227 207824215 1944536 84985  58811
0.138670446 209774149 1949934 84991  59929
0.150683304 211727821 1953672 84986  60147
0.162684816 213675329 1947508 84987  59565
0.174671692 215627106 1951777 84989  60493
0.186695077 217574676 1947570 85006  60172
0.198685382 219532253 1957577 84994  58657
0.210669841 221539444 2007191 84991  48690
0.222669863 223485089 1945645 84985  51026
0.234668498 225434504 1949415 84980  49468
0.246680140 227381549 1947045 84980  46785
0.258682766 229329835 1948286 84998  51152
0.270668220 231277024 1947189 85011  45371
0.282666649 233226645 1949621 84998  49332
0.294682614 235232459 2005814 85001  46030
0.306668143 237174348 1941889 84998  46321
0.318668185 239122804 1948456 84992  48181
0.330674303 241062984 1940180 84996  46012
0.342691149 243009856 1946872 84999  50053
0.354682794 244953005 1943149 84997  46643
0.366668849 246968981 2015976 84997  47602
0.378682888 248939956 1970975 85003  47084
0.390680180 250904111 1964155 85007  45697
0.402666672 252869371 1965260 85000  48266
0.414670580 254833052 1963681 84997  46859
0.426669425 256856066 2023014 84993  48361
0.438682591 258815633 1959567 84981  46670
0.450679616 260774020 1958387 85006  46230
0.462669961 262738883 1964863 85002  47556
0.474681993 264692989 1954106 84999  45240
0.486681068 266711153 2018164 85000  47423
0.498679967 268661916 1950763 84998  45519
0.510670846 270618614 1956698 84995  47678
0.522682461 272574260 1955646 84991  47153
0.534681713 274524796 1950536 85005  45999
0.546670122 276536205 2011409 84994  47357
0.558670287 278486614 1950409 84990  45475
0.570668865 280441742 1955128 84996  46832
0.582682791 282396665 1954923 84986  45802
0.594664329 284406462 2009797 84987  45515
0.606669354 286356056 1949594 85002  46555
0.618681893 288299339 1943283 84980  45142
0.630683778 290251527 1952188 84991  47270
0.642668827 292201015 1949488 84999  45535
0.654737696 294202590 2001575 84988  46174
0.666681781 296147325 1944735 84994  47620
0.678681863 298090421 1943096 84988  46641
0.690668628 300037577 1947156 84990  47800
0.702669653 302032817 1995240 84995  45561
0.714682432 303971782 1938965 84999  46250
0.726686237 305916309 1944527 84987  45946
0.738662638 307893008 1976699 84987  45330
0.750670178 309868190 1975182 85002  46521
0.762681336 311813030 1944840 85003  45209
0.774682544 313763767 1950737 84994  46499
0.786760252 315769729 2005962 85005  45890
0.798670372 317708722 1938993 84989  45845
0.810682217 319655945 1947223 84994  46866
0.822689426 321597125 1941180 84988  45289
0.834669551 323596123 1998998 84988  46662
0.846670190 325535748 1939625 84999  45629
0.858683345 327479583 1943835 84995  46643
0.870682280 329475253 1995670 85006  45941
0.882668945 331408813 1933560 84993  45411
0.894669667 333348121 1939308 84998  46331
0.906668445 335341445 1993324 85002  45387
0.918683521 337274455 1933010 84992  45533
0.930669819 339213446 1938991 85012  45660
0.942669905 341205280 1991834 84983  45266
0.954681340 343139949 1934669 85001  46572
0.966681482 345074986 1935037 85000  45190
0.978679814 347039183 1964197 84998  46152
0.990668809 348992384 1953201 85002  45560
1.002682015 350922352 1929968 84993  45506
1.014681927 352914568 1992216 84988  46522
1.026669151 354837190 1922622 84997  44538
1.038670253 356773674 1936484 84992  46627
1.050682676 358757776 1984102 84996  45375
1.062682284 360680371 1922595 84989  45745
1.074681472 362610692 1930321 84983  46204
1.086669034 364591936 1981244 85000  45163
1.098680963 366525944 1934008 85007  46379
1.110682385 368471598 1945654 85004  45171
1.122668904 370473396 2001798 84988  45428
1.134679459 372425097 1951701 84999  46015
1.146681491 374425932 2000835 84984  45555
1.158668026 376368386 1942454 84997  46566
1.170670171 378313691 1945305 84990  46061
1.182670289 380309476 1995785 84998  45581
1.194682339 382252040 1942564 84990  45966
1.206681874 384249853 1997813 84996  45372
1.218670422 386189592 1939739 85000  46383
1.230670351 388130015 1940423 84998  45430
1.242668689 390120616 1990601 85007  45873
1.254680738 392062337 1941721 84994  46508
1.266669287 394051275 1988938 85015  45925
1.278669465 395988643 1937368 85004  47052
1.290691834 397982787 1994144 85015  45451
1.302681949 399918069 1935282 84992  46569
1.314670635 401858264 1940195 84994  46209
1.326668362 403844189 1985925 84994  46159
1.338681232 405783347 1939158 84991  47274
1.350670010 407765746 1982399 85001  45723
1.362667465 409701821 1936075 85009  47329
1.374682800 411685696 1983875 84993  45855
1.386668702 413617448 1931752 84982  46765
1.398680444 415604509 1987061 84997  46375
1.410667850 417526149 1921640 84986  45680
1.422681258 419514053 1987904 85002  46867
1.434681540 421437475 1923422 84999  45768
1.446668119 423421862 1984387 84987  46579
1.458688711 425345009 1923147 85002  46462
1.470683056 427297076 1952067 85002  46435
1.482668231 429265101 1968025 85000  46703
1.494680917 431198567 1933466 85001  45940
1.506680792 433181748 1983181 84995  46264
1.518681613 435120081 1938333 84991  46223
1.530670165 437097546 1977465 84997  45768
1.542668317 439086116 1988570 84999  46751
1.554679233 441007340 1921224 84993  45938
1.566668221 442996068 1988728 84988  46720
1.578679610 444921385 1925317 84990  46230
1.590678982 446900439 1979054 84987  45987
1.602681054 448823789 1923350 84990  46459
1.614691039 450801937 1978148 85009  46235
1.626669994 452721654 1919717 85005  46279
1.638671562 454697591 1975937 85001  46208
1.650668841 456620903 1923312 85003  46761
1.662667386 458597612 1976709 85001  47138
1.674682888 460518413 1920801 85013  47128
1.686667937 462491188 1972775 84996  46668
1.698682749 464414596 1923408 84998  46941
1.710681311 466380438 1965842 85006  46191
1.722669543 468299835 1919397 84994  46813
1.734681445 470268429 1968594 85001  46228
1.746667177 472242647 1974218 84990  46580
1.758681622 474155800 1913153 85001  46717
1.770678168 476119450 1963650 84999  46285
1.782670722 478033774 1914324 85000  47277
1.794681195 479992151 1958377 85002  46041
1.806682687 481901524 1909373 84987  47074
1.818668868 483875829 1974305 84997  46380
1.830682343 485900902 2025073 84993  46919
1.843644222 488045241 2144339 92071  53576
1.855682899 490076085 2030844 84993  48999
1.867669331 492120674 2044589 84989  48688
1.879668738 494106058 1985384 84992  48472
1.891681264 496139366 2033308 84994  47230
1.903668912 498183190 2043824 85002  47862
1.915681128 500158221 1975031 85004  47143
1.927680156 502194101 2035880 85002  47031
1.939682732 504174383 1980282 84996  47440
1.951682000 506205089 2030706 85002  46830
1.963675149 508240155 2035066 84986  47677
1.975669891 510210698 1970543 85009  47115
1.987682290 512236519 2025821 84992  47126
1.999668642 514270558 2034039 84998  46948
2.011681160 516241203 1970645 84994  46777
2.023670426 518272035 2030832 84990  47111
2.035681268 520304907 2032872 85008  46692
2.047681692 522275241 1970334 84987  46864
2.059669717 524297476 2022235 84998  46645
2.071681413 526264306 1966830 84986  46910
2.083668948 528289601 2025295 84995  46955
2.095690003 530313134 2023533 84999  46107
2.107670889 532281321 1968187 85006  47127
2.119669121 534303827 2022506 84990  46464
2.131684109 536319530 2015703 85001  46305
2.143682295 538348667 2029137 85005  47468
2.155669896 540305489 1956822 84988  46440
2.167680605 542321040 2015551 84997  46972
2.179683784 544342562 2021522 85004  47229
2.191680615 546303849 1961287 84997  46512
2.203669290 548330313 2026464 84994  47241
2.215669076 550356353 2026040 84997  46228
2.227682501 552322331 1965978 84999  47006
2.239669563 554340140 2017809 84989  46750
2.251689212 556355465 2015325 84999  46218
2.263670490 558321765 1966300 85004  47347
2.275679606 560336764 2014999 84989  46039
2.287683468 562349417 2012653 85000  46588
2.299669133 564371710 2022293 84995  47555
2.311670274 566325019 1953309 84998  46201
2.323681704 568337593 2012574 84995  47169
2.335668891 570352221 2014628 84998  46999
2.347669737 572310356 1958135 84992  47134
2.359670279 574319334 2008978 84995  47618
2.371682804 576328591 2009257 84997  46347
2.383681303 578342645 2014054 84981  47027
2.395682715 580360699 2018054 85006  47425
2.407691090 582309888 1949189 85002  46884
2.419669995 584317528 2007640 84985  47511
2.431682207 586322804 2005276 84991  47212
2.443668539 588334301 2011497 84986  47471
2.455668984 590284148 1949847 84996  47390
2.467682253 592286590 2002442 84980  47104
2.479681472 594290585 2003995 84998  47736
2.491669210 596293909 2003324 84985  47828
2.503668925 598241898 1947989 84997  47535
2.515669844 600245627 2003729 85003  47559
2.527682199 602240722 1995095 84989  47234
2.539670301 604247616 2006894 84993  47590
2.551681106 606275448 2027832 84991  47337
2.563678985 608241088 1965640 84987  47743
2.575669480 610263116 2022028 85010  47544
2.587668848 612277325 2014209 84997  47224
2.599668554 614299997 2022672 84988  47906
2.611681573 616319427 2019430 85000  47002
2.623682745 618280369 1960942 84997  47594
2.635681110 620295700 2015331 84990  47578
2.647683751 622307696 2011996 84987  47125
2.659682197 624323968 2016272 85000  48040
2.671677592 626338058 2014090 84998  47704
2.683669197 628351405 2013347 85003  47865
2.695669466 630307308 1955903 84984  48560
2.707682515 632310296 2002988 85002  47011
2.719668690 634318938 2008642 84980  47827
2.731691905 636334446 2015508 85001  48102
2.743681634 638342558 2008112 84995  47440
2.755680382 640354216 2011658 84998  47969
2.767670550 642305781 1951565 84980  47576
2.779668809 644310771 2004990 85005  47335
2.791682062 646317911 2007140 84996  48004
2.803668300 648319343 2001432 84990  47176
2.815670515 650326268 2006925 84989  47997
2.827669564 652330388 2004120 84983  47480
2.839667956 654331984 2001596 85006  47690
2.851680821 656336783 2004799 85004  47838
2.863680786 658280051 1943268 84990  47337
2.875682145 660280754 2000703 84991  47776
2.887688450 662278978 1998224 85003  47041
2.899671172 664282687 2003709 85002  47493
2.911668917 666293177 2010490 84978  48117
2.923668962 668294022 2000845 85007  47042
2.935668371 670301186 2007164 85000  47936
2.947682716 672310366 2009180 84995  48000
2.959668768 674309822 1999456 84991  47450
2.971681667 676311934 2002112 85000  48067
2.983686485 678316472 2004538 84994  48078
2.995680267 680318523 2002051 84998  47728
3.007680043 682318145 1999622 84989  47802
3.019669474 684261151 1943006 84998  47685
3.031670533 686258118 1996967 84982  48016
3.043678502 688253240 1995122 84998  47323
3.055668973 690246478 1993238 84988  47600
3.067681659 692239187 1992709 85004  47794
3.079683040 694233225 1994038 84986  47313
3.091679056 696229750 1996525 84982  47871
3.103669284 698226545 1996795 84984  47634
3.115669683 700221601 1995056 84997  47447
3.127682378 702215868 1994267 84991  48308
3.139669054 704201748 1985880 84990  47212
3.151669982 706192969 1991221 84988  47253
3.163669214 708186359 1993390 84998  48142
3.175665616 710169994 1983635 84987  47480
3.187682095 712157808 1987814 84985  48307
3.199684430 714145111 1987303 85004  47772
3.211681662 716129721 1984610 84982  47902
3.223682127 718114099 1984378 84997  48217
3.235670895 720098158 1984059 85000  47431
3.247668664 722107926 2009768 85007  48044
3.259668763 724138724 2030798 84996  47645
3.271669428 726171746 2033022 84988  47420
3.283682027 728208159 2036413 84995  48512
3.295668972 730239943 2031784 85004  47789
3.307681857 732270532 2030589 84998  47485
3.319681386 734303539 2033007 85000  48252
3.331683388 736331520 2027981 84991  47807
3.343680523 738362724 2031204 84987  48222
3.355669064 740389864 2027140 84988  47539
3.367688164 742420320 2030456 84996  48101
3.379669108 744445702 2025382 84984  48453
3.391668370 746467669 2021967 85012  48005
3.403682129 748494623 2026954 84997  48430
3.415667004 750576602 2081979 84999  48004
3.427661406 752598253 2021651 84991  47824
3.439681398 754623795 2025542 84985  48350
3.451682547 756647987 2024192 85004  47911
3.463681182 758669948 2021961 85001  47949
3.475668857 760690392 2020444 84995  48364
3.487669732 762707092 2016700 85004  48161
3.499670461 764730154 2023062 85004  48774
3.511668056 766747070 2016916 85014  47613
3.523691852 768763136 2016066 84988  48283
3.535669130 770783233 2020097 84993  48667
3.547681622 772797638 2014405 85009  47663
3.559681427 774851837 2054199 84988  48037
3.571669836 776880764 2028927 84998  48303
3.583683068 778888973 2008209 85002  48267
3.595680990 780904803 2015830 84979  48706
3.607670042 782926424 2021621 85007  47958
3.619669783 784949361 2022937 84986  48409
3.631669912 786967862 2018501 84990  48638
3.643681001 788981283 2013421 85003  47990
3.655681636 791000057 2018774 85003  48848
3.667679524 793072529 2072472 84995  48617
3.679753482 795082678 2010149 84996  48450
3.691672248 797098723 2016045 84998  49028
3.703681107 799115220 2016497 85011  48740
3.715670512 801127573 2012353 84995  48265
3.727669641 803139970 2012397 84988  48578
3.739682756 805201534 2061564 84991  47943
3.751667868 807208463 2006929 84983  48433
3.763669126 809215316 2006853 84994  48353
3.775680319 811222127 2006811 84985  48101
3.787669720 813233781 2011654 84988  49061
3.799681945 815240612 2006831 84996  48535
3.811669607 817302592 2061980 85009  48139
3.823669659 819305706 2003114 85011  48591
3.835669335 821309284 2003578 84987  48734
3.847676613 823316505 2007221 84974  49212
3.859671122 825320213 2003708 84997  48302
3.871669941 827376749 2056536 84989  48354
3.883682959 829375207 1998458 85000  49108
3.895681681 831374922 1999715 84993  48846
3.907670329 833376369 2001447 84987  48760
3.919681619 835378079 2001710 84987  49073
3.931682393 837424660 2046581 84991  48427
3.943670235 839433620 2008960 84996  49011
3.955669277 841458256 2024636 84989  48101
3.967668869 843478424 2020168 84985  48868
3.979681371 845554495 2076071 84991  49385
3.991681953 847571135 2016640 84997  48659
4.003677482 849588387 2017252 84990  49092
4.015682260 851605330 2016943 84993  49083
4.027670449 853675450 2070120 84994  48696
4.039681711 855692495 2017045 84983  49286
4.051668056 857706161 2013666 85001  48259
4.063681575 859715811 2009650 84990  48812
4.075682279 861784051 2068240 84993  49159
4.087682368 863791050 2006999 85004  48469
4.099668010 865799939 2008889 84994  48493
4.111681375 867811756 2011817 84989  49164
4.123680844 869875125 2063369 84999  48324
4.135682293 871890645 2015520 84988  49302
4.147681385 873898133 2007488 85005  48176
4.159678830 875962879 2064746 84998  48716
4.171682035 877967684 2004805 84993  49331
4.183668580 879971946 2004262 85008  48898
4.195681869 881978695 2006749 85002  49122
4.207669664 884036737 2058042 84990  49129
4.219681709 886037277 2000540 84993  48697
4.231669314 888045443 2008166 84995  49529
4.243670966 890103080 2057637 84995  48611
4.255667755 892102290 1999210 84992  49068
4.267668380 894102432 2000142 84989  49530
4.279681132 896157894 2055462 84992  49162
4.291668834 898159315 2001421 85000  49454
4.303681036 900165758 2006443 85000  49112
4.315676725 902226300 2060542 84995  48970
4.327670567 904235686 2009386 85000  50107
4.339669198 906242410 2006724 84993  49310
4.351681503 908297429 2055019 84998  48919
4.363668955 910299636 2002207 84997  49329
4.375681101 912302704 2003068 84991  49038
4.387681816 914357065 2054361 84993  49469
4.399681235 916356714 1999649 85010  49946
4.411669053 918355576 1998862 84994  49167
4.423668019 920404966 2049390 84995  49284
4.435667787 922402362 1997396 84990  49570
4.447669716 924453610 2051248 84993  49854
4.459681228 926450556 1996946 84991  50565
4.471668809 928448184 1997628 84983  49562
4.483690459 930497554 2049370 84986  49450
4.495670700 935714887 5217333 77896  18214
4.506667894 940906491 5191604 77900  15974
4.517668835 946113176 5206685 77900  17061
4.528668959 951304357 5191181 77910  17164
4.539680277 956495169 5190812 77894  18639
4.550668617 961689453 5194284 77906  16395
4.561681729 966874686 5185233 77894  16196
4.572667730 972063764 5189078 77907  16948
4.583680744 977260649 5196885 77904  16937
4.594666794 982447974 5187325 77912  16416
4.605669073 987639779 5191805 77900  16492
4.616666453 992829494 5189715 77900  16397
4.627687365 998023237 5193743 77895  16536
4.638682062 1003209670 5186433 77898  16406
4.649682153 1008404687 5195017 77904  16327
4.660682017 1013592175 5187488 77894  16290
4.671679545 1018779045 5186870 77904  16566
4.682668893 1023967264 5188219 77899  16349
4.693669853 1029152489 5185225 77891  16305
4.704682361 1034348777 5196288 77901  15944
4.715668661 1039544287 5195510 77904  15928
4.726681640 1044741533 5197246 77904  16168
4.737667500 1049933848 5192315 77908  16204
4.748679101 1055126308 5192460 77902  16192
4.759682769 1060316256 5189948 77897  15680
4.770677027 1065503573 5187317 77903  15816
4.781670394 1070705795 5202222 77908  16279
4.792668468 1075878403 5172608 77908  16186
4.803683409 1081061369 5182966 77905  16529
4.814680297 1086243836 5182467 77896  16180
4.825680578 1091429174 5185338 77906  16227
4.836680775 1096634439 5205265 77903  16317
4.847682820 1101806165 5171726 77904  16123
4.858668591 1107138213 5332048 84968  19704
4.870668179 1113181912 6043699 84985  16062
4.882680955 1118366516 5184604 77904  15855
4.893680712 1123561653 5195137 77906  16153
4.904678753 1128759335 5197682 77901  16057
4.915676820 1134244375 5485040 84975  19714
4.927681899 1139590520 5346145 77911  16098
4.938667006 1144682650 5092130 77897  15950
4.949681184 1150255339 5572689 84987  19527
4.961666520 1155640190 5384851 77902  16215
4.972669074 1161150558 5510368 84982  17509
4.984666382 1166835477 5684919 84991  18160
4.996681544 1172705166 5869689 84997  15916
5.008666875 1177984859 5279693 77891  16296
5.019667410 1183253284 5268425 77901  16011
5.030668641 1188502959 5249675 77897  16465
5.041668892 1193776435 5273476 77901  16024
5.052666326 1198963747 5187312 77910  15809
5.063667214 1204002179 5038432 77894  15981
5.074679918 1209723347 5721168 84990  16825
5.086671167 1215164937 5441590 84975  18637
5.098669022 1221243361 6078424 84992  16040
5.110681347 1226441708 5198347 77915  15860
5.121680985 1231516512 5074804 77894  16036
5.132667959 1236706022 5189510 77909  16066
5.143666950 1242442764 5736742 84982  16640
5.155681702 1247848363 5405599 84977  18879
5.167680181 1253989482 6141119 84980  15679
5.179668732 1259249775 5260293 77906  15869
5.190680870 1264516622 5266847 77910  15798
5.201680904 1269769203 5252581 77894  16113
5.212666895 1274972589 5203386 77899  16033
5.223676292 1280082162 5109573 77896  15824
5.234669301 1285286587 5204425 77905  15934
5.245668965 1290996733 5710146 84978  16851
5.257682277 1296656717 5659984 84977  18028
5.269680685 1302533665 5876948 84984  15886
5.281681877 1307810267 5276602 77908  15762
5.292667475 1313083422 5273155 77889  15868
5.303680165 1318342283 5258861 77908  15984
5.314682227 1323603260 5260977 77891  16161
5.325668730 1328864311 5261051 77905  15861
5.336680768 1334130913 5266602 77899  15972
5.347679349 1339419710 5288797 77905  15959
5.358681134 1344692423 5272713 77910  16256
5.369691341 1349963374 5270951 77897  16014
5.380667255 1355217180 5253806 77900  15913
5.391668926 1360413325 5196145 77902  15822
5.402670677 1365601249 5187924 77911  15893
5.413681958 1370795583 5194334 77901  16230
5.424668832 1375998512 5202929 77893  16143
5.435669523 1381710869 5712357 84980  17079
5.447681245 1387379925 5669056 84980  17900
5.459666637 1393251317 5871392 84992  15834
5.471667349 1398520739 5269422 77899  16146
5.482668523 1403788568 5267829 77906  15995
5.493679735 1409059652 5271084 77895  16050
5.504667828 1414325929 5266277 77907  15695
5.515676593 1419593019 5267090 77907  15773
5.526681667 1424864279 5271260 77907  16198
5.537678732 1430132204 5267925 77898  16036
5.548682119 1435395168 5262964 77894  16259
5.559668983 1440667837 5272669 77911  15863
5.570682270 1445942013 5274176 77893  15644
5.581667731 1451215732 5273719 77900  15933
5.592669463 1456479487 5263755 77905  16007
5.603675407 1461741645 5262158 77894  16267
5.614667374 1467004329 5262684 77911  16359
5.625681312 1472298704 5294375 77898  16090
5.636680846 1477574392 5275688 77895  16314
5.647682757 1482826856 5252464 77907  16237
5.658667928 1488044612 5217756 77903  16341
5.669688579 1493118649 5074037 77890  16016
5.680682030 1498745999 5627350 84983  17184
5.692666905 1504427994 5681995 84981  18382
5.704682077 1510314568 5886574 84979  16348
5.716681209 1515776839 5462271 84980  19205
5.728681631 1521858745 6081906 85002  16050
5.740679959 1527132451 5273706 77903  15811
5.751670546 1532410706 5278255 77895  16032
5.762679278 1537667765 5257059 77897  15965
5.773667072 1542941157 5273392 77896  15992
5.784680956 1548207181 5266024 77911  15651
5.795680311 1553481117 5273936 77895  15752
5.806678675 1558751609 5270492 77908  15909
5.817688199 1564011220 5259611 77906  16322
5.828682670 1569270341 5259121 77902  16015
5.839678945 1574520519 5250178 77906  15985
5.850667575 1579784338 5263819 77896  15862
5.861668609 1585056347 5272009 77904  15955
5.872670143 1590325667 5269320 77900  16071
5.883667314 1595585790 5260123 77884  15911
5.894668239 1600851477 5265687 77902  15890
5.905682243 1606113592 5262115 77912  15542
5.916667104 1611380440 5266848 77897  15723
5.927680135 1616663345 5282905 77907  16042
5.938668112 1621922855 5259510 77902  15726
5.949679023 1627191165 5268310 77904  16079
5.960677434 1632457281 5266116 77903  15740
5.971667995 1637724428 5267147 77896  15608
5.982681266 1642990890 5266462 77891  15916
5.993669944 1648256132 5265242 77898  15746
6.004666944 1653515981 5259849 77900  15900
6.015668856 1658777894 5261913 77910  15877
6.026681260 1664044213 5266319 77898  15762
6.037679064 1669319665 5275452 77899  15953
6.048680838 1674575472 5255807 77906  15877
6.059668766 1679832168 5256696 77891  16033
6.070679814 1685101115 5268947 77898  15702
6.081677004 1690373736 5272621 77895  15764
6.092681425 1695638634 5264898 77915  15709
6.103688850 1700896151 5257517 77904  16205
6.114684784 1706139912 5243761 77907  15898
6.125683515 1711392471 5252559 77900  15815
6.136669942 1716668505 5276034 77903  15714
6.147667139 1721951924 5283419 77899  15710
6.158668121 1727221846 5269922 77893  15916
6.169680698 1732483547 5261701 77889  15857
6.180669052 1737740602 5257055 77892  15797
6.191681637 1742996295 5255693 77905  15425
6.202681581 1748257055 5260760 77894  15483
6.213681382 1753532867 5275812 77906  15963
6.224680299 1758790361 5257494 77895  15663
6.235666564 1764031550 5241189 77897  16026
6.246680822 1769302578 5271028 77899  15570
6.257677129 1774571818 5269240 77908  15559
6.268668003 1779839051 5267233 77905  15718
6.279667001 1785096480 5257429 77894  15622
6.290682842 1790348552 5252072 77900  15777
6.301680403 1795611959 5263407 77900  15700
6.312667360 1800874670 5262711 77901  15550
6.323668328 1806145083 5270413 77900  15878
6.334669372 1811398863 5253780 77900  15839
6.345668566 1816665692 5266829 77898  16064
6.356667230 1821931341 5265649 77892  15755
6.367681859 1827205941 5274600 77897  15694
6.378668369 1832473491 5267550 77900  15688
6.389679837 1837743921 5270430 77895  15949
6.400677507 1843003779 5259858 77897  15740
6.411681426 1848271387 5267608 77909  15785
6.422668793 1853538353 5266966 77900  15639
6.433681177 1858802868 5264515 77899  15785
6.444667761 1864064806 5261938 77899  15930
6.455670106 1869327805 5262999 77904  16026
6.466679663 1874590293 5262488 77893  16140
6.477682337 1880008163 5417870 84976  18650
6.489679899 1886152243 6144080 84987  15897
6.501679961 1891422072 5269829 77904  15829
6.512678115 1896670139 5248067 77901  15875
6.523668226 1901929367 5259228 77897  16010
6.534667717 1907177955 5248588 77900  15493
6.545676348 1912443271 5265316 77906  15638
6.556680099 1917722774 5279503 77903  15983
6.567680964 1922975217 5252443 77908  15789
6.578667327 1928226681 5251464 77902  16179
6.589668365 1933496512 5269831 77908  15697
6.600669093 1938758444 5261932 77902  15597
6.611679211 1944022604 5264160 77893  15743
6.622667894 1949276134 5253530 77907  15605
6.633681576 1954530729 5254595 77896  15845
6.644680290 1959783930 5253201 77903  15763
6.655680727 1965050232 5266302 77906  15583
6.666665582 1970314165 5263933 77905  15863
6.677681606 1975562102 5247937 77896  15836
6.688687717 1980813730 5251628 77894  15900
6.699667164 1986077262 5263532 77902  15593
6.710680432 1991341096 5263834 77916  15660
6.721669213 1996609590 5268494 77903  15765
6.732668577 2001866747 5257157 77906  16145
6.743669274 2007118446 5251699 77897  15799
6.754682456 2012370786 5252340 77890  15694
6.765669727 2017640857 5270071 77898  15587
6.776679074 2022899283 5258426 77902  15703
6.787681112 2028165011 5265728 77907  15692
6.798668280 2033412878 5247867 77898  15811
6.809669124 2038672668 5259790 77895  15794
6.820679254 2043922799 5250131 77897  15498
6.831680949 2049185539 5262740 77905  15704
6.842676447 2054452297 5266758 77909  15948
6.853680497 2059703492 5251195 77906  15848
6.864679261 2064951148 5247656 77894  16098
6.875669465 2070208969 5257821 77907  15754
6.886668787 2075467814 5258845 77904  15663
6.897681458 2080732173 5264359 77901  15692
6.908669158 2085980697 5248524 77903  15715
6.919669736 2091225051 5244354 77890  15883
6.930678747 2096474108 5249057 77900  15795
6.941669635 2101741138 5267030 77899  15547
6.952678869 2107011921 5270783 77906  15763
6.963680014 2112259512 5247591 77900  15797
6.974679014 2117495691 5236179 77901  15742
6.985678352 2122763476 5267785 77893  15540
6.996668759 2128027117 5263641 77908  15563
7.007667246 2133288133 5261016 77903  15575
7.018669957 2138540993 5252860 77904  15998
7.029681752 2143794317 5253324 77905  15580
7.040681379 2149040638 5246321 77895  15575
7.051669450 2154298971 5258333 77899  15474
7.062669955 2159553807 5254836 77897  15510
7.073669656 2164810315 5256508 77893  15675
7.084661923 2170058065 5247750 77898  15688
7.095670020 2175307574 5249509 77912  15904
7.106669619 2180548790 5241216 77901  15417
7.117668049 2185806622 5257832 77902  15444
7.128676213 2191073913 5267291 77918  15860
7.139681185 2196327016 5253103 77897  15852
7.150667556 2201572932 5245916 77895  15841
7.161680393 2206835561 5262629 77910  15583
7.172680314 2212089583 5254022 77897  15484
7.183669674 2217360132 5270549 77903  15626
7.194667133 2222612838 5252706 77899  15603
7.205680303 2227847949 5235111 77898  15727
7.216680877 2233100363 5252414 77900  15622
7.227679272 2238360039 5259676 77904  15447
7.238679700 2243620101 5260062 77901  15711
7.249681097 2248861225 5241124 77898  15765
7.260680664 2254105549 5244324 77891  15775
7.271666855 2259362555 5257006 77915  15574
7.282688993 2264623841 5261286 77902  15472
7.293681587 2269882140 5258299 77897  15560
7.304682065 2275120770 5238630 77898  15911
7.315680649 2280359417 5238647 77892  15585
7.326668224 2285604630 5245213 77899  15776
7.337680801 2290877657 5273027 77900  15544
7.348680022 2296134739 5257082 77898  15645
7.359668733 2301394980 5260241 77901  15903
7.370666934 2306632530 5237550 77899  15947
7.381667295 2311879249 5246719 77905  15685
7.392666875 2317120083 5240834 77900  15425
7.403668769 2322377524 5257441 77893  15416
7.414681214 2327636831 5259307 77894  15791
7.425677012 2332883615 5246784 77904  15672
7.436667416 2338112886 5229271 77902  16003
7.447681984 2343370880 5257994 77903  15531
7.458669857 2348621654 5250774 77908  15652
7.469667135 2353877990 5256336 77900  15764
7.480682066 2359121556 5243566 77897  15571
7.491670233 2364355525 5233969 77897  15601
7.502667814 2369607809 5252284 77901  15523
7.513680169 2374866915 5259106 77899  15339
7.524681253 2380126527 5259612 77906  15679
7.535669017 2385363578 5237051 77903  15668
7.546667495 2390598414 5234836 77902  15671
7.557681259 2395854312 5255898 77928  15476
7.568676630 2401115785 5261473 77895  15434
7.579670668 2406370826 5255041 77907  15588
7.590680619 2411609648 5238822 77900  15878
7.601669956 2416851422 5241774 77896  15488
7.612679354 2422098292 5246870 77907  15582
7.623667634 2427351066 5252774 77897  15269
7.634681546 2432597996 5246930 77899  15570
7.645681767 2437852286 5254290 77899  15773
7.656681057 2443089929 5237643 77907  15836
7.667667861 2448337141 5247212 77899  15861
7.678680183 2453579553 5242412 77899  15439
7.689681304 2458829901 5250348 77897  15411
7.700679041 2464082883 5252982 77909  15760
7.711678772 2469318819 5235936 77901  15621
7.722681733 2474543601 5224782 77899  15909
7.733680877 2479803432 5259831 77906  15562
7.744670021 2485052210 5248778 77908  15445
7.755668245 2490306556 5254346 77903  15584
7.766680840 2495543189 5236633 77901  15442
7.777679631 2500784159 5240970 77897  15680
7.788682365 2506027333 5243174 77905  15522
7.799680687 2511273237 5245904 77910  15366
7.810678897 2516520274 5247037 77905  15575
7.821668218 2521758424 5238150 77903  15529
7.832678752 2526989223 5230799 77905  15833
7.843666933 2532244438 5255215 77911  15535
7.854676961 2537494859 5250421 77894  15583
7.865681638 2542737804 5242945 77900  15542
7.876668362 2547977414 5239610 77886  15910
7.887668626 2553208733 5231319 77902  15610
7.898667904 2558444811 5236078 77904  15524
7.909670682 2563711947 5267136 77916  15408
7.920667883 2568965027 5253080 77913  15460
7.931667363 2574226769 5261742 77909  15708
7.942680515 2579475981 5249212 77903  15760
7.953668122 2584727249 5251268 77890  15716
7.964681316 2589981377 5254128 77892  15254
7.975667347 2595248554 5267177 77896  15318
7.986669462 2600521391 5272837 77910  15720
7.997680389 2605774556 5253165 77901  15384
8.008686700 2611017345 5242789 77897  15795
8.019682515 2616289171 5271826 77906  15459
8.030669766 2621550712 5261541 77896  15387
8.041669736 2626815030 5264318 77900  15592
8.052669107 2632067864 5252834 77897  15451
8.063682495 2637317407 5249543 77892  15691
8.074680246 2642570913 5253506 77904  15625
8.085680370 2647832763 5261850 77906  15406
8.096667217 2653101784 5269021 77891  15583
8.107680546 2658343223 5241439 77890  15646
8.118668553 2663591604 5248381 77896  15591
8.129681970 2668861435 5269831 77903  15522
8.140679438 2674125102 5263667 77917  15494
8.151677425 2679376800 5251698 77913  15507
8.162668763 2684629312 5252512 77902  15946
8.173681684 2689877829 5248517 77895  15573
8.184668928 2695136071 5258242 77909  15610
8.195666979 2700397610 5261539 77901  15380
8.206682427 2705657197 5259587 77902  15372
8.217669641 2710916872 5259675 77896  15552
8.228669602 2716162991 5246119 77899  15597
8.239666609 2721421473 5258482 77901  15683
8.250681034 2726664578 5243105 77901  15326
8.261668318 2731927488 5262910 77897  15320
8.272680195 2737184145 5256657 77912  15598
8.283679429 2742425315 5241170 77898  15453
8.294678648 2747664997 5239682 77893  15770
8.305682125 2752930457 5265460 77899  15359
8.316666756 2758192924 5262467 77900  15514
8.327681564 2763452856 5259932 77904  15608
8.338666204 2768686250 5233394 77902  15620
8.349682822 2773923152 5236902 77896  15833
8.360667506 2779162683 5239531 77905  15762
8.371682611 2784434977 5272294 77897  15564
8.382680515 2789701586 5266609 77902  15653
8.393680029 2794948140 5246554 77890  15672
8.404682606 2800193639 5245499 77898  15717
8.415679537 2805454302 5260663 77896  15385
8.426669681 2810715161 5260859 77901  15338
8.437688549 2815976219 5261058 77903  15570
8.448682283 2821220879 5244660 77913  15932
8.459680647 2826463223 5242344 77911  15521
8.470679888 2831709871 5246648 77895  15565
8.481681523 2836972316 5262445 77902  15450
8.492668580 2842225403 5253087 77903  15468
8.503668584 2847484983 5259580 77898  15603
8.514679229 2852733896 5248913 77898  15602
8.525668350 2857982470 5248574 77898  15638
8.536668811 2863234618 5252148 77895  15170
8.547667128 2868494227 5259609 77903  15334
8.558680530 2873906639 5412412 84991  18749
8.570669227 2880009339 6102700 84994  15737
8.582668323 2885256196 5246857 77884  15649
8.593688888 2890501999 5245803 77904  15249
8.604669875 2895749794 5247795 77898  15334
8.615667672 2901007158 5257364 77902  15635
8.626663566 2906234299 5227141 77901  15396
8.637669341 2911469033 5234734 77886  15834
8.648670435 2916735744 5266711 77901  15446
8.659679983 2921986606 5250862 77898  15451
8.670681274 2927245225 5258619 77908  15597
8.681669745 2932488933 5243708 77905  15355
8.692668736 2937720763 5231830 77889  15684
8.703679940 2942976253 5255490 77908  15474
8.714668397 2948228659 5252406 77909  15392
8.725681832 2953491838 5263179 77908  15702
8.736690029 2958721579 5229741 77904  15384
8.747668760 2963959186 5237607 77901  15709
8.758668837 2969204221 5245035 77899  15427
8.769681282 2974469668 5265447 77903  15295
8.780665860 2979725220 5255552 77906  15571
8.791670197 2984967293 5242073 77892  15842
8.802681218 2990202388 5235095 77909  15566
8.813681116 2995448055 5245667 77900  15512
8.824667360 3000697022 5248967 77900  15505
8.835680294 3005949509 5252487 77914  15649
8.846667505 3011197538 5248029 77918  15613
8.857679586 3016434400 5236862 77901  15663
8.868678300 3021679143 5244743 77904  15713
8.879690678 3026919959 5240816 77898  15260
8.890670212 3032167513 5247554 77898  15366
8.901680683 3037420781 5253268 77913  15647
8.912681354 3042655336 5234555 77899  15381
8.923667631 3047887296 5231960 77902  15726
8.934681136 3053133871 5246575 77904  15291
8.945681170 3058387031 5253160 77898  15142
8.956669241 3063639314 5252283 77904  15449
8.967668528 3068873062 5233748 77894  15332
8.978681070 3074095769 5222707 77903  15538
8.989669996 3079336283 5240514 77901  15404
9.000680568 3084590686 5254403 77902  15297
9.011679205 3089854873 5264187 77905  15425
9.022681513 3095067519 5212646 77890  15301
9.033676447 3100304111 5236592 77911  15511
9.044669498 3105548965 5244854 77907  15209
9.055680986 3110811424 5262459 77894  15323
9.066668690 3116058828 5247404 77897  15313
9.077668805 3121294855 5236027 77896  15745
9.088667369 3126517227 5222372 77902  15393
9.099667229 3131757300 5240073 77902  15423
9.110669780 3137014248 5256948 77899  15156
9.121679788 3142268045 5253797 77895  15269
9.132668392 3147513553 5245508 77896  15327
9.143668703 3152744103 5230550 77912  15456
9.154669087 3157978679 5234576 77895  15553
9.165668099 3163213444 5234765 77901  14938
9.176682366 3168460847 5247403 77901  15121
9.187680097 3173707224 5246377 77905  15416
9.198685034 3178937047 5229823 77895  15318
9.209668912 3184173114 5236067 77896  15684
9.220681453 3189413500 5240386 77899  15206
9.231682827 3194648045 5234545 77890  15120
9.242662034 3199897337 5249292 77897  15300
9.253681876 3205135087 5237750 77895  15323
9.264681480 3210365041 5229954 77896  15599
9.275669144 3215605443 5240402 77921  15258
9.286666835 3220835813 5230370 77894  15208
9.297682293 3226092810 5256997 77901  15472
9.308680867 3231312911 5220101 77902  15187
9.319689181 3236552519 5239608 77894  15419
9.330681405 3241788218 5235699 77898  15278
9.341668539 3247041965 5253747 77894  15224
9.352679354 3252282071 5240106 77892  15272
9.363681351 3257516464 5234393 77897  15706
9.374681309 3262747549 5231085 77900  15406
9.385668943 3267984534 5236985 77892  15356
9.396667464 3273226019 5241485 77894  15294
9.407680678 3278641064 5415045 84977  18350
9.419669577 3284728972 6087908 84989  15719
9.431666909 3289954823 5225851 77900  15423
9.442679526 3295174794 5219971 77900  15338
9.453669207 3300429401 5254607 77899  15205
9.464684582 3305675419 5246018 77899  15328
9.475667646 3310917432 5242013 77902  15534
9.486681017 3316138534 5221102 77890  15597
9.497669411 3321387089 5248555 77893  15581
9.508681392 3326620664 5233575 77895  15052
9.519669136 3331862669 5242005 77894  15126
9.530680800 3337107572 5244903 77910  15459
9.541670118 3342335444 5227872 77905  15342
9.552679269 3347557063 5221619 77892  15807
9.563682663 3352806344 5249281 77910  15309
9.574667874 3358040900 5234556 77895  15341
9.585679958 3363287672 5246772 77897  15517
9.596680552 3368519003 5231331 77907  15221
9.607681187 3373752389 5233386 77904  15578
9.618676848 3378991481 5239092 77895  15345
9.629680888 3384240399 5248918 77903  15254
9.640669032 3389493478 5253079 77905  15394
9.651680731 3394711063 5217585 77901  15394
9.662681005 3399929579 5218516 77905  15821
9.673681669 3405166325 5236746 77905  15415
9.684679099 3410419768 5253443 77903  15505
9.695680454 3415669670 5249902 77911  15625
9.706666462 3420901486 5231816 77890  15843
9.717668549 3426128312 5226826 77907  15434
9.728680937 3431354970 5226658 77891  15411
9.739667848 3436599785 5244815 77898  15183
9.750681592 3441841237 5241452 77898  15260
9.761692836 3447079039 5237802 77896  15437
9.772668277 3452298338 5219299 77897  15513
9.783679935 3457532783 5234445 77908  15429
9.794670246 3462760192 5227409 77901  14985
9.805667283 3467998619 5238427 77904  15055
9.816666974 3473237798 5239179 77901  15407
9.827668191 3478465057 5227259 77900  15249
9.838681449 3483683877 5218820 77890  15587
9.849668327 3488928831 5244954 77906  15226
9.860666594 3494163157 5234326 77900  15261
9.871667291 3499406279 5243122 77903  15509
9.882667760 3504617666 5211387 77910  15322
9.893680787 3509838469 5220803 77897  15626
9.904676708 3515072283 5233814 77911  15391
9.915671455 3520314222 5241939 77904  15332
9.926669310 3525566403 5252181 77895  15416
9.937667624 3530771163 5204760 77901  15300
9.948681055 3535992517 5221354 77906  15441
9.959669713 3541218973 5226456 77903  15118
9.970681670 3546456521 5237548 77897  15181
9.981681134 3551701752 5245231 77905  15216
9.992667918 3556931942 5230190 77905  15582
10.003679360 3562162113 5230171 77895  15194
10.014666867 3567385340 5223227 77904  15232
10.025681748 3572630369 5245029 77913  14957
10.036681405 3577869516 5239147 77919  15052
10.047687857 3583102868 5233352 77909  15278
10.058682894 3588312921 5210053 77893  15413
10.069680885 3593548112 5235191 77904  15523
10.080681409 3598763200 5215088 77903  14976
10.091666706 3604004430 5241230 77901  15080
10.102669118 3609245558 5241128 77898  15430
10.113681535 3614458049 5212491 77903  15156
10.124668853 3619673632 5215583 77893  15628
10.135678174 3624912276 5238644 77888  15099
10.146680288 3630142725 5230449 77900  15110
10.157668706 3635384764 5242039 77910  15334
10.168678763 3640594221 5209457 77907  15119
10.179669540 3645812192 5217971 77898  15311
10.190680445 3651022132 5209940 77900  15238
10.201683493 3656261324 5239192 77905  15366
10.212669433 3661515627 5254303 77902  15534
10.223683128 3666718567 5202940 77898  15232
10.234669169 3671935897 5217330 77899  15316
10.245678923 3677157698 5221801 77903  15001
10.256682750 3682397987 5240289 77901  15100
10.267667558 3687634526 5236539 77898  15191
10.278667612 3692850612 5216086 77893  15516
10.289681170 3698072829 5222217 77906  15164
10.300670701 3703288897 5216068 77899  15157
10.311668915 3708525916 5237019 77904  14977
10.322680076 3713765365 5239449 77905  15162
10.333681720 3719008582 5243217 77895  15235
10.344676741 3724217241 5208659 77901  15348
10.355682019 3729440112 5222871 77919  15329
10.366680823 3734662888 5222776 77899  14823
10.377668437 3739905870 5242982 77894  14997
10.388679225 3745142038 5236168 77909  15410
10.399668439 3750352966 5210928 77892  15029
10.410680980 3755558797 5205831 77892  15607
10.421681358 3760793232 5234435 77901  15096
10.432678802 3766022116 5228884 77898  15148
10.443680903 3771254660 5232544 77908  15319
10.454668453 3776472551 5217891 77896  15027
10.465679338 3781689195 5216644 77906  15349
10.476666755 3786905004 5215809 77909  15125
10.487677589 3792139374 5234370 77900  15267
10.498681837 3797385218 5245844 77899  15325
10.509666958 3802590083 5204865 77892  15147
10.520680342 3807808095 5218012 77909  15345
10.531680973 3813030135 5222040 77905  15015
10.542682077 3818261153 5231018 77900  14982
10.553679242 3823502413 5241260 77900  15080
10.564680439 3828713922 5211509 77897  15353
10.575680843 3833923904 5209982 77902  15162
10.586681898 3839138629 5214725 77899  15196
10.597678396 3844371234 5232605 77898  15052
10.608669616 3849608174 5236940 77899  15266
10.619667910 3854832055 5223881 77910  15221
10.630688782 3860034206 5202151 77909  15456
10.641669166 3865259923 5225717 77905  15409
10.652667697 3870478433 5218510 77901  14928
10.663670401 3875697616 5219183 77908  15441
10.674670175 3880918193 5220577 77898  15715
10.685667575 3886134076 5215883 77897  15670
10.696685137 3891339927 5205851 77899  15855
10.707680088 3896563951 5224024 77902  15500
10.718668568 3901798351 5234400 77902  15268
10.729680807 3907036828 5238477 77904  15420
10.740681087 3912241477 5204649 77905  14979
10.751681105 3917452154 5210677 77898  15288
10.762668972 3922677539 5225385 77900  15117
10.773680393 3927898297 5220758 77902  15021
10.784685228 3933132399 5234102 77896  15330
10.795670172 3938328856 5196457 77905  15178
10.806681043 3943497701 5168845 77899  15388
10.817669093 3948622079 5124378 77902  15112
10.828681075 3953888423 5266344 77892  15275
10.839682412 3959103670 5215247 77902  15401
10.850681513 3964350743 5247073 77898  15433
10.861668084 3969485740 5134997 77901  15320
10.872669585 3974605060 5119320 77901  15255
10.883682206 3979768769 5163709 77903  15046
10.894672113 3984941227 5172458 77892  17657
10.905675207 3990171679 5230452 77889  19543
10.916668392 3995351108 5179429 77903  18959
10.927677833 4001042394 5691286 84980  19661
10.939662168 4006680944 5638550 84980  21590
10.951668173 4012465041 5784097 84990  18073
10.963681942 4017840484 5375443 84984  19726
10.975667163 4023890527 6050043 84982  15900
10.987681133 4029099924 5209397 77906  15715
10.998669783 4034325894 5225970 77905  15634
11.009680224 4039548286 5222392 77907  15698
11.020666768 4044766307 5218021 77903  15671
11.031682043 4049963458 5197151 77902  15658
11.042681977 4055161117 5197659 77898  15536
11.053668988 4060377741 5216624 77900  14989
11.064680122 4065601547 5223806 77906  15082
11.075678440 4070836587 5235040 77904  15473
11.086681601 4076011556 5174969 77907  15326
11.097679228 4081095070 5083514 77901  15640
11.108681853 4086352965 5257895 77908  15106
11.119668926 4091474376 5121411 77901  15176
11.130667760 4096702994 5228618 77897  15308
11.141682112 4102302395 5599401 84980  15830
11.153681554 4107835591 5533196 84993  17699
11.165681016 4113726873 5891282 84982  15111
11.177683251 4118950009 5223136 77909  15009
11.188679202 4124181770 5231761 77912  15399
11.199668752 4129394801 5213031 77902  15260
11.210668423 4134586118 5191317 77889  15411
11.221690748 4139817705 5231587 77911  15267
11.232669362 4145047744 5230039 77893  15216
11.243680003 4150282662 5234918 77895  15407
11.254680690 4155474941 5192279 77894  15152
11.265668674 4160698465 5223524 77908  15283
11.276671952 4165912670 5214205 77897  15000
11.287681620 4171143729 5231059 77910  15057
11.298680970 4176367979 5224250 77902  15195
11.309681412 4181588720 5220741 77895  15483
11.320667203 4186800755 5212035 77901  15064
11.331680110 4192020781 5220026 77896  15368
11.342667034 4197249020 5228239 77892  15157
11.353680779 4202483032 5234012 77900  15220
11.364684333 4207712004 5228972 77897  15448
11.375675477 4212920757 5208753 77903  15400
11.386668098 4218127922 5207165 77909  15378
11.397668265 4223346757 5218835 77897  14868
11.408667560 4228571587 5224830 77904  15039
11.419669731 4233804752 5233165 77911  15477
11.430681715 4239013332 5208580 77896  15029
11.441670642 4244182092 5168760 77904  15390
11.452668560 4249369363 5187271 77899  14960
11.463668221 4254523381 5154018 77899  14899
11.474668712 4259712520 5189139 77906  15240
11.485680172 4264814959 5102439 77899  14934
11.496681574 4270437857 5622898 84990  16047
11.508680889 4276054664 5616807 84982  17388
11.520678268 4281891817 5837153 84985  14976
11.532668556 4287407486 5515669 84979  18150
11.544680649 4293331762 5924276 84986  14981
11.556668933 4298530735 5198973 77901  15349
11.567667690 4303745739 5215004 77901  14941
11.578668182 4308965413 5219674 77894  14850
11.589681259 4314187869 5222456 77901  15046
11.600669163 4319389225 5201356 77891  14818
11.611668314 4324555046 5165821 77899  15317
11.622668539 4329722196 5167150 77911  15092
11.633681110 4334927444 5205248 77892  14855
11.644679130 4340150731 5223287 77893  15092
11.655681784 4345224699 5073968 77892  14968
11.666676963 4350792373 5567674 84988  16116
11.678669188 4356425850 5633477 84980  17194
11.690668596 4362214001 5788151 84986  14973
11.702669351 4367474488 5260487 77896  15206
11.713681149 4372908939 5434451 84965  18023
11.725669470 4378867436 5958497 84981  15321
11.737681460 4384075461 5208025 77898  15148
11.748669881 4389288038 5212577 77907  15015
11.759681831 4394513841 5225803 77894  15156
11.770680885 4399702134 5188293 77904  14931
11.781680910 4404903542 5201408 77895  15261
11.792680391 4410044987 5141445 77901  14859
11.803666165 4415206367 5161380 77901  14906
11.814678149 4420382179 5175812 77905  15055
11.825682820 4425651539 5269360 77907  15395
11.836680705 4431095508 5443969 84987  16029
11.848669162 4436750776 5655268 84989  16972
11.860682298 4442515269 5764493 84990  14922
11.872682137 4447939360 5424091 84985  18154
11.884667125 4453950170 6010810 84970  15024
11.896669067 4459140068 5189898 77905  15259
11.907668678 4464356681 5216613 77905  15009
11.918669586 4469580796 5224115 77893  15014
11.929668470 4474803523 5222727 77906  15044
11.940680101 4480008610 5205087 77908  15290
11.951681195 4485204813 5196203 77901  14875
11.962679373 4490413913 5209100 77910  14898
11.973675577 4495642226 5228313 77898  14877
11.984681108 4500859903 5217677 77900  14946
11.995670205 4506071071 5211168 77898  15113
12.006682603 4511268166 5197095 77892  15086
12.017667993 4516470366 5202200 77897  15189
12.028681168 4521674081 5203715 77902  14772
12.039666969 4526892024 5217943 77905  14750
12.050669663 4532119335 5227311 77900  15109
12.061679328 4537324480 5205145 77906  14764
12.072682445 4542472401 5147921 77901  15289
12.083669379 4547675026 5202625 77906  14849
12.094669110 4552831894 5156868 77898  14707
12.105670048 4558030011 5198117 77911  15018
12.116676379 4563135438 5105427 77907  14856
12.127683196 4568689787 5554349 84973  15985
12.139680878 4574289250 5599463 84987  17216
12.151680830 4580112690 5823440 84981  14850
12.163667852 4585541248 5428558 84978  18003
12.175667724 4591536875 5995627 84985  14786
12.187679346 4596712277 5175402 77901  15288
12.198750184 4602086133 5373856 84985  17018
12.210669192 4608108530 6022397 84982  15556
12.222680371 4613266280 5157750 77900  15187
12.233667791 4618333432 5067152 77911  14928
12.244669089 4623895867 5562435 84982  16112
12.256682004 4629608176 5712309 84977  17062
12.268686863 4635345326 5737150 84971  15165
12.280668491 4640911204 5565878 84986  17689
12.292680060 4646745295 5834091 84979  15140
12.304680129 4651945354 5200059 77899  15316
12.315670499 4657137755 5192401 77903  14793
12.326674217 4662353194 5215439 77904  14984
12.337681791 4667573869 5220675 77895  15136
12.348669585 4672775925 5202056 77894  14936
12.359666893 4677958437 5182512 77897  15343
12.370681840 4683169415 5210978 77903  14906
12.381668201 4688383160 5213745 77899  14830
12.392668042 4693597896 5214736 77911  14915
12.403680143 4698793336 5195440 77904  14841
12.414680591 4703975033 5181697 77911  15232
12.425678315 4709176247 5201214 77899  15086
12.436660685 4714388465 5212218 77898  14926
12.447679137 4719615802 5227337 77903  15065
12.458669824 4724803651 5187849 77895  14955
12.469680918 4730003415 5199764 77896  15064
12.480680460 4735212525 5209110 77908  14901
12.491669301 4740431198 5218673 77896  14787
12.502670295 4745640576 5209378 77897  14994
12.513679882 4750838268 5197692 77896  15457
12.524668633 4756023491 5185223 77901  15252
12.535669254 4761226111 5202620 77898  15019
12.546681628 4766429833 5203722 77898  14867
12.557667576 4771638591 5208758 77904  14902
12.568679587 4776842558 5203967 77904  14901
12.579681038 4782041783 5199225 77905  15037
12.590679569 4787237926 5196143 77897  15160
12.601669076 4792435936 5198010 77906  14743
12.612680647 4797642574 5206638 77892  14688
12.623681158 4802853602 5211028 77906  15141
12.634668379 4808036709 5183107 77895  14964
12.645681384 4813222507 5185798 77900  15339
12.656679134 4818434326 5211819 77901  14877
12.667679992 4823651266 5216940 77915  14847
12.678669169 4828867844 5216578 77895  14988
12.689681797 4834065654 5197810 77893  14678
12.700668024 4839255099 5189445 77897  15175
12.711681442 4844454275 5199176 77909  14853
12.722679260 4849668632 5214357 77899  14731
12.733667944 4854898163 5229531 77903  15035
12.744668384 4860085130 5186967 77889  14825
12.755681436 4865279271 5194141 77905  15089
12.766681523 4870395435 5116164 77890  14715
12.777668467 4875632548 5237113 77906  14631
12.788681401 4880771522 5138974 77897  15015
12.799679793 4885962407 5190885 77900  15240
12.810668040 4891076720 5114313 77896  15101
12.821667581 4896184474 5107754 77903  15125
12.832681568 4901423930 5239456 77905  14977
12.843669386 4906585364 5161434 77902  14889
12.854689524 4912233807 5648443 84986  15964
12.866681743 4917838504 5604697 84975  17243
12.878670117 4923615214 5776710 84984  15051
12.890681793 4928977181 5361967 84988  17697
12.902666491 4935037005 6059824 84980  14896
12.914682383 4940229667 5192662 77904  15149
12.925667930 4945416269 5186602 77897  14948
12.936681725 4950606765 5190496 77898  14958
12.947680103 4955824384 5217619 77902  14631
12.958669383 4961037987 5213603 77898  14866
12.969681025 4966247298 5209311 77913  14925
12.980665912 4971431205 5183907 77894  14971
12.991668686 4976625853 5194648 77904  15027
13.002669434 4981817743 5191890 77898  14663
13.013690159 4987027046 5209303 77904  14680
13.024669689 4992240491 5213445 77909  15102
13.035680923 4997425936 5185445 77892  14788
13.046681514 5002602851 5176915 77902  15311
13.057666545 5007822518 5219667 77898  14852
13.068669230 5013034399 5211881 77906  14814
13.079678667 5018242803 5208404 77904  14803
13.090681758 5023418745 5175942 77896  14570
13.101667702 5028570478 5151733 77913  14967
13.112669243 5033738832 5168354 77904  14894
13.123668861 5038954477 5215645 77908  14790
13.134667208 5044143104 5188627 77896  14906
13.145682082 5049211131 5068027 77897  14921
13.156688860 5054719682 5508551 84976  15968
13.168669518 5060362286 5642604 84982  16829
13.180666520 5066108479 5746193 84990  14750
13.192681805 5071657086 5548607 85001  17833
13.204666434 5077518092 5861006 84987  14660
13.216667396 5082694481 5176389 77903  15084
13.227681573 5087881744 5187263 77908  14910
13.238682995 5093087686 5205942 77901  14809
13.249668718 5098302337 5214651 77907  14976
13.260679406 5103469671 5167334 77897  14740
13.271681984 5108657993 5188322 77897  15051
13.282668358 5113851825 5193832 77896  14669
13.293667138 5119062293 5210468 77904  14702
13.304687577 5124264712 5202419 77910  14738
13.315670011 5129456549 5191837 77909  15123
13.326666165 5134632372 5175823 77904  14921
13.337679566 5139825291 5192919 77908  14933
13.348667890 5145032591 5207300 77892  14791
13.359668498 5150235179 5202588 77906  14825
13.370667048 5155435021 5199842 77903  14923
13.381668162 5160621551 5186530 77898  15049
13.392668877 5165816261 5194710 77894  14963
13.403681331 5170995846 5179585 77889  14519
13.414679852 5176193251 5197405 77904  14616
13.425667633 5181396371 5203120 77903  14987
13.436680361 5186573721 5177350 77904  14771
13.447703059 5191756702 5182981 77909  15142
13.458669736 5196958284 5201582 77907  14699
13.469668511 5202168714 5210430 77894  14674
13.480682751 5207370398 5201684 77905  14931
13.491666635 5212547560 5177162 77894  14625
13.502669183 5217723554 5175994 77901  14901
13.513681114 5222910174 5186620 77903  14756
13.524679522 5228112227 5202053 77900  14636
13.535669089 5233334254 5222027 77908  14875
13.546681090 5238509542 5175288 77901  14832
13.557669605 5243689716 5180174 77894  14979
13.568667768 5248831401 5141685 77896  14720
13.579681949 5254026674 5195273 77898  14667
13.590682090 5259187584 5160910 77895  14748
13.601680045 5264361285 5173701 77910  15100
13.612681882 5269419124 5057839 77896  14831
13.623668943 5274513282 5094158 77903  15058
13.634670214 5279751457 5238175 77899  14689
13.645679789 5284939211 5187754 77916  14834
13.656681049 5290542573 5603362 84997  16036
13.668679618 5296154232 5611659 84976  17112
13.680669426 5301895961 5741729 84974  15027
13.692682448 5307296303 5400342 84979  17739
13.704669886 5313310449 6014146 84986  14921
13.716681308 5318498455 5188006 77893  15038
13.727668256 5323689466 5191011 77898  14797
13.738679097 5329040449 5350983 84980  17593
13.750676566 5335087062 6046613 84982  14797
13.762679658 5340283637 5196575 77900  14707
13.773681615 5345470291 5186654 77905  15202
13.784669003 5350641663 5171372 77891  14888
13.795680430 5355824096 5182433 77909  14868
13.806669107 5361022481 5198385 77911  15065
13.817681756 5366223601 5201120 77901  15085
13.828681600 5371416982 5193381 77914  15071
13.839679797 5376594038 5177056 77894  15180
13.850681345 5381778590 5184552 77902  15377
13.861681469 5386960236 5181646 77900  14677
13.872680960 5392155913 5195677 77902  14871
13.883680357 5397352412 5196499 77903  15037
13.894689292 5402525939 5173527 77893  14666
13.905681312 5407693498 5167559 77898  15276
13.916665587 5412901337 5207839 77907  14766
13.927682301 5418091240 5189903 77897  14774
13.938680865 5423287294 5196054 77898  15004
13.949668452 5428461122 5173828 77899  14674
13.960679571 5433633575 5172453 77894  15099
13.971669588 5438828492 5194917 77904  14804
13.982678922 5444027208 5198716 77899  14772
13.993667116 5449233092 5205884 77908  14909
14.004668367 5454394561 5161469 77895  14702
14.015680452 5459568301 5173740 77897  15030
14.026669452 5464738975 5170674 77898  14684
14.037677166 5469941006 5202031 77899  14770
14.048668894 5475139424 5198418 77894  14831
14.059669582 5480330023 5190599 77906  15068
14.070680519 5485498059 5168036 77891  14848
14.081669653 5490687947 5189888 77902  14896
14.092667974 5495876926 5188979 77907  14685
14.103668889 5501068537 5191611 77918  14686
14.114668506 5506260453 5191916 77897  14721
14.125681184 5511433137 5172684 77892  14844
14.136666888 5516603848 5170711 77901  15004
14.147667566 5521779368 5175520 77893  14394
14.158668373 5526962247 5182879 77896  14519
14.169668591 5532159741 5197494 77906  14913
14.180680168 5537335416 5175675 77898  14599
14.191677333 5542498511 5163095 77896  15027
14.202682067 5547693401 5194890 77907  14688
14.213681618 5552882054 5188653 77903  14573
14.224668778 5558065512 5183458 77895  14795
14.235682420 5563226639 5161127 77892  14525
14.246669781 5568384710 5158071 77898  14958
14.257678905 5573600368 5215658 77912  14773
14.268681182 5578821006 5220638 77893  14549
14.279666637 5584041700 5220694 77895  14733
14.290680778 5589248114 5206414 77906  14564
14.301667102 5594458739 5210625 77907  14938
14.312668536 5599629033 5170294 77901  14600
14.323681284 5604861248 5232215 77908  14692
14.334688248 5610109556 5248308 77905  14860
14.345668972 5615343870 5234314 77901  15121
14.356669116 5620555745 5211875 77902  14852
14.367681518 5625778249 5222504 77904  14877
14.378666825 5631011944 5233695 77904  14665
14.389668799 5636232920 5220976 77896  14590
14.400678660 5641455362 5222442 77898  14667
14.411668774 5646661522 5206160 77912  14792
14.422667565 5651875882 5214360 77901  14908
14.433681193 5657100272 5224390 77908  14476
14.444667380 5662314765 5214493 77902  14489
14.455679418 5667545910 5231145 77900  14741
14.466668609 5672755052 5209142 77895  14529
14.477676463 5677969063 5214011 77894  15192
14.488682277 5683196489 5227426 77900  14622
14.499668604 5688408142 5211653 77903  14661
14.510683943 5693786297 5378155 84981  17468
14.522668627 5699840008 6053711 84975  14641
14.534667686 5705036518 5196510 77898  15201
14.545668121 5710281347 5244829 77897  14596
14.556669331 5715491903 5210556 77894  14662
14.567668079 5720717863 5225960 77902  14805
14.578679903 5725927785 5209922 77902  14499
14.589681331 5731133956 5206171 77904  14921
14.600668945 5736350440 5216484 77901  14697
14.611679882 5741568777 5218337 77890  14474
14.622689744 5746792181 5223404 77902  14734
14.633669911 5751998427 5206246 77899  14642
14.644680289 5757200703 5202276 77900  14836
14.655669039 5762406818 5206115 77911  14606
14.666679880 5767621131 5214313 77914  14651
14.677667161 5772836892 5215761 77905  14684
14.688668095 5778052179 5215287 77898  14946
14.699669356 5783258387 5206208 77898  14798
14.710668747 5788475125 5216738 77895  14702
14.721680592 5793861386 5386261 84978  17269
14.733667196 5799923199 6061813 84983  14788
14.745669195 5805137374 5214175 77921  14938
14.756681723 5810330621 5193247 77898  14709
14.767667184 5815542262 5211641 77899  14768
14.778676888 5820764232 5221970 77902  14522
14.789680449 5825977494 5213262 77897  14703
14.800681037 5831198529 5221035 77905  14888
14.811666814 5836407069 5208540 77914  15086
14.822669595 5841611286 5204217 77917  15266
14.833682339 5846829758 5218472 77892  14737
14.844663223 5852049016 5219258 77902  14739
14.855682081 5857494085 5445069 84975  17996
14.867667729 5863478042 5983957 84994  15000
14.879667351 5868691518 5213476 77903  15025
14.890668496 5873892294 5200776 77899  14428
14.901668647 5879099582 5207288 77904  14591
14.912667814 5884310587 5211005 77905  14857
14.923675031 5889499914 5189327 77893  14637
14.934668626 5894701419 5201505 77905  15041
14.945668327 5899931283 5229864 77897  14584
14.956670114 5905132198 5200915 77888  14546
14.967680575 5910350866 5218668 77899  14682
14.978668833 5915553010 5202144 77906  14328
14.989669653 5920746680 5193670 77905  14911
15.000668315 5925955812 5209132 77906  14566
15.011679879 5931169440 5213628 77892  14554
15.022668039 5936386229 5216789 77894  14710
15.033682088 5941586025 5199796 77892  14646
15.044681775 5946781545 5195520 77901  14718
15.055681592 5951996921 5215376 77898  14535
15.066679321 5957206415 5209494 77899  14610
15.077680941 5962416083 5209668 77893  14633
15.088680709 5967625286 5209203 77902  14968
15.099669126 5972823413 5198127 77901  14615
15.110680577 5978035501 5212088 77895  14622
15.121668624 5983416031 5380530 84989  17134
15.133681637 5989476401 6060370 84987  14581
15.145681476 5994689867 5213466 77899  14837
15.156678283 5999881057 5191190 77905  14544
15.167681480 6005089803 5208746 77890  14636
15.178668248 6010299232 5209429 77893  14399
15.189667678 6015510056 5210824 77907  14559
15.200668849 6020716482 5206426 77894  14528
15.211689324 6025914961 5198479 77902  14729
15.222682845 6031116291 5201330 77912  14732
15.233679066 6036327123 5210832 77903  14286
15.244670036 6041540545 5213422 77899  14323
15.255668304 6046923742 5383197 84980  17739
15.267669010 6052958891 6035149 84978  14754
15.279668111 6058169580 5210689 77894  14785
15.290680939 6063363477 5193897 77903  14365
15.301667700 6068563573 5200096 77906  14455
15.312678861 6073781283 5217710 77897  14785
15.323667974 6078978318 5197035 77907  15477
15.334645308 6084166848 5188530 77901  15878
15.345666703 6089384397 5217549 77903  15459
15.356680364 6094577419 5193022 77896  15512
15.367675938 6099783691 5206272 77892  15781
15.378683536 6104973159 5189468 77900  15203
15.389666537 6110162155 5188996 77903  15191
15.400669731 6115375522 5213367 77898  14929
15.411668195 6120583804 5208282 77905  14746
15.422682090 6125790892 5207088 77910  14844
15.433667267 6130982320 5191428 77895  14689
15.444668115 6136171549 5189229 77901  14758
15.455682019 6141383972 5212423 77897  14707
15.466666819 6146587683 5203711 77895  14561
15.477680851 6151794975 5207292 77907  14535
15.488681328 6156997688 5202713 77891  14869
15.499681229 6162187728 5190040 77899  14479
15.510676273 6167376404 5188676 77893  14505
15.521681298 6172578070 5201666 77892  14325
15.532667702 6177784471 5206401 77901  14399
15.543667963 6182992572 5208101 77891  14490
15.554679513 6188179329 5186757 77900  14598
15.565681308 6193378715 5199386 77898  14703
15.576667772 6198584492 5205777 77905  14183
15.587668190 6203792560 5208068 77903  14284
15.598680844 6209221522 5428962 84982  17503
15.610668626 6215201574 5980052 84984  14625
15.622667294 6220397372 5195798 77889  14808
15.633679268 6225593399 5196027 77901  14374
15.644678227 6230792254 5198855 77899  14296
15.655677897 6235998349 5206095 77908  14748
15.666667101 6241188784 5190435 77904  14413
15.677681132 6246372269 5183485 77897  14979
15.688678850 6251579093 5206824 77903  14530
15.699680018 6256777833 5198740 77895  14350
15.710680362 6261977827 5199994 77898  14588
15.721668506 6267169767 5191940 77907  14391
15.732680907 6272350941 5181174 77894  14691
15.743668001 6277551855 5200914 77899  14541
15.754680039 6282747965 5196110 77895  14320
15.765679069 6287958852 5210887 77898  14472
15.776680558 6293139178 5180326 77897  14466
15.787668498 6298328930 5189752 77917  14693
15.798668769 6303525862 5196932 77898  14278
15.809688663 6308724939 5199077 77895  14452
15.820668654 6313922114 5197175 77899  14478
15.831669491 6319123766 5201652 77902  14869
15.842682413 6324310595 5186829 77896  14554
15.853667393 6329505232 5194637 77902  14652
15.864681238 6334704178 5198946 77901  14462
15.875668655 6339899982 5195804 77907  14435
15.886669886 6345098259 5198277 77897  14588
15.897682117 6350290168 5191909 77894  14643
15.908670114 6355497921 5207753 77911  14671
15.919668418 6360704674 5206753 77906  14358
15.930679107 6366088367 5383693 84983  17306
15.942681352 6372132629 6044262 84975  14516
15.954676381 6377319541 5186912 77899  14702
15.965681541 6382518783 5199242 77903  14851
15.976680709 6387720318 5201535 77913  14314
15.987669109 6393110232 5389914 84986  17268
15.999680775 6399135845 6025613 84983  14595
16.011679903 6404318736 5182891 77895  14623
16.022679794 6409511942 5193206 77891  14677
16.033682332 6414710303 5198361 77906  14184
16.044668253 6419910253 5199950 77894  14187
16.055680140 6425282502 5372249 84988  17357
16.067669249 6431318367 6035865 84975  14707
16.079681701 6436521269 5202902 77901  14759
16.090679618 6441709941 5188672 77901  14200
16.101688700 6446907140 5197199 77896  14218
16.112681177 6452105643 5198503 77901  14585
16.123667901 6457292327 5186684 77895  14358
16.134681605 6462477029 5184702 77905  14807
16.145681329 6467681422 5204393 77902  14418
16.156682298 6472868376 5186954 77912  14329
16.167667638 6478068758 5200382 77904  14478
16.178682989 6483256889 5188131 77904  14250
16.189667843 6488443067 5186178 77893  14755
16.200681375 6493640197 5197130 77894  14371
16.211680695 6499006911 5366714 84978  17241
16.223669733 6505060546 6053635 84973  14476
16.235681122 6510249626 5189080 77908  14128
16.246674930 6515438099 5188473 77900  14633
16.257670434 6520633336 5195237 77900  14423
16.268668068 6525827140 5193804 77896  14199
16.279669985 6531049458 5222318 77904  14433
16.290681390 6536403525 5354067 84984  17047
16.302669878 6542413937 6010412 84993  14658
16.314680470 6547613886 5199949 77902  14280
16.325667271 6552814100 5200214 77903  14243
16.336668689 6558044305 5230205 77902  14482
16.347669310 6563509052 5464747 84976  16896
16.359665965 6569403771 5894719 84979  14763
16.371682650 6574595940 5192169 77890  14294
16.382666968 6579785341 5189401 77888  14244
16.393667732 6585006030 5220689 77887  14566
16.404675629 6590411395 5405365 84973  17136
16.416668851 6596381207 5969812 84998  14759
16.428681217 6601573809 5192602 77894  14296
16.439682775 6604943037 3369228 77894  24694
16.450681345 6610074349 5131312 77910  16169
16.461670243 6615263816 5189467 77906  16086
16.472668073 6620438347 5174531 77899  16453
16.483667891 6625630247 5191900 77907  16633
16.494667365 6630813946 5183699 77905  16242
16.505668360 6636004260 5190314 77898  14775
16.516681364 6641204664 5200404 77901  14850
16.527667914 6646384266 5179602 77904  14606
16.538668512 6651572560 5188294 77902  15211
16.549689143 6656782196 5209636 77898  14684
16.560667791 6661972814 5190618 77895  14626
16.571668358 6667249396 5276582 84983  19307
16.583669483 6669633931 2384535 84988  47126
16.595670002 6671270225 1636294 77908  41196
16.606670513 6673081873 1811648 84995  51910
16.618669428 6675032565 1950692 84999  48122
16.630645330 6676926419 1893854 84989  48751
16.642680022 6678876200 1949781 84993  47942
16.654668111 6680821145 1944945 84989  45431
16.666669109 6682766226 1945081 84997  47408
16.678668134 6684662589 1896363 85007  47243
16.690668593 6686605591 1943002 85007  44815
16.702683045 6688544100 1938509 84985  47140
16.714680680 6690487665 1943565 84999  45787
16.726679912 6692373426 1885761 84996  44469
16.738682430 6694310033 1936607 85001  46861
16.750667956 6696249682 1939649 85004  45243
16.762669184 6698190208 1940526 84987  44899
16.774678436 6700133912 1943704 84984  46450
16.786681748 6702024958 1891046 85000  45369
16.798680314 6703965777 1940819 85003  45398
16.810667685 6705907043 1941266 84980  46414
16.822669103 6707845555 1938512 85013  44432
16.834669575 6709727240 1881685 85002  45714
16.846668837 6711661885 1934645 84988  45777
16.858677679 6713600440 1938555 85013  44495
16.870681698 6715534609 1934169 84984  45697
16.882667047 6717469070 1934461 85002  45801
16.894668002 6719345928 1876858 84991  44141
16.906666716 6721273951 1928023 84983  45742
16.918669599 6723206789 1932838 84999  44994
16.930679888 6725134759 1927970 84994  44149
16.942669666 6727067888 1933129 84991  45613
16.954679744 6728692102 1624214 84990  47536
16.966668890 6730328520 1636418 84982  42029
16.978680818 6732254898 1926378 84991  50614
16.990668644 6734179987 1925089 84998  48374
17.002680189 6735802657 1622670 84989  49856
17.014681488 6737730753 1928096 85002  49230
17.026689673 6739624710 1893957 84990  48736
17.038681328 6741517989 1893279 84994  48038
17.050669923 6743428914 1910925 84998  45543
17.062667785 6745339892 1910978 85007  46523
17.074681110 6747253624 1913732 85009  46625
17.086681385 6749158473 1904849 85001  45372
17.098668537 6751063631 1905158 84990  46047
17.110681739 6752969072 1905441 85012  45682
17.122669475 6754832828 1863756 85005  45486
17.134667572 6756714552 1881724 84995  45958
17.146667534 6758610486 1895934 84996  44818
17.158681451 6760503140 1892654 85005  44942
17.170669785 6762395828 1892688 84991  45694
17.182677737 6764283465 1887637 84997  44742
17.194670312 6766169489 1886024 84985  45218
17.206671438 6768055411 1885922 84986  45643
17.218681793 6769938020 1882609 84987  44653
17.230667738 6771781721 1843701 84983  45617
17.242669477 6773648868 1867147 85002  45486
17.254669279 6775523460 1874592 85001  44404
17.266682460 6777398640 1875180 84984  45125
17.278667752 6779271337 1872697 84996  45276
17.290682351 6781139637 1868300 84999  44107
17.302679513 6783008154 1868517 84992  45576
17.314680331 6784877137 1868983 84990  45125
17.326669743 6786738389 1861252 84992  44401
17.338689985 6788601101 1862712 85003  45285
17.350683037 6790460381 1859280 84989  44525
17.362680786 6792317079 1856698 85001  44542
17.374669787 6794175133 1858054 84995  45178
17.386667916 6796029984 1854851 84994  44763
17.398681514 6797832069 1802085 84984  44755
17.410681826 6799684726 1852657 84994  45086
17.422683628 6801531432 1846706 84993  44153
17.434669047 6803378055 1846623 84990  44624
17.446681692 6805223890 1845835 84990  45109
17.458681431 6807064694 1840804 84996  44462
17.470666619 6808904487 1839793 84984  45109
17.482668521 6810744376 1839889 84997  45374
17.494690403 6812581791 1837415 84995  44437
17.506682045 6814417450 1835659 84997  44849
17.518667403 6816250148 1832698 84999  45152
17.530674549 6818080923 1830775 85000  44164
17.542670201 6819912560 1831637 85010  44856
17.554682063 6821740251 1827691 84989  44933
17.566662604 6823564583 1824332 84998  44110
17.578669557 6825389075 1824492 84993  45221
17.590668878 6827212892 1823817 84999  45031
17.602680500 6829031467 1818575 84992  44336
17.614667162 6830848797 1817330 85004  45112
17.626667037 6832661392 1812595 84994  44684
17.638680039 6834468728 1807336 84998  44264
17.650681238 6836278938 1810210 84993  45252
17.662689586 6838083075 1804137 84991  44834
17.674668042 6839882906 1799831 84989  44506
17.686681714 6841683073 1800167 84987  45177
17.698681859 6843478987 1795914 84986  44401
17.710680184 6845267949 1788962 84996  44439
17.722669049 6847059133 1791184 84987  44973
17.734679857 6848844841 1785708 84991  44175
17.746682229 6850626791 1781950 84987  44713
17.758680308 6852409886 1783095 84998  45184
17.770668910 6854187820 1777934 84999  44848
17.782680352 6855960426 1772606 84986  45087
17.794670017 6857738621 1778195 84995  45420
17.806681519 6859549259 1810638 85005  45008
17.818672114 6861316120 1766861 84984  46219
17.830680159 6863080298 1764178 85015  46521
17.842681411 6864842688 1762390 84993  45489
17.854682746 6866602378 1759690 84999  45596
17.866669068 6868359245 1756867 84999  45924
17.878682900 6870113641 1754396 84997  44935
17.890681302 6871867672 1754031 85002  45649
17.902668614 6873615154 1747482 85000  45543
17.914668632 6875359997 1744843 85001  44786
17.926668921 6877102758 1742761 84995  45703
17.938682174 6878843866 1741108 85001  45696
17.950668708 6880581463 1737597 84993  44951
17.962669273 6882324142 1742679 84999  45431
17.974677739 6884091363 1767221 85003  45142
17.986681124 6885815703 1724340 85000  44670
17.998669533 6887541601 1725898 84993  45359
18.010669234 6889266375 1724774 84998  45258
18.022681523 6890985579 1719204 85003  44866
18.034682379 6892706291 1720712 85012  45440
18.046681503 6894423221 1716930 84991  45006
18.058669798 6896136438 1713217 84985  44845
18.070680067 6897849196 1712758 84986  45287
18.082680839 6899564471 1715275 84994  44732
18.094680958 6901306658 1742187 84998  44696
18.106668392 6903014893 1708235 85007  45405
18.118680538 6904718341 1703448 84997  44880
18.130689230 6906418168 1699827 84996  44701
18.142683358 6908116315 1698147 85019  45331
18.154667373 6909813357 1697042 84997  44646
18.166682205 6911506252 1692895 84991  45078
18.178685371 6913236366 1730114 84983  44922
18.190669669 6914924050 1687684 84996  45047
18.202669781 6916607226 1683176 84994  45172
18.214683540 6918289297 1682071 84988  45430
18.226681459 6919969185 1679888 84998  44881
18.238680047 6921646903 1677718 84997  45128
18.250669158 6923321740 1674837 85007  45311
18.262668620 6925032860 1711120 84983  44684
18.274682159 6926702183 1669323 84994  45122
18.286669374 6928369611 1667428 84989  45758
18.298691463 6930035736 1666125 84992  45333
18.310670202 6931701007 1665271 84993  45436
18.322680514 6933365188 1664181 85007  45871
18.334669991 6935055293 1690105 84995  44998
18.346668820 6936712963 1657670 85000  45477
18.358682865 6938364010 1651047 84996  45823
18.370681194 6940013808 1649798 85009  45220
18.382682266 6941663976 1650168 84993  45525
18.394681281 6943348489 1684513 84986  46105
18.406667150 6944991149 1642660 85001  45414
18.418681515 6946632701 1641552 84996  45592
18.430681044 6948270265 1637564 84996  45782
18.442669696 6949905710 1635445 85000  44942
18.454689411 6951576217 1670507 84995  45545
18.466682566 6953205925 1629708 84989  45825
18.478680854 6954833139 1627214 84992  44820
18.490665960 6956460534 1627395 84995  45827
18.502680842 6958085380 1624846 85005  46002
18.514682700 6959742668 1657288 84996  44970
18.526667572 6961362399 1619731 84998  45979
18.538668824 6962981848 1619449 84994  45488
18.550671172 6964597545 1615697 85006  45428
18.562684762 6966247537 1649992 85002  46154
18.574679967 6967856002 1608465 84995  45980
18.586668621 6969464331 1608329 84997  45363
18.598681430 6971072022 1607691 84992  46143
18.610689062 6972677026 1605004 84990  45971
18.622669057 6974311062 1634036 84995  45251
18.634669466 6975912725 1601663 84994  46241
18.646669725 6977508903 1596178 85001  45920
18.658680510 6979103780 1594877 84996  45264
18.670670091 6980732281 1628501 84998  46202
18.682669090 6982325379 1593098 84988  45918
18.694682608 6983913963 1588584 84986  45546
18.706668830 6985503765 1589802 84994  46260
18.718669086 6987123902 1620137 84997  45728
18.730669478 6988706696 1582794 84998  45425
18.742680623 6990292561 1585865 85005  46188
18.754682038 6991909601 1617040 85012  45585
18.766676877 6993482720 1573119 85000  45391
18.778680898 6995060649 1577929 85002  46327
18.790681491 6996631392 1570743 84989  45523
18.802671022 6998228043 1596651 85008  45405
18.814682291 6999794969 1566926 84989  46453
18.826669076 7001358950 1563981 84993  46012
18.838681858 7002950250 1591300 85002  45619
18.850682873 7004506904 1556654 84987  46426
18.862668009 7006061908 1555004 84991  45690
18.874668630 7007611890 1549982 85008  45484
18.886682046 7009191261 1579371 84995  46142
18.898680315 7010738880 1547619 84989  45825
18.910679739 7012282876 1543996 85011  45682
18.922669938 7013853656 1570780 85001  45986
18.934688873 7015392408 1538752 85001  45743
18.946682695 7016929903 1537495 85000  45274
18.958668984 7018495378 1565475 85000  45893
18.970669938 7020024858 1529480 85002  45424
18.982680398 7021554299 1529441 85008  45194
18.994665672 7023081003 1526704 84986  46290
19.006669201 7024631871 1550868 84993  45278
19.018668219 7026155509 1523638 85003  45609
19.030680971 7027677989 1522480 84992  46336
19.042681460 7029224346 1546357 85008  45414
19.054670975 7030742109 1517763 84999  45511
19.066669530 7032256989 1514880 84998  46281
19.078681049 7033793705 1536716 84993  45223
19.090689571 7035301246 1507541 84991  45640
19.102670222 7036809906 1508660 85007  46607
19.114669128 7038339489 1529583 84998  45544
19.126681650 7039839689 1500200 85000  45550
19.138681255 7041341089 1501400 84992  46377
19.150670500 7042863247 1522158 84992  45289
19.162667262 7044357532 1494285 85004  45371
19.174682141 7045866880 1509348 84990  46204
19.186680173 7047369124 1502244 84994  45465
19.198669311 7048856701 1487577 84990  45502
19.210669439 7050372420 1515719 85002  46363
19.222681808 7051854195 1481775 84997  45765
19.234681007 7053335622 1481427 85004  45494
19.246676102 7054841891 1506269 85014  46084
19.258669067 7056320343 1478452 85020  45922
19.270681106 7057795213 1474870 85002  45630
19.282670178 7059294144 1498931 84997  46125
19.294668842 7060767118 1472974 84991  45808
19.306669361 7062264847 1497729 84994  45680
19.318681353 7063732686 1467839 85004  46426
19.330681175 7065200712 1468026 84995  46105
19.342668270 7066689495 1488783 84993  45813
19.354667922 7068150215 1460720 85001  46290
19.366680934 7069634796 1484581 84989  45687
19.378679486 7071089012 1454216 85003  45724
19.390669638 7072540223 1451211 84996  46225
19.402669550 7074015735 1475512 85004  46118
19.414692766 7075462267 1446532 84990  45654
19.426682404 7076930560 1468293 84996  46247
19.438669299 7078373650 1443090 84999  46327
19.450670034 7079819736 1446086 84997  45588
19.462681236 7081274761 1455025 84998  46448
19.474669308 7082711468 1436707 84996  46131
19.486680937 7084167089 1455621 84983  45597
19.498668825 7085600076 1432987 84989  46318
19.510669343 7087052650 1452574 85001  46074
19.522669605 7088481279 1428629 85002  45685
19.534681301 7089934003 1452724 85007  46153
19.546667252 7091356917 1422914 84990  46081
19.558680834 7092798290 1441373 84995  45595
19.570678160 7094223476 1425186 84994  46232
19.582668812 7095641493 1418017 84996  46172
19.594681797 7097078604 1437111 84981  45410
19.606668605 7098494069 1415465 85001  46203
19.618681371 7099927518 1433449 84983  46416
19.630682950 7101337056 1409538 85001  45686
19.642669237 7102767777 1430721 84997  46363
19.654682666 7104172490 1404713 85002  46409
19.666680988 7105597270 1424780 85013  45683
19.678681000 7107001359 1404089 84986  46394
19.690668282 7108423014 1421655 84997  46700
19.702680684 7109820005 1396991 84982  45729
19.714681129 7111237902 1417897 85010  45822
19.726678151 7112631115 1393213 84992  46864
19.738669699 7114042664 1411549 84998  45663
19.750681421 7115433473 1390809 85003  46050
19.762670260 7116842259 1408786 84991  46491
19.774668135 7118228546 1386287 84998  45966
19.786669474 7119631262 1402716 85004  45932
19.798680292 7121013207 1381945 84991  46631
19.810684014 7122414059 1400852 84995  46018
19.822668740 7123791246 1377187 84985  46247
19.834668244 7125187662 1396416 85001  46917
19.846682063 7126561495 1373833 84995  46129
19.858669045 7127950461 1388966 84997  46020
19.870681927 7129319562 1369101 84979  46634
19.882689035 7130705581 1386019 84980  45977
19.894682274 7132067879 1362298 85017  45863
19.906668513 7133448268 1380389 84998  46591
19.918669548 7134826333 1378065 84989  45801
19.930668812 7136178702 1352369 85008  45606
19.942670031 7137551161 1372459 84997  46784
19.954668693 7138902766 1351605 85000  45990
19.966680908 7140265319 1362553 84991  45993
19.978668867 7141630444 1365125 84992  46720
19.990668902 7142970507 1340063 84991  46200
20.002679841 7144325476 1354969 85013  45783
20.014669293 7145662676 1337200 84992  46462
20.026681775 7147014902 1352226 85004  46424
20.038668910 7148364097 1349195 85002  45874
20.050677811 7149690412 1326315 85002  46472
20.062669560 7151035482 1345070 84994  46603
20.074681179 7152359088 1323606 84994  46151
20.086680857 7153693643 1334555 84984  46098
20.098680373 7155028880 1335237 84996  46712
20.110681505 7156342961 1314081 84999  45856
20.122680773 7157670358 1327397 85000  46506
20.134668662 7158999035 1328677 85008  46854
20.146680917 7160305502 1306467 84984  46392
20.158679746 7161625558 1320056 85003  46070
20.170667684 7162934209 1308651 84995  46929
20.182681746 7164246156 1311947 85007  46160
20.194668654 7165559667 1313511 84991  46015
20.206688953 7166855849 1296182 85005  47023
20.218681552 7168165466 1309617 85014  46368
20.230681157 7169469592 1304126 84989  46308
20.242669188 7170758667 1289075 84982  47047
20.254666470 7172059805 1301138 85009  46191
20.266669542 7173358352 1298547 84993  46087
20.278679307 7174638793 1280441 84984  46800
20.290669099 7175933258 1294465 85004  46425
20.302680545 7177224107 1290849 84993  45734
20.314683127 7178495795 1271688 84998  46781
20.326668325 7179780805 1285010 85000  46767
20.338667580 7181068033 1287228 85010  46269
20.350669703 7182332137 1264104 84988  46808
20.362689648 7183611615 1279478 84992  46587
20.374670069 7184890851 1279236 85002  45993
20.386668324 7186150095 1259244 84994  46615
20.398670373 7187423108 1273013 84997  46765
20.410680708 7188696408 1273300 85002  46052
20.422681437 7189949362 1252954 84983  46467
20.434667976 7191215498 1266136 84997  47244
20.446668221 7192482028 1266530 85006  46297
20.458668053 7193730569 1248541 84994  46623
20.470681405 7194988884 1258315 85009  47316
20.482669306 7196246718 1257834 84987  46333
20.494669518 7197489048 1242330 84998  46323
20.506680403 7198736832 1247784 85000  46881
20.518689785 7199985459 1248627 84996  46241
20.530671567 7201219024 1233565 84989  46445
20.542669173 7202461324 1242300 84993  46779
20.554668885 7203704516 1243192 84988  46811
20.566679773 7204945349 1240833 84990  46344
20.578682109 7206167233 1221884 85004  47291
20.590667603 7207401331 1234098 85000  46724
20.602682168 7208633289 1231958 84990  46207
20.614681004 7209851250 1217961 84991  46968
20.626682542 7211076650 1225400 85008  46529
20.638669798 7212300556 1223906 84981  46092
20.650681063 7213527327 1226771 85004  47659
20.662672105 7214734023 1206696 84992  49131
20.674676617 7215951214 1217191 85010  48716
20.686669821 7217169026 1217812 84986  48325
20.698681954 7218387694 1218668 85017  47733
20.710683172 7219583149 1195455 84991  46982
20.722669277 7220793916 1210767 84992  47583
20.734669146 7221999872 1205956 84984  47673
20.746669254 7223195965 1196093 85014  47033
20.758680807 7224400259 1204294 85006  47068
20.770669315 7225598566 1198307 85016  47492
20.782668916 7226794396 1195830 85001  46957
20.794668298 7227980173 1185777 85000  47443
20.806679771 7229171628 1191455 84989  47553
20.818681489 7230361923 1190295 85002  47232
20.830668524 7231548879 1186956 84992  47258
20.842688816 7232740528 1191649 85013  48229
20.854669508 7233911166 1170638 84984  46837
20.866680844 7235092926 1181760 85002  46900
20.878670598 7236273306 1180380 84997  47504
20.890668913 7237454505 1181199 85026  47007
20.902670192 7238619693 1165188 84998  46652
20.914681117 7239794431 1174738 84998  47281
20.926669453 7240966556 1172125 84997  47289
20.938668605 7242135296 1168740 84980  46563
20.950669177 7243306097 1170801 84990  47280
20.962669145 7244461108 1155011 84988  47552
20.974669290 7245624183 1163075 85009  46873
20.986669135 7246786208 1162025 84990  46881
20.998678337 7247946867 1160659 84978  47566
21.010670139 7249099634 1152767 85009  46769
21.022680541 7250253681 1154047 84992  46668
21.034670693 7251189551 935870 84983  53035
21.046681782 7252072230 882679 84987  42994
21.058670067 7253028598 956368 84976  49200
21.070701842 7253905682 877084 84991  42482
21.082678515 7254894970 989288 84995  60454
21.094660635 7255779244 884274 84971  50799
21.106683195 7256750681 971437 85007  57217
21.118683583 7257660457 909776 84996  49952
21.130669748 7258586282 925825 84989  50543
21.142668270 7259497460 911178 85005  49442
21.154679682 7260416612 919152 84993  48060
21.166681711 7261354481 937869 84991  48772
21.178680803 7262266685 912204 85001  47699
21.190670867 7263208061 941376 84995  47922
21.202682290 7264103727 895666 84984  47422
21.214682342 7265028115 924388 84994  47148
21.226669226 7265924272 896157 84997  46715
21.238669658 7266852677 928405 84984  46847
21.250682337 7267743806 891129 84984  46844
21.262681356 7268650874 907068 84988  46650
21.274669214 7269541912 891038 84988  46800
21.286681263 7270449024 907112 84993  46235
21.298681872 7271342368 893344 84996  46585
21.310680959 7272277415 935047 77914  47710
21.321677851 7273205183 927768 84988  50979
21.333669889 7274143692 938509 84981  47557
21.345682127 7275061136 917444 85001  46700
21.357670576 7275978380 917244 84990  46770
21.369681078 7276865744 887364 77912  47672
21.380682442 7277787818 922074 84999  51177
21.392668867 7278696650 908832 84989  46783
21.404670696 7279613402 916752 84988  46609
21.416680628 7280528091 914689 84992  46440
21.428668273 7281484927 956836 84999  51013
21.440670475 7282404579 919652 84989  52591
21.452669714 7283331080 926501 84998  46613
21.464682776 7284220870 889790 84991  46881
21.476677847 7285116677 895807 84983  46472
21.488681599 7286110361 993684 84984  51790
21.500680854 7287022333 911972 85002  52025
21.512669076 7287917798 895465 84999  46606
21.524682548 7288807445 889647 84986  46203
21.536669160 7289765579 958134 84985  46578
21.548671339 7290712074 946495 84984  52443
21.560681534 7291619934 907860 84991  51286
21.572681060 7292513487 893553 84992  47086
21.584669811 7293409445 895958 84987  47647
21.596680379 7294236518 827073 77911  42475
21.607681564 7295194400 957882 84988  56000
21.619669922 7296094655 900255 84991  46929
21.631694248 7297010665 916010 84998  46963
21.643681386 7297988165 977500 84995  53932
21.655680611 7298883584 895419 84982  52285
21.667670343 7299778550 894966 84978  49974
21.679666810 7300668096 889546 84989  48409
21.691668797 7301550943 882847 77905  47765
21.702684871 7302463490 912547 84995  52426
21.714681553 7303358498 895008 84997  47018
21.726681175 7304248623 890125 84987  47328
21.738668483 7305317438 1068815 84982  55249
21.750680473 7306200648 883210 84994  49237
21.762667967 7307243805 1043157 85004  53067
21.774670882 7308151839 908034 84996  52953
21.786679788 7309044698 892859 84995  49965
21.798684450 7309997185 952487 84992  56022
21.810668788 7310885969 888784 84986  48898
21.822683310 7311781487 895518 84988  48787
21.834681172 7312726114 944627 84981  54013
21.846671344 7313622733 896619 84994  50752
21.858681685 7314517737 895004 84978  48097
21.870670431 7315406305 888568 84975  47771
21.882667966 7316229071 822766 77901  42218
21.893669080 7317178148 949077 84980  52625
21.905680586 7318096012 917864 84996  50632
21.917681731 7319003360 907348 84997  46648
21.929681323 7319930473 927113 84983  46928
21.941681601 7320845554 915081 84994  46450
21.953677297 7321700502 854948 77904  45639
21.964670597 7322650592 950090 84990  52882
21.976668299 7323539241 888649 84983  46711
21.988680891 7324454669 915428 84996  46499
22.000669180 7325374960 920291 84984  46460
22.012682242 7326300722 925762 84985  46655
22.024682884 7327146144 845422 77917  42964
22.035684488 7328077181 931037 85000  50370
22.047669769 7329030149 952968 84994  49990
22.059681905 7329895875 865726 84979  42191
22.071669856 7330867926 972051 84982  50193
22.083670098 7331740575 872649 84975  41963
22.095673677 7332733251 992676 84988  53212
22.107679382 7333525474 792223 77909  35785
22.118686920 7334500688 975214 85010  52751
22.130685248 7335387992 887304 84990  40747
22.142684200 7336377045 989053 84988  51080
22.154669249 7337183737 806692 77911  35597
22.165671433 7338175799 992062 84992  51364
22.177668635 7339111122 935323 84981  46426
22.189669920 7340064152 953030 85005  56961
22.201681592 7341015963 951811 84995  56076
22.213682734 7341905328 889365 84993  53100
22.225681476 7342857010 951682 84997  55263
22.237669681 7343742439 885429 84990  51326
22.249679906 7344700929 958490 84990  55029
22.261689792 7345649889 948960 85001  53292
22.273670003 7346611266 961377 84989  51235
22.285681955 7347570339 959073 84994  49986
22.297681694 7348527300 956961 84983  50050
22.309668465 7349479810 952510 85012  50406
22.321670104 7350436971 957161 85002  49399
22.333681036 7351386856 949885 84986  49469
22.345668528 7352339651 952795 85005  49552
22.357680747 7353346166 1006515 85008  51077
22.369669525 7354396529 1050363 84985  51900
22.381670740 7354990423 593894 85012  58444
22.393673672 7355505913 515490 84999  56105
22.405685524 7356187805 681892 85018  43412
22.417680423 7357073680 885875 47613  27491
22.429679774 7358179929 1106249 50712  46530
22.441688614 7359205421 1025492 49357  46198
22.452689271 7360385370 1179949 83863  52060
22.464676486 7374976729 14591359 58981  47490
22.487957110 7389559607 14582878 17683  3339
22.503963636 7394458692 4899085 83087  4906
22.515678053 7396353329 1894637 77882  8725
22.526672034 7397924737 1571408 84995  9427
22.538671422 7399227192 1302455 84984  9257
22.550681744 7400397033 1169841 84987  8445
22.562680513 7401478479 1081446 84969  8806
22.574681338 7402507095 1028616 84990  8526
22.586666473 7403506861 999766 84986  8364
22.598689839 7404458061 951200 84982  8047
22.610680127 7405383371 925310 84977  7945
22.622668022 7406284111 900740 84985  7718
22.634668794 7407158822 874711 84978  7428
22.646681043 7408024819 865997 85006  7475
22.658668525 7408892369 867550 84981  7582
22.670666560 7409741201 848832 84987  7437
22.682680735 7410579155 837954 85003  7367
22.694678894 7411412238 833083 84993  7343
22.706681968 7412251148 838910 84999  7492
22.718680667 7413082719 831571 85005  7422
22.730669092 7413922552 839833 84992  7577
22.742668054 7414757374 834822 85015  7543
22.754690643 7415603612 846238 85004  7724
22.766669994 7416440506 836894 85019  7614
22.778679757 7417287489 846983 85011  7767
22.790681722 7418146478 858989 84989  7948
22.802668003 7419005097 858619 85013  7963
22.814668712 7419878314 873217 85002  8165
22.826680108 7420754552 876238 84992  8216
22.838668766 7421631523 876971 85001  8227
22.850680145 7422505791 874268 84998  8204
22.862666856 7423394260 888469 84992  8402
22.874667872 7424271766 877506 84996  8261
22.886678634 7425166641 894875 84986  8499
22.898680239 7426064216 897575 84993  8542
22.910689115 7426963270 899054 84992  8564
22.922670032 7427861775 898505 85003  8561
22.934668028 7428772457 910682 85002  8724
22.946679796 7429677513 905056 84997  8656
22.958667725 7430596981 919468 85002  8854
22.970668440 7431505087 908106 85010  8703
22.982679112 7432426354 921267 85025  8878
22.994682794 7433347276 920922 84992  8875
23.006668392 7434269513 922237 85006  8891
23.018668581 7435191279 921766 85003  8885
23.030679563 7436121912 930633 84996  9012
23.042681098 7437053924 932012 84985  9040
23.054670373 7437981425 927501 84988  8974
23.066677899 7438921735 940310 84994  9150
23.078681897 7439853169 931434 85003  9020
23.090669655 7440787946 934777 85002  9076
23.102669057 7441726951 939005 84990  9130
23.114666759 7442668043 941092 85014  9150
23.126680878 7443611178 943135 84993  9192
23.138680426 7444553966 942788 85000  9182
23.150669412 7445496517 942551 85000  9181
23.162667344 7446438693 942176 85009  9186
23.174681592 7447386633 947940 84984  9252
23.186680564 7448331579 944946 84997  9212
23.198666632 7449274594 943015 84990  9197
23.210668117 7450227733 953139 84999  9337
23.222680776 7451171560 943827 85004  9207
23.234689841 7452124742 953182 85008  9331
23.246669507 7453078735 953993 85003  9341
23.258669942 7454027749 949014 85013  9277
23.270668341 7454972780 945031 85004  9221
23.282667239 7455923350 950570 84990  9289
23.294682074 7456875203 951853 85007  9315
23.306680816 7457826680 951477 85002  9308
23.318681899 7458778037 951357 85006  9316
23.330668123 7459735159 957122 85009  9386
23.342667245 7460693900 958741 85000  9414
23.354668714 7461644640 950740 84987  9307
23.366666999 7462593702 949062 84993  9282
23.378681254 7463554788 961086 85002  9443
23.390679276 7464504408 949620 84999  9286
23.402681925 7465465810 961402 85024  9446
23.414680266 7466416224 950414 85019  9295
23.426682398 7467377873 961649 84996  9453
23.438681127 7468327096 949223 84979  9283
23.450680759 7469287640 960544 84993  9455
23.462668884 7470248894 961254 85004  9448
23.474669546 7471205124 956230 84994  9369
23.486667944 7472156032 950908 84998  9306
23.498681100 7473114389 958357 85006  9408
23.510680521 7474074486 960097 84995  9435
23.522680813 7475033548 959062 84991  9416
23.534679808 7475993971 960423 84995  9433
23.546676940 7476955389 961418 84992  9445
23.558681112 7477916856 961467 84994  9446
23.570668757 7478882145 965289 84995  9494
23.582667276 7479848189 966044 84992  9525
23.594681422 7480808753 960564 85024  9443
23.606669149 7481768478 959725 85002  9422
23.618666561 7482735510 967032 84987  9529
23.630681777 7483699435 963925 84995  9507
23.642681812 7484659482 960047 85002  9463
23.654682664 7485630913 971431 84994  9606
23.666667616 7486591172 960259 85002  9434
23.678670961 7487562633 971461 84998  9596
23.690668750 7488522045 959412 84992  9421
23.702675361 7489491497 969452 84995  9554
23.714681850 7490461694 970197 85000  9566
23.726669058 7491419827 958133 85001  9411
23.738682227 7492390534 970707 85011  9578
23.750680352 7493359784 969250 84990  9563
23.762667811 7494326422 966638 84982  9519
23.774665550 7495289297 962875 85006  9480
23.786680275 7496258216 968919 84990  9552
23.798668746 7497227521 969305 84987  9562
23.810680499 7498197407 969886 85015  9572
23.822681183 7499165793 968386 85016  9546
23.834681029 7500133104 967311 85008  9539
23.846680864 7501099618 966514 84988  9521
23.858668489 7502065955 966337 84983  9522
23.870672235 7503033390 967435 84992  9518
23.882669359 7504000851 967461 85018  9534
23.894667114 7504970004 969153 85005  9549
23.906682016 7505948515 978511 85018  9694
23.918667888 7506915803 967288 84989  9598
23.930682434 7507883150 967347 85004  9604
23.942682429 7508850400 967250 85004  9531
23.954670051 7509828123 977723 84990  9670
23.966681490 7510794364 966241 85016  9528
23.978669695 7511760751 966387 85003  9521
23.990669426 7512736764 976013 85004  9652
24.002668351 7513702370 965606 84995  9505
24.014668577 7514679520 977150 85001  9671
24.026695596 7515645288 965768 84999  9504
24.038668097 7516623509 978221 85023  9685
24.050682346 7517590113 966604 84998  9520
24.062680608 7518566940 976827 84995  9666
24.074668990 7519534095 967155 84998  9535
24.086682159 7520510170 976075 84997  9655
24.098670940 7521485813 975643 84993  9660
24.110668585 7522449535 963722 84993  9482
24.122680094 7523425521 975986 85002  9652
24.134669446 7524400405 974884 84996  9640
24.146679988 7525376774 976369 84999  9680
24.158682906 7526339388 962614 84992  9471
24.170681888 7527315521 976133 85005  9662
24.182689817 7528291596 976075 85002  9657
24.194669498 7529266976 975380 85009  9655
24.206680241 7530241804 974828 84995  9635
24.218669532 7531216053 974249 84991  9625
24.230668811 7532190614 974561 84994  9632
24.242681863 7533160937 970323 84989  9579
24.254669561 7534131194 970257 84993  9572
24.266681833 7535102966 971772 85008  9596
24.278681879 7536076626 973660 84995  9620
24.290680477 7537052072 975446 85020  9639
24.302680913 7538023951 971879 85007  9601
24.314668100 7538995917 971966 84998  9599
24.326669312 7539966975 971058 85002  9595
24.338676054 7540938623 971648 85001  9592
24.350668243 7541910519 971896 85003  9591
24.362680512 7542882056 971537 85014  9590
24.374666919 7543857366 975310 85000  9642
24.386680262 7544835091 977725 84985  9675
24.398669717 7545805877 970786 85000  9579
24.410680742 7546775549 969672 84996  9569
24.422680747 7547748554 973005 84994  9614
24.434667999 7548726258 977704 85018  9681
24.446669485 7549694038 967780 85016  9541
24.458709360 7550661909 967871 84992  9543
24.470681732 7551640801 978892 85009  9694
24.482668680 7552606316 965515 85009  9504
24.494667795 7553581166 974850 85011  9651
24.506688511 7554549472 968306 85004  9543
24.518682409 7555514285 964813 84999  9510
24.530681601 7556490619 976334 85018  9666
24.542680820 7557453434 962815 85000  9474
24.554669848 7558429031 975597 85006  9665
24.566681834 7559391386 962355 85003  9465
24.578682075 7560366628 975242 84997  9645
24.590668613 7561327359 960731 85001  9445
24.602680319 7562301285 973926 84994  9634
24.614667324 7563268986 967701 85001  9548
24.626679299 7564236270 967284 85010  9532
24.638680751 7565209843 973573 85019  9621
24.650679947 7566168787 958944 85000  9430
24.662689015 7567140270 971483 84984  9587
24.674670126 7568111399 971129 84999  9601
24.686669735 7569068231 956832 85005  9396
24.698680835 7570038370 970139 85001  9572
24.710679652 7571007945 969575 84991  9566
24.722668024 7571973423 965478 84999  9516
24.734669213 7572933153 959730 84997  9430
24.746669578 7573901404 968251 84997  9549
24.758681147 7574869665 968261 84998  9544
24.770680189 7575837786 968121 85003  9552
24.782680211 7576796289 958503 85009  9410
24.794667645 7577759114 962825 85021  9471
24.806667324 7578725599 966485 85007  9522
24.818676316 7579691738 966139 84997  9518
24.830673428 7580657671 965933 84999  9513
24.842681083 7581624122 966451 84999  9517
24.854682595 7582590130 966008 84998  9522
24.866668454 7583555454 965324 84989  9495
24.878668229 7584520304 964850 85007  9501
24.890680614 7585486111 965807 85003  9509
24.902681859 7586450202 964091 85002  9496
24.914669831 7587413667 963465 85003  9542
24.926669540 7588377318 963651 84989  9484
24.938667922 7589342325 965007 84989  9535
24.950681497 7590307041 964716 84998  9491
24.962678979 7591271323 964282 84988  9486
24.974681220 7592235888 964565 85009  9503
24.986688130 7593199513 963625 84996  9471
24.998685088 7594162797 963284 84988  9481
25.010668536 7595125803 963006 84986  9459
25.022669105 7596088406 962603 84998  9463
25.034681850 7597049770 961364 84985  9442
25.046680832 7598015817 966047 84998  9516
25.058669984 7598989312 973495 84998  9618
25.070668662 7599951314 962002 84993  9450
25.082668560 7600912204 960890 85002  9434
25.094680493 7601873149 960945 84993  9463
25.106669441 7602837225 964076 85009  9485
25.118666943 7603810435 973210 85007  9608
25.130667312 7604770880 960445 85004  9452
25.142676977 7605730950 960070 85007  9437
25.154670282 7606699116 968166 85015  9543
25.166682291 7607665903 966787 85005  9521
25.178681803 7608625239 959336 84992  9418
25.190681491 7609587093 961854 85004  9454
25.202668713 7610560514 973421 85000  9608
25.214667988 7611520782 960268 85003  9434
25.226682470 7612487757 966975 84987  9539
25.238681135 7613458055 970298 85010  9585
25.250667790 7614419406 961351 84995  9450
25.262668742 7615396136 976730 84994  9662
25.274667097 7616357159 961023 85001  9442
25.286681652 7617330217 973058 85004  9608
25.298688381 7618295029 964812 84996  9519
25.310683260 7619258505 963476 84998  9475
25.322680872 7620232495 973990 84992  9655
25.334669254 7621193301 960806 85007  9458
25.346668765 7622168450 975149 84991  9640
25.358669344 7623129432 960982 84980  9444
25.370680739 7624103567 974135 85003  9639
25.382680827 7625069316 965749 84993  9507
25.394668399 7626039652 970336 85004  9574
25.406682078 7627014516 974864 85012  9644
25.418681473 7627973845 959329 85005  9428
25.430669318 7628950222 976377 85003  9661
25.442681374 7629910104 959882 85005  9436
25.454691159 7630884967 974863 84999  9630
25.466681247 7631859130 974163 85006  9623
25.478669232 7632818581 959451 85006  9427
25.490668918 7633793195 974614 84998  9631
25.502680793 7634758193 964998 84995  9500
25.514682188 7635726969 968776 85020  9552
25.526681027 7636701484 974515 84994  9633
25.538669846 7637670592 969108 85021  9554
25.550666924 7638633780 963188 85001  9482
25.562680446 7639607464 973684 85004  9615
25.574680508 7640580806 973342 84984  9623
25.586669293 7641538333 957527 85005  9393
25.598668501 7642511424 973091 85005  9607
25.610668040 7643483985 972561 84990  9622
25.622689219 7644457048 973063 85004  9638
25.634668187 7645415574 958526 85022  9422
25.646668605 7646387780 972206 85004  9623
25.658681878 7647360945 973165 85004  9621
25.670681547 7648333682 972737 85005  9610
25.682668691 7649306593 972911 85000  9611
25.694680033 7650225159 918566 85003  3220
25.706675478 7651124417 899258 84994  96
25.718678967 7652023000 898583 85003  100
25.730667822 7652922201 899201 84994  104
25.742680038 7653821690 899489 84998  104
25.754670422 7654721430 899740 84990  96
25.766680037 7655633322 911892 85003  39
25.778689367 7656534269 900947 85004  45
25.790680735 7657434011 899742 84988  50
25.802679870 7658333830 899819 84998  48
25.814668945 7659234805 900975 84987  56
25.826667876 7660134979 900174 85000  55
25.838668432 7661048906 913927 84985  36
25.850672638 7661948366 899460 84995  48
25.862681009 7662847929 899563 84984  51
25.874680611 7663747478 899549 84998  44
25.886666876 7664660414 912936 84987  46
25.898684495 7665560896 900482 84983  42
25.910668157 7666459375 898479 84991  46
25.922679642 7667358944 899569 84995  44
25.934676554 7668272729 913785 84990  41
25.946670512 7669171477 898748 84998  45
25.958679954 7670069543 898066 85001  45
25.970667723 7670982475 912932 84995  35
25.982680635 7671880963 898488 85000  38
25.994668477 7672782416 901453 84999  52
26.006679319 7673696391 913975 84984  52
26.018682671 7674596721 900330 84986  47
26.030668766 7675511343 914622 85012  37
26.042669550 7676410708 899365 85010  39
26.054681093 7677311389 900681 84971  47
26.066668131 7678224247 912858 84985  34
26.078668550 7679123908 899661 84994  50
26.090676235 7680037780 913872 84991  42
26.102681744 7680936648 898868 84995  44
26.114680342 7681849444 912796 84999  41
26.126668900 7682746693 897249 85009  48
26.138679523 7683658851 912158 84992  41
26.150668607 7684556487 897636 85003  49
26.162680326 7685469391 912904 84994  33
26.174670491 7686366624 897233 84998  44
26.186668423 7687278723 912099 84989  40
26.198678805 7688176035 897312 85001  53
26.210681151 7689087141 911106 84984  45
26.222663458 7689994383 907242 84988  52
26.234680641 7690895571 901188 84997  45
26.246680416 7691806966 911395 84984  42
26.258695252 7692703353 896387 84992  57
26.270668436 7693615254 911901 84994  45
26.282669128 7694527634 912380 85023  47
26.294682120 7695425340 897706 85002  47
26.306668091 7696337153 911813 84998  40
26.318681501 7697242375 905222 85000  45
26.330667869 7698145613 903238 84980  46
26.342681621 7699057517 911904 85005  37
26.354668946 7699965813 908296 84998  56
26.366670121 7700864426 898613 84985  50
26.378668570 7701776370 911944 84997  42
26.390680199 7702687587 911217 84986  40
26.402669330 7703584099 896512 84989  42
26.414676386 7704494748 910649 84997  43
26.426668860 7705405520 910772 84993  43
26.438681566 7706317499 911979 85006  50
26.450682384 7707215100 897601 84990  56
26.462668423 7708126285 911185 84991  40
26.474681358 7709037984 911699 84995  46
26.486668587 7709949281 911297 85003  67
26.498679819 7710861022 911741 84992  52
26.510670618 7711757799 896777 84996  55
26.522668365 7712668527 910728 85008  40
26.534680717 7713579922 911395 84995  41
26.546681869 7714491463 911541 85008  59
26.558667895 7715403115 911652 84995  69
26.570682197 7716315037 911922 84993  76
26.582682522 7717222690 907653 84989  108
26.594681907 7718126547 903857 84992  50
26.606668558 7719038973 912426 84984  46
26.618681781 7719951280 912307 84998  64
26.630682253 7720864066 912786 84998  45
26.642663364 7721776342 912276 84978  52
26.654682823 7722688727 912385 84990  64
26.666668345 7723601774 913047 85004  42
26.678669310 7724514519 912745 85001  58
26.690680496 7725427400 912881 84991  46
26.702670243 7726340936 913536 85004  51
26.714681820 7727254531 913595 85004  43
26.726689684 7728167330 912799 84987  48
26.738669946 7729079805 912475 84990  49
26.750682041 7729991894 912089 84983  48
26.762667837 7730904602 912708 84993  53
26.774680702 7731818120 913518 85002  45
26.786682774 7732732445 914325 85000  42
26.798668835 7733647266 914821 84998  57
26.810680851 7734562073 914807 84990  50
26.822667989 7735476995 914922 84995  80
26.834680691 7736392234 915239 85004  80
26.846668776 7737307580 915346 85009  62
26.858668822 7738222287 914707 85021  60
26.870680454 7739137457 915170 84982  58
26.882668062 7740052704 915247 84992  51
26.894675404 7740967031 914327 84998  51
26.906680149 7741881948 914917 84996  49
26.918680744 7742807874 925926 85013  51
26.930669256 7743725746 917872 85015  52
26.942681708 7744640585 914839 85006  52
26.954683850 7745555035 914450 84999  54
26.966680645 7746469690 914655 84994  51
26.978669011 7747384334 914644 84997  49
26.990667382 7748299031 914697 84975  47
27.002667667 7749227648 928617 85004  41
27.014668439 7750142949 915301 84992  61
27.026680684 7751057902 914953 84982  73
27.038680456 7751972930 915028 85000  78
27.050689912 7752888676 915746 84982  69
27.062668950 7753819182 930506 85008  85
27.074670729 7754735604 916422 84990  56
27.086668967 7755652500 916896 84996  66
27.098682066 7756568855 916355 84991  59
27.110682161 7757490466 921611 85000  61
27.122667779 7758415619 925153 84988  61
27.134668338 7759331438 915819 84998  87
27.146679753 7760247861 916423 84997  56
27.158680612 7761175098 927237 84992  62
27.170681477 7762095161 920063 84986  52
27.182681506 7763011856 916695 84993  47
27.194668860 7763928679 916823 85003  70
27.206677636 7764858879 930200 84990  70
27.218667968 7765775602 916723 84996  66
27.230679226 7766692907 917305 85003  57
27.242682812 7767624308 931401 84990  76
27.254681804 7768542111 917803 84984  68
27.266668048 7769459162 917051 84995  59
27.278668167 7770390487 931325 84990  59
27.290681483 7771307396 916909 84982  50
27.302680981 7772224406 917010 84994  76
27.314667496 7773156021 931615 84997  64
27.326668938 7774074146 918125 85000  75
27.338668297 7775000908 926762 84989  61
27.350669952 7775924069 923161 84990  49
27.362687657 7776842635 918566 84998  63
27.374680596 7777775114 932479 84990  88
27.386682044 7778693195 918081 84994  64
27.398668796 7779624240 931045 84987  63
27.410668631 7780543876 919636 84985  78
27.422669410 7781461990 918114 85002  80
27.434680272 7782394247 932257 84998  137
27.446681724 7783313273 919026 85001  162
27.458669282 7784245829 932556 85003  128
27.470668291 7785163943 918114 84993  107
27.482680285 7786096202 932259 84991  137
27.494680294 7787014846 918644 84995  88
27.506682486 7787947069 932223 84996  107
27.518681231 7788865143 918074 84997  213
27.530682393 7789796720 931577 84993  122
27.542682635 7790715089 918369 85004  83
27.554681591 7791647345 932256 84994  141
27.566680528 7792568042 920697 84987  135
27.578680500 7793502465 934423 85004  88
27.590681779 7794423378 920913 84991  127
27.602670171 7795356998 933620 84993  89
27.614682673 7796277858 920860 84997  117
27.626669632 7797212732 934874 85025  159
27.638680227 7798132776 920044 84983  159
27.650667412 7799066881 934105 84992  124
27.662669703 7799996622 929741 84988  130
27.674666939 7800922538 925916 85001  114
27.686680644 7801856547 934009 84996  114
27.698681036 7802776792 920245 84989  156
27.710668038 7803710768 933976 84992  182
27.722681420 7804632590 921822 85001  129
27.734679082 7805565140 932550 85004  104
27.746668813 7806499514 934374 85005  144
27.758668822 7807420037 920523 84982  137
27.770681868 7808353815 933778 84986  130
27.782681229 7809286741 932926 84991  118
27.794683374 7810208924 922183 84986  118
27.806667913 7811143750 934826 84982  150
27.818679815 7812069170 925420 84989  126
27.830681367 7813001900 932730 84989  166
27.842690852 7813937920 936020 84996  122
27.854686268 7814862581 924661 84994  148
27.866667349 7815796103 933522 84995  177
27.878681214 7816731766 935663 84997  145
27.890667559 7817661094 929328 85003  117
27.902680601 7818589015 927921 84998  120
27.914680983 7819523890 934875 84992  118
27.926682989 7820459218 935328 84987  123
27.938671213 7821381584 922366 84992  165
27.950680625 7822317734 936150 84990  114
27.962681114 7823253686 935952 84997  129
27.974680869 7824180693 927007 84999  100
27.986679571 7825112001 931308 84988  115
27.998678873 7826047826 935825 84990  101
28.010669541 7826984225 936399 85000  87
28.022669043 7827908995 924770 84998  141
28.034682956 7828843854 934859 85000  113
28.046681933 7829780468 936614 84997  102
28.058683019 7830716352 935884 84995  126
28.070666837 7831650721 934369 85004  116
28.082669343 7832578639 927918 84991  117
28.094681068 7833516779 938140 84998  124
28.106669913 7834454965 938186 84995  106
28.118667578 7835392784 937819 84981  102
28.130681836 7836323003 930219 85001  124
28.142664665 7837256369 933366 84996  135
28.154668290 7838194242 937873 84991  110
28.166678546 7839132797 938555 84990  111
28.178668854 7840071306 938509 84989  227
28.190681023 7841010011 938705 85004  141
28.202667734 7841936386 926375 84984  137
28.214669094 7842874755 938369 84993  119
28.226682369 7843813017 938262 84995  137
28.238667673 7844752484 939467 84999  99
28.250680945 7845690832 938348 84995  104
28.262670517 7846629225 938393 84994  109
28.274680996 7847567597 938372 84983  99
28.286669631 7848494549 926952 84993  121
28.298668840 7849433733 939184 84996  99
28.310682098 7850374881 941148 85002  109
28.322692764 7851315987 941106 84993  120
28.334681205 7852256897 940910 84991  135
28.346681840 7853198082 941185 84980  130
28.358681316 7854139245 941163 84999  88
28.370680411 7855081076 941831 85007  104
28.382669653 7856022586 941510 84983  121
28.394668274 7856965455 942869 84982  120
28.406667759 7857901248 935793 85007  153
28.418669111 7858837057 935809 84988  117
28.430681573 7859778745 941688 84994  104
28.442669422 7860720933 942188 84998  128
28.454682157 7861662611 941678 85006  97
28.466681193 7862604097 941486 84993  159
28.478678415 7863546138 942041 84999  174
28.490666929 7864488555 942417 85000  131
28.502668094 7865430621 942066 85005  173
28.514682203 7866372894 942273 85003  202
28.526682118 7867315570 942676 85000  155
28.538680874 7868259242 943672 84999  126
28.550680666 7869203943 944701 84994  154
28.562679098 7870148324 944381 84999  177
28.574667309 7871092813 944489 84994  163
28.586680625 7872037217 944404 85003  254
28.598668603 7872981607 944390 84997  185
28.610668125 7873926701 945094 84993  148
28.622681627 7874871856 945155 84995  184
28.634681852 7875817013 945157 85002  237
28.646676704 7876762370 945357 85006  151
28.658679996 7877707662 945292 84992  103
28.670680585 7878653039 945377 85008  163
28.682681193 7879599476 946437 84999  179
28.694669991 7880546460 946984 85003  271
28.706670596 7881492973 946513 84985  196
28.718681635 7882439739 946766 85013  220
28.730669004 7883386894 947155 85009  173
28.742679936 7884342814 955920 85002  214
28.754669144 7885294480 951666 85002  160
28.766680996 7886243972 949492 84990  222
28.778680684 7887194448 950476 84998  161
28.790667589 7888144753 950305 84999  146
28.802677148 7889094601 949848 84987  190
28.814680830 7890044233 949632 85010  246
28.826667425 7890995753 951520 84995  271
28.838669464 7891947136 951383 85008  330
28.850669083 7892898895 951759 84996  199
28.862681631 7893852037 953142 84998  288
28.874681803 7894814162 962125 84997  403
28.886670214 7895766447 952285 85006  325
28.898680900 7896719327 952880 85026  393
28.910666972 7897672434 953107 84993  255
28.922680397 7898626200 953766 84998  323
28.934668709 7899579776 953576 84996  204
28.946670518 7900533964 954188 84995  420
28.958688883 7901498151 964187 85000  179
28.970681834 7902452852 954701 84991  215
28.982668209 7903407906 955054 85002  211
28.994681241 7904363378 955472 84989  150
29.006681853 7905319214 955836 84996  441
29.018681965 7906275369 956155 84995  295
29.030670304 7907240363 964994 84998  455
29.042681299 7908197145 956782 85006  510
29.054681308 7909153431 956286 84995  645
29.066669292 7910110038 956607 84992  570
29.078679324 7911067637 957599 85003  251
29.090669556 7912034888 967251 85004  374
29.102681845 7912993244 958356 85006  356
29.114689947 7913951776 958532 84991  326
29.126680089 7914911075 959299 84992  354
29.138670960 7915870928 959853 84999  402
29.150682430 7916838788 967860 85001  590
29.162667454 7917799174 960386 85015  396
29.174669246 7918759137 959963 85010  712
29.186670785 7919720423 961286 85001  380
29.198683910 7920690244 969821 85002  278
29.210682512 7921652280 962036 84993  414
29.222668800 7922614000 961720 85003  196
29.234682333 7923575627 961627 84992  266
29.246666954 7924546070 970443 85001  426
29.258683172 7925509457 963387 85035  808
29.270669664 7926473137 963680 85004  379
29.282676463 7927437783 964646 85000  822
29.294681418 7928408869 971086 85001  689
29.306682337 7929372438 963569 84989  298
29.318667465 7930336107 963669 85015  637
29.330680378 7931308027 971920 84998  369
29.342681195 7932273967 965940 85008  414
29.354682831 7933240036 966069 84991  228
29.366670323 7934212107 972071 84996  440
29.378669361 7935180096 967989 84996  432
29.390681450 7936145375 965279 85013  469
29.402669231 7937111299 965924 84991  403
29.414681081 7938084995 973696 85000  442
29.426669258 7939051686 966691 85000  373
29.438691605 7940018274 966588 84997  401
29.450682472 7940992006 973732 84990  293
29.462668961 7941957431 965425 84997  334
29.474670150 7942924447 967016 85003  308
29.486680695 7943899062 974615 84998  324
29.498667603 7944868016 968954 84987  319
29.510669319 7945838485 970469 84997  206
29.522671123 7946813070 974585 84989  442
29.534683782 7947781301 968231 84992  351
29.546680491 7948756724 975423 84997  317
29.558668283 7949725904 969180 85007  308
29.570681621 7950695493 969589 84994  455
29.582662916 7951671691 976198 84994  359
29.594695565 7952642230 970539 84992  237
29.606669143 7953612325 970095 84994  463
29.618668695 7954589093 976768 85002  359
29.630682540 7955559936 970843 84992  595
29.642682726 7956537091 977155 84998  354
29.654670878 7957508569 971478 85005  603
29.666680013 7958480191 971622 84999  354
29.678681788 7959457194 977003 85003  316
29.690667929 7960428108 970914 84998  323
29.702680369 7961405944 977836 85004  358
29.714681351 7962377530 971586 85000  474
29.726680802 7963355273 977743 84996  458
29.738669824 7964327438 972165 84990  420
29.750687729 7965298751 971313 84992  336
29.762671398 7966277486 978735 85001  388
29.774668900 7967250052 972566 84998  266
29.786668531 7968229061 979009 85019  387
29.798683707 7969201898 972837 84989  646
29.810670662 7970181122 979224 84995  321
29.822681264 7971153368 972246 84993  429
29.834680092 7972131909 978541 84995  367
29.846679764 7973104748 972839 84997  363
29.858681536 7974077202 972454 84996  846
29.870668971 7975055909 978707 84997  296
29.882667893 7976029295 973386 85012  300
29.894669648 7977007531 978236 85004  566
29.906680580 7977980680 973149 85000  411
29.918675949 7978959391 978711 84995  340
29.930681714 7979932285 972894 85006  450
29.942680346 7980911697 979412 84993  399
29.954683851 7981885153 973456 84990  519
29.966681803 7982863624 978471 84990  538
29.978683342 7983836679 973055 84998  387
29.990674510 7984815552 978873 85000  402
30.002667418 7985788907 973355 84999  301
30.014681884 7986767727 978820 84998  474
30.026668712 7987741190 973463 85011  339
30.038670214 7988719487 978297 84998  308
30.050681826 7989692574 973087 84990  355
30.062681352 7990671752 979178 84995  261
30.074676546 7991645325 973573 84995  426
30.086680695 7992624294 978969 84995  265
30.098665990 7993603809 979515 85002  395
30.110668422 7994576995 973186 85006  364
30.122669777 7995555925 978930 84992  361
30.134682676 7996529318 973393 84996  292
30.146666257 7997508310 978992 85007  315
30.158680106 7998481458 973148 85003  389
30.170678954 7999461328 979870 84998  416
30.182668826 8000434644 973316 85010  427
30.194683658 8001414032 979388 85001  394
30.206668707 8002393481 979449 84996  335
30.218666251 8003367074 973593 84995  435
30.230679794 8004346746 979672 85005  404
30.242682180 8005320995 974249 84993  475
30.254667227 8006300232 979237 84997  448
30.266680653 8007274483 974251 84999  410
30.278680488 8008253042 978559 84995  441
30.290680313 8009232399 979357 85000  440
30.302667535 8010205611 973212 85007  656
30.314669354 8011184936 979325 84997  392
30.326669129 8012158691 973755 85002  557
30.338667364 8013137509 978818 84996  438
30.350680849 8014116494 978985 84989  456
30.362668928 8015090008 973514 85001  444
30.374681346 8016069446 979438 84997  365
30.386676968 8017049097 979651 85001  460
30.398668674 8018022454 973357 84996  796
30.410668656 8019001972 979518 85000  548
30.422681177 8019975465 973493 85003  485
30.434669152 8020955254 979789 84994  425
30.446670207 8021934961 979707 84993  554
30.458680626 8022908582 973621 84998  461
30.470682661 8023887833 979251 84990  507
30.482669243 8024867643 979810 85003  490
30.494701275 8025842475 974832 85012  453
30.506680073 8026822181 979706 85003  478
30.518668015 8027801941 979760 84982  480
30.530667287 8028776145 974204 85002  551
30.542668132 8029755461 979316 84995  533
30.554689144 8030735256 979795 84993  589
30.566683063 8031709254 973998 85004  496
30.578679892 8032689080 979826 84991  544
30.590667934 8033668915 979835 85004  492
30.602680089 8034643578 974663 84999  554
30.614681577 8035623231 979653 84996  519
30.626670679 8036603550 980319 84998  465
30.638671097 8037578137 974587 84995  484
30.650680116 8038558514 980377 85004  537
30.662671789 8039538478 979964 84991  485
30.674667343 8040516507 978029 85003  526
30.686668561 8041493376 976869 84985  480
30.698680700 8042473488 980112 84992  440
30.710689578 8043453955 980467 85009  531
30.722668267 8044429153 975198 85007  560
30.734665922 8045409294 980141 84994  486
30.746669248 8046390630 981336 85004  488
30.758680103 8047368585 977955 84996  534
30.770669627 8048345566 976981 84995  529
30.782668513 8049326279 980713 85000  469
30.794681032 8050306542 980263 84992  581
30.806681767 8051281934 975392 85000  476
30.818668362 8052263029 981095 84999  564
30.830681984 8053243369 980340 84995  476
30.842678779 8054224748 981379 84997  542
30.854667978 8055201018 976270 84997  503
30.866676993 8056182908 981890 84997  518
30.878669781 8057164383 981475 84986  472
30.890680410 8058146355 981972 85000  581
30.902683552 8059122744 976389 84994  555
30.914668780 8060104828 982084 84998  532
30.926667399 8061087693 982865 85005  458
30.938680981 8062070682 982989 85006  577
30.950680210 8063051506 980824 85001  498
30.962668624 8064033210 981704 84992  464
30.974667449 8065017666 984456 84990  499
30.986681928 8066002937 985271 85006  557
30.998667827 8066988362 985425 84987  441
31.010667012 8067970725 982363 84986  536
31.022689961 8068957857 987132 84993  558
31.034681923 8069945380 987523 84989  470
31.046681938 8070934220 988840 84997  728
31.058670452 8071928019 993799 85000  456
31.070667491 8072924667 996648 84997  723
31.082670550 8073925251 1000584 85002  804
31.094679818 8074926439 1001188 84996  465
31.106669150 8075927496 1001057 84995  629
31.118667105 8076928067 1000571 85001  712
31.130681344 8077928797 1000730 84993  522
31.142681190 8084427898 6499101 84991  25461
31.154672024 8090130479 5702581 84992  25344
31.166682256 8096328308 6197829 77915  30490
31.177680650 8101298487 4970179 84987  24157
31.189678552 8105710221 4411734 84982  37954
31.201671734 8112439866 6729645 77909  32713
31.212680755 8116611886 4172020 77923  21816
31.223680506 8123498877 6886991 77899  33825
31.234670087 8125320684 1821807 84995  21676
31.246681976 8126949857 1629173 77926  64904
31.257681043 8131361611 4411754 77897  52928
31.268671687 8138022069 6660458 84996  30848
31.280669729 8143428856 5406787 77910  28061
31.291682936 8149211710 5782854 84989  25271
31.303672738 8151060092 1848382 85008  30273
31.315670760 8158261932 7201840 77910  36098
31.326681731 8163081061 4819129 84997  22984
31.338690673 8170409315 7328254 84993  36836
31.350672548 8173491704 3082389 84998  21267
31.362670684 8175278955 1787251 85019  62345
31.374673862 8176956605 1677650 85017  73419
31.386671207 8178695400 1738795 77917  77717
31.397671331 8180434298 1738898 77884  77723
31.408681586 8185914833 5480535 85014  38013
31.420680861 8191622113 5707280 84997  25922
31.432668596 8197611484 5989371 77911  30025
31.443670294 8202850222 5238738 84996  24326
31.455669419 8206918767 4068545 85011  40218
31.467669650 8213991349 7072582 77921  34114
31.478682295 8218357896 4366547 77914  20430
31.489695850 8225038330 6680434 77900  32698
31.500668566 8226856581 1818251 85010  14199
31.512669668 8228643655 1787074 84998  73876
31.524671094 8233645387 5001732 77919  51755
31.535669438 8239742042 6096655 85008  26811
31.547671680 8245378729 5636687 84983  26171
31.559682078 8251082887 5704158 84996  24867
31.571683824 8253620991 2538104 77926  40034
31.582668288 8261033014 7412023 84995  36229
31.594681143 8265780448 4747434 77904  21295
31.605669444 8272088295 6307847 77911  30475
31.616669391 8275053911 2965616 85018  17023
31.628670906 8276840985 1787074 85003  69611
31.640690858 8278518411 1677426 85014  75045
31.652681467 8280415110 1896699 85022  84777
31.664668269 8282237006 1821896 85024  79205
31.676682974 8283943551 1706545 85015  74548
31.688681269 8285840474 1896923 85011  84790
31.700669394 8287579310 1738836 77905  77733
31.711681249 8289318208 1738898 77872  77728
31.722683753 8291057778 1739570 77906  77758
31.733682957 8295316291 4258513 77913  45476
31.744679414 8301815117 6498826 85002  29593
31.756679190 8307500998 5685881 84997  26035
31.768681695 8313207160 5706162 84994  25624
31.780673670 8315753621 2546461 77913  34155
31.791681994 8322976885 7223264 84982  34924
31.803690833 8327948710 4971825 77899  22731
31.814669607 8334462835 6514125 77916  32393
31.825679761 8337254267 2791432 85005  18147
31.837670983 8339041313 1787046 84994  69174
31.849681935 8343595465 4554152 84990  58872
31.861670340 8350259586 6664121 84995  30867
31.873670495 8355778557 5518971 77917  30291
31.884683846 8361485108 5706551 85005  24905
31.896680105 8363959438 2474330 85009  28485
31.908671013 8370682438 6723000 77904  35001
31.919669434 8375079494 4397056 77904  18569
31.930680422 8381718138 6638644 77912  34171
31.941669819 8385455853 3737715 85006  22823
31.953675484 8387242703 1786850 85008  57305
31.965683310 8388920332 1677629 85019  75883
31.977669618 8390817052 1896720 85016  84792
31.989681550 8392713975 1896923 85019  84812
32.001683592 8398204324 5490349 85001  34584
32.013669050 8403894095 5689771 85000  26260
32.025683649 8410020177 6126082 77910  32509
32.036684614 8415065818 5045641 84995  26132
32.048671111 8419332582 4266764 85005  41614
32.060670767 8426219324 6886742 77916  34263
32.071680198 8430615683 4396359 77925  21436
32.082667272 8437254460 6638777 77908  31726
32.093682126 8439073305 1818845 85008  16596
32.105692155 8440860379 1787074 85017  73129
32.117682083 8446073992 5213613 77911  52936
32.128670234 8451951185 5877193 85001  25615
32.140669920 8457602808 5651623 85008  25072
32.152681698 8463287372 5684564 85003  28605
32.164672493 8465826281 2538909 77913  30116
32.175670947 8472959411 7133130 84997  34429
32.187681226 8477985978 5026567 77917  22694
32.198682614 8484312500 6326522 77903  30608
32.209668324 8487263019 2950519 85006  19852
32.221670160 8489050093 1787074 85016  66042
32.233683688 8490727295 1677202 85004  75106
32.245669533 8492623994 1896699 85008  84790
32.257669751 8494444630 1820636 85007  79155
32.269692887 8496151763 1707133 85004  74197
32.281680999 8498048686 1896923 85003  84805
32.293671961 8499945609 1896923 84998  84810
32.305670069 8501684162 1738553 77920  77729
32.316680000 8503419340 1735178 84996  73539
32.328685332 8504940425 1521085 85010  76932
32.340668207 8506678978 1738553 77911  77717
32.351681811 8508575677 1896699 84998  84791
32.363669027 8510472376 1896699 84995  84793
32.375669292 8512369075 1896699 84997  84798
32.387681184 8514108419 1739344 77892  77741
32.398680181 8515847989 1739570 77893  77753
32.409681412 8517588007 1740018 77900  77772
32.420682713 8519328131 1740124 77915  77778
32.431683024 8521067820 1739689 77892  77764
32.442670251 8522213825 1146005 84998  67474
32.454680854 8529338228 7124403 77901  34357
32.465668043 8533329174 3990946 77901  17507
32.476680532 8540390648 7061474 77913  34111
32.487668736 8544121355 3730707 84995  20146
32.499671268 8548628132 4506777 77920  40280
32.510681975 8555271344 6643212 84992  32153
32.522669614 8560642831 5371487 77918  27396
32.533670118 8566460408 5817577 85003  25615
32.545671000 8568172376 1711968 85007  25288
32.557668448 8570069299 1896923 85025  79595
32.569691070 8575606549 5537250 85003  38557
32.581679476 8581308408 5701859 84999  25925
32.593669373 8587762516 6454108 77916  31973
32.604670152 8592460729 4698213 85000  22046
32.616682387 8597124058 4663329 85004  43032
32.628670201 8603793343 6669285 84995  31430
32.640679940 8609317047 5523704 77922  27220
32.651673518 8615017340 5700293 85003  26889
32.663671099 8616754317 1736977 85002  34551
32.675683381 8618651016 1896699 85001  77522
32.687669843 8620328442 1677426 84998  75045
32.699670235 8622225365 1896923 85005  84812
32.711682434 8625389716 3164351 77921  60617
32.722672348 8631560907 6171191 77902  29179
32.733683666 8636545298 4984391 77916  26122
32.744669433 8642610228 6064930 77907  28162
32.755684668 8645945345 3335117 85008  17788
32.767682096 8651581097 5635752 84985  44571
32.779671821 8657279353 5698256 85000  28965
32.791681720 8663666289 6386936 85013  31933
32.803682528 8668609834 4943545 85004  22234
32.815670150 8670361461 1751627 85008  53572
32.827671109 8673007522 2646061 85009  73056
32.839682401 8680090994 7083472 84988  34075
32.851683743 8685077888 4986894 77931  28585
32.862670603 8691225838 6147950 77915  29348
32.873682111 8694483379 3257541 84999  25193
32.885689473 8700094267 5610888 84987  39639
32.897672891 8705790411 5696144 84976  26315
32.909682573 8712069865 6279454 84991  31981
32.921685218 8717117239 5047374 84996  26696
32.933683783 8718866794 1749555 84998  48422
32.945673115 8720544444 1677650 85019  72973
32.957669044 8722441143 1896699 85001  84797
32.969681912 8724337842 1896699 85000  84805
32.981680478 8725971824 1633982 85016  70132
32.993668733 8727868523 1896699 85013  84801
33.005670474 8729765222 1896699 85018  84804
33.017681299 8731662145 1896923 85023  84810
33.029669531 8733558844 1896699 85011  84804
33.041677977 8737655798 4096954 77907  45231
33.052668077 8744317124 6661326 85003  30892
33.064682016 8749730194 5413070 77903  29054
33.075671197 8755505932 5775738 84993  25596
33.087670482 8757372658 1866726 85011  25535
33.099670664 8764606834 7234176 77921  36611
33.110679791 8769384654 4777820 84998  22780
33.122669923 8776710756 7326102 84996  35764
33.134680215 8779781763 3071007 84989  25591
33.146687027 8781568613 1786850 85005  64894
33.158684756 8786137743 4569130 85013  59070
33.170671701 8792817061 6679318 84988  31870
33.182669843 8798172754 5355693 77920  25019
33.193691994 8804009838 5837084 84993  26627
33.205672269 8805854665 1844827 85006  32344
33.217681697 8813224158 7369493 77925  38340
33.228683235 8817189289 3965131 77910  15591
33.239681836 8824257084 7067795 77923  35807
33.250672180 8827989005 3731921 85004  25452
33.262670675 8829776023 1787018 84997  54233
33.274683934 8831453673 1677650 85025  73036
33.286682936 8833350372 1896699 85008  84791
33.298667654 8835247295 1896923 85012  84814
33.310670736 8840716814 5469519 85003  39299
33.322668834 8846412186 5695372 84999  27807
33.334683456 8853028208 6616022 84997  36512
33.346679035 8857725021 4696813 84994  20797
33.358672114 8862393180 4668159 85014  46871
33.370683126 8869034879 6641699 84991  32569
33.382669000 8874375801 5340922 77911  25083
33.393666587 8880230489 5854688 84990  27673
33.405668559 8881943661 1713172 85001  37070
33.417684012 8883840584 1896923 85023  80801
33.429670140 8889444856 5604272 85019  38037
33.441667742 8895079021 5634165 85004  25392
33.453682504 8901560751 6481730 77917  32607
33.464679991 8906251118 4690367 84985  20284
33.476667440 8910169867 3918749 77925  40189
33.487669817 8917268178 7098311 77923  34881
33.498692239 8921258847 3990669 77915  17858
33.509681793 8928322883 7064036 77904  33968
33.520669520 8930140627 1817744 85003  18086
33.532683116 8931927477 1786850 85008  72897
33.544667610 8933604749 1677272 85019  75159
33.556671442 8935501154 1896405 85020  84792
33.568681025 8937144491 1643337 85022  70301
33.580681116 8939029371 1884880 84994  84789
33.592668951 8940926070 1896699 84993  84792
33.604668677 8942664847 1738777 77916  77736
33.615669061 8944561770 1896923 85000  84812
33.627680106 8946119577 1557807 85006  69606
33.639682425 8947818929 1699352 84995  83480
33.651670320 8949715852 1896923 85001  84814
33.663678885 8951612775 1896923 85005  84814
33.675669126 8953509698 1896923 85008  84811
33.687668872 8955406621 1896923 85007  84815
33.699670664 8957303544 1896923 85014  84814
33.711680072 8959200019 1896475 84993  84797
33.723681938 8961096942 1896923 85006  84812
33.735668473 8962993865 1896923 85004  84816
33.747669045 8964187253 1193388 85007  69580
33.759667899 8965709115 1521862 85021  84823
33.771670898 8967447892 1738777 77916  77729
33.782682892 8969344591 1896699 85005  84795
33.794680045 8971241290 1896699 85000  84794
33.806668259 8973138213 1896923 85009  84806
33.818680258 8975035136 1896923 85003  84794
33.830686950 8976932059 1896923 85010  84796
33.842669425 8978828982 1896923 85004  84797
33.854669564 8980567535 1738553 77914  77725
33.865681691 8982306115 1738580 77913  77726
33.876668282 8984045237 1739122 77885  77747
33.887668563 8985784163 1738926 77877  77738
33.898681651 8987523257 1739094 77896  77745
33.909679478 8989262155 1738898 77887  77723
33.920667859 8991001054 1738899 77892  77727
33.931681443 8992739952 1738898 77880  77738
33.942682184 8994478850 1738898 77885  77737
33.953679755 8996217748 1738898 77877  77726
33.964692899 8997956646 1738898 77881  77723
33.975681943 8999599054 1642408 84978  72437
33.987667619 9000318438 719384 84997  83120
33.999670807 9004339064 4020626 84999  71725
34.011679846 9010885381 6546317 77921  30602
34.022682720 9015421356 4535975 77910  20639
34.033679951 9022080007 6658651 84997  33407
34.045682896 9023904260 1824253 85009  27402
34.057680771 9030322649 6418389 77905  31855
34.068669182 9035405888 5083239 84999  21432
34.080668621 9042497559 7091671 77906  35363
34.091682171 9046228885 3731326 85004  17572
34.103681260 9048015959 1787074 85008  51122
34.115669109 9050788214 2772255 77933  65395
34.126676896 9058125846 7337632 84994  34818
34.138669251 9062666120 4540274 77920  20334
34.149669572 9069173169 6507049 77913  34365
34.160669669 9071943668 2770499 85002  23891
34.172681088 9077570124 5626456 85003  39606
34.184681943 9083273003 5702879 85000  26371
34.196667885 9089178064 5905061 77913  28700
34.207681999 9094470626 5292562 85007  22791
34.219681245 9096205615 1734989 84983  49156
34.231686180 9097882979 1677364 85007  73550
34.243669934 9099779348 1896369 84992  84775
34.255680633 9101676271 1896923 85016  84814
34.267668788 9106279719 4603448 77910  44897
34.278677417 9112694639 6414920 85003  28896
34.290681634 9118204954 5510315 77919  25209
34.301682033 9123890609 5685655 84996  25179
34.313670687 9126511484 2620875 85007  34874
34.325682342 9133073574 6562090 77913  30878
34.336667956 9137484653 4411079 77912  19621
34.347668468 9144100538 6615885 77918  32413
34.358669999 9147833220 3732682 85000  20255
34.370682437 9149620175 1786955 85007  60136
34.382683656 9152724836 3104661 77928  64969
34.393670577 9159019421 6294585 77908  29398
34.404667124 9164004612 4985191 77912  24337
34.415668008 9170188946 6184334 77908  28845
34.426679563 9173425354 3236408 84992  16231
34.438680725 9179033358 5608004 84985  40990
34.450683053 9184731587 5698229 84993  26129
34.462683391 9191087660 6356073 84994  34804
34.474681843 9196062796 4975136 84996  24226
34.486670462 9197816831 1754035 85001  56698
34.498682550 9199494369 1677538 85010  72504
34.510682779 9201391180 1896811 85010  84805
34.522680271 9203288103 1896923 85009  84815
34.534682086 9204921413 1633310 85008  72122
34.546681601 9206817888 1896475 84998  84782
34.558681780 9208714559 1896671 84994  84789
34.570680905 9210611538 1896979 85011  84817
34.582695997 9212508433 1896895 85002  84813
34.594669278 9216606834 4098401 77908  48263
34.605680116 9223271444 6664610 84989  30615
34.617679984 9228775607 5504163 77910  25128
34.628681319 9234462185 5686578 84988  26046
34.640680584 9236404251 1942066 84997  25746
34.652682513 9243527145 7122894 77916  35616
34.663681427 9248332204 4805059 84993  24345
34.675668625 9255539997 7207793 84993  34995
34.687682021 9258732163 3192166 84993  20486
34.699669249 9260519323 1787160 85012  68225
34.711681727 9265102565 4583242 85013  62630
34.723680059 9271765777 6663212 84985  30745
34.735682775 9277194364 5428587 77913  24601
34.746677922 9282961444 5767080 84996  26238
34.758681941 9284836170 1874726 85007  24803
34.770668213 9291920376 7084206 77901  37182
34.781670790 9296836173 4915797 84997  21567
34.793682852 9304107941 7271768 84984  37173
34.805683014 9307239152 3131211 85027  18240
34.817681669 9309026450 1787298 85005  67911
34.829670184 9310703876 1677426 85004  74325
34.841683173 9312600799 1896923 85002  84806
34.853667558 9314421809 1821010 85001  79177
34.865671163 9320917549 6495740 84987  34825
34.877668501 9325971315 5053766 85007  22440
34.889680407 9333101461 7130146 77910  35503
34.900692131 9336823588 3722127 84989  23292
34.912682526 9341333327 4509739 77918  42181
34.923669917 9347981335 6648008 84992  31301
34.935668576 9353417069 5435734 77913  27163
34.946682123 9359169272 5752203 84987  24775
34.958668895 9360882500 1713228 85011  26807
34.970669396 9362778975 1896475 85004  83452
34.982681996 9368350049 5571074 84992  38150
34.994680321 9374017644 5667595 84993  24272
35.006668369 9380484026 6466382 77929  32808
35.017668600 9385177797 4693771 84988  21793
35.029683351 9389844708 4666911 85002  46659
35.041671160 9396501684 6656976 84978  30760
35.053678299 9402005474 5503790 77930  29016
35.064683729 9407707533 5702059 85000  26260
35.076679385 9409418521 1710988 85013  30330
35.088683107 9411315668 1897147 85013  80575
35.100669165 9412993094 1677426 85000  75150
35.112682234 9414889793 1896699 85001  84801
35.124680186 9416523775 1633982 85005  70485
35.136666897 9418420474 1896699 85014  84788
35.148668252 9420317173 1896699 85017  84797
35.160668621 9422213872 1896699 85028  84804
35.172680390 9424110795 1896923 85027  84816
35.184678688 9425471927 1361132 85013  68746
35.196669444 9427368850 1896923 85003  84797
35.208686769 9429265773 1896923 85009  84810
35.220682670 9431162472 1896699 84996  84803
35.232668575 9433059395 1896923 85002  84814
35.244670824 9434956318 1896923 85003  84812
35.256681163 9436853017 1896699 84996  84806
35.268667625 9438749940 1896923 84995  84813
35.280668563 9440646639 1896699 84990  84806
35.292679529 9442543562 1896923 85005  84812
35.304682220 9443361026 817464 84986  71211
35.316667568 9450711855 7350829 77924  36816
35.327669276 9455559510 4847655 84985  28245
35.339683202 9462877106 7317596 84993  35896
35.351680400 9465962690 3085584 84999  20819
35.363668392 9471566838 5604148 85002  41887
35.375678554 9477263995 5697157 84994  28468
35.387684412 9483754267 6490272 84995  34409
35.399682604 9488585404 4831137 84995  20677
35.411669843 9490335351 1749947 85014  51503
35.423670401 9492979847 2644496 85013  71826
35.435682046 9500050662 7070815 85012  33807
35.447679691 9505066712 5016050 77909  21632
35.458668742 9511150679 6083967 77902  28650
35.469682564 9514440469 3289790 85004  16490
35.481682206 9520067485 5627016 85013  35341
35.493669600 9525766810 5699325 84988  24872
35.505668849 9532079460 6312650 84992  30518
35.517682077 9537092809 5013349 84999  24715
35.529689893 9538847628 1754819 85004  49842
35.541673074 9540524606 1676978 85017  74108
35.553670479 9542421529 1896923 85016  84814
35.565682425 9544318452 1896923 85010  84817
35.577681883 9549455551 5137099 77906  48222
35.588669101 9555361335 5905784 84989  25622
35.600667479 9561005587 5644252 85010  26186
35.612682044 9566696061 5690474 84983  28551
35.624682060 9569237254 2541193 77925  25195
35.635683114 9576403686 7166432 84990  34832
35.647670092 9581407231 5003545 77921  21307
35.658681501 9587551227 6143996 77913  29229
35.669668877 9590676214 3124987 84997  20294
35.681676080 9592463288 1787074 85006  63981
35.693682958 9597052575 4589287 85006  61855
35.705682960 9603717383 6664808 84996  31193
35.717670542 9609192457 5475074 77910  26929
35.728669552 9614906528 5714071 85004  25697
35.740681734 9616799036 1892508 85007  20509
35.752682266 9624110964 7311928 77909  35482
35.763680224 9628216709 4105745 77917  15870
35.774668248 9635193978 6977269 77917  33729
35.785681305 9638931783 3737805 85031  18909
35.797669760 9640718633 1786850 85001  57883
35.809670589 9642396059 1677426 85015  74435
35.821681384 9644292758 1896699 85014  84793
35.833690256 9646189681 1896923 85022  84812
35.845681032 9647822767 1633086 85006  67790
35.857668317 9649719690 1896923 85007  84814
35.869681881 9651616613 1896923 84998  84816
35.881667413 9653513536 1896923 85012  84818
35.893682349 9655305575 1792039 85000  76997
35.905681911 9660612973 5307398 85008  46649
35.917681146 9666307897 5694924 85002  24523
35.929679808 9672658210 6350313 84999  31204
35.941682360 9677632725 4974515 84996  21652
35.953682378 9681984341 4351616 84998  38327
35.965669456 9688794878 6810537 77900  32972
35.976668490 9693349882 4555004 77924  18533
35.987681332 9700037767 6687885 84988  31057
35.999688591 9701861547 1823780 85019  17513
36.011681886 9703648487 1786940 85024  77889
36.023670824 9709178725 5530238 84992  43670
36.035682266 9714893421 5714696 85000  29878
36.047682478 9721515266 6621845 85008  32107
36.059669186 9726211614 4696348 84991  20890
36.071668144 9730880707 4669093 84996  45839
36.083682484 9737533141 6652434 85004  30882
36.095680302 9743033659 5500518 77929  25639
36.106666962 9748727409 5693750 84996  25796
36.118668951 9750438785 1711376 85010  28028
36.130683013 9752335708 1896923 85029  83820
36.142683315 9754013134 1677426 85016  76740
36.154677160 9755909833 1896699 85022  84804
36.166669532 9758650517 2740684 77927  60197
36.177679793 9765991729 7341212 84987  34529
36.189669025 9770522341 4530612 77909  18625
36.200678599 9777055315 6532974 77912  31814
36.211684397 9779834551 2779236 85007  13020
36.223668831 9785483296 5648745 84988  40075
36.235669913 9791177933 5694637 84998  25104
36.247668505 9797392506 6214573 77905  29738
36.258667829 9802350977 4958471 85004  21331
36.270668428 9804099244 1748267 84994  45430
36.282668927 9806740594 2641350 85038  74778
36.294681832 9813831656 7091062 84982  33882
36.306687287 9818782254 4950598 77903  22739
36.317670098 9824845281 6063027 77917  29812
36.328668489 9828185546 3340265 85005  19073
36.340680747 9833828495 5642949 85002  42424
36.352668173 9839527936 5699441 84994  24540
36.364669464 9845909564 6381628 84999  33089
36.376681743 9850858381 4948817 85000  21339
36.388679594 9852611044 1752663 84996  53308
36.400669446 9854288498 1677454 85014  74750
36.412668222 9856185421 1896923 85006  84802
36.424667980 9858082344 1896923 85007  84813
36.436681176 9859716102 1633758 84991  68818
36.448667767 9861613025 1896923 85017  84800
36.460676200 9863509724 1896699 85002  84798
36.472681677 9865406647 1896923 85016  84815
36.484680986 9867303570 1896923 85003  84815
36.496683785 9868666046 1362476 85010  69950
36.508666233 9870562969 1896923 85010  84813
36.520681469 9872459668 1896699 85009  84805
36.532681141 9874356143 1896475 85004  84795
36.544668738 9876253066 1896923 85015  84813
36.556669274 9878149989 1896923 85016  84812
36.568681319 9880046688 1896699 85008  84803
36.580679224 9881943611 1896923 85011  84814
36.592679370 9883840534 1896923 85009  84815
36.604667305 9885459558 1619024 85002  69058
36.616680537 9886551976 1092418 84993  83552
36.628685689 9888448899 1896923 85002  84804
36.640668467 9890345822 1896923 84995  84813
36.652668825 9892242745 1896923 85011  84814
36.664670711 9894139444 1896699 84995  84801
36.676679786 9896035919 1896475 85002  84798
36.688668521 9897932842 1896923 85005  84812
36.700678310 9899829765 1896923 85006  84816
36.712669761 9901726688 1896923 85005  84811
36.724679466 9903623611 1896923 85006  84815
36.736668248 9905520534 1896923 85012  84812
36.748667777 9907258863 1738329 77911  77722
36.759666821 9909155786 1896923 85008  84811
36.771680913 9911052709 1896923 85008  84812
36.783677015 9912949408 1896699 84996  84801
36.795669760 9914846331 1896923 85004  84819
36.807669049 9916743254 1896923 84998  84812
36.819681741 9918639953 1896699 85002  84806
36.831680012 9920536876 1896923 85000  84812
36.843668734 9921530686 993810 85023  66948
36.855680016 9922250164 719478 85006  84835
36.867668338 9924059183 1809019 85010  84794
36.879680093 9925955882 1896699 85000  84786
36.891668552 9927852581 1896699 85009  84805
36.903669473 9929749504 1896923 85008  84805
36.915680735 9931646203 1896699 84990  84791
36.927666667 9933384980 1738777 77927  77723
36.938679081 9935123757 1738777 77923  77721
36.949681426 9937020680 1896923 85004  84796
36.961680858 9938917379 1896699 85007  84802
36.973668059 9940814302 1896923 85003  84813
36.985669164 9942711225 1896923 85006  84812
36.997680540 9944608148 1896923 85000  84811
37.009679112 9946504847 1896699 84996  84803
37.021672087 9948401770 1896923 84998  84810
37.033681035 9950298469 1896699 85013  84806
37.045681758 9952195168 1896699 84993  84802
37.057667922 9954091867 1896699 84996  84804
37.069669607 9955988790 1896923 85009  84814
37.081681103 9957727509 1738719 77913  77727
37.092674390 9959466941 1739432 77908  77766
37.103681524 9961206063 1739122 77887  77743
37.114673156 9962945010 1738947 77880  77723
37.125678657 9964684530 1739520 77889  77738
37.136680924 9966423428 1738898 77877  77726
37.147671614 9968162550 1739122 77882  77742
37.158680463 9969901896 1739346 77893  77744
37.169680723 9971640795 1738899 77895  77731
37.180668757 9973379837 1739042 77874  77733
37.191667178 9975118815 1738978 77888  77744
37.202667849 9976858385 1739570 77899  77752
37.213668609 9978597284 1738899 77879  77728
37.224668001 9980336630 1739346 77888  77759
37.235668212 9982075752 1739122 77892  77753
37.246690702 9983973479 1897727 84962  84828
37.258669531 9985712559 1739080 77869  77731
37.269679758 9987451948 1739389 77904  77767
37.280679429 9989191294 1739346 77892  77759
37.291679864 9990930192 1738898 77886  77728
37.302682595 9992534004 1603812 84974  69450
37.314668339 9993253563 719559 85016  83532
37.326679342 9993973143 719580 85014  84842
37.338679786 9994692591 719448 85003  84768
37.350668382 9995458810 766219 41860  41603
37.361668916 9996499339 1040529 8996  8816
37.372683411 9997539826 1040487 9006  8828
37.383684281 9998580397 1040571 9004  8837
37.394684235 9999620989 1040592 8999  8828
37.405674526 10000661533 1040544 9004  8820
37.416685964 10001702104 1040571 8999  8827
37.427686668 10002742633 1040529 9000  8818
37.438674632 10003783042 1040409 9007  8830
37.449688213 10004823527 1040485 9001  8845
37.460683870 10005864100 1040573 9002  8836
37.471673221 10006904705 1040605 8996  8842
37.482671088 10007945278 1040573 9002  8841
37.493674800 10008985883 1040605 9002  8837
37.504684054 10010026412 1040529 9010  8836
37.515687131 10011066985 1040573 9000  8843
37.526688173 10012107590 1040605 9005  8845
37.537683287 10013148043 1040453 8999  8846
37.548675044 10014188648 1040605 9003  8846
37.559673452 10015229221 1040573 9005  8847
37.570674242 10016269826 1040605 9005  8835
37.581674806 10017310283 1040457 9000  8833
37.592690511 10018350844 1040561 9002  8834
37.603672989 10019391382 1040538 8999  8835
37.614670419 10020431866 1040484 9000  8837
37.625671647 10021472395 1040529 9001  8842
37.636684901 10022513002 1040607 9006  8849
37.647675008 10023553573 1040571 9006  8842
37.658673083 10024594180 1040607 9000  8840
37.669674697 10025634707 1040527 9000  8836
37.680685874 10026675280 1040573 9002  8847
37.691692336 10027715885 1040605 9004  8843
37.702675380 10028756338 1040453 9009  8851
37.713685544 10029796943 1040605 9005  8839
37.724676341 10030837516 1040573 9005  8838
37.735674522 10031878045 1040529 9002  8840
37.746674273 10032918574 1040529 9000  8836
37.757675984 10033959059 1040485 9004  8840
37.768685062 10034999632 1040573 9011  8841
37.779673756 10036040237 1040605 9004  8840
37.790684296 10037080810 1040573 8998  8839
37.801673411 10038121282 1040472 8998  8841
37.812685652 10039161824 1040542 9000  8837
37.823685246 10040202397 1040573 9001  8843
37.834684323 10041242926 1040529 9006  8836
37.845686687 10042283455 1040529 8999  8846
37.856686998 10043324047 1040592 9001  8848
37.867674423 10044364633 1040586 9002  8840
37.878673020 10045405238 1040605 8996  8847
37.889689278 10046445811 1040573 9001  8848
37.900687558 10047486340 1040529 9011  8841
37.911687953 10048526749 1040409 9003  8840
37.922685317 10049567354 1040605 8998  8839
37.933672818 10050607927 1040573 9006  8845
37.944672832 10051648429 1040502 8997  8846
37.955685310 10052688865 1040436 9003  8846
37.966686118 10053729394 1040529 9006  8841
37.977685815 10054769999 1040605 9000  8836
37.988674162 10055919636 1149637 37327  28450
37.999673036 10057814305 1894669 77930  56097
38.010675730 10059711569 1897264 77954  56138
38.021687954 10061609954 1898385 77945  56155
38.032691579 10063502515 1892561 77950  55998
38.043677617 10065397011 1894496 77950  56042
38.054679061 10067296216 1899205 77947  56206
38.065679881 10069190752 1894536 77917  56083
38.076674185 10071090465 1899713 77957  56209
38.087677157 10072983079 1892614 77945  55994
38.098676924 10074876167 1893088 77939  55986
38.109678952 10076771433 1895266 77916  56081
38.120685022 10078673802 1902369 77898  56239
38.131679103 10080568988 1895186 77934  56103
38.142676161 10082460221 1891233 77952  55939
38.153689855 10084347963 1887742 77936  55830
38.164689889 10086239977 1892014 77880  55952
38.175690250 10088136841 1896864 77949  56133
38.186675737 10090029748 1892907 77931  56043
38.197691246 10091928713 1898965 77925  56164
38.208690186 10093824872 1896159 77957  56096
38.219690040 10095719144 1894272 77911  56064
38.230687851 10097608608 1889464 77937  55873
38.241690696 10099505984 1897376 77952  56125
38.252676827 10101402495 1896511 77936  56137
38.263676801 10103302583 1900088 77949  56230
38.274698435 10105198475 1895892 77957  56079
38.285690829 10107094668 1896193 77921  56112
38.296688376 10108989118 1894450 77932  56024
38.307691671 10110887729 1898611 77961  56147
38.318690505 10112780310 1892581 77915  55994
38.329690239 10114681294 1900984 77876  56236
38.340688893 10116583517 1902223 77900  56292
38.351688035 10118479896 1896379 77935  56110
38.362689292 10120373377 1893481 77934  55996
38.373676779 10122270021 1896644 77957  56108
38.384674767 10124166591 1896570 77938  56144
38.395676164 10126061484 1894893 77945  56048
38.406678621 10127960668 1899184 77955  56177
38.417700220 10129856580 1895912 77924  56099
38.428678717 10131751007 1894427 77938  56008
38.439677011 10133648830 1897823 77941  56155
38.450677502 10135548755 1899925 77919  56248
38.461674826 10137441355 1892600 77930  56008
38.472678217 10139340234 1898879 77927  56177
38.483689428 10141234502 1894268 77934  56098
38.494689492 10143122985 1888483 77905  55849
38.505676999 10145017466 1894481 77950  56033
38.516676040 10146916453 1898987 77938  56173
38.527676598 10148813520 1897067 77914  56141
38.538674719 10150704801 1891281 77948  55945
38.549687280 10152597608 1892807 77894  55986
38.560697148 10154490272 1892664 77948  55968
38.571677964 10156387963 1897691 77948  56130
38.582678122 10158280394 1892431 77875  55956
38.593690360 10160177679 1897285 77914  56153
38.604688474 10162074458 1896779 77947  56131
38.615691255 10163971591 1897133 77936  56146
38.626684926 10165865149 1893558 77936  56022
38.637676454 10167762167 1897018 77913  56144
38.648675471 10169660686 1898519 77924  56149
38.659691622 10171554966 1894280 77916  56057
38.670677412 10173452514 1897548 77948  56146
38.681692603 10175346490 1893976 77921  56040
38.692689701 10177244472 1897982 77951  56183
38.703698745 10179140397 1895925 77873  56107
38.714677313 10181037945 1897548 77919  56130
38.725690033 10182933105 1895160 77888  56089
38.736691582 10184834242 1901137 77900  56283
38.747677172 10186725427 1891185 77933  55943
38.758690766 10188615480 1890053 77868  55887
38.769676414 10190508436 1892956 77935  56035
38.780677938 10192410645 1902209 77898  56298
38.791677358 10194303856 1893211 77952  56014
38.802678963 10196202515 1898659 77921  56215
38.813677414 10198099698 1897183 77917  56122
38.824690918 10199994710 1895012 77911  56054
38.835690565 10201890210 1895500 77926  56132
38.846679496 10203791276 1901066 77862  56236
38.857683141 10205688638 1897362 77949  56130
38.868691032 10207588005 1899367 77932  56222
38.879689989 10208382748 794743 85013  79373
38.891677434 10208807335 424587 85019  84861
38.903683460 10209231866 424531 85003  84845
38.915670661 10209656391 424525 85009  84850
38.927668753 10210080962 424571 85010  84853
38.939669325 10210505433 424471 85002  84842
38.951666523 10210929900 424467 84996  84834
38.963681632 10211354415 424515 85003  84846
38.975680461 10211778901 424486 85005  84845
38.987669148 10212203422 424521 85000  84842
38.999679867 10212627923 424501 85005  84847
39.011689503 10213052474 424551 85015  84840
39.023681018 10214889454 1836980 77907  46785
39.034668938 10216760211 1870757 77954  56787
39.045686590 10218133166 1372955 85014  72131
39.057685748 10218726955 593789 85005  84610
39.069674723 10219320863 593908 85022  84859
39.081687632 10219915149 594286 85007  84852
39.093690040 10220508980 593831 84991  84837
39.105687732 10221102797 593817 85007  84857
39.117676564 10221697202 594405 85023  84874
39.129676703 10222291068 593866 85016  84861
39.141688694 10222884920 593852 85007  84856
39.153676833 10223479080 594160 84997  84842
39.165699405 10224072862 593782 84999  84854
39.177686690 10224666770 593908 85019  84870
39.189675628 10225261000 594230 85013  84863
39.201688614 10225854803 593803 85002  84852
39.213675892 10226448606 593803 85003  84854
39.225676260 10227042907 594301 85000  84843
39.237689957 10227636695 593788 85017  84873
39.249675074 10228230569 593874 85000  84839
39.261675810 10228824861 594292 85023  84865
39.273683332 10229418706 593845 85005  84858
39.285687180 10230012684 593978 85022  84872
39.297689211 10230606746 594062 85006  84856
39.309675477 10231200556 593810 85016  84868
39.321696340 10231794296 593740 84996  84838
39.333677991 10232388519 594223 85007  84847
39.345676499 10232982510 593991 85020  84864
39.357687478 10233576454 593944 85016  84863
39.369675900 10234170587 594133 85015  84868
39.381687758 10234764452 593865 85003  84845
39.393692291 10235358192 593740 85014  84862
39.405676622 10235951939 593747 84999  84848
39.417690220 10236546344 594405 85006  84851
39.429686406 10237140308 593964 85021  84874
39.441684904 10237734244 593936 85011  84865
39.453675276 10238328530 594286 84994  84839
39.465689871 10238922417 593887 85006  84854
39.477686450 10239516325 593908 85012  84858
39.489698865 10240110640 594315 85016  84860
39.501689987 10240704617 593977 85032  84871
39.513676651 10241298427 593810 85011  84854
39.525677217 10241892573 594146 85014  84854
39.537675926 10242486404 593831 85007  84855
39.549689987 10243080291 593887 85002  84844
39.561677776 10243674360 594069 84996  84842
39.573690811 10244268415 594055 85030  84876
39.585677803 10244862351 593936 85012  84860
39.597672474 10245456749 594398 85008  84854
39.609674330 10246050489 593740 85005  84857
39.621674836 10246639526 589037 85042  84869
39.633675083 10247121607 482081 85004  84018
39.645681892 10247631072 509465 85011  84538
39.657682837 10248140513 509441 85007  84646
39.669667449 10248650014 509501 85010  84701
39.681681188 10249159248 509234 85011  84675
39.693668046 10249668743 509495 85014  84707
39.705679641 10250178310 509567 85002  84699
39.717668220 10250687744 509434 85014  84692
39.729680868 10251197191 509447 85005  84696
39.741669474 10251706740 509549 85011  84710
39.753680222 10252215989 509249 85008  84666
39.765680591 10252725627 509638 85023  84718
39.777680330 10253235069 509442 85009  84703
39.789679607 10253744672 509603 85004  84704
39.801689133 10254254113 509441 85011  84692
39.813668428 10254763467 509354 85007  84695
39.825668283 10255272536 509069 85003  84656
39.837682082 10255781929 509393 85007  84683
39.849679884 10256291106 509177 85001  84674
39.861681693 10256800390 509284 84997  84679
39.873667854 10257309736 509346 85009  84698
39.885681419 10257818985 509249 85002  84678
39.897668328 10258328144 509159 85022  84680
39.909680440 10258837567 509423 85003  84694
39.921669101 10259346840 509273 85001  84682
39.933668209 10259856150 509310 85009  84695
39.945667611 10260365732 509582 85009  84713
39.957676703 10260875011 509279 85012  84697
39.969668392 10261384038 509027 85006  84666
39.981668094 10261893209 509171 85001  84682
39.993681486 10262402637 509428 85018  84718
40.005668890 10262911987 509350 85002  84698
40.017668966 10263421231 509244 85005  84692
40.029668018 10263930594 509363 85008  84702
40.041681553 10264439759 509165 85002  84662
40.053679968 10264949164 509405 85010  84708
40.065680064 10265458563 509399 85020  84718
40.077668516 10265967949 509386 84994  84688
40.089681524 10266477294 509345 85014  84697
40.101681266 10266986567 509273 85002  84690
40.113681291 10267495666 509099 85008  84670
40.125688186 10268004863 509197 85001  84682
40.137680668 10268514163 509300 85007  84692
40.149680507 10269023466 509303 85010  84701
40.161669869 10269532751 509285 85008  84686
40.173680390 10270042006 509255 84995  84689
40.185668698 10270551089 509083 85008  84664
40.197681407 10271060368 509279 85003  84693
40.209668102 10271578408 518040 85006  84633
40.221685261 10272172127 593719 84988  84840
40.233671566 10272765895 593768 85003  84859
40.245686082 10273360209 594314 85017  84858
40.257677726 10273953928 593719 85004  84842
40.269674919 10274547605 593677 84994  84834
40.281681443 10275141870 594265 85015  84870
40.293689105 10275735841 593971 85017  84857
40.305678434 10276329728 593887 84998  84847
40.317677469 10276923860 594132 85010  84857
40.329677184 10277517761 593901 85013  84862
40.341679156 10278111613 593852 85012  84857
40.353674962 10278705913 594300 85011  84855
40.365687576 10279299793 593880 85011  84866
40.377687455 10279893715 593922 85016  84873
40.389676694 10280487679 593964 85000  84848
40.401688876 10281081776 594097 85008  84859
40.413677160 10281675733 593957 85008  84862
40.425688283 10282269382 593649 84996  84846
40.437695981 10282863752 594370 85018  84868
40.449675146 10283457646 593894 85029  84881
40.461688081 10284051421 593775 85009  84861
40.473689510 10284645560 594139 85004  84858
40.485688039 10285239279 593719 84995  84843
40.497679196 10285833187 593908 85005  84847
40.509689429 10286427403 594216 85000  84839
40.521689290 10287021332 593929 85021  84860
40.533688746 10287615233 593901 85001  84850
40.545689671 10288209435 594202 85020  84869
40.557688813 10288803301 593866 85011  84865
40.569677002 10289397195 593894 85011  84864
40.581678123 10289991460 594265 85010  84857
40.593696599 10290585417 593957 85023  84865
40.605674797 10291179241 593824 85011  84856
40.617673372 10291773352 594111 84989  84836
40.629675014 10292367414 594062 85011  84861
40.641673806 10292961108 593694 85003  84847
40.653677417 10293555314 594206 85005  84848
40.665678259 10294149152 593838 85009  84846
40.677690072 10294742920 593768 85006  84844
40.689690490 10295337185 594265 85002  84849
40.701694965 10295930981 593796 84996  84848
40.713677250 10296524888 593907 85015  84859
40.725678532 10297119056 594168 84999  84846
40.737690381 10297712859 593803 85014  84855
40.749691176 10298306662 593803 85012  84850
40.761688274 10298900913 594251 85030  84875
40.773685289 10299494856 593943 85012  84862
40.785685961 10300088771 593915 85014  84862
40.797675837 10300599743 510972 85011  84220
40.809674622 10301109310 509567 85007  84514
40.821684367 10301618529 509219 85005  84600
40.833668678 10302127472 508943 85003  84635
40.845669604 10302636889 509417 85015  84699
40.857681009 10303146263 509374 85023  84706
40.869667854 10303655589 509326 85001  84684
40.881680666 10304164814 509225 84990  84667
40.893668758 10304673917 509103 85015  84682
40.905668823 10305182890 508973 85001  84640
40.917682549 10305692289 509399 85008  84697
40.929681340 10306201766 509477 85013  84705
40.941669422 10306711213 509447 85010  84699
40.953668947 10307220654 509441 85003  84703
40.965680149 10307729844 509190 84998  84681
40.977686234 10308239110 509266 85003  84658
40.989668476 10308748369 509259 85013  84695
41.001680552 10309257588 509219 84996  84674
41.013680216 10309766878 509290 84997  84682
41.025669848 10310276265 509387 85006  84696
41.037668280 10310785478 509213 84998  84673
41.049667652 10311294524 509046 84996  84651
41.061681240 10311803838 509314 84999  84685
41.073691650 10312313147 509309 84997  84695
41.085669164 10312822319 509172 84996  84674
41.097668249 10313331553 509234 85011  84686
41.109669651 10313840886 509333 85002  84691
41.121680853 10314349955 509069 85006  84660
41.133669185 10314859084 509129 85006  84678
41.145667823 10315368639 509555 85031  84721
41.157682055 10315878079 509440 85019  84721
41.169668684 10316387400 509321 85005  84694
41.181667742 10316896877 509477 85019  84716
41.193680271 10317405870 508993 85019  84669
41.205680800 10317915410 509540 85023  84729
41.217679974 10318424665 509255 85010  84695
41.229688173 10318934022 509357 85003  84700
41.241669355 10319443361 509339 85002  84689
41.253680823 10319952687 509326 84997  84705
41.265680769 10320461858 509171 85007  84675
41.277682254 10320971191 509333 85008  84701
41.289668922 10321480476 509285 85013  84701
41.301680000 10321989749 509273 85007  84687
41.313681852 10322498980 509231 85003  84678
41.325668888 10323008163 509183 85005  84686
41.337667346 10323517280 509117 85026  84682
41.349679782 10324026684 509404 85003  84698
41.361681837 10324535882 509198 85002  84683
41.373681099 10325045101 509219 84985  84667
41.385667353 10325222493 177392 28836  28548
41.405678180 10325223680 1187 58  1
41.420807057 10325224999 1319 96  10
41.437055920 10325226186 1187 57  0
41.451251078 10325229465 3279 179  40
