0.010093095 64652855 64652855 8884  59
0.010098263 65237730 65237730 8918  64
0.010107635 50110947 50110947 9110  66
0.023924636 130804055 80693108 311  0
0.026342083 145633606 80980751 302  0
0.026987265 146068783 80831053 299  2
0.039882356 196067615 65263560 23887  16
0.042272708 196232490 50598884 47461  15
0.042956594 196232193 50163410 47473  77
0.053619520 200549248 4481633 244473  217
0.054008513 201075183 4842693 244440  207
0.054682766 201070974 4838781 244494  166
0.064618619 207050993 6501745 283202  5
0.065020293 207573732 6498549 283194  37
0.065671943 207033674 5962700 259626  16
0.076628438 213549631 6498638 283192  0
0.076669240 212990916 5957242 259624  5
0.077009546 213543058 5969326 259586  0
0.087682046 218946804 5955888 259585  4
0.088018222 220040377 6497319 283200  0
0.088626876 220106539 6556908 283197  0
0.098667263 224894034 5947230 259606  6
0.100011587 226053299 6012922 259608  7
0.100624203 226590440 6483901 283201  0
0.109659422 230836861 5942827 259605  9
0.111004704 232003361 5950062 259596  0
0.112613455 232544057 5953617 259601  0
0.120670279 236779406 5942545 259608  3
0.122003147 237948990 5945629 259595  0
0.123613531 238494234 5950177 259597  0
0.131680262 243242123 6462717 283195  7
0.133000917 243890233 5941243 259606  2
0.134615341 244486210 5991976 259615  2
0.143677838 249285630 6043507 259594  6
0.144006287 249943142 6052909 259606  0
0.145614887 250492568 6006358 259597  0
0.154666082 255280320 5994690 259630  6
0.155017043 255954152 6011010 259609  4
0.156614870 256519690 6027122 259591  0
0.165681024 261801830 6521510 283195  6
0.166019526 262540273 6586121 283195  104
0.167627630 262550584 6030894 259596  0
0.177678371 267839826 6037996 259619  4
0.178015556 268519334 5979061 259625  42
0.178639399 269069305 6518721 283198  1
0.188667327 273799383 5959557 259604  3
0.189006585 274557390 6038056 259606  0
0.190616861 275098033 6028728 259590  0
0.199669030 279767263 5967880 259599  5
0.200016935 280532085 5974695 259619  8
0.201625512 281079127 5981094 259601  0
0.210681007 285789736 6022473 259603  12
0.211015841 286503832 5971747 259613  6
0.212627688 287631372 6552245 283202  0
0.221680567 292270663 6480927 283199  12
0.222004338 292512344 6008512 259606  0
0.224613673 293643136 6011764 259596  1
0.233022768 298519676 6007332 259605  0
0.233669233 298262545 5991882 259592  14
0.235626913 299592367 5949231 259600  0
0.244004214 304457890 5938214 259595  0
0.244679173 304188055 5925510 259600  13
0.246613486 305575545 5983178 259620  0
0.255017191 310998045 6540155 283193  0
0.255681369 310195768 6007713 259598  4
0.257615042 311534470 5958925 259609  1
0.266666586 316136950 5941182 259609  1
0.267014980 317008026 6009981 259602  0
0.268626202 317540461 6005991 259603  0
0.277669342 322129262 5992312 259593  4
0.278017236 322974004 5965978 259602  0
0.279613452 323541326 6000865 259614  0
0.288668413 328054416 5925154 259616  3
0.289016356 328945686 5971682 259600  0
0.290625855 329536006 5994680 259609  0
0.299667653 334022274 5967858 259592  3
0.300004023 334915944 5970258 259605  10
0.301625917 335453665 5917659 259601  0
0.310680876 340517441 6495167 283238  5
0.311017752 340897474 5981530 259607  3
0.312614967 341429578 5975913 259613  0
0.322013259 346873156 5975682 259631  0
0.322689725 347005017 6487576 283215  6
0.323623637 347927863 6498285 283223  0
0.333016292 352785353 5912197 259605  0
0.334680438 353483087 6478070 283216  2
0.335627976 354417577 6489714 283201  0
0.344018562 359323778 6538425 283221  0
0.346666220 359373282 5890195 259609  1
0.347626928 360895978 6478401 283211  1
0.356006254 365272799 5949021 259615  38
0.357668047 365307972 5934690 259643  1
0.359613570 366847636 5951658 259610  0
0.367005068 371214059 5941260 259639  40
0.368667117 371297052 5989080 259592  2
0.370625461 373446960 6599324 283218  0
0.378018017 377219344 6005285 259609  4
0.379681107 377287660 5990608 259601  8
0.382615736 379446915 5999955 259614  1
0.389018774 383798600 6579256 283194  0
0.390679674 383276734 5989074 259615  14
0.393614645 385438426 5991511 259605  0
0.401005886 389786137 5987537 259596  12
0.401685204 389779257 6502523 283202  15
0.404614842 391419684 5981258 259592  0
0.412016503 395763302 5977165 259605  2
0.413680103 395744625 5965368 259607  5
0.415631018 397389692 5970008 259603  0
0.423004626 401739977 5976675 259608  0
0.424678943 401712239 5967614 259625  6
0.426626128 403359886 5970194 259600  0
0.434014909 407704320 5964343 259605  0
0.435668523 407661783 5949544 259641  4
0.437613527 409321752 5961866 259590  0
0.445015465 413661820 5957500 259593  0
0.446668880 413606773 5944990 259595  3
0.448625631 415278065 5956313 259601  0
0.456017409 419666924 6005104 259598  0
0.457680997 419547582 5940809 259614  3
0.459626177 421224074 5946009 259605  0
0.467025525 426134526 6467602 283192  0
0.468687653 426009309 6461727 283206  6
0.470621899 427229607 6005533 259601  0
0.479017464 432103658 5969132 259622  0
0.480680316 431963488 5954179 259622  4
0.481627090 433718767 6489160 283185  2
0.490016361 438113169 6009511 259598  0
0.491669242 437909163 5945675 259651  2
0.493615702 439730834 6012067 259600  0
0.501007367 444058547 5945378 259592  5
0.502679779 443900228 5991065 259644  4
0.504625211 445673160 5942326 259597  0
0.512016744 449996231 5937684 259638  4
0.513679529 449818948 5918720 259639  12
0.515613350 451607884 5934724 259607  0
0.523006323 455976101 5979870 259635  0
0.524669015 455734321 5915373 259633  1
0.526627097 457589087 5981203 259597  0
0.534017403 462485233 6509132 283199  0
0.535680205 462234952 6500631 283206  1
0.537626080 463511444 5922357 259605  1
0.546016885 468925116 6439883 283188  0
0.547681557 468659638 6424686 283211  5
0.548613039 469485022 5973578 259609  0
0.558016772 475411079 6485963 283194  2
0.559624413 475396127 5911105 259599  0
0.559667680 474621628 5961990 259607  2
0.570016167 481356140 5945061 259634  0
0.570614966 481340245 5944118 259639  0
0.570665667 480513736 5892108 259604  0
0.581004244 487383731 6027591 259632  8
0.581625269 487964116 6623871 283242  2
0.581678003 486553721 6039985 259621  1
0.592004390 493564208 6180477 259625  7
0.592668977 492666388 6112667 259591  2
0.593626381 494084847 6120731 259604  0
0.603006234 499734111 6169903 259632  8
0.603679516 498832829 6166441 259608  4
0.604615311 500249741 6164894 259594  0
0.614010846 505838742 6104631 259617  0
0.614675320 504928953 6096124 259601  6
0.615622184 506350882 6101141 259591  0
0.625004943 511985490 6146748 259595  0
0.625680320 511065566 6136613 259592  6
0.626614644 512493867 6142985 259591  0
0.636015959 518133806 6148316 259612  0
0.636668916 517150818 6085252 259597  7
0.637627536 518640124 6146257 259587  2
0.647003715 524279214 6145408 259611  0
0.647681563 523276632 6125814 259621  0
0.648615126 524778910 6138786 259611  1
0.658004739 530413673 6134459 259596  24
0.658678423 529397254 6120622 259606  5
0.659613973 530870566 6091656 259590  0
0.669003792 536474777 6061104 259617  53
0.669667090 535452955 6055701 259603  2
0.670614075 536970220 6099654 259588  0
0.680016025 543179929 6705152 283201  3
0.680680057 541551894 6098939 259600  3
0.681614091 543077406 6107186 259607  0
0.691680189 547662624 6110730 259596  2
0.692017388 549307184 6127255 259588  0
0.692614698 549202923 6125517 259601  5
0.702667240 553783842 6121218 259596  6
0.703003004 555431480 6124296 259591  41
0.703628394 555321641 6118718 259609  0
0.713666983 559893879 6110037 259623  7
0.714015017 561510558 6079078 259604  39
0.714623525 561428761 6107120 259613  0
0.724681856 565973027 6079148 259610  5
0.725004437 567647495 6136937 259638  4
0.725627587 567534490 6105729 259606  0
0.735664503 572020603 6047576 259607  3
0.736006020 573740159 6092664 259611  1
0.736625343 573625992 6091502 259614  1
0.746668122 578101151 6080548 259626  3
0.747016077 579830247 6090088 259602  0
0.747625496 579715316 6089324 259598  1
0.757680173 584174454 6073303 259638  3
0.758018104 585906384 6076137 259635  0
0.758612540 585794455 6079139 259608  0
0.768676023 590242976 6068522 259607  3
0.769023503 592516843 6610459 283190  0
0.769633359 592454422 6659967 283206  0
0.779669436 596302895 6059919 259631  4
0.781003152 598642118 6125275 259625  0
0.781627009 598518358 6063936 259610  0
0.790682749 602937131 6634236 283197  4
0.792016966 604714324 6072206 259592  0
0.792613761 604589149 6070791 259608  0
0.802680886 609049087 6111956 259610  3
0.803003498 610845747 6131423 259629  4
0.803627334 610711696 6122547 259595  0
0.813667282 615155619 6106532 259649  1
0.814004891 616961737 6115990 259599  6
0.814627917 616883413 6171717 259617  0
0.824681745 621249794 6094175 259608  1
0.825017628 623123924 6162187 259599  0
0.825614009 622987166 6103753 259616  0
0.835679925 627339971 6090177 259611  2
0.836004968 629221720 6097796 259605  0
0.836626750 629080045 6092879 259622  2
0.846668788 633474306 6134335 259627  3
0.847004434 635367572 6145852 259603  0
0.847616206 635177702 6097657 259598  2
0.857668459 639553453 6079147 259635  4
0.858017341 641454788 6087216 259603  0
0.858628102 641837523 6659821 283204  0
0.868681881 646212118 6658665 283214  2
0.869018971 647532244 6077456 259595  0
0.870614908 647964880 6127357 259600  0
0.880003160 653652970 6120726 259587  0
0.880666401 652271389 6059271 259591  3
0.881626151 654034697 6069817 259605  0
0.891015437 659730512 6077542 259617  0
0.891666484 658323170 6051781 259619  5
0.892627244 660142780 6108083 259589  0
0.902016096 665840836 6110324 259623  4
0.902681114 664429413 6106243 259613  14
0.903612740 666211718 6068938 259601  0
0.913013233 671970841 6130005 259604  1
0.913689288 671085743 6656330 283194  8
0.914634477 672335958 6124240 259604  0
0.924006919 678030840 6059999 259625  0
0.925627013 678398744 6062786 259599  0
0.925668710 677140191 6054448 259600  5
0.935016310 684138132 6107292 259595  0
0.936613506 684503243 6104499 259594  0
0.936679217 683242072 6101881 259589  4
0.946005179 690237287 6099155 259597  0
0.947614939 690595890 6092647 259617  1
0.947678570 689280410 6038338 259602  7
0.957003633 696282020 6044733 259596  3
0.958614108 696637946 6042056 259599  0
0.958667116 695364893 6084483 259617  4
0.968017495 702371724 6089704 259591  1
0.969616512 702727548 6089602 259597  0
0.969667927 701401933 6037040 259604  4
0.979005231 708454561 6082837 259627  0
0.980613228 708808375 6080827 259634  0
0.980683910 708056701 6654768 283219  6
0.990004968 714529657 6075096 259590  0
0.991628964 714880696 6072321 259625  0
0.992669029 714066129 6009428 259600  9
1.001005248 720602830 6073173 259620  2
1.002625817 720950715 6070019 259610  0
1.003679376 720121319 6055190 259619  2
1.012004998 726807427 6204597 259620  3
1.013612973 727166925 6216210 259602  1
1.014665082 726300961 6179642 259592  5
1.023005068 732961959 6154532 259625  0
1.024627039 733321119 6154194 259594  0
1.025685837 733041221 6740260 283184  7
1.034004031 739170046 6208087 259628  0
1.035612845 739525350 6204231 259601  1
1.037667725 739239209 6197988 259599  0
1.045017845 745365539 6195493 259632  0
1.046613412 745719262 6193912 259625  2
1.048666415 745427106 6187897 259609  1
1.056011831 751607701 6242162 259635  0
1.057633462 751964412 6245150 259624  0
1.059687818 752134020 6706914 283220  7
1.067017373 757794642 6186941 259600  0
1.068614238 758150460 6186048 259610  0
1.071670015 758307711 6173691 259616  3
1.078016517 763967288 6172646 259599  0
1.079615561 764320821 6170361 259617  0
1.082680118 764474485 6166774 259622  3
1.089006316 770135993 6168705 259635  0
1.090614637 770488889 6168068 259620  0
1.093680014 770629311 6154826 259622  6
1.100017877 776296380 6160387 259621  1
1.101627411 776647386 6158497 259626  1
1.104668381 776773756 6144445 259609  6
1.111016467 782452792 6156412 259588  6
1.112614537 782806522 6159136 259593  0
1.115666541 782924834 6151078 259635  8
1.122004170 788648167 6195375 259595  0
1.123614080 789035065 6228543 259597  0
1.126667384 789087980 6163146 259591  9
1.133017069 794836970 6188803 259593  5
1.134609386 795192897 6157832 259589  0
1.137680061 795231850 6143870 259630  4
1.144004766 800994906 6157936 259599  0
1.145615099 801348842 6155945 259594  1
1.148666411 801374013 6142163 259615  1
1.155015845 807195206 6200300 259613  0
1.156612559 807544467 6195625 259629  0
1.159667428 807565087 6191074 259617  1
1.166016456 813339283 6144077 259598  79
1.167624115 813685907 6141440 259605  2
1.170680545 813692608 6127521 259596  4
1.177019202 819532075 6192792 259613  14
1.178626792 819816619 6130712 259595  1
1.181669061 819821611 6129003 259612  4
1.188017325 825659487 6127412 259611  1
1.189627118 825989945 6173326 259595  0
1.192678694 825996357 6174746 259621  11
1.199030421 831835039 6175552 259629  0
1.200636521 832693064 6703119 283191  0
1.203686450 832103602 6107245 259622  5
1.210016865 837947917 6112878 259603  0
1.212626643 838806046 6112982 259597  0
1.214667787 838203207 6099605 259584  1
1.221015304 844174327 6226410 259590  1
1.223614966 845036275 6230229 259590  0
1.225667977 844420850 6217643 259627  1
1.232017524 850342489 6168162 259595  0
1.234616039 851260902 6224627 259587  0
1.236668417 850575311 6154461 259622  5
1.243016454 856557415 6214926 259599  27
1.245626559 857418253 6157351 259636  0
1.247665580 856777788 6202477 259618  8
1.254006227 862766225 6208810 259611  2
1.256628688 863621131 6202878 259599  0
1.258669907 862917467 6139679 259596  5
1.265016157 868969574 6203349 259590  0
1.267627259 869819783 6198652 259600  0
1.269678660 869102643 6185176 259616  6
1.276018583 875116779 6147205 259594  0
1.278626351 875969451 6149668 259584  0
1.280680181 875241670 6139027 259602  4
1.287002410 881308425 6191646 259605  1
1.289624897 882152546 6183095 259594  0
1.291668347 881416360 6174690 259601  2
1.298006849 887489837 6181412 259593  0
1.300625810 888335177 6182631 259595  0
1.302666920 887587209 6170849 259620  11
1.309004550 893660561 6170724 259634  3
1.311626327 894502240 6167063 259603  0
1.313679151 893693030 6105821 259605  12
1.320006576 899838745 6178184 259595  6
1.322626390 900679804 6177564 259593  0
1.324667123 899862521 6169491 259618  15
1.331005419 906030841 6192096 259603  0
1.333614882 906863084 6183280 259608  0
1.335667933 906043820 6181299 259613  8
1.342004692 912209640 6178799 259597  0
1.344625869 913036361 6173277 259604  1
1.346680243 912211268 6167448 259591  7
1.353022956 918914176 6704536 283187  0
1.355635165 919201302 6164941 259595  8
1.357685897 918369702 6158434 259589  13
1.365005178 925072303 6158127 259590  0
1.366626305 925355783 6154481 259590  7
1.368668723 924463954 6094252 259638  3
1.376017921 933342484 8270181 259600  1
1.377627648 933862617 8506834 259608  3
1.379680240 931343031 6879077 259600  30
1.387006971 951108396 17765912 259588  2
1.388616408 952074069 18211452 259578  0
1.390670373 949053894 17710863 259574  1
1.398017788 968925557 17817161 259573  2
1.399626240 969798230 17724161 259570  0
1.401667479 967014341 17960447 259579  6
1.409005687 987347627 18422070 259590  6
1.410615561 988316348 18518118 259593  1
1.412668930 984893287 17878946 259591  7
1.420004233 1005084556 17736929 259582  11
1.421617020 1006114666 17798318 259591  1
1.423667149 1002895631 18002344 259583  3
1.431006253 1023192800 18108244 259602  5
1.432612636 1024567329 18452663 259588  0
1.434667946 1020641825 17746194 259571  4
1.442003666 1041367451 18174651 259595  4
1.443612639 1042414761 17847432 259602  0
1.445667010 1038295011 17653186 259565  1
1.453019906 1059087719 17720268 259571  0
1.454612532 1060664161 18249400 259586  1
1.456667756 1055985920 17690909 259581  1
1.464004462 1077316706 18228987 259585  2
1.465626925 1078679812 18015651 259581  0
1.467677423 1074476098 18490178 259591  13
1.475016169 1095314859 17998153 259590  4
1.476623918 1096560414 17880602 259580  0
1.478675583 1092138775 17662677 259577  32
1.486017695 1113371876 18057017 259599  1
1.487613411 1114967937 18407523 259583  0
1.489673656 1109845948 17707173 259576  11
1.497011452 1131464240 18092364 259571  0
1.498621927 1133335971 18368034 259569  0
1.500690483 1127950522 18104574 259586  7
1.508018815 1149461735 17997495 259580  1
1.509615504 1151331138 17995167 259576  1
1.511669202 1145785810 17835288 259570  1
1.519017259 1167821770 18360035 259584  3
1.520626330 1169332605 18001467 259579  0
1.522668682 1163901882 18116072 259581  6
1.530006305 1186095077 18273307 259584  1
1.531612673 1188144292 18811687 259569  0
1.533680603 1181948638 18046756 259578  5
1.541018538 1204137928 18042851 259586  1
1.542625180 1206196768 18052476 259592  0
1.544678563 1199882751 17934113 259586  0
1.552019425 1222216200 18078272 259592  0
1.553614489 1224327805 18131037 259575  1
1.555681846 1217826352 17943601 259579  4
1.563004307 1240790420 18574220 259573  0
1.564614352 1243041332 18713527 259584  0
1.566681313 1235825397 17999045 259579  4
1.574016641 1258961265 18170845 259572  0
1.575628145 1261076621 18035289 259580  0
1.577678555 1253770310 17944913 259578  0
1.585017678 1276935648 17974383 259589  0
1.586613948 1279310446 18233825 259568  0
1.588679089 1271670037 17899727 259586  4
1.596002224 1294955101 18019453 259574  0
1.597624851 1297925499 18615053 259575  0
1.599678556 1289656004 17985967 259591  3
1.607005001 1313665413 18710312 259570  0
1.608625857 1315968949 18043450 259585  0
1.610680905 1307594882 17938878 259574  1
1.618002387 1331759596 18094183 259593  4
1.619624894 1334375751 18406802 259578  0
1.621667265 1325541798 17946916 259594  2
1.629005723 1349770988 18011392 259591  1
1.630626783 1352827336 18451585 259576  0
1.632681239 1344007860 18466062 259575  1
1.640022630 1368273839 18502851 259587  1
1.641619924 1370849978 18022642 259586  0
1.643689142 1362298028 18290168 259573  8
1.651015940 1386593704 18319865 259594  0
1.652629426 1389663023 18813045 259579  6
1.654669415 1380271865 17973837 259569  9
1.662016913 1404608980 18015276 259582  11
1.663625666 1407734027 18071004 259575  10
1.665679578 1398259019 17987154 259581  1
1.673017383 1423399115 18790135 259578  21
1.674626142 1426386816 18652789 259590  4
1.676682962 1416398245 18139226 259585  2
1.684017242 1441450936 18051821 259577  10
1.685624435 1444580707 18193891 259594  0
1.687666755 1434661904 18263659 259571  3
1.695005789 1459903467 18452531 259571  1
1.696616235 1462950865 18370158 259583  0
1.698669395 1452963290 18301386 259578  0
1.706015309 1478328199 18424732 259579  1
1.707615701 1481402282 18451417 259580  0
1.709666698 1470958584 17995294 259583  3
1.717017395 1496574694 18246495 259571  1
1.718627511 1499464184 18061902 259586  0
1.720667995 1488891859 17933275 259567  5
1.728015632 1515111266 18536572 259595  4
1.729613467 1518256438 18792254 259581  0
1.731665298 1506897884 18006025 259578  0
1.739004678 1533168277 18057011 259594  2
1.740625404 1536299989 18043551 259567  0
1.742677915 1525324082 18426198 259566  3
1.750019058 1551642286 18474009 259589  0
1.751624560 1555123155 18823166 259583  0
1.753682298 1543594639 18270557 259579  3
1.761021185 1569984291 18342005 259584  0
1.762625789 1573182509 18059354 259587  0
1.764667831 1561618308 18023669 259592  0
1.772018764 1588003252 18018961 259596  1
1.773614902 1591811920 18629411 259584  0
1.775681482 1579842876 18224568 259584  3
1.783025377 1606762673 18759421 259575  0
1.784636482 1610029196 18217276 259582  0
1.786674985 1598062707 18219831 259573  3
1.794003847 1624790178 18027505 259576  0
1.795625022 1628690215 18661019 259585  0
1.797670458 1616254961 18192254 259579  0
1.804997147 1643213377 18423199 259589  0
1.806616084 1646861592 18171377 259580  0
1.808681008 1634248685 17993724 259580  3
1.816003797 1661598227 18384850 259582  1
1.817616858 1665396487 18534895 259585  0
1.819666695 1652236783 17988098 259576  3
1.827017646 1679645332 18047105 259583  2
1.828612437 1683692212 18295725 259572  0
1.830667407 1670697966 18461183 259578  1
1.838005446 1698387311 18741979 259586  0
1.839613913 1701964714 18272502 259589  0
1.841669621 1688912650 18214684 259580  5
1.849017506 1716436164 18048853 259583  0
1.850613444 1720522109 18557395 259600  1
1.852678201 1706892984 17980334 259577  3
1.860004172 1735200380 18764216 259582  0
1.861629386 1738746227 18224118 259568  0
1.863681478 1724937905 18044921 259588  0
1.871008042 1753222299 18021919 259583  3
1.872628150 1757307430 18561203 259582  1
1.874668741 1743622252 18684347 259579  2
1.882004169 1771676217 18453918 259597  1
1.883612189 1775581613 18274183 259575  4
1.885680391 1761609713 17987461 259574  2
1.893014985 1789991219 18315002 259587  0
1.894626905 1794148083 18566470 259574  0
1.896665754 1779546170 17936457 259576  2
1.904005416 1808005961 18014742 259583  2
1.905626311 1812159459 18011376 259582  0
1.907667728 1798016417 18470247 259577  9
1.915018492 1826748591 18742630 259595  1
1.916612171 1831018134 18858675 259573  0
1.918678794 1816249345 18232928 259585  14
1.926014844 1844812135 18063544 259576  1
1.927623888 1849420157 18402023 259577  0
1.929680227 1834270219 18020874 259580  9
1.937012528 1863603604 18791469 259595  1
1.938636757 1867848832 18428675 259575  0
1.940693294 1852697466 18427247 259579  3
1.948020625 1881621840 18018236 259581  0
1.949613956 1886296464 18447632 259585  0
1.951680874 1870989891 18292425 259582  6
1.959000848 1900392938 18771098 259581  110
1.960627367 1904702944 18406480 259575  7
1.962681241 1888991963 18002072 259585  1
1.970012029 1918430412 18037474 259593  555
1.971629589 1923079474 18376530 259574  7
1.973668254 1907411210 18419247 259578  5
1.980995781 1936696675 18266263 259587  88
1.982624753 1941564821 18485347 259587  3
1.984679534 1925693231 18282021 259575  2
1.992019300 1955158216 18461541 259593  30
1.993627549 1960337203 18772382 259587  0
1.995679327 1943702076 18008845 259583  0
2.003001300 1973184131 18025915 259576  0
2.004626439 1978374422 18037219 259567  0
2.006664377 1962184350 18482274 259577  0
2.014004533 1991921491 18737360 259595  1
2.015617805 1997168540 18794118 259586  0
2.017680010 1980384088 18199738 259586  0
2.025019277 2009967044 18045553 259581  4
2.026611415 2015177210 18008670 259570  0
2.028679194 1998383330 17999242 259587  1
2.036016506 2028595938 18628894 259583  0
2.037628644 2033965203 18787993 259577  1
2.039668180 2016910867 18527537 259573  3
2.047005696 2046688509 18092571 259591  1
2.048615927 2052241693 18276490 259568  0
2.050666860 2035062365 18151498 259580  2
2.058014959 2065064612 18376103 259594  3
2.059625364 2070771257 18529564 259564  2
2.061682837 2053052459 17990094 259583  3
2.069016206 2083459656 18395044 259587  0
2.070627816 2088803738 18032481 259569  0
2.072668940 2071519621 18467162 259584  3
2.080028492 2101440874 17981218 259590  0
2.081624016 2107560804 18757066 259570  0
2.083677704 2089722541 18202920 259586  1
2.091005196 2120211846 18770972 259587  0
2.092616869 2125796517 18235713 259574  0
2.094667734 2107708507 17985966 259573  1
2.102004585 2138175202 17963356 259579  0
2.103627569 2144351608 18555091 259588  0
2.105681137 2126140732 18432225 259570  3
2.113016285 2156753736 18578534 259588  0
2.114625419 2162657789 18306181 259588  0
2.116666344 2144368936 18228204 259594  7
2.124017881 2174906575 18152839 259598  4
2.125611438 2181150452 18492663 259593  0
2.127678660 2162353314 17984378 259586  9
2.135017445 2193307221 18400646 259632  2
2.136613554 2199444535 18294083 259585  25
2.138683873 2180791504 18438190 259565  0
2.146004754 2211653039 18345818 259602  1
2.147627145 2217934232 18489697 259583  5
2.149664214 2199001963 18210459 259588  0
2.157019575 2229897688 18244649 259592  8
2.158614467 2236264683 18330451 259580  0
2.160680830 2216977017 17975054 259586  0
2.168019594 2248341085 18443397 259591  24
2.169624153 2254701161 18436478 259596  0
2.171664223 2235424071 18447054 259572  0
2.179017221 2266343472 18002387 259582  18
2.180627637 2273212052 18510891 259573  0
2.182680410 2253627811 18203740 259581  0
2.190003934 2285076449 18732977 259607  12
2.191614273 2291504611 18292559 259581  0
2.193668313 2271604186 17976375 259590  0
2.201003167 2303076571 18000122 259596  2
2.202607536 2310173494 18668883 259576  0
2.204666110 2290035109 18430923 259568  2
2.212017430 2321434603 18358032 259611  1
2.213612913 2328256538 18083044 259590  0
2.215667277 2308237115 18202006 259590  1
2.223011469 2339783962 18349359 259591  1
2.224623039 2347022516 18765978 259574  0
2.226673473 2326203355 17966240 259579  1
2.234019346 2357849343 18065381 259598  3
2.235613335 2365120560 18098044 259573  0
2.237680707 2344631487 18428132 259567  1
2.245018113 2376504873 18655530 259618  1
2.246625222 2383825074 18704514 259572  0
2.248683433 2362814301 18182814 259583  11
2.256005813 2394620296 18115423 259596  0
2.257615478 2402346243 18521169 259575  0
2.259670586 2380782967 17968666 259582  11
2.267003712 2413161624 18541328 259598  0
2.268613937 2420621591 18275348 259581  0
2.270680557 2399204345 18421378 259577  2
2.278018229 2431148050 17986426 259585  0
2.279626357 2439357248 18735657 259565  0
2.281667449 2417403506 18199161 259570  0
2.289001805 2449858216 18710166 259581  0
2.290612467 2457521805 18164557 259569  0
2.292666840 2435351200 17947694 259581  0
2.300019969 2467835899 17977683 259586  0
2.301616986 2476155024 18633219 259578  0
2.303679137 2453867371 18516171 259579  0
2.311016111 2486196630 18360731 259587  2
2.312626316 2494590301 18435277 259571  0
2.314678029 2471941631 18074260 259579  0
2.322003145 2504503032 18306402 259578  2
2.323625562 2512927978 18337677 259575  0
2.325678350 2489894750 17953119 259576  0
2.333002808 2522742327 18239295 259577  1
2.334612798 2531646798 18718820 259581  1
2.336677007 2508311242 18416492 259579  0
2.344015248 2541200396 18458069 259603  2
2.345626405 2549665806 18019008 259585  0
2.347676613 2526471282 18160040 259595  2
2.355002334 2559152833 17952437 259608  0
2.356623568 2568466404 18800598 259582  0
2.358665753 2544416693 17945411 259576  0
2.366012061 2577819827 18666994 259602  1
2.367634197 2586930522 18464118 259581  4
2.369686140 2562862102 18445409 259569  2
2.377020790 2595880634 18060807 259581  0
2.378613877 2605297792 18367270 259577  0
2.380669419 2581030622 18168520 259579  0
2.388005344 2614328372 18447738 259595  3
2.389626494 2624131170 18833378 259578  0
2.391667350 2599043111 18012489 259588  0
2.399007120 2632621054 18292682 259600  1
2.400615783 2642208014 18076844 259585  0
2.402681666 2617528387 18485276 259567  13
2.410017297 2650836367 18215313 259581  6
2.411615690 2660970593 18762579 259584  0
2.413665556 2635729126 18200739 259583  4
2.421052641 2669360847 18524480 259575  29
2.422629063 2679604003 18633410 259576  0
2.424666296 2653710481 17981355 259574  0
2.432019130 2687370177 18009330 259579  16
2.433613999 2697804729 18200726 259570  0
2.435677249 2672259397 18548916 259576  0
2.443016223 2706118712 18748535 259587  7
2.444626056 2716611792 18807063 259578  1
2.446667566 2690378730 18119333 259584  0
2.454006086 2724115436 17996724 259587  2
2.455628115 2735006231 18394439 259566  0
2.457668816 2708363214 17984484 259575  0
2.465005929 2742662278 18546842 259590  0
2.466611374 2753438007 18431776 259584  0
2.468680042 2726924305 18561091 259568  0
2.476009353 2760859324 18197046 259584  4
2.477625821 2771867619 18429612 259572  0
2.479666416 2745061430 18137125 259588  3
2.487003009 2779102481 18243157 259595  15
2.488626557 2790278893 18411274 259582  0
2.490668759 2762998815 17937385 259569  3
2.498003772 2797534214 18431733 259583  21
2.499613537 2809051340 18772447 259564  0
2.501682229 2781476944 18478129 259567  0
2.509017442 2815512581 17978367 259575  9
2.510614300 2827384698 18333358 259579  0
2.512678603 2799643654 18166710 259583  0
2.520012511 2833938674 18426093 259584  6
2.521621130 2845862313 18477615 259577  0
2.523673229 2817610725 17967071 259582  0
2.531003711 2852203558 18264884 259596  4
2.532616212 2864584781 18722468 259585  0
2.534680766 2836164214 18553489 259577  0
2.542018652 2870559119 18355561 259574  3
2.543628753 2882660063 18075282 259569  0
2.545676989 2854281106 18116892 259589  3
2.553004851 2888905522 18346403 259587  0
2.554624255 2901405110 18745047 259581  0
2.556668419 2872205382 17924276 259583  0
2.564014448 2906882262 17976740 259587  0
2.565624278 2919680397 18275287 259575  0
2.567680309 2890733553 18528171 259573  0
2.575004444 2925632928 18750666 259570  0
2.576614462 2938238162 18557765 259583  0
2.578681039 2908847685 18114132 259582  0
2.586014298 2943562182 17929254 259577  0
2.587613614 2956687319 18449157 259570  0
2.589665505 2926772908 17925223 259567  0
2.597002287 2962272079 18709897 259586  0
2.598625395 2974986282 18298963 259586  0
2.600678452 2945368840 18595932 259572  0
2.608016494 2980271453 17999374 259592  0
2.609626371 2993758412 18772130 259577  0
2.611680216 2963420346 18051506 259582  0
2.619016793 2998714295 18442842 259586  3
2.620615637 3011791095 18032683 259577  0
2.622667595 2981339154 17918808 259577  0
2.630005196 3016921900 18207605 259596  3
2.631613556 3030541018 18749923 259577  0
2.633668671 2999838831 18499677 259571  0
2.641017316 3035084347 18162447 259585  1
2.642626666 3049192558 18651540 259573  1
2.644680105 3017931826 18092995 259576  0
2.652015323 3053563096 18478749 259569  4
2.653629576 3067271095 18078537 259584  0
2.655666105 3035874463 17942637 259560  0
2.663012299 3071526372 17963276 259584  30
2.664620565 3086037819 18766724 259583  1
2.666671055 3054312439 18437976 259569  0
2.674005182 3090160422 18634050 259565  53
2.675613948 3104264609 18226790 259565  1
2.677680232 3072452306 18139867 259584  0
2.685017832 3108151038 17990616 259599  20
2.686627445 3122752828 18488219 259575  0
2.688679649 3090390096 17937790 259583  0
2.696006932 3126172073 18021035 259583  10
2.697627047 3141425836 18673008 259576  1
2.699669681 3108895302 18505206 259569  0
2.707019602 3144754221 18582148 259580  1
2.708617098 3159530689 18104853 259581  0
2.710679558 3126961382 18066080 259572  0
2.718019711 3162692523 17938302 259579  2
2.719616724 3178255957 18725268 259579  0
2.721681285 3144901184 17939802 259582  0
2.729003428 3180987710 18295187 259597  2
2.730623817 3196587898 18331941 259562  0
2.732679198 3163374594 18473410 259574  0
2.740006584 3199309424 18321714 259582  2
2.741614943 3214981467 18393569 259577  0
2.743678005 3181451481 18076887 259574  0
2.751017961 3217426719 18117295 259573  0
2.752625689 3233382819 18401352 259565  0
2.754680798 3199379789 17928308 259572  0
2.762014331 3235854791 18428072 259575  0
2.763628689 3251721051 18338232 259590  1
2.765666898 3217803094 18423305 259576  0
2.773003654 3253818478 17963687 259584  0
2.774623826 3270462934 18741883 259587  1
2.776681315 3235901603 18098509 259599  0
2.784016485 3272241078 18422600 259575  1
2.785625518 3288792985 18330051 259570  1
2.787679464 3253834159 17932556 259570  0
2.795007127 3290370476 18129398 259579  0
2.796614924 3307213888 18420903 259595  2
2.798670485 3272291229 18457070 259569  0
2.806024017 3308317189 17946713 259573  3
2.807622071 3325916349 18702461 259567  0
2.809673562 3290383906 18092677 259574  0
2.817004270 3326979174 18661985 259574  1
2.818613531 3344102541 18186192 259580  0
2.820679234 3308283493 17899587 259573  0
2.828016646 3344910926 17931752 259594  1
2.829624504 3362665365 18562824 259583  1
2.831666841 3326775785 18492292 259568  0
2.839006217 3363225792 18314866 259587  5
2.840612830 3381355580 18690215 259579  0
2.842667025 3344821183 18045398 259583  1
2.850005466 3381481298 18255506 259568  4
2.851628873 3399371979 18016399 259584  0
2.853679244 3362742025 17920842 259578  0
2.861017486 3399403683 17922385 259596  1
2.862624376 3418083264 18711285 259578  0
2.864669418 3381224941 18482916 259583  0
2.872003649 3417774922 18371239 259571  0
2.873628496 3436290955 18207691 259581  1
2.875666957 3399307458 18082517 259568  0
2.883003969 3435964644 18189722 259590  4
2.884614792 3454783647 18492692 259579  0
2.886679471 3417201060 17893602 259584  0
2.894015375 3453833646 17869002 259577  0
2.895612931 3473261419 18477772 259574  3
2.897677528 3435625961 18424901 259574  3
2.905016286 3472333061 18499415 259576  1
2.906625675 3491475135 18213716 259589  0
2.908668347 3453708942 18082981 259588  1
2.916005068 3490386659 18053598 259579  0
2.917615261 3510186630 18711495 259595  0
2.919679221 3471627885 17918943 259572  0
2.927015915 3508274745 17888086 259593  0
2.928615555 3528281634 18095004 259574  0
2.930679775 3490017140 18389255 259576  0
2.938003521 3526902721 18627976 259586  1
2.939624931 3546851377 18569743 259575  0
2.941666664 3508118798 18101658 259590  0
2.949020458 3544839824 17937103 259595  1
2.950639261 3565457926 18606549 259586  0
2.952689191 3526022661 17903863 259589  0
2.960017171 3562928307 18088483 259584  1
2.961614056 3583495619 18037693 259577  0
2.963680365 3544435705 18413044 259574  0
2.971016301 3581331278 18402971 259581  0
2.972613486 3602215161 18719542 259587  1
2.974665967 3562510003 18074298 259589  1
2.982003224 3599232521 17901243 259573  0
2.983613776 3620283894 18068733 259566  0
2.985667264 3580397707 17887704 259580  0
2.993003400 3617470028 18237507 259586  0
2.994624413 3638865641 18581747 259582  0
2.996666708 3598697352 18299645 259576  0
3.004019730 3635767106 18297078 259589  0
3.005612629 3657310202 18444561 259576  0
3.007668954 3616884283 18186931 259582  1
3.015004581 3653702975 17935869 259583  0
3.016611891 3675493792 18183590 259567  0
3.018664944 3634772157 17887874 259570  0
3.026016397 3672082952 18379977 259567  2
3.027628375 3694159934 18666142 259578  0
3.029682751 3653025167 18253010 259573  0
3.037016754 3690120399 18037447 259584  8
3.038612654 3712385343 18225409 259579  0
3.040667111 3671230076 18204909 259581  0
3.048007256 3708118460 17998061 259576  1
3.049628557 3730840589 18455246 259573  0
3.051664524 3689115654 17885578 259582  0
3.059006489 3726587387 18468927 259590  2
3.060613660 3749151471 18310882 259585  0
3.062678661 3707351923 18236269 259563  0
3.070022313 3744476668 17889281 259569  1
3.071620350 3767480992 18329521 259578  0
3.073679991 3725572142 18220219 259577  2
3.081019316 3762532329 18055661 259573  0
3.082615326 3786130776 18649784 259587  2
3.084672374 3743439612 17867470 259587  0
3.092018876 3780658665 18126336 259575  0
3.093614905 3804071750 17940974 259572  0
3.095680581 3761615096 18175484 259587  0
3.103025646 3798792844 18134179 259591  1
3.104622482 3822791723 18719973 259574  2
3.106686427 3779772627 18157531 259569  0
3.114017119 3816753450 17960606 259590  0
3.115617675 3841149372 18357649 259587  2
3.117668248 3797737345 17964718 259591  0
3.125005619 3834993072 18239622 259573  0
3.126625045 3859354998 18205626 259565  3
3.128678518 3815698666 17961321 259579  0
3.136019162 3853093634 18100562 259575  2
3.137626788 3878060006 18705008 259582  0
3.139680107 3833891658 18192992 259572  0
3.147018618 3871101276 18007642 259588  5
3.148613441 3896068076 18008070 259581  0
3.150666134 3851983761 18092103 259583  1
3.158003725 3889281853 18180577 259589  3
3.159628321 3914613238 18545162 259584  0
3.161665780 3869862436 17878675 259572  3
3.169018444 3907377400 18095547 259586  28
3.170612130 3933068008 18454770 259580  1
3.172680424 3887981923 18119487 259575  2
3.180003911 3925327465 17950065 259576  21
3.181615651 3951184184 18116176 259570  1
3.183669683 3906065834 18083911 259577  0
3.191003214 3943518704 18191239 259575  10
3.192626410 3969506171 18321987 259566  0
3.194666460 3924094789 18028955 259572  1
3.202005167 3961636488 18117784 259579  2
3.203628233 3987761834 18255663 259572  0
3.205678134 3941996251 17901462 259569  1
3.213018338 3979585337 17948849 259572  0
3.214624400 4006399492 18637658 259576  0
3.216666013 3960108401 18112150 259578  2
3.224019020 3997766910 18181573 259578  0
3.225625352 4024513180 18113688 259585  0
3.227664994 3978339831 18231430 259568  6
3.235005034 4015888816 18121906 259582  2
3.236627512 4042967879 18454699 259575  0
3.238681761 3996147163 17807332 259579  1
3.246028153 4033836630 17947814 259590  4
3.247635429 4061366427 18398548 259582  0
3.249687491 4014115947 17968784 259580  0
3.257003639 4052006942 18170312 259570  0
3.258614728 4079540936 18174509 259573  0
3.260665564 4032510913 18394966 259574  0
3.268003410 4070130454 18123512 259595  2
3.269628342 4098213171 18672235 259581  0
3.271666426 4050331407 17820494 259573  0
3.279017589 4088064660 17934206 259580  3
3.280613171 4116344900 18131729 259580  0
3.282679303 4068139675 17808268 259568  0
3.290016149 4106356905 18292245 259586  4
3.291624930 4134891800 18546900 259601  0
3.293676767 4086779605 18639930 259577  0
3.301007939 4124464467 18107562 259586  12
3.302625050 4153274073 18382273 259586  2
3.304679930 4104637093 17857488 259577  0
3.312016769 4142444364 17979897 259580  10
3.313613199 4171471282 18197209 259589  1
3.315677207 4122465679 17828586 259580  0
3.323004892 4160749830 18305466 259577  3
3.324625819 4190153632 18682350 259568  1
3.326666164 4141103694 18638015 259576  0
3.334004335 4178776597 18026767 259590  4
3.335626099 4208139029 17985397 259575  0
3.337668180 4158960872 17857178 259572  0
3.345003911 4196780394 18003797 259577  5
3.346627956 4226775305 18636276 259572  0
3.348669047 4176767018 17806146 259573  0
3.356016675 4215146106 18365712 259593  2
3.357626748 4245375108 18599803 259568  0
3.359665646 4195399157 18632139 259566  0
3.367004454 4233063901 17917795 259584  0
3.368613084 4263335643 17960535 259586  0
3.370666403 4213246303 17847146 259583  0
3.378003941 4251006384 17942483 259589  0
3.379616131 4281997710 18662067 259575  1
3.381678123 4231019967 17773664 259583  0
3.389023558 4269229745 18223361 259571  0
3.390623501 4299936938 17939228 259571  0
3.392672586 4249344200 18324233 259582  0
3.400006801 4287331368 18101623 259597  0
3.401613423 4318551787 18614849 259561  0
3.403666890 4267407333 18063133 259573  2
3.411015160 4305296400 17965032 259578  0
3.412628110 4337093815 18542028 259593  0
3.414666823 4285170698 17763365 259590  0
3.422000917 4323502559 18206159 259579  2
3.423613063 4355152751 18058936 259578  0
3.425679120 4303154096 17983398 259573  2
3.433015168 4341586680 18084121 259582  3
3.434627417 4373670759 18518008 259592  0
3.436666013 4321294373 18140277 259582  0
3.444004927 4359489377 17902697 259578  1
3.445614256 4391687581 18016822 259574  0
3.447665553 4339320162 18025789 259572  2
3.455018727 4377777613 18288236 259583  0
3.456614959 4410291628 18604047 259590  0
3.458681497 4357260465 17940303 259563  0
3.466014703 4395818155 18040542 259610  3
3.467616492 4428239567 17947939 259566  0
3.469668450 4375092083 17831618 259580  0
3.477004066 4413743709 17925554 259571  2
3.478612868 4446891728 18652161 259570  3
3.480680503 4393052048 17959965 259591  0
3.488017060 4431954841 18211132 259594  1
3.489614984 4465372429 18480701 259574  0
3.491680233 4411434301 18382253 259577  0
3.499016036 4450026189 18071348 259602  7
3.500615404 4483407417 18034988 259573  0
3.502679430 4429234246 17799945 259572  0
3.510015689 4467952579 17926390 259582  6
3.511626787 4502097356 18689939 259580  0
3.513665013 4446976708 17742462 259577  0
3.521017879 4486282741 18330162 259593  1
3.522613060 4520145973 18048617 259574  0
3.524678209 4465548703 18571995 259585  1
3.532004185 4504235797 17953056 259582  0
3.533615877 4538583916 18437943 259581  0
3.535667070 4483382088 17833385 259570  0
3.543009678 4522207278 17971481 259576  0
3.544633683 4557245950 18662034 259576  0
3.546674433 4501119642 17737554 259566  1
3.554014762 4540386935 18179657 259576  0
3.555617232 4575125879 17879929 259576  0
3.557680033 4519258620 18138978 259570  1
3.565018452 4558419083 18032148 259580  1
3.566615256 4593738171 18612292 259576  0
3.568665736 4537387149 18128529 259570  0
3.576016848 4576350738 17931655 259575  0
3.577627005 4611969506 18231335 259564  2
3.579668947 4555198717 17811568 259570  0
3.587015131 4594561175 18210437 259577  0
3.588611905 4630263857 18294351 259572  2
3.590678499 4573051872 17853155 259587  0
3.598005801 4612585288 18024113 259586  0
3.599614845 4648723812 18459955 259571  1
3.601680983 4591294692 18242820 259591  0
3.609003627 4630544594 17959306 259573  0
3.610613038 4666767606 18043794 259569  1
3.612664019 4609144005 17849313 259581  0
3.620020784 4648679218 18134624 259586  0
3.621629795 4685378308 18610702 259578  0
3.623682639 4627157324 18013319 259572  0
3.631017427 4666732526 18053308 259584  0
3.632625334 4703541957 18163649 259582  0
3.634680960 4645075563 17918239 259570  0
3.642005624 4684762066 18029540 259590  0
3.643611963 4721862863 18320906 259577  0
3.645666486 4662944669 17869106 259581  0
3.653004857 4702940376 18178310 259579  1
3.654626563 4740336754 18473891 259577  1
3.656681523 4681234193 18289524 259581  1
3.664003237 4720859221 17918845 259581  1
3.665626400 4758360607 18023853 259574  0
3.667678373 4699047843 17813650 259587  1
3.675018634 4738852430 17993209 259591  3
3.676623989 4776927119 18566512 259572  0
3.678669232 4716758858 17711015 259572  0
3.686029457 4756952920 18100490 259563  1
3.687623233 4794990629 18063510 259594  0
3.689673923 4734873922 18115064 259585  0
3.697006653 4774962753 18009833 259580  1
3.698628115 4813423095 18432466 259583  0
3.700682043 4753060266 18186344 259576  0
3.708004050 4792846818 17884065 259586  0
3.709624838 4831651264 18228169 259580  0
3.711667199 4770797060 17736794 259581  0
3.719007026 4811099156 18252338 259587  1
3.720625068 4849920884 18269620 259582  1
3.722668563 4788554212 17757152 259583  0
3.730003839 4829064839 17965683 259588  0
3.731628694 4868526329 18605445 259580  0
3.733666849 4807087466 18533254 259573  0
3.741016275 4847082483 18017644 259590  5
3.742626790 4886591296 18064967 259573  0
3.744667662 4824790966 17703500 259576  0
3.752006602 4865317279 18234796 259570  4
3.753612256 4905023925 18432629 259569  0
3.755664139 4842589283 17798317 259573  1
3.763010112 4883190602 17873323 259582  5
3.764614167 4923623542 18599617 259585  0
3.766679409 4860664314 18075031 259584  0
3.774018202 4901223486 18032884 259591  3
3.775613966 4941503562 17880020 259589  0
3.777676842 4878405457 17741143 259574  0
3.785002638 4919449031 18225545 259584  4
3.786628083 4960144435 18640873 259577  0
3.788667206 4896485821 18080364 259569  0
3.796016468 4937290535 17841504 259599  2
3.797626986 4978572756 18428321 259571  0
3.799681279 4914455851 17970030 259582  0
3.807015935 4955291738 18001203 259590  0
3.808613855 4996585556 18012800 259580  0
3.810681012 4932150116 17694265 259576  0
3.818016481 4973428073 18136335 259579  1
3.819616469 5015199469 18613913 259575  0
3.821665916 4949901994 17751878 259574  2
3.829011482 4991367002 17938929 259603  1
3.830621791 5033283427 18083958 259579  1
3.832676742 4968491235 18589241 259573  1
3.840019984 5009259572 17892570 259576  1
3.841629197 5051629289 18345862 259576  0
3.843682246 4986167346 17676111 259567  0
3.851005557 5027530936 18271364 259575  1
3.852613134 5070250247 18620958 259574  0
3.854668363 5003895727 17728381 259568  1
3.862005274 5045429748 17898812 259572  8
3.863613650 5088166978 17916731 259577  0
3.865669085 5022458867 18563140 259575  0
3.873017550 5063333896 17904148 259579  0
3.874613837 5106699897 18532919 259576  0
3.876681066 5040136859 17677992 259564  0
3.884003880 5081541453 18207557 259588  1
3.885614097 5125253246 18553349 259579  1
3.887681466 5057831794 17694935 259571  0
3.895004766 5099473078 17931625 259590  0
3.896616966 5143138313 17885067 259569  0
3.898667162 5075670667 17838873 259580  2
3.906020440 5117371535 17898457 259568  5
3.907613229 5161710564 18572251 259581  0
3.909679322 5093739310 18068643 259587  0
3.917017297 5135476667 18105132 259580  1
3.918614152 5179925163 18214599 259585  0
3.920666466 5111630513 17891203 259584  3
3.928003276 5153489138 18012471 259585  0
3.929628672 5198151578 18226415 259591  1
3.931665969 5129633539 18003026 259573  1
3.939014613 5171398348 17909210 259580  2
3.940612445 5216739162 18587584 259578  1
3.942679626 5147370818 17737279 259571  0
3.950015596 5189541478 18143130 259571  0
3.951626221 5234853437 18114275 259576  4
3.953678563 5165152626 17781808 259588  0
3.961003872 5207491823 17950345 259586  0
3.962613311 5253189969 18336532 259589  2
3.964666929 5183569893 18417267 259574  0
3.972025969 5225385361 17893538 259584  0
3.973624664 5271745663 18555694 259582  0
3.975686836 5201297188 17727295 259577  0
3.983016132 5243569194 18183833 259575  0
3.984625667 5289667084 17921421 259581  1
3.986678016 5218968130 17670942 259569  0
3.994003219 5261499363 17930169 259575  0
3.995626663 5308171784 18504700 259586  0
3.997666632 5237503794 18535664 259574  0
4.005006285 5279448925 17949562 259578  1
4.006626793 5326700998 18529214 259570  0
4.008679376 5255260471 17756677 259582  0
4.016019782 5297472198 18023273 259569  2
4.017625463 5344549571 17848573 259582  0
4.019680223 5272918088 17657617 259583  0
4.027006148 5315478251 18006053 259592  0
4.028627700 5363162150 18612579 259574  0
4.030668725 5291069532 18151444 259568  1
4.038002821 5333382767 17904516 259589  1
4.039626656 5381587156 18425006 259577  0
4.041662672 5309172852 18103320 259569  0
4.049018145 5351494631 18111864 259573  1
4.050629095 5399545483 17958327 259567  0
4.052679499 5326837720 17664868 259587  0
4.060001894 5369439413 17944782 259588  0
4.061624991 5418136482 18590999 259575  0
4.063668425 5344856110 18018390 259571  8
4.071005544 5387371584 17932171 259592  0
4.072614685 5436429870 18293388 259577  0
4.074668516 5363098793 18242683 259589  3
4.082017087 5405397247 18025663 259591  0
4.083628494 5454496806 18066936 259584  0
4.085677402 5380732831 17634038 259579  4
4.093004487 5423377818 17980571 259600  1
4.094628748 5473090977 18594171 259570  0
4.096680399 5398548415 17815584 259579  0
4.104006214 5441247694 17869876 259606  0
4.105626527 5491269394 18178417 259574  0
4.107667002 5416644767 18096352 259576  0
4.115015110 5459498310 18250616 259584  1
4.116628727 5509464708 18195314 259580  0
4.118665815 5434349908 17705141 259575  0
4.126023520 5477310646 17812336 259575  0
4.127619643 5528070530 18605822 259569  0
4.129685679 5452438570 18088662 259562  0
4.137003756 5495296917 17986271 259577  0
4.138626056 5546570248 18499718 259575  0
4.140666621 5470178431 17739861 259590  0
4.148014436 5513455469 18158552 259590  0
4.149615829 5564396632 17826384 259578  0
4.151679295 5487780315 17601884 259574  0
4.159018830 5531205265 17749796 259595  5
4.160616359 5583074803 18678171 259576  0
4.162680145 5506271014 18490699 259569  0
4.170019506 5549065565 17860300 259586  4
4.171627268 5601743399 18668596 259569  1
4.173668375 5523965822 17694808 259570  0
4.181001776 5567192889 18127324 259563  4
4.182613688 5619821107 18077708 259573  2
4.184679618 5541574305 17608483 259582  0
4.192016429 5585166871 17973982 259578  2
4.193612541 5638377730 18556623 259573  3
4.195668425 5560039082 18464777 259569  0
4.203004252 5603218784 18051913 259582  1
4.204626794 5657057136 18679406 259578  5
4.206666969 5577867035 17827953 259582  0
4.214005719 5621515775 18296991 259586  1
4.215613803 5675315307 18258171 259574  0
4.217664858 5595600430 17733395 259582  0
4.225021596 5639427056 17911281 259581  1
4.226616224 5693655005 18339698 259571  0
4.228679445 5613847407 18246977 259586  0
4.236005018 5657500629 18073573 259589  0
4.237627660 5712321398 18666393 259572  0
4.239664738 5632054776 18207369 259571  0
4.247010882 5675825869 18325240 259578  2
4.248612106 5730610321 18288923 259569  0
4.250668115 5649791086 17736310 259586  0
4.258018565 5693680884 17855015 259577  8
4.259612849 5748921525 18311204 259571  0
4.261679692 5667696913 17905827 259563  0
4.269023675 5711886167 18205283 259588  0
4.270623382 5767567847 18646322 259577  0
4.272675219 5686225738 18528825 259580  2
4.280003551 5730069431 18183264 259591  2
4.281624582 5785947922 18380075 259575  0
4.283665782 5703967470 17741732 259578  0
4.291018861 5747947112 17877681 259587  0
4.292626265 5804156555 18208633 259577  1
4.294677215 5721834969 17867499 259584  0
4.302017881 5766269744 18322632 259595  1
4.303615438 5822848950 18692395 259582  0
4.305681139 5739961985 18127016 259570  0
4.313003754 5784276071 18006327 259587  0
4.314611571 5841511530 18662580 259573  0
4.316664905 5757752342 17790357 259585  0
4.324006047 5802107774 17831703 259573  0
4.325612871 5859608885 18097355 259579  0
4.327680395 5775996411 18244069 259576  0
4.335016047 5820420355 18312581 259588  2
4.336625608 5878099176 18490291 259579  0
4.338681706 5793876956 17880545 259584  0
4.346004913 5838441712 18021357 259591  0
4.347616504 5896732721 18633545 259571  0
4.349681668 5811830716 17953760 259573  0
4.357002159 5856292381 17850669 259579  0
4.358626586 5914972439 18239718 259563  1
4.360678625 5830134310 18303594 259572  1
4.368015160 5874640840 18348459 259567  8
4.369625139 5933290397 18317958 259574  1
4.371681642 5847937580 17803270 259578  0
4.379004596 5892590768 17949928 259570  5
4.380612409 5951939323 18648926 259570  1
4.382665862 5865678297 17740717 259585  2
4.390005019 5910423880 17833112 259587  2
4.391612032 5970204712 18265389 259574  1
4.393666972 5884238756 18560459 259584  7
4.401007056 5928702952 18279072 259586  1
4.402614262 5988493567 18288855 259567  0
4.404679636 5902067939 17829183 259573  11
4.412013786 5946733201 18030249 259585  0
4.413636645 6007100965 18607398 259562  0
4.415672828 5919805093 17737154 259578  3
4.423003863 5964575210 17842009 259566  0
4.424628578 6025273767 18172802 259569  0
4.426667815 5938363770 18558677 259575  1
4.434019522 5982864337 18289127 259582  0
4.435614678 6043601118 18327351 259564  1
4.437666321 5956171371 17807601 259587  0
4.445018089 6000856322 17991985 259581  1
4.446628177 6062194122 18593004 259579  2
4.448683485 5973901593 17730222 259582  0
4.456006858 6018686988 17830666 259577  2
4.457628363 6080298927 18104805 259570  1
4.459666674 5992160253 18258660 259581  0
4.467017725 6037057508 18370520 259561  5
4.468628430 6098733976 18435049 259574  0
4.470670158 6010281704 18121451 259568  4
4.478017121 6054975387 17917879 259572  0
4.479624426 6117334149 18600173 259581  0
4.481680328 6027997452 17715748 259574  22
4.489018015 6072797363 17821976 259564  3
4.490628657 6135580844 18246695 259580  0
4.492657263 6046112151 18114699 259572  0
4.500016041 6091096272 18298909 259574  1
4.501627716 6153863972 18283128 259572  0
4.503666815 6064339495 18227344 259588  2
4.511004785 6109055485 17959213 259573  0
4.512614389 6172512268 18648296 259577  0
4.514678312 6082083726 17744231 259589  3
4.522018494 6126867143 17811658 259566  0
4.523625682 6191023124 18510856 259570  0
4.525667131 6100140322 18056596 259570  1
4.533014668 6145153948 18286805 259580  0
4.534612088 6208984695 17961571 259572  0
4.536680361 6118392890 18252568 259580  1
4.544003980 6163124728 17970780 259576  0
4.545625255 6227583004 18598309 259585  0
4.547681332 6136149500 17756610 259568  0
4.555024881 6180931335 17806607 259576  1
4.556632758 6246196975 18613971 259577  0
4.558674158 6153929131 17779631 259580  0
4.566019077 6199229888 18298553 259576  0
4.567616471 6264105025 17908050 259567  0
4.569680218 6172258797 18329666 259570  0
4.577002657 6217189182 17959294 259574  0
4.578625103 6282674181 18569156 259569  0
4.580680668 6190150285 17891488 259572  2
4.588015050 6234983654 17794472 259571  1
4.589627300 6301262901 18588720 259576  1
4.591667498 6207974638 17824353 259575  7
4.599017727 6253428828 18445174 259585  0
4.600612780 6319271460 18008559 259572  1
4.602665608 6226304580 18329942 259567  5
4.610007073 6271214445 17785617 259568  4
4.611612686 6337750203 18478743 259572  0
4.613682355 6244180093 17875513 259588  1
4.621005700 6289006490 17792045 259565  0
4.622614076 6356335384 18585181 259573  0
4.624666994 6261993588 17813495 259591  1
4.632006949 6307295840 18289350 259571  2
4.633616929 6374255837 17920453 259573  0
4.635669548 6280260439 18266851 259575  1
4.643003593 6325228540 17932700 259570  0
4.644627296 6392823058 18567221 259580  0
4.646681058 6298180932 17920493 259579  4
4.654014706 6343026710 17798170 259584  0
4.655613982 6411389513 18566455 259585  0
4.657688205 6315992021 17811089 259571  2
4.665018019 6361226255 18199545 259592  5
4.666613638 6429407169 18017656 259574  0
4.668665951 6334026114 18034093 259575  4
4.676015973 6379267512 18041257 259583  8
4.677612805 6447888759 18481590 259582  0
4.679678665 6352059677 18033563 259573  6
4.687005645 6397060165 17792653 259580  6
4.688661502 6466461069 18572310 259559  0
4.690681245 6369985318 17925641 259577  4
4.698017872 6415374301 18314136 259569  4
4.699613577 6484597091 18136022 259568  3
4.701680341 6387841917 17856599 259572  4
4.709014128 6433317037 17942736 259579  0
4.710621890 6502926167 18329076 259571  0
4.712674135 6405920454 18078537 259563  1
4.720007621 6451077948 17760911 259571  0
4.721628283 6521500679 18574512 259565  0
4.723670648 6423988364 18067910 259580  1
4.731003268 6469558232 18480284 259583  0
4.732615246 6539729350 18228671 259576  0
4.734668831 6441737913 17749549 259581  1
4.742019682 6487334785 17776553 259574  0
4.743615986 6557948803 18219453 259581  0
4.745666208 6459800085 18062172 259580  1
4.753005001 6505491909 18157124 259569  1
4.754612629 6576529675 18580872 259572  0
4.756680592 6477963558 18163473 259586  0
4.764020561 6523613476 18121567 259575  3
4.765625559 6595024326 18494651 259575  0
4.767680105 6495718980 17755422 259587  0
4.775016604 6541356215 17742739 259576  6
4.776627092 6611006306 15981980 259571  131
4.778663914 6513827928 18108948 259569  0
4.786017591 6559861098 18504883 259576  5
4.787618101 6629359021 18352715 259580  0
4.789666738 6531944349 18116421 259588  0
4.797002574 6577638651 17777553 259575  8
4.798625361 6647351716 17992695 259572  0
4.800667208 6549689033 17744684 259575  0
4.808002714 6595636557 17997906 259574  6
4.809624707 6665943420 18591704 259573  0
4.811667124 6567788232 18099199 259571  0
4.819005090 6611663387 16026830 259566  163
4.820627997 6672500745 6557325 283190  1
4.822678721 6585893388 18105156 259583  0
4.830006404 6629670496 18007109 259577  6
4.832625243 6678402327 5901582 259585  0
4.833676838 6602669182 16775794 259589  390
4.841020630 6647372131 17701635 259577  2
4.843625299 6684845378 6443051 283197  0
4.844665554 6619621569 16952387 259571  17
4.852014970 6665874425 18502294 259577  1
4.855635509 6690723383 5878005 259588  8
4.855686111 6637390953 17769384 259579  2
4.863020896 6671868166 5993741 259622  15
4.866613258 6696591051 5867668 259609  0
4.866666395 6655645653 18254700 259567  2
4.874018453 6677764829 5896663 259601  7
4.877625804 6702526612 5935561 259596  0
4.877665688 6668844036 13198383 259577  3
4.885006202 6683651363 5886534 259586  8
4.888627394 6708397288 5870676 259596  1
4.888680471 6674981190 6137154 283201  3
4.896017906 6689583665 5932302 259608  1
4.899611710 6714261152 5863864 259587  0
4.900678807 6680865237 5884047 259599  2
4.907017790 6695450659 5866994 259606  0
4.910626454 6720163455 5902303 259587  2
4.911668578 6686743922 5878685 259589  10
4.918016179 6701328860 5878201 259609  0
4.921614273 6726010102 5846647 259612  0
4.922667757 6692609521 5865599 259591  11
4.929006008 6707198723 5869863 259597  1
4.932627639 6731296724 5286622 259588  1
4.933681404 6699028549 6419028 283206  14
4.940008685 6713056981 5858258 259588  1
4.943627906 6736874913 5578189 259587  1
4.945667834 6704900362 5871813 259588  5
4.951023711 6718957002 5900021 259611  4
4.954627119 6742676470 5801557 259594  1
4.956680960 6711310261 6409899 283191  1
4.962004405 6724801823 5844821 259598  4
4.965627562 6748506879 5830409 259603  3
4.968679409 6717157718 5847457 259589  4
4.973004804 6730093766 5291943 259593  14
4.976602666 6754261981 5755102 259599  1
4.979679016 6723543960 6386242 283208  0
4.984017698 6735674391 5580625 259589  5
4.987626015 6760049442 5787461 259601  7
4.991668472 6728836745 5292785 259605  24
4.995013641 6742024140 6349749 283191  3
4.998635698 6766306210 6256768 283180  4
5.002675782 6734409082 5572337 259591  5
5.007005660 6747805933 5781793 259608  2
5.010629104 6772052494 5746284 259593  0
5.013681072 6740225777 5816695 259587  1
5.018007243 6753614655 5808722 259587  2
5.021624896 6777730142 5677648 259600  0
5.024680313 6746553741 6327964 283210  4
5.029016810 6759894262 6279607 283209  2
5.032614852 6783437619 5707477 259603  2
5.036681968 6752364649 5810908 259590  10
5.041016156 6765661452 5767190 259618  1
5.043627009 6789125447 5687828 259596  2
5.047679038 6758102804 5738155 259599  6
5.052004999 6771360233 5698781 259600  2
5.054615349 6794745747 5620300 259593  0
5.058679012 6763852058 5749254 259606  5
5.063016249 6777090172 5729939 259629  1
5.065612845 6800400983 5655236 259590  0
5.069668495 6769577092 5725034 259604  9
5.074008339 6782802650 5712478 259594  4
5.076614735 6806035883 5634900 259614  0
5.080680035 6775308396 5731304 259596  5
5.085003619 6788446254 5643604 259595  1
5.087626158 6811651579 5615696 259593  0
5.091680019 6781502247 6193851 283204  1
5.096005822 6794119576 5673322 259584  0
5.098626854 6817253438 5601859 259597  3
5.103679931 6787191966 5689719 259588  3
5.107002501 6799776378 5656802 259598  0
5.109616021 6822839270 5585832 259592  4
5.114680414 6793344651 6152685 283185  3
5.118015681 6805413222 5636844 259594  1
5.120614390 6828405255 5565985 259605  5
5.126681237 6798999807 5655156 259595  2
5.129003754 6811033729 5620507 259590  0
5.131625940 6833942286 5537031 259611  3
5.137666233 6804596166 5596359 259599  8
5.140012321 6817112821 6079092 283191  1
5.142617406 6839450117 5507831 259628  2
5.148673154 6810730291 6134125 283232  13
5.152007807 6822697417 5584596 259600  2
5.153627253 6844932465 5482348 259609  4
5.160679913 6816331463 5601172 259603  4
5.163019530 6828261729 5564312 259603  0
5.164614159 6850389160 5456695 259634  0
5.171667233 6821918265 5586802 259618  2
5.174006617 6833796649 5534920 259615  2
5.175613822 6855817472 5428312 259635  3
5.182679936 6827485097 5566832 259594  12
5.185017140 6839304799 5508150 259611  0
5.186613979 6861223178 5405706 259605  236
5.193680647 6833491076 6005979 283191  6
5.196004517 6844785048 5480249 259627  1
5.197629185 6867104434 5881256 283224  71
5.205668296 6839000042 5508966 259604  7
5.207006546 6850239497 5454449 259589  0
5.209614710 6872457877 5353443 259604  4
5.216666299 6844480255 5480213 259616  0
5.218018343 6856172437 5932940 283196  2
5.220614951 6877829222 5371345 259591  5
5.227666404 6849934422 5454167 259613  886
5.230003978 6861575621 5403184 259616  2
5.231627143 6883624449 5795227 283201  27
5.238669052 6855868372 5933950 283214  250
5.241005245 6866956182 5380561 259591  3
5.243614575 6888896402 5271953 259598  8
5.250663788 6861269959 5401587 259602  4
5.252007845 6872806743 5850561 283201  1
5.254613259 6894148528 5252126 259608  8
5.261668159 6866648028 5378069 259604  2
5.264008368 6878628053 5821310 283240  3
5.265624895 6899861044 5712516 283230  0
5.272670322 6872496480 5848452 283200  5
5.276014777 6884411168 5783115 283201  1
5.277627115 6905561395 5700351 283207  3
5.284668831 6878318525 5822045 283201  0
5.288016953 6890170729 5759561 283195  0
5.289614607 6910768055 5206660 259597  19
5.296666484 6883615767 5297242 259614  6
5.300023962 6895902578 5731849 283193  0
5.300622076 6916404627 5636572 283202  8
5.307677871 6889375692 5759925 283233  2
5.312007068 6901164990 5262412 259591  0
5.312626939 6922010081 5605454 283206  8
5.319667286 6894661084 5285392 259608  1
5.323017135 6906849106 5684116 283191  4
5.324614201 6927150859 5140778 259599  3
5.330667453 6899881032 5219948 259607  1
5.334982080 6912023981 5174875 259590  1
5.335614695 6932705714 5554855 283209  1
5.341667570 6905082110 5201078 259637  1
5.346005700 6917211129 5187148 259617  2
5.347628343 6938228476 5522762 283201  2
5.352667216 6910740804 5658694 283211  1
5.357004640 6922335610 5124481 259589  0
5.359616002 6943294615 5066139 259591  9
5.364667189 6915935226 5194422 259627  2
5.368019290 6927910657 5575047 283237  0
5.370615346 6948340907 5046292 259590  9
5.375666696 6921063970 5128744 259614  1
5.380018009 6933465971 5555314 283190  1
5.381614415 6953328384 4987477 259594  16
5.386668796 6926639374 5575404 283207  1
5.392003955 6938547683 5081712 259588  0
5.392613934 6958329797 5001413 259600  14
5.398668019 6931742562 5103188 259592  7
5.403002044 6943614629 5066946 259594  2
5.403615405 6963734501 5404704 283184  14
5.409668876 6936809440 5066878 259602  1
5.414003158 6948621798 5007169 259611  0
5.415614300 6968688107 4953606 259602  11
5.420665972 6942311807 5502367 283193  2
5.425005431 6953642152 5020354 259589  2
5.426627367 6974043918 5355811 283200  8
5.432667405 6947357772 5045965 259597  5
5.436016558 6959066275 5424123 283195  2
5.438614699 6979407982 5364064 283198  3
5.443667141 6952348158 4990386 259609  4
5.448032034 6964498843 5432568 283185  1
5.450621309 6984734486 5326504 283190  5
5.454675768 6957809538 5461380 283194  2
5.460018589 6969873495 5374652 283190  7
5.462614111 6990037176 5302690 283191  2
5.466681917 6963208564 5399026 283195  3
5.472006989 6975255016 5381521 283188  1
5.474626869 6995325745 5288569 283196  42
5.478667424 6968165628 4957064 259591  3
5.484018228 6980581487 5326471 283193  1
5.486615376 7000547858 5222113 283211  16
5.489669907 6973522497 5356869 283197  4
5.496004314 6985472486 4890999 259606  2
5.498614878 7005774483 5226625 283188  3
5.501680447 6978885872 5363375 283188  0
5.507003270 6990758477 5285991 283192  1
5.510627047 7010968415 5193932 283198  7
5.513680196 6984195258 5309386 283198  0
5.519003440 6996043775 5285298 283197  0
5.522627436 7016109356 5140941 283197  1
5.525666455 6989067087 4871829 259597  2
5.531005733 7001294930 5251155 283195  1
5.534627216 7021251826 5142470 283210  4
5.536667805 6994329956 5262869 283215  3
5.543016788 7006485970 5191040 283195  1
5.546625608 7026366704 5114878 283201  25
5.548677774 6999589491 5259535 283199  9
5.555017574 7011677719 5191749 283198  0
5.558627420 7031454509 5087805 283216  10
5.560668724 7004814359 5224868 283212  12
5.567018203 7016842227 5164508 283227  6
5.570629333 7036517928 5063419 283202  2
5.572669537 7009986387 5172028 283188  5
5.579016699 7021980775 5138548 283190  11
5.582627795 7041554865 5036937 283206  4
5.584667146 7015159907 5173520 283203  1
5.591006656 7027063769 5082994 283192  7
5.594615613 7046567101 5012236 283186  14
5.596681159 7020301920 5142013 283196  0
5.603011398 7032152081 5088312 283195  8
5.606635563 7051525059 4957958 283202  22
5.608676238 7025417739 5115819 283197  5
5.615007850 7037209231 5057150 283188  0
5.618627328 7056486232 4961173 283216  16
5.620662014 7030488282 5070543 283213  10
5.627003703 7042240972 5031741 283224  0
5.630626115 7061428347 4942115 283207  6
5.632667450 7035554140 5065858 283196  4
5.639007595 7047249850 5008878 283200  4
5.642614517 7066361670 4933323 283197  24
5.644667646 7040593956 5039816 283204  14
5.651016942 7052235918 4986068 283225  4
5.654626703 7071252518 4890848 283206  7
5.656666432 7045612239 5018283 283228  7
5.663020617 7057198556 4962638 283206  5
5.666628348 7076105510 4852992 283195  6
5.668668545 7050602609 4990370 283239  4
5.675006009 7062138215 4939659 283199  0
5.678613754 7080935935 4830425 283198  7
5.680684224 7055572131 4969522 283209  1
5.687004709 7067051480 4913265 283199  1
5.690613390 7085741887 4805952 283227  13
5.692667681 7060515742 4943611 283192  1
5.699005444 7071929886 4878406 283216  1
5.702615849 7090522306 4780419 283224  3
5.704678780 7065434334 4918592 283193  5
5.711017284 7076785519 4855633 283223  1
5.714613864 7095284345 4762039 283232  8
5.716666059 7070324474 4890140 283186  8
5.723017574 7081616004 4830485 283196  6
5.726615994 7100042505 4758160 283213  14
5.728679615 7075182763 4858289 283204  2
5.735021562 7086438826 4822822 283209  3
5.738615176 7104755835 4713330 283232  2
5.740666581 7080018544 4835781 283214  0
5.747018755 7091219883 4781057 283198  4
5.750614884 7109444692 4688857 283197  19
5.752680111 7084825813 4807269 283213  11
5.759025058 7095980897 4761014 283197  2
5.762633091 7114129121 4684429 283218  4
5.764689448 7089640974 4815161 283191  9
5.771004814 7100712586 4731689 283193  4
5.774615050 7118771028 4641907 283228  3
5.776682746 7094399094 4758120 283179  14
5.783016450 7105442572 4729986 283200  6
5.786615056 7123413842 4642814 283229  10
5.788678956 7099140797 4741703 283208  17
5.795015092 7110129630 4687058 283204  1
5.798614828 7128005353 4591511 283230  4
5.800681852 7103858238 4717441 283222  5
5.807004925 7114819565 4689935 283220  1
5.810628241 7132592281 4586928 283219  1
5.812668868 7108576634 4718396 283221  5
5.819017674 7119456727 4637162 283187  2
5.822627209 7137125072 4532791 283237  2
5.824680477 7113240576 4663942 283208  2
5.831017453 7124093489 4636762 283221  1
5.834613741 7141645397 4520325 283243  9
5.836680617 7117887822 4647246 283196  16
5.843007909 7128690922 4597433 283190  2
5.846628558 7146139097 4493700 283222  8
5.848668699 7122531714 4643892 283229  20
5.855015685 7133278177 4587255 283214  2
5.858628173 7150580549 4441452 283211  3
5.860680252 7127136597 4604883 283210  2
5.867005225 7137809851 4531674 283201  2
5.870627379 7155007707 4427158 283223  6
5.872667248 7131726434 4589837 283203  4
5.879015040 7142330686 4520835 283193  0
5.882608188 7159408823 4401116 283220  10
5.884678791 7136269567 4543133 283216  1
5.891016856 7146819626 4488940 283188  1
5.894627648 7163781916 4373093 283214  26
5.896667557 7140797143 4527576 283205  7
5.903017498 7151282269 4462643 283204  1
5.906626496 7168131596 4349680 283206  39
5.908679290 7145297376 4500233 283193  8
5.915018525 7155686792 4404523 283213  0
5.918626969 7172430831 4299235 283232  19
5.920680509 7149746955 4449579 283230  0
5.927024224 7160085907 4399115 283224  5
5.930623328 7176720865 4290034 283239  7
5.932674488 7154180897 4433942 283209  0
5.939016673 7164456184 4370277 283224  2
5.942629163 7180984119 4263254 283243  17
5.944681408 7158584600 4403703 283227  4
5.951006126 7168798628 4342444 283249  3
5.954612839 7185224847 4240728 283236  35
5.956678367 7162965896 4381296 283197  24
5.963005885 7173113900 4315272 283195  2
5.966614558 7189444144 4219297 283205  25
5.968681807 7167316509 4350613 283220  2
5.975019744 7177400712 4286812 283214  4
5.978615554 7193639925 4195781 283216  5
5.980679906 7171643806 4327297 283207  9
5.987006663 7181664145 4263433 283200  1
5.990628143 7197800509 4160584 283198  6
5.992670189 7175921803 4277997 283213  5
5.999005046 7185903543 4239398 283193  1
6.002624759 7201937470 4136961 283200  2
6.004667368 7180191064 4269261 283200  2
6.011015192 7190119994 4216451 283230  1
6.014615032 7206048836 4111366 283196  1
6.016681195 7184438888 4247824 283194  13
6.023003638 7194310526 4190532 283202  0
6.026613544 7210134136 4085300 283193  11
6.028680213 7188662334 4223446 283198  42
6.035016477 7198471421 4160895 283232  6
6.038612922 7214207157 4073021 283208  4
6.040678336 7192862752 4200418 283235  16
6.047002623 7202602523 4131102 283247  1
6.050614175 7218239995 4032838 283189  2
6.052666242 7197031120 4168368 283213  7
6.059004972 7206709503 4106980 283196  17
6.062613991 7222253188 4013193 283228  10
6.064679989 7201170541 4139421 283224  1
6.071005851 7210788807 4079304 283203  6
6.074614897 7226237887 3984699 283206  25
6.076669154 7205284614 4114073 283200  6
6.083014027 7214848633 4059826 283200  2
6.086623962 7230193284 3955397 283199  14
6.088676591 7209375007 4090393 283219  4
6.095006104 7218882257 4033624 283200  5
6.098627702 7234137638 3944354 283216  15
6.100679354 7213449159 4074152 283213  1
6.107003276 7222904985 4022728 283206  1
6.110615997 7238048606 3910968 283187  4
6.112679833 7217489126 4039967 283197  0
6.119019189 7226878993 3974008 283192  0
6.122615799 7241940905 3892299 283202  33
6.124666675 7221505543 4016417 283214  4
6.131017864 7230833012 3954019 283203  0
6.134615352 7245816421 3875516 283225  6
6.136665675 7225495151 3989608 283195  9
6.143007474 7234768081 3935069 283197  0
6.146627248 7249207987 3391566 259602  197
6.148668005 7229457291 3962140 283211  28
6.155016140 7238687629 3919548 283218  0
6.157616405 7252257198 3049211 283192  7
6.160666097 7233405317 3948026 283182  5
6.167020355 7242577976 3890347 283201  95
6.169618313 7255368866 3111668 283192  5
6.172682110 7237321797 3916480 283200  2
6.179006327 7246444955 3866979 283201  14
6.181627912 7258148177 2779311 259583  1
6.184680689 7241219544 3897747 283206  0
6.191016087 7249944551 3499596 283187  20
6.192615556 7261281654 3133477 283186  6
6.196666762 7245101178 3881634 283202  28
6.203007603 7253016647 3072096 283214  8
6.204614604 7264049883 2768229 259616  3
6.208667405 7248952656 3851478 283200  21
6.215019773 7256140090 3123443 283240  24
6.215614604 7266827782 2777899 259611  4
6.220680677 7251692543 2739887 259617  384
6.226627701 7269571358 2743576 259618  3
6.227018482 7259243640 3103550 283208  17
6.231668911 7254504394 2811851 259601  6
6.237623380 7272770577 3199219 283211  5
6.239030021 7262059821 2816181 259606  11
6.242688055 7257366498 2862104 259608  4
6.249629386 7275845572 3074995 283222  4
6.250018457 7264876686 2816865 259610  16
6.253681881 7260207290 2840792 259612  9
6.261004863 7267598395 2721709 259610  16
6.261627635 7278664296 2818724 259599  4
6.264681661 7263054138 2846848 259627  7
6.272004290 7270699768 3101373 283192  29
6.272616534 7281771762 3107466 283220  4
6.275667561 7265798947 2744809 259607  7
6.284006172 7273795850 3096082 283198  23
6.284616504 7284569288 2797526 259595  2
6.286680407 7268550337 2751390 259590  4
6.295615317 7287680409 3111121 283191  1
6.296020063 7276614808 2818958 259598  11
6.297681631 7271683474 3133137 283194  5
6.307017996 7279735653 3120845 283199  13
6.307626670 7290428171 2747762 259618  0
6.309667424 7274768257 3084783 283194  8
6.318615066 7293493424 3065253 283183  0
6.319019728 7282774020 3038367 283204  23
6.321681510 7277606732 2838475 259586  5
6.330613461 7296347581 2854157 259588  1
6.331005607 7285607190 2833170 259607  20
6.332680930 7280693444 3086712 283221  7
6.341627821 7299355847 3008266 283199  0
6.342017310 7288685770 3078580 283216  14
6.344680456 7283455287 2761843 259591  9
6.353615641 7302134005 2778158 259606  0
6.354005073 7291460417 2774647 259596  13
6.355681566 7286565363 3110076 283214  4
6.364612594 7305433041 3299036 283203  0
6.365006159 7294514173 3053756 283202  19
6.367668498 7289381823 2816460 259597  4
6.376613392 7308488366 3055325 283199  0
6.377005342 7297621735 3107562 283210  24
6.378680162 7292438168 3056345 283211  7
6.388632922 7311222244 2733878 259605  0
6.389025732 7300646590 3024855 283235  17
6.390677115 7295223196 2785028 259596  12
6.399613481 7314276734 3054490 283201  1
6.401020444 7303782561 3135971 283211  25
6.401668978 7298304712 3081516 283228  23
6.411613193 7317322247 3045513 283197  2
6.413006997 7306965507 3182946 283227  20
6.413681177 7301098430 2793718 259601  5
6.423628063 7320122523 2800276 259604  0
6.424669224 7303960806 2862376 259624  11
6.425020932 7309970763 3005256 283186  13
6.434625606 7323238220 3115697 283187  0
6.435668447 7307155474 3194668 283200  4
6.437018002 7313014316 3043553 283190  16
6.446629082 7326307784 3069564 283198  2
6.447668200 7309939689 2784215 259610  4
6.449005660 7315761591 2747275 259588  13
6.458627207 7329364899 3057115 283204  0
6.458669764 7312965424 3025735 283184  3
6.460006884 7318889188 3127597 283191  18
6.470628470 7332431363 3066464 283202  1
6.470668606 7315711914 2746490 259586  4
6.472019284 7321935060 3045872 283194  14
6.481667243 7318857354 3145440 283183  6
6.482627459 7335532323 3100960 283194  1
6.484019312 7325013975 3078915 283189  29
6.493680612 7321885850 3028496 283227  10
6.494614991 7338752445 3220122 283209  1
6.496007552 7328066500 3052525 283189  22
6.505680415 7324699426 2813576 259592  6
6.506616101 7341797853 3045408 283190  0
6.508016891 7331224344 3157844 283179  16
6.516667918 7327509227 2809801 259587  3
6.518627173 7344980969 3183116 283227  0
6.520017277 7333961817 2737473 259604  12
6.527668668 7330289807 2780580 259592  3
6.530613836 7348172746 3191777 283202  1
6.531005723 7336915641 2953824 259595  10
6.538668364 7333191625 2901818 259604  7
6.542007520 7339786988 2871347 259611  9
6.542626264 7351370315 3197569 283228  73
6.549675271 7336302516 3110891 283183  5
6.553014020 7342860911 3073923 283230  10
6.554634657 7353839894 2469579 283243  88
6.561669781 7339492847 3190331 283219  13
6.565019249 7346044943 3184032 283227  0
6.566631199 7355823586 1983692 146528  1212
6.573680791 7342538411 3045564 283212  1
6.577017125 7349229701 3184758 283195  1
6.577620295 7374131226 18307640 221285  14458
6.585681907 7345730374 3191963 283217  1
6.589005354 7352546505 3316804 283212  73
6.597668626 7348912759 3182385 283210  0
6.601016974 7354699979 2153474 283276  39
6.603931997 7389623253 15492027 34750  4011
6.609679245 7352195815 3283056 283217  160
6.613009172 7357116007 2416028 113931  5185
6.619907720 7396493957 6870704 244110  1618
6.621667972 7354284661 2088846 283244  65
6.624011319 7374216717 17100710 165198  9802
6.630620742 7400457277 3963320 259586  1282
6.633681578 7356812174 2527513 128500  4802
6.641628745 7403673234 3215957 259579  7682
6.644672567 7373269011 16456837 179143  13910
6.646315857 7389659409 15442692 66475  4005
6.652617635 7406623103 2949869 259590  11486
6.662300874 7395572061 5912652 253306  1442
6.663618241 7409437675 2814572 259562  14601
6.666974965 7388750035 15481024 27415  3689
6.673009322 7399303812 3731751 259563  671
6.674615951 7412216871 2779196 259576  16359
6.682959986 7395672596 6922561 238115  1768
6.684019306 7402521729 3217917 259603  2201
6.685617137 7414981530 2764659 259575  16304
6.693679594 7399675925 4003329 259555  862
6.695018726 7405548003 3026274 259563  7127
6.696628920 7417792777 2811247 259566  19854
6.704680405 7403006188 3330263 259582  2993
6.706006252 7408478661 2930658 259574  14709
6.707615664 7420634222 2841445 259572  23560
6.715679672 7405986840 2980652 259561  8289
6.717016079 7411338435 2859774 259571  18567
6.718637721 7423470623 2836401 259578  25499
6.726670091 7408802218 2815378 259574  14349
6.728007332 7414173777 2835342 259576  21307
6.729617853 7426314600 2843977 259593  26001
6.737669821 7411553306 2751088 259570  16445
6.739011279 7416993503 2819726 259584  21023
6.740629333 7429166263 2851663 259587  26774
6.748681892 7414282716 2729410 259572  18064
6.750007778 7419837653 2844150 259582  23738
6.751617365 7432023385 2857122 259575  27302
6.759671468 7417013805 2731089 259564  19059
6.761021525 7422674859 2837206 259580  24318
6.762618752 7434886375 2862990 259572  27581
6.770670401 7419781871 2768066 259580  22094
6.772006034 7425537463 2862604 259574  25412
6.773618595 7437781379 2895004 259583  28087
6.781667687 7422548468 2766597 259583  23921
6.783020631 7428402606 2865143 259578  26941
6.784628799 7440664683 2883304 259587  28010
6.792682314 7425352755 2804287 259579  25092
6.794007577 7431283097 2880491 259568  27440
6.795617328 7443564584 2899901 259592  28251
6.803669011 7428172121 2819366 259577  26041
6.805007094 7434157660 2874563 259560  27596
6.806617001 7446468215 2903631 259578  28326
6.814681182 7431011612 2839491 259574  27162
6.816019905 7437059405 2901745 259587  28126
6.817627714 7449379576 2911361 259581  28458
6.825681378 7433858180 2846568 259566  27374
6.827019894 7439962107 2902702 259591  28202
6.828628630 7452289245 2909669 259604  28440
6.836668291 7436730904 2872724 259569  27789
6.838020058 7442879124 2917017 259575  28416
6.839618410 7455203988 2914743 259574  28515
6.847681238 7439604421 2873517 259575  27830
6.849005977 7445791089 2911965 259565  28369
6.850616487 7458127426 2923438 259581  28653
6.858679042 7442493464 2889043 259568  28123
6.860030741 7448712338 2921249 259561  28545
6.861639813 7461047197 2919771 259565  28609
6.869683838 7445379955 2886491 259564  28112
6.871023007 7451634700 2922362 259576  28580
6.872616030 7463965305 2918108 259554  28571
6.880681418 7448287597 2907642 259577  28410
6.882004483 7454548716 2914016 259578  28474
6.883629352 7466902208 2936903 259563  28831
6.891680639 7451195825 2908228 259559  28428
6.893023410 7457480423 2931707 259572  28725
6.894630253 7469825411 2923203 259578  28655
6.902670081 7454108464 2912639 259560  28491
6.904021070 7460410297 2929874 259566  28714
6.905630305 7472756843 2931432 259573  28754
6.913670888 7457020180 2911716 259594  28491
6.915008969 7463334920 2924623 259573  28632
6.916629935 7475705832 2948989 259583  29011
6.924683042 7459942258 2922078 259584  28635
6.926018220 7466270171 2935251 259584  28787
6.927616481 7478652402 2946570 259569  28963
6.935681209 7462858251 2915993 259577  28536
6.937023163 7469207910 2937739 259585  28825
6.938630648 7481598226 2945824 259584  28960
6.946680642 7465784057 2925806 259582  28688
6.948020293 7472138281 2930371 259575  28744
6.949615160 7484555624 2957398 259576  29138
6.957681972 7468720533 2936476 259584  28839
6.959019533 7475087270 2948989 259578  28995
6.960628977 7487510738 2955114 259581  29103
6.968668961 7471559778 2839245 251517  27871
6.970019709 7478038578 2951308 259588  29026
6.971616863 7490461781 2951043 259582  29041
6.978948844 7474584324 3024546 267641  29702
6.981021043 7480987479 2948901 259584  28997
6.982616520 7493424591 2962810 259585  29214
6.990681752 7477528709 2944385 259578  28958
6.992006549 7483934768 2947289 259558  28995
6.993628926 7496386115 2961524 259574  29200
7.001682191 7480470614 2941905 259569  28913
7.003018336 7486893536 2958768 259574  29139
7.004632356 7499346936 2960821 259573  29193
7.012689975 7483420593 2949979 259576  29035
7.014014782 7489855774 2962238 259554  29192
7.015628269 7502304746 2957810 259582  29136
7.023671119 7486372321 2951728 259580  29063
7.025019892 7492808162 2952388 259566  29058
7.026627322 7505271815 2967069 259588  29267
7.034683611 7489327590 2955269 259562  29101
7.036025272 7495769723 2961561 259575  29203
7.037629236 7508247891 2976076 259564  29392
7.045670422 7492279680 2952090 259572  29062
7.047008532 7498737195 2967472 259559  29274
7.048630308 7511209299 2961408 259577  29199
7.056682282 7495238700 2959020 259575  29162
7.058007558 7501692035 2954840 259575  29109
7.059616514 7514180735 2971436 259580  29342
7.067682949 7498203787 2965087 259573  29254
7.069009625 7504656670 2964635 259572  29238
7.070616490 7517153587 2972852 259593  29362
7.078670882 7501155301 2951514 259580  29055
7.080018072 7507631735 2975065 259577  29383
7.081630524 7520134741 2981154 259568  29462
7.089682012 7504119426 2964125 259591  29232
7.091009678 7510590816 2959081 259588  29182
7.092616477 7523100177 2965436 259582  29252
7.100669486 7507094829 2975403 259583  29390
7.102007111 7513561185 2970369 259570  29327
7.103628337 7526078828 2978651 259594  29441
7.111669615 7510056295 2961466 259573  29209
7.113020507 7516533370 2972185 259581  29354
7.114628376 7529055333 2976505 259588  29422
7.122670062 7513026125 2969830 259567  29326
7.124005538 7519513843 2980473 259559  29463
7.125616346 7532040082 2984749 259562  29519
7.133682636 7515997568 2971443 259563  29343
7.135007670 7522479565 2965722 259587  29255
7.136615509 7535006873 2966791 259585  29278
7.144669842 7518966785 2969217 259570  29311
7.146017297 7525457666 2978101 259581  29447
7.147627825 7537986301 2979428 259587  29445
7.155679939 7521943500 2976715 259574  29413
7.157029800 7528434091 2976425 259579  29426
7.158627429 7540965117 2978816 259585  29439
7.166670438 7524918785 2975285 259565  29404
7.168019640 7531406155 2972064 259560  29351
7.169630808 7543939708 2974591 259595  29377
7.177669408 7527896067 2977282 259581  29437
7.179006793 7534385342 2979187 259554  29441
7.180615831 7546912449 2972741 259573  29340
7.188671439 7530867615 2971548 259568  29347
7.190008000 7537362703 2977361 259575  29410
7.191617805 7549887223 2974774 259570  29363
7.199682292 7533834400 2966785 259593  29286
7.201018593 7540335547 2972844 259571  29364
7.202628484 7552855849 2968626 259571  29277
7.210682872 7536810690 2976290 259586  29417
7.212021770 7543312994 2977447 259551  29434
7.213629611 7555821024 2965175 259578  29255
7.221682639 7539786123 2975433 259609  29414
7.223007112 7546283330 2970336 259564  29324
7.224617347 7558780422 2959398 259588  29178
7.232683489 7542759961 2973838 259587  29385
7.234018636 7549253954 2970624 259579  29325
7.235629194 7561738935 2958513 259569  29156
7.243667466 7545731001 2971040 259580  29337
7.245005659 7552216592 2962638 259549  29202
7.246629670 7564692956 2954021 259572  29096
7.254681779 7548708828 2977827 259583  29426
7.256018696 7555181019 2964427 259554  29260
7.257614839 7567654321 2961365 259584  29185
7.265668322 7551671913 2963085 259571  29217
7.267019136 7558140806 2959787 259557  29182
7.268616786 7570611526 2957205 259578  29136
7.276680686 7554630897 2958984 259576  29172
7.278008579 7561097918 2957112 259570  29157
7.279614992 7573565450 2953924 259584  29107
7.287681895 7557591416 2960519 259571  29186
7.289019746 7564065064 2967146 259573  29279
7.290627366 7576516764 2951314 259573  29062
7.298698829 7560561605 2970189 259571  29327
7.300028602 7567013197 2948133 259580  29015
7.301625975 7579463417 2946653 259583  28999
7.309671556 7563517305 2955700 259581  29122
7.311009132 7569970610 2957413 259582  29155
7.312618458 7582407051 2943634 259585  28947
7.320679852 7566467377 2950072 259587  29055
7.322018265 7572923847 2953237 259579  29101
7.323628328 7585362185 2955134 259570  29107
7.331683142 7569421323 2953946 259577  29094
7.333020372 7575873961 2950114 259586  29056
7.334615214 7588303238 2941053 259572  28915
7.342681573 7572375063 2953740 259577  29103
7.344003951 7578820092 2946131 259577  28990
7.345616065 7591254992 2951754 259581  29062
7.353681489 7575325870 2950807 259578  29051
7.355009095 7581767042 2946950 259589  28989
7.356630177 7594205214 2950222 259595  29049
7.364680499 7578271664 2945794 259579  28983
7.366018541 7584719352 2952310 259588  29070
7.367628063 7597151781 2946567 259572  28988
7.375669652 7581222295 2950631 259590  29062
7.377019004 7587670117 2950765 259568  29056
7.378616603 7600097296 2945515 259575  28977
7.386681435 7584170418 2948123 259590  29022
7.388005927 7590609736 2939619 259570  28895
7.389629806 7603055961 2958665 259574  29149
7.397670052 7587119427 2949009 259588  29027
7.399006681 7593558326 2948590 259571  29028
7.400615887 7605996105 2940144 259582  28911
7.408669073 7590060127 2940700 259578  28916
7.410021128 7596504032 2945706 259590  28987
7.411627153 7608952648 2956543 259570  29135
7.419670085 7593009469 2949342 259587  29037
7.421007424 7599449528 2945496 259570  28975
7.422616959 7611902506 2949858 259582  29038
7.430668679 7595954583 2945114 259575  28977
7.432020107 7602408066 2958538 259602  29161
7.433628929 7614856453 2953947 259596  29100
7.441691713 7598898243 2943660 259577  28957
7.443017634 7605347364 2939298 259564  28887
7.444626442 7617816021 2959568 259572  29182
7.452670313 7601856261 2958018 259575  29157
7.454005777 7608301677 2954313 259568  29109
7.455618949 7620774176 2958155 259578  29159
7.463668359 7604796557 2940296 259576  28895
7.465004800 7611243338 2941661 259575  28928
7.466628558 7623746132 2971956 259590  29336
7.474681119 7607750498 2953941 259588  29093
7.476008390 7614203413 2960075 259580  29184
7.477617281 7626701335 2955203 259569  29126
7.485667893 7610691222 2940724 259563  28904
7.487019617 7617162473 2959060 259587  29178
7.488614797 7629656448 2955113 259556  29118
7.496670979 7613650598 2959376 259584  29180
7.498008696 7620119763 2957290 259580  29149
7.499627614 7632624903 2968455 259570  29295
7.507681943 7616608421 2957823 259575  29172
7.509008463 7623077815 2958052 259578  29157
7.510627801 7635593497 2968594 259573  29295
7.518671522 7619567145 2958724 259584  29168
7.520009109 7626046782 2968967 259570  29310
7.521629423 7638544754 2951257 259567  29063
7.529668819 7622523587 2956442 259580  29132
7.531006585 7629002111 2955329 259584  29129
7.532629543 7641508950 2964196 259555  29238
7.540668973 7625480918 2957331 259599  29151
7.542017462 7631970373 2968262 259572  29292
7.543629210 7644473833 2964883 259557  29242
7.551668182 7628449773 2968855 259571  29306
7.553004679 7634923917 2953544 259576  29086
7.554616312 7647438155 2964322 259561  29234
7.562668409 7631401372 2951599 259580  29065
7.564008209 7637890375 2966458 259562  29257
7.565614275 7650208952 2770797 259589  2805
7.573682296 7634370282 2968910 259581  29317
7.575020879 7640855306 2964931 259573  29236
7.576625525 7652962893 2753941 259580  256
7.584670461 7637336230 2965948 259569  29268
7.586021292 7643819563 2964257 259599  29256
7.587626888 7655718544 2755651 259580  108
7.595664156 7640290608 2954378 259583  29122
7.597010852 7646784099 2964536 259577  29245
7.598616998 7658474273 2755729 259561  112
7.606669749 7643247544 2956936 259585  29159
7.608017255 7649598498 2814399 259570  9858
7.609628478 7661243434 2769161 259571  109
7.617678446 7646212689 2965145 259578  29255
7.619017578 7652352469 2753971 259586  254
7.620617647 7663998168 2754734 259572  110
7.628667353 7649076059 2863370 259596  15485
7.630020382 7655108337 2755868 259582  112
7.631630221 7666755222 2757054 259569  116
7.639682713 7651829177 2753118 259588  261
7.641008678 7657866232 2757895 259578  111
7.642627927 7669518692 2763470 259572  109
7.650680980 7654584375 2755198 259583  165
7.652020682 7660637330 2771098 259582  107
7.653615734 7672288757 2770065 259573  100
7.661641969 7657341232 2756857 259581  115
7.663021214 7663391726 2754396 259571  115
7.664630536 7675058463 2769706 259558  105
7.672679267 7660111436 2770204 259567  113
7.674021308 7666147762 2756036 259595  121
7.675627529 7677827495 2769032 259566  99
7.683678820 7662866345 2754909 259576  109
7.685019725 7668912866 2765104 259596  106
7.686615393 7680593423 2765928 259570  103
7.694665132 7665620386 2754041 259584  119
7.696005324 7671683059 2770193 259588  99
7.697628816 7683355867 2762444 259556  108
7.705665179 7668388652 2768266 259589  113
7.707018147 7674450619 2767560 259595  110
7.708626162 7686120476 2764609 259559  112
7.716675606 7671158454 2769802 259592  101
7.718018714 7677212223 2761604 259576  102
7.719614228 7688881444 2760968 259580  103
7.727665610 7673915220 2756766 259585  106
7.729017250 7679980951 2768728 259587  99
7.730628971 7691657319 2775875 259578  98
7.738639071 7676685886 2770666 259579  107
7.740029050 7682756205 2775254 259581  103
7.741625545 7694418970 2761651 259584  111
7.749666996 7679454038 2768152 259582  113
7.751021027 7685519509 2763304 259580  112
7.752615437 7697194941 2775971 259570  107
7.760679580 7682218325 2764287 259586  111
7.762022070 7688281280 2761771 259582  98
7.763628261 7699969249 2774308 259581  106
7.771668336 7684996319 2777994 259577  108
7.773005763 7691057855 2776575 259588  108
7.774616187 7702746024 2776775 259584  112
7.782679320 7687758591 2762272 259585  105
7.784007573 7693822020 2764165 259584  96
7.785615636 7705516635 2770611 259589  118
7.793670437 7690519371 2760780 259567  102
7.795009657 7696598489 2776469 259575  106
7.796627790 7708293776 2777141 259569  96
7.804668957 7693297468 2778097 259579  101
7.806007079 7699358787 2760298 259581  111
7.807629046 7711071923 2778147 259596  90
7.815633873 7696060015 2762547 259561  100
7.817019746 7702135590 2776803 259576  106
7.818629490 7713847657 2775734 259575  98
7.826669390 7698834501 2774486 259586  100
7.828006359 7704911659 2776069 259588  119
7.829617392 7716627468 2779811 259586  110
7.838943187 7702107931 3273430 306783  132
7.839006133 7707688743 2777084 259585  102
7.840628355 7719410031 2782563 259576  107
7.850005515 7710464577 2775834 259576  97
7.850678726 7704883072 2775141 259589  115
7.851628249 7722201844 2791813 259584  103
7.861018186 7713241258 2776681 259584  100
7.861667109 7707659771 2776699 259585  97
7.862616551 7724982447 2780603 259581  101
7.872007053 7716035444 2794186 259572  97
7.872677429 7710435565 2775794 259585  96
7.873627565 7727684385 2701938 250735  89
7.883016409 7718814131 2778687 259578  98
7.883688146 7713220977 2785412 259576  99
7.883904976 7730569908 2885523 268426  98
7.894019269 7721592778 2778647 259580  106
7.894634597 7716006560 2785583 259582  102
7.895617540 7733363717 2793809 259579  104
7.905005118 7724387702 2794924 259585  103
7.905678156 7718785634 2779074 259594  107
7.906615494 7736156794 2793077 259578  102
7.916008515 7727167835 2780133 259580  100
7.916678976 7721575491 2789857 259587  103
7.917617470 7738956892 2800098 259589  102
7.927016521 7729960266 2792431 259581  97
7.927679252 7724361070 2785579 259580  100
7.928616419 7741755334 2798442 259584  101
7.938008565 7732758700 2798434 259575  92
7.938679622 7727154961 2793891 259570  94
7.939615793 7744555474 2800140 259582  92
7.949006298 7735560883 2802183 259573  93
7.949694996 7729934447 2779486 259583  98
7.950626027 7747367687 2812213 259580  92
7.960018078 7738362368 2801485 259585  97
7.960683139 7732734398 2799951 259578  90
7.961616783 7750170944 2803257 259582  86
7.971006301 7741161019 2798651 259583  110
7.971682492 7735536381 2801983 259580  103
7.972628365 7752976982 2806038 259587  97
7.982007041 7743960804 2799785 259576  94
7.982669029 7738338410 2802029 259588  99
7.983627842 7755784581 2807599 259586  92
7.993007504 7746760913 2800109 259591  94
7.993670546 7741137761 2799351 259596  98
7.994614528 7758602147 2817566 259583  94
8.004017684 7749561590 2800677 259585  90
8.004679259 7743937477 2799716 259574  95
8.005629579 7761408121 2805974 259583  100
8.015017991 7752366022 2804432 259582  99
8.015668009 7746737605 2800128 259583  93
8.016627985 7764227330 2819209 259584  88
8.026019614 7755186302 2820280 259585  98
8.026691506 7749539101 2801496 259576  91
8.027626737 7767049153 2821823 259585  87
8.037020987 7757990660 2804358 259580  99
8.037669899 7752345351 2806250 259575  101
8.038617023 7769857757 2808604 259576  95
8.048019654 7760810607 2819947 259587  93
8.048683160 7755164344 2818993 259567  95
8.049629370 7772681781 2824024 259577  85
8.059006030 7763615180 2804573 259571  98
8.059682733 7757968906 2804562 259594  99
8.060630101 7775507166 2825385 259570  98
8.070021327 7766436887 2821707 259570  87
8.070667982 7760789485 2820579 259573  93
8.071617220 7778332239 2825073 259591  99
8.081016900 7769253454 2816567 259581  90
8.081667996 7763594789 2805304 259577  99
8.082630479 7781157862 2825623 259577  93
8.092015714 7772066863 2813409 259576  86
8.092668446 7766416848 2822059 259583  88
8.093629512 7783982999 2825137 259573  100
8.103006603 7774891590 2824727 259570  98
8.103669796 7769239821 2822973 259588  93
8.104615002 7786808759 2825760 259566  92
8.114018590 7777716262 2824672 259571  93
8.114669659 7772049247 2809426 259584  93
8.115616588 7789634109 2825350 259575  88
8.125007453 7780541124 2824862 259579  95
8.125682616 7774874125 2824878 259592  97
8.126628235 7792478747 2844638 259584  87
8.136020253 7783365630 2824506 259567  96
8.136667717 7777699352 2825227 259584  90
8.137619441 7795309805 2831058 259579  95
8.147018272 7786191159 2825529 259581  91
8.147682199 7780524697 2825345 259578  97
8.148629808 7798142365 2832560 259579  91
8.158004683 7789016092 2824933 259574  87
8.158682216 7783349493 2824796 259592  92
8.159630168 7800987225 2844860 259579  88
8.169031433 7791860497 2844405 259586  90
8.169688190 7786174941 2825448 259578  94
8.170638265 7803819114 2831889 259569  100
8.180018109 7794691441 2830944 259575  96
8.180670600 7789002286 2827345 259585  86
8.181628744 7806664133 2845019 259572  86
8.191018209 7797522784 2831343 259577  95
8.191679993 7791844408 2842122 259580  82
8.192616040 7809497872 2833739 259571  87
8.202007159 7800367330 2844546 259584  86
8.202683800 7794676058 2831650 259575  100
8.203617800 7812349593 2851721 259584  83
8.213017396 7803196542 2829212 259572  96
8.213668193 7797507678 2831620 259578  93
8.214615336 7815200248 2850655 259583  83
8.224019138 7806040552 2844010 259590  87
8.224683530 7800353454 2845776 259580  87
8.225629296 7818039142 2838894 259580  92
8.235005171 7808873021 2832469 259584  93
8.235682403 7803185265 2831811 259587  100
8.236615936 7820888570 2849428 259582  93
8.246008241 7811722976 2849955 259582  83
8.246681080 7806030606 2845341 259577  87
8.247618719 7823739281 2850711 259573  90
8.257019112 7814572741 2849765 259576  86
8.257671406 7808862992 2832386 259574  87
8.258625672 7826591714 2852433 259574  89
8.268007078 7817408431 2835690 259592  91
8.268682387 7811713474 2850482 259586  85
8.269616392 7829446097 2854383 259577  87
8.279006481 7820258571 2850140 259576  92
8.279668377 7814564285 2850811 259564  82
8.280615858 7832303920 2857823 259577  83
8.290019015 7823108370 2849799 259585  90
8.290670523 7817403292 2839007 259571  94
8.291616968 7835161220 2857300 259585  82
8.301005874 7825960239 2851869 259584  93
8.301669220 7820252243 2848951 259573  95
8.302627567 7838021351 2860131 259589  90
8.312017998 7828812033 2851794 259581  90
8.312670337 7823102933 2850690 259575  89
8.313615041 7840893240 2871889 259577  82
8.323015127 7831669600 2857567 259580  86
8.323689881 7825955306 2852373 259584  89
8.324625820 7843751587 2858347 259569  93
8.334007201 7834526471 2856871 259578  82
8.334681350 7828808470 2853164 259574  89
8.335629314 7846611376 2859789 259584  89
8.345007420 7837384666 2858195 259572  82
8.345679390 7831666244 2857774 259582  83
8.346615057 7849489836 2878460 259576  85
8.356020077 7840253142 2868476 259583  85
8.356670724 7834524388 2858144 259590  84
8.357631386 7852357474 2867638 259574  87
8.367007537 7843115780 2862638 259576  86
8.367681468 7837382549 2858161 259570  88
8.368628246 7855230450 2872976 259572  85
8.378008084 7845974748 2858968 259578  88
8.378670770 7840254426 2871877 259585  84
8.379617326 7858110167 2879717 259575  78
8.389017136 7848839358 2864610 259582  90
8.389668420 7843114469 2860043 259572  83
8.390615439 7860991256 2881089 259600  192
8.400019283 7851717837 2878479 259576  83
8.400668513 7845973191 2858722 259585  84
8.401629179 7863865618 2874362 259599  237
8.411008533 7854587966 2870129 259582  82
8.411683157 7848839212 2866021 259573  88
8.412616275 7866753847 2888229 259582  236
8.422015803 7857468816 2880850 259587  79
8.422668421 7851718179 2878967 259584  83
8.423614902 7869633885 2880038 259603  250
8.433018273 7860337608 2868792 259575  133
8.433669203 7854588973 2870794 259584  84
8.434628011 7872525841 2891956 259585  243
8.444018550 7863222474 2884866 259611  235
8.444678710 7857470618 2881645 259586  77
8.445628048 7875419837 2893996 259596  240
8.455019153 7866108587 2886113 259613  242
8.455681727 7860339486 2868868 259587  158
8.456613124 7878316606 2896769 259594  236
8.466028583 7868987474 2878887 259612  244
8.466681211 7863224553 2885067 259592  238
8.467638511 7881214250 2897644 259587  231
8.477019959 7871879244 2891770 259616  239
8.477668670 7866110970 2886417 259587  241
8.478630900 7884119462 2905212 259602  238
8.488020396 7874772656 2893412 259611  241
8.488678871 7868990391 2879421 259591  247
8.489614273 7887027968 2908506 259586  242
8.499020939 7877667117 2894461 259597  253
8.499680374 7871881768 2891377 259582  239
8.500628697 7889937864 2909896 259594  253
8.510006496 7880553661 2886544 259599  234
8.510669337 7874775340 2893572 259582  238
8.511628546 7892852146 2914282 259601  239
8.521016802 7883456777 2903116 259614  235
8.521669091 7877670662 2895322 259590  239
8.522627776 7895768350 2916204 259601  245
8.532019042 7886364793 2908016 259618  240
8.532668944 7880557465 2886803 259571  239
8.533628646 7898688759 2920409 259598  250
8.543004868 7889274514 2909721 259601  243
8.543669424 7883459896 2902431 259574  233
8.544628955 7901612154 2923395 259599  236
8.554018059 7892188465 2913951 259618  243
8.554666811 7886367993 2908097 259587  238
8.555629379 7904538380 2926226 259585  240
8.565016635 7895103002 2914537 259612  261
8.565668924 7889277044 2909051 259584  265
8.566612488 7907474627 2936247 259587  251
8.576017792 7898031572 2928570 259604  242
8.576667960 7892190595 2913551 259584  241
8.577628472 7910406489 2931862 259600  239
8.587004004 7900954254 2922682 259599  242
8.587669367 7895106738 2916143 259595  244
8.588616451 7913342543 2936054 259600  239
8.598020188 7903878451 2924197 259593  236
8.598680544 7898035400 2928662 259581  243
8.599613184 7916289031 2946488 259601  237
8.609031808 7906805369 2926918 259600  239
8.609688341 7900958352 2922952 259584  241
8.610642247 7919231658 2942627 259591  244
8.620006331 7909744246 2938877 259610  235
8.620668527 7903883295 2924943 259578  237
8.621616117 7922183991 2952333 259585  245
8.631009168 7912677569 2933323 259590  264
8.631678951 7906809899 2926604 259581  259
8.632616176 7925131398 2947407 259590  268
8.642020087 7915614298 2936729 259609  243
8.642671058 7909749016 2939117 259577  232
8.643627330 7928088050 2956652 259600  238
8.653007041 7918563672 2949374 259604  241
8.653667881 7912683760 2934744 259584  245
8.654626590 7931042741 2954691 259588  244
8.664005290 7921506539 2942867 259613  244
8.664668631 7915620982 2937222 259576  242
8.665616809 7934005887 2963146 259594  234
8.675006724 7924461162 2954623 259599  245
8.675681315 7918570516 2949534 259580  245
8.676614819 7936969337 2963450 259598  246
8.686008827 7927409563 2948401 259598  240
8.686681722 7921513869 2943353 259590  241
8.687628049 7939926488 2957151 259586  246
8.697004437 7930368620 2959057 259604  251
8.697667401 7924468406 2954537 259586  264
8.698627978 7942894938 2968450 259596  266
8.708007841 7933331420 2962800 259614  234
8.708667771 7927417841 2949435 259585  244
8.709616535 7945866190 2971252 259599  240
8.719005640 7936286676 2955256 259615  242
8.719677758 7930378264 2960423 259588  240
8.720625568 7948838046 2971856 259593  248
8.730006357 7939250346 2963670 259606  242
8.730666454 7933336802 2958538 259592  240
8.731615794 7951813775 2975729 259581  239
8.741019744 7942216299 2965953 259615  244
8.741679595 7936298155 2961353 259583  238
8.742627778 7954786858 2973083 259590  248
8.752006177 7945180927 2964628 259609  245
8.752666762 7939263030 2964875 259583  243
8.753627237 7957761514 2974656 259583  235
8.763023070 7948151251 2970324 259600  264
8.763694019 7942228807 2965777 259597  261
8.764625694 7960739197 2977683 259574  256
8.774018673 7951124767 2973516 259589  243
8.774681011 7945194725 2965918 259585  244
8.775628830 7963720115 2980918 259587  238
8.785007200 7954100493 2975726 259607  237
8.785666775 7948166739 2972014 259591  246
8.786613393 7966704090 2983975 259594  239
8.796017743 7957077450 2976957 259597  235
8.796680419 7951141457 2974718 259577  239
8.797614776 7969690281 2986191 259607  234
8.807018783 7960054902 2977452 259603  230
8.807681446 7954117659 2976202 259580  237
8.808617066 7972672017 2981736 259594  244
8.818018332 7963034514 2979612 259616  238
8.818668172 7957095100 2977441 259579  239
8.819614028 7975654483 2982466 259618  241
8.829004749 7966014834 2980320 259589  258
8.829666935 7960072745 2977645 259593  258
8.830627122 7978637048 2982565 259603  267
8.840019585 7968996663 2981829 259607  238
8.840680552 7963052875 2980130 259579  233
8.841616292 7981620800 2983752 259595  240
8.851015972 7971977393 2980730 259618  248
8.851666088 7966034839 2981964 259586  246
8.852612902 7984609469 2988669 259602  227
8.862019049 7974959028 2981635 259617  242
8.862666631 7969017538 2982699 259580  242
8.863625754 7987592722 2983253 259593  235
8.873004759 7977946760 2987732 259604  237
8.873678148 7971999031 2981493 259592  242
8.874613567 7990576711 2983989 259596  232
8.884020522 7980930102 2983342 259606  243
8.884672792 7974981581 2982550 259583  242
8.885629344 7993567169 2990458 259603  231
8.895008448 7983912079 2981977 259615  253
8.895669989 7977963179 2981598 259579  265
8.896614063 7996550267 2983098 259598  262
8.906042452 7986895083 2983004 259603  237
8.906698082 7980952938 2989759 259596  233
8.907644427 7999535769 2985502 259593  245
8.917017612 7989883867 2988784 259607  231
8.917683235 7983936117 2983179 259574  235
8.918616423 8002526586 2990817 259586  238
8.928016155 7992867521 2983654 259609  242
8.928667555 7986918955 2982838 259575  238
8.929615740 8005512324 2985738 259586  241
8.939022372 7995850545 2983024 259610  242
8.939678822 7989908065 2989110 259614  230
8.940628129 8008502278 2989954 259592  238
8.950016535 7998841016 2990471 259604  243
8.950679406 7992892285 2984220 259591  244
8.951614082 8011487634 2985356 259619  238
8.961020032 8001825030 2984014 259593  255
8.961678262 7995875029 2982744 259578  260
8.962631889 8014477281 2989647 259605  248
8.972004404 8004815851 2990821 259607  235
8.972681726 7998865386 2990357 259584  236
8.973627696 8017468486 2991205 259599  231
8.983008248 8007799769 2983918 259599  248
8.983682136 8001850086 2984700 259589  241
8.984614035 8020454270 2985784 259628  241
8.994005734 8010789857 2990088 259610  234
8.994679943 8004841124 2991038 259576  241
8.995615921 8023446735 2992465 259593  235
9.005004394 8013773932 2984075 259603  241
9.005668996 8007825097 2983973 259593  245
9.006614741 8026438790 2992055 259586  236
9.016009610 8016764906 2990974 259620  237
9.016667228 8010814804 2989707 259584  233
9.017615968 8029425421 2986631 259601  247
9.027005631 8019754601 2989695 259613  245
9.027668322 8013797970 2983166 259591  255
9.028625864 8032416640 2991219 259600  251
9.038016007 8022740369 2985768 259597  239
9.038668452 8016788876 2990906 259581  232
9.039628261 8035410210 2993570 259587  237
9.049042998 8025731581 2991212 259589  239
9.049696429 8019779767 2990891 259594  236
9.050632900 8038403365 2993155 259578  238
9.060007870 8028722962 2991381 259598  237
9.060667480 8022766339 2986572 259583  248
9.061618139 8041397068 2993703 259619  229
9.071016907 8031713631 2990669 259607  241
9.071669956 8025758151 2991812 259578  237
9.072628050 8044391311 2994243 259604  232
9.082018344 8034700536 2986905 259577  240
9.082683043 8028750961 2992810 259590  238
9.083628160 8047382684 2991373 259597  237
9.093006493 8037692000 2991464 259589  256
9.093678576 8031735550 2984589 259579  261
9.094612499 8050374869 2992185 259588  256
9.104016923 8040685365 2993365 259600  231
9.104683433 8034727862 2992312 259583  240
9.105626939 8053371616 2996747 259592  237
9.115025843 8043678231 2992866 259606  230
9.115679099 8037720562 2992700 259590  236
9.116615282 8056370236 2998620 259602  239
9.126007156 8046672589 2994358 259608  231
9.126680626 8040713643 2993081 259583  235
9.127616845 8059371647 3001411 259605  236
9.137007126 8049666935 2994346 259597  240
9.137679370 8043707259 2993616 259584  230
9.138629505 8062381185 3009538 259602  233
9.148007743 8052662977 2996042 259615  236
9.148680559 8046701839 2994580 259587  229
9.149613831 8065390820 3009635 259600  241
9.159016016 8055659757 2996780 259613  258
9.159679066 8049695819 2993980 259579  255
9.160614267 8068407698 3016878 259570  251
9.170018683 8058658748 2998991 259600  241
9.170667562 8052692587 2996768 259574  234
9.171627804 8071454147 3046449 259586  247
9.181007203 8061661497 3002749 259599  239
9.181679986 8055690515 2997928 259593  242
9.182624947 8074515502 3061355 259590  235
9.192023193 8064669395 3007898 259596  245
9.192697653 8058690152 2999637 259581  238
9.193627900 8087829604 13314102 259591  49061
9.203005166 8067683646 3014251 259611  239
9.203670953 8061693781 3003629 259590  237
9.204631390 8105029042 17199438 259596  73386
9.214019359 8070721289 3037643 259627  243
9.214678154 8064702762 3008981 259582  241
9.215629570 8122810841 17781799 283184  73385
9.225007222 8073780406 3059117 259598  247
9.225680813 8067717145 3014383 259579  258
9.227615952 8136748133 13937292 283176  51447
9.236005416 8083808424 10028018 259591  33202
9.236669760 8070755607 3038462 259595  244
9.239620611 8153730818 16982685 259585  72362
9.247025402 8100197278 16388854 283181  65336
9.247667334 8073815738 3060131 259591  239
9.250631251 8171541195 17810377 283170  73394
9.258677791 8084284089 10468351 259578  35756
9.259007408 8121389195 21191917 259602  97505
9.262629693 8177011123 5469928 259605  99602
9.269670913 8099790268 15506179 259576  62294
9.270008781 8130665588 9276393 259589  25459
9.273621944 8193137033 16125910 259579  125903
9.280682667 8119129017 19338749 259572  87232
9.281019328 8148447240 17781652 283169  74273
9.284619703 8209748304 16611271 259582  69837
9.291680910 8129459721 10330704 259594  32384
9.293006886 8168703510 20256270 259574  93420
9.295628547 8225169526 15421222 283198  58845
9.302668957 8147925208 18465487 283171  78628
9.304020337 8174962951 6259441 259597  36937
9.307615665 8240366676 15197150 259598  63168
9.314681103 8166386506 18461298 259583  82795
9.315008399 8186551864 11588913 259587  156962
9.318630198 8257102855 16736179 259594  70789
9.325666652 8174429554 8043048 259590  35178
9.326012970 8203992197 17440333 283196  71664
9.329629882 8273331275 16228420 283188  64211
9.336671279 8184141656 9712102 259604  159722
9.338008292 8223207583 19215386 259576  85683
9.341615547 8278910783 5579508 259594  109595
9.347693293 8201644157 17502501 283191  71198
9.349029940 8233535485 10327902 259579  33246
9.352631211 8284447125 5536342 259598  239002
9.359681793 8222775513 21131356 259595  98173
9.360011259 8249769698 16234213 259598  67556
9.363622363 8292026162 7579037 259572  216904
9.370668572 8232043562 9268049 259602  27259
9.371007672 8268942735 19173037 259579  87370
9.374628926 8311329076 19302914 283182  82888
9.381669892 8249828287 17784725 283169  75521
9.382022979 8276272121 7329386 259586  32692
9.386619712 8328878837 17549761 259587  75849
9.393005732 8281808856 5536735 259592  199175
9.393669459 8269092178 19263891 259575  88274
9.397615245 8339128364 10249527 259605  35976
9.404013962 8287608079 5799223 259559  259345
9.404682106 8276304055 7211877 259584  37854
9.408632809 8359043337 19914973 259579  89874
9.415020015 8302504271 14896192 259577  117527
9.415682583 8281840789 5536734 259606  207613
9.419615441 8374396164 15352827 259584  62817
9.426018848 8318910843 16406572 259582  68461
9.426674272 8287639343 5798554 259575  259334
9.430614628 8385710534 11314370 259596  37640
9.437007162 8335496587 16585744 283179  66171
9.437682722 8302516067 14876724 259582  115979
9.441619164 8392973096 7262562 259612  153923
9.448668249 8319009920 16493853 259572  68936
9.449006134 8349131035 13634448 259573  58570
9.452622870 8412731542 19758446 283188  85656
9.459669149 8335489966 16480046 283179  66318
9.460019777 8365977338 16846303 259586  73025
9.464616737 8429989089 17257547 259586  73383
9.471018798 8383769276 17791938 283168  74306
9.471680335 8349075613 13585647 259590  55781
9.475616993 8440124925 10135836 259587  30232
9.482681889 8365980424 16904811 259584  72482
9.483005336 8389239534 5470258 259603  96294
9.486618073 8460440244 20315319 259583  92217
9.493684559 8383774781 17794357 283202  74492
9.494043060 8405367214 16127680 259577  115898
9.497634276 8475658377 15218133 259580  61847
9.505017509 8422008309 16641095 259589  70164
9.505672341 8389244886 5470105 259618  97440
9.508618092 8487582100 11923723 283204  38816
9.516011156 8437404188 15395879 283200  58794
9.516674225 8405379379 16134493 259594  118525
9.520619705 8492898217 5316117 259589  176837
9.527672167 8422185089 16805710 259607  70707
9.528020743 8452582754 15178566 259586  70241
9.531624548 8498696997 5798780 259600  259350
9.538666844 8437441152 15256063 283190  57732
9.539021055 8469164645 16581891 259582  72825
9.542622138 8503960882 5263885 259611  229053
9.550006005 8485120489 15955844 259588  65962
9.550671624 8452609082 15167930 259590  62436
9.553620887 8509759564 5798682 259597  259357
9.561005185 8490590817 5470328 259597  103168
9.561681228 8469319280 16710198 259576  74465
9.564632071 8515559167 5799603 259544  259369
9.572023979 8496125984 5535167 259578  228381
9.572683547 8485546537 16227257 283179  65153
9.575619903 8523776953 8217786 259579  211598
9.583012645 8501389868 5263884 259602  223004
9.584681743 8491125861 5579324 259605  107123
9.586616916 8541910292 18133339 283172  75547
9.594005982 8507188511 5798643 259582  259319
9.595672720 8496660803 5534942 259602  234059
9.598616326 8560378197 18467905 259567  81660
9.605020895 8512987631 5799120 259576  259364
9.606671394 8501924016 5263213 259608  221124
9.609613419 8570318973 9940776 259593  28795
9.616008871 8518787711 5800080 259567  259381
9.617670038 8507722124 5798108 259600  259303
9.620617515 8590038666 19719693 283188  86441
9.627018825 8533624835 14837124 259580  91997
9.628667634 8513521143 5799019 259581  259344
9.632618224 8607290795 17252129 259585  74555
9.638031225 8550295195 16670360 259581  69888
9.639676735 8519019154 5498011 259569  237548
9.643646461 8616560576 9269781 259585  35694
9.649019971 8566031630 15736435 283179  61660
9.650673364 8535566834 16547680 259597  99906
9.654612970 8625968014 9407438 259576  147006
9.661005630 8580526308 14494678 259589  59254
9.661681304 8552765851 17199017 259608  73387
9.665618491 8643742797 17774783 283169  73673
9.672021010 8597221129 16694821 259602  71567
9.672667957 8566030864 13265013 259584  49860
9.677630473 8663065667 19322870 259578  87130
9.683020234 8614292057 17070928 283186  69055
9.683666843 8580536090 14505226 259592  59099
9.688618049 8673330192 10264525 259597  30932
9.694684374 8597150114 16614024 259584  71035
9.695006866 8619761909 5469852 259578  111176
9.699617312 8691903960 18573768 283175  80885
9.705668381 8614307832 17157718 283189  69261
9.706020396 8636847591 17085682 259584  119892
9.711618865 8710398041 18494081 259587  84037
9.717018909 8653167314 16319723 259572  67960
9.717669570 8619779511 5471679 259599  107203
9.722632345 8718401297 8003256 259608  32172
9.728009063 8667872509 14705195 283168  55457
9.728684494 8636862506 17082995 259588  120149
9.733628887 8723936846 5535549 259609  206787
9.739682133 8653187189 16324683 259572  67966
9.740007038 8683204215 15331706 259596  69340
9.744620061 8729735625 5798779 259606  259352
9.750680887 8667893918 14706729 283186  54455
9.751018855 8700306559 17102344 259596  74047
9.755627877 8743039065 13303440 259587  121111
9.762020722 8716058681 15752122 283168  64156
9.762668437 8683249670 15355752 259578  63539
9.766630034 8759904570 16865505 259575  70858
9.773670344 8700311615 17061945 259582  75220
9.774009764 8721638405 5579724 259611  121897
9.777617093 8777703969 17799399 283176  73468
9.784683321 8716065523 15753908 283185  62906
9.785020611 8727173796 5535391 259586  237857
9.789641489 8792586262 14882293 283200  59826
9.796021221 8735527269 8353473 259600  205809
9.796671796 8721645029 5579506 259615  120916
9.801632252 8809358760 16772498 259589  73760
9.807006221 8754092064 18564795 283176  78098
9.807672050 8727179971 5534942 259600  239262
9.812627114 8826394467 17035707 283190  70674
9.818686810 8735579645 8399674 259597  206628
9.819009194 8772554420 18462356 259582  81304
9.824619147 8831864797 5470330 259602  106728
9.829681333 8754086762 18507117 283169  77966
9.830018106 8782545291 9990871 259608  29583
9.835628857 8848946447 17081650 259580  120103
9.841021073 8802279071 19733780 283171  87279
9.841671396 8772487612 18400850 259584  81025
9.846618307 8865274028 16327581 259568  67884
9.852666312 8782556145 10068533 259592  29170
9.853008775 8819506785 17227714 259581  75124
9.857617326 8879992079 14718051 283196  54605
9.863683066 8802280098 19723953 283198  86442
9.864006476 8828781736 9274951 259595  29737
9.869630916 8895351288 15359209 259580  63798
9.875005208 8838183368 9401632 259591  171126
9.875669338 8819514305 17234207 259596  75179
9.880618219 8912404533 17053245 259590  74332
9.886012899 8855953534 17770166 283161  73767
9.886669102 8828784758 9270453 259603  32212
9.891628545 8928161563 15757030 283187  62728
9.897683326 8838184132 9399374 259616  170206
9.898018032 8875234231 19280697 259563  86410
9.903628358 8933740622 5579059 259592  117136
9.908670045 8855961913 17777781 283193  73396
9.909008478 8885458548 10224317 259594  32483
9.914619337 8939276013 5535391 259596  236564
9.920009718 8904125615 18667067 283178  80091
9.920669901 8875276362 19314449 259581  86707
9.925631067 8944538778 5262765 259590  221699
9.931668158 8885618782 10342420 259589  31151
9.932018971 8922561228 18435613 259570  82658
9.936630153 8950337781 5799003 259601  259338
9.942675162 8904132047 18513265 283172  79128
9.943030435 8930629626 8068398 259600  33256
9.947629884 8956136561 5798780 259609  259359
9.954022661 8936164930 5535304 259589  206948
9.954670982 8922525756 18393709 259577  83803
9.958630893 8961521073 5384512 259608  229297
9.965011057 8941963710 5798780 259598  259358
9.965670528 8930637060 8111304 259598  31308
9.969625029 8966654629 5133556 259599  237444
9.976023024 8947226699 5262989 259613  220859
9.976671575 8936171779 5534719 259602  206005
9.980620026 8972453632 5799003 259610  259373
9.987018334 8953025478 5798779 259589  259334
9.987673912 8941970334 5798555 259615  259342
9.991614469 8978252412 5798780 259607  259374
9.998008840 8958824104 5798626 259592  259368
9.998682769 8947233265 5262931 259623  221076
10.002630092 8984051738 5799326 259590  259344
10.009018797 8963543321 4719217 259590  206999
10.009633031 8953031389 5798124 259593  259295
10.013617195 8989851369 5799631 259568  259341
10.020006313 8969341653 5798332 259604  259329
10.020635740 8958829763 5798374 259620  259366
10.024617388 8995651224 5799855 259572  259359
10.031008603 8975140208 5798555 259595  259365
10.031681191 8963548826 4719063 259593  208537
10.035617625 9003174302 7523078 259597  188917
10.042007099 8980938641 5798433 259577  259355
10.042670515 8969346710 5797884 259592  259316
10.046627674 9020952806 17778504 283181  73386
10.053019810 8986738497 5799856 259567  259371
10.053669822 8975145266 5798556 259616  259363
10.058615563 9040135762 19182956 259586  85625
10.064005600 8992538354 5799857 259558  259359
10.064683245 8980943684 5798418 259592  259332
10.069630153 9050387897 10252135 259595  30751
10.075021696 8997509098 4970744 259585  210212
10.075682428 8986742880 5799196 259575  259335
10.080628160 9069176827 18788930 283182  80487
10.086032183 9011253229 13744131 259614  154428
10.086678902 8992542064 5799184 259569  259328
10.092630769 9087665147 18488320 259571  82230
10.097007882 9027846126 16592897 259578  69197
10.097683529 8997511719 4969655 259595  209180
10.103616225 9095691821 8026674 259604  28782
10.108018843 9044640727 16794601 283186  67279
10.108680729 9011241446 13729727 259606  155112
10.114618182 9105407539 9715718 259602  155744
10.119682932 9027844040 16602594 259593  69315
10.120017565 9060235023 15594296 283179  62216
10.125630338 9122914867 17507328 283177  71226
10.130680825 9044643094 16799054 283180  67302
10.132006178 9076854275 16619252 259587  71160
10.137628197 9144039209 21124342 259575  97859
10.142680362 9060245580 15602486 283189  61817
10.143010730 9093159961 16305686 283185  64892
10.148618797 9153306675 9267466 259616  27874
10.154681618 9076949025 16703445 259577  71562
10.155019877 9098739822 5579861 259605  114884
10.159617130 9171062505 17755830 283189  75591
10.165669564 9092760778 15811753 259588  66573
10.166022957 9115868671 17128849 259589  110264
10.171615459 9190301169 19238664 259563  88426
10.176683241 9098230435 5469657 259598  95035
10.177005366 9133113055 17244384 259582  73431
10.182616095 9197577472 7276303 259596  38041
10.187681404 9113477538 15247103 259593  120134
10.188020043 9146921516 13808461 283179  49306
10.193630689 9203112639 5535167 259604  209209
10.198681747 9130646074 17168536 259577  72741
10.200019743 9163091726 16170210 259578  68915
10.204619678 9208911418 5798779 259593  259353
10.209681164 9146403785 15757711 283174  61342
10.211008102 9179834299 16742573 259580  75001
10.215627792 9223787590 14876172 259591  115416
10.221679074 9160893170 14489385 259585  58181
10.222008273 9195107227 15272928 283174  60064
10.226617831 9240290559 16502969 259594  69057
10.232683904 9177515727 16622557 259596  71611
10.234020568 9200686515 5579288 259588  139594
10.237627171 9256757049 16466490 283199  65552
10.243672880 9194682178 17166451 283195  69613
10.245010078 9206219890 5533375 259603  240144
10.249619920 9270345041 13587992 259590  51629
10.255684963 9200163778 5481600 259608  105626
10.256005101 9215376576 9156686 259587  201411
10.260617216 9287241663 16896622 259578  73656
10.266685457 9205696975 5533197 259610  232619
10.267019945 9233135438 17758862 283177  73393
10.271635070 9305030645 17788982 283185  74213
10.277682931 9212909849 7212874 259597  213001
10.279019644 9252306947 19171509 259575  85668
10.283615482 9310500749 5470104 259601  103335
10.288682738 9232624821 19714972 283195  85619
10.290010680 9262220003 9913056 259584  33979
10.294618865 9326635528 16134779 259589  127372
10.300679880 9249850744 17225923 259577  73385
10.301008707 9281285742 19065739 283185  81951
10.305613955 9343303216 16667688 259596  70093
10.311669090 9259997485 10146741 259598  30337
10.313020723 9299064118 17778376 259577  78725
10.316627538 9358672072 15368856 283174  58495
10.322669659 9280307329 20309844 259574  93105
10.324006050 9307773157 8709039 259593  34134
10.328615177 9373870545 15198473 259582  61645
10.333684400 9295537030 15229701 259593  63636
10.335004726 9317193138 9419981 259603  173555
10.339616687 9390520962 16650417 259573  73185
10.344667457 9306952744 11415714 259594  38836
10.346020976 9334981448 17788310 283192  73411
10.350630277 9406811207 16290245 283183  66124
10.355684830 9313408392 6455648 259604  158117
10.358019519 9355220431 20238983 259574  92476
10.362617320 9412390909 5579702 259606  117101
10.366690350 9333478593 20070201 259569  90437
10.369008192 9365406806 10186375 259595  29948
10.373631276 9417927420 5536511 259606  237869
10.377694377 9348859444 15380851 259578  62173
10.380023519 9383166942 17760136 283190  77304
10.384629773 9423189960 5262540 259597  221244
10.388676570 9360535659 11676215 283201  36851
10.392009042 9402353236 19186294 259585  86927
10.395615925 9428988516 5798556 259596  259318
10.400671483 9381665352 21129693 259595  98972
10.403005538 9409693332 7340096 259602  31336
10.406626875 9434786666 5798150 259588  259333
10.411671693 9396060396 14395044 259577  58343
10.414006548 9415227827 5534495 259595  211158
10.417632255 9440284764 5498098 259605  237516
10.422667433 9408318068 12257672 259578  49256
10.425021364 9421026159 5798332 259610  259334
10.428631714 9456830118 16545354 259567  101289
10.433686090 9413631721 5313653 259585  147862
10.436021198 9426288252 5262093 259603  221331
10.439628641 9474046129 17216011 259578  73386
10.444686007 9419429531 5797810 259589  259290
10.447019274 9432087255 5799003 259609  259343
10.450615304 9487827976 13781847 283184  48984
10.455670520 9424690801 5261270 259589  220919
10.458008817 9437885811 5798556 259596  259369
10.462615119 9504211328 16383352 259576  69607
10.466670200 9430488909 5798108 259598  259298
10.469006544 9448427527 10541716 259609  164001
10.473617283 9520756781 16545453 259583  70772
10.477670509 9436286908 5797999 259594  259333
10.480020667 9465228803 16801276 283170  67801
10.484618136 9535997789 15241008 283179  58520
10.488671190 9440852241 4565333 251882  201031
10.492018277 9485419525 20190722 259581  91415
10.496630632 9541577514 5579725 259613  117137
10.498943315 9460754213 19901972 243701  91542
10.503006093 9495532054 10112529 259599  34468
10.507619321 9559016020 17438506 259572  99833
10.509669054 9475280103 14525890 259596  56655
10.514019803 9512480860 16948806 283192  68195
10.518628025 9575859829 16843809 259584  70673
10.520668330 9488930766 13650663 283197  53415
10.526019902 9533605088 21124228 259575  98381
10.529616528 9589691324 13831495 283184  48960
10.532683113 9507989453 19058687 259586  89755
10.537032966 9539003142 5398054 259605  39884
10.541640341 9606806811 17115487 259574  74629
10.543671317 9524948273 16958820 283186  70853
10.548024499 9551416894 12413752 259595  157913
10.552620643 9624043647 17236836 259589  77481
10.555680683 9537108419 12160146 259605  43767
10.559021249 9565744941 14328047 259582  55790
10.563618643 9637860619 13816972 283203  49341
10.566690850 9542755972 5647553 259591  150818
10.570019095 9586765827 21020886 259584  96373
10.575632822 9643440125 5579506 259595  139850
10.577669463 9563627996 20872024 259575  95823
10.581005578 9596047724 9281897 259595  26716
10.586617152 9648975292 5535167 259595  241381
10.588681443 9578868270 15240274 259591  61274
10.592010795 9613292078 17244354 259580  76016
10.597630432 9658099857 9124565 259581  186783
10.599670013 9590803359 11935089 283181  37043
10.603019455 9631764123 18472045 259570  82336
10.608618365 9675888803 17788946 283174  73387
10.611682967 9611004403 20201044 259589  93567
10.614020309 9639799726 8035603 259617  33536
10.620629114 9696144297 20255494 259582  92625
10.622671546 9625352717 14348314 259594  57514
10.625007215 9645334893 5535167 259606  197206
10.631615194 9706286188 10141891 259613  32807
10.633682330 9638454480 13101763 259574  49740
10.636023739 9651133449 5798556 259588  259342
10.642618896 9724065523 17779335 283179  74610
10.644668809 9643856565 5402085 259603  160022
10.647018478 9664382553 13249104 259611  120094
10.654629316 9743229702 19164179 259586  87347
10.655685269 9649568404 5711839 259602  254583
10.658007285 9681296072 16913519 259586  71108
10.665626716 9750575376 7345674 259596  33513
10.666681206 9660638869 11070465 259600  176253
10.669007181 9699099886 17803814 283187  73464
10.676629316 9761279322 10703946 259596  165953
10.677684833 9677511689 16872820 283180  68517
10.681033004 9713985284 14885398 283184  60221
10.687632125 9777783188 16503866 283170  66421
10.689670583 9697590088 20078399 259588  90497
10.693021784 9730714690 16729406 259588  70822
10.699629118 9798865779 21082591 259575  96784
10.700682272 9707702183 10112095 259591  31253
10.704020113 9747788261 17073571 283179  69096
10.710618021 9808140530 9274751 259580  25663
10.711683683 9724648074 16945891 283159  68702
10.716021206 9753258142 5469881 259599  107121
10.721616898 9825393252 17252722 259589  75991
10.723666959 9745780010 21131936 259591  98669
10.727018375 9770345154 17087012 259586  122606
10.732630404 9843839375 18446123 259579  82140
10.734681439 9751175736 5395726 259591  32848
10.738009569 9786614716 16269562 259566  67519
10.743632217 9851897018 8057643 259605  31510
10.745683653 9763618211 12442475 259587  160491
10.749019442 9801379885 14765169 283167  57258
10.754627730 9857432857 5535839 259608  201227
10.756671632 9777822832 14204621 259590  55033
10.761022085 9816741602 15361717 259572  68192
10.765636130 9863231189 5798332 259594  259330
10.767683619 9798936148 21113316 259585  97011
10.772008784 9833805283 17063681 259588  75948
10.776627650 9868493728 5262539 259607  220852
10.778680575 9808211123 9274975 259607  26128
10.783019394 9849556699 15751416 283197  61436
10.787617092 9874291976 5798248 259593  259309
10.789681202 9825994974 17783851 283172  74845
10.795007151 9855136652 5579953 259615  125528
10.798617486 9880090735 5798759 259608  259372
10.801672649 9846255335 20260361 259577  93909
10.806020788 9860672491 5535839 259603  234159
10.809628132 9884809232 4718497 259620  207175
10.812681839 9852503647 6248312 259574  33338
10.817007884 9865934584 5262093 259592  221930
10.820629426 9890608235 5799003 259609  259354
10.823698873 9858039289 5535642 259596  212333
10.828030584 9871733140 5798556 259614  259319
10.831638665 9896407015 5798780 259599  259370
10.834687859 9863837593 5798304 259608  259341
10.839012827 9877531471 5798331 259599  259340
10.842631468 9902205347 5798332 259589  259362
10.845681296 9869099686 5262093 259601  221315
10.850011207 9882916305 5384834 259597  229374
10.853616571 9908004127 5798780 259604  259379
10.856682259 9874897729 5798043 259602  259299
10.861009786 9888048223 5131918 259595  237499
10.864631698 9913802906 5798779 259609  259380
10.867667259 9880695901 5798172 259607  259358
10.872020157 9893846751 5798528 259593  259325
10.875627304 9918775304 4972398 259609  210524
10.878671669 9885413620 4717719 259609  207123
10.883006369 9899645530 5798779 259601  259363
10.886628704 9923232228 4456924 259607  256815
10.889679983 9891211280 5797660 259596  259295
10.894021010 9905444086 5798556 259586  259369
10.897630861 9929030560 5798332 259595  259355
10.900671399 9897008940 5797660 259591  259329
10.905021787 9911242642 5798556 259613  259375
10.908616700 9934829339 5798779 259602  259384
10.911682759 9902807271 5798331 259601  259359
10.916008216 9917041198 5798556 259597  259368
10.919617413 9940628119 5798780 259612  259377
10.922680583 9908605379 5798108 259600  259345
10.927006460 9920671962 3630764 259617  208227
10.930630713 9946426451 5798332 259595  259358
10.933681613 9914403039 5797660 259600  259331
10.938020057 9926470518 5798556 259594  259343
10.941614212 9952225231 5798780 259619  259377
10.944670003 9919045004 4641965 259608  207765
10.949022673 9932269074 5798556 259593  259367
10.952630393 9958024364 5799133 259568  259372
10.955680796 9923831094 4786090 259602  259280
10.960005083 9938067801 5798727 259585  259369
10.963615759 9963824105 5799741 259558  259370
10.966681493 9929628452 5797358 259588  259322
10.971032986 9943866409 5798608 259605  259384
10.974628366 9969624161 5800056 259563  259368
10.977671883 9935426112 5797660 259589  259326
10.982023396 9949665189 5798780 259604  259377
10.985628235 9975424041 5799880 259586  259368
10.988668893 9941224220 5798108 259617  259349
10.993008379 9955464240 5799051 259595  259376
10.996628965 9981223896 5799855 259568  259352
10.999669393 9947021737 5797517 259592  259322
11.004021969 9961263881 5799641 259539  259357
11.007629561 9987023528 5799632 259562  259348
11.010670730 9952819091 5797354 259583  259319
11.015006309 9967063960 5800079 259551  259365
11.018615887 9990829594 3806066 259600  208824
11.021671999 9958617250 5798159 259573  259340
11.026022509 9972864041 5800081 259558  259366
11.029617268 9993024901 2195307 176583  176323
11.032684430 9964416209 5798959 259570  259330
11.037005876 9978663897 5799856 259558  259364
11.040632154 9996487632 3462731 29604  29368
11.043670650 9970215616 5799407 259567  259338
11.048006778 9984463753 5799856 259548  259352
11.051636011 9999950244 3462612 29607  29409
11.054669004 9976015024 5799408 259565  259331
11.059010412 9989900909 5437156 259575  233127
11.062628977 10003412976 3462732 29613  29417
11.065667941 9981814656 5799632 259568  259348
11.070019695 9992098453 2197544 259637  236490
11.073634770 10006875708 3462732 29610  29419
11.076668493 9987614288 5799632 259575  259347
11.081019775 9994983474 2885021 50593  50339
11.084619613 10010338439 3462731 29600  29421
11.087669790 9991096004 3481716 259602  207941
11.092009441 9998446218 3462744 29611  29416
11.095635307 10013801234 3462795 29600  29419
11.098682114 9993415624 2319620 155964  155692
11.103011651 10001908947 3462729 29618  29426
11.106621716 10017264023 3462789 29609  29427
11.109683464 9996878413 3462789 29616  29392
11.114024878 10005371723 3462776 29606  29420
11.117635465 10020726755 3462732 29601  29418
11.120697998 10000341145 3462732 29621  29422
11.125027931 10008834371 3462648 29600  29421
11.128639186 10024189562 3462807 29594  29419
11.131689741 10003803952 3462807 29611  29417
11.136014038 10012297130 3462759 29606  29419
11.139636219 10027652294 3462732 29605  29418
11.142674647 10007266728 3462776 29616  29422
11.147025242 10015759798 3462668 29607  29423
11.150633705 10031115070 3462776 29611  29417
11.153676720 10010729416 3462688 29614  29419
11.158027794 10019222530 3462732 29606  29420
11.161621295 10034577742 3462672 29600  29419
11.164685984 10014192192 3462776 29617  29428
11.169012384 10022685161 3462631 29615  29424
11.172636135 10038040413 3462671 29609  29425
11.175687288 10017655001 3462809 29613  29422
11.180012911 10026147950 3462789 29610  29423
11.183622204 10041503221 3462808 29613  29421
11.186676295 10021117655 3462654 29620  29423
11.191023481 10029610681 3462731 29608  29419
11.194636374 10044965881 3462660 29603  29423
11.197675681 10024580387 3462732 29620  29429
11.202011717 10033073457 3462776 29606  29420
11.205638031 10048428715 3462834 29608  29420
11.208687911 10028043195 3462808 29619  29422
11.213010437 10036536145 3462688 29602  29427
11.216620573 10051891403 3462688 29598  29415
11.219673861 10031505913 3462718 29608  29423
11.224016528 10039998895 3462750 29610  29427
11.227621374 10058313570 6422167 248052  182477
11.230688218 10034968582 3462669 29618  29434
11.235013090 10043461652 3462757 29607  29431
11.241691245 10038431390 3462808 29624  29424
11.243913255 10066880686 8567116 348045  253164
11.246013611 10046924418 3462766 29603  29425
11.252673495 10041894046 3462656 29618  29422
11.257012260 10050387135 3462717 29599  29420
11.259908508 10075538788 8658102 351507  255875
11.263689235 10045356777 3462731 29609  29423
11.268037460 10056798759 6411624 195861  149098
11.274678138 10048819509 3462732 29617  29421
11.275925048 10084393567 8854779 359841  261693
11.285687141 10052282241 3462732 29621  29426
11.286295434 10065486108 8687349 348332  256757
11.291939991 10093341912 8948345 362862  264443
11.296676805 10057882977 5600736 223451  164973
11.302311398 10074411299 8925191 357859  263750
11.307914825 10102187871 8845959 359509  261405
11.310964475 10066723807 8840830 356383  261254
11.318302517 10083291940 8880641 355893  262451
11.323911964 10110882712 8694841 352945  256956
11.326965844 10075565910 8842103 356023  261323
11.334314328 10092157631 8865691 355522  262009
11.339914561 10119585349 8702637 353545  257185
11.342965221 10084380984 8815074 355075  260503
11.350305045 10101061990 8904359 356785  263142
11.355909457 10128306887 8721538 354374  257740
11.358989696 10093322573 8941589 359683  264243
11.366315578 10109803433 8741443 350706  258333
11.371911858 10136986011 8679124 352554  256515
11.374961346 10102237624 8915051 359243  263469
11.382321239 10118725140 8921707 357794  263655
11.387924635 10145688090 8702079 353432  257160
11.390965143 10110968757 8731133 351754  258027
11.398301915 10127570295 8845155 354692  261416
11.403926018 10154403073 8714983 354300  257546
11.406963400 10119687070 8718313 350996  257661
11.414304303 10136289948 8719653 349450  257675
11.419911521 10163126076 8723003 354381  257765
11.422992247 10128637133 8950063 360472  264487
11.430317296 10145003501 8713553 348865  257524
11.435911448 10171837414 8711338 353984  257448
11.438961548 10137442468 8805335 354150  260238
11.446316839 10153708440 8704939 348920  257246
11.451926188 10180529675 8692261 353156  256889
11.454982268 10146323547 8881079 357475  262442
11.462317606 10162423855 8715415 349093  257601
11.467913351 10189296087 8766412 356212  259075
11.470966068 10155181733 8858186 356395  261799
11.478336236 10171137410 8713555 349267  257502
11.483909411 10198221644 8925557 362342  263760
11.486963452 10166080044 10898311 438637  322099
11.494318817 10179846281 8708871 349191  257371
11.499936938 10205198501 6976857 285744  208586
11.506991984 10174799114 8719070 351093  257659
11.510301520 10188546472 8700191 348847  257119
11.512650266 10206493992 1295491 259606  259435
11.522978491 10183638552 8839438 355509  261243
11.523632022 10207789474 1295482 259594  259421
11.526304186 10197287971 8741499 350723  258342
11.534629361 10209084981 1295507 259599  259433
11.538985011 10192522990 8884438 357923  262548
11.542301370 10205312956 8024985 332257  247988
11.545629405 10211841195 2756214 288755  257796
11.554963558 10201249589 8726599 351712  257916
11.557045657 10206608343 1295387 259592  259411
11.558628669 10215447157 3605962 195870  160632
11.568023546 10207903780 1295437 259600  259421
11.569618276 10217260690 1813533 259615  255287
11.570968765 10205773885 4524296 265898  222688
11.579008182 10209199266 1295486 259589  259425
11.580638292 10219074278 1813588 259594  259295
11.582688110 10207069312 1295427 259598  259424
11.590017429 10212049942 2850676 284409  252304
11.591621852 10220888112 1813834 259598  259411
11.593683560 10208364744 1295432 259591  259424
11.602634872 10222701625 1813513 259589  259420
11.603008248 10215611542 3561600 202929  170049
11.604669470 10209660239 1295495 259597  259427
11.613624035 10224514996 1813371 259576  259406
11.614020372 10217425075 1813533 259593  255775
11.615667943 10215196838 5536599 336274  272525
11.624633785 10226328563 1813567 259595  259426
11.625022981 10219238349 1813274 259575  259321
11.633684590 10217010126 1813288 259593  254407
11.635621328 10228141984 1813421 259587  259413
11.636027862 10221051722 1813373 259581  259416
11.644706313 10218823463 1813337 259585  259133
11.646638421 10229955412 1813428 259606  259425
11.647045179 10222865288 1813566 259611  259446
11.655676553 10220636890 1813427 259591  259425
11.657638071 10231768924 1813512 259600  259430
11.658011358 10224679094 1813806 259603  259428
11.666689203 10222450444 1813554 259590  259412
11.668624411 10233582638 1813714 259613  259448
11.669023185 10226492690 1813596 259594  259426
11.677677539 10224263942 1813498 259591  259423
11.679636257 10235396318 1813680 259597  259415
11.680014431 10228306454 1813764 259597  259430
11.688691436 10226077363 1813421 259591  259421
11.690617233 10237209935 1813617 259596  259425
11.691014575 10230120070 1813616 259593  259427
11.699678650 10227891148 1813785 259604  259448
11.701623193 10239023713 1813778 259588  259417
11.702031042 10231933484 1813414 259592  259420
11.710677183 10229704540 1813392 259595  259417
11.712634144 10240837308 1813595 259588  259422
11.713025524 10233747220 1813736 259604  259436
11.721679340 10231517877 1813337 259587  259414
11.723621890 10242650960 1813652 259596  259426
11.724027101 10235560424 1813204 259571  259405
11.732688733 10233331382 1813505 259580  259413
11.734629779 10244327058 1676098 259611  258440
11.735023157 10237374104 1813680 259600  259446
11.743671827 10235144921 1813539 259597  259430
11.745632419 10245882348 1555290 259573  257996
11.746012371 10239187440 1813336 259591  259427
11.754687611 10236958398 1813477 259586  259417
11.756618182 10247437928 1555580 259588  258651
11.757011340 10241001064 1813624 259594  259416
11.765688634 10238771882 1813484 259593  259420
11.767628606 10248993008 1555080 259592  258929
11.768026654 10242814695 1813631 259599  259424
11.776675090 10240585520 1813638 259601  259429
11.778616688 10250548106 1555098 259584  258961
11.779024894 10244477219 1662524 259622  258352
11.787672280 10242398989 1813469 259590  259424
11.789628299 10252103281 1555175 259593  258997
11.790011207 10246032329 1555110 259598  258017
11.798689180 10244120721 1721732 259603  258734
11.800626935 10253658611 1555330 259607  258986
11.801036344 10247587508 1555179 259579  258664
11.809685474 10245676072 1555351 259593  257906
11.811619077 10255213977 1555366 259591  259018
11.812008513 10249142855 1555347 259611  258992
11.820683177 10247231783 1555711 259604  258578
11.822629621 10256769256 1555279 259593  258993
11.823005897 10250698231 1555376 259608  259012
11.831683164 10248787339 1555556 259609  258979
11.833619777 10258324254 1554998 259590  259001
11.834010470 10252253324 1555093 259605  258972
11.842682108 10250342291 1554952 259585  258939
11.844627667 10259879454 1555200 259594  259016
11.845019747 10253808701 1555377 259609  258991
11.853670821 10251897497 1555206 259609  258983
11.855617857 10261434678 1555224 259586  259005
11.856020650 10255364089 1555388 259596  259010
11.864669954 10253453000 1555503 259612  259009
11.866628284 10262989999 1555321 259604  259030
11.867005423 10256919237 1555148 259577  258987
11.875670844 10255008179 1555179 259584  258998
11.877630096 10264545251 1555252 259585  259008
11.878005670 10258474572 1555335 259607  259045
11.886669927 10256563519 1555340 259595  258990
11.888615842 10266100392 1555141 259599  259019
11.889005959 10260029895 1555323 259588  259009
11.897682394 10258118683 1555164 259590  259018
11.899628363 10267655493 1555101 259580  258978
11.900018200 10261584899 1555004 259587  258999
11.908668605 10259673816 1555133 259598  258982
11.910616509 10269319256 1663763 259583  259158
11.911017676 10263140180 1555281 259592  258999
11.919668552 10261229078 1555262 259593  259035
11.921620919 10271132439 1813183 259576  259400
11.922018459 10264695311 1555131 259588  259013
11.930682031 10262784295 1555217 259588  259007
11.932633279 10272945859 1813420 259581  259398
11.933006806 10266250623 1555312 259593  259015
11.941697028 10264339532 1555237 259583  259029
11.943649612 10274759049 1813190 259589  259411
11.944033177 10267805971 1555348 259612  259054
11.952672572 10265894742 1555210 259597  259001
11.954635311 10276572540 1813491 259591  259419
11.955009109 10269484327 1678356 259605  259169
11.963682072 10267449973 1555231 259605  259024
11.965638928 10278385975 1813435 259596  259410
11.966023596 10271297524 1813197 259584  259393
11.974684365 10269067929 1617956 259598  259024
11.976624194 10280199654 1813679 259602  259427
11.977025359 10273110952 1813428 259595  259404
11.985684628 10270881182 1813253 259594  259413
11.987635428 10282013138 1813484 259593  259423
11.988024619 10274924240 1813288 259595  259414
11.996688015 10272694687 1813505 259591  259414
11.998620704 10283826489 1813351 259587  259418
11.999015065 10276737730 1813490 259609  259434
12.007687778 10274508044 1813357 259588  259421
12.009633351 10285640281 1813792 259600  259423
12.010010022 10278551522 1813792 259601  259428
12.018690825 10276321279 1813235 259589  259410
12.020625670 10287453785 1813504 259583  259419
12.021028003 10280365041 1813519 259590  259416
12.029674812 10278134844 1813565 259610  259436
12.031633840 10289267262 1813477 259595  259428
12.032024319 10282178700 1813659 259605  259436
12.040689676 10279948230 1813386 259600  259430
12.042636550 10291080823 1813561 259594  259432
12.043027699 10283992421 1813721 259579  259409
12.051691789 10281761776 1813546 259600  259437
12.053623966 10292894188 1813365 259585  259414
12.054024079 10285805780 1813359 259581  259401
12.062671832 10283575190 1813414 259587  259413
12.064637193 10294707727 1813539 259588  259420
12.065024275 10287619452 1813672 259603  259431
12.073687909 10285388646 1813456 259602  259424
12.075620862 10296521226 1813499 259576  259412
12.076011365 10289432824 1813372 259600  259425
12.084695409 10287202109 1813463 259596  259429
12.086652919 10298158985 1637759 259591  258196
12.087041983 10291246503 1813679 259589  259431
12.095678312 10289015557 1813448 259588  259427
12.097622899 10299714134 1555149 259599  258091
12.098029979 10293059833 1813330 259571  259401
12.106690486 10290829104 1813547 259610  259444
12.108621818 10301269740 1555606 259592  258756
12.109031932 10294873352 1813519 259581  259411
12.117689093 10292642735 1813631 259588  259413
12.119630742 10302825304 1555564 259603  258991
12.120033278 10296686752 1813400 259588  259418
12.128685953 10294456373 1813638 259592  259417
12.130618318 10304381029 1555725 259614  259029
12.131011318 10298310472 1623720 259601  258097
12.139687169 10296270101 1813728 259591  259424
12.141616191 10305936775 1555746 259604  259053
12.142011255 10299865975 1555503 259586  258163
12.150685053 10297953302 1683201 259597  258441
12.152626154 10307492476 1555701 259591  259035
12.153007527 10301421648 1555673 259583  258804
12.161673726 10299509024 1555722 259610  258059
12.163615123 10309047944 1555468 259589  259006
12.164019818 10302976965 1555317 259578  258945
12.172670492 10301064293 1555269 259599  258635
12.174614400 10310603433 1555489 259605  259023
12.175004594 10304532558 1555593 259590  259033
12.183682593 10302620017 1555724 259607  258974
12.185628054 10312159005 1555572 259601  259045
12.186019662 10306088251 1555693 259598  259020
12.194670960 10304175707 1555690 259591  259045
12.196616487 10313714342 1555337 259594  259022
12.197018374 10307643808 1555557 259591  259041
12.205669097 10305731363 1555656 259598  259017
12.207629640 10315269665 1555323 259598  259043
12.208004727 10309199293 1555485 259600  259013
12.216679789 10307287004 1555641 259599  259052
12.218615876 10316824904 1555239 259599  259005
12.219006141 10310754481 1555188 259584  259004
12.227679046 10308842621 1555617 259598  259026
12.229627592 10318380022 1555118 259587  259007
12.230019891 10312309492 1555011 259596  258977
12.238680917 10310397944 1555323 259582  258988
12.240632753 10319935328 1555306 259602  259011
12.241031281 10313864755 1555263 259587  259011
12.249670894 10311953383 1555439 259598  259026
12.251631016 10321490629 1555301 259597  259030
12.252009231 10315420016 1555261 259595  259026
12.260669704 10313509181 1555798 259594  259062
12.262617482 10322181789 691160 114600  114233
12.263006791 10316975317 1555301 259598  259031
12.271684458 10315064784 1555603 259604  259065
12.274020664 10318530734 1555417 259605  259046
12.279902636 10322182976 1187 54  0
12.282668110 10316620469 1555685 259601  259052
12.285018524 10320086180 1555446 259596  259041
12.292646193 10322184295 1319 87  4
12.293680944 10318175946 1555477 259591  259039
12.296022928 10321641130 1554950 259597  258984
12.304682544 10319731446 1555500 259587  259023
12.307017897 10322246816 605686 100331  99976
12.308144929 10322185482 1187 55  0
12.315682900 10321287104 1555658 259591  259062
12.323895921 10322188785 3303 207  67
12.326321254 10322248003 1187 54  0
12.326668327 10322249177 962073 159803  159360
12.344025368 10322249322 1319 95  5
12.347519056 10322250364 1187 65  1
12.359428545 10322250509 1187 55  0
12.364440974 10322251683 1319 94  4
12.368584052 10322253789 3280 203  63
12.379217335 10322252870 1187 57  0
12.387365039 10322256149 3279 209  70
