0.010110962 9423457 9423457 8584  109
0.021367232 62887251 53463794 965  53
0.032285886 119775729 56888478 364  24
0.043292456 176708108 56932379 380  7
0.054290536 195971276 19263168 9779  7270
0.066287367 196169698 198422 28383  24426
0.078301120 196368273 198575 28383  27071
0.090286580 196566816 198543 28378  27810
0.102304051 196921969 355153 10982  10077
0.114289961 197526161 604192 28368  23109
0.126287675 198086723 560562 28345  23545
0.138295612 198693081 606358 28366  23128
0.150282999 199296717 603636 28359  23076
0.162295206 199910097 613380 28356  23667
0.174311410 200484451 574354 28358  23781
0.186299654 201116053 631602 28360  23465
0.198299137 201750200 634147 28356  23652
0.210295892 202390013 639813 28349  23899
0.222282638 202970409 580396 28365  24221
0.234283595 203604747 634338 28351  23854
0.246282163 204239942 635195 28360  23923
0.258297556 204873388 633446 28347  23710
0.270282809 205509975 636587 28351  23908
0.282294830 206122637 612662 28350  23951
0.294286027 206719047 596410 28355  23809
0.306283548 207349494 630447 28355  23565
0.318297901 207980797 631303 28355  23536
0.330289805 208620471 639674 28351  23969
0.342285729 209201420 580949 28358  24330
0.354282476 209832666 631246 28346  23617
0.366283677 210464083 631417 28363  23664
0.378285087 211097305 633222 28348  23834
0.390296308 211735025 637720 28349  23954
0.402285904 212354215 619190 28361  24157
0.414294144 212947768 593553 28351  23842
0.426283095 213577728 629960 28346  23720
0.438301699 214208128 630400 28371  23642
0.450286456 214842721 634593 28359  23783
0.462287566 215448939 606218 28351  24182
0.474283640 216056419 607480 28350  23884
0.486293941 216688539 632120 28358  23662
0.498294694 217321029 632490 28356  23714
0.510295078 217956671 635642 28361  23854
0.522298805 218596912 640241 28367  24112
0.534298229 219175945 579033 28349  24319
0.546296099 219807306 631361 28367  23653
0.558282799 220439636 632330 28372  23785
0.570295864 221072823 633187 28363  23900
0.582281804 221709223 636400 28378  23855
0.594299171 222290631 581408 28359  24356
0.606282431 222920426 629795 28364  23670
0.618299545 223551451 631025 28360  23691
0.630282291 224183514 632063 28360  23792
0.642291169 224818616 635102 28348  23888
0.654296136 225434887 616271 28352  24134
0.666282167 226032395 597508 28359  24053
0.678284130 226663361 630966 28362  23726
0.690294354 227294148 630787 28367  23756
0.702283581 227926984 632836 28366  23842
0.714285432 228564762 637778 28353  24040
0.726295975 229142897 578135 28355  24323
0.738282992 229773643 630746 28353  23618
0.750294750 230403728 630085 28361  23682
0.762286603 231036202 632474 28356  23843
0.774282351 231671529 635327 28359  23930
0.786286791 232295473 623944 28348  24132
0.798285418 232883191 587718 28346  23951
0.810304502 233514370 631179 28360  23758
0.822286438 234144880 630510 28354  23770
0.834293826 234777765 632885 28366  23881
0.846299296 235414893 637128 28355  24045
0.858284190 235993796 578903 28354  24375
0.870299744 236622120 628324 28353  23584
0.882294817 237251982 629862 28359  23716
0.894284301 237882430 630448 28370  23828
0.906295078 238516930 634500 28359  23884
0.918283052 239154308 637378 28360  24077
0.930299329 239728688 574380 28352  24159
0.942295633 240357616 628928 28360  23691
0.954300010 240988311 630695 28352  23822
0.966294664 241618567 630256 28356  23882
0.978283514 242255330 636763 28358  24081
0.990295945 242851384 596054 28361  24181
1.002283392 243462030 610646 28354  23925
1.014283065 244088845 626815 28367  23680
1.026286700 244719833 630988 28370  23805
1.038282553 245353292 633459 28360  23878
1.050286803 245993091 639799 28351  24077
1.062298614 246576487 583396 28367  24295
1.074283287 247215295 638808 28363  23839
1.086293565 247854347 639052 28352  23851
1.098284208 248493412 639065 28360  23841
1.110295016 249135349 641937 28360  24023
1.122294856 249778492 643143 28350  24018
1.134284906 250362736 584244 28356  24394
1.146298940 251000081 637345 28349  23855
1.158282634 251636446 636365 28362  23726
1.170293295 252274234 637788 28342  23791
1.182298201 252913805 639571 28359  23871
1.194295752 253555151 641346 28358  23955
1.206297349 254136957 581806 28356  24322
1.218287342 254775122 638165 28359  23984
1.230282757 255411255 636133 28358  23732
1.242296020 256050242 638987 28354  24011
1.254281198 256688069 637827 28362  23857
1.266299498 257329566 641497 28353  24113
1.278294992 257913021 583455 28364  24476
1.290295359 258548352 635331 28353  23852
1.302294702 259184486 636134 28350  23811
1.314288073 259819492 635006 28368  23733
1.326294926 260456799 637307 28361  23872
1.338283080 261098171 641372 28372  24087
1.350283191 261680230 582059 28352  24401
1.362287141 262316873 636643 28350  23862
1.374283338 262953563 636690 28354  23841
1.386282555 263588027 634464 28350  23773
1.398295879 264223864 635837 28349  23867
1.410285269 264864483 640619 28354  24157
1.422294163 279914334 15049851 660914  577895
1.439320158 280536435 622101 27653  23065
1.451308226 281167513 631078 28360  23739
1.463296583 281801134 633621 28355  23882
1.475294983 282440119 638985 28366  24117
1.487283736 283061031 620912 28339  24198
1.499299354 283654935 593904 28353  24077
1.511282884 284288053 633118 28363  23901
1.523300631 284921259 633206 28344  23900
1.535287418 285553859 632600 28339  23923
1.547295426 286190160 636301 28356  24073
1.559294939 286826597 636437 28351  24024
1.571283229 287405544 578947 28349  24394
1.583296710 288037026 631482 28367  23915
1.595281717 288667808 630782 28358  23785
1.607296711 289300230 632422 28353  23918
1.619282338 289933145 632915 28360  23894
1.631287334 290569181 636036 28375  24072
1.643283955 291205080 635899 28361  24177
1.655294325 291783449 578369 28363  24340
1.667283406 292415421 631972 28362  23944
1.679293170 293049599 634178 28349  24048
1.691283247 293679742 630143 28358  23792
1.703297124 294311554 631812 28356  24001
1.715284261 294947612 636058 28365  24137
1.727281908 295554070 606458 28359  24216
1.739296729 296157889 603819 28361  24155
1.751285083 296788382 630493 28368  23863
1.763303214 297418572 630190 28355  23864
1.775298930 298049591 631019 28359  23952
1.787295574 298682774 633183 28352  24089
1.799295228 299319419 636645 28359  24226
1.811281908 299910807 591388 28360  24242
1.823289082 300527005 616198 28348  24035
1.835297509 301156940 629935 28362  23898
1.847281256 301787578 630638 28352  24037
1.859297957 302416690 629112 28350  23858
1.871286000 303049890 633200 28358  24095
1.883282908 303682119 632229 28361  23974
1.895294584 304258985 576866 28362  24400
1.907282632 304888122 629137 28357  23985
1.919302172 305519569 631447 28365  24005
1.931293943 306152446 632877 28350  24034
1.943286330 306784556 632110 28353  23968
1.955283640 307417456 632900 28359  23938
1.967288691 308053478 636022 28367  24136
1.979283367 308649830 596352 28361  24246
1.991298922 309267259 617429 28358  24294
2.003286245 309900753 633494 28372  23954
2.015293369 310531134 630381 28364  23811
2.027282333 311161410 630276 28359  23735
2.039295314 311796071 634661 28368  24054
2.051283207 312432681 636610 28359  24217
2.063284147 313070256 637575 28347  24285
2.075296931 313647432 577176 28358  24429
2.087292656 314279480 632048 28354  23970
2.099295546 314910198 630718 28355  23847
2.111295176 315541880 631682 28346  24071
2.123296903 316175233 633353 28358  24184
2.135296580 316808187 632954 28353  24039
2.147283313 317442850 634663 28366  24097
2.159284118 318019807 576957 28359  24441
2.171296418 318649323 629516 28358  23802
2.183282815 319281273 631950 28359  24137
2.195298499 319913899 632626 28354  24045
2.207281972 320543727 629828 28351  23956
2.219298550 321175873 632146 28360  24000
2.231294597 321811474 635601 28368  24187
2.243300221 322429965 618491 28343  24197
2.255296128 323021310 591345 28366  24407
2.267281532 323650941 629631 28350  23903
2.279285742 324279808 628867 28356  23896
2.291285536 324909145 629337 28359  23937
2.303283843 325538976 629831 28362  24054
2.315283613 326172454 633478 28348  24195
2.327298120 326806597 634143 28356  24159
2.339282444 327383236 576639 28370  24437
2.351294641 328012018 628782 28351  24117
2.363285875 328642052 630034 28354  24027
2.375297436 329272837 630785 28358  24117
2.387296252 329901909 629072 28346  23968
2.399290820 330529310 627401 28359  23938
2.411298420 331161546 632236 28354  24166
2.423296421 346076675 14915129 657296  578562
2.439308279 346643810 567135 27563  23864
2.451298242 347268929 625119 28353  23918
2.463284935 347893873 624944 28367  23832
2.475287183 348520650 626777 28362  23910
2.487296310 349147748 627098 28340  24063
2.499299361 349776143 628395 28353  24007
2.511286151 350406341 630198 28362  24081
2.523282374 351036003 629662 28346  24090
2.535295335 351609384 573381 28361  24479
2.547285512 352235871 626487 28365  23950
2.559305879 352863658 627787 28356  24040
2.571283749 353489573 625915 28349  23937
2.583295910 354115299 625726 28348  23992
2.595284904 354742336 627037 28351  24045
2.607293591 355370541 628205 28358  24053
2.619283798 356001923 631382 28361  24243
2.631293702 356631752 629829 28353  24159
2.643299402 357204424 572672 28361  24519
2.655283912 357830203 625779 28358  24039
2.667298387 358456355 626152 28346  24037
2.679285573 359081575 625220 28351  24001
2.691293628 359708077 626502 28358  23997
2.703285578 360331497 623420 28349  23921
2.715293342 360959275 627778 28361  24108
2.727296172 361588018 628743 28369  24206
2.739299356 362172851 584833 28360  24428
2.751286686 362786461 613610 28349  24308
2.763294997 363411161 624700 28362  24074
2.775281594 364036122 624961 28350  24093
2.787286587 364661603 625481 28364  24076
2.799281868 365289683 628080 28347  24156
2.811282835 365915916 626233 28362  24275
2.823296569 366546177 630261 28360  24051
2.835286209 367180690 634513 28358  24240
2.847294420 367813758 633068 28350  24219
2.859293677 368392427 578669 28350  24429
2.871298605 369025294 632867 28357  24207
2.883290275 369659249 633955 28352  24120
2.895297286 370289636 630387 28355  23994
2.907285999 370922224 632588 28347  24056
2.919294983 371555465 633241 28379  24139
2.931295723 372188305 632840 28351  24225
2.943295040 372824328 636023 28350  24322
2.955295341 373458670 634342 28358  24164
2.967296625 374037794 579124 28356  24391
2.979297182 374665566 627772 28359  24084
2.991283445 375296285 630719 28359  24157
3.003295180 375928403 632118 28355  24203
3.015300370 376559629 631226 28358  24064
3.027296964 377189913 630284 28359  24037
3.039293011 377819862 629949 28364  23991
3.051296452 378454244 634382 28360  24202
3.063285868 379089302 635058 28346  24390
3.075298689 379722944 633642 28353  24106
3.087282836 380298876 575932 28354  24536
3.099283833 380928253 629377 28351  23976
3.111282380 381557687 629434 28362  24026
3.123284710 382187961 630274 28369  24025
3.135284691 382819766 631805 28359  24146
3.147297308 383448900 629134 28351  24001
3.159293746 384078786 629886 28360  24102
3.171294762 384712536 633750 28355  24267
3.183282353 385345336 632800 28363  24247
3.195289770 385979781 634445 28353  24375
3.207295471 386562072 582291 28359  24487
3.219283448 387186816 624744 28354  24272
3.231299972 387815979 629163 28374  24098
3.243282242 388445490 629511 28365  24096
3.255295499 389074802 629312 28353  24174
3.267297513 389703578 628776 28357  24079
3.279293906 390331147 627569 28370  24044
3.291295417 390960576 629429 28376  24119
3.303294141 391592179 631603 28356  24216
3.315297522 392224447 632268 28352  24447
3.327282952 392856266 631819 28355  24304
3.339297836 393430974 574708 28347  24612
3.351296949 394059122 628148 28354  24175
3.363300717 394688190 629068 28360  24208
3.375283657 395315922 627732 28346  24262
3.387293904 395945309 629387 28354  24303
3.399287068 396572225 626916 28349  23969
3.411295481 397200296 628071 28359  24087
3.423287512 412145761 14945465 657386  580192
3.439307037 412754594 608833 27494  23657
3.451284300 413339601 585007 28359  24430
3.463295503 413966205 626604 28370  24156
3.475283381 414593199 626994 28370  24264
3.487294858 415220329 627130 28363  24194
3.499282542 415848469 628140 28356  24281
3.511298345 416473692 625223 28362  24029
3.523305970 417099187 625495 28350  24154
3.535294163 417725251 626064 28355  24203
3.547294631 418349779 624528 28361  24076
3.559297124 418978670 628891 28365  24270
3.571296895 419606263 627593 28360  24211
3.583286638 420233542 627279 28356  24217
3.595294148 420831325 597783 28356  24531
3.607298843 421433046 601721 28366  24452
3.619292794 422059268 626222 28351  24209
3.631284254 422685101 625833 28357  24200
3.643293865 423308716 623615 28354  24123
3.655283088 423932295 623579 28359  24146
3.667297112 424557816 625521 28353  24229
3.679290139 425183080 625264 28355  24139
3.691284406 425808393 625313 28360  24125
3.703283783 426435564 627171 28360  24098
3.715283133 427065950 630386 28347  24255
3.727293891 427697371 631421 28353  24411
3.739286951 428327724 630353 28357  24216
3.751294955 428959331 631607 28380  24350
3.763282909 429532186 572855 28358  24566
3.775282863 430159439 627253 28356  24216
3.787281500 430786471 627032 28365  24178
3.799293694 431413882 627411 28354  24225
3.811294307 432042724 628842 28358  24289
3.823298042 432669757 627033 28352  24175
3.835285185 433295204 625447 28360  24090
3.847302749 433922339 627135 28356  24227
3.859298243 434549691 627352 28374  24282
3.871293094 435178473 628782 28343  24373
3.883295314 435807104 628631 28353  24335
3.895286184 436434916 627812 28345  24351
3.907297808 437061843 626927 28359  24245
3.919285765 437689855 628012 28353  24274
3.931296939 438286358 596503 28352  24602
3.943294766 438890135 603777 28358  24531
3.955293460 439514586 624451 28353  24112
3.967285367 440139512 624926 28349  24181
3.979284071 440764632 625120 28360  24159
3.991285408 441390303 625671 28341  24298
4.003292609 442018778 628475 28357  24420
4.015285702 442644462 625684 28342  24248
4.027285313 443270171 625709 28362  24297
4.039281813 443896039 625868 28356  24299
4.051287251 444520230 624191 28354  24179
4.063301478 445147446 627216 28365  24331
4.075285505 445774074 626628 28361  24299
4.087282968 446400607 626533 28352  24297
4.099282776 447026840 626233 28352  24290
4.111285553 447625362 598522 28363  24472
4.123282083 448223100 597738 28357  24463
4.135294547 448849172 626072 28374  24316
4.147297965 449472297 623125 28352  24211
4.159304625 450096907 624610 28374  24289
4.171296732 450722269 625362 28354  24419
4.183295656 451346602 624333 28354  24270
4.195297037 451970989 624387 28345  24295
4.207293327 452592897 621908 28348  24127
4.219296048 453216056 623159 28356  24277
4.231284998 453839964 623908 28350  24293
4.243295229 454463583 623619 28366  24292
4.255286219 455089390 625807 28368  24347
4.267298183 455714841 625451 28361  24248
4.279295170 456341375 626534 28359  24355
4.291293363 456968212 626837 28364  24394
4.303284247 457594919 626707 28349  24405
4.315290831 458222735 627816 28358  24408
4.327287252 458821073 598338 28356  24470
4.339282988 459417088 596015 28353  24436
4.351283289 460039778 622690 28360  24246
4.363282506 460663230 623452 28366  24290
4.375282304 461287785 624555 28352  24314
4.387281880 461912689 624904 28366  24298
4.399299015 462534990 622301 28348  24205
4.411283275 463157396 622406 28360  24210
4.423282939 478036034 14878638 657961  584275
4.439317490 478646641 610607 27664  23611
4.451387401 479267217 620576 28365  24373
4.463293787 479887260 620043 28374  24350
4.475299174 480507428 620168 28354  24351
4.487308082 481128170 620742 28355  24363
4.499299152 481747523 619353 28360  24308
4.511295042 482366867 619344 28349  24381
4.523297903 482986181 619314 28359  24341
4.535297933 483617043 630862 28348  24394
4.547293831 484249279 632236 28351  24484
4.559284097 484849471 600192 28357  24546
4.571282918 485474402 624931 28375  24562
4.583286602 486107891 633489 28344  24409
4.595294056 486754128 646237 28360  24424
4.607282459 487400938 646810 28355  24398
4.619287600 488047042 646104 28357  24364
4.631281084 488689437 642395 28352  24215
4.643303145 489334271 644834 28355  24337
4.655297501 489980056 645785 28352  24512
4.667285049 490624431 644375 28346  24296
4.679282892 491272053 647622 28345  24517
4.691282263 491916127 644074 28342  24290
4.703286867 492560054 643927 28351  24368
4.715281033 493205382 645328 28351  24457
4.727298594 493849974 644592 28357  24429
4.739295912 494496435 646461 28349  24520
4.751297195 495139794 643359 28349  24324
4.763282499 495782677 642883 28346  24374
4.775294180 496425013 642336 28367  24303
4.787294407 497067865 642852 28351  24366
4.799300964 497713721 645856 28359  24496
4.811298662 498358014 644293 28354  24384
4.823285632 499002838 644824 28365  24446
4.835298823 499647586 644748 28369  24498
4.847295553 500291993 644407 28365  24437
4.859296774 500937694 645701 28347  24533
4.871295417 501581786 644092 28348  24407
4.883293775 502224980 643194 28355  24442
4.895285545 502868008 643028 28359  24397
4.907285836 503511324 643316 28360  24407
4.919282762 504139478 628154 28347  24454
4.931282183 504764336 624858 28357  24539
4.943282470 505382437 618101 28341  24503
4.955292004 506024189 641752 28352  24393
4.967282038 506667617 643428 28363  24509
4.979285978 507310197 642580 28340  24458
4.991296189 507952979 642782 28363  24442
5.003287219 508594644 641665 28349  24394
5.015283746 509235231 640587 28349  24368
5.027283574 509875899 640668 28356  24383
5.039284004 510517265 641366 28361  24435
5.051281005 511159409 642144 28346  24419
5.063298425 511799058 639649 28354  24307
5.075298099 512439193 640135 28348  24366
5.087298599 513079683 640490 28360  24429
5.099285523 513721963 642280 28374  24501
5.111294754 514365235 643272 28353  24541
5.123302445 515007429 642194 28353  24472
5.135294725 515648244 640815 28365  24359
5.147294189 516289268 641024 28358  24453
5.159283542 516931370 642102 28359  24467
5.171294690 517574083 642713 28363  24446
5.183296093 518216823 642740 28361  24449
5.195298121 518856236 639413 28353  24318
5.207296111 519495836 639600 28365  24325
5.219293292 520137845 642009 28359  24571
5.231285472 520779758 641913 28356  24456
5.243282412 521422900 643142 28360  24575
5.255284140 522063170 640270 28345  24367
5.267283420 522704371 641201 28357  24524
5.279291131 523344094 639723 28353  24424
5.291282912 523984401 640307 28356  24460
5.303281678 524625807 641406 28351  24502
5.315295449 525264370 638563 28351  24339
5.327298016 525904235 639865 28358  24478
5.339285200 526544520 640285 28352  24478
5.351282380 527184234 639714 28363  24452
5.363284601 527825791 641557 28361  24544
5.375283218 528466685 640894 28349  24526
5.387280918 529107051 640366 28350  24523
5.399294512 529747104 640053 28359  24534
5.411296330 530387407 640303 28352  24530
5.423282910 545456591 15069184 648554  579611
5.439326331 546085402 628811 27679  23792
5.451297835 546725960 640558 28349  24584
5.463295759 547366562 640602 28363  24472
5.475294109 548008284 641722 28355  24576
5.487283700 548647944 639660 28355  24457
5.499295380 549287085 639141 28356  24501
5.511295404 549927084 639999 28355  24542
5.523286344 550566697 639613 28346  24522
5.535284785 551207028 640331 28364  24567
5.547286538 551845819 638791 28364  24463
5.559282546 552484683 638864 28352  24515
5.571282406 553122605 637922 28353  24445
5.583283854 553761362 638757 28365  24537
5.595303691 554401211 639849 28354  24561
5.607283461 555039711 638500 28355  24512
5.619294211 555677527 637816 28356  24522
5.631294952 556315652 638125 28351  24543
5.643281209 556953359 637707 28365  24495
5.655260302 557592823 639464 28359  24606
5.667282194 558231513 638690 28358  24574
5.679283774 558869443 637930 28364  24548
5.691294305 559507079 637636 28352  24554
5.703293759 560144951 637872 28356  24546
5.715297660 560782648 637697 28348  24491
5.727294423 561420747 638099 28358  24523
5.739284033 562056659 635912 28356  24444
5.751296254 562693462 636803 28363  24498
5.763289955 563331113 637651 28346  24673
5.775298568 563968218 637105 28343  24510
5.787297169 564606114 637896 28365  24611
5.799296879 565242979 636865 28347  24519
5.811293554 565879741 636762 28366  24610
5.823297060 566516545 636804 28365  24583
5.835296808 567153061 636516 28365  24566
5.847300148 567790900 637839 28357  24612
5.859286669 568424969 634069 28364  24407
5.871281942 569060894 635925 28358  24558
5.883282993 569697345 636451 28371  24591
5.895280950 570332889 635544 28349  24555
5.907294094 570970876 637987 28353  24660
5.919292131 571606931 636055 28346  24578
5.931294979 572242161 635230 28353  24583
5.943283199 572877018 634857 28355  24587
5.955283650 573513141 636123 28349  24606
5.967282480 574149846 636705 28366  24646
5.979282331 574785510 635664 28352  24543
5.991282671 575420596 635086 28348  24506
6.003285735 576055224 634628 28348  24512
6.015283298 576691361 636137 28363  24589
6.027297839 577328239 636878 28358  24574
6.039297167 577966614 638375 28365  24662
6.051293980 578601562 634948 28366  24553
6.063293898 579237391 635829 28347  24582
6.075292951 579872517 635126 28367  24631
6.087294369 580508439 635922 28353  24565
6.099296429 581144983 636544 28350  24655
6.111296140 581779595 634612 28352  24515
6.123295167 582414105 634510 28351  24580
6.135296868 583049162 635057 28365  24617
6.147294031 583682956 633794 28353  24533
6.159295985 584319646 636690 28358  24685
6.171295602 584953878 634232 28354  24568
6.183296020 585588462 634584 28353  24646
6.195281380 586223632 635170 28357  24684
6.207285784 586858930 635298 28362  24676
6.219282324 587494495 635565 28339  24673
6.231290285 588128586 634091 28351  24581
6.243296183 588762853 634267 28353  24641
6.255285423 589395935 633082 28348  24570
6.267295110 590029409 633474 28351  24622
6.279296967 590665062 635653 28361  24677
6.291286807 591298651 633589 28356  24552
6.303285945 591931376 632725 28349  24625
6.315282222 592565114 633738 28358  24664
6.327282646 593200153 635039 28354  24827
6.339284280 593835709 635556 28357  24713
6.351285580 594471164 635455 28358  24727
6.363293774 595102932 631768 28358  24568
6.375297978 595738066 635134 28359  24620
6.387295329 596373918 635852 28363  24619
6.399300682 597014423 640505 28344  24529
6.411283420 597689128 674705 28353  24497
6.423294280 611134054 13444926 578918  521001
6.439316388 611761943 627889 27644  23909
6.451282177 612400229 638286 28355  24664
6.463284325 613038226 637997 28349  24657
6.475282428 613678885 640659 28358  24772
6.487282709 614318605 639720 28348  24722
6.499297950 614956675 638070 28359  24722
6.511281870 615593741 637066 28372  24651
6.523294897 616232105 638364 28357  24728
6.535283581 616871598 639493 28354  24769
6.547282839 617511091 639493 28358  24755
6.559290289 618147642 636551 28333  24598
6.571282712 618785273 637631 28351  24680
6.583282317 619422946 637673 28353  24749
6.595285898 620061092 638146 28355  24684
6.607281551 620702421 641329 28361  24908
6.619295249 621340116 637695 28360  24696
6.631297409 621978398 638282 28356  24813
6.643287983 622616868 638470 28356  24804
6.655294300 623264615 647747 28356  24560
6.667287034 623946688 682073 28348  24520
6.679294091 624582796 636108 28358  24695
6.691283082 625218520 635724 28363  24781
6.703297899 625854676 636156 28357  24764
6.715303203 626490467 635791 28347  24728
6.727283879 627126927 636460 28351  24721
6.739294904 627762503 635576 28357  24699
6.751294601 628399081 636578 28354  24809
6.763293735 629036004 636923 28350  24816
6.775298199 629672510 636506 28353  24797
6.787282842 630310564 638054 28367  24867
6.799286367 630944453 633889 28338  24609
6.811295100 631579868 635415 28351  24774
6.823281398 632214108 634240 28348  24705
6.835294475 632849800 635692 28358  24756
6.847281839 633486293 636493 28358  24806
6.859294980 634123220 636927 28353  24756
6.871301986 634757813 634593 28346  24637
6.883283230 635394747 636934 28358  24770
6.895297571 636032626 637879 28366  24869
6.907281935 636673834 641208 28359  24798
6.919282018 637362236 688402 28346  24474
6.931283243 637997890 635654 28358  24758
6.943282923 638632107 634217 28364  24753
6.955285370 639267147 635040 28347  24806
6.967293700 639901898 634751 28347  24725
6.979284035 640537094 635196 28349  24723
6.991293092 641170742 633648 28340  24680
7.003285162 641806039 635297 28374  24775
7.015294616 642441254 635215 28360  24841
7.027293660 643077468 636214 28359  24836
7.039301974 643714570 637102 28349  24923
7.051298658 644349281 634711 28358  24757
7.063282562 644983489 634208 28346  24820
7.075293735 645618153 634664 28356  24810
7.087297703 646251398 633245 28358  24729
7.099295443 646886906 635508 28363  24878
7.111294594 647521223 634317 28365  24771
7.123282968 648155733 634510 28364  24836
7.135283285 648802938 647205 28355  24671
7.147297389 649479127 676189 28351  24588
7.159280846 650113632 634505 28357  24912
7.171295444 650747127 633495 28348  24859
7.183283417 651379550 632423 28353  24803
7.195302305 652012846 633296 28358  24833
7.207286011 652646580 633734 28354  24824
7.219286196 653282115 635535 28362  24907
7.231298322 653913703 631588 28358  24675
7.243282660 654546866 633163 28354  24806
7.255284077 655180179 633313 28352  24807
7.267281428 655813045 632866 28348  24808
7.279283464 656447893 634848 28355  24877
7.291293732 657082775 634882 28362  24915
7.303294046 657714526 631751 28351  24785
7.315281596 658347355 632829 28345  24857
7.327292974 658983204 635849 28362  24805
7.339282264 659668344 685140 28366  24565
7.351308558 660299992 631648 28353  24875
7.363282538 660929967 629975 28347  24800
7.375293753 661558910 628943 28349  24653
7.387298126 662189719 630809 28358  24758
7.399282017 662823981 634262 28349  24838
7.411294558 663458804 634823 28349  24868
7.423294545 678445525 14986721 645604  585026
7.439303379 679071006 625481 27690  24364
7.451283989 679759623 688617 28357  24583
7.463286633 680390432 630809 28359  24790
7.475297397 681022003 631571 28364  24944
7.487285834 681652119 630116 28358  24834
7.499282261 682283490 631371 28352  24799
7.511285305 682917136 633646 28351  24953
7.523306743 683547791 630655 28346  24751
7.535282583 684180185 632394 28355  24943
7.547296363 684813729 633544 28359  24996
7.559285471 685446625 632896 28354  24965
7.571285371 686080857 634232 28356  25057
7.583293705 686713178 632321 28357  24932
7.595286143 687349404 636226 28360  24773
7.607283686 688027559 678155 28367  24550
7.619286163 688657890 630331 28347  24990
7.631297527 689288317 630427 28355  24921
7.643285998 689916078 627761 28344  24732
7.655287615 690546296 630218 28352  24891
7.667293389 691175900 629604 28344  24840
7.679303573 691807697 631797 28359  24964
7.691283240 692441334 633637 28351  25020
7.703284441 693073676 632342 28355  24958
7.715283784 693706021 632345 28359  24978
7.727295045 694337338 631317 28349  24931
7.739298615 694968158 630820 28358  24885
7.751282393 695654175 686017 28350  24539
7.763294984 696284273 630098 28361  24892
7.775297901 696913956 629683 28362  24924
7.787294195 697543010 629054 28353  24860
7.799283445 698174654 631644 28361  24991
7.811298109 698806767 632113 28357  24965
7.823296733 699439454 632687 28359  24995
7.835288747 700070441 630987 28358  24975
7.847285184 700701002 630561 28362  24969
7.859283281 701331456 630454 28355  24948
7.871285548 701962841 631385 28377  24981
7.883297079 702620414 657573 28353  24602
7.895283376 703272997 652583 28366  24688
7.907281343 703901597 628600 28364  25000
7.919293854 704529165 627568 28353  24849
7.931285721 705159441 630276 28359  24956
7.943282662 705792269 632828 28355  25064
7.955283079 706421620 629351 28353  24913
7.967296653 707052281 630661 28347  24987
7.979284593 707683805 631524 28355  25112
7.991291667 708315091 631286 28358  25016
8.003293905 708947076 631985 28347  25013
8.015293952 709627108 680032 28355  24439
8.027282359 710253960 626852 28357  24878
8.039295733 710881517 627557 28357  25009
8.051296627 711508897 627380 28355  24833
8.063296571 712140146 631249 28345  25054
8.075297078 712769207 629061 28354  24925
8.087281081 713399322 630115 28352  25055
8.099294939 714028718 629396 28363  25012
8.111293770 714658398 629680 28368  25033
8.123294720 715289641 631243 28354  25114
8.135281288 715956411 666770 28361  24595
8.147302638 716596938 640527 28372  24910
8.159296369 717223026 626088 28352  24952
8.171280745 717847987 624961 28350  24821
8.183286720 718477890 629903 28357  25054
8.195294571 719106128 628238 28368  25013
8.207285127 719734673 628545 28353  25056
8.219295765 720363163 628490 28349  25036
8.231287862 720998940 635777 28357  25073
8.243282229 721627548 628608 28357  25049
8.255298350 722321526 693978 28364  24552
8.267282410 722961409 639883 28356  25070
8.279279620 723600634 639225 28366  24957
8.291282385 724244525 643891 28356  24976
8.303293589 724890903 646378 28348  25032
8.315289802 725534920 644017 28358  24945
8.327296490 726179708 644788 28366  25042
8.339292830 726825094 645386 28349  25104
8.351296558 727469923 644829 28350  25075
8.363298659 728139881 669958 28361  24939
8.375295552 728815452 675571 28359  24843
8.387281839 729457292 641840 28364  25029
8.399294270 730098980 641688 28357  24948
8.411285143 730742784 643804 28365  25055
8.423281997 744287541 13544757 572653  522384
8.439303015 744921681 634140 27664  24517
8.451285749 745561846 640165 28352  24993
8.463282009 746201845 639999 28357  25015
8.475289409 746843710 641865 28367  25133
8.487291984 747484414 640704 28342  25063
8.499294521 748127767 643353 28362  25205
8.511294408 748822874 695107 28363  24679
8.523282199 749461773 638899 28354  25189
8.535282546 750100786 639013 28356  25023
8.547282217 750742353 641567 28350  25165
8.559296244 751384521 642168 28357  25210
8.571281824 752025688 641167 28347  25065
8.583297619 752666577 640889 28346  25077
8.595293505 753307994 641417 28378  25109
8.607294230 754002127 694133 28357  24529
8.619294047 754643571 641444 28358  25255
8.631302441 755282396 638825 28352  25003
8.643287247 755923588 641192 28346  25139
8.655281842 756565803 642215 28352  25194
8.667282489 757208031 642228 28353  25225
8.679281959 757850046 642015 28357  25159
8.691295084 758495886 645840 28357  24983
8.703293220 759183829 687943 28367  24813
8.715295048 759821718 637889 28350  25127
8.727282295 760460315 638597 28358  25082
8.739285496 761102069 641754 28360  25178
8.751284717 761741181 639112 28357  25053
8.763281390 762380567 639386 28347  25114
8.775284158 763019935 639368 28350  25142
8.787289344 763665411 645476 28356  25061
8.799286772 764354155 688744 28358  24909
8.811297876 764991164 637009 28358  25103
8.823295153 765629372 638208 28358  25066
8.835298311 766268283 638911 28361  25125
8.847281731 766906736 638453 28337  25077
8.859286312 767547242 640506 28339  25162
8.871278075 768187447 640205 28352  25143
8.883282849 768854602 667155 28347  24824
8.895293560 769515294 660692 28351  24891
8.907297547 770151475 636181 28355  25111
8.919284801 770791334 639859 28349  25209
8.931293088 771431360 640026 28335  25213
8.943294569 772069836 638476 28356  25165
8.955289829 772707685 637849 28355  25162
8.967295397 773345629 637944 28347  25122
8.979296854 774038362 692733 28358  24768
8.991285728 774673992 635630 28346  25149
9.003294809 775308762 634770 28346  25044
9.015282013 775946719 637957 28361  25206
9.027294843 776584786 638067 28357  25202
9.039282873 777223712 638926 28351  25222
9.051296554 777863249 639537 28350  25271
9.063294505 778553534 690285 28347  24788
9.075282198 779187798 634264 28351  25249
9.087294139 779823685 635887 28361  25130
9.099279936 780462202 638517 28365  25215
9.111290270 781099991 637789 28345  25145
9.123298368 781739423 639432 28346  25117
9.135283431 782378938 639515 28357  25141
9.147284929 783037495 658557 28356  25016
9.159295516 783713218 675723 28337  24996
9.171295290 784352711 639493 28355  25225
9.183281193 784991174 638463 28355  25118
9.195284874 785631361 640187 28346  25199
9.207296752 786272112 640751 28364  25313
9.219283802 786912241 640129 28368  25215
9.231285826 787606995 694754 28358  24959
9.243297460 788242886 635891 28352  24986
9.255294287 788877612 634726 28351  25015
9.267301998 789516224 638612 28357  25228
9.279297218 790155500 639276 28363  25179
9.291281516 790797556 642056 28360  25379
9.303297156 791436201 638645 28359  25210
9.315294430 792103694 667493 28357  24944
9.327283647 792764171 660477 28367  25067
9.339282315 793399506 635335 28352  25129
9.351276568 794039451 639945 28352  25314
9.363293909 794677301 637850 28348  25173
9.375285190 795315377 638076 28355  25212
9.387297251 795953959 638582 28356  25254
9.399294304 796618687 664728 28357  24877
9.411295382 797282588 663901 28353  25163
9.423286029 810698857 13416269 571532  526457
9.439321984 811341909 643052 27711  24428
9.451287917 812013661 671752 28350  25101
9.463297504 812648160 634499 28353  25231
9.475297155 813286561 638401 28348  25312
9.487285292 813923460 636899 28346  25263
9.499295059 814560564 637104 28348  25328
9.511297839 815201848 641284 28358  25181
9.523281600 815883735 681887 28357  24891
9.535285877 816517881 634146 28346  25286
9.547283478 817152489 634608 28349  25173
9.559298106 817788191 635702 28353  25280
9.571305290 818423891 635700 28346  25575
9.583289069 819059483 635592 28347  25384
9.595304698 819749546 690063 28364  25007
9.607282008 820381834 632288 28364  25315
9.619297352 821016187 634353 28360  25265
9.631281515 821650975 634788 28360  25333
9.643285393 822285801 634826 28353  25311
9.655296370 822921695 635894 28355  25336
9.667293667 823608683 686988 28356  24823
9.679295392 824240513 631830 28350  25323
9.691294322 824872277 631764 28350  25130
9.703282382 825507516 635239 28350  25339
9.715297173 826144218 636702 28351  25384
9.727297150 826780851 636633 28354  25399
9.739297548 827468000 687149 28354  24909
9.751304571 828099398 631398 28351  25416
9.763296066 828731878 632480 28356  25215
9.775294656 829368196 636318 28350  25429
9.787283583 830002871 634675 28348  25334
9.799295580 830635778 632907 28357  25270
9.811283688 831321782 686004 28363  24877
9.823296869 831952714 630932 28362  25377
9.835282179 832585801 633087 28357  25267
9.847281396 833220814 635013 28364  25350
9.859292951 833853954 633140 28349  25340
9.871286044 834487512 633558 28347  25382
9.883293138 835172768 685256 28345  24923
9.895298132 835804217 631449 28355  25435
9.907304116 836437240 633023 28356  25303
9.919302867 837069878 632638 28347  25382
9.931294917 837701375 631497 28356  25292
9.943293771 838335167 633792 28363  25309
9.955298429 839023139 687972 28358  24995
9.967295862 839658495 635356 28345  25349
9.979285756 840297964 639469 28352  25294
9.991286630 840939273 641309 28361  25384
10.003285111 841581733 642460 28366  25465
10.015299074 842259993 678260 28358  25177
10.027282895 842917188 657195 28343  25291
10.039295713 843555459 638271 28353  25333
10.051285710 844193761 638302 28350  25229
10.063286346 844833762 640001 28372  25360
10.075302144 845474102 640340 28358  25331
10.087284568 846169008 694906 28354  24958
10.099285515 846805220 636212 28354  25409
10.111282826 847444822 639602 28357  25365
10.123294547 848084662 639840 28358  25415
10.135284344 848726539 641877 28346  25501
10.147296148 849390796 664257 28362  25188
10.159294678 850056756 665960 28344  25173
10.171296766 850692821 636065 28352  25317
10.183284836 851331751 638930 28349  25396
10.195281230 851970933 639182 28353  25375
10.207295991 852611568 640635 28355  25427
10.219296199 853302881 691313 28354  24924
10.231297645 853938810 635929 28354  25420
10.243282379 854578185 639375 28348  25441
10.255294697 855219342 641157 28352  25519
10.267298097 855859109 639767 28361  25419
10.279280874 856550475 691366 28367  24994
10.291281972 857185647 635172 28352  25500
10.303304576 857822789 637142 28356  25388
10.315295723 858461826 639037 28361  25439
10.327282653 859101809 639983 28354  25494
10.339295284 859742806 640997 28369  25214
10.351297021 860426054 683248 28366  25055
10.363292262 861062549 636495 28374  25467
10.375283782 861701853 639304 28356  25476
10.387291897 862343053 641200 28357  25574
10.399283103 862985826 642773 28358  25343
10.411293934 863668120 682294 28353  25046
10.423282624 877102966 13434846 568808  527313
10.439296109 877730449 627483 27652  24789
10.451283003 878368773 638324 28355  25565
10.463294404 879005527 636754 28350  25362
10.475285874 879651295 645768 28358  25283
10.487285978 880325729 674434 28356  25081
10.499296896 880958175 632446 28357  25323
10.511285486 881596544 638369 28352  25593
10.523282209 882233101 636557 28351  25391
10.535281707 882875397 642296 28359  25404
10.547303908 883556760 681363 28354  25246
10.559286628 884190429 633669 28350  25391
10.571282356 884828971 638542 28355  25642
10.583295100 885465105 636134 28351  25388
10.595294947 886127113 662008 28357  25144
10.607285837 886784370 657257 28357  25365
10.619292472 887417965 633595 28352  25410
10.631296339 888054076 636111 28362  25524
10.643294503 888689926 635850 28345  25412
10.655282113 889365546 675620 28364  25106
10.667282907 890009684 644138 28356  25556
10.679297798 890644396 634712 28350  25473
10.691296908 891281988 637592 28367  25677
10.703293009 891916345 634357 28351  25351
10.715289939 892601426 685081 28359  24954
10.727294087 893231332 629906 28357  25559
10.739298031 893865482 634150 28356  25478
10.751284578 894501694 636212 28368  25619
10.763283925 895135877 634183 28346  25394
10.775298440 895819133 683256 28360  24919
10.787281137 896451088 631955 28361  25627
10.799286030 897087464 636376 28357  25562
10.811283081 897723542 636078 28356  25699
10.823298079 898376502 652960 28347  25216
10.835294042 899043949 667447 28364  25312
10.847285690 899679210 635261 28353  25511
10.859282907 900316685 637475 28344  25522
10.871290941 900955564 638879 28354  25649
10.883284335 901644508 688944 28363  24903
10.895282729 902277722 633214 28365  25521
10.907296386 902915415 637693 28368  25674
10.919296467 903551672 636257 28352  25471
10.931294490 904193923 642251 28352  25654
10.943281805 904878497 684574 28359  25138
10.955294426 905513543 635046 28355  25538
10.967283832 906150445 636902 28370  25683
10.979294910 906786753 636308 28353  25531
10.991296294 907474133 687380 28349  25030
11.003284551 908105748 631615 28356  25453
11.015297522 908740659 634911 28361  25464
11.027301503 909376508 635849 28365  25643
11.039281903 910012070 635562 28348  25521
11.051294784 910699536 687466 28361  25237
11.063294521 911332426 632890 28353  25459
11.075282531 911968038 635612 28358  25564
11.087283138 912603974 635936 28362  25699
11.099285489 913291520 687546 28352  25118
11.111296424 913923774 632254 28354  25613
11.123292334 914558988 635214 28342  25510
11.135294675 915192391 633403 28362  25459
11.147286258 915827608 635217 28357  25711
11.159289696 916512093 684485 28350  25127
11.171296463 917146732 634639 28352  25639
11.183293907 917781535 634803 28349  25540
11.195284028 918416796 635261 28362  25623
11.207293392 919101163 684367 28361  25129
11.219283605 919733140 631977 28361  25680
11.231284266 920368362 635222 28349  25619
11.243294763 921002931 634569 28360  25586
11.255294851 921669928 666997 28357  25267
11.267295965 922316689 646761 28359  25377
11.279293805 922948388 631699 28350  25485
11.291281643 923583942 635554 28359  25686
11.303286729 924217687 633745 28354  25597
11.315285000 924900993 683306 28365  25221
11.327296231 925532436 631443 28356  25654
11.339296202 926167765 635329 28356  25718
11.351291786 926801240 633475 28361  25589
11.363295480 927485385 684145 28356  25146
11.375281297 928115687 630302 28364  25630
11.387298708 928748700 633013 28353  25566
11.399281898 929383819 635119 28352  25666
11.411286869 930071157 687338 28349  25173
11.423294500 958302076 28230919 432322  184999
11.439316554 959995458 1693382 27425  9585
11.451286991 961510055 1514597 28354  10151
11.463282118 963491241 1981186 28355  6975
11.475284132 965290567 1799326 28349  10150
11.487293419 966704765 1414198 28343  9963
11.499296157 968680730 1975965 28349  6541
11.511302567 970391383 1710653 28363  10421
11.523284488 971891045 1499662 28362  9458
11.535297899 973875681 1984636 28355  6797
11.547294212 975649488 1773807 28355  9809
11.559286566 977086097 1436609 28344  9732
11.571289037 979068073 1981976 28372  6657
11.583297938 980765136 1697063 28360  10101
11.595294075 982260996 1495860 28357  9047
11.607294535 984252255 1991259 28354  7070
11.619283030 985935254 1682999 28350  10460
11.631293436 987454830 1519576 28355  9194
11.643298891 989429125 1974295 28358  7148
11.655284652 991103315 1674190 28345  10477
11.667295402 992653706 1550391 28353  9694
11.679294576 994641803 1988097 28371  6810
11.691294564 996327641 1685838 28358  10564
11.703285220 997841658 1514017 28361  9036
11.715279861 999829675 1988017 28358  6893
11.727294849 1001532799 1703124 28349  10228
11.739297819 1003044767 1511968 28347  9134
11.751285860 1005030941 1986174 28361  6962
11.763296491 1006751037 1720096 28349  10045
11.775283678 1008247860 1496823 28365  9871
11.787296202 1010227650 1979790 28371  6851
11.799280125 1012065222 1837572 28367  9853
11.811281646 1013443501 1378279 28364  10005
11.823305274 1015421287 1977786 28354  7118
11.835295274 1017280157 1858870 28361  9812
11.847282908 1018639498 1359341 28351  10069
11.859283499 1020611577 1972079 28363  6759
11.871274726 1022342682 1731105 28357  10084
11.883293197 1023822019 1479337 28356  10013
11.895286187 1025805801 1983782 28365  6736
11.907286018 1027624845 1819044 28344  9783
11.919296066 1029018733 1393888 28351  9737
11.931282246 1030994497 1975764 28359  6310
11.943298020 1032790336 1795839 28353  10062
11.955285833 1034207979 1417643 28359  9605
11.967292368 1036186113 1978134 28363  6720
11.979294195 1037985666 1799553 28366  10077
11.991292389 1039398671 1413005 28355  9876
12.003285310 1041375864 1977193 28366  6687
12.015285664 1043094564 1718700 28354  10217
12.027293831 1044592747 1498183 28349  10135
12.039283925 1046569380 1976633 28370  6964
12.051294293 1048379652 1810272 28354  9892
12.063294043 1049785384 1405732 28339  10141
12.075295237 1051760228 1974844 28369  6640
12.087285260 1053528399 1768171 28359  9740
12.099296968 1054966646 1438247 28370  9789
12.111286112 1056952172 1985526 28359  6707
12.123294356 1058767878 1815706 28347  9959
12.135281107 1060164227 1396349 28345  9760
12.147304594 1062138342 1974115 28359  6390
12.159293884 1063855997 1717655 28356  10178
12.171295465 1065354740 1498743 28350  9841
12.183299443 1067329962 1975222 28364  6585
12.195283486 1069108821 1778859 28357  10290
12.207296237 1070544880 1436059 28349  10005
12.219293172 1072519871 1974991 28364  6893
12.231297985 1074258869 1738998 28362  10249
12.243286736 1075737804 1478935 28346  10148
12.255299107 1077715185 1977381 28363  7069
12.267284980 1079598284 1883099 28360  9366
12.279298871 1080927349 1329065 28352  9951
12.291281918 1082903673 1976324 28353  6905
12.303300399 1084776654 1872981 28349  9233
12.315286397 1086116945 1340291 28358  10279
12.327295770 1088094919 1977974 28360  6778
12.339298301 1090069751 1974832 28349  9281
12.351285449 1091443316 1373565 28363  10491
12.363298579 1093289467 1846151 28358  7210
12.375285140 1095254634 1965167 28351  8982
12.387281507 1096740362 1485728 28361  10754
12.399286017 1098491181 1750819 28358  7819
12.411281545 1100447195 1956014 28346  8706
12.423294123 1101930429 1483234 28351  10369
12.435297793 1103671484 1741055 28357  7715
12.447285930 1105634652 1963168 28362  8535
12.459284107 1107107979 1473327 28359  10151
12.471281508 1108854438 1746459 28359  7619
12.483293992 1110812687 1958249 28352  8287
12.495282166 1112261083 1448396 28360  10261
12.507282240 1114044376 1783293 28354  7585
12.519297784 1116002964 1958588 28353  8324
12.531284291 1117490559 1487595 28356  10500
12.543298782 1119237311 1746752 28360  8000
12.555292942 1121198252 1960941 28360  8121
12.567297446 1122706490 1508238 28359  10571
12.579294854 1124412088 1705598 28345  7718
12.591285034 1126375174 1963086 28360  8669
12.603285245 1127868038 1492864 28356  10803
12.615297243 1129617221 1749183 28359  7616
12.627304060 1131530251 1913030 28352  8791
12.639294077 1133169759 1639508 28361  10371
12.651285104 1134619149 1449390 28352  10248
12.663298888 1136519711 1900562 28347  8091
12.675296346 1138425635 1905924 28352  7946
12.687286229 1140040688 1615053 28357  10622
12.699293990 1141505333 1464645 28357  10004
12.711285758 1143503751 1998418 28356  6651
12.723280238 1145413532 1909781 28357  9917
12.735283379 1146971244 1557712 28359  10459
12.747284333 1148611190 1639946 28357  8511
12.759296131 1150522221 1911031 28358  8228
12.771297704 1152371273 1849052 28351  10381
12.783293255 1153800897 1429624 28363  10820
12.795285842 1155604815 1803918 28357  7125
12.807281633 1157543640 1938825 28353  9252
12.819298150 1158863234 1319594 28350  9882
12.831281834 1160872782 2009548 28359  6322
12.843282721 1162643253 1770471 28349  9908
12.855297092 1164124692 1481439 28365  9068
12.867282566 1166132056 2007364 28353  6814
12.879281567 1167789587 1657531 28353  10162
12.891293358 1169385716 1596129 28363  8619
12.903293938 1171388018 2002302 28358  7581
12.915293499 1173017553 1629535 28353  10352
12.927281705 1174668694 1651141 28352  8501
12.939295096 1176679457 2010763 28373  7894
12.951294791 1178311609 1632152 28342  10389
12.963285924 1179952601 1640992 28351  8669
12.975293462 1181948030 1995429 28360  7757
12.987284989 1183523597 1575567 28350  10552
12.999296443 1185212753 1689156 28357  7964
13.011293507 1187202610 1989857 28356  8087
13.023287571 1188565561 1362951 28346  10294
13.035297439 1190467521 1901960 28348  6900
13.047283509 1192387497 1919976 28351  8850
13.059282350 1193724218 1336721 28345  10171
13.071284658 1195728793 2004575 28362  5767
13.083281171 1197417756 1688963 28359  10428
13.095297952 1198975205 1557449 28365  8988
13.107306560 1200990630 2015425 28359  7115
13.119287433 1202636293 1645663 28361  10468
13.131293917 1204254500 1618207 28362  8916
13.143280824 1206253891 1999391 28349  7449
13.155296195 1207875203 1621312 28361  10680
13.167285976 1209524010 1648807 28356  8474
13.179286719 1211512760 1988750 28355  7803
13.191283057 1212990601 1477841 28358  10529
13.203281355 1214770739 1780138 28362  6973
13.215297421 1216757580 1986841 28356  8825
13.227291719 1218103565 1345985 28340  10176
13.239293370 1220038503 1934938 28347  6721
13.251298320 1221963719 1925216 28347  9223
13.263306601 1223295179 1331460 28352  9696
13.275286058 1225308494 2013315 28362  6197
13.287292615 1227018340 1709846 28348  10528
13.299298606 1228543902 1525562 28356  8605
13.311293224 1230552084 2008182 28358  7408
13.323282954 1232251874 1699790 28366  10618
13.335298225 1233832209 1580335 28354  8868
13.347299026 1235842328 2010119 28357  7637
13.359282166 1237468987 1626659 28346  10443
13.371293794 1239103565 1634578 28347  8509
13.383276374 1241100477 1996912 28366  7614
13.395280208 1242646885 1546408 28355  10168
13.407280966 1244353749 1706864 28366  7607
13.419295062 1246347869 1994120 28357  8171
13.431297517 1247716306 1368437 28348  10296
13.443285661 1249609768 1893462 28353  6871
13.455286489 1251543515 1933747 28355  9054
13.467297935 1252874829 1331314 28358  10031
13.479281393 1254880119 2005290 28361  6293
13.491291344 1256613190 1733071 28362  10188
13.503284264 1258131313 1518123 28363  9124
13.515282134 1260128618 1997305 28354  7099
13.527294235 1261769097 1640479 28350  10496
13.539286789 1263398899 1629802 28351  9148
13.551280847 1265398862 1999963 28347  7274
13.563293270 1267021889 1623027 28356  10545
13.575306921 1268665960 1644071 28353  8291
13.587293016 1270648259 1982299 28357  7483
13.599288289 1272147168 1498909 28350  10413
13.611294887 1273914348 1767180 28356  7132
13.623296091 1275907357 1993009 28358  8662
13.635298601 1277329183 1421826 28357  10155
13.647293589 1279186116 1856933 28357  7239
13.659281455 1281182136 1996020 28348  8870
13.671295221 1282555378 1373242 28368  10408
13.683298321 1284458367 1902989 28347  6834
13.695285134 1286385092 1926725 28342  9428
13.707295579 1287719568 1334476 28353  9951
13.719299336 1289725773 2006205 28359  6608
13.731280374 1291443244 1717471 28354  10333
13.743293164 1292967512 1524268 28351  9027
13.755282138 1294971997 2004485 28352  7310
13.767296289 1296654284 1682287 28352  10179
13.779286492 1298236267 1581983 28354  8661
13.791280347 1300247469 2011202 28359  7242
13.803286164 1301878573 1631104 28356  10186
13.815280758 1303508306 1629733 28348  8811
13.827300012 1305508445 2000139 28359  6989
13.839285313 1307176255 1667810 28359  10479
13.851283130 1308790200 1613945 28364  8821
13.863295857 1310799259 2009059 28358  7222
13.875282372 1312477003 1677744 28358  10458
13.887282485 1314073353 1596350 28353  9022
13.899301053 1316072482 1999129 28350  7348
13.911288347 1317702485 1630003 28361  10694
13.923293370 1319338801 1636316 28354  8457
13.935282948 1321333474 1994673 28364  7725
13.947298652 1322867031 1533557 28347  10528
13.959293699 1324588181 1721150 28362  7253
13.971297230 1326584125 1995944 28353  8575
13.983293288 1328084706 1500581 28346  10158
13.995286562 1329853523 1768817 28356  7156
14.007293319 1331849188 1995665 28350  8744
14.019294923 1333227427 1378239 28357  10096
14.031285937 1335123624 1896197 28348  7066
14.043299191 1337066300 1942676 28344  9208
14.055304875 1338378197 1311897 28356  9878
14.067282138 1340392723 2014526 28362  6556
14.079281466 1342148806 1756083 28355  10217
14.091287114 1343642110 1493304 28362  9486
14.103286914 1345657415 2015305 28356  7057
14.115298362 1347343293 1685878 28342  10343
14.127287586 1348906654 1563361 28356  9069
14.139294590 1350916446 2009792 28360  7004
14.151280433 1352608396 1691950 28355  10208
14.163292034 1354171049 1562653 28350  8753
14.175281362 1356179225 2008176 28353  6964
14.187298352 1357829563 1650338 28363  10459
14.199293760 1359438387 1608824 28351  8472
14.211307024 1361448385 2009998 28351  7362
14.223282541 1363098636 1650251 28356  10463
14.235279988 1364719899 1621263 28354  8654
14.247296826 1366734465 2014566 28356  7408
14.259281619 1368423182 1688717 28362  10625
14.271301234 1370004996 1581814 28357  8870
14.283293568 1372010906 2005910 28353  7435
14.295297285 1373678104 1667198 28354  10631
14.307284086 1375281514 1603410 28367  8942
14.319293870 1377288162 2006648 28360  7421
14.331297390 1379014793 1726631 28359  10169
14.343285964 1380551136 1536343 28356  8748
14.355284319 1382562943 2011807 28354  7100
14.367287589 1384202341 1639398 28361  10166
14.379307433 1385821100 1618759 28351  8954
14.391283203 1387822513 2001413 28349  6862
14.403280537 1389470262 1647749 28361  10471
14.415297932 1391095691 1625429 28366  8801
14.427299326 1393099302 2003611 28354  7291
14.439285366 1394807742 1708440 28359  10463
14.451281490 1396377904 1570162 28363  9046
14.463286101 1398381159 2003255 28343  7290
14.475296455 1400019393 1638234 28363  10728
14.487279569 1401650986 1631593 28372  8818
14.499294213 1403653427 2002441 28350  7343
14.511296284 1405300666 1647239 28353  10472
14.523297811 1406920521 1619855 28361  8511
14.535301552 1408925062 2004541 28357  7397
14.547285556 1410602060 1676998 28366  10053
14.559284293 1412196574 1594514 28365  8848
14.571293757 1414202628 2006054 28353  7008
14.583286431 1415848540 1645912 28359  11027
14.595282202 1417466836 1618296 28365  9182
14.607293466 1419472003 2005167 28363  7453
14.619298977 1421122803 1650800 28361  10387
14.631296625 1422749153 1626350 28360  8807
14.643282115 1424758486 2009333 28350  7507
14.655291899 1426399446 1640960 28351  10570
14.667294686 1428021816 1622370 28350  9117
14.679281867 1430032418 2010602 28347  7237
14.691306671 1431693861 1661443 28361  10533
14.703287981 1433295693 1601832 28357  8522
14.715297355 1435295261 1999568 28363  7226
14.727298226 1437003269 1708008 28355  10342
14.739281781 1438567384 1564115 28346  8479
14.751298524 1440572903 2005519 28346  7492
14.763296795 1442226479 1653576 28351  10028
14.775287866 1443840290 1613811 28362  8728
14.787285603 1445846910 2006620 28351  7391
14.799281587 1447547235 1700325 28360  10311
14.811297151 1449115709 1568474 28363  8728
14.823280805 1451129123 2013414 28354  7690
14.835281272 1452771512 1642389 28348  10381
14.847293187 1454396669 1625157 28348  9093
14.859298314 1456403196 2006527 28349  7402
14.871297175 1458052857 1649661 28359  10530
14.883286299 1459668699 1615842 28353  8853
14.895297950 1461675094 2006395 28356  7004
14.907291990 1463314690 1639596 28361  10467
14.919283151 1464938418 1623728 28366  8515
14.931297262 1466930985 1992567 28350  7118
14.943299242 1468584342 1653357 28355  10423
14.955282403 1470205757 1621415 28360  8338
14.967283153 1472222102 2016345 28353  7548
14.979285068 1473892398 1670296 28359  10451
14.991292848 1475487297 1594899 28368  8706
15.003286242 1477498107 2010810 28358  7310
15.015289159 1479147901 1649794 28356  10561
15.027286237 1480764841 1616940 28357  8830
15.039295761 1482769851 2005010 28351  7662
15.051282868 1484420174 1650323 28357  10364
15.063294706 1486041533 1621359 28356  8838
15.075281573 1488046200 2004667 28353  7188
15.087293301 1489694171 1647971 28359  10320
15.099295071 1491302888 1608717 28356  8506
15.111282845 1493296639 1993751 28348  7120
15.123294576 1494927334 1630695 28358  10426
15.135298379 1496567961 1640627 28357  8315
15.147293414 1498578360 2010399 28365  7450
15.159279894 1500208403 1630043 28356  10432
15.171292606 1501844547 1636144 28359  8409
15.183297406 1503853600 2009053 28349  7615
15.195297710 1505516817 1663217 28368  10507
15.207286300 1507126087 1609270 28355  8705
15.219296008 1509122788 1996701 28355  7596
15.231285082 1510783635 1660847 28350  10566
15.243293293 1512399163 1615528 28357  8714
15.255283366 1514402401 2003238 28350  7538
15.267285424 1516028731 1626330 28347  10156
15.279295655 1517665422 1636691 28359  8452
15.291285662 1519672621 2007199 28352  7382
15.303281619 1521311592 1638971 28342  10153
15.315281950 1522934272 1622680 28354  8642
15.327301931 1524938847 2004575 28351  7057
15.339295381 1526571147 1632300 28358  10534
15.351287259 1528208392 1637245 28350  8599
15.363302357 1530211593 2003201 28361  7375
15.375296893 1531846881 1635288 28360  10463
15.387287018 1533487601 1640720 28357  8862
15.399295305 1535491641 2004040 28361  7412
15.411282045 1537127038 1635397 28373  10607
15.423281463 1538758874 1631836 28360  8833
15.435296534 1540760212 2001338 28345  7391
15.447288377 1542411991 1651779 28365  10534
15.459292498 1544029151 1617160 28357  8515
15.471307936 1546025148 1995997 28355  7349
15.483288246 1547732604 1707456 28346  10060
15.495281857 1549299617 1567013 28363  8724
15.507287511 1551301352 2001735 28337  7046
15.519294789 1552967586 1666234 28352  10304
15.531285706 1554569679 1602093 28351  8667
15.543282553 1556571487 2001808 28353  7329
15.555298748 1558226813 1655326 28359  10383
15.567281794 1559847131 1620318 28353  8812
15.579280642 1561847742 2000611 28361  7399
15.591272704 1563494099 1646357 28355  10576
15.603296061 1565111567 1617468 28353  9052
15.615294687 1567118327 2006760 28351  7239
15.627287168 1568761439 1643112 28359  10468
15.639284392 1570380845 1619406 28363  8642
15.651294227 1572375534 1994689 28352  7147
15.663283164 1574065922 1690388 28352  10326
15.675281448 1575645118 1579196 28352  8361
15.687298548 1577642764 1997646 28351  7467
15.699297969 1579264894 1622130 28350  10081
15.711294807 1580903962 1639068 28352  8287
15.723284034 1582889259 1985297 28346  7704
15.735293051 1584424886 1535627 28356  10363
15.747293285 1586148613 1723727 28360  7334
15.759298133 1588150327 2001714 28354  8901
15.771285210 1589550795 1400468 28354  10249
15.783298067 1591413194 1862399 28360  7422
15.795283318 1593412034 1998840 28350  9032
15.807296919 1594811463 1399429 28346  10339
15.819295846 1596674040 1862577 28348  7150
15.831293660 1598620185 1946145 28369  8932
15.843297361 1599930705 1310520 28353  10066
15.855280255 1601939195 2008490 28354  6975
15.867290256 1603852544 1913349 28356  8905
15.879293333 1605192057 1339513 28351  10163
15.891287577 1607188948 1996891 28356  5597
15.903283418 1608905374 1716426 28353  10379
15.915280985 1610431111 1525737 28360  9028
15.927297006 1612432865 2001754 28351  7031
15.939298076 1614091773 1658908 28345  10393
15.951284834 1615700342 1608569 28365  9045
15.963302985 1617695166 1994824 28362  7262
15.975298173 1619324433 1629267 28349  10674
15.987281616 1620961436 1637003 28357  8637
15.999280684 1622967121 2005685 28353  7568
16.011285684 1624618019 1650898 28358  10477
16.023294562 1626235554 1617535 28357  8579
16.035297196 1628234018 1998464 28358  7333
16.047287900 1629905634 1671616 28348  10065
16.059298191 1631498357 1592723 28358  8667
16.071291834 1633493381 1995024 28346  7223
16.083293749 1635165509 1672128 28351  10252
16.095292426 1636773045 1607536 28365  8891
16.107285870 1638764145 1991100 28349  7201
16.119307524 1640430024 1665879 28353  10359
16.131298165 1642045972 1615948 28362  8943
16.143298039 1644043210 1997238 28347  7351
16.155299203 1645677449 1634239 28352  10549
16.167292974 1647310192 1632743 28354  9185
16.179298801 1649315620 2005428 28355  7210
16.191280885 1650961287 1645667 28350  10545
16.203288929 1652574800 1613513 28354  8583
16.215282106 1654579405 2004605 28356  7249
16.227295661 1656263460 1684055 28351  10312
16.239281098 1657844521 1581061 28354  8639
16.251280742 1659833511 1988990 28348  7320
16.263288622 1661508355 1674844 28356  10057
16.275296637 1663107783 1599428 28362  8742
16.287294804 1665113466 2005683 28347  7345
16.299285498 1666772260 1658794 28363  10301
16.311286558 1668377554 1605294 28354  8731
16.323282093 1670379948 2002394 28367  7511
16.335281404 1672018655 1638707 28353  10344
16.347283528 1673648768 1630113 28355  9027
16.359299298 1675650031 2001263 28346  7367
16.371299142 1677297086 1647055 28360  10486
16.383297620 1678916624 1619538 28355  9013
16.395285130 1680908788 1992164 28353  6889
16.407284534 1682559265 1650477 28361  10468
16.419293919 1684174223 1614958 28354  8501
16.431297593 1686171139 1996916 28345  7138
16.443289640 1687812572 1641433 28350  10401
16.455300291 1689437865 1625293 28363  8406
16.467297438 1691446949 2009084 28356  7401
16.479296599 1693095591 1648642 28361  10445
16.491296809 1694706107 1610516 28363  8571
16.503293350 1696717069 2010962 28356  7415
16.515292864 1698356430 1639361 28365  10531
16.527286271 1699982015 1625585 28354  8882
16.539290439 1701977479 1995464 28346  7581
16.551282440 1703605026 1627547 28349  10301
16.563294400 1705242384 1637358 28353  8598
16.575297554 1707240068 1997684 28359  7486
16.587280708 1708897363 1657295 28356  10269
16.599288960 1710511725 1614362 28359  8736
16.611296163 1712510393 1998668 28359  6882
16.623284427 1714146199 1635806 28361  10412
16.635298288 1715765409 1619210 28353  8432
16.647297756 1717768529 2003120 28349  7373
16.659294303 1719396081 1627552 28380  10438
16.671280464 1721034326 1638245 28354  8517
16.683300821 1723033783 1999457 28364  7482
16.695297826 1724693867 1660084 28358  10495
16.707297162 1726308601 1614734 28358  8785
16.719285613 1728309947 2001346 28350  7555
16.731296127 1729972821 1662874 28350  10584
16.743279981 1731578888 1606067 28363  8940
16.755293349 1733571556 1992668 28362  7320
16.767302586 1735236256 1664700 28359  10164
16.779285673 1736834899 1598643 28351  8635
16.791294964 1738838620 2003721 28354  7199
16.803287258 1740475638 1637018 28345  10159
16.815285686 1742096048 1620410 28352  8783
16.827280946 1744092297 1996249 28353  6901
16.839292834 1745751424 1659127 28352  10451
16.851297488 1747362450 1611026 28351  8746
16.863285622 1749367264 2004814 28354  7222
16.875285260 1751009233 1641969 28355  10417
16.887297163 1752631399 1622166 28352  8872
16.899298744 1754624287 1992888 28350  7339
16.911296692 1756283499 1659212 28367  10618
16.923292409 1757892049 1608550 28351  8743
16.935283793 1759896184 2004135 28352  7483
16.947296941 1761533941 1637757 28353  10456
16.959282004 1763155526 1621585 28341  8413
16.971293505 1765141612 1986086 28359  7316
16.983294899 1766771636 1630024 28358  10126
16.995296150 1768407264 1635628 28352  8291
17.007282187 1770399226 1991962 28351  7512
17.019287061 1772018107 1618881 28349  10269
17.031294376 1773676485 1658378 28367  8488
17.043297513 1775660620 1984135 28354  7556
17.055285633 1777213711 1553091 28354  10241
17.067295351 1778920638 1706927 28356  7854
17.079289842 1780906402 1985764 28359  8481
17.091294690 1782426986 1520584 28347  10416
17.103282050 1784174630 1747644 28367  8004
17.115286801 1786163984 1989354 28350  8361
17.127298265 1787559569 1395585 28365  10385
17.139285562 1789423367 1863798 28359  7119
17.151286039 1791408576 1985209 28361  8756
17.163286717 1792788194 1379618 28359  10342
17.175292378 1794677518 1889324 28360  6631
17.187332889 1796587375 1909857 28359  9172
17.199284999 1797926094 1338719 28356  9840
17.211284847 1799931071 2004977 28370  6448
17.223299541 1801730015 1798944 28358  9799
17.235293298 1803177647 1447632 28355  9424
17.247299565 1805189765 2012118 28358  6524
17.259281120 1806906081 1716316 28356  10548
17.271298357 1808430077 1523996 28357  8884
17.283296284 1810428111 1998034 28350  7309
17.295287918 1812091173 1663062 28351  10568
17.307296006 1813692945 1601772 28363  8714
17.319298670 1815689910 1996965 28352  7544
17.331285910 1817366752 1676842 28358  10101
17.343281125 1818952310 1585558 28355  8520
17.355297692 1820960561 2008251 28348  7272
17.367284399 1822597810 1637249 28355  10157
17.379283010 1824222468 1624658 28356  9017
17.391295874 1826217050 1994582 28351  6728
17.403309005 1827849689 1632639 28350  10444
17.415287622 1829485494 1635805 28343  8562
17.427279886 1831473390 1987896 28365  7354
17.439283907 1833070295 1596905 28360  10395
17.451294744 1834748688 1678393 28360  8511
17.463286525 1836733064 1984376 28372  7724
17.475297126 1838270803 1537739 28369  10569
17.487285924 1839988115 1717312 28351  7521
17.499284767 1841981448 1993333 28346  8688
17.511281295 1843373496 1392048 28367  10414
17.523281665 1845245236 1871740 28347  6861
17.535296617 1847234287 1989051 28356  8912
17.547298880 1848654452 1420165 28353  10071
17.559303588 1850507310 1852858 28362  7014
17.571282012 1852497847 1990537 28341  8781
17.583294626 1853902654 1404807 28360  10060
17.595293633 1855771028 1868374 28350  7120
17.607295791 1857710938 1939910 28359  9113
17.619284178 1859018507 1307569 28349  9945
17.631299679 1861024143 2005636 28367  6134
17.643299534 1862723560 1699417 28357  10506
17.655297800 1864255488 1531928 28378  8938
17.667296708 1866248635 1993147 28354  7458
17.679292701 1867899422 1650787 28356  10266
17.691296922 1869513648 1614226 28362  8660
17.703282927 1871508385 1994737 28367  7413
17.715291254 1873151207 1642822 28368  10225
17.727287351 1874778470 1627263 28359  8608
17.739293915 1876779020 2000550 28357  6906
17.751284370 1878418493 1639473 28353  10316
17.763282167 1880034682 1616189 28353  8510
17.775283671 1882037332 2002650 28356  7315
17.787294368 1883661980 1624648 28358  10387
17.799286539 1885301937 1639957 28351  8483
17.811285549 1887307647 2005710 28356  7436
17.823279184 1889002611 1694964 28360  10471
17.835296821 1890573053 1570442 28356  8657
17.847281426 1892572055 1999002 28358  7599
17.859283533 1894221050 1648995 28344  10576
17.871305188 1895845468 1624418 28358  8889
17.883298738 1897835658 1990190 28357  7380
17.895296262 1899491775 1656117 28348  10161
17.907283730 1901098643 1606868 28350  8458
17.919297526 1903093398 1994755 28357  7304
17.931293984 1904732938 1639540 28362  10158
17.943285352 1906355962 1623024 28353  8606
17.955283023 1908337675 1981713 28362  7147
17.967297393 1909905323 1567648 28357  10373
17.979298667 1911590915 1685592 28354  7508
17.991298368 1913582765 1991850 28363  8489
18.003294742 1915068411 1485646 28355  10293
18.015292680 1916853573 1785162 28357  7616
18.027283213 1918845712 1992139 28350  8713
18.039292891 1920223072 1377360 28361  10429
18.051285694 1922103821 1880749 28356  7158
18.063285559 1924081730 1977909 28342  9231
18.075297043 1925361897 1280167 28354  10360
18.087287034 1927362404 2000507 28357  6552
18.099280492 1929266652 1904248 28352  9294
18.111284415 1930613493 1346841 28358  9800
18.123297543 1932610225 1996732 28373  5939
18.135285070 1934344502 1734277 28353  10244
18.147293581 1935839401 1494899 28357  8659
18.159298161 1937843510 2004109 28354  7110
18.171284689 1939509663 1666153 28356  10475
18.183280827 1941098865 1589202 28354  8577
18.195293254 1943099097 2000232 28358  7418
18.207297221 1944744238 1645141 28364  10521
18.219293495 1946368554 1624316 28352  8794
18.231285483 1948371041 2002487 28358  7627
18.243296627 1950016095 1645054 28355  10286
18.255296065 1951634599 1618504 28367  8919
18.267292155 1953630057 1995458 28359  7090
18.279295689 1955270659 1640602 28359  10212
18.291281216 1956889267 1618608 28374  8741
18.303295441 1958880864 1991597 28356  6912
18.315285321 1960502569 1621705 28361  10417
18.327286916 1962138640 1636071 28356  8308
18.339299007 1964125836 1987196 28361  7365
18.351300421 1965690502 1564666 28346  10389
18.363286548 1967378199 1687697 28372  7561
18.375283552 1969363717 1985518 28360  8379
18.387285520 1970745971 1382254 28362  10218
18.399284263 1972624023 1878052 28348  7150
18.411298031 1974544999 1920976 28344  9231
18.423278185 1975871910 1326911 28351  10370
18.435291939 1977868459 1996549 28359  5888
18.447281156 1979580468 1712009 28353  10394
18.459284757 1981095773 1515305 28352  8765
18.471283671 1983081573 1985800 28371  7039
18.483284375 1984731306 1649733 28341  10287
18.495282289 1986337836 1606530 28360  8061
18.507292987 1988313095 1975259 28351  7665
18.519293654 1989841417 1528322 28346  10108
18.531281324 1991564966 1723549 28368  7174
18.543284192 1993549328 1984362 28345  8783
18.555293620 1994907264 1357936 28364  10239
18.567294821 1996817622 1910358 28361  6731
18.579285412 1998758992 1941370 28360  9344
18.591300036 2000071580 1312588 28352  9942
18.603389691 2002067234 1995654 28360  6199
18.615297424 2003787560 1720326 28355  10486
18.627284638 2005300514 1512954 28352  8903
18.639285655 2007292238 1991724 28365  7307
18.651293369 2008952517 1660279 28352  10132
18.663294877 2010552471 1599954 28357  8569
18.675304878 2012553499 2001028 28350  7191
18.687293192 2014180029 1626530 28362  10132
18.699295275 2015805025 1624996 28362  8561
18.711285673 2017797240 1992215 28345  7036
18.723296347 2019431286 1634046 28360  10437
18.735286638 2021059342 1628056 28352  8224
18.747293373 2023049288 1989946 28367  7697
18.759285703 2024595994 1546706 28358  10330
18.771292987 2026298132 1702138 28363  7586
18.783284698 2028285162 1987030 28342  8658
18.795296606 2029680438 1395276 28366  10442
18.807297563 2031542291 1861853 28355  7145
18.819298223 2033480251 1937960 28367  9266
18.831292821 2034795857 1315606 28359  10223
18.843286361 2036787192 1991335 28362  5544
18.855281685 2038510637 1723445 28359  10357
18.867285810 2040024229 1513592 28357  9061
18.879295631 2042010625 1986396 28351  6566
18.891283705 2043659373 1648748 28349  10422
18.903295648 2045266713 1607340 28361  8436
18.915284059 2047255346 1988633 28365  7203
18.927296910 2048882818 1627472 28363  10487
18.939280214 2050519714 1636896 28352  8275
18.951296819 2052510203 1990489 28354  7598
18.963285096 2054043692 1533489 28360  10617
18.975282463 2055757636 1713944 28365  7543
18.987304754 2057743880 1986244 28354  8819
18.999297595 2059140317 1396437 28350  10202
19.011297366 2060999715 1859398 28354  7085
19.023293686 2062983734 1984019 28351  9159
19.035297667 2064309497 1325763 28355  10044
19.047297555 2066254955 1945458 28350  6972
19.059299216 2068236020 1981065 28359  8834
19.071284026 2069561445 1325425 28352  10208
19.083294910 2071504693 1943248 28353  6714
19.095285448 2073409511 1904818 28357  9125
19.107292635 2074765663 1356152 28351  10023
19.119286356 2076758676 1993013 28356  6051
19.131296397 2078484382 1725706 28355  10215
19.143305091 2079997977 1513595 28353  9002
19.155285315 2081984748 1986771 28353  7068
19.167284732 2083603187 1618439 28355  10529
19.179287156 2085239750 1636563 28358  8882
19.191280054 2087238347 1998597 28354  7353
19.203286838 2088864326 1625979 28370  10429
19.215296468 2090497353 1633027 28353  8394
19.227283609 2092488857 1991504 28367  7313
19.239298454 2094140754 1651897 28364  10273
19.251297061 2095749927 1609173 28353  8228
19.263296149 2097727439 1977512 28351  7508
19.275281082 2099255542 1528103 28356  10100
19.287295620 2100971647 1716105 28365  7229
19.299283308 2102958250 1986603 28355  8735
19.311292652 2104383246 1424996 28355  10245
19.323297206 2106231486 1848240 28359  7170
19.335295410 2108225043 1993557 28356  8930
19.347297167 2109597599 1372556 28362  10245
19.359292975 2111481355 1883756 28355  7156
19.371297912 2113447423 1966068 28349  9287
19.383284606 2114749024 1301601 28349  10318
19.395299904 2116734190 1985166 28350  6928
19.407285808 2118619364 1885174 28352  9058
19.419295585 2119967233 1347869 28352  9325
19.431285746 2121959863 1992630 28353  6374
19.443292960 2123608005 1648142 28359  10131
19.455285964 2125200790 1592785 28347  8864
19.467291729 2127185410 1984620 28341  6750
19.479298302 2128826779 1641369 28357  10384
19.491296076 2130443311 1616532 28363  8180
19.503296017 2132428540 1985229 28359  7688
19.515295972 2133981826 1553286 28358  10281
19.527281868 2135686367 1704541 28363  7839
19.539282083 2137667015 1980648 28349  8374
19.551294794 2139053228 1386213 28367  10446
19.563285798 2140918455 1865227 28345  7094
19.575284531 2142821806 1903351 28358  9268
19.587284179 2144165844 1344038 28354  10036
19.599283263 2146159776 1993932 28356  5660
19.611292451 2147871951 1712175 28357  10375
19.623303069 2149392707 1520756 28353  8991
19.635298119 2151371460 1978753 28348  6610
19.647285020 2153004956 1633496 28357  10383
19.659297957 2154624933 1619977 28355  8155
19.671295768 2156615257 1990324 28355  7518
19.683296306 2158188505 1573248 28360  10484
19.695279553 2159864794 1676289 28363  7687
19.707296957 2161852360 1987566 28363  8165
19.719282335 2163319117 1466757 28365  10549
19.731282386 2165108414 1789297 28362  7268
19.743296473 2167100838 1992424 28348  9084
19.755297213 2168479692 1378854 28353  10189
19.767293471 2170354986 1875294 28349  7093
19.779288595 2172249914 1894928 28355  9012
19.791281692 2173595079 1345165 28355  9672
19.803296734 2175590663 1995584 28353  6076
19.815299501 2177265928 1675265 28345  9996
19.827282492 2178814341 1548413 28353  8691
19.839285566 2180797900 1983559 28346  6990
19.851282509 2182427965 1630065 28360  10237
19.863293801 2184063044 1635079 28356  8384
19.875285281 2186038009 1974965 28356  7542
19.887284399 2187574899 1536890 28360  10232
19.899296920 2189286989 1712090 28370  7173
19.911284793 2191275932 1988943 28350  9003
19.923282104 2192649713 1373781 28362  10332
19.935286909 2194534313 1884600 28359  7401
19.947300043 2196511317 1977004 28345  8955
19.959298497 2197820199 1308882 28348  10297
19.971284831 2199784166 1963967 28358  6616
19.983285285 2201640842 1856676 28361  9255
19.995296779 2203030990 1390148 28354  9881
20.007298080 2205025483 1994493 28356  5705
20.019298738 2206701392 1675909 28345  10259
20.031281001 2208249585 1548193 28355  8622
20.043297902 2210240596 1991011 28360  7048
20.055282957 2211862406 1621810 28356  10366
20.067286160 2213492331 1629925 28372  8138
20.079296622 2215474265 1981934 28368  7680
20.091295853 2217006622 1532357 28358  10385
20.103305110 2218724635 1718013 28348  7262
20.115281701 2220692123 1967488 28356  8925
20.127284818 2222010381 1318258 28363  10566
20.139298889 2223958603 1948222 28365  5908
20.151297047 2225694107 1735504 28349  10201
20.163286710 2227182255 1488148 28353  8765
20.175285425 2229167827 1985572 28363  6937
20.187282938 2230823940 1656113 28359  10267
20.199282916 2232425802 1601862 28359  8295
20.211282097 2234400313 1974511 28357  7394
20.223294358 2235930090 1529777 28344  10148
20.235294569 2237642789 1712699 28351  7312
20.247282460 2239622779 1979990 28347  8696
20.259304743 2241000096 1377317 28363  10277
20.271299221 2242894604 1894508 28350  7007
20.283292272 2244890286 1995682 28355  9133
20.295297206 2246283534 1393248 28360  10257
20.307284124 2248144848 1861314 28352  7152
20.319295964 2250076595 1931747 28349  9284
20.331296878 2251395915 1319320 28356  10090
20.343295906 2253386135 1990220 28364  6126
20.355295147 2255089079 1702944 28361  10076
20.367293581 2256607718 1518639 28358  8640
20.379294704 2258598531 1990813 28353  7048
20.391281089 2260213646 1615115 28363  10111
20.403285230 2261848498 1634852 28348  8543
20.415296767 2263830035 1981537 28358  7133
20.427305778 2265379922 1549887 28347  10322
20.439283395 2267071581 1691659 28366  7301
20.451280729 2269057610 1986029 28356  8679
20.463287044 2270446479 1388869 28362  10214
20.475294300 2272318026 1871547 28354  7065
20.487296601 2274219524 1901498 28356  9250
20.499284699 2275558852 1339328 28348  9983
20.511285307 2277533626 1974774 28359  6232
20.523297751 2279168328 1634702 28348  10559
20.535292431 2280777543 1609215 28355  8682
20.547285559 2282759780 1982237 28361  7055
20.559295963 2284334724 1574944 28352  10265
20.571296781 2285995172 1660448 28352  7476
20.583290075 2287970434 1975262 28358  8160
20.595285609 2289347626 1377192 28360  10329
20.607297439 2291218814 1871188 28351  6384
20.619293254 2293082480 1863666 28353  9394
20.631297491 2294469917 1387437 28363  9822
20.643283068 2296469394 1999477 28370  6260
20.655285829 2298197685 1728291 28345  10098
20.667298643 2299707611 1509926 28369  9266
20.679281394 2301685222 1977611 28346  6869
20.691284349 2303306336 1621114 28352  10577
20.703280685 2304936451 1630115 28352  8404
20.715296374 2306911379 1974928 28362  7689
20.727281224 2308417530 1506151 28348  10444
20.739290845 2310156805 1739275 28360  6990
20.751296506 2312083476 1926671 28358  8674
20.763294574 2313385532 1302056 28352  9804
20.775287540 2315374254 1988722 28370  5741
20.787280211 2317065830 1691576 28351  10351
20.799282786 2318593303 1527473 28353  8303
20.811296060 2320583305 1990002 28356  7362
20.823298594 2322194053 1610748 28355  10433
20.835283275 2323836145 1642092 28357  8017
20.847283342 2325831858 1995713 28359  7778
20.859294436 2327355788 1523930 28360  10591
20.871293684 2329066532 1710744 28365  7197
20.883282881 2331038482 1971950 28359  9040
20.895305613 2332374074 1335592 28348  10167
20.907299020 2334304462 1930388 28353  6901
20.919285164 2336182391 1877929 28359  9269
20.931282561 2337536045 1353654 28358  9257
20.943299049 2339524250 1988205 28359  6446
20.955293480 2341192223 1667973 28349  9964
20.967296721 2342759236 1567013 28355  8625
20.979286181 2344745757 1986521 28346  7141
20.991282672 2346370203 1624446 28356  10235
21.003296640 2348005232 1635029 28353  8375
21.015297571 2349982161 1976929 28349  7698
21.027285647 2351534063 1551902 28344  10201
21.039281108 2353231048 1696985 28358  7397
21.051293796 2355208602 1977554 28360  8754
21.063289784 2356585167 1376565 28363  10320
21.075285381 2358457621 1872454 28358  7023
21.087296691 2360287144 1829523 28349  9538
21.099298792 2361688849 1401705 28359  9273
21.111285053 2363668862 1980013 28358  6617
21.123281558 2365329006 1660144 28372  10399
21.135284662 2366916744 1587738 28360  8605
21.147298476 2368891435 1974691 28351  6940
21.159295666 2370443178 1551743 28358  10223
21.171293514 2372116232 1673054 28360  7033
21.183286148 2374079327 1963095 28366  8717
21.195293069 2375385784 1306457 28365  10203
21.207292334 2377351684 1965900 28359  6080
21.219288071 2379085820 1734136 28356  9954
21.231297641 2380583986 1498166 28365  8914
21.243293899 2382565210 1981224 28359  7092
21.255284587 2384173774 1608564 28355  10503
21.267281977 2385813152 1639378 28356  8633
21.279295585 2387787830 1974678 28360  7473
21.291292402 2389272958 1485128 28357  10334
21.303298840 2391028481 1755523 28356  7234
21.315283611 2392995916 1967435 28350  8613
21.327282077 2394300364 1304448 28360  10236
21.339293292 2396257282 1956918 28356  6031
21.351294619 2398069740 1812458 28372  9638
21.363282447 2399482161 1412421 28351  9037
21.375288205 2401461985 1979824 28354  6659
21.387282112 2403079905 1617920 28362  10376
21.399295222 2404709577 1629672 28360  8187
21.411286633 2406686226 1976649 28363  7588
21.423297221 2408186289 1500063 28355  10397
21.435297462 2409930860 1744571 28352  7194
21.447280036 2411884084 1953224 28351  9062
21.459293674 2413171144 1287060 28361  10539
21.471281211 2415161518 1990374 28365  5963
21.483297092 2416878182 1716664 28358  10179
21.495295143 2418380763 1502581 28353  8670
21.507282006 2420368103 1987340 28358  6941
21.519281640 2422030940 1662837 28355  10246
21.531304998 2423619280 1588340 28346  8339
21.543278212 2425607885 1988605 28350  7446
21.555284993 2427226525 1618640 28353  9998
21.567293854 2428857194 1630669 28364  8236
21.579293622 2430825714 1968520 28362  7680
21.591282355 2432300793 1475079 28356  10370
21.603293843 2434075110 1774317 28344  7073
21.615296404 2436050213 1975103 28361  9015
21.627280462 2437365282 1315069 28373  10194
21.639285163 2439306412 1941130 28366  6107
21.651281786 2441014939 1708527 28354  10230
21.663296857 2442527330 1512391 28363  8815
21.675294658 2444509361 1982031 28358  7318
21.687293362 2446153572 1644211 28363  10191
21.699285203 2447767396 1613824 28356  8560
21.711293348 2449753540 1986144 28356  7242
21.723286868 2451360739 1607199 28364  10259
21.735281915 2453000770 1640031 28362  8311
21.747285086 2454969246 1968476 28390  7304
21.759293247 2456477044 1507798 28362  10251
21.771299008 2458219116 1742072 28364  7224
21.783281299 2460201381 1982265 28367  8985
21.795291856 2461590763 1389382 28365  10147
21.807294304 2463468806 1878043 28351  7292
21.819293295 2465396359 1927553 28356  8956
21.831281839 2466706360 1310001 28354  10161
21.843294720 2468690551 1984191 28357  6224
21.855300558 2470344140 1653589 28357  10679
21.867287695 2471912236 1568096 28359  8727
21.879281825 2473898489 1986253 28352  7370
21.891297823 2475519176 1620687 28369  10314
21.903297134 2477153051 1633875 28358  8434
21.915282611 2479127010 1973959 28359  7338
21.927285355 2480698723 1571713 28359  10386
21.939298007 2482358697 1659974 28365  6945
21.951297507 2484351310 1992613 28356  8670
21.963293058 2485697562 1346252 28348  10380
21.975281939 2487597592 1900030 28370  7089
21.987294140 2489540023 1942431 28343  9146
21.999297057 2490847775 1307752 28356  10236
22.011288551 2492835217 1987442 28359  5946
22.023284612 2494528333 1693116 28353  10583
22.035293436 2496055409 1527076 28358  8970
22.047293304 2498048141 1992732 28345  7480
22.059285448 2499680904 1632763 28352  10327
22.071282282 2501296815 1615911 28359  8591
22.083296883 2503269456 1972641 28354  7409
22.095296650 2504879423 1609967 28358  10150
22.107281961 2506513497 1634074 28354  7731
22.119281165 2508486923 1973426 28352  8131
22.131292970 2509942291 1455368 28363  10046
22.143296290 2511741256 1798965 28363  7130
22.155295838 2513618376 1877120 28346  9187
22.167293795 2514953382 1335006 28371  9157
22.179294336 2516937051 1983669 28355  6675
22.191297447 2518549195 1612144 28358  10518
22.203282404 2520173153 1623958 28356  8193
22.215292955 2522140356 1967203 28342  8063
22.227294399 2523644873 1504517 28349  10483
22.239295254 2525387018 1742145 28355  7345
22.251282468 2527348903 1961885 28354  9039
22.263282451 2528626361 1277458 28358  10141
22.275297860 2530611084 1984723 28359  6231
22.287293724 2532426336 1815252 28351  9823
22.299280488 2533833197 1406861 28375  8957
22.311283195 2535812371 1979174 28347  6731
22.323293960 2537447502 1635131 28354  10233
22.335304314 2539061704 1614202 28357  8318
22.347286501 2541031374 1969670 28363  7832
22.359281498 2542563077 1531703 28348  10196
22.371294513 2544274271 1711194 28359  7180
22.383293067 2546259218 1984947 28350  8969
22.395281878 2547630320 1371102 28352  10249
22.407281721 2549505883 1875563 28358  7319
22.419294926 2551414551 1908668 28365  9477
22.431293153 2552748978 1334427 28355  9982
22.443281831 2554734610 1985632 28354  6077
22.455293662 2556426311 1691701 28360  10502
22.467281532 2557953415 1527104 28353  8579
22.479296294 2559922594 1969179 28352  7126
22.491292697 2561482673 1560079 28351  10328
22.503286562 2563150816 1668143 28347  7116
22.515293786 2565086358 1935542 28354  8690
22.527294174 2566391025 1304667 28362  9917
22.539293635 2568384154 1993129 28360  6350
22.551280875 2570095025 1710871 28360  10309
22.563297216 2571610999 1515974 28358  8640
22.575275873 2573586024 1975025 28369  7506
22.587281528 2575128982 1542958 28362  10523
22.599284079 2576824756 1695774 28365  7529
22.611297579 2578817032 1992276 28357  9133
22.623284750 2580201941 1384909 28367  10315
22.635280301 2582075690 1873749 28355  7032
22.647290845 2584009094 1933404 28362  9111
22.659294556 2585316707 1307613 28359  9881
22.671295484 2587311242 1994535 28355  5977
22.683282381 2588981868 1670626 28344  10338
22.695281938 2590535998 1554130 28356  8617
22.707294432 2592529954 1993956 28356  7260
22.719292717 2594149889 1619935 28356  10394
22.731284901 2595783293 1633404 28361  8072
22.743283999 2597767082 1983789 28368  8146
22.755293110 2599280085 1513003 28353  10342
22.767293837 2601028390 1748305 28362  7395
22.779285864 2602983874 1955484 28351  9061
22.791284058 2604273163 1289289 28361  10553
22.803299726 2606267429 1994266 28356  6309
22.815294687 2608003647 1736218 28346  10249
22.827281267 2609494364 1490717 28361  8868
22.839283125 2611479120 1984756 28359  7178
22.851293113 2613136649 1657529 28353  10298
22.863295410 2614737688 1601039 28350  8278
22.875295581 2616709094 1971406 28354  7597
22.887281319 2618219204 1510110 28349  10160
22.899293600 2619966755 1747551 28357  7265
22.911297677 2621952033 1985278 28349  8612
22.923281927 2623348381 1396348 28367  10510
22.935282605 2625212621 1864240 28353  6589
22.947294046 2627120644 1908023 28359  9506
22.959296890 2628462468 1341824 28352  9741
22.971288281 2630454817 1992349 28357  6396
22.983298262 2632108605 1653788 28358  10631
22.995293402 2633687990 1579385 28353  8883
23.007282327 2635670909 1982919 28352  7537
23.019294154 2637245905 1574996 28358  10291
23.031294942 2638913153 1667248 28363  7451
23.043281533 2640894985 1981832 28363  8469
23.055274757 2642262563 1367578 28359  10117
23.067293432 2644142465 1879902 28353  6771
23.079283945 2645991986 1849521 28362  9113
23.091282109 2647378285 1386299 28354  9475
23.103281990 2649350645 1972360 28356  6684
23.115293485 2650977971 1627326 28364  10499
23.127301726 2652612781 1634810 28352  8407
23.139293297 2654594205 1981424 28355  7759
23.151281147 2656088565 1494360 28356  10439
23.163282641 2657833694 1745129 28354  7310
23.175294025 2659767497 1933803 28362  9355
23.187282776 2661082778 1315281 28351  10194
23.199285811 2663074908 1992130 28358  6083
23.211285921 2664782130 1707222 28355  10356
23.223281402 2666300135 1518005 28361  8631
23.235282269 2668282474 1982339 28361  7158
23.247296724 2669892663 1610189 28354  10256
23.259293818 2671525193 1632530 28353  7802
23.271297409 2673500939 1975746 28368  7868
23.283289620 2674901994 1401055 28356  10170
23.295282757 2676755261 1853267 28366  6678
23.307279898 2678592195 1836934 28361  9611
23.319294399 2679996889 1404694 28366  9442
23.331293670 2681994815 1997926 28361  6703
23.343286517 2683684308 1689493 28347  10514
23.355297548 2685233698 1549390 28351  8893
23.367298573 2687224972 1991274 28358  7531
23.379295204 2688844813 1619841 28354  10629
23.391293114 2690481749 1636936 28359  8498
23.403294115 2692460784 1979035 28359  7540
23.415282449 2694027244 1566460 28362  10263
23.427286007 2695707249 1680005 28358  7395
23.439293368 2697683162 1975913 28358  8402
23.451283125 2699057755 1374593 28364  10350
23.463294695 2700936592 1878837 28348  6547
23.475293730 2702801909 1865317 28356  9490
23.487284504 2704183707 1381798 28349  9589
23.499294515 2706178251 1994544 28362  6603
23.511293179 2707863587 1685336 28355  10376
23.523297250 2709416094 1552507 28358  8758
23.535281524 2711395980 1979886 28349  7591
23.547297236 2712972855 1576875 28359  10532
23.559280956 2714629540 1656685 28374  7515
23.571282167 2716620079 1990539 28354  9007
23.583284424 2717982151 1362072 28371  10276
23.595297682 2719873410 1891259 28350  6844
23.607302226 2721811009 1937599 28353  9134
23.619283676 2723116844 1305835 28349  9806
23.631294232 2725106437 1989593 28363  5903
23.643281658 2726781921 1675484 28358  10404
23.655295286 2728329853 1547932 28361  8466
23.667284054 2730311402 1981549 28360  7456
23.679281585 2731848555 1537153 28369  10525
23.691284631 2733547194 1698639 28357  7324
23.703295966 2735535492 1988298 28365  8862
23.715280663 2736905274 1369782 28358  10462
23.727293228 2738792190 1886916 28358  6611
23.739295265 2740537112 1744922 28357  9840
23.751293113 2742010251 1473139 28363  8989
23.763291724 2743994533 1984282 28352  7448
23.775295405 2745614250 1619717 28353  10380
23.787295103 2747255229 1640979 28358  8426
23.799286246 2749233764 1978535 28366  7455
23.811292417 2750773784 1540020 28356  10145
23.823295131 2752467566 1693782 28355  7038
23.835292842 2754447515 1979949 28347  8817
23.847285250 2755819740 1372225 28357  10147
23.859293411 2757717253 1897513 28355  7072
23.871293399 2759629828 1912575 28368  9364
23.883283186 2760941336 1311508 28357  9281
23.895281333 2762924302 1982966 28360  6807
23.907281497 2764541315 1617013 28357  10535
23.919300478 2766175948 1634633 28347  8537
23.931297146 2768147116 1971168 28356  7885
23.943281959 2769652849 1505733 28340  10465
23.955294711 2771394748 1741899 28357  7360
23.967281565 2773323489 1928741 28364  8922
23.979281872 2774628836 1305347 28357  9819
23.991282477 2776617547 1988711 28358  6005
24.003281578 2778313542 1695995 28349  10232
24.015296142 2779837915 1524373 28358  8413
24.027284733 2781802222 1964307 28359  7417
24.039283850 2783313390 1511168 28357  10323
24.051293888 2785055783 1742393 28361  7271
24.063292769 2787035712 1979929 28359  9037
24.075305027 2788402173 1366461 28361  10249
24.087282860 2790304160 1901987 28361  6915
24.099281991 2792158418 1854258 28353  9454
24.111294489 2793531367 1372949 28350  9470
24.123297277 2795504080 1972713 28355  6951
24.135295091 2797124416 1620336 28365  10552
24.147293244 2798755683 1631267 28345  8420
24.159296135 2800727338 1971655 28353  7707
24.171292893 2802220058 1492720 28354  10162
24.183281451 2803968627 1748569 28363  7107
24.195293505 2805952064 1983437 28352  8805
24.207294749 2807317796 1365732 28359  10115
24.219281767 2809203553 1885757 28351  6640
24.231280657 2811060498 1856945 28358  9589
24.243288768 2812441414 1380916 28356  9257
24.255294736 2814411290 1969876 28354  6799
24.267281180 2816031014 1619724 28358  10502
24.279294371 2817668932 1637918 28359  8284
24.291295729 2819639350 1970418 28362  7968
24.303285106 2821130806 1491456 28340  10383
24.315280410 2822881486 1750680 28353  7473
24.327282751 2824819099 1937613 28359  9231
24.339292838 2826123945 1304846 28355  9972
24.351294586 2828114257 1990312 28366  5990
24.363282060 2829823749 1709492 28358  10343
24.375282588 2831335914 1512165 28360  8652
24.387294429 2833304528 1968614 28353  7061
24.399299670 2834872684 1568156 28352  10242
24.411283773 2836539185 1666501 28360  7223
24.423282694 2838521210 1982025 28358  8868
24.435298612 2839861947 1340737 28362  10190
24.447296873 2841773719 1911772 28360  6420
24.459282071 2843518717 1744998 28352  10109
24.471297288 2845005406 1486689 28360  8832
24.483293525 2846985515 1980109 28364  7215
24.495293973 2848598529 1613014 28348  10570
24.507282687 2850238259 1639730 28350  8694
24.519284441 2852207886 1969627 28359  7788
24.531294212 2853710841 1502955 28350  10327
24.543295347 2855453900 1743059 28356  7303
24.555290661 2857430206 1976306 28353  8725
24.567293115 2858790820 1360614 28354  10219
24.579295235 2860688592 1897772 28358  6774
24.591297323 2862509502 1820910 28356  15014
24.603277137 2863901125 1391623 28352  14382
24.615296172 2865882550 1981425 28363  9386
24.627256004 2867500178 1617628 28360  10369
24.639299457 2869133993 1633815 28355  8201
24.651293795 2871108329 1974336 28356  7819
24.663286776 2872615368 1507039 28356  10332
24.675294497 2874352984 1737616 28357  7085
24.687294763 2876254823 1901839 28354  9155
24.699293561 2877590166 1335343 28346  10184
24.711303379 2879583323 1993157 28355  6258
24.723296276 2881280585 1697262 28357  10344
24.735281067 2882805987 1525402 28355  8625
24.747297842 2884781153 1975166 28351  7123
24.759285816 2886403929 1622776 28354  10274
24.771294180 2888035343 1631414 28352  8019
24.783297338 2889998562 1963219 28364  7660
24.795299256 2891487308 1488746 28369  10103
24.807300056 2893252990 1765682 28376  7358
24.819281360 2895185361 1932371 28352  8763
24.831297554 2896486254 1300893 28357  9889
24.843281269 2898480630 1994376 28364  6229
24.855282243 2900189829 1709199 28360  10374
24.867293574 2901706429 1516600 28357  8770
24.879292738 2903673834 1967405 28354  7382
24.891282292 2905221846 1548012 28362  10585
24.903292933 2906912521 1690675 28366  7541
24.915282150 2908887770 1975249 28350  8741
24.927293098 2910265395 1377625 28358  10132
24.939286196 2912139813 1874418 28359  6542
24.951293210 2914050719 1910906 28358  9331
24.963283501 2915362260 1311541 28356  8945
24.975289964 2917328839 1966579 28368  6697
24.987292892 2918948163 1619324 28356  10096
24.999294516 2920580014 1631851 28351  8289
25.011294317 2922553796 1973782 28351  7766
25.023295665 2924041166 1487370 28360  10376
25.035302553 2925803070 1761904 28361  7249
25.047294134 2927792927 1989857 28366  8993
25.059295921 2929173592 1380665 28365  10237
25.071281506 2931038103 1864511 28353  6458
25.083294207 2932774602 1736499 28349  10071
25.095282607 2934261315 1486713 28351  8986
25.107298181 2936238266 1976951 28360  7176
25.119283242 2937861604 1623338 28348  10189
25.131296900 2939488729 1627125 28361  8182
25.143294994 2941463009 1974280 28358  7550
25.155280658 2942960504 1497495 28343  10085
25.167281625 2944696281 1735777 28359  6977
25.179283027 2946619203 1922922 28344  8805
25.191293128 2947932354 1313151 28345  9916
25.203282768 2949920158 1987804 28362  6097
25.215281619 2951583596 1663438 28357  10381
25.227282387 2953150035 1566439 28352  8683
25.239292348 2955136206 1986171 28357  7573
25.251286772 2956704570 1568364 28348  10349
25.263296536 2958362979 1658409 28350  7342
25.275286060 2960287128 1924149 28361  8973
25.287293495 2961597193 1310065 28348  10112
25.299281532 2963585911 1988718 28361  5986
25.311281459 2965294678 1708767 28348  10285
25.323292737 2966803488 1508810 28356  8524
25.335297888 2968785919 1982431 28363  7146
25.347301129 2970393660 1607741 28351  10194
25.359297713 2972018391 1624731 28363  7605
25.371297438 2973983508 1965117 28366  8040
25.383297168 2975393716 1410208 28357  10353
25.395294782 2977235957 1842241 28356  6134
25.407281270 2978987850 1751893 28359  10053
25.419294494 2980467487 1479637 28364  9211
25.431283278 2982464081 1996594 28357  7030
25.443294149 2984095007 1630926 28349  10382
25.455281230 2985698984 1603977 28378  8671
25.467282071 2987659950 1960966 28356  7652
25.479293422 2989152555 1492605 28350  10364
25.491280972 2990907152 1754597 28358  7300
25.503281217 2992879951 1972799 28355  8768
25.515291918 2994222239 1342288 28366  10098
25.527286652 2996135464 1913225 28362  6528
25.539282466 2997934766 1799302 28363  9270
25.551282661 2999355212 1420446 28365  9065
25.563282475 3001331028 1975816 28350  6536
25.575293153 3002956009 1624981 28349  10535
25.587284250 3004580817 1624808 28356  8125
25.599295048 3006550298 1969481 28360  8741
25.611288363 3008044113 1493815 28354  10263
25.623291179 3009800202 1756089 28359  7327
25.635280927 3011731677 1931475 28364  9100
25.647293421 3013034543 1302866 28356  10015
25.659292372 3015019547 1985004 28360  6089
25.671291563 3016701243 1681696 28347  10599
25.683294601 3018244325 1543082 28360  8643
25.695297838 3020213987 1969662 28355  7151
25.707282908 3021749992 1536005 28357  10153
25.719281403 3023443768 1693776 28361  7132
25.731282677 3025364243 1920475 28355  8499
25.743280845 3026670000 1305757 28354  9916
25.755297896 3028652527 1982527 28358  5670
25.767282797 3030321604 1669077 28358  10556
25.779281921 3031882297 1560693 28358  8541
25.791283612 3033863313 1981016 28373  7389
25.803300866 3035491690 1628377 28357  10403
25.815284726 3037125974 1634284 28358  8479
25.827302088 3039086815 1960841 28347  7739
25.839286478 3040573370 1486555 28358  10331
25.851284266 3042330302 1756932 28357  7303
25.863284600 3044262230 1931928 28361  9158
25.875292921 3045567698 1305468 28357  9952
25.887299822 3047548583 1980885 28359  5813
25.899297073 3049183209 1634626 28360  10263
25.911282354 3050765283 1582074 28356  8354
25.923282062 3052729124 1963841 28365  7235
25.935294910 3054215384 1486260 28357  10261
25.947294700 3055959634 1744250 28360  6780
25.959296864 3057897890 1938256 28343  9194
25.971285348 3059191148 1293258 28338  9453
25.983281999 3061170771 1979623 28357  6448
25.995287217 3062827985 1657214 28359  10409
26.007298178 3064413329 1585344 28368  8675
26.019293336 3066382820 1969491 28351  7489
26.031298007 3067959845 1577025 28369  10427
26.043281341 3069613141 1653296 28363  7344
26.055286185 3071577648 1964507 28356  8998
26.067297133 3072850381 1272733 28357  10076
26.079293963 3074830652 1980271 28356  5716
26.091293351 3076487115 1656463 28362  10248
26.103281902 3078047837 1560722 28352  8509
26.115281999 3080009163 1961326 28365  7008
26.127282284 3081538338 1529175 28351  10257
26.139294165 3083239313 1700975 28355  6898
26.151292936 3085205902 1966589 28351  9054
26.163294153 3086482442 1276540 28353  10031
26.175281507 3088469536 1987094 28366  6299
26.187282464 3090191030 1721494 28358  10021
26.199285492 3091693600 1502570 28366  8897
26.211295961 3093660031 1966431 28352  7281
26.223293331 3095230746 1570715 28363  10398
26.235297732 3096889669 1658923 28362  7478
26.247280749 3098866329 1976660 28353  8854
26.259283574 3100200405 1334076 28355  10172
26.271293405 3102109156 1908751 28357  6005
26.283295176 3103842198 1733042 28358  9845
26.295296980 3105326282 1484084 28354  8755
26.307306181 3107294566 1968284 28364  6880
26.319298189 3108908334 1613768 28353  10305
26.331280539 3110538853 1630519 28373  7907
26.343298831 3112518155 1979302 28366  7947
26.355295951 3113970626 1452471 28354  10280
26.367294825 3115753075 1782449 28366  6990
26.379284393 3117695272 1942197 28350  9060
26.391285204 3118996481 1301209 28361  10076
26.403292225 3120971761 1975280 28366  6183
26.415292879 3122637452 1665691 28356  10440
26.427294262 3124194751 1557299 28357  8636
26.439283257 3126168681 1973930 28366  7659
26.451282008 3127711546 1542865 28357  10292
26.463291722 3129397120 1685574 28368  6996
26.475294350 3131354001 1956881 28358  8783
26.487283641 3132687435 1333434 28349  10061
26.499293675 3134615057 1927622 28360  5809
26.511284226 3136339273 1724216 28348  9968
26.523282337 3137824881 1485608 28358  8457
26.535286605 3139806593 1981712 28349  7449
26.547293949 3141332837 1526244 28358  10330
26.559294046 3143027493 1694656 28358  7110
26.571296020 3145014183 1986690 28346  8868
26.583293511 3146372835 1358652 28360  10460
26.595285219 3148261942 1889107 28345  6582
26.607296636 3150085909 1823967 28349  9657
26.619295147 3151480593 1394684 28362  9162
26.631301005 3153460106 1979513 28358  7062
26.643282205 3155079822 1619716 28364  10206
26.655293937 3156702986 1623164 28355  8372
26.667281601 3158674634 1971648 28368  7381
26.679281592 3160216090 1541456 28355  10187
26.691294193 3161898798 1682708 28356  6909
26.703297711 3163822737 1923939 28363  8754
26.715282244 3165119530 1296793 28348  9522
26.727295092 3167119977 2000447 28363  6413
26.739282460 3168794422 1674445 28363  10354
26.751292351 3170336369 1541947 28366  8615
26.763294445 3172310484 1974115 28364  7201
26.775284663 3173829955 1519471 28354  10522
26.787294280 3175529981 1700026 28362  6957
26.799285351 3177393426 1863445 28353  9270
26.811282821 3178742797 1349371 28364  9235
26.823281579 3180711831 1969034 28371  6961
26.835292241 3182320672 1608841 28358  10244
26.847295252 3183954995 1634323 28356  8146
26.859281782 3185917950 1962955 28366  7653
26.871297744 3187411870 1493920 28350  10095
26.883293488 3189152360 1740490 28358  6842
26.895293068 3191064456 1912096 28352  8922
26.907281526 3192373898 1309442 28372  9473
26.919293467 3194365120 1991222 28352  6534
26.931281508 3196009174 1644054 28351  10384
26.943301106 3197590295 1581121 28365  8610
26.955284330 3199566712 1976417 28356  7350
26.967293584 3201099767 1533055 28355  10568
26.979297808 3202794324 1694557 28359  7321
26.991281385 3204754444 1960120 28350  8969
27.003281553 3206055374 1300930 28358  10217
27.015296717 3208012524 1957150 28355  6216
27.027297448 3209714914 1702390 28353  10121
27.039283439 3211223177 1508263 28363  8600
27.051281544 3213183804 1960627 28358  7131
27.063295365 3214729618 1545814 28359  10131
27.075295612 3216412666 1683048 28357  7107
27.087292400 3218335296 1922630 28351  8674
27.099301648 3219634731 1299435 28364  9780
27.111282062 3221624835 1990104 28370  6227
27.123296713 3223235821 1610986 28360  10361
27.135286147 3224836501 1600680 28367  8480
27.147284604 3226813276 1976775 28354  7468
27.159298322 3228371829 1558553 28372  10558
27.171292733 3230044756 1672927 28347  7340
27.183283520 3231943403 1898647 28354  8899
27.195282008 3233244607 1301204 28344  9195
27.207295549 3235214720 1970113 28348  6966
27.219294223 3236824051 1609331 28361  10231
27.231282084 3238456430 1632379 28363  8166
27.243280934 3240418554 1962124 28361  7586
27.255280465 3241907353 1488799 28345  10073
27.267293034 3243651280 1743927 28361  6901
27.279293902 3245571900 1920620 28350  8864
27.291294783 3246874497 1302597 28362  9565
27.303295730 3248858255 1983758 28354  6357
27.315296847 3250485390 1627135 28369  10304
27.327282385 3252079092 1593702 28354  8401
27.339280686 3254048059 1968967 28351  7492
27.351298310 3255547806 1499747 28354  10515
27.363294311 3257284708 1736902 28359  7197
27.375295219 3259252624 1967916 28355  9032
27.387284206 3260566616 1313992 28357  10181
27.399293574 3262502288 1935672 28356  6107
27.411295472 3264203649 1701361 28353  10100
27.423300696 3265709935 1506286 28357  8549
27.435298720 3267670553 1960618 28357  7144
27.447284387 3269196865 1526312 28356  10151
27.459282578 3270894709 1697844 28356  6936
27.471284586 3272797405 1902696 28353  8736
27.483282840 3274102902 1305497 28369  9213
27.495297481 3276085306 1982404 28353  6753
27.507293832 3277724008 1638702 28351  10336
27.519284463 3279317414 1593406 28361  8484
27.531283301 3281296141 1978727 28370  7487
27.543285278 3282851935 1555794 28353  10523
27.555296406 3284520977 1669042 28361  7206
27.567284876 3286485456 1964479 28360  9033
27.579289157 3287797346 1311890 28359  10199
27.591282388 3289735561 1938215 28355  6043
27.603281129 3291420815 1685254 28355  10202
27.615294613 3292939611 1518796 28351  8417
27.627293298 3294893648 1954037 28361  7289
27.639297722 3296361470 1467822 28350  10069
27.651295660 3298125966 1764496 28352  6881
27.663286817 3300032524 1906558 28348  8897
27.675280588 3301348619 1316095 28360  9544
27.687294199 3303335556 1986937 28365  6423
27.699297854 3304958778 1623222 28359  10332
27.711295645 3306556393 1597615 28350  8499
27.723281732 3308536462 1980069 28362  7463
27.735302183 3310073781 1537319 28355  10562
27.747297821 3311764815 1691034 28357  7213
27.759292842 3313723244 1958429 28355  9023
27.771294422 3314997017 1273773 28358  10117
27.783285350 3316982303 1985286 28358  6026
27.795284471 3318654970 1672667 28356  10316
27.807283415 3320195215 1540245 28356  8556
27.819282316 3322164947 1969732 28361  7184
27.831293664 3323784885 1619938 28356  10131
27.843294461 3325409253 1624368 28356  7828
27.855285499 3327378678 1969425 28354  7864
27.867284060 3328870989 1492311 28352  10117
27.879282754 3330622403 1751414 28361  7099
27.891292912 3332513248 1890845 28364  9108
27.903289016 3333850520 1337272 28361  9754
27.915282583 3335836647 1986127 28352  6174
27.927281421 3337494771 1658124 28359  10398
27.939285349 3339065025 1570254 28352  8825
27.951293624 3341034255 1969230 28346  7403
27.963295098 3342598222 1563967 28360  10418
27.975296002 3344261843 1663621 28359  7268
27.987294333 3346184925 1923082 28362  8760
27.999285290 3347484421 1299496 28356  9733
28.011280854 3349462955 1978534 28354  5955
28.023294939 3351124031 1661076 28348  10066
28.035297130 3352684352 1560321 28376  8582
28.047294137 3354657833 1973481 28359  7044
28.059295198 3356276878 1619045 28360  10354
28.071298626 3357914103 1637225 28351  8130
28.083296064 3359872286 1958183 28361  7795
28.095293548 3361248243 1375957 28375  10095
28.107293595 3363117280 1869037 28363  6879
28.119281782 3364983175 1865895 28369  9362
28.131293397 3366331741 1348566 28355  9240
28.143282111 3368298864 1967123 28356  7045
28.155285855 3369911267 1612403 28358  10476
28.167298431 3371543090 1631823 28354  8215
28.179292841 3373505167 1962077 28354  7701
28.191283945 3374965655 1460488 28347  10033
28.203284863 3376734692 1769037 28362  6731
28.215295087 3378650840 1916148 28345  9003
28.227294781 3379967633 1316793 28344  9681
28.239282676 3381936914 1969281 28358  5816
28.251285523 3383609058 1672144 28364  10401
28.263281018 3385173154 1564096 28354  8586
28.275286049 3387136819 1963665 28370  7395
28.287293300 3388675378 1538559 28351  10252
28.299294924 3390371156 1695778 28360  6995
28.311296595 3392313146 1941990 28355  9135
28.323293866 3393593531 1280385 28347  9794
28.335293949 3395575752 1982221 28365  6434
28.347280824 3397228832 1653080 28355  10441
28.359297788 3398797374 1568542 28352  8536
28.371301583 3400764893 1967519 28350  7333
28.383283777 3402297720 1532827 28351  10143
28.395293448 3403987222 1689502 28368  6923
28.407294492 3405899568 1912346 28365  8701
28.419283853 3407190190 1290622 28346  8952
28.431294957 3409155262 1965072 28347  6534
28.443294035 3410771553 1616291 28361  10393
28.455281766 3412406156 1634603 28356  8275
28.467281013 3414365330 1959174 28354  7754
28.479281768 3415850632 1485302 28352  10163
28.491287806 3417605537 1754905 28359  6872
28.503293327 3419439092 1833555 28349  9270
28.515293021 3420818222 1379130 28354  9320
28.527281672 3422787272 1969050 28351  6961
28.539290266 3424401816 1614544 28351  10403
28.551296656 3426026906 1625090 28364  8247
28.563294781 3427985966 1959060 28359  7660
28.575286358 3429481725 1495759 28351  10085
28.587283646 3431224448 1742723 28368  7017
28.599282440 3433146015 1921567 28358  8736
28.611281935 3434439456 1293441 28359  9380
28.623281859 3436403117 1963661 28348  6119
28.635284300 3438035185 1632068 28360  10391
28.647293894 3439646042 1610857 28354  8402
28.659297625 3441604565 1958523 28365  7532
28.671293253 3443095033 1490468 28374  10113
28.683292454 3444845306 1750273 28362  7059
28.695301278 3446770670 1925364 28364  9229
28.707285038 3448061165 1290495 28352  9602
28.719281823 3450035184 1974019 28349  6681
28.731285477 3451665029 1629845 28351  10406
28.743294046 3453270816 1605787 28356  8615
28.755298313 3455254069 1983253 28367  7239
28.767292644 3456862193 1608124 28350  10234
28.779298125 3458486570 1624377 28362  7965
28.791294386 3460456395 1969825 28362  7621
28.803281760 3461920555 1464160 28351  10003
28.815293822 3463685199 1764644 28362  6953
28.827281958 3465616434 1931235 28359  9008
28.839284419 3466916248 1299814 28356  9690
28.851300957 3468872693 1956445 28354  6092
28.863283638 3470506058 1633365 28355  10361
28.875294626 3472118151 1612093 28364  8426
28.887292553 3474086641 1968490 28354  7586
28.899285921 3475609583 1522942 28357  10350
28.911282709 3477306462 1696879 28364  7329
28.923297426 3479225444 1918982 28352  9068
28.935281624 3480535345 1309901 28358  9814
28.947281838 3482512236 1976891 28357  5982
28.959285166 3484165918 1653682 28357  10257
28.971295957 3485727862 1561944 28357  8469
28.983285618 3487689654 1961792 28359  7083
28.995297576 3489212808 1523154 28353  10115
29.007290023 3490906255 1693447 28358  6737
29.019282767 3492834623 1928368 28354  9122
29.031293968 3494142130 1307507 28362  9751
29.043297789 3496121977 1979847 28359  6069
29.055293830 3497777573 1655596 28353  10277
29.067285417 3499340812 1563239 28375  8396
29.079294572 3501307978 1967166 28359  7625
29.091284123 3502830990 1523012 28355  10351
29.103293087 3504534742 1703752 28370  7480
29.115297655 3506453719 1918977 28350  8908
29.127296956 3507758602 1304883 28352  9800
29.139294057 3509723133 1964531 28350  5916
29.151293531 3511358204 1635071 28358  10207
29.163298299 3512947181 1588977 28361  8403
29.175301033 3514911473 1964292 28357  7196
29.187293987 3516435263 1523790 28350  10133
29.199296565 3518127451 1692188 28355  6718
29.211293993 3520040538 1913087 28359  9183
29.223284660 3521358667 1318129 28363  9569
29.235294818 3523335552 1976885 28356  6230
29.247281542 3524992227 1656675 28364  10324
29.259297550 3526563176 1570949 28360  8398
29.271292311 3528529279 1966103 28367  7590
29.283285082 3530060519 1531240 28359  10362
29.295280836 3531753110 1692591 28360  7399
29.307286674 3533676234 1923124 28347  8981
29.319283585 3534974257 1298023 28352  9656
29.331293985 3536956134 1981877 28354  6101
29.343285899 3538619743 1663609 28363  10226
29.355281084 3540168942 1549199 28362  8464
29.367297485 3542133685 1964743 28363  7088
29.379281459 3543662469 1528784 28357  10119
29.391295523 3545347363 1684894 28344  6789
29.403283601 3547311392 1964029 28348  9126
29.415295349 3548598269 1286877 28353  10070
29.427282850 3550564954 1966685 28367  5714
29.439294744 3552263737 1698783 28355  10412
29.451293655 3553783105 1519368 28372  8457
29.463285209 3555747938 1964833 28360  7493
29.475293837 3557270506 1522568 28354  10352
29.487292511 3558963996 1693490 28361  7225
29.499298942 3560835096 1871100 28360  9141
29.511297670 3562176417 1341321 28376  9234
29.523294331 3564140847 1964430 28351  6511
29.535295912 3565751306 1610459 28363  10237
29.547297270 3567368826 1617520 28365  7961
29.559293781 3569329102 1960276 28361  7592
29.571294078 3570704409 1375307 28351  10005
29.583293896 3572546749 1842340 28348  6186
29.595295580 3574301225 1754476 28350  9724
29.607280934 3575765064 1463839 28358  8816
29.619297179 3577717483 1952419 28362  7084
29.631280592 3579292871 1575388 28360  10263
29.643284087 3580949881 1657010 28351  7084
29.655292555 3582872736 1922855 28350  9021
29.667297886 3584167157 1294421 28359  9881
29.679281536 3586126078 1958921 28363  6334
29.691281774 3587733143 1607065 28364  10391
29.703282382 3589345009 1611866 28357  7973
29.715282129 3591305852 1960843 28358  7892
29.727282934 3592681041 1375189 28361  10040
29.739294285 3594528382 1847341 28358  6183
29.751285352 3596338008 1809626 28356  9522
29.763295153 3597741112 1403104 28360  8868
29.775293871 3599698528 1957416 28356  6595
29.787284965 3601312297 1613769 28359  10342
29.799293516 3602933744 1621447 28377  7583
29.811302924 3604893634 1959890 28356  8354
29.823294082 3606267520 1373886 28372  10116
29.835283653 3608144060 1876540 28366  6868
29.847296820 3609987636 1843576 28360  9322
29.859292348 3611351997 1364361 28376  9238
29.871282979 3613311889 1959892 28374  6988
29.883294167 3614922368 1610479 28367  10423
29.895282448 3616540111 1617743 28355  7694
29.907286715 3618505527 1965416 28348  8188
29.919282853 3619887795 1382268 28361  10018
29.931293681 3621733821 1846026 28354  6526
29.943280292 3623556633 1822812 28358  9210
29.955293593 3624943954 1387321 28356  8921
29.967288627 3626905437 1961483 28361  6533
29.979284918 3628520612 1615175 28364  10371
29.991281039 3630146868 1626256 28364  8113
30.003297707 3632105092 1958224 28368  7834
30.015282153 3633510054 1404962 28363  10088
30.027281348 3635341880 1831826 28365  6856
30.039294082 3637172210 1830330 28357  9330
30.051294673 3638551058 1378848 28347  9313
30.063282684 3640512135 1961077 28369  6938
30.075293405 3642115146 1603011 28357  10371
30.087295536 3643732331 1617185 28345  7574
30.099285997 3645693623 1961292 28358  8323
30.111293505 3647048790 1355167 28362  10013
30.123292616 3648924038 1875248 28355  6058
30.135281787 3650712278 1788240 28356  9697
30.147295601 3652131610 1419332 28358  8696
30.159295009 3654090787 1959177 28358  6755
30.171282323 3655657233 1566446 28381  10246
30.183294294 3657310992 1653759 28352  7133
30.195291925 3659199713 1888721 28356  8851
30.207285599 3660518491 1318778 28356  9486
30.219284694 3662488999 1970508 28363  6379
30.231293978 3664091030 1602031 28363  10412
30.243284762 3665705991 1614961 28356  8040
30.255283100 3667664625 1958634 28358  8108
30.267293384 3669036213 1371588 28349  10203
30.279281009 3670895635 1859422 28358  6868
30.291300777 3672695876 1800241 28355  9325
30.303294094 3674105169 1409293 28366  8985
30.315282262 3676063832 1958663 28354  6632
30.327285499 3677685186 1621354 28350  10028
30.339293924 3679296430 1611244 28350  7977
30.351281975 3681253500 1957070 28363  7670
30.363281015 3682653902 1400402 28355  10064
30.375282257 3684486853 1832951 28369  6916
30.387296411 3686330075 1843222 28353  9261
30.399281852 3687696015 1365940 28358  9126
30.411293396 3689663694 1967679 28358  6729
30.423294231 3691270204 1606510 28365  10422
30.435293372 3692883328 1613124 28366  7631
30.447300543 3694841050 1957722 28364  8641
30.459295864 3696198244 1357194 28369  10187
30.471284628 3698079323 1881079 28366  6144
30.483298159 3699789043 1709720 28356  10020
30.495281133 3701281002 1491959 28368  8466
30.507286281 3703237488 1956486 28352  7165
30.519296132 3704771502 1534014 28347  10114
30.531293313 3706454826 1683324 28361  6847
30.543295221 3708366252 1911426 28355  8803
30.555284845 3709673936 1307684 28358  9664
30.567284513 3711652600 1978664 28362  6263
30.579282163 3713263847 1611247 28361  10294
30.591281661 3714861814 1597967 28358  8240
30.603305718 3716825556 1963742 28363  7664
30.615281626 3718296219 1470663 28363  10405
30.627297350 3720055465 1759246 28358  6922
30.639281998 3721887354 1831889 28357  9248
30.651293849 3723259950 1372596 28361  9183
30.663286390 3725229571 1969621 28352  6931
30.675297574 3726836830 1607259 28364  10174
30.687282182 3728461640 1624810 28363  8362
30.699281379 3730416546 1954906 28366  7580
30.711247089 3731895944 1479398 28356  10015
30.723296275 3733639764 1743820 28358  6622
30.735294992 3735499559 1859795 28348  9038
30.747296243 3736845584 1346025 28360  9056
30.759252028 3738814276 1968692 28357  6919
30.771284259 3740422790 1608514 28352  10304
30.783292290 3742049834 1627044 28363  8540
30.795298154 3744012631 1962797 28360  7740
30.807294868 3745378267 1365636 28353  10368
30.819286056 3747237247 1858980 28361  6564
30.831283544 3749023484 1786237 28361  9609
30.843286878 3750443251 1419767 28366  9010
30.855296592 3752414540 1971289 28350  7115
30.867292903 3754013370 1598830 28353  10203
30.879284918 3755631371 1618001 28362  7550
30.891283469 3757582140 1950769 28347  8151
30.903282383 3758915280 1333140 28360  9966
30.915294441 3760814539 1899259 28350  5744
30.927289082 3762520257 1705718 28353  9943
30.939298036 3764009497 1489240 28349  8269
30.951281470 3765979237 1969740 28355  7582
30.963289041 3767463701 1484464 28354  10238
30.975281432 3769195775 1732074 28364  6923
30.987298470 3771041592 1845817 28363  8992
30.999294014 3772417604 1376012 28371  9577
31.011294279 3774369691 1952087 28352  6486
31.023281670 3775975374 1605683 28363  10375
31.035280384 3777596796 1621422 28349  8137
31.047296455 3779564716 1967920 28357  8035
31.059293496 3781025872 1461156 28352  10195
31.071293457 3782795432 1769560 28367  6976
31.083290628 3784712915 1917483 28352  8764
31.095295702 3786011705 1298790 28354  9670
31.107281537 3787964395 1952690 28354  5852
31.119296411 3789557511 1593116 28365  11228
31.131296269 3791167924 1610413 28358  7747
31.143290081 3793130451 1962527 28356  8298
31.155297791 3794432278 1301827 28364  10107
31.167285268 3796359455 1927177 28368  6038
31.179297723 3798058634 1699179 28363  10080
31.191283217 3799570547 1511913 28364  8746
31.203280815 3801523732 1953185 28363  7358
31.215285012 3803039695 1515963 28349  10273
31.227282020 3804734932 1695237 28370  6912
31.239303078 3806574937 1840005 28364  9415
31.251297862 3807946237 1371300 28361  9119
31.263297510 3809901246 1955009 28348  6597
31.275295534 3811492574 1591328 28360  10176
31.287280788 3813120559 1627985 28354  7513
31.299283829 3815072664 1952105 28358  8025
31.311280844 3816399125 1326461 28369  10100
31.323282708 3818301069 1901944 28358  5826
31.335297959 3820011048 1709979 28350  10087
31.347296927 3821506400 1495352 28380  8351
31.359297208 3823462652 1956252 28362  7482
31.371292729 3824932004 1469352 28355  10153
31.383300393 3826694227 1762223 28380  7276
31.395304134 3828642348 1948121 28351  8986
31.407283565 3829918098 1275750 28361  10074
31.419281906 3831873760 1955662 28363  5946
31.431300127 3833489282 1615522 28347  10489
31.443282298 3835085596 1596314 28364  8083
31.455293949 3837038147 1952551 28347  7642
31.467281300 3838395777 1357630 28363  9971
31.479284644 3840257572 1861795 28369  6452
31.491295052 3842052211 1794639 28366  9219
31.503296043 3843462641 1410430 28361  9016
31.515294641 3845415842 1953201 28349  6531
31.527281292 3847032629 1616787 28354  10440
31.539293906 3848649019 1616390 28354  7507
31.551293300 3850614050 1965031 28355  8298
31.563305975 3852004111 1390061 28360  10119
31.575297862 3853848160 1844049 28359  6768
31.587281580 3855633182 1785022 28354  9452
31.599294638 3857052202 1419020 28351  9054
31.611297752 3859011946 1959744 28357  6984
31.623292200 3860614945 1602999 28356  10468
31.635284657 3862232576 1617631 28351  7500
31.647297559 3864191424 1958848 28352  8202
31.659282173 3865540598 1349174 28351  10019
31.671286077 3867419500 1878902 28355  6396
31.683281718 3869203483 1783983 28371  9280
31.695296176 3870620207 1416724 28357  8885
31.707281330 3872576676 1956469 28348  6685
31.719300668 3874192155 1615479 28370  10497
31.731284529 3875800263 1608108 28359  7181
31.743281466 3877757041 1956778 28349  8684
31.755297381 3879074714 1317673 28364  10136
31.767283285 3881000677 1925963 28365  6051
31.779286199 3882699967 1699290 28357  10153
31.791292437 3884201019 1501052 28365  8706
31.803282361 3886150014 1948995 28361  7417
31.815281152 3887628333 1478319 28352  10276
31.827297393 3889372775 1744442 28364  7018
31.839293784 3891237500 1864725 28359  9000
31.851294762 3892574155 1336655 28367  9019
31.863283444 3894529379 1955224 28354  6436
31.875301662 3896117584 1588205 28363  10173
31.887285519 3897738621 1621037 28360  7359
31.899294224 3899694253 1955632 28340  8153
31.911294428 3901063734 1369481 28363  10314
31.923283172 3902932706 1868972 28372  5797
31.935294293 3904629737 1697031 28356  10160
31.947294361 3906132800 1503063 28363  8481
31.959281995 3908100235 1967435 28362  7471
31.971281620 3909639096 1538861 28342  10229
31.983293047 3911312077 1672981 28360  7143
31.995281592 3913223267 1911190 28361  9138
32.007281209 3914523632 1300365 28347  9637
32.019282100 3916473476 1949844 28361  6352
32.031303651 3918078857 1605381 28367  10142
32.043281496 3919701489 1622632 28354  8107
32.055296830 3921658809 1957320 28350  7528
32.067282581 3923116495 1457686 28354  9925
32.079281479 3924872754 1756259 28357  6748
32.091298336 3926657641 1784887 28357  8910
32.103285161 3928076834 1419193 28361  9096
32.115294338 3930031677 1954843 28361  6698
32.127292413 3931584890 1553213 28362  10289
32.139297467 3933248398 1663508 28360  7262
32.151281621 3935165900 1917502 28359  8775
32.163295156 3936452831 1286931 28364  9407
32.175293303 3938400027 1947196 28361  6564
32.187293004 3939996282 1596255 28357  10424
32.199290549 3941614504 1618222 28360  7599
32.211293623 3943570142 1955638 28362  8413
32.223285131 3944899934 1329792 28358  10042
32.235296945 3946796188 1896254 28343  5718
32.247297036 3948518151 1721963 28349  10040
32.259285454 3949988665 1470514 28369  8171
32.271293828 3951935305 1946640 28356  7315
32.283282922 3953397883 1462578 28357  10070
32.295280297 3955161890 1764007 28369  7020
32.307297131 3956975166 1813276 28360  8933
32.319296449 3958362601 1387435 28368  9135
32.331280970 3960328265 1965664 28358  6879
32.343280927 3961941750 1613485 28361  10310
32.355310133 3963560625 1618875 28354  8300
32.367294156 3965515159 1954534 28354  7853
32.379280107 3966913868 1398709 28357  10387
32.391284778 3968736805 1822937 28375  6761
32.403283736 3970530713 1793908 28358  9361
32.415283790 3971942511 1411798 28369  9029
32.427297404 3973890790 1948279 28348  6535
32.439286049 3975506546 1615756 28362  10151
32.451293446 3977112245 1605699 28373  7485
32.463293724 3979064070 1951825 28364  8048
32.475294298 3980436630 1372560 28367  10010
32.487284146 3982300583 1863953 28366  6846
32.499293404 3984082025 1781442 28353  9091
32.511292588 3985493921 1411896 28367  8618
32.523294596 3987449224 1955303 28367  7268
32.535284497 3988967463 1518239 28352  10220
32.547293281 3990665668 1698205 28367  6903
32.559284485 3992488051 1822383 28364  9164
32.571293903 3993861520 1373469 28356  9290
32.583294211 3995812288 1950768 28351  6881
32.595284862 3997355829 1543541 28351  10218
32.607293463 3999021119 1665290 28358  7021
32.619281427 4000925802 1904683 28360  8679
32.631280575 4002226566 1300764 28353  9610
32.643281382 4004196122 1969556 28356  5877
32.655295863 4005810992 1614870 28352  10172
32.667289819 4007391114 1580122 28347  7896
32.679282236 4009347755 1956641 28363  7801
32.691282921 4010712574 1364819 28356  10085
32.703297565 4012565574 1853000 28362  6232
32.715280762 4014345614 1780040 28349  9884
32.727294514 4015786214 1440600 28368  9041
32.739281605 4017737385 1951171 28361  6834
32.751282092 4019338934 1601549 28353  10393
32.763294460 4020953544 1614610 28354  7852
32.775284724 4022900041 1946497 28348  8365
32.787281705 4024185450 1285409 28363  10075
32.799292786 4026130658 1945208 28357  5649
32.811293761 4027809074 1678416 28354  10205
32.823282181 4029325464 1516390 28360  8408
32.835301566 4031275932 1950468 28367  7092
32.847296260 4032728521 1452589 28361  9990
32.859285311 4034483408 1754887 28351  6685
32.871284799 4036350433 1867025 28352  9249
32.883293073 4037689488 1339055 28356  8913
32.895282348 4039639156 1949668 28355  6842
32.907296342 4041205113 1565957 28367  10216
32.919297820 4042857633 1652520 28366  7136
32.931282164 4044823302 1965669 28353  8894
32.943296298 4046167946 1344644 28371  10184
32.955293726 4048040922 1872976 28364  5939
32.967280297 4049705847 1664925 28361  10431
32.979295905 4051243519 1537672 28361  8562
32.991304109 4053197733 1954214 28357  7260
33.003283910 4054707478 1509745 28358  10093
33.015284111 4056407912 1700434 28360  6828
33.027286549 4058281846 1873934 28351  8779
33.039293153 4059601078 1319232 28367  8857
33.051281997 4061553615 1952537 28358  6564
33.063294606 4063164355 1610740 28366  10293
33.075282074 4064782533 1618178 28353  7651
33.087282778 4066735352 1952819 28360  8250
33.099293546 4068053986 1318634 28367  10080
33.111281417 4069974796 1920810 28359  5774
33.123281321 4071657514 1682718 28368  10312
33.135293529 4073175600 1518086 28365  8579
33.147302900 4075129038 1953438 28359  7496
33.159281707 4076607390 1478352 28352  10173
33.171293855 4078350665 1743275 28347  6848
33.183294259 4080150809 1800144 28344  9220
33.195293034 4081559420 1408611 28361  8955
33.207282608 4083512802 1953382 28363  6613
33.219292456 4085129992 1617190 28358  10018
33.231282273 4086733851 1603859 28356  7458
33.243293501 4088683674 1949823 28353  8077
33.255295529 4090016004 1332330 28355  9997
33.267283453 4091926570 1910566 28366  6022
33.279294127 4093628979 1702409 28355  10051
33.291293625 4095129572 1500593 28359  8635
33.303280239 4097095323 1965751 28364  7194
33.315303117 4098608359 1513036 28351  10429
33.327295378 4100312600 1704241 28375  7001
33.339282932 4102196675 1884075 28359  9087
33.351283500 4103514272 1317597 28361  9170
33.363298498 4105475908 1961636 28356  6862
33.375282229 4107083370 1607462 28354  10124
33.387292400 4108694112 1610742 28353  7480
33.399294654 4110646723 1952611 28356  8180
33.411293745 4112003144 1356421 28361  9928
33.423293563 4113880083 1876939 28354  5838
33.435293710 4115585096 1705013 28349  9820
33.447281675 4117072250 1487154 28357  8195
33.459281546 4119032549 1960299 28361  7611
33.471300321 4120394785 1362236 28361  10131
33.483294349 4122251490 1856705 28368  6597
33.495281223 4124078080 1826590 28360  9393
33.507296077 4125468074 1389994 28364  9067
33.519297258 4127423096 1955022 28362  6889
33.531295866 4128944656 1521560 28357  10255
33.543281633 4130624636 1679980 28359  6960
33.555293851 4132456824 1832188 28366  9283
33.567282545 4133834482 1377658 28360  9093
33.579296987 4135789564 1955082 28356  6563
33.591282121 4137394461 1604897 28359  10184
33.603294379 4139008302 1613841 28359  7382
33.615285440 4140957069 1948767 28362  8042
33.627309764 4142281630 1324561 28361  10066
33.639281445 4144190631 1909001 28353  5824
33.651283973 4145903782 1713151 28357  10087
33.663297450 4147397733 1493951 28373  8341
33.675293948 4149354335 1956602 28350  7407
33.687294706 4150881722 1527387 28366  10196
33.699297627 4152585429 1703707 28364  7115
33.711295541 4154498637 1913208 28349  8967
33.723280512 4155801184 1302547 28357  9770
33.735303676 4157762633 1961449 28351  6222
33.747293464 4159362239 1599606 28353  10486
33.759294142 4160979460 1617221 28358  8105
33.771281330 4162934968 1955508 28363  7627
33.783304815 4164379682 1444714 28359  9972
33.795282706 4166158092 1778410 28357  6756
33.807292497 4167974157 1816065 28359  8878
33.819298234 4169354396 1380239 28357  8923
33.831284869 4171313284 1958888 28365  6617
33.843282350 4172927613 1614329 28360  10450
33.855282317 4174542804 1615191 28357  7444
33.867282425 4176499789 1956985 28351  8384
33.879281276 4177869292 1369503 28362  10118
33.891292484 4179739354 1870062 28353  6294
33.903296828 4181465780 1726426 28361  9955
33.915292436 4182933696 1467916 28357  8499
33.927296973 4184883101 1949405 28360  7547
33.939280921 4186339226 1456125 28348  10262
33.951304816 4188103485 1764259 28358  6757
33.963296086 4189882435 1778950 28367  9179
33.975292391 4191309094 1426659 28362  8926
33.987285828 4193269677 1960583 28343  6556
33.999295449 4194866594 1596917 28365  10101
34.011285740 4196476577 1609983 28361  7341
34.023281435 4198430005 1953428 28357  8178
34.035282497 4199766875 1336870 28364  10271
34.047293668 4201669231 1902356 28364  5558
34.059280585 4203357642 1688411 28356  10318
34.071294076 4204877208 1519566 28355  8664
34.083282861 4206839857 1962649 28366  7305
34.095294305 4208367909 1528052 28350  10185
34.107301066 4210039844 1671935 28353  6596
34.119286337 4211823861 1784017 28345  9660
34.131284331 4213250364 1426503 28369  9140
34.143293316 4215209906 1959542 28358  6837
34.155295373 4216818540 1608634 28352  10108
34.167284011 4218440650 1622110 28359  8029
34.179281775 4220398646 1957996 28361  7575
34.191296403 4221894688 1496042 28345  10010
34.203296817 4223620905 1726217 28363  6871
34.215284715 4225523513 1902608 28362  8680
34.227292193 4226838486 1314973 28362  9772
34.239281260 4228790416 1951930 28360  6093
34.251296955 4230393013 1602597 28361  10283
34.263297936 4232019171 1626158 28369  8153
34.275284950 4233979478 1960307 28355  7832
34.287296782 4235351284 1371806 28362  10127
34.299294530 4237190173 1838889 28373  6119
34.311280547 4238841632 1651459 28358  10140
34.323283005 4240385366 1543734 28352  8456
34.335296206 4242334368 1949002 28370  7485
34.347296277 4243800029 1465661 28359  10043
34.359284761 4245562155 1762126 28361  6954
34.371284932 4247482924 1920769 28359  8714
34.383281663 4248772736 1289812 28363  9502
34.395281324 4250712420 1939684 28349  5995
34.407297335 4252319523 1607103 28365  9961
34.419290213 4253944096 1624573 28355  8151
34.431285884 4255903799 1959703 28360  7737
34.443293165 4257307380 1403581 28353  10234
34.455286649 4259133262 1825882 28352  6803
34.467296157 4260966678 1833416 28365  9184
34.479293995 4262342049 1375371 28356  9131
34.491293869 4264300484 1958435 28355  6837
34.503297360 4265895466 1594982 28362  10395
34.515285018 4267512154 1616688 28354  7482
34.527281062 4269461027 1948873 28356  8487
34.539294907 4270723376 1262349 28370  9932
34.551283465 4272686549 1963173 28358  5635
34.563292996 4274339308 1652759 28359  10117
34.575290487 4275886610 1547302 28365  8146
34.587281831 4277829381 1942771 28355  7404
34.599281346 4279189488 1360107 28365  9960
34.611282337 4281047993 1858505 28356  6083
34.623297298 4282729658 1681665 28361  9886
34.635294655 4284241769 1512111 28364  8268
34.647281333 4286199844 1958075 28364  7591
34.659282237 4287679306 1479462 28357  10135
34.671282735 4289421637 1742331 28356  6807
34.683293466 4291156457 1734820 28356  9317
34.695284677 4292608145 1451688 28358  8782
34.707281525 4294559151 1951006 28359  7368
34.719296589 4296011560 1452409 28354  10066
34.731294447 4297770866 1759306 28366  6585
34.743300879 4299584805 1813939 28358  9111
34.755283386 4300968996 1384191 28359  8815
34.767294661 4302923467 1954471 28363  6656
34.779294165 4304481299 1557832 28356  10104
34.791282123 4306123490 1642191 28362  6786
34.803278207 4308005712 1882222 28349  8982
34.815292285 4309328290 1322578 28365  8988
34.827285729 4311277154 1948864 28364  6764
34.839282330 4312885827 1608673 28353  10270
34.851293871 4314506598 1620771 28360  7445
34.863297682 4316460409 1953811 28357  8473
34.875293846 4317790578 1330169 28351  10174
34.887284341 4319683529 1892951 28355  5935
34.899304866 4321294115 1610586 28356  10357
34.911298063 4322881828 1587713 28353  8408
34.923296450 4324832159 1950331 28352  7431
34.935286539 4326276485 1444326 28353  9993
34.947282270 4328045155 1768670 28357  6642
34.959294464 4329867039 1821884 28358  9000
34.971294542 4331241038 1373999 28358  8708
34.983281600 4333198290 1957252 28365  6669
34.995282727 4334806632 1608342 28369  10355
35.007297752 4336424198 1617566 28362  7562
35.019281139 4338370065 1945867 28359  8353
35.031282274 4339661096 1291031 28358  10038
35.043281781 4341608759 1947663 28360  5690
35.055304103 4343267029 1658270 28356  10440
35.067281880 4344798574 1531545 28348  8344
35.079295088 4346747810 1949236 28367  7747
35.091284532 4348193888 1446078 28363  10255
35.103283133 4349972335 1778447 28365  6990
35.115293948 4351765388 1793053 28351  9094
35.127281833 4353167010 1401622 28361  8790
35.139282464 4355124447 1957437 28350  6791
35.151292328 4356729715 1605268 28355  9995
35.163282409 4358349630 1619915 28360  7802
35.175284043 4360304557 1954927 28360  7724
35.187293721 4361679664 1375107 28354  10048
35.199297032 4363532113 1852449 28350  6764
35.211293526 4365344389 1812276 28357  9371
35.223292231 4366731711 1387322 28355  9021
35.235293832 4368696789 1965078 28358  6818
35.247295140 4370304677 1607888 28360  10410
35.259297025 4371911795 1607118 28357  7609
35.271296862 4373865221 1953426 28356  8523
35.283286239 4375181942 1316721 28359  10129
35.295293927 4377092223 1910281 28355  5894
35.307297502 4378749691 1657468 28356  10186
35.319280783 4380285616 1535925 28353  8331
35.331293807 4382229142 1943526 28354  7275
35.343292982 4383674641 1445499 28356  9998
35.355293256 4385440117 1765476 28368  6399
35.367281747 4387209622 1769505 28356  9218
35.379291888 4388635750 1426128 28348  8760
35.391294282 4390592039 1956289 28353  7036
35.403280250 4392068368 1476329 28363  10292
35.415294422 4393797806 1729438 28365  6956
35.427296500 4395681626 1883820 28344  9069
35.438356934 4400155231 4473605 70733  25697
35.450293960 4402104852 1949621 28359  5962
35.462295271 4403698836 1593984 28356  10516
35.474294989 4405298162 1599326 28363  7487
35.486294060 4407247082 1948920 28349  8219
35.498297822 4408555684 1308602 28370  9929
35.510281319 4410471746 1916062 28365  5731
35.522282230 4412116273 1644527 28362  9834
35.534289417 4413654321 1538048 28348  8142
35.546294375 4415601409 1947088 28367  7387
35.558295360 4417079003 1477594 28353  10225
35.570293571 4418827213 1748210 28357  6691
35.582286998 4420623470 1796257 28355  9356
35.594297030 4422036201 1412731 28370  9190
35.606297811 4423999518 1963317 28364  6779
35.618283262 4425593898 1594380 28372  10258
35.630285296 4427198706 1604808 28370  7494
35.642296664 4429129911 1931205 28354  8912
35.654280708 4430409677 1279766 28354  10189
35.666276223 4432374925 1965248 28361  5766
35.678292951 4433995197 1620272 28364  10122
35.690304159 4435559640 1564443 28364  7917
35.702285289 4437516727 1957087 28350  7648
35.714285657 4438978732 1462005 28359  9924
35.726285268 4440730352 1751620 28356  6792
35.738280390 4442557746 1827394 28357  8832
35.750296151 4443939433 1381687 28368  9391
35.762284475 4445885390 1945957 28348  6384
35.774284269 4447484598 1599208 28368  10301
35.786294854 4449104716 1620118 28355  7480
35.798295045 4451070663 1965947 28356  8509
35.810285219 4452391796 1321133 28367  10088
35.822292901 4454288457 1896661 28352  5941
35.834295872 4455943418 1654961 28357  10362
35.846283742 4457485865 1542447 28372  8558
35.858290077 4459432652 1946787 28361  7384
35.870282054 4460912160 1479508 28358  10030
35.882294389 4462653359 1741199 28347  6947
35.894294857 4464562524 1909165 28351  8690
35.906292948 4465846814 1284290 28360  9027
35.918284082 4467783316 1936502 28352  6402
35.930295653 4469333540 1550224 28355  10034
35.942294861 4470995008 1661468 28362  7101
35.954282062 4472788543 1793535 28357  8760
35.966285720 4474191362 1402819 28354  9133
35.978294815 4476148904 1957542 28360  6774
35.990280628 4477764726 1615822 28353  10304
36.002285296 4479372003 1607277 28359  7641
36.014303628 4481318359 1946356 28352  8263
36.026295019 4482644488 1326129 28369  10347
36.038297403 4484546212 1901724 28354  5922
36.050283611 4486223183 1676971 28352  10119
36.062283199 4487737703 1514520 28358  8321
36.074282010 4489690180 1952477 28363  7212
36.086295251 4491207690 1517510 28363  10120
36.098282475 4492899266 1691576 28355  6690
36.110284423 4494721379 1822113 28356  8841
36.122296678 4496089574 1368195 28364  8848
36.134293546 4498046897 1957323 28350  6792
36.146284293 4499644301 1597404 28359  10270
36.158292418 4501259317 1615016 28379  7334
36.170303809 4503218972 1959655 28353  8563
36.182282129 4504551834 1332862 28353  10009
36.194284737 4506449110 1897276 28370  5923
36.206286475 4508094687 1645577 28345  10245
36.218293699 4509633460 1538773 28361  8438
36.230293967 4511583819 1950359 28358  7684
36.242292738 4512959588 1375769 28356  10074
36.254282519 4514798195 1838607 28351  6469
36.266296151 4516575200 1777005 28351  9278
36.278297762 4517998156 1422956 28359  8942
36.290295213 4519949828 1951672 28355  6536
36.302284454 4521548651 1598823 28358  10176
36.314293822 4523157426 1608775 28349  7240
36.326288603 4525117442 1960016 28352  8435
36.338284614 4526438977 1321535 28356  10053
36.350293438 4528340370 1901393 28360  5702
36.362299969 4530026544 1686174 28360  10292
36.374296023 4531547700 1521156 28351  8444
36.386283178 4533496148 1948448 28366  7458
36.398296732 4534984736 1488588 28356  10275
36.410293714 4536698408 1713672 28354  6869
36.422295358 4538432893 1734485 28361  9349
36.434283986 4539886888 1453995 28359  8459
36.446283657 4541836269 1949381 28362  7226
36.458296511 4543329379 1493110 28354  10073
36.470298092 4545045577 1716198 28358  6789
36.482293940 4546936351 1890774 28358  8742
36.494301125 4548237603 1301252 28358  8965
36.506297965 4550189262 1951659 28351  6422
36.518281573 4551798578 1609316 28366  10294
36.530286191 4553422789 1624211 28358  8046
36.542281825 4555370707 1947918 28359  7781
36.554296059 4556720443 1349736 28359  10039
36.566285105 4558592324 1871881 28354  6107
36.578294189 4560316125 1723801 28366  10035
36.590273238 4561778741 1462616 28352  8579
36.602297358 4563721860 1943119 28357  7564
36.614283902 4565113682 1391822 28365  10108
36.626297796 4566932781 1819099 28360  6588
36.638297388 4568715372 1782591 28353  9596
36.650290798 4570132327 1416955 28360  8864
36.662281973 4572075308 1942981 28359  6676
36.674295350 4573669034 1593726 28358  10004
36.686294128 4575286565 1617531 28352  7145
36.698296757 4577230203 1943638 28351  8346
36.710282658 4578506868 1276665 28355  9895
36.722284165 4580468952 1962084 28355  5858
36.734298733 4582067225 1598273 28354  10190
36.746280744 4583655688 1588463 28360  8297
36.758281575 4585619488 1963800 28354  7525
36.770281669 4587058748 1439260 28357  10365
36.782297821 4588822725 1763977 28369  6529
36.794293228 4590551148 1728423 28354  9499
36.806290229 4592004999 1453851 28366  8508
36.818284781 4593960432 1955433 28356  7469
36.830292669 4595445866 1485434 28366  10160
36.842282686 4597168439 1722573 28357  6786
36.854285284 4599044874 1876435 28365  8853
36.866295455 4600373347 1328473 28352  9436
36.878295024 4602327960 1954613 28365  5959
36.890297681 4603932202 1604242 28349  10150
36.902294059 4605525510 1593308 28364  7710
36.914292840 4607487077 1961567 28360  7987
36.926294681 4608838885 1351808 28358  10081
36.938294549 4610700330 1861445 28357  6504
36.950294020 4612514647 1814317 28352  9488
36.962290794 4613914803 1400156 28358  9258
36.974298288 4615861111 1946308 28358  6696
36.986294943 4617412335 1551224 28357  10291
36.998281997 4619053884 1641549 28351  7103
37.010294749 4620909652 1855768 28351  9039
37.022294500 4622249146 1339494 28359  9085
37.034282813 4624198084 1948938 28358  6457
37.046284884 4625795323 1597239 28361  10161
37.058297006 4627405626 1610303 28361  7387
37.070285121 4629349254 1943628 28356  7982
37.082280512 4630672878 1323624 28366  10042
37.094282036 4632569869 1896991 28361  5670
37.106294890 4634264443 1694574 28359  10136
37.118285195 4635762490 1498047 28355  8105
37.130305000 4637706207 1943717 28367  7626
37.142297471 4639109442 1403235 28354  10110
37.154283855 4640930065 1820623 28354  6845
37.166293853 4642719275 1789210 28348  9310
37.178282273 4644123862 1404587 28363  8956
37.190298128 4646062652 1938790 28358  7017
37.202293396 4647574989 1512337 28350  10366
37.214286350 4649274171 1699182 28359  6941
37.226281841 4651182620 1908449 28353  8776
37.238295872 4652482845 1300225 28360  9669
37.250293014 4654446168 1963323 28357  5751
37.262294919 4656039558 1593390 28345  10096
37.274281219 4657629241 1589683 28360  7817
37.286302201 4659580519 1951278 28363  7634
37.298283235 4661027499 1446980 28364  10234
37.310282293 4662801374 1773875 28361  6363
37.322294917 4664592672 1791298 28363  9593
37.334281085 4666007991 1415319 28353  9069
37.346296409 4667964361 1956370 28356  6864
37.358281457 4669562646 1598285 28357  10239
37.370283711 4671170807 1608161 28351  7617
37.382297063 4673117298 1946491 28359  8490
37.394294021 4674442450 1325152 28369  10275
37.406297685 4676343863 1901413 28367  5837
37.418293126 4678027723 1683860 28350  9974
37.430285134 4679528500 1500777 28359  8240
37.442304695 4681482152 1953652 28361  7221
37.454282442 4682959651 1477499 28349  9953
37.466282093 4684679882 1720231 28366  6732
37.478299124 4686485092 1805210 28346  8832
37.490294335 4687876097 1391005 28353  9190
37.502294101 4689824718 1948621 28354  6622
37.514293768 4691428892 1604174 28363  10295
37.526298513 4693045942 1617050 28354  7623
37.538297784 4695007369 1961427 28360  8314
37.550294498 4696345220 1337851 28363  10058
37.562283266 4698214671 1869451 28357  5818
37.574282007 4699862154 1647483 28349  10419
37.586292711 4701402197 1540043 28364  8393
37.598290135 4703348325 1946128 28364  7585
37.610282706 4704810388 1462063 28363  10016
37.622296065 4706563348 1752960 28356  6825
37.634282666 4708416466 1853118 28360  8816
37.646284217 4709749301 1332835 28356  8800
37.658285655 4711685428 1936127 28356  6594
37.670292042 4713226694 1541266 28349  10025
37.682284547 4714892774 1666080 28354  7032
37.694281974 4716802182 1909408 28353  8827
37.706282502 4718097121 1294939 28369  9474
37.718282723 4720065518 1968397 28354  6363
37.730294195 4721721692 1656174 28357  10307
37.742293503 4723274038 1552346 28359  8234
37.754281160 4725217835 1943797 28354  7690
37.766300791 4726586189 1368354 28363  10319
37.778298340 4728419745 1833556 28369  5870
37.790283893 4730076092 1656347 28352  10186
37.802296252 4731611765 1535673 28358  8419
37.814294836 4733560824 1949059 28350  7108
37.826296847 4735088597 1527773 28360  10130
37.838292752 4736761162 1672565 28364  6654
37.850294749 4738557823 1796661 28350  8848
37.862295457 4739944186 1386363 28352  8751
37.874293965 4741894282 1950096 28366  6875
37.886293753 4743449254 1554972 28349  10171
37.898283640 4745099234 1649980 28359  7080
37.910285098 4746997866 1898632 28358  8839
37.922300110 4748298461 1300595 28371  9184
37.934286934 4750237182 1938721 28352  6623
37.946284372 4751802684 1565502 28349  10285
37.958295166 4753433944 1631260 28363  7356
37.970281640 4755319178 1885234 28355  8879
37.982282885 4756624101 1304923 28360  9124
37.994281942 4758566076 1941975 28368  6531
38.006282127 4760166394 1600318 28371  10127
38.018284211 4761772632 1606238 28364  7344
38.030296803 4763719634 1947002 28355  8074
38.042295294 4765042718 1323084 28368  9927
38.054282898 4766932199 1889481 28373  5562
38.066294313 4768590401 1658202 28350  10192
38.078305924 4770131678 1541277 28357  8411
38.090282478 4772077084 1945406 28357  7268
38.102294217 4773569556 1492472 28353  10105
38.114282831 4775295972 1726416 28368  6966
38.126297252 4777199583 1903611 28353  9068
38.138296516 4778483079 1283496 28362  9210
38.150293871 4780427887 1944808 28351  6802
38.162295935 4782011157 1583270 28349  10278
38.174280593 4783627064 1615907 28365  7109
38.186294684 4785517448 1890384 28357  8700
38.198283641 4786818350 1300902 28364  9332
38.210285587 4788755894 1937544 28355  6163
38.222294071 4790349905 1594011 28360  9923
38.234291192 4791956669 1606764 28363  7382
38.246285146 4793904421 1947752 28347  8106
38.258293051 4795259814 1355393 28357  9938
38.270282415 4797130867 1871053 28355  6185
38.282297446 4798807866 1676999 28358  9861
38.294299024 4800312683 1504817 28359  8447
38.306282172 4802272362 1959679 28358  7284
38.318286023 4803781769 1509407 28358  10355
38.330295214 4805465316 1683547 28363  6501
38.342293585 4807201057 1735741 28351  9489
38.354282276 4808636990 1435933 28350  8297
38.366281787 4810583316 1946326 28362  7708
38.378282182 4811933501 1350185 28355  10076
38.390294596 4813787879 1854378 28361  6404
38.402301224 4815573229 1785350 28344  9308
38.414294402 4816981612 1408383 28356  8742
38.426280723 4818913511 1931899 28350  6562
38.438298534 4824117381 5203870 76679  25634
38.450292902 4825562279 1444898 28356  10126
38.462284010 4827320772 1758493 28369  6630
38.474281951 4829102628 1781856 28358  9303
38.486286955 4830533002 1430374 28355  9228
38.498295056 4832470909 1937907 28347  6690
38.510280837 4834011693 1540784 28361  10236
38.522297409 4835661962 1650269 28357  6785
38.534293203 4837443309 1781347 28355  9388
38.546294378 4838860947 1417638 28360  8883
38.558303825 4840807325 1946378 28355  6672
38.570294777 4842344026 1536701 28355  10072
38.582285301 4844005311 1661285 28357  8066
38.594273618 4845853378 1848067 28352  8644
38.606286743 4847186065 1332687 28354  9005
38.618281225 4849120623 1934558 28350  6465
38.630285819 4850645540 1524917 28350  10274
38.642297850 4852325781 1680241 28371  6449
38.654288168 4854118524 1792743 28365  9335
38.666281792 4855528290 1409766 28363  8996
38.678280980 4857484708 1956418 28351  6837
38.690297208 4859080445 1595737 28362  10221
38.702282445 4860681924 1601479 28358  7250
38.714293810 4862560168 1878244 28355  8790
38.726285448 4863867626 1307458 28361  9251
38.738294079 4865810855 1943229 28363  6547
38.750296603 4867403831 1592976 28364  10151
38.762281484 4869013372 1609541 28356  7158
38.774286539 4870964281 1950909 28366  8365
38.786293111 4872235658 1271377 28355  9845
38.798298558 4874177978 1942320 28368  5586
38.810282826 4875809265 1631287 28357  9985
38.822293950 4877368141 1558876 28365  8386
38.834294198 4879311525 1943384 28353  7428
38.846292279 4880661607 1350082 28362  10184
38.858285684 4882524240 1862633 28366  5898
38.870296492 4884214559 1690319 28359  9999
38.882300666 4885714331 1499772 28357  8418
38.894286024 4887652761 1938430 28359  7474
38.906287795 4889091187 1438426 28354  10343
38.918282943 4890866937 1775750 28355  6800
38.930280504 4892628299 1761362 28352  9164
38.942296869 4894062078 1433779 28368  8992
38.954281473 4896007117 1945039 28364  6559
38.966283124 4897609648 1602531 28353  10113
38.978295932 4899214473 1604825 28355  7296
38.990284086 4901135611 1921138 28353  8140
39.002281524 4902398294 1262683 28348  9414
39.014281982 4904360600 1962306 28352  6116
39.026297736 4905979284 1618684 28354  10129
39.038305321 4907565725 1586441 28361  8112
39.050282656 4909517219 1951494 28357  7664
39.062286693 4910909996 1392777 28359  9961
39.074296701 4912726993 1816997 28352  6411
39.086298252 4914447400 1720407 28350  9738
39.098280646 4915902654 1455254 28361  8434
39.110285877 4917847228 1944574 28354  7603
39.122285969 4919216168 1368940 28362  10052
39.134294497 4921055257 1839089 28351  6348
39.146297051 4922833062 1777805 28358  9370
39.158297806 4924248746 1415684 28367  8846
39.170293403 4926191277 1942531 28354  6535
39.182293488 4927733957 1542680 28358  10027
39.194292262 4929380559 1646602 28350  6575
39.206284276 4931213523 1832964 28355  9077
39.218297498 4932578301 1364778 28355  8844
39.230294619 4934518080 1939779 28360  6749
39.242282807 4936062234 1544154 28362  10093
39.254286188 4937729238 1667004 28356  6940
39.266292950 4939612143 1882905 28347  8929
39.278295018 4940912545 1300402 28360  9156
39.290296472 4942842732 1930187 28355  6783
39.302281902 4944374640 1531908 28366  10216
39.314281941 4946047734 1673094 28361  6891
39.326285338 4947865078 1817344 28366  8944
39.338285556 4949235524 1370446 28363  8897
39.350291020 4951178235 1942711 28349  6539
39.362295746 4952777406 1599171 28363  9945
39.374284146 4954384224 1606818 28345  7249
39.386286434 4956323669 1939445 28353  8131
39.398281769 4957610530 1286861 28361  9877
39.410296223 4959550962 1940432 28365  5829
39.422294834 4961153412 1602450 28357  10168
39.434281688 4962730527 1577115 28352  8046
39.446282859 4964688296 1957769 28361  7594
39.458293895 4966123748 1435452 28356  10311
39.470294146 4967893025 1769277 28363  6396
39.482281849 4969596695 1703670 28351  9538
39.494294038 4971072341 1475646 28358  8565
39.506297589 4973014156 1941815 28366  7434
39.518300950 4974403067 1388911 28361  10034
39.530282507 4976215718 1812651 28364  6278
39.542283036 4977937395 1721677 28365  9321
39.554299344 4979397790 1460395 28356  8433
39.566296688 4981330860 1933070 28363  6900
39.578287519 4982754175 1423315 28344  10003
39.590285620 4984529091 1774916 28364  6364
39.602293394 4986309847 1780756 28364  9358
39.614297239 4987729978 1420131 28365  8772
39.626294941 4989681106 1951128 28359  6876
39.638285472 4991291581 1610475 28371  10197
39.650282069 4992897672 1606091 28359  7547
39.662286614 4994838106 1940434 28356  8306
39.674291338 4996136601 1298495 28365  10078
39.686281622 4998042571 1905970 28363  5781
39.698297700 4999619491 1576920 28353  10396
39.710296199 5001233898 1614407 28366  7931
39.722282376 5003176489 1942591 28344  7655
39.734284147 5004517071 1340582 28373  9884
39.746294808 5006379308 1862237 28360  5917
39.758298540 5008055759 1676451 28349  9555
39.770280820 5009555444 1499685 28341  8245
39.782285798 5011493651 1938207 28355  7173
39.794283347 5012887123 1393472 28359  10157
39.806293824 5014704896 1817773 28355  6029
39.818293502 5016442178 1737282 28366  9782
39.830304810 5017900281 1458103 28359  8736
39.842294425 5019845979 1945698 28376  7022
39.854292886 5021328822 1482843 28364  10153
39.866286646 5023040393 1711571 28353  6805
39.878292805 5024819681 1779288 28349  9325
39.890298932 5026235706 1416025 28356  9054
39.902285503 5028173346 1937640 28365  6649
39.914286728 5029692270 1518924 28358  10029
39.926281685 5031365509 1673239 28352  6706
39.938292941 5033168818 1803309 28350  8776
39.950294122 5034548241 1379423 28358  8794
39.962285586 5036478104 1929863 28349  6552
39.974282387 5038000532 1522428 28351  9978
39.986305288 5039683157 1682625 28351  6920
39.998282999 5041474222 1791065 28355  8878
40.010297841 5042875849 1401627 28355  9140
40.022282365 5044820666 1944817 28359  6645
40.034298376 5046379850 1559184 28359  10178
40.046297651 5048015608 1635758 28356  6845
40.058295755 5049801124 1785516 28351  9009
40.070282719 5051196328 1395204 28357  9164
40.082294805 5053132937 1936609 28351  6861
40.094281966 5054621048 1488111 28353  10117
40.106280776 5056335692 1714644 28362  6815
40.118286064 5058221054 1885362 28353  8757
40.130280832 5059527495 1306441 28363  9278
40.142298400 5061465414 1937919 28356  6078
40.154303528 5063018851 1553437 28355  10018
40.166295843 5064644085 1625234 28361  6663
40.178285084 5066561135 1917050 28357  9011
40.190281851 5067844535 1283400 28358  9144
40.202297272 5069776814 1932279 28364  6467
40.214283210 5071339541 1562727 28358  10124
40.226281781 5072984248 1644707 28355  6947
40.238296356 5074846000 1861752 28347  8900
40.250285071 5076162117 1316117 28348  9120
40.262295255 5078098240 1936123 28356  6830
40.274293266 5079631386 1533146 28364  10257
40.286291897 5081299699 1668313 28351  7072
40.298293778 5083151813 1852114 28349  8799
40.310289209 5084483661 1331848 28367  9049
40.322285304 5086416468 1932807 28363  6355
40.334281369 5087982428 1565960 28355  9955
40.346295096 5089604571 1622143 28364  6678
40.358292351 5091504627 1900056 28348  8779
40.370284915 5092789384 1284757 28349  9025
40.382284956 5094734032 1944648 28352  6654
40.394282560 5096243105 1509073 28355  10195
40.406295432 5097922708 1679603 28354  6772
40.418285110 5099781392 1858684 28354  9066
40.430297534 5105092154 5310762 78472  25984
40.442281749 5106386995 1294841 28358  10051
40.454294207 5108304367 1917372 28365  5884
40.466290778 5109931183 1626816 28359  10094
40.478284142 5111480968 1549785 28367  8025
40.490296410 5113419673 1938705 28364  7542
40.502283798 5114776737 1357064 28364  9851
40.514293726 5116614702 1837965 28354  5489
40.526281260 5118235925 1621223 28349  10138
40.538285205 5119783728 1547803 28358  7762
40.550297700 5121739367 1955639 28363  7851
40.562297641 5123075462 1336095 28364  10068
40.574283978 5124941221 1865759 28358  6318
40.586282199 5126663191 1721970 28348  9589
40.598285314 5128128765 1465574 28366  8455
40.610281272 5130063422 1934657 28356  7448
40.622290043 5131436531 1373109 28358  10082
40.634285541 5133257835 1821304 28363  6094
40.646294425 5134902803 1644968 28351  10106
40.658285843 5136437569 1534766 28367  8198
40.670282107 5138379452 1941883 28359  7472
40.682295376 5139806548 1427096 28353  9895
40.694293017 5141581836 1775288 28354  6617
40.706295145 5143357467 1775631 28359  8883
40.718283556 5144759606 1402139 28348  8754
40.730285303 5146691299 1931693 28358  6656
40.742293024 5148179092 1487793 28357  10248
40.754293480 5149893176 1714084 28349  6390
40.766297294 5151674243 1781067 28370  9557
40.778293105 5153088499 1414256 28364  8968
40.790305193 5155038955 1950456 28356  6849
40.802285807 5156572499 1533544 28349  10207
40.814285051 5158224623 1652124 28367  7026
40.826282439 5160039093 1814470 28342  9032
40.838284641 5161409938 1370845 28361  9170
40.850284699 5163348452 1938514 28358  6656
40.862281896 5164940442 1591990 28368  10120
40.874284257 5166546260 1605818 28360  7128
40.886284542 5168493893 1947633 28357  8395
40.898294217 5169771224 1277331 28358  9832
40.910293861 5171677795 1906571 28356  5551
40.922296879 5173273594 1595799 28357  9999
40.934297523 5174871862 1598268 28369  7998
40.946300709 5176806799 1934937 28347  7835
40.958298340 5178128597 1321798 28362  10167
40.970294761 5180025961 1897364 28355  5725
40.982285982 5181746270 1720309 28350  10116
40.994294866 5183214014 1467744 28355  8495
41.006295284 5185148192 1934178 28358  7334
41.018293916 5186512607 1364415 28361  10336
41.030294523 5188344751 1832144 28369  6110
41.042282040 5190016400 1671649 28358  9901
41.054296465 5191520693 1504293 28359  8271
41.066296433 5193460218 1939525 28372  7182
41.078281577 5194884497 1424279 28352  10063
41.090283799 5196648310 1763813 28364  5674
41.102305137 5198296723 1648413 28349  9772
41.114293815 5199827812 1531089 28342  8301
41.126281932 5201775924 1948112 28361  7316
41.138282487 5203229197 1453273 28357  10019
41.150298254 5204975421 1746224 28365  6769
41.162298296 5206767003 1791582 28350  9210
41.174285274 5208175802 1408799 28366  9014
41.186295425 5210104509 1928707 28362  6785
41.198281276 5211608867 1504358 28348  10207
41.210295214 5213298142 1689275 28362  7103
41.222281791 5215084168 1786026 28348  9122
41.234282217 5216485647 1401479 28359  8967
41.246285421 5218428922 1943275 28362  6627
41.258304065 5220013252 1584330 28354  10088
41.270299263 5221620828 1607576 28376  7011
41.282281994 5223567706 1946878 28362  8397
41.294298409 5224851660 1283954 28358  9878
41.306293290 5226759772 1908112 28362  5425
41.318287545 5228397721 1637949 28349  10229
41.330296942 5229966574 1568853 28354  8119
41.342294823 5231910143 1943569 28372  7564
41.354281828 5233349747 1439604 28365  9982
41.366292949 5235117672 1767925 28357  6242
41.378285547 5236835554 1717882 28362  9777
41.390293942 5238294568 1459014 28364  8565
41.402282263 5240231471 1936903 28354  7434
41.414282987 5241688349 1456878 28356  10128
41.426290342 5243437073 1748724 28374  6919
41.438284922 5245208735 1771662 28372  9033
41.450280973 5246620007 1411272 28360  8767
41.462283405 5248557656 1937649 28365  6581
41.474285653 5250119029 1561373 28351  9931
41.486294844 5251748024 1628995 28360  6739
41.498295906 5253630255 1882231 28351  8644
41.510283876 5254935029 1304774 28359  9231
41.522296318 5256884199 1949170 28365  6424
41.534293489 5258471818 1587619 28357  10162
41.546296980 5260076504 1604686 28361  7411
41.558285544 5262031460 1954956 28359  8318
41.570282506 5263372343 1340883 28376  10277
41.582304041 5265242730 1870387 28359  5671
41.594296282 5266842681 1599951 28355  10221
41.606296106 5268404338 1561657 28358  7872
41.618293547 5270358109 1953771 28358  8127
41.630294466 5271710486 1352377 28375  10032
41.642298780 5273553904 1843418 28354  5699
41.654284588 5275200863 1646959 28354  9892
41.666283272 5276728033 1527170 28352  8115
41.678294190 5278661997 1933964 28361  7138
41.690297184 5280041359 1379362 28361  9977
41.702281163 5281856933 1815574 28359  6040
41.714286244 5283556920 1699987 28375  9694
41.726295718 5285038506 1481586 28352  8124
41.738301770 5286973654 1935148 28366  7591
41.750282510 5288341980 1368326 28349  10053
41.762282691 5290188514 1846534 28360  6745
41.774285806 5291941753 1753239 28355  9309
41.786280421 5293367008 1425255 28368  8682
41.798287345 5295300616 1933608 28362  7190
41.810281536 5296723298 1422682 28365  10190
41.822299205 5298496060 1772762 28361  6485
41.834283026 5300284596 1788536 28355  9265
41.846285310 5301683333 1398737 28357  8786
41.858281754 5303621182 1937849 28364  6560
41.870292980 5305132079 1510897 28353  9901
41.882298111 5306797675 1665596 28357  6534
41.894289105 5308602653 1804978 28353  8894
41.906283803 5309989821 1387168 28353  9153
41.918283150 5311922897 1933076 28357  6483
41.930297765 5313406720 1483823 28346  10245
41.942297027 5315123377 1716657 28356  6893
41.954294111 5316969284 1845907 28351  8955
41.966294229 5318308472 1339188 28362  9030
41.978294393 5320236769 1928297 28350  6766
41.990285081 5321775027 1538258 28358  10392
42.002297379 5323433766 1658739 28358  6996
42.014293964 5325229986 1796220 28357  8992
42.026294468 5326614230 1384244 28364  8897
42.038293346 5328554804 1940574 28358  6514
42.050284163 5330143025 1588221 28365  10097
42.062304498 5331743278 1600253 28371  6977
42.074295413 5333593562 1850284 28347  8415
42.086296897 5334910981 1317419 28367  8870
42.098284035 5336849159 1938178 28346  6675
42.110285839 5338371706 1522547 28355  10054
42.122294704 5340042509 1670803 28358  6867
42.134282778 5341928940 1886431 28350  9006
42.146282277 5343236344 1307404 28354  8977
42.158297794 5345172513 1936169 28371  6720
42.170284872 5346711892 1539379 28351  10223
42.182284113 5348349750 1637858 28356  6943
42.194282191 5350133024 1783274 28361  9195
42.206280576 5351532707 1399683 28359  8781
42.218308537 5353464471 1931764 28372  6809
42.230284891 5354992087 1527616 28359  9991
42.242283326 5356657754 1665667 28354  6783
42.254298681 5358517967 1860213 28354  8696
42.266298325 5359832627 1314660 28362  8794
42.278298050 5361764570 1931943 28348  6450
42.290280554 5363309474 1544904 28348  10135
42.302294623 5364965634 1656160 28356  6899
42.314293720 5366774466 1808832 28354  8822
42.326285941 5368142263 1367797 28365  9032
42.338282529 5370096873 1954610 28351  6623
42.350294653 5371692040 1595167 28349  10267
42.362296388 5373297691 1605651 28358  7697
42.374287863 5375233090 1935399 28351  8229
42.386298427 5376520827 1287737 28365  10033
42.398294165 5378435582 1914755 28355  5852
42.410286959 5380063890 1628308 28360  10024
42.422295380 5381617752 1553862 28361  8219
42.434298336 5386843243 5225491 78123  26693
42.446283390 5388781155 1937912 28357  5629
42.458293011 5390369087 1587932 28364  10218
42.470285462 5391972090 1603003 28366  7467
42.482297683 5393912697 1940607 28358  8247
42.494298464 5395255264 1342567 28361  9936
42.506281859 5397130594 1875330 28372  5733
42.518285150 5398763176 1632582 28352  10213
42.530294415 5400291277 1528101 28349  8004
42.542281466 5402230984 1939707 28353  7933
42.554284140 5403570113 1339129 28373  10104
42.566286188 5405415356 1845243 28355  5860
42.578295436 5407051195 1635839 28364  10055
42.590286097 5408603126 1551931 28364  8178
42.602285832 5410536291 1933165 28358  7402
42.614296030 5411928572 1392281 28356  9855
42.626292857 5413727774 1799202 28361  5715
42.638296316 5415390449 1662675 28352  9802
42.650285100 5416892046 1501597 28344  7911
42.662283104 5418840662 1948616 28355  7720
42.674297840 5420166206 1325544 28354  10035
42.686297207 5422035686 1869480 28352  6065
42.698300715 5423762854 1727168 28360  9748
42.710281703 5425230396 1467542 28350  8836
42.722293907 5427162224 1931828 28355  7103
42.734294636 5428602386 1440162 28354  10181
42.746285693 5430343262 1740876 28350  6262
42.758286474 5432015082 1671820 28351  9969
42.770293565 5433517924 1502842 28357  8169
42.782282666 5435453600 1935676 28359  7402
42.794292812 5436810737 1357137 28349  9882
42.806282009 5438642989 1832252 28352  6000
42.818293354 5440286919 1643930 28360  9531
42.830294938 5441808814 1521895 28363  8199
42.842295469 5443743865 1935051 28360  7214
42.854293694 5445124259 1380394 28352  10192
42.866287069 5446944040 1819781 28357  5787
42.878280693 5448627695 1683655 28358  9993
42.890284047 5450120394 1492699 28354  8303
42.902285015 5452064673 1944279 28364  7541
42.914284094 5453490266 1425593 28357  10111
42.926281035 5455250060 1759794 28367  6153
42.938285029 5456893520 1643460 28350  10067
42.950295110 5458423686 1530166 28351  8317
42.962294118 5460355124 1931438 28360  7519
42.974298050 5461704880 1349756 28365  9954
42.986281291 5463553461 1848581 28351  6332
42.998285015 5465364909 1811448 28349  9292
43.010289419 5466735589 1370680 28376  8743
43.022295017 5468662856 1927267 28357  6612
43.034297419 5470172448 1509592 28353  9995
43.046294300 5471853454 1681006 28362  6760
43.058294248 5473575225 1721771 28363  8986
43.070295326 5475023944 1448719 28369  8485
43.082284286 5476970677 1946733 28366  7293
43.094296272 5478483244 1512567 28370  10130
43.106298659 5480167080 1683836 28358  6795
43.118287514 5481927713 1760633 28357  9161
43.130280441 5483336872 1409159 28359  8977
43.142285833 5485277459 1940587 28343  7054
43.154293891 5486795771 1518312 28353  10161
43.166297692 5488470051 1674280 28357  6872
43.178302836 5490337937 1867886 28364  8705
43.190282595 5491651855 1313918 28372  9286
43.202294406 5493587216 1935361 28352  6108
43.214281764 5495169353 1582137 28364  10066
43.226281998 5496767563 1598210 28354  7010
43.238282712 5498705982 1938419 28362  8565
43.250281454 5499966409 1260427 28353  9809
43.262285532 5501900117 1933708 28364  5841
43.274282590 5503488665 1588548 28360  10210
43.286281671 5505108882 1620217 28367  8124
43.298293212 5507046004 1937122 28368  7733
43.310295654 5508391312 1345308 28351  10085
43.322281261 5510227075 1835763 28367  5965
43.334291056 5511827999 1600924 28355  10239
43.346285903 5513405144 1577145 28358  8248
43.358295838 5515338575 1933431 28366  7469
43.370282043 5516690067 1351492 28355  9892
43.382280907 5518527356 1837289 28361  5865
43.394283205 5520171609 1644253 28355  9681
43.406293233 5521687913 1516304 28354  7936
43.418282947 5523621350 1933437 28354  7411
43.430295609 5524973540 1352190 28364  9905
43.442297377 5526826395 1852855 28364  6270
43.454297784 5528496904 1670509 28359  9738
43.466280209 5529983642 1486738 28368  8027
43.478281610 5531934386 1950744 28354  7673
43.490292535 5533361933 1427547 28353  10314
43.502294489 5535127613 1765680 28354  6362
43.514285200 5536832026 1704413 28360  9542
43.526285149 5538292460 1460434 28358  8461
43.538297447 5540230177 1937717 28360  7476
43.550281884 5541593756 1363579 28358  10006
43.562284675 5543419680 1825924 28355  6314
43.574282906 5545200360 1780680 28361  9238
43.586295358 5546601961 1401601 28362  8822
43.598283359 5548524540 1922579 28354  6391
43.610282274 5550022677 1498137 28359  10104
43.622294398 5551710804 1688127 28362  6624
43.634292723 5553624152 1913348 28361  8992
43.646305341 5554906386 1282234 28350  9290
43.658285029 5556859611 1953225 28360  6297
43.670281736 5558477557 1617946 28356  10218
43.682283537 5560061223 1583666 28361  8359
43.694295929 5561989696 1928473 28353  7528
43.706297257 5563335733 1346037 28365  10064
43.718292728 5565173533 1837800 28353  5773
43.730296076 5566804885 1631352 28355  10379
43.742281880 5568348807 1543922 28361  8168
43.754296545 5570277976 1929169 28356  7407
43.766295200 5571634480 1356504 28353  9824
43.778299437 5573489633 1855153 28367  6275
43.790297176 5575214793 1725160 28356  9183
43.802280499 5576667501 1452708 28349  8186
43.814291435 5578617781 1950280 28357  7196
43.826282639 5580018486 1400705 28348  10101
43.838295744 5581824938 1806452 28369  5920
43.850294402 5583534430 1709492 28348  9824
43.862286880 5585011144 1476714 28357  8392
43.874295167 5586966818 1955674 28362  7374
43.886281088 5588441797 1474979 28352  10051
43.898283403 5590180928 1739131 28355  6858
43.910293658 5591980443 1799515 28358  9291
43.922298349 5593384818 1404375 28365  9080
43.934293500 5595337483 1952665 28352  6629
43.946282041 5596905502 1568019 28360  10029
43.958286116 5598547205 1641703 28369  6899
43.970288721 5600457612 1910407 28359  8529
43.982298002 5601745553 1287941 28360  9018
43.994297116 5603680646 1935093 28354  6287
44.006282448 5605205361 1524715 28345  9955
44.018293989 5606897872 1692511 28359  7076
44.030297447 5608725325 1827453 28351  8645
44.042293818 5610093084 1367759 28367  9081
44.054294562 5612044254 1951170 28362  6693
44.066295017 5613654795 1610541 28361  10261
44.078283385 5615265444 1610649 28360  7430
44.090281603 5617223128 1957684 28352  8353
44.102282770 5618540326 1317198 28367  10253
44.114297599 5620413218 1872892 28365  5793
44.126290857 5622016083 1602865 28357  10115
44.138281504 5623632208 1616125 28358  7796
44.150281499 5625586715 1954507 28365  7684
44.162297484 5626966165 1379450 28366  9983
44.174294345 5628801339 1835174 28357  5635
44.186284679 5630449919 1648580 28359  9806
44.198284724 5631992157 1542238 28360  8027
44.210282788 5633945363 1953206 28352  7484
44.222280196 5635406216 1460853 28362  9968
44.234282214 5637164478 1758262 28365  6811
44.246281945 5639044038 1879560 28356  9090
44.258293766 5640369783 1325745 28364  9015
44.270294955 5642317610 1947827 28348  6634
44.282303999 5643879739 1562129 28352  10213
44.294298487 5645518798 1639059 28364  7049
44.306292598 5647311400 1792602 28357  9019
44.318296677 5648713786 1402386 28364  8871
44.330281504 5650655521 1941735 28368  6681
44.342282629 5652189084 1533563 28370  9984
44.354297253 5653866936 1677852 28365  6621
44.366297741 5655766570 1899634 28356  8795
44.378284956 5657070120 1303550 28363  8968
44.390280830 5659014624 1944504 28358  6302
44.402293805 5660569275 1554651 28354  10082
44.414298890 5662219825 1650550 28363  6956
44.426284741 5664113266 1893441 28352  8778
44.438285872 5669313373 5200107 76323  25711
44.450302706 5670631749 1318376 28354  9108
44.462299938 5672568997 1937248 28348  6767
44.474280988 5674021366 1452369 28359  10074
44.486283104 5675773457 1752091 28365  6773
44.498285431 5677551012 1777555 28353  9168
44.510297662 5678973431 1422419 28359  8818
44.522284747 5680917848 1944417 28365  6694
44.534283631 5682442036 1524188 28352  9924
44.546293526 5684118727 1676691 28358  6161
44.558363212 5685910437 1791710 28346  9235
44.570286189 5687322129 1411692 28364  8742
44.582285167 5689265344 1943215 28357  6840
44.594293611 5690785300 1519956 28355  10137
44.606310723 5692474238 1688938 28368  6795
44.618287530 5694284597 1810359 28351  8916
44.630282002 5695671860 1387263 28359  9122
44.642286886 5697609161 1937301 28356  6702
44.654285404 5699097464 1488303 28359  10145
44.666285268 5700815355 1717891 28363  6664
44.678284117 5702544342 1728987 28369  9357
44.690297718 5703999018 1454676 28360  8230
44.702295122 5705948331 1949313 28367  7231
44.714283733 5707404705 1456374 28371  9856
44.726281121 5709167984 1763279 28354  6738
44.738298956 5710982421 1814437 28367  8768
44.750295054 5712362851 1380430 28380  8912
44.762291498 5714308086 1945235 28360  6484
44.774282549 5715860306 1552220 28360  10273
44.786293668 5717510748 1650442 28363  6578
44.798299312 5719320763 1810015 28356  9064
44.810292881 5720711049 1390286 28359  9043
44.822296185 5722667143 1956094 28359  6760
44.834283913 5724268791 1601648 28359  10136
44.846299051 5725875351 1606560 28371  7375
44.858281858 5727783177 1907826 28353  8558
44.870282776 5729064266 1281089 28351  9417
44.882294891 5731008240 1943974 28354  6319
44.894293296 5732616221 1607981 28373  10037
44.906284220 5734222110 1605889 28361  7293
44.918291599 5736178738 1956628 28354  8104
44.930294886 5737477909 1299171 28363  9823
44.942283821 5739371264 1893355 28365  5517
44.954282575 5740968730 1597466 28353  9839
44.966294030 5742576603 1607873 28348  7896
44.978281821 5744515628 1939025 28354  7779
44.990284222 5745843025 1327397 28360  10087
45.002295943 5747740669 1897644 28365  5564
45.014296032 5749405927 1665258 28358  10177
45.026294186 5750935559 1529632 28356  8261
45.038282681 5752881975 1946416 28361  7453
45.050286055 5754260310 1378335 28347  10244
45.062280976 5756087459 1827149 28351  5764
45.074295948 5757732394 1644935 28356  10082
45.086289672 5759279718 1547324 28356  8135
45.098286040 5761227972 1948254 28356  7276
45.110295298 5762685746 1457774 28354  10019
45.122296460 5764444754 1759008 28363  6356
45.134293721 5766213236 1768482 28362  8928
45.146293475 5767643372 1430136 28361  8723
45.158295620 5769586579 1943207 28351  6716
45.170285604 5771122894 1536315 28348  10061
45.182284719 5772793221 1670327 28357  6787
45.194283703 5774667580 1874359 28362  8946
45.206297219 5775993836 1326256 28371  9056
45.218283289 5777942636 1948800 28356  6598
45.230293144 5779532651 1590015 28356  10204
45.242289688 5781146396 1613745 28358  7404
45.254283287 5783001806 1855410 28356  8654
45.266293885 5784331610 1329804 28363  8922
45.278286149 5786281930 1950320 28356  6568
45.290284330 5787884726 1602796 28349  10051
45.302286041 5789494047 1609321 28381  7101
45.314280483 5791455094 1961047 28356  8125
45.326282771 5792776286 1321192 28354  9808
45.338282885 5794667497 1891211 28357  5376
45.350294853 5796294277 1626780 28359  10159
45.362296438 5797856538 1562261 28352  8043
45.374284936 5799802103 1945565 28357  7575
45.386294130 5801157945 1355842 28365  9921
45.398300639 5803016111 1858166 28366  5953
45.410298063 5804697211 1681100 28360  9955
45.422295097 5806201498 1504287 28360  8227
45.434285422 5808149140 1947642 28357  7638
45.446296627 5809511362 1362222 28358  10008
45.458296551 5811353559 1842197 28367  5788
45.470296186 5813036112 1682553 28360  10094
45.482293580 5814545007 1508895 28362  8102
45.494297099 5816489551 1944544 28359  7258
45.506293556 5817945940 1456389 28357  9832
45.518284277 5819700182 1754242 28352  6059
45.530281765 5821438852 1738670 28354  9364
45.542294897 5822886855 1448003 28363  8182
45.554289948 5824828789 1941934 28362  7382
45.566294899 5826203667 1374878 28360  9992
45.578281983 5828038598 1834931 28360  6236
45.590285224 5829782928 1744330 28365  9566
45.602297333 5831239704 1456776 28355  8890
45.614282297 5833180044 1940340 28364  6884
45.626281125 5834655709 1475665 28365  10069
45.638282749 5836381873 1726164 28359  6561
45.650281815 5838159489 1777616 28354  9472
45.662283572 5839585955 1426466 28367  8959
45.674285487 5841530753 1944798 28370  6490
45.686285141 5843078631 1547878 28355  9967
45.698281733 5844733574 1654943 28361  6679
45.710285457 5846556207 1822633 28352  8548
45.722301716 5847923281 1367074 28370  8935
45.734281963 5849871885 1948604 28347  6298
45.746294518 5851466907 1595022 28345  10273
45.758294349 5853077612 1610705 28369  7008
45.770294678 5854984156 1906544 28355  8617
45.782282588 5856270387 1286231 28361  9266
45.794293836 5858236024 1965637 28350  6426
45.806294837 5859832456 1596432 28354  10091
45.818292999 5861429643 1597187 28350  7662
45.830297044 5863369689 1940046 28361  8243
45.842294791 5864627617 1257928 28356  10069
45.854294022 5866585101 1957484 28365  5643
45.866293811 5868198747 1613646 28352  9946
45.878305439 5869781516 1582769 28363  7987
45.890285220 5871731100 1949584 28361  7354
45.902292774 5873103708 1372608 28359  9767
45.914284113 5874930323 1826615 28350  5476
45.926281920 5876588915 1658592 28351  9890
45.938282858 5878122634 1533719 28358  8415
45.950296609 5880063995 1941361 28361  7197
45.962287918 5881467746 1403751 28361  10103
45.974281949 5883277376 1809630 28358  6578
45.986281490 5885076649 1799273 28361  9205
45.998284884 5886477219 1400570 28384  8959
46.010282633 5888416572 1939353 28362  6788
46.022295087 5889925755 1509183 28347  10342
46.034304169 5891616269 1690514 28364  6830
46.046283039 5893423727 1807458 28357  9077
46.058298094 5894811230 1387503 28357  8728
46.070282279 5896760094 1948864 28347  6588
46.082298703 5898322994 1562900 28356  10015
46.094298612 5899959307 1636313 28357  6677
46.106285786 5901834889 1875582 28359  8683
46.118295514 5903154253 1319364 28350  9000
46.130294485 5905092403 1938150 28357  6397
46.142294403 5906637464 1545061 28359  10069
46.154292828 5908286115 1648651 28358  6633
46.166293822 5910113916 1827801 28360  9125
46.178294817 5911481956 1368040 28357  8883
46.190307532 5913432234 1950278 28356  6786
46.202297779 5914999374 1567140 28358  10161
46.214294554 5916626750 1627376 28363  7141
46.226287375 5918433214 1806464 28356  8925
46.238293120 5919814142 1380928 28362  8918
46.250286278 5921761539 1947397 28354  6587
46.262282662 5923330118 1568579 28357  9982
46.274282686 5924955330 1625212 28369  6580
46.286293588 5926823920 1868590 28347  8727
46.298281886 5928147724 1323804 28373  8743
46.310281754 5930091860 1944136 28350  6398
46.322280985 5931647769 1555909 28357  10098
46.334283870 5933288233 1640464 28353  6686
46.346281551 5935077433 1789200 28354  8948
46.358290242 5936479020 1401587 28364  8855
46.370286263 5938420846 1941826 28361  6705
46.382282672 5939955570 1534724 28358  10316
46.394286563 5941621027 1665457 28361  6611
46.406280167 5943397502 1776475 28367  9189
46.418295726 5944811001 1413499 28355  8730
46.430297040 5949956028 5145027 73062  23323
46.442296461 5951780504 1824476 28357  8929
46.454284263 5953159540 1379036 28381  9033
46.466282710 5955093401 1933861 28363  6141
46.478302688 5956604597 1511196 28362  10010
46.490292666 5958290771 1686174 28360  6393
46.502281968 5960100317 1809546 28361  9114
46.514308582 5961482506 1382189 28365  8732
46.526299240 5963430399 1947893 28357  6810
46.538294911 5964983975 1553576 28355  10051
46.550282440 5966630935 1646960 28361  6915
46.562286987 5968308525 1677590 28350  8860
46.574294022 5969797046 1488521 28364  8174
46.586285616 5971737389 1940343 28359  7626
46.598284055 5973094245 1356856 28359  10139
46.610295099 5974948412 1854167 28372  5851
46.622296638 5976635238 1686826 28356  9766
46.634283344 5978129401 1494163 28363  7952
46.646281730 5980080116 1950715 28356  7343
46.658281057 5981450508 1370392 28362  9768
46.670280552 5983278498 1827990 28359  6227
46.682282976 5984973717 1695219 28351  9758
46.694282875 5986467657 1493940 28354  8427
46.706285922 5988402374 1934717 28361  7218
46.718281974 5989759612 1357238 28369  10119
46.730295065 5991614310 1854698 28357  6019
46.742293476 5993336561 1722251 28351  9775
46.754295085 5994804522 1467961 28363  8434
46.766293823 5996743466 1938944 28370  7257
46.778294240 5998125275 1381809 28352  10202
46.790285328 5999944138 1818863 28355  5874
46.802294627 6001640095 1695957 28358  10039
46.814297428 6003134993 1494898 28359  8273
46.826293379 6005087155 1952162 28361  7172
46.838292460 6006607492 1520337 28358  10002
46.850295552 6008285263 1677771 28359  6267
46.862297736 6010000115 1714852 28364  9016
46.874298308 6011464599 1464484 28349  8115
46.886294108 6013414879 1950280 28356  7322
46.898282170 6014883560 1468681 28359  9926
46.910279968 6016617540 1733980 28357  6615
46.922286332 6018384540 1767000 28357  9214
46.934281940 6019815850 1431310 28364  8812
46.946281902 6021761705 1945855 28360  6778
46.958294596 6023323560 1561855 28357  10166
46.970285208 6024959103 1635543 28356  7044
46.982284248 6026770447 1811344 28359  8943
46.994288137 6028144159 1373712 28358  8759
47.006295195 6030082528 1938369 28361  6685
47.018296550 6031603711 1521183 28363  9951
47.030284951 6033286969 1683258 28363  6642
47.042285415 6035179267 1892298 28362  8641
47.054283026 6036480157 1300890 28357  8850
47.066285335 6038419580 1939423 28363  6286
47.078275826 6039973888 1554308 28349  10042
47.090294773 6041613557 1639669 28352  6700
47.102293922 6043403991 1790434 28352  8941
47.114295536 6044803202 1399211 28366  8851
47.126281767 6046752332 1949130 28358  6678
47.138293942 6048310601 1558269 28361  10266
47.150305010 6049944003 1633402 28353  6806
47.162294448 6051733768 1789765 28357  9061
47.174283789 6053132597 1398829 28378  8859
47.186294961 6055072968 1940371 28357  6901
47.198296992 6056590318 1517350 28361  10021
47.210296613 6058271742 1681424 28349  6482
47.222297262 6060094642 1822900 28357  8861
47.234282398 6061469866 1375224 28364  8944
47.246281037 6063406643 1936777 28355  6139
47.258281585 6064955067 1548424 28353  9997
47.270281756 6066603190 1648123 28362  6556
47.282282161 6068412100 1808910 28358  8912
47.294298252 6069786574 1374474 28363  8717
47.306291580 6071737344 1950770 28363  6805
47.318286748 6073329354 1592010 28358  10066
47.330281686 6074946085 1616731 28359  7412
47.342295967 6076846676 1900591 28358  8377
47.354282462 6078124581 1277905 28353  9145
47.366286260 6080065713 1941132 28353  6570
47.378285141 6081657869 1592156 28361  10238
47.390284879 6083271425 1613556 28358  7169
47.402297544 6085209220 1937795 28352  8282
47.414292392 6086475457 1266237 28353  9789
47.426297810 6088438298 1962841 28349  5428
47.438295198 6093600130 5161832 76547  24966
47.450285699 6095199081 1598951 28351  10270
47.462291540 6096799718 1600637 28356  7221
47.474283378 6098751459 1951741 28355  8329
47.486283372 6100099324 1347865 28361  9924
47.498294037 6101969584 1870260 28365  5953
47.510282658 6103621830 1652246 28347  9960
47.522296717 6105153309 1531479 28362  8274
47.534298571 6107090947 1937638 28364  7497
47.546300762 6108451175 1360228 28369  10116
47.558287103 6110295295 1844120 28353  5806
47.570282158 6111942540 1647245 28353  9745
47.582275330 6113481338 1538798 28359  8194
47.594283114 6115427353 1946015 28358  7118
47.606281816 6116922976 1495623 28359  9826
47.618281444 6118635185 1712209 28356  6676
47.630303666 6120460984 1825799 28367  8642
47.642295012 6121825930 1364946 28360  9125
47.654295338 6123764888 1938958 28356  6451
47.666294259 6125314309 1549421 28360  10112
47.678296440 6126966478 1652169 28362  6942
47.690283881 6128852374 1885896 28359  8735
47.702281936 6130152071 1299697 28352  8965
47.714286567 6132090931 1938860 28354  6651
47.726297192 6133636720 1545789 28348  10262
47.738296170 6135288366 1651646 28367  6946
47.750293038 6137149591 1861225 28357  8852
47.762294506 6138480700 1331109 28360  8944
47.774296414 6140417686 1936986 28371  6305
47.786291325 6141940147 1522461 28356  9944
47.798295566 6143609261 1669114 28363  6408
47.810283511 6145361993 1752732 28345  8822
47.822286212 6146792952 1430959 28358  8531
47.834293260 6148738688 1945736 28363  6879
47.846287185 6150263108 1524420 28369  9980
47.858293876 6151934721 1671613 28367  6755
47.870283864 6153833487 1898766 28355  8945
47.882285242 6155140442 1306955 28368  9405
47.894282250 6157102327 1961885 28364  6165
47.906285485 6158678045 1575718 28351  10157
47.918292902 6160290658 1612613 28356  7976
47.930286258 6162225036 1934378 28357  7956
47.942289302 6163528305 1303269 28361  9911
47.954296987 6165441355 1913050 28353  5491
47.966285177 6167100726 1659371 28363  10014
47.978296686 6168630386 1529660 28364  8206
47.990283440 6170575325 1944939 28356  6933
48.002293362 6172002071 1426746 28347  9781
48.014294523 6173769190 1767119 28349  5971
48.026283578 6175496669 1727479 28358  9668
48.038297350 6176950680 1454011 28353  8244
48.050296657 6178890865 1940185 28360  7313
48.062295495 6180373296 1482431 28351  9860
48.074294259 6182103846 1730550 28361  6809
48.086293268 6183979741 1875895 28350  9021
48.098303309 6185293196 1313455 28354  9046
48.110281877 6187223232 1930036 28358  6752
48.122284021 6188686229 1462997 28357  9984
48.134294946 6190419269 1733040 28356  6752
48.146285621 6192196186 1776917 28352  9058
48.158298409 6193612174 1415988 28364  8727
48.170292310 6195546217 1934043 28360  6489
48.182294101 6197092488 1546271 28349  9847
48.194294256 6198745190 1652702 28365  6487
48.206283468 6200593096 1847906 28358  8755
48.218283122 6201931476 1338380 28365  8714
48.230297533 6203877344 1945868 28357  6752
48.242295728 6205423495 1546151 28370  10076
48.254279609 6207070475 1646980 28357  6900
48.266290807 6208963590 1893115 28360  8711
48.278295249 6210267309 1303719 28362  9520
48.290295220 6212200144 1932835 28357  6208
48.302282564 6213757251 1557107 28365  10161
48.314293805 6215388445 1631194 28361  6877
48.326282574 6217212875 1824430 28354  9039
48.338280808 6218575971 1363096 28356  8968
48.350283993 6220518640 1942669 28355  6421
48.362285775 6222074720 1556080 28348  9916
48.374294329 6223714568 1639848 28355  6843
48.386293657 6225597318 1882750 28344  8311
48.398297598 6226892209 1294891 28362  8941
48.410297806 6228835307 1943098 28352  6287
48.422299617 6230429477 1594170 28357  10259
48.434296379 6232023723 1594246 28357  6569
48.446283157 6233892892 1869169 28359  8942
48.458286265 6235213230 1320338 28359  9115
48.470298303 6237158639 1945409 28352  6634
48.482287163 6238752716 1594077 28348  10069
48.494284422 6240352996 1600280 28358  7118
48.506293246 6242251480 1898484 28351  8716
48.518283844 6243533212 1281732 28371  9219
48.530283356 6245474408 1941196 28352  6389
48.542294247 6247035443 1561035 28356  9971
48.554295878 6248668189 1632746 28354  6867
48.566282573 6250612892 1944703 28355  8453
48.578290984 6251872091 1259199 28354  9590
48.590284582 6253806555 1934464 28366  5574
48.602298254 6255396044 1589489 28362  9828
48.614283162 6257007585 1611541 28353  7940
48.626282883 6258948479 1940894 28361  7687
48.638284357 6260297423 1348944 28352  10064
48.650295706 6262156825 1859402 28365  5774
48.662298274 6263827971 1671146 28353  9918
48.674281748 6265333233 1505262 28352  8095
48.686293923 6267271804 1938571 28361  7591
48.698281111 6268642944 1371140 28360  10177
48.710283452 6270469263 1826319 28372  5744
48.722295870 6272087332 1618069 28356  10073
48.734294055 6273647821 1560489 28354  7878
48.746305557 6275592311 1944490 28363  7476
48.758293291 6276989462 1397151 28353  9910
48.770298249 6278792315 1802853 28369  5822
48.782295604 6280480990 1688675 28357  9379
48.794281894 6281956624 1475634 28356  7661
48.806286069 6283901991 1945367 28364  7729
48.818296684 6285250348 1348357 28359  9882
48.830282402 6287100731 1850383 28363  5795
48.842293087 6288780891 1680160 28358  10013
48.854282984 6290283774 1502883 28361  8165
48.866294806 6292223722 1939948 28369  7463
48.878294684 6293650866 1427144 28360  10039
48.890284908 6295423072 1772206 28361  6630
48.902291494 6297111668 1688596 28350  9383
48.914294868 6298596899 1485231 28353  8194
48.926280996 6300536214 1939315 28370  7240
48.938297261 6301909354 1373140 28351  9787
48.950297295 6303736088 1826734 28351  6073
48.962284143 6305505076 1768988 28353  9332
48.974284131 6306928821 1423745 28359  8570
48.986298149 6308865036 1936215 28365  6584
48.998285414 6310374030 1508994 28370  9961
49.010280511 6312058570 1684540 28373  6504
49.022282442 6313819984 1761414 28358  9159
49.034298281 6315249313 1429329 28364  8764
49.046294912 6317198515 1949202 28365  6742
49.058289201 6318801290 1602775 28357  10260
49.070282562 6320402103 1600813 28360  7270
49.082281773 6322297213 1895110 28352  8518
49.094294948 6323577297 1280084 28366  8996
49.106296379 6325520193 1942896 28360  6691
49.118286330 6327117323 1597130 28374  9968
49.130286149 6328719279 1601956 28363  7041
49.142285106 6330617778 1898499 28355  8319
49.154294761 6331906366 1288588 28351  9186
49.166281785 6333840618 1934252 28367  5950
49.178292757 6335434054 1593436 28342  9980
49.190282988 6337039266 1605212 28359  6983
49.202295880 6338972259 1932993 28350  8570
49.214305218 6340226907 1254648 28352  9378
49.226283345 6342175415 1948508 28356  6117
49.238282200 6343770484 1595069 28357  10102
49.250298735 6345378714 1608230 28371  8007
49.262282239 6347318531 1939817 28355  7770
49.274282791 6348669403 1350872 28368  10000
49.286283529 6350522291 1852888 28363  5739
49.298294927 6352109723 1587432 28360  10302
49.310296935 6353702001 1592278 28355  7999
49.322283863 6355647614 1945613 28361  7452
49.334294937 6357029418 1381804 28356  9786
49.346281152 6358849494 1820076 28361  5963
49.358297307 6360530190 1680696 28367  9351
49.370293038 6362023137 1492947 28364  8046
49.382293786 6363966068 1942931 28353  7165
49.394295094 6365383963 1417895 28350  10046
49.406295655 6367163324 1779361 28360  5866
49.418286746 6368861607 1698283 28355  9785
49.430293361 6374008361 5146754 76218  25592
49.442295569 6375533259 1524898 28356  8071
49.454293974 6377470857 1937598 28362  7662
49.466282358 6378825980 1355123 28363  10108
49.478281753 6380680454 1854474 28357  6281
49.490297391 6382414935 1734481 28352  9278
49.502285243 6383865407 1450472 28366  8363
49.514281611 6385796371 1930964 28350  6819
49.526283005 6387166606 1370235 28366  9706
49.538304650 6388990002 1823396 28367  5680
49.550297698 6390674102 1684100 28355  9670
49.562284102 6392177035 1502933 28359  8572
49.574283450 6394108155 1931120 28355  6983
49.586297189 6395483138 1374983 28359  10060
49.598282163 6397312047 1828909 28355  6475
49.610279747 6399111264 1799217 28355  9312
49.622285633 6400505246 1393982 28362  8906
49.634293754 6402438121 1932875 28358  6780
49.646293628 6403929303 1491182 28358  10268
49.658281907 6405636675 1707372 28360  6935
49.670295494 6407445972 1809297 28363  8866
49.682281375 6408825750 1379778 28368  8894
49.694306097 6410770730 1944980 28353  6410
49.706286415 6412372372 1601642 28354  9930
49.718281746 6413970572 1598200 28365  7045
49.730297278 6415868173 1897601 28349  8151
49.742294829 6417147209 1279036 28351  9112
49.754286711 6419087643 1940434 28356  6326
49.766292925 6420679745 1592102 28358  10067
49.778295300 6422283783 1604038 28362  7342
49.790293725 6424231625 1947842 28352  8327
49.802281793 6425575604 1343979 28359  9876
49.814282857 6427444722 1869118 28362  5890
49.826295629 6429086777 1642055 28347  10023
49.838285067 6430623538 1536761 28364  8378
49.850288388 6432557280 1933742 28353  7523
49.862283575 6433921013 1363733 28347  9869
49.874295097 6435759632 1838619 28363  5797
49.886298575 6437432729 1673097 28361  9801
49.898281439 6438937535 1504806 28364  8040
49.910286775 6440880737 1943202 28360  7122
49.922294112 6442259347 1378610 28354  9752
49.934281313 6444074584 1815237 28367  5998
49.946285175 6445798786 1724202 28352  9583
49.958285170 6447253881 1455095 28351  8365
49.970295148 6449194874 1940993 28359  7137
49.982295026 6450668023 1473149 28361  9924
49.994283164 6452401511 1733488 28354  6977
50.006296516 6454303805 1902294 28353  8887
50.018288543 6455584643 1280838 28369  9064
50.030294918 6457516523 1931880 28362  6686
50.042285703 6459029124 1512601 28361  10085
50.054286984 6460711404 1682280 28353  6881
50.066295815 6462539292 1827888 28369  8778
50.078294534 6463898529 1359237 28367  8945
50.090281911 6465839332 1940803 28364  6331
50.102293676 6467439278 1599946 28362  9764
50.114295421 6469040017 1600739 28348  7145
50.126297399 6470981199 1941182 28360  8096
50.138283590 6472303061 1321862 28351  9796
50.150282227 6474194376 1891315 28360  5689
50.162294849 6475833074 1638698 28355  10051
50.174289354 6477377931 1544857 28370  8228
50.186294619 6479317667 1939736 28362  7226
50.198282327 6480771753 1454086 28364  10198
50.210294341 6482519270 1747517 28368  6623
50.222297316 6484280971 1761701 28364  9170
50.234286441 6485699885 1418914 28353  8682
50.246281818 6487631732 1931847 28351  7049
50.258298320 6489095556 1463824 28358  9955
50.270280931 6490832987 1737431 28365  6596
50.282286202 6492645685 1812698 28356  8807
50.294283384 6494027781 1382096 28350  9022
50.306293882 6495959915 1932134 28365  6009
50.318297167 6497557555 1597640 28359  9996
50.330293115 6499159231 1601676 28365  7004
50.342296639 6501090983 1931752 28362  8500
50.354280330 6502354559 1263576 28360  9794
50.366295489 6504315757 1961198 28361  5713
50.378281333 6505910728 1594971 28363  10100
50.390286815 6507502514 1591786 28352  8471
50.402297503 6509439489 1936975 28361  7292
50.414297994 6510807282 1367793 28358  9964
50.426283255 6512629291 1822009 28374  5861
50.438292764 6517787526 5158235 75059  25270
50.450295055 6519376915 1589389 28361  9951
50.462298049 6520994207 1617292 28357  7813
50.474283084 6522928137 1933930 28354  7250
50.486290115 6524272357 1344220 28371  9870
50.498286193 6526130089 1857732 28365  5622
50.510281812 6527780402 1650313 28365  9879
50.522281789 6529298194 1517792 28349  7798
50.534296637 6531242145 1943951 28361  7695
50.546295206 6532608705 1366560 28359  9922
50.558295210 6534436390 1827685 28358  5805
50.570286304 6536072022 1635632 28352  9985
50.582284000 6537611224 1539202 28359  8162
50.594297411 6539549270 1938046 28364  7697
50.606292526 6540917457 1368187 28361  10075
50.618284847 6542752066 1834609 28358  6208
50.630285575 6544489797 1737731 28366  9335
50.642294407 6545933925 1444128 28358  8363
50.654303454 6547877323 1943398 28357  6795
50.666288672 6549383244 1505921 28348  9820
50.678295137 6551063708 1680464 28361  6439
50.690293648 6552884762 1821054 28353  8823
50.702296333 6554254940 1370178 28373  9180
50.714285825 6556177057 1922117 28360  6279
50.726295546 6557693162 1516105 28358  10103
50.738298661 6559372733 1679571 28359  6702
50.750284785 6561239097 1866364 28354  8924
50.762283590 6562557916 1318819 28367  8987
50.774293021 6564492843 1934927 28348  6693
50.786293579 6566040256 1547413 28356  10247
50.798282987 6567680613 1640357 28364  6875
50.810297679 6569463602 1782989 28358  8853
50.822283033 6570862372 1398770 28354  8708
50.834294531 6572803290 1940918 28359  6513
50.846284786 6574367067 1563777 28359  9932
50.858280377 6575992191 1625124 28355  6639
50.870298882 6577793282 1801091 28365  8600
50.882293397 6579163264 1369982 28366  8533
50.894287205 6581097328 1934064 28359  6816
50.906293312 6582625845 1528517 28359  9984
50.918295678 6584291977 1666132 28351  6732
50.930293915 6586184626 1892649 28352  8909
50.942293093 6587486374 1301748 28363  9281
50.954286455 6589421382 1935008 28361  6256
50.966326037 6591009132 1587750 28360  10231
50.978298725 6592609839 1600707 28367  7308
50.990293062 6594471652 1861813 28354  8607
51.002286400 6595784397 1312745 28361  9072
51.014295179 6597720579 1936182 28365  6278
51.026281986 6599277379 1556800 28357  9949
51.038282437 6600908279 1630900 28362  6732
51.050287406 6602811703 1903424 28355  8449
51.062295874 6604085627 1273924 28354  8848
51.074284781 6605148874 1063247 28345  16412
51.086282360 6606778993 1630119 28344  9621
51.098286378 6608269457 1490464 28349  7300
51.110293112 6609339923 1070466 28347  12312
51.122290804 6610822209 1482286 28360  9716
51.134282298 6612533094 1710885 28354  6469
51.146282103 6614310923 1777829 28346  8911
51.158282681 6615715601 1404678 28370  8877
51.170295959 6617641379 1925778 28358  6706
51.182294000 6619109321 1467942 28358  9957
51.194292362 6620830805 1721484 28362  6444
51.206282396 6622562890 1732085 28368  9503
51.218294805 6624006590 1443700 28363  8342
51.230282316 6625945640 1939050 28352  7121
51.242293937 6627396684 1451044 28363  9811
51.254282275 6629142657 1745973 28355  6498
51.266297867 6630921635 1778978 28356  8804
51.278280318 6632322007 1400372 28360  8748
51.290289476 6634255112 1933105 28353  6507
51.302282287 6635774601 1519489 28355  10112
51.314295975 6637439622 1665021 28363  6253
51.326297860 6639233331 1793709 28352  9316
51.338293865 6640628932 1395601 28359  8907
51.350286436 6642572248 1943316 28352  6705
51.362282008 6644136074 1563826 28354  10012
51.374296029 6645750557 1614483 28369  6720
51.386284583 6647514452 1763895 28356  9180
51.398282335 6648928653 1414201 28360  8947
51.410285853 6650867551 1938898 28366  6626
51.422294941 6652436024 1568473 28351  9991
51.434283029 6654061284 1625260 28357  6829
51.446301237 6656009948 1948664 28351  8499
51.458299195 6657287661 1277713 28354  9688
51.470297930 6659210285 1922624 28354  5460
51.482286264 6660782489 1572204 28363  9780
51.494293469 6662393102 1610613 28336  8175
51.506297390 6664332015 1938913 28354  7381
51.518293662 6665791153 1459138 28367  10017
51.530294017 6667536370 1745217 28358  6653
51.542282764 6669407434 1871064 28354  9026
51.554295330 6670671653 1264219 28349  10228
51.566295494 6671773546 1101893 28358  15663
51.578281988 6672356219 582673 28352  24155
51.590281893 6672948342 592123 28357  24275
51.602304201 6673537759 589417 28353  24327
51.614280952 6674177156 639397 28350  23843
51.626280717 6674685557 508401 28345  24662
51.638283555 6675135931 450374 28344  24578
51.650296007 6675732547 596616 28357  24001
51.662283442 6676353899 621352 28365  23709
51.674282563 6676971833 617934 28357  23935
51.686289268 6677567843 596010 28359  24408
51.698280802 6678165569 597726 28343  24574
51.710295183 6678775135 609566 28366  24405
51.722293992 6679409490 634355 28345  24200
51.734281473 6680008647 599157 28350  24808
51.746285434 6680607542 598895 28364  24726
51.758302149 6681257632 650090 28347  24377
51.770283484 6681855887 598255 28345  24851
51.782293155 6682452199 596312 28354  24716
51.794297640 6683100056 647857 28359  24057
51.806292708 6683694527 594471 28363  24678
51.818282526 6684289784 595257 28348  24626
51.830283504 6684885252 595468 28356  24618
51.842294849 6685530012 644760 28352  23982
51.854281490 6686127909 597897 28351  24712
51.866292848 6686725315 597406 28352  24774
51.878283956 6687374055 648740 28358  24261
51.890284934 6687970059 596004 28358  24741
51.902281725 6688565247 595188 28346  24720
51.914293714 6689188606 623359 28360  24320
51.926289285 6689808695 620089 28360  24532
51.938284383 6690403640 594945 28345  24701
51.950280978 6690999116 595476 28352  24666
51.962288166 6691641825 642709 28346  23917
51.974292720 6692237655 595830 28362  24641
51.986297845 6692834252 596597 28354  24816
51.998294033 6693480323 646071 28355  24229
52.010286068 6694075599 595276 28347  24624
52.022282743 6694670156 594557 28353  24794
52.034280824 6695266729 596573 28349  24639
52.046295952 6695911711 644982 28352  24190
52.058296753 6696506465 594754 28347  24771
52.070282198 6697099824 593359 28354  24646
52.082288966 6697742089 642265 28359  24001
52.094298751 6698337020 594931 28353  24667
52.106293796 6698932016 594996 28346  24695
52.118278160 6699549906 617890 28354  24408
52.130293991 6700168140 618234 28356  24346
52.142285907 6700762171 594031 28346  24736
52.154281578 6701358910 596739 28353  24747
52.166283645 6702005822 646912 28359  24149
52.178297487 6702600431 594609 28345  24731
52.190284598 6703195895 595464 28351  24707
52.202281176 6703842194 646299 28352  24034
52.214283395 6704437864 595670 28349  24687
52.226283859 6705033743 595879 28354  24759
52.238305231 6705647216 613473 28355  24506
52.250295805 6706273224 626008 28346  24185
52.262285193 6706868507 595283 28347  24717
52.274285895 6707465543 597036 28352  24758
52.286280886 6708112667 647124 28374  24290
52.298287621 6708708346 595679 28362  24840
52.310294626 6709302233 593887 28346  24628
52.322297410 6709946413 644180 28354  24026
52.334296129 6710540672 594259 28361  24715
52.346285586 6711136092 595420 28345  24827
52.358297514 6711766703 630611 28358  24222
52.370292743 6712372696 605993 28343  24484
52.382294804 6712967105 594409 28363  24706
52.394297288 6713560822 593717 28349  24609
52.406293250 6714204869 644047 28350  24212
52.418284234 6714799840 594971 28349  24772
52.430280532 6722946350 8146510 364791  329772
52.442287534 6723588738 642388 28359  24170
52.454293086 6724179284 590546 28349  24625
52.466297254 6724768858 589574 28370  24635
52.478282005 6725414029 645171 28367  24157
52.490285533 6726005770 591741 28356  24802
52.502285124 6726598809 593039 28352  24821
52.514281669 6727239263 640454 28354  24012
52.526282257 6727830567 591304 28348  24740
52.538293365 6728424003 593436 28360  24703
52.550282773 6729029920 605917 28343  24528
52.562294158 6729658208 628288 28359  24393
52.574296239 6730250374 592166 28353  24650
52.586294620 6730842059 591685 28349  24678
52.598284505 6731484046 641987 28355  24095
52.610285136 6731839428 355382 28353  25364
52.622282518 6732423253 583825 28342  23925
52.634295343 6732845825 422572 28345  21991
52.646295065 6733373627 527802 28352  23271
52.658285606 6733987793 614166 28361  23611
52.670297023 6734602600 614807 28352  23894
52.682295905 6735192597 589997 28360  24495
52.694284106 6735782505 589908 28354  24540
52.706282691 6736422455 639950 28363  23794
52.718303306 6737012594 590139 28352  24677
52.730296394 6737605106 592512 28356  24744
52.742281495 6738224305 619199 28351  24499
52.754285173 6738549637 325332 28348  25299
52.766294234 6739183489 633852 28360  23374
52.778286436 6739774262 590773 28348  24183
52.790280631 6740365282 591020 28356  24456
52.802283235 6741005703 640421 28360  24022
52.814281314 6741593555 587852 28355  24580
52.826293972 6742181047 587492 28349  24546
52.838285912 6742771087 590040 28344  24599
52.850282518 6743409116 638029 28362  24300
52.862294666 6743998563 589447 28353  24900
52.874293324 6744598610 600047 28342  24742
52.886298002 6745224361 625751 28353  24364
52.898284094 6745811484 587123 28363  24798
52.910294578 6746406463 594979 28355  24672
52.922296216 6747033321 626858 28355  24327
52.934286048 6747618999 585678 28345  24706
52.946293919 6748204495 585496 28355  24580
52.958293044 6748839185 634690 28345  24103
52.970283055 6749424790 585605 28364  24755
52.982295413 6750012676 587886 28360  24910
52.994281305 6750647898 635222 28351  24309
53.006299046 6751233755 585857 28351  24786
53.018296901 6751819917 586162 28351  24863
53.030283219 6752453628 633711 28362  24301
53.042288973 6753037843 584215 28349  24803
53.054283057 6753623235 585392 28359  24814
53.066296813 6754253709 630474 28351  24044
53.078286995 6754838949 585240 28356  24786
53.090282822 6755422627 583678 28345  24756
53.102294963 6756054739 632112 28347  24241
53.114284879 6756638376 583637 28353  24839
53.126281496 6757222274 583898 28348  24770
53.138294131 6757853787 631513 28352  24204
53.150286263 6758436797 583010 28351  24849
53.162287534 6759020195 583398 28351  24911
53.174295402 6759650720 630525 28349  24265
53.186294950 6760231492 580772 28345  24702
53.198304015 6760814542 583050 28355  24786
53.210293363 6761443298 628756 28351  24234
53.222295844 6762026576 583278 28340  24881
53.234283772 6762608196 581620 28351  24820
53.246285330 6763237517 629321 28346  24211
53.258283508 6763818693 581176 28354  24781
53.270293657 6764400203 581510 28346  24959
53.282294744 6765029563 629360 28350  24359
53.294292653 6765610560 580997 28358  24857
53.306285537 6766191005 580445 28351  24796
53.318293782 6766818536 627531 28359  24258
53.330294400 6767396936 578400 28348  24750
53.342285281 6767977317 580381 28345  24833
53.354290599 6768603042 625725 28348  24178
53.366283871 6769183759 580717 28361  24908
53.378280952 6769765396 581637 28353  24817
53.390283040 6770390789 625393 28352  24383
53.402294645 6770970286 579497 28346  24921
53.414294207 6771571498 601212 28345  24492
53.426297355 6782649211 11077713 506681  461065
53.439301677 6783239337 590126 27897  24190
53.451286201 6783815679 576342 28358  24955
53.463282787 6784404965 589286 28368  24667
53.475295604 6785010210 605245 28349  24585
53.487281445 6785585951 575741 28347  24997
53.499294071 6786206668 620717 28347  24272
53.511301395 6786780285 573617 28354  24939
53.523287306 6787355038 574753 28355  25007
53.535293758 6787976379 621341 28357  24450
53.547294253 6788548473 572094 28346  24898
53.559298568 6789122105 573632 28353  24925
53.571282302 6789741373 619268 28351  24359
53.583294447 6790314748 573375 28349  25065
53.595285755 6790891409 576661 28341  24913
53.607285523 6791507310 615901 28349  24473
53.619279199 6792079168 571858 28347  25029
53.631292459 6792687439 608271 28365  24533
53.643295244 6793268458 581019 28350  24859
53.655298679 6793841740 573282 28356  25051
53.667285063 6794459924 618184 28348  24425
53.679305345 6795031027 571103 28347  24998
53.691295666 6795602717 571690 28352  24960
53.703295717 6796219496 616779 28355  24493
53.715282556 6796791393 571897 28356  25062
53.727295747 6797367490 576097 28346  24768
53.739297802 6797976494 609004 28354  24463
53.751297190 6798547928 571434 28356  25023
53.763296078 6799153928 606000 28348  24450
53.775279886 6799733078 579150 28366  24917
53.787293741 6800303998 570920 28358  24969
53.799280591 6800920468 616470 28350  24466
53.811285430 6801490385 569917 28346  25046
53.823283699 6802060859 570474 28341  25098
53.835303230 6802674521 613662 28348  24404
53.847298594 6803244231 569710 28347  24967
53.859293863 6803845517 601286 28349  24559
53.871282850 6804425771 580254 28359  24701
53.883292986 6804995346 569575 28343  25101
53.895285810 6805609280 613934 28344  24394
53.907284318 6806176417 567137 28347  24871
53.919286893 6806746499 570082 28359  25071
53.931295524 6807359388 612889 28351  24511
53.943297556 6807929370 569982 28345  25104
53.955284837 6808519991 590621 28348  24769
53.967293656 6809108348 588357 28352  24619
53.979298187 6809675438 567090 28349  24914
53.991301801 6810288280 612842 28368  24529
54.003282716 6810856176 567896 28364  25155
54.015294724 6811423484 567308 28352  25047
54.027298793 6812034323 610839 28347  24452
54.039294867 6812601590 567267 28343  25020
54.051294088 6813190278 588688 28368  24747
54.063296323 6813779596 589318 28347  24887
54.075283191 6814346343 566747 28353  25032
54.087281652 6814956640 610297 28348  24466
54.099297814 6815522970 566330 28355  25085
54.111296269 6816089150 566180 28350  25069
54.123281547 6816698072 608922 28364  24462
54.135280011 6817263293 565221 28365  24977
54.147294900 6817873708 610415 28347  24414
54.159295598 6818436846 563138 28353  25037
54.171281409 6819003592 566746 28356  25187
54.183282277 6819612391 608799 28363  24561
54.195295108 6820177303 564912 28345  25018
54.207296554 6820773049 595746 28363  24721
54.219293378 6821349978 576929 28362  24836
54.231286359 6821915038 565060 28359  25171
54.243293991 6822523313 608275 28359  24540
54.255293825 6823086819 563506 28339  25022
54.267294381 6823650681 563862 28369  25021
54.279282495 6824257114 606433 28358  24524
54.291294480 6824822562 565448 28345  25155
54.303292845 6825430597 608035 28364  24554
54.315307533 6825993682 563085 28349  25103
54.327283217 6826557887 564205 28349  25111
54.339293535 6827162851 604964 28351  24519
54.351299137 6827726432 563581 28351  25125
54.363287375 6828332042 605610 28358  24417
54.375286283 6828892059 560017 28350  25066
54.387281848 6829455281 563222 28351  25121
54.399294569 6830060499 605218 28349  24558
54.411281814 6830621688 561189 28346  25118
54.423283692 6844432373 13810685 652362  598463
54.439301677 6844978801 546428 27668  24444
54.451295085 6845574885 596084 28350  24591
54.463281414 6846128749 553864 28343  25157
54.475301691 6846683053 554304 28347  25149
54.487283772 6847277393 594340 28359  24616
54.499295581 6847830648 553255 28353  25094
54.511296713 6848426381 595733 28352  24640
54.523293804 6848978942 552561 28348  25182
54.535298392 6849547991 569049 28357  25093
54.547284336 6850127568 579577 28357  24972
54.559282438 6850678917 551349 28352  25073
54.571284586 6851272480 593563 28352  24672
54.583293674 6851824280 551800 28358  25193
54.595297929 6852419613 595333 28349  24751
54.607297494 6852969180 549567 28348  25265
54.619297212 6853519937 550757 28351  25127
54.631303664 6854109822 589885 28342  24497
54.643293515 6854660548 550726 28357  25260
54.655294112 6855254859 594311 28349  24785
54.667284471 6855803938 549079 28349  25210
54.679281842 6856355019 551081 28352  25207
54.691295270 6856945752 590733 28350  24831
54.703287342 6857494515 548763 28363  25181
54.715297897 6858084456 589941 28361  24776
54.727281265 6858632939 548483 28349  25166
54.739294190 6859223148 590209 28350  24699
54.751294111 6859771116 547968 28346  25227
54.763282159 6860320977 549861 28364  25285
54.775285494 6860909152 588175 28362  24724
54.787294655 6861457210 548058 28357  25192
54.799297587 6862046802 589592 28349  24801
54.811292888 6862594928 548126 28353  25361
54.823287659 6863184594 589666 28364  24816
54.835299368 6863730546 545952 28361  25356
54.847294289 6864276277 545731 28341  25115
54.859281986 6864862531 586254 28357  24685
54.871285315 6865408461 545930 28357  25212
54.883284753 6865994991 586530 28364  24768
54.895292988 6866540283 545292 28343  25298
54.907281946 6867112537 572254 28344  24831
54.919285490 6867669925 557388 28348  24988
54.931296942 6868215561 545636 28363  25384
54.943294131 6868800682 585121 28352  24783
54.955290502 6869345302 544620 28348  25261
54.967284516 6869929468 584166 28357  24775
54.979281385 6870473862 544394 28363  25271
54.991297049 6871035884 562022 28356  24949
55.003284721 6871599228 563344 28348  24982
55.015284782 6872141856 542628 28343  25151
55.027296923 6872725228 583372 28354  24800
55.039283072 6873269420 544192 28358  25360
55.051294190 6873852701 583281 28354  24833
55.063281525 6874394922 542221 28362  25310
55.075296396 6874967778 572856 28348  24851
55.087293241 6875518632 550854 28351  25188
55.099285802 6876060198 541566 28362  25291
55.111289114 6876641460 581262 28366  24908
55.123294788 6877183433 541973 28357  25374
55.135297529 6877763339 579906 28348  24706
55.147294051 6878305222 541883 28351  25354
55.159285702 6878885938 580716 28364  24888
55.171297674 6879427699 541761 28348  25479
55.183297672 6879998141 570442 28353  25015
55.195282590 6880546840 548699 28350  25209
55.207293998 6881087024 540184 28363  25313
55.219284143 6881664922 577898 28354  24904
55.231292275 6882205033 540111 28358  25398
55.243284716 6882781578 576545 28349  24814
55.255281317 6883320914 539336 28360  25367
55.267303355 6883898258 577344 28357  24802
55.279299174 6884435920 537662 28358  25329
55.291282498 6885014518 578598 28351  25023
55.303295126 6885550463 535945 28350  25254
55.315281081 6886087466 537003 28348  25331
55.327280006 6886662645 575179 28356  24856
55.339284628 6887200188 537543 28353  25472
55.351283482 6887772561 572373 28345  24748
55.363294613 6888308588 536027 28350  25279
55.375282325 6888883349 574761 28366  24832
55.387282379 6889418285 534936 28349  25345
55.399280661 6889984892 566607 28352  24985
55.411296426 6890528765 543873 28366  25447
55.423305111 6903811631 13282866 659651  609692
55.439302260 6904371709 560078 27646  24312
55.451282274 6904899545 527836 28355  25372
55.463298306 6905429047 529502 28350  25426
55.475283270 6905994803 565756 28354  24964
55.487281228 6906523811 529008 28349  25330
55.499284873 6907088481 564670 28349  24846
55.511286031 6907617569 529088 28358  25467
55.523281829 6908182608 565039 28346  25021
55.535293257 6908712345 529737 28354  25542
55.547295345 6909276686 564341 28358  24906
55.559285587 6909805353 528667 28355  25458
55.571282025 6910368882 563529 28358  24919
55.583297543 6910895987 527105 28352  25440
55.595292584 6911460340 564353 28349  24957
55.607298249 6911985473 525133 28350  25314
55.619294624 6912515587 530114 28362  25376
55.631297889 6913075542 559955 28360  25049
55.643295624 6913602460 526918 28368  25471
55.655294135 6914164226 561766 28352  24977
55.667297307 6914690852 526626 28358  25504
55.679297688 6915252291 561439 28353  24920
55.691294476 6915778431 526140 28360  25512
55.703285537 6916339581 561150 28345  25020
55.715283182 6916863270 523689 28344  25302
55.727293927 6917424780 561510 28353  24963
55.739293321 6917949545 524765 28363  25547
55.751293303 6918511211 561666 28358  25103
55.763294425 6919035909 524698 28364  25576
55.775284023 6919596029 560120 28356  24972
55.787281784 6920119584 523555 28354  25516
55.799292626 6920680199 560615 28360  25080
55.811282944 6921201750 521551 28359  25477
55.823292522 6921752058 550308 28363  25120
55.835299117 6922281590 529532 28346  25288
55.847282394 6922808678 527088 28364  25415
55.859299766 6923361647 552969 28362  25111
55.871298297 6923884671 523024 28351  25563
55.883296146 6924441875 557204 28364  25077
55.895296217 6924963515 521640 28370  25533
55.907288156 6925520136 556621 28359  25044
55.919284283 6926041504 521368 28355  25541
55.931282438 6926596138 554634 28359  24991
55.943298650 6927116381 520243 28364  25421
55.955296865 6927670799 554418 28360  24995
55.967298189 6928190840 520041 28355  25495
55.979295427 6928745629 554789 28353  25091
55.991281951 6929265732 520103 28354  25552
56.003297717 6929820094 554362 28369  25014
56.015295289 6930341122 521028 28365  25631
56.027297863 6930895058 553936 28359  25142
56.039285351 6931415029 519971 28345  25606
56.051284029 6931968107 553078 28353  25055
56.063281550 6932486409 518302 28350  25537
56.075288862 6933038491 552082 28363  24937
56.087283233 6933555819 517328 28354  25534
56.099296879 6934109268 553449 28349  25144
56.111285743 6934626492 517224 28361  25532
56.123281937 6935180033 553541 28360  25131
56.135283229 6935697898 517865 28356  25633
56.147286134 6936249685 551787 28361  25101
56.159282662 6936766863 517178 28354  25673
56.171297497 6937317771 550908 28354  25027
56.183281971 6937833867 516096 28355  25564
56.195282243 6938384893 551026 28354  25057
56.207297045 6938900395 515502 28360  25714
56.219297939 6939451257 550862 28368  25128
56.231303038 6939966495 515238 28348  25587
56.243282416 6940517059 550564 28350  25085
56.255294897 6941031446 514387 28354  25697
56.267284562 6941582218 550772 28359  25216
56.279297404 6942096753 514535 28348  25655
56.291297998 6942644327 547574 28357  25052
56.303294216 6943158504 514177 28352  25609
56.315295038 6943706560 548056 28353  25096
56.327292989 6944219912 513352 28350  25716
56.339285847 6944767523 547611 28345  25036
56.351295262 6945281387 513864 28359  25712
56.363297251 6945828230 546843 28356  25070
56.375295245 6946341166 512936 28351  25698
56.387292149 6946888445 547279 28362  25247
56.399283621 6947400604 512159 28356  25589
56.411292099 6947947294 546690 28351  25184
56.423295818 6960745614 12798320 665784  619323
56.439313680 6961244804 499190 27653  25029
56.451282754 6961783664 538860 28365  25309
56.463284712 6962291314 507650 28352  25634
56.475295937 6962829752 538438 28346  25226
56.487294048 6963337767 508015 28352  25632
56.499281257 6963874684 536917 28345  25423
56.511295671 6964396589 521905 28351  25448
56.523281822 6964916237 519648 28340  25380
56.535297051 6965441334 525097 28359  25342
56.547302779 6965957848 516514 28357  25466
56.559296244 6966498008 540160 28359  25360
56.571293649 6967000099 502091 28364  25656
56.583286803 6967537728 537629 28348  25179
56.595283734 6968040476 502748 28353  25732
56.607298333 6968577639 537163 28355  25334
56.619298157 6969081924 504285 28343  25813
56.631282169 6969617324 535400 28368  25229
56.643282164 6970121360 504036 28349  25732
56.655285326 6970654664 533304 28356  25135
56.667288950 6971158557 503893 28354  25807
56.679284798 6971692925 534368 28350  25309
56.691282103 6972196429 503504 28348  25699
56.703293795 6972729950 533521 28362  25231
56.715300746 6973233007 503057 28363  25791
56.727283930 6973766573 533566 28352  25298
56.739281742 6974268956 502383 28348  25755
56.751293057 6974801528 532572 28363  25303
56.763296695 6975304306 502778 28354  25748
56.775286030 6975835725 531419 28367  25240
56.787295602 6976344200 508475 28345  25647
56.799282816 6976867636 523436 28356  25282
56.811284458 6977384447 516811 28353  25485
56.823293612 6977900220 515773 28352  25530
56.835280587 6978434667 534447 28357  25405
56.847295532 6978934704 500037 28352  25938
56.859295504 6979466511 531807 28360  25352
56.871306965 6979965792 499281 28347  25718
56.883296090 6980495922 530130 28359  25338
56.895281487 6980996214 500292 28345  25787
56.907283922 6981525846 529632 28359  25336
56.919280538 6982025318 499472 28354  25751
56.931296545 6982555330 530012 28362  25387
56.943296827 6983054025 498695 28362  25712
56.955296405 6983583499 529474 28343  25425
56.967281614 6984083740 500241 28355  25725
56.979293698 6984610694 526954 28350  25400
56.991296987 6985142170 531476 28349  25395
57.003293651 6985638097 495927 28346  25776
57.015282209 6986166579 528482 28348  25314
57.027289624 6986662937 496358 28350  25743
57.039285322 6987191140 528203 28347  25331
57.051293864 6987688040 496900 28343  25768
57.063297925 6988215326 527286 28358  25373
57.075295303 6988712699 497373 28344  25827
57.087294061 6989237810 525111 28347  25210
57.099295306 6989734715 496905 28365  25779
57.111286684 6990261004 526289 28360  25385
57.123281859 6990758734 497730 28351  25894
57.135293907 6991283551 524817 28338  25309
57.147282101 6991786017 502466 28354  25642
57.159284353 6992303468 517451 28341  25362
57.171281194 6992832190 528722 28349  25428
57.183304416 6993325840 493650 28333  25857
57.195293808 6993851702 525862 28355  25365
57.207294216 6994347640 495938 28364  25915
57.219285900 6994871746 524106 28356  25373
57.231286136 6995365507 493761 28363  25807
57.243286367 6995889198 523691 28360  25434
57.255280622 6996382766 493568 28346  25766
57.267282746 6996905038 522272 28344  25301
57.279294222 6997398157 493119 28356  25827
57.291297486 6997922306 524149 28350  25497
57.303283700 6998434029 511723 28350  25408
57.315295699 6998935367 501338 28352  25726
57.327295344 6999458205 522838 28353  25453
57.339293079 6999950758 492553 28346  25929
57.351293277 7000471754 520996 28351  25516
57.363286115 7000963455 491701 28347  25847
57.375286676 7001482251 518796 28354  25345
57.387298041 7001972875 490624 28355  25825
57.399293869 7002492306 519431 28357  25471
57.411293994 7002986540 494234 28355  25790
57.423293399 7015305015 12318475 670213  627434
57.439301114 7015782711 477696 27917  25555
57.451294453 7016295370 512659 28366  25441
57.463294224 7016778672 483302 28345  25992
57.475293851 7017288951 510279 28355  25445
57.487282180 7017772726 483775 28348  25906
57.499295248 7018282642 509916 28347  25441
57.511302100 7018766808 484166 28354  25909
57.523297344 7019276141 509333 28360  25497
57.535295143 7019789642 513501 28366  25557
57.547283084 7020270214 480572 28342  25966
57.559297262 7020779741 509527 28359  25517
57.571294503 7021262208 482467 28350  26024
57.583284045 7021771159 508951 28348  25550
57.595293986 7022251350 480191 28345  25802
57.607282037 7022759030 507680 28360  25440
57.619282076 7023248684 489654 28356  25791
57.631295210 7023749320 500636 28357  25729
57.643284589 7024257245 507925 28356  25507
57.655284960 7024738188 480943 28356  26010
57.667294639 7025245110 506922 28342  25502
57.679282320 7025725942 480832 28361  25977
57.691297905 7026232797 506855 28351  25590
57.703285996 7026725438 492641 28352  25705
57.715297671 7027217816 492378 28351  25681
57.727282192 7027724653 506837 28354  25543
57.739297671 7028203199 478546 28346  25995
57.751280625 7028708590 505391 28348  25576
57.763280794 7029187796 479206 28345  25910
57.775298748 7029692948 505152 28353  25551
57.787298084 7030181469 488521 28353  25863
57.799284758 7030677827 496358 28361  25834
57.811297050 7031180886 503059 28347  25449
57.823303375 7031658477 477591 28351  25994
57.835294993 7032162746 504269 28349  25585
57.847292071 7032640645 477899 28359  25951
57.859285428 7033144031 503386 28363  25622
57.871295584 7033650513 506482 28346  25541
57.883285132 7034124084 473571 28349  25951
57.895293783 7034627117 503033 28362  25606
57.907282771 7035103913 476796 28338  26076
57.919281763 7035606513 502600 28374  25673
57.931292874 7036082734 476221 28345  25906
57.943282143 7036584398 501664 28356  25679
57.955283980 7037085623 501225 28361  25550
57.967294112 7037561328 475705 28355  26121
57.979285287 7038061171 499843 28365  25553
57.991292095 7038536214 475043 28346  26003
58.003286240 7039036842 500628 28361  25660
58.015281122 7039540093 503251 28357  25692
58.027298919 7040012616 472523 28347  26079
58.039282541 7040512570 499954 28347  25680
58.051297809 7040986827 474257 28346  26034
58.063284044 7041484716 497889 28371  25568
58.075295865 7041987068 502352 28369  25732
58.087294044 7042457432 470364 28350  26055
58.099281112 7042954652 497220 28349  25522
58.111297214 7043427914 473262 28352  26028
58.123293275 7043925529 497615 28371  25641
58.135285329 7044419263 493734 28361  25847
58.147304714 7044896028 476765 28347  25908
58.159294566 7045393111 497083 28341  25690
58.171293694 7045864876 471765 28356  26008
58.183294406 7046361108 496232 28354  25650
58.195282610 7046841053 479945 28367  25947
58.207294512 7047328589 487536 28356  25758
58.219282517 7047825271 496682 28354  25688
58.231297964 7048296164 470893 28362  26050
58.243285140 7048792009 495845 28353  25728
58.255281661 7049268490 476481 28360  25995
58.267292239 7049757421 488931 28353  25749
58.279283790 7050253147 495726 28355  25754
58.291283176 7050722828 469681 28359  26079
58.303301644 7051216830 494002 28352  25728
58.315282672 7051684996 468166 28356  25946
58.327297416 7052177813 492817 28349  25636
58.339282491 7052672471 494658 28355  25717
58.351280393 7053142540 470069 28360  26179
58.363298291 7053635619 493079 28351  25769
58.375282916 7054109832 474213 28352  25934
58.387294971 7054597155 487323 28361  25834
58.399282629 7055089891 492736 28351  25780
58.411294537 7055558815 468924 28352  26158
58.423294002 7068660002 13101187 750140  706843
58.439313045 7069116601 456599 27865  25822
58.451284095 7069602979 486378 28348  25849
58.463301267 7070065076 462097 28351  26109
58.475287001 7070549137 484061 28353  25738
58.487293293 7071035214 486077 28357  25883
58.499302622 7071496003 460789 28350  26221
58.511281776 7071979099 483096 28351  25662
58.523295461 7072443757 464658 28354  26081
58.535283912 7072923290 479533 28354  25857
58.547285097 7073406962 483672 28342  25927
58.559295582 7073867461 460499 28354  26149
58.571293666 7074349331 481870 28357  25808
58.583284932 7074834204 484873 28362  25857
58.595297476 7075291991 457787 28356  26196
58.607294355 7075771850 479859 28352  25769
58.619293896 7076230911 459061 28344  26138
58.631293001 7076711997 481086 28358  25833
58.643297019 7077192480 480483 28357  25822
58.655282214 7077652210 459730 28347  26266
58.667294625 7078132264 480054 28367  25835
58.679293720 7078613964 481700 28366  25847
58.691294125 7079071469 457505 28344  26290
58.703297013 7079550414 478945 28368  25828
58.715296041 7080019169 468755 28355  26090
58.727285490 7080486605 467436 28350  25959
58.739282037 7080964953 478348 28347  25803
58.751293239 7081421305 456352 28363  26151
58.763297000 7081900041 478736 28350  25896
58.775281756 7082379485 479444 28343  25904
58.787293033 7082836186 456701 28359  26290
58.799297922 7083314099 477913 28359  25861
58.811285933 7083795188 481089 28355  25935
58.823285361 7084248239 453051 28363  26320
58.835282353 7084724596 476357 28355  25854
58.847286751 7085179784 455188 28352  26230
58.859280986 7085656364 476580 28356  25869
58.871283551 7086133032 476668 28355  25901
58.883284035 7086588449 455417 28365  26320
58.895295001 7087063585 475136 28345  25803
58.907282405 7087541083 477498 28351  25997
58.919296927 7087995098 454015 28363  26263
58.931285678 7088470460 475362 28351  25952
58.943301307 7088947591 477131 28364  25949
58.955296841 7089399131 451540 28347  26245
58.967284882 7089872432 473301 28360  25827
58.979295094 7090336278 463846 28360  26094
58.991296919 7090800080 463802 28346  26153
59.003294774 7091273887 473807 28353  25893
59.015295072 7091726681 452794 28355  26270
59.027295150 7092200618 473937 28353  25938
59.039294005 7092673244 472626 28355  25949
59.051293383 7093125860 452616 28366  26322
59.063284245 7093598663 472803 28367  25915
59.075294373 7094071809 473146 28358  25927
59.087297168 7094522659 450850 28348  26284
59.099303779 7094994865 472206 28355  25940
59.111282153 7095468231 473366 28361  25853
59.123286742 7095917231 449000 28349  26310
59.135293907 7096389159 471928 28370  25967
59.147282012 7096865149 475990 28359  26018
59.159282543 7097313767 448618 28357  26429
59.171284788 7097784763 470996 28362  25952
59.183286343 7098258413 473650 28352  25944
59.195281144 7098705443 447030 28349  26275
59.207281815 7099175784 470341 28361  26001
59.219281621 7099627786 452002 28362  26187
59.231295299 7100094253 466467 28348  25943
59.243285200 7100563702 469449 28353  25966
59.255284981 7101012269 448567 28350  26233
59.267289947 7101482775 470506 28361  26116
59.279294169 7101951837 469062 28352  25963
59.291293576 7102400387 448550 28342  26318
59.303285524 7102869054 468667 28361  25957
59.315296906 7103338015 468961 28364  26088
59.327282184 7103784433 446418 28356  26210
59.339294032 7104252490 468057 28375  25952
59.351296607 7104720256 467766 28365  25963
59.363292492 7105167100 446844 28351  26338
59.375297414 7105635491 468391 28345  26068
59.387293645 7106103165 467674 28352  26016
59.399282186 7106548667 445502 28346  26353
59.411284881 7107015105 466438 28352  25996
59.423307130 7119538402 12523297 756922  717459
59.439301399 7119971947 433545 27951  26071
59.451281803 7120432165 460218 28351  26142
59.463284091 7120884457 452292 28357  26194
59.475284376 7121331851 447394 28345  26191
59.487286554 7121790061 458210 28355  26029
59.499284952 7122242797 452736 28342  26258
59.511298667 7122689660 446863 28346  26308
59.523297255 7123148556 458896 28349  26071
59.535293860 7123611058 462502 28357  26136
59.547297208 7124047115 436057 28357  26398
59.559281373 7124505755 458640 28351  26200
59.571296981 7124965915 460160 28361  26113
59.583305040 7125403789 437874 28347  26461
59.595296324 7125860982 457193 28363  26080
59.607293526 7126318642 457660 28352  26140
59.619294231 7126755535 436893 28355  26352
59.631288042 7127212167 456632 28358  26052
59.643297364 7127669285 457118 28351  26110
59.655297109 7128107302 438017 28357  26459
59.667295040 7128564815 457513 28347  26193
59.679285418 7129020576 455761 28353  26140
59.691297863 7129457589 437013 28352  26400
59.703283567 7129913041 455452 28359  26138
59.715293853 7130368215 455174 28363  26151
59.727296298 7130805222 437007 28358  26462
59.739297466 7131259422 454200 28348  26115
59.751294601 7131713502 454080 28355  26141
59.763286405 7132153619 440117 28359  26280
59.775285231 7132604413 450794 28338  26331
59.787282838 7133057257 452844 28349  26146
59.799282404 7133513749 456492 28354  26222
59.811284785 7133947355 433606 28350  26505
59.823283603 7134400268 452913 28366  26243
59.835284441 7134852888 452620 28351  26215
59.847294773 7135287483 434595 28355  26488
59.859286411 7135739764 452281 28368  26221
59.871285279 7136191015 451251 28353  26143
59.883286840 7136626697 435682 28363  26583
59.895281458 7137078107 451410 28355  26323
59.907293467 7137529174 451067 28347  26212
59.919300952 7137982738 453564 28363  26318
59.931284163 7138414588 431850 28350  26590
59.943283312 7138864657 450069 28362  26332
59.955281489 7139314464 449807 28361  26245
59.967293508 7139747363 432899 28359  26495
59.979298883 7140194913 447550 28349  26234
59.991286241 7140643719 448806 28356  26280
60.003283155 7141094751 451032 28360  26347
60.015298267 7141525607 430856 28363  26601
60.027297346 7141974218 448611 28348  26331
60.039280980 7142422385 448167 28350  26357
60.051293996 7142862000 439615 28361  26403
60.063301647 7143299969 437969 28349  26489
60.075298119 7143745692 445723 28354  26253
60.087286610 7144193146 447454 28344  26282
60.099298197 7144622936 429790 28355  26621
60.111281796 7145068246 445310 28352  26328
60.123293587 7145513739 445493 28352  26229
60.135285842 7145963647 449908 28364  26300
60.147282640 7146388887 425240 28352  26666
60.159297355 7146834524 445637 28372  26380
60.171294727 7147278602 444078 28346  26306
60.183283922 7147707277 428675 28351  26646
60.195281776 7148150583 443306 28362  26262
60.207294481 7148594411 443828 28348  26336
60.219291140 7149039251 444840 28355  26374
60.231286244 7149465873 426622 28343  26600
60.243283669 7149909032 443159 28347  26337
60.255298584 7150351457 442425 28356  26336
60.267282009 7150798450 446993 28371  26369
60.279285447 7151221527 423077 28353  26693
60.291280065 7151662311 440784 28362  26306
60.303297390 7152103817 441506 28354  26343
60.315295892 7152529767 425950 28359  26594
60.327285513 7152970667 440900 28356  26391
60.339283204 7153409337 438670 28346  26191
60.351294693 7153851510 442173 28354  26396
60.363293941 7154275463 423953 28354  26654
60.375280996 7154716169 440706 28349  26445
60.387301291 7155154927 438758 28358  26362
60.399297729 7155596196 441269 28350  26351
60.411297174 7156017092 420896 28342  26637
60.423297749 7169025726 13008634 838680  801681
60.439300647 7169446639 420913 27626  25673
60.451294699 7169879823 433184 28365  26389
60.463293480 7170293328 413505 28343  26802
60.475286222 7170721564 428236 28365  26369
60.487285950 7171150224 428660 28347  26409
60.499294492 7171583659 433435 28364  26491
60.511297027 7171996106 412447 28347  26767
60.523285855 7172424660 428554 28356  26526
60.535284796 7172852800 428140 28355  26475
60.547289588 7173283720 430920 28352  26443
60.559297883 7173693995 410275 28350  26640
60.571296384 7174121700 427705 28361  26511
60.583286032 7174548293 426593 28343  26430
60.595295040 7174978253 429960 28359  26441
60.607295072 7175389318 411065 28347  26756
60.619281370 7175816682 427364 28365  26520
60.631281794 7176242349 425667 28346  26480
60.643294476 7176669732 427383 28357  26416
60.655297918 7177080189 410457 28350  26731
60.667297146 7177504995 424806 28354  26461
60.679282241 7177929981 424986 28347  26502
60.691299016 7178355872 425891 28344  26403
60.703304791 7178764563 408691 28346  26676
60.715294919 7179189080 424517 28363  26521
60.727281907 7179613318 424238 28350  26478
60.739282872 7180039118 425800 28350  26584
60.751294220 7180448661 409543 28354  26757
60.763297079 7180871803 423142 28357  26479
60.775295967 7181292759 420956 28355  26367
60.787282641 7181716706 423947 28358  26521
60.799292853 7182124171 407465 28349  26684
60.811282695 7182545434 421263 28345  26406
60.823281856 7182966512 421078 28349  26446
60.835281488 7183389713 423201 28358  26449
60.847293762 7183796340 406627 28346  26724
60.859289804 7184216872 420532 28345  26420
60.871283599 7184637615 420743 28362  26489
60.883281744 7185059195 421580 28353  26506
60.895298709 7185466608 407413 28358  26790
60.907295047 7185886560 419952 28342  26522
60.919284615 7186304500 417940 28345  26350
60.931295153 7186724435 419935 28352  26467
60.943282561 7187131622 407187 28365  26749
60.955294516 7187551713 420091 28348  26636
60.967280291 7187970508 418795 28371  26469
60.979292169 7188390702 420194 28345  26612
60.991298311 7188808019 417317 28352  26582
61.003298079 7189217080 409061 28346  26851
61.015294540 7189635047 417967 28354  26544
61.027295972 7190052905 417858 28351  26509
61.039281900 7190473271 420366 28352  26532
61.051294765 7190876563 403292 28342  26767
61.063284623 7191293734 417171 28357  26579
61.075282598 7191710522 416788 28356  26510
61.087294710 7192128845 418323 28363  26600
61.099298421 7192533885 405040 28359  26832
61.111294663 7192950970 417085 28347  26635
61.123281944 7193367010 416040 28365  26574
61.135294416 7193781895 414885 28335  26460
61.147284127 7194201988 420093 28369  26571
61.159282069 7194601571 399583 28346  26749
61.171283027 7195017119 415548 28357  26623
61.183305805 7195432213 415094 28353  26542
61.195296497 7195850229 418016 28356  26591
61.207285895 7196250705 400476 28364  26765
61.219282490 7196665866 415161 28351  26676
61.231296415 7197079009 413143 28354  26548
61.243294610 7197493354 414345 28344  26558
61.255285181 7197896429 403075 28371  26808
61.267282966 7198309186 412757 28354  26545
61.279285511 7198720163 410977 28358  26491
61.291294979 7199132378 412215 28347  26470
61.303281384 7199543292 410914 28361  26652
61.315295246 7199946914 403622 28345  26735
61.327296897 7200359042 412128 28366  26616
61.339289362 7200770421 411379 28348  26645
61.351296301 7201183113 412692 28359  26501
61.363282592 7201581077 397964 28348  26813
61.375294820 7201991009 409932 28362  26586
61.387294331 7202400626 409617 28352  26593
61.399282700 7202809863 409237 28354  26510
61.411295754 7203208969 399106 28363  26830
61.423296490 7214400161 11191192 770951  740573
61.439313618 7214794309 394148 27651  25976
61.451294603 7215190395 396086 28352  26790
61.463294591 7215589355 398960 28350  26749
61.475293969 7215991806 402451 28365  26689
61.487285431 7216392982 401176 28350  26678
61.499304383 7216795563 402581 28351  26725
61.511286854 7217186339 390776 28358  26858
61.523293292 7217588286 401947 28344  26749
61.535282614 7217989010 400724 28363  26696
61.547281858 7218390462 401452 28360  26764
61.559281130 7218791217 400755 28349  26720
61.571282035 7219181384 390167 28353  26779
61.583294763 7219581781 400397 28351  26711
61.595295012 7219981446 399665 28370  26709
61.607283116 7220381984 400538 28355  26778
61.619283748 7220781349 399365 28348  26681
61.631295369 7221175276 393927 28365  26898
61.643293494 7221570753 395477 28348  26745
61.655297473 7221969312 398559 28367  26710
61.667289097 7222367232 397920 28361  26724
61.679294959 7222765501 398269 28349  26607
61.691295357 7223154273 388772 28351  26888
61.703294402 7223552334 398061 28351  26740
61.715298280 7223949290 396956 28358  26664
61.727293865 7224346663 397373 28362  26709
61.739294736 7224745034 398371 28361  26761
61.751283922 7225136273 391239 28358  26870
61.763285219 7225530677 394404 28341  26806
61.775297678 7225926343 395666 28365  26727
61.787297177 7226321782 395439 28351  26609
61.799283984 7226718662 396880 28361  26734
61.811279375 7227110805 392143 28367  26826
61.823289311 7227502688 391883 28343  26908
61.835296746 7227897033 394345 28367  26688
61.847282034 7228292304 395271 28355  26729
61.859284312 7228686152 393848 28350  26705
61.871282137 7229085216 399064 28358  26807
61.883284585 7229466889 381673 28352  27004
61.895293870 7229859636 392747 28347  26647
61.907284485 7230252265 392629 28361  26663
61.919296734 7230644575 392310 28350  26764
61.931297128 7231040658 396083 28366  26672
61.943282952 7231421246 380588 28347  26934
61.955294088 7231813701 392455 28352  26749
61.967294993 7232205517 391816 28369  26733
61.979288937 7232598708 393191 28352  26904
61.991295886 7232992059 393351 28346  26747
62.003283140 7233373324 381265 28363  26910
62.015300769 7233764547 391223 28351  26758
62.027296337 7234154675 390128 28379  26724
62.039285839 7234545460 390785 28354  26823
62.051295080 7234936801 391341 28347  26693
62.063294355 7235318838 382037 28362  26963
62.075294390 7235708946 390108 28363  26765
62.087282228 7236099111 390165 28360  26832
62.099284913 7236488622 389511 28358  26831
62.111294788 7236877815 389193 28341  26744
62.123297210 7237271282 393467 28372  26790
62.135305525 7237649376 378094 28353  26975
62.147282983 7238037502 388126 28358  26753
62.159281840 7238425075 387573 28362  26717
62.171295356 7238814082 389007 28348  26786
62.183285913 7239204649 390567 28360  26835
62.195283845 7239584683 380034 28334  27022
62.207284360 7239972810 388127 28342  26868
62.219306862 7240359274 386464 28361  26691
62.231282083 7240746104 386830 28355  26795
62.243282505 7241132935 386831 28332  26785
62.255294133 7241524238 391303 28355  26787
62.267297864 7241899091 374853 28351  26984
62.279282110 7242285693 386602 28353  26798
62.291284997 7242671492 385799 28358  26763
62.303292019 7243058268 386776 28341  26898
62.315295235 7243445741 387473 28338  26822
62.327293846 7243823335 377594 28351  26986
62.339298001 7244208963 385628 28352  26879
62.351294195 7244594388 385425 28352  26851
62.363296514 7244978694 384306 28344  26784
62.375295275 7245363197 384503 28356  26809
62.387296044 7245751062 387865 28367  26809
62.399281815 7246126666 375604 28355  27049
62.411297710 7246512047 385381 28357  26930
62.423285568 7255906135 9394088 720353  693020
62.439302277 7256182758 276623 27711  25307
62.451295038 7256476798 294040 28354  26402
62.463290413 7256794524 317726 28350  27645
62.475286285 7257166791 372267 28355  26796
62.487294500 7257425462 258671 28340  25935
62.499296204 7257740736 315274 28380  27319
62.511293666 7258015417 274681 28367  25743
62.523294894 7258315893 300476 28360  26581
62.535295149 7258645872 329979 28360  27559
62.547287307 7259025385 379513 28347  26517
62.559281516 7259283716 258331 28347  26261
62.571292650 7259601217 317501 28349  27310
62.583295492 7259886805 285588 28355  25876
62.595284706 7260179094 292289 28354  26375
62.607297228 7260496543 317449 28337  27570
62.619301430 7260868564 372021 28356  26870
62.631296481 7261137465 268901 28340  26152
62.643297117 7261455134 317669 28350  27229
62.655294315 7261766122 310988 28346  27015
62.667297200 7262027577 261455 28350  25588
62.679282245 7262345269 317692 28355  27461
62.691282006 7262705998 360729 28351  27012
62.703283348 7262975004 269006 28345  25979
62.715294892 7263292536 317532 28349  27209
62.727297918 7263609716 317180 28360  27744
62.739293272 7263870576 260860 28342  25479
62.751281417 7264188227 317651 28348  27344
62.763295053 7264527832 339605 28354  27440
62.775293650 7264867633 339801 28357  26147
62.787282612 7265144709 277076 28343  26692
62.799286763 7265461848 317139 28348  27485
62.811286229 7265794653 332805 28346  27091
62.823281300 7266055102 260449 28353  26020
62.835283435 7266372054 316952 28357  27468
62.847295533 7266723378 351324 28356  27292
62.859295295 7266991701 268323 28354  25979
62.871296743 7267308648 316947 28336  27122
62.883294454 7267626182 317534 28364  27751
62.895282069 7267886090 259908 28351  25847
62.907282064 7268203815 317725 28357  27309
62.919293449 7268533783 329968 28345  27667
62.931284820 7268813596 279813 28343  25825
62.943302146 7269127868 314272 28349  26901
62.955298414 7269442855 314987 28369  27715
62.967295615 7269700777 257922 28353  25468
62.979295274 7270018328 317551 28347  27335
62.991293272 7270348131 329803 28348  27657
63.003295010 7270638081 289950 28342  26059
63.015285035 7270943777 305696 28369  26835
63.027283313 7271261456 317679 28364  27694
63.039281584 7271524858 263402 28348  26047
63.051297996 7271839533 314675 28355  27026
63.063295385 7272154792 315259 28372  27683
63.075293553 7272440937 286145 28349  26559
63.087282285 7272739362 298425 28345  26590
63.099302127 7273056967 317605 28344  27639
63.111283021 7273327205 270238 28339  26263
63.123281649 7273635428 308223 28378  26775
63.135283417 7273953058 317630 28351  27639
63.147285432 7274243411 290353 28350  26601
63.159281434 7274539924 296513 28356  26753
63.171281436 7274854992 315068 28378  27578
63.183296867 7275129698 274706 28348  26410
63.195296085 7275431054 301356 28342  26636
63.207297427 7275748593 317539 28358  27678
63.219281838 7276108625 360032 28352  27128
63.231282773 7276427884 319259 28347  26217
63.243280941 7276713493 285609 28349  26871
63.255305470 7277031315 317822 28369  27600
63.267297608 7277372165 340850 28370  27616
63.279294656 7277716245 344080 28353  26374
63.291297844 7277987946 271701 28353  26683
63.303295473 7278304903 316957 28352  27505
63.315294515 7278634467 329564 28343  27734
63.327294002 7278901749 267282 28341  25795
63.339298311 7279218353 316604 28356  27261
63.351282872 7279533361 315008 28371  27728
63.363284867 7279848217 314856 28366  26593
63.375280835 7280128342 280125 28340  26629
63.387294707 7280445990 317648 28343  27555
63.399297962 7280775714 329724 28351  27787
63.411289160 7281064813 289099 28349  26266
63.423282845 7281370109 305296 28357  26853
63.435295820 7281687514 317405 28365  27692
63.447285705 7282026471 338957 28353  27569
63.459283646 7282293599 267128 28351  26269
63.471286508 7282611105 317506 28346  27210
63.483294019 7282928649 317544 28344  27668
63.495294518 7283260940 332291 28353  27215
63.507282112 7283521500 260560 28361  26337
63.519293811 7283837739 316239 28357  27484
63.531297066 7284155285 317546 28351  27898
63.543296844 7284448014 292729 28343  26381
63.555281866 7284751766 303752 28349  26855
63.567293563 7285069469 317703 28369  27678
63.579289409 7285399399 329930 28361  27834
63.591299413 7285682296 282897 28353  26313
63.603294062 7285992859 310563 28347  26881
63.615295157 7286310364 317505 28350  27683
63.627297468 7286640014 329650 28349  27837
63.639297413 7286915754 275740 28335  26097
63.651280271 7287230690 314936 28357  27144
63.663294410 7287545425 314735 28362  27761
63.675278414 7287838575 293150 25982  25422
63.686293855 7288099152 260577 28346  26472
63.698295490 7288414684 315532 28359  27301
63.710297182 7288729476 314792 28351  27868
63.722285896 7288988484 259008 28337  26297
63.734291032 7289305612 317128 28350  27226
63.746295896 7289623072 317460 28349  27772
63.758294261 7289971356 348284 28350  27379
63.770283916 7290288702 317346 28346  26478
63.782297891 7290576094 287392 28372  26876
63.794295473 7290893654 317560 28364  27563
63.806297765 7291210737 317083 28361  27944
63.818295319 7291470816 260079 28348  26254
63.830280154 7291787116 316300 28359  27247
63.842295512 7292102039 314923 28377  27812
63.854284144 7292376796 274757 28352  26756
63.866282752 7292678177 301381 28361  26719
63.878281934 7292995149 316972 28342  27621
63.890305039 7293344063 348914 28351  27435
63.902285770 7293660991 316928 28345  26445
63.914280465 7293947945 286954 28368  26839
63.926284253 7294265593 317648 28363  27632
63.938296809 7294583351 317758 28348  27958
63.950284463 7294891116 307765 28344  27141
63.962285825 7295169687 278571 28344  26839
63.974283706 7295484947 315260 28354  27430
63.986298068 7295799811 314864 28361  27915
63.998293437 7296093076 293265 28353  27051
64.010284681 7296377186 284110 28344  26849
64.022297966 7296694348 317162 28359  27623
64.034298065 7297011968 317620 28371  27968
64.046305029 7297276708 264740 28344  26710
64.058286365 7297589729 313021 28345  26984
64.070294259 7297906621 316892 28336  27630
64.082294401 7298235102 328481 28364  27913
64.094298295 7298487023 251921 28348  26086
64.106286454 7298804592 317569 28348  27360
64.118297866 7299122224 317632 28350  27827
64.130296497 7299461642 339418 28354  27675
64.142298296 7299718687 257045 28355  26352
64.154282150 7300036491 317804 28375  27307
64.166282249 7300353657 317166 28362  27745
64.178297110 7300682992 329335 28343  27873
64.190285625 7300949775 266783 28347  26246
64.202286167 7301266309 316534 28347  27257
64.214289451 7301581201 314892 28356  27782
64.226295290 7301896607 315406 28356  28013
64.238282458 7302220982 324375 28347  26512
64.250295530 7302501987 281005 28345  26807
64.262295655 7302819353 317366 28357  27614
64.274286699 7303136977 317624 28362  27981
64.286294621 7303440466 303489 28343  27371
64.298285239 7303714460 273994 28343  26714
64.310285528 7304031474 317014 28340  27436
64.322294923 7304348687 317213 28342  27917
64.334294341 7304604349 255662 28352  26541
64.346286235 7304920336 315987 28361  27185
64.358284510 7305238049 317713 28358  27796
64.370294622 7305576437 338388 28348  27671
64.382295281 7305841950 265513 28352  26299
64.394284532 7306159422 317472 28355  27224
64.406298064 7306477103 317681 28366  27701
64.418293405 7306794892 317789 28366  28026
64.430295967 7307054511 259619 28348  26289
64.442296978 7307371082 316571 28355  27322
64.454286927 7307685782 314700 28377  27803
64.466295651 7307977860 292078 28363  27056
64.478282940 7308261243 283383 28345  26743
64.490284931 7308579063 317820 28357  27607
64.502281269 7308908632 329569 28387  27889
64.514294458 7309284151 375519 28368  26824
64.526305750 7309601960 317809 28349  26438
64.538298534 7309887003 285043 28341  26838
64.550282759 7310204733 317730 28354  27618
64.562286524 7310522116 317383 28352  27973
64.574281806 7310861118 339002 28357  27756
64.586280544 7311236260 375142 28366  26748
64.598282896 7311522649 286389 28341  26516
64.610286430 7311829191 306542 28363  26869
64.622297072 7312146707 317516 28359  27671
64.634293574 7312464121 317414 28358  27998
64.646282465 7312781349 317228 28331  28072
64.658294117 7313037674 256325 28343  26820
64.670282415 7313352311 314637 28365  27032
64.682292167 7313669384 317073 28346  27721
64.694283842 7313986805 317421 28343  28019
64.706286230 7314304209 317404 28337  28097
64.718282748 7314563540 259331 28352  26523
64.730294039 7314881087 317547 28361  27293
64.742285505 7315197943 316856 28350  27765
64.754282777 7315515340 317397 28354  28044
64.766284364 7315790254 274914 28341  27026
64.778294510 7316086520 296266 28360  26848
64.790285274 7316403684 317164 28346  27663
64.802294856 7316720868 317184 28338  27998
64.814285338 7317007830 286962 28342  27088
64.826281679 7317296854 289024 28351  26866
64.838294284 7317614252 317398 28350  27630
64.850292369 7317931699 317447 28343  27943
64.862295511 7318208758 277059 28341  27150
64.874295896 7318505700 296942 28366  26884
64.886283067 7318820435 314735 28357  27527
64.898298032 7319137874 317439 28338  27970
64.910284280 7319396758 258884 28356  26522
64.922292799 7319714331 317573 28357  27245
64.934298804 7320031985 317654 28363  27821
64.946284805 7320358679 326694 28361  27672
64.958296484 7320618219 259540 28349  26125
64.970286338 7320935288 317069 28365  27429
64.982297443 7321250075 314787 28366  27886
64.994296905 7321516614 266539 28350  26304
65.006291596 7321834218 317604 28359  27230
65.018298422 7322151743 317525 28350  27744
65.030283686 7322503720 351977 28348  27224
65.042283388 7322756463 252743 28356  26197
65.054295100 7323073806 317343 28359  27458
65.066295768 7323391341 317535 28358  27887
65.078295400 7323700853 309512 28341  26450
65.090282254 7323997972 297119 28354  26838
65.102282573 7324312993 315021 28345  27514
65.114295135 7324651148 338155 28374  27718
65.126286136 7324905106 253958 28342  26258
65.138295144 7325222569 317463 28347  27306
65.150284732 7325540069 317500 28349  27818
65.162293521 7325882163 342094 28346  27452
65.174294329 7326135386 253223 28357  26171
65.186282914 7326452880 317494 28372  27464
65.198295042 7326770431 317551 28342  27811
65.210294240 7327067909 297478 28348  26690
65.222284052 7327365319 297410 28362  26808
65.234283244 7327680083 314764 28372  27559
65.246282462 7328027258 347175 28352  27504
65.258294404 7328273961 246703 28350  26035
65.270293768 7328591622 317661 28352  27455
65.282281967 7328909155 317533 28346  27860
65.294293532 7329223899 314744 28354  26552
65.306282436 7329515062 291163 28351  26904
65.318293742 7329831971 316909 28349  27542
65.330301910 7330170119 338148 28340  27668
65.342281931 7330437931 267812 28347  26194
65.354296963 7330753364 315433 28351  27144
65.366282641 7331068103 314739 28370  27789
65.378281650 7331379981 311878 28355  26741
65.390297444 7331662881 282900 28348  26719
65.402293986 7331980491 317610 28349  27652
65.414294435 7332311081 330590 28373  27554
65.426280866 7332566833 255752 28358  26065
65.438282951 7332884203 317370 28347  27475
65.450293052 7333222826 338623 28342  27641
65.462294387 7333489736 266910 28361  25924
65.474295189 7333804766 315030 28383  27163
65.486290754 7334130242 325476 28357  27679
65.498283342 7334378062 247820 28338  25523
65.510291683 7334695731 317669 28355  27395
65.522284029 7335064177 368446 28350  27246
65.534296937 7335351248 287071 28348  26397
65.546294718 7335659313 308065 28365  26847
65.558285190 7335974154 314841 28360  27420
65.570283625 7336235087 260933 28343  25186
65.582281737 7336562867 327780 28353  27319
65.594294429 7336921040 358173 28370  27367
65.606293863 7337223041 302001 28344  26223
65.618282925 7337520311 297270 28361  26765
65.630295380 7337810258 289947 28376  25798
65.642290031 7338095642 285384 28355  26000
65.654297210 7338423759 328117 28359  27534
65.666281294 7338781368 357609 28362  27365
65.678281563 7339084973 303605 28342  26507
65.690297408 7339376405 291432 28358  26936
65.702294543 7339672054 295649 28348  25935
65.714285601 7339952188 280134 28349  25534
65.726295103 7340288948 336760 28369  27364
65.738297678 7340655959 367011 28354  27317
65.750285596 7340967707 311748 28342  26863
65.762281367 7341247323 279616 28364  26771
65.774283103 7341519087 271764 28353  24180
65.786283510 7341823319 304232 28349  26297
65.798290789 7342181599 358280 28365  27254
65.810295081 7342540363 358764 28346  27498
65.822286545 7342844227 303864 28344  26867
65.834283194 7343145571 301344 28363  26793
65.846292703 7343463243 317672 28367  27608
65.858283197 7343780731 317488 28346  27960
65.870285896 7344098331 317600 28348  28074
65.882296581 7344418582 320251 28363  28084
65.894282162 7344733169 314587 28360  28089
65.906286191 7345050018 316849 28365  28130
65.918281735 7345367502 317484 28346  28096
65.930293307 7345684573 317071 28353  27932
65.942294252 7345939251 254678 28348  26717
65.954295517 7346257023 317772 28359  27407
65.966304989 7346574315 317292 28347  27836
65.978283843 7346891761 317446 28336  28020
65.990297708 7347195759 303998 28357  27805
66.002296717 7347459281 263522 28353  26678
66.014281785 7347776999 317718 28357  27510
66.026295097 7348094525 317526 28354  27930
66.038297198 7348411810 317285 28358  28046
66.050283073 7348737470 325660 28368  28096
66.062297105 7349055282 317812 28370  28127
66.074294889 7349372908 317626 28355  28120
66.086281511 7349690478 317570 28341  28099
66.098282553 7350014726 324248 28359  28089
66.110282501 7350329357 314631 28358  28102
66.122293596 7350645733 316376 28362  28124
66.134283047 7350963436 317703 28344  28102
66.146298606 7351281053 317617 28353  28134
66.158289531 7351607085 326032 28366  28094
66.170297562 7351924835 317750 28367  28131
66.182294361 7352242212 317377 28354  28084
66.194282322 7352559621 317409 28343  28114
66.206285817 7352885065 325444 28356  28087
66.218293663 7353201543 316478 28348  28122
66.230281570 7353516367 314824 28361  28140
66.242282049 7353832382 316015 28349  28091
66.254293651 7354156262 323880 28352  28067
66.266292652 7354473962 317700 28346  28121
66.278301227 7354791634 317672 28358  28128
66.290296513 7355109343 317709 28367  28113
66.302296607 7355427009 317666 28364  28135
66.314282448 7355745489 318480 28351  28095
66.326294033 7356062764 317275 28351  28098
66.338283742 7356379222 316458 28359  28117
66.350281063 7356694023 314801 28358  28142
66.362296322 7356985899 291876 28360  26698
66.374293284 7357342189 356290 28365  25119
66.386281588 7357698076 355887 28357  25651
66.398297550 7358046792 348716 28361  25770
66.410297589 7358395285 348493 28353  25853
66.422282523 7358735310 340025 28358  26486
66.434302315 7358933755 198445 28381  28185
66.446282306 7359132484 198729 28390  28203
66.458282111 7359331063 198579 28376  28166
66.470282977 7359496383 165320 28405  28120
66.482295651 7359667387 171004 28400  24600
66.494298270 7359843868 176481 28378  25852
66.506294958 7360020334 176466 28373  26615
66.518282486 7360196818 176484 28372  26928
66.530293891 7360502493 305675 28378  24846
66.542282079 7360993024 490531 30371  24234
66.557297994 7361362751 369727 16943  16099
66.569284998 7361732516 369765 16947  16027
66.581286027 7362102332 369816 16957  15994
66.593282035 7362472066 369734 16950  15987
66.605289411 7362841981 369915 16954  15979
66.617282565 7363211794 369813 16960  15987
66.629293174 7363564732 352938 18866  17996
66.641283895 7363774407 209675 17248  15279
66.653281264 7364076531 302124 28375  20564
66.665286118 7364573602 497071 28372  27530
66.677285260 7365076216 502614 28372  27823
66.689282055 7365578704 502488 28368  28233
66.701295221 7379485151 13906447 11965  11343
66.718564041 7391475658 11990507 2966  2248
66.730297792 7394276161 2800503 25972  8094
66.741296156 7395771171 1495010 28315  7958
66.753297684 7396621867 850696 28321  5351
66.765302852 7397289923 668056 28328  4196
66.777294991 7397831376 541453 28336  4478
66.789293822 7398294171 462795 28334  3981
66.801282377 7398721073 426902 28360  3753
66.813293892 7399102397 381324 28351  3479
66.825282490 7399455606 353209 28345  3075
66.837283422 7399782882 327276 28370  3116
66.849285370 7400101821 318939 28386  2841
66.861280702 7400407135 305314 28352  2398
66.873292900 7400699580 292445 28397  2652
66.885281295 7400995995 296415 28387  2585
66.897286027 7401292427 296432 28383  2673
66.909296059 7401583244 290817 28388  2585
66.921289150 7401879472 296228 28368  2583
66.933282935 7402162846 283374 28365  2717
66.945279690 7402453733 290887 28392  2832
66.957295089 7402739945 286212 28382  2683
66.969293687 7403030687 290742 28397  2987
66.981287301 7403312419 281732 28403  2622
66.993296956 7403600200 287781 28412  2902
67.005295318 7403878868 278668 28383  2724
67.017292847 7404158399 279531 28378  3026
67.029292988 7404438907 280508 28402  2780
67.041281303 7404711360 272453 28375  2446
67.053292614 7404985019 273659 28396  2773
67.065297333 7405255894 270875 28385  2605
67.077290652 7405529973 274079 28377  2671
67.089297340 7405798159 268186 28409  2729
67.101296241 7406066635 268476 28393  2576
67.113280196 7406334945 268310 28381  2556
67.125281301 7406604431 269486 28385  2693
67.137285193 7406873522 269091 28378  2613
67.149297221 7407139074 265552 28390  2597
67.161283506 7407408630 269556 28388  2626
67.173280891 7407681442 272812 28391  2592
67.185285019 7407943764 262322 28378  2483
67.197280708 7408211652 267888 28387  2687
67.209293036 7408483521 271869 28394  2571
67.221283141 7408744633 261112 28393  2434
67.233284223 7409008949 264316 28401  2519
67.245300851 7409277292 268343 28400  2769
67.257285672 7409543214 265922 28393  2708
67.269284628 7409808517 265303 28384  2732
67.281282135 7410077114 268597 28394  3127
67.293296334 7410343164 266050 28385  2559
67.305294019 7410612940 269776 28393  2999
67.317283964 7410880028 267088 28392  3362
67.329294982 7411140237 260209 28400  2605
67.341295448 7411407789 267552 28390  3113
67.353294989 7411678006 270217 28387  3001
67.365292804 7411939788 261782 28391  2940
67.377285038 7412212963 273175 28373  3305
67.389293324 7412473305 260342 28376  3124
67.401302089 7412748253 274948 28387  3136
67.413286200 7413012658 264405 28408  2979
67.425294109 7413275779 263121 28389  3118
67.437295621 7413548987 273208 28395  3185
67.449292652 7413817760 268773 28395  3344
67.461298194 7414079003 261243 28387  2909
67.473281409 7414342705 263702 28387  3304
67.485294093 7414609087 266382 28396  3068
67.497281175 7414878502 269415 28379  2986
67.509293544 7415148830 270328 28378  3755
67.521281492 7415418673 269843 28384  3225
67.533281120 7415687694 269021 28388  3540
67.545298002 7415957515 269821 28386  3270
67.557305067 7416228620 271105 28394  3426
67.569294012 7416505412 276792 28398  3920
67.581293743 7416781501 276089 28393  3630
67.593300278 7417051228 269727 28386  3728
67.605285330 7417320140 268912 28406  3782
67.617281478 7417597880 277740 28430  3668
67.629281767 7417877010 279130 28384  4216
67.641281284 7418145846 268836 28397  4193
67.653293083 7418426741 280895 28377  4108
67.665297108 7418698433 271692 28385  3791
67.677281973 7418975121 276688 28371  3886
67.689295681 7419251530 276409 28370  4353
67.701292720 7419528369 276839 28382  4298
67.713289384 7419805149 276780 28389  4622
67.725282363 7420089288 284139 28387  4645
67.737281745 7420360353 271065 28380  4025
67.749281996 7420645365 285012 28387  4411
67.761285828 7420925023 279658 28407  4205
67.773285607 7421200049 275026 28401  4153
67.785293771 7421483782 283733 28390  4084
67.797294543 7421770763 286981 28384  4386
67.809296808 7422046337 275574 28391  4579
67.821282066 7422326288 279951 28404  4436
67.833282241 7422613964 287676 28378  5250
67.845294570 7422903338 289374 28384  4952
67.857281141 7423193190 289852 28390  4765
67.869280076 7423483304 290114 28392  4196
67.881300928 7423768987 285683 28388  5331
67.893293969 7424055872 286885 28379  4524
67.905297608 7424344241 288369 28382  4953
67.917299550 7424634257 290016 28380  5167
67.929295448 7424925377 291120 28377  5491
67.941284280 7425218330 292953 28389  5735
67.953281211 7425511758 293428 28376  5412
67.965282083 7425805520 293762 28394  4868
67.977281508 7426101076 295556 28387  4772
67.989297770 7426395986 294910 28386  4638
68.001294124 7426688035 292049 28366  4811
68.013281263 7426979861 291826 28388  4587
68.025298214 7427271513 291652 28378  5661
68.037301176 7427564373 292860 28405  4351
68.049283565 7427858203 293830 28376  4706
68.061283882 7428158215 300012 28393  4587
68.073283271 7428456023 297808 28379  6882
68.085283576 7428750153 294130 28378  4541
68.097282511 7429044669 294516 28375  5033
68.109297293 7429345615 300946 28380  4471
68.121293951 7429647711 302096 28394  4664
68.133295919 7429942295 294584 28389  5215
68.145293791 7430239781 297486 28394  5436
68.157282026 7430547711 307930 28396  5408
68.169282987 7430843436 295725 28395  5638
68.181294416 7431141707 298271 28403  4771
68.193292111 7431449114 307407 28385  5802
68.205282746 7431744585 295471 28377  6140
68.217301161 7432051940 307355 28409  4542
68.229294980 7432350332 298392 28371  4944
68.241299787 7432649520 299188 28370  4704
68.253298006 7432955473 305953 28382  5146
68.265293694 7433252881 297408 28366  5336
68.277294139 7433562009 309128 28391  4970
68.289280588 7433859342 297333 28368  4311
68.301281319 7434168860 309518 28382  5056
68.313285891 7434467167 298307 28391  5145
68.325296376 7434777680 310513 28369  4650
68.337296104 7435079298 301618 28378  4973
68.349290746 7435388577 309279 28398  4938
68.361301041 7435697047 308470 28388  4924
68.373292435 7435999705 302658 28389  6477
68.385283657 7436310762 311057 28371  4963
68.397281852 7436611054 300292 28372  4738
68.409287057 7436922364 311310 28394  5348
68.421280959 7443724892 6802528 617092  120492
68.439314927 7444024620 299728 27050  5610
68.451293648 7444333894 309274 28375  6192
68.463281697 7444647104 313210 28380  6974
68.475294338 7444960935 313831 28375  5239
68.487297540 7445274030 313095 28386  6381
68.499293552 7445587096 313066 28380  6749
68.511298837 7445900733 313637 28358  6093
68.523310261 7446214925 314192 28362  6282
68.535295043 7446528871 313946 28368  6153
68.547279998 7446842267 313396 28377  5308
68.559282330 7447156164 313897 28363  7257
68.571284545 7447470205 314041 28380  5130
68.583294893 7447785370 315165 28399  6099
68.595293581 7448100482 315112 28372  5700
68.607282263 7448414779 314297 28384  5394
68.619284958 7448728733 313954 28370  7108
68.631293350 7449043320 314587 28403  6571
68.643285411 7449357657 314337 28390  5595
68.655293779 7449672914 315257 28392  6417
68.667294881 7449988174 315260 28388  6160
68.679291173 7450303054 314880 28366  6195
68.691283051 7450617937 314883 28373  6132
68.703284123 7450932392 314455 28388  5978
68.715292512 7451246343 313951 28367  5849
68.727299603 7451561762 315419 28370  6562
68.739285671 7451881203 319441 28367  7561
68.751294130 7452200535 319332 28385  6068
68.763285498 7452514284 313749 28353  6354
68.775293356 7452827697 313413 28369  6201
68.787296808 7453142200 314503 28383  7123
68.799281419 7453457350 315150 28359  7319
68.811298218 7453771891 314541 28366  5577
68.823284407 7454091053 319162 28392  6261
68.835298221 7454412237 321184 28405  5675
68.847298863 7454726594 314357 28373  6872
68.859298182 7455040638 314044 28353  5442
68.871282566 7455355224 314586 28357  5419
68.883281151 7455671525 316301 28376  6098
68.895281913 7455995797 324272 28377  6792
68.907297251 7456310439 314642 28364  6020
68.919285463 7456625507 315068 28393  5681
68.931299048 7456940292 314785 28385  5316
68.943282849 7457265438 325146 28383  6480
68.955293405 7457580900 315462 28392  6242
68.967294330 7457895509 314609 28380  5492
68.979281881 7458209913 314404 28376  5421
68.991294366 7458534999 325086 28379  6498
69.003304648 7458849015 314016 28381  7080
69.015285679 7459163791 314776 28377  5870
69.027284981 7459479928 316137 28365  5392
69.039285457 7459802513 322585 28388  6414
69.051292141 7460115894 313381 28391  6410
69.063298530 7460429592 313698 28387  5196
69.075280867 7460753704 324112 28363  6158
69.087298674 7461067660 313956 28377  5445
69.099281688 7461382090 314430 28379  6290
69.111294967 7461706653 324563 28368  7744
69.123283358 7462020185 313532 28385  7207
69.135281690 7462334315 314130 28374  5832
69.147294938 7462658456 324141 28380  5567
69.159298567 7462972570 314114 28386  6122
69.171286191 7463291654 319084 28377  6566
69.183296043 7463611847 320193 28376  7182
69.195295059 7463925612 313765 28396  6517
69.207294763 7464250732 325120 28359  7117
69.219282232 7464564533 313801 28375  6243
69.231283146 7464882238 317705 28388  6327
69.243305822 7465204425 322187 28379  7034
69.255284843 7465518137 313712 28366  5634
69.267293625 7465842741 324604 28379  8034
69.279285963 7466155987 313246 28376  6711
69.291296265 7466479597 323610 28370  6724
69.303293713 7466792454 312857 28365  6945
69.315293611 7467111495 319041 28363  5763
69.327295550 7467429163 317668 28380  6598
69.339299481 7467743680 314517 28362  6130
69.351287153 7468066097 322417 28353  6590
69.363282555 7468378716 312619 28384  5521
69.375284596 7468702767 324051 28389  6726
69.387294568 7469016174 313407 28375  6784
69.399296200 7469340655 324481 28395  6460
69.411297939 7469653948 313293 28376  5755
69.423296923 7469977806 323858 28368  7064
69.435284768 7472992386 3014580 266907  60951
69.447298536 7473315366 322980 28378  6651
69.459296955 7473629597 314231 28364  6695
69.471293023 7473954022 324425 28406  6644
69.483294452 7474266684 312662 28378  6213
69.495281706 7474590703 324019 28386  8034
69.507286134 7474906750 316047 28375  6924
69.519293280 7475226716 319966 28374  6683
69.531295018 7475550222 323506 28393  5502
69.543293840 7475862450 312228 28370  7069
69.555293168 7476186003 323553 28370  7109
69.567293930 7476504798 318795 28387  6552
69.579300568 7476821783 316985 28387  6171
69.591282209 7477145508 323725 28380  6450
69.603294415 7477457930 312422 28399  5824
69.615297570 7477781527 323597 28362  7157
69.627283891 7478105348 323821 28349  6468
69.639289763 7478418109 312761 28373  7282
69.651295528 7478741301 323192 28368  5934
69.663297104 7479065169 323868 28394  7605
69.675297475 7479377867 312698 28375  6658
69.687285480 7479701955 324088 28381  7127
69.699298945 7480025934 323979 28379  7362
69.711286090 7480338765 312831 28365  6253
69.723282402 7480663268 324503 28394  7453
69.735286107 7480987977 324709 28385  6008
69.747285575 7481301494 313517 28382  6623
69.759297530 7481625662 324168 28397  7897
69.771285599 7481950064 324402 28386  7193
69.783287706 7482270075 320011 28370  6096
69.795289152 7482587441 317366 28370  7511
69.807294474 7482911247 323806 28345  7346
69.819281561 7483235233 323986 28374  8060
69.831297110 7483548656 313423 28366  6970
69.843293492 7483872051 323395 28383  8353
69.855293977 7484195347 323296 28373  6026
69.867287078 7484518879 323532 28376  6344
69.879295860 7484832081 313202 28374  6388
69.891293045 7485156118 324037 28373  7540
69.903296837 7485480035 323917 28383  7234
69.915281535 7485804119 324084 28382  5650
69.927296154 7486116874 312755 28374  6513
69.939294006 7486439535 322661 28371  6090
69.951305797 7486763311 323776 28369  7322
69.963284819 7487087356 324045 28375  7466
69.975279887 7487408897 321541 28400  7072
69.987295039 7487724309 315412 28378  5860
69.999283927 7488047604 323295 28363  7108
70.011289772 7488370938 323334 28371  8980
70.023286947 7488695004 324066 28375  7079
70.035298792 7489016835 321831 28360  9556
70.047281603 7489331764 314929 28377  8433
70.059280799 7489655892 324128 28385  7212
70.071281777 7489979845 323953 28371  7934
70.083298553 7490303733 323888 28384  6577
70.095281870 7490627725 323992 28387  5655
70.107294546 7490946459 318734 28393  5635
70.119285330 7491264964 318505 28377  7494
70.131297323 7491588857 323893 28384  8518
70.143295131 7491912892 324035 28358  6328
70.155296346 7492236660 323768 28388  5648
70.167295897 7492560744 324084 28373  7304
70.179298049 7492884677 323933 28385  7354
70.191295344 7493201562 316885 28382  7803
70.203284339 7493520373 318811 28375  6273
70.215297227 7493843765 323392 28367  7284
70.227293036 7494167136 323371 28387  7620
70.239295461 7494490943 323807 28376  7547
70.251280879 7494813557 322614 28361  7337
70.263297334 7495137213 323656 28383  6759
70.275301913 7495460425 323212 28374  6853
70.287294617 7495783499 323074 28366  7324
70.299293736 7496099178 315679 28372  6795
70.311283220 7496419213 320035 28368  6483
70.323295006 7496742828 323615 28367  7528
70.335281758 7497066746 323918 28391  7646
70.347280955 7497389892 323146 28367  7118
70.359285657 7497712963 323071 28357  7761
70.371297279 7498035835 322872 28370  6909
70.383285581 7498359773 323938 28385  8385
70.395281236 7498683663 323890 28385  8239
70.407284974 7499007145 323482 28365  8435
70.419293643 7499330713 323568 28377  7494
70.431289288 7501630303 2299590 201731  50721
70.443287866 7501953681 323378 28400  8023
70.455285545 7502277158 323477 28378  7534
70.467297657 7502600103 322945 28367  8491
70.479294541 7502923074 322971 28361  7983
70.491284516 7503245833 322759 28381  9056
70.503297412 7503568830 322997 28393  6853
70.515299823 7503891120 322290 28364  8308
70.527295858 7504213966 322846 28388  7385
70.539282929 7504537082 323116 28392  7069
70.551286404 7504859767 322685 28378  6590
70.563293003 7505182546 322779 28374  7322
70.575297462 7505504895 322349 28369  7287
70.587289293 7505826844 321949 28371  8498
70.599298988 7506149140 322296 28373  8616
70.611298943 7506471270 322130 28375  6752
70.623295781 7506793246 321976 28361  7732
70.635294113 7507115727 322481 28364  7509
70.647281395 7507438556 322829 28370  7080
70.659293714 7507760645 322089 28351  7307
70.671297818 7508083540 322895 28376  7975
70.683298890 7508406037 322497 28371  9986
70.695282472 7508728952 322915 28366  8576
70.707296853 7509051675 322723 28383  7668
70.719293235 7509374617 322942 28365  7740
70.731281004 7509700245 325628 28384  8180
70.743293676 7510028809 328564 28358  8690
70.755294300 7510353811 325002 28373  7903
70.767296052 7510677001 323190 28379  7861
70.779287481 7510999879 322878 28379  8719
70.791281862 7511322513 322634 28370  7782
70.803285770 7511644680 322167 28376  8164
70.815293089 7511967452 322772 28381  7304
70.827287130 7512290384 322932 28395  8342
70.839285075 7512613063 322679 28368  7644
70.851285584 7512935630 322567 28383  8465
70.863296469 7513258236 322606 28370  10264
70.875284870 7513586149 327913 28373  8988
70.887285952 7513914458 328309 28366  7901
70.899292771 7514236935 322477 28376  8881
70.911304590 7514559105 322170 28385  9013
70.923298701 7514881266 322161 28379  9140
70.935285476 7515203311 322045 28378  8394
70.947294368 7515525416 322105 28371  7253
70.959297272 7515847379 321963 28366  7046
70.971295061 7516171795 324416 28369  7058
70.983282049 7516503539 331744 28383  8201
70.995297627 7516825389 321850 28375  7676
71.007296493 7517147225 321836 28390  8486
71.019295981 7517468865 321640 28378  7568
71.031285502 7517790744 321879 28364  7171
71.043294604 7518113075 322331 28385  7357
71.055298286 7518437112 324037 28361  9059
71.067294021 7518768777 331665 28388  7684
71.079286246 7519090424 321647 28357  7575
71.091282084 7519411904 321480 28368  7122
71.103295533 7519733672 321768 28350  8242
71.115284661 7520056224 322552 28381  7115
71.127283413 7520379579 323355 28377  8186
71.139285715 7520712028 332449 28364  9123
71.151294616 7521034340 322312 28383  7350
71.163284071 7521356332 321992 28367  8020
71.175285090 7521678844 322512 28373  9207
71.187285401 7522000746 321902 28364  9399
71.199296693 7522332802 332056 28362  8823
71.211287175 7522656153 323351 28344  8968
71.223289464 7522977498 321345 28371  8954
71.235293848 7523299178 321680 28368  8555
71.247295153 7523621232 322054 28364  7393
71.259294189 7523954221 332989 28394  8175
71.271283623 7524277901 323680 28383  8342
71.283298288 7524600060 322159 28376  7950
71.295296427 7524921848 321788 28371  7390
71.307285606 7525243412 321564 28369  8738
71.319284210 7525576515 333103 28370  7531
71.331298792 7525898088 321573 28376  9815
71.343297841 7526219275 321187 28385  7836
71.355298362 7526540078 320803 28374  7673
71.367284807 7526870955 330877 28360  7923
71.379308589 7527193796 322841 28356  8214
71.391297524 7527515216 321420 28376  8230
71.403280582 7527836742 321526 28366  8125
71.415286747 7528164358 327616 28378  9063
71.427285439 7528490899 326541 28357  7894
71.438345111 7529412335 921436 80708  23809
71.450282324 7529733745 321410 28376  8783
71.462297766 7530055904 322159 28372  8592
71.474298635 7530388167 332263 28350  9171
71.486294120 7530709089 320922 28364  10015
71.498297255 7531030230 321141 28369  8410
71.510296557 7531357772 327542 28368  10067
71.522282254 7531684747 326975 28382  8391
71.534297003 7532006736 321989 28383  9665
71.546304982 7532328518 321782 28358  9496
71.558298957 7532661774 333256 28366  9854
71.570294539 7532983582 321808 28393  9167
71.582283497 7533304999 321417 28376  10041
71.594296709 7533630537 325538 28375  8811
71.606287236 7533959306 328769 28371  9171
71.618296792 7534280313 321007 28390  7074
71.630294810 7534600988 320675 28366  9245
71.642285928 7534933961 332973 28378  9287
71.654281543 7535254469 320508 28369  8588
71.666297105 7535574761 320292 28372  8895
71.678296401 7535908182 333421 28389  7698
71.690294349 7536229122 320940 28381  7748
71.702294647 7536549733 320611 28362  8944
71.714298522 7536880945 331212 28361  9980
71.726294168 7537203186 322241 28387  8432
71.738295009 7537523651 320465 28397  9176
71.750285727 7537851973 328322 28368  7798
71.762283696 7538177204 325231 28391  8224
71.774296431 7538497416 320212 28379  7860
71.786296359 7538824135 326719 28361  7730
71.798281368 7539149370 325235 28354  9459
71.810282626 7539469309 319939 28396  8604
71.822292815 7539797692 328383 28378  7829
71.834281749 7540121521 323829 28372  8538
71.846282971 7540441429 319908 28374  7568
71.858293537 7540773130 331701 28369  6969
71.870286624 7541093257 320127 28383  8059
71.882293330 7541412677 319420 28360  8211
71.894284138 7541744975 332298 28376  7664
71.906292063 7542064471 319496 28353  9920
71.918294928 7542384373 319902 28383  7934
71.930297330 7542716533 332160 28374  8381
71.942285968 7543036743 320210 28399  10410
71.954283706 7543357791 321048 28380  7958
71.966284915 7543689206 331415 28376  7696
71.978297417 7544009164 319958 28377  8597
71.990281851 7544340290 331126 28375  9663
72.002296727 7544661150 320860 28358  9471
72.014306009 7544981078 319928 28401  7840
72.026282494 7545313145 332067 28383  8863
72.038299039 7545633049 319904 28366  9350
72.050286744 7545955572 322523 28364  9350
72.062293126 7546284981 329409 28391  10139
72.074282607 7546604758 319777 28372  9055
72.086286525 7546937245 332487 28398  9104
72.098282691 7547256915 319670 28365  8007
72.110283576 7547577753 320838 28360  8526
72.122299228 7547908953 331200 28383  9349
72.134297943 7548228815 319862 28409  8987
72.146285718 7548560676 331861 28373  9809
72.158294683 7548879662 318986 28390  9234
72.170281534 7549201524 321862 28362  8323
72.182294003 7549530838 329314 28373  8950
72.194298121 7549850240 319402 28355  8169
72.206282212 7550182219 331979 28364  9533
72.218297651 7550501914 319695 28363  8380
72.230295343 7550832467 330553 28364  9341
72.242294225 7551152317 319850 28367  8852
72.254294390 7551471641 319324 28372  8035
72.266295675 7551802841 331200 28372  8894
72.278297733 7552121440 318599 28355  9684
72.290287632 7552453264 331824 28371  8401
72.302285640 7552772377 319113 28383  9062
72.314294642 7553103451 331074 28356  9667
72.326281570 7553421620 318169 28351  9568
72.338304976 7553742325 320705 28373  8230
72.350281860 7554071814 329489 28384  9494
72.362292502 7554390036 318222 28375  7382
72.374300547 7554721399 331363 28385  8088
72.386288305 7555039517 318118 28380  8265
72.398284884 7555370696 331179 28360  7734
72.410282346 7555688861 318165 28374  9237
72.422299658 7556020018 331157 28382  8375
72.434297255 7556337641 317623 28383  8223
72.446285504 7556663544 325903 28359  8617
72.458299089 7556985313 321769 28376  8327
72.470297850 7557304620 319307 28379  9200
72.482283932 7557633394 328774 28382  8672
72.494301078 7557950503 317109 28377  7821
72.506294682 7558281018 330515 28378  8882
72.518294601 7558598191 317173 28381  8328
72.530298759 7558928653 330462 28390  8447
72.542286704 7559245827 317174 28375  8099
72.554297937 7559576501 330674 28368  8973
72.566287248 7559893886 317385 28371  8770
72.578294093 7560224005 330119 28360  9196
72.590282144 7560540577 316572 28383  8273
72.602284923 7560870516 329939 28384  8608
72.614295928 7561187192 316676 28375  8972
72.626282063 7561516984 329792 28357  9514
72.638285321 7561833752 316768 28389  9316
72.650302813 7562163671 329919 28364  8468
72.662283012 7562480166 316495 28382  7472
72.674285037 7562809558 329392 28368  9457
72.686297615 7563125629 316071 28387  7721
72.698299870 7563455664 330035 28381  9370
72.710298595 7563772244 316580 28383  8869
72.722287217 7564101864 329620 28364  7999
72.734299712 7564417937 316073 28391  8628
72.746281524 7564747378 329441 28384  10618
72.758296389 7565063534 316156 28360  9691
72.770284677 7565393494 329960 28378  8254
72.782299743 7565709105 315611 28382  9123
72.794298237 7566038472 329367 28378  8523
72.806295496 7566353664 315192 28364  8054
72.818290698 7566682729 329065 28374  9341
72.830294299 7566998377 315648 28361  8218
72.842296408 7567328128 329751 28368  9185
72.854287623 7567645011 316883 28355  8111
72.866285357 7567973074 328063 28366  9294
72.878284916 7568296428 323354 28363  10405
72.890294215 7568617342 320914 28372  9333
72.902282700 7568946882 329540 28374  10203
72.914294092 7569262070 315188 28366  7698
72.926282056 7569590876 328806 28363  8956
72.938298058 7569906344 315468 28385  8054
72.950283327 7570235414 329070 28381  8991
72.962282248 7570550085 314671 28372  9258
72.974293330 7570879086 329001 28367  9218
72.986297282 7571194904 315818 28415  8198
72.998280657 7571522572 327668 28364  9131
73.010286498 7571847791 325219 28363  9422
73.022297777 7572165212 317421 28366  8536
73.034298779 7572493008 327796 28355  9496
73.046295654 7572807732 314724 28361  9214
73.058283182 7573136156 328424 28364  9007
73.070297194 7573450285 314129 28365  9137
73.082280985 7573778756 328471 28374  10143
73.094297118 7574099754 320998 28384  8507
73.106286276 7574421201 321447 28387  10093
73.118297364 7574749532 328331 28371  9092
73.130304663 7575063272 313740 28374  8774
73.142295362 7575391466 328194 28375  7967
73.154281956 7575704903 313437 28364  9631
73.166294781 7576032709 327806 28361  10292
73.178297990 7576359027 326318 28387  8966
73.190286378 7576674895 315868 28380  8098
73.202284686 7577002980 328085 28366  8058
73.214285058 7577316234 313254 28373  9414
73.226297237 7577644335 328101 28389  8564
73.238286275 7577965376 321041 28391  9158
73.250293013 7578285484 320108 28401  9415
73.262285105 7578613063 327579 28369  9233
73.274297167 7578926325 313262 28381  7996
73.286287128 7579254107 327782 28392  10559
73.298295000 7579574742 320635 28378  10289
73.310286149 7579895261 320519 28369  10683
73.322295917 7580222932 327671 28376  9428
73.334279075 7580536190 313258 28373  8986
73.346286531 7580863757 327567 28368  9044
73.358299933 7581188648 324891 28365  8629
73.370296927 7581504179 315531 28371  10374
73.382298132 7581831889 327710 28379  10397
73.394281858 7582144774 312885 28381  8885
73.406298796 7582472453 327679 28384  8698
73.418283054 7582800366 327913 28393  10221
73.430297149 7583752431 952065 83797  26136
73.442281728 7584064484 312053 28361  7963
73.454302840 7584391618 327134 28365  8984
73.466282664 7584707930 316312 28374  8647
73.478296456 7585030525 322595 28358  8449
73.490286075 7585357954 327429 28366  9630
73.502281053 7585670385 312431 28372  8474
73.514301692 7585997684 327299 28398  9245
73.526284587 7586325201 327517 28387  9766
73.538286562 7586637080 311879 28387  7784
73.550284047 7586964283 327203 28376  8291
73.562295068 7587291560 327277 28381  9531
73.574286310 7587603790 312230 28392  9009
73.586293999 7587930561 326771 28363  8515
73.598282950 7588252374 321813 28369  7925
73.610306672 7588568573 316199 28362  8511
73.622285961 7588895311 326738 28366  9889
73.634284236 7589213174 317863 28405  8943
73.646287744 7589534188 321014 28365  8223
73.658297162 7589861121 326933 28389  8778
73.670282384 7590176103 314982 28382  9131
73.682292816 7590499736 323633 28383  11759
73.694282326 7590826492 326756 28378  8879
73.706290217 7591139899 313407 28357  9874
73.718290298 7591464075 324176 28376  8766
73.730278843 7591790458 326383 28367  8232
73.742294319 7592104332 313874 28369  9021
73.754281756 7592427759 323427 28377  9515
73.766306338 7592754147 326388 28374  9911
73.778286524 7593070359 316212 28385  8283
73.790284518 7593392109 321750 28377  9234
73.802298538 7593718723 326614 28367  9650
73.814297582 7594039168 320445 28378  7333
73.826277950 7594356945 317777 28364  9941
73.838293019 7594683429 326484 28359  9434
73.850297934 7595009763 326334 28384  8645
73.862284126 7595321515 311752 28381  8280
73.874299318 7595648203 326688 28382  8647
73.886294953 7595974460 326257 28369  10323
73.898285824 7596285449 310989 28374  7792
73.910297456 7596612195 326746 28376  7888
73.922302571 7596938614 326419 28363  9503
73.934298400 7597250704 312090 28404  9411
73.946284581 7597576390 325686 28376  9216
73.958286816 7597902603 326213 28385  9067
73.970292808 7598222278 319675 28376  9476
73.982296630 7598539416 317138 28345  8868
73.994298736 7598865718 326302 28372  9896
74.006282247 7599191728 326010 28350  10152
74.018293642 7599502416 310688 28370  8872
74.030292804 7599828719 326303 28380  8596
74.042284428 7600154583 325864 28353  8582
74.054284827 7600470091 315508 28379  7954
74.066294242 7600791167 321076 28365  9874
74.078285361 7601117373 326206 28386  8750
74.090301356 7601443123 325750 28357  9087
74.102287517 7601753465 310342 28392  9047
74.114297339 7602078596 325131 28370  10458
74.126299925 7602404365 325769 28377  8995
74.138285029 7602723606 319241 28364  9528
74.150283251 7603040375 316769 28386  9274
74.162284633 7603366517 326142 28378  8966
74.174293982 7603692601 326084 28374  9520
74.186281243 7604003923 311322 28380  8299
74.198287888 7604328961 325038 28379  8698
74.210298747 7604654646 325685 28372  8825
74.222297029 7604980765 326119 28395  9071
74.234285230 7605290518 309753 28391  8478
74.246311166 7605616198 325680 28380  8561
74.258294837 7605941776 325578 28395  9376
74.270296896 7606267538 325762 28370  8315
74.282282457 7606577495 309957 28363  9338
74.294285202 7606903321 325826 28375  9478
74.306297117 7607228518 325197 28367  8708
74.318294049 7607552989 324471 28384  8940
74.330297338 7607864133 311144 28381  9403
74.342282389 7608189606 325473 28365  8800
74.354296431 7608514915 325309 28366  8820
74.366295543 7608840314 325399 28359  8661
74.378287601 7609150037 309723 28366  8612
74.390284023 7609475275 325238 28363  9244
74.402306928 7609800372 325097 28370  8953
74.414297530 7610126353 325981 28389  8128
74.426298159 7610436157 309804 28374  9454
74.438285243 7610761823 325666 28384  7895
74.450296582 7611087197 325374 28384  9810
74.462297147 7611412025 324828 28367  7993
74.474287438 7611721691 309666 28374  8342
74.486286447 7612046108 324417 28376  8922
74.498283995 7612371714 325606 28386  9103
74.510294981 7612697051 325337 28389  8639
74.522281858 7613014153 317102 28348  9172
74.534285824 7613331629 317476 28386  8640
74.546297516 7613656953 325324 28382  8597
74.558296244 7613982432 325479 28369  9127
74.570293123 7614308061 325629 28386  8152
74.582285087 7614617593 309532 28367  9236
74.594294236 7614942410 324817 28380  11374
74.606297921 7615267683 325273 28379  8900
74.618285497 7615592504 324821 28374  9503
74.630298828 7615914374 321870 28384  8420
74.642282180 7616227929 313555 28367  9007
74.654298132 7616553389 325460 28386  9214
74.666299677 7616878841 325452 28380  8887
74.678294582 7617204139 325298 28385  9288
74.690297150 7617521260 317121 28378  9542
74.702296692 7617839774 318514 28377  8642
74.714284024 7618165980 326206 28377  9387
74.726312296 7618492009 326029 28393  9346
74.738298934 7618817546 325537 28373  9932
74.750297579 7619134876 317330 28366  10020
74.762294048 7619453272 318396 28375  8389
74.774286356 7619779246 325974 28371  9579
74.786297081 7620104872 325626 28364  8767
74.798282936 7620430919 326047 28385  9479
74.810297358 7620753311 322392 28362  8898
74.822286503 7621066378 313067 28379  9720
74.834286664 7621391652 325274 28380  9011
74.846281080 7621717017 325365 28366  10621
74.858286385 7622042375 325358 28370  10021
74.870284174 7622367718 325343 28381  9242
74.882296196 7622679337 311619 28355  9220
74.894283770 7623003558 324221 28381  9897
74.906284105 7623329166 325608 28380  9678
74.918297714 7623654760 325594 28370  9703
74.930282016 7623980729 325969 28385  9732
74.942298765 7624305537 324808 28367  9275
74.954283862 7624616472 310935 28382  9081
74.966298468 7624941822 325350 28368  10232
74.978282346 7625267340 325518 28379  8691
74.990293678 7625592654 325314 28380  9380
75.002298346 7625918486 325832 28372  8393
75.014293621 7626241693 323207 28376  9007
75.026298053 7626553863 312170 28374  10113
75.038306792 7626879348 325485 28384  9028
75.050298883 7627204697 325349 28352  9448
75.062284428 7627529768 325071 28371  9472
75.074298684 7627854786 325018 28368  10773
75.086286126 7628179990 325204 28382  9326
75.098295227 7628490954 310964 28382  9587
75.110284612 7628814752 323798 28376  9685
75.122297951 7629140080 325328 28380  10455
75.134284463 7629465699 325619 28380  9207
75.146284887 7629791221 325522 28374  10724
75.158281256 7630116238 325017 28360  9046
75.170286068 7630436955 320717 28397  9877
75.182281686 7630751265 314310 28379  9398
75.194282514 7631075705 324440 28365  9898
75.206292299 7631400772 325067 28382  10080
75.218283415 7631725961 325189 28373  10136
75.230284077 7632050863 324902 28375  8931
75.242283775 7632376073 325210 28385  8445
75.254296957 7632698081 322008 28400  9164
75.266282775 7633011136 313055 28374  8442
75.278292937 7633336254 325118 28366  10167
75.290282729 7633661662 325408 28379  8977
75.302293590 7633987331 325669 28382  9693
75.314283819 7634312637 325306 28357  9768
75.326294717 7634638025 325388 28390  10339
75.338296526 7634962970 324945 28374  8699
75.350294525 7635277961 314991 28363  9526
75.362304877 7635597362 319401 28370  8388
75.374296914 7635922248 324886 28379  9328
75.386297303 7636247094 324846 28353  10267
75.398297798 7636571761 324667 28368  9223
75.410299177 7636896722 324961 28353  9507
75.422279261 7637221947 325225 28367  8105
75.434293617 7637546814 324867 28382  10909
75.446287045 7637864833 318019 28373  9078
75.458294231 7638181478 316645 28387  9424
75.470284575 7638506251 324773 28391  10091
75.482282724 7638830993 324742 28368  10589
75.494297176 7639156173 325180 28381  10522
75.506285217 7639481189 325016 28376  10574
75.518289519 7639806174 324985 28375  8977
75.530285964 7640131464 325290 28379  9471
75.542284836 7640456747 325283 28383  9509
75.554285948 7640775133 318386 28387  10137
75.566284593 7641092257 317124 28386  8986
75.578287574 7641417020 324763 28394  9476
75.590284400 7641741682 324662 28371  8718
75.602283128 7642066647 324965 28375  9273
75.614294937 7642391049 324402 28359  10150
75.626285338 7642715554 324505 28367  11578
75.638298077 7643040585 325031 28384  10315
75.650282085 7643365454 324869 28365  10971
75.662295107 7643690232 324778 28374  10294
75.674292832 7644009521 319289 28354  9480
75.686294507 7644324759 315238 28368  9417
75.698296072 7644648834 324075 28405  10761
75.710300108 7644973836 325002 28373  10889
75.722297883 7645298779 324943 28387  11427
75.734295518 7645623829 325050 28381  9873
75.746296573 7645948499 324670 28381  10267
75.758296098 7646272974 324475 28351  10176
75.770293380 7646597412 324438 28382  9975
75.782282791 7646922325 324913 28382  10341
75.794296733 7647246970 324645 28375  10755
75.806285098 7647571149 324179 28359  11174
75.818293947 7647886296 315147 28398  8983
75.830283952 7648204549 318253 28364  10425
75.842304878 7648528322 323773 28377  9770
75.854282489 7648852702 324380 28365  9882
75.866281904 7649177067 324365 28373  9748
75.878283276 7649501431 324364 28397  11176
75.890285695 7649826151 324720 28389  10516
75.902286999 7650150450 324299 28374  10342
75.914285268 7650474976 324526 28383  9341
75.926285233 7650800407 325431 28387  10853
75.938562733 7651125076 324669 28362  17224
75.950278280 7651449603 324527 28360  11686
75.962284115 7651774174 324571 28382  10277
75.974299421 7652099102 324928 28385  10816
75.986300185 7652417859 318757 28373  10342
75.998295091 7652734975 317116 28378  10080
76.010285385 7653057090 322115 28389  10291
76.022295777 7653381408 324318 28383  10451
76.034297822 7653706069 324661 28384  10288
76.046284288 7654030606 324537 28373  11042
76.058296883 7654355260 324654 28374  9800
76.070284938 7654675238 319978 28369  10853
76.082285806 7654980228 304990 28363  7326
76.094284951 7655271946 291718 28375  7153
76.106293323 7655575472 303526 28372  7258
76.118295289 7655880364 304892 28370  7234
76.130296591 7656179100 298736 28364  7400
76.142282742 7656474578 295478 28376  7158
76.154293540 7656779252 304674 28374  7300
76.166285232 7657084161 304909 28388  6741
76.178296464 7657373962 289801 28369  6699
76.190280945 7657678974 305012 28378  7238
76.202282811 7657983434 304460 28382  7134
76.214297536 7658274582 291148 28386  7355
76.226285235 7658578653 304071 28387  7452
76.238294430 7658883535 304882 28378  7388
76.250294278 7659185173 301638 28396  7633
76.262295083 7659478320 293147 28366  7476
76.274280868 7659782636 304316 28385  8004
76.286284354 7660087885 305249 28380  7375
76.298285409 7660378407 290522 28375  7420
76.310307060 7660683009 304602 28364  8637
76.322297282 7660988117 305108 28365  6627
76.334285091 7661290372 302255 28360  7528
76.346285989 7661583542 293170 28380  7677
76.358294908 7661888784 305242 28374  8571
76.370296489 7662193818 305034 28386  6876
76.382288641 7662485056 291238 28362  7629
76.394298750 7662788735 303679 28366  6417
76.406282101 7663093851 305116 28373  7139
76.418284819 7663398783 304932 28367  6521
76.430285548 7664747061 1348278 127793  32578
76.442293947 7665052253 305192 28372  8351
76.454294812 7665357093 304840 28361  7395
76.466297591 7665661744 304651 28384  8477
76.478294225 7665952180 290436 28392  6659
76.490286547 7666256896 304716 28361  6841
76.502296882 7666561816 304920 28372  7405
76.514297774 7666863622 301806 28386  6810
76.526282035 7667157752 294130 28371  7780
76.538283041 7667462814 305062 28376  8615
76.550296699 7667767689 304875 28390  7333
76.562285028 7668067983 300294 28382  8053
76.574296520 7668362896 294913 28382  7124
76.586296065 7668667872 304976 28370  8023
76.598295206 7668973195 305323 28378  7114
76.610282958 7669274579 301384 28352  7054
76.622285040 7669567881 293302 28370  7513
76.634293592 7669872923 305042 28379  7201
76.646297771 7670178063 305140 28368  7746
76.658296182 7670482841 304778 28372  7525
76.670283037 7670772612 289771 28360  6866
76.682284113 7671076949 304337 28361  5788
76.694294928 7671381417 304468 28352  7911
76.706285566 7671685845 304428 28366  7994
76.718297844 7671977059 291214 28375  7916
76.730283746 7672281453 304394 28381  8219
76.742283855 7672586115 304662 28357  6955
76.754283977 7672891081 304966 28367  7062
76.766310862 7673188409 297328 28383  7187
76.778294897 7673485909 297500 28366  8246
76.790295289 7673790762 304853 28380  8287
76.802282901 7674095379 304617 28370  6866
76.814293256 7674400143 304764 28366  6704
76.826285514 7674689975 289832 28366  7684
76.838297330 7674994303 304328 28363  6986
76.850285398 7675298484 304181 28363  7397
76.862280953 7675603636 305152 28384  7237
76.874298515 7675902764 299128 28397  8277
76.886282906 7676198094 295330 28371  8045
76.898293828 7676502813 304719 28366  8280
76.910297750 7676807354 304541 28357  7585
76.922281602 7677112177 304823 28370  7971
76.934297497 7677406059 293882 28371  6647
76.946291716 7677707977 301918 28365  7733
76.958283390 7678013250 305273 28376  8553
76.970297439 7678318172 304922 28360  7195
76.982286631 7678623191 305019 28372  7907
76.994292273 7678915922 292731 28387  6522
77.006286395 7679219109 303187 28363  7826
77.018297267 7679524321 305212 28360  8305
77.030294945 7679829482 305161 28382  7671
77.042284943 7680135014 305532 28393  7605
77.054293999 7680427830 292816 28390  9092
77.066285417 7680730213 302383 28382  7955
77.078285098 7681035511 305298 28371  6794
77.090283517 7681340765 305254 28378  7606
77.102293732 7681645881 305116 28377  6555
77.114300428 7681942921 297040 28381  6553
77.126286279 7682241359 298438 28363  6889
77.138281464 7682546090 304731 28370  8929
77.150298026 7682851014 304924 28371  7446
77.162284628 7683156120 305106 28378  6867
77.174295737 7683460961 304841 28381  7876
77.186284068 7683751109 290148 28358  6955
77.198281680 7684055924 304815 28376  7378
77.210298452 7684360390 304466 28363  8276
77.222281677 7684665016 304626 28374  6555
77.234294036 7684970036 305020 28384  7726
77.246295014 7685267593 297557 28376  6932
77.258296366 7685564769 297176 28376  6771
77.270292761 7685869553 304784 28369  7254
77.282281879 7686173935 304382 28380  7060
77.294296385 7686478881 304946 28381  8422
77.306296737 7686783128 304247 28359  7181
77.318281121 7687077919 294791 28383  7968
77.330295776 7687377210 299291 28378  7419
77.342286805 7687681706 304496 28380  8138
77.354298310 7687986024 304318 28385  7879
77.366281302 7688290703 304679 28382  8447
77.378282253 7688595473 304770 28385  8147
77.390294302 7688891789 296316 28387  7981
77.402282844 7689189044 297255 28352  8262
77.414282349 7689493581 304537 28368  8456
77.426290731 7689797912 304331 28367  6759
77.438283739 7690102530 304618 28357  7868
77.450280961 7690406922 304392 28370  7666
77.462285230 7690709804 302882 28390  8287
77.474282025 7691001069 291265 28368  7515
77.486294024 7691305112 304043 28380  7998
77.498283169 7691609484 304372 28379  8270
77.510285163 7691914263 304779 28383  7286
77.522285302 7692218883 304620 28379  8240
77.534293274 7692523316 304433 28369  7349
77.546293693 7692821507 298191 28361  7932
77.558281967 7693116450 294943 28364  8691
77.570294546 7693420555 304105 28379  8316
77.582302418 7693724744 304189 28369  8050
77.594286296 7694028767 304023 28366  9001
77.606284968 7694332748 303981 28383  7357
77.618294090 7694636996 304248 28377  8292
77.630294688 7694937169 300173 28374  7834
77.642296750 7695229753 292584 28365  7331
77.654281892 7695533762 304009 28367  6830
77.666295371 7695837756 303994 28348  7816
77.678283509 7696141631 303875 28369  7930
77.690294235 7696445441 303810 28370  7832
77.702282089 7696749532 304091 28388  7778
77.714284598 7697053786 304254 28369  7677
77.726296906 7697348763 294977 28362  7923
77.738284655 7697647455 298692 28376  7549
77.750291690 7697951722 304267 28373  7418
77.762283651 7698255916 304194 28368  8292
77.774295558 7698560163 304247 28397  7646
77.786282005 7698864167 304004 28365  8381
77.798282344 7699168900 304733 28365  7831
77.810282826 7699473077 304177 28379  7249
77.822296458 7699769870 296793 28352  7305
77.834285483 7700066638 296768 28398  9186
77.846294765 7700370562 303924 28369  7268
77.858281543 7700674423 303861 28365  8549
77.870293505 7700978771 304348 28382  8193
77.882293874 7701283040 304269 28367  7541
77.894284906 7701587164 304124 28376  7591
77.906306488 7701891430 304266 28380  7892
77.918296182 7702195503 304073 28383  7197
77.930297291 7702490494 294991 28369  8195
77.942282783 7702788883 298389 28380  8291
77.954293768 7703093265 304382 28372  7482
77.966294230 7703397492 304227 28367  8031
77.978294362 7703701719 304227 28391  8155
77.990282586 7704005979 304260 28368  7499
78.002294518 7704309736 303757 28388  8563
78.014286004 7704613773 304037 28378  7627
78.026293916 7704917914 304141 28364  7367
78.038281103 7705220521 302607 28374  8103
78.050293429 7705513396 292875 28376  8233
78.062306854 7705814267 300871 28370  7878
78.074281663 7706118214 303947 28364  7811
78.086281808 7706422612 304398 28373  7774
78.098286297 7706726921 304309 28377  8240
78.110296255 7707031101 304180 28368  7841
78.122282226 7707334814 303713 28370  7897
78.134295735 7707639256 304442 28382  7668
78.146285507 7707943329 304073 28376  8875
78.158293466 7708247901 304572 28378  6903
78.170284040 7708549437 301536 28358  8733
78.182293932 7708844156 294719 28381  6919
78.194282911 7709145130 300974 28367  8919
78.206293663 7709448971 303841 28379  7981
78.218289498 7709752816 303845 28363  7327
78.230283610 7710057039 304223 28371  7430
78.242293558 7710361191 304152 28389  7269
78.254282890 7710665302 304111 28375  7996
78.266293948 7710969449 304147 28388  8388
78.278286124 7711273790 304341 28389  7927
78.290294739 7711577682 303892 28368  8281
78.302281897 7711882266 304584 28374  8591
78.314294692 7712186717 304451 28368  7497
78.326285087 7712485628 298911 28371  8406
78.338282989 7712782286 296658 28358  8617
78.350282318 7713084266 301980 28374  7816
78.362295923 7713388403 304137 28386  8750
78.374282354 7713693051 304648 28377  9009
78.386304471 7713997457 304406 28388  9070
78.398285135 7714301574 304117 28359  8142
78.410286720 7714605345 303771 28354  7844
78.422295299 7714909355 304010 28373  7985
78.434282133 7715213317 303962 28379  8930
78.446298429 7715517698 304381 28369  7832
78.458280837 7715821794 304096 28360  8748
78.470296326 7716125899 304105 28369  8590
78.482282035 7716429878 303979 28380  7318
78.494295657 7716734011 304133 28374  8061
78.506293792 7717037639 303628 28353  7569
78.518301740 7717335424 297785 28382  8345
78.530280512 7717633362 297938 28362  8820
78.542301470 7717935209 301847 28385  9509
78.554297559 7718239116 303907 28372  7843
78.566292281 7718543275 304159 28380  7926
78.578294749 7718847240 303965 28371  8843
78.590282737 7719151474 304234 28366  8133
78.602293263 7719455764 304290 28363  7243
78.614284195 7719759903 304139 28371  8057
78.626294443 7720063960 304057 28352  7727
78.638296942 7720367818 303858 28363  7741
78.650280243 7720671688 303870 28364  8489
78.662281875 7720976056 304368 28367  8147
78.674281187 7721280250 304194 28344  8486
78.686284396 7721584602 304352 28382  8156
78.698301524 7721889488 304886 28380  8882
78.710283856 7722194047 304559 28354  8194
78.722280124 7722498871 304824 28384  9013
78.734295076 7722803513 304642 28360  7933
78.746297698 7723108323 304810 28371  8844
78.758293967 7723413059 304736 28365  8020
78.770283639 7723717409 304350 28369  8924
78.782298944 7724021111 303702 28374  7153
78.794293215 7724321718 300607 28396  8289
78.806284970 7724622491 300773 28387  8739
78.818283079 7724923838 301347 28364  8364
78.830285308 7725226061 302223 28349  8841
78.842294743 7725529337 303276 28356  7760
78.854294432 7725833427 304090 28360  8731
78.866293104 7726137555 304128 28384  9291
78.878294425 7726442240 304685 28369  8363
78.890297267 7726746947 304707 28368  8131
78.902281639 7727051119 304172 28359  8535
78.914282314 7727355358 304239 28362  9047
78.926285136 7727659746 304388 28359  7991
78.938281630 7727963930 304184 28361  8429
78.950284566 7728268418 304488 28365  9022
78.962294071 7728573156 304738 28362  8731
78.974281276 7728877903 304747 28374  8109
78.986294642 7729182316 304413 28386  9120
78.998296197 7729486610 304294 28372  8730
79.010281872 7729790856 304246 28384  8349
79.022299291 7730095395 304539 28371  8892
79.034294632 7730399905 304510 28367  8734
79.046281644 7730704447 304542 28357  8926
79.058294676 7731009106 304659 28364  8681
79.070296778 7731313702 304596 28372  8787
79.082294950 7731618083 304381 28367  8836
79.094293165 7731922750 304667 28359  8736
79.106283740 7732227505 304755 28350  9499
79.118297272 7732531780 304275 28363  9113
79.130282210 7732835932 304152 28352  9518
79.142294422 7733140200 304268 28367  8575
79.154283660 7733444474 304274 28384  9105
79.166285075 7733749237 304763 28367  8452
79.178303305 7734053844 304607 28363  9283
79.190296039 7734358099 304255 28370  8580
79.202277828 7734662598 304499 28373  9070
79.214294177 7734966589 303991 28345  8301
79.226281712 7735270702 304113 28366  8818
79.238281723 7735575206 304504 28371  8368
79.250281862 7735879790 304584 28369  8311
79.262283380 7736184182 304392 28370  9442
79.274297256 7736488707 304525 28347  10187
79.286294271 7736792953 304246 28358  8343
79.298293103 7737097983 305030 28361  9144
79.310286244 7737403129 305146 28364  9459
79.322296666 7737708562 305433 28377  8056
79.334301448 7738013311 304749 28373  8655
79.346282243 7738318158 304847 28362  8167
79.358282602 7738622989 304831 28362  8924
79.370297707 7738927804 304815 28374  9092
79.382282416 7739233284 305480 28374  8696
79.394296248 7739538477 305193 28357  8926
79.406282016 7739843497 305020 28377  8481
79.418294584 7740148099 304602 28366  8157
79.430297320 7740453416 305317 28386  8114
79.442282392 7740757905 304489 28360  9151
79.454297417 7741063270 305365 28370  8961
79.466281938 7741368548 305278 28359  9656
79.478282900 7741673871 305323 28369  9081
79.490283232 7741979272 305401 28374  9162
79.502291171 7742285299 306027 28347  9075
79.514297266 7742592048 306749 28367  9424
79.526293691 7742900175 308127 28361  9090
79.538286166 7743209004 308829 28382  9577
79.550292794 7743517768 308764 28366  8093
79.562300333 7743823955 306187 28353  9201
79.574282948 7744129059 305104 28368  9128
79.586287380 7744434320 305261 28404  8167
79.598281015 7744739893 305573 28391  9218
79.610294608 7745044980 305087 28359  8990
79.622282975 7745349986 305006 28357  9417
79.634293784 7745654866 304880 28365  8925
79.646281233 7745959636 304770 28381  9042
79.658302108 7746264454 304818 28383  8478
79.670298157 7746569904 305450 28361  8866
79.682281502 7746874958 305054 28359  8610
79.694286063 7747179696 304738 28367  9118
79.706294545 7747484250 304554 28351  9038
79.718282324 7747789284 305034 28357  9371
79.730281396 7748093854 304570 28362  9555
79.742281624 7748398748 304894 28367  9187
79.754294093 7748703729 304981 28369  9217
79.766292845 7749008753 305024 28359  9903
79.778285759 7749314065 305312 28373  9145
79.790297015 7749618744 304679 28376  9842
79.802281053 7749923441 304697 28356  9698
79.814303932 7750230151 306710 28368  8961
79.826296884 7750539953 309802 28378  9306
79.838282586 7750851268 311315 28361  9142
79.850294901 7751158172 306904 28354  9139
79.862293580 7751463299 305127 28362  9357
79.874284968 7751768302 305003 28368  10558
79.886293240 7752073972 305670 28372  8617
79.898296882 7752379064 305092 28361  9592
79.910298130 7752684751 305687 28376  9410
79.922283806 7752989671 304920 28362  9256
79.934282294 7753294357 304686 28355  8271
79.946293860 7753599242 304885 28378  9035
79.958282664 7753904304 305062 28361  8985
79.970301409 7754208982 304678 28354  9510
79.982295768 7754513834 304852 28344  9018
79.994283900 7754819097 305263 28378  9532
80.006295275 7755124398 305301 28369  9809
80.018282064 7755430352 305954 28366  10147
80.030286085 7755741436 311084 28373  8496
80.042296071 7756054891 313455 28356  9068
80.054282132 7756360141 305250 28361  9346
80.066281758 7756665444 305303 28373  10039
80.078284263 7756970676 305232 28379  9682
80.090294052 7757276101 305425 28365  9912
80.102296797 7757582089 305988 28374  9517
80.114281368 7757887766 305677 28372  9277
80.126293617 7758193428 305662 28363  9515
80.138288705 7758498723 305295 28355  9713
80.150281977 7758804277 305554 28370  9380
80.162294679 7759109740 305463 28362  9671
80.174284364 7759415564 305824 28366  9513
80.186296540 7759721685 306121 28369  8390
80.198294365 7760033619 311934 28374  9451
80.210282166 7760346655 313036 28362  8885
80.222295002 7760652505 305850 28367  9027
80.234283647 7760958139 305634 28375  9261
80.246293322 7761263838 305699 28356  9231
80.258282307 7761569437 305599 28363  9973
80.270283682 7761874918 305481 28357  9596
80.282298835 7762180880 305962 28360  9373
80.294288029 7762486129 305249 28353  8559
80.306294465 7762791329 305200 28355  10118
80.318281913 7763097003 305674 28358  9514
80.330285462 7763402702 305699 28349  9951
80.342297434 7763715522 312820 28367  9732
80.354286098 7764027770 312248 28377  9328
80.366282167 7764333136 305366 28368  9416
80.378293746 7764638632 305496 28390  9577
80.390281551 7764944548 305916 28366  8708
80.402285156 7765249984 305436 28342  8465
80.414285092 7765555675 305691 28379  10227
80.426293877 7765861364 305689 28368  9683
80.438295209 7766166972 305608 28382  10162
80.450289760 7766472256 305284 28375  9485
80.462295276 7766778915 306659 28369  9049
80.474280847 7767094397 315482 28375  10589
80.486295776 7767403594 309197 28349  9238
80.498293531 7767709194 305600 28351  9365
80.510283647 7768015138 305944 28365  9139
80.522295122 7768320501 305363 28361  9952
80.534296113 7768626203 305702 28358  9482
80.546282685 7768931808 305605 28375  9107
80.558293644 7769237566 305758 28389  9473
80.570297576 7769543215 305649 28374  10577
80.582293568 7769849763 306548 28363  8461
80.594288760 7770167237 317474 28364  10320
80.606289965 7770474103 306866 28386  10123
80.618301010 7770779416 305313 28356  9525
80.630297055 7771084970 305554 28362  9614
80.642295023 7771390968 305998 28368  9301
80.654293992 7771696896 305928 28352  9746
80.666281841 7772002790 305894 28397  9263
80.678295316 7772309209 306419 28390  9642
80.690282655 7772615650 306441 28378  9818
80.702281909 7772932293 316643 28370  10526
80.714297212 7773241123 308830 28368  9525
80.726293880 7773546741 305618 28355  10587
80.738285252 7773852411 305670 28359  9333
80.750295054 7774158469 306058 28355  10835
80.762281709 7774464178 305709 28352  9714
80.774291931 7774770449 306271 28374  9806
80.786283039 7775076109 305660 28352  10427
80.798297935 7775385222 309113 28356  10225
80.810283483 7775702134 316912 28388  9862
80.822296872 7776008234 306100 28352  9305
80.834282967 7776314091 305857 28372  9199
80.846281812 7776619932 305841 28366  9531
80.858283437 7776925486 305554 28366  9427
80.870297539 7777231091 305605 28379  9451
80.882294918 7777536798 305707 28372  10279
80.894294433 7777844858 308060 28364  9894
80.906294934 7778163167 318309 28350  10561
80.918294303 7778468955 305788 28375  9516
80.930294668 7778775293 306338 28353  10660
80.942298007 7779081398 306105 28361  9210
80.954281659 7779387304 305906 28347  9791
80.966299221 7779693611 306307 28362  10306
80.978293836 7779999674 306063 28352  10601
80.990284541 7780312197 312523 28363  10258
81.002292456 7780625986 313789 28371  10515
81.014294015 7780932323 306337 28364  10003
81.026292993 7781238384 306061 28367  10575
81.038282929 7781544615 306231 28355  10143
81.050281694 7781850966 306351 28360  9168
81.062282602 7782157137 306171 28363  10868
81.074297808 7782464961 307824 28362  10664
81.086303660 7782784097 319136 28368  9637
81.098281888 7783090078 305981 28381  10208
81.110285860 7783396005 305927 28350  10225
81.122283672 7783702373 306368 28371  9852
81.134282604 7784008334 305961 28359  10484
81.146294339 7784314493 306159 28363  9419
81.158281961 7784621612 307119 28382  10640
81.170281729 7784940647 319035 28355  10325
81.182282337 7785246782 306135 28360  10465
81.194284493 7785553042 306260 28348  10133
81.206285665 7785859465 306423 28381  9495
81.218293827 7786165898 306433 28377  9873
81.230290355 7786471867 305969 28374  10666
81.242289501 7786781013 309146 28371  10056
81.254280886 7787098749 317736 28387  11108
81.266285378 7787405050 306301 28363  10816
81.278295423 7787711348 306298 28359  9555
81.290285328 7788017888 306540 28360  9205
81.302298553 7788324061 306173 28356  10549
81.314281448 7788630202 306141 28371  10216
81.326297210 7788947657 317455 28367  9893
81.338296536 7789257211 309554 28369  9427
81.350293761 7789563416 306205 28390  10780
81.362294902 7789869536 306120 28354  10240
81.374293885 7790175958 306422 28366  9360
81.386282553 7790481826 305868 28365  11367
81.398282195 7790791688 309862 28374  10251
81.410306013 7791108713 317025 28375  10561
81.422295749 7791415222 306509 28363  10127
81.434293531 7791721491 306269 28366  10347
81.446281679 7792027976 306485 28375  10365
81.458298328 7792333895 305919 28351  9992
81.470285509 7792641357 307462 28384  10541
81.482281828 7792960683 319326 28368  10628
81.494286116 7793266948 306265 28376  10799
81.506281405 7793573112 306164 28373  9838
81.518284067 7793878755 305643 28343  10929
81.530282372 7794184722 305967 28375  9548
81.542284980 7794491991 307269 28365  10314
81.554295549 7794811302 319311 28354  10752
81.566304205 7795117141 305839 28354  9532
81.578286066 7795423422 306281 28366  10474
81.590282318 7795729692 306270 28370  9662
81.602284040 7796036025 306333 28397  10726
81.614295072 7796344876 308851 28350  10829
81.626288121 7796662705 317829 28382  9473
81.638293819 7796969306 306601 28352  10481
81.650282547 7797276348 307042 28363  10125
81.662294292 7797583399 307051 28372  10134
81.674296058 7797890018 306619 28359  10224
81.686296053 7798205780 315762 28371  10182
81.698293525 7798518064 312284 28353  10498
81.710294620 7798824940 306876 28356  10650
81.722289936 7799131859 306919 28364  10201
81.734282658 7799438728 306869 28354  10714
81.746297740 7799745736 307008 28378  10689
81.758294051 7800066413 320677 28357  10869
81.770298137 7800373225 306812 28381  11147
81.782282341 7800680188 306963 28359  10031
81.794293773 7800986902 306714 28348  9893
81.806282819 7801293609 306707 28367  10870
81.818281247 7801608562 314953 28354  11234
81.830281103 7801920921 312359 28361  11226
81.842281037 7802228136 307215 28358  10439
81.854282949 7802535386 307250 28376  10502
81.866282258 7802842392 307006 28362  10694
81.878289540 7803150629 308237 28372  10945
81.890294548 7803469638 319009 28363  10451
81.902293177 7803776867 307229 28354  11696
81.914284189 7804084130 307263 28392  10370
81.926282458 7804391433 307303 28369  10577
81.938285063 7804698487 307054 28367  10459
81.950296505 7805019105 320618 28379  10750
81.962283200 7805326193 307088 28343  11136
81.974281198 7805633635 307442 28362  10790
81.986293660 7805940739 307104 28343  11098
81.998294806 7806247613 306874 28367  11125
82.010282417 7806568341 320728 28371  10141
82.022296593 7806875431 307090 28374  10935
82.034294848 7807182246 306815 28374  9941
82.046305057 7807489272 307026 28377  11180
82.058297419 7807796713 307441 28370  10708
82.070281676 7808117338 320625 28361  10940
82.082299913 7808424369 307031 28362  11106
82.094284457 7808730858 306489 28366  10552
82.106298619 7809037676 306818 28358  10347
82.118284938 7809344749 307073 28363  11490
82.130297990 7809665435 320686 28368  10711
82.142281728 7809972416 306981 28374  9695
82.154280870 7810279057 306641 28358  10624
82.166281889 7810585690 306633 28359  10461
82.178296531 7810892114 306424 28364  11115
82.190294370 7811213373 321259 28384  9751
82.202304532 7811520345 306972 28370  11093
82.214285823 7811827296 306951 28379  11170
82.226284018 7812134407 307111 28367  10715
82.238294640 7812441911 307504 28358  11745
82.250282982 7812761578 319667 28353  11004
82.262297494 7813068526 306948 28365  11179
82.274281882 7813375399 306873 28371  11324
82.286293781 7813682295 306896 28368  11141
82.298283586 7813995428 313133 28356  11672
82.310285374 7814309508 314080 28362  11075
82.322293593 7814616385 306877 28368  10486
82.334294095 7814923896 307511 28367  11011
82.346281480 7815231672 307776 28375  11695
82.358301042 7815552344 320672 28370  11123
82.370281871 7815859267 306923 28356  11729
82.382298146 7816166207 306940 28355  11071
82.394285248 7816473222 307015 28362  11378
82.406282069 7816781751 308529 28362  11361
82.418297868 7817101652 319901 28364  10463
82.430283303 7817409396 307744 28364  10180
82.442283462 7817717110 307714 28362  11301
82.454285077 7818024748 307638 28361  12546
82.466294033 7818345595 320847 28373  11152
82.478279215 7818653825 308230 28376  11688
82.490281567 7818961492 307667 28354  11257
82.502285838 7819269564 308072 28367  11563
82.514297281 7819578112 308548 28366  11480
82.526290212 7819897894 319782 28361  11356
82.538282327 7820205365 307471 28358  11510
82.550281446 7820513423 308058 28359  11251
82.562282754 7820820969 307546 28361  11151
82.574293663 7821142044 321075 28379  10908
82.586283088 7821449649 307605 28352  12046
82.598297104 7821757214 307565 28376  10726
82.610283879 7822064504 307290 28369  11566
82.622295264 7822380092 315588 28371  11883
82.634282035 7822693278 313186 28358  11056
82.646297208 7823000828 307550 28378  11037
82.658293779 7823308134 307306 28384  10404
82.670293788 7823616269 308135 28357  11849
82.682304030 7823936004 319735 28360  11606
82.694298075 7824243632 307628 28381  11885
82.706297474 7824551016 307384 28376  10678
82.718294819 7824858462 307446 28357  12246
82.730296691 7825179438 320976 28369  10762
82.742282949 7825486781 307343 28352  11118
82.754296265 7825794167 307386 28365  11429
82.766297617 7826101801 307634 28353  12121
82.778284862 7826422845 321044 28362  12493
82.790285060 7826730635 307790 28363  11931
82.802297562 7827038302 307667 28359  11029
82.814294154 7827346017 307715 28353  12122
82.826280663 7827667106 321089 28363  11808
82.838291172 7827975006 307900 28367  12465
82.850293557 7828282841 307835 28362  10775
82.862294102 7828590506 307665 28361  12250
82.874295020 7828908081 317575 28363  12190
82.886283055 7829218897 310816 28353  11651
82.898297968 7829526431 307534 28372  11917
82.910295063 7829834454 308023 28354  11295
82.922283581 7830150511 316057 28382  12109
82.934280853 7830463445 312934 28363  11020
82.946293745 7830770932 307487 28367  10508
82.958282617 7831078388 307456 28361  12321
82.970285093 7831394184 315796 28361  11701
82.982285308 7831707208 313024 28354  11457
82.994301603 7832015154 307946 28374  11760
83.006286278 7832323364 308210 28387  11456
83.018282913 7832640169 316805 28378  12017
83.030297876 7832952535 312366 28375  12144
83.042281627 7833260603 308068 28375  11115
83.054286346 7833568686 308083 28369  12161
83.066281301 7833887745 319059 28375  12369
83.078282130 7834198276 310531 28381  11853
83.090295868 7834506409 308133 28376  11724
83.102282474 7834814454 308045 28350  11725
83.114295069 7835135230 320776 28373  11491
83.126285390 7835443477 308247 28358  11845
83.138283779 7835751661 308184 28380  12423
83.150296792 7836059592 307931 28357  12522
83.162301323 7836381034 321442 28360  12043
83.174299055 7836689478 308444 28362  11759
83.186297257 7836997628 308150 28363  11614
83.198283902 7837306702 309074 28374  12364
83.210295687 7837628456 321754 28376  11525
83.222295636 7837937034 308578 28362  10996
83.234293581 7838245736 308702 28369  12448
83.246294823 7838554603 308867 28355  11958
83.258284059 7838875359 320756 28367  11905
83.270296994 7839183976 308617 28367  11979
83.282285272 7839492555 308579 28373  12575
83.294293377 7839808120 315565 28365  12005
83.306294399 7840122392 314272 28359  12091
83.318289198 7840430924 308532 28360  12007
83.330294520 7840739108 308184 28355  12344
83.342284608 7841060727 321619 28381  12788
83.354284140 7841369281 308554 28363  12456
83.366284525 7841677851 308570 28371  12118
83.378282617 7841986426 308575 28359  12086
83.390286172 7842307788 321362 28365  11923
83.402282594 7842616429 308641 28386  12142
83.414280623 7842925402 308973 28373  12846
83.426293878 7843239480 314078 28350  12337
83.438282237 7843555454 315974 28376  11931
83.450285295 7843864167 308713 28377  12420
83.462281817 7844172911 308744 28379  12810
83.474293396 7844494318 321407 28351  11902
83.486297288 7844803324 309006 28346  12662
83.498284307 7845111836 308512 28357  11712
83.510296395 7845420834 308998 28361  12546
83.522283607 7845741789 320955 28344  12223
83.534285968 7846050276 308487 28357  12393
83.546281320 7846358826 308550 28369  13157
83.558297926 7846680815 321989 28377  11973
83.570284961 7846989411 308596 28336  11583
83.582292783 7847298405 308994 28372  12726
83.594293015 7847607319 308914 28349  13289
83.606281870 7847928749 321430 28362  11778
83.618283692 7848237497 308748 28356  12357
83.630301774 7848545930 308433 28365  13583
83.642295906 7848867236 321306 28355  12099
83.654284971 7849175820 308584 28352  12430
83.666293374 7849484569 308749 28367  13125
83.678282658 7849793299 308730 28374  13241
83.690282310 7850114510 321211 28366  12098
83.702298032 7850423335 308825 28361  12558
83.714295601 7850732073 308738 28356  12567
83.726293733 7851053833 321760 28372  12769
83.738294041 7851362562 308729 28374  12904
83.750293777 7851670984 308422 28350  12670
83.762283275 7851980624 309640 28373  13027
83.774295581 7852301246 320622 28362  12836
83.786297736 7852609948 308702 28368  12362
83.798289491 7852918526 308578 28377  12917
83.810295903 7853240234 321708 28386  12585
83.822284338 7853548970 308736 28366  12535
83.834282936 7853857977 309007 28371  13197
83.846296205 7854175186 317209 28376  12944
83.858293940 7854489461 314275 28349  12972
83.870282566 7854799066 309605 28372  11663
83.882284468 7855109151 310085 28382  13176
83.894281453 7855431192 322041 28369  12696
83.906282258 7855740923 309731 28365  12785
83.918281990 7856051158 310235 28365  12365
83.930296192 7856373228 322070 28361  13282
83.942281137 7856683311 310083 28381  12835
83.954292783 7856993153 309842 28367  12479
83.966294061 7857308433 315280 28362  13352
83.978283526 7857624185 315752 28345  12820
83.990297752 7857934203 310018 28379  12143
84.002293403 7858244121 309918 28345  12925
84.014282142 7858566042 321921 28351  12828
84.026281954 7858876067 310025 28365  12260
84.038294336 7859185603 309536 28359  12973
84.050296978 7859507435 321832 28371  12251
84.062296877 7859817721 310286 28376  12312
84.074284335 7860127967 310246 28363  13865
84.086290111 7860450296 322329 28377  12349
84.098281265 7860760587 310291 28360  12679
84.110303238 7861070680 310093 28365  13039
84.122297280 7861383496 312816 28369  13337
84.134285414 7861703225 319729 28375  12670
84.146294743 7862013667 310442 28377  12041
84.158297008 7862324017 310350 28375  13605
84.170283180 7862646047 322030 28357  12501
84.182294406 7862956192 310145 28367  12920
84.194293641 7863265812 309620 28355  12882
84.206281756 7863588312 322500 28363  12346
84.218280815 7863898457 310145 28376  13046
84.230283620 7864208427 309970 28351  12894
84.242293506 7864530632 322205 28363  12710
84.254281177 7864840810 310178 28364  13141
84.266304743 7865150917 310107 28368  13025
84.278283731 7865473138 322221 28359  12427
84.290282899 7865783577 310439 28369  12553
84.302295141 7866093701 310124 28381  13210
84.314280950 7866410622 316921 28362  12741
84.326282045 7866725331 314709 28372  12863
84.338293604 7867035201 309870 28369  12745
84.350282299 7867347309 312108 28370  13427
84.362284438 7867668029 320720 28376  12657
84.374297613 7867977773 309744 28367  11897
84.386283839 7868288238 310465 28368  13331
84.398297017 7868610311 322073 28372  12431
84.410284252 7868919985 309674 28387  12347
84.422294664 7869230078 310093 28360  13142
84.434297187 7869552471 322393 28382  12069
84.446284568 7869862710 310239 28375  12174
84.458297583 7870172887 310177 28377  12739
84.470285382 7870494999 322112 28360  12234
84.482293700 7870804525 309526 28369  12693
84.494295142 7871114815 310290 28387  13028
84.506281488 7871437176 322361 28364  12631
84.518294610 7871747326 310150 28365  12532
84.530283162 7872057604 310278 28367  12720
84.542281600 7872380459 322855 28387  11598
84.554282691 7872690143 309684 28363  13163
84.566285618 7873000919 310776 28388  13656
84.578285432 7873323124 322205 28369  12282
84.590300568 7873633933 310809 28374  19246
84.602285209 7873944864 310931 28371  22382
84.614281502 7874267789 322925 28375  19150
84.626265098 7874578098 310309 28364  13122
84.638283509 7874888872 310774 28367  13030
84.650283534 7875211361 322489 28374  12662
84.662282073 7875522409 311048 28362  12536
84.674282078 7875833205 310796 28373  12916
84.686295033 7876155765 322560 28367  13188
84.698282952 7876466574 310809 28387  12275
84.710285654 7876777518 310944 28382  13891
84.722282356 7877100254 322736 28369  11809
84.734284888 7877411483 311229 28366  12665
84.746300980 7877722922 311439 28367  13224
84.758282308 7878045536 322614 28378  12409
84.770282153 7878356260 310724 28373  12769
84.782295572 7878667524 311264 28381  13129
84.794282027 7878990438 322914 28390  12769
84.806293899 7879301678 311240 28371  12380
84.818297484 7879612915 311237 28372  13462
84.830296140 7879935979 323064 28384  12342
84.842293538 7880246947 310968 28387  12230
84.854283670 7880558223 311276 28368  12842
84.866292952 7880880918 322695 28378  12650
84.878293491 7881192133 311215 28376  12379
84.890294403 7881504786 312653 28379  13016
84.902303602 7881826196 321410 28368  12836
84.914282717 7882137306 311110 28377  12376
84.926294249 7882455206 317900 28375  13531
84.938297698 7882771749 316543 28379  12516
84.950281016 7883083312 311563 28375  12717
84.962295145 7883406498 323186 28394  13141
84.974284210 7883718402 311904 28373  11605
84.986282488 7884029446 311044 28390  12834
84.998283780 7884352590 323144 28387  11995
85.010282152 7884664666 312076 28373  13684
85.022297601 7884976626 311960 28371  12417
85.034285159 7885299889 323263 28384  11909
85.046282125 7885612129 312240 28374  12832
85.058281693 7885923299 311170 28367  13254
85.070288429 7886246573 323274 28375  12509
85.082285971 7886558441 311868 28364  12612
85.094281739 7886870136 311695 28360  13103
85.106283391 7887193069 322933 28368  12714
85.118297610 7887504625 311556 28367  12497
85.130282631 7887819941 315316 28384  13720
85.142296894 7888138983 319042 28368  12789
85.154294499 7888450810 311827 28356  11665
85.166284634 7888774117 323307 28379  12642
85.178292703 7889086242 312125 28380  12847
85.190283058 7889399225 312983 28381  13516
85.202295850 7889722323 323098 28395  12666
85.214281285 7890035280 312957 28370  12034
85.226302491 7890348128 312848 28383  13740
85.238297396 7890671740 323612 28382  13162
85.250282198 7890984494 312754 28375  11715
85.262294676 7891297688 313194 28379  12948
85.274297902 7891620117 322429 28355  13229
85.286281894 7891933762 313645 28370  11315
85.298295789 7892257448 323686 28375  13303
85.310286451 7892570799 313351 28366  13748
85.322293360 7892884591 313792 28391  12014
85.334281677 7893208369 323778 28375  12634
85.346281106 7893521348 312979 28388  12581
85.358296146 7893834580 313232 28373  13379
85.370281260 7894158545 323965 28373  12282
85.382289402 7894472097 313552 28378  13095
85.394282604 7894786730 314633 28389  13652
85.406281453 7895109224 322494 28368  13120
85.418298081 7895421921 312697 28372  12623
85.429318600 7903848892 8426971 749690  336868
85.441283807 7904163618 314726 28376  12918
85.453296644 7904488150 324532 28384  12464
85.465284155 7904802942 314792 28378  13265
85.477293853 7905127297 324355 28381  12981
85.489281542 7905441243 313946 28367  13059
85.501295184 7905756593 315350 28384  12967
85.513293299 7906081402 324809 28373  13360
85.525296691 7906396577 315175 28372  13521
85.537304923 7906718400 321823 28388  14021
85.549284262 7907036686 318286 28369  13236
85.561296704 7907351424 314738 28377  14250
85.573295356 7907676445 325021 28374  12947
85.585281531 7907991808 315363 28385  13295
85.597282179 7908307883 316075 28365  14387
85.609297859 7908631860 323977 28365  13020
85.621294924 7908947136 315276 28384  14186
85.633283176 7909271190 324054 28389  13400
85.645282627 7909586749 315559 28390  12953
85.657296083 7909902499 315750 28372  14507
85.669281528 7910227453 324954 28372  12852
85.681281133 7910543048 315595 28364  14800
85.693282885 7910868180 325132 28381  12629
85.705301710 7911183278 315098 28377  13878
85.717295192 7911498886 315608 28380  14317
85.729282601 7911823887 325001 28379  13523
85.741286163 7912139511 315624 28366  13589
85.753296575 7912464715 325204 28385  13099
85.765281754 7912780979 316264 28375  13120
85.777281559 7913096213 315234 28368  13577
85.789295448 7913421278 325065 28369  13962
85.801293673 7913737208 315930 28376  13775
85.813297488 7914062262 325054 28379  13681
85.825285947 7914378205 315943 28378  12939
85.837293692 7914693897 315692 28363  13579
85.849292831 7915018386 324489 28373  12908
85.861301006 7915334640 316254 28380  12608
85.873285982 7915659740 325100 28355  13101
85.885285349 7915975878 316138 28378  13093
85.897296272 7916292532 316654 28378  14241
85.909282960 7916617875 325343 28375  13613
85.921294596 7916933847 315972 28372  13758
85.933293414 7917259373 325526 28380  13229
85.945294990 7917576139 316766 28365  13988
85.957293228 7917892825 316686 28373  13878
85.969293951 7918218530 325705 28386  13566
85.981296762 7918535656 317126 28381  13931
85.993295091 7918860324 324668 28367  13304
86.005282333 7919177257 316933 28382  13293
86.017288515 7919494821 317564 28382  14111
86.029298730 7919819551 324730 28368  13166
86.041285522 7920136555 317004 28376  14081
86.053295037 7920462511 325956 28383  13728
86.065282752 7920778990 316479 28367  13855
86.077298498 7921103710 324720 28382  14141
86.089296833 7921422178 318468 28383  13247
86.101282112 7921739608 317430 28383  14009
86.113284313 7922065650 326042 28390  13491
86.125295333 7922382551 316901 28360  13917
86.137294128 7922707525 324974 28363  13260
86.149281259 7923025132 317607 28367  13308
86.161281391 7923342418 317286 28370  13227
86.173281633 7923668228 325810 28375  12580
86.185300846 7923985920 317692 28365  14087
86.197284030 7924311877 325957 28383  13574
86.209281932 7924628783 316906 28375  13572
86.221296738 7924949573 320790 28375  13856
86.233294626 7925272528 322955 28362  13000
86.245283912 7925590630 318102 28388  13794
86.257284787 7925916588 325958 28362  13386
86.269294339 7926234609 318021 28369  12933
86.281294274 7926559988 325379 28371  14369
86.293284340 7926878303 318315 28375  13416
86.305281512 7927196377 318074 28378  14485
86.317293847 7927522436 326059 28380  13927
86.329281052 7927840554 318118 28377  13985
86.341304884 7928166624 326070 28375  14197
86.353281636 7928484118 317494 28382  13226
86.365296692 7928810073 325955 28366  13615
86.377282057 7929128397 318324 28381  13235
86.389285612 7929447113 318716 28382  14778
86.401297894 7929773459 326346 28385  13722
86.413297130 7930092088 318629 28384  14006
86.425283978 7938426269 8334181 731747  357127
86.439312319 7938742360 316091 27608  13799
86.451296901 7939062216 319856 28385  14304
86.463296293 7939389083 326867 28377  14361
86.475281698 7939708953 319870 28362  14109
86.487281509 7940035733 326780 28372  13629
86.499300489 7940354597 318864 28376  14738
86.511282327 7940681582 326985 28369  13923
86.523293982 7941000872 319290 28366  13060
86.535285864 7941321946 321074 28379  14544
86.547296656 7941647438 325492 28375  14386
86.559295269 7941966951 319513 28378  14118
86.571284730 7942293196 326245 28375  14426
86.583284392 7942613035 319839 28391  14458
86.595281897 7942939642 326607 28368  14476
86.607292956 7943259194 319552 28356  14137
86.619284914 7943586072 326878 28377  13699
86.631287063 7943906090 320018 28402  14025
86.643296288 7944226150 320060 28390  13964
86.655303700 7944552476 326326 28372  14230
86.667283976 7944872403 319927 28380  14284
86.679296048 7945199243 326840 28362  13408
86.691281973 7945519240 319997 28371  13105
86.703295262 7945846232 326992 28373  13733
86.715294594 7946165424 319192 28363  14673
86.727283619 7946492167 326743 28376  14229
86.739294854 7946811562 319395 28361  14300
86.751296850 7947135804 324242 28374  14533
86.763284542 7947458180 322376 28368  13667
86.775281260 7947778027 319847 28371  14928
86.787299549 7948104323 326296 28363  12957
86.799293288 7948424493 320170 28370  15578
86.811289993 7948751831 327338 28369  13700
86.823285775 7949072057 320226 28397  14608
86.835293867 7949398949 326892 28357  14042
86.847294312 7949719925 320976 28379  13343
86.859292941 7950046600 326675 28380  14741
86.871282756 7950367707 321107 28366  14461
86.883283812 7950689138 321431 28378  14855
86.895296036 7951016078 326940 28370  14301
86.907281565 7951337259 321181 28376  15218
86.919294054 7951665021 327762 28386  13567
86.931283349 7951985338 320317 28389  15873
86.943293912 7952312498 327160 28369  13319
86.955297553 7952632976 320478 28365  13399
86.967280971 7952960153 327177 28373  13657
86.979291773 7953280591 320438 28369  14260
86.991295283 7953607756 327165 28374  14645
87.003294027 7953927877 320121 28369  13941
87.015296366 7954253518 325641 28374  14533
87.027280818 7954576035 322517 28376  14463
87.039284533 7954897009 320974 28368  14647
87.051284109 7955224692 327683 28376  14108
87.063297441 7955545508 320816 28368  14254
87.075294139 7955872404 326896 28374  14668
87.087285405 7956193132 320728 28373  14736
87.099296790 7956520579 327447 28384  14807
87.111294002 7956841281 320702 28371  14896
87.123284974 7957168719 327438 28371  14427
87.135301506 7957490126 321407 28368  15009
87.147295818 7957817206 327080 28369  15152
87.159282340 7958138572 321366 28363  14522
87.171284192 7958466162 327590 28359  14437
87.183285387 7958787589 321427 28369  14019
87.195294053 7959109025 321436 28377  15646
87.207283688 7959436598 327573 28374  14003
87.219282236 7959757228 320630 28377  14179
87.231294262 7960084963 327735 28375  13787
87.243281980 7960406410 321447 28387  14620
87.255283149 7960734062 327652 28373  14657
87.267282665 7961055616 321554 28381  15147
87.279292810 7961383714 328098 28397  14088
87.291305105 7961704458 320744 28377  14758
87.303297181 7962032047 327589 28365  14130
87.315282572 7962353690 321643 28363  15019
87.327295070 7962681517 327827 28367  14107
87.339294896 7963003058 321541 28371  14660
87.351296128 7963331049 327991 28386  14906
87.363281180 7963651911 320862 28359  14568
87.375294669 7963978236 326325 28383  14689
87.387293294 7964301179 322943 28366  14734
87.399285219 7964622919 321740 28365  15214
87.411297138 7964950538 327619 28360  14693
87.423295894 7973301053 8350515 726925  375352
87.439311286 7973613652 312599 27616  14413
87.451300795 7973941625 327973 28369  13595
87.463288180 7974263837 322212 28371  15332
87.475281802 7974592100 328263 28373  14655
87.487284954 7974914309 322209 28372  15086
87.499284549 7975242288 327979 28374  14805
87.511283898 7975563868 321580 28366  15102
87.523294660 7975892080 328212 28375  14782
87.535294149 7976214632 322552 28388  15181
87.547297234 7976543094 328462 28377  15013
87.559293406 7976865623 322529 28374  14747
87.571293688 7977193577 327954 28374  15261
87.583293710 7977515176 321599 28381  14520
87.595283631 7977843386 328210 28377  15169
87.607284253 7978165460 322074 28374  14680
87.619289003 7978493690 328230 28377  14606
87.631281611 7978816220 322530 28377  15704
87.643294229 7979144589 328369 28392  15527
87.655284318 7979466215 321626 28377  14624
87.667294310 7979794305 328090 28377  15454
87.679297663 7980116632 322327 28366  14569
87.691284094 7980444391 327759 28361  15151
87.703283436 7980766572 322181 28366  14755
87.715282988 7981092962 326390 28381  15679
87.727282170 7981416364 323402 28363  15258
87.739283395 7981741962 325598 28388  15724
87.751282360 7982067410 325448 28373  14501
87.763296073 7982391358 323948 28400  15250
87.775304959 7982718202 326844 28385  14149
87.787294910 7983041075 322873 28373  16146
87.799294295 7983368163 327088 28389  14628
87.811281837 7983690729 322566 28380  15913
87.823297010 7984018543 327814 28377  14525
87.835283561 7984340848 322305 28366  15484
87.847284750 7984668862 328014 28369  14955
87.859298018 7984991089 322227 28364  15194
87.871292857 7985318487 327398 28379  13763
87.883293670 7985641194 322707 28364  15393
87.895293484 7985969060 327866 28377  14139
87.907295733 7986292404 323344 28397  15464
87.919294125 7986620258 327854 28360  14950
87.931289847 7986943685 323427 28385  15416
87.943284496 7987270839 327154 28375  14468
87.955280974 7987595006 324167 28371  14455
87.967286230 7987921796 326790 28392  13975
87.979293872 7988247103 325307 28372  15438
87.991286057 7988572783 325680 28379  14281
88.003293679 7988899289 326506 28375  15938
88.015295485 7989222909 323620 28388  14778
88.027283003 7989551095 328186 28376  14595
88.039281168 7989873467 322372 28396  14072
88.051282090 7990201710 328243 28378  15947
88.063281579 7990524107 322397 28374  14585
88.075285131 7990852428 328321 28373  14576
88.087280706 7991174321 321893 28393  14841
88.099302885 7991502554 328233 28368  14589
88.111294620 7991824900 322346 28384  14551
88.123292939 7992152778 327878 28355  14632
88.135294668 7992475299 322521 28378  15581
88.147293900 7992803340 328041 28369  14867
88.159294392 7993124989 321649 28373  14546
88.171282807 7993453004 328015 28373  14865
88.183282949 7993775645 322641 28382  15694
88.195293481 7994103997 328352 28380  14533
88.207293270 7994426298 322301 28363  15193
88.219293778 7994753986 327688 28358  15847
88.231293884 7995075864 321878 28375  14478
88.243293446 7995404277 328413 28382  15013
88.255304901 7995726633 322356 28369  16298
88.267282610 7996055093 328460 28375  14475
88.279284252 7996377533 322440 28371  15105
88.291293824 7996705832 328299 28368  15203
88.303294609 7997027492 321660 28375  15046
88.315296568 7997355696 328204 28369  14945
88.327296553 7997678007 322311 28380  14982
88.339295205 7998006134 328127 28363  14480
88.351294010 7998328547 322413 28364  16037
88.363284339 7998656865 328318 28377  15063
88.375292254 7998978978 322113 28382  14997
88.387293803 7999307170 328192 28375  16100
88.399280375 7999629744 322574 28375  15668
88.411301087 7999958011 328267 28367  15018
88.423284669 8006560085 6602074 573483  311742
88.439299641 8006874921 314836 27717  14871
88.451294873 8007202336 327415 28366  15036
88.463277748 8007525307 322971 28372  16077
88.475283550 8007853409 328102 28373  15540
88.487298860 8008181642 328233 28375  16040
88.499285991 8008504204 322562 28379  15569
88.511293896 8008832436 328232 28379  15557
88.523289232 8009154295 321859 28366  16162
88.535294150 8009482578 328283 28376  15621
88.547294026 8009805437 322859 28373  16152
88.559293881 8010133597 328160 28378  14139
88.571302423 8010456415 322818 28374  15650
88.583294868 8010784386 327971 28359  15421
88.595293730 8011106496 322110 28367  15902
88.607294392 8011434617 328121 28362  14723
88.619282791 8011757342 322725 28376  17148
88.631293540 8012085793 328451 28374  15604
88.643294588 8012408512 322719 28385  16427
88.655284944 8012736641 328129 28365  15288
88.667296059 8013061605 324964 28392  16094
88.679296405 8013387017 325412 28376  15799
88.691293710 8013715328 328311 28375  14999
88.703284335 8014038129 322801 28391  16185
88.715281020 8014366341 328212 28361  15415
88.727282122 8014689150 322809 28381  15941
88.739290198 8015016714 327564 28368  15996
88.751285973 8015339398 322684 28388  16508
88.763297029 8015667562 328164 28377  15444
88.775294235 8015989753 322191 28360  15576
88.787283079 8016317854 328101 28368  14565
88.799282198 8016640342 322488 28379  16328
88.811298220 8016968060 327718 28364  15515
88.823299066 8017290848 322788 28373  14898
88.835300668 8017619169 328321 28393  15274
88.847293503 8017947340 328171 28370  16236
88.859285588 8018270044 322704 28384  15932
88.871296777 8018598062 328018 28357  14928
88.883281492 8018919910 321848 28362  16157
88.895302805 8019247982 328072 28390  15328
88.907293770 8019570657 322675 28384  14883
88.919294225 8019898805 328148 28361  14715
88.931283120 8020221283 322478 28377  15840
88.943282212 8020549533 328250 28388  15179
88.955296257 8020871043 321510 28356  16443
88.967281266 8021199155 328112 28372  15225
88.979286598 8021527331 328176 28392  15357
88.991281520 8021850273 322942 28373  16656
89.003295332 8022178470 328197 28388  15489
89.015297311 8022500978 322508 28372  16779
89.027295693 8022828554 327576 28370  15773
89.039284464 8023151178 322624 28371  16921
89.051283853 8023479332 328154 28368  15280
89.063282795 8023802126 322794 28376  16267
89.075296580 8024130134 328008 28348  15397
89.087283486 8024452594 322460 28371  16520
89.099296972 8024780387 327793 28374  15755
89.111296724 8025108345 327958 28370  16675
89.123281402 8025430926 322581 28370  15535
89.135294495 8025758888 327962 28366  15132
89.147293417 8026081486 322598 28369  16085
89.159292828 8026409971 328485 28374  16039
89.171283540 8026731812 321841 28355  16249
89.183281212 8027060012 328200 28368  16008
89.195285601 8027382576 322564 28360  16435
89.207289577 8027710848 328272 28371  15378
89.219283065 8028035708 324860 28371  17160
89.231297634 8028361380 325672 28365  15713
89.243298003 8028689020 327640 28375  16531
89.255293894 8029011886 322866 28384  16215
89.267295483 8029340213 328327 28366  16142
89.279281832 8029663289 323076 28382  15577
89.291296407 8029991598 328309 28369  15618
89.303293079 8030314300 322702 28368  16725
89.315283254 8030641670 327370 28355  15851
89.327285692 8030964812 323142 28382  16062
89.339296999 8031293026 328214 28375  16191
89.351284441 8031621255 328229 28373  15957
89.363293553 8031943969 322714 28362  15671
89.375291547 8032272157 328188 28363  15246
89.387293833 8032594304 322147 28370  16797
89.399295109 8032922732 328428 28377  15646
89.411283080 8033246070 323338 28393  15750
89.423282199 8039684450 6438380 558365  315114
89.439313752 8039999399 314949 27711  15615
89.451282147 8040327916 328517 28375  15439
89.463295675 8040655764 327848 28374  15974
89.475281191 8040978765 323001 28373  15293
89.487283656 8041307037 328272 28370  15776
89.499296535 8041630023 322986 28369  16744
89.511293567 8041958081 328058 28365  15279
89.523297826 8042280843 322762 28363  15600
89.535290197 8042608511 327668 28376  16364
89.547283589 8042936701 328190 28376  16904
89.559281611 8043260198 323497 28401  16328
89.571282370 8043588697 328499 28368  16221
89.583280562 8043911889 323192 28377  16459
89.595296761 8044240473 328584 28381  16350
89.607282493 8044562579 322106 28371  16453
89.619295039 8044891273 328694 28376  16180
89.631296651 8045219579 328306 28369  16031
89.643293120 8045542444 322865 28363  16309
89.655293868 8045870933 328489 28374  15486
89.667281233 8046193957 323024 28364  15764
89.679281565 8046521549 327592 28356  15762
89.691289263 8046844710 323161 28376  16272
89.703297800 8047173261 328551 28362  16393
89.715278516 8047501824 328563 28376  17850
89.727285137 8047825098 323274 28370  17318
89.739294822 8048153488 328390 28367  15510
89.751301878 8048475989 322501 28396  16673
89.763293513 8048804504 328515 28383  15252
89.775282168 8049127522 323018 28368  15868
89.787293250 8049456177 328655 28374  16346
89.799295022 8049784528 328351 28369  16553
89.811280414 8050107655 323127 28365  16152
89.823283040 8050435325 327670 28381  14751
89.835298032 8050758165 322840 28368  16743
89.847307640 8051086273 328108 28368  15491
89.859282872 8051409482 323209 28374  17277
89.871296788 8051738025 328543 28373  15749
89.883281900 8052066504 328479 28365  16271
89.895281428 8052389033 322529 28378  16664
89.907281987 8052717894 328861 28381  15199
89.919293499 8053041318 323424 28374  16349
89.931285108 8053369886 328568 28368  15130
89.943282240 8053694288 324402 28377  16159
89.955282988 8054020968 326680 28376  15473
89.967284984 8054348854 327886 28387  16246
89.979293556 8054672109 323255 28371  16552
89.991285054 8055000621 328512 28364  15665
90.003293896 8055323992 323371 28374  15736
90.015293222 8055652653 328661 28378  16288
90.027295894 8055981060 328407 28355  16042
90.039283659 8056303804 322744 28373  16695
90.051282691 8056632305 328501 28371  17096
90.063290480 8056955642 323337 28371  16442
90.075294712 8057284042 328400 28370  15399
90.087282654 8057607489 323447 28368  17096
90.099294723 8057936292 328803 28378  15895
90.111293755 8058264366 328074 28380  16647
90.123296220 8058587827 323461 28380  17179
90.135294488 8058916277 328450 28368  15739
90.147281867 8059240051 323774 28394  16770
90.159294152 8059568812 328761 28374  15634
90.171310259 8059897652 328840 28379  16851
90.183295524 8060220604 322952 28377  16670
90.195296839 8060549099 328495 28370  16753
90.207294157 8060872476 323377 28367  16162
90.219280949 8061201314 328838 28374  15940
90.231293782 8061528036 326722 28363  15160
90.243294407 8061853531 325495 28361  16124
90.255281328 8062181733 328202 28384  15957
90.267281701 8062505679 323946 28369  17551
90.279281460 8062834280 328601 28360  15068
90.291293739 8063157991 323711 28378  17136
90.303282870 8063487057 329066 28369  15803
90.315280955 8063815997 328940 28380  16911
90.327295601 8064139419 323422 28368  16114
90.339297653 8064468226 328807 28363  16022
90.351285252 8064791996 323770 28376  16971
90.363283334 8065120834 328838 28375  15768
90.375283783 8065449603 328769 28373  16980
90.387296005 8065773461 323858 28367  17161
90.399280923 8066102226 328765 28372  16190
90.411284452 8066426347 324121 28364  15558
90.423284217 8072112981 5686634 490734  282576
90.439312984 8072436343 323362 27832  16063
90.451292495 8072762093 325750 28379  17067
90.463294808 8073092093 330000 28374  15913
90.475285423 8073417775 325682 28362  15440
90.487307015 8073748053 330278 28376  16138
90.499297910 8074078327 330274 28378  16593
90.511294399 8074404871 326544 28377  16899
90.523286321 8074734921 330050 28367  16313
90.535284563 8075061758 326837 28379  16545
90.547298922 8075391387 329629 28374  15909
90.559283694 8075721808 330421 28390  16230
90.571281802 8076048872 327064 28366  16276
90.583284534 8076379538 330666 28374  15762
90.595296380 8076707490 327952 28375  16008
90.607285862 8077039228 331738 28376  15909
90.619281574 8077370364 331136 28373  15983
90.631281469 8077700414 330050 28368  16533
90.643300571 8078032563 332149 28378  15202
90.655301053 8078364517 331954 28378  16023
90.667286262 8078697510 332993 28377  15473
90.679281984 8079030860 333350 28384  16210
90.691294786 8079363263 332403 28367  16464
90.703283791 8079697253 333990 28391  15649
90.715282346 8080030589 333336 28368  14966
90.727296095 8080364445 333856 28367  15576
90.739282380 8080697788 333343 28372  17059
90.751294963 8081031228 333440 28373  17498
90.763293438 8081364585 333357 28393  16178
90.775282886 8081698179 333594 28391  16906
90.787284795 8082031667 333488 28375  16028
90.799283277 8082365058 333391 28369  16310
90.811305837 8082698412 333354 28379  16737
90.823281528 8083032019 333607 28368  16094
90.835287931 8083364878 332859 28379  16145
90.847294756 8083698315 333437 28375  16482
90.859296938 8084031821 333506 28381  16824
90.871285493 8087492935 3461114 28359  17015
90.883297395 8090002421 2509486 28365  15244
90.895298097 8091537850 1535429 28370  11165
90.907292993 8094051676 2513826 28362  14576
90.919281268 8095611239 1559563 28356  10890
90.931293177 8096192898 581659 28387  20559
90.943284759 8098710682 2517784 28354  15846
90.955297187 8101199202 2488520 28341  13378
90.967303363 8103606314 2407112 28365  15870
90.979286488 8106129871 2523557 28357  13258
90.991292700 8106771361 641490 28376  9188
91.003294632 8107350977 579616 28386  18246
91.015294017 8107983924 632947 28382  28263
91.027296636 8109459039 1475115 28384  23608
91.039293928 8111992321 2533282 28355  12409
91.051285720 8113555817 1563496 28382  11723
91.063283275 8116082572 2526755 28357  13152
91.075280771 8118568225 2485653 28353  13521
91.087295930 8119178991 610766 28374  15556
91.099293376 8121649569 2470578 28357  19463
91.111297758 8124163124 2513555 28357  13125
91.123291545 8125707671 1544547 28365  12783
91.135282924 8128224688 2517017 28354  15240
91.147293654 8129801915 1577227 28371  13780
91.159281718 8130399963 598048 28377  19023
91.171280983 8130990351 590388 28388  24038
91.183298213 8131512945 522594 28374  23247
91.195281262 8132145384 632439 28381  28236
91.207285480 8132777620 632236 28364  28231
91.219293782 8133410555 632935 28370  28254
91.231297304 8134689634 1279079 28366  24933
91.243292430 8137150900 2461266 28360  13905
91.255285295 8138801423 1650523 28363  11011
91.267292994 8141298268 2496845 28336  14965
91.279283412 8143818366 2520098 28354  13337
91.291307054 8144423359 604993 28381  14698
91.303294643 8146287240 1863881 28361  18875
91.315282868 8148858894 2571654 28347  15156
91.327294824 8150010792 1151898 28362  10175
91.339293729 8152616135 2605343 28359  13670
91.351282618 8154980177 2364042 28360  12735
91.363281390 8155590523 610346 28380  15383
91.375295055 8156170181 579658 28380  24287
91.387280977 8156802624 632443 28370  28232
91.399295006 8159205414 2402790 28356  16816
91.411280418 8161711927 2506513 28359  12649
91.423283253 8163267516 1555589 28360  10116
91.435296796 8165902769 2635253 28362  13222
91.447293971 8167347304 1444535 28380  8412
91.459293460 8167972230 624926 28373  19298
91.471295065 8170657259 2685029 28347  15262
91.483285283 8172922176 2264917 28357  11989
91.495292253 8175425251 2503075 28359  19460
91.507285421 8177936869 2511618 28368  12796
91.519294673 8178538463 601594 28370  8986
91.531295262 8179117897 579434 28367  23965
91.543284267 8179750935 633038 28389  27716
91.555281759 8180273051 522116 28358  25036
91.567295638 8180905539 632488 28384  28235
91.579293383 8181537820 632281 28378  28242
91.591295549 8182170039 632219 28373  28222
91.603289637 8182583433 413394 28379  24981
91.615294636 8183216324 632891 28399  28265
91.627296881 8183848571 632247 28367  28228
91.639285750 8184481439 632868 28380  28257
91.651281322 8185114598 633159 28385  28267
91.663293427 8185747981 633383 28398  28282
91.675281463 8186381140 633159 28385  28267
91.687281658 8186761183 380043 28374  23956
91.699281583 8189329717 2568534 28354  15579
91.711294720 8191778055 2448338 28366  14454
91.723296532 8194185063 2407008 28358  17118
91.735282814 8196778819 2593756 28370  12679
91.747292416 8197381991 603172 28389  7300
91.759284630 8198879920 1497929 28360  21347
91.771307423 8201405531 2525611 28350  13722
91.783297555 8202969380 1563849 28366  8234
91.795282737 8205446632 2477252 28366  18787
91.807295996 8207967220 2520588 28366  13916
91.819297004 8208569315 602095 28367  14004
91.831281090 8209149540 580225 28388  22383
91.843293598 8209781864 632324 28379  27880
91.855298707 8212009361 2227497 28373  20729
91.867300699 8214615755 2606394 28370  15276
91.879281714 8215829111 1213356 28383  10458
91.891281290 8218415888 2586777 28364  14358
91.903296039 8220293929 1878041 28369  10834
91.915292805 8220901643 607714 28371  22796
91.927303183 8223373459 2471816 28374  15654
91.939283644 8225889982 2516523 28364  13497
91.951285863 8227724233 1834251 28376  13982
91.963294236 8230306515 2582282 28365  13278
91.975284651 8231468674 1162159 28374  9343
91.987276169 8232048304 579630 28373  19184
91.999292415 8232681121 632817 28383  26975
92.011281747 8233204237 523116 28391  25441
92.023283496 8233837128 632891 28388  28260
92.035281631 8234469795 632667 28383  28256
92.047293517 8235102462 632667 28379  28257
92.059294465 8236466263 1363801 28371  21649
92.071285161 8239051705 2585442 28356  14497
92.083288806 8240540305 1488600 28361  13396
92.095282008 8243073515 2533210 28358  12826
92.107281873 8245554447 2480932 28366  12109
92.119297789 8246165141 610694 28391  17407
92.131297358 8248643317 2478176 28358  19071
92.143297800 8251167221 2523904 28361  14121
92.155281135 8252717562 1550341 28375  10912
92.167281450 8255238780 2521218 28360  12675
92.179281805 8256798625 1559845 28370  10554
92.191293512 8257377437 578812 28390  18288
92.203294430 8257986165 608728 28381  26166
92.215284772 8258738360 752195 28377  24460
92.227295238 8261358436 2620076 28366  17270
92.239309453 8263504750 2146314 28359  11625
92.251293732 8266012750 2508000 28361  15680
92.263293897 8268532158 2519408 28371  13263
92.275294786 8269133272 601114 28371  8800
92.287282411 8270653962 1520690 28370  22349
92.299284516 8273170256 2516294 28369  13455
92.311281738 8274741743 1571487 28377  9753
92.323297480 8277231763 2490020 28367  13719
92.335280752 8279749028 2517265 28363  14284
92.347294688 8280359598 610570 28389  12443
92.359293427 8280940376 580778 28391  24666
92.371286739 8281573267 632891 28391  28258
92.383281617 8282096309 523042 28380  24810
92.395297903 8282729319 633010 28387  28263
92.407303459 8283362091 632772 28386  28263
92.419293951 8283835656 473565 28370  27205
92.431283455 8284408153 572497 28407  26334
92.443298401 8285040596 632443 28373  28241
92.455293390 8285673221 632625 28378  28245
92.467294535 8286305706 632485 28385  28254
92.479283924 8286937953 632247 28370  28232
92.491296129 8287570144 632191 28377  28238
92.503281151 8288202363 632219 28370  28230
92.515280997 8288567384 365021 28380  24788
92.527285132 8289200052 632668 28390  28248
92.539295654 8289832943 632891 28388  28257
92.551296980 8290465834 632891 28393  28260
92.563289105 8291098179 632345 28371  28235
92.575285734 8291730720 632541 28389  28252
92.587280289 8292363387 632667 28384  28251
92.599295242 8292995621 632234 28373  28233
92.611282109 8293628556 632935 28380  28260
92.623281975 8294261394 632838 28368  28247
92.635284377 8294893979 632585 28384  28248
92.647300286 8295527362 633383 28397  28280
92.659284362 8296160409 633047 28383  28254
92.671281530 8296792784 632375 28369  28243
92.683294796 8297258199 465415 28390  25428
92.695295708 8297693831 435632 28372  28211
92.707282566 8300417527 2723696 28358  15331
92.719290855 8302528965 2111438 28359  10240
92.731298514 8305018520 2489555 28379  15255
92.743295199 8307530877 2512357 28353  14349
92.755294425 8308133099 602222 28376  12184
92.767284890 8309660547 1527448 28368  17852
92.779297083 8312179039 2518492 28365  12370
92.791296381 8313738875 1559836 28372  8833
92.803282013 8316232510 2493635 28357  15630
92.815281862 8318746393 2513883 28369  13692
92.827294371 8319358055 611662 28377  15237
92.839293563 8319937713 579658 28395  23202
92.851285268 8320569484 631771 28368  28221
92.863284953 8322985014 2415530 28367  17945
92.875304143 8325491583 2506569 28351  15776
92.887295628 8327037558 1545975 28369  15084
92.899294396 8329555416 2517858 28373  13708
92.911284101 8331110109 1554693 28371  10331
92.923293590 8331693821 583712 28365  22305
92.935294176 8334252421 2558600 28352  13735
92.947283884 8336703147 2450726 28366  14248
92.959284950 8339193345 2490198 28373  16298
92.971294712 8341720270 2526925 28361  14251
92.983294264 8342322122 601852 28389  9851
92.995282103 8342901878 579756 28390  21607
93.007299818 8343533695 631817 28362  28209
93.019293547 8344056369 522674 28387  24081
93.031293149 8344689484 633115 28394  28272
93.043292214 8345322151 632667 28386  28255
93.055282453 8345955042 632891 28391  28265
93.067298098 8348009125 2054083 28356  20139
93.079284880 8350492114 2482989 28360  13439
93.091281152 8351731625 1239511 28368  9070
93.103286028 8354290477 2558852 28341  12481
93.115294344 8356323909 2033432 28356  11739
93.127295256 8356934003 610094 28389  17872
93.139281085 8359376776 2442773 28352  18291
93.151282677 8361871183 2494407 28354  15573
93.163283695 8363415136 1543953 28369  12535
93.175280887 8365920674 2505538 28371  15016
93.187317556 8367498633 1577959 28370  11797
93.199289835 8368093265 594632 28380  19635
93.211294623 8368686201 592936 28384  26236
93.223303819 8369325929 639728 28395  25489
93.235283307 8372031166 2705237 28361  15081
93.247296443 8374206550 2175384 28351  13267
93.259293395 8376630618 2424068 28373  19305
93.271293901 8379109248 2478630 28359  14314
93.283293899 8379761628 652380 28383  8754
93.295282024 8380984569 1222941 28385  19815
93.307293557 8383706437 2721868 28348  14390
93.319295739 8385343219 1636782 28370  10464
93.331295804 8387837733 2494514 28367  14913
93.343280103 8390357145 2519412 28362  12800
93.355304638 8390958788 601643 28372  11670
93.367296914 8391538402 579614 28376  24551
93.379285369 8392169815 631413 28349  25246
93.391285494 8392692409 522594 28381  24254
93.403294170 8393324852 632443 28380  28245
93.415283378 8393957519 632667 28390  28256
93.427294421 8394551484 593965 28379  28236
93.439285083 8395002908 451424 28388  23548
93.451294032 8395634679 631771 28359  28218
93.463294081 8396266002 631323 28347  28194
93.475293406 8396897188 631186 28336  28185
93.487281014 8397529019 631831 28362  28214
93.499284560 8398160195 631176 28357  28194
93.511288552 8398792190 631995 28372  28223
93.523282231 8399510701 718511 28374  23479
93.535284216 8402029401 2518700 28352  12459
93.547294555 8404142273 2112872 28366  10135
93.559296353 8406634897 2492624 28358  12444
93.571282582 8409156957 2522060 28354  12298
93.583281747 8409757857 600900 28363  7691
93.595293513 8411275641 1517784 28353  18699
93.607296772 8413796853 2521212 28355  16532
93.619283927 8415355998 1559145 28367  12784
93.631285066 8417844002 2488004 28360  15632
93.643293358 8420349988 2505986 28352  12791
93.655296744 8420950193 600205 28369  17278
93.667284342 8421530663 580470 28379  23480
93.679287588 8422163106 632443 28382  26272
93.691296600 8424571524 2408418 28372  19741
93.703293588 8427079470 2507946 28368  13703
93.715282144 8428622160 1542690 28366  14354
93.727282442 8431138734 2516574 28355  14182
93.739295328 8432711095 1572361 28356  11736
93.751295387 8433309059 597964 28381  23957
93.763280558 8435794198 2485139 28359  13048
93.775282231 8438302817 2508619 28374  14332
93.787293170 8440555486 2252669 28381  14952
93.799298099 8442982940 2427454 28368  13166
93.811281174 8443869234 886294 28374  8439
93.823283303 8444448810 579576 28377  20701
93.835302728 8445081253 632443 28377  27251
93.847292837 8445604071 522818 28384  27104
93.859294212 8446235992 631921 28364  28220
93.871297658 8446868509 632517 28385  28253
93.883281739 8447500308 631799 28361  28215
93.895283755 8449132574 1632266 28372  19813
93.907294234 8451742327 2609753 28369  13167
93.919294586 8452886995 1144668 28368  10135
93.931292108 8455582602 2695607 28355  15940
93.943281517 8457913275 2330673 28361  13329
93.955295762 8458524489 611214 28381  18356
93.967301821 8461000417 2475928 28361  19258
93.979285456 8463499132 2498715 28350  16696
93.991301259 8465037786 1538654 28354  15102
94.003283990 8467529834 2492048 28356  15790
94.015281356 8469107067 1577233 28369  15006
94.027283929 8469708503 601436 28365  22048
94.039297021 8470295055 586552 28379  22931
94.051286266 8470888217 593162 28378  22349
94.063282628 8473550601 2662384 28362  14338
94.075295990 8475825764 2275163 28366  13063
94.087294109 8478253671 2427907 28357  15229
94.099293154 8480726945 2473274 28361  12983
94.111285709 8481376754 649809 28401  9909
94.123293472 8482590126 1213372 28354  15946
94.135293501 8485316376 2726250 28360  14609
94.147288896 8486955825 1639449 28363  8990
94.159285937 8489443409 2487584 28357  16117
94.171297207 8491966534 2523125 28362  16081
94.183293059 8492570376 603842 28387  15163
94.195295808 8493149362 578986 28396  23362
94.207283830 8493782029 632667 28384  26300
94.219294875 8494304847 522818 28395  24630
94.231297420 8494937738 632891 28402  28261
94.243285039 8495570629 632891 28391  28260
94.255281018 8496166722 596093 28398  27477
94.267293463 8496616914 450192 28383  25456
94.279296278 8497249357 632443 28382  28249
94.291281124 8497881800 632443 28388  28254
94.303281159 8498514467 632667 28374  28252
94.315304392 8499147358 632891 28396  28264
94.327298511 8499780025 632667 28386  28251
94.339282186 8500412916 632891 28390  28264
94.351280428 8500779000 366084 28351  22097
94.363294097 8501411501 632501 28382  28248
94.375294209 8502044168 632667 28384  28260
94.387285107 8502676611 632443 28382  28248
94.399281896 8503308830 632219 28375  28237
94.411297071 8503941721 632891 28391  28260
94.423293413 8504573296 631575 28340  28204
94.435289219 8505205488 632192 28376  28236
94.447282057 8505837931 632443 28383  28246
94.459292874 8506470598 632667 28386  28254
94.471302519 8507102817 632219 28373  28234
94.483281624 8507735260 632443 28380  28245
94.495284420 8508367927 632667 28384  28254
94.507297008 8509000370 632443 28384  28252
94.519292304 8509542837 542467 28383  24215
94.531285679 8509783238 240401 28361  28179
94.543281268 8510359444 576206 28393  28254
94.555294963 8510992081 632637 28386  28242
94.567293145 8511625002 632921 28396  28268
94.579285184 8512257445 632443 28377  28242
94.591281176 8512890112 632667 28379  28251
94.603291902 8513523185 633073 28397  28261
94.615293404 8514155894 632709 28385  28256
94.627295223 8514788785 632891 28387  28259
94.639285268 8515421676 632891 28384  28262
94.651281293 8516053945 632269 28376  28233
94.663298899 8516686786 632841 28391  28254
94.675283084 8517319631 632845 28384  28254
94.687282843 8517951791 632160 28372  28234
94.699293916 8518584563 632772 28391  28266
94.711297371 8519217498 632935 28373  28262
94.723281623 8519850433 632935 28368  28261
94.735282602 8520483592 633159 28388  28277
94.747294517 8521116527 632935 28376  28265
94.759297749 8521749462 632935 28370  28262
94.771280121 8522382621 633159 28374  28277
94.783289693 8523016228 633607 28399  28291
94.795297538 8523649387 633159 28397  28277
94.807295097 8524282547 633160 28372  28267
94.819295350 8524915930 633383 28389  28282
94.831282381 8525548865 632935 28381  28270
94.843293927 8526182024 633159 28381  28267
94.855293789 8526815211 633187 28391  28268
94.867282441 8527389792 574581 28388  24507
94.879285517 8527630440 240648 28374  26887
94.891294789 8527870930 240490 28378  28238
94.903293172 8529321525 1450595 28344  24473
94.915285157 8532008699 2687174 28359  15082
94.927285739 8533264039 1255340 28366  8881
94.939293981 8535840184 2576145 28356  13266
94.951302360 8538266847 2426663 28362  17593
94.963283705 8538877837 610990 28378  13065
94.975284614 8541349459 2471622 28370  20154
94.987296199 8543871184 2521725 28356  15342
94.999294138 8545417691 1546507 28380  13688
95.011283463 8547926844 2509153 28358  14548
95.023281185 8549498943 1572099 28370  11487
95.035282357 8550093491 594548 28402  19926
95.047293610 8550687379 593888 28379  25869
95.059285832 8551325998 638619 28371  22553
95.071283217 8553979258 2653260 28362  14115
95.083296789 8556216016 2236758 28368  15154
95.095296145 8558728300 2512284 28359  16636
95.107297460 8561231128 2502828 28353  13551
95.119286292 8561833142 602014 28379  11040
95.131294124 8563356494 1523352 28383  23700
95.143286583 8565879596 2523102 28373  13360
95.155284121 8567438925 1559329 28363  8819
95.167282297 8569928105 2489180 28354  14978
95.179293036 8572443746 2515641 28365  13102
95.191293312 8573053420 609674 28383  17193
95.203281237 8573632854 579434 28352  21625
95.215295086 8574264849 631995 28364  28218
95.227282314 8574787443 522594 28393  24711
95.239296273 8575420334 632891 28397  28258
95.251293768 8576052329 631995 28372  28229
95.263290300 8576551710 499381 28373  27201
95.275293926 8578992325 2440615 28374  12380
95.287281428 8581501251 2508926 28365  12818
95.299282473 8583516277 2015026 28361  12421
95.311281709 8586144793 2628516 28359  13228
95.323283691 8587087520 942727 28368  7052
95.335294430 8588138154 1050634 28373  18915
95.347283022 8590754032 2615878 28378  13429
95.359277884 8592680242 1926210 28361  11225
95.371296276 8595173891 2493649 28365  14716
95.383281251 8597685031 2511140 28342  12975
95.395295271 8598287382 602351 28371  10561
95.407283379 8598866816 579434 28364  21139
95.419282778 8599498139 631323 28364  28193
95.431301440 8601282585 1784446 28355  19236
95.443282296 8603847260 2564675 28369  14296
95.455278198 8605006593 1159333 28369  9989
95.467297216 8607663264 2656671 28349  13504
95.479283822 8609990129 2326865 28354  12260
95.491297470 8610600447 610318 28375  15256
95.503296992 8613062687 2462240 28364  17954
95.515285171 8615583653 2520966 28359  12607
95.527294204 8617126826 1543173 28371  9690
95.539284936 8619626092 2499266 28370  14051
95.551294895 8621193533 1567441 28359  12121
95.563295837 8621795939 602406 28369  17661
95.575283835 8622381791 585852 28374  26143
95.587290931 8622903937 522146 28372  24164
95.599282269 8623536464 632527 28374  28245
95.611292926 8624168823 632359 28375  28246
95.623281924 8624801042 632219 28365  28234
95.635297243 8625214212 413170 28372  24108
95.647294195 8625846431 632219 28369  28232
95.659294820 8626478650 632219 28375  28240
95.671283186 8627111541 632891 28391  28261
95.683296198 8627744208 632667 28385  28255
95.695280563 8628376203 631995 28368  28229
95.707281235 8629009060 632857 28389  28256
95.719283084 8629536013 526953 28365  22778
95.731281192 8631817656 2281643 28364  23618
95.743290875 8634329863 2512207 28364  12870
95.755299111 8635464627 1134764 28364  7805
95.767296059 8638083207 2618580 28368  16416
95.779281735 8639975830 1892623 28373  12707
95.791296827 8640585476 609646 28365  16780
95.803294762 8643051575 2466099 28352  15678
95.815281544 8645537597 2486022 28360  17632
95.827285040 8647084527 1546930 28372  12997
95.839282312 8649613534 2529007 28361  14577
95.851285304 8651154310 1540776 28372  8885
95.863290870 8651711279 556969 28379  18639
95.875282568 8652343452 632173 28362  27839
95.887293150 8653246651 903199 28377  25062
95.899302053 8655732787 2486136 28362  13618
95.911283514 8657834055 2101268 28362  11204
95.923282263 8660341411 2507356 28371  17343
95.935283832 8662852521 2511110 28375  14076
95.947292798 8663453869 601348 28368  11661
95.959285913 8664985087 1531218 28368  15876
95.971282335 8667496007 2510920 28360  13366
95.983294641 8669056936 1560929 28362  10165
95.995297566 8671537184 2480248 28368  15270
96.007285711 8674044234 2507050 28358  15730
96.019293931 8674640771 596537 28371  19793
96.031280449 8675220429 579658 28363  21463
96.043298432 8675852872 632443 28380  26753
96.055284480 8676376138 523266 28399  24749
96.067294269 8677008581 632443 28383  28247
96.079297174 8677640800 632219 28369  28234
96.091294427 8678166949 526149 28391  26723
96.103295269 8680568490 2401541 28361  15215
96.115280260 8683070206 2501716 28355  14775
96.127295780 8684744606 1674400 28387  13308
96.139293169 8687395253 2650647 28355  17798
96.151282627 8688656020 1260767 28379  11206
96.163285403 8689339839 683819 28376  19388
96.175295275 8691977574 2637735 28351  14024
96.187281910 8694230222 2252648 28363  16766
96.199293459 8696728949 2498727 28344  15628
96.211281681 8699246449 2517500 28363  13120
96.223302114 8699848749 602300 28386  5390
96.235295546 8700428407 579658 28392  23091
96.247283854 8701060850 632443 28369  28242
96.259282153 8702555246 1494396 28350  21078
96.271284925 8705084252 2529006 28352  19273
96.283293354 8706579631 1495379 28372  15081
96.295284559 8709107967 2528336 28362  14740
96.307285511 8711584423 2476456 28355  14289
96.319294680 8712194069 609646 28387  20534
96.331293129 8714671555 2477486 28356  18375
96.343285218 8717164955 2493400 28364  13923
96.355293443 8718595549 1430594 28359  9233
96.367281902 8721071608 2476059 28366  12336
96.379306388 8722721079 1649471 28370  10904
96.391282036 8723331691 610612 28382  15426
96.403282041 8723912021 580330 28398  25352
96.415297184 8724507386 595365 28391  26980
96.427298716 8725067625 560239 28378  25075
96.439294788 8725699928 632303 28374  28233
96.451290864 8726332392 632464 28391  28257
96.463295316 8726745905 413513 28386  22778
96.475297008 8727378379 632474 28379  28241
96.487297863 8728010000 631621 28360  28215
96.499284865 8728642363 632363 28381  28245
96.511296857 8729274130 631767 28357  28216
96.523284892 8729905537 631407 28353  28204
96.535299862 8730537756 632219 28376  28234
96.547298754 8731118127 580371 28363  25498
96.559293036 8731535669 417542 28371  25650
96.571297328 8732168140 632471 28378  28242
96.583281390 8732800331 632191 28369  28233
96.595283472 8733432130 631799 28358  28219
96.607285614 8734064321 632191 28371  28234
96.619293040 8734696540 632219 28370  28235
96.631281979 8735328759 632219 28367  28232
96.643285348 8735960978 632219 28379  28233
96.655293533 8736593421 632443 28377  28243
96.667283028 8737225696 632275 28378  28242
96.679281257 8737858083 632387 28380  28241
96.691297022 8738490526 632443 28378  28243
96.703287911 8739122745 632219 28364  28232
96.715285953 8739755090 632345 28361  28236
96.727286146 8740160366 405276 28375  24325
96.739286221 8741325028 1164662 28348  28038
96.751296730 8743802335 2477307 28360  12436
96.763298019 8745462870 1660535 28377  9166
96.775293357 8747954483 2491613 28362  12643
96.787282426 8750476399 2521916 28356  12887
96.799294656 8751079649 603250 28363  8631
96.811293941 8752894837 1815188 28353  21249
96.823285153 8755488764 2593927 28354  13302
96.835280918 8756635565 1146801 28377  8891
96.847295847 8759311871 2676306 28350  13666
96.859291829 8761648734 2336863 28358  12859
96.871294151 8762255474 606740 28380  16320
96.883293883 8762834656 579182 28388  23690
96.895298433 8763467351 632695 28381  27329
96.907294558 8765872691 2405340 28360  15965
96.919282477 8768391270 2518579 28350  14562
96.931285512 8769930721 1539451 28366  13710
96.943294857 8772525784 2595063 28358  15011
96.955293323 8774009510 1483726 28377  12483
96.967285085 8774621647 612137 28387  15444
96.979284627 8777206855 2585208 28342  14937
96.991294273 8779568310 2361455 28368  11936
97.003296015 8782006319 2438009 28366  17727
97.015303410 8784544250 2537931 28359  14057
97.027285386 8785150325 606075 28373  7238
97.039280504 8785729647 579322 28381  23984
97.051282533 8786361608 631961 28366  25645
97.063282053 8786884348 522740 28386  23707
97.075284701 8787516567 632219 28369  28235
97.087298673 8788149010 632443 28373  28244
97.099302189 8788781005 631995 28368  28233
97.111281464 8790607478 1826473 28376  17678
97.123281723 8793140364 2532886 28360  15079
97.135282748 8794457412 1317048 28383  10606
97.147296427 8797074965 2617553 28369  13146
97.159281709 8799175539 2100574 28354  11596
97.171305225 8799784382 608843 28361  17349
97.183282384 8802264516 2480134 28362  17837
97.195285526 8804763243 2498727 28354  15498
97.207294348 8806306729 1543486 28364  15425
97.219297801 8808819001 2512272 28355  13819
97.231297656 8810378322 1559321 28363  11276
97.243293805 8810957084 578762 28382  20221
97.255282947 8811565028 607944 28376  25665
97.267280749 8812318336 753308 28400  23865
97.279294631 8814888523 2570187 28366  14541
97.291292343 8817081793 2193270 28372  14236
97.303298341 8819587859 2506066 28366  17673
97.315284547 8822103395 2515536 28360  15440
97.327299323 8822706087 602692 28378  14966
97.339301148 8824228121 1522034 28370  19987
97.351282303 8826747099 2518978 28368  12716
97.363285266 8828308736 1561637 28374  9823
97.375282581 8830795646 2486910 28348  13670
97.387283090 8833295780 2500134 28353  14904
97.399285585 8833896349 600569 28380  14484
97.411296085 8834475741 579392 28367  20819
97.423295053 8835108674 632933 28395  28269
97.435297739 8835630821 522147 28368  23885
97.447281544 8836263174 632353 28369  28231
97.459280603 8836895259 632085 28381  28239
97.471285121 8837415304 520045 28384  28241
97.483295717 8837940872 525568 28381  24373
97.495301329 8838573539 632667 28387  28253
97.507285547 8839206206 632667 28391  28257
97.519285243 8839838649 632443 28379  28249
97.531298379 8840470420 631771 28364  28222
97.543280874 8841103087 632667 28391  28256
97.555297530 8841735334 632247 28369  28238
97.567284335 8842969429 1234095 28369  23279
97.579284380 8845469435 2500006 28361  12802
97.591280989 8847091913 1622478 28377  8048
97.603293315 8849580810 2488897 28369  13309
97.615294351 8852097996 2517186 28358  12311
97.627294176 8852702280 604284 28380  11055
97.639293121 8854498368 1796088 28371  18474
97.651293350 8857099312 2600944 28351  14924
97.663283025 8858255140 1155828 28366  9947
97.675297575 8860896972 2641832 28357  14422
97.687296640 8863251071 2354099 28358  15252
97.699281329 8863860745 609674 28389  13647
97.711280974 8864440403 579658 28395  24342
97.723285120 8865073518 633115 28399  27894
97.735294048 8867478548 2405030 28385  15340
97.747282537 8869986200 2507652 28364  13235
97.759294380 8871534611 1548411 28351  12355
97.771284525 8874124029 2589418 28353  13330
97.783281547 8875613443 1489414 28382  8726
97.795299719 8876172879 559436 28391  21711
97.807304452 8878721978 2549099 28353  15498
97.819296677 8881174975 2452997 28357  13279
97.831295649 8883558016 2383041 28372  15108
97.843282408 8886099548 2541532 28359  14722
97.855282120 8886749604 650056 28370  10155
97.867282116 8887329430 579826 28384  18468
97.879280048 8887962321 632891 28388  27886
97.891294084 8888485587 523266 28407  23811
97.903285072 8889118702 633115 28397  28267
97.915298495 8889751565 632863 28384  28260
97.927282633 8890383812 632247 28367  28241
97.939294589 8892223459 1839647 28376  20577
97.951282677 8894786261 2562802 28366  15985
97.963292639 8896045275 1259014 28366  11350
97.975289831 8898642543 2597268 28365  15701
97.987293447 8900777319 2134776 28373  11084
97.999296653 8901386293 608974 28381  19125
98.011299085 8903865083 2478790 28385  18460
98.023282927 8906374018 2508935 28355  13644
98.035294549 8907920064 1546046 28390  12909
98.047281824 8910438370 2518306 28364  12760
98.059297210 8911997506 1559136 28373  11081
98.071284805 8912572323 574817 28377  21110
98.083283961 8913185083 612760 28382  25346
98.095297033 8913954015 768932 28366  23700
98.107293662 8916548047 2594032 28367  13917
98.119282934 8918705796 2157749 28362  11698
98.131289239 8921200475 2494679 28369  16850
98.143297712 8923711074 2510599 28360  14690
98.155296384 8924312009 600935 28377  12362
98.167281823 8925843472 1531463 28385  17841
98.179281935 8928359172 2515700 28353  12336
98.191296377 8929918364 1559192 28359  9087
98.203284619 8932405817 2487453 28361  14368
98.215293622 8934907323 2501506 28360  14114
98.227282561 8935507948 600625 28375  12695
98.239297303 8936088586 580638 28398  22000
98.251296891 8936720889 632303 28381  28245
98.263282087 8937243931 523042 28383  23946
98.275285752 8937875926 631995 28370  28221
98.287298117 8938508099 632173 28365  28228
98.299281369 8939030542 522443 28372  25591
98.311282118 8939553044 522502 28367  24958
98.323281410 8940184409 631365 28363  28211
98.335297820 8940816404 631995 28362  28227
98.347296115 8941447951 631547 28361  28207
98.359282787 8942080394 632443 28377  28240
98.371297566 8942712389 631995 28362  28223
98.383279958 8943344608 632219 28377  28233
98.395293707 8943710974 366366 28367  23084
98.407282966 8944343604 632630 28374  28243
98.419282881 8944975860 632256 28377  28246
98.431295080 8945608528 632668 28386  28256
98.443300763 8946240299 631771 28360  28221
98.455299088 8946873153 632854 28384  28258
98.467293490 8947505185 632032 28378  28242
98.479297949 8948137432 632247 28372  28236
98.491281118 8948770295 632863 28390  28264
98.503293940 8949402962 632667 28382  28257
98.515285888 8950035629 632667 28388  28253
98.527302998 8950668744 633115 28403  28277
98.539281562 8951300739 631995 28369  28228
98.551294412 8951933630 632891 28395  28271
98.563282364 8952433615 499985 28372  25188
98.575279306 8952674011 240396 28359  28251
98.587295655 8953293514 619503 28361  28212
98.599281670 8953925313 631799 28366  28218
98.611294232 8954557590 632277 28386  28239
98.623281674 8955189809 632219 28377  28235
98.635281410 8955821804 631995 28361  28226
98.647286182 8956454023 632219 28372  28234
98.659281181 8957086466 632443 28387  28241
98.671295953 8957718461 631995 28365  28224
98.683297279 8958350680 632219 28383  28235
98.695284030 8958983123 632443 28377  28246
98.707272272 8959616014 632891 28388  28262
98.719293295 8960248457 632443 28379  28243
98.731296577 8960881124 632667 28386  28252
98.743281536 8961513301 632177 28362  28226
98.755283705 8962145397 632096 28379  28238
98.767302258 8962777781 632384 28388  28252
98.779296463 8963410224 632443 28372  28244
98.791295495 8964042845 632621 28380  28247
98.803293574 8964675558 632713 28387  28260
98.815294679 8965307553 631995 28359  28226
98.827295459 8965940220 632667 28385  28259
98.839283767 8966572663 632443 28376  28246
98.851281909 8967205106 632443 28377  28243
98.863293885 8967837773 632667 28384  28255
98.875284383 8968470020 632247 28365  28236
98.887280079 8969102435 632415 28377  28243
98.899281611 8969734430 631995 28363  28229
98.911293213 8970275265 540835 28383  24658
98.923305109 8970515755 240490 28354  26946
98.935283131 8970756321 240566 28369  28262
98.947281106 8971182428 426107 28351  28224
98.959282658 8971815137 632709 28381  28254
98.971281124 8972447580 632443 28381  28244
98.983283186 8973080247 632667 28385  28247
98.995282078 8973712466 632219 28366  28225
99.007295544 8974344461 631995 28360  28220
99.019296049 8974977128 632667 28380  28248
99.031282988 8975609795 632667 28395  28249
99.043295294 8976242462 632667 28387  28252
99.055293276 8976875353 632891 28391  28260
99.067297465 8977508020 632667 28382  28244
99.079283584 8978140463 632443 28378  28240
99.091289726 8978772682 632219 28370  28234
99.103298752 8979404929 632247 28373  28236
99.115297867 8980037344 632415 28382  28241
99.127314749 8980670683 633339 28406  28283
99.139292795 8981303350 632667 28387  28253
99.151299780 8981935912 632562 28380  28250
99.163293662 8982568460 632548 28384  28252
99.175287257 8983201127 632667 28389  28256
99.187282077 8983833346 632219 28377  28235
99.199295499 8984465789 632443 28368  28240
99.211292798 8985098456 632667 28382  28251
99.223280810 8985731791 633335 28405  28280
99.235282385 8986364238 632447 28380  28248
99.247301411 8986996681 632443 28387  28245
99.259295829 8987629124 632443 28379  28247
99.271282232 8988261686 632562 28371  28240
99.283282771 8988894267 632581 28374  28253
99.295296713 8989527427 633160 28402  28276
99.307281445 8990160030 632603 28362  28242
99.319283447 8990793073 633043 28397  28272
99.331284632 8991425448 632375 28374  28237
99.343298155 8992058271 632823 28377  28259
99.355293110 8992691206 632935 28383  28262
99.367281539 8993324365 633159 28390  28274
99.379298084 8993957748 633383 28399  28282
99.391293383 8994591131 633383 28390  28278
99.403302003 8995224272 633141 28386  28274
99.415286210 8995857001 632729 28362  28255
99.427282583 8996489936 632935 28379  28265
99.439295779 8997123319 633383 28406  28289
99.451281304 8997756478 633159 28387  28276
99.463285546 8998389385 632907 28392  28263
99.475292206 8999022039 632654 28378  28253
99.487297904 8999655060 633021 28380  28272
99.499293296 9000287995 632935 28380  28265
99.511280725 9000921378 633383 28399  28281
99.523296750 9001554537 633159 28398  28274
99.535294540 9002187248 632711 28376  28257
99.547293865 9002819511 632263 28368  28236
99.559288554 9003452894 633383 28397  28289
99.571285856 9004085829 632935 28387  28264
99.583296091 9004718988 633159 28393  28272
99.595298593 9005351475 632487 28366  28248
99.607283999 9005964488 613013 28349  26796
99.619293895 9006204791 240303 28344  25403
99.631293434 9006445308 240517 28372  28264
99.643281092 9006685600 240292 28352  28247
99.655281278 9006926045 240445 28363  28249
99.667296680 9007166446 240401 28355  28210
99.679293605 9009038657 1872211 28363  23407
99.691283361 9011599694 2561037 28359  13259
99.703285287 9012923970 1324276 28376  11527
99.715294219 9015442063 2518093 28359  14231
99.727300667 9017562245 2120182 28360  10364
99.739282476 9018172563 610318 28377  17853
99.751284278 9020633051 2460488 28368  19677
99.763297224 9023155743 2522692 28365  14629
99.775294760 9024699726 1543983 28377  14047
99.787286405 9027222818 2523092 28348  15987
99.799281770 9028785157 1562339 28383  9942
99.811293537 9029359993 574836 28387  22360
99.823292999 9029973369 613376 28393  25451
99.835282054 9030746957 773588 28373  23413
99.847285413 9033342352 2595395 28362  13665
99.859296561 9035493942 2151590 28366  13594
99.871297187 9038003109 2509167 28366  13726
99.883290166 9040524532 2521423 28347  12512
99.895281728 9041125880 601348 28384  10626
99.907297414 9042651918 1526038 28304  16727
99.919293972 9045226588 2574670 28366  13041
99.931281574 9046737313 1510725 28368  12691
99.943284996 9049296014 2558701 28364  13871
99.955294363 9051734646 2438632 28349  15042
99.967294471 9052344516 609870 28373  16906
99.979279317 9052923772 579256 28376  22723
99.991282039 9053556558 632786 28380  27245
100.003293095 9054079929 523371 28382  23459
100.015296480 9054712820 632891 28385  28260
100.027282899 9055345417 632597 28369  28246
100.039301668 9055818212 472795 28395  25234
100.051282893 9058269355 2451143 28364  13318
100.063293736 9060770973 2501618 28345  12798
100.075285658 9062734927 1963954 28370  13476
100.087294657 9065204761 2469834 28356  15286
100.099283425 9066322880 1118119 28381  8553
100.111282364 9067197509 874629 28379  20773
100.123297524 9069792315 2594806 28357  14016
100.135297079 9071886527 2094212 28358  14431
100.147280331 9074389612 2503085 28362  14298
100.159294900 9076916150 2526538 28358  13459
100.171297812 9077517646 601496 28368  8609
100.183295757 9078096134 578488 28391  22854
100.195295340 9078728129 631995 28378  27761
100.207294009 9080378235 1650106 28367  20096
100.219294037 9083111135 2732900 28361  14365
100.231281069 9084259044 1147909 28367  9297
100.243297091 9086907108 2648064 28358  14497
100.255298130 9089241398 2334290 28351  15001
100.267293433 9089851044 609646 28383  12965
100.279282275 9092314978 2463934 28370  20435
100.291285150 9094823442 2508464 28357  15003
100.303295122 9096305894 1482452 28373  17952
100.315281784 9098869521 2563627 28372  12881
100.327286680 9100430298 1560777 28350  8310
100.339293706 9101039290 608992 28364  22552
100.351304208 9101618500 579210 28376  24154
100.363296723 9102158649 540149 28388  24888
100.375285555 9102773985 615336 28384  27505
100.387281551 9103405980 631995 28371  28228
100.399292270 9104038423 632443 28381  28242
100.411286036 9104451145 412722 28373  24915
100.423296181 9105084232 633087 28396  28268
100.435282206 9105716480 632248 28373  28239
100.447293872 9106349147 632667 28380  28253
100.459293217 9106981590 632443 28383  28245
100.471285216 9107614257 632667 28377  28250
100.483291959 9108246476 632219 28371  28240
100.495295557 9108791982 545506 28373  24347
100.507297116 9110893023 2101041 28354  23669
100.519292848 9113455834 2562811 28362  14246
100.531283423 9114687247 1231413 28384  9796
100.543295280 9117210795 2523548 28346  14308
100.555298708 9119228727 2017932 28366  13554
100.567293277 9119838762 610035 28388  21236
100.579296276 9122299718 2460956 28358  16012
100.591293138 9124816281 2516563 28360  14824
100.603294784 9126432774 1616493 28360  14907
100.615281756 9129135693 2702919 28358  15087
100.627283548 9130427102 1291409 28363  11729
100.639295470 9130990101 562999 28388  20818
100.651279539 9131623440 633339 28406  27090
100.663286394 9132630562 1007122 28369  24218
100.675288867 9135146857 2516295 28353  14042
100.687298366 9137153645 2006788 28360  12678
100.699293561 9139661897 2508252 28364  16884
100.711283910 9142173044 2511147 28362  13083
100.723284725 9142776343 603299 28363  11139
100.735293628 9144372113 1595770 28373  21542
100.747281577 9146991237 2619124 28350  14561
100.759285989 9148352552 1361315 28376  8464
100.771286031 9150940711 2588159 28365  13940
100.783294120 9153358537 2417826 28357  12653
100.795296659 9153969993 611456 28383  14889
100.807285308 9154548979 578986 28378  23809
100.819292553 9155181422 632443 28373  28246
100.831289422 9155704240 522818 28380  24655
100.843297568 9156336683 632443 28388  28245
100.855284117 9156969574 632891 28391  28261
100.867296445 9157433451 463877 28393  24435
100.879293564 9159903662 2470211 28356  13399
100.891294544 9162410931 2507269 28352  16809
100.903280238 9164624773 2213842 28366  18140
100.915286034 9167315852 2691079 28358  14149
100.927294943 9168004087 688235 28374  4927
100.939285892 9169215467 1211380 28373  22750
100.951285931 9171933812 2718345 28368  14484
100.963297287 9173578914 1645102 28353  8264
100.975294715 9176074574 2495660 28364  16759
100.987281297 9178591514 2516940 28357  13291
100.999303350 9179193343 601829 28362  13097
101.011294459 9179772999 579656 28370  22210
101.023293871 9180405304 632305 28379  28208
101.035286793 9182425471 2020167 28364  19311
101.047284848 9185022471 2597000 28370  15937
101.059295211 9186388388 1365917 28371  9885
101.071293060 9188919806 2531418 28362  14783
101.083295359 9190930589 2010783 28360  12617
101.095285464 9191540987 610398 28389  17454
101.107297399 9194000898 2459911 28366  14605
101.119294542 9196506238 2505340 28354  13891
101.131284377 9198061700 1555462 28362  11854
101.143282126 9200629711 2568011 28352  14611
101.155300095 9202129549 1499838 28376  10012
101.167281884 9202687648 558099 28386  17278
101.179282196 9203320539 632891 28384  26557
101.191287099 9203843805 523266 28401  24708
101.203294004 9204475800 631995 28377  28223
101.215296189 9205108467 632667 28386  28250
101.227284091 9205740910 632443 28391  28245
101.239367685 9206154528 413618 28395  23379
101.251293973 9206787195 632667 28387  28252
101.263294595 9207419862 632667 28388  28261
101.275282407 9208052081 632219 28378  28245
101.287284932 9208684972 632891 28383  28264
101.299295112 9209317863 632891 28393  28267
101.311305941 9209950306 632443 28374  28247
101.323280733 9210440627 490321 28403  23352
101.335294088 9210950011 509384 28386  28183
101.347294143 9211582902 632891 28394  28264
101.359293662 9212215756 632854 28377  28256
101.371283331 9212848460 632704 28382  28265
101.383283134 9213480903 632443 28383  28245
101.395296262 9214113794 632891 28393  28265
101.407293201 9214746685 632891 28395  28266
101.419296893 9215378680 631995 28365  28230
101.431284736 9216011572 632892 28391  28264
101.443293605 9216644239 632667 28376  28252
101.455293193 9217277130 632891 28389  28268
101.467289069 9217909573 632443 28371  28243
101.479285687 9218542016 632443 28372  28246
101.491293094 9219174235 632219 28375  28241
101.503283882 9219484231 309996 28361  23759
101.515281644 9221216656 1732425 28352  24609
101.527284326 9223818901 2602245 28349  13678
101.539296115 9225065253 1246352 28383  6568
101.551297748 9227803711 2738458 28354  13866
101.563284700 9229902639 2098928 28366  9690
101.575281259 9230512957 610318 28379  15525
101.587294427 9232974297 2461340 28369  17683
101.599293296 9235483593 2509296 28362  14284
101.611285159 9237030878 1547285 28360  12500
101.623282218 9239557196 2526318 28351  13508
101.635301633 9241106959 1549763 28379  11770
101.647298275 9241690755 583796 28367  17158
101.659280721 9242294947 604192 28408  25765
101.671286767 9242993755 698808 28383  24288
101.683295982 9245690195 2696440 28350  14483
101.695294547 9247817760 2127565 28358  9740
101.707285799 9250300899 2483139 28352  16870
101.719282102 9252813008 2512109 28360  14410
101.731296541 9253415846 602838 28371  12918
101.743292386 9254938776 1522930 28368  17974
101.755298702 9257444532 2505756 28353  15392
101.767282277 9259019613 1575081 28357  11969
101.779295120 9261517931 2498318 28363  14680
101.791304392 9264019203 2501272 28351  17356
101.803286711 9264621788 602585 28366  15077
101.815282106 9265201446 579658 28395  22700
101.827294026 9265833665 632219 28373  27072
101.839296681 9266356511 522846 28388  25043
101.851282023 9266988926 632415 28394  28245
101.863293695 9267621780 632854 28382  28261
101.875295241 9268148974 527194 28384  25638
101.887283556 9270549521 2400547 28372  13043
101.899283162 9273051447 2501926 28366  14123
101.911293307 9274727795 1676348 28361  12627
101.923293846 9277411955 2684160 28362  14829
101.935281501 9278638045 1226090 28357  13477
101.947295381 9279328097 690052 28386  16961
101.959298573 9282029740 2701643 28355  15983
101.971295198 9284216839 2187099 28357  14780
101.983282977 9286721278 2504439 28360  17051
101.995293053 9289232870 2511592 28353  14044
102.007298069 9289835366 602496 28377  11125
102.019295607 9290415472 580106 28397  23903
102.031284486 9291047691 632219 28372  27571
102.043285681 9292575382 1527691 28370  19602
102.055294938 9295276372 2700990 28359  14570
102.067293916 9296563750 1287378 28369  11841
102.079281855 9299114169 2550419 28354  14239
102.091286810 9301563648 2449479 28365  13671
102.103304997 9302173994 610346 28371  15291
102.115298662 9304639118 2465124 28374  19817
102.127294174 9307158822 2519704 28353  14397
102.139286103 9308709897 1551075 28362  13274
102.151296929 9311212827 2502930 28360  13248
102.163281457 9312773812 1560985 28351  13591
102.175283912 9313383492 609680 28381  18537
102.187281755 9313961834 578342 28374  24718
102.199296220 9314489411 527577 28380  23348
102.211294753 9315116843 627432 28378  28040
102.223282041 9315749181 632338 28367  28235
102.235282031 9316381729 632548 28379  28250
102.247280613 9316795347 413618 28399  24439
102.259295788 9317428238 632891 28383  28262
102.271289157 9318061129 632891 28391  28261
102.283286116 9318693348 632219 28372  28239
102.295295658 9319326239 632891 28395  28263
102.307298414 9319958458 632219 28365  28238
102.319281086 9320591349 632891 28391  28266
102.331293605 9321128238 536889 28385  23113
102.343296317 9323300265 2172027 28348  21987
102.355297666 9325844678 2544413 28357  13948
102.367286658 9327057779 1213101 28384  8668
102.379294333 9329691477 2633698 28365  14764
102.391285219 9331583621 1892144 28356  9949
102.403291142 9332194723 611102 28381  17344
102.415279927 9334669280 2474557 28363  17621
102.427290949 9337184002 2514722 28359  14220
102.439296241 9338879076 1695074 28347  15517
102.451293774 9341528207 2649131 28363  15262
102.463295229 9342757863 1229656 28370  7846
102.475294438 9343330269 572406 28372  21657
102.487298077 9343963385 633116 28391  27975
102.499280099 9344983152 1019767 28373  23219
102.511284305 9347643037 2659885 28354  14546
102.523283450 9349510390 1867353 28365  13290
102.535297102 9352004665 2494275 28363  13474
102.547283074 9354523438 2518773 28355  15445
102.559293467 9355126396 602958 28386  14513
102.571295579 9356913361 1786965 28372  19073
102.583300828 9359519182 2605821 28350  15790
102.595286040 9360687478 1168296 28365  12136
102.607282879 9363364454 2676976 28356  13694
102.619294618 9365715720 2351266 28363  11130
102.631285597 9366325842 610122 28392  17709
102.643282629 9366903260 577418 28351  25528
102.655284621 9367535005 631745 28363  28204
102.667293897 9368057849 522844 28391  24016
102.679285556 9368690740 632891 28391  28262
102.691293448 9369323778 633038 28397  28268
102.703281633 9369764212 440434 28381  24090
102.715293853 9372238567 2474355 28356  13336
102.727286068 9374746368 2507801 28345  16137
102.739289314 9376931216 2184848 28352  16172
102.751283222 9379641372 2710156 28368  14607
102.763284732 9380333056 691684 28386  8771
102.775295481 9381543934 1210878 28372  21916
102.787294436 9384287305 2743371 28359  16793
102.799296031 9385913053 1625748 28359  13892
102.811295351 9388412033 2498980 28353  16310
102.823282686 9390924515 2512482 28359  12645
102.835281315 9391528892 604377 28377  14275
102.847284817 9392110200 581308 28399  23833
102.859296853 9392742533 632333 28384  28241
102.871298575 9394808377 2065844 28351  21467
102.883293927 9397449520 2641143 28349  14037
102.895293936 9398702131 1252611 28375  7643
102.907292236 9401261128 2558997 28357  15174
102.919293921 9403266729 2005601 28366  13066
102.931298276 9403876228 609499 28380  16156
102.943282152 9406335243 2459015 28365  14613
102.955298608 9408847501 2512258 28367  16137
102.967297530 9410466432 1618931 28374  9623
102.979295279 9413191915 2725483 28360  14392
102.991294667 9414460310 1268395 28377  10493
103.003293976 9415027145 566835 28377  23137
103.015282178 9415660078 632933 28376  27447
103.027282163 9416183302 523224 28399  23779
103.039281716 9416816193 632891 28388  28269
103.051294408 9417448636 632443 28376  28245
103.063290307 9418081079 632443 28369  28245
103.075294570 9418493801 412722 28377  23803
103.087281519 9419126468 632667 28377  28255
103.099298697 9419759135 632667 28383  28253
103.111281456 9420391578 632443 28373  28247
103.123282671 9421024217 632639 28377  28245
103.135282337 9421656464 632247 28376  28244
103.147285453 9422288907 632443 28381  28249
103.159281525 9422774431 485524 28372  23830
103.171280724 9423288062 513631 28361  28219
103.183284776 9423919935 631873 28375  28223
103.195284892 9424551482 631547 28353  28202
103.207295597 9425183440 631958 28360  28216
103.219290949 9425814576 631136 28361  28197
103.231294802 9426447243 632667 28389  28251
103.243285594 9427078342 631099 28336  28184
103.255292950 9427709665 631323 28352  28196
103.267285062 9428341660 631995 28368  28220
103.279297675 9428973266 631606 28348  28204
103.291294187 9429604369 631103 28353  28192
103.303296625 9430235853 631484 28361  28202
103.315295657 9430867624 631771 28365  28217
103.327294600 9431499843 632219 28378  28233
103.339280116 9431814086 314243 28370  24627
103.351282084 9432228938 414852 28381  28251
103.363295190 9432861437 632499 28384  28247
103.375305839 9433494496 633059 28394  28274
103.387297931 9434126939 632443 28378  28247
103.399281287 9434759606 632667 28376  28252
103.411295659 9435392273 632667 28394  28260
103.423281271 9436024940 632667 28378  28253
103.435294824 9436656712 631772 28367  28223
103.447285122 9437289379 632667 28379  28252
103.459297974 9437922046 632667 28384  28255
103.471294154 9438554713 632667 28376  28252
103.483281222 9439187380 632667 28386  28259
103.495281124 9439820047 632667 28373  28251
103.507281007 9440452266 632219 28383  28241
103.519293729 9441085363 633097 28393  28269
103.531281197 9441717971 632608 28378  28249
103.543289624 9442350715 632744 28385  28261
103.555294329 9442983382 632667 28380  28256
103.567297034 9443616049 632667 28379  28252
103.579298184 9444248716 632667 28389  28260
103.591293296 9444881649 632933 28385  28266
103.603298705 9445514078 632429 28369  28245
103.615293953 9446147165 633087 28390  28273
103.627288472 9446780056 632891 28385  28264
103.639281494 9447412947 632891 28378  28265
103.651295594 9448044896 631949 28358  28221
103.663284586 9448677609 632713 28384  28260
103.675292321 9449310724 633115 28401  28275
103.687286580 9449658948 348224 28362  25004
103.699300829 9449899484 240536 28368  28263
103.711297408 9450139936 240452 28365  28258
103.723283960 9452679234 2539298 28364  13762
103.735283100 9455157290 2478056 28352  13822
103.747293825 9457582584 2425294 28350  17442
103.759282044 9460147395 2564811 28362  12928
103.771283439 9460750502 603107 28364  12730
103.783285712 9462138305 1387803 28377  18833
103.795297514 9464675389 2537084 28366  12921
103.807297906 9466301631 1626242 28378  9831
103.819284171 9468794787 2493156 28368  14403
103.831282487 9471311320 2516533 28355  14069
103.843280036 9471914782 603462 28369  15278
103.855301565 9472494664 579882 28384  22585
103.867283917 9473126883 632219 28375  26412
103.879285696 9475130126 2003243 28370  18539
103.891297892 9477747967 2617841 28358  14209
103.903294551 9479125166 1377199 28377  11140
103.915282249 9481760618 2635452 28365  15158
103.927294409 9483663672 1903054 28373  10347
103.939295304 9484272805 609133 28358  23930
103.951297233 9486752003 2479198 28364  13354
103.963282005 9489262539 2510536 28358  12621
103.975293738 9490964596 1702057 28379  10201
103.987297307 9493592251 2627655 28364  15200
103.999284312 9494844688 1252437 28365  9936
104.011300881 9495412587 567899 28396  18393
104.023295614 9496045702 633115 28397  28026
104.035295182 9496568072 522370 28371  26373
104.047286618 9497200963 632891 28382  28259
104.059293513 9497833406 632443 28373  28245
104.071295052 9498466073 632667 28380  28254
104.083297341 9499818761 1352688 28362  20182
104.095283047 9502337505 2518744 28362  14939
104.107284789 9503891120 1553615 28368  14260
104.119294045 9506370259 2479139 28369  15077
104.131294190 9508880224 2509965 28361  14538
104.143293966 9509479082 598858 28371  16607
104.155284928 9511629518 2150436 28367  22050
104.167294037 9514311737 2682219 28357  14668
104.179298543 9515510898 1199161 28369  6665
104.191295465 9518082764 2571866 28350  13678
104.203297624 9520050684 1967920 28362  11938
104.215282932 9520661702 611018 28384  18188
104.227294205 9521241136 579434 28375  23068
104.239295954 9521851033 609897 28377  28243
104.251285242 9524277176 2426143 28371  13897
104.263281761 9526782516 2505340 28347  12751
104.275281560 9528687735 1905219 28355  11847
104.287293239 9531232590 2544855 28361  14607
104.299293655 9532346178 1113588 28374  6853
104.311281693 9533160290 814112 28393  20445
104.323285593 9535721103 2560813 28358  12997
104.335291715 9537924362 2203259 28361  10283
104.347293137 9540429249 2504887 28359  17900
104.359283856 9542948121 2518872 28344  14053
104.371288732 9543547369 599248 28383  14420
104.383285784 9544126803 579434 28387  19603
104.395294746 9544759246 632443 28374  27796
104.407281928 9545281616 522370 28370  23727
104.419298461 9545913387 631771 28358  28214
104.431280913 9546545051 631664 28358  28204
104.443295575 9547176034 630983 28348  28192
104.455281227 9547589204 413170 28387  24011
104.467294440 9548222319 633115 28395  28274
104.479285412 9548854986 632667 28383  28253
104.491313732 9549487653 632667 28381  28257
104.503295050 9550120096 632443 28373  28240
104.515275549 9550752539 632443 28385  28249
104.527298874 9551385547 633008 28387  28261
104.539297866 9551759151 373604 28382  21906
104.551284232 9554305678 2546527 28365  13986
104.563285721 9556769559 2463881 28368  12304
104.575297903 9559180479 2410920 28363  17224
104.587284439 9561739789 2559310 28376  12753
104.599293172 9562352889 613100 28381  7648
104.611283860 9563776928 1424039 28367  22429
104.623294519 9566258934 2482006 28353  13678
104.635284778 9567911606 1652672 28377  10282
104.647285143 9570404090 2492484 28362  18469
104.659301296 9572920859 2516769 28348  12737
104.671283025 9573524447 603588 28376  8391
104.683282070 9574104191 579744 28377  24312
104.695286846 9574736634 632443 28373  26028
104.707296275 9576749399 2012765 28379  19360
104.719297137 9579480891 2731492 28366  14412
104.731282052 9580720620 1239729 28360  9844
104.743286529 9583312346 2591726 28375  13238
104.755294277 9585261999 1949653 28366  10907
104.767280693 9585873133 611134 28379  17065
104.779281655 9588338682 2465549 28357  17183
104.791282598 9590858850 2520168 28374  14429
104.803294556 9592530956 1672106 28369  16383
104.815303913 9595165987 2635031 28368  14160
104.827284217 9596459927 1293940 28368  12332
104.839294620 9597021648 561721 28373  19813
104.851281582 9597654781 633133 28396  23733
104.863296388 9598178047 523266 28395  23342
104.875285789 9598810714 632667 28389  28143
104.887282939 9599443605 632891 28389  28265
104.899298001 9600076048 632443 28377  28244
104.911294226 9601425142 1349094 28396  21958
104.923282035 9603949720 2524578 28363  16273
104.935292825 9605510209 1560489 28358  11033
104.947297450 9608003642 2493433 28352  15655
104.959297395 9610517043 2513401 28352  12663
104.971291212 9611127109 610066 28382  18235
104.983282190 9613504271 2377162 28360  21390
104.995293972 9616086936 2582665 28370  13507
105.007286121 9617324613 1237677 28374  11113
105.019292524 9620061059 2736446 28353  14067
105.031282639 9621687539 1626480 28355  8531
105.043293641 9622297437 609898 28384  17371
105.055297471 9622877319 579882 28385  24974
105.067281723 9623466272 588953 28383  26413
105.079285882 9625910849 2444577 28355  12411
105.091294588 9628419383 2508534 28360  12560
105.103281126 9630437725 2018342 28357  11211
105.115281615 9633012372 2574647 28356  14647
105.127289471 9634002432 990060 28358  11690
105.139298657 9635087326 1084894 28377  15614
105.151293669 9637721660 2634334 28348  13494
105.163286664 9639608929 1887269 28365  10220
105.175296710 9642101861 2492932 28363  15019
105.187293865 9644605705 2503844 28354  13161
105.199296705 9645210880 605175 28374  9872
105.211285750 9645790986 580106 28403  22286
105.223285092 9646423653 632667 28392  28253
105.235294144 9646946023 522370 28384  26114
105.247294774 9647578690 632667 28386  28251
105.259283252 9648211133 632443 28372  28244
105.271291988 9648828282 617149 28395  28202
105.283295621 9649257866 429584 28389  21865
105.295302133 9649890757 632891 28389  28264
105.307284805 9650523200 632443 28385  28249
105.319281960 9651156091 632891 28393  28265
105.331296743 9651788758 632667 28379  28253
105.343283952 9652421649 632891 28395  28265
105.355293404 9653054316 632667 28387  28252
105.367282049 9653422250 367934 28358  20570
105.379298099 9654054917 632667 28387  28254
105.391298771 9654687808 632891 28391  28265
105.403283573 9655320391 632583 28368  28250
105.415283558 9655952694 632303 28376  28244
105.427294931 9656585361 632667 28383  28257
105.439283423 9657218477 633116 28391  28271
105.451290308 9657850696 632219 28388  28249
105.463281977 9658483587 632891 28383  28266
105.475294123 9659116030 632443 28382  28250
105.487295955 9659748921 632891 28384  28262
105.499284204 9660382260 633339 28411  28285
105.511295090 9661015599 633339 28405  28284
105.523281136 9661648185 632586 28387  28253
105.535297778 9662199396 551211 28379  22346
105.547284940 9662439747 240351 28349  27937
105.559282319 9664895837 2456090 28359  17613
105.571296898 9667417945 2522108 28362  12441
105.583293883 9669361158 1943213 28362  10489
105.595284809 9671851711 2490553 28352  13375
105.607301122 9672970412 1118701 28356  9456
105.619298810 9673775960 805548 28373  17916
105.631293249 9676361154 2585194 28362  12994
105.643282751 9678554217 2193063 28365  10368
105.655281277 9681056170 2501953 28386  14090
105.667295143 9683559478 2503308 28359  14320
105.679284261 9684162216 602738 28369  9419
105.691290471 9684742322 580106 28387  18027
105.703281490 9685374989 632667 28381  28253
105.715294635 9686922754 1547765 28377  21049
105.727299338 9689658775 2736021 28357  13818
105.739283290 9690894128 1235353 28360  11644
105.751295112 9693506706 2612578 28362  13501
105.763299898 9695901698 2394992 28361  11561
105.775294314 9696508208 606510 28384  15676
105.787281859 9698979047 2470839 28369  18948
105.799301822 9701492534 2513487 28364  13417
105.811285730 9703040187 1547653 28366  9106
105.823286489 9705553117 2512930 28349  12329
105.835282318 9707123460 1570343 28372  9597
105.847295087 9707723580 600120 28370  20467
105.859280045 9708311504 587924 28392  25625
105.871282105 9708834770 523266 28402  25457
105.883284184 9709466675 631905 28359  28216
105.895298237 9710099432 632757 28395  28264
105.907297432 9710732099 632667 28389  28254
105.919281674 9712001461 1269362 28374  23077
105.931301586 9714467804 2466343 28363  14063
105.943282302 9716124344 1656540 28364  8142
105.955295681 9718621389 2497045 28353  14175
105.967282433 9721134659 2513270 28358  14237
105.979297443 9721737492 602833 28371  15607
105.991297938 9723544915 1807423 28385  15646
106.003295117 9726096512 2551597 28351  13219
106.015285642 9727293291 1196779 28378  9259
106.027293075 9729804998 2511707 28364  13421
106.039294854 9732303970 2498972 28358  12735
106.051293979 9732913840 609870 28382  19887
106.063283598 9733493722 579882 28389  21617
106.075281743 9734125717 631995 28355  26886
106.087303856 9736528766 2403049 28353  16480
106.099282678 9739033290 2504524 28358  12702
106.111293333 9740582591 1549301 28361  9470
106.123285510 9743120701 2538110 28366  13362
106.135297792 9744664522 1543821 28364  7467
106.147283007 9745227232 562710 28383  19578
106.159282240 9747927947 2700715 28369  14382
106.171282782 9750245940 2317993 28362  11794
106.183295018 9752754613 2508673 28354  15058
106.195280859 9755280930 2526317 28356  15051
106.207282208 9755882835 601905 28388  15396
106.219282851 9756462045 579210 28373  17526
106.231297797 9757093960 631915 28362  24919
106.243305059 9757616186 522226 28377  24453
106.255294745 9758248853 632667 28385  28254
106.267295450 9758881744 632891 28386  28265
106.279281305 9759514635 632891 28387  28264
106.291297635 9759928029 413394 28377  25008
106.303285130 9760560920 632891 28391  28261
106.315295486 9761193811 632891 28402  28270
106.327298352 9761826478 632667 28381  28253
106.339281351 9762458921 632443 28385  28245
106.351281453 9763091983 633062 28396  28263
106.363292939 9763724703 632720 28391  28262
106.375282091 9764093852 369149 28383  23442
106.387295590 9766794961 2701109 28353  14230
106.399294832 9769122946 2327985 28355  15513
106.411283650 9771627451 2504505 28346  18141
106.423284630 9774134000 2506549 28358  14397
106.435294842 9774735171 601171 28384  7916
106.447293344 9776266837 1531666 28355  20892
106.459281543 9778768399 2501562 28348  14377
106.471295629 9780342559 1574160 28361  13065
106.483296134 9782829439 2486880 28355  13863
106.495282363 9785347765 2518326 28367  14328
106.507285069 9785958559 610794 28393  12200
106.519296811 9786537991 579432 28360  23273
106.531280277 9787169540 631549 28357  28136
106.543285036 9789577440 2407900 28359  16907
106.555281578 9792095760 2518320 28374  12388
106.567294044 9793625742 1529982 28362  10816
106.579294980 9796133968 2508226 28360  15316
106.591286352 9797699161 1565193 28371  9828
106.603298421 9798301381 602220 28376  19250
106.615282536 9800772078 2470697 28353  12873
106.627283401 9803278395 2506317 28351  12695
106.639297694 9805477228 2198833 28356  12883
106.651286576 9808184004 2706776 28351  13990
106.663294242 9808872674 688670 28380  8495
106.675293788 9809452332 579658 28384  19544
106.687281833 9810085223 632891 28391  28035
106.699293299 9810608265 523042 28393  23207
106.711283428 9811240932 632667 28389  28252
106.723290844 9811873375 632443 28376  28243
106.735297160 9812505594 632219 28365  28233
106.747281284 9814282923 1777329 28362  19682
106.759298281 9816833955 2551032 28360  14476
106.771281476 9818136314 1302359 28378  11386
106.783293748 9820697606 2561292 28360  13058
106.795293611 9822903357 2205751 28364  11856
106.807285983 9823513346 609989 28369  14118
106.819285528 9825992913 2479567 28382  18203
106.831297311 9828494195 2501282 28361  15580
106.843294170 9830046298 1552103 28371  9450
106.855294545 9832562392 2516094 28359  13513
106.867280572 9834122459 1560067 28356  8184
106.879303834 9834700825 578366 28361  18378
106.891286399 9835309255 608430 28392  27181
106.903293659 9836057841 748586 28362  23858
106.915296857 9838638297 2580456 28357  13498
106.927299183 9840833936 2195639 28353  10983
106.939282915 9843338322 2504386 28367  16043
106.951281303 9845846352 2508030 28379  13512
106.963294763 9846447028 600676 28373  11700
106.975291595 9847978428 1531400 28365  18009
106.987294951 9850489608 2511180 28368  14237
106.999284640 9852046091 1556483 28365  14545
107.011281652 9854549582 2503491 28373  13076
107.023282461 9857057887 2508305 28350  13543
107.035302167 9857667082 609195 28363  13797
107.047285546 9858246964 579882 28381  24342
107.059297565 9858879407 632443 28376  28240
107.071284694 9859402449 523042 28383  23767
107.083293623 9860035116 632667 28383  28249
107.095282988 9860668178 633062 28392  28262
107.107283763 9861159044 490866 28369  26144
107.119294750 9861713396 554352 28383  25132
107.131282452 9862345839 632443 28374  28244
107.143281377 9862978506 632667 28384  28258
107.155284682 9863611621 633115 28402  28274
107.167284712 9864244015 632394 28377  28243
107.179293837 9864876507 632492 28388  28251
107.191296540 9865509284 632777 28382  28252
107.203288546 9865874420 365136 28374  24466
107.215298428 9866506639 632219 28370  28236
107.227282640 9867139306 632667 28379  28249
107.239295063 9867771749 632443 28381  28248
107.251281568 9868403520 631771 28364  28221
107.263286310 9869035963 632443 28376  28245
107.275281522 9869668630 632667 28381  28253
107.287282245 9870301297 632667 28382  28256
107.299293297 9870933740 632443 28374  28244
107.311283679 9871566407 632667 28385  28255
107.323297352 9872198626 632219 28375  28242
107.335281274 9872831517 632891 28395  28265
107.347285493 9873464184 632667 28386  28254
107.359303452 9874096578 632394 28379  28239
107.371281624 9874575125 478547 28394  25979
107.383293864 9874823930 248805 28348  28221
107.395293776 9875456271 632341 28372  28229
107.407297885 9876088368 632097 28369  28231
107.419297144 9876721035 632667 28386  28252
107.431284405 9877352807 631772 28359  28214
107.443285032 9877985026 632219 28373  28234
107.455292457 9878617208 632182 28363  28223
107.467285806 9879249016 631808 28370  28234
107.479297062 9879881322 632306 28379  28234
107.491284731 9880512929 631607 28347  28206
107.503282399 9881144777 631848 28368  28222
107.515301149 9881777220 632443 28380  28241
107.527283651 9882409215 631995 28361  28222
107.539281040 9883041434 632219 28383  28242
107.551294409 9883674101 632667 28394  28251
107.563281014 9884306544 632443 28381  28243
107.575284893 9884938879 632335 28372  28236
107.587281092 9885571430 632551 28384  28251
107.599298175 9886203425 631995 28365  28221
107.611298214 9886835868 632443 28388  28250
107.623292306 9887468258 632390 28378  28235
107.635295935 9888100717 632459 28380  28243
107.647285121 9888732441 631724 28356  28214
107.659281563 9889364520 632079 28368  28232
107.671302819 9889996478 631958 28360  28215
107.683296071 9890628244 631766 28368  28218
107.695294843 9891260057 631813 28367  28225
107.707281345 9891892500 632443 28382  28241
107.719291025 9892414443 521943 28378  23833
107.731298860 9892654913 240470 28355  28253
107.743285075 9892895350 240437 28359  28255
107.755283334 9893338972 443622 28387  28250
107.767293424 9893971639 632667 28389  28261
107.779281274 9894604306 632667 28384  28260
107.791273485 9895236749 632443 28379  28247
107.803284117 9895868744 631995 28362  28229
107.815293779 9896501411 632667 28379  28255
107.827286772 9897133406 631995 28374  28231
107.839293991 9897766297 632891 28393  28264
107.851294210 9898398922 632625 28373  28245
107.863285742 9899031855 632933 28400  28274
107.875281555 9899664298 632443 28375  28246
107.887281540 9900296741 632443 28382  28248
107.899298082 9900928834 632093 28370  28233
107.911282608 9901561179 632345 28378  28243
107.923282530 9902193996 632817 28385  28254
107.935293856 9902826513 632517 28385  28257
107.947293352 9903458956 632443 28369  28244
107.959280421 9904091847 632891 28384  28263
107.971293890 9904724290 632443 28380  28250
107.983281108 9905357181 632891 28392  28263
107.995306921 9905989740 632559 28374  28246
108.007284686 9906621843 632103 28366  28240
108.019282165 9907254958 633115 28398  28276
108.031294945 9907888073 633115 28391  28274
108.043293197 9908520408 632335 28374  28242
108.055298523 9909152873 632465 28377  28247
108.067283532 9909785626 632753 28386  28264
108.079296240 9910418517 632891 28389  28264
108.091281369 9911051184 632667 28383  28258
108.103283399 9911683851 632667 28373  28251
108.115296754 9912316070 632219 28377  28244
108.127294007 9912948919 632849 28377  28253
108.139295386 9913581180 632261 28377  28242
108.151306761 9914213623 632443 28372  28243
108.163286376 9914845618 631995 28369  28233
108.175293833 9915478259 632641 28378  28254
108.187286898 9916110952 632693 28384  28258
108.199293543 9916744067 633115 28398  28281
108.211281543 9917376958 632891 28391  28271
108.223296982 9918009849 632891 28384  28261
108.235294494 9918642822 632973 28389  28269
108.247285266 9919275407 632585 28377  28256
108.259281475 9919907850 632443 28382  28249
108.271285517 9920540517 632667 28377  28259
108.283296924 9921172960 632443 28369  28249
108.295280972 9921806075 633115 28391  28277
108.307285614 9922438742 632667 28378  28256
108.319290560 9923071633 632891 28383  28264
108.331294819 9923703852 632219 28372  28242
108.343281698 9924336569 632717 28375  28255
108.355298070 9924969186 632617 28371  28253
108.367281586 9925601853 632667 28378  28255
108.379293312 9926234856 633003 28391  28270
108.391284397 9926867439 632583 28382  28257
108.403281686 9927500200 632761 28387  28262
108.415294649 9928101526 601326 28381  26620
108.427282864 9928342030 240504 28371  25728
108.439297130 9928582463 240433 28368  28258
108.451293106 9928822954 240491 28352  28250
108.463291628 9929063413 240459 28349  28249
108.475293260 9929303840 240427 28357  28254
108.487299216 9929757486 453646 28361  28225
108.499284848 9930389817 632331 28371  28233
108.511296221 9931022170 632353 28370  28229
108.523285670 9931655151 632981 28392  28264
108.535295382 9932287594 632443 28385  28237
108.547280707 9932919589 631995 28373  28228
108.559295007 9933551584 631995 28364  28225
108.571296199 9934184251 632667 28382  28244
108.583281821 9934816694 632443 28380  28241
108.595282886 9935449361 632667 28381  28247
108.607282076 9936082504 633143 28404  28264
108.619281351 9936714695 632191 28382  28234
108.631289701 9937346690 631995 28367  28221
108.643283033 9937979357 632667 28391  28250
108.655293178 9938611800 632443 28374  28241
108.667294881 9939244243 632443 28381  28239
108.679298420 9939876462 632219 28369  28236
108.691295408 9940508457 631995 28371  28229
108.703288237 9941141348 632891 28388  28259
108.715281017 9941773567 632219 28367  28234
108.727284499 9942406234 632667 28386  28250
108.739293597 9943039349 633115 28402  28269
108.751294484 9943672240 632891 28399  28265
108.763293492 9944304459 632219 28375  28239
108.775298145 9944937126 632667 28387  28253
108.787290331 9945569569 632443 28384  28242
108.799292973 9946202460 632891 28395  28262
108.811295539 9946835799 633339 28408  28276
108.823283894 9947468466 632667 28388  28255
108.835293466 9948100909 632443 28380  28251
108.847296609 9948733576 632667 28388  28255
108.859282055 9949366915 633339 28415  28278
108.871282853 9949999296 632381 28376  28235
108.883281469 9950631724 632428 28381  28241
108.895293855 9951263796 632072 28368  28231
108.907281490 9951895934 632138 28371  28230
108.919282369 9952528458 632524 28386  28253
108.931281765 9953160901 632443 28375  28243
108.943281681 9953793568 632667 28385  28254
108.955289063 9954426459 632891 28398  28262
108.967281736 9955059092 632633 28371  28248
108.979283078 9955691121 632029 28380  28241
108.991294306 9956323564 632443 28373  28244
109.003293499 9956956455 632891 28393  28261
109.015282721 9957588898 632443 28376  28244
109.027294868 9958221117 632219 28371  28233
109.039298386 9958853900 632783 28393  28258
109.051292265 9959486633 632733 28386  28255
109.063282334 9960119284 632651 28386  28255
109.075293177 9960752009 632725 28392  28260
109.087285789 9961384639 632630 28378  28244
109.099293967 9962016895 632256 28373  28237
109.111306474 9962649394 632499 28373  28243
109.123285872 9963281333 631939 28364  28227
109.135289558 9963913104 631771 28368  28215
109.147298134 9964544770 631666 28352  28206
109.159285356 9965177248 632478 28367  28247
109.171283078 9965809853 632605 28376  28251
109.183297331 9966442312 632459 28368  28241
109.195286140 9967074379 632067 28365  28236
109.207281902 9967707315 632936 28376  28264
109.219281098 9968340054 632739 28374  28249
109.231293847 9968972647 632593 28365  28243
109.243284579 9969605672 633025 28390  28271
109.255286025 9970238159 632487 28362  28244
109.267297624 9970870870 632711 28381  28258
109.279285846 9971503581 632711 28372  28255
109.291285438 9972136516 632935 28379  28266
109.303281947 9972769675 633159 28378  28271
109.315283423 9973402610 632935 28378  28265
109.327297296 9974035321 632711 28368  28257
109.339294378 9974668032 632711 28382  28261
109.351294634 9975300967 632935 28382  28261
109.363296909 9975933874 632907 28369  28242
109.375294888 9976566613 632739 28381  28262
109.387292510 9977198993 632380 28354  28237
109.399284895 9977831587 632594 28370  28252
109.411295092 9978463850 632263 28369  28246
109.423310768 9979096447 632597 28370  28243
109.435298550 9979728963 632516 28364  28243
109.447297549 9980361943 632980 28371  28250
109.459295784 9980994071 632128 28359  28240
109.471281384 9981626959 632888 28394  28260
109.483296886 9982259670 632711 28393  28256
109.495282771 9982892605 632935 28389  28262
109.507287320 9983525711 633106 28386  28260
109.519299439 9984158503 632792 28383  28261
109.531285375 9984791186 632683 28376  28253
109.543281257 9985424079 632893 28388  28256
109.555281116 9986055712 631633 28361  28219
109.567297922 9986688423 632711 28380  28251
109.579284781 9987321134 632711 28369  28252
109.591289907 9987954293 633159 28385  28273
109.603282049 9988586780 632487 28376  28249
109.615282714 9989219491 632711 28374  28252
109.627297194 9989852202 632711 28390  28255
109.639281729 9990484913 632711 28383  28256
109.651295719 9991117844 632931 28383  28263
109.663295231 9991750783 632939 28382  28266
109.675285929 9992383494 632711 28378  28254
109.687297286 9993016205 632711 28373  28252
109.699296728 9993649104 632899 28379  28261
109.711297127 9994281852 632748 28380  28259
109.723280402 9994914563 632711 28378  28254
109.735281415 9995547498 632935 28390  28264
109.747303714 9996180769 633271 28397  28273
109.759297513 9996813620 632851 28380  28261
109.771284738 9997446527 632907 28382  28267
109.783295000 9998079686 633159 28393  28269
109.795293623 9998712621 632935 28389  28264
109.807280939 9999346004 633383 28397  28279
109.819282521 9999714170 368166 28374  22166
109.831282953 9999954622 240452 28358  28255
109.843297929 10000195017 240395 28359  28257
109.855293724 10000435479 240462 28359  28254
109.867295931 10000675963 240484 28354  28257
109.879283236 10000916397 240434 28358  28255
109.891291945 10001156884 240487 28359  28258
109.903304598 10001397386 240502 28367  28266
109.915285336 10001637875 240489 28357  28258
109.927282555 10001878276 240401 28356  28251
109.939285847 10002118777 240501 28363  28223
109.951293660 10002409862 291085 13625  13430
109.963284439 10002790018 380156 3350  3217
109.975292308 10003170023 380005 3358  3216
109.987298317 10003549954 379931 3357  3221
109.999293679 10003930005 380051 3358  3221
110.011285511 10004309816 379811 3358  3219
110.023284324 10004689747 379931 3356  3214
110.035281883 10005069678 379931 3354  3217
110.047294948 10005449582 379904 3351  3217
110.059288104 10005829646 380064 3361  3217
110.071286543 10006209591 379945 3359  3218
110.083294026 10006589526 379935 3361  3214
110.095298705 10006969573 380047 3361  3228
110.107281327 10007349778 380205 3365  3224
110.119286799 10007729783 380005 3351  3226
110.131295045 10008109846 380063 3367  3233
110.143293987 10008489914 380068 3357  3219
110.155282147 10008869934 380020 3364  3228
110.167281295 10009249639 379705 3363  3219
110.179296984 10009629570 379931 3356  3219
110.191295007 10010009501 379931 3356  3222
110.203293692 10010389571 380070 3364  3231
110.215284984 10010769483 379912 3353  3219
110.227301201 10011149534 380051 3358  3224
110.239295089 10011529406 379872 3352  3210
110.251281628 10011909400 379994 3361  3222
110.263285831 10012289447 380047 3355  3229
110.275296083 10012669498 380051 3363  3227
110.287297353 10013049429 379931 3360  3221
110.299280864 10013429244 379815 3349  3215
110.311294210 10013809291 380047 3354  3222
110.323293099 10014189106 379815 3353  3224
110.335295975 10014569037 379931 3355  3224
110.347286187 10014948964 379927 3352  3224
110.359285132 10015329015 380051 3352  3222
110.371283419 10015708946 379931 3351  3222
110.383306334 10016088968 380022 3360  3223
110.395281783 10016468932 379964 3356  3224
110.407281715 10016848979 380047 3355  3222
110.419296961 10017228790 379811 3367  3227
110.431297010 10017608722 379932 3348  3221
110.443282909 10017988413 379691 3345  3219
110.455282038 10018368344 379931 3359  3225
110.467297457 10018748155 379811 3355  3222
110.479281113 10019128086 379931 3361  3226
110.491282098 10019508038 379952 3364  3229
110.503297095 10019887948 379910 3364  3223
110.515293057 10020267835 379887 3349  3220
110.527285285 10020647810 379975 3359  3223
110.539305958 10021028042 380232 3365  3224
110.551298914 10021407975 379933 3355  3221
110.563283266 10021787963 379988 3374  3231
110.575281509 10022168014 380051 3361  3223
110.587295017 10022547945 379931 3351  3221
110.599285103 10022927876 379931 3359  3222
110.611294992 10023307807 379931 3368  3229
110.623298048 10023688041 380234 3367  3225
110.635294213 10024068149 380108 3378  3231
110.647368107 10024448080 379931 3368  3222
110.659293811 10024828072 379992 3361  3225
110.671296687 10025207942 379870 3360  3222
110.683298010 10025587873 379931 3358  3227
110.695293612 10025967987 380114 3361  3224
110.707286277 10026347855 379868 3369  3230
110.719282240 10026727894 380039 3360  3228
110.731282145 10027107837 379943 3363  3223
110.743295084 10027487888 380051 3357  3222
110.755283167 10027867699 379811 3358  3225
110.767295549 10028247750 380051 3358  3223
110.779285735 10028627820 380070 3377  3234
110.791282377 10029007612 379792 3359  3221
110.803282146 10029387423 379811 3353  3220
110.815292302 10029767354 379931 3352  3226
110.827298248 10030147363 380009 3356  3223
110.839282980 10030527307 379944 3364  3224
110.851281506 10030907286 379979 3373  3233
110.863291908 10031287198 379912 3355  3222
110.875286248 10031667253 380055 3360  3227
110.887293623 10032047300 380047 3356  3225
110.899293152 10032427117 379817 3361  3225
110.911284724 10032806806 379689 3365  3221
110.923297317 10033186613 379807 3365  3229
110.935284485 10033566544 379931 3354  3224
110.947285825 10033946475 379931 3355  3224
110.959296910 10034326406 379931 3356  3221
110.971280796 10034706217 379811 3349  3219
110.983281409 10035086148 379931 3360  3223
110.995282697 10035466199 380051 3365  3227
111.007296560 10035846313 380114 3361  3222
111.019306999 10036226208 379895 3352  3221
111.031296411 10036606232 380024 3372  3230
111.043281920 10036986163 379931 3360  3222
111.055285943 10037366094 379931 3355  3220
111.067280881 10037746044 379950 3368  3229
111.079294194 10038125866 379822 3355  3218
111.091281960 10038505647 379781 3354  3222
111.103295696 10038885618 379971 3351  3223
111.115281414 10039265629 380011 3353  3225
111.127284830 10039645560 379931 3359  3221
111.139283245 10040025375 379815 3370  3228
111.151293172 10040405422 380047 3360  3225
111.163295140 10040785353 379931 3349  3221
111.175290167 10041165225 379872 3355  3225
111.187297132 10041545335 380110 3363  3227
111.199281124 10041925266 379931 3355  3223
111.211296097 10042305290 380024 3380  3234
111.223293966 10042685269 379979 3356  3223
111.235294341 10043065240 379971 3361  3223
111.247281731 10043445216 379976 3355  3224
111.259297369 10043825171 379955 3358  3227
111.271283575 10044204972 379801 3370  3219
111.283285268 10044584903 379931 3359  3227
111.295296033 10044964715 379812 3355  3221
111.307281365 10045344666 379951 3349  3221
111.319281191 10045724460 379794 3358  3219
111.331290323 10046104387 379927 3359  3226
111.343294300 10046484438 380051 3358  3221
111.355293355 10046864475 380037 3360  3229
111.367283574 10047244540 380065 3356  3226
111.379281989 10047624460 379920 3361  3221
111.391294482 10048004402 379942 3346  3223
111.403280844 10048384333 379931 3360  3225
111.415296190 10048764285 379952 3364  3221
111.427294102 10049144218 379933 3360  3226
111.439297341 10049524127 379909 3355  3225
111.451281841 10049904104 379977 3374  3225
111.463285893 10050284109 380005 3361  3223
111.475283795 10050664160 380051 3355  3223
111.487280854 10051044091 379931 3357  3223
111.499292736 10051424026 379935 3369  3229
111.511281722 10051803939 379913 3350  3222
111.523285465 10052184004 380065 3360  3227
111.535298393 10052563935 379931 3353  3221
111.547295833 10052943992 380057 3344  3221
111.559297618 10053324037 380045 3359  3222
111.571280850 10053703968 379931 3364  3225
111.583289593 10054084023 380055 3354  3226
111.595295255 10054464095 380072 3354  3224
111.607287214 10054844001 379906 3353  3220
111.619293594 10055223812 379811 3350  3223
111.631297302 10055603867 380055 3351  3223
111.643292532 10055983794 379927 3368  3227
111.655298007 10056363725 379931 3355  3224
111.667282419 10056743776 380051 3359  3224
111.679295206 10057123711 379935 3360  3225
111.691296901 10057503624 379913 3351  3219
111.703285316 10057883569 379945 3358  3222
111.715294113 10058263713 380144 3363  3229
111.727294951 10058643671 379958 3349  3220
111.739293551 10059023528 379857 3346  3220
111.751284606 10059403293 379765 3347  3220
111.763283185 10059783224 379931 3349  3225
111.775297211 10060163155 379931 3353  3225
111.787284930 10060542970 379815 3371  3230
111.799284943 10060922889 379919 3352  3221
111.811292908 10061302906 380017 3352  3223
111.823281460 10061682850 379944 3362  3225
111.835296237 10062062810 379960 3364  3228
111.847285759 10062454626 391816 5501  5268
111.862283907 10063082546 627920 27889  19049
111.874296253 10063718198 635652 27857  19132
111.886297839 10064357637 639439 27645  19307
111.898295328 10064998632 640995 27820  19274
111.910293087 10065635450 636818 27823  19245
111.922283642 10066271906 636456 27909  19181
111.934294209 10066898985 627079 27800  19009
111.946294011 10067536395 637410 27722  19213
111.958285346 10068172847 636452 27754  19213
111.970290046 10068807530 634683 27838  19217
111.982283438 10069442293 634763 27772  19186
111.994293511 10070081055 638762 27676  19284
112.006284873 10070710499 629444 27621  18996
112.018282198 10071346194 635695 27741  19188
112.030296038 10071978325 632131 27817  19089
112.042281856 10072613120 634795 27799  19188
112.054282542 10073250163 637043 27617  19272
112.066284085 10073885686 635523 27941  19212
112.078282153 10074513703 628017 27881  19028
112.090295886 10075148799 635096 27739  19128
112.102284882 10075788111 639312 27665  19404
112.114282544 10076424230 636119 27734  19186
112.126294050 10077059793 635563 27866  19216
112.138304249 10077696356 636563 27771  19251
112.150284194 10078318589 622233 27701  18850
112.162281584 10078955109 636520 27631  19268
112.174294796 10079585942 630833 27769  19048
112.186294339 10080221136 635194 27891  19127
112.198285944 10080859687 638551 27820  19286
112.210293336 10081501186 641499 27806  19397
112.222282996 10082135241 634055 27889  19189
112.234296561 10082773356 638115 27865  19232
112.246293447 10083409758 636402 27839  19179
112.258285519 10084049010 639252 27771  19285
112.270297035 10084685327 636317 27690  19196
112.282294181 10085317748 632421 27945  19118
112.294303776 10085947311 629563 27890  19007
112.306283102 10086585194 637883 27675  19239
112.318285438 10087224597 639403 27823  19332
112.330295070 10087864160 639563 27804  19357
112.342286550 10088496829 632669 27851  19065
112.354283962 10089133806 636977 27722  19190
112.366298261 10089764132 630326 27759  19148
112.378282729 10090399732 635600 27761  19297
112.390282192 10091037011 637279 28000  19208
112.402285167 10091675230 638219 27882  19368
112.414282047 10092312353 637123 27641  19227
112.426294439 10092951484 639131 27752  19370
112.438286132 10093582824 631340 27708  19213
112.450292171 10094217104 634280 27860  19192
112.462284429 10094856098 638994 27819  19323
112.474293699 10095490621 634523 27797  19148
112.486298778 10096129271 638650 27947  19367
112.498281123 10096765081 635810 27954  19247
112.510298313 10097395058 629977 27906  19177
112.522294985 10098035845 640787 27719  19363
112.534284104 10098669115 633270 27743  19181
112.546297773 10099302731 633616 27643  19164
112.558298079 10099940510 637779 27957  19279
112.570294484 10100575485 634975 27772  19292
112.582293120 10101205240 629755 27682  19218
112.594283742 10101836501 631261 27715  19153
112.606294695 10102467210 630709 27782  19183
112.618304140 10103104715 637505 27829  19275
112.630283229 10103744633 639918 27690  19315
112.642283005 10104384119 639486 27755  19392
112.654289567 10105015062 630943 27817  19217
112.666293787 10105651837 636775 27817  19216
112.678285229 10106287948 636111 27867  19206
112.690281728 10106923591 635643 27642  19202
112.702296007 10107559834 636243 27941  19252
112.714294103 10108195897 636063 27929  19203
112.726283578 10108824956 629059 27737  19079
112.738285701 10109464975 640019 27641  19300
112.750281486 10110105285 640310 27840  19306
112.762297726 10110743473 638188 27850  19249
112.774294295 10111379314 635841 27761  19164
112.786294351 10112015931 636617 27934  19209
112.798286120 10112646996 631065 27610  19116
112.810286715 10113280365 633369 27907  19076
112.822282335 10113914635 634270 27925  19207
112.834293730 10114550891 636256 27751  19184
112.846294280 10115189980 639089 27690  19269
112.858285665 10115827401 637421 27779  19255
112.870283087 10116453060 625659 27747  18973
112.882282773 10117088835 635775 27711  19135
112.894293682 10117722705 633870 27668  19115
112.906295585 10118360912 638207 27808  19313
112.918294164 10118994048 633136 27842  19096
112.930303843 10119629156 635108 27843  19149
112.942295605 10120258693 629537 27529  18987
112.954281954 10120898945 640252 27612  19351
112.966294869 10121536068 637123 27719  19215
112.978294386 10122170283 634215 27796  19122
112.990283828 10122808071 637788 27841  19211
113.002293314 10123444379 636308 27806  19305
113.014285376 10124072946 628567 27753  19087
113.026296776 10124706362 633416 27875  19076
113.038294061 10125343938 637576 27852  19258
113.050295856 10125982448 638510 27746  19305
113.062295783 10126621036 638588 27716  19311
113.074285478 10127258345 637309 27725  19269
113.086293901 10127888142 629797 27913  19085
113.098286320 10128524039 635897 27801  19188
113.110281965 10129159448 635409 27724  19148
113.122296851 10129796863 637415 27856  19282
113.134281143 10130432658 635795 28060  19266
113.146297812 10131067813 635155 27800  19207
113.158294412 10131699146 631333 27609  19209
113.170281947 10132337715 638569 27794  19283
113.182284669 10132975185 637470 27876  19264
113.194282642 10133611969 636784 27849  19281
113.206281867 10134247088 635119 27932  19297
113.218286227 10134886911 639823 27780  19367
113.230286302 10135516292 629381 27871  19076
113.242306332 10136150065 633773 27833  19053
113.254294454 10136784178 634113 27812  19159
113.266285253 10137422223 638045 27551  19292
113.278293842 10138056717 634494 27688  19225
113.290285451 10138692809 636092 27728  19232
113.302297261 10139318472 625663 27698  18923
113.314284076 10139954255 635783 27750  19168
113.326286605 10140593510 639255 27734  19291
113.338294081 10141229933 636423 27913  19202
113.350294796 10141864608 634675 27848  19113
113.362298185 10142501647 637039 27705  19229
113.374297021 10143133974 632327 27651  19114
113.386294650 10143766965 632991 27638  19053
113.398293670 10144399408 632443 27661  19046
113.410292568 10145033291 633883 27640  19102
113.422282890 10145668720 635429 27795  19159
113.434298493 10146306814 638094 27801  19279
113.446283565 10146932203 625389 27847  18950
113.458297318 10147566637 634434 27760  19132
113.470286590 10148199571 632934 27669  19047
113.482294430 10148834882 635311 27509  19169
113.494298702 10149473832 638950 27798  19298
113.506281171 10150109243 635411 27833  19176
113.518285486 10150741151 631908 27821  19159
113.530284356 10151375246 634095 27766  19197
113.542282581 10152013269 638023 27790  19390
113.554282727 10152646752 633483 27917  19209
113.566293053 10153281555 634803 27812  19229
113.578298136 10153919540 637985 27733  19251
113.590293894 10154549871 630331 27670  19109
113.602285253 10155185519 635648 27699  19245
113.614293323 10155820439 634920 27862  19188
113.626283871 10156459262 638823 27827  19240
113.638295491 10157095745 636483 27811  19234
113.650286143 10157732680 636935 27788  19298
113.662281888 10158359783 627103 27888  19011
113.674276367 10158995154 635371 27850  19169
113.686293090 10159636871 641717 27728  19423
113.698296416 10160274236 637365 27752  19317
113.710294822 10160911735 637499 27733  19316
113.722301601 10161546978 635243 27914  19236
113.734283069 10162177032 630054 27776  19116
113.746294155 10162814062 637030 27719  19270
113.758282657 10163452771 638709 27942  19261
113.770296754 10164089602 636831 27951  19178
113.782281786 10164724165 634563 27839  19148
113.794298425 10165360843 636678 27537  19192
113.806296054 10165990539 629696 27719  19102
113.818284179 10166626346 635807 27723  19244
113.830284526 10167260669 634323 27785  19189
113.842280678 10167891924 631255 27706  19113
113.854284194 10168528035 636111 27681  19184
113.866284546 10169164450 636415 27906  19253
113.878282675 10169792899 628449 27839  19012
113.890301601 10170428460 635561 27917  19159
113.902295086 10171067271 638811 27689  19320
113.914283506 10171709822 642551 27841  19324
113.926293918 10172345249 635427 27715  19152
113.938296361 10172980284 635035 27813  19183
113.950294120 10173609133 628849 27698  19064
113.962282858 10174246598 637465 27581  19172
113.974285408 10174881981 635383 27930  19176
113.986295420 10175515546 633565 27754  19091
113.998285480 10176148855 633309 27624  19085
114.010293615 10176787658 638803 27641  19278
114.022285700 10177417773 630115 27777  19130
114.034295873 10178054067 636294 27834  19274
114.046303265 10178689679 635612 27713  19140
114.058286838 10179324642 634963 27880  19184
114.070285414 10179960885 636243 27654  19259
114.082296433 10180594184 633299 27881  19056
114.094282039 10181221091 626907 27658  18930
114.106287564 10181856702 635611 27723  19192
114.118282710 10182493657 636955 27577  19299
114.130298329 10183128112 634455 27594  19205
114.142294229 10183760447 632335 27886  19104
114.154295614 10184393318 632871 27607  19114
114.166283126 10185020801 627483 27721  19061
114.178281529 10185657324 636523 27696  19305
114.190297178 10186292378 635054 28008  19210
114.202290254 10186927078 634700 27888  19201
114.214284576 10187562443 635365 27566  19205
114.226296102 10188200908 638465 27734  19354
114.238295588 10188832071 631163 27675  19104
114.250294726 10189467781 635710 27882  19176
114.262294336 10190103017 635236 27791  19182
114.274293828 10190737452 634435 27675  19213
114.286294034 10191373747 636295 27864  19261
114.298282223 10192011684 637937 27996  19260
114.310282338 10192640141 628457 27798  19014
114.322297231 10193277134 636993 27564  19117
114.334285253 10193914617 637483 27603  19222
114.346293770 10194550250 635633 27676  19134
114.358290325 10195184492 634242 27996  19157
114.370294151 10195821715 637223 27865  19299
114.382294557 10196452503 630788 27666  19134
114.394282985 10197088121 635618 27755  19204
114.406282157 10197722710 634589 27968  19160
114.418283324 10198359306 636596 27822  19259
114.430281832 10198999383 640077 27625  19453
114.442283649 10199635599 636216 27719  19170
114.454282917 10200263082 627483 27684  19036
114.466295367 10200894592 631510 27776  19061
114.478296259 10201529328 634736 27809  19156
114.490281861 10202165529 636201 27751  19164
114.502295467 10202798534 633005 27781  19120
114.514282559 10203430269 631735 27884  19086
114.526301606 10204058044 627775 27702  19111
114.538296344 10204696022 637978 27615  19293
114.550283283 10205334511 638489 27757  19268
114.562295476 10205970031 635520 27821  19184
114.574294265 10206607348 637317 27804  19276
114.586295838 10207243151 635803 27875  19246
114.598277590 10207872101 628950 27534  19116
114.610296299 10208508099 635998 27931  19267
114.622294215 10209144800 636701 27861  19197
114.634283267 10209779271 634471 27723  19186
114.646282556 10210418165 638894 27591  19378
114.658295632 10211056171 638006 27744  19279
114.670281760 10211686016 629845 27766  19146
114.682289613 10212322162 636146 27808  19163
114.694283535 10212955939 633777 27789  19118
114.706295715 10213592421 636482 27773  19245
114.718295547 10214224858 632437 27841  19134
114.730284616 10214859447 634589 27925  19206
114.742283602 10215490348 630901 27625  19076
114.754281837 10215698951 208603 28326  26937
114.766294117 10215841237 142286 28393  28275
114.778281606 10215983443 142206 28379  28264
114.790282095 10216125639 142196 28365  28258
114.802293957 10216267850 142211 28372  28266
114.814297390 10216410096 142246 28370  28265
114.826285279 10216552312 142216 28374  28266
114.838304955 10216694478 142166 28361  28250
114.850293431 10216836645 142167 28367  28255
114.862297427 10216978890 142245 28379  28271
114.874286265 10217121091 142201 28365  28256
114.886285411 10217263262 142171 28376  28267
114.898286354 10217405513 142251 28381  28272
114.910293719 10217547719 142206 28366  28263
114.922282565 10217689965 142246 28371  28262
114.934281637 10217832216 142251 28377  28270
114.946295320 10217974452 142236 28377  28270
114.958294079 10218116723 142271 28392  28282
114.970286388 10218258954 142231 28365  28261
114.982284841 10218401180 142226 28372  28264
114.994302596 10218543406 142226 28373  28266
115.006295416 10218685572 142166 28364  28255
115.018279691 10218827793 142221 28374  28268
115.030283613 10218969994 142201 28368  28258
115.042285206 10219112210 142216 28361  28256
115.054294988 10219254436 142226 28366  28260
115.066285057 10219396692 142256 28377  28272
115.078286190 10219538843 142151 28360  28254
115.090298669 10219681054 142211 28370  28267
115.102293655 10219823255 142201 28376  28265
115.114282087 10219965541 142286 28376  28268
115.126281450 10220107717 142176 28372  28262
115.138297369 10220250008 142291 28380  28274
115.150298058 10220392094 142086 28355  28239
115.162292974 10220534380 142286 28393  28274
115.174285759 10220842653 308273 25990  25851
115.185292821 10221548117 705464 28327  25811
115.197295004 10222171892 623775 27785  16690
115.209285002 10222799023 627131 27785  19234
115.221284164 10223426514 627491 27955  19333
115.233294724 10224053289 626775 27812  19358
115.245298566 10224676052 622763 27800  19322
115.257284852 10225302708 626656 27755  19309
115.269281878 10225577224 274516 28289  26273
115.281293101 10225775828 198604 28382  28228
115.293293989 10225974439 198611 28384  28249
115.305286175 10226173071 198632 28385  28267
115.317292661 10226371500 198429 28372  28242
115.329296586 10226569957 198457 28377  28252
115.341293679 10226768547 198590 28377  28251
115.353294658 10226967040 198493 28359  28234
115.365283543 10227165566 198526 28379  28262
115.377298296 10227364513 198947 28377  28259
115.389294532 10227563145 198632 28388  28270
115.401285005 10227761770 198625 28387  28264
115.413285260 10227960255 198485 28379  28251
115.425294070 10228158943 198688 28379  28265
115.437293638 10228357513 198570 28381  28260
115.449294000 10228556166 198653 28390  28268
115.461281790 10228754630 198464 28359  28241
115.473301712 10228953255 198625 28376  28257
115.485294675 10229152342 199087 28381  28261
115.497283714 10229350855 198513 28376  28254
115.509296129 10229549438 198583 28377  28252
115.521280502 10229748035 198597 28371  28252
115.533285204 10229946667 198632 28393  28275
115.545293600 10230145281 198614 28376  28260
115.557296366 10230343938 198657 28391  28271
115.569295605 10230542500 198562 28375  28250
115.581285154 10230741083 198583 28375  28252
115.593295036 10230940059 198976 28382  28269
115.605282276 10231138725 198666 28373  28258
115.617282168 10231337357 198632 28382  28266
115.629302874 10231535968 198611 28374  28259
115.641295163 10231734691 198723 28398  28278
115.653283119 10231933267 198576 28368  28256
115.665295378 10232131871 198604 28376  28262
115.677298214 10232330398 198527 28383  28262
115.689295173 10232528953 198555 28364  28247
115.701285991 10232727718 198765 28387  28266
115.713294881 10232926847 199129 28380  28254
115.725294063 10233125437 198590 28369  28252
115.737282639 10233324030 198593 28386  28253
115.749284161 10233522435 198405 28375  28249
115.761297558 10233721123 198688 28383  28265
115.773293336 10233919811 198688 28384  28272
115.785282142 10234118499 198688 28383  28266
115.797289045 10234317124 198625 28380  28262
115.809296901 10234515938 198814 28407  28285
115.821293766 10234715019 199081 28376  28261
115.833297578 10234913664 198645 28387  28270
115.845285135 10235112198 198534 28374  28252
115.857283500 10235310781 198583 28373  28259
115.869297643 10235509469 198688 28381  28265
115.881283338 10235708059 198590 28374  28262
115.893284014 10235906677 198618 28389  28269
115.905297893 10236105169 198492 28376  28250
115.917281422 10236303696 198527 28379  28258
115.929285968 10236502769 199073 28368  28252
115.941282110 10236701268 198499 28366  28247
115.953302640 10236899928 198660 28387  28266
115.965294322 10237098574 198646 28377  28260
115.977283484 10237297094 198520 28380  28263
115.989284740 10237495642 198548 28365  28242
116.001285279 10237694232 198590 28396  28272
116.013296895 10237892731 198499 28358  28238
116.025282517 10238091314 198583 28368  28253
116.037286534 10238289869 198555 28375  28256
116.049296949 10238488914 199045 28388  28272
116.061295532 10238687644 198730 28391  28274
116.073283337 10238886164 198520 28369  28255
116.085294683 10239084880 198716 28391  28274
116.097296102 10239283386 198506 28369  28249
116.109290384 10239482004 198618 28378  28255
116.121284811 10239680608 198604 28384  28261
116.133285449 10239879051 198443 28373  28245
116.145298179 10240077585 198534 28376  28252
116.157295611 10240276658 199073 28407  28282
116.169294667 10240475374 198716 28391  28268
116.181281646 10240673971 198597 28382  28256
116.193294869 10240872547 198576 28383  28257
116.205294214 10241071081 198534 28378  28253
116.217285136 10241269601 198520 28370  28243
116.229295796 10241468164 198563 28378  28256
116.241283518 10241666669 198505 28378  28250
116.253285780 10241865266 198597 28400  28271
116.265302690 10242064248 198982 28386  28254
116.277281808 10242262915 198667 28389  28264
116.289294558 10242461400 198485 28370  28247
116.301281047 10242659871 198471 28378  28248
116.313293973 10242858538 198667 28388  28262
116.325298962 10243057178 198640 28388  28258
116.337282430 10243255697 198519 28389  28257
116.349285667 10243454280 198583 28393  28262
116.361280329 10243652926 198646 28385  28258
116.373282005 10243851642 198716 28379  28247
116.385283807 10244050379 198737 28383  28253
116.397294577 10244248829 198450 28369  28244
116.409293522 10244447293 198464 28375  28248
116.421286338 10248448443 4001150 572904  572614
116.439307130 10248642518 194075 27732  27612
116.451293036 10248841185 198667 28403  28275
116.463297855 10249039677 198492 28382  28258
116.475285667 10249238344 198667 28382  28249
116.487285770 10249437298 198954 28379  28252
116.499284368 10249635748 198450 28352  28223
116.511293921 10249834219 198471 28384  28258
116.523283364 10250032753 198534 28380  28251
116.535294893 10250231315 198562 28367  28238
116.547294292 10250429803 198488 28380  28251
116.559285227 10250628341 198538 28375  28248
116.571295850 10250826903 198562 28375  28247
116.583297986 10251025395 198492 28397  28260
116.595292512 10251224173 198778 28368  28233
116.607296191 10251422911 198738 28384  28255
116.619294180 10251621501 198590 28385  28252
116.631284909 10251819958 198457 28366  28242
116.643293945 10252018387 198429 28359  28232
116.655295248 10252216774 198387 28373  28239
116.667284862 10252415525 198751 28389  28257
116.679287502 10252613968 198443 28376  28248
116.691294085 10252812558 198590 28387  28255
116.703276744 10253011253 198695 28398  28262
116.715283982 10253210193 198940 28373  28248
116.727295422 10253408811 198618 28388  28256
116.739298291 10253607436 198625 28382  28252
116.751305064 10253805907 198471 28377  28247
116.763285923 10254004385 198478 28371  28241
116.775282282 10254202919 198534 28374  28250
116.787294577 10254357970 155051 28380  27878
116.799297287 10254524039 166069 28381  27980
116.811282899 10254694264 170225 28362  28151
116.823294659 10254864609 170345 28361  28156
116.835296794 10255034912 170303 28369  28181
116.847286049 10255205305 170393 28361  28196
116.859281952 10255375483 170178 28363  28170
116.871293284 10255545887 170404 28365  28203
116.883295241 10255716208 170321 28373  28202
116.895285506 10255886547 170339 28377  28193
116.907302339 10256056741 170194 28366  28180
116.919297221 10256227057 170316 28361  28198
116.931284371 10256397348 170291 28361  28184
116.943282803 10256567861 170513 28368  28202
116.955292479 10256738281 170420 28374  28214
116.967294198 10256908596 170315 28366  28187
116.979281416 10257078911 170315 28361  28178
116.991284586 10257249376 170465 28364  28210
117.003297492 10257419781 170405 28381  28205
117.015285281 10257590462 170681 28376  28227
117.027293760 10257760939 170477 28371  28222
117.039280499 10257931332 170393 28369  28199
117.051297828 10258101551 170219 28359  28169
117.063296161 10258272063 170512 28381  28225
117.075290173 10258442384 170321 28360  28180
117.087283608 10258613005 170621 28371  28219
117.099295645 10258783458 170453 28374  28218
117.111282921 10258953749 170291 28375  28201
117.123280783 10259124034 170285 28365  28171
117.135284098 10259294451 170417 28370  28215
117.147295481 10259464790 170339 28376  28197
117.159283220 10259635351 170561 28362  28205
117.171294556 10259805702 170351 28371  28215
117.183282822 10259976089 170387 28369  28199
117.195281577 10260146434 170345 28367  28187
117.207275087 10260316857 170423 28372  28212
117.219282373 10260487136 170279 28365  28189
117.231304825 10260657583 170447 28380  28207
117.243298038 10260827917 170334 28364  28199
117.255294910 10260998231 170314 28375  28194
117.267284739 10261168462 170231 28364  28182
117.279297185 10261338747 170285 28356  28188
117.291293734 10261509116 170369 28383  28201
117.303293870 10261679701 170585 28381  28227
117.315294225 10261850166 170465 28378  28215
117.327298435 10262020529 170363 28370  28199
117.339283397 10262190802 170273 28371  28179
117.351297047 10262361228 170426 28373  28214
117.363284275 10262531543 170315 28376  28204
117.375280727 10262702092 170549 28361  28207
117.387302394 10262872461 170369 28377  28224
117.399297606 10263042764 170303 28371  28191
117.411285662 10263213073 170309 28364  28178
117.423282347 10272390164 9177091 1531770  1529335
117.438552121 10273023574 633410 105655  105380
117.450296182 10273194180 170606 28371  28210
117.462292855 10273364542 170362 28367  28208
117.474285847 10273534975 170433 28374  28208
117.486284177 10273705328 170353 28367  28194
117.498297696 10273875852 170524 28377  28228
117.510297288 10274046129 170277 28363  28191
117.522282980 10274216483 170354 28356  28198
117.534295990 10274387103 170620 28390  28245
117.546301189 10274557513 170410 28372  28205
117.558297175 10274727788 170275 28370  28191
117.570294177 10274898174 170386 28366  28208
117.582294789 10275068493 170319 28375  28187
117.594282525 10275238919 170426 28383  28210
117.606295682 10275409197 170278 28367  28199
117.618289607 10275579426 170229 28369  28179
117.630282139 10275749636 170210 28361  28162
117.642282862 10275919920 170284 28370  28198
117.654283587 10276090131 170211 28361  28185
117.666285367 10276260503 170372 28367  28197
117.678284349 10276430805 170302 28370  28204
117.690293221 10276601094 170289 28373  28191
117.702293177 10276771292 170198 28363  28172
117.714288244 10276941672 170380 28378  28206
117.726284092 10277111937 170265 28369  28182
117.738286168 10277282351 170414 28364  28195
117.750283461 10277452659 170308 28379  28208
117.762285616 10277622852 170193 28360  28181
117.774298879 10277793122 170270 28370  28173
117.786281808 10277963441 170319 28361  28196
117.798281081 10278133625 170184 28352  28179
117.810293099 10278304027 170402 28370  28198
117.822295309 10278474449 170422 28370  28209
117.834295328 10278644648 170199 28373  28189
117.846283423 10278814888 170240 28382  28184
117.858295413 10278985244 170356 28375  28196
117.870293036 10279155509 170265 28373  28194
117.882293674 10279343513 188004 28367  28130
117.894286286 10279542117 198604 28381  28236
117.906298199 10279740672 198555 28369  28236
117.918295108 10279939087 198415 28361  28236
117.930296561 10280137771 198684 28397  28274
117.942281973 10280336372 198601 28385  28260
117.954296636 10280534906 198534 28371  28255
117.966295255 10280733496 198590 28390  28267
117.978282118 10280932072 198576 28363  28246
117.990285670 10281131152 199080 28390  28273
118.002283689 10281329777 198625 28382  28261
118.014295571 10281528391 198614 28369  28254
118.026293684 10281726852 198461 28372  28248
118.038297746 10281925421 198569 28370  28256
118.050283166 10282124081 198660 28383  28264
118.062283951 10282322664 198583 28382  28263
118.074284140 10282521310 198646 28383  28265
118.086282766 10282719850 198540 28368  28249
118.098282069 10282918728 198878 28383  28258
118.110286611 10283117466 198738 28375  28257
118.122281040 10283315992 198526 28378  28266
118.134281760 10283514750 198758 28393  28275
118.146295562 10283713333 198583 28380  28258
118.158285138 10283911859 198526 28365  28252
118.170295461 10284110380 198521 28382  28261
118.182283313 10284309033 198653 28383  28259
118.194302728 10284507469 198436 28361  28244
118.206283205 10284706178 198709 28400  28282
118.218294897 10284905223 199045 28385  28264
118.230298266 10285103848 198625 28378  28262
118.242282548 10285302586 198738 28387  28267
118.254297078 10285501070 198484 28366  28246
118.266285003 10285699709 198639 28369  28261
118.278296613 10285898187 198478 28383  28255
118.290280485 10286096875 198688 28376  28263
118.302281507 10286295388 198513 28374  28258
118.314297750 10286494041 198653 28381  28265
118.326297410 10286693163 199122 28377  28251
118.338283002 10286891718 198555 28374  28253
118.350290610 10287090272 198554 28387  28269
118.362284480 10287288919 198647 28395  28274
118.374295835 10287487474 198555 28378  28258
118.386282858 10287686274 198800 28397  28279
118.398285534 10287884899 198625 28381  28267
118.410297633 10288083390 198491 28374  28249
118.422283779 10294437112 6353722 909724  909359
118.438552110 10294960673 523561 74923  74787
118.450285041 10295159214 198541 28388  28261
118.462281297 10295357730 198516 28374  28248
118.474293803 10295556303 198573 28381  28254
118.486295829 10295754893 198590 28387  28258
118.498283605 10295953728 198835 28374  28244
118.510289533 10296152290 198562 28385  28259
118.522296386 10296350999 198709 28388  28266
118.534299338 10296549519 198520 28378  28254
118.546282715 10296748046 198527 28384  28255
118.558294350 10296946553 198507 28374  28243
118.570298616 10297145149 198596 28396  28268
118.582293572 10297343550 198401 28363  28238
118.594294541 10297541909 198359 28362  28232
118.606295983 10297741031 199122 28379  28262
118.618300876 10297939481 198450 28369  28237
118.630297468 10298137917 198436 28371  28245
118.642295978 10298336248 198331 28366  28239
118.654297767 10298534698 198450 28370  28241
118.666289592 10298733284 198586 28387  28263
118.678298472 10298932003 198719 28390  28263
118.690284590 10299130454 198451 28379  28248
118.702294857 10299328918 198464 28366  28240
118.714294926 10299528032 199114 28389  28261
118.726283045 10299726637 198605 28393  28265
118.738295040 10299925165 198528 28379  28254
118.750293777 10300123817 198652 28376  28255
118.762282722 10300322414 198597 28376  28257
118.774284088 10300520766 198352 28364  28249
118.786297617 10300719461 198695 28388  28273
118.798283877 10300918016 198555 28384  28266
118.810293329 10301116564 198548 28385  28258
118.822281751 10301315133 198569 28376  28252
118.834303014 10301514178 199045 28395  28273
118.846286640 10301712740 198562 28386  28264
118.858293722 10301911358 198618 28388  28265
118.870286052 10302109843 198485 28375  28247
118.882283547 10302308615 198772 28398  28275
118.894294407 10302507107 198492 28372  28256
118.906282249 10302705620 198513 28364  28240
118.918285995 10302904119 198499 28377  28257
118.930281390 10303102569 198450 28372  28243
118.942296733 10303301572 199003 28371  28246
118.954281272 10303500295 198723 28385  28260
118.966295025 10303698724 198429 28369  28241
118.978282397 10303897202 198478 28377  28250
118.990310643 10304095757 198555 28384  28254
119.002285352 10304294327 198570 28390  28262
119.014297915 10304492958 198631 28377  28248
119.026286757 10304691383 198425 28365  28238
119.038286092 10304890047 198664 28391  28265
119.050296742 10305088994 198947 28380  28251
119.062282401 10305287633 198639 28398  28272
119.074301884 10305485971 198338 28384  28239
119.086283376 10305684680 198709 28383  28264
119.098294509 10305883270 198590 28379  28261
119.110282764 10306081874 198604 28380  28258
119.122286207 10306280373 198499 28375  28249
119.134285509 10306479012 198639 28389  28266
119.146301442 10306677602 198590 28393  28266
119.158282604 10306876500 198898 28400  28264
119.170282764 10307075090 198590 28383  28252
119.182294557 10307273771 198681 28388  28255
119.194298065 10307472312 198541 28370  28243
119.206286497 10307670797 198485 28376  28246
119.218284817 10307869282 198485 28375  28249
119.230294759 10308067763 198481 28372  28241
119.242299612 10308210777 143014 28387  27760
119.254281234 10308381164 170387 28388  28115
119.266282154 10308551725 170561 28381  28191
119.278294939 10308722166 170441 28366  28186
119.290293922 10308892307 170141 28380  28177
119.302291351 10309062838 170531 28363  28204
119.314281980 10309233207 170369 28362  28205
119.326296982 10309403636 170429 28383  28201
119.338297192 10309574233 170597 28372  28215
119.350281947 10309744770 170537 28375  28228
119.362285396 10309914761 169991 28368  28156
119.374294732 10310085226 170465 28364  28194
119.386284685 10310255841 170615 28366  28225
119.398293864 10310426252 170411 28375  28203
119.410294196 10310596840 170588 28370  28218
119.422281156 10317129165 6532325 1090240  1088455
119.439311738 10317294056 164891 27472  27302
119.451282035 10317464431 170375 28374  28204
119.463297298 10317635010 170579 28365  28212
119.475288565 10317805475 170465 28371  28207
119.487293677 10317975838 170363 28368  28199
119.499294613 10318146573 170735 28388  28239
119.511283172 10318316768 170195 28375  28190
119.523284418 10318487113 170345 28371  28192
119.535298323 10318657764 170651 28391  28229
119.547297716 10318828283 170519 28367  28220
119.559282618 10318998688 170405 28387  28205
119.571279524 10319169311 170623 28368  28218
119.583296337 10319339558 170247 28368  28192
119.595285075 10319509951 170393 28370  28201
119.607286525 10319680434 170483 28355  28191
119.619297397 10319850911 170477 28375  28221
119.631303877 10320021280 170369 28378  28211
119.643282939 10320191804 170524 28366  28207
119.655281215 10320361862 170058 28375  28182
119.667297410 10320532282 170420 28385  28205
119.679297660 10320702593 170311 28363  28193
119.691285265 10320872866 170273 28362  28180
119.703283855 10321043384 170518 28375  28213
119.715293764 10321213752 170368 28373  28218
119.727295483 10321383909 170157 28364  28169
119.739292526 10321554251 170342 28354  28192
119.751282235 10321724733 170482 28381  28222
119.763295087 10321895148 170415 28372  28199
119.775300973 10322065646 170498 28391  28224
119.787291763 10322235918 170272 28353  28185
119.799283035 10322405912 169994 28368  28154
119.811294297 10322576393 170481 28379  28207
119.823293283 10322746737 170344 28387  28218
119.835282725 10322916966 170229 28371  28185
119.847283935 10323087446 170480 28374  28212
119.859298347 10323257736 170290 28361  28200
119.871297320 10323427646 169910 28361  28145
119.883281832 10323598145 170499 28375  28216
119.895283292 10323768499 170354 28365  28198
119.907280994 10323938777 170278 28377  28191
119.919296863 10324109233 170456 28367  28208
119.931297270 10324279637 170404 28390  28220
119.943297592 10324449686 170049 28373  28151
119.955294817 10324620202 170516 28387  28215
119.967292963 10324790528 170326 28376  28210
119.979285739 10324960727 170199 28370  28184
119.991281148 10325131255 170528 28377  28215
120.003283720 10325301647 170392 28372  28213
120.015283007 10325471702 170055 28375  28160
120.027285533 10325642074 170372 28372  28196
120.039284825 10325812376 170302 28366  28195
120.051297657 10325982671 170295 28378  28196
120.063298263 10326153151 170480 28370  28206
120.075293290 10326323549 170398 28376  28220
120.087281895 10326493640 170091 28362  28168
120.099285210 10326664180 170540 28367  28212
120.111301120 10326834482 170302 28372  28201
120.123282785 10327004765 170283 28370  28194
120.135286162 10327175317 170552 28368  28210
120.147296198 10327345715 170398 28375  28213
120.159280353 10327515715 170000 28362  28166
120.171284999 10327686309 170594 28371  28214
120.183294168 10327856659 170350 28375  28213
120.195299265 10328027134 170475 28397  28225
120.207293950 10328197584 170450 28365  28207
120.219281879 10328367964 170380 28353  28202
120.231281708 10328538127 170163 28375  28171
120.243281100 10328708553 170426 28361  28205
120.255293677 10328878801 170248 28367  28193
120.267301079 10329049054 170253 28359  28180
120.279286992 10329219534 170480 28366  28199
120.291295271 10329389848 170314 28374  28209
120.303293767 10329559916 170068 28372  28158
120.315283492 10329730359 170443 28375  28206
120.327281398 10329900703 170344 28381  28207
120.339297135 10330070938 170235 28363  28188
120.351285673 10330241394 170456 28370  28209
120.363283049 10330411804 170410 28373  28207
120.375285165 10330581895 170091 28376  28170
120.387296915 10330752279 170384 28361  28192
120.399298050 10330922485 170206 28363  28196
120.411293429 10333060807 2138322 356207  355375
120.434578598 10333062126 1319 89  12
120.454561945 10333063313 1187 58  2
120.470548099 10333064500 1187 57  1
120.474101775 10333067793 3293 211  65
