0.010125641 94143282 94143282 8934  92
0.031746533 183847755 89704473 348  17
0.047689862 196166681 12318926 38064  21724
0.059399304 196562881 396200 56723  46071
0.071401696 197551418 988537 41543  32203
0.083398283 198777304 1225886 56677  43818
0.095407811 199943092 1165788 56686  45852
0.107407449 201213747 1270655 56677  45368
0.119397127 202439199 1225452 56680  46722
0.131397098 203715153 1275954 56681  46106
0.143408136 204989529 1274376 56673  46123
0.155395283 206266508 1276979 56676  46285
0.167404498 207479585 1213077 56666  46273
0.179390489 208748369 1268784 56672  45751
0.191417677 210026530 1278161 56674  46256
0.203394795 211243945 1217415 56685  46584
0.215396329 212517030 1273085 56685  46158
0.227406714 213787265 1270235 56678  46076
0.239396752 215006693 1219428 56687  46687
0.251405136 216274814 1268121 56680  45803
0.263392313 217546968 1272154 56683  45946
0.275405745 218829807 1282839 56687  46743
0.287405902 220046196 1216389 56679  46581
0.299395540 221316965 1270769 56686  46131
0.311392371 222590135 1273170 56668  46221
0.323407433 223809040 1218905 56674  46799
0.335394754 225078961 1269921 56676  46133
0.347412855 226350625 1271664 56667  46323
0.359396339 227625444 1274819 56674  46486
0.371411441 228843363 1217919 56686  46865
0.383406402 230110808 1267445 56672  46063
0.395392059 231379277 1268469 56680  46085
0.407406151 232658738 1279461 56676  46602
0.419392656 233872221 1213483 56669  46610
0.431404206 235141812 1269591 56680  46256
0.443394288 236411901 1270089 56678  46301
0.455391712 237662137 1250236 56684  46730
0.467393176 238898339 1236202 56698  46486
0.479407001 240164746 1266407 56683  46174
0.491395085 241434952 1270206 56682  46491
0.503412977 242660317 1225365 56675  46910
0.515392678 243917089 1256772 56691  46298
0.527403362 245183858 1266769 56680  46202
0.539392326 246464291 1280433 56699  46455
0.551395005 247696252 1231961 56679  46952
0.563404699 248981446 1285194 56673  46335
0.575392060 250263427 1281981 56679  46295
0.587404018 251547979 1284552 56676  46415
0.599391463 252786131 1238152 56672  46930
0.611408450 254057586 1271455 56672  46164
0.623403682 255338176 1280590 56687  46353
0.635406386 256622148 1283972 56684  46571
0.647390854 257883990 1261842 56684  46873
0.659418522 259129887 1245897 56693  46656
0.671395439 260407366 1277479 56669  46295
0.683403037 261686557 1279191 56682  46407
0.695395989 262974573 1288016 56699  46759
0.707402943 264196455 1221882 56679  46832
0.719405421 265472314 1275859 56670  45696
0.731392108 266747923 1275609 56685  44268
0.743408116 268029723 1281800 56684  44746
0.755391191 269251488 1221765 56684  43983
0.767401542 270526607 1275119 56677  43716
0.779390946 271799862 1273255 56674  43576
0.791390757 273078731 1278869 56690  43562
0.803391519 274310312 1231581 56676  43927
0.815406407 275574657 1264345 56686  43506
0.827399744 276849034 1274377 56677  42794
0.839391322 278124140 1275106 56696  43319
0.851389743 279407534 1283394 56684  43545
0.863403641 280626132 1218598 56677  43554
0.875391589 281897442 1271310 56680  43183
0.887406211 283171856 1274414 56678  42997
0.899406278 284446305 1274449 56676  43389
0.911393895 285726557 1280252 56688  43782
0.923392054 286942200 1215643 56675  43235
0.935392204 288211089 1268889 56685  43169
0.947406723 289481916 1270827 56686  42852
0.959402720 290756373 1274457 56685  43370
0.971406648 291974570 1218197 56679  43890
0.983399206 293247165 1272595 56683  43078
0.995407497 294516717 1269552 56688  43229
1.007405455 295785024 1268307 56692  43094
1.019402943 297057945 1272921 56662  43181
1.031390844 298275083 1217138 56673  43830
1.043403248 299544006 1268923 56678  42855
1.055390263 300810182 1266176 56693  42947
1.067395167 302076467 1266285 56680  42938
1.079406545 303347283 1270816 56682  43466
1.091390182 304560663 1213380 56684  43828
1.103402847 305828262 1267599 56679  43049
1.115390655 307098436 1270174 56684  42951
1.127394012 308369961 1271525 56663  43307
1.139402907 309646623 1276662 56692  43152
1.151407432 310922733 1276110 56683  43259
1.163392593 312139076 1216343 56678  43444
1.175393411 313412267 1273191 56693  43123
1.187389365 314681604 1269337 56679  43021
1.199407466 315951961 1270357 56674  42872
1.211394494 317223047 1271086 56682  43115
1.223407992 318449703 1226656 56678  43622
1.235406370 319709220 1259517 56672  42982
1.247395101 320977551 1268331 56670  43034
1.259393949 322244778 1267227 56688  43120
1.271390756 323512437 1267659 56682  43128
1.283401938 324783949 1271512 56690  43577
1.295411686 326001787 1217838 56670  43561
1.307404990 327264297 1262510 56681  43277
1.319405707 328530217 1265920 56663  43369
1.331405576 329797028 1266811 56677  42974
1.343403023 331059124 1262096 56691  43050
1.355403211 332327477 1268353 56692  43658
1.367390939 333548996 1221519 56682  43467
1.379406453 334803264 1254268 56681  43575
1.391394264 336069069 1265805 56689  43256
1.403406616 337331692 1262623 56679  43095
1.415407260 338594255 1262563 56673  43212
1.427402531 339862749 1268494 56681  43144
1.439402712 341130496 1267747 56684  43532
1.451392143 342341018 1210522 56688  43763
1.463415755 343605071 1264053 56676  43168
1.475392462 344865568 1260497 56690  43260
1.487392080 346128554 1262986 56683  43262
1.499393291 347387469 1258915 56682  43177
1.511391563 348651905 1264436 56682  43575
1.523390823 349918128 1266223 56668  43500
1.535404954 351125100 1206972 56670  43920
1.547402956 352384373 1259273 56680  43163
1.559403040 353642091 1257718 56679  42993
1.571393148 354901314 1259223 56678  43578
1.583393896 356163308 1261994 56686  43360
1.595392264 357424332 1261024 56671  43587
1.607390954 358686727 1262395 56675  43618
1.619411253 359890244 1203517 56674  43788
1.631392997 361145251 1255007 56675  43257
1.643403912 362402680 1257429 56673  43261
1.655406982 363657870 1255190 56675  43366
1.667403494 364915109 1257239 56685  43588
1.679393255 366176473 1261364 56677  43332
1.691403433 367447132 1270659 56667  43572
1.703394384 368693428 1246296 56679  43821
1.715392311 369938647 1245219 56687  43482
1.727392549 371210850 1272203 56673  43641
1.739406378 372484380 1273530 56694  43496
1.751404788 373753422 1269042 56685  43330
1.763415499 375019908 1266486 56669  43346
1.775410704 376290384 1270476 56690  43298
1.787395821 377560143 1269759 56677  43692
1.799405323 378832662 1272519 56681  43924
1.811394634 380103261 1270599 56671  43440
1.823393698 381316152 1212891 56678  44008
1.835393883 382582772 1266620 56668  43310
1.847392638 383848739 1265967 56690  43263
1.859403512 385115553 1266814 56674  43543
1.871404346 386383831 1268278 56681  43715
1.883403217 387649308 1265477 56701  43644
1.895403015 388915545 1266237 56675  43549
1.907395376 390179719 1264174 56681  43574
1.919392440 391446425 1266706 56682  43906
1.931415262 392714480 1268055 56684  43674
1.943391576 393925313 1210833 56689  43942
1.955390787 395187284 1261971 56683  43953
1.967391375 396449729 1262445 56682  43696
1.979403930 397712826 1263097 56675  43737
1.991404864 398977983 1265157 56672  43791
2.003406412 400242561 1264578 56673  43863
2.015392090 401505210 1262649 56679  43680
2.027390664 402769611 1264401 56693  43616
2.039395855 404031620 1262009 56685  43663
2.051390969 405295734 1264114 56678  43835
2.063395368 406559123 1263389 56688  43544
2.075394088 407823241 1264118 56676  43931
2.087407500 409035353 1212112 56674  44040
2.099404084 410289259 1253906 56675  43515
2.111403489 411548398 1259139 56688  43617
2.123389610 412809352 1260954 56686  43716
2.135407905 414068884 1259532 56683  43668
2.147392169 415329658 1260774 56691  43631
2.159394490 416587060 1257402 56679  43578
2.171392748 417843459 1256399 56674  43705
2.183404412 419103131 1259672 56674  43561
2.195402390 420357698 1254567 56680  43413
2.207407211 421617699 1260001 56691  44070
2.219406569 422876631 1258932 56686  43664
2.231404293 424134751 1258120 56668  43806
2.243390898 425392942 1258191 56678  43749
2.255415582 426655749 1262807 56672  43695
2.267405499 427866349 1210600 56684  44057
2.279390324 429127351 1261002 56686  43785
2.291392588 430388716 1261365 56684  43874
2.303393660 431650358 1261642 56678  43695
2.315407911 432908469 1258111 56678  43501
2.327401392 434170567 1262098 56677  43996
2.339395186 435432190 1261623 56684  43518
2.351390697 436690105 1257915 56678  43600
2.363391025 437948602 1258497 56685  43699
2.375402903 439206635 1258033 56691  43668
2.387392794 440465695 1259060 56693  43693
2.399391672 441725075 1259380 56679  43579
2.411415460 442981156 1256081 56677  43776
2.423406611 444238061 1256905 56676  43694
2.435391021 445494687 1256626 56681  43583
2.447404170 446750255 1255568 56692  43788
2.459406245 448005293 1255038 56685  43778
2.471406862 449260723 1255430 56704  43625
2.483394396 450516189 1255466 56667  44074
2.495390811 451772690 1256501 56677  43833
2.507403212 453025311 1252621 56684  43727
2.519404367 454279668 1254357 56675  43832
2.531402987 455535898 1256230 56680  43904
2.543393096 456793384 1257486 56677  43878
2.555406716 458049896 1256512 56682  43682
2.567399164 459303870 1253974 56689  43896
2.579391922 460557232 1253362 56682  43915
2.591407033 461812771 1255539 56689  43864
2.603407064 463066380 1253609 56676  43971
2.615390032 464320935 1254555 56671  44189
2.627391520 465572897 1251962 56681  43723
2.639405447 466824877 1251980 56681  44044
2.651392188 468078060 1253183 56686  43945
2.663391630 469330437 1252377 56683  43795
2.675394704 470583870 1253433 56680  43999
2.687402535 471836355 1252485 56685  44039
2.699390639 473086206 1249851 56683  43914
2.711390978 474336724 1250518 56695  43740
2.723393775 475584774 1248050 56673  43799
2.735403943 476834260 1249486 56700  44057
2.747405681 478084664 1250404 56682  43924
2.759405532 479330852 1246188 56670  44077
2.771404533 480575854 1245002 56682  44142
2.783402075 481818570 1242716 56694  43802
2.795391242 483067448 1248878 56669  44318
2.807401786 484328948 1261500 56678  44013
2.819404154 485621591 1292643 56679  43950
2.831393635 486914881 1293290 56689  44070
2.843404763 488211759 1296878 56693  43980
2.855402807 489507800 1296041 56685  44061
2.867402976 490804741 1296941 56685  43885
2.879391120 492099706 1294965 56676  44338
2.891399137 493395233 1295527 56670  44540
2.903395449 494692005 1296772 56675  44392
2.915402280 495983874 1291869 56674  44643
2.927408758 497277534 1293660 56696  44558
2.939394712 498570841 1293307 56672  44488
2.951390717 499866730 1295889 56687  44792
2.963402917 501163418 1296688 56678  44457
2.975394815 502453729 1290311 56695  44251
2.987391023 503743066 1289337 56676  44208
2.999403238 505034382 1291316 56669  44228
3.011404105 506327412 1293030 56693  44502
3.023391339 507620515 1293103 56680  44320
3.035403491 508909463 1288948 56671  44453
3.047412439 510197622 1288159 56675  44433
3.059403817 511487321 1289699 56678  44321
3.071395277 512780091 1292770 56697  44380
3.083394876 514121973 1341882 56678  44189
3.095395756 515411131 1289158 56686  44412
3.107403624 516699709 1288578 56682  44494
3.119401552 517990100 1290391 56679  44066
3.131393433 519275978 1285878 56677  44026
3.143394234 520566018 1290040 56682  44551
3.155402655 521856873 1290855 56683  44234
3.167393786 523145360 1288487 56692  44454
3.179394807 524433748 1288388 56689  44251
3.191406525 525717837 1284089 56679  44049
3.203410606 527003920 1286083 56702  44185
3.215392024 528292299 1288379 56680  44429
3.227392132 529579017 1286718 56685  44290
3.239403406 530882259 1303242 56676  44043
3.251402087 532205153 1322894 56680  44029
3.263405558 533488021 1282868 56685  44364
3.275390486 534770610 1282589 56673  44012
3.287390207 536051625 1281015 56679  44280
3.299402441 537335534 1283909 56685  44499
3.311394269 538618304 1282770 56680  44247
3.323403054 539900538 1282234 56683  44676
3.335404379 541184940 1284402 56681  44459
3.347407156 542463580 1278640 56680  44219
3.359394307 543747047 1283467 56677  44572
3.371398722 545030406 1283359 56668  44252
3.383404306 546320319 1289913 56678  44411
3.395390550 547659121 1338802 56668  44068
3.407407745 548942761 1283640 56675  44486
3.419390092 550226637 1283876 56681  44256
3.431395104 551512254 1285617 56669  44486
3.443391774 552796399 1284145 56685  44546
3.455403709 554080427 1284028 56675  44387
3.467403970 555361392 1280965 56675  44295
3.479406942 556645290 1283898 56687  44661
3.491391876 557929962 1284672 56682  44534
3.503403531 559212128 1282166 56681  44389
3.515392495 560549745 1337617 56670  44209
3.527404382 561827655 1277910 56687  44163
3.539403444 563106241 1278586 56679  44368
3.551392881 564388749 1282508 56673  44479
3.563404193 565668797 1280048 56680  44358
3.575390557 566949397 1280600 56682  44694
3.587403724 568228371 1278974 56673  44493
3.599405672 569506997 1278626 56660  44733
3.611404940 570786907 1279910 56683  44678
3.623390224 572118874 1331967 56677  44280
3.635395532 573393117 1274243 56684  44345
3.647390840 574667496 1274379 56669  44294
3.659407314 575945940 1278444 56676  44601
3.671392312 577226115 1280175 56682  44513
3.683419720 578504724 1278609 56679  44755
3.695394321 579784188 1279464 56683  44809
3.707390412 581063084 1278896 56677  44688
3.719404036 582392006 1328922 56682  44181
3.731391684 583665532 1273526 56681  44686
3.743405449 584937002 1271470 56675  44137
3.755390759 586213882 1276880 56671  44939
3.767395618 587492067 1278185 56681  44814
3.779390882 588765278 1273211 56663  44539
3.791391250 590038910 1273632 56663  44719
3.803404497 591325116 1286206 56680  44646
3.815408746 592642020 1316904 56668  44569
3.827392240 593914167 1272147 56680  44606
3.839391857 595186837 1272670 56664  44798
3.851412662 596458493 1271656 56691  44631
3.863391336 597733118 1274625 56675  45019
3.875402934 599006216 1273098 56701  44903
3.887394172 600334742 1328526 56665  44559
3.899392036 601601772 1267030 56678  44848
3.911397871 602873201 1271429 56674  44813
3.923405128 604145607 1272406 56670  44724
3.935392740 605431309 1285702 56681  44905
3.947404067 606719504 1288195 56687  44974
3.959390028 608009566 1290062 56675  44778
3.971405853 609345837 1336271 56684  44821
3.983394401 610628702 1282865 56685  44497
3.995404788 611909459 1280757 56673  44677
4.007405216 613193789 1284330 56677  45189
4.019392257 614478810 1285021 56684  44885
4.031390601 615761721 1282911 56682  45070
4.043392136 617098766 1337045 56680  44556
4.055391874 618376361 1277595 56693  44393
4.067391801 619658077 1281716 56676  44907
4.079406343 620942652 1284575 56682  45053
4.091392270 622225290 1282638 56672  45187
4.103406758 623561922 1336632 56685  44582
4.115406926 624836840 1274918 56678  44910
4.127403294 626112838 1275998 56692  44563
4.139394051 627393077 1280239 56685  45140
4.151406282 628672906 1279829 56682  45049
4.163401567 629953636 1280730 56681  45024
4.175403334 631282933 1329297 56675  44773
4.187403696 632554215 1271282 56666  44623
4.199392207 633832785 1278570 56683  44965
4.211402684 635110952 1278167 56684  45115
4.223406749 636394333 1283381 56693  45297
4.235404363 637726707 1332374 56678  44758
4.247392261 639000485 1273778 56690  45021
4.259404035 640279735 1279250 56671  45020
4.271391523 641555673 1275938 56672  45173
4.283392611 642832055 1276382 56676  45320
4.295390902 644160974 1328919 56675  44670
4.307403983 645431213 1270239 56683  45034
4.319401784 646706222 1275009 56689  45291
4.331393165 647979367 1273145 56686  45483
4.343390706 649255601 1276234 56675  45853
4.355395357 650584187 1328586 56680  45289
4.367402672 651852869 1268682 56676  45311
4.379408206 653128032 1275163 56675  45524
4.391394641 654400591 1272559 56674  45320
4.403403402 655673991 1273400 56679  45259
4.415402316 656999683 1325692 56674  45005
4.427391664 658270384 1270701 56685  45147
4.439395115 659543848 1273464 56689  45305
4.451405920 660813150 1269302 56671  45297
4.463402830 662136424 1323274 56676  44798
4.475391028 663406969 1270545 56684  45039
4.487402813 664684671 1277702 56678  45482
4.499405071 665962600 1277929 56669  45252
4.511402055 667275383 1312783 56680  45130
4.523403362 668562075 1286692 56679  45015
4.535407007 669838482 1276407 56672  45228
4.547392664 671114591 1276109 56674  45492
4.559391165 672402812 1288221 56695  45430
4.571393680 673713436 1310624 56683  44882
4.583392591 674983038 1269602 56674  45294
4.595393602 676257926 1274888 56686  45406
4.607404110 677530666 1272740 56682  45456
4.619405565 678856908 1326242 56675  45278
4.631390796 680126675 1269767 56669  45048
4.643400310 681397491 1270816 56685  45656
4.655403480 682671101 1273610 56690  45457
4.667391039 683990716 1319615 56673  44875
4.679403633 685259530 1268814 56681  45542
4.691394651 686530858 1271328 56683  45401
4.703391568 687799522 1268664 56692  45753
4.715402310 689118383 1318861 56684  44987
4.727406624 690381925 1263542 56685  45211
4.739403822 691651363 1269438 56686  45750
4.751391546 692935647 1284284 56684  45452
4.763401984 694241106 1305459 56677  45173
4.775390985 695511626 1270520 56679  45557
4.787392456 696779039 1267413 56682  45469
4.799400863 698102107 1323068 56673  45425
4.811406445 699367431 1265324 56691  45762
4.823394966 700637423 1269992 56678  46104
4.835394594 701907167 1269744 56668  45819
4.847392875 703222272 1315105 56674  45449
4.859405299 704486066 1263794 56692  45371
4.871394540 705756593 1270527 56670  46069
4.883391424 707076684 1320091 56676  45431
4.895403919 708340342 1263658 56684  45463
4.907390983 709605192 1264850 56690  45960
4.919392177 710869207 1264015 56677  45704
4.931390642 712184166 1314959 56691  45371
4.943401613 713448413 1264247 56678  45992
4.955412441 714715186 1266773 56679  46060
4.967403905 716028980 1313794 56682  45574
4.979393563 717286596 1257616 56694  45673
4.991407138 718551091 1264495 56693  45826
5.003391852 719818246 1267155 56678  45907
5.015395083 721129556 1311310 56666  45411
5.027406661 722415805 1286249 56688  45892
5.039392516 723705881 1290076 56694  45935
5.051390706 725056377 1350496 56693  45171
5.063394734 726350484 1294107 56681  45793
5.075406089 727646849 1296365 56688  46022
5.087403613 728994655 1347806 56689  45382
5.099391568 730285799 1291144 56690  45854
5.111404942 731582794 1296995 56678  45986
5.123402866 732928168 1345374 56687  45548
5.135392627 734218497 1290329 56677  45967
5.147406558 735510278 1291781 56679  45966
5.159402906 736858575 1348297 56678  45987
5.171390890 738148580 1290005 56680  45696
5.183393098 739437779 1289199 56682  46016
5.195403303 740785298 1347519 56662  45902
5.207404393 742072068 1286770 56693  45690
5.219402955 743363279 1291211 56677  46345
5.231394532 744709267 1345988 56684  45624
5.243403033 745990965 1281698 56665  45548
5.255390471 747280275 1289310 56700  46335
5.267393652 748623836 1343561 56684  45632
5.279415043 749909751 1285915 56667  46177
5.291403614 751200006 1290255 56680  46103
5.303384748 752540505 1340499 56679  45466
5.315392116 753828349 1287844 56683  46201
5.327406344 755118603 1290254 56682  46016
5.339403568 756458774 1340171 56684  45780
5.351390653 757748827 1290053 56682  46051
5.363392710 759034170 1285343 56683  45893
5.375403409 760369717 1335547 56679  45545
5.387390719 761656981 1287264 56677  45920
5.399390957 762974455 1317474 56667  46200
5.411404075 764282278 1307823 56677  45957
5.423403319 765568455 1286177 56682  46198
5.435415701 766905882 1337427 56683  45817
5.447394405 768188733 1282851 56668  45958
5.459394169 769475671 1286938 56685  46524
5.471389664 770812559 1336888 56675  45623
5.483406718 772096499 1283940 56679  46138
5.495394362 773435405 1338906 56678  45989
5.507393847 774712038 1276633 56686  45720
5.519403194 775994774 1282736 56677  46427
5.531404055 777331229 1336455 56688  46084
5.543392806 778610323 1279094 56680  46160
5.555401788 779893468 1283145 56693  46594
5.567406562 781226460 1332992 56684  45802
5.579391776 782512445 1285985 56687  46433
5.591402784 783856707 1344262 56669  46181
5.603390895 785140179 1283472 56670  46258
5.615402567 786427029 1286850 56689  46592
5.627403471 787761011 1333982 56678  45704
5.639402661 789045087 1284076 56679  46442
5.651394972 790386249 1341162 56695  46145
5.663402810 791665772 1279523 56663  46151
5.675404695 792952217 1286445 56686  46669
5.687390399 794285273 1333056 56675  45735
5.699407610 795568363 1283090 56678  46515
5.711390994 796906461 1338098 56685  46074
5.723391116 798182928 1276467 56672  46121
5.735403984 799467671 1284743 56675  46909
5.747393541 800801134 1333463 56676  46084
5.759399182 802083583 1282449 56683  46886
5.771404410 803417196 1333613 56678  46156
5.783406668 804695247 1278051 56667  46418
5.795403836 806029547 1334300 56676  46408
5.807390403 807306544 1276997 56681  46450
5.819406291 808585583 1279039 56686  46761
5.831390575 809913632 1328049 56671  46017
5.843394170 811195845 1282213 56688  46619
5.855391090 812529313 1333468 56679  46448
5.867406169 813810220 1280907 56682  46373
5.879407716 815142191 1331971 56680  46354
5.891402083 816419512 1277321 56678  46421
5.903393001 817696468 1276956 56676  46471
5.915399353 819023965 1327497 56679  46247
5.927408747 820304290 1280325 56681  46691
5.939394135 821629878 1325588 56671  46343
5.951391859 822909624 1279746 56685  46712
5.963392226 824235482 1325858 56668  46133
5.975402472 825510800 1275318 56683  46696
5.987390266 826842206 1331406 56677  46231
5.999395353 828115348 1273142 56678  46867
6.011391801 829400237 1284889 56682  46605
6.023406066 830714195 1313958 56667  46164
6.035407263 831991002 1276807 56695  47020
6.047406115 833314624 1323622 56669  46020
6.059389649 834591887 1277263 56677  47212
6.071403386 835916841 1324954 56685  46105
6.083391823 837187442 1270601 56681  46718
6.095403375 838515191 1327749 56688  46546
6.107395369 839798596 1283405 56665  46547
6.119406614 841141833 1343237 56681  46727
6.131395271 842432757 1290924 56669  46722
6.143389189 843773220 1340463 56677  46472
6.155393290 845056832 1283612 56677  46635
6.167404724 846399436 1342604 56673  46428
6.179405156 847684264 1284828 56676  47020
6.191390200 849028420 1344156 56680  46390
6.203392971 850308838 1280418 56680  46761
6.215393232 851624352 1315514 56674  46521
6.227410533 852924995 1300643 56673  46358
6.239391554 854212548 1287553 56683  47181
6.251404462 855548639 1336091 56684  46192
6.263407547 856833175 1284536 56670  47172
6.275405908 858167054 1333879 56682  46237
6.287393518 859449906 1282852 56684  46962
6.299393532 860780727 1330821 56685  46357
6.311401037 862068466 1287739 56673  47115
6.323403388 863400491 1332025 56677  46720
6.335393835 864684499 1284008 56674  46952
6.347394684 866013931 1329432 56674  46606
6.359403321 867296276 1282345 56686  47136
6.371405633 868627769 1331493 56674  46493
6.383393423 869916217 1288448 56678  47106
6.395397981 871244063 1327846 56668  46478
6.407406689 872526095 1282032 56682  46973
6.419390403 873854454 1328359 56674  46391
6.431391594 875146084 1291630 56683  47218
6.443390035 876469869 1323785 56673  46740
6.455403923 877806188 1336319 56692  46796
6.467394000 879083054 1276866 56675  46962
6.479389512 880414169 1331115 56673  46590
6.491392096 881691858 1277689 56669  47015
6.503406107 883024155 1332297 56674  46838
6.515404435 884303025 1278870 56675  47139
6.527394512 885631918 1328893 56676  46603
6.539405844 886909247 1277329 56672  47214
6.551412551 888236835 1327588 56678  46628
6.563402629 889515987 1279152 56694  47400
6.575404070 890842791 1326804 56660  46647
6.587405368 892119365 1276574 56686  47182
6.599405932 893440618 1321253 56674  46789
6.611395316 894716582 1275964 56675  47059
6.623405894 896039261 1322679 56680  46914
6.635407232 897331237 1291976 56684  47288
6.647389989 898644145 1312908 56661  46914
6.659391441 899978494 1334349 56677  47116
6.671392488 901255441 1276947 56681  46989
6.683393669 902588438 1332997 56669  47203
6.695403811 903870203 1281765 56684  47389
6.707412765 905200333 1330130 56672  47064
6.719394903 906480515 1280182 56676  47562
6.731389977 907806788 1326273 56681  46765
6.743395604 909085637 1278849 56692  47612
6.755394639 910414377 1328740 56684  46822
6.767404663 911746556 1332179 56691  47329
6.779394154 913022129 1275573 56682  47271
6.791403112 914349834 1327705 56687  47087
6.803391893 915624817 1274983 56682  47386
6.815389944 916950390 1325573 56684  46893
6.827406642 918228063 1277673 56684  47611
6.839404069 919552644 1324581 56677  46901
6.851406377 920879746 1327102 56672  47079
6.863399422 922148336 1268590 56678  47182
6.875407200 923471866 1323530 56685  47144
6.887406267 924745615 1273749 56668  47655
6.899402231 926068682 1323067 56677  47173
6.911403202 927343644 1274962 56690  47499
6.923403264 928665239 1321595 56678  47116
6.935392901 929994152 1328913 56687  47128
6.947391966 931963884 1969732 56676  39152
6.959391517 935834133 3870249 56685  15464
6.971393341 939200870 3366737 56682  15771
6.983401942 943018809 3817939 56669  16719
6.995406350 946480168 3461359 56677  16421
7.007393054 950144547 3664379 56667  16756
7.019392202 953745217 3600670 56681  16876
7.031413377 957559194 3813977 56676  17144
7.043394744 961008377 3449183 56679  16363
7.055402902 964687876 3679499 56670  16657
7.067402179 968265654 3577778 56663  15962
7.079392676 972102641 3836987 56668  16928
7.091394781 975543512 3440871 56688  16392
7.103403316 979323018 3779506 56671  16913
7.115403267 982810485 3487467 56667  16435
7.127406148 986641533 3831048 56673  16865
7.139393535 990082086 3440553 56667  16584
7.151389320 993848944 3766858 56666  16465
7.163393251 997356850 3507906 56670  16471
7.175405548 1001201521 3844671 56674  16249
7.187414950 1004616017 3414496 56684  16394
7.199403221 1008442034 3826017 56685  16618
7.211394385 1011882171 3440137 56678  16255
7.223392673 1015689498 3807327 56673  16796
7.235390757 1019140565 3451067 56668  16029
7.247407282 1022826704 3686139 56669  16855
7.259394442 1026413137 3586433 56678  16024
7.271392060 1030059334 3646197 56675  16586
7.283402174 1033675846 3616512 56675  16219
7.295406669 1037485392 3809546 56670  16516
7.307403647 1040945432 3460040 56683  16444
7.319401698 1044716953 3771521 56673  16714
7.331405998 1048206685 3489732 56673  16063
7.343411630 1052036322 3829637 56671  16485
7.355396741 1055474308 3437986 56680  16108
7.367394535 1059248354 3774046 56667  16547
7.379407572 1062739569 3491215 56666  16397
7.391393514 1066594627 3855058 56673  16493
7.403403308 1070013672 3419045 56665  16881
7.415390299 1073904457 3890785 56671  15958
7.427405437 1077276725 3372268 56674  16618
7.439404064 1081289873 4013148 56679  16018
7.451394145 1084566437 3276564 56684  17459
7.463394850 1088562605 3996168 56674  15375
7.475404504 1091847376 3284771 56662  18079
7.487390265 1095841471 3994095 56672  14647
7.499391273 1099111517 3270046 56680  18552
7.511407878 1103100835 3989318 56668  14108
7.523405295 1106471872 3371037 56676  18374
7.535407876 1110380727 3908855 56669  14011
7.547392606 1113738068 3357341 56678  18707
7.559390945 1117648349 3910281 56669  14158
7.571390379 1121110435 3462086 56680  18617
7.583402677 1124913133 3802698 56680  14459
7.595394971 1128368210 3455077 56674  18338
7.607395952 1132071612 3703402 56683  16051
7.619395863 1135936716 3865104 56687  16526
7.631402607 1139288076 3351360 56673  18739
7.643395138 1143005241 3717165 56678  15572
7.655401866 1146897736 3892495 56678  17365
7.667412451 1150156135 3258399 56679  18868
7.679403325 1154026866 3870731 56680  15155
7.691390653 1157620209 3593343 56680  17443
7.703402897 1161409995 3789786 56672  14184
7.715406738 1164815488 3405493 56668  18492
7.727394506 1168761806 3946318 56673  14339
7.739390296 1172085184 3323378 56684  18361
7.751403931 1176154177 4068993 56677  14547
7.763403029 1179472887 3318710 56670  18265
7.775390959 1183529818 4056931 56683  14564
7.787390218 1186869938 3340120 56679  18215
7.799402982 1190919463 4049525 56673  14325
7.811402659 1194236656 3317193 56678  17907
7.823398491 1198308913 4072257 56670  15120
7.835394515 1201650823 3341910 56678  18389
7.847405915 1205704227 4053404 56683  14635
7.859403007 1209013843 3309616 56670  17345
7.871392138 1213064788 4050945 56679  15077
7.883392902 1216401570 3336782 56673  17569
7.895406470 1220322900 3921330 56669  15501
7.907390867 1223750997 3428097 56682  16224
7.919404976 1227478544 3727547 56683  16749
7.931393290 1231136416 3657872 56669  16064
7.943404134 1234791163 3654747 56673  17067
7.955393005 1238504380 3713217 56674  14702
7.967392083 1242148102 3643722 56673  17872
7.979414691 1245884236 3736134 56679  14247
7.991403085 1249319104 3434868 56679  18518
8.003392839 1253231876 3912772 56676  14304
8.015391926 1256613370 3381494 56673  18627
8.027405828 1260604801 3991431 56681  14399
8.039405429 1263913885 3309084 56673  17393
8.051395870 1267969335 4055450 56679  15082
8.063391658 1271294008 3324673 56680  17376
8.075401888 1275225673 3931665 56669  15503
8.087405693 1278642256 3416583 56679  16212
8.099406244 1282355098 3712842 56680  16509
8.111403208 1286041128 3686030 56675  16541
8.123405806 1289759384 3718256 56675  16448
8.135403237 1293408083 3648699 56669  15732
8.147393968 1297076811 3668728 56680  16910
8.159390632 1300773358 3696547 56683  14868
8.171405547 1304400736 3627378 56675  17841
8.183402968 1308156419 3755683 56688  14438
8.195395789 1311704778 3548359 56670  18225
8.207402823 1315530491 3825713 56673  14325
8.219407727 1318879928 3349437 56666  18379
8.231402319 1322879167 3999239 56674  14018
8.243389363 1326200449 3321282 56684  18358
8.255402817 1330255845 4055396 56678  14365
8.267402588 1333585261 3329416 56672  18504
8.279394592 1337645125 4059864 56681  14063
8.291392520 1340998468 3353343 56666  18924
8.303414998 1345025148 4026680 56672  14153
8.315403322 1348351187 3326039 56681  18168
8.327389623 1352408960 4057773 56680  14254
8.339395488 1355727652 3318692 56667  18143
8.351402782 1359777168 4049516 56676  14518
8.363405529 1363116097 3338929 56681  18128
8.375390433 1367187481 4071384 56673  14590
8.387395831 1370555589 3368108 56670  18711
8.399402422 1374561080 4005491 56674  13987
8.411402507 1377893424 3332344 56672  18474
8.423393064 1381940176 4046752 56678  13908
8.435408123 1385247997 3307821 56666  17998
8.447407500 1389316599 4068602 56661  14747
8.459414717 1392645025 3328426 56673  18250
8.471392065 1396710385 4065360 56669  14534
8.483406206 1400026695 3316310 56673  18072
8.495391467 1404086574 4059879 56677  14561
8.507402751 1407417630 3331056 56663  18205
8.519403976 1411465099 4047469 56674  14272
8.531394633 1414785109 3320010 56681  18367
8.543403271 1418840364 4055255 56673  14154
8.555404496 1422181635 3341271 56667  18545
8.567390743 1426239145 4057510 56670  14433
8.579389644 1429566461 3327316 56673  18332
8.591407519 1433624077 4057616 56678  13959
8.603402346 1437014736 3390659 56680  18449
8.615402540 1440999471 3984735 56686  14056
8.627395195 1444375164 3375693 56679  18495
8.639404796 1448383934 4008770 56683  14211
8.651408133 1451827440 3443506 56677  18779
8.663401398 1455765637 3938197 56676  13964
8.675395959 1459092113 3326476 56685  18503
8.687405460 1463144603 4052490 56671  14058
8.699403928 1466473208 3328605 56668  18481
8.711392002 1470527728 4054520 56677  14247
8.723395713 1473871759 3344031 56680  18384
8.735407924 1477915108 4043349 56683  14356
8.747389515 1481247744 3332636 56669  18528
8.759390832 1485280028 4032284 56685  14040
8.771414364 1488614303 3334275 56680  18307
8.783407701 1492660411 4046108 56673  14065
8.795406996 1495977293 3316882 56669  18410
8.807395580 1500032164 4054871 56683  14316
8.819407295 1503367696 3335532 56673  18479
8.831403232 1507422140 4054444 56679  14382
8.843406706 1510736752 3314612 56681  18051
8.855394040 1514797381 4060629 56681  14368
8.867392621 1518125023 3327642 56674  18437
8.879406563 1522169323 4044300 56686  14199
8.891406953 1525500490 3331167 56676  18561
8.903391571 1529559559 4059069 56680  13899
8.915389822 1532957977 3398418 56677  18854
8.927404281 1536938552 3980575 56673  14141
8.939403138 1540296233 3357681 56666  18563
8.951392222 1544319199 4022966 56665  13949
8.963393563 1547769092 3449893 56669  18592
8.975408401 1551725644 3956552 56672  14121
8.987403395 1555237510 3511866 56677  18540
8.999402729 1559113556 3876046 56682  14215
9.011392303 1562625905 3512349 56679  18753
9.023403958 1566486294 3860389 56667  13982
9.035404932 1569987675 3501381 56679  18424
9.047392307 1573852381 3864706 56675  13917
9.059392358 1577256800 3404419 56682  18632
9.071395309 1581229218 3972418 56683  14150
9.083402787 1584723325 3494107 56671  18542
9.095403264 1588612468 3889143 56686  14350
9.107395578 1592031893 3419425 56670  18464
9.119405840 1595983479 3951586 56682  14128
9.131403914 1599525302 3541823 56686  18291
9.143392328 1603353286 3827984 56675  14125
9.155391402 1606890965 3537679 56670  18693
9.167390627 1610729757 3838792 56680  13874
9.179408464 1614244719 3514962 56677  18689
9.191391885 1618103997 3859278 56670  14268
9.203393030 1621544658 3440661 56680  18326
9.215403080 1625476397 3931739 56665  14008
9.227405948 1628919987 3443590 56668  18424
9.239394699 1632846398 3926411 56671  14013
9.251399813 1636359134 3512736 56682  18443
9.263405622 1640225262 3866128 56676  14145
9.275392786 1643741816 3516554 56687  18791
9.287391670 1647569777 3827961 56681  13786
9.299390160 1651021191 3451414 56677  18566
9.311403812 1654964220 3943029 56675  14055
9.323402339 1658361044 3396824 56673  18455
9.335403964 1662328303 3967259 56675  14257
9.347390801 1665839934 3511631 56673  18246
9.359390632 1669716655 3876721 56673  14265
9.371403120 1673203805 3487150 56681  18512
9.383390687 1677074452 3870647 56675  14077
9.395393589 1680574184 3499732 56678  18227
9.407402103 1684446681 3872497 56682  13898
9.419419348 1687862258 3415577 56671  18550
9.431391795 1691799574 3937316 56671  14097
9.443402643 1695312035 3512461 56690  18557
9.455404447 1699196165 3884130 56672  14266
9.467402438 1702634858 3438693 56681  18330
9.479395355 1706568856 3933998 56676  13910
9.491390083 1710114418 3545562 56677  18348
9.503390408 1713930346 3815928 56682  14040
9.515406845 1717466988 3536642 56673  18460
9.527392826 1721300910 3833922 56669  13892
9.539392797 1724816119 3515209 56674  18819
9.551404225 1728664861 3848742 56678  14081
9.563403406 1732159866 3495005 56683  18386
9.575412670 1736018318 3858452 56690  13813
9.587390688 1739470748 3452430 56666  18479
9.599403102 1743400510 3929762 56675  14113
9.611391610 1746907812 3507302 56678  18398
9.623394291 1750780713 3872901 56683  14138
9.635393689 1754283803 3503090 56679  18606
9.647404900 1758143462 3859659 56675  13881
9.659394434 1761648212 3504750 56674  18393
9.671402229 1765505976 3857764 56674  13852
9.683393576 1768998771 3492795 56685  18543
9.695391520 1772872333 3873562 56667  14052
9.707404954 1776414517 3542184 56682  18500
9.719391302 1780245856 3831339 56683  14370
9.731399896 1783790893 3545037 56662  18224
9.743392824 1787609395 3818502 56664  14280
9.755390038 1791219417 3610022 56666  18013
9.767392603 1794977185 3757768 56668  14943
9.779395040 1798602670 3625485 56674  17770
9.791405702 1802344403 3741733 56666  14480
9.803403066 1806059859 3715456 56681  17956
9.815405307 1809733752 3673893 56678  15635
9.827404918 1813451459 3717707 56679  16896
9.839389972 1817120569 3669110 56673  15857
9.851405340 1820942688 3822119 56684  16393
9.863394011 1824486751 3544063 56670  16028
9.875395992 1828358284 3871533 56676  16381
9.887411902 1831878399 3520115 56680  16438
9.899404957 1835743346 3864947 56670  16189
9.911403275 1839236137 3492791 56665  15894
9.923391255 1843117185 3881048 56678  16318
9.935403753 1846614104 3496919 56682  16230
9.947391991 1850649716 4035612 56674  16164
9.959392118 1854004627 3354911 56674  17034
9.971391592 1858055810 4051183 56676  15237
9.983405201 1861393227 3337417 56674  17490
9.995392465 1865443426 4050199 56671  14652
10.007400473 1868773957 3330531 56680  17819
10.019405184 1872831222 4057265 56680  14233
10.031402751 1876199781 3368559 56678  18616
10.043395538 1880198012 3998231 56677  14125
10.055402053 1883622689 3424677 56681  18671
10.067412457 1887617706 3995017 56675  14331
10.079407289 1891107492 3489786 56671  18576
10.091403173 1894985986 3878494 56666  13865
10.103393040 1898533409 3547423 56680  18426
10.115395871 1902350337 3816928 56692  14199
10.127403653 1905787183 3436846 56672  18896
10.139403110 1909718976 3931793 56676  13963
10.151404077 1913296468 3577492 56673  18816
10.163408022 1917089715 3793247 56670  14197
10.175390519 1920615838 3526123 56668  18424
10.187391694 1924452384 3836546 56677  14043
10.199390704 1927990805 3538421 56678  18386
10.211417153 1931810263 3819458 56670  14109
10.223403280 1935334437 3524174 56678  18732
10.235395984 1939180265 3845828 56676  13908
10.247403641 1942816719 3636454 56672  18788
10.259389029 1946554816 3738097 56668  14736
10.271395664 1950225172 3670356 56674  18017
10.283390731 1953935386 3710214 56678  15547
10.295408313 1957777681 3842295 56680  17084
10.307390723 1961316319 3538638 56668  16396
10.319392508 1965186205 3869886 56667  16346
10.331390879 1968682711 3496506 56668  16332
10.343402600 1972553554 3870843 56681  16579
10.355404335 1976046585 3493031 56681  16290
10.367399615 1979933730 3887145 56677  16477
10.379392846 1983414551 3480821 56692  16641
10.391393677 1987390475 3975924 56683  16217
10.403406418 1990779293 3388818 56672  16727
10.415391889 1994710813 3931520 56673  15880
10.427402330 1998140701 3429888 56673  16492
10.439403825 2001998790 3858089 56666  16328
10.451395902 2005504211 3505421 56670  16433
10.463394156 2009420805 3916594 56678  16171
10.475406577 2012860978 3440173 56676  16445
10.487406195 2016753094 3892116 56662  16289
10.499391566 2020224100 3471006 56694  16284
10.511389633 2024177592 3953492 56669  16441
10.523412971 2027590863 3413271 56679  16480
10.535392732 2031401405 3810542 56674  16247
10.547394363 2034955584 3554179 56683  16525
10.559395070 2038888151 3932567 56666  16119
10.571404425 2042307012 3418861 56678  16497
10.583393202 2046261156 3954144 56673  16191
10.595390286 2049680224 3419068 56675  16759
10.607404185 2053642390 3962166 56671  15991
10.619403219 2057035879 3393489 56671  16421
10.631395146 2060945196 3909317 56667  16393
10.643405557 2064399278 3454082 56681  16456
10.655407388 2068368052 3968774 56663  16193
10.667403647 2071754989 3386937 56680  16829
10.679399634 2075735432 3980443 56665  15799
10.691398825 2079123547 3388115 56670  16678
10.703391682 2083003938 3880391 56676  16168
10.715406947 2086473732 3469794 56675  16256
10.727403338 2090367850 3894118 56676  16445
10.739392848 2093827060 3459210 56676  16262
10.751407973 2097696944 3869884 56681  16385
10.763389947 2101185790 3488846 56681  16268
10.775392865 2105071357 3885567 56667  16431
10.787390639 2108557523 3486166 56682  16729
10.799406917 2112429326 3871803 56683  16024
10.811390324 2115914161 3484835 56677  16664
10.823392112 2119871051 3956890 56667  16131
10.835393446 2123260423 3389372 56669  16433
10.847398707 2127138332 3877909 56672  16345
10.859405251 2130614122 3475790 56693  16051
10.871390605 2134534013 3919891 56676  16579
10.883395954 2137977822 3443809 56672  16324
10.895390261 2141860946 3883124 56676  16327
10.907394092 2145337794 3476848 56676  16440
10.919391299 2149237654 3899860 56675  16145
10.931390424 2152687023 3449369 56666  16471
10.943395365 2156567723 3880700 56665  16116
10.955406406 2160053366 3485643 56673  16662
10.967391253 2164009852 3956486 56674  16085
10.979402618 2167398688 3388836 56678  16293
10.991403335 2171276757 3878069 56671  16254
11.003400027 2174758002 3481245 56675  16504
11.015403767 2178628450 3870448 56673  16139
11.027407181 2182108227 3479777 56673  16395
11.039406743 2186009274 3901047 56669  16186
11.051404330 2189476284 3467010 56678  16604
11.063403812 2193324810 3848526 56681  16197
11.075393159 2196829544 3504734 56679  16422
11.087393807 2200769813 3940269 56671  16115
11.099402677 2204182289 3412476 56679  16573
11.111406649 2208065927 3883638 56681  16199
11.123391023 2211538088 3472161 56676  16362
11.135405304 2215600921 4062833 56686  16310
11.147392721 2218928234 3327313 56671  17418
11.159403876 2222955538 4027304 56679  15201
11.171406250 2226285681 3330143 56674  17549
11.183389871 2230333024 4047343 56673  15018
11.195393506 2233644343 3311319 56671  17907
11.207390860 2237702617 4058274 56688  14699
11.219404304 2241054948 3352331 56672  18629
11.231393141 2245075011 4020063 56676  14087
11.243394613 2248435803 3360792 56664  18564
11.255390347 2252425108 3989305 56665  14180
11.267389994 2255892521 3467413 56672  18479
11.279403819 2259816392 3923871 56672  14115
11.291406100 2263387731 3571339 56672  18705
11.303406347 2267177310 3789579 56677  14062
11.315403662 2270803353 3626043 56674  18521
11.327399053 2274540295 3736942 56677  14864
11.339403403 2278191679 3651384 56674  17822
11.351401701 2281905362 3713683 56679  15405
11.363392539 2285717579 3812217 56668  17093
11.375394163 2289270417 3552838 56677  16068
11.387394040 2293088449 3818032 56670  16478
11.399407012 2296647484 3559035 56687  16656
11.411404639 2300588901 3941417 56677  16118
11.423404130 2303996816 3407915 56676  16528
11.435403774 2307927650 3930834 56677  15931
11.447402812 2311348381 3420731 56672  16579
11.459391993 2315244449 3896068 56666  15982
11.471394667 2318694679 3450230 56687  16530
11.483398912 2322595182 3900503 56677  15983
11.495408246 2326052721 3457539 56682  16606
11.507394343 2329915691 3862970 56664  16114
11.519390031 2333401487 3485796 56677  16482
11.531390936 2337329570 3928083 56679  15989
11.543391010 2340745642 3416072 56676  16497
11.555403054 2344610493 3864851 56676  16124
11.567396258 2348091863 3481370 56686  16227
11.579402993 2352048549 3956686 56678  16416
11.591395117 2355441241 3392692 56680  16271
11.603389887 2359232095 3790854 56672  16340
11.615390736 2362795629 3563534 56677  16442
11.627404656 2366724295 3928666 56674  16095
11.639414068 2370134864 3410569 56671  16451
11.651394645 2374072942 3938078 56681  16167
11.663391776 2377496082 3423140 56674  16706
11.675390717 2381449965 3953883 56680  15985
11.687402448 2384842863 3392898 56678  16383
11.699396109 2388727476 3884613 56685  16248
11.711406510 2392191279 3463803 56681  16451
11.723403157 2396115914 3924635 56674  16092
11.735406625 2399531729 3415815 56672  16667
11.747395369 2403484771 3953042 56667  15888
11.759406977 2406897052 3412281 56671  16727
11.771390031 2410818640 3921588 56676  15949
11.783390819 2414230246 3411606 56676  16211
11.795399260 2418120348 3890102 56660  16401
11.807408161 2421574558 3454210 56676  16329
11.819405199 2425507159 3932601 56681  16230
11.831393426 2428922055 3414896 56675  16274
11.843391437 2432854689 3932634 56671  16227
11.855402541 2436278196 3423507 56678  16606
11.867394399 2440132159 3853963 56663  15942
11.879405173 2443622279 3490120 56676  16591
11.891392224 2447561612 3939333 56671  16028
11.903405059 2450958413 3396801 56681  16424
11.915395469 2454818992 3860579 56674  16242
11.927406860 2458310032 3491040 56682  16473
11.939389817 2462300504 3990472 56674  16189
11.951402912 2465663371 3362867 56672  16749
11.963413663 2469583818 3920447 56669  15847
11.975392274 2472999612 3415794 56664  16566
11.987432962 2476864199 3864587 56674  16293
11.999404406 2480328379 3464180 56673  16887
12.011391460 2484219585 3891206 56682  16921
12.023380977 2487691801 3472216 56681  17079
12.035391605 2491657482 3965681 56668  16458
12.047407693 2495030739 3373257 56671  16919
12.059394334 2498921153 3890414 56676  16429
12.071390678 2502371298 3450145 56665  16878
12.083403702 2506232345 3861047 56667  16405
12.095402789 2509707109 3474764 56676  16436
12.107390510 2513593577 3886468 56679  16247
12.119401125 2517060934 3467357 56674  16612
12.131393122 2520915144 3854210 56682  16120
12.143394303 2524396695 3481551 56672  16324
12.155405148 2528304600 3907905 56692  16193
12.167390195 2531742135 3437535 56674  16733
12.179395802 2535673545 3931410 56668  15989
12.191402060 2539076575 3403030 56678  16360
12.203406785 2542981163 3904588 56677  16401
12.215402989 2546421979 3440816 56671  16484
12.227406026 2550291409 3869430 56684  16164
12.239392730 2553766600 3475191 56689  16604
12.251395238 2557819042 4052442 56677  15841
12.263390692 2561135653 3316611 56664  17711
12.275409467 2565183278 4047625 56683  14895
12.287391671 2568526940 3343662 56687  18648
12.299395215 2572573402 4046462 56664  14047
12.311391503 2575988310 3414908 56679  18546
12.323403798 2579960998 3972688 56680  14088
12.335405142 2583501877 3540879 56672  18481
12.347406779 2587325034 3823157 56669  14091
12.359403933 2590920002 3594968 56692  18597
12.371402745 2594694021 3774019 56673  14061
12.383395085 2598335942 3641921 56690  18543
12.395404373 2602066783 3730841 56670  14701
12.407405471 2605747717 3680934 56680  17843
12.419406438 2609451297 3703580 56684  15645
12.431416172 2613281452 3830155 56677  16784
12.443391770 2616831491 3550039 56681  16481
12.455403761 2620791519 3960028 56661  16072
12.467404968 2624208173 3416654 56678  16676
12.479407116 2628202247 3994074 56677  15932
12.491391507 2631563874 3361627 56673  16409
12.503393227 2635508291 3944417 56670  15997
12.515395372 2638926146 3417855 56668  16579
12.527390230 2642856888 3930742 56674  15962
12.539390547 2646286536 3429648 56676  16590
12.551403425 2650286597 4000061 56671  15834
12.563390453 2653656781 3370184 56668  16675
12.575390847 2657589443 3932662 56675  15939
12.587390837 2661013161 3423718 56683  16586
12.599402266 2665061721 4048560 56671  15850
12.611402246 2668396013 3334292 56676  17603
12.623391717 2672447971 4051958 56679  14944
12.635408759 2675776771 3328800 56665  18118
12.647391829 2679839466 4062695 56684  14437
12.659391170 2683357843 3518377 56672  18577
12.671406457 2687241217 3883374 56671  13895
12.683404489 2690828130 3586913 56678  18570
12.695401656 2694595729 3767599 56681  14162
12.707390924 2698178896 3583167 56673  18275
12.719402085 2701956422 3777526 56675  14291
12.731404673 2705635632 3679210 56677  18163
12.743406867 2709338545 3702913 56672  15590
12.755413232 2713080955 3742410 56670  16889
12.767405766 2716712006 3631051 56673  16206
12.779401803 2720612180 3900174 56691  16399
12.791393374 2724067776 3455596 56680  16406
12.803391304 2727961753 3893977 56668  16283
12.815403826 2731434191 3472438 56685  16301
12.827405970 2735483741 4049550 56667  16106
12.839393734 2738818816 3335075 56671  17398
12.851392482 2742860832 4042016 56682  15144
12.863401375 2746205609 3344777 56672  18379
12.875395210 2750248443 4042834 56680  13998
12.887392384 2753669986 3421543 56668  18639
12.899392402 2757606800 3936814 56673  13861
12.911413410 2761045276 3438476 56668  18564
12.923395987 2764965492 3920216 56679  14082
12.935397571 2768388635 3423143 56672  18546
12.947403252 2772359653 3971018 56682  13835
12.959392173 2775925143 3565490 56674  18567
12.971405414 2779710775 3785632 56675  14189
12.983393482 2783299586 3588811 56675  18329
12.995391392 2787064590 3765004 56686  13875
13.007406034 2790675434 3610844 56670  18648
13.019407295 2794422991 3747557 56678  13938
13.031401982 2798031697 3608706 56675  18509
13.043395014 2801781388 3749691 56678  14388
13.055405974 2805443446 3662058 56678  17919
13.067407528 2809143181 3699735 56677  15502
13.079401917 2812890600 3747419 56674  16796
13.091408281 2816541006 3650406 56679  16542
13.103391041 2820464953 3923947 56673  16068
13.115391362 2823890268 3425315 56672  16302
13.127391810 2827816920 3926652 56668  16050
13.139403158 2831235826 3418906 56666  16297
13.151405092 2835186346 3950520 56664  16019
13.163392186 2838588993 3402647 56670  16340
13.175405290 2842523513 3934520 56668  15970
13.187404091 2845945147 3421634 56670  16548
13.199390452 2849850782 3905635 56660  15833
13.211402769 2853294632 3443850 56685  16587
13.223402790 2857335622 4040990 56667  15927
13.235404985 2860668495 3332873 56672  17496
13.247391066 2864719403 4050908 56672  14991
13.259402710 2868102618 3383215 56679  18332
13.271391674 2872092963 3990345 56672  14054
13.283398355 2875498571 3405608 56671  18456
13.295407073 2879442555 3943984 56666  13930
13.307402394 2882905091 3462536 56673  18414
13.319394532 2886825933 3920842 56664  13954
13.331404039 2890417708 3591775 56674  18477
13.343402916 2894176698 3758990 56663  13967
13.355402767 2897856557 3679859 56685  18381
13.367401631 2901549990 3693433 56668  15477
13.379390615 2905290812 3740822 56663  16804
13.391414743 2908922753 3631941 56671  16352
13.403404117 2912826554 3903801 56666  15998
13.415405942 2916262475 3435921 56668  16414
13.427392010 2920162291 3899816 56671  15955
13.439392304 2923622615 3460324 56676  16704
13.451402858 2927675573 4052958 56686  15763
13.463390572 2930999598 3324025 56670  17375
13.475393640 2935050834 4051236 56676  14977
13.487405347 2938403345 3352511 56675  18347
13.499392211 2942406856 4003511 56683  13967
13.511392080 2945839188 3432332 56663  18522
13.523404380 2949794476 3955288 56677  13673
13.535390998 2953348697 3554221 56685  18604
13.547414658 2957157771 3809074 56671  14166
13.559395682 2960747519 3589748 56671  18201
13.571391063 2964504416 3756897 56680  14132
13.583391791 2968170283 3665867 56675  18126
13.595394539 2971864922 3694639 56685  15491
13.607393846 2975560327 3695405 56669  16883
13.619390511 2979244531 3684204 56668  16262
13.631404672 2983133709 3889178 56668  16171
13.643402426 2986589070 3455361 56686  16207
13.655394414 2990500365 3911295 56665  16049
13.667402435 2993939809 3439444 56681  16408
13.679395145 2997861774 3921965 56678  15930
13.691404610 3001282797 3421023 56678  16459
13.703401801 3005270309 3987512 56676  15764
13.715402822 3008638945 3368636 56668  16670
13.727405492 3012564964 3926019 56662  15841
13.739405896 3015983764 3418800 56675  16571
13.751403941 3019958748 3974984 56671  15628
13.763406365 3023321388 3362640 56684  16628
13.775403756 3027359883 4038495 56677  15751
13.787390183 3030696089 3336206 56677  17514
13.799391487 3034744359 4048270 56684  14835
13.811391029 3038097507 3353148 56672  18458
13.823406163 3042103894 4006387 56667  13797
13.835392984 3045567730 3463836 56687  18474
13.847405472 3049484214 3916484 56668  13712
13.859394809 3053015027 3530813 56677  18500
13.871398040 3056832133 3817106 56682  14116
13.883403818 3060490998 3658865 56686  18094
13.895394659 3064189863 3698865 56662  15195
13.907394063 3067860440 3670577 56673  17117
13.919393687 3071540397 3679957 56680  15589
13.931407598 3075234022 3693625 56665  16757
13.943394758 3078896118 3662096 56681  16184
13.955391247 3082829264 3933146 56684  16162
13.967405341 3086252887 3423623 56669  16469
13.979402658 3090295152 4042265 56685  15792
13.991391729 3093619736 3324584 56671  17500
14.003390284 3097649796 4030060 56685  14804
14.015391441 3100983746 3333950 56672  18321
14.027412289 3105014216 4030470 56665  13887
14.039402673 3108470783 3456567 56685  18509
14.051392897 3112401246 3930463 56679  13943
14.063406408 3116067165 3665919 56671  18355
14.075406276 3119765239 3698074 56690  15357
14.087391193 3123474107 3708868 56672  16923
14.099391193 3127127578 3653471 56674  16090
14.111404832 3131027100 3899522 56674  16136
14.123402422 3134473765 3446665 56679  16652
14.135391556 3138500930 4027165 56685  15663
14.147395375 3141832467 3331537 56680  17187
14.159403562 3145876708 4044241 56678  15187
14.171390703 3149200897 3324189 56673  18021
14.183402658 3153243090 4042193 56676  14368
14.195391265 3156692021 3448931 56663  18282
14.207390399 3160619211 3927190 56663  13968
14.219403750 3164193374 3574163 56672  18523
14.231392700 3167960003 3766629 56671  13859
14.243396048 3171629527 3669524 56674  18319
14.255404739 3175310285 3680758 56680  15036
14.267409463 3179006866 3696581 56669  17256
14.279408805 3182678426 3671560 56681  16026
14.291390635 3186543560 3865134 56683  16150
14.303391290 3190009794 3466234 56676  16297
14.315402980 3193877935 3868141 56678  15963
14.327402922 3197361552 3483617 56679  16538
14.339391195 3201322385 3960833 56679  15932
14.351414063 3204692557 3370172 56668  16368
14.363392184 3208615439 3922882 56688  15823
14.375401511 3212023625 3408186 56671  16385
14.387393489 3215955659 3932034 56673  15981
14.399394650 3219355969 3400310 56676  16418
14.411406034 3223257297 3901328 56677  15756
14.423393652 3226699545 3442248 56678  16613
14.435394569 3230582248 3882703 56676  15843
14.447392187 3234031072 3448824 56672  16456
14.459401708 3238046551 4015479 56670  15735
14.471406275 3241378765 3332214 56666  17340
14.483390926 3245396721 4017956 56678  15039
14.495394890 3248722828 3326107 56670  17503
14.507401672 3252776786 4053958 56676  14821
14.519403862 3256188747 3411961 56677  18428
14.531390146 3260126745 3937998 56671  13811
14.543390310 3263685193 3558448 56679  18465
14.555390832 3267483409 3798216 56690  14012
14.567406189 3271056297 3572888 56678  18208
14.579393760 3274817112 3760815 56673  14171
14.591395128 3278468281 3651169 56670  18050
14.603405952 3282171314 3703033 56693  15440
14.615405880 3285903300 3731986 56675  16831
14.627390010 3289525265 3621965 56671  16243
14.639395874 3293425725 3900460 56669  16012
14.651404053 3296852359 3426634 56676  16309
14.663416103 3300797013 3944654 56683  16057
14.675391391 3304193675 3396662 56667  16401
14.687391415 3308236199 4042524 56684  15865
14.699406313 3311557946 3321747 56683  17381
14.711401030 3315589345 4031399 56682  14905
14.723394131 3318909350 3320005 56671  17898
14.735395315 3322950834 4041484 56678  14292
14.747404049 3326510041 3559207 56667  18494
14.759402397 3330331658 3821617 56677  13916
14.771390928 3334003530 3671872 56672  18358
14.783403105 3337699587 3696057 56681  15632
14.795401647 3341395003 3695416 56672  16637
14.807402531 3345051493 3656490 56668  16192
14.819398928 3348977779 3926286 56674  16078
14.831392309 3352384928 3407149 56671  16506
14.843403017 3356337208 3952280 56679  15792
14.855405147 3359727085 3389877 56685  16553
14.867394339 3363766368 4039283 56685  15920
14.879390599 3367091888 3325520 56682  17415
14.891403227 3371126210 4034322 56678  14913
14.903402985 3374475620 3349410 56681  18243
14.915391136 3378476339 4000719 56677  13953
14.927391356 3382023705 3547366 56683  18501
14.939391840 3385854445 3830740 56684  13623
14.951404945 3389460733 3606288 56675  18530
14.963389543 3393194629 3733896 56672  14241
14.975394927 3396803500 3608871 56671  18041
14.987411337 3400529984 3726484 56679  14603
14.999407175 3404208931 3678947 56676  17713
15.011406076 3407870732 3661801 56670  15493
15.023405167 3411597375 3726643 56673  16885
15.035403831 3415233603 3636228 56678  16255
15.047389625 3419170830 3937227 56687  16206
15.059402677 3422567952 3397122 56688  16367
15.071403261 3426488232 3920280 56668  15858
15.083407295 3429890352 3402120 56676  16147
15.095406739 3433788482 3898130 56675  16195
15.107405996 3437224987 3436505 56690  16414
15.119390890 3441255675 4030688 56672  15733
15.131389492 3444596320 3340645 56666  17684
15.143411362 3448630254 4033934 56680  14712
15.155404997 3451968413 3338159 56669  18425
15.167391181 3455971951 4003538 56680  13726
15.179395459 3459500467 3528516 56672  18384
15.191406419 3463332464 3831997 56691  13863
15.203395757 3466888973 3556509 56689  18362
15.215401484 3470678561 3789588 56675  13984
15.227391958 3474247321 3568760 56672  18379
15.239402586 3478005268 3757947 56677  13896
15.251393770 3481667449 3662181 56670  18279
15.263391161 3485354476 3687027 56672  15550
15.275392623 3489207861 3853385 56678  16688
15.287393466 3492696617 3488756 56687  16013
15.299397507 3496597903 3901286 56666  16243
15.311408161 3500041960 3444057 56678  16672
15.323402185 3503975803 3933843 56676  15624
15.335395784 3507363773 3387970 56682  16451
15.347390681 3511368082 4004309 56681  15882
15.359392655 3514704137 3336055 56670  17093
15.371390262 3518733849 4029712 56681  15268
15.383390776 3522068313 3334464 56683  18195
15.395392104 3526102883 4034570 56675  14015
15.407404295 3529493956 3391073 56670  18336
15.419402746 3533428552 3934596 56670  13808
15.431391283 3536926074 3497522 56671  18278
15.443404372 3540789896 3863822 56685  13937
15.455402556 3544451767 3661871 56678  18355
15.467390613 3548142068 3690301 56677  15277
15.479392164 3552034556 3892488 56669  16869
15.491394931 3555498162 3463606 56680  16388
15.503386322 3559384504 3886342 56672  15821
15.515403147 3562821786 3437282 56675  16417
15.527406204 3566859754 4037968 56665  15850
15.539404902 3570168791 3309037 56676  17510
15.551401690 3574206723 4037932 56677  14677
15.563402634 3577589432 3382709 56673  18373
15.575394018 3581557473 3968041 56671  13871
15.587394398 3585001378 3443905 56683  18296
15.599403732 3588916225 3914847 56677  13960
15.611391547 3592489063 3572838 56673  18222
15.623410841 3596234225 3745162 56667  13999
15.635404182 3599840871 3606646 56670  18254
15.647403480 3603571155 3730284 56671  14816
15.659405358 3607271541 3700386 56670  17361
15.671393877 3610917429 3645888 56685  15708
15.683391032 3614732804 3815375 56678  16430
15.695393103 3618257325 3524521 56671  16262
15.707390674 3622210573 3953248 56675  15775
15.719389378 3625572758 3362185 56673  16596
15.731403883 3629538164 3965406 56678  15612
15.743402470 3632906311 3368147 56671  16706
15.755390981 3636940665 4034354 56676  15536
15.767392051 3640247387 3306722 56668  17364
15.779409026 3644272693 4025306 56673  14735
15.791393060 3647591272 3318579 56682  18355
15.803456892 3651606456 4015184 56678  13816
15.815394112 3655024431 3417975 56672  18339
15.827401733 3658944895 3920464 56665  13768
15.839405784 3662475174 3530279 56670  18506
15.851405545 3666293477 3818303 56669  13787
15.863395119 3669885916 3592439 56672  18391
15.875395053 3673610172 3724256 56682  13750
15.887402191 3677209503 3599331 56669  18278
15.899391042 3680921082 3711579 56669  14104
15.911390696 3684584647 3663565 56675  18015
15.923405450 3688275814 3691167 56687  15425
15.935413035 3691983883 3708069 56670  16889
15.947396269 3695599293 3615410 56672  15361
15.959402716 3699389283 3789990 56685  16707
15.971402233 3702931065 3541782 56667  16062
15.983403824 3706809089 3878024 56667  15997
15.995394522 3710251790 3442701 56686  16094
16.007392173 3714131341 3879551 56675  15943
16.019405304 3717575237 3443896 56679  16249
16.031406339 3721414214 3838977 56674  15839
16.043392923 3724897309 3483095 56675  16373
16.055389259 3728873098 3975789 56675  15751
16.067404991 3732211630 3338532 56676  16488
16.079403488 3736248296 4036666 56678  15755
16.091406219 3739566099 3317803 56675  17529
16.103391893 3743608666 4042567 56683  14593
16.115403901 3746971924 3363258 56676  18288
16.127403155 3750925706 3953782 56675  14021
16.139382646 3754285066 3359360 56676  18897
16.151388418 3758237055 3951989 56673  14199
16.163397406 3761624754 3387699 56668  18852
16.175405902 3765550402 3925648 56682  14111
16.187405723 3768998145 3447743 56665  18700
16.199393117 3772915515 3917370 56682  14168
16.211394891 3776436199 3520684 56676  18642
16.223401675 3780231661 3795462 56667  13867
16.235405886 3783780724 3549063 56682  18434
16.247390124 3787541294 3760570 56670  14199
16.259412881 3791152091 3610797 56665  17992
16.271391052 3794868372 3716281 56683  14935
16.283394056 3798564399 3696027 56671  17424
16.295391180 3802203738 3639339 56664  15520
16.307402705 3805909190 3705452 56673  16793
16.319404979 3809529022 3619832 56675  15855
16.331396289 3813398683 3869661 56671  16227
16.343404808 3816844623 3445940 56686  16471
16.355403668 3820807130 3962507 56666  15615
16.367402409 3824177516 3370386 56673  16561
16.379402710 3828132685 3955169 56677  15744
16.391390314 3831486201 3353516 56682  16333
16.403393718 3835509074 4022873 56693  15764
16.415415119 3838820626 3311552 56669  17380
16.427393870 3842828859 4008233 56668  14673
16.439405147 3846152372 3323513 56673  18040
16.451395941 3850178103 4025731 56686  14086
16.463390379 3853638340 3460237 56677  18421
16.475385630 3857521942 3883602 56681  13658
16.487393608 3861049659 3527717 56674  18375
16.499388840 3864839130 3789471 56687  14172
16.511399423 3868402146 3563016 56671  18866
16.523386630 3872144786 3742640 56667  14164
16.535395201 3875733424 3588638 56675  18661
16.547390509 3879468226 3734802 56682  14456
16.559401499 3883051254 3583028 56671  18399
16.571406054 3886776156 3724902 56684  14126
16.583392178 3890415583 3639427 56666  18530
16.595391835 3894098260 3682677 56675  15354
16.607403383 3897870750 3772490 56685  17031
16.619390004 3901438867 3568117 56686  16175
16.631407719 3905383433 3944566 56673  16219
16.643401869 3908759592 3376159 56674  16432
16.655395587 3912647414 3887822 56675  15712
16.667394717 3916065781 3418367 56680  16329
16.679392058 3920018603 3952822 56669  15745
16.691403782 3923370046 3351443 56664  16598
16.703408417 3927284174 3914128 56669  15641
16.715389801 3930681556 3397382 56661  16542
16.727389602 3934688376 4006820 56674  15723
16.739411816 3938010181 3321805 56668  17014
16.751406216 3942027990 4017809 56687  15070
16.763394867 3945349569 3321579 56674  18118
16.775393105 3949355767 4006198 56668  13953
16.787406123 3952896729 3540962 56671  18418
16.799391640 3956715034 3818305 56685  13706
16.811389861 3960302409 3587375 56667  18398
16.823401618 3964027284 3724875 56674  14089
16.835407103 3967616930 3589646 56668  18073
16.847390840 3971333692 3716762 56672  14216
16.859391708 3975003126 3669434 56686  17806
16.871404326 3978660367 3657241 56673  15729
16.883394383 3982505807 3845440 56679  16448
16.895411941 3985997442 3491635 56675  16394
16.907392278 3990004311 4006869 56672  15793
16.919390085 3993320062 3315751 56669  17007
16.931407877 3997336229 4016167 56675  14960
16.943390304 4000652364 3316135 56672  18054
16.955393098 4004662305 4009941 56677  14053
16.967391356 4008067902 3405597 56682  18225
16.979402350 4012014463 3946561 56675  13692
16.991393017 4015588851 3574388 56684  18425
17.003404462 4019322722 3733871 56664  13744
17.015403213 4022890339 3567617 56669  18328
17.027404577 4026623782 3733443 56677  13648
17.039391341 4030262295 3638513 56673  18269
17.051413105 4033940425 3678130 56686  15282
17.063390899 4037817322 3876897 56681  16608
17.075406724 4041290240 3472918 56686  16382
17.087404284 4045299584 4009344 56665  15859
17.099391172 4048623296 3323712 56684  17348
17.111403942 4052647187 4023891 56678  14600
17.123402496 4056012338 3365151 56668  18183
17.135408395 4059953140 3940802 56675  13783
17.147390699 4063470559 3517419 56673  18181
17.159402699 4067317838 3847279 56669  13920
17.171390347 4070903570 3585732 56669  18276
17.183394044 4074634099 3730529 56667  13666
17.195390441 4078227397 3593298 56672  18232
17.207411720 4081949753 3722356 56677  13946
17.219407447 4085596838 3647085 56672  18076
17.231401644 4089290846 3694008 56674  15477
17.243391485 4093098600 3807754 56675  16408
17.255392406 4096639518 3540918 56674  16291
17.267403997 4100505386 3865868 56672  15836
17.279394451 4103958578 3453192 56675  16322
17.291391962 4107930625 3972047 56677  15569
17.303406663 4111291874 3361249 56667  17154
17.315389827 4115300567 4008693 56680  14823
17.327390927 4118625345 3324778 56664  17592
17.339406169 4122662867 4037522 56676  14361
17.351403793 4126068648 3405781 56676  18270
17.363392864 4129983086 3914438 56676  13656
17.375400961 4133498819 3515733 56679  18356
17.387391262 4137333286 3834467 56680  13577
17.399389967 4140913091 3579805 56677  18320
17.411395184 4144653799 3740708 56675  13995
17.423404361 4148300107 3646308 56676  17928
17.435405669 4151989571 3689464 56678  15161
17.447405319 4155687533 3697962 56665  16747
17.459405741 4159310903 3623370 56681  15560
17.471390525 4163158366 3847463 56678  16484
17.483390246 4166638628 3480262 56677  16169
17.495402770 4170551967 3913339 56670  15857
17.507390390 4173960219 3408252 56668  16163
17.519403122 4177984084 4023865 56677  15745
17.531401323 4181300031 3315947 56678  17196
17.543407187 4185315621 4015590 56667  14782
17.555405941 4188640231 3324610 56675  18183
17.567402708 4192657075 4016844 56683  13725
17.579390409 4196195817 3538742 56685  18270
17.591391693 4200012148 3816331 56662  13680
17.603394284 4203585010 3572862 56679  18247
17.615390698 4207327155 3742145 56673  13959
17.627394119 4210906661 3579506 56670  18067
17.639403246 4214636322 3729661 56682  13839
17.651402055 4218235012 3598690 56674  18077
17.663392135 4221952688 3717676 56681  15091
17.675403256 4225740387 3787699 56669  16801
17.687407407 4229300600 3560213 56671  16189
17.699403414 4233263275 3962675 56666  15860
17.711394418 4236616227 3352952 56673  16119
17.723393690 4240550260 3934033 56662  15828
17.735391574 4243922894 3372634 56671  16103
17.747406244 4247880512 3957618 56663  15744
17.759408772 4251228400 3347888 56669  16615
17.771405756 4255198103 3969703 56673  15243
17.783405907 4258559628 3361525 56675  16773
17.795407498 4262576576 4016948 56668  15324
17.807390495 4265889593 3313017 56667  17381
17.819390356 4269912015 4022422 56677  14447
17.831403217 4273272146 3360131 56679  18149
17.843404812 4277235219 3963073 56668  13675
17.855393832 4280742947 3507728 56677  18147
17.867393653 4284581751 3838804 56689  13774
17.879391814 4288165252 3583501 56669  18274
17.891406278 4291885063 3719811 56679  13543
17.903390038 4295448645 3563582 56679  18308
17.915390833 4299191993 3743348 56677  13701
17.927394444 4302833399 3641406 56662  18165
17.939390858 4306523423 3690024 56671  15475
17.951390705 4310359507 3836084 56675  16340
17.963406049 4313863759 3504252 56683  16252
17.975406378 4317766826 3903067 56672  15785
17.987390205 4321173187 3406361 56675  16335
17.999404349 4325139953 3966766 56669  15536
18.011371635 4328489516 3349563 56673  17026
18.023391534 4332495548 4006032 56684  14929
18.035395091 4335811953 3316405 56666  17498
18.047403989 4339849794 4037841 56674  14472
18.059391577 4343195817 3346023 56669  18273
18.071403097 4347164963 3969146 56669  13634
18.083393261 4350688630 3523667 56680  18255
18.095394625 4354498137 3809507 56677  13877
18.107406224 4358068263 3570126 56666  18002
18.119402921 4361803945 3735682 56677  13998
18.131392365 4365432434 3628489 56673  17966
18.143394072 4369125838 3693404 56672  15048
18.155401613 4372758102 3632264 56677  16838
18.167398894 4376434779 3676677 56672  15329
18.179406925 4380199449 3764670 56670  16611
18.191402619 4383750462 3551013 56681  15983
18.203403413 4387631424 3880962 56674  15944
18.215390751 4391065819 3434395 56670  16185
18.227391728 4395098940 4033121 56677  15678
18.239389575 4398404309 3305369 56671  17491
18.251403693 4402424874 4020565 56685  14378
18.263390681 4405780862 3355988 56667  18174
18.275392522 4409728598 3947736 56671  13640
18.287404329 4413233343 3504745 56666  18256
18.299403073 4417073245 3839902 56665  13585
18.311390594 4420658804 3585559 56679  18221
18.323439635 4424379923 3721119 56681  13903
18.335405013 4427943758 3563835 56690  18014
18.347390512 4431677179 3733421 56668  13758
18.359395071 4435311012 3633833 56665  18004
18.371393888 4438989759 3678747 56679  15227
18.383404400 4442828698 3838939 56670  16669
18.395390790 4446324153 3495455 56681  16139
18.407402901 4450273774 3949621 56668  15836
18.419389915 4453628232 3354458 56658  16017
18.431406942 4457544211 3915979 56677  15928
18.443404243 4460934063 3389852 56674  16203
18.455391034 4464939994 4005931 56678  15658
18.467390858 4468249164 3309170 56675  17360
18.479404089 4472268317 4019153 56674  14501
18.491401437 4475628529 3360212 56679  18304
18.503391501 4479601194 3972665 56664  13792
18.515402445 4483000996 3399802 56665  18123
18.527405102 4486914596 3913600 56666  13656
18.539403254 4490456380 3541784 56663  18116
18.551391878 4494236177 3779797 56684  13957
18.563393435 4497885321 3649144 56678  17932
18.575389456 4501574500 3689179 56666  15468
18.587405846 4505428068 3853568 56685  16532
18.599390427 4508886603 3458535 56671  15916
18.611393139 4512770708 3884105 56662  15878
18.623394065 4516193981 3423273 56684  16254
18.635407597 4520103184 3909203 56668  15595
18.647400544 4523485092 3381908 56678  16243
18.659390475 4527424593 3939501 56669  15588
18.671402576 4530798245 3373652 56672  16586
18.683391180 4534738465 3940220 56671  15476
18.695394271 4538090381 3351916 56684  16281
18.707392872 4542112898 4022517 56674  15471
18.719406327 4545414976 3302078 56669  17575
18.731396380 4549432135 4017159 56669  14268
18.743401161 4552865215 3433080 56671  18051
18.755392182 4556792287 3927072 56675  13728
18.767402416 4560338141 3545854 56678  18274
18.779403074 4564087196 3749055 56671  13618
18.791390904 4567718993 3631797 56674  18156
18.803404022 4571395554 3676561 56684  15060
18.815407140 4575288536 3892982 56677  16712
18.827389987 4578720719 3432183 56684  15987
18.839393358 4582621140 3900421 56683  15767
18.851393245 4586022791 3401651 56679  16252
18.863403847 4589897276 3874485 56660  15493
18.875392207 4593317529 3420253 56674  16358
18.887395955 4597272188 3954659 56679  15541
18.899402912 4600600677 3328489 56672  16230
18.911391273 4604620267 4019590 56672  15636
18.923402254 4607931055 3310788 56667  17239
18.935395125 4611963645 4032590 56679  14487
18.947390846 4615309150 3345505 56674  18079
18.959411250 4619258702 3949552 56677  13666
18.971403624 4622781606 3522904 56675  18112
18.983390524 4626583668 3802062 56664  13649
18.995403679 4630238957 3655289 56666  18123
19.007402086 4633905251 3666294 56676  15140
19.019392554 4637787068 3881817 56674  16599
19.031394398 4641225231 3438163 56677  16302
19.043395819 4645045698 3820467 56670  16422
19.055406118 4648520100 3474402 56672  16589
19.067390883 4652457937 3937837 56672  15903
19.079389611 4655805196 3347259 56669  16811
19.091405402 4659774853 3969657 56677  15704
19.103406240 4663118884 3344031 56678  17338
19.115402444 4667133758 4014874 56672  15215
19.127395088 4670444481 3310723 56692  18217
19.139391345 4674447260 4002779 56682  13919
19.151392556 4677846565 3399305 56676  17990
19.163389486 4681737898 3891333 56671  13754
19.175392505 4685269358 3531460 56672  18264
19.187405639 4689074425 3805067 56680  13710
19.199403149 4692729136 3654711 56680  18115
19.211394213 4696393940 3664804 56673  15360
19.223392737 4700088138 3694198 56679  16506
19.235390825 4703707355 3619217 56669  16109
19.247401120 4707552677 3845322 56687  15628
19.259390676 4710983655 3430978 56684  16107
19.271394458 4714909229 3925574 56674  15663
19.283410428 4718290974 3381745 56681  16375
19.295394916 4722293513 4002539 56673  15542
19.307390156 4725596406 3302893 56663  17037
19.319407018 4729604624 4008218 56673  14706
19.331401692 4732908063 3303439 56667  17880
19.343391696 4736909912 4001849 56665  13892
19.355392810 4740389148 3479236 56672  18113
19.367404241 4744244706 3855558 56672  13564
19.379393318 4747890792 3646086 56668  18332
19.391404446 4751557452 3666660 56675  15015
19.403403163 4755214660 3657208 56673  16886
19.415389207 4758857531 3642871 56671  15365
19.427391035 4762675670 3818139 56663  16281
19.439412319 4766149317 3473647 56685  16229
19.451404376 4770112589 3963272 56675  15440
19.463402127 4773476237 3363648 56665  17029
19.475403762 4777471635 3995398 56683  14932
19.487390242 4780770227 3298592 56663  17184
19.499389719 4784786922 4016695 56667  14457
19.511402687 4788205061 3418139 56671  17955
19.523390718 4792105597 3900536 56670  14098
19.535404615 4795649255 3543658 56668  18613
19.547387539 4799401953 3752698 56671  14022
19.559394827 4802997375 3595422 56671  18524
19.571402625 4806683171 3685796 56670  14078
19.583402219 4810318526 3635355 56673  18231
19.595400266 4813987820 3669294 56683  15342
19.607391047 4817784008 3796188 56677  17126
19.619403655 4821294970 3510962 56678  16289
19.631403022 4825152281 3857311 56677  16286
19.643400086 4828606365 3454084 56679  16695
19.655393331 4832531584 3925219 56670  15851
19.667401988 4835897850 3366266 56673  16561
19.679403595 4839895364 3997514 56673  15576
19.691402053 4843203415 3308051 56666  17512
19.703394843 4847219934 4016519 56678  14683
19.715406202 4850643680 3423746 56671  18045
19.727407119 4854582154 3938474 56679  13839
19.739391219 4858218349 3636195 56671  18128
19.751411024 4861895511 3677162 56681  15047
19.763404511 4865620856 3725345 56679  16497
19.775402358 4869198457 3577601 56690  15889
19.787395646 4873106184 3907727 56670  15815
19.799390600 4876492198 3386014 56672  16020
19.811395398 4880486123 3993925 56660  15571
19.823406499 4883810619 3324496 56667  17139
19.835391596 4887801203 3990584 56677  14578
19.847391127 4891107403 3306200 56681  17478
19.859407518 4895120923 4013520 56678  14257
19.871405332 4898504498 3383575 56683  18052
19.883390939 4902449632 3945134 56672  13673
19.895391020 4906041377 3591745 56670  17921
19.907403271 4909752136 3710759 56672  14219
19.919410142 4913387219 3635083 56672  17928
19.931391146 4917058214 3670995 56683  15182
19.943402276 4920754402 3696188 56677  16603
19.955404578 4924361956 3607554 56671  16116
19.967391925 4928255696 3893740 56682  15775
19.979404343 4931649427 3393731 56677  16030
19.991405147 4935640676 3991249 56669  15778
20.003390591 4938957741 3317065 56671  16784
20.015404495 4942955787 3998046 56683  14903
20.027402535 4946254282 3298495 56675  17215
20.039391153 4950271939 4017657 56676  14286
20.051392514 4953655131 3383192 56672  18144
20.063395171 4957596178 3941047 56674  13482
20.075416119 4961171982 3575804 56672  18068
20.087390266 4964895092 3723110 56673  13891
20.099405374 4968459249 3564157 56682  17763
20.111403854 4972174432 3715183 56666  13896
20.123394825 4975759941 3585509 56670  17856
20.135407790 4979451956 3692015 56673  14386
20.147390747 4983087794 3635838 56681  17409
20.159393938 4986753451 3665657 56673  14929
20.171401382 4990493030 3739579 56685  16687
20.183392819 4994039943 3546913 56678  15198
20.195390320 4997711208 3671265 56676  16391
20.207405374 5001342532 3631324 56675  15834
20.219405869 5005249087 3906555 56672  15684
20.231415573 5008618749 3369662 56679  16222
20.243394840 5012556848 3938099 56677  15410
20.255390108 5015916468 3359620 56669  16367
20.267393815 5019918555 4002087 56675  15347
20.279391599 5023214790 3296235 56674  17011
20.291386660 5027214405 3999615 56683  14608
20.303400708 5030503556 3289151 56663  17545
20.315388932 5034507053 4003497 56678  14327
20.327403463 5037947959 3440906 56671  18179
20.339401783 5041833785 3885826 56673  13613
20.351390944 5045393061 3559276 56673  18346
20.363390738 5049124054 3730993 56669  13665
20.375403519 5052673279 3549225 56676  18199
20.387404813 5056404540 3731261 56668  13611
20.399405434 5059991301 3586761 56679  17988
20.411402751 5063675623 3684322 56682  14221
20.423401696 5067365695 3690072 56671  17361
20.435396283 5071005182 3639487 56665  15631
20.447402714 5074845161 3839979 56675  16219
20.459405068 5078296770 3451609 56677  15950
20.471404185 5082312366 4015596 56670  15635
20.483407300 5085608492 3296126 56672  17472
20.495389950 5089611708 4003216 56682  14138
20.507401708 5093064179 3452471 56677  17953
20.519405322 5096943625 3879446 56668  13618
20.531404269 5100576954 3633329 56674  18224
20.543393973 5104243026 3666072 56671  14871
20.555413131 5108040430 3797404 56671  16592
20.567410659 5111546071 3505641 56687  16019
20.579394199 5115412012 3865941 56678  15717
20.591391063 5118824388 3412376 56676  16178
20.603404914 5122838598 4014210 56671  15332
20.615391062 5126170167 3331569 56670  18193
20.627392412 5130148801 3978634 56689  13623
20.639391490 5133528889 3380088 56672  18054
20.651393414 5137428691 3899802 56672  13482
20.663403224 5140993173 3564482 56679  18072
20.675402276 5144735513 3742340 56691  13645
20.687392547 5148376616 3641103 56672  17805
20.699390527 5152055712 3679096 56685  15255
20.711414215 5155885061 3829349 56672  16505
20.723392122 5159344336 3459275 56685  15640
20.735392179 5163204433 3860097 56673  15855
20.747395660 5166619149 3414716 56677  16128
20.759401787 5170602685 3983536 56669  15461
20.771403542 5173915675 3312990 56668  16777
20.783403473 5177940037 4024362 56675  14695
20.795391304 5181334073 3394036 56675  18244
20.807390288 5185213431 3879358 56670  13363
20.819406772 5188716285 3502854 56673  18014
20.831391336 5192528439 3812154 56681  13580
20.843390286 5196110302 3581863 56685  17998
20.855391714 5199804251 3693949 56686  14257
20.867406022 5203477915 3673664 56678  17083
20.879403323 5207127584 3649669 56675  15852
20.891390960 5210986122 3858538 56672  15829
20.903407334 5214413415 3427293 56683  16202
20.915390725 5218410391 3996976 56669  15258
20.927389785 5221706458 3296067 56683  17153
20.939392136 5225712442 4005984 56679  14390
20.951395461 5229115683 3403241 56687  17839
20.963405968 5233054471 3938788 56665  13677
20.975406319 5236630452 3575981 56671  18077
20.987392686 5240325908 3695456 56688  13509
20.999403777 5243909895 3583987 56669  17997
21.011401784 5247595789 3685894 56671  14171
21.023405806 5251249998 3654209 56676  17314
21.035400633 5254907137 3657139 56688  15573
21.047393300 5258844570 3937433 56682  15856
21.059404658 5262199204 3354634 56679  16383
21.071391895 5266141247 3942043 56675  15267
21.083403523 5269481654 3340407 56685  16766
21.095401963 5273473042 3991388 56672  14838
21.107403171 5276767724 3294682 56691  17544
21.119402898 5280770246 4002522 56675  14131
21.131404445 5284162845 3392599 56674  17807
21.143390973 5288098591 3935746 56670  13684
21.155406368 5291642134 3543543 56683  17987
21.167389951 5295368578 3726444 56671  13547
21.179390269 5298990450 3621872 56672  17847
21.191404686 5302654715 3664265 56676  15122
21.203403394 5306408452 3753737 56683  16488
21.215406681 5309947209 3538757 56688  15639
21.227391042 5313965154 4017945 56685  15881
21.239403106 5317270700 3305546 56666  17570
21.251391190 5321272915 4002215 56671  13955
21.263389391 5324645285 3372370 56668  18016
21.275407055 5328539917 3894632 56671  13368
21.287394423 5332029651 3489734 56678  18038
21.299402817 5335851756 3822105 56675  13517
21.311402701 5339476733 3624977 56670  17918
21.323394231 5343149549 3672816 56669  15193
21.335403159 5346818889 3669340 56669  16279
21.347410197 5350421936 3603047 56673  15403
21.359403401 5354268410 3846474 56685  16090
21.371394372 5357696144 3427734 56668  15930
21.383391699 5361700770 4004626 56684  15610
21.395390903 5365007234 3306464 56674  17165
21.407391774 5369025148 4017914 56669  14265
21.419392088 5372489144 3463996 56665  17939
21.431402058 5376328737 3839593 56679  13494
21.443404199 5379912259 3583522 56660  17839
21.455403574 5383604057 3691798 56670  14690
21.467390675 5387350666 3746609 56676  16743
21.479402825 5390905358 3554692 56679  15733
21.491403536 5394814277 3908919 56672  15644
21.503409763 5398178904 3364627 56680  16119
21.515391367 5402021522 3842618 56669  15316
21.527390241 5405442846 3421324 56677  16040
21.539403483 5409416719 3973873 56671  15199
21.551403153 5412721892 3305173 56672  17110
21.563393371 5416727660 4005768 56679  14398
21.575405475 5420079761 3352101 56676  17965
21.587395806 5424038835 3959074 56671  13580
21.599390016 5427507845 3469010 56677  17901
21.611389904 5431322718 3814873 56678  13574
21.623392461 5434936002 3613284 56666  17834
21.635404542 5438607689 3671687 56680  15255
21.647393972 5442469700 3862011 56674  16241
21.659402221 5445902189 3432489 56675  15929
21.671391867 5449854676 3952487 56665  15517
21.683401602 5453182254 3327578 56675  16680
21.695406493 5457173917 3991663 56691  14730
21.707390347 5460469715 3295798 56662  17459
21.719391407 5464461437 3991722 56673  13784
21.731391855 5468014889 3553452 56675  17997
21.743391115 5471769293 3754404 56669  13448
21.755394446 5475406980 3637687 56673  17952
21.767401564 5479073041 3666061 56669  15440
21.779403605 5482853926 3780885 56670  15959
21.791393769 5486355862 3501936 56681  16079
21.803402830 5490353815 3997953 56672  15195
21.815402080 5493637679 3283864 56668  17397
21.827409611 5497643819 4006140 56672  14025
21.839397805 5501059532 3415713 56670  17889
21.851390206 5504958223 3898691 56672  13620
21.863395013 5508514160 3555937 56678  17829
21.875394145 5512218111 3703951 56684  13754
21.887393029 5515838077 3619966 56680  17665
21.899406376 5519494909 3656832 56679  15199
21.911403703 5523325133 3830224 56673  16205
21.923403244 5526779533 3454400 56677  15672
21.935390995 5530791535 4012002 56674  15617
21.947391929 5534078270 3286735 56671  17347
21.959402000 5538073771 3995501 56680  14025
21.971391103 5541456985 3383214 56676  17782
21.983406238 5545333346 3876361 56676  13446
21.995393242 5548848760 3515414 56670  17957
22.007390753 5552630326 3781566 56680  13525
22.019402357 5556290217 3659891 56675  17772
22.031402334 5559930625 3640408 56685  15752
22.043403408 5563728829 3798204 56665  15846
22.055404066 5567192954 3464125 56676  15974
22.067397867 5571130265 3937311 56668  15410
22.079402815 5574476764 3346499 56673  16303
22.091393191 5578439568 3962804 56672  15286
22.103402193 5581783977 3344409 56668  16647
22.115390967 5585804026 4020049 56681  14980
22.127402337 5589141195 3337169 56665  17871
22.139412218 5593145209 4004014 56680  13604
22.151390722 5596655779 3510570 56670  17759
22.163406959 5600499305 3843526 56667  13660
22.175395453 5604149697 3650392 56674  17874
22.187390647 5607828839 3679142 56686  14740
22.199407162 5611644797 3815958 56675  16591
22.211390473 5615164907 3520110 56672  15922
22.223391686 5619092588 3927681 56665  15415
22.235403828 5622476284 3383696 56682  16039
22.247403082 5626493629 4017345 56673  15178
22.259394339 5629814013 3320384 56683  17312
22.271390220 5633839371 4025358 56668  14011
22.283404641 5637348711 3509340 56667  17829
22.295390278 5641195743 3847032 56675  13619
22.307398702 5644776846 3581103 56683  17738
22.319404127 5648501274 3724428 56674  13507
22.331391280 5652180902 3679628 56666  17686
22.343395665 5655838727 3657825 56674  15385
22.355402162 5659718830 3880103 56676  15932
22.367391743 5663168415 3449585 56673  16174
22.379403450 5667129015 3960600 56666  15217
22.391407261 5670475686 3346671 56680  16152
22.403391275 5674496771 4021085 56680  15171
22.415395135 5677821347 3324576 56673  17555
22.427391636 5681830827 4009480 56687  13536
22.439402154 5685270956 3440129 56674  17931
22.451392572 5689165411 3894455 56672  13169
22.463412199 5692740129 3574718 56675  17975
22.475404680 5696484258 3744129 56677  13787
22.487393457 5700122186 3637928 56665  17497
22.499405461 5703805619 3683433 56674  14779
22.511404518 5707676429 3870810 56670  16332
22.523391222 5711138700 3462271 56683  15996
22.535403310 5715096614 3957914 56678  15267
22.547394820 5718451933 3355319 56665  16357
22.559401235 5722468834 4016901 56673  15034
22.571406205 5725775933 3307099 56674  17159
22.583402777 5729798053 4022120 56677  13939
22.595404744 5733203270 3405217 56667  17861
22.607390844 5737146980 3943710 56681  13518
22.619414672 5740785630 3638650 56665  17739
22.631390679 5744474332 3688702 56669  14862
22.643391117 5748269267 3794935 56671  16392
22.655402514 5751799091 3529824 56678  15722
22.667396219 5755805848 4006757 56665  15573
22.679390062 5759128276 3322428 56679  16654
22.691400970 5763155526 4027250 56677  14472
22.703391648 5766558301 3402775 56670  17879
22.715401878 5770467576 3909275 56670  13183
22.727406616 5774027625 3560049 56659  17936
22.739392006 5777808250 3780625 56672  13699
22.751394790 5781450346 3642096 56677  17550
22.763407368 5785132738 3682392 56683  14938
22.775409833 5788973574 3840836 56672  16149
22.787394889 5792451839 3478265 56670  15754
22.799403057 5796416077 3964238 56670  15408
22.811403335 5799769852 3353775 56678  16436
22.823395118 5803782860 4013008 56684  14826
22.835406393 5807117324 3334464 56674  17675
22.847391740 5811113873 3996549 56678  13289
22.859390501 5814628381 3514508 56673  17822
22.871405865 5818451720 3823339 56677  13525
22.883392935 5822089774 3638054 56675  17654
22.895394343 5825772364 3682590 56675  14766
22.907407014 5829603103 3830739 56666  16588
22.919403678 5833092265 3489162 56682  15635
22.931398809 5837003194 3910929 56674  15741
22.943397386 5840397661 3394467 56669  15885
22.955404064 5844413078 4015417 56676  15230
22.967390701 5847723616 3310538 56681  17328
22.979391518 5851747842 4024226 56678  13801
22.991403456 5855247228 3499386 56671  17958
23.003392393 5859084357 3837129 56673  13595
23.015393084 5862669349 3584992 56674  17733
23.027390144 5866379799 3710450 56668  13515
23.039392478 5870046336 3666537 56691  17595
23.051402743 5873697901 3651565 56685  15041
23.063403814 5877530743 3832842 56683  16185
23.075394395 5881014278 3483535 56688  15862
23.087391639 5884970985 3956707 56672  15588
23.099400613 5888311186 3340201 56662  15989
23.111391033 5892323257 4012071 56673  15141
23.123391551 5895633119 3309862 56673  17158
23.135404451 5899651685 4018566 56691  14169
23.147404916 5903153941 3502256 56669  17779
23.159392699 5906992647 3838706 56671  13330
23.171403360 5910658905 3666258 56674  17972
23.183394332 5914309388 3650483 56675  14839
23.195401185 5918022022 3712634 56665  16412
23.207404683 5921625720 3603698 56675  15650
23.219392800 5925526146 3900426 56674  15461
23.231393944 5928922376 3396230 56679  16183
23.243405642 5932935644 4013268 56674  14907
23.255402989 5936265236 3329592 56678  17896
23.267404310 5940291933 4026697 56668  13575
23.279402057 5943848024 3556091 56675  17712
23.291403891 5947606318 3758294 56679  13398
23.303390188 5951180951 3574633 56679  17706
23.315392012 5954901159 3720208 56676  13792
23.327403663 5958544069 3642910 56672  17394
23.339404708 5962226646 3682577 56673  15230
23.351390348 5966122322 3895676 56669  16123
23.363389562 5969536118 3413796 56683  15838
23.375394797 5973500181 3964063 56679  15198
23.387405384 5976835258 3335077 56679  16235
23.399403105 5980846748 4011490 56672  14960
23.411398409 5984153317 3306569 56671  17253
23.423408626 5988171592 4018275 56682  13781
23.435391187 5991663981 3492389 56672  17995
23.447391094 5995507105 3843124 56677  13345
23.459394555 5999079947 3572842 56677  17822
23.471403476 6002798557 3718610 56678  13451
23.483405023 6006442419 3643862 56687  17591
23.495406111 6010113047 3670628 56680  15150
23.507391048 6013972803 3859756 56672  15907
23.519406132 6017431051 3458248 56685  16033
23.531401693 6021444066 4013015 56671  15405
23.543404080 6024748019 3303953 56673  16812
23.555390991 6028764315 4016296 56675  14192
23.567390645 6032206294 3441979 56673  17721
23.579398319 6036101676 3895382 56681  13408
23.591390263 6039644440 3542764 56669  17748
23.603393544 6043393531 3749091 56684  13570
23.615402304 6046970609 3577078 56669  17743
23.627405389 6050678165 3707556 56677  13370
23.639394622 6054320859 3642694 56696  17616
23.651394194 6057992181 3671322 56676  15038
23.663407641 6061836554 3844373 56680  16208
23.675403685 6065302618 3466064 56682  15921
23.687391503 6069308314 4005696 56668  15077
23.699389397 6072642121 3333807 56672  17930
23.711394587 6076637571 3995450 56685  13407
23.723404498 6080068099 3430528 56677  17799
23.735411695 6083955066 3886967 56668  13250
23.747406139 6087538925 3583859 56675  17820
23.759391590 6091254224 3715299 56672  13474
23.771394331 6094892696 3638472 56668  17574
23.783389525 6098566446 3673750 56665  15014
23.795394663 6102359933 3793487 56670  16288
23.807402420 6105873013 3513080 56682  15581
23.819404171 6109772738 3899725 56666  15402
23.831402652 6113162350 3389612 56674  15873
23.843392766 6117165643 4003293 56677  15152
23.855405633 6120470691 3305048 56678  16843
23.867390030 6124488178 4017487 56666  14197
23.879402634 6127902511 3414333 56669  17894
23.891398295 6131823458 3920947 56667  13180
23.903407416 6135413316 3589858 56677  17831
23.915406411 6139108652 3695336 56675  13543
23.927404064 6142749592 3640940 56677  17518
23.939405892 6146421210 3671618 56673  15227
23.951390466 6150304316 3883106 56672  15803
23.963406227 6153728223 3423907 56685  16141
23.975394587 6157727328 3999105 56679  15174
23.987390275 6161035851 3308523 56677  16994
23.999390185 6165055723 4019872 56671  14069
24.011403323 6168553882 3498159 56671  17740
24.023390823 6172381770 3827888 56685  13384
24.035391034 6175976648 3594878 56671  17625
24.047410492 6179688871 3712223 56669  14846
24.059391622 6183486796 3797925 56675  16480
24.071390696 6187000092 3513296 56676  15651
24.083394960 6190932736 3932644 56680  15314
24.095402148 6194285884 3353148 56671  16010
24.107395956 6198297019 4011135 56668  15014
24.119401540 6201594826 3297807 56664  17076
24.131392984 6205600788 4005962 56683  13892
24.143394764 6208985719 3384931 56670  17939
24.155403462 6212881719 3896000 56683  13163
24.167390279 6216302438 3420719 56671  17812
24.179390840 6220174345 3871907 56669  13389
24.191403187 6223729901 3555556 56672  17749
24.203388785 6227484051 3754150 56673  13472
24.215402668 6231122441 3638390 56681  17364
24.227391059 6234791805 3669364 56661  15124
24.239403496 6238621745 3829940 56671  16045
24.251406605 6242089670 3467925 56673  15790
24.263390858 6246096174 4006504 56673  15203
24.275392525 6249404457 3308283 56673  17080
24.287389570 6253418126 4013669 56685  13973
24.299403167 6256942021 3523895 56677  17514
24.311402468 6260741804 3799783 56678  13521
24.323394582 6264381598 3639794 56669  17706
24.335403119 6268045258 3663660 56684  14846
24.347403327 6271894489 3849231 56671  16030
24.359394047 6275348092 3453603 56678  15816
24.371397855 6279329654 3981562 56670  15176
24.383395729 6282645672 3316018 56673  16715
24.395402159 6286651727 4006055 56683  14154
24.407394873 6290045065 3393338 56674  17801
24.419390407 6293940753 3895688 56666  13179
24.431403492 6297439865 3499112 56667  17757
24.443394485 6301259352 3819487 56686  13377
24.455402374 6304913638 3654286 56677  17660
24.467392657 6308580061 3666423 56666  15375
24.479407035 6312485547 3905486 56672  15424
24.491403016 6315876694 3391147 56681  16190
24.503394123 6319819093 3942399 56666  14999
24.515391397 6323152513 3333420 56663  16016
24.527402334 6327157561 4005048 56680  14911
24.539402492 6330461184 3303623 56666  17004
24.551404026 6334476036 4014852 56679  13986
24.563405720 6337966542 3490506 56678  17532
24.575402470 6341799180 3832638 56679  13521
24.587403701 6345391989 3592809 56669  17734
24.599393705 6349079315 3687326 56668  13550
24.611407863 6352713484 3634169 56678  17276
24.623389620 6356383636 3670152 56689  14868
24.635406815 6360254553 3870917 56677  16096
24.647390611 6363679895 3425342 56667  15725
24.659397653 6367671506 3991611 56667  15195
24.671405433 6370987066 3315560 56660  16906
24.683410961 6374991189 4004123 56675  14042
24.695404885 6378387742 3396553 56668  17801
24.707390458 6382292356 3904614 56672  13419
24.719403993 6385830447 3538091 56671  17689
24.731393667 6389604364 3773917 56677  13581
24.743395964 6393240849 3636485 56673  17175
24.755390721 6396908765 3667916 56680  15138
24.767407575 6400742926 3834161 56669  16015
24.779390536 6404205283 3462357 56670  15785
24.791389853 6408221942 4016659 56679  15147
24.803394341 6411517374 3295432 56672  17016
24.815402429 6415531841 4014467 56672  13904
24.827394082 6419066291 3534450 56676  17560
24.839389803 6422848870 3782579 56673  13468
24.851400114 6426483138 3634268 56690  17689
24.863395532 6430145710 3662572 56675  14690
24.875402209 6434032966 3887256 56677  16195
24.887391566 6437452182 3419216 56665  15803
24.899387024 6441459184 4007002 56669  15153
24.911403024 6444767932 3308748 56666  17496
24.923391195 6448770942 4003010 56677  13503
24.935396376 6452312360 3541418 56676  17807
24.947403390 6456083425 3771065 56666  13158
24.959402337 6459718016 3634591 56687  17747
24.971394218 6463387463 3669447 56671  14986
24.983404158 6467245312 3857849 56676  16047
24.995389936 6470679813 3434501 56668  15772
25.007413471 6474694783 4014970 56682  14992
25.019395761 6478029533 3334750 56675  17917
25.031404419 6481996120 3966587 56686  13325
25.043402769 6485515676 3519556 56677  17698
25.055403137 6489314707 3799031 56676  13437
25.067407594 6492970295 3655588 56678  17505
25.079406555 6496633663 3663368 56666  15717
25.091403932 6500576406 3942743 56671  15036
25.103403046 6503920711 3344305 56667  16380
25.115390787 6507919432 3998721 56667  14875
25.127390474 6511223617 3304185 56678  17356
25.139390635 6515225678 4002061 56676  13448
25.151391302 6518758868 3533190 56673  17602
25.163410274 6522537238 3778370 56677  13606
25.175403657 6526169649 3632411 56675  17474
25.187392591 6529838857 3669208 56675  15085
25.199403881 6533698096 3859239 56677  15951
25.211390222 6537126728 3428632 56677  15657
25.223404863 6541106057 3979329 56672  15102
25.235395030 6544421100 3315043 56679  16705
25.247395008 6548435319 4014219 56667  14296
25.259404135 6551853021 3417702 56671  17619
25.271404790 6555753723 3900702 56672  13360
25.283390763 6559422242 3668519 56674  17527
25.295402368 6563062413 3640171 56672  15149
25.307402882 6566933061 3870648 56676  15768
25.319404099 6570343905 3410844 56686  15721
25.331393676 6574348937 4005032 56663  15071
25.343393754 6577686462 3337525 56667  17679
25.355408374 6581654734 3968272 56677  12978
25.367394065 6585234795 3580061 56671  17757
25.379403602 6588961570 3726775 56672  13504
25.391392033 6592585310 3623740 56677  17395
25.403393477 6596254391 3669081 56678  14827
25.415403248 6600119438 3865047 56669  15956
25.427393785 6602552729 2433291 51945  21747
25.438391291 6605707595 3154866 56678  15258
25.450390545 6608887118 3179523 56668  14166
25.462390253 6612509776 3622658 56670  17600
25.474390933 6616167540 3657764 56671  14333
25.486409948 6619814392 3646852 56667  17021
25.498403032 6623459228 3644836 56670  15424
25.510401799 6627311927 3852699 56682  16274
25.522395280 6630727221 3415294 56673  15776
25.534392511 6634569893 3842672 56677  15622
25.546390538 6638003825 3433932 56686  15790
25.558402852 6642013581 4009756 56680  15240
25.570409063 6645353758 3340177 56675  17605
25.582393250 6649352782 3999024 56669  13249
25.594403524 6652915690 3562908 56664  17750
25.606402805 6656620295 3704605 56667  13746
25.618406232 6660278359 3658064 56690  17258
25.630401463 6663933918 3655559 56672  15701
25.642410380 6667942744 4008826 56675  15231
25.654390794 6669610745 1668001 56667  35983
25.666404329 6670798044 1187299 56681  46891
25.678392875 6672029608 1231564 56680  46374
25.690403654 6673004592 974984 56671  46582
25.702405621 6674250680 1246088 56666  46644
25.714403835 6675479737 1229057 56683  47544
25.726405566 6676700697 1220960 56678  47957
25.738394510 6677954014 1253317 56676  47596
25.750391593 6679208803 1254789 56674  48082
25.762404314 6680406187 1197384 56673  48306
25.774391588 6681654880 1248693 56679  47848
25.786391102 6682902809 1247929 56686  47661
25.798399553 6684104117 1201308 56678  48397
25.810404704 6685355857 1251740 56676  48014
25.822402944 6686603253 1247396 56673  47548
25.834394432 6687852776 1249523 56682  48169
25.846391759 6689045658 1192882 56675  48119
25.858395666 6690296079 1250421 56675  47911
25.870391694 6691543121 1247042 56683  47829
25.882391371 6692739012 1195891 56687  48248
25.894391802 6693983192 1244180 56673  47700
25.906404383 6695223202 1240010 56686  47669
25.918391420 6696419647 1196445 56673  48283
25.930403465 6697663693 1244046 56675  47907
25.942403032 6698911052 1247359 56677  47629
25.954406059 6700160680 1249628 56669  47911
25.966410417 6701355610 1194930 56667  48200
25.978395837 6702603110 1247500 56677  47795
25.990394998 6703850493 1247383 56676  47834
26.002404442 6705048836 1198343 56686  48355
26.014403916 6706295937 1247101 56687  47963
26.026404193 6707537520 1241583 56678  47315
26.038404341 6708785559 1248039 56678  48055
26.050403768 6709976591 1191032 56677  48226
26.062404749 6711222473 1245882 56676  47820
26.074394376 6712466625 1244152 56677  47818
26.086391840 6713666869 1200244 56680  48245
26.098406164 6714902841 1235972 56674  47691
26.110390718 6716141317 1238476 56672  47707
26.122401115 6717386362 1245045 56684  47724
26.134403566 6718579281 1192919 56683  48638
26.146403633 6719819974 1240693 56674  47590
26.158407037 6721059370 1239396 56667  47911
26.170406941 6722278871 1219501 56682  47712
26.182391905 6723488368 1209497 56675  48320
26.194391736 6724726930 1238562 56667  47721
26.206405258 6725969616 1242686 56687  47867
26.218402354 6727189108 1219492 56666  48179
26.230392938 6728401320 1212212 56670  47891
26.242390725 6729392993 991673 56669  47249
26.254403990 6730348083 955090 56674  37976
26.266393967 6731587112 1239029 56669  46164
26.278400202 6732772912 1185800 56681  48153
26.290392255 6734007301 1234389 56665  47522
26.302390740 6735249223 1241922 56667  48052
26.314404327 6736190213 940990 56674  46958
26.326390501 6737428927 1238714 56672  46646
26.338395421 6738616419 1187492 56676  48418
26.350402839 6739847357 1230938 56671  47447
26.362403746 6741082739 1235382 56672  47844
26.374390904 6742318486 1235747 56670  48355
26.386390434 6743507001 1188515 56676  48217
26.398403295 6744725683 1218682 56679  48171
26.410391189 6745951309 1225626 56679  47580
26.422391126 6747180067 1228758 56677  48098
26.434411777 6748411492 1231425 56669  48263
26.446405288 6749588271 1176779 56660  48590
26.458391118 6750811133 1222862 56678  47892
26.470404549 6752031675 1220542 56673  47931
26.482405223 6753255635 1223960 56674  47913
26.494392500 6754435858 1180223 56666  48639
26.506405748 6755653178 1217320 56677  48063
26.518407752 6756873952 1220774 56679  48235
26.530393306 6758089232 1215280 56671  47446
26.542403703 6759308753 1219521 56684  48199
26.554401624 6760479137 1170384 56676  48568
26.566403385 6761696554 1217417 56668  48152
26.578390855 6762914669 1218115 56684  48246
26.590403383 6764127200 1212531 56676  47763
26.602398910 6765340910 1213710 56686  48122
26.614394434 6766505436 1164526 56677  48586
26.626387551 6767719118 1213682 56674  48259
26.638390722 6768931972 1212854 56687  48214
26.650407006 6770142581 1210609 56667  47998
26.662394634 6771353003 1210422 56673  48308
26.674391754 6772526537 1173534 56678  48249
26.686395445 6773722709 1196172 56674  48519
26.698406532 6774932297 1209588 56673  48231
26.710392297 6776139987 1207690 56680  48271
26.722395166 6777346893 1206906 56688  48155
26.734406461 6778552210 1205317 56681  47568
26.746406915 6779722264 1170054 56693  47066
26.758399569 6780913622 1191358 56674  45670
26.770402703 6782117353 1203731 56675  45345
26.782402794 6783318930 1201577 56679  45007
26.794404018 6784520220 1201290 56682  45597
26.806402102 6785722204 1201984 56686  44405
26.818395096 6786901295 1179091 56671  45563
26.830402623 6788073825 1172530 56679  45148
26.842392464 6789272589 1198764 56678  44704
26.854402778 6790469926 1197337 56674  45452
26.866390965 6791668112 1198186 56689  44123
26.878390479 6792863457 1195345 56670  45170
26.890400973 6794058955 1195498 56689  44594
26.902391881 6795254036 1195081 56678  44965
26.914402185 6796401297 1147261 56663  45194
26.926405475 6797594392 1193095 56697  44672
26.938390416 6798787683 1193291 56682  45147
26.950404980 6799979948 1192265 56679  44532
26.962393324 6801168125 1188177 56673  44801
26.974390998 6802357346 1189221 56701  44842
26.986404712 6803547448 1190102 56679  44645
26.998408147 6804697471 1150023 56681  45766
27.010394207 6805882413 1184942 56692  44566
27.022390154 6807069039 1186626 56679  45143
27.034406715 6808254075 1185036 56680  44377
27.046391915 6809438836 1184761 56678  45120
27.058390806 6810624739 1185903 56681  44747
27.070411104 6811809406 1184667 56687  44984
27.082403067 6812993251 1183845 56677  44999
27.094391428 6814176391 1183140 56681  44600
27.106403549 6815317413 1141022 56690  45286
27.118403134 6816494297 1176884 56671  45134
27.130403657 6817673953 1179656 56673  44634
27.142402995 6818854938 1180985 56704  45155
27.154395628 6820033712 1178774 56682  44313
27.166402430 6821210891 1177179 56665  45310
27.178402437 6822388289 1177398 56679  44303
27.190404118 6823565104 1176815 56673  45042
27.202390851 6824741788 1176684 56693  44734
27.214406139 6825917975 1176187 56685  44881
27.226390419 6827072364 1154389 56670  45313
27.238398777 6828222470 1150106 56678  44806
27.250394120 6829393883 1171413 56680  44939
27.262403515 6830566277 1172394 56674  44943
27.274395568 6831734337 1168060 56667  44871
27.286390886 6832903258 1168921 56687  44842
27.298392273 6834070441 1167183 56674  44668
27.310391788 6835238168 1167727 56677  45150
27.322403772 6836403025 1164857 56670  44745
27.334395002 6837567070 1164045 56679  44967
27.346390779 6838729236 1162166 56678  45130
27.358392490 6839889584 1160348 56674  44568
27.370402744 6841052867 1163283 56674  45621
27.382393878 6842213321 1160454 56668  44584
27.394403122 6843371097 1157776 56679  45403
27.406406803 6844518872 1147775 56697  44849
27.418403067 6845639043 1120171 56675  45505
27.430391048 6846794984 1155941 56679  44954
27.442403025 6847949073 1154089 56679  45094
27.454403852 6849101806 1152733 56684  45257
27.466403016 6850253330 1151524 56666  44746
27.478402910 6851401693 1148363 56665  45020
27.490394171 6852552224 1150531 56684  45184
27.502405602 6853699361 1147137 56674  45075
27.514405952 6854846815 1147454 56676  45128
27.526403653 6855992177 1145362 56667  44877
27.538406087 6857137064 1144887 56675  45199
27.550414274 6858281724 1144660 56673  45032
27.562403925 6859426267 1144543 56685  45118
27.574390666 6860568836 1142569 56674  45325
27.586405083 6861708182 1139346 56673  44960
27.598402800 6862847446 1139264 56674  45362
27.610391078 6863984975 1137529 56673  44722
27.622391792 6865122133 1137158 56665  45469
27.634405086 6866260484 1138351 56679  45031
27.646390600 6867395383 1134899 56669  45419
27.658392167 6868528763 1133380 56666  45024
27.670392438 6869662467 1133704 56674  45162
27.682403175 6870794917 1132450 56686  45457
27.694390402 6871928252 1133335 56669  45098
27.706400270 6873057965 1129713 56678  45354
27.718392594 6874187855 1129890 56686  45282
27.730402112 6875315302 1127447 56680  45494
27.742404582 6876443000 1127698 56667  45050
27.754394442 6877568502 1125502 56687  45466
27.766394010 6878693577 1125075 56664  45249
27.778392944 6879818341 1124764 56667  45396
27.790403871 6880940540 1122199 56684  45189
27.802394512 6882064418 1123878 56688  45614
27.814401802 6883183803 1119385 56683  45516
27.826402907 6884302546 1118743 56679  45391
27.838404531 6885419087 1116541 56679  45214
27.850391828 6886535170 1116083 56677  45295
27.862404099 6887651873 1116703 56686  45440
27.874411303 6888766536 1114663 56675  45324
27.886405527 6889881389 1114853 56676  45729
27.898402355 6890992336 1110947 56673  45100
27.910390988 6892104741 1112405 56688  45793
27.922402893 6893216979 1112238 56688  45350
27.934405370 6894327107 1110128 56680  45793
27.946393711 6895436396 1109289 56669  45359
27.958390740 6896543849 1107453 56697  45609
27.970402162 6897650783 1106934 56674  45662
27.982389588 6898759374 1108591 56670  45530
27.994390757 6899906193 1146819 56679  45664
28.006389663 6901010148 1103955 56677  45163
28.018403288 6902113021 1102873 56683  45863
28.030410205 6903214623 1101602 56684  45119
28.042392469 6904313927 1099304 56672  45599
28.054392406 6905414540 1100613 56676  45408
28.066391327 6906516116 1101576 56688  45619
28.078406098 6907616530 1100414 56691  45779
28.090391675 6908715521 1098991 56675  45297
28.102393616 6909812418 1096897 56682  45818
28.114404837 6910909553 1097135 56671  45336
28.126404817 6912003758 1094205 56683  45746
28.138390857 6913099544 1095786 56683  45520
28.150402702 6914193030 1093486 56679  45574
28.162402209 6915285419 1092389 56669  45720
28.174405703 6916417640 1132221 56688  45208
28.186399954 6917504390 1086750 56671  45679
28.198391451 6918592142 1087752 56671  45602
28.210405949 6919678469 1086327 56669  45690
28.222394619 6920766908 1088439 56684  45516
28.234391382 6921854431 1087523 56682  45911
28.246392501 6922941123 1086692 56675  45806
28.258402391 6924024498 1083375 56690  45500
28.270402875 6925104646 1080148 56677  45619
28.282391999 6926187392 1082746 56677  45712
28.294391300 6927267876 1080484 56678  45763
28.306392144 6928386340 1118464 56673  45385
28.318390715 6929462238 1075898 56671  45644
28.330393722 6930537211 1074973 56675  45441
28.342402745 6931614006 1076795 56666  45761
28.354407097 6932689396 1075390 56668  45694
28.366406854 6933765268 1075872 56683  45943
28.378393548 6934837519 1072251 56680  45767
28.390392821 6935910251 1072732 56686  45812
28.402390859 6936981438 1071187 56688  45663
28.414405043 6938053713 1072275 56684  45888
28.426391724 6939160218 1106505 56690  45320
28.438392850 6940225927 1065709 56666  45670
28.450403449 6941292860 1066933 56679  45773
28.462406363 6942358666 1065806 56680  45734
28.474394377 6943425059 1066393 56670  45923
28.486403071 6944491067 1066008 56669  45755
28.498406275 6945556021 1064954 56704  45978
28.510410379 6946618874 1062853 56672  45657
28.522390706 6947717002 1098128 56666  45517
28.534403827 6948777086 1060084 56667  45942
28.546403611 6949835285 1058199 56680  45792
28.558406671 6950895950 1060665 56699  46018
28.570403601 6951953631 1057681 56692  45745
28.582403843 6953012334 1058703 56683  46027
28.594407073 6954069988 1057654 56686  45871
28.606406767 6955148755 1078767 56698  45766
28.618406188 6956213049 1064294 56668  45889
28.630394622 6957263087 1050038 56677  45664
28.642405149 6958317170 1054083 56683  46206
28.654389843 6959369707 1052537 56687  46005
28.666413974 6960422925 1053218 56683  46313
28.678392531 6961474217 1051292 56687  46042
28.690404699 6962555592 1081375 56688  45526
28.702390346 6963602313 1046721 56676  46110
28.714393742 6964648439 1046126 56675  45779
28.726393264 6965696543 1048104 56690  46350
28.738390207 6966743235 1046692 56684  45952
28.750395099 6967788688 1045453 56670  46178
28.762391508 6968857705 1069017 56677  45642
28.774402637 6969906606 1048901 56682  45812
28.786390986 6970948808 1042202 56685  46211
28.798392374 6971988325 1039517 56673  46042
28.810406139 6973029042 1040717 56677  46292
28.822394275 6974069911 1040869 56685  46054
28.834393016 6975127596 1057685 56676  46014
28.846394973 6976179655 1052059 56671  46003
28.858392024 6977216417 1036762 56679  46057
28.870403415 6978252829 1036412 56689  46226
28.882407006 6979288508 1035679 56682  46305
28.894392449 6980329128 1040620 56685  46210
28.906403584 6981390401 1061273 56684  45841
28.918402501 6982424387 1033986 56680  46341
28.930406799 6983458600 1034213 56676  46191
28.942393098 6984489243 1030643 56673  46172
28.954403497 6985531789 1042546 56683  46153
28.966402531 6986582125 1050336 56666  46085
28.978414111 6987611242 1029117 56665  46034
28.990391184 6988640305 1029063 56682  46244
29.002406393 6989668797 1028492 56672  46531
29.014405387 6990731655 1062858 56683  45910
29.026402146 6991755387 1023732 56671  49853
29.038395498 6992782785 1027398 56681  52018
29.051326870 6993894347 1111562 61403  56258
29.063396526 6994917717 1023370 56670  51766
29.075404634 6995970183 1052466 56676  51176
29.087393048 6996990368 1020185 56672  50696
29.099402695 6998009429 1019061 56672  49594
29.111403469 6999026961 1017532 56690  48913
29.123406293 7000063945 1036984 56676  48104
29.135406454 7001086187 1022242 56690  47871
29.147403368 7002101765 1015578 56679  48279
29.159391565 7003115536 1013771 56675  47807
29.171390496 7004132727 1017191 56673  47962
29.183394746 7005167918 1035191 56676  47002
29.195394294 7006177468 1009550 56678  47424
29.207406928 7007189740 1012272 56701  47573
29.219403028 7008198894 1009154 56680  47359
29.231391816 7009233734 1034840 56673  47035
29.243390176 7010238473 1004739 56675  47305
29.255404424 7011245212 1006739 56684  47477
29.267390978 7012251302 1006090 56679  47542
29.279390832 7013281225 1029923 56668  46832
29.291390879 7014284003 1002778 56672  47323
29.303402036 7015283691 999688 56681  46951
29.315403497 7016285950 1002259 56673  47258
29.327401951 7017310741 1024791 56668  46773
29.339407055 7018309191 998450 56683  46841
29.351406562 7019306732 997541 56677  46986
29.363405396 7020302716 995984 56673  47076
29.375392797 7021324895 1022179 56670  46377
29.387407688 7022320263 995368 56682  47108
29.399390732 7023314968 994705 56684  46893
29.411401376 7024335789 1020821 56672  46572
29.423403360 7025322861 987072 56674  46636
29.435406044 7026314442 991581 56675  46880
29.447388581 7027304972 990530 56683  47323
29.459414858 7028322038 1017066 56681  46708
29.471392416 7029307773 985735 56666  47413
29.483406133 7030295628 987855 56696  47098
29.495403300 7031282181 986553 56668  47188
29.507392227 7032293039 1010858 56670  46948
29.519406095 7033276928 983889 56682  47089
29.531391195 7034260891 983963 56686  47393
29.543403546 7035271225 1010334 56687  46744
29.555391913 7036249716 978491 56677  47006
29.567390893 7037232268 982552 56700  47194
29.579389778 7038224547 992279 56674  46883
29.591393651 7039213965 989418 56666  46875
29.603390953 7040189574 975609 56684  47032
29.615390853 7041168111 978537 56704  47193
29.627401537 7042168007 999896 56675  46554
29.639407615 7043141403 973396 56672  47106
29.651394128 7044115035 973632 56676  47001
29.663390465 7045115589 1000554 56682  46701
29.675402259 7046084365 968776 56669  46994
29.687391600 7047057076 972711 56678  47247
29.699392084 7048056149 999073 56672  46708
29.711394135 7049021855 965706 56675  46849
29.723403355 7049991420 969565 56683  47450
29.735392393 7050982192 990772 56684  46878
29.747456228 7051952335 970143 56673  47321
29.759402181 7052919841 967506 56683  47216
29.771404561 7053886469 966628 56696  47248
29.783403285 7054871659 985190 56679  47193
29.795406763 7055836546 964887 56681  47234
29.807390790 7056817563 981017 56682  47439
29.819406251 7057786912 969349 56673  46816
29.831402438 7058747024 960112 56677  47111
29.843402935 7059706848 959824 56671  47044
29.855393659 7060688322 981474 56673  46550
29.867393940 7061648601 960279 56686  47271
29.879405531 7062606472 957871 56679  47288
29.891390831 7063585418 978946 56674  46408
29.903402442 7064541671 956253 56684  47028
29.915389793 7065496407 954736 56688  47054
29.927394530 7066474504 978097 56677  46682
29.939400514 7067427930 953426 56679  47233
29.951393015 7068408291 980361 56676  46806
29.963402362 7069355690 947399 56682  47169
29.975405263 7070307039 951349 56683  47461
29.987390470 7071279841 972802 56679  46900
29.999390947 7072225282 945441 56675  47675
30.011406228 7073172469 947187 56678  47196
30.023393412 7074139725 967256 56693  47202
30.035394876 7075085650 945925 56687  47594
30.047405690 7076031310 945660 56694  47567
30.059403014 7076994296 962986 56673  47140
30.071390678 7077934262 939966 56685  47462
30.083401415 7078901395 967133 56671  47202
30.095411973 7079838148 936753 56679  47373
30.107404767 7080778511 940363 56682  47509
30.119390503 7081738365 959854 56685  46985
30.131391164 7082673693 935328 56676  47304
30.143390578 7083610422 936729 56675  47243
30.155408303 7084566611 956189 56673  46989
30.167401769 7085501398 934787 56685  47240
30.179391386 7086460652 959254 56702  47128
30.191402247 7087390154 929502 56674  47494
30.203402798 7088323103 932949 56687  47341
30.215391135 7089276130 953027 56673  47064
30.227394922 7090208446 932316 56684  47474
30.239403896 7091162619 954173 56690  47233
30.251389590 7092088449 925830 56674  47652
30.263398421 7093017556 929107 56690  47741
30.275403475 7093965049 947493 56657  47019
30.287394029 7094893597 928548 56676  47712
30.299391216 7095842110 948513 56680  47277
30.311404750 7096766808 924698 56676  47319
30.323391234 7097691340 924532 56697  47566
30.335426148 7098635093 943753 56669  46863
30.347406546 7099557720 922627 56678  47438
30.359394240 7100499028 941308 56674  47045
30.371390527 7101418628 919600 56684  47043
30.383406044 7102343640 925012 56679  47349
30.395402805 7103278165 934525 56675  47022
30.407389875 7104197073 918908 56687  47472
30.419410800 7105132035 934962 56677  46836
30.431405027 7106047512 915477 56678  47248
30.443407434 7106986517 939005 56690  47160
30.455392361 7107898442 911925 56679  47501
30.467403788 7108814544 916102 56691  47278
30.479395199 7109746188 931644 56672  47169
30.491405309 7110658097 911909 56685  47582
30.503402994 7111588541 930444 56667  46890
30.515393551 7112500565 912024 56684  47702
30.527405522 7113430890 930325 56671  47211
30.539401995 7114338328 907438 56675  47471
30.551392829 7115270654 932326 56696  47618
30.563394047 7116171626 900972 56673  47493
30.575417027 7117080187 908561 56701  47805
30.587402488 7118004535 924348 56682  47499
30.599394922 7118909339 904804 56684  47738
30.611391036 7119830723 921384 56675  47072
30.623404690 7120733064 902341 56670  47859
30.635405487 7121655283 922219 56691  47165
30.647402925 7122556445 901162 56671  47813
30.659393135 7123478828 922383 56684  47380
30.671402166 7124374997 896169 56683  47444
30.683405607 7125280192 905195 56691  47678
30.695404961 7126192935 912743 56700  47350
30.707404438 7127090239 897304 56692  47738
30.719403499 7128003064 912825 56676  47172
30.731400766 7128898289 895225 56681  47687
30.743392513 7129809985 911696 56666  47367
30.755389226 7130705162 895177 56706  48064
30.767405948 7131614305 909143 56664  47333
30.779389928 7132504801 890496 56673  47809
30.791404013 7133412554 907753 56685  47658
30.803393489 7134304280 891726 56675  47751
30.815391850 7135210262 905982 56667  47873
30.827408418 7136099112 888850 56690  47879
30.839389184 7137000236 901124 56670  47387
30.851391705 7137885195 884959 56687  47952
30.863390749 7138785229 900034 56668  47729
30.875393903 7139669853 884624 56694  47894
30.887391780 7140567806 897953 56681  47744
30.899402714 7141448856 881050 56683  48212
30.911403192 7142344445 895589 56694  47486
30.923402009 7143222631 878186 56692  48280
30.935395773 7144115788 893157 56687  47656
30.947405704 7144992310 876522 56691  47964
30.959395528 7145882310 890000 56680  47815
30.971404092 7146777434 895124 56683  47864
30.983403759 7147646135 868701 56673  47783
30.995390006 7148536120 889985 56681  47927
31.007401807 7149404457 868337 56672  48108
31.019406358 7150289460 885003 56672  47473
31.031406122 7151158387 868927 56662  48304
31.043402432 7152042740 884353 56672  47859
31.055414003 7152910828 868088 56713  48297
31.067411744 7153789855 879027 56672  47862
31.079393763 7154653403 863548 56703  48226
31.091390678 7155530793 877390 56674  47616
31.103406999 7156411746 880953 56684  48102
31.115393602 7157269828 858082 56676  48194
31.127402274 7158143687 873859 56673  47553
31.139394500 7159000846 857159 56690  48183
31.151391461 7159873375 872529 56669  47726
31.163406005 7160732707 859332 56696  48208
31.175389875 7161603096 870389 56682  47834
31.187391133 7162476181 873085 56678  47975
31.199390033 7163325339 849158 56672  47659
31.211398281 7164194343 869004 56701  48065
31.223394601 7165045383 851040 56684  48228
31.235391872 7165910551 865168 56668  47705
31.247405766 7166760494 849943 56699  48363
31.259389283 7167622635 862141 56675  47827
31.271393367 7168476466 853831 56690  48071
31.283403841 7169331174 854708 56678  48068
31.295394488 7170191026 859852 56685  48041
31.307394129 7171034726 843700 56682  47877
31.319405243 7171891643 856917 56672  48015
31.331390166 7172735837 844194 56679  48342
31.343401501 7173591427 855590 56669  47715
31.355405458 7174449348 857921 56698  48207
31.367414459 7175283553 834205 56679  47975
31.379406330 7176135181 851628 56671  47792
31.391391263 7176974831 839650 56684  48331
31.403406744 7177823682 848851 56669  48026
31.415390594 7178661511 837829 56715  48054
31.427391052 7179506145 844634 56676  47841
31.439406486 7180354899 848754 56680  48138
31.451394436 7181187249 832350 56681  47970
31.463403747 7182031259 844010 56676  48081
31.475403144 7182863672 832413 56689  48172
31.487395418 7183704730 841058 56666  47819
31.499393369 7184549599 844869 56685  47966
31.511390146 7185376175 826576 56674  48093
31.523402344 7186216275 840100 56678  47872
31.535398841 7187045193 828918 56698  48100
31.547391851 7187882221 837028 56675  47957
31.559405682 7188722044 839823 56690  47836
31.571391369 7189544600 822556 56666  48143
31.583392563 7190379643 835043 56669  47856
31.595402544 7191203108 823465 56680  48189
31.607403091 7192036089 832981 56675  47837
31.619405721 7192870993 834904 56672  48002
31.631393335 7193691236 820243 56687  48251
31.643389476 7194520727 829491 56669  47567
31.655405563 7195340408 819681 56701  48412
31.667406324 7196167751 827343 56677  47652
31.679401591 7196996224 828473 56679  48028
31.691411745 7197813601 817377 56689  48250
31.703392826 7198637706 824105 56673  48147
31.715393917 7199464083 826377 56691  47798
31.727391584 7200271852 807769 56666  48125
31.739405691 7201094396 822544 56672  48431
31.751391939 7201906225 811829 56700  48124
31.763390082 7202725353 819128 56671  48356
31.775406900 7203542724 817371 56682  47995
31.787402434 7204349533 806809 56672  48406
31.799394467 7205166482 816949 56673  47831
31.811403765 7205984076 817594 56672  48577
31.823393445 7206787051 802975 56680  48110
31.835394326 7207599539 812488 56674  47905
31.847397816 7208417935 818396 56689  48397
31.859395370 7209213740 795805 56662  48148
31.871401941 7210024660 810920 56665  48143
31.883407982 7210825676 801016 56691  48420
31.895406949 7211632276 806600 56672  48186
31.907403566 7212439001 806725 56662  47862
31.919402140 7213238081 799080 56694  48802
31.931403084 7214043277 805196 56669  48122
31.943391482 7214847985 804708 56676  48270
31.955390212 7215642630 794645 56699  48429
31.967403870 7216443921 801291 56670  48224
31.979390884 7217248027 804106 56684  48220
31.991402948 7218040505 792478 56678  48560
32.003400115 7218839957 799452 56670  48310
32.015403202 7219640489 800532 56683  48123
32.027404996 7220429427 788938 56673  48561
32.039394606 7221227369 797942 56666  48100
32.051394057 7222025507 798138 56681  48489
32.063391661 7222812833 787326 56696  48372
32.075406068 7223605710 792877 56673  48282
32.087390789 7224401038 795328 56672  48375
32.099389323 7225184581 783543 56675  48455
32.111403710 7225976047 791466 56678  48445
32.123403904 7226765576 789529 56673  48264
32.135391785 7227545029 779453 56673  48484
32.147405002 7228330667 785638 56667  47937
32.159393975 7229118460 787793 56673  48660
32.171412723 7229896160 777700 56685  48417
32.183391323 7230679958 783798 56657  48241
32.195402497 7231462944 782986 56674  48592
32.207393862 7232237879 774935 56686  48526
32.219404892 7233019852 781973 56673  48344
32.231390849 7233800925 781073 56669  48531
32.243393220 7234576039 775114 56687  48905
32.255387540 7235355736 779697 56679  48154
32.267390588 7236135569 779833 56677  48778
32.279402395 7236918610 783041 56685  48449
32.291401989 7237684065 765455 56670  48708
32.303403786 7238459661 775596 56679  48337
32.315390674 7239236834 777173 56690  48562
32.327414698 7240003703 766869 56681  48814
32.339392922 7240777938 774235 56669  48426
32.351401409 7241551007 773069 56666  48884
32.363395525 7242316848 765841 56680  48456
32.375405484 7243086624 769776 56672  48452
32.387393300 7243857696 771072 56673  48343
32.399392834 7244630310 772614 56688  49045
32.411403345 7245390109 759799 56670  48464
32.423390859 7246156907 766798 56663  48507
32.435391506 7246922531 765624 56666  48620
32.447391157 7247683823 761292 56686  48693
32.459393911 7248449444 765621 56670  48578
32.471390828 7249214208 764764 56677  48661
32.483413125 7249980668 766460 56680  48842
32.495392253 7250737231 756563 56693  48613
32.507405487 7251498814 761583 56665  48703
32.519391407 7252084452 585638 56670  48852
32.531406178 7252657717 573265 56675  40562
32.543395854 7253235698 577981 56667  39128
32.555406063 7253884351 648653 56678  50794
32.567408299 7254501980 617629 56664  41312
32.579407767 7255077967 575987 56684  38927
32.591406984 7255744847 666880 56703  50430
32.603389951 7256360092 615245 56673  41148
32.615405762 7256937621 577529 56666  39116
32.627402976 7257585638 648017 56669  50798
32.639411190 7258213112 627474 56660  40724
32.651390847 7258808096 594984 56667  42543
32.663402938 7259420388 612292 56699  47897
32.675391988 7260051043 630655 56682  40365
32.687403039 7260674318 623275 56668  46855
32.699394802 7261264417 590099 56661  44403
32.711406314 7261873260 608843 51947  39478
32.722394720 7262484533 611273 56666  48050
32.734391506 7263077464 592931 56688  39833
32.746403848 7263756442 678978 56676  50642
32.758393601 7264332196 575754 56666  41421
32.770390428 7264909435 577239 56667  39873
32.782392785 7265567170 657735 56669  50975
32.794403226 7266147584 580414 56710  40696
32.806401787 7266724788 577204 56672  39686
32.818403644 7267381439 656651 56660  50857
32.830393051 7267967679 586240 56665  40804
32.842406782 7268541776 574097 56686  39927
32.854390643 7269174670 632894 56690  51307
32.866404123 7269762291 587621 56663  39967
32.878406151 7270340032 577741 56670  40224
32.890408565 7270972371 632339 56685  51189
32.902405949 7271557664 585293 56672  39759
32.914391899 7272091267 533603 51939  37282
32.925397129 7272716837 625570 56676  50210
32.937389828 7273354222 637385 51942  41730
32.948402575 7273946754 592532 56667  46937
32.960413856 7274641574 694820 56676  48315
32.972407237 7275216525 574951 56678  44752
32.984405481 7275776176 559651 51954  39055
32.995393762 7276394936 618760 56672  49409
33.007402381 7276991814 596878 56664  41356
33.019392020 7277626304 634490 56667  51185
33.031404701 7278231168 604864 56694  41724
33.043394658 7278874650 643482 56676  51077
33.055403296 7279468530 593880 56672  41920
33.067392126 7280125229 656699 56665  50961
33.079404990 7280698837 573608 56657  42135
33.091391448 7281297163 598326 51950  44592
33.102403034 7281872384 575221 56701  44030
33.114404088 7282530933 658549 56673  48192
33.126394438 7283113046 582113 56665  45433
33.138392082 7283764229 651183 56671  47318
33.150406626 7284353652 589423 56671  46359
33.162406517 7284926913 573261 56668  41767
33.174393407 7285559511 632598 56689  51173
33.186389887 7286136981 577470 56669  41960
33.198392021 7286783251 646270 56679  51169
33.210406255 7287406825 623574 56664  42530
33.222391433 7288040446 633621 56685  51199
33.234389993 7288612534 572088 56673  42211
33.246393367 7289235394 622860 56665  47366
33.258393675 7289824282 588888 56666  45443
33.270391265 7290519191 694909 56674  48970
33.282410353 7291094589 575398 56668  44408
33.294403757 7291747708 653119 56676  51109
33.306405901 7292310346 562638 56666  43155
33.318390654 7292948099 637753 56687  50246
33.330396368 7293522450 574351 56670  44141
33.342403306 7294095901 573451 51954  44676
33.353390894 7294676214 580313 56669  45140
33.365406815 7295253827 577613 51951  43285
33.376403585 7295843832 590005 56666  46110
33.388406459 7296441069 597237 51957  44837
33.399390428 7297016558 575489 56694  44781
33.411393122 7297680734 664176 56669  50609
33.423403302 7298247167 566433 56667  43507
33.435398870 7298893314 646147 56677  51331
33.447407764 7299487113 593799 56672  43590
33.459391591 7300117566 630453 56698  51149
33.471407642 7300693284 575718 56663  43536
33.483403892 7301327800 634516 56668  51276
33.495406953 7301904673 576873 56661  42426
33.507394379 7302569305 664632 56682  50913
33.519403654 7303137302 567997 56677  42691
33.531391414 7303760278 622976 56669  48139
33.543402281 7304347958 587680 56661  46180
33.555405789 7304889193 541235 51947  40707
33.566393305 7305501204 612011 56699  48638
33.578402809 7306218531 717327 56681  50276
33.590402496 7306809123 590592 56677  44411
33.602392120 7307443687 634564 56670  51428
33.614406651 7308169939 726252 56659  50335
33.626396121 7308752906 582967 56670  45845
33.638406105 7309387180 634274 56672  51339
33.650402729 7309911058 523878 51946  41916
33.661404155 7310540017 628959 56716  50910
33.673392963 7311173935 633918 56678  51833
33.685391446 7311750302 576367 56663  44768
33.697390717 7312384814 634512 56668  51406
33.709402391 7312957081 572267 56688  44503
33.721405678 7313590160 633079 56679  51231
33.733402632 7314165971 575811 56668  44030
33.745398306 7314800431 634460 56670  51361
33.757406920 7315372965 572534 56675  43475
33.769390524 7316006121 633156 56683  51429
33.781404648 7316581936 575815 56671  43107
33.793391718 7317223409 641473 56671  49311
33.805392696 7317799194 575785 56677  44238
33.817404230 7318344833 545639 51965  39660
33.828392516 7318964033 619200 56671  49390
33.840403470 7319569301 605268 56670  42047
33.852402857 7320203658 634357 56672  51112
33.864406268 7320806580 602922 56686  41761
33.876403348 7321449917 643337 56685  51034
33.888391815 7322034255 584338 56673  42047
33.900391199 7322690196 655941 56672  51051
33.912410926 7323264626 574430 56666  42623
33.924391357 7323857270 592644 51962  44163
33.935402889 7324436767 579497 56667  44555
33.947391500 7324988788 552021 51953  38613
33.958406197 7325614264 625476 56667  50005
33.970405120 7326220172 605908 56663  42017
33.982389977 7326849180 629008 56691  50889
33.994403838 7327456263 607083 56682  41638
34.006402259 7328111202 654939 56667  50988
34.018389849 7328685860 574658 56668  41731
34.030391137 7329234124 548264 51932  39368
34.041405499 7329847910 613786 56689  48526
34.053403557 7330454417 606507 56669  41041
34.065399737 7331051702 597285 56667  43576
34.077404321 7331674479 622777 56661  47205
34.089425699 7332307499 633020 56680  40782
34.101391442 7332893587 586088 56686  40848
34.113394776 7333535370 641783 56671  48847
34.125390950 7334170928 635558 56670  41006
34.137403170 7334746518 575590 56668  37713
34.149403531 7335408960 662442 56704  50729
34.161390958 7336022284 613324 56680  41815
34.173394069 7336597814 575530 56671  37938
34.185389883 7337262873 665059 56668  50927
34.197406394 7337849148 586275 51944  37982
34.208393095 7338417982 568834 56671  36582
34.220414990 7339091482 673500 56698  50740
34.232394183 7339689329 597847 51946  39550
34.243392936 7340319885 630556 56666  49462
34.255406098 7340954160 634275 56666  51833
34.267402578 7341593582 639422 56671  51844
34.279391188 7342222790 629208 56685  51913
34.291391642 7342793267 570477 56675  48766
34.303407086 7343427922 634655 56677  51158
34.315403237 7344000362 572440 51947  46448
34.326402316 7344576767 576405 56681  47203
34.338406100 7345211263 634496 56675  51620
34.350403281 7345854028 642765 56670  51657
34.362390240 7346488286 634258 56662  51444
34.374412712 7347130300 642014 56680  51643
34.386391525 7347760414 630114 56689  51066
34.398403499 7348403339 642925 56675  51421
34.410404056 7349038260 634921 56673  51050
34.422405580 7349680736 642476 56672  51363
34.434390558 7350312929 632193 56682  51032
34.446391712 7350950685 637756 56674  51012
34.458390755 7351585363 634678 56671  50870
34.470394103 7352219840 634477 56672  51007
34.482403714 7352855511 635671 56676  50876
34.494405054 7353486247 630736 56692  51018
34.506393441 7354134697 648450 56690  46849
34.518391415 7354838405 703708 56674  47095
34.530414422 7355526538 688133 56672  48674
34.542392946 7355922641 396103 56689  53554
34.554403170 7356284972 362331 56712  54291
34.566406187 7356633300 348328 56716  45091
34.578392994 7356985826 352526 56719  46955
34.590392749 7357644202 658376 51964  28335
34.601404111 7358298974 654772 29890  27794
34.613409402 7359036973 737999 33906  31882
34.625394629 7359774897 737924 33916  31878
34.637403957 7360463420 688523 41227  39547
34.649407500 7361183785 720365 52066  31626
34.661391804 7362187876 1004091 56694  52759
34.673396364 7377399156 15211280 21437  20328
34.691665127 7389511014 12111858 9861  2763
34.703405323 7392540699 3029685 56630  3489
34.715394340 7394132546 1591847 56648  3906
34.727393297 7395371051 1238505 56659  6998
34.739405728 7396344391 973340 56658  4948
34.751406272 7397210148 865757 56706  5850
34.763391352 7398017950 807802 56676  6211
34.775390539 7398773021 755071 56677  5743
34.787405860 7399480177 707156 56696  5498
34.799390540 7400141506 661329 56676  4796
34.811402954 7400790127 648621 56673  5384
34.823404332 7401419269 629142 56681  5213
34.835392546 7402032469 613200 56689  5083
34.847403140 7402639609 607140 56700  4898
34.859409867 7403229670 590061 56668  4828
34.871403638 7403822055 592385 56680  4567
34.883400017 7404406789 584734 56680  4863
34.895407188 7404987100 580311 56698  4918
34.907389599 7405562542 575442 56691  4950
34.919406266 7406123801 561259 56699  4798
34.931405400 7406680089 556288 56696  4762
34.943402907 7407235770 555681 56690  4804
34.955391241 7407785908 550138 56692  4727
34.967394164 7408337936 552028 56681  4766
34.979395065 7408877609 539673 56689  4638
34.991406430 7409420816 543207 56685  4731
35.003402283 7409964735 543919 56685  4741
35.015410001 7410511013 546278 56680  4804
35.027390531 7411047769 536756 56698  4695
35.039392975 7411590015 542246 56701  4789
35.051392696 7412128616 538601 56688  4767
35.063394970 7412666718 538102 56696  4755
35.075404444 7413202344 535626 56695  4735
35.087402361 7413749277 546933 56691  4908
35.099390911 7414291860 542583 56693  4848
35.111389758 7414847376 555516 56699  5033
35.123405979 7415397134 549758 56689  4970
35.135401893 7415947319 550185 56699  4999
35.147406187 7416502583 555264 56689  5051
35.159404071 7417057252 554669 56698  5058
35.171394511 7417609808 552556 56697  5034
35.183403395 7418172246 562438 56701  5161
35.195401726 7418733233 560987 56716  5144
35.207405140 7419303313 570080 56695  5273
35.219404026 7419867927 564614 56695  5201
35.231403550 7420445580 577653 56700  5383
35.243393371 7421024989 579409 56705  5414
35.255391968 7421605691 580702 56693  5439
35.267394549 7422188426 582735 56704  5481
35.279400920 7422769552 581126 56691  5447
35.291393849 7423353767 584215 56699  5495
35.303391697 7423946699 592932 56699  5628
35.315391881 7424532846 586147 56686  5518
35.327391925 7425117068 584222 56716  5483
35.339411449 7425715724 598656 56703  5694
35.351391113 7426304935 589211 56697  5560
35.363389153 7426905170 600235 56691  5721
35.375390826 7427508163 602993 56700  5757
35.387391290 7428100678 592515 56685  5610
35.399390588 7428702758 602080 56690  5748
35.411405172 7429306032 603274 56708  5773
35.423404819 7429909199 603167 56684  5761
35.435404893 7430514625 605426 56695  5798
35.447389260 7431121039 606414 56697  5823
35.459404351 7431729337 608298 56674  5851
35.471405602 7432338605 609268 56699  5851
35.483402979 7432948336 609731 56680  5863
35.495409756 7433569264 620928 56693  6017
35.507392109 7434180878 611614 56691  5873
35.519404183 7434791677 610799 56697  5869
35.531402647 7435411880 620203 56709  6014
35.543402945 7436024308 612428 56684  5911
35.555405689 7436637904 613596 56711  5918
35.567402849 7437259869 621965 56688  6031
35.579392367 7437879495 619626 56696  5995
35.591390290 7438499446 619951 56697  6021
35.603392964 7439125208 625762 56696  6089
35.615402234 7439742946 617738 56702  5973
35.627390412 7440367019 624073 56703  6058
35.639390819 7440992171 625152 56691  6078
35.651410336 7441617320 625149 56685  6093
35.663408170 7442242375 625055 56687  6070
35.675407068 7442861476 619101 56688  6000
35.687393834 7443484263 622787 56692  6059
35.699390331 7444111007 626744 56690  6093
35.711403976 7444738888 627881 56685  6119
35.723394399 7445366633 627745 56687  6112
35.735391500 7445997122 630489 56700  6151
35.747388824 7446632065 634943 56684  6209
35.759405575 7447260484 628419 56688  6133
35.771401939 7447888468 627984 56737  6114
35.783390098 7448515898 627430 56690  6111
35.795403400 7449142766 626868 56700  6108
35.807402784 7449780602 637836 56683  6262
35.819401097 7450409484 628882 56693  6126
35.831394194 7451037412 627928 56693  6135
35.843406885 7451676106 638694 56706  6275
35.855408096 7452305007 628901 56708  6131
35.867389280 7452934243 629236 56698  6138
35.879395263 7453573682 639439 56704  6278
35.891404254 7454202200 628518 56680  6125
35.903403808 7454840661 638461 56691  6293
35.915391068 7455468302 627641 56685  6112
35.927391172 7456105497 637195 56683  6256
35.939389753 7456743112 637615 56684  6242
35.951389300 7457369071 625959 56696  6089
35.963403824 7458007220 638149 56694  6279
35.975411711 7458642641 635421 56682  6215
35.987396595 7459271426 628785 56688  6123
35.999392922 7459909140 637714 56689  6259
36.011404372 7460547129 637989 56686  6264
36.023407627 7461183348 636219 56698  6226
36.035403060 7461813822 630474 56696  6151
36.047391321 7462451412 637590 56684  6244
36.059403255 7463088731 637319 56684  6247
36.071407996 7463724730 635999 56694  6220
36.083391092 7464361427 636697 56686  6232
36.095402484 7464997848 636421 56694  6234
36.107390180 7465634477 636629 56687  6242
36.119401861 7466271251 636774 56673  6229
36.131400665 7466907064 635813 56692  6221
36.143394982 7467544071 637007 56685  6244
36.155403783 7468181151 637080 56681  6249
36.167406887 7468817845 636694 56688  6239
36.179405374 7469454348 636503 56700  6253
36.191393411 7470090920 636572 56698  6239
36.203390001 7470727924 637004 56703  6247
36.215405125 7471368217 640293 56692  6291
36.227394829 7472011265 643048 56718  6325
36.239393413 7472647033 635768 56694  6228
36.251405814 7473282049 635016 56672  6226
36.263403718 7473916278 634229 56703  6237
36.275390987 7474563379 647101 56685  6394
36.287410496 7475199329 635950 56692  6261
36.299402875 7475834958 635629 56690  6230
36.311403489 7476481464 646506 56689  6387
36.323393337 7477119331 637867 56705  6264
36.335394401 7477756246 636915 56706  6254
36.347403571 7478404064 647818 56702  6400
36.359405955 7479040816 636752 56686  6266
36.371390328 7479685841 645025 56691  6357
36.383393336 7480325031 639190 56699  6282
36.395402550 7480963301 638270 56703  6275
36.407407777 7481608841 645540 56697  6388
36.419394464 7482247069 638228 56692  6274
36.431395418 7482891413 644344 56685  6375
36.443403022 7483534808 643395 56695  6339
36.455397373 7484174740 639932 56689  6288
36.467395989 7484821998 647258 56706  6392
36.479394217 7485458000 636002 56694  6264
36.491408251 7486105121 647121 56696  6412
36.503402328 7486751258 646137 56688  6380
36.515396622 7487388967 637709 56685  6280
36.527389822 7488037198 648231 56698  6404
36.539402932 7488684980 647782 56689  6396
36.551405980 7489320995 636015 56688  6239
36.563391330 7489967594 646599 56707  6386
36.575396868 7490613751 646157 56689  6367
36.587405228 7491255938 642187 56663  6372
36.599405969 7491894992 639054 56695  6311
36.611394393 7492540992 646000 56685  6395
36.623403987 7493187317 646325 56679  6386
36.635406627 7493834053 646736 56694  6393
36.647393314 7494480173 646120 56699  6367
36.659409299 7495116463 636290 56698  6237
36.671406725 7495762419 645956 56692  6376
36.683391873 7496409013 646594 56698  6404
36.695407160 7497055191 646178 56695  6371
36.707390280 7497701067 645876 56690  6391
36.719405598 7498346749 645682 56687  6371
36.731391744 7498993224 646475 56687  6382
36.743394628 7499639159 645935 56687  6373
36.755402589 7500284889 645730 56688  6368
36.767411320 7500929893 645004 56717  6376
36.779407304 7501574685 644792 56699  6365
36.791390233 7502218903 644218 56691  6398
36.803392801 7502862868 643965 56682  6346
36.815390955 7503507061 644193 56698  6358
36.827397845 7504152158 645097 56701  6373
36.839393256 7504796636 644478 56693  6356
36.851405673 7505441423 644787 56690  6390
36.863391147 7506086096 644673 56683  6364
36.875401705 7506732787 646691 56694  6383
36.887404959 7507387913 655126 56693  6546
36.899393115 7508032555 644642 56710  6388
36.911391386 7508677592 645037 56714  6361
36.923402003 7509322070 644478 56696  6365
36.935392264 7509966247 644177 56689  6359
36.947404914 7510616526 650279 56704  6427
36.959402502 7511266418 649892 56702  6428
36.971404109 7511910520 644102 56690  6343
36.983403133 7512554307 643787 56711  6351
36.995393173 7513200578 646271 56709  6377
37.007404023 7513852476 651898 56683  6456
37.019393641 7514496198 643722 56708  6354
37.031390481 7515140140 643942 56709  6351
37.043389429 7515794859 654719 56683  6527
37.055392638 7516438127 643268 56686  6336
37.067404580 7517081792 643665 56713  6345
37.079396990 7517737562 655770 56696  6534
37.091400337 7518381493 643931 56686  6371
37.103404058 7519024884 643391 56683  6355
37.115405785 7519679457 654573 56688  6502
37.127390532 7520323026 643569 56690  6340
37.139405940 7520978668 655642 56686  6506
37.151407384 7521621825 643157 56685  6354
37.163393193 7522266621 644796 56702  6358
37.175391601 7522918307 651686 56690  6454
37.187405058 7523560111 641804 56698  6335
37.199402662 7524214469 654358 56695  6511
37.211402076 7524856439 641970 56695  6322
37.223394399 7525510757 654318 56722  6491
37.235407263 7526152936 642179 56689  6314
37.247417185 7526807418 654482 56709  6496
37.259408468 7527449360 641942 56688  6307
37.271395982 7528103732 654372 56689  6513
37.283396816 7528747437 643705 56686  6337
37.295401816 7529401469 654032 56689  6481
37.307390279 7530055990 654521 56692  6495
37.319390953 7530698352 642362 56709  6331
37.331403821 7531351709 653357 56698  6480
37.343405391 7531992836 641127 56704  6315
37.355395189 7532646308 653472 56698  6486
37.367392073 7533299786 653478 56692  6471
37.379390647 7533940519 640733 56674  6307
37.391402754 7534593426 652907 56690  6487
37.403398360 7535241074 647648 56692  6414
37.415397888 7535885330 644256 56695  6382
37.427390065 7536537395 652065 56684  6470
37.439407296 7537186685 649290 56689  6445
37.451390313 7537828247 641562 56698  6334
37.463402924 7538479768 651521 56675  6469
37.475403203 7539131604 651836 56683  6464
37.487407511 7539771590 639986 56680  6291
37.499391728 7540423542 651952 56693  6476
37.511394139 7541075159 651617 56700  6507
37.523404963 7541726732 651573 56693  6461
37.535407270 7542365675 638943 56703  6310
37.547402261 7543017421 651746 56695  6465
37.559400974 7543669146 651725 56720  6511
37.571406034 7544320735 651589 56693  6470
37.583407128 7544968364 647629 56693  6403
37.595408589 7545610239 641875 56692  6332
37.607394223 7546261375 651136 56699  6532
37.619391527 7546913002 651627 56698  6499
37.631402127 7547563901 650899 56700  6452
37.643393951 7548214217 650316 56688  6501
37.655391838 7548860279 646062 56700  6388
37.667405009 7549501572 641293 56689  6323
37.679407443 7550151122 649550 56698  6438
37.691392957 7550800259 649137 56696  6448
37.703394626 7551449651 649392 56699  6466
37.715390354 7552098489 648838 56704  6430
37.727415022 7552747039 648550 56706  6425
37.739390715 7553395037 647998 56697  6410
37.751392279 7554042985 647948 56695  6455
37.763395793 7554690241 647256 56678  6416
37.775402253 7555335093 644852 56691  6356
37.787406504 7555977522 642429 56682  6343
37.799390721 7556620725 643203 56699  6382
37.811408441 7557265710 644985 56704  6394
37.823403142 7557911666 645956 56697  6405
37.835394786 7558557654 645988 56697  6389
37.847393170 7559203684 646030 56697  6439
37.859405831 7559849247 645563 56692  6396
37.871402624 7560495071 645824 56697  6405
37.883397761 7561140141 645070 56698  6387
37.895393232 7561786125 645984 56696  6437
37.907402799 7562433100 646975 56706  6421
37.919406460 7563081891 648791 56710  6462
37.931404050 7563732205 650314 56685  6447
37.943395013 7564379992 647787 56693  6406
37.955393514 7565025198 645206 56715  6405
37.967401811 7565669879 644681 56687  6572
37.979390875 7566314284 644405 56692  6446
37.991391579 7566957962 643678 56688  6505
38.003406547 7567601238 643276 56689  6396
38.015394123 7568243800 642562 56689  6514
38.027394457 7568886129 642329 56694  6360
38.039417609 7569529265 643136 56690  6402
38.051391612 7570175907 646642 56695  6400
38.063407996 7570828361 652454 56697  6604
38.075396980 7571470290 641929 56686  6363
38.087396703 7572111598 641308 56689  6559
38.099409874 7572753072 641474 56697  6339
38.111409088 7573395112 642040 56708  6344
38.123410938 7574037033 641921 56703  6342
38.135402165 7574692190 655157 56676  6570
38.147405959 7575332918 640728 56696  6324
38.159402497 7575973558 640640 56684  6371
38.171394653 7576614267 640709 56690  6351
38.183407821 7577255308 641041 56710  6426
38.195412991 7577910400 655092 56689  6650
38.207407245 7578550407 640007 56695  6408
38.219391192 7579190368 639961 56670  6287
38.231391646 7579829304 638936 56697  6340
38.243402443 7580481708 652404 56691  6518
38.255406620 7581122680 640972 56704  6321
38.267395497 7581761684 639004 56688  6300
38.279394995 7582401072 639388 56694  6331
38.291393675 7583055116 654044 56701  6523
38.303402869 7583694145 639029 56704  6422
38.315393882 7584332747 638602 56718  6307
38.327393946 7584975848 643101 56694  6367
38.339405424 7585624617 648769 56706  6426
38.351398018 7586263479 638862 56705  6299
38.363411432 7586902125 638646 56693  6304
38.375393618 7587554667 652542 56714  6496
38.387389045 7588192092 637425 56714  6295
38.399406656 7588829892 637800 56701  6302
38.411390247 7589482541 652649 56685  6532
38.423397077 7590119959 637418 56694  6325
38.435405731 7590758921 638962 56700  6339
38.447407185 7591411109 652188 56697  6569
38.459403568 7592048702 637593 56703  6392
38.471390886 7592697783 649081 56698  6471
38.483405430 7593339402 641619 56702  6374
38.495402604 7593976189 636787 56682  6377
38.507392443 7594628306 652117 56688  6495
38.519417118 7595265230 636924 56699  6348
38.531408696 7595911160 645930 56696  6393
38.543407232 7596554207 643047 56695  6476
38.555405159 7597190685 636478 56709  6342
38.567394027 7597842221 651536 56704  6472
38.579405257 7598477507 635286 56691  6277
38.591406901 7599128313 650806 56688  6491
38.603400859 7599764034 635721 56689  6304
38.615396042 7600414510 650476 56688  6551
38.627398792 7601051477 636967 56708  6292
38.639390220 7601692685 641208 56696  6366
38.651390836 7602337378 644693 56693  6390
38.663393810 7602974216 636838 56680  6358
38.675414342 7603623939 649723 56691  6489
38.687406485 7604259678 635739 56691  6312
38.699392189 7604910507 650829 56706  6500
38.711402906 7605546319 635812 56693  6309
38.723392753 7606196583 650264 56698  6484
38.735408194 7606832637 636054 56703  6350
38.747390117 7607481453 648816 56702  6479
38.759394658 7608120791 639338 56685  6377
38.771405838 7608765778 644987 56700  6416
38.783402349 7609413552 647774 56717  6491
38.795402780 7610050918 637366 56693  6288
38.807389703 7610701653 650735 56698  6458
38.819407458 7611335799 634146 56670  6310
38.831405904 7611986218 650419 56690  6477
38.843397371 7612620595 634377 56698  6259
38.855409169 7613270848 650253 56688  6485
38.867405819 7613913916 643068 56695  6409
38.879396766 7614556992 643076 56713  6388
38.891401757 7615208316 651324 56699  6474
38.903391177 7615844368 636052 56689  6348
38.915402914 7616496074 651706 56713  6546
38.927408022 7617141172 645098 56689  6429
38.939393226 7617782373 641201 56706  6371
38.951394472 7618432412 650039 56670  6592
38.963394463 7619067854 635442 56688  6282
38.975402567 7619719068 651214 56686  6687
38.987402161 7620370590 651522 56689  6496
38.999398601 7621005737 635147 56683  6254
39.011409165 7621656174 650437 56696  6494
39.023395802 7622306518 650344 56687  6595
39.035390016 7622941335 634817 56700  6318
39.047404416 7623592050 650715 56678  6478
39.059391504 7624242453 650403 56699  6512
39.071406491 7624877007 634554 56685  6263
39.083395622 7625527033 650026 56677  6493
39.095395295 7626177317 650284 56695  6498
39.107402172 7626812848 635531 56676  6327
39.119403019 7627462302 649454 56693  6604
39.131407823 7628112166 649864 56696  6539
39.143402837 7628760465 648299 56704  6502
39.155410608 7629396284 635819 56681  6456
39.167403248 7630047350 651066 56709  6536
39.179396228 7630697725 650375 56690  6511
39.191402849 7631335559 637834 56697  6334
39.203403700 7631981908 646349 56682  6422
39.215395393 7632631468 649560 56697  6487
39.227402453 7633281307 649839 56696  6492
39.239406008 7633917471 636164 56687  6820
39.251387251 7634564291 646820 56693  6490
39.263397629 7635214217 649926 56702  6521
39.275390595 7635864029 649812 56699  6532
39.287393432 7636509866 645837 56670  6482
39.299390080 7637147727 637861 56701  6369
39.311399484 7637797355 649628 56689  6527
39.323405828 7638446553 649198 56700  6473
39.335393417 7639095766 649213 56677  6528
39.347394658 7639737064 641298 56679  6342
39.359394065 7640379003 641939 56726  6376
39.371407323 7641028331 649328 56709  6455
39.383393920 7641677924 649593 56696  6483
39.395403257 7642327120 649196 56693  6509
39.407407115 7642975946 648826 56695  6504
39.419404021 7643608900 632954 56703  6238
39.431390592 7644256846 647946 56696  6503
39.443406792 7644905361 648515 56688  6450
39.455405323 7645553992 648631 56694  6501
39.467401317 7646202463 648471 56702  6492
39.479397783 7646850981 648518 56666  6535
39.491395271 7647493657 642676 56690  6416
39.503407661 7648133083 639426 56683  6431
39.515406422 7648781927 648844 56687  6486
39.527406919 7649430364 648437 56689  6585
39.539394700 7650078520 648156 56693  6464
39.551404874 7650727127 648607 56692  6512
39.563392327 7651335266 608139 56694  2235
39.575392568 7651943430 608164 56689  84
39.587397772 7652538156 594726 56683  176
39.599405639 7653147413 609257 56685  130
39.611393305 7653741967 594554 56686  89
39.623395889 7654335980 594013 56689  162
39.635402743 7654945516 609536 56680  123
39.647402014 7655539935 594419 56681  82
39.659406951 7656148683 608748 56680  76
39.671394484 7656743406 594723 56698  130
39.683390972 7657340803 597397 56690  101
39.695408046 7657948458 607655 56687  120
39.707402116 7658543262 594804 56694  243
39.719391494 7659152349 609087 56690  139
39.731389160 7659747321 594972 56687  231
39.743392684 7660357381 610060 56687  130
39.755404261 7660952782 595401 56708  68
39.767390982 7661562384 609602 56683  233
39.779405803 7662157021 594637 56691  61
39.791411763 7662765680 608659 56692  92
39.803390346 7663360876 595196 56668  173
39.815389430 7663966980 606104 56694  74
39.827406078 7664564844 597864 56687  93
39.839402028 7665170759 605915 56688  217
39.851407959 7665769584 598825 56684  82
39.863391515 7666377304 607720 56680  76
39.875394666 7666973406 596102 56695  128
39.887393543 7667582477 609071 56700  146
39.899389317 7668176587 594110 56685  127
39.911395125 7668786072 609485 56684  137
39.923395618 7669380863 594791 56684  95
39.935409308 7669990199 609336 56704  100
39.947415870 7670584153 593954 56683  121
39.959403110 7671193184 609031 56696  123
39.971389907 7671787398 594214 56683  86
39.983401318 7672396032 608634 56699  215
39.995406375 7673002638 606606 56691  102
40.007393841 7673599508 596870 56696  107
40.019396855 7674209599 610091 56701  126
40.031395619 7674804687 595088 56675  107
40.043402640 7675414520 609833 56687  91
40.055388641 7676015198 600678 56688  85
40.067402111 7676619098 603900 56678  63
40.079402118 7677228425 609327 56690  95
40.091401355 7677822833 594408 56684  75
40.103392196 7678432375 609542 56692  52
40.115402743 7679040711 608336 56688  110
40.127394903 7679636693 595982 56685  116
40.139407483 7680246314 609621 56711  107
40.151390894 7680842968 596654 56688  92
40.163395388 7681449162 606194 56671  141
40.175403765 7682058081 608919 56689  223
40.187404129 7682652239 594158 56694  203
40.199393216 7683260392 608153 56677  129
40.211391230 7683868896 608504 56691  183
40.223406327 7684462115 593219 56702  166
40.235390040 7685069648 607533 56675  162
40.247393611 7685677567 607919 56694  117
40.259395921 7686271982 594415 56683  155
40.271414559 7686878634 606652 56688  167
40.283394723 7687487042 608408 56683  141
40.295405217 7688088605 601563 56690  327
40.307406660 7688688534 599929 56678  175
40.319402254 7689296802 608268 56673  267
40.331406171 7689904503 607701 56688  148
40.343391885 7690497433 592930 56682  131
40.355397429 7691105471 608038 56690  173
40.367389589 7691712866 607395 56673  280
40.379405333 7692314671 601805 56676  239
40.391405383 7692912022 597351 56681  252
40.403400777 7693519656 607634 56699  215
40.415405868 7694127102 607446 56675  187
40.427415199 7694726298 599196 56689  352
40.439394035 7695328158 601860 56692  275
40.451407876 7695936281 608123 56699  243
40.463403723 7696544429 608148 56695  172
40.475391973 7697147302 602873 56680  143
40.487389910 7697745038 597736 56679  298
40.499393204 7698353356 608318 56692  180
40.511393421 7698961255 607899 56693  182
40.523408849 7699568807 607552 56688  166
40.535405049 7700161965 593158 56693  265
40.547402399 7700768026 606061 56687  234
40.559394276 7701375691 607665 56687  251
40.571389834 7701982857 607166 56680  200
40.583412811 7702590769 607912 56682  271
40.595405018 7703184372 593603 56677  290
40.607393711 7703790817 606445 56674  343
40.619405992 7704398099 607282 56681  223
40.631390096 7705006119 608020 56680  222
40.643390346 7705613777 607658 56697  358
40.655401526 7706219250 605473 56698  247
40.667390584 7706813343 594093 56688  114
40.679405534 7707420458 607115 56679  432
40.691405705 7708027916 607458 56673  301
40.703403589 7708635781 607865 56685  161
40.715406093 7709243853 608072 56690  184
40.727402033 7709851566 607713 56685  341
40.739401717 7710452627 601061 56677  423
40.751405037 7711051273 598646 56689  372
40.763392907 7711658712 607439 56681  265
40.775407218 7712266698 607986 56681  337
40.787391692 7712874400 607702 56667  215
40.799404502 7713481775 607375 56681  186
40.811405236 7714088626 606851 56693  268
40.823391134 7714696240 607614 56684  156
40.835406648 7715303714 607474 56690  322
40.847394594 7715900677 596963 56683  237
40.859393595 7716504394 603717 56686  363
40.871391689 7717112267 607873 56688  221
40.883405673 7717720047 607780 56684  316
40.895391589 7718328675 608628 56681  256
40.907396856 7718937063 608388 56682  328
40.919406334 7719545032 607969 56676  251
40.931403894 7720153300 608268 56678  413
40.943396052 7720761409 608109 56679  356
40.955393951 7721369697 608288 56682  237
40.967395699 7721978294 608597 56694  273
40.979388153 7722586375 608081 56673  347
40.991402710 7723195249 608874 56682  318
41.003389601 7723803758 608509 56694  302
41.015405148 7724407288 603530 56689  404
41.027406775 7725011290 604002 56694  180
41.039402145 7725615936 604646 56666  259
41.051393379 7726222537 606601 56672  358
41.063416036 7726830201 607664 56689  304
41.075403230 7727438364 608163 56680  342
41.087395923 7728046769 608405 56683  252
41.099394881 7728655063 608294 56687  346
41.111407785 7729263313 608250 56685  235
41.123394412 7729871262 607949 56679  326
41.135405619 7730479680 608418 56688  322
41.147407019 7731087876 608196 56679  207
41.159389550 7731696359 608483 56684  232
41.171405914 7732304335 607976 56678  286
41.183392581 7732912776 608441 56686  305
41.195393724 7733522298 609522 56683  313
41.207394058 7734131869 609571 56686  201
41.219411015 7734742079 610210 56683  289
41.231391865 7735353214 611135 56677  248
41.243389356 7735965760 612546 56683  468
41.255410580 7736579449 613689 56681  227
41.267401347 7737193849 614400 56679  265
41.279393044 7737805334 611485 56690  263
41.291405058 7738416244 610910 56695  289
41.303408055 7739026094 609850 56682  292
41.315388799 7739636005 609911 56674  292
41.327402463 7740245677 609672 56677  332
41.339394100 7740855591 609914 56688  283
41.351404077 7741465361 609770 56682  319
41.363405537 7742074932 609571 56690  384
41.375405378 7742684388 609456 56672  233
41.387401055 7743293416 609028 56679  358
41.399403732 7743902632 609216 56692  186
41.411402075 7744512243 609611 56690  402
41.423408293 7745122220 609977 56686  300
41.435406697 7745737382 615162 56684  345
41.447393397 7746356137 618755 56707  341
41.459393687 7746965579 609442 56693  383
41.471408335 7747575652 610073 56689  226
41.483406312 7748185667 610015 56674  297
41.495388732 7748795450 609783 56687  370
41.507390319 7749404855 609405 56678  209
41.519406030 7750014039 609184 56676  253
41.531407440 7750623753 609714 56691  266
41.543403061 7751236753 613000 56679  328
41.555403705 7751857864 621111 56689  196
41.567393734 7752467504 609640 56675  493
41.579391602 7753077025 609521 56682  383
41.591391516 7753687739 610714 56677  338
41.603394373 7754297824 610085 56681  350
41.615403060 7754908111 610287 56667  311
41.627406748 7755519702 611591 56695  382
41.639392841 7756143202 623500 56676  489
41.651405778 7756754242 611040 56686  328
41.663402955 7757365299 611057 56679  438
41.675406906 7757976584 611285 56696  260
41.687393686 7758587306 610722 56686  319
41.699398010 7759198016 610710 56681  296
41.711405844 7759822478 624462 56695  269
41.723395404 7760433108 610630 56679  614
41.735394421 7761043380 610272 56695  546
41.747400155 7761654279 610899 56685  253
41.759402869 7762264930 610651 56682  243
41.771404926 7762878477 613547 56683  519
41.783393920 7763500823 622346 56675  580
41.795389953 7764111954 611131 56683  280
41.807407564 7764722849 610895 56685  254
41.819394138 7765333484 610635 56689  219
41.831391165 7765946026 612542 56690  528
41.843393598 7766569110 623084 56686  195
41.855400969 7767180125 611015 56698  438
41.867406133 7767791351 611226 56682  214
41.879393423 7768402534 611183 56688  736
41.891406644 7769024041 621507 56682  398
41.903401724 7769639035 614994 56681  389
41.915391178 7770250132 611097 56669  236
41.927396445 7770861477 611345 56678  297
41.939394379 7771474332 612855 56673  552
41.951393523 7772098443 624111 56688  433
41.963407157 7772709794 611351 56685  370
41.975390087 7773320863 611069 56679  400
41.987403064 7773932844 611981 56689  619
41.999401705 7774557871 625027 56693  594
42.011404851 7775169864 611993 56677  432
42.023403548 7775781849 611985 56688  270
42.035396289 7776394325 612476 56696  509
42.047404406 7777019471 625146 56679  260
42.059394366 7777631120 611649 56679  520
42.071391153 7778243561 612441 56680  521
42.083402901 7778864005 620444 56675  252
42.095402231 7779481647 617642 56691  537
42.107403772 7780093466 611819 56677  492
42.119393678 7780705390 611924 56709  816
42.131404132 7781331621 626231 56693  892
42.143401600 7781943406 611785 56669  356
42.155406430 7782555451 612045 56692  425
42.167390210 7783175739 620288 56692  258
42.179393917 7783794020 618281 56699  252
42.191407828 7784406397 612377 56689  317
42.203410029 7785018460 612063 56674  273
42.215405406 7785644566 626106 56693  559
42.227403119 7786256670 612104 56698  918
42.239406146 7786868448 611778 56687  805
42.251389264 7787494717 626269 56694  903
42.263393404 7788106929 612212 56689  751
42.275389817 7788719051 612122 56694  750
42.287404841 7789344792 625741 56688  737
42.299392069 7789957143 612351 56687  612
42.311392559 7790568645 611502 56676  630
42.323407220 7791194579 625934 56697  758
42.335411431 7791806213 611634 56669  922
42.347393924 7792418312 612099 56700  1243
42.359404604 7793044888 626576 56686  400
42.371394631 7793658776 613888 56684  1059
42.383394518 7794272174 613398 56674  1195
42.395395969 7794899233 627059 56676  1227
42.407393419 7795512866 613633 56671  1152
42.419402890 7796126318 613452 56715  408
42.431406133 7796753820 627502 56690  383
42.443405624 7797367609 613789 56692  252
42.455396158 7797985955 618346 56675  792
42.467400878 7798608557 622602 56687  763
42.479389211 7799221895 613338 56685  911
42.491400102 7799848995 627100 56672  1187
42.503390723 7800463115 614120 56669  751
42.515408050 7801077085 613970 56679  322
42.527394310 7801704512 627427 56667  1111
42.539392157 7802318134 613622 56679  1191
42.551392981 7802941507 623373 56686  1094
42.563395535 7803558395 616888 56692  892
42.575394976 7804171841 613446 56689  1025
42.587389059 7804799306 627465 56692  648
42.599401369 7805413152 613846 56704  897
42.611390907 7806034743 621591 56700  1228
42.623406301 7806653354 618611 56682  448
42.635405371 7807266612 613258 56674  849
42.647392291 7807893800 627188 56690  796
42.659410605 7808507731 613931 56687  517
42.671402369 7809135186 627455 56682  1097
42.683403432 7809748593 613407 56678  952
42.695393529 7810362174 613581 56682  404
42.707392500 7810989282 627108 56673  367
42.719406327 7811603530 614248 56688  381
42.731404078 7812230933 627403 56691  360
42.743405044 7812845008 614075 56675  510
42.755401855 7813472942 627934 56665  901
42.767405016 7814088305 615363 56699  829
42.779405550 7814704676 616371 56676  916
42.791393623 7815332266 627590 56684  962
42.803393960 7815947083 614817 56686  912
42.815413777 7816575270 628187 56673  702
42.827407998 7817190040 614770 56698  506
42.839401962 7817818238 628198 56685  1088
42.851406928 7818432708 614470 56660  1036
42.863403086 7819060992 628284 56696  839
42.875406443 7819676032 615040 56692  517
42.887392286 7820303330 627298 56684  909
42.899394757 7820918207 614877 56684  1232
42.911407478 7821537947 619740 56702  1015
42.923391074 7822160746 622799 56683  893
42.935393391 7822776695 615949 56678  512
42.947390158 7823404481 627786 56687  1261
42.959389912 7824019737 615256 56674  552
42.971408636 7824647371 627634 56664  1191
42.983396017 7825262126 614755 56669  916
42.995392437 7825890256 628130 56687  912
43.007402917 7826505596 615340 56688  787
43.019392498 7827134092 628496 56685  1006
43.031403262 7827749327 615235 56701  954
43.043393145 7828378165 628838 56700  863
43.055405726 7828993492 615327 56675  981
43.067410860 7829622216 628724 56684  782
43.079402887 7830237824 615608 56687  1061
43.091401418 7830866854 629030 56673  951
43.103406897 7831482356 615502 56682  801
43.115389715 7832110976 628620 56675  799
43.127394742 7832727345 616369 56674  1010
43.139399692 7833356619 629274 56682  777
43.151395799 7833975099 618480 56698  827
43.163403800 7834602670 627571 56694  977
43.175391454 7835228580 625910 56685  823
43.187402294 7835849105 620525 56674  645
43.199392544 7836478928 629823 56686  1255
43.211403215 7837095658 616730 56687  554
43.223392142 7837725530 629872 56680  955
43.235402272 7838342438 616908 56695  1017
43.247393116 7838972025 629587 56669  1245
43.259389810 7839588645 616620 56682  602
43.271390193 7840218351 629706 56671  803
43.283401820 7840835628 617277 56681  950
43.295410394 7841465525 629897 56679  1137
43.307402211 7842088917 623392 56671  491
43.319392971 7842712347 623430 56670  958
43.331393395 7843342355 630008 56697  897
43.343400449 7843959668 617313 56701  948
43.355390446 7844589495 629827 56685  1093
43.367406844 7845207127 617632 56689  759
43.379405321 7845837332 630205 56679  872
43.391402311 7846456544 619212 56688  758
43.403394291 7847084957 628413 56685  1203
43.415404859 7847715057 630100 56677  816
43.427401069 7848332418 617361 56685  856
43.439404396 7848962759 630341 56691  808
43.451398896 7849580003 617244 56681  996
43.463393557 7850210477 630474 56678  884
43.475394577 7850839788 629311 56687  635
43.487402487 7851459807 620019 56688  1213
43.499402738 7852091274 631467 56701  562
43.511389525 7852711304 620030 56679  1186
43.523406639 7853343128 631824 56690  854
43.535406202 7853970978 627850 56682  748
43.547405033 7854593887 622909 56695  669
43.559394624 7855225129 631242 56677  1214
43.571403704 7855844345 619216 56683  510
43.583404227 7856476368 632023 56693  1251
43.595389945 7857108331 631963 56678  873
43.607401449 7857728735 620404 56708  683
43.619394045 7858361141 632406 56693  837
43.631403492 7858981015 619874 56693  990
43.643393760 7859612856 631841 56684  990
43.655392470 7860244863 632007 56686  830
43.667393257 7860864951 620088 56671  930
43.679401871 7861496513 631562 56682  972
43.691390635 7862127961 631448 56682  933
43.703392579 7862747220 619259 56688  912
43.715392392 7863378877 631657 56659  1136
43.727406806 7864000513 621636 56714  921
43.739390866 7864631120 630607 56701  859
43.751391210 7865263188 632068 56692  1268
43.763402264 7865883433 620245 56696  1061
43.775408601 7866515798 632365 56697  1009
43.787401905 7867148091 632293 56714  1060
43.799405852 7867767785 619694 56689  767
43.811405369 7868400346 632561 56688  1035
43.823393956 7869032707 632361 56698  773
43.835389820 7869653818 621111 56685  2127
43.847389343 7870287063 633245 56695  1021
43.859393440 7870920728 633665 56700  983
43.871393441 7871541957 621229 56690  1109
43.883393408 7872175729 633772 56698  1240
43.895391294 7872809055 633326 56686  1161
43.907405685 7873430907 621852 56690  814
43.919392312 7874064454 633547 56678  726
43.931396613 7874698350 633896 56682  360
43.943406144 7875320311 621961 56687  838
43.955390870 7875954543 634232 56685  910
43.967394084 7876588249 633706 56689  670
43.979391585 7877210679 622430 56695  1270
43.991402859 7877844751 634072 56691  1169
44.003390152 7878479072 634321 56690  714
44.015402406 7879101665 622593 56686  1965
44.027405883 7879735609 633944 56696  1010
44.039392850 7880369767 634158 56694  539
44.051386620 7881003340 633573 56689  897
44.063404567 7881627969 624629 56691  917
44.075405235 7882262471 634502 56693  987
44.087410109 7882896548 634077 56680  913
44.099402245 7883520115 623567 56696  1335
44.111393449 7884155408 635293 56700  1293
44.123406306 7884790046 634638 56696  1437
44.135390873 7885417834 627788 56691  1238
44.147405754 7886051531 633697 56690  1157
44.159393097 7886687001 635470 56692  680
44.171402115 7887323301 636300 56693  1068
44.183390064 7887949489 626188 56678  1264
44.195392665 7888585940 636451 56682  826
44.207404956 7889222806 636866 56699  963
44.219393023 7889859632 636826 56687  1178
44.231389916 7890485633 626001 56696  847
44.243398957 7891122493 636860 56689  1263
44.255393551 7891759597 637104 56697  1000
44.267389368 7892388603 629006 56675  1418
44.279403009 7893024009 635406 56685  1110
44.291391685 7893661812 637803 56690  1163
44.303403179 7894299250 637438 56696  1109
44.315390159 7894927460 628210 56682  1018
44.327403690 7895565266 637806 56693  971
44.339393107 7896203451 638185 56690  951
44.351401554 7896841725 638274 56698  1771
44.363402460 7897470622 628897 56703  1404
44.375389358 7898108013 637391 56680  1597
44.387390232 7898746181 638168 56688  732
44.399404676 7899385154 638973 56695  752
44.411416813 7900019027 633873 56694  1509
44.423404299 7900653266 634239 56684  1358
44.435402740 7901292548 639282 56703  796
44.447394753 7901931599 639051 56686  1007
44.459405314 7902571316 639717 56683  1066
44.471392868 7903201982 630666 56694  1147
44.483392852 7903841830 639848 56688  816
44.495400855 7904481756 639926 56686  887
44.507404349 7905121601 639845 56707  948
44.519389543 7905752360 630759 56684  782
44.531404727 7906392031 639671 56703  1332
44.543393596 7907032051 640020 56686  958
44.555401754 7907672243 640192 56689  970
44.567413261 7908312466 640223 56690  1043
44.579408138 7908944272 631806 56688  1195
44.591402381 7909584404 640132 56687  1459
44.603390645 7910225036 640632 56692  2039
44.615390209 7910866041 641005 56702  1145
44.627394946 7911507303 641262 56694  1166
44.639404920 7912139418 632115 56687  1208
44.651404664 7912781273 641855 56692  1330
44.663388994 7913422841 641568 56692  1602
44.675391664 7914064541 641700 56680  1480
44.687400881 7914706643 642102 56686  882
44.699393202 7915340341 633698 56691  2750
44.711389806 7915983133 642792 56692  1675
44.723410950 7916625917 642784 56683  878
44.735390570 7917268008 642091 56685  1490
44.747393927 7917910355 642347 56692  1059
44.759392788 7918552075 641720 56694  900
44.771402365 7919187732 635657 56692  1324
44.783403955 7919830518 642786 56683  1455
44.795405422 7920473850 643332 56697  1555
44.807390509 7921117104 643254 56692  1650
44.819391529 7921761059 643955 56695  1140
44.831405693 7922399924 638865 56686  1300
44.843390054 7923041149 641225 56681  1680
44.855389060 7923684680 643531 56685  1196
44.867393137 7924328461 643781 56680  1267
44.879396736 7924971867 643406 56691  1565
44.891403352 7925616473 644606 56708  1733
44.903404446 7926261243 644770 56709  1720
44.915406146 7929996566 3735323 328764  6749
44.927406846 7930641479 644913 56684  1715
44.939391614 7931286320 644841 56695  1688
44.951391593 7931931246 644926 56696  1352
44.963390274 7932576672 645426 56701  1281
44.975404751 7933221288 644616 56689  1203
44.987392855 7933861792 640504 56693  1350
44.999395075 7934508401 646609 56685  1451
45.011405436 7935155237 646836 56683  1673
45.023403230 7935800950 645713 56688  829
45.035389554 7936447194 646244 56694  1060
45.047401410 7937093523 646329 56696  1442
45.059402864 7937739747 646224 56679  1292
45.071393811 7938382903 643156 56683  1234
45.083393012 7939025788 642885 56694  1176
45.095404329 7939671914 646126 56693  1592
45.107389439 7940318418 646504 56691  1061
45.119389112 7940965180 646762 56699  1760
45.131404466 7941611988 646808 56684  912
45.143393893 7942258973 646985 56686  1029
45.155391757 7942905251 646278 56682  882
45.167406588 7943550922 645671 56686  1118
45.179402864 7944194476 643554 56697  1280
45.191402012 7944837992 643516 56691  1107
45.203401316 7945485981 647989 56700  1007
45.215406545 7946134505 648524 56689  1277
45.227393163 7946782706 648201 56683  1212
45.239402587 7947430318 647612 56679  1040
45.251393576 7948078148 647830 56686  1065
45.263391867 7948726188 648040 56692  1377
45.275401424 7949373825 647637 56693  1284
45.287403462 7950021756 647931 56694  1283
45.299391005 7950669828 648072 56683  1288
45.311405122 7951312239 642411 56686  1212
45.323404576 7951959506 647267 56688  1165
45.335393476 7952607811 648305 56696  1347
45.347393003 7953256565 648754 56689  1402
45.359396997 7953905725 649160 56688  1220
45.371405521 7954554599 648874 56690  1198
45.383403875 7955203023 648424 56693  1712
45.395408695 7955852035 649012 56689  1426
45.407390912 7956501080 649045 56688  1374
45.419405359 7957150058 648978 56678  1693
45.431393356 7957799132 649074 56691  825
45.443390156 7958448587 649455 56700  1202
45.455393437 7959097287 648700 56690  1348
45.467405638 7959746841 649554 56691  808
45.479389647 7960393889 647048 56695  1456
45.491388638 7961039206 645317 56695  1195
45.503405749 7961688213 649007 56687  1188
45.515397558 7962337933 649720 56696  1356
45.527402492 7962987102 649169 56698  1871
45.539391486 7963636654 649552 56686  1498
45.551402819 7964286084 649430 56699  1312
45.563389457 7964935777 649693 56683  1188
45.575402671 7965585959 650182 56681  2484
45.587390707 7966235624 649665 56680  2153
45.599405754 7966884854 649230 56678  1513
45.611401655 7967535234 650380 56725  1313
45.623403016 7968185768 650534 56699  1231
45.635390112 7968836041 650273 56691  1154
45.647402023 7969486589 650548 56689  1380
45.659406023 7970136701 650112 56688  1645
45.671394111 7970786743 650042 56688  2212
45.683409831 7971437011 650268 56688  1349
45.695390214 7972087530 650519 56688  977
45.707401798 7972737780 650250 56689  2054
45.719391916 7973388166 650386 56699  1995
45.731402709 7974037999 649833 56681  1205
45.743392033 7974688013 650014 56687  1134
45.755402090 7975337936 649923 56687  1637
45.767390853 7975988137 650201 56681  1474
45.779389770 7976638027 649890 56691  1508
45.791390588 7977288328 650301 56690  977
45.803404792 7977939403 651075 56707  1802
45.815393671 7978589319 649916 56688  1629
45.827388289 7979239415 650096 56685  1500
45.839410973 7979889591 650176 56695  920
45.851405746 7980539691 650100 56680  1245
45.863401470 7981189780 650089 56685  1628
45.875393677 7981840121 650341 56679  1356
45.887400901 7982490294 650173 56697  1420
45.899390597 7983141104 650810 56687  1615
45.911402118 7988238502 5097398 443544  10686
45.924398600 7988888895 650393 56693  1508
45.936390220 7989539740 650845 56687  1494
45.948389767 7990190371 650631 56681  2225
45.960402108 7990840377 650006 56708  2047
45.972391961 7991491055 650678 56697  1384
45.984392068 7992141630 650575 56681  1185
45.996409215 7992792138 650508 56700  1223
46.008390739 7993442543 650405 56681  1164
46.020386892 7994093257 650714 56697  1114
46.032389930 7994743579 650322 56689  1581
46.044405394 7995394501 650922 56699  1620
46.056391097 7996045129 650628 56683  1811
46.068404524 7996696171 651042 56708  2236
46.080394185 7997346474 650303 56695  1809
46.092404992 7997997269 650795 56684  1707
46.104402972 7998647360 650091 56683  1670
46.116401166 7999298139 650779 56687  1254
46.128393169 7999954041 655902 56688  1852
46.140404199 8000605082 651041 56700  1785
46.152397350 8001256620 651538 56694  2197
46.164394254 8001907984 651364 56701  1848
46.176403998 8002558465 650481 56685  1871
46.188403388 8003209635 651170 56711  2544
46.200402418 8003861333 651698 56711  2996
46.212404572 8004512162 650829 56698  2613
46.224406579 8005163201 651039 56687  1393
46.236391226 8005814129 650928 56691  1464
46.248392506 8006464599 650470 56688  1277
46.260394073 8007115699 651100 56684  1936
46.272392874 8007766984 651285 56693  1618
46.284389268 8008417935 650951 56686  1781
46.296391041 8009068786 650851 56688  2232
46.308399718 8009719373 650587 56693  1285
46.320411045 8010369737 650364 56683  1593
46.332391308 8011020353 650616 56687  2589
46.344402356 8011676583 656230 56698  1882
46.356391493 8012327246 650663 56692  1873
46.368400714 8012977960 650714 56683  1979
46.380394610 8013629146 651186 56708  1570
46.392391201 8014279543 650397 56693  1713
46.404405761 8014929886 650343 56679  2076
46.416402518 8015580538 650652 56690  1424
46.428399942 8016231221 650683 56686  1429
46.440407932 8016881917 650696 56694  1700
46.452400856 8017532898 650981 56700  1531
46.464401736 8018183406 650508 56689  1845
46.476408263 8018834227 650821 56687  1514
46.488403321 8019485196 650969 56690  1377
46.500402814 8020142081 656885 56698  1630
46.512405448 8020793236 651155 56695  1603
46.524402372 8021444150 650914 56682  1635
46.536390095 8022094880 650730 56694  1947
46.548401579 8022746133 651253 56697  1807
46.560402893 8023397689 651556 56739  1934
46.572405503 8024048449 650760 56684  1880
46.584393266 8024699532 651083 56681  1881
46.596402024 8025350509 650977 56685  1740
46.608401361 8026001121 650612 56697  1573
46.620388744 8026657907 656786 56703  1827
46.632401438 8027309036 651129 56682  1955
46.644393805 8027960367 651331 56693  1637
46.656402659 8028611405 651038 56688  1847
46.668393606 8029262823 651418 56695  2290
46.680393140 8029913474 650651 56692  1978
46.692392483 8030564694 651220 56690  1939
46.704400983 8031215759 651065 56685  1518
46.716390624 8031867292 651533 56699  2259
46.728392628 8032523701 656409 56693  1648
46.740402102 8033174355 650654 56697  2065
46.752404905 8033824840 650485 56680  1964
46.764390042 8034475812 650972 56688  1648
46.776392875 8035127143 651331 56707  2036
46.788402573 8035778071 650928 56690  2085
46.800414167 8036429927 651856 56693  1884
46.812402491 8037082116 652189 56702  1833
46.824391904 8037735932 653816 56700  1591
46.836401598 8038389635 653703 56687  1920
46.848401822 8039041339 651704 56703  2046
46.860406209 8039693150 651811 56696  2000
46.872388645 8040344372 651222 56683  1824
46.884402176 8040996031 651659 56690  2120
46.896405053 8041646753 650722 56697  1527
46.908394236 8042298701 651948 56713  2114
46.920393674 8044738990 2440289 211370  7495
46.932405194 8045390343 651353 56692  1688
46.944405167 8046041877 651534 56695  2190
46.956407131 8046693272 651395 56698  2332
46.968392062 8047344681 651409 56699  2121
46.980401245 8047996768 652087 56687  2078
46.992390689 8048653714 656946 56694  2161
47.004392606 8049305574 651860 56716  2336
47.016403840 8049956907 651333 56691  1839
47.028390070 8050608861 651954 56700  2358
47.040402624 8051260048 651187 56686  2085
47.052389934 8051911463 651415 56686  2379
47.064405749 8052568185 656722 56685  2419
47.076403072 8053220290 652105 56693  1961
47.088406432 8053872633 652343 56700  2220
47.100392629 8054524687 652054 56683  2147
47.112398293 8055176364 651677 56701  2622
47.124402867 8055828881 652517 56693  1837
47.136402966 8056486475 657594 56723  2264
47.148391710 8057138766 652291 56689  2146
47.160390331 8057791219 652453 56682  2690
47.172404042 8058443989 652770 56717  2248
47.184403401 8059096070 652081 56695  2144
47.196406182 8059748586 652516 56693  2303
47.208389649 8060406206 657620 56687  2348
47.220402146 8061058908 652702 56699  2837
47.232391400 8061712080 653172 56694  2322
47.244390046 8062365403 653323 56685  1873
47.256391827 8063018345 652942 56698  2812
47.268413357 8063673984 655639 56685  2213
47.280402878 8064330569 656585 56707  2699
47.292388848 8064984071 653502 56685  2346
47.304390692 8065638082 654011 56680  2407
47.316404912 8066293142 655060 56693  2309
47.328403863 8066947318 654176 56685  2515
47.340392709 8067606782 659464 56689  2531
47.352391043 8068262046 655264 56688  2480
47.364389426 8068918045 655999 56705  2534
47.376401234 8069574733 656688 56700  2649
47.388390174 8070231360 656627 56684  2412
47.400401588 8070891400 660040 56688  2667
47.412404241 8071548567 657167 56677  3055
47.424411185 8072206778 658211 56691  2647
47.436390342 8072867646 660868 56692  3114
47.448392939 8073529675 662029 56709  3221
47.460402066 8074195263 665588 56687  3096
47.472401857 8074860179 664916 56691  3263
47.484390887 8075527088 666909 56681  3103
47.496397007 8076193976 666888 56697  2396
47.508405888 8076861350 667374 56689  4261
47.520402474 8077528710 667360 56705  3372
47.532404165 8078196055 667345 56689  3121
47.544389392 8078862281 666226 56698  3055
47.556392962 8079529262 666981 56693  3694
47.568390486 8084093409 4564147 51968  19114
47.579391012 8088309596 4216187 51959  21634
47.590398125 8091465647 3156051 56683  15818
47.602406999 8095422137 3956490 51956  22175
47.613404885 8099519371 4097234 56686  20215
47.625391744 8102638827 3119456 56693  16485
47.637391314 8103851987 1213160 56705  40179
47.649406962 8108728264 4876277 51953  28280
47.660393344 8112806633 4078369 56683  22057
47.672389961 8114984939 2178306 56695  14537
47.684404789 8119975828 4990889 56665  25996
47.696471350 8125016492 5040664 56679  26679
47.708391099 8126202335 1185843 56694  17642
47.720405080 8127356833 1154498 56705  40709
47.732403090 8128621432 1264599 56690  56441
47.744414178 8131385731 2764299 56680  43690
47.756394261 8135390278 4004547 56689  19744
47.768390234 8139699349 4309071 56684  21263
47.780390634 8142790811 3091462 56686  23159
47.792402192 8147661284 4870473 56683  25559
47.804405719 8150941331 3280047 56686  17294
47.816401762 8152153733 1212402 56704  29195
47.828407509 8156074330 3920597 51960  31325
47.839401905 8160169601 4095271 56680  18974
47.851392622 8163315405 3145804 56695  16591
47.863390899 8168050811 4735406 51944  25379
47.874403472 8172339522 4288711 56676  20811
47.886391609 8174515696 2176174 56714  13508
47.898399370 8175633396 1117700 56689  39943
47.910394886 8176882204 1248808 56702  55812
47.922406137 8177927054 1044850 56702  47576
47.934391720 8179192521 1265467 56732  56551
47.946405800 8180457123 1264602 56682  56512
47.958391554 8181722454 1265331 56681  56544
47.970390951 8184449597 2727143 56677  41634
47.982391378 8188387090 3937493 56672  22570
47.994391015 8192792638 4405548 56686  21750
48.006405136 8195873975 3081337 56678  24655
48.018393749 8200947432 5073457 56679  27178
48.030406203 8204078325 3130893 56703  15160
48.042390959 8205292127 1213802 56698  38679
48.054413333 8210098642 4806515 56687  32477
48.066403587 8214286443 4187801 56687  21239
48.078394511 8216519744 2233301 56691  15110
48.090403201 8221546862 5027118 56694  26500
48.102402575 8226577108 5030246 56677  26081
48.114390486 8227764773 1187665 56702  11185
48.126403280 8228920167 1155394 56721  46953
48.138407946 8230185410 1265243 56724  56051
48.150402820 8232951167 2765757 56696  44369
48.162402996 8236966973 4015806 56674  18214
48.174390124 8241274925 4307952 56678  21292
48.186403118 8244366123 3091198 56690  16554
48.198403828 8249183863 4817740 56667  25925
48.210402811 8252497673 3313810 56695  15248
48.222401052 8253710670 1212997 56700  33069
48.234393395 8257637840 3927170 51969  28500
48.245404491 8261735295 4097455 56703  19207
48.257393792 8264850663 3115368 56694  16470
48.269402536 8269280693 4430030 51969  24837
48.280392947 8273423487 4142794 56696  19394
48.292401941 8276053544 2630057 56693  12047
48.304391129 8277206398 1152854 56716  40191
48.316391659 8278420598 1214200 56708  54457
48.328390209 8279465672 1045074 56712  48761
48.340390513 8280729795 1264123 56696  56458
48.352392936 8281993918 1264123 56700  56449
48.364403380 8283258041 1264123 56705  56475
48.376398511 8284260567 1002526 56723  45951
48.388391720 8285524466 1263899 56701  56476
48.400392394 8286788365 1263899 56700  56482
48.412393995 8288052712 1264347 56709  56502
48.424405488 8289317576 1264864 56676  56522
48.436393989 8290582907 1265331 56686  56516
48.448401846 8291848238 1265331 56691  56501
48.460391076 8292858356 1010118 56700  45261
48.472403923 8296427608 3569252 51971  38111
48.483406296 8300710869 4283261 56685  19839
48.495406836 8303822233 3111364 56675  15301
48.507402160 8308753132 4930899 56681  26843
48.519404970 8312901904 4148772 56700  20549
48.531403854 8315076708 2174804 56703  16057
48.543403161 8316195556 1118848 56702  40068
48.555402661 8321249333 5053777 56674  26478
48.567404812 8326208850 4959517 51960  28766
48.578405758 8328353813 2144963 56685  18377
48.590390621 8332471821 4118008 56699  18726
48.602402875 8337523961 5052140 56694  24993
48.614395328 8338713874 1189913 56708  23212
48.626402458 8339869268 1155394 56724  42588
48.638393566 8341134063 1264795 56712  56478
48.650393575 8344455784 3321721 56676  34287
48.662390733 8348678571 4222787 51967  21004
48.673390879 8352139643 3461072 56700  17333
48.685402816 8356208774 4069131 56695  23193
48.697411670 8360348814 4140040 56680  18764
48.709402596 8363464930 3116116 56697  18286
48.721391230 8364679362 1214432 56716  39119
48.733395221 8369649558 4970196 56692  26605
48.745390771 8374638219 4988661 56690  27265
48.757390341 8376654169 2015950 56699  14350
48.769391104 8380931771 4277602 56692  21290
48.781405018 8385968395 5036624 56682  27238
48.793390592 8387160744 1192349 56720  22137
48.805392109 8388315494 1154750 56702  43720
48.817394106 8389580037 1264543 56701  56485
48.829392440 8390625111 1045074 56707  48739
48.841402696 8391889234 1264123 56698  56449
48.853398784 8393153161 1263927 56695  56447
48.865403241 8394417310 1264149 56700  56477
48.877390101 8398056580 3639270 51966  24870
48.888402197 8402284976 4228396 56695  20225
48.900405511 8405391790 3106814 56689  18272
48.912405825 8410419497 5027707 56665  28853
48.924391498 8413921446 3501949 51952  15901
48.935405104 8416592327 2670881 56694  22770
48.947391131 8417768401 1176074 56718  36241
48.959403995 8422759122 4990721 56683  25118
48.971406931 8427787163 5028041 56679  26480
48.983389755 8429931252 2144089 56694  18502
48.995392815 8434043517 4112265 56687  19599
49.007398162 8439099991 5056474 56671  24735
49.019404060 8440294225 1194234 56702  24822
49.031393923 8441449619 1155394 56736  49557
49.043404043 8442713966 1264347 56718  56508
49.055392391 8446078620 3364654 56706  35318
49.067394207 8450282305 4203685 51951  19987
49.078393973 8453715052 3432747 56691  15821
49.090406264 8457766389 4051337 56693  27899
49.102392461 8461852311 4085922 56672  24120
49.114405242 8464993661 3141350 56690  18846
49.126390411 8466205281 1211620 56709  37437
49.138394528 8471060431 4855150 51962  28227
49.149404287 8475132789 4072358 56687  19022
49.161398574 8477315399 2182610 56702  13630
49.173392495 8482352690 5037291 56689  26579
49.185393298 8487194193 4841503 51962  26057
49.196406245 8488468231 1274038 56682  13472
49.208391278 8489623653 1155422 56718  41308
49.220391558 8490888672 1265019 56719  55837
49.232401792 8491933858 1045186 56703  47502
49.244394939 8493198317 1264459 56702  56513
49.256405583 8494463112 1264795 56719  56541
49.268394619 8495728355 1265243 56725  56554
49.280403657 8496728641 1000286 56710  46685
49.292389233 8497993436 1264795 56716  56473
49.304407110 8499258231 1264795 56723  56482
49.316389841 8500523026 1264795 56720  56509
49.328409802 8501787597 1264571 56718  56515
49.340406861 8503052168 1264571 56717  56513
49.352402369 8504317187 1265019 56727  56531
49.364406442 8505185833 868646 56715  44975
49.376400906 8506311658 1125825 56719  56503
49.388403226 8507575520 1263862 56686  56473
49.400393239 8508839680 1264160 56714  56508
49.412406930 8510104161 1264481 56700  56503
49.424390031 8511368598 1264437 56720  56505
49.436403737 8512633120 1264522 56703  56451
49.448405464 8513897292 1264172 56701  56497
49.460401962 8515162390 1265098 56681  56511
49.472392975 8516427497 1265107 56683  56506
49.484415865 8517692828 1265331 56680  56526
49.496392669 8518958159 1265331 56674  56510
49.508391589 8520223481 1265322 56681  56502
49.520392106 8521488822 1265341 56685  56500
49.532390033 8522753929 1265107 56665  56492
49.544390840 8523255941 502012 56694  45280
49.556390401 8527064121 3808180 56674  41651
49.568404345 8531155061 4090940 56694  18575
49.580395001 8534300221 3145160 56696  14141
49.592403565 8539081640 4781419 51963  27775
49.603394064 8543244504 4162864 56702  20625
49.615394637 8545477190 2232686 56703  13313
49.627390575 8546615974 1138784 56714  39044
49.639412382 8551655639 5039665 56684  25125
49.651391245 8556532390 4876751 51972  24747
49.662402714 8558557582 2025192 56693  13244
49.674404865 8562814881 4257299 56685  19507
49.686402922 8567867323 5052442 56690  26747
49.698405052 8569059224 1191901 56702  22501
49.710401633 8570214198 1154974 56710  45320
49.722404490 8571478769 1264571 56712  56455
49.734391723 8574425394 2946625 56686  34615
49.746406214 8579286861 4861467 56676  23789
49.758390703 8582564529 3277668 56694  14191
49.770402514 8586627178 4062649 56701  23722
49.782402485 8590713436 4086258 56697  19112
49.794410235 8593871616 3158180 56689  15827
49.806392305 8595083430 1211814 56701  41364
49.818407102 8600052058 4968628 56690  25809
49.830393059 8604938794 4886736 56689  24161
49.842389876 8607031839 2093045 56702  9872
49.854392452 8611328659 4296820 56682  21728
49.866405410 8616375150 5046491 56674  27307
49.878391190 8617560934 1185784 56689  23381
49.890393618 8618715950 1155016 56700  44132
49.902402607 8619980745 1264795 56722  56537
49.914391855 8621026267 1045522 56710  47934
49.926405958 8622291062 1264795 56710  56530
49.938390525 8623556305 1265243 56730  56552
49.950390559 8624821100 1264795 56718  56539
49.962397826 8628189391 3368291 51953  23851
49.973394621 8632561451 4372060 51969  21220
49.984402431 8635697114 3135663 56679  15065
49.996394768 8639668341 3971227 51965  24648
50.007403357 8643751967 4083626 56679  19054
50.019391840 8646894243 3142276 56703  14211
50.031394441 8648106729 1212486 56729  40240
50.043404575 8652967198 4860469 51961  28177
50.054402571 8657053249 4086051 56676  19174
50.066390464 8659222363 2169114 56689  16602
50.078402761 8664267550 5045187 56675  24492
50.090406509 8669223573 4956023 51964  24609
50.101394574 8670410223 1186650 56694  6934
50.113401708 8671564945 1154722 56712  46766
50.125390511 8672829964 1265019 56712  56537
50.137405288 8675544626 2714662 56710  43571
50.149390745 8679533381 3988755 56688  18648
50.161404172 8683947607 4414226 56688  21011
50.173389849 8687030137 3082530 56687  21600
50.185405866 8691863016 4832879 56679  24953
50.197403313 8695157833 3294817 56677  15781
50.209403123 8696370785 1212952 56708  33012
50.221401934 8700219336 3848551 51963  31298
50.232390336 8704383433 4164097 56691  19220
50.244405876 8707499921 3116488 56698  14787
50.256392344 8712523655 5023734 56686  25426
50.268409568 8716609608 4085953 56693  18917
50.280403471 8718769620 2160012 56700  13052
50.292402695 8719908103 1138483 56712  44036
50.304391761 8721173122 1265019 56723  55213
50.316402218 8722218420 1045298 56719  47577
50.328393205 8723482662 1264242 56704  56508
50.340390805 8724747562 1264900 56720  56541
50.352391389 8726012357 1264795 56716  56536
50.364393066 8727011075 998718 56691  45261
50.376388693 8728274974 1263899 56704  56495
50.388393724 8729538649 1263675 56691  56483
50.400406531 8730801652 1263003 56675  56461
50.412392241 8732065327 1263675 56692  56484
50.424410078 8733328778 1263451 56681  56472
50.436391888 8734592453 1263675 56685  56481
50.448393458 8735550088 957635 56684  44804
50.460389945 8739987319 4437231 56691  38719
50.472402299 8744314161 4326842 56689  20258
50.484391559 8746670102 2355941 56691  9893
50.496406523 8751685386 5015284 56693  26232
50.508405130 8756738645 5053259 56683  25620
50.520401827 8757925916 1187271 56688  11369
50.532403227 8759759809 1833893 51976  37799
50.543402643 8764018352 4258543 56674  19247
50.555405523 8769083328 5064976 56689  24972
50.567390313 8771654609 2571281 51972  13360
50.578405022 8775823174 4168565 56692  20716
50.590401350 8780286932 4463758 56690  20654
50.602407397 8781478413 1191481 56703  21029
50.614392357 8782633135 1154722 56708  51464
50.626403431 8783898182 1265047 56724  56542
50.638393764 8787807575 3909393 56689  32774
50.650392594 8791896322 4088747 56687  19519
50.662390532 8795013034 3116712 56696  18038
50.674390405 8800022801 5009767 56677  26692
50.686390742 8803493728 3470927 51954  17781
50.697403345 8806180371 2686643 56711  11509
50.709402154 8807366923 1186552 56713  43653
50.721391035 8812349188 4982265 56697  24539
50.733394599 8816864281 4515093 51973  22114
50.744400502 8819102802 2238521 56693  14250
50.756391618 8823552334 4449532 56686  22627
50.768390259 8828599993 5047659 56692  27459
50.780391295 8829785505 1185512 56705  21899
50.792390179 8830940591 1155086 56706  46914
50.804391396 8832205380 1264789 56719  56530
50.816390029 8833250768 1045388 56715  46802
50.828391903 8834515591 1264823 56723  56533
50.840406641 8835780582 1264991 56715  56542
50.852393414 8837045797 1265215 56726  56553
50.864390308 8840276087 3230290 51970  26160
50.875388754 8844590626 4314539 51948  22634
50.886405153 8847859665 3269039 56672  19758
50.898412824 8851909672 4050007 56677  28940
50.910403467 8855992794 4083122 56689  18919
50.922402070 8859138458 3145664 56701  15015
50.934403834 8860351050 1212592 56713  40091
50.946404801 8865211635 4860585 51972  27854
50.957390324 8868707320 3495685 51964  16251
50.968406346 8871394706 2687386 56694  17007
50.980406139 8876417856 5023150 56672  25490
50.992404823 8881479214 5061358 56670  25021
51.004406007 8882666982 1187768 56701  11932
51.016406394 8883822152 1155170 56702  45416
51.028390851 8885087395 1265243 56725  56528
51.040401802 8887860314 2772919 56702  42872
51.052414098 8892010595 4150281 56688  18859
51.064403492 8896184038 4173443 56672  19771
51.076407335 8899262256 3078218 56696  16760
51.088395109 8904099284 4837028 56680  27050
51.100404919 8907406152 3306868 56691  17191
51.112391913 8908617912 1211760 56701  32918
51.124401493 8912540693 3922781 51970  30029
51.135391692 8916638176 4097483 56685  22102
51.147391889 8919776896 3138720 56684  22601
51.159394716 8924374581 4597685 51966  28449
51.170389799 8928719978 4345397 56695  21798
51.182390769 8930960107 2240129 56696  16534
51.194402159 8932102111 1142004 56716  42232
51.206389362 8933329938 1227827 56714  53466
51.218398133 8934375273 1045335 56713  49384
51.230392007 8935638976 1263703 56688  56485
51.242390650 8936902847 1263871 56693  56495
51.254406981 8938166130 1263283 56687  56469
51.266391527 8939165912 999782 56682  45509
51.278406304 8940430707 1264795 56720  56529
51.290390241 8941695278 1264571 56710  56525
51.302406111 8942960073 1264795 56712  56534
51.314403869 8944224644 1264571 56715  56523
51.326402323 8945488767 1264123 56704  56511
51.338402733 8946753562 1264795 56724  56534
51.350403833 8947759187 1005625 56719  45417
51.362405104 8948745821 986634 56701  56522
51.374409693 8950010812 1264991 56724  56539
51.386403804 8951276055 1265243 56729  56551
51.398402441 8952540178 1264123 56704  56510
51.410405404 8953805421 1265243 56741  56555
51.422390811 8955070216 1264795 56725  56534
51.434402915 8956334787 1264571 56708  56522
51.446405369 8957599134 1264347 56709  56511
51.458402812 8958864153 1265019 56715  56541
51.470390386 8960128724 1264571 56714  56533
51.482402923 8961392847 1264123 56695  56504
51.494391653 8962657418 1264571 56710  56522
51.506393467 8963922661 1265243 56742  56553
51.518391320 8965187456 1264795 56713  56530
51.530400554 8965830406 642950 56698  44076
51.542391321 8966635314 804908 56710  56528
51.554394384 8967900109 1264795 56719  56513
51.566403911 8969164680 1264571 56718  56513
51.578390688 8970429475 1264795 56717  56521
51.590404032 8971694046 1264571 56712  56510
51.602393649 8972959065 1265019 56730  56501
51.614406380 8974223412 1264347 56714  56486
51.626389969 8975488181 1264769 56726  56505
51.638403527 8976752554 1264373 56709  56486
51.650390893 8978017125 1264571 56707  56476
51.662404310 8979281920 1264795 56721  56506
51.674405378 8980546715 1264795 56724  56488
51.686410781 8981810282 1263567 56679  56426
51.698390955 8983074513 1264231 56702  56479
51.710402122 8984339582 1265069 56696  56486
51.722404452 8985604913 1265331 56675  56501
51.734394279 8986870244 1265331 56680  56510
51.746403022 8988135799 1265555 56683  56525
51.758392026 8989401130 1265331 56679  56543
51.770405723 8990666686 1265556 56682  56550
51.782404836 8991932241 1265555 56687  56551
51.794401910 8993197796 1265555 56693  56558
51.806405971 8994463351 1265555 56691  56557
51.818406007 8995728682 1265331 56667  56544
51.830391025 8996993790 1265108 56677  56542
51.842406952 8998259345 1265555 56688  56562
51.854400322 8999524900 1265555 56666  56564
51.866393351 9000790231 1265331 56670  56556
51.878389849 9001492173 701942 56690  44017
51.890407219 9001971855 479682 56684  56406
51.902390653 9002451691 479836 56699  56412
51.914393363 9007467743 5016052 56689  27571
51.926389753 9011966065 4498322 51955  22340
51.937391785 9014216582 2250517 56719  10164
51.949402303 9018663973 4447391 56679  21486
51.961389479 9023713172 5049199 56680  26569
51.973406883 9024896892 1183720 56708  17723
51.985404494 9027558988 2662096 51985  35942
51.996390656 9031721523 4162535 56690  20552
52.008397347 9036043673 4322150 56681  20549
52.020394777 9039130729 3087056 56686  20577
52.032390280 9043990630 4859901 56687  26717
52.044391447 9047270981 3280351 56706  15769
52.056395178 9048482683 1211702 56702  34632
52.068394974 9049638028 1155345 56716  49194
52.080403638 9050902200 1264172 56710  56510
52.092394989 9055769203 4867003 56686  30003
52.104403282 9059839090 4069887 56693  20113
52.116393409 9062023996 2184906 56690  14722
52.128402696 9067045631 5021635 56676  25116
52.140390939 9071779944 4734313 51956  24214
52.151391825 9073166352 1386408 56706  10178
52.163411996 9075278872 2112520 56701  42390
52.175406309 9079391433 4112561 56686  19412
52.187404170 9084430161 5038728 56678  25220
52.199392103 9087185429 2755268 51958  15876
52.210403449 9091174174 3988745 56694  18471
52.222406993 9095591126 4416952 56682  23259
52.234404206 9096781935 1190809 56699  29003
52.246396240 9097936881 1154946 56707  42072
52.258403084 9099201228 1264347 56706  56516
52.270390893 9100246302 1045074 56690  47312
52.282403724 9101510649 1264347 56701  56511
52.294389750 9102774772 1264123 56700  56503
52.306402601 9103945910 1171138 56710  49666
52.318391301 9108835526 4889616 56690  31052
52.330399088 9112323806 3488280 51957  15848
52.341402591 9115004735 2680929 56714  13220
52.353391704 9120027497 5022762 56678  28521
52.365406971 9125001255 4973758 56680  24998
52.377390102 9126242069 1240814 56712  11599
52.389406891 9127812091 1570022 52005  37022
52.400392777 9132360153 4548062 56686  21486
52.412395165 9137415427 5055274 56693  25354
52.424393058 9140325931 2910504 56681  19920
52.436391952 9144346459 4020528 56687  19319
52.448402926 9148649042 4302583 56690  20769
52.460402612 9149842616 1193574 56721  28533
52.472391086 9150997338 1154722 56706  47848
52.484399926 9152262133 1264795 56720  55150
52.496403940 9156169681 3907548 56695  33410
52.508394287 9160252167 4082486 56690  20678
52.520407151 9163370293 3118126 56683  17674
52.532390761 9168372313 5002020 56690  31592
52.544402881 9171868602 3496289 51952  16678
52.555392100 9174547934 2679332 56694  20018
52.567407107 9175726534 1178600 56709  42076
52.579404921 9180700399 4973865 56683  25916
52.591401821 9185743081 5042682 56680  26105
52.603404438 9187885045 2141964 56699  19063
52.615390551 9192002801 4117756 56681  19229
52.627402308 9197083788 5080987 56689  25473
52.639412672 9198276494 1192706 56703  24485
52.651394695 9199431774 1155280 56719  49149
52.663391473 9200696263 1264489 56716  56520
52.675392669 9201741309 1045046 56703  50029
52.687394643 9203006328 1265019 56726  56539
52.699406884 9204271571 1265243 56733  56550
52.711390620 9205489963 1218392 56711  53006
52.723403667 9206535336 1045373 56702  49042
52.735392064 9207800103 1264767 56726  56533
52.747394551 9209065122 1265019 56729  56544
52.759393318 9210329693 1264571 56716  56529
52.771390885 9211594264 1264571 56714  56523
52.783405592 9212858947 1264683 56719  56526
52.795398198 9214123182 1264235 56701  56510
52.807392166 9215717418 1594236 56688  46858
52.819402253 9219911770 4194352 56705  18634
52.831391343 9224966897 5055127 56687  25047
52.843390353 9227604762 2637865 51957  17043
52.854406133 9231682767 4078005 56684  18813
52.866394569 9236137342 4454575 56684  22160
52.878401686 9237329719 1192377 56716  23936
52.890394564 9240714524 3384805 56711  34219
52.902401680 9244982628 4268104 51965  20290
52.913402423 9248458407 3475779 56682  17949
52.925392656 9252515008 4056601 56689  22362
52.937404540 9256599724 4084716 56690  20365
52.949403350 9259720524 3120800 56688  16606
52.961409770 9260932982 1212458 56697  38115
52.973395431 9262087928 1154946 56712  50916
52.985402725 9263228845 1140917 56725  51674
52.997403624 9268215278 4986433 56690  24650
53.009402685 9273258375 5043097 56680  25037
53.021404382 9274848588 1590213 51986  14879
53.032394604 9279409464 4560876 56679  21307
53.044403331 9284465717 5056253 56687  26415
53.056403158 9285651039 1185322 56699  18044
53.068390858 9288301166 2650127 51969  36188
53.079403878 9292477139 4175973 56689  19081
53.091392157 9296790786 4313647 56688  20600
53.103391275 9299882225 3091439 56686  14552
53.115416515 9304743006 4860781 56679  24143
53.127391425 9308016640 3273634 56680  16723
53.139402886 9309229098 1212458 56697  32737
53.151393752 9310384492 1155394 56709  49837
53.163391983 9311649287 1264795 56727  56535
53.175391256 9312694719 1045432 56706  46890
53.187391646 9313959380 1264661 56708  56528
53.199394256 9315224175 1264795 56719  56537
53.211390797 9316263917 1039742 56711  46096
53.223392994 9321291863 5027946 56681  29360
53.235403554 9325884214 4592351 51968  25606
53.246391276 9328079958 2195744 56680  18507
53.258394254 9332487393 4407435 56678  20501
53.270414044 9337533946 5046553 56667  27336
53.282392814 9338718100 1184154 56687  18559
53.294401871 9341361524 2643424 51982  41064
53.305392753 9345548332 4186808 56681  19155
53.317401870 9349847409 4299077 56688  21349
53.329391540 9352934123 3086714 56702  19723
53.341393991 9357750018 4815895 56678  28102
53.353404395 9361066149 3316131 56694  16005
53.365391391 9362279251 1213102 56692  35185
53.377404058 9363434421 1155170 56704  50615
53.389391215 9364699188 1264767 56706  55496
53.401404052 9369584657 4885469 56692  29447
53.413405772 9373090864 3506207 51951  15940
53.424401228 9375761230 2670366 56708  14522
53.436407718 9380778754 5017524 56681  26601
53.448405206 9385766830 4988076 56677  25314
53.460402739 9386992936 1226106 56705  9478
53.472394269 9388555743 1562807 52000  40888
53.483394428 9393111963 4556220 56688  21665
53.495403785 9398175976 5064013 56691  27163
53.507404302 9401052397 2876421 56680  19137
53.519393915 9405083363 4030966 56692  19175
53.531405733 9409398670 4315307 56692  19861
53.543389519 9410588954 1190284 56715  28877
53.555402870 9411743753 1154799 56704  45310
53.567394163 9413008548 1264795 56720  56527
53.579394677 9414054098 1045550 56711  47778
53.591405131 9415319089 1264991 56720  56542
53.603391470 9416584108 1265019 56722  56543
53.615391848 9417756236 1172128 56714  49683
53.627390554 9418848471 1092235 56691  52626
53.639404055 9420111744 1263273 56683  56462
53.651404979 9421374971 1263227 56684  56463
53.663391268 9422638600 1263629 56685  56474
53.675394206 9423901649 1263049 56680  56459
53.687404739 9425165324 1263675 56695  56491
53.699393183 9426428999 1263675 56688  56480
53.711400400 9427157331 728332 56704  46589
53.723403570 9428422126 1264795 56715  56529
53.735392547 9429686847 1264721 56716  56524
53.747407514 9430951492 1264645 56723  56530
53.759394517 9432216511 1265019 56730  56547
53.771402975 9433481082 1264571 56714  56524
53.783391864 9434745877 1264795 56720  56533
53.795402155 9436010448 1264571 56717  56520
53.807407175 9437275467 1265019 56734  56542
53.819405175 9438540290 1264823 56718  56531
53.831392102 9439804833 1264543 56720  56532
53.843405292 9441070076 1265243 56731  56553
53.855393096 9442334871 1264795 56721  56534
53.867406086 9443599666 1264795 56721  56534
53.879390957 9444622204 1022538 56709  48261
53.891390720 9445102035 479831 56693  56519
53.903410660 9450116538 5014503 56666  28430
53.915403341 9454652224 4535686 51958  21987
53.926405860 9456875888 2223664 56680  12923
53.938394060 9461316478 4440590 56680  21785
53.950406757 9466362191 5045713 56687  26373
53.962391134 9467545687 1183496 56694  20129
53.974393964 9470157633 2611946 51984  40454
53.985405304 9474259548 4101915 56690  18930
53.997393343 9478704844 4445296 56694  21484
54.009403384 9481783914 3079070 56699  21170
54.021391830 9486644993 4861079 56686  24990
54.033405791 9489928876 3283883 56697  13758
54.045401738 9491140886 1212010 56718  29935
54.057398955 9492295384 1154498 56687  51152
54.069404352 9493560179 1264795 56716  56533
54.081393135 9498424998 4864819 56693  30296
54.093390996 9501851941 3426943 51955  16965
54.104405008 9504542673 2690732 56698  17389
54.116393091 9509453884 4911211 51952  29200
54.127402087 9512981031 3527147 51954  17214
54.138403557 9515653784 2672753 56701  15082
54.150406537 9516810992 1157208 56712  37428
54.162392844 9521818619 5007627 56681  25372
54.174394073 9526468628 4650009 51962  23923
54.185402849 9528687452 2218824 56702  18457
54.197404273 9533004249 4316797 56680  20008
54.209400981 9538045182 5040933 56680  25362
54.221398184 9539230022 1184840 56695  18163
54.233404634 9540384296 1154274 56699  46085
54.245391447 9541647337 1263041 56667  56034
54.257394687 9542692149 1044812 56702  49633
54.269407084 9543957392 1265243 56725  56549
54.281391145 9545222187 1264795 56719  56535
54.293401545 9546487206 1265019 56727  56542
54.305403905 9549744298 3257092 51967  26405
54.316403605 9554031331 4287033 51964  21915
54.327405247 9557304476 3273145 56685  15516
54.339392037 9560778372 3473896 51960  23362
54.350392313 9565130573 4352201 51958  21373
54.361391605 9568370619 3240046 56703  14934
54.373409786 9569583189 1212570 56717  35861
54.385407226 9573483813 3900624 51961  28433
54.396403009 9577572655 4088842 56690  20692
54.408407245 9580726997 3154342 56692  15122
54.420391386 9585475982 4748985 51967  26367
54.431395711 9589660116 4184134 56676  20221
54.443391205 9591894360 2234244 56685  11139
54.455390495 9593032724 1138364 56703  41780
54.467405682 9594263556 1230832 56726  54891
54.479391122 9595877718 1614162 56716  47407
54.491404669 9600385530 4507812 56687  20697
54.503404429 9605439313 5053783 56684  26710
54.515390856 9608509519 3070206 56697  17960
54.527398566 9612028987 3519468 51962  16069
54.538390086 9616636414 4607427 56688  22046
54.550402236 9617830135 1193721 56708  26036
54.562396939 9621188027 3357892 56695  34167
54.574394683 9625453092 4265065 51965  20317
54.585404239 9628968297 3515205 56678  18172
54.597393802 9633025504 4057207 56674  23904
54.609391265 9637111116 4085612 56683  20573
54.621391173 9640254783 3143667 56679  19294
54.633406510 9641467670 1212887 56719  37969
54.645394286 9642622840 1155170 56706  51625
54.657392737 9643736149 1113309 56728  50460
54.669402951 9644934053 1197904 56722  53556
54.681399711 9646198624 1264571 56712  56524
54.693394937 9647463419 1264795 56716  56535
54.705401271 9648461913 998494 56712  45825
54.717407605 9649726708 1264795 56721  56527
54.729391545 9650991503 1264795 56718  56533
54.741397622 9652256074 1264571 56709  56526
54.753401879 9653520869 1264795 56735  56543
54.765393349 9654785440 1264571 56713  56524
54.777405810 9656049974 1264534 56703  56517
54.789402229 9657147360 1097386 56722  47704
54.801389102 9660334595 3187235 56689  40094
54.813405856 9664526114 4191519 51960  19673
54.824402939 9667953386 3427272 56684  15712
54.836402973 9672018577 4065191 56680  23238
54.848413126 9676107249 4088672 56682  19200
54.860404120 9679258989 3151740 56695  17329
54.872389733 9680471391 1212402 56728  36120
54.884405387 9685450855 4979464 56688  28054
54.896402154 9690241865 4791010 56679  23254
54.908403454 9692325076 2083211 56704  14108
54.920391290 9696725713 4400637 56686  21402
54.932403458 9701774877 5049164 56688  26315
54.944406432 9702959493 1184616 56700  14088
54.956385825 9704114887 1155394 56712  47989
54.968406205 9705379682 1264795 56723  56535
54.980402509 9708338627 2958945 56707  35326
54.992402619 9713198706 4860079 56686  23815
55.004399510 9716484062 3285356 56703  14458
55.016394773 9720529217 4045155 56683  25068
55.028393280 9724618829 4089612 56692  19138
55.040402500 9727764493 3145664 56699  14577
55.052405074 9728976951 1212458 56722  44116
55.064391537 9733856948 4879997 51959  27862
55.075403926 9737546065 3689117 51960  17523
55.086403029 9740031045 2484980 56694  17149
55.098391308 9745060624 5029579 56677  26919
55.110394116 9749568930 4508306 51951  22019
55.121402435 9751209193 1640263 56709  8943
55.133393358 9752362841 1153648 56681  44265
55.145393969 9753627468 1264627 56714  56517
55.157411546 9754672486 1045018 56704  48134
55.169405856 9755936805 1264319 56699  56494
55.181394653 9757200732 1263927 56702  56506
55.193394113 9758465303 1264571 56719  56525
55.205401333 9761393224 2927921 56677  34739
55.217403634 9766238661 4845437 56677  23996
55.229393554 9769543817 3305156 56688  14033
55.241395237 9773010143 3466326 51957  18975
55.252401846 9777330765 4320622 51956  21453
55.263402655 9780580112 3249347 56687  13069
55.275391195 9781792346 1212234 56709  30747
55.287390826 9785724983 3932637 51980  29806
55.298392282 9789807906 4082923 56689  18781
55.310411879 9792954410 3146504 56685  23313
55.322393065 9797709437 4755027 51957  27567
55.333387401 9801870711 4161274 56671  20463
55.345404989 9804140813 2270102 56686  20119
55.357394452 9805270217 1129404 56715  42642
55.369392028 9806509561 1239344 56721  54627
55.381401749 9808172830 1663269 56698  48454
55.393392512 9812619953 4447123 56680  20590
55.405393132 9817649903 5029950 56675  26024
55.417403570 9820520433 2870530 56688  23653
55.429404949 9824522349 4001916 56681  21210
55.441402370 9828896085 4373736 56672  20902
55.453391616 9830088686 1192601 56712  30660
55.465393187 9833518048 3429362 56691  34694
55.477403234 9837731011 4212963 51963  19853
55.488403313 9841198748 3467737 56677  18795
55.500403347 9845262013 4063265 56691  22947
55.512403650 9849346343 4084330 56679  20250
55.524404737 9852464931 3118588 56675  15316
55.536402557 9853677283 1212352 56715  40021
55.548394847 9854832783 1155500 56724  50214
55.560402798 9855973644 1140861 56704  50296
55.572405511 9857142876 1169232 56702  52283
55.584393591 9858407790 1264914 56710  56532
55.596401895 9859671948 1264158 56700  56513
55.608390628 9860671408 999460 56710  45891
55.620400878 9861936427 1265019 56726  56535
55.632414939 9863200550 1264123 56709  56497
55.644403685 9864464225 1263675 56687  56484
55.656391286 9865728348 1264123 56703  56504
55.668392016 9866992695 1264347 56706  56511
55.680392380 9868256594 1263899 56702  56501
55.692404127 9869373222 1116628 56737  46533
55.704389543 9870249451 876229 56705  55810
55.716403877 9871513534 1264083 56701  56502
55.728393614 9872777295 1263761 56697  56491
55.740395561 9874040970 1263675 56688  56481
55.752403257 9875305317 1264347 56717  56519
55.764390211 9876569664 1264347 56714  56512
55.776389351 9877833143 1263479 56681  56474
55.788398762 9879097014 1263871 56698  56491
55.800395835 9880361361 1264347 56714  56510
55.812390102 9881625708 1264347 56714  56513
55.824406859 9882890055 1264347 56717  56525
55.836408052 9884153730 1263675 56687  56481
55.848406886 9885417629 1263899 56695  56494
55.860389893 9886681976 1264347 56706  56512
55.872402830 9887440746 758770 56696  45375
55.884405744 9888128714 687968 56712  56533
55.896402160 9889392837 1264123 56705  56501
55.908406968 9890657184 1264347 56711  56514
55.920390124 9891921755 1264571 56710  56524
55.932402028 9893186550 1264795 56719  56531
55.944394048 9894450897 1264347 56709  56513
55.956408958 9895716106 1265209 56718  56545
55.968405198 9896980263 1264157 56708  56518
55.980401535 9898245058 1264795 56719  56532
55.992394636 9899510105 1265047 56725  56544
56.004393252 9900774872 1264767 56715  56531
56.016395976 9902039891 1265019 56729  56545
56.028393723 9903305134 1265243 56736  56552
56.040390400 9904569481 1264347 56706  56525
56.052402646 9905834276 1264795 56724  56532
56.064393687 9907098847 1264571 56712  56523
56.076393520 9908363894 1265047 56725  56546
56.088402321 9909628661 1264767 56715  56530
56.100393248 9910893456 1264795 56718  56533
56.112402798 9912158251 1264795 56726  56543
56.124389961 9913422528 1264277 56695  56505
56.136390201 9914686903 1264375 56695  56513
56.148391565 9915951292 1264389 56709  56523
56.160405918 9917215863 1264571 56707  56525
56.172403026 9918480462 1264599 56711  56524
56.184402442 9919744719 1264257 56714  56512
56.196394133 9921009128 1264409 56711  56521
56.208401376 9922273923 1264795 56718  56532
56.220390210 9923099800 825877 56712  46618
56.232401730 9923579509 479709 56679  56508
56.244403797 9924059305 479796 56697  56526
56.256393280 9925161475 1102170 56697  56498
56.268409827 9926425852 1264377 56715  56507
56.280403421 9927689751 1263899 56694  56482
56.292401611 9928954322 1264571 56715  56510
56.304404601 9930219117 1264795 56726  56516
56.316405494 9931483688 1264571 56715  56462
56.328391312 9932747811 1264123 56716  56497
56.340393395 9934012382 1264571 56719  56492
56.352396539 9935276281 1263899 56694  56450
56.364405546 9936540143 1263862 56693  56458
56.376390116 9937804751 1264608 56717  56487
56.388402816 9939069322 1264571 56711  56484
56.400391749 9940333221 1263899 56701  56456
56.412406413 9941597120 1263899 56698  56445
56.424416686 9942861467 1264347 56709  56465
56.436395687 9944125366 1263899 56680  56429
56.448391780 9945389265 1263899 56695  56457
56.460402107 9946653612 1264347 56700  56495
56.472393890 9947917959 1264347 56716  56511
56.484404178 9949181634 1263675 56692  56472
56.496402028 9950445533 1263899 56693  56481
56.508403165 9951709130 1263597 56681  56469
56.520404771 9952973107 1263977 56700  56499
56.532394612 9954236617 1263510 56675  56473
56.544389441 9955500457 1263840 56703  56497
56.556403699 9956763684 1263227 56677  56461
56.568403666 9958027359 1263675 56692  56482
56.580392179 9959291489 1264130 56698  56500
56.592398030 9960556820 1265331 56681  56542
56.604407289 9961822151 1265331 56689  56546
56.616402620 9963087258 1265107 56684  56552
56.628390756 9964352590 1265332 56671  56551
56.640402010 9965617921 1265331 56674  56558
56.652406887 9966883252 1265331 56684  56551
56.664390331 9968148583 1265331 56689  56544
56.676391424 9969413914 1265331 56678  56543
56.688405314 9970679021 1265107 56680  56550
56.700401982 9971944577 1265556 56691  56560
56.712401121 9973210132 1265555 56691  56561
56.724401852 9974475463 1265331 56681  56547
56.736405782 9975740794 1265331 56673  56541
56.748415502 9977006125 1265331 56682  56552
56.760395985 9978271232 1265107 56675  56547
56.772401963 9979536564 1265332 56680  56554
56.784405766 9980801895 1265331 56688  56552
56.796401503 9982067226 1265331 56690  56548
56.808402589 9983332557 1265331 56692  56545
56.820403747 9984597888 1265331 56698  56553
56.832394644 9985863219 1265331 56702  56560
56.844406054 9987128551 1265332 56695  56551
56.856402278 9988393882 1265331 56689  56555
56.868390124 9989659213 1265331 56689  56546
56.880389331 9990924544 1265331 56695  56545
56.892392221 9992189875 1265331 56687  56545
56.904400958 9993454982 1265107 56679  56547
56.916394465 9994416013 961031 56708  44157
56.928389789 9994895910 479897 56703  56530
56.940393998 9995375809 479899 56697  56532
56.952390156 9995855483 479674 56684  56507
56.964390385 9996335343 479860 56681  56412
56.976389896 9996815176 479833 56690  56414
56.988402820 9997522576 707400 14514  14273
57.000394526 9998280134 757558 6599  6418
57.012391839 9999037522 757388 6600  6418
57.024392833 9999794883 757361 6598  6418
57.036392551 10000552319 757436 6598  6389
57.048403647 10001309831 757512 6606  6401
57.060413581 10002067282 757451 6604  6401
57.072405287 10002824840 757558 6604  6396
57.084403381 10003582411 757571 6594  6397
57.096392561 10004339799 757388 6598  6383
57.108407015 10005097370 757571 6602  6381
57.120393918 10005854701 757331 6605  6396
57.132404542 10006612213 757512 6597  6370
57.144406369 10007369906 757693 6596  6373
57.156392202 10008127534 757628 6600  6379
57.168402976 10008884745 757211 6596  6407
57.180393279 10009642196 757451 6603  6419
57.192392310 10010399603 757407 6606  6424
57.204404396 10011156859 757256 6595  6417
57.216391540 10011914429 757570 6601  6431
57.228411973 10012671880 757451 6600  6432
57.240392250 10013429331 757451 6604  6435
57.252395060 10014186782 757451 6601  6432
57.264405581 10014944353 757571 6604  6439
57.276393377 10015701924 757571 6600  6432
57.288404185 10016459375 757451 6596  6433
57.300392548 10017216707 757332 6597  6428
57.312404818 10017974100 757393 6601  6433
57.324405981 10018731608 757508 6601  6431
57.336394005 10019489179 757571 6612  6438
57.348403335 10020246736 757557 6601  6432
57.360393416 10021004262 757526 6592  6430
57.372391949 10021761595 757333 6601  6432
57.384412493 10022519076 757481 6598  6429
57.396391366 10023276674 757598 6596  6432
57.408404106 10024034249 757575 6604  6442
57.420407640 10024791684 757435 6596  6431
57.432392223 10025549330 757646 6600  6434
57.444405401 10026306598 757268 6594  6430
57.456393137 10027064035 757437 6597  6431
57.468405338 10027821683 757648 6605  6436
57.480404467 10028579311 757628 6610  6444
57.492404931 10029336703 757392 6604  6436
57.504403378 10030094289 757586 6594  6430
57.516403628 10030851904 757615 6598  6436
57.528402085 10031609494 757590 6599  6430
57.540413382 10032366926 757432 6601  6431
57.552394508 10033124440 757514 6603  6438
57.564404082 10033881948 757508 6604  6439
57.576394395 10034639339 757391 6593  6426
57.588392876 10035396850 757511 6602  6431
57.600405582 10036154346 757496 6596  6432
57.612391430 10036911935 757589 6598  6430
57.624393174 10037669506 757571 6608  6437
57.636391140 10038427014 757508 6595  6429
57.648404017 10039184585 757571 6605  6434
57.660407670 10039942156 757571 6598  6427
57.672397580 10040699580 757424 6598  6431
57.684392477 10041456852 757272 6597  6432
57.696401345 10042214467 757615 6609  6442
57.708407054 10042971960 757493 6604  6434
57.720403828 10043729411 757451 6598  6430
57.732393121 10044486742 757331 6595  6430
57.744404535 10045244193 757451 6599  6430
57.756404838 10046001764 757571 6597  6431
57.768392119 10046759158 757394 6612  6440
57.780406779 10047516546 757388 6596  6430
57.792403989 10048274060 757514 6600  6430
57.804403346 10049031568 757508 6598  6428
57.816394676 10049789080 757512 6602  6434
57.828392779 10050546696 757616 6603  6432
57.840405943 10051304224 757528 6607  6438
57.852405367 10052061732 757508 6605  6435
57.864412597 10052818943 757211 6591  6428
57.876394077 10053576638 757695 6600  6431
57.888392467 10054334325 757687 6597  6434
57.900406568 10055091536 757211 6600  6428
57.912391758 10055848987 757451 6604  6436
57.924395395 10056606484 757497 6599  6430
57.936406325 10057204624 598140 12862  10782
57.947396391 10058444286 1239662 51992  36766
57.958391789 10059686530 1242244 51998  36874
57.969392348 10060928423 1241893 51981  36834
57.980405331 10062159396 1230973 51988  36517
57.991393244 10063397933 1238537 52004  36728
58.002395506 10064635122 1237189 51976  36706
58.013411999 10065873683 1238561 51996  36716
58.024408174 10067112252 1238569 52002  36689
58.035395853 10068348496 1236244 52014  36674
58.046394292 10069579238 1230742 51984  36501
58.057394878 10070814299 1235061 51994  36603
58.068392617 10072053132 1238833 51987  36748
58.079404513 10073290156 1237024 52012  36668
58.090405752 10074525894 1235738 51988  36670
58.101407237 10075761839 1235945 51982  36623
58.112392943 10076995498 1233659 51984  36585
58.123404955 10078233773 1238275 52002  36669
58.134393371 10079471349 1237576 52009  36700
58.145406280 10080706907 1235558 51994  36574
58.156412763 10081942376 1235469 51948  36642
58.167394018 10083180401 1238025 51977  36697
58.178393374 10084413417 1233016 52002  36570
58.189407357 10085648491 1235074 52004  36592
58.200404065 10086884364 1235873 51987  36649
58.211406268 10088120237 1235873 51981  36635
58.222405340 10089359448 1239211 52002  36780
58.233393773 10090596923 1237475 52017  36697
58.244390508 10091827899 1230976 51973  36521
58.255395187 10093066613 1238714 51993  36729
58.266407327 10094307036 1240423 51998  36821
58.277393866 10095545435 1238399 52012  36707
58.288391311 10096784151 1238716 51960  36766
58.299412730 10098016888 1232737 51967  36558
58.310394633 10099250594 1233706 51976  36631
58.321405168 10100489914 1239320 52006  36746
58.332404764 10101727208 1237294 52013  36716
58.343407007 10102962904 1235696 51997  36645
58.354393913 10104197422 1234518 51994  36623
58.365403658 10105436339 1238917 51985  36730
58.376394140 10106668636 1232297 52008  36556
58.387393080 10107909424 1240788 51833  36912
58.398382908 10109147877 1238453 51978  36766
58.409392701 10110387637 1239760 51991  36781
58.420404443 10111629691 1242054 51939  36809
58.431405433 10112868349 1238658 52012  36755
58.442393958 10114100131 1231782 51911  36499
58.453411790 10115342231 1242100 51990  36854
58.464405420 10116579756 1237525 51994  36695
58.475394915 10117822101 1242345 52008  36892
58.486404851 10119060822 1238721 52007  36756
58.497405353 10120296486 1235664 51937  36633
58.508405353 10121530740 1234254 51990  36603
58.519404824 10122768680 1237940 52001  36702
58.530405347 10124002722 1234042 51973  36626
58.541395206 10125239074 1236352 51997  36655
58.552393051 10126476098 1237024 51989  36693
58.563395081 10127717033 1240935 51988  36832
58.574406763 10128951726 1234693 52008  36642
58.585392228 10130187075 1235349 52013  36639
58.596413895 10131424080 1237005 51976  36700
58.607406534 10132661621 1237541 51994  36702
58.618395173 10133901188 1239567 51993  36800
58.629408402 10135136010 1234822 52013  36616
58.640393214 10136366618 1230608 51962  36487
58.651393653 10137604937 1238319 51990  36707
58.662392119 10138839104 1234167 51974  36589
58.673392161 10140074091 1234987 51968  36641
58.684391750 10141311950 1237859 52014  36728
58.695393433 10142544252 1232302 51983  36551
58.706404899 10143776316 1232064 51983  36502
58.717406908 10145017306 1240990 51990  36814
58.728391193 10146253103 1235797 52005  36614
58.739412659 10147493745 1240642 51984  36804
58.750394274 10148729382 1235637 52000  36641
58.761391500 10149968697 1239315 51968  36769
58.772407270 10151202768 1234071 51974  36627
58.783405576 10152438835 1236067 51999  36648
58.794406405 10153669435 1230600 51988  36497
58.805394023 10154907655 1238220 52004  36740
58.816405429 10156143185 1235530 51976  36639
58.827392634 10157379349 1236164 52013  36679
58.838395487 10158609982 1230633 51982  36476
58.849404856 10159844404 1234422 51982  36598
58.860392846 10161084238 1239834 51985  36746
58.871405867 10162322817 1238579 52005  36753
58.882413533 10163559038 1236221 52012  36643
58.893389079 10164796683 1237645 51990  36731
58.904405454 10166027784 1231101 51964  36485
58.915405124 10167266366 1238582 51963  36751
58.926407026 10168500198 1233832 51998  36603
58.937407152 10169739899 1239701 52003  36813
58.948393164 10170975400 1235501 51982  36591
58.959405717 10172213073 1237673 51989  36755
58.970392406 10173445254 1232181 52005  36562
58.981405731 10174679545 1234291 52008  36613
58.992406697 10175912775 1233230 52005  36563
59.003392723 10177155232 1242457 52001  36858
59.014405089 10178392236 1237004 51949  36673
59.025393261 10179627794 1235558 52007  36659
59.036415060 10180862376 1234582 51980  36617
59.047394236 10182101165 1238789 51947  36754
59.058405111 10183340940 1239775 51995  36755
59.069408104 10184584743 1243803 51941  36898
59.080394063 10185823224 1238481 52013  36747
59.091391951 10187060697 1237473 51985  36699
59.102405451 10188292398 1231701 52005  36529
59.113406860 10189529392 1236994 51985  36682
59.124404746 10190764488 1235096 52007  36608
59.135395624 10191997385 1232897 51959  36587
59.146393714 10193229606 1232221 51988  36536
59.157406193 10194463631 1234025 52008  36618
59.168407102 10195694287 1230656 52006  36474
59.179411064 10196927779 1233492 52012  36569
59.190404187 10198162901 1235122 51995  36623
59.201404536 10199397395 1234494 52000  36586
59.212394151 10200636448 1239053 51954  36749
59.223395827 10201870366 1233918 51989  36604
59.234408843 10203102262 1231896 51987  36539
59.245392931 10204332830 1230568 51937  36484
59.256407324 10205568423 1235593 51964  36644
59.267390587 10206805029 1236606 52005  36648
59.278404443 10208034982 1229953 52011  36478
59.289405821 10209267778 1232796 52003  36565
59.300406107 10210134754 866976 56709  46919
59.312404818 10210418050 283296 56699  56541
59.324401077 10210701381 283331 56694  56543
59.336393064 10210984672 283291 56698  56547
59.348391934 10211267948 283276 56703  56548
59.360402881 10211551254 283306 56695  56540
59.372390421 10211834445 283191 56689  56531
59.384393264 10212117806 283361 56699  56545
59.396406325 10212401077 283271 56697  56545
59.408407231 10212684313 283236 56681  56525
59.420393712 10212967629 283316 56698  56546
59.432402092 10213250915 283286 56694  56542
59.444402076 10213534231 283316 56699  56545
59.456390155 10213817452 283221 56692  56532
59.468392236 10214100768 283316 56699  56545
59.480394592 10214384029 283261 56687  56534
59.492410113 10214667315 283286 56702  56549
59.504391006 10214950611 283296 56699  56531
59.516404157 10215921473 970862 51943  46861
59.527392948 10217133218 1211745 51985  23223
59.538402814 10218351537 1218319 51979  37076
59.549395607 10219567561 1216024 51982  36996
59.560391073 10220141721 574160 56712  53025
59.572407289 10220537823 396102 56706  56484
59.584392876 10220934404 396581 56685  56526
59.596406296 10221330566 396162 56697  56540
59.608392566 10221726703 396137 56720  56558
59.620402643 10222122693 395990 56679  56513
59.632406317 10222518809 396116 56700  56545
59.644398924 10222915345 396536 56700  56539
59.656390510 10223311524 396179 56699  56538
59.668394254 10223707591 396067 56682  56527
59.680394730 10224103693 396102 56696  56539
59.692392191 10224500285 396592 56703  56539
59.704407738 10224896548 396263 56704  56550
59.716404991 10225292741 396193 56711  56553
59.728406498 10225688794 396053 56693  56536
59.740390628 10226084889 396095 56699  56542
59.752404631 10226481306 396417 56685  56529
59.764393492 10226877450 396144 56704  56547
59.776404499 10227273573 396123 56691  56539
59.788395162 10227669615 396042 56697  56540
59.800399820 10228065868 396253 56720  56563
59.812407729 10228462488 396620 56711  56553
59.824406030 10228858492 396004 56694  56545
59.836407763 10229254608 396116 56684  56523
59.848405437 10229650605 395997 56687  56531
59.860405223 10230047064 396459 56702  56535
59.872393463 10230443159 396095 56705  56550
59.884404467 10230839359 396200 56698  56543
59.896404877 10231235573 396214 56718  56559
59.908404247 10231631829 396256 56709  56545
59.920403947 10232028526 396697 56705  56545
59.932402948 10232424635 396109 56696  56543
59.944391914 10232820922 396287 56724  56567
59.956401718 10233217000 396078 56707  56543
59.968403328 10233613284 396284 56704  56548
59.980403498 10234009631 396347 56689  56526
59.992394901 10234405727 396096 56706  56546
60.004393342 10234801849 396122 56706  56543
60.016394252 10235197986 396137 56704  56551
60.028391996 10235594711 396725 56703  56553
60.040406936 10235990848 396137 56695  56538
60.052405703 10236387006 396158 56700  56541
60.064394129 10236783144 396138 56704  56545
60.076404813 10237179168 396024 56688  56530
60.088392296 10237575840 396672 56716  56561
60.100405460 10237972016 396176 56716  56555
60.112402720 10238368328 396312 56709  56554
60.124402374 10238764290 395962 56696  56543
60.136407067 10239160714 396424 56708  56552
60.148404321 10239556928 396214 56698  56544
60.160393734 10239953037 396109 56705  56547
60.172403838 10240349244 396207 56703  56550
60.184392681 10240745451 396207 56722  56564
60.196388778 10241141903 396452 56693  56534
60.208391228 10241538012 396109 56696  56540
60.220390128 10241934087 396075 56695  56543
60.232407675 10242330174 396087 56700  56539
60.244392588 10242726304 396130 56705  56551
60.256403838 10243122833 396529 56702  56547
60.268393075 10243518893 396060 56694  56539
60.280399295 10243915240 396347 56718  56566
60.292404646 10244311320 396080 56683  56524
60.304394002 10244707857 396537 56705  56546
60.316393445 10245104051 396194 56697  56540
60.328403416 10245500103 396052 56696  56542
60.340394226 10245896170 396067 56691  56531
60.352392292 10246292293 396123 56696  56537
60.364404326 10246688892 396599 56691  56536
60.376403207 10247084980 396088 56691  56541
60.388406263 10247481110 396130 56715  56553
60.400393157 10247877240 396130 56708  56555
60.412404060 10248273506 396266 56693  56541
60.424391504 10248654118 380612 56695  56382
60.436402867 10248973044 318926 56703  55911
60.448404318 10249312805 339761 56696  56347
60.460405491 10249652566 339761 56692  56415
60.472392198 10249992423 339857 56685  56428
60.484389938 10250332250 339827 56704  56430
60.496392131 10250672101 339851 56706  56445
60.508403148 10251012063 339962 56693  56449
60.520401952 10251351728 339665 56709  56389
60.532391015 10251691339 339611 56695  56426
60.544393201 10252031154 339815 56707  56447
60.556404552 10252370837 339683 56687  56413
60.568393978 10252710597 339760 56686  56415
60.580391606 10253050202 339605 56694  56426
60.592412343 10253389873 339671 56700  56412
60.604404609 10253729754 339881 56708  56437
60.616391582 10254069317 339563 56699  56422
60.628404553 10254409210 339893 56703  56446
60.640403679 10254749121 339911 56691  56427
60.652395183 10255088726 339605 56685  56402
60.664403716 10255428487 339761 56710  56419
60.676402657 10255768290 339803 56690  56420
60.688388817 10256107865 339575 56690  56405
60.700391387 10256447782 339917 56709  56453
60.712404804 10256787702 339920 56715  56438
60.724402378 10257127310 339608 56687  56416
60.736404904 10257466978 339668 56698  56412
60.748411818 10257806709 339731 56693  56408
60.760394491 10258146391 339682 56692  56429
60.772393081 10258486339 339948 56704  56464
60.784390675 10258826076 339737 56685  56418
60.796405605 10259165621 339545 56692  56413
60.808391622 10259505298 339677 56694  56406
60.820404262 10259845029 339731 56696  56423
60.832405035 10260184559 339530 56693  56413
60.844392035 10260524443 339884 56686  56443
60.856404299 10260864252 339809 56693  56419
60.868402819 10261203831 339579 56703  56421
60.880401339 10261543405 339574 56708  56417
60.892403889 10261883131 339726 56679  56414
60.904390230 10262222907 339776 56705  56449
60.916405163 10262562736 339829 56700  56444
60.928406780 10262902462 339726 56691  56424
60.940394456 10263242130 339668 56704  56436
60.952404070 10263581869 339739 56712  56430
60.964389720 10263921541 339672 56701  56422
60.976394964 10264261251 339710 56687  56424
60.988390244 10264601163 339912 56714  56452
61.000393294 10264940924 339761 56700  56427
61.012403031 10265280824 339900 56700  56444
61.024403708 10265620468 339644 56701  56413
61.036388554 10265960441 339973 56705  56462
61.048391957 10266300407 339966 56698  56442
61.060401971 10266640087 339680 56684  56423
61.072412779 10266980168 340081 56708  56468
61.084403442 10267319978 339810 56695  56430
61.096391328 10267659598 339620 56697  56411
61.108394869 10267999593 339995 56693  56464
61.120402068 10268339494 339901 56704  56438
61.132403962 10268679216 339722 56697  56430
61.144389359 10269019153 339937 56691  56450
61.156403139 10269359149 339996 56707  56450
61.168404859 10269698661 339512 56693  56400
61.180394142 10270038712 340051 56699  56462
61.192393749 10270378612 339900 56697  56446
61.204388726 10270718382 339770 56704  56438
61.216402393 10271058457 340075 56711  56467
61.228399026 10271398339 339882 56690  56430
61.240392207 10271737911 339572 56702  56404
61.252400860 10272077842 339931 56693  56454
61.264378217 10272417786 339944 56709  56451
61.276402190 10272757615 339829 56705  56444
61.288391364 10273097613 339998 56707  56455
61.300392974 10273437447 339834 56688  56435
61.312405734 10273816220 378773 56702  56399
61.324394271 10274212462 396242 56699  56543
61.336392071 10274609012 396550 56695  56534
61.348404708 10275005198 396186 56694  56539
61.360403688 10275401342 396144 56705  56547
61.372404968 10275797444 396102 56708  56551
61.384391444 10276193469 396025 56706  56550
61.396412338 10276590040 396571 56702  56544
61.408405365 10276986163 396123 56712  56550
61.420406552 10277382314 396151 56702  56542
61.432396295 10277778430 396116 56710  56556
61.444394222 10278174819 396389 56702  56538
61.456404189 10278571257 396438 56705  56548
61.468406039 10278967359 396102 56696  56540
61.480393526 10279363328 395969 56693  56537
61.492403650 10279759493 396165 56708  56551
61.504404423 10280155938 396445 56687  56533
61.516392776 10280552026 396088 56702  56549
61.528392753 10280948310 396284 56701  56547
61.540392673 10281344405 396095 56696  56542
61.552420120 10281740416 396011 56698  56544
61.564394190 10282137176 396760 56718  56561
61.576391074 10282533390 396214 56701  56547
61.588393320 10282929660 396270 56710  56559
61.600406784 10283325867 396207 56700  56544
61.612407174 10283722424 396557 56708  56550
61.624393834 10284118561 396137 56700  56543
61.636405451 10284514670 396109 56709  56553
61.648405308 10284910828 396158 56707  56546
61.660392568 10285306874 396046 56698  56541
61.672390981 10285703585 396711 56707  56556
61.684403648 10286099722 396137 56694  56539
61.696404449 10286495873 396151 56711  56551
61.708412868 10286892052 396179 56696  56545
61.720394381 10287288175 396123 56699  56543
61.732401729 10287684732 396557 56701  56544
61.744404929 10288080823 396091 56690  56535
61.756406516 10288476943 396120 56716  56553
61.768393965 10288873037 396094 56689  56532
61.780392453 10289269448 396411 56691  56533
61.792405056 10289665585 396137 56705  56542
61.804405843 10290061631 396046 56699  56547
61.816392066 10290457649 396018 56687  56526
61.828405417 10290853667 396018 56698  56531
61.840391840 10291250210 396543 56700  56537
61.852392146 10291646431 396221 56711  56556
61.864410467 10292042498 396067 56691  56537
61.876393066 10292438566 396068 56707  56550
61.888404847 10292834765 396199 56710  56555
61.900393210 10293231511 396746 56718  56564
61.912392194 10293627739 396228 56706  56552
61.924409260 10294023876 396137 56704  56550
61.936406368 10294420055 396179 56713  56554
61.948395097 10294816647 396592 56695  56538
61.960391471 10295212763 396116 56698  56538
61.972390134 10295608914 396151 56704  56550
61.984405018 10296005065 396151 56703  56550
61.996390108 10296401251 396186 56715  56562
62.008405422 10296797991 396740 56712  56557
62.020404835 10297194022 396031 56701  56543
62.032400309 10297590145 396123 56699  56541
62.044400729 10297986247 396102 56703  56544
62.056393282 10298382489 396242 56693  56539
62.068404912 10298779011 396522 56700  56540
62.080405709 10299175057 396046 56710  56550
62.092393722 10299571111 396054 56702  56548
62.104394519 10299967331 396220 56714  56559
62.116407623 10300363902 396571 56692  56535
62.128403013 10300759885 395983 56691  56530
62.140404900 10301156057 396172 56712  56554
62.152392523 10301552257 396200 56701  56551
62.164402356 10301948310 396053 56696  56538
62.176392057 10302344762 396452 56683  56527
62.188401966 10302657063 312301 56698  55804
62.200405700 10302997142 340079 56704  56396
62.212390553 10303337059 339917 56688  56413
62.224406547 10303676736 339677 56699  56425
62.236404980 10304016797 340061 56696  56457
62.248391187 10304356468 339671 56697  56393
62.260403151 10304696301 339833 56708  56449
62.272402460 10305036341 340040 56693  56453
62.284389937 10305376174 339833 56690  56423
62.296402557 10305715869 339695 56696  56432
62.308403865 10306055912 340043 56696  56456
62.320401588 10306395486 339574 56690  56386
62.332393394 10306735145 339659 56690  56417
62.344401118 10307075050 339905 56688  56440
62.356403721 10307414979 339929 56698  56436
62.368393735 10307754770 339791 56704  56435
62.380391501 10308094735 339965 56704  56452
62.392393492 10308434514 339779 56699  56401
62.404406582 10308774287 339773 56701  56436
62.416405732 10309114138 339851 56700  56424
62.428404399 10309454097 339959 56696  56437
62.440392733 10309793846 339749 56703  56421
62.452404486 10310133415 339569 56701  56428
62.464403345 10310473035 339620 56693  56397
62.476391663 10310812994 339959 56707  56435
62.488404419 10311152599 339605 56692  56418
62.500411650 10311492420 339821 56700  56438
62.512402573 10311832217 339797 56679  56417
62.524391980 10312172032 339815 56702  56439
62.536403980 10312511715 339683 56688  56417
62.548401840 10312851662 339947 56701  56431
62.560390957 10313191345 339683 56694  56422
62.572390827 10313531394 340049 56706  56453
62.584407114 10313871239 339845 56706  56438
62.596391500 10314210982 339743 56690  56423
62.608390457 10314550707 339725 56688  56408
62.620393654 10314890511 339804 56696  56428
62.632402114 10315230188 339677 56695  56429
62.644405447 10315570047 339859 56692  56442
62.656390147 10315910043 339996 56708  56459
62.668401164 10316249909 339866 56711  56454
62.680391761 10316589708 339799 56708  56426
62.692402195 10316929620 339912 56691  56440
62.704390661 10317269324 339704 56698  56439
62.716390282 10317609387 340063 56704  56462
62.728405952 10317949262 339875 56680  56431
62.740401552 10318289044 339782 56705  56445
62.752392792 10318628873 339829 56703  56424
62.764402902 10318968714 339841 56680  56427
62.776406572 10319308477 339763 56696  56439
62.788404913 10319648455 339978 56716  56453
62.800389142 10319988446 339991 56698  56449
62.812390359 10320328459 340013 56707  56456
62.824411019 10320668109 339650 56709  56421
62.836403809 10321008112 340003 56709  56463
62.848406143 10321348120 340008 56712  56456
62.860390589 10321687841 339721 56683  56424
62.872402987 10322027808 339967 56709  56458
62.884401083 10322367750 339942 56694  56444
62.896390356 10322707407 339657 56701  56417
62.908404813 10323047331 339924 56698  56447
62.920393703 10323387195 339864 56693  56434
62.932392634 10323726923 339728 56684  56435
62.944402860 10324066836 339913 56690  56453
62.956407541 10324406730 339894 56692  56434
62.968405024 10324746368 339638 56705  56420
62.980400101 10325086395 340027 56702  56456
62.992403657 10325426349 339954 56707  56445
63.004403101 10325766074 339725 56687  56437
63.016390991 10326105995 339921 56690  56443
63.028390931 10326446000 340005 56706  56453
63.040406881 10326785608 339608 56707  56415
63.052388664 10327125665 340057 56700  56464
63.064404832 10327304531 178866 29081  28780
63.083708455 10327305718 1187 57  3
63.100008181 10327307037 1319 93  19
63.117472869 10327308224 1187 56  4
63.121692294 10327311503 3279 203  51
