0.010128999 38642934 38642934 8912  65
0.023575470 106270564 67627630 259  4
0.039520682 173928409 67657845 258  12
0.055517666 196562570 22634161 42765  13268
0.067272269 197380435 817865 67447  35369
0.078274270 199191652 1811217 85002  55771
0.090269662 201070708 1879056 84992  58513
0.102252556 203006780 1936072 84998  56745
0.114263966 204946365 1939585 85001  57770
0.126251377 206878887 1932522 84998  56932
0.138253142 208747961 1869074 84994  56903
0.150252487 210677361 1929400 84984  56296
0.162251176 212611665 1934304 85014  57166
0.174251911 214536114 1924449 85011  56443
0.186262683 216468690 1932576 84997  56733
0.198252468 218351723 1883033 84997  57653
0.210249450 220275396 1923673 84995  57541
0.222269362 222204122 1928726 84998  58194
0.234252530 224129107 1924985 84997  57234
0.246264532 226058172 1929065 84989  57482
0.258252463 227984950 1926778 84997  56450
0.270262919 229913508 1928558 84996  51994
0.282249898 231803796 1890288 84988  50896
0.294261716 233712311 1908515 84998  46872
0.306261648 235639668 1927357 85023  50202
0.318262049 237562219 1922551 85010  45345
0.330264918 239489007 1926788 85002  48052
0.342271364 241408626 1919619 85000  46227
0.354262359 243332096 1923470 85000  46237
0.366262937 245257616 1925520 85013  46748
0.378250332 247198450 1940834 84998  44639
0.390249890 249151945 1953495 84987  46646
0.402262559 251069915 1917970 85006  44289
0.414249750 252984621 1914706 84999  46076
0.426261663 254925215 1940594 84993  44763
0.438250651 256868950 1943735 84987  44979
0.450261566 258809772 1940822 84999  46003
0.462262195 260749617 1939845 84997  44863
0.474261666 262691132 1941515 84998  46418
0.486249708 264627298 1936166 84999  44206
0.498259844 266566887 1939589 85009  45558
0.510249839 268500359 1933472 84995  44991
0.522263904 270437838 1937479 84986  44923
0.534251176 272373468 1935630 84985  45435
0.546261817 274308598 1935130 85003  44247
0.558262219 276188234 1879636 84981  45073
0.570249954 278117257 1929023 85009  44204
0.582263893 280055207 1937950 85007  44735
0.594249008 281984958 1929751 85002  44230
0.606262950 283918762 1933804 84999  43956
0.618248545 285852341 1933579 85001  45427
0.630263294 287782385 1930044 84989  44136
0.642262319 289709940 1927555 84997  44559
0.654270451 291637499 1927559 85007  43716
0.666263183 293565726 1928227 85000  44248
0.678261348 295490042 1924316 84992  44049
0.690262826 297414944 1924902 84992  43637
0.702260831 299341720 1926776 85004  45125
0.714249133 301265938 1924218 84996  44219
0.726250589 303189239 1923301 84994  45467
0.738262954 305108149 1918910 85011  44073
0.750249662 307036046 1927897 85001  44638
0.762262617 308965618 1929572 84995  44280
0.774248895 310894262 1928644 85000  44093
0.786262620 312823443 1929181 84994  44858
0.798248909 314751900 1928457 84987  44037
0.810249198 316679759 1927859 85001  44833
0.822259066 318601268 1921509 84999  43993
0.834251138 320526933 1925665 84995  44801
0.846249693 322450114 1923181 84995  44927
0.858250678 324371903 1921789 84998  44086
0.870247810 326292245 1920342 85005  44789
0.882262598 328213970 1921725 85003  44166
0.894262364 330137774 1923804 84980  44706
0.906249832 332055026 1917252 84990  44156
0.918261877 333971110 1916084 84995  43885
0.930251772 335888358 1917248 85005  45238
0.942263457 337863667 1975309 85005  44417
0.954262812 339783362 1919695 85003  44700
0.966262115 341699635 1916273 85002  43846
0.978259140 343614851 1915216 84995  44028
0.990265168 345526101 1911250 84998  44357
1.002264160 347436942 1910841 85007  44071
1.014263755 349350422 1913480 84988  44990
1.026263693 351262750 1912328 85007  44132
1.038263998 353175362 1912612 84995  44657
1.050251080 355082237 1906875 85000  43777
1.062251505 356992724 1910487 84987  44298
1.074263454 358902928 1910204 85001  44627
1.086248326 360811117 1908189 85009  43874
1.098263231 362718882 1907765 84987  44397
1.110250629 364625170 1906288 85017  44387
1.122263808 366593772 1968602 85001  44897
1.134259880 368516865 1923093 84995  45046
1.146263535 370444371 1927506 85000  44970
1.158249714 372373100 1928729 84999  45633
1.170263655 374300070 1926970 84993  44842
1.182263130 376226918 1926848 85005  45372
1.194250755 378150061 1923143 84999  44458
1.206249534 380075722 1925661 85005  44849
1.218262650 382002757 1927035 84993  45403
1.230262775 383974981 1972224 85001  44750
1.242251083 385894499 1919518 85013  45349
1.254250731 387813215 1918716 85009  44565
1.266261840 389735412 1922197 85006  44829
1.278262748 391650640 1915228 84991  44863
1.290260543 393569180 1918540 84992  44447
1.302262969 395498215 1929035 85007  45094
1.314263377 397455911 1957696 85001  44196
1.326264089 399373360 1917449 84995  44575
1.338249161 401290686 1917326 84999  44181
1.350250579 403205741 1915055 84994  44588
1.362250857 405118617 1912876 84993  44707
1.374263326 407040101 1921484 84992  44423
1.386249541 409002349 1962248 85024  44714
1.398249669 410910406 1908057 85002  43906
1.410262942 412824023 1913617 85003  45193
1.422263463 414733630 1909607 85002  45241
1.434249938 416645286 1911656 84995  45093
1.446250040 418606892 1961606 85004  45332
1.458271359 420511135 1904243 84998  44934
1.470249857 422421318 1910183 84994  45804
1.482249445 424325315 1903997 84995  44826
1.494251844 426231682 1906367 84988  45231
1.506262363 428203657 1971975 85012  45050
1.518263754 430115374 1911717 84999  44861
1.530251869 432028137 1912763 85001  45487
1.542250608 433940180 1912043 85010  45139
1.554249920 435884534 1944354 84997  45601
1.566294755 437813184 1928650 85003  45065
1.578251200 439719864 1906680 85004  45237
1.590250259 441629364 1909500 84997  45494
1.602262657 443541441 1912077 84992  45229
1.614271553 445499325 1957884 85008  45145
1.626250597 447399404 1900079 85011  44964
1.638262086 449303357 1903953 85008  45573
1.650262955 451207208 1903851 85003  45776
1.662262716 453163259 1956051 85013  44772
1.674251588 455063143 1899884 84994  45019
1.686250490 456968212 1905069 84994  44741
1.698263819 458874161 1905949 84997  45244
1.710261981 460825878 1951717 85006  45187
1.722261556 462724143 1898265 85010  45016
1.734250217 464626001 1901858 85013  45949
1.746261572 466524427 1898426 85002  45372
1.758263407 468473314 1948887 85014  45117
1.770259512 470370461 1897147 84993  45162
1.782249561 472271338 1900877 85004  44925
1.794263737 474220966 1949628 85017  45322
1.806249928 476113941 1892975 85016  44565
1.818251200 478011676 1897735 85006  45928
1.830252338 479955723 1944047 85003  44934
1.842263130 481839143 1883420 84990  45136
1.854263535 483734974 1895831 85018  45894
1.866251043 485672809 1937835 85008  45153
1.878249802 487691727 2018918 85008  45075
1.890249743 489657118 1965391 84993  44836
1.902261943 491623873 1966755 85002  45424
1.914249164 493643481 2019608 84999  45289
1.926258023 495604212 1960731 85004  45237
1.938264511 497566203 1961991 84999  46122
1.950263943 499581909 2015706 84997  44674
1.962250168 501547246 1965337 85005  45749
1.974262470 503564357 2017111 85001  45214
1.986262515 505518805 1954448 85015  44682
1.998264727 507477722 1958917 85007  45663
2.010250139 509489971 2012249 84995  44899
2.022249904 511440927 1950956 85021  45087
2.034263045 513393331 1952404 85008  45515
2.046262615 515404860 2011529 85010  45469
2.058262556 517360432 1955572 85020  45974
2.070249498 519313853 1953421 84983  45299
2.082262473 521322321 2008468 85012  45218
2.094271405 523275889 1953568 85000  45024
2.106250400 525283876 2007987 85018  45402
2.118250038 527231166 1947290 84992  45964
2.130265466 529182583 1951417 85003  45998
2.142248801 531184986 2002403 84995  45859
2.154250867 533130984 1945998 85003  46028
2.166249309 535133506 2002522 84991  45726
2.178263621 537077799 1944293 84988  45795
2.190263089 539039981 1962182 85009  45372
2.202249677 541019267 1979286 84998  45606
2.214249852 542960594 1941327 85013  45479
2.226248887 544959915 1999321 84992  46009
2.238261750 546908715 1948800 85001  46402
2.250259268 548916076 2007361 85005  46051
2.262251537 550863704 1947628 84989  46250
2.274263092 552828492 1964788 85007  45882
2.286263977 554812778 1984286 84998  45599
2.298250572 556758870 1946092 85009  46556
2.310250140 558759093 2000223 84997  45550
2.322261203 560703929 1944836 85000  46803
2.334261138 562697786 1993857 85000  45875
2.346249086 564643270 1945484 85005  46797
2.358248574 566637510 1994240 85007  45865
2.370263269 568576845 1939335 84997  45720
2.382263054 570570366 1993521 84989  46175
2.394261250 572509443 1939077 85006  45732
2.406258922 574502834 1993391 85014  46303
2.418262427 576440664 1937830 84994  45978
2.430263359 578435440 1994776 84993  46460
2.442250844 580372060 1936620 84997  46835
2.454250012 582364294 1992234 85005  46251
2.466262104 584301503 1937209 84995  46901
2.478261296 586290026 1988523 85008  45663
2.490248627 588223157 1933131 85001  46461
2.502249256 590207660 1984503 84995  46138
2.514260541 592140580 1932920 84991  46001
2.526261393 594127227 1986647 85008  46412
2.538249821 596059757 1932530 84988  46722
2.550248876 598041673 1981916 85003  47324
2.562270101 599971783 1930110 84995  48125
2.574263981 601953638 1981855 85007  47038
2.586248279 603885519 1931881 85008  47629
2.598249997 605887252 2001733 84990  45950
2.610261942 607897631 2010379 84988  46570
2.622262701 609844421 1946790 85011  46785
2.634249426 611845937 2001516 85007  46283
2.646261497 613792334 1946397 85019  47138
2.658261807 615791700 1999366 85007  46046
2.670261928 617737620 1945920 84986  46676
2.682249310 619734508 1996888 85007  46599
2.694248871 621738606 2004098 84992  46340
2.706260780 623680653 1942047 85002  46646
2.718262395 625674323 1993670 85006  46030
2.730272104 627615625 1941302 85002  46903
2.742252639 629607902 1992277 84998  46961
2.754261801 631603601 1995699 85010  46774
2.766264223 633537049 1933448 84998  46851
2.778249461 635531447 1994398 84986  46249
2.790250479 637471108 1939661 84999  46426
2.802263038 639460050 1988942 85009  46318
2.814263363 641410379 1950329 84986  46126
2.826249974 643387514 1977135 85001  46638
2.838250299 645374215 1986701 85003  46374
2.850262985 647308182 1933967 84997  46882
2.862262480 649293330 1985148 84996  46658
2.874262662 651283036 1989706 85002  46567
2.886258570 653214035 1930999 84996  46914
2.898250709 655195941 1981906 85014  46001
2.910263134 657183376 1987435 84996  46189
2.922250605 659109546 1926170 84994  46887
2.934249697 661086268 1976722 84993  46297
2.946264453 663019705 1933437 84990  47308
2.958263468 665005552 1985847 85006  46248
2.970250470 666995478 1989926 84992  46496
2.982249395 668929338 1933860 85000  46932
2.994272016 670917390 1988052 85002  46102
3.006262971 672902614 1985224 84999  46784
3.018249773 674838339 1935725 84995  46657
3.030251316 676814289 1975950 85004  46670
3.042272027 678797193 1982904 84994  47046
3.054262746 680784646 1987453 85006  47152
3.066262024 682710289 1925643 84999  47226
3.078250919 684686525 1976236 84996  45998
3.090263727 686669976 1983451 84988  46762
3.102264336 688592308 1922332 84989  46691
3.114249651 690566151 1973843 85004  46046
3.126250763 692544502 1978351 85005  46644
3.138262012 694470175 1925673 84992  46423
3.150262130 696447062 1976887 84986  45911
3.162249815 698421490 1974428 85004  46644
3.174250330 700400555 1979065 84991  46627
3.186262549 702321214 1920659 85000  46616
3.198271311 704288894 1967680 84999  46126
3.210251379 706262950 1974056 85013  46779
3.222250544 708242019 1979069 84994  47789
3.234251229 710155878 1913859 84999  47218
3.246262868 712127835 1971957 84992  47309
3.258263309 714096322 1968487 85003  47014
3.270263291 716069684 1973362 85005  47152
3.282263939 717980607 1910923 84999  47258
3.294249794 719943116 1962509 84988  46323
3.306262397 721923938 1980822 84992  46817
3.318251041 723940100 2016162 84990  46923
3.330262570 725900672 1960572 84987  46537
3.342249199 727921932 2021260 85002  47284
3.354262644 729938058 2016126 84998  46838
3.366259119 731952783 2014725 84995  47231
3.378251774 733913240 1960457 84991  47420
3.390263030 735927626 2014386 85011  46606
3.402250617 737943367 2015741 84989  47142
3.414249686 739953102 2009735 85006  46440
3.426250281 741965719 2012617 85011  46684
3.438249086 743949049 1983330 84998  47547
3.450263318 745927307 1978258 84987  47125
3.462262080 747935223 2007916 84983  47284
3.474262918 749940622 2005399 85010  46832
3.486262264 751948511 2007889 85001  46955
3.498261306 753957546 2009035 85020  47426
3.510263034 755918229 1960683 84992  47454
3.522271962 757919383 2001154 85014  47328
3.534263614 759923970 2004587 85000  47165
3.546250342 761924473 2000503 84993  47190
3.558263477 763930075 2005602 84988  48132
3.570262050 765931023 2000948 85006  47201
3.582262781 767935103 2004080 84994  47379
3.594249556 769878729 1943626 84993  47608
3.606263588 771877028 1998299 84996  46855
3.618249953 773876605 1999577 84992  47082
3.630251508 775870851 1994246 85007  46735
3.642263013 777867974 1997123 85018  47346
3.654249292 779862253 1994279 84990  47492
3.666262364 781862954 2000701 84999  47068
3.678276603 783873110 2010156 84992  47428
3.690264434 785880689 2007579 84988  47198
3.702261256 787825384 1944695 84989  47469
3.714263191 789826189 2000805 84991  47488
3.726248826 791827847 2001658 85006  47256
3.738249918 793826522 1998675 84979  47960
3.750248449 795819551 1993029 84992  47540
3.762263921 797817317 1997766 85001  47165
3.774250830 799818173 2000856 85009  48104
3.786262619 801814882 1996709 84999  46975
3.798250420 803805411 1990529 85000  46984
3.810248619 805799858 1994447 85004  47451
3.822261444 807793454 1993596 85000  46770
3.834248552 809785097 1991643 84998  47325
3.846258257 811781164 1996067 84991  47519
3.858250675 813778088 1996924 84991  47619
3.870248500 815741607 1963519 84989  48182
3.882250186 817705746 1964139 84996  47809
3.894262468 819696054 1990308 84994  47869
3.906263110 821681393 1985339 85008  47200
3.918262291 823667649 1986256 85006  47248
3.930251436 825655447 1987798 85004  48162
3.942261795 827643374 1987927 85007  48112
3.954249720 829632353 1988979 84997  48306
3.966263222 831615396 1983043 85020  48163
3.978262774 833599099 1983703 85009  47584
3.990246732 835584715 1985616 84998  48197
4.002273527 837564519 1979804 84998  48049
4.014263429 839555158 1990639 84996  48042
4.026250361 841564698 2009540 85007  48460
4.038250289 843570899 2006201 84995  47803
4.050249477 845573587 2002688 85015  48233
4.062251636 847573877 2000290 85008  47917
4.074248847 849577329 2003452 84995  47949
4.086252179 851574849 1997520 85014  48267
4.098263708 853574035 1999186 85013  47594
4.110262623 855577645 2003610 85013  47848
4.122250202 857572358 1994713 85015  47737
4.134250370 859566027 1993669 84996  47336
4.146249865 861562494 1996467 85008  48163
4.158270768 863556296 1993802 85001  48020
4.170250712 865547314 1991018 84998  47461
4.182250091 867542263 1994949 85009  48040
4.194264783 869589737 2047474 84989  47395
4.206249994 871586979 1997242 85007  47920
4.218251269 873579109 1992130 84988  47943
4.230249851 875570046 1990937 85002  47860
4.242250499 877561803 1991757 85009  48837
4.254262372 879552168 1990365 84984  48106
4.266249559 881543844 1991676 85000  48198
4.278249822 883535741 1991897 85010  48686
4.290262614 885524739 1988998 84983  47726
4.302263295 887508339 1983600 84992  48004
4.314257727 889496697 1988358 84996  48046
4.326250709 891483599 1986902 85006  48684
4.338263000 893467156 1983557 85005  48442
4.350263622 895504630 2037474 84996  48101
4.362248474 897490778 1986148 84989  48540
4.374250483 899476644 1985866 85004  48356
4.386262728 901470773 1994129 84989  48250
4.398250430 903465281 1994508 85020  48529
4.410249685 905457653 1992372 85005  48419
4.422248963 907446435 1988782 84994  48107
4.434262119 909433127 1986692 84993  48402
4.446263433 911476499 2043372 85003  47873
4.458249125 913461167 1984668 84998  48638
4.470250617 915443604 1982437 84988  48271
4.482259579 917430052 1986448 84998  48300
4.494262651 919413638 1983586 85013  48917
4.506249479 921397793 1984155 84999  48050
4.518249837 923378810 1981017 84993  48063
4.530263872 925413210 2034400 84981  48337
4.542262557 927392555 1979345 84996  47863
4.554251192 929375553 1982998 85003  48673
4.566263698 931916152 2540599 77915  40774
4.577263422 937108602 5192450 77900  16001
4.588248969 942308162 5199560 77895  15738
4.599249629 947504696 5196534 77904  16171
4.610260533 952686726 5182030 77894  17202
4.621248570 957871997 5185271 77899  18580
4.632258381 963070822 5198825 77897  15850
4.643249842 968264371 5193549 77908  16447
4.654260932 973446271 5181900 77909  16478
4.665248269 978642281 5196010 77908  16433
4.676260297 983827947 5185666 77905  16423
4.687261267 989014386 5186439 77898  16276
4.698261394 994215553 5201167 77899  16050
4.709262961 999403692 5188139 77908  16311
4.720261725 1004602479 5198787 77894  16241
4.731248309 1009794120 5191641 77914  16048
4.742247280 1014971549 5177429 77898  16120
4.753261007 1020166623 5195074 77903  16200
4.764249807 1025354181 5187558 77900  16249
4.775257924 1030552626 5198445 77902  15687
4.786263532 1035750016 5197390 77900  15940
4.797259623 1040941169 5191153 77909  15825
4.808249876 1046128487 5187318 77898  16119
4.819261227 1051356887 5228400 77903  15620
4.830262704 1056776748 5419861 84982  18905
4.842250219 1062766610 5989862 84993  15899
4.854250040 1067959788 5193178 77901  15710
4.865263428 1073413834 5454046 84985  18841
4.877262243 1079372046 5958212 84986  15981
4.889249035 1084560249 5188203 77897  15696
4.900262222 1090054718 5494469 84997  18524
4.912261807 1095934159 5879441 84987  15443
4.924258522 1101145918 5211759 77898  15956
4.935249109 1106728497 5582579 84999  18566
4.947262962 1112547225 5818728 84976  15588
4.959249690 1118174433 5627208 84975  18533
4.971249045 1123426712 5252279 77901  15883
4.982250182 1128741049 5314337 77903  15648
4.993261432 1134044947 5303898 77907  15947
5.004250846 1139718890 5673943 84975  18522
5.016249728 1144988723 5269833 77910  15825
5.027261819 1150078402 5089679 77890  15940
5.038248686 1155828348 5749946 84996  18737
5.050249321 1160955266 5126918 77913  15601
5.061263268 1166762184 5806918 84986  16296
5.073263253 1172414712 5652528 84984  18336
5.085258482 1178332757 5918045 84994  15986
5.097251150 1183612331 5279574 77910  15915
5.108262338 1188880195 5267864 77903  15605
5.119261885 1194151734 5271539 77903  15435
5.130248595 1199423122 5271388 77903  15618
5.141261272 1204696527 5273405 77901  15630
5.152262316 1209968462 5271935 77893  15424
5.163250716 1215217089 5248627 77911  15609
5.174249401 1220453307 5236218 77906  15370
5.185261311 1225649872 5196565 77899  15273
5.196247495 1230723420 5073548 77903  15352
5.207252862 1235989675 5266255 77910  15737
5.218262515 1241251640 5261965 77912  15828
5.229258853 1247009376 5757736 84979  16687
5.241249395 1252697669 5688293 84988  17538
5.253261770 1258563050 5865381 84997  15588
5.265262118 1263832423 5269373 77901  15737
5.276249215 1269105391 5272968 77911  15938
5.287249566 1274376941 5271550 77901  15451
5.298260777 1279655961 5279020 77903  15676
5.309250387 1284933313 5277352 77907  15373
5.320248441 1290205330 5272017 77906  15683
5.331260308 1295481153 5275823 77909  15366
5.342261442 1300747235 5266082 77909  15688
5.353261656 1306026349 5279114 77904  15423
5.364260943 1311299511 5273162 77898  15140
5.375271694 1316577589 5278078 77894  16210
5.386250157 1321853905 5276316 77904  15458
5.397262668 1327130998 5277093 77921  15509
5.408263546 1332396418 5265420 77900  15602
5.419247686 1337669931 5273513 77905  15370
5.430263143 1342948737 5278806 77905  15560
5.441260130 1348227841 5279104 77908  15594
5.452249130 1353499579 5271738 77902  15510
5.463248067 1358765459 5265880 77906  15378
5.474261269 1364040913 5275454 77907  15623
5.485248709 1369318829 5277916 77900  15525
5.496249839 1374598362 5279533 77899  15501
5.507260566 1379864871 5266509 77907  15777
5.518270611 1385129240 5264369 77904  15616
5.529248361 1390408551 5279311 77902  15425
5.540260285 1395679502 5270951 77917  15549
5.551261955 1400951531 5272029 77901  15785
5.562261756 1406220648 5269117 77906  15853
5.573263109 1411499109 5278461 77899  15460
5.584249076 1416780336 5281227 77904  15594
5.595249144 1422055033 5274697 77914  15475
5.606261851 1427326755 5271722 77901  15678
5.617250165 1432604583 5277828 77913  15382
5.628248235 1437878519 5273936 77901  15688
5.639260240 1443176683 5298164 77900  15515
5.650261910 1448461239 5284556 77906  15157
5.661249624 1453738420 5277181 77902  16145
5.672256948 1459014945 5276525 77909  15541
5.683263848 1464616298 5601353 84996  18435
5.695249203 1470604853 5988555 84983  15404
5.707249415 1475883614 5278761 77899  15241
5.718261806 1481410118 5526504 84983  19005
5.730250474 1487476172 6066054 84985  15519
5.742261873 1492996723 5520551 84990  18931
5.754223761 1499049300 6052577 84985  15766
5.766248519 1504326095 5276795 77910  15726
5.777249370 1509609578 5283483 77891  15916
5.788259733 1515145141 5535563 84993  18704
5.800262056 1521182925 6037784 84980  15329
5.812250130 1526472215 5289290 77904  15552
5.823271155 1531981622 5509407 84986  18080
5.835249420 1538056849 6075227 84974  15468
5.847248208 1543333351 5276502 77906  15611
5.858250892 1548875671 5542320 84983  18280
5.870249830 1554903189 6027518 84995  15159
5.882262129 1560163910 5260721 77910  15207
5.893249425 1565457653 5293743 77898  15532
5.904261317 1570958075 5500422 84983  18521
5.916250042 1577015917 6057842 84982  15213
5.928249893 1582302872 5286955 77893  15042
5.939251100 1587574364 5271492 77903  15038
5.950248614 1592849580 5275216 77903  15673
5.961261159 1598476187 5626607 84997  18241
5.973258000 1604428753 5952566 84991  15492
5.985263069 1610069166 5640413 84988  18240
5.997248534 1616021327 5952161 84996  15376
6.009249065 1621660646 5639319 84997  18413
6.021249020 1627602898 5942252 84990  15246
6.033249515 1632871615 5268717 77899  15791
6.044262039 1638562845 5691230 84989  17634
6.056262318 1644459537 5896692 84987  15690
6.068262150 1650109901 5650364 84980  18345
6.080261165 1656039791 5929890 84990  15407
6.092262580 1661686623 5646832 84998  18274
6.104261315 1667625585 5938962 84986  15152
6.116261027 1673230498 5604913 84974  18493
6.128257248 1679205991 5975493 84985  15100
6.140250157 1684834386 5628395 84995  18206
6.152248255 1690784825 5950439 85004  15428
6.164261894 1696055393 5270568 77902  15200
6.175262211 1701702474 5647081 84986  18208
6.187262703 1707628287 5925813 84984  15637
6.199261498 1713210453 5582166 84992  18386
6.211249310 1719195282 5984829 84977  15275
6.223249521 1724474477 5279195 77895  15439
6.234263172 1730149708 5675231 84986  18602
6.246249047 1736048937 5899229 84992  15894
6.258250325 1741696803 5647866 84982  17994
6.270249263 1747626494 5929691 84982  15846
6.282262686 1753281580 5655086 84982  18186
6.294270444 1759204185 5922605 84992  15923
6.306250509 1764790179 5585994 84996  18105
6.318248164 1770764899 5974720 84994  15477
6.330262789 1776426606 5661707 84994  18289
6.342262451 1782347768 5921162 84970  16029
6.354250066 1788047643 5699875 84986  17855
6.366249824 1793920512 5872869 84982  16142
6.378262266 1799616586 5696074 84984  17909
6.390260975 1805496648 5880062 84987  15361
6.402248413 1810763527 5266879 77903  15881
6.413248761 1816475156 5711629 84984  18186
6.425263409 1822341354 5866198 84992  15529
6.437249334 1828057094 5715740 84985  17834
6.449264026 1833930672 5873578 84996  15661
6.461261324 1839653175 5722503 84980  18140
6.473261469 1845503654 5850479 84991  15645
6.485251101 1851152884 5649230 84995  18089
6.497261216 1857086899 5934015 84995  15945
6.509263878 1862800298 5713399 84981  17946
6.521261363 1868667722 5867424 84981  15715
6.533252918 1874353746 5686024 84981  17770
6.545248693 1879743339 5389593 77904  15299
6.556263457 1885098824 5355485 77909  15203
6.567261651 1890485753 5386929 77904  15438
6.578262375 1895780312 5294559 77907  15498
6.589262329 1901068463 5288151 77906  15228
6.600271916 1906342466 5274003 77900  15082
6.611249156 1911704786 5362320 77913  15321
6.622248473 1916995819 5291033 77902  15379
6.633263307 1922274410 5278591 77901  15216
6.644247951 1927536682 5262272 77897  15417
6.655262545 1932814443 5277761 77909  15062
6.666261239 1938107341 5292898 77900  15095
6.677250619 1943379844 5272503 77905  15711
6.688249616 1949100602 5720758 84980  18411
6.700260189 1954951161 5850559 84985  16362
6.712262267 1960711152 5759991 84987  17591
6.724247859 1966074483 5363331 77906  15492
6.735261036 1971409853 5335370 77903  15396
6.746277836 1976828273 5418420 77902  15242
6.757250620 1982024106 5195833 77888  15521
6.768251020 1987384394 5360288 77898  15340
6.779265258 1992613069 5228675 77913  14999
6.790262815 1997869407 5256338 77906  15250
6.801250789 2003204899 5335492 77898  15526
6.812250926 2008500584 5295685 77909  15351
6.823264553 2013784523 5283939 77907  14994
6.834250743 2019089836 5305313 77898  15179
6.845263951 2024586841 5497005 84989  17886
6.857260713 2030640663 6053822 84987  15325
6.869249910 2035925721 5285058 77900  15565
6.880249378 2041189006 5263285 77901  16031
6.891249892 2046958713 5769707 84984  17272
6.903257990 2052298636 5339923 77908  15226
6.914262487 2057628091 5329455 77904  15460
6.925249194 2063044842 5416751 77914  15414
6.936261969 2068414408 5369566 77911  15040
6.947261086 2073709144 5294736 77898  15237
6.958250460 2078979991 5270847 77900  15118
6.969261207 2084245536 5265545 77896  15421
6.980261180 2089507750 5262214 77898  15034
6.991262372 2094795307 5287557 77900  15403
7.002250745 2100447829 5652522 84972  18345
7.014265140 2106369450 5921621 84987  20015
7.026256632 2112052087 5682637 84991  22436
7.038262580 2117928220 5876133 84988  19012
7.050244745 2123625220 5697000 84978  22082
7.062253810 2128898771 5273551 77903  18237
7.073262312 2134743054 5844283 84979  16779
7.085250342 2140475670 5732616 84986  19368
7.097262155 2146302478 5826808 84982  16805
7.109264510 2152119690 5817212 84979  18006
7.121261668 2157572216 5452526 77906  15901
7.132249252 2162821848 5249632 77897  15725
7.143262422 2168145047 5323199 77903  15341
7.154249706 2173399058 5254011 77900  15538
7.165250696 2178756194 5357136 77902  15294
7.176249193 2184043743 5287549 77904  15244
7.187249381 2189310317 5266574 77906  15254
7.198269692 2194572624 5262307 77897  15614
7.209262762 2199843487 5270863 77907  15546
7.220247542 2205130761 5287274 77894  15231
7.231264277 2210759853 5629092 84981  18373
7.243248181 2216701247 5941394 84982  15252
7.255249430 2222385513 5684266 84983  18246
7.267262052 2228251910 5866397 84995  15407
7.279262484 2233922099 5670189 84983  17889
7.291248432 2239239794 5317695 77899  15380
7.302262022 2244614456 5374662 77906  15274
7.313260316 2250064865 5450409 77891  15187
7.324248713 2255333919 5269054 77913  15343
7.335249861 2260733540 5399621 77917  15003
7.346262475 2266014892 5281352 77897  14966
7.357270662 2271285587 5270695 77906  14939
7.368262239 2276564883 5279296 77899  15272
7.379249746 2281831868 5266985 77902  15566
7.390262457 2287491546 5659678 84975  18066
7.402248755 2293384749 5893203 84992  15234
7.414249714 2299086962 5702213 84983  18093
7.426262079 2304947216 5860254 84994  15946
7.438262934 2310690375 5743159 84989  17795
7.450248159 2316035796 5345421 77906  14923
7.461266446 2321533912 5498116 77905  15250
7.472249459 2326894032 5360120 77907  15294
7.483261807 2332171955 5277923 77921  15322
7.494248843 2337429317 5257362 77898  15507
7.505272345 2342708008 5278691 77894  15312
7.516262842 2348241316 5533308 84989  18015
7.528260927 2354283837 6042521 84993  15304
7.540249475 2359895935 5612098 84988  18360
7.552249057 2365829550 5933615 84978  15396
7.564249378 2371589446 5759896 84994  17821
7.576247847 2376964175 5374729 77905  15023
7.587262691 2382327758 5363583 77907  15427
7.598262508 2387657419 5329661 77898  15356
7.609261235 2392917509 5260090 77909  15140
7.620262436 2398208612 5291103 77896  14883
7.631250033 2403535213 5326601 77908  15243
7.642248494 2408803997 5268784 77900  15215
7.653259028 2414067846 5263849 77895  15070
7.664264178 2419337843 5269997 77904  15223
7.675260665 2424965150 5627307 84983  17577
7.687262360 2430905769 5940619 84983  15922
7.699262576 2436662088 5756319 84979  17761
7.711249140 2441975176 5313088 77895  15228
7.722249914 2447346270 5371094 77904  15099
7.733250212 2452770130 5423860 77907  14944
7.744261865 2458091232 5321102 77907  15326
7.755262502 2463369057 5277825 77897  15106
7.766261629 2468622218 5253161 77899  15082
7.777248160 2473877268 5255050 77898  15345
7.788248407 2479158281 5281013 77897  15276
7.799259425 2484866888 5708607 84986  17925
7.811249033 2490232506 5365618 77895  15213
7.822262787 2495713863 5481357 77900  15141
7.833250174 2501046159 5332296 77902  15346
7.844249161 2506342523 5296364 77902  15018
7.855249065 2511615983 5273460 77902  14926
7.866249052 2516873055 5257072 77900  14944
7.877262809 2522136454 5263399 77905  15244
7.888260656 2527410137 5273683 77901  15405
7.899250283 2532660243 5250106 77896  16006
7.910249887 2538466282 5806039 84981  17181
7.922248635 2543949779 5483497 77915  14885
7.933247262 2549316232 5366453 77899  15283
7.944273434 2554593044 5276812 77910  15287
7.955261577 2559864293 5271249 77892  14839
7.966262004 2565160837 5296544 77907  15113
7.977263565 2570795146 5634309 84985  17648
7.989261306 2576732293 5937147 84978  15613
8.001262806 2582435661 5703368 84982  17793
8.013249263 2588289698 5854037 84991  15134
8.025264412 2594026501 5736803 84991  17491
8.037261097 2599398964 5372463 77890  14927
8.048261718 2604919290 5520326 77903  14933
8.059250621 2610224964 5305674 77905  15041
8.070250745 2615554750 5329786 77911  14939
8.081260679 2620849648 5294898 77903  14784
8.092249142 2626154090 5304442 77908  14954
8.103269594 2631746522 5592432 84983  18259
8.115262275 2637722976 5976454 84991  15260
8.127263437 2643403865 5680889 84983  18010
8.139263319 2649296124 5892259 84985  15925
8.151262360 2655080622 5784498 84983  17659
8.163249765 2660464515 5383893 77907  15276
8.174248649 2665852300 5387785 77910  15015
8.185264330 2671266571 5414271 77898  14971
8.196250007 2676561292 5294721 77901  15283
8.207262658 2681845084 5283792 77908  15135
8.218260961 2687401288 5556204 84992  18393
8.230263163 2693440609 6039321 84995  15176
8.242248871 2699159720 5719111 84986  18037
8.254258573 2704512150 5352430 77898  15004
8.265264061 2709987811 5475661 77922  15211
8.276249740 2715341129 5353318 77908  15150
8.287262095 2720674217 5333088 77903  14965
8.298249549 2725950311 5276094 77905  14912
8.309250109 2731232730 5282419 77901  15051
8.320261276 2736534794 5302064 77913  15290
8.331250933 2742241852 5707058 84983  18048
8.343262146 2748096542 5854690 84980  15982
8.355263587 2753915535 5818993 84977  17243
8.367249179 2759397295 5481760 77908  15205
8.378262119 2764818117 5420822 77899  15352
8.389261600 2770092645 5274528 77907  15235
8.400271090 2775356244 5263599 77899  15145
8.411248917 2780650545 5294301 77910  14965
8.422262092 2786433571 5783026 84989  18080
8.434262623 2791838398 5404827 77908  15255
8.445248160 2797295635 5457237 77899  15085
8.456249194 2802613387 5317752 77904  14904
8.467260078 2807902764 5289377 77911  14742
8.478262068 2813186374 5283610 77903  15086
8.489262155 2818755567 5569193 84979  18114
8.501249728 2824772866 6017299 84983  15201
8.513250845 2830542127 5769261 84986  17892
8.525250378 2835885626 5343499 77892  14995
8.536250221 2841331845 5446219 77896  14874
8.547278976 2846716698 5384853 77892  15534
8.558262506 2851990365 5273667 77913  15469
8.569249779 2857257613 5267248 77905  15247
8.580263123 2862544529 5286916 77898  15068
8.591263727 2868234558 5690029 84990  18386
8.603249156 2873587884 5353326 77897  15483
8.614254349 2878966644 5378760 77895  15347
8.625249280 2884351437 5384793 77904  15030
8.636261233 2889755961 5404524 77904  14796
8.647262378 2895044858 5288897 77897  15102
8.658249578 2900314063 5269205 77897  15059
8.669249522 2905605087 5291024 77910  15305
8.680261092 2911370009 5764922 84991  17993
8.692264004 2916877962 5507953 77902  14793
8.703269712 2922299155 5421193 77897  15186
8.714262481 2927570514 5271359 77905  15307
8.725261319 2932843193 5272679 77898  15043
8.736250015 2938133217 5290024 77901  15384
8.747249590 2943894203 5760986 84990  17624
8.759262195 2949277536 5383333 77899  15132
8.770248735 2954672937 5395401 77902  15055
8.781250036 2960035170 5362233 77894  14847
8.792262123 2965334632 5299462 77911  15011
8.803262694 2970604282 5269650 77893  14841
8.814247951 2975872890 5268608 77896  14728
8.825262661 2981493507 5620617 84990  17761
8.837263656 2987464750 5971243 84979  15043
8.849271408 2993226658 5761908 84980  17723
8.861262870 2998746001 5519343 77907  14729
8.872249593 3004136011 5390010 77902  15101
8.883262754 3009424301 5288290 77894  14951
8.894247714 3014685872 5261571 77907  14894
8.905261169 3019965548 5279676 77901  15119
8.916261929 3025564664 5599116 84984  17658
8.928262147 3031528343 5963679 84977  15909
8.940249096 3037340121 5811778 84978  17200
8.952247631 3042783019 5442898 77913  15090
8.963260604 3048081532 5298513 77914  14935
8.974248815 3053443322 5361790 77908  14662
8.985262209 3058732661 5289339 77901  15032
8.996270920 3064032646 5299985 77903  15063
9.007250913 3069693730 5661084 84981  18047
9.019261675 3075567627 5873897 84984  15278
9.031250967 3081361259 5793632 84987  17651
9.043263122 3086841411 5480152 77913  15032
9.054263423 3092242471 5401060 77910  15162
9.065263563 3097515914 5273443 77912  15173
9.076250909 3102763822 5247908 77900  14910
9.087261104 3108050591 5286769 77908  14771
9.098248908 3113312950 5262359 77899  15926
9.109249975 3119098362 5785412 84993  17122
9.121248503 3124495546 5397184 77900  15152
9.132249403 3129838668 5343122 77904  14887
9.143261541 3135229758 5391090 77899  14669
9.154270062 3140494595 5264837 77902  15055
9.165263135 3145760227 5265632 77898  14993
9.176261406 3151317919 5557692 84980  18153
9.188249404 3157329741 6011822 84980  14992
9.200249572 3163084945 5755204 84992  17800
9.212261821 3168488928 5403983 77906  14887
9.223248061 3173848838 5359910 77916  15142
9.234249398 3179234090 5385252 77903  15053
9.245261923 3184503436 5269346 77899  14876
9.256247640 3189757646 5254210 77906  14664
9.267248493 3195050534 5292888 77908  15105
9.278250037 3200762340 5711806 84985  17842
9.290261459 3206589539 5827199 84988  15852
9.302259365 3212342203 5752664 84980  17103
9.314247982 3217731484 5389281 77896  14873
9.325260846 3223137214 5405730 77903  14850
9.336261510 3228482592 5345378 77900  15099
9.347248134 3233746840 5264248 77903  15108
9.358250264 3238983638 5236798 77905  14883
9.369248371 3244261040 5277402 77904  14476
9.380249358 3249526564 5265524 77915  15500
9.391261650 3255314373 5787809 84994  17308
9.403261245 3260766701 5452328 77898  15148
9.414248715 3266099137 5332436 77909  14857
9.425261652 3271412311 5313174 77902  14563
9.436248569 3276689289 5276978 77900  14990
9.447270756 3281971572 5282283 77913  15070
9.458249013 3287565558 5593986 84984  18065
9.470260809 3293501026 5935468 84992  15224
9.482263387 3299288308 5787282 84983  17281
9.494248949 3304748083 5459775 77901  14840
9.505262823 3310155339 5407256 77898  15062
9.516249940 3315419331 5263992 77904  15017
9.527250303 3320668047 5248716 77913  14765
9.538248544 3325933520 5265473 77892  14721
9.549262722 3331576637 5643117 84976  17817
9.561249409 3336970922 5394285 77905  15049
9.572261214 3342287673 5316751 77899  14974
9.583262184 3347630118 5342445 77903  14833
9.594256861 3353054900 5424782 77899  14660
9.605249095 3358362709 5307809 77896  15039
9.616262302 3363628987 5266278 77907  14985
9.627261723 3368888581 5259594 77900  14963
9.638251000 3374158349 5269768 77906  15040
9.649250800 3379849760 5691411 84981  17557
9.661261802 3385208041 5358281 77901  14941
9.672262226 3390646594 5438553 77901  14929
9.683247873 3396016782 5370188 77902  14881
9.694262350 3401236322 5219540 77915  15108
9.705261770 3406535016 5298694 77914  14873
9.716248941 3411804495 5269479 77909  14745
9.727263132 3417093719 5289224 77902  14916
9.738249629 3422344931 5251212 77909  15938
9.749270357 3428096875 5751944 84991  17063
9.761263674 3433505381 5408506 77915  14860
9.772249074 3438919456 5414075 77896  14668
9.783260948 3444239568 5320112 77903  14680
9.794248389 3449482361 5242793 77909  15007
9.805260513 3454734359 5251998 77900  14946
9.816261420 3460016439 5282080 77898  14696
9.827263774 3465710582 5694143 84984  17743
9.839262172 3471549312 5838730 84986  15476
9.851249734 3477301417 5752105 84993  17179
9.863261442 3482604907 5303490 77899  15040
9.874250652 3488112197 5507290 77903  14593
9.885261637 3493422209 5310012 77901  14508
9.896274367 3498691174 5268965 77902  14762
9.907249121 3503938140 5246966 77897  15010
9.918262118 3509441750 5503610 84988  17985
9.930251396 3515484225 6042475 84988  14821
9.942249131 3521191321 5707096 84993  17534
9.954250366 3526559036 5367715 77912  14878
9.965262797 3531973270 5414234 77892  14806
9.976262621 3537279313 5306043 77904  14922
9.987260248 3542607172 5327859 77896  14562
9.998260415 3547864224 5257052 77896  14628
10.009261002 3553146553 5282329 77910  14775
10.020248773 3558395036 5248483 77906  15720
10.031263200 3564137362 5742326 84986  17179
10.043270572 3569500198 5362836 77914  14717
10.054263019 3574890884 5390686 77906  14504
10.065249665 3580271691 5380807 77908  14578
10.076250210 3585520450 5248759 77898  15728
10.087261270 3590769172 5248722 77907  15668
10.098249681 3596037134 5267962 77901  15590
10.109261659 3601690400 5653266 84994  18924
10.121262659 3607558722 5868322 84983  16431
10.133261215 3613307563 5748841 84982  18000
10.145248976 3618672969 5365406 77904  15270
10.156260917 3624165471 5492502 77903  14769
10.167260608 3629435562 5270091 77906  14705
10.178248458 3634712885 5277323 77914  14792
10.189269735 3640246535 5533650 84982  17981
10.201263481 3646191536 5945001 84975  15006
10.213261608 3651717871 5526335 84974  17519
10.225250214 3657192867 5474996 77895  14907
10.236261918 3662521104 5328237 77911  14962
10.247263325 3667973465 5452361 77906  14828
10.258248902 3673233209 5259744 77908  15124
10.269263752 3678544029 5310820 77900  14773
10.280262206 3683802609 5258580 77898  14740
10.291260600 3689078401 5275792 77907  14706
10.302249730 3694599960 5521559 84980  18156
10.314260886 3700586028 5986068 84998  15145
10.326251097 3706320699 5734671 84981  17327
10.338261959 3711686402 5365703 77904  14879
10.349258296 3717073109 5386707 77904  14793
10.360263363 3722436260 5363151 77905  14829
10.371261804 3727692703 5256443 77918  14932
10.382250514 3732932951 5240248 77898  14769
10.393250045 3738213012 5280061 77898  14667
10.404261652 3743911151 5698139 84999  17767
10.416261733 3749726304 5815153 84990  15489
10.428249389 3755453210 5726906 84984  17035
10.440261767 3760818151 5364941 77902  14447
10.451261681 3766256167 5438016 77900  14695
10.462248868 3771567214 5311047 77898  14645
10.473249678 3776820366 5253152 77903  14666
10.484249332 3782048913 5228547 77903  14833
10.495271670 3787558056 5509143 84978  17338
10.507249317 3793596443 6038387 84973  15036
10.519262637 3799248406 5651963 84992  17677
10.531262602 3805093977 5845571 84996  15151
10.543249980 3810828267 5734290 84986  17351
10.555249498 3816222951 5394684 77902  14747
10.566250269 3821581362 5358411 77895  14681
10.577262376 3826925149 5343787 77896  14899
10.588262016 3832175701 5250552 77898  14837
10.599261316 3837410042 5234341 77892  14700
10.610260944 3842664347 5254305 77896  14457
10.621261711 3848375288 5710941 84983  17659
10.633249006 3853660714 5285426 77915  15001
10.644269630 3858994040 5333326 77900  14994
10.655262097 3864278589 5284549 77905  14645
10.666250037 3869733555 5454966 77911  14363
10.677262692 3874998445 5264890 77914  14819
10.688248542 3880255008 5256563 77904  14689
10.699263139 3885874674 5619666 84991  17955
10.711249408 3891764879 5890205 84986  14876
10.723264413 3897497579 5732700 84985  17520
10.735261421 3902903501 5405922 77908  14667
10.746249811 3908362854 5459353 77918  14826
10.757249428 3913615067 5252213 77909  14865
10.768249772 3918844783 5229716 77910  14512
10.779260399 3924105430 5260647 77885  14401
10.790257727 3929767725 5662295 84996  17537
10.802262039 3935622085 5854360 84985  15586
10.814261114 3941386743 5764658 84988  16944
10.826249779 3946853038 5466295 77902  14354
10.837261709 3952204675 5351637 77896  14608
10.848248696 3957469017 5264342 77905  14365
10.859261200 3962745244 5276227 77901  14761
10.870249180 3968434135 5688891 84985  17668
10.882262483 3973727889 5293754 77900  14242
10.893249112 3979177837 5449948 77922  14624
10.904249683 3984468486 5290649 77902  14699
10.915249257 3989787203 5318717 77902  14903
10.926248957 3995019524 5232321 77900  14773
10.937260858 4000253630 5234106 77907  14616
10.948269726 4005513945 5260315 77900  14501
10.959262036 4011256147 5742202 84988  17399
10.971248714 4016642311 5386164 77900  14876
10.982249611 4021960338 5318027 77908  14695
10.993242948 4027322239 5361901 77898  14476
11.004249502 4032566856 5244617 77921  14409
11.015263352 4037804330 5237474 77902  14655
11.026262333 4043071749 5267419 77900  14782
11.037250006 4048722582 5650833 84985  17582
11.049250512 4054544404 5821822 84975  14760
11.061263324 4060310339 5765935 84981  17135
11.073251005 4065767622 5457283 77908  14476
11.084249903 4071151115 5383493 77893  14866
11.095270493 4076408554 5257439 77895  14643
11.106263403 4081642008 5233454 77892  14590
11.117249534 4086902192 5260184 77888  14377
11.128249997 4092160858 5258666 77901  15539
11.139262555 4097957872 5797014 84986  16903
11.151249223 4103364758 5406886 77906  14692
11.162260741 4108630094 5265336 77907  14491
11.173249351 4113994029 5363935 77913  14207
11.184261558 4119257218 5263189 77905  14587
11.195249388 4124507778 5250560 77898  14703
11.206248392 4129773304 5265526 77911  14682
11.217263587 4135509201 5735897 84994  17659
11.229262742 4141040984 5531783 77901  14402
11.240271362 4146393808 5352824 77910  14861
11.251249559 4151652232 5258424 77898  14822
11.262261379 4156895483 5243251 77895  14651
11.273250506 4162157286 5261803 77915  14826
11.284263714 4167886088 5728802 84993  17025
11.296262705 4173258006 5371918 77909  14720
11.307261469 4178665854 5407848 77908  14774
11.318249669 4183928406 5262552 77908  14599
11.329250067 4189208351 5279945 77912  14774
11.340249671 4194458485 5250134 77896  14589
11.351249794 4199720653 5262168 77903  14358
11.362261788 4205410938 5690285 84984  17503
11.374262963 4211252678 5841740 84984  15274
11.386270781 4217003896 5751218 84983  16843
11.398249706 4222473058 5469162 77900  14352
11.409249810 4227840154 5367096 77896  14682
11.420262421 4233099752 5259598 77904  14679
11.431249625 4238332368 5232616 77900  14460
11.442262239 4243594189 5261821 77895  14704
11.453250026 4249257814 5663625 84980  17124
11.465262334 4254588038 5330224 77896  14615
11.476261338 4260051781 5463743 77899  14688
11.487249771 4265371174 5319393 77903  14563
11.498249592 4270632739 5261565 77917  14683
11.509262566 4275882902 5250163 77906  14641
11.520260673 4281123225 5240323 77904  14373
11.531248694 4286403321 5280096 77904  14518
11.542269841 4292082225 5678904 84992  17729
11.554261796 4297884078 5801853 84992  15376
11.566243337 4303611325 5727247 84981  16887
11.578262682 4308966180 5354855 77901  14707
11.589261660 4314385914 5419734 77908  14674
11.600262087 4319703555 5317641 77913  14472
11.611250324 4324946127 5242572 77900  14804
11.622263375 4330176974 5230847 77905  14540
11.633248625 4335806832 5629858 84991  17228
11.645261837 4341714274 5907442 84999  15296
11.657249962 4347440147 5725873 84999  17068
11.669261763 4352742137 5301990 77903  14497
11.680262297 4358232735 5490598 77911  14241
11.691257397 4363525897 5293162 77904  14520
11.702263322 4368773453 5247556 77901  14599
11.713248735 4374012330 5238877 77902  14556
11.724262426 4379556067 5543737 84982  17688
11.736249151 4385504840 5948773 84984  14452
11.748261806 4391241988 5737148 84982  17358
11.760261554 4396590526 5348538 77910  14766
11.771250661 4401896911 5306385 77903  14565
11.782262228 4407173500 5276589 77906  14285
11.793249110 4412515022 5341522 77899  14191
11.804261747 4417772744 5257722 77915  14518
11.815248967 4423014478 5241734 77894  14531
11.826260481 4428536439 5521961 84991  17553
11.838270532 4434518307 5981868 84982  14658
11.850249467 4440269984 5751677 84985  17068
11.862262176 4445739175 5469191 77897  14216
11.873250196 4451111579 5372404 77906  14481
11.884261750 4456352443 5240864 77913  14493
11.895250970 4461580128 5227685 77903  14344
11.906261065 4466831032 5250904 77906  14296
11.917248682 4472575294 5744262 84984  17352
11.929248653 4477927539 5352245 77901  14697
11.940249927 4483281208 5353669 77904  14789
11.951248284 4488643097 5361889 77910  14384
11.962261584 4493878333 5235236 77905  14305
11.973260632 4499140890 5262557 77899  14656
11.984269996 4504785262 5644372 84977  17590
11.996248420 4510635961 5850699 84988  14846
12.008249625 4516357810 5721849 84985  17109
12.020249270 4521696942 5339132 77905  14417
12.031249105 4527072286 5375344 77907  14290
12.042262772 4532430291 5358005 77914  14618
12.053373821 4537820884 5390593 84987  16820
12.065263024 4543904084 6083200 84988  14953
12.077249362 4549137732 5233648 77903  14452
12.088260552 4554747765 5610033 84980  17036
12.100248151 4560132568 5384803 77900  15008
12.111248525 4565436252 5303684 77895  14239
12.122261346 4570874301 5438049 77906  14029
12.133260956 4576179950 5305649 77898  14389
12.144270450 4581424019 5244069 77901  14287
12.155262337 4586663647 5239628 77902  14537
12.166249837 4591903005 5239358 77905  14626
12.177261612 4597519523 5616518 84981  17158
12.189249012 4602836139 5316616 77915  14611
12.200262767 4608224688 5388549 77902  14360
12.211262517 4613677706 5453018 77905  14615
12.222262608 4618909899 5232193 77907  14628
12.233261745 4624138817 5228918 77905  14496
12.244259968 4629397892 5259075 77901  14325
12.255248479 4635131290 5733398 84988  17219
12.267248590 4640468681 5337391 77898  14727
12.278248674 4645728627 5259946 77907  14554
12.289257915 4651128488 5399861 77910  14323
12.300249629 4656395433 5266945 77898  14119
12.311249039 4661637218 5241785 77902  14545
12.322262356 4667168858 5531640 84977  17521
12.334248665 4673143137 5974279 84983  14483
12.346249800 4678777770 5634633 84983  17082
12.358249418 4684105654 5327884 77894  14440
12.369249268 4689596719 5491065 77901  14383
12.380250189 4694922237 5325518 77893  14686
12.391248849 4700148818 5226581 77906  14464
12.402261914 4705358807 5209989 77898  14262
12.413249154 4710615285 5256478 77907  14217
12.424261084 4716346457 5731172 84988  17272
12.436276229 4721818411 5471954 77909  14794
12.447263176 4727081354 5262943 77911  14583
12.458249753 4732392114 5310760 77906  14330
12.469262395 4737626294 5234180 77898  14256
12.480262622 4742889845 5263551 77906  14703
12.491262619 4748621040 5731195 84983  17283
12.503261450 4753981781 5360741 77896  14411
12.514262717 4759275566 5293785 77912  14305
12.525250421 4764638785 5363219 77897  14165
12.536251051 4769881201 5242416 77915  14489
12.547262558 4775113109 5231908 77902  14533
12.558260826 4780680809 5567700 84991  17472
12.570262130 4786600225 5919416 84986  14873
12.582249555 4792435010 5834785 84986  16570
12.594270678 4797839394 5404384 77898  14145
12.605250602 4803148430 5309036 77908  14544
12.616248435 4808370357 5221927 77913  14347
12.627261706 4813587731 5217374 77902  14192
12.638244099 4818832699 5244968 77892  14456
12.649250446 4824560345 5727646 84994  17478
12.661235403 4829935120 5374775 77903  14895
12.672249475 4835249790 5314670 77897  14730
12.683248963 4840611644 5361854 77906  14412
12.694262403 4845845199 5233555 77901  14307
12.705261007 4851118382 5273183 77903  14441
12.716250471 4856852193 5733811 84988  17265
12.728248726 4862199431 5347238 77891  14538
12.739271960 4867530433 5331002 77912  14353
12.750250393 4872882831 5352398 77904  14045
12.761249657 4878129083 5246252 77902  14483
12.772260311 4883393252 5264169 77896  14329
12.783250365 4889060806 5667554 84984  17354
12.795250603 4894317506 5256700 77899  14289
12.806249137 4899688290 5370784 77898  14257
12.817262331 4905136051 5447761 77901  14465
12.828261144 4910388845 5252794 77906  14440
12.839248761 4915612379 5223534 77894  14325
12.850249462 4920855024 5242645 77906  14590
12.861262762 4926571525 5716501 84987  16814
12.873249931 4932000211 5428686 77900  14400
12.884270432 4937320901 5320690 77901  14478
12.895249785 4942607324 5286423 77902  14231
12.906261039 4947835062 5227738 77918  14289
12.917249443 4953051852 5216790 77907  14206
12.928260360 4958578953 5527101 84979  16817
12.940263485 4964561790 5982837 84988  15131
12.952250726 4970296285 5734495 84978  16616
12.964249488 4975653344 5357059 77910  14171
12.975249345 4981077458 5424114 77906  14127
12.986262750 4986322275 5244817 77912  14335
12.997248516 4991551293 5229018 77901  14528
13.008262134 4996777454 5226161 77898  14276
13.019263261 5002389719 5612265 84994  17203
13.031259156 5008225359 5835640 84993  14943
13.043251137 5014074403 5849044 84983  16222
13.055248996 5019500077 5425674 77900  14555
13.066263209 5024767124 5267047 77894  14456
13.077248157 5029990914 5223790 77904  14188
13.088262431 5035204257 5213343 77890  14191
13.099260398 5040461961 5257704 77899  14855
13.110250458 5046217030 5755069 84983  16606
13.122261483 5051609010 5391980 77898  14400
13.133249287 5056926686 5317676 77892  14168
13.144262214 5062198096 5271410 77900  14069
13.155248504 5067435492 5237396 77908  14337
13.166261679 5072689529 5254037 77899  14467
13.177249638 5078396077 5706548 84980  17271
13.189257034 5083688151 5292074 77902  14180
13.200263998 5089211048 5522897 77917  14059
13.211248625 5094454914 5243866 77896  14227
13.222250285 5099709087 5254173 77902  14296
13.233261752 5105340932 5631845 84994  17183
13.245263141 5111145436 5804504 84988  14832
13.257248756 5116958920 5813484 84993  16380
13.269249227 5122394228 5435308 77900  14215
13.280262514 5127675450 5281222 77899  14507
13.291248995 5132892587 5217137 77908  14384
13.302263149 5138102002 5209415 77906  14214
13.313262103 5143667215 5565213 84979  16871
13.325262715 5149584001 5916786 84981  14668
13.337269486 5155384591 5800590 84980  16815
13.349250295 5160775813 5391222 77910  14024
13.360262102 5166107351 5331538 77903  13996
13.371249342 5171312972 5205621 77890  14270
13.382261066 5176538247 5225275 77911  14124
13.393262279 5182116130 5577883 84984  17527
13.405262519 5188020158 5904028 84988  14393
13.417264060 5193752046 5731888 84986  16362
13.429249211 5199214738 5462692 77910  14528
13.440261912 5204536755 5322017 77909  14418
13.451249203 5209761061 5224306 77899  15259
13.462261996 5214977049 5215988 77904  14468
13.473262330 5220570623 5593574 84988  17399
13.485257745 5225915289 5344666 77897  14546
13.496263189 5231248223 5332934 77901  14160
13.507262873 5236661505 5413282 77902  14954
13.518263314 5241928760 5267255 77903  14187
13.529261094 5247157901 5229141 77908  14045
13.540262188 5252374372 5216471 77900  14399
13.551261661 5258021868 5647496 84993  16906
13.563249946 5263311056 5289188 77908  14841
13.574261900 5268607066 5296010 77900  14133
13.585262464 5274100018 5492952 77906  14091
13.596248504 5279319156 5219138 77906  14356
13.607261285 5284553228 5234072 77904  14127
13.618262676 5290136927 5583699 84981  17313
13.630269477 5296038097 5901170 84986  14710
13.642250972 5301826205 5788108 84987  16177
13.654261651 5307297867 5471662 77905  14184
13.665249134 5312557962 5260095 77899  13943
13.676249211 5317776729 5218767 77899  14662
13.687262275 5323002828 5226099 77915  14085
13.698261732 5328661949 5659121 84983  17092
13.710262447 5333959622 5297673 77902  14452
13.721263021 5339343014 5383392 77910  14249
13.732261629 5344700968 5357954 77899  14949
13.743248771 5349932151 5231183 77910  14308
13.754248333 5355139345 5207194 77902  14018
13.765261273 5360652584 5513239 84988  17144
13.777250728 5366081395 5428811 77905  13826
13.788270725 5371519222 5437827 77895  14796
13.799261715 5376891103 5371881 77909  14128
13.810261822 5382108501 5217398 77896  13847
13.821250150 5387341599 5233098 77907  14119
13.832248670 5393062525 5720926 84991  16613
13.844261749 5398518181 5455656 77901  14788
13.855249246 5403817188 5299007 77911  14029
13.866251093 5409059624 5242436 77908  13887
13.877261407 5414267092 5207468 77903  14133
13.888248737 5419512208 5245116 77899  13962
13.899249544 5425226020 5713812 84987  17336
13.911249519 5430550855 5324835 77906  13829
13.922261196 5436004232 5453377 77911  13782
13.933257020 5441221550 5217318 77902  14262
13.944249213 5446448904 5227354 77896  14116
13.955261018 5452075950 5627046 84983  17971
13.967250123 5457374386 5298436 77903  14336
13.978249583 5462714528 5340142 77910  14112
13.989262714 5468142987 5428459 77905  14375
14.000248131 5473378954 5235967 77890  14202
14.011250014 5478606295 5227341 77902  14253
14.022250045 5484166449 5560154 84987  16973
14.034263393 5489558270 5391821 77897  13801
14.045262383 5494970995 5412725 77918  14115
14.056250131 5500313524 5342529 77901  14137
14.067261672 5505547751 5234227 77899  14364
14.078257049 5510770228 5222477 77902  14222
14.089262362 5516410177 5639949 84981  16743
14.101263331 5521730948 5320771 77899  14030
14.112250661 5527190989 5460041 77907  13929
14.123248458 5532471799 5280810 77910  14175
14.134248888 5537676187 5204388 77897  14062
14.145261260 5543170096 5493909 84990  16576
14.157249604 5548589919 5419823 77911  14037
14.168262782 5554064098 5474179 77901  13957
14.179261005 5559400332 5336234 77904  14296
14.190261142 5564596831 5196499 77913  14183
14.201248933 5569828960 5232129 77894  14232
14.212262283 5575571290 5742330 84978  17160
14.224276106 5580918311 5347021 77901  14286
14.235249722 5586351407 5433096 77899  14632
14.246261999 5591647485 5296078 77903  14344
14.257261890 5596902499 5255014 77914  14049
14.268249200 5602178291 5275792 77899  14038
14.279249557 5607921344 5743053 84994  16659
14.291261032 5613322500 5401156 77908  14182
14.302262599 5618692420 5369920 77909  14135
14.313262023 5624006437 5314017 77913  13869
14.324261020 5629251729 5245292 77902  13887
14.335248380 5634525791 5274062 77904  14169
14.346248611 5640278859 5753068 84988  16772
14.358249012 5645708057 5429198 77902  14198
14.369262347 5651007025 5298968 77889  14128
14.380257991 5656350358 5343333 77907  13895
14.391250078 5661599934 5249576 77900  14288
14.402261805 5667234868 5634934 84979  16966
14.414263083 5673127398 5892530 84986  14712
14.426263651 5678878430 5751032 84987  16104
14.438250243 5684334287 5455857 77905  14109
14.449262244 5689711825 5377538 77900  14022
14.460248917 5694959278 5247453 77898  14186
14.471261404 5700203712 5244434 77899  14113
14.482261749 5705907827 5704115 84982  16760
14.494262587 5711232676 5324849 77895  14050
14.505262384 5716721896 5489220 77912  13944
14.516261928 5722042970 5321074 77909  14191
14.527257611 5727278778 5235808 77910  14175
14.538249482 5732514393 5235615 77910  14021
14.549260702 5738145270 5630877 84986  16745
14.561250957 5743539841 5394571 77897  13986
14.572248984 5749074599 5534758 77902  14295
14.583261762 5754354989 5280390 77902  14122
14.594260502 5759594402 5239413 77904  13950
14.605250469 5764869116 5274714 77903  13728
14.616249023 5770609558 5740442 84974  16733
14.628260835 5776047258 5437700 77897  14093
14.639249408 5781406140 5358882 77905  14068
14.650248815 5786678975 5272835 77912  13847
14.661263082 5791924808 5245833 77896  13792
14.672271624 5797187227 5262419 77898  15498
14.683264007 5802965878 5778651 84992  20423
14.695248739 5808367150 5401272 77911  17315
14.706264499 5813758373 5391223 77904  16804
14.717249939 5819003369 5244996 77900  16593
14.728250147 5824271866 5268497 77907  16860
14.739261710 5830009133 5737267 84994  18239
14.751262299 5835424369 5415236 77893  14938
14.762261732 5840746706 5322337 77904  14507
14.773262700 5846073047 5326341 77901  14162
14.784248740 5851312107 5239060 77910  14464
14.795251060 5856930026 5617919 84972  17296
14.807247388 5862252717 5322691 77896  14286
14.818271643 5868039890 5787173 84993  14947
14.830263545 5873878008 5838118 84984  15759
14.842248145 5879309554 5431546 77906  13884
14.853261353 5884613732 5304178 77898  14226
14.864248844 5889833505 5219773 77895  14171
14.875251047 5895098535 5265030 77899  13989
14.886249711 5900853317 5754782 84983  16648
14.898263629 5906312130 5458813 77904  13904
14.909248443 5911678491 5366361 77913  14149
14.920249364 5916906487 5227996 77896  14030
14.931261135 5922155511 5249024 77901  13926
14.942261958 5927882914 5727403 84985  16628
14.954249740 5933247718 5364804 77906  13792
14.965261904 5938729874 5482156 77908  14196
14.976257854 5943963049 5233175 77907  14049
14.987251474 5949191000 5227951 77911  13946
14.998248288 5954451952 5260952 77904  13722
15.009263299 5960232482 5780530 84992  16529
15.021247903 5965739085 5506603 77908  14055
15.032260957 5971024023 5284938 77912  13999
15.043262512 5976260673 5236650 77898  13773
15.054251379 5981523882 5263209 77896  13743
15.065249022 5987251598 5727716 84991  16714
15.077261727 5992678820 5427222 77910  14094
15.088262031 5997979325 5300505 77899  14123
15.099249398 6003302236 5322911 77908  13786
15.110262012 6008541230 5238994 77898  13708
15.121269929 6014201506 5660276 84985  16730
15.133249214 6019567165 5365659 77898  14056
15.144248787 6025013991 5446826 77904  14040
15.155249594 6030358383 5344392 77910  13882
15.166262202 6035591264 5232881 77909  13605
15.177262043 6040856336 5265072 77904  14135
15.188259956 6046606544 5750208 84988  16637
15.200263011 6051970853 5364309 77902  14088
15.211248738 6057406679 5435826 77898  13974
15.222249332 6062646042 5239363 77901  13668
15.233260982 6067908346 5262304 77909  14057
15.244248333 6073684155 5775809 84980  16729
15.256261115 6079105816 5421661 77895  14074
15.267272219 6084467807 5361991 77907  13934
15.278262689 6089707641 5239834 77902  13616
15.289261880 6095382078 5674437 84975  16827
15.301261701 6100733136 5351058 77903  14037
15.312262142 6106145703 5412567 77908  13872
15.323250585 6111503286 5357583 77902  13882
15.334262066 6116734494 5231208 77888  13656
15.345261687 6121995685 5261191 77895  14007
15.356247960 6127722727 5727042 84986  16716
15.368261778 6133076332 5353605 77908  13998
15.379261833 6138434709 5358377 77902  13864
15.390262450 6143760234 5325525 77908  13746
15.401247577 6148993979 5233745 77912  13901
15.412269937 6154625351 5631372 84987  16776
15.424250305 6159962881 5337530 77908  13995
15.435262712 6165319045 5356164 77905  13733
15.446262566 6170783438 5464393 77901  13665
15.457248630 6176024995 5241557 77903  13928
15.468250663 6181275952 5250957 77898  14255
15.479248474 6186993870 5717918 84990  16675
15.491261823 6192411767 5417897 77901  13798
15.502249302 6197815109 5403342 77909  13754
15.513260357 6203057220 5242111 77897  13884
15.524261591 6208662138 5604918 84979  16821
15.536248509 6214014534 5352396 77904  14195
15.547262029 6219334289 5319755 77906  14626
15.558262273 6224779508 5445219 77911  14537
15.569258030 6230050479 5270971 77899  14611
15.580291885 6235274710 5224231 77904  14648
15.591261594 6240804384 5529674 84987  17296
15.603261997 6246764594 5960210 84987  14569
15.615262325 6252625344 5860750 84976  16203
15.627261673 6258075740 5450396 77905  13859
15.638249034 6263312163 5236423 77895  14245
15.649249494 6268561708 5249545 77908  14068
15.660248511 6274234508 5672800 84990  16600
15.672249053 6279565423 5330915 77901  13924
15.683263153 6285050087 5484664 77904  13854
15.694260160 6290314758 5264671 77903  14127
15.705249167 6295534320 5219562 77901  13932
15.716270132 6301159895 5625575 84985  16610
15.728250016 6306526580 5366685 77900  13952
15.739248959 6312016129 5489549 77902  13779
15.750249086 6317325138 5309009 77903  14178
15.761248078 6322553517 5228379 77893  13995
15.772250035 6327800212 5246695 77904  13784
15.783250108 6333596595 5796383 84974  16546
15.795250247 6339062355 5465760 77910  13754
15.806249500 6344347121 5284766 77902  14059
15.817262017 6349575027 5227906 77899  13948
15.828249401 6354826855 5251828 77900  13892
15.839261895 6360584863 5758008 84989  16556
15.851249530 6366020934 5436071 77907  13647
15.862265064 6371373747 5352813 77902  14028
15.873249664 6376591761 5218014 77894  13942
15.884248482 6381840013 5248252 77905  13688
15.895262005 6387620971 5780958 84983  16503
15.907262034 6393075377 5454406 77921  13619
15.918263821 6398380554 5305177 77904  13990
15.929248584 6403602663 5222109 77897  13908
15.940249318 6408849022 5246359 77903  13682
15.951260222 6414589684 5740662 84982  16330
15.963250600 6420092975 5503291 77891  13569
15.974262631 6425387356 5294381 77918  13955
15.985262592 6430607209 5219853 77897  13905
15.996261632 6435853856 5246647 77912  13640
16.007250426 6441590143 5736287 84990  16458
16.019256837 6447070137 5479994 77906  13611
16.030250178 6452391293 5321156 77907  13969
16.041261471 6457609079 5217786 77903  13805
16.052263382 6463128705 5519626 84981  16261
16.064261110 6469094144 5965439 84984  14681
16.076263092 6474928627 5834483 84991  15099
16.088248630 6480406823 5478196 77902  14245
16.099250800 6485645145 5238322 77914  13515
16.110250871 6490892004 5246859 77900  13781
16.121261885 6496691295 5799291 84987  16100
16.133261317 6502206510 5515215 77901  13157
16.144262014 6507442874 5236364 77900  14161
16.155262098 6512961013 5518139 84985  15927
16.167263436 6518921952 5960939 84999  14426
16.179250454 6524666626 5744674 84990  15926
16.191250086 6530183106 5516480 77898  13689
16.202249930 6535448024 5264918 77895  13924
16.213260683 6540663808 5215784 77893  13630
16.224263517 6546307829 5644021 84979  16804
16.236248449 6551611468 5303639 77909  13895
16.247249899 6557041747 5430279 77902  13695
16.258262017 6562418666 5376919 77912  14116
16.269249370 6567635774 5217108 77908  13584
16.280261961 6573184452 5548678 84980  16486
16.292262809 6579115332 5930880 84993  14199
16.304261481 6584956762 5841430 84986  15691
16.316257756 6590331190 5374428 77891  13822
16.327250836 6595623879 5292689 77913  14028
16.338261537 6600852609 5228730 77907  13433
16.349248720 6605141695 4289086 77900  25041
16.360248724 6609833775 4692080 84999  17540
16.372249886 6615113121 5279346 77901  16163
16.383261406 6620363145 5250024 77899  16039
16.394265231 6625775758 5412613 77911  16446
16.405249700 6631108233 5332475 77904  16316
16.416248831 6636328719 5220486 77895  14503
16.427248507 6641577011 5248292 77894  14668
16.438248875 6647345106 5768095 84992  17144
16.450260307 6652816820 5471714 77912  13930
16.461257911 6658096384 5279564 77898  14305
16.472249288 6663352630 5256246 77904  13945
16.483262398 6667633431 4280801 77911  24862
16.494250568 6670159955 2526524 84987  43508
16.506249217 6671643390 1483435 77912  39613
16.517250897 6673519811 1876421 84997  50397
16.529249872 6675449468 1929657 85006  46587
16.541251220 6677327776 1878308 85000  46240
16.553249799 6679260524 1932748 84995  45690
16.565248940 6681132886 1872362 84989  43521
16.577261546 6683061345 1928459 84997  44822
16.589248897 6684939764 1878419 85006  44263
16.601261496 6686867468 1927704 85004  43063
16.613262215 6688736958 1869490 84993  44328
16.625257016 6690665194 1928236 84999  43205
16.637262088 6692536056 1870862 85009  42533
16.649249043 6694454402 1918346 84992  43557
16.661263011 6696323869 1869467 84999  42551
16.673249549 6698247271 1923402 84986  42652
16.685250915 6700119343 1872072 85002  43312
16.697260370 6702044632 1925289 85008  41650
16.709249531 6703918543 1873911 84996  43111
16.721260333 6705842615 1924072 84991  42950
16.733248941 6707706830 1864215 84994  41736
16.745261610 6709625817 1918987 84987  43116
16.757249495 6711493835 1868018 84999  42242
16.769261750 6713411948 1918113 85005  42004
16.781257188 6715275942 1863994 84996  42948
16.793262213 6717194503 1918561 84995  42456
16.805248671 6719057176 1862673 84985  42700
16.817261353 6720970623 1913447 84998  42508
16.829249711 6722833782 1863159 85001  42018
16.841250250 6724747632 1913850 84999  42471
16.853261218 6726610993 1863361 84995  42642
16.865250993 6728513738 1902745 85000  41625
16.877262368 6729896730 1382992 84990  42693
16.889250160 6731753459 1856729 85003  48708
16.901262438 6733608000 1854541 85006  48885
16.913250233 6735150020 1542020 77912  43560
16.924261947 6736994818 1844798 84995  48535
16.936258388 6738846827 1852009 85001  48181
16.948262873 6740750369 1903542 85008  45684
16.960250235 6742599344 1848975 84994  45139
16.972262337 6744493497 1894153 85006  43881
16.984249225 6746346967 1853470 85005  43495
16.996261280 6748231451 1884484 85002  43452
17.008261332 6750120322 1888871 84992  43581
17.020249097 6751956774 1836452 84992  42859
17.032261715 6753843262 1886488 85008  42882
17.044248107 6755727023 1883761 84993  42825
17.056261186 6757557372 1830349 84979  42556
17.068250313 6759436495 1879123 85005  42659
17.080261476 6761263459 1826964 85000  43130
17.092271008 6763139862 1876403 84989  42648
17.104249918 6765011975 1872113 84990  42912
17.116249730 6766833205 1821230 84984  42446
17.128262023 6768701128 1867923 85005  42464
17.140249513 6770567544 1866416 84989  43059
17.152261449 6772384093 1816549 85008  42573
17.164247864 6774247730 1863637 85011  42482
17.176263206 6776108173 1860443 84993  42389
17.188260388 6777917373 1809200 84990  42448
17.200249386 6779774297 1856924 85013  42234
17.212261004 6781627670 1853373 85001  42517
17.224250549 6783430764 1803094 84988  42521
17.236263038 6785280726 1849962 84998  42599
17.248250198 6787128297 1847571 85001  41945
17.260259421 6788925028 1796731 84996  42737
17.272250006 6790768586 1843558 85002  42368
17.284263341 6792610718 1842132 85009  42328
17.296250343 6794403747 1793029 84998  42861
17.308261734 6796241264 1837517 85004  42791
17.320250526 6798078088 1836824 84996  42385
17.332262138 6799865616 1787528 85001  43029
17.344262303 6801695980 1830364 84998  42139
17.356249844 6803527132 1831152 84995  42230
17.368262253 6805360064 1832932 85006  42302
17.380249354 6807137508 1777444 85001  42261
17.392262069 6808965382 1827874 85016  42354
17.404262271 6810787926 1822544 85012  42803
17.416270616 6812562784 1774858 85005  42807
17.428250141 6814383422 1820638 85001  42796
17.440262199 6816204049 1820627 84990  42753
17.452250158 6818017979 1813930 84989  42353
17.464261449 6819788369 1770390 85004  42681
17.476250174 6821603514 1815145 84994  42876
17.488261919 6823416739 1813225 84990  42103
17.500251308 6825226621 1809882 85005  42670
17.512263186 6826987452 1760831 84988  43046
17.524249408 6828793004 1805552 85002  42654
17.536262356 6830595890 1802886 85003  42904
17.548262121 6832392602 1796712 85000  43396
17.560249779 6834143372 1750770 84991  43476
17.572270988 6835936626 1793254 84993  43698
17.584252389 6837725531 1788905 84997  43031
17.596250014 6839512373 1786842 84999  42874
17.608250523 6841298496 1786123 84997  43104
17.620262284 6843035561 1737065 84985  42769
17.632250616 6844815121 1779560 84997  43017
17.644261981 6846592143 1777022 85006  42876
17.656249829 6848366694 1774551 84997  42558
17.668249324 6850137445 1770751 84993  42446
17.680250333 6851861227 1723782 84997  44824
17.692249818 6853627824 1766597 85008  44045
17.704262483 6855390242 1762418 84999  44087
17.716248924 6857147881 1757639 84999  43643
17.728272270 6858907112 1759231 85001  43379
17.740248671 6860642867 1735755 84993  42967
17.752249999 6862369168 1726301 84985  43185
17.764262462 6864121457 1752289 84995  43680
17.776262070 6865869480 1748023 84999  44091
17.788248861 6867612651 1743171 84997  43356
17.800261444 6869357377 1744726 85004  43572
17.812261975 6871074623 1717246 84994  43484
17.824262297 6872789833 1715210 84989  42953
17.836261551 6874525738 1735905 84992  43133
17.848262274 6876258188 1732450 84993  43169
17.860262322 6877988403 1730215 85006  42573
17.872249586 6879716366 1727963 85012  42952
17.884263179 6881438437 1722071 84991  42891
17.896270844 6883159661 1721224 85000  42809
17.908261711 6884836720 1677059 85005  43346
17.920261830 6886550261 1713541 85005  43213
17.932251415 6888264575 1714314 85005  42832
17.944249159 6889975556 1710981 85002  42977
17.956263885 6891681284 1705728 85000  42685
17.968250943 6893389628 1708344 84991  42919
17.980251631 6895093991 1704363 84994  42987
17.992249754 6896793691 1699700 85008  42923
18.004249654 6898494592 1700901 84987  43030
18.016249096 6900191293 1696701 85000  43387
18.028261242 6901843689 1652396 85005  43086
18.040262970 6903536875 1693186 85007  43321
18.052260055 6905226406 1689531 84989  43203
18.064250537 6906914813 1688407 84987  42835
18.076249568 6908600807 1685994 85003  43094
18.088250620 6910284639 1683832 84992  42928
18.100262709 6911963924 1679285 84993  42658
18.112263337 6913642215 1678291 84994  43102
18.124250035 6915318314 1676099 85007  43237
18.136262760 6916991549 1673235 85000  42740
18.148262182 6918661639 1670090 84998  42984
18.160261390 6920330133 1668494 84991  43092
18.172261965 6921994806 1664673 85010  42919
18.184262414 6923657443 1662637 84987  43028
18.196249105 6925318055 1660612 84996  43291
18.208258427 6926977837 1659782 84999  43520
18.220263355 6928635069 1657232 85010  43578
18.232261587 6930289494 1654425 84983  43423
18.244261222 6931941800 1652306 85003  43277
18.256262757 6933591833 1650033 85008  43373
18.268250502 6935218459 1626626 84990  43318
18.280248894 6936871390 1652931 84993  43020
18.292262945 6938523322 1651932 84995  43317
18.304249174 6940152912 1629590 85013  43220
18.316249432 6941801368 1648456 85005  43484
18.328248617 6943436444 1635076 84995  43463
18.340248665 6945067830 1631386 84991  42934
18.352250307 6946696956 1629126 84994  43198
18.364257165 6948326356 1629400 84996  43298
18.376262054 6949951306 1624950 84999  42953
18.388249499 6951573764 1622458 84986  42979
18.400251507 6953195363 1621599 85002  43359
18.412248605 6954814317 1618954 84997  42732
18.424250124 6956430748 1616431 85008  43445
18.436262915 6958044385 1613637 84992  43876
18.448262564 6959657754 1613369 85004  43392
18.460250302 6961267586 1609832 84997  43581
18.472263227 6962875178 1607592 85002  43472
18.484251199 6964480862 1605684 85001  43262
18.496250474 6966085805 1604943 85004  43530
18.508248785 6967684849 1599044 84995  43664
18.520249324 6969283027 1598178 84994  43384
18.532271539 6970879934 1596907 84986  43668
18.544250967 6972472950 1593016 84997  43873
18.556261999 6974065887 1592937 84996  44166
18.568263390 6975657810 1591923 84996  44317
18.580261735 6977244331 1586521 85000  43910
18.592250157 6978831712 1587381 84998  43740
18.604248472 6980437499 1605787 84987  43607
18.616249530 6982032356 1594857 84996  43483
18.628261275 6983611726 1579370 85004  43380
18.640249607 6985189626 1577900 84983  43659
18.652250015 6986766439 1576813 85006  43237
18.664242397 6988340415 1573976 84986  43465
18.676263022 6989912636 1572221 85008  43838
18.688260194 6991483034 1570398 85010  43379
18.700250352 6993050977 1567943 85000  43965
18.712260567 6994617097 1566120 84999  44054
18.724250395 6996180571 1563474 85025  43653
18.736249654 6997773198 1592627 85008  44022
18.748249719 6999327264 1554066 84985  43747
18.760262900 7000879421 1552157 85006  43338
18.772263545 7002431179 1551758 85006  43965
18.784263040 7003978369 1547190 85030  43968
18.796248505 7005524926 1546557 84999  43331
18.808261514 7007069427 1544501 84998  43773
18.820262352 7008611009 1541582 85002  44255
18.832249767 7010172184 1561175 84986  43113
18.844259455 7011716799 1544615 84994  43828
18.856263870 7013250324 1533525 85002  43780
18.868261662 7014780602 1530278 84999  43129
18.880249597 7016312019 1531417 84997  44024
18.892261639 7017839003 1526984 84994  43780
18.904263230 7019363706 1524703 85012  43295
18.916248915 7020915964 1552258 85006  43594
18.928250320 7022434768 1518804 84995  43604
18.940249922 7023953129 1518361 84986  43358
18.952248827 7025469837 1516708 84984  43825
18.964262052 7026982839 1513002 84999  43589
18.976249367 7028492878 1510039 84986  43484
18.988249779 7030029553 1536675 85011  43487
19.000258070 7031534972 1505419 85004  43734
19.012262842 7033039780 1504808 84997  43817
19.024249354 7034539988 1500208 85006  44248
19.036250535 7036039954 1499966 84998  44159
19.048262554 7037566511 1526557 85005  43917
19.060250285 7039059509 1492998 85001  43928
19.072255320 7040553387 1493878 85009  43788
19.084263359 7042044835 1491448 85000  43682
19.096262927 7043531932 1487097 84993  44023
19.108262069 7045044689 1512757 85004  43790
19.120263067 7046530217 1485528 85000  44023
19.132250032 7048011372 1481155 85002  44017
19.144261977 7049490366 1478994 84988  43842
19.156263055 7050997674 1507308 85017  43695
19.168257764 7052470472 1472798 84987  44051
19.180251135 7053943327 1472855 85010  43799
19.192249284 7055416845 1473518 84996  43987
19.204250315 7056915185 1498340 84993  44267
19.216248717 7058378311 1463126 84996  44206
19.228263219 7059846429 1468118 85028  44045
19.240262190 7061310498 1464069 85016  44339
19.252250102 7062799741 1489243 84998  43590
19.264249680 7064257744 1458003 85001  43930
19.276248519 7065715301 1457557 84999  44443
19.288249614 7067168911 1453610 85018  43743
19.300262876 7068648386 1479475 85004  43864
19.312262911 7070096445 1448059 85002  44483
19.324258029 7071541317 1444872 85004  43861
19.336262838 7072985130 1443813 85005  44110
19.348262672 7074450359 1465229 84994  44107
19.360250180 7075890521 1440162 84999  43943
19.372249055 7077326807 1436286 85000  44104
19.384264881 7078789548 1462741 84989  44112
19.396248882 7080219107 1429559 84988  44000
19.408249914 7081649249 1430142 85003  44282
19.420261589 7083079210 1429961 85026  44825
19.432262077 7084529062 1449852 85003  43916
19.444249199 7085953975 1424913 84992  44366
19.456261368 7087376609 1422634 84989  44561
19.468249769 7088819267 1442658 85000  43793
19.480270244 7090238467 1419200 85004  44660
19.492263270 7091655208 1416741 85021  44822
19.504249394 7093092294 1437086 84989  43948
19.516250335 7094506208 1413914 85019  45069
19.528261997 7095918014 1411806 85006  45143
19.540250575 7097348115 1430101 85021  44379
19.552261980 7098755337 1407222 84989  45038
19.564262939 7100159609 1404272 85007  45122
19.576262731 7101583326 1423717 85000  44325
19.588248565 7102985212 1401886 85001  45012
19.600249830 7104384005 1398793 84992  45377
19.612249032 7105800120 1416115 84999  44288
19.624249527 7107195794 1395674 85002  44934
19.636261592 7108601768 1405974 85000  45117
19.648261870 7109999623 1397855 84997  44702
19.660250499 7111388174 1388551 85002  44865
19.672261407 7112798016 1409842 85005  44696
19.684264342 7114178820 1380804 85002  44197
19.696262781 7115560903 1382083 85002  44262
19.708250135 7116961569 1400666 84995  44750
19.720262230 7118339221 1377652 84988  44573
19.732250445 7119732097 1392876 84980  44536
19.744249480 7121112689 1380592 85001  44656
19.756262685 7122483809 1371120 84990  44412
19.768262324 7123875045 1391236 85002  44158
19.780250219 7125243460 1368415 85003  44696
19.792264207 7126611013 1367553 84992  44469
19.804259079 7127992504 1381491 84995  44326
19.816263948 7129354104 1361600 85010  45024
19.828261422 7130731324 1377220 85011  44559
19.840250254 7132087751 1356427 85001  44377
19.852261492 7133464340 1376589 85004  44694
19.864251030 7134813742 1349402 85007  44628
19.876261739 7136162607 1348865 84982  44450
19.888250767 7137527815 1365208 85004  44556
19.900262779 7138872105 1344290 85006  44712
19.912262377 7140231451 1359346 85000  44421
19.924249372 7141569687 1338236 85014  44993
19.936248510 7142923375 1353688 84979  44850
19.948248749 7144257378 1334003 85006  44633
19.960257674 7145604426 1347048 85000  44693
19.972262515 7146932873 1328447 84993  44730
19.984262520 7148275715 1342842 84993  44403
19.996251015 7149598459 1322744 85015  44742
20.008261410 7150934997 1336538 84993  44639
20.020250855 7152253120 1318123 85010  44502
20.032249117 7153583217 1330097 84993  44895
20.044249892 7154894078 1310861 84998  44929
20.056249834 7156219221 1325143 84997  44659
20.068262219 7157525597 1306376 84998  45240
20.080250120 7158845210 1319613 85010  44823
20.092261645 7160148289 1303079 84991  44245
20.104262820 7161463117 1314828 85009  44723
20.116257379 7162758744 1295627 85007  44987
20.128262820 7164069546 1310802 85000  44287
20.140249732 7165381723 1312177 84986  45105
20.152250210 7166668645 1286922 84987  44745
20.164261112 7167973864 1305219 84992  44301
20.176250200 7169258889 1285025 85004  44664
20.188262589 7170555376 1296487 85002  44830
20.200262720 7171837371 1281995 84983  43912
20.212262285 7173130283 1292912 85002  45027
20.224248797 7174405558 1275275 85005  44713
20.236250045 7175692788 1287230 85003  44069
20.248261504 7176966397 1273609 85009  45087
20.260262042 7178247739 1281342 85014  44707
20.272249000 7179530767 1283028 84998  44630
20.284259425 7180792337 1261570 84992  45241
20.296248747 7182069174 1276837 85007  44772
20.308262705 7183327691 1258517 85001  44933
20.320262687 7184601045 1273354 84995  45868
20.332249039 7185858604 1257559 84993  45813
20.344262480 7187126025 1267421 84991  45263
20.356249805 7188397312 1271287 85000  45102
20.368250857 7189644152 1246840 84996  45190
20.380261202 7190905824 1261672 84992  45279
20.392262370 7192155094 1249270 85004  44652
20.404261499 7193410887 1255793 85010  44801
20.416249130 7194654959 1244072 85009  45485
20.428262042 7195906322 1251363 84996  44559
20.440269614 7197156945 1250623 84995  45269
20.452261445 7198389996 1233051 85000  45610
20.464261710 7199632322 1242326 84988  44868
20.476250565 7200861236 1228914 85001  44974
20.488249170 7202101148 1239912 85007  45263
20.500262382 7203338325 1237177 84987  44503
20.512249677 7204559785 1221460 84988  45193
20.524249655 7205793251 1233466 85010  45418
20.536248960 7207011641 1218390 85034  44616
20.548260795 7208237921 1226280 85005  45151
20.560249954 7209464066 1226145 84985  45143
20.572250139 7210674510 1210444 84983  44407
20.584264200 7211895339 1220829 85012  44871
20.596252535 7213116972 1221633 85006  45405
20.608249530 7214320218 1203246 84997  44457
20.620248605 7215534469 1214251 85012  45575
20.632250890 7216752019 1217550 85018  45421
20.644262139 7217948468 1196449 85004  44933
20.656250707 7219154453 1205985 84995  45279
20.668249899 7220351271 1196818 85004  45076
20.680263450 7221553979 1202708 85000  44677
20.692248695 7222754221 1200242 84989  44956
20.704262277 7223944483 1190262 85010  45321
20.716249292 7225141570 1197087 85006  45544
20.728262150 7226334360 1192790 84987  45368
20.740249509 7227516110 1181750 84992  45431
20.752258360 7228704582 1188472 84992  45327
20.764262655 7229890005 1185423 84986  45140
20.776262834 7231064799 1174794 84994  45251
20.788263189 7232248171 1183372 85012  45546
20.800261837 7233427932 1179761 84994  44737
20.812250715 7234597724 1169792 85002  45216
20.824263384 7235775408 1177684 84994  45481
20.836263572 7236947798 1172390 85000  44626
20.848249969 7238124352 1176554 84987  45367
20.860260979 7239282966 1158614 84992  45592
20.872262660 7240451594 1168628 85002  44412
20.884250125 7241619862 1168268 84999  45444
20.896249749 7242775819 1155957 84991  45435
20.908270622 7243938128 1162309 85008  44593
20.920263337 7245097856 1159728 84996  45588
20.932261769 7246251918 1154062 85008  45749
20.944249967 7247407023 1155105 84998  44918
20.956249651 7248561224 1154201 84997  45436
20.968250533 7249715193 1153969 84990  45471
20.980263011 7250841230 1126037 85000  45401
20.992263687 7251640055 798825 77915  46206
21.003250521 7252420498 780443 77905  35937
21.014250338 7253420856 1000358 84994  52399
21.026251069 7254201004 780148 77908  36326
21.037250709 7255212086 1011082 85007  52998
21.049263001 7256072550 860464 84986  39378
21.061263103 7257051917 979367 85014  51505
21.073272168 7257951718 899801 84987  43284
21.085251345 7258892138 940420 84992  47719
21.097250545 7259797107 904969 84997  46181
21.109250116 7260715828 918721 84990  45306
21.121250867 7261646409 930581 84996  45676
21.133250590 7262562666 916257 84990  45676
21.145262808 7263502802 940136 84993  45586
21.157263280 7264392224 889422 84996  45499
21.169251097 7265320934 928710 84993  45440
21.181251106 7266216676 895742 84992  45598
21.193262198 7267138475 921799 84988  44950
21.205264126 7268034763 896288 84988  45734
21.217261888 7268938368 903605 84991  45316
21.229259353 7269831225 892857 84998  45736
21.241251010 7270737566 906341 84992  45611
21.253262335 7271627326 889760 84989  45399
21.265245184 7272558415 931089 77906  46533
21.276261725 7273492766 934351 85002  51351
21.288263363 7274426075 933309 84987  46608
21.300263428 7275341493 915418 84978  46070
21.312249966 7276255875 914382 84987  46069
21.324249354 7277142543 886668 77922  47131
21.335262755 7278064086 921543 84999  51417
21.347262387 7278972531 908445 84991  46094
21.359249704 7279888594 916063 84981  46049
21.371250530 7280802351 913757 84996  45925
21.383258445 7281758244 955893 85005  50418
21.395263314 7282676328 918084 85004  52709
21.407262231 7283601943 925615 84986  46396
21.419250989 7284491270 889327 84983  45873
21.431249318 7285386396 895126 84985  46426
21.443251929 7286381211 994815 84990  51388
21.455249278 7287290186 908975 85009  51866
21.467250113 7288185082 894896 84988  46125
21.479264479 7289077658 892576 84991  46139
21.491251309 7290030266 952608 84999  45855
21.503250544 7290980663 950397 84991  52708
21.515262719 7291887428 906765 84995  50852
21.527261838 7292777186 889758 84986  46647
21.539264094 7293672559 895373 84980  46775
21.551270815 7294504205 831646 77896  42467
21.562250891 7295446961 942756 84994  55960
21.574250290 7296356734 909773 84999  46382
21.586264919 7297271348 914614 84998  46423
21.598262443 7298254137 982789 84995  54814
21.610263298 7299143430 889293 84995  48825
21.622262746 7300036862 893432 84987  47092
21.634263445 7300931537 894675 84996  46800
21.646262923 7301814874 883337 77917  47126
21.657249563 7302722981 908107 84997  51229
21.669264113 7303614150 891169 84978  46258
21.681263011 7304509087 894937 84985  46613
21.693263032 7305564387 1055300 84991  55644
21.705274167 7306451633 887246 85001  47304
21.717263376 7307501848 1050215 85003  53684
21.729250690 7308401739 899891 85001  52086
21.741263715 7309294549 892810 84994  49572
21.753263383 7310242200 947651 84986  56744
21.765245412 7311135937 893737 85001  48873
21.777264277 7312025382 889445 84981  48563
21.789251708 7312981792 956410 84993  55343
21.801250323 7313869982 888190 84991  49217
21.813262355 7314758871 888889 84990  47697
21.825263620 7315652702 893831 84996  47125
21.837249662 7316483948 831246 77905  43550
21.848250069 7317432365 948417 84991  53508
21.860258774 7318335024 902659 85006  48983
21.872250402 7319247555 912531 84987  46454
21.884249410 7320173366 925811 84998  46663
21.896264202 7321082207 908841 84994  46282
21.908261924 7321952498 870291 77906  46495
21.919251317 7322877498 925000 84995  51888
21.931263499 7323780321 902823 84995  46526
21.943262474 7324689987 909666 84994  46133
21.955263926 7325613645 923658 84995  45809
21.967262974 7326538391 924746 84984  46235
21.979250539 7327395444 857053 77908  44428
21.990250349 7328325852 930408 84984  50706
22.002262511 7329252279 926427 85004  48066
22.014270996 7330143847 891568 84993  43759
22.026263461 7331101224 957377 84997  47470
22.038262593 7331987073 885849 84994  41591
22.050263734 7332953895 966822 85009  49463
22.062250686 7333770652 816757 77902  36300
22.073252146 7334720765 950113 84996  50017
22.085263358 7335632043 911278 84990  41756
22.097262923 7336593947 961904 84984  48478
22.109262275 7337478321 884374 84999  36956
22.121263300 7338493156 1014835 85000  53270
22.133262618 7339412879 919723 84999  45774
22.145250130 7340369845 956966 84985  57423
22.157250291 7341320083 950238 85002  55915
22.169262736 7342205728 885645 84991  53703
22.181270585 7343149916 944188 84993  55159
22.193250556 7344042183 892267 84982  52270
22.205250898 7345002485 960302 84993  54997
22.217249992 7345954780 952295 84996  53069
22.229262628 7346910345 955565 85005  50245
22.241261576 7347871050 960705 84992  50179
22.253250138 7348831188 960138 84993  49569
22.265250309 7349777744 946556 84999  48914
22.277250481 7350737170 959426 85003  48829
22.289249266 7351690392 953222 84993  48422
22.301249110 7352637301 946909 84999  48094
22.313261902 7353645603 1008302 85003  50871
22.325264221 7354680672 1035069 85001  51492
22.337259860 7355274776 594104 85016  58720
22.349254854 7355787058 512282 85024  56652
22.361265122 7356474766 687708 85012  43118
22.373267691 7357256073 781307 42568  23048
22.385276236 7358362207 1106134 50712  46957
22.397257124 7359479809 1117602 53585  50480
22.409256179 7360659160 1179351 83843  49912
22.421255858 7372854042 12194882 58909  49400
22.443541824 7385245357 12391315 662  25
22.459591017 7392773626 7528269 63693  4939
22.471277384 7395031038 2257412 77867  6402
22.482271210 7396577137 1546099 77884  5033
22.493251717 7397981491 1404354 84971  8292
22.505271255 7399163641 1182150 84980  7148
22.517263600 7400240832 1077191 85025  7075
22.529244135 7401275822 1034990 85006  7323
22.541262320 7402283477 1007655 85007  6819
22.553249092 7403249980 966503 84979  7498
22.565262460 7404184615 934635 84991  7507
22.577242509 7405103642 919027 84986  7762
22.589262134 7406005421 901779 85008  7233
22.601261415 7406907381 901960 84998  7764
22.613260337 7407797880 890499 84992  7513
22.625249555 7408675897 878017 84977  7245
22.637247984 7409551888 875991 85007  7539
22.649248579 7410413545 861657 84987  7548
22.661271157 7411267435 853890 84995  7512
22.673261239 7412125733 858298 84990  7609
22.685249680 7412978825 853092 84993  7611
22.697248572 7413841595 862770 84989  7767
22.709248600 7414709970 868375 84995  7880
22.721261875 7415566505 856535 84990  7775
22.733248423 7416416801 850296 84998  7727
22.745261582 7417279959 863158 85003  7918
22.757259914 7418139118 859159 84993  7900
22.769247658 7419002065 862947 84988  7982
22.781248856 7419879821 877756 84993  8205
22.793260885 7420750620 870799 85016  8114
22.805261900 7421631171 880551 84997  8249
22.817261305 7422518157 886986 85006  8366
22.829257976 7423396114 877957 85017  8233
22.841250052 7424284521 888407 84983  8392
22.853261627 7425171040 886519 84999  8371
22.865262071 7426068863 897823 84997  8534
22.877262056 7426969619 900756 85015  8588
22.889263089 7427869465 899846 85004  8573
22.901261353 7428780845 911380 85007  8731
22.913250431 7429682675 901830 85003  8594
22.925248916 7430600211 917536 84993  8826
22.937262229 7431509090 908879 85004  8703
22.949261636 7432429486 920396 85007  8867
22.961249821 7433350563 921077 85001  8874
22.973249123 7434272101 921538 84996  8877
22.985258941 7435192247 920146 85012  8865
22.997263486 7436115112 922865 85004  8895
23.009262011 7437052363 937251 84985  9092
23.021249483 7437979538 927175 85010  8956
23.033248101 7438918785 939247 84988  9145
23.045543684 7439846257 927472 85006  9010
23.057248716 7440784100 937843 84993  9124
23.069247539 7441722021 937921 85008  9106
23.081264664 7442659486 937465 85006  9095
23.093261966 7443597932 938446 85010  9107
23.105262431 7444541737 943805 84996  9186
23.117249486 7445485224 943487 85001  9197
23.129249634 7446427425 942201 84988  9166
23.141274839 7447368348 940923 84997  9148
23.153262344 7448312532 944184 84996  9190
23.165250478 7449262076 949544 84992  9282
23.177249214 7450204798 942722 84996  9173
23.189249543 7451157367 952569 84996  9313
23.201263551 7452108563 951196 84989  9281
23.213260752 7453054414 945851 85011  9215
23.225264294 7454007728 953314 84988  9327
23.237261636 7454959158 951430 84998  9295
23.249250090 7455910010 950852 85007  9285
23.261261075 7456861166 951156 85026  9296
23.273248921 7457812562 951396 84991  9298
23.285263263 7458763608 951046 85007  9297
23.297272698 7459715022 951414 84976  9302
23.309249162 7460667282 952260 84998  9325
23.321248540 7461618311 951029 84994  9295
23.333251455 7462578455 960144 84996  9436
23.345261343 7463527468 949013 84994  9263
23.357262958 7464477042 949574 85009  9269
23.369249680 7465437327 960285 84987  9410
23.381249638 7466386859 949532 85005  9271
23.393250113 7467347555 960696 84998  9426
23.405248665 7468308065 960510 84994  9428
23.417249873 7469257226 949161 85005  9274
23.429261798 7470217352 960126 84991  9417
23.441261273 7471175874 958522 85007  9400
23.453249098 7472133969 958095 84991  9405
23.465258067 7473084674 950705 85004  9296
23.477263395 7474040711 956037 84990  9370
23.489261263 7474999745 959034 85011  9408
23.501267678 7475959299 959554 84996  9410
23.513248463 7476921096 961797 85010  9437
23.525251698 7477887535 966439 84979  9499
23.537259740 7478852129 964594 85003  9486
23.549263102 7479810962 958833 84980  9407
23.561250486 7480770939 959977 84999  9430
23.573261452 7481730268 959329 84993  9418
23.585248957 7482700878 970610 84996  9581
23.597249177 7483660616 959738 84996  9427
23.609246816 7484620726 960110 84992  9435
23.621272245 7485591529 970803 84989  9587
23.633250773 7486550996 959467 85007  9430
23.645260988 7487522564 971568 84983  9587
23.657250032 7488482869 960305 85005  9434
23.669250145 7489451795 968926 84995  9541
23.681262923 7490421182 969387 85003  9555
23.693248811 7491379101 957919 85000  9412
23.705248572 7492348363 969262 84981  9561
23.717261902 7493317099 968736 85001  9552
23.729249612 7494285841 968742 84998  9542
23.741248471 7495245392 959551 84993  9432
23.753263152 7496214642 969250 85012  9563
23.765263892 7497183428 968786 84984  9552
23.777265512 7498153115 969687 85003  9573
23.789250111 7499121661 968546 84993  9541
23.801249269 7500089308 967647 85005  9536
23.813251054 7501055853 966545 85010  9518
23.825261429 7502021930 966077 85004  9520
23.837252081 7502988376 966446 85001  9521
23.849249282 7503955454 967078 85004  9530
23.861262967 7504922676 967222 85006  9528
23.873261589 7505900979 978303 84996  9682
23.885261841 7506869739 968760 85005  9548
23.897263536 7507836545 966806 84984  9524
23.909262081 7508803892 967347 85011  9537
23.921249339 7509781761 977869 84991  9675
23.933258491 7510747578 965817 85002  9516
23.945250422 7511713544 965966 84996  9518
23.957261704 7512690237 976693 85010  9654
23.969262636 7513654792 964555 85008  9506
23.981262464 7514631958 977166 84987  9672
23.993249541 7515596725 964767 84986  9491
24.005260533 7516573765 977040 84995  9665
24.017262428 7517540146 966381 85001  9509
24.029250143 7518516930 976784 85006  9665
24.041249138 7519482504 965574 84998  9511
24.053249696 7520459386 976882 84991  9678
24.065262241 7521432508 973122 84996  9630
24.077249440 7522397199 964691 85004  9502
24.089248238 7523372568 975369 85000  9643
24.101270640 7524346867 974299 85001  9627
24.113249588 7525310401 963534 85006  9509
24.125249340 7526285145 974744 84998  9651
24.137249331 7527260814 975669 85003  9642
24.149248753 7528236568 975754 84995  9657
24.161261861 7529212694 976126 85020  9663
24.173262146 7530182785 970091 85003  9602
24.185250595 7531148919 966134 85004  9515
24.197263450 7532122173 973254 84997  9629
24.209262788 7533095309 973136 85001  9626
24.221262043 7534068165 972856 85002  9636
24.233263468 7535039613 971448 84988  9595
24.245261436 7536011115 971502 84995  9590
24.257272478 7536982105 970990 84983  9578
24.269250955 7537952884 970779 84995  9601
24.281250248 7538927689 974805 84997  9635
24.293261583 7539908139 980450 85003  9728
24.305261408 7540880093 971954 84995  9603
24.317250025 7541851344 971251 84992  9582
24.329261291 7542822663 971319 85002  9584
24.341250882 7543793301 970638 85001  9582
24.353262654 7544763102 969801 85013  9570
24.365261575 7545745600 982498 85022  9750
24.377248050 7546715823 970223 85008  9576
24.389249342 7547684577 968754 85006  9547
24.401249704 7548655745 971168 84999  9586
24.413264959 7549632312 976567 84999  9671
24.425249507 7550599383 967071 84993  9523
24.437261472 7551568848 969465 85009  9584
24.449263500 7552543593 974745 84991  9642
24.461248255 7553507036 963443 84989  9484
24.473250320 7554484093 977057 85008  9669
24.485249572 7555447756 963663 85000  9486
24.497262314 7556419370 971614 85031  9593
24.509260585 7557386467 967097 85002  9535
24.521251310 7558351600 965133 85012  9510
24.533262255 7559323268 971668 85011  9609
24.545261767 7560290403 967135 84999  9529
24.557261802 7561258376 967973 85016  9554
24.569259424 7562231297 972921 85000  9617
24.581263232 7563191869 960572 84995  9455
24.593260577 7564166223 974354 84993  9624
24.605249615 7565125089 958866 85006  9417
24.617261827 7566097318 972229 85007  9620
24.629263881 7567068736 971418 84996  9585
24.641260997 7568025185 956449 84999  9407
24.653262812 7568995943 970758 84994  9609
24.665251419 7569965971 970028 84986  9815
24.677266804 7570922763 956792 85008  10011
24.689270234 7571889890 967127 85006  10275
24.701267879 7572858435 968545 85002  9723
24.713249343 7573826882 968447 84999  9560
24.725248744 7574787879 960997 85008  9451
24.737271373 7575748412 960533 85004  9490
24.749248971 7576716206 967794 85027  9551
24.761261466 7577683375 967169 85015  9534
24.773261618 7578650016 966641 85008  9528
24.785251519 7579615646 965630 85004  9504
24.797250978 7580581619 965973 85025  9522
24.809248899 7581536837 955218 84991  9372
24.821247821 7582498603 961766 84995  9463
24.833261046 7583463107 964504 85010  9496
24.845250080 7584427917 964810 85008  9502
24.857260769 7585392581 964664 85017  9494
24.869261684 7586356392 963811 84993  9501
24.881262493 7587319542 963150 85003  9480
24.893270301 7588282549 963007 84993  9475
24.905249882 7589246079 963530 84996  9495
24.917261658 7590210161 964082 85014  9488
24.929250645 7591173639 963478 84983  9474
24.941248733 7592137142 963503 85000  9511
24.953263118 7593103045 965903 85001  9553
24.965263231 7594076227 973182 85000  9620
24.977261532 7595039224 962997 85007  9470
24.989249107 7596001795 962571 85004  9481
25.001249402 7596963667 961872 85001  9461
25.013263273 7597924430 960763 85021  9450
25.025261632 7598885563 961133 84997  9443
25.037261240 7599848749 963186 85003  9464
25.049259528 7600823278 974529 84996  9624
25.061249903 7601782929 959651 84994  9424
25.073248325 7602743286 960357 85001  9430
25.085250897 7603702988 959702 84987  9433
25.097262368 7604679581 976593 85017  9651
25.109263853 7605638957 959376 85003  9422
25.121262858 7606598041 959084 85011  9411
25.133249877 7607557502 959461 85006  9422
25.145249192 7608531966 974464 85014  9626
25.157260953 7609492043 960077 84986  9440
25.169261618 7610451798 959755 85002  9441
25.181249167 7611426956 975158 85005  9636
25.193249918 7612387098 960142 84994  9424
25.205248142 7613350019 962921 84999  9473
25.217270665 7614323725 973706 85004  9630
25.229262586 7615284503 960778 84985  9460
25.241262288 7616260983 976480 84990  9657
25.253261692 7617221041 960058 84990  9429
25.265250194 7618196045 975004 85001  9633
25.277262886 7619158584 962539 85004  9476
25.289262981 7620125327 966743 84996  9521
25.301262352 7621094872 969545 84987  9562
25.313261347 7622058940 964068 85003  9491
25.325249972 7623031303 972363 85012  9598
25.337248401 7623997182 965879 84996  9515
25.349262472 7624966147 968965 85003  9549
25.361259687 7625941492 975345 85010  9645
25.373271322 7626900946 959454 85004  9470
25.385250810 7627875902 974956 85002  9641
25.397248471 7628835542 959640 85007  9426
25.409249864 7629811831 976289 85016  9661
25.421250136 7630774431 962600 84999  9473
25.433261544 7631745098 970667 85004  9598
25.445262462 7632719563 974465 85018  9645
25.457250371 7633678293 958730 84995  9432
25.469262052 7634652410 974117 84999  9634
25.481248573 7635626965 974555 84995  9646
25.493261868 7636586093 959128 85009  9450
25.505262340 7637560083 973990 84988  9714
25.517248285 7638533638 973555 85010  9644
25.529258193 7639492451 958813 84995  9439
25.541249031 7640465987 973536 85014  9619
25.553261366 7641439114 973127 85016  9625
25.565261725 7642411785 972671 84999  9653
25.577262850 7643368040 956255 85006  9392
25.589262151 7644341430 973390 85005  9621
25.601249396 7645313825 972395 84983  9622
25.613250605 7646287367 973542 84996  9623
25.625260606 7647250967 963600 85001  9580
25.637262248 7648217671 966704 84995  9521
25.649261400 7649190696 973025 84998  9654
25.661249414 7650147913 957217 85003  7124
25.673248412 7651046772 898859 84991  137
25.685271015 7651945698 898926 84995  181
25.697261176 7652844655 898957 85002  48
25.709262705 7653743954 899299 85001  189
25.721248192 7654642655 898701 85005  108
25.733247764 7655540712 898057 84988  98
25.745249792 7656442326 901614 84997  100
25.757248324 7657355335 913009 84992  47
25.769263532 7658254201 898866 85002  111
25.781261340 7659153726 899525 84992  47
25.793248149 7660053381 899655 84990  52
25.805248810 7660952567 899186 84989  103
25.817248685 7661864211 911644 85012  124
25.829260280 7662766836 902625 85004  136
25.841261502 7663665763 898927 85005  153
25.853258157 7664564612 898849 84995  106
25.865248535 7665474567 909955 84993  86
25.877249350 7666376820 902253 84996  257
25.889261569 7667276078 899258 84993  202
25.901261384 7668175576 899498 85005  43
25.913261942 7669088766 913190 85007  100
25.925261304 7669986719 897953 84989  86
25.937250201 7670885037 898318 84991  151
25.949249113 7671797662 912625 84984  36
25.961259918 7672697607 899945 84996  94
25.973261787 7673601631 904024 85009  92
25.985262725 7674512280 910649 84996  57
25.997247916 7675411532 899252 84988  128
26.009257458 7676325313 913781 84987  150
26.021262456 7677224623 899310 84977  186
26.033261751 7678133734 909111 84998  70
26.045261869 7679037183 903449 85016  57
26.057249358 7679936470 899287 84995  83
26.069250129 7680848460 911990 84979  122
26.081249397 7681746670 898210 84990  140
26.093248796 7682659144 912474 84994  96
26.105262041 7683556604 897460 84995  116
26.117260559 7684468552 911948 84999  57
26.129249153 7685365548 896996 84989  184
26.141249278 7686277069 911521 85004  178
26.153248824 7687178104 901035 84985  142
26.165255823 7688086424 908320 84995  135
26.177261034 7688998859 912435 85006  96
26.189248625 7689894735 895876 85003  41
26.201250031 7690805821 911086 84996  48
26.213251072 7691701705 895884 84997  108
26.225262430 7692612892 911187 84988  123
26.237260842 7693523915 911023 85005  133
26.249262917 7694421942 898027 84990  126
26.261261248 7695333901 911959 84992  86
26.273249460 7696233987 900086 85006  91
26.285247628 7697140938 906951 84984  41
26.297262263 7698052298 911360 84995  171
26.309260922 7698953066 900768 84994  154
26.321269883 7699859186 906120 84989  196
26.333248302 7700769602 910416 84985  252
26.345249213 7701680462 910860 84999  174
26.357262282 7702576312 895850 84983  189
26.369261453 7703488020 911708 84992  178
26.381261332 7704398775 910755 85004  56
26.393248776 7705302241 903466 84996  151
26.405249147 7706206059 903818 84991  177
26.417261709 7707117144 911085 85000  177
26.429248707 7708028792 911648 85008  124
26.441262743 7708940354 911562 84991  141
26.453261848 7709836241 895887 84995  183
26.465248532 7710747664 911423 84990  107
26.477249417 7711659041 911377 84994  200
26.489256742 7712569665 910624 84987  160
26.501262221 7713480378 910713 84999  46
26.513261542 7714384782 904404 84995  93
26.525248747 7715288637 903855 84998  90
26.537249952 7716199819 911182 84986  146
26.549248900 7717112195 912376 84987  194
26.561262746 7718024656 912461 84990  146
26.573261864 7718936954 912298 85003  99
26.585249165 7719848972 912018 84994  74
26.597261411 7720761342 912370 84988  47
26.609262181 7721673309 911967 84988  111
26.621248344 7722579541 906232 84988  107
26.633260942 7723484936 905395 85005  115
26.645269994 7724395070 910134 84985  62
26.657261318 7725307350 912280 84991  44
26.669249730 7726220254 912904 85000  80
26.681261872 7727133074 912820 84998  110
26.693259996 7728045354 912280 84994  114
26.705261411 7728957331 911977 84988  74
26.717260356 7729869014 911683 84992  124
26.729249191 7730781310 912296 85001  162
26.741249023 7731693868 912558 84997  84
26.753249835 7732607719 913851 84996  214
26.765249216 7733521885 914166 84997  124
26.777261388 7734436125 914240 84986  98
26.789260083 7735350439 914314 84998  178
26.801257198 7736267706 917267 84997  43
26.813248570 7737190409 922703 85003  123
26.825248250 7738108799 918390 85034  148
26.837248205 7739023660 914861 85008  305
26.849261227 7739938565 914905 84993  166
26.861247722 7740853173 914608 84997  98
26.873248994 7741767130 913957 84994  57
26.885250199 7742680504 913374 85000  145
26.897261807 7743595044 914540 84999  153
26.909259772 7744509283 914239 84999  83
26.921262334 7745428355 919072 85002  190
26.933260985 7746352204 923849 84987  166
26.945250097 7747266868 914664 84995  97
26.957257899 7748181331 914463 84996  104
26.969260480 7749094984 913653 84998  87
26.981261535 7750009270 914286 84993  182
26.993260727 7750929885 920615 84998  108
27.005248495 7751852609 922724 84984  76
27.017249109 7752768220 915611 84997  150
27.029261558 7753683814 915594 85006  202
27.041261999 7754600094 916280 84996  92
27.053262269 7755528559 928465 84993  202
27.065248066 7756446808 918249 85002  141
27.077249318 7757362873 916065 84992  96
27.089249099 7758278327 915454 84991  152
27.101248508 7759204419 926092 85000  114
27.113262439 7760123977 919558 84997  192
27.125269648 7761040340 916363 85005  167
27.137250163 7761956252 915912 84997  138
27.149249328 7762886752 930500 84988  181
27.161249299 7763802845 916093 85010  123
27.173246314 7764649487 846642 77918  111
27.184262085 7765565794 916307 84995  87
27.196249536 7766482512 916718 84993  109
27.208250131 7767413419 930907 84999  150
27.220248815 7768330354 916935 84986  147
27.232261104 7769246915 916561 84996  101
27.244261390 7770178386 931471 85002  154
27.256248817 7771095957 917571 84989  220
27.268261433 7772012362 916405 84991  176
27.280257537 7772943303 930941 84999  280
27.292248389 7773860464 917161 84991  102
27.304261310 7774784748 924284 85009  150
27.316261969 7775709593 924845 84994  88
27.328260777 7776628161 918568 85003  88
27.340249549 7777560520 932359 85000  90
27.352259094 7778478029 917509 84997  85
27.364261805 7779405125 927096 84979  85
27.376246780 7780328194 923069 84995  76
27.388260499 7781246494 918300 85011  125
27.400261484 7782178257 931763 84993  120
27.412247224 7783096765 918508 84997  249
27.424261150 7784029190 932425 85013  72
27.436269399 7784947484 918294 85005  90
27.448260630 7785879147 931663 85006  160
27.460247304 7786797431 918284 84997  184
27.472249009 7787730058 932627 84997  115
27.484248458 7788647773 917715 84991  106
27.496250079 7789579458 931685 85000  40
27.508260818 7790497151 917693 84995  87
27.520249713 7791428966 931815 84989  75
27.532249684 7792348301 919335 85000  40
27.544260873 7793282413 934112 84996  154
27.556248928 7794202206 919793 84996  164
27.568249089 7795136069 933863 84992  206
27.580248908 7796056047 919978 84999  83
27.592257513 7796989886 933839 85007  48
27.604250117 7797910121 920235 84984  136
27.616247126 7798844049 933928 85003  116
27.628261671 7799765600 921551 84992  129
27.640261676 7800698891 933291 84991  84
27.652249790 7801632549 933658 85003  132
27.664247615 7802552386 919837 85000  72
27.676261664 7803486005 933619 84996  114
27.688260778 7804406124 920119 84989  295
27.700261773 7805339117 932993 84991  41
27.712249782 7806272776 933659 85007  125
27.724261823 7807193049 920273 85000  137
27.736260528 7808127118 934069 85007  91
27.748260913 7809049076 921958 84995  151
27.760269905 7809980747 931671 84989  129
27.772261257 7810914991 934244 84995  144
27.784261808 7811836018 921027 84998  238
27.796249732 7812771782 935764 84993  255
27.808247617 7813707694 935912 84998  216
27.820262297 7814630060 922366 84988  201
27.832259871 7815565963 935903 85005  262
27.844249362 7816500862 934899 84969  224
27.856247357 7817423102 922240 84982  296
27.868247979 7818358185 935083 84999  219
27.880259561 7819293372 935187 85006  285
27.892246856 7820221174 927802 84989  337
27.904248621 7821150874 929700 84984  262
27.916256252 7822087064 936190 85004  211
27.928262807 7823022927 935863 84997  294
27.940247999 7823945061 922134 84992  265
27.952249334 7824880205 935144 84987  323
27.964260546 7825815250 935045 84990  272
27.976248184 7826751171 935921 85000  301
27.988248961 7827674227 923056 84990  334
28.000249173 7828610528 936301 84991  322
28.012246588 7829546793 936265 85006  288
28.024261377 7830483280 936487 84996  299
28.036260641 7831407329 924049 85003  348
28.048247923 7832345613 938284 85011  405
28.060249581 7833283528 937915 84996  319
28.072269936 7834220971 937443 85008  367
28.084262291 7835156918 935947 85000  354
28.096261300 7836083722 926804 84996  380
28.108261331 7837021725 938003 85001  392
28.120260906 7837959430 937705 84999  347
28.132249368 7838897166 937736 84981  380
28.144260713 7839835274 938108 84988  385
28.156249471 7840761223 925949 85005  360
28.168260763 7841699275 938052 84987  369
28.180261201 7842637758 938483 84997  318
28.192247769 7843576222 938464 85001  379
28.204247167 7844514350 938128 84989  347
28.216262079 7845453130 938780 84983  323
28.228267928 7846389296 936166 85016  377
28.240249722 7847316920 927624 84988  303
28.252280418 7848255456 938536 84997  410
28.264248005 7849194447 938991 84998  358
28.276247720 7850134602 940155 84985  364
28.288248535 7851075144 940542 84995  379
28.300260857 7852016337 941193 84991  314
28.312249172 7852957241 940904 84999  349
28.324248094 7853898577 941336 84996  363
28.336247664 7854839577 941000 85002  441
28.348248079 7855771060 931483 85000  338
28.360260652 7856711822 940762 84985  352
28.372259340 7857653740 941918 84998  370
28.384249411 7858594997 941257 84993  329
28.396270230 7859536525 941528 84982  359
28.408261031 7860478002 941477 84997  279
28.420260146 7861419210 941208 84999  299
28.432262891 7862360397 941187 84995  443
28.444260439 7863301933 941536 85001  426
28.456251400 7864244224 942291 84998  1149
28.468257350 7865186650 942426 85008  427
28.480262718 7866128211 941561 84995  478
28.492260736 7867070546 942335 84999  332
28.504247864 7868013178 942632 85003  379
28.516260799 7868957190 944012 84997  371
28.528226933 7869901502 944312 85001  283
28.540249945 7870845369 943867 84995  385
28.552260560 7871788955 943586 85001  321
28.564249802 7872733249 944294 85002  341
28.576268644 7873677771 944522 84999  262
28.588267659 7874622280 944509 85000  438
28.600260907 7875567321 945041 85006  473
28.612261795 7876512217 944896 84995  453
28.624247930 7877456769 944552 84997  337
28.636261525 7878401808 945039 84992  642
28.648260163 7879347147 945339 85004  520
28.660261325 7880293449 946302 85006  307
28.672247913 7881239552 946103 85009  405
28.684249031 7882185701 946149 84992  411
28.696247637 7883131083 945382 84996  439
28.708263365 7884078350 947267 85007  303
28.720262210 7885026923 948573 84992  383
28.732247407 7885975691 948768 84995  377
28.744262079 7886934363 958672 84994  374
28.756248961 7887885305 950942 84992  381
28.768248696 7888834212 948907 84988  492
28.780247704 7889783897 949685 85003  331
28.792249119 7890733843 949946 85001  290
28.804261381 7891684908 951065 84996  267
28.816250126 7892635867 950959 84999  432
28.828260224 7893587483 951616 85003  434
28.840259842 7894538618 951135 84997  514
28.852248764 7895494316 955698 85005  464
28.864260166 7896453030 958714 84990  359
28.876273867 7897405268 952238 84999  523
28.888261941 7898357935 952667 85003  529
28.900261603 7899311289 953354 84991  458
28.912261275 7900263921 952632 84995  443
28.924260146 7901218550 954629 85012  382
28.936262108 7902179049 960499 85032  374
28.948262683 7903138192 959143 84996  508
28.960262961 7904092857 954665 84998  467
28.972248273 7905048303 955446 85007  615
28.984264735 7906003155 954852 85002  519
28.996247013 7906958616 955461 84999  412
29.008249321 7907923908 965292 85005  356
29.020262780 7908879783 955875 84999  254
29.032259031 7909836252 956469 85002  496
29.044249802 7910792737 956485 84993  427
29.056247597 7911749573 956836 84998  649
29.068249055 7912716285 966712 84995  657
29.080249297 7913674487 958202 84989  418
29.092261772 7914632985 958498 85003  442
29.104248697 7915592363 959378 85004  353
29.116248599 7916551671 959308 84996  411
29.128247907 7917519089 967418 85004  570
29.140261545 7918478873 959784 84997  522
29.152250007 7919439021 960148 84994  477
29.164261532 7920400058 961037 84992  424
29.176261627 7921369624 969566 84993  439
29.188258918 7922331294 961670 84999  490
29.200261459 7923291421 960127 84989  564
29.212262861 7924253136 961715 85002  388
29.224262223 7925223392 970256 84991  327
29.236262411 7926186232 962840 85010  375
29.248263046 7927149211 962979 84994  473
29.260260161 7928119244 970033 85001  530
29.272261443 7929083059 963815 84990  470
29.284261541 7930045943 962884 85005  452
29.296260039 7931009590 963647 85007  300
29.308261524 7931981908 972318 85011  271
29.320260899 7932947031 965123 84995  485
29.332248450 7933912950 965919 84998  304
29.344258188 7934885227 972277 85005  409
29.356262520 7935850313 965086 84998  290
29.368248422 7936816035 965722 85034  373
29.380250530 7937788837 972802 85008  427
29.392248665 7938754688 965851 84997  370
29.404249607 7939720943 966255 85006  385
29.416248822 7940693386 972443 84999  401
29.428248593 7941658808 965422 84993  366
29.440247325 7942624438 965630 85003  437
29.452248013 7943598108 973670 84995  476
29.464247765 7944565579 967471 84999  425
29.476261543 7945534161 968582 85003  454
29.488248397 7946508860 974699 84995  354
29.500261426 7947476592 967732 85001  364
29.512268035 7948444698 968106 85002  444
29.524261946 7949419341 974643 85002  524
29.536261287 7950387935 968594 84997  411
29.548261416 7951357053 969118 84995  359
29.560259917 7952332089 975036 85003  395
29.572260919 7953302096 970007 84992  528
29.584262827 7954278206 976110 84985  427
29.596261239 7955248319 970113 84995  456
29.608260961 7956218462 970143 84996  554
29.620260659 7957194862 976400 85001  348
29.632259304 7958164743 969881 84991  389
29.644248035 7959141423 976680 85004  367
29.656262167 7960111859 970436 85002  508
29.668270332 7961082811 970952 84989  369
29.680249403 7962059587 976776 84994  401
29.692260741 7963030320 970733 84997  465
29.704247900 7964007122 976802 84996  443
29.716260265 7964978649 971527 84990  399
29.728249723 7965955845 977196 84988  413
29.740249398 7966928287 972442 85006  378
29.752249250 7967905341 977054 84987  444
29.764248101 7968878005 972664 85000  318
29.776247610 7969849767 971762 84995  422
29.788260018 7970827883 978116 84996  471
29.800248455 7971799793 971910 84989  459
29.812260044 7972777296 977503 84992  442
29.824263076 7973749396 972100 84990  428
29.836261447 7974727267 977871 84999  365
29.848260109 7975698748 971481 85005  410
29.860249384 7976677082 978334 85001  447
29.872260529 7977649356 972274 84998  492
29.884262054 7978627070 977714 84993  379
29.896247449 7979599126 972056 84996  625
29.908262470 7980577358 978232 85000  670
29.920259869 7981549604 972246 85010  503
29.932261467 7982528416 978812 84999  410
29.944260379 7983501117 972701 85011  352
29.956260519 7984479242 978125 84997  409
29.968260408 7985451627 972385 84987  343
29.980256143 7986429860 978233 84992  406
29.992263254 7987401731 971871 85010  402
30.004248466 7988379847 978116 85003  332
30.016248104 7989352180 972333 85001  328
30.028260789 7990330510 978330 85001  416
30.040248844 7991303073 972563 85000  404
30.052248055 7992281388 978315 85000  547
30.064250408 7993253773 972385 84997  373
30.076248746 7994232534 978761 84998  291
30.088249760 7995205650 973116 85002  509
30.100249128 7996183262 977612 84998  399
30.112249727 7997161747 978485 84998  445
30.124248158 7998134467 972720 84997  376
30.136249070 7999112116 977649 84997  326
30.148270352 8000086095 973979 85005  366
30.160248963 8001064571 978476 84987  310
30.172261972 8002037760 973189 85009  378
30.184261810 8003016480 978720 84994  495
30.196248902 8003995510 979030 84997  621
30.208261637 8004968447 972937 84989  437
30.220261525 8005947505 979058 84988  289
30.232263817 8006920825 973320 85006  441
30.244260565 8007899537 978712 84992  357
30.256248722 8008878085 978548 85025  507
30.268248667 8009851674 973589 85000  387
30.280261412 8010829599 977925 84996  460
30.292259971 8011802876 973277 84999  352
30.304267896 8012781880 979004 85002  499
30.316249267 8013760690 978810 85001  473
30.328261879 8014733701 973011 84997  414
30.340262287 8015712384 978683 85007  468
30.352259269 8016684751 972367 84991  396
30.364261017 8017663643 978892 84994  430
30.376247721 8018642896 979253 85020  364
30.388248696 8019615857 972961 84998  431
30.400248641 8020594607 978750 85000  460
30.412248806 8021573851 979244 85016  429
30.424260188 8022546474 972623 84976  512
30.436261250 8023525546 979072 84997  376
30.448248835 8024504847 979301 85001  446
30.460256376 8025478292 973445 84991  482
30.472249198 8026457603 979311 85001  407
30.484250383 8027432212 974609 85005  522
30.496260931 8028409430 977218 85007  474
30.508247812 8029388450 979020 84991  426
30.520249710 8030363828 975378 85000  376
30.532247289 8031341159 977331 84991  401
30.544260788 8032319855 978696 84999  398
30.556248585 8033298666 978811 84994  478
30.568248630 8034271480 972814 85003  404
30.580246615 8035250775 979295 85000  429
30.592265564 8036230595 979820 85003  497
30.604247335 8037204489 973894 85001  387
30.616270774 8038184524 980035 85005  423
30.628260995 8039164193 979669 84996  449
30.640248747 8040137800 973607 85002  459
30.652260792 8041117591 979791 84993  409
30.664247456 8042097387 979796 85007  437
30.676261615 8043073330 975943 85004  437
30.688259819 8044051645 978315 84998  422
30.700259861 8045030914 979269 84991  473
30.712247659 8046009863 978949 85004  450
30.724261284 8046984951 975088 85014  472
30.736260866 8047965177 980226 85001  415
30.748247291 8048944727 979550 84989  467
30.760261406 8049924770 980043 84990  398
30.772260561 8050899285 974515 84992  469
30.784257665 8051878833 979548 85000  370
30.796248213 8052859415 980582 85000  497
30.808260186 8053839907 980492 85016  442
30.820249997 8054815694 975787 84990  370
30.832248268 8055796390 980696 84993  397
30.844249057 8056777719 981329 85001  388
30.856248638 8057758073 980354 84994  449
30.868249087 8058734275 976202 85002  445
30.880260538 8059715630 981355 84991  401
30.892246733 8060697287 981657 85002  453
30.904246738 8061679696 982409 84991  455
30.916260427 8062657827 978131 85013  477
30.928247584 8063639725 981898 84988  426
30.940257402 8064623094 983369 84987  468
30.952262214 8065607358 984264 84991  369
30.964261036 8066590401 983043 85020  469
30.976248704 8067573289 982888 85010  400
30.988260079 8068559172 985883 84982  385
31.000262081 8069545025 985853 84995  501
31.012261739 8070532552 987527 85021  574
31.024262234 8071520862 988310 85006  625
31.036260496 8072515229 994367 84987  481
31.048248330 8073513104 997875 84996  467
31.060260991 8074513147 1000043 85000  423
31.072262181 8075513198 1000051 84997  418
31.084249945 8076513421 1000223 84994  464
31.096258033 8077513544 1000123 85013  422
31.108264388 8080050557 2537013 85012  3425
31.120250180 8087053397 7002840 77910  34790
31.131251277 8091129954 4076557 77931  20096
31.142261577 8098114710 6984756 77905  34437
31.153260824 8101853815 3739105 84991  18621
31.165250772 8106549423 4695608 77905  40775
31.176250329 8113043330 6493907 84988  29877
31.188260524 8118560449 5517119 77920  25795
31.199262285 8124259934 5699485 84998  25599
31.211248746 8125994447 1734513 85006  32138
31.223262821 8127733280 1738833 77908  75372
31.234251458 8133237168 5503888 85005  37810
31.246257353 8138913275 5676107 84987  29383
31.258250337 8145108816 6195541 77905  32239
31.269262715 8150082925 4974109 84990  26314
31.281264423 8154366964 4284039 84997  38037
31.293249628 8161238396 6871432 77907  34035
31.304262706 8165668446 4430050 77922  20258
31.315250488 8172265944 6597498 77908  32878
31.326252209 8174084195 1818251 84993  23904
31.338251117 8175871269 1787074 85014  67592
31.350265549 8177548247 1676978 84987  73361
31.362264017 8179286840 1738593 77911  77703
31.373250334 8181011197 1724357 84981  73166
31.385261119 8187456415 6445218 77905  34730
31.396249679 8192522752 5066337 84994  27708
31.408259068 8199554752 7032000 77920  34912
31.419250838 8203343786 3789034 84996  19271
31.431261863 8207852259 4508473 77933  41577
31.442263850 8214520544 6668285 85004  31531
31.454261638 8219955865 5435321 77912  27106
31.465262525 8225706606 5750741 84998  25879
31.477248440 8227419246 1712640 85006  22421
31.489264852 8229315945 1896699 85008  83283
31.501250706 8234949323 5633378 84992  37364
31.513262321 8240558414 5609091 84995  25165
31.525262949 8247009796 6451382 77904  34314
31.536261126 8251695503 4685707 85010  19883
31.548261638 8256360176 4664673 84994  43553
31.560277123 8263021397 6661221 85005  31037
31.572264378 8268536142 5514745 77915  31177
31.583262802 8274243453 5707311 84989  25822
31.595263177 8275953923 1710470 84992  25561
31.607250162 8277850622 1896699 85011  82361
31.619264173 8279528272 1677650 85021  76429
31.631249415 8281266825 1738553 77932  77684
31.642251021 8282900359 1633534 85003  70107
31.654262379 8284797282 1896923 85019  84782
31.666265219 8286694009 1896727 85024  84785
31.678250669 8288432857 1738848 77910  77730
31.689249083 8290171979 1739122 77896  77735
31.700260410 8291646233 1474254 84996  66482
31.712259235 8297811715 6165482 77913  38057
31.723250825 8302750648 4938933 84991  21623
31.735264680 8309499762 6749114 77908  34347
31.746262994 8313904597 4404835 85010  19975
31.758248199 8318042564 4137967 77918  39564
31.769250036 8324934369 6891805 77906  33593
31.780261813 8329271539 4337170 77915  18334
31.791250360 8335968529 6696990 77908  31902
31.802246010 8337788124 1819595 85008  19018
31.814261145 8339575198 1787074 84992  76552
31.826261174 8344768030 5192832 77908  52558
31.837261531 8350663691 5895661 84987  28981
31.849249556 8356311691 5648000 84994  29491
31.861270574 8362009306 5697615 84995  25732
31.873250278 8364541148 2531842 77913  27793
31.884251362 8371869302 7328154 84993  35133
31.896263363 8376722945 4853643 77910  20876
31.907261500 8383089526 6366581 77903  31247
31.918248757 8385981171 2891645 85003  15063
31.930248332 8387768273 1787102 85007  64966
31.942249577 8389445727 1677454 84995  74793
31.954249649 8391184476 1738749 77933  77655
31.965249499 8392923029 1738553 77934  77653
31.976261340 8398413826 5490797 84991  38556
31.988261908 8404117503 5703677 84988  24520
32.000249086 8410200655 6083152 77911  28451
32.011249587 8415342743 5142088 84998  23390
32.023257508 8419678302 4335559 85004  42600
32.035264200 8426508410 6830108 77921  32935
32.046249573 8431060473 4552063 77899  21276
32.057262047 8437747486 6687013 84991  31528
32.069261225 8439572439 1824953 84998  19594
32.081249523 8441359289 1786850 84998  76963
32.093249138 8446891828 5532539 85009  44920
32.105250320 8452593270 5701442 84994  24583
32.117261948 8459215347 6622077 84982  32017
32.129265026 8463911554 4696207 84985  24703
32.141252291 8468579487 4667933 85002  42498
32.153249663 8475228739 6649252 84999  31740
32.165250531 8480653225 5424486 77903  26812
32.176271578 8486418397 5765172 84992  25198
32.188249416 8488131223 1712826 84998  27938
32.200265158 8490028146 1896923 84989  79933
32.212251652 8491705572 1677426 84998  75378
32.224248297 8493444349 1738777 77922  77735
32.235250328 8495077659 1633310 84996  70679
32.247263639 8496974582 1896923 85016  84728
32.259247901 8498713135 1738553 77939  77645
32.270260631 8500451688 1738553 77929  77673
32.281261328 8502348611 1896923 85010  84769
32.293261127 8503844253 1495642 85011  67373
32.305248748 8505449192 1604939 77924  77693
32.316248869 8507187745 1738553 77928  77707
32.327269882 8509084220 1896475 85009  84786
32.339261391 8510981143 1896923 85022  84797
32.351261026 8512877856 1896713 85016  84762
32.363249754 8514616754 1738898 77887  77679
32.374260984 8516355750 1738996 77886  77685
32.385249424 8518094550 1738800 77887  77641
32.396246208 8519833224 1738674 77885  77644
32.407262965 8521550189 1716965 84985  71943
32.419250259 8523703660 2153471 77907  70977
32.430261010 8530973779 7270119 84995  34123
32.442248628 8535496708 4522929 77918  19553
32.453261858 8542015165 6518457 77918  30998
32.464247169 8544777992 2762827 84994  22181
32.476250237 8550391792 5613800 84991  40335
32.488270379 8556083963 5692171 85001  30936
32.500263764 8562694200 6610237 84989  32911
32.512262389 8567386205 4692005 84991  22429
32.524250557 8569173503 1787298 85020  60443
32.536265162 8571226283 2052780 77926  59498
32.547265072 8578190517 6964234 77898  33496
32.558261299 8582585192 4394675 77931  18161
32.569250450 8589221901 6636709 77909  32772
32.580250663 8592958747 3736846 85001  19384
32.592263022 8597722543 4763796 77914  35375
32.603250321 8604132321 6409778 85001  30143
32.615261776 8609638104 5505783 77899  25621
32.626262414 8615330221 5692117 85006  25630
32.638270919 8617065966 1735745 84995  29313
32.650251306 8618962917 1896951 85000  80912
32.662250105 8620482393 1519476 77919  68591
32.673262239 8622379092 1896699 85012  84802
32.685249210 8624815702 2436610 77921  59962
32.696263830 8632081477 7265775 84986  34588
32.708261485 8637005456 4923979 77918  21703
32.719263002 8643440866 6435410 77912  31315
32.730250639 8646267748 2826882 85004  17379
32.742250441 8651871469 5603721 84998  40283
32.754262413 8657561001 5689532 84989  27130
32.766251934 8664041641 6480640 85004  35944
32.778250195 8668886768 4845127 84984  22091
32.790271488 8670640635 1753867 85007  54132
32.802265915 8673288033 2647398 85016  74862
32.814262517 8680470682 7182649 84998  34444
32.826253032 8685483818 5013136 77914  22712
32.837262172 8691801520 6317702 77912  30859
32.848250489 8694772635 2971115 85006  26059
32.860251797 8700384297 5611662 84990  40319
32.872264269 8706063411 5679114 85010  25210
32.884249817 8712354509 6291098 84994  30426
32.896249021 8717394175 5039666 85002  21342
32.908248480 8719142386 1748211 84988  51140
32.920250385 8720820036 1677650 85009  74657
32.932261710 8722716511 1896475 85001  84780
32.944258411 8724613210 1896699 85002  84801
32.956249890 8726246744 1633534 85001  71035
32.968262005 8728143443 1896699 85016  84791
32.980249273 8729881996 1738553 77921  77728
32.991262507 8731620549 1738553 77923  77726
33.002249554 8733359102 1738553 77926  77727
33.013249224 8735812387 2453285 77909  58565
33.024250534 8743165120 7352733 84991  35089
33.036251576 8747691952 4526832 77920  20090
33.047263416 8754202891 6510939 77908  32108
33.058250406 8756973586 2770695 84988  19927
33.070264402 8762584923 5611337 84997  40040
33.082249509 8768294829 5709906 84998  30255
33.094265014 8774917123 6622294 84993  32178
33.106270106 8779612935 4695812 85001  21409
33.118250991 8781400233 1787298 85012  54382
33.130263702 8783577666 2177433 77918  67359
33.141249609 8790388345 6810679 77909  32485
33.152262370 8794809499 4421154 77917  20682
33.163251373 8801432305 6622806 77914  32127
33.174262480 8805172736 3740431 85000  24429
33.186264492 8809980523 4807787 77903  42657
33.197249739 8816341799 6361276 84998  29940
33.209260471 8821848840 5507041 77910  24836
33.220247754 8827516966 5668126 85014  28566
33.232260976 8829253719 1736753 84998  25139
33.244249263 8831150418 1896699 85016  83552
33.256270773 8832827620 1677202 84982  75879
33.268248053 8834566397 1738777 77922  77736
33.279251067 8837010281 2443884 77907  61013
33.290261771 8844276520 7266239 84991  34935
33.302261623 8849186067 4909547 77915  22635
33.313262193 8855456630 6270563 77920  29989
33.324248896 8858474316 3017686 84999  25595
33.336263745 8864104533 5630217 84990  44804
33.348260616 8869785290 5680757 84990  24964
33.360248255 8876416060 6630770 85005  32147
33.372261343 8881127143 4711083 84981  22048
33.384263245 8882914179 1787036 84988  55065
33.396263616 8884784337 1870158 77908  67176
33.407271287 8891816510 7032173 77910  35232
33.418249106 8895804851 3988341 77913  16945
33.429249643 8902933931 7129080 77915  35254
33.440251043 8906660670 3726739 84996  18738
33.452261519 8911167196 4506526 77920  41323
33.463263445 8917824612 6657416 84998  31264
33.475262094 8923254701 5430089 77921  28390
33.486262275 8929006812 5752111 84997  24722
33.498260396 8930720401 1713589 85006  26043
33.510263761 8932616876 1896475 85009  81975
33.522261702 8934294526 1677650 85021  74643
33.534248351 8936033079 1738553 77941  77720
33.545260738 8937666165 1633086 85007  72538
33.557257539 8939563088 1896923 85026  84807
33.569262611 8941460011 1896923 85026  84813
33.581250148 8943198564 1738553 77937  77734
33.592262575 8945095263 1896699 85004  84804
33.604261731 8946494683 1399420 85008  67485
33.616248592 8948353122 1858439 85021  84795
33.628275297 8950249793 1896671 85015  84805
33.640250045 8951988346 1738553 77921  77725
33.651222041 8953726451 1738105 77925  77714
33.662215964 8955464780 1738329 77928  77719
33.673248463 8957203333 1738553 77927  77727
33.684260240 8958942110 1738777 77935  77736
33.695249217 8960680887 1738777 77940  77737
33.706270164 8962577586 1896699 85022  84803
33.718250766 8964201447 1623861 85019  69410
33.730227988 8965131778 930331 77913  77072
33.741242120 8966870555 1738777 77930  77711
33.752249521 8968609332 1738777 77930  77723
33.763250554 8970348109 1738777 77929  77726
33.774248634 8972086662 1738553 77937  77713
33.785261482 8973983361 1896699 85016  84760
33.797261667 8975880060 1896699 85005  84738
33.809260625 8977776725 1896665 85010  84719
33.821247916 8979515312 1738587 77938  77644
33.832248483 8981253865 1738553 77925  77648
33.843249227 8982992697 1738832 77927  77664
33.854248181 8984731371 1738674 77911  77658
33.865269898 8986470269 1738898 77902  77666
33.876261071 8988209168 1738899 77904  77662
33.887261088 8989948066 1738898 77898  77703
33.898247692 8991686964 1738898 77903  77719
33.909250066 8993425862 1738898 77907  77734
33.920249266 8995164536 1738674 77902  77730
33.931249696 8996903435 1738899 77892  77716
33.942261987 8998642333 1738898 77901  77726
33.953261074 9000032320 1389987 84994  66784
33.965249805 9000751635 719315 85002  84778
33.977262400 9005859792 5108157 77907  59679
33.988248047 9011560616 5700824 85006  25239
34.000250216 9017241798 5681182 84996  30011
34.012263957 9022936407 5694609 84992  28369
34.024264339 9026121206 3184799 77912  39717
34.035262286 9032481726 6360520 77922  30028
34.046261543 9037451869 4970143 77914  22599
34.057262246 9043607262 6155393 77913  29463
34.068250159 9046803664 3196402 85002  18774
34.080248958 9048432816 1629152 77911  56806
34.091251635 9051892488 3459672 77924  62045
34.102262662 9058416311 6523823 77927  31216
34.113252552 9062946096 4529785 77914  26500
34.124251022 9069460521 6514425 77903  31758
34.135264033 9072227019 2766498 84997  23345
34.147251571 9077850674 5623655 84992  39008
34.159258739 9083551845 5701171 85005  28228
34.171249367 9089636275 6084430 77914  32354
34.182262935 9094782588 5146313 84995  21971
34.194262030 9096534047 1751459 85007  48619
34.206264151 9098211473 1677426 85012  72418
34.218250535 9099950250 1738777 77929  77722
34.229249559 9101688831 1738581 77921  77727
34.240249809 9106225348 4536517 85008  55481
34.252250254 9112899391 6674043 84990  30597
34.264263149 9118386508 5487117 77920  25071
34.275262916 9124086716 5700208 84987  26708
34.287260741 9125965532 1878816 84999  22861
34.299249633 9133217903 7252371 77902  36473
34.310248917 9137156141 3938238 77926  15905
34.321258164 9144233719 7077578 77910  35950
34.332250447 9148033599 3799880 84999  17357
34.344260962 9149820897 1787298 85005  61530
34.356264101 9152349733 2528836 77920  64139
34.367261521 9159821764 7472031 84988  35929
34.379249918 9164456942 4635178 77905  19471
34.390248852 9170853378 6396436 77917  32556
34.401250726 9173723265 2869887 84998  26979
34.413250254 9179328105 5604840 84993  35331
34.425261796 9185024795 5696690 85002  25913
34.437261497 9191429462 6404667 84983  32799
34.449262936 9196342117 4912655 84996  21348
34.461249334 9197943382 1601265 77911  41043
34.472258518 9199625875 1682493 85005  74845
34.484250803 9201517507 1891632 84999  84583
34.496249741 9203256060 1738553 77914  77726
34.507262408 9204889146 1633086 85004  69978
34.519248301 9206627923 1738777 77922  77726
34.530262270 9208524846 1896923 85007  84810
34.542248597 9210263175 1738329 77931  77725
34.553251334 9212159874 1896699 84999  84802
34.565250159 9214072231 1912357 77905  60791
34.576250120 9220835403 6763172 77910  32348
34.587262060 9225231918 4396515 77901  20704
34.598249024 9231867297 6635379 77915  32015
34.609261057 9235604564 3737267 85015  20179
34.621259539 9240274286 4669722 77903  32706
34.632260766 9246783961 6509675 84997  29535
34.644249984 9252286714 5502753 77898  24939
34.655250141 9257968982 5682268 85004  26735
34.667262170 9259705735 1736753 84999  30082
34.679264678 9261602210 1896475 85011  79907
34.691261889 9267694776 6092566 85011  36367
34.703263160 9272798532 5103756 85000  21441
34.715248952 9279545719 6747187 77907  33950
34.726261682 9283952201 4406482 84995  21185
34.738260514 9288084148 4131947 77900  38800
34.749248824 9294981196 6897048 77907  33856
34.760263011 9299319570 4338374 77915  20421
34.771271548 9306018115 6698545 77916  33489
34.782261035 9307836624 1818509 85007  22188
34.794249280 9309624146 1787522 85021  74293
34.806262285 9311301796 1677650 85002  75985
34.818261430 9313040349 1738553 77913  77721
34.829250757 9314762860 1722511 85009  73358
34.841263432 9321204802 6441942 77910  33757
34.852261519 9326302429 5097627 85001  21558
34.864262928 9333381053 7078624 77898  35257
34.875250141 9337106593 3725540 84995  18111
34.887261910 9341616547 4509954 77920  34014
34.898263680 9348269062 6652515 84984  30841
34.910261178 9353674196 5405134 77915  24664
34.921251698 9359449474 5775278 84995  25783
34.933268923 9361162562 1713088 85013  22126
34.945263451 9363059485 1896923 84994  82350
34.957250603 9368609484 5549999 84993  37439
34.969262108 9374306210 5696726 84990  28166
34.981261849 9380758348 6452138 77915  33612
34.992263113 9385451587 4693239 84992  24020
35.004260464 9390113124 4661537 85001  47345
35.016251135 9396772362 6659238 84986  31328
35.028261131 9402288418 5516056 77901  24755
35.039250317 9407990792 5702374 84990  25395
35.051261782 9409701944 1711152 85019  22800
35.063262971 9411598867 1896923 84998  83325
35.075262432 9413276293 1677426 84992  76030
35.087258417 9415173216 1896923 85002  84809
35.099249542 9416648380 1475164 77924  63704
35.110249176 9418387157 1738777 77944  77723
35.121249020 9420125038 1737881 77921  77684
35.132262537 9422021404 1896366 85016  84786
35.144261622 9423917540 1896136 85014  84778
35.156260956 9425394735 1477195 85008  69000
35.168248441 9427016329 1621594 77912  77703
35.179248148 9428754882 1738553 77927  77726
35.190247341 9430493435 1738553 77933  77728
35.201247378 9432231988 1738553 77929  77728
35.212249712 9434128687 1896699 85011  84801
35.224261190 9436025386 1896699 85023  84805
35.236268645 9437921413 1896027 85004  84776
35.248249226 9439818112 1896699 85019  84805
35.260247921 9441556889 1738777 77936  77737
35.271248108 9443162203 1605314 85032  68240
35.283249556 9446604032 3441829 85000  71656
35.295262261 9453677159 7073127 77911  33763
35.306248835 9458006169 4329010 77950  17873
35.317263079 9464725116 6718947 77906  32681
35.328249499 9466544104 1818988 85000  15721
35.340247977 9472800473 6256369 84997  37251
35.352248082 9477834513 5034040 85002  22256
35.364261004 9484587002 6752489 77906  33574
35.375263081 9488980059 4393057 85015  19695
35.387258576 9490767357 1787298 85005  52162
35.399252178 9493171281 2403924 77931  67638
35.410249361 9499737996 6566715 77904  30727
35.421250182 9504162624 4424628 77899  19410
35.432250418 9510766753 6604129 77896  31269
35.443250865 9514502649 3735896 84997  18544
35.455263904 9519350063 4847414 77904  38629
35.466249527 9525671741 6321678 84995  29347
35.478249768 9531171674 5499933 77915  27904
35.489262949 9536865274 5693600 84998  25224
35.501248660 9538602251 1736977 85016  28758
35.513250589 9540498726 1896475 85024  82690
35.525264390 9542176152 1677426 84992  76892
35.537261932 9544073075 1896923 84998  84809
35.549258240 9547411189 3338114 77932  59941
35.560250406 9553516707 6105518 77905  27818
35.571247037 9558535050 5018343 77903  21373
35.582262287 9564876518 6341468 77912  30441
35.593248251 9567803585 2927067 84996  14671
35.605264102 9573419881 5616296 85001  35687
35.617261754 9579104891 5685010 84997  24960
35.629250929 9585474557 6369666 84995  31194
35.641262051 9590426637 4952080 84990  27803
35.653250412 9592180280 1753643 84987  51153
35.665249677 9594826124 2645844 85005  68277
35.677251139 9602010542 7184418 84992  33949
35.689262114 9607037218 5026676 77910  21835
35.700274511 9613155198 6117980 77913  29020
35.711264671 9616311019 3155821 85002  19639
35.723263312 9621918240 5607221 84993  39769
35.735264524 9627611167 5692927 84994  28250
35.747249289 9634141770 6530603 85000  35717
35.759263540 9638934042 4792272 84987  20266
35.771248979 9640695917 1761875 85006  60078
35.783252030 9642373791 1677874 85015  68482
35.795263392 9644270490 1896699 85014  84795
35.807249913 9646166965 1896475 85002  84795
35.819246678 9647641681 1474716 77915  62847
35.830260721 9649538380 1896699 84994  84786
35.842261943 9651435303 1896923 85011  84811
35.854258275 9653332002 1896699 85000  84804
35.866250206 9655070331 1738329 77919  77725
35.877262927 9658180798 3110467 77922  54395
35.888251040 9664702969 6522171 77930  30923
35.899261867 9669232955 4529986 77915  20540
35.910261941 9675751830 6518875 77907  31644
35.921264395 9678518829 2766999 85001  21485
35.933251085 9684148308 5629479 84994  41214
35.945249107 9689840742 5692434 84991  24886
35.957262296 9695827744 5987002 77914  28266
35.968261986 9701067839 5240095 84998  22811
35.980261531 9702801890 1734051 84997  49104
35.992261776 9705271139 2469249 85002  73422
36.004271677 9711934483 6663344 77907  31373
36.015249314 9716292643 4358160 77914  17662
36.026247838 9722965479 6672836 77908  32358
36.037263905 9726703392 3737913 85019  16151
36.049260870 9731395632 4692240 77907  33201
36.060250376 9737886103 6490471 84983  29605
36.072261905 9743389834 5503731 77911  26093
36.083263812 9749077666 5687832 85002  25840
36.095250796 9750813523 1735857 85003  30615
36.107250135 9752710446 1896923 85004  83526
36.119262923 9754388096 1677650 85020  75145
36.131262541 9756126649 1738553 77919  77722
36.142247895 9758570351 2443702 77918  60841
36.153261822 9765841967 7271616 84999  37280
36.165273654 9770756516 4914549 77918  23037
36.176252411 9777276218 6519702 77916  31030
36.187249754 9780056072 2779854 84992  26912
36.199264456 9785699665 5643593 84992  32133
36.211262940 9791398044 5698379 84990  25397
36.223250345 9797320616 5922572 77919  28412
36.234260509 9802605563 5284947 85003  23638
36.246250307 9804341149 1735586 85011  45261
36.258263639 9806673569 2332420 85001  74984
36.270262824 9813495274 6821705 77915  32418
36.281262481 9817926033 4430759 77909  18969
36.292265424 9824530025 6603992 77911  31508
36.303247527 9828268113 3738088 85011  20601
36.315272693 9833148780 4880667 77918  44443
36.326249112 9839452735 6303955 84987  28088
36.338262264 9844977942 5525207 77907  25457
36.349250641 9850679869 5701927 85000  25874
36.361261449 9852415278 1735409 85002  38824
36.373263821 9854312201 1896923 84998  80722
36.385250803 9855989851 1677650 84990  75200
36.397264921 9857886550 1896699 84993  84798
36.409248969 9859362386 1475836 77921  60776
36.420261880 9861258861 1896475 85008  84780
36.432260165 9863155784 1896923 85015  84808
36.444260916 9865052707 1896923 85013  84812
36.456247854 9866791260 1738553 77917  77727
36.467256021 9868152168 1360908 85020  67730
36.479249239 9869890945 1738777 77946  77723
36.490248736 9871787196 1896251 85019  84788
36.502264698 9873684119 1896923 85037  84815
36.514247659 9875422896 1738777 77948  77737
36.525248800 9877161001 1738105 77924  77708
36.536249433 9878899330 1738329 77936  77717
36.547249640 9880637659 1738329 77938  77717
36.558247861 9882375988 1738329 77944  77724
36.569262261 9884272687 1896699 85030  84805
36.581251632 9885799611 1526924 85005  70839
36.593247700 9886825927 1026316 77918  77727
36.604248820 9888564536 1738609 77929  77729
36.615257264 9890461235 1896699 85010  84804
36.627249496 9892357934 1896699 85011  84808
36.639248601 9894254857 1896923 85011  84816
36.651262942 9896151556 1896699 85008  84801
36.663243870 9897890109 1738553 77927  77727
36.674249474 9899628886 1738777 77935  77738
36.685249141 9901525809 1896923 85023  84814
36.697249415 9903264362 1738553 77933  77735
36.708248106 9905003139 1738777 77939  77737
36.719248136 9906741692 1738553 77930  77727
36.730262707 9908638391 1896699 85016  84807
36.742262285 9910535314 1896923 85018  84811
36.754248010 9912273867 1738553 77932  77730
36.765249063 9914012420 1738553 77924  77732
36.776255760 9915909119 1896699 85017  84803
36.788247909 9917647672 1738553 77932  77727
36.799248592 9919386225 1738553 77927  77727
36.810261939 9921271315 1885090 85006  83696
36.822249074 9921990880 719565 85012  69614
36.834249698 9922750834 759954 77927  77743
36.845247709 9924489387 1738553 77935  77699
36.856250392 9926228164 1738777 77944  77718
36.867262573 9927966717 1738553 77935  77718
36.878247950 9929863416 1896699 85012  84787
36.890260378 9931760367 1896951 85018  84767
36.902248410 9933498668 1738301 77934  77662
36.913247877 9935237445 1738777 77935  77681
36.924269440 9937134368 1896923 85025  84706
36.936250469 9938872697 1738329 77925  77636
36.947260936 9940769424 1896727 85010  84716
36.959249674 9942508173 1738749 77940  77671
36.970259948 9944404648 1896475 85015  84716
36.982261323 9946301123 1896475 85014  84714
36.994249817 9948039452 1738329 77917  77707
37.005261524 9949936179 1896727 85016  84800
37.017249735 9951674704 1738525 77940  77726
37.028248599 9953413481 1738777 77941  77736
37.039247973 9955151810 1738329 77934  77720
37.050261586 9957047837 1896027 84995  84771
37.062262771 9958786696 1738859 77920  77736
37.073257908 9960525594 1738898 77904  77734
37.084261575 9962264268 1738674 77897  77716
37.095248692 9964003166 1738898 77892  77723
37.106249493 9965741841 1738675 77896  77720
37.117261756 9967480515 1738674 77897  77729
37.128261823 9969219413 1738898 77898  77722
37.139248390 9970958311 1738898 77910  77724
37.150249817 9972697209 1738898 77907  77736
37.161249611 9974436108 1738899 77907  77737
37.172261911 9976175006 1738898 77903  77730
37.183248765 9977913904 1738898 77907  77726
37.194261669 9979652802 1738898 77897  77736
37.205249075 9981391700 1738898 77909  77735
37.216255685 9983130597 1738897 77888  77728
37.227262072 9984869495 1738898 77889  77723
37.238248046 9986607945 1738450 77898  77717
37.249262000 9988346843 1738898 77896  77740
37.260259696 9990085741 1738898 77887  77730
37.271261860 9991824640 1738899 77893  77732
37.282248750 9993050964 1226324 84995  68277
37.294250815 9993770417 719453 85002  84820
37.306261687 9994489929 719512 85008  84822
37.318248945 9995209322 719393 84992  84748
37.330261187 9996057114 847792 17333  17078
37.341252134 9997097633 1040519 9009  8821
37.352263528 9998138159 1040526 9005  8821
37.363253740 9999178688 1040529 9004  8815
37.374262884 10000219154 1040466 9008  8796
37.385267831 10001259567 1040413 9009  8772
37.396254168 10002300092 1040525 9010  8761
37.407265416 10003340621 1040529 9014  8735
37.418264515 10004381150 1040529 9012  8735
37.429256276 10005421679 1040529 9010  8778
37.440254473 10006462208 1040529 9016  8749
37.451255113 10007502693 1040485 9013  8765
37.462265953 10008543211 1040518 9009  8775
37.473265807 10009583753 1040542 9009  8829
37.484253171 10010624324 1040571 9008  8836
37.495266041 10011664853 1040529 9010  8832
37.506251735 10012705262 1040409 9018  8839
37.517274768 10013745791 1040529 9008  8833
37.528267519 10014786200 1040409 9008  8837
37.539252612 10015826729 1040529 9010  8840
37.550267523 10016867138 1040409 9008  8836
37.561253906 10017907731 1040593 9009  8833
37.572254463 10018948259 1040528 9018  8841
37.583254297 10019988786 1040527 9008  8836
37.594252961 10021029254 1040468 9006  8831
37.605267004 10022069756 1040502 9014  8834
37.616253704 10023110312 1040556 9015  8839
37.627267652 10024150841 1040529 9005  8837
37.638254902 10025191433 1040592 9017  8844
37.649263569 10026231975 1040542 9012  8837
37.660280506 10027272384 1040409 9008  8829
37.671266846 10028312957 1040573 9007  8833
37.682265879 10029353366 1040409 9012  8832
37.693265403 10030393895 1040529 9007  8830
37.704254520 10031434424 1040529 9018  8837
37.715265357 10032474833 1040409 9009  8832
37.726253880 10033515362 1040529 9000  8831
37.737268461 10034555771 1040409 9009  8833
37.748253334 10035596300 1040529 9006  8834
37.759253701 10036636785 1040485 9006  8835
37.770254608 10037677314 1040529 9020  8841
37.781254359 10038717767 1040453 9009  8835
37.792264076 10039758012 1040245 9016  8834
37.803267413 10040798541 1040529 9010  8835
37.814260990 10041839114 1040573 9010  8836
37.825267180 10042879643 1040529 9015  8834
37.836269997 10043920172 1040529 9019  8843
37.847361853 10045055219 1135047 9824  9640
37.859263359 10046095712 1040493 9014  8835
37.870266773 10047136201 1040489 9009  8834
37.881252969 10048176610 1040409 9006  8833
37.892264329 10049217139 1040529 9009  8833
37.903269993 10050257668 1040529 9020  8841
37.914266490 10051298153 1040485 9011  8833
37.925251233 10052338486 1040333 9008  8832
37.936253090 10053379015 1040529 9008  8832
37.947265347 10054419383 1040368 9015  8842
37.958262764 10055532751 1113368 15369  13930
37.973272837 10057418868 1886117 77935  55784
37.984270847 10059314387 1895519 77906  56104
37.995271631 10061207579 1893192 77922  56000
38.006256693 10063100914 1893335 77933  55999
38.017259194 10064993084 1892170 77941  55991
38.028270931 10066885482 1892398 77933  55989
38.039256831 10068770242 1884760 77944  55748
38.050270168 10070655201 1884959 77944  55754
38.061269058 10072547438 1892237 77930  55926
38.072271719 10074441814 1894376 77883  55970
38.083256509 10076331255 1889441 77932  55804
38.094258976 10078219212 1887957 77918  55807
38.105268286 10080104331 1885119 77933  55710
38.116258357 10081993104 1888773 77939  55852
38.127268664 10083887003 1893899 77931  55954
38.138270721 10085779555 1892552 77937  55941
38.149256541 10087667978 1888423 77921  55795
38.160272531 10089556881 1888903 77930  55865
38.171257292 10091446677 1889796 77942  55871
38.182256915 10093343554 1896877 77944  56107
38.193268699 10095235982 1892428 77925  55976
38.204268646 10097131274 1895292 77944  56062
38.215273830 10099023077 1891803 77933  55992
38.226257036 10100917502 1894425 77894  56052
38.237271633 10102799953 1882451 77945  55701
38.248281810 10104688757 1888804 77938  55866
38.259259557 10106575315 1886558 77937  55819
38.270269367 10108467518 1892203 77941  55967
38.281257461 10110358557 1891039 77931  55952
38.292257021 10112252760 1894203 77913  56037
38.303256765 10114136296 1883536 77945  55706
38.314270388 10116026434 1890138 77931  55889
38.325271649 10117913164 1886730 77923  55814
38.336268542 10119806367 1893203 77948  56003
38.347267883 10121691255 1884888 77943  55754
38.358256993 10123579778 1888523 77924  55872
38.369269853 10125462639 1882861 77949  55676
38.380256627 10127351930 1889291 77932  55907
38.391257987 10129241957 1890027 77935  55920
38.402277831 10131133130 1891173 77949  55971
38.413268658 10133022918 1889788 77935  55892
38.424257328 10134918429 1895511 77928  56061
38.435269112 10136805224 1886795 77954  55811
38.446269395 10138688061 1882837 77935  55692
38.457256498 10140581521 1893460 77934  56018
38.468255282 10142476296 1894775 77951  56031
38.479257109 10144369588 1893292 77934  55992
38.490268649 10146260547 1890959 77906  55960
38.501269250 10148150440 1889893 77950  55907
38.512267953 10150042446 1892006 77934  55960
38.523269097 10151934099 1891653 77939  55950
38.534269234 10153828679 1894580 77947  56071
38.545280188 10155666929 1838250 75942  54378
38.555539275 10157600062 1933133 79908  57204
38.567260598 10159480570 1880508 77956  55612
38.578258099 10161366541 1885971 77933  55795
38.589269932 10163262493 1895952 77933  56094
38.600257729 10165152243 1889750 77931  55890
38.611256103 10167038521 1886278 77906  55780
38.622270937 10168931056 1892535 77931  55993
38.633272570 10170819124 1888068 77947  55841
38.644256127 10172711619 1892495 77915  55990
38.655268828 10174607844 1896225 77933  56093
38.666256067 10176501244 1893400 77947  56008
38.677255997 10178385887 1884643 77924  55737
38.688266808 10180281527 1895640 77938  56081
38.699270401 10182165407 1883880 77945  55697
38.710270445 10184052971 1887564 77927  55838
38.721268709 10185938943 1885972 77946  55785
38.732268422 10187827130 1888187 77944  55828
38.743256506 10189711798 1884668 77927  55740
38.754254970 10191599946 1888148 77937  55832
38.765270440 10193482241 1882295 77944  55658
38.776256500 10195370588 1888347 77939  55868
38.787269557 10197259149 1888561 77931  55866
38.798269228 10199148292 1889143 77941  55890
38.809257615 10201036565 1888273 77927  55860
38.820269092 10202927444 1890879 77937  55943
38.831279685 10204807540 1880096 77933  55603
38.842257195 10206697672 1890132 77926  55921
38.853256182 10208425866 1728194 85034  65643
38.865261703 10208850457 424591 85016  84853
38.877262525 10209274953 424496 85008  84847
38.889263620 10209699469 424516 85018  84855
38.901261678 10210123955 424486 85009  84851
38.913263353 10210548441 424486 84998  84837
38.925263988 10210972957 424516 85018  84854
38.937250289 10211397478 424521 85007  84841
38.949262881 10211821964 424486 85007  84846
38.961263669 10212246445 424481 85008  84843
38.973264064 10212670936 424491 85005  84845
38.985249646 10213095438 424502 85011  84849
38.997259844 10213999893 904455 77911  75747
39.008251944 10215872834 1872941 77899  39624
39.019266158 10217740260 1867426 77929  56693
39.030269101 10218619135 878875 85004  79478
39.042255322 10219213197 594062 84995  84647
39.054267584 10219807014 593817 84993  84830
39.066255282 10220400838 593824 85001  84840
39.078255851 10220995117 594279 85011  84845
39.090253366 10221588899 593782 85014  84844
39.102268777 10222182793 593894 85017  84851
39.114255805 10222776596 593803 84995  84834
39.126265080 10223370826 594230 85019  84851
39.138256215 10223964587 593761 85000  84844
39.150276090 10224558369 593782 85010  84849
39.162267691 10225152382 594013 85000  84840
39.174264370 10225746206 593824 85006  84845
39.186252751 10226340177 593971 85014  84847
39.198255949 10226934400 594223 85010  84850
39.210266767 10227528126 593726 85000  84839
39.222252749 10228121880 593754 85004  84834
39.234266827 10228715959 594079 84997  84831
39.246266185 10229309577 593618 84989  84823
39.258253537 10229903324 593747 85020  84847
39.270253908 10230497540 594216 85003  84841
39.282267059 10231091329 593789 85008  84848
39.294270651 10231685132 593803 85014  84855
39.306281409 10232279271 594139 85002  84837
39.318252548 10232873130 593859 85010  84849
39.330253929 10233466863 593733 85006  84842
39.342253050 10234060862 593999 84995  84830
39.354267498 10234654518 593656 84994  84823
39.366270787 10235248468 593950 85005  84845
39.378251768 10235842663 594195 85010  84845
39.390267187 10236436277 593614 85001  84843
39.402254822 10237030059 593782 84998  84838
39.414253640 10237624289 594230 85002  84838
39.426252797 10238218029 593740 85016  84843
39.438266302 10238811769 593740 85025  84848
39.450253841 10239405957 594188 85016  84844
39.462262989 10239999935 593978 85016  84857
39.474255641 10240593703 593768 85007  84851
39.486264929 10241187709 594006 85011  84847
39.498268151 10241781785 594076 85010  84855
39.510267605 10242375476 593691 85011  84841
39.522266126 10242969181 593705 85005  84837
39.534253735 10243563334 594153 84999  84839
39.546232962 10244156955 593621 85003  84837
39.558252674 10244750766 593811 85014  84846
39.570265316 10245344897 594131 85003  84843
39.582264957 10245938721 593824 85005  84845
39.594266583 10246532454 593733 84989  84835
39.606266528 10247066618 534164 85040  84279
39.618267259 10247576044 509426 85017  84215
39.630268700 10248085440 509396 85003  84608
39.642252432 10248594851 509411 85006  84697
39.654251250 10249104202 509351 85007  84695
39.666250254 10249613706 509504 85025  84711
39.678250959 10250123267 509561 85010  84707
39.690249344 10250632528 509261 85014  84680
39.702264136 10251141866 509338 84995  84675
39.714263104 10251651475 509609 85010  84697
39.726263473 10252160922 509447 84996  84700
39.738250343 10252670448 509526 85005  84696
39.750257812 10253179972 509524 85007  84711
39.762251557 10253689312 509340 85008  84676
39.774248812 10254198704 509392 84995  84687
39.786271627 10254708295 509591 85014  84714
39.798251615 10255217823 509528 85010  84706
39.810261963 10255727264 509441 85012  84698
39.822262281 10256236873 509609 85020  84718
39.834263362 10256746164 509291 85003  84667
39.846262827 10257255665 509501 85013  84711
39.858265422 10257765208 509543 85009  84706
39.870263881 10258274685 509477 85008  84699
39.882251468 10258784132 509447 85013  84704
39.894250590 10259293714 509582 85025  84723
39.906249881 10259802862 509148 85001  84658
39.918261336 10260312338 509476 85005  84702
39.930261958 10260821893 509555 85018  84726
39.942272280 10261331256 509363 84991  84692
39.954249770 10261840751 509495 85019  84715
39.966263013 10262350209 509458 85018  84720
39.978251860 10262859254 509045 84999  84651
39.990262512 10263368695 509441 84992  84690
40.002251740 10263877932 509237 85008  84692
40.014250022 10264387139 509207 85010  84678
40.026252360 10264896586 509447 85011  84706
40.038251988 10265405937 509351 85012  84706
40.050250006 10265915030 509093 85008  84662
40.062262874 10266424386 509356 85010  84702
40.074262566 10266933701 509315 85013  84697
40.086251461 10267442950 509249 85009  84688
40.098260609 10267952271 509321 85013  84697
40.110251167 10268461491 509220 84995  84664
40.122262445 10268970575 509084 85013  84669
40.134252113 10269479806 509231 84997  84691
40.146262882 10269989073 509267 85011  84691
40.158251143 10270498376 509303 85008  84691
40.170262598 10271007723 509347 85017  84708
40.182264480 10271517008 509285 85000  84686
40.194261834 10272062921 545913 84996  84576
40.206267326 10272656696 593775 85021  84739
40.218266224 10273250975 594279 85008  84847
40.230256406 10273844792 593817 85017  84866
40.242254804 10274438518 593726 84999  84839
40.254268219 10275032734 594216 85012  84844
40.266276074 10275626558 593824 85011  84840
40.278271075 10276220417 593859 85006  84836
40.290256383 10276814654 594237 85018  84856
40.302271925 10277408345 593691 85004  84843
40.314253356 10278002127 593782 85011  84848
40.326266948 10278596336 594209 84999  84836
40.338256202 10279190139 593803 85015  84850
40.350256274 10279783942 593803 85024  84854
40.362258155 10280378053 594111 85000  84836
40.374256060 10280971639 593586 84994  84828
40.386254719 10281565519 593880 85005  84838
40.398266657 10282159686 594167 85006  84840
40.410266205 10282753482 593796 85009  84848
40.422267199 10283347222 593740 85014  84851
40.434255048 10283941326 594104 85012  84848
40.446257403 10284535101 593775 85002  84838
40.458271088 10285128855 593754 85010  84848
40.470254873 10285723190 594335 85011  84847
40.482254417 10286317021 593831 85010  84847
40.494254565 10286911006 593985 85013  84852
40.506268067 10287504788 593782 84999  84836
40.518265668 10288098738 593950 84998  84835
40.530267397 10288692450 593712 84998  84833
40.542266112 10289286253 593803 85020  84856
40.554254159 10289880357 594104 85014  84847
40.566252651 10290473985 593628 85000  84833
40.578260959 10291067781 593796 85000  84837
40.590253397 10291661976 594195 84992  84829
40.602268392 10292255716 593740 85006  84844
40.614269001 10292849505 593789 85011  84845
40.626255745 10293443798 594293 85016  84853
40.638257336 10294037769 593971 85008  84850
40.650255208 10294631509 593740 84996  84836
40.662266123 10295225704 594195 85011  84853
40.674267071 10295819689 593985 85017  84858
40.686257443 10296413506 593817 85009  84843
40.698252720 10297007673 594167 85007  84849
40.710256519 10297601420 593747 85000  84838
40.722266217 10298195132 593712 85003  84841
40.734279415 10298789292 594160 85006  84841
40.746266050 10299383242 593950 85021  84866
40.758267462 10299976954 593712 85013  84854
40.770253913 10300571205 594251 85006  84843
40.782254108 10301054285 483080 85011  83861
40.794271416 10301563648 509363 85008  84486
40.806263544 10302072999 509351 84990  84669
40.818266289 10302582296 509297 85021  84696
40.830249287 10303091632 509336 84999  84685
40.842250085 10303600702 509070 85006  84653
40.854262847 10304109879 509177 85007  84676
40.866265342 10304619354 509475 85015  84701
40.878263433 10305128855 509501 85020  84708
40.890252108 10305638152 509297 85008  84696
40.902259120 10306147371 509219 84997  84664
40.914251397 10306656536 509165 85006  84672
40.926252539 10307165995 509459 85008  84702
40.938262754 10307675424 509429 85012  84702
40.950264019 10308184661 509237 84992  84677
40.962252124 10308694046 509385 85004  84692
40.974263676 10309203492 509446 85016  84701
40.986250943 10309712681 509189 85001  84656
40.998262628 10310222014 509333 85006  84694
41.010264476 10310731209 509195 84996  84675
41.022262741 10311240458 509249 84996  84671
41.034251286 10311749672 509214 85003  84674
41.046251945 10312259052 509380 85006  84682
41.058259506 10312768136 509084 85007  84653
41.070264471 10313277347 509211 84995  84684
41.082262452 10313786646 509299 85012  84687
41.094264320 10314295949 509303 85000  84690
41.106250469 10314805234 509285 85008  84690
41.118250694 10315314429 509195 85003  84680
41.130263182 10315823551 509122 84993  84653
41.142250489 10316332830 509279 85014  84707
41.154251361 10316842145 509315 84991  84680
41.166249129 10317351502 509357 85009  84699
41.178251174 10317860829 509327 85007  84698
41.190251289 10318370118 509289 85001  84671
41.202253190 10318879301 509183 85017  84675
41.214272193 10319388700 509399 85015  84705
41.226251613 10319897930 509230 85003  84682
41.238250218 10320407329 509399 85017  84707
41.250250423 10320916566 509237 84997  84688
41.262250618 10321425761 509195 84997  84676
41.274264923 10321934878 509117 85009  84672
41.286250384 10322444265 509387 85020  84708
41.298250626 10322953640 509375 85012  84701
41.310262834 10323462949 509309 84999  84694
41.322250916 10323972348 509399 85001  84692
41.334262621 10324481569 509221 84997  84683
41.346263962 10324990602 509033 84997  84647
41.358262137 10325499905 509303 85001  84681
41.370263471 10325508961 9056 670  479
41.383653461 10325510148 1187 58  1
41.400538167 10325511467 1319 94  9
41.415519776 10325512654 1187 58  0
41.431810237 10325513841 1187 61  0
41.440327020 10325517120 3279 222  52
