0.010101351 9217479 9217479 8940  101
0.021582214 73602827 64385348 1054  43
0.035817116 150083618 76480791 329  30
0.051787436 195808918 45725300 325  25
0.063540438 196070533 261615 23809  19818
0.075535718 196268913 198380 28375  25543
0.087522158 196467356 198443 28393  27213
0.099532988 196714497 247141 22667  21816
0.111534545 197198689 484192 16689  13717
0.123521201 197820494 621805 28358  23441
0.135532128 198444320 623826 28364  24204
0.147517654 199062276 617956 28365  24075
0.159516577 199681492 619216 28351  24166
0.171529605 200314843 633351 28377  24066
0.183529511 200961715 646872 28356  24180
0.195518570 201612213 650498 28354  24411
0.207516150 202259934 647721 28360  24013
0.219528440 202908614 648680 28369  24297
0.231529860 203557260 648646 28383  24267
0.243531260 204203626 646366 28372  24265
0.255516167 204855102 651476 28362  24526
0.267517073 205501788 646686 28363  24212
0.279516183 206148955 647167 28359  24154
0.291529687 206763031 614076 28368  24282
0.303517740 207376412 613381 28368  23994
0.315528600 208021985 645573 28358  23992
0.327531720 208669807 647822 28359  24316
0.339525159 209314275 644468 28364  24092
0.351533566 209960491 646216 28351  24276
0.363528580 210605851 645360 28367  24133
0.375518499 211251887 646036 28346  24235
0.387518113 211899291 647404 28359  24301
0.399517789 212542888 643597 28357  24043
0.411516259 213188211 645323 28358  24307
0.423530109 213832041 643830 28358  24111
0.435529739 214473342 641301 28355  24105
0.447529863 215121708 648366 28360  24350
0.459517442 215764580 642872 28350  23921
0.471528786 216410617 646037 28345  24170
0.483517248 217056928 646311 28367  24118
0.495522922 217700866 643938 28365  24239
0.507530209 218352514 651648 28362  24572
0.519529819 218998951 646437 28368  24211
0.531517028 219645293 646342 28360  24213
0.543518015 220292310 647017 28369  24276
0.555529855 220936586 644276 28380  24074
0.567529478 221584649 648063 28361  24463
0.579531075 222231122 646473 28368  24378
0.591516335 222876427 645305 28359  24177
0.603517038 223521886 645459 28367  24282
0.615516342 224167196 645310 28379  24074
0.627530592 224814012 646816 28367  24238
0.639517595 225461209 647197 28361  24317
0.651537418 226107056 645847 28371  24296
0.663530738 226752500 645444 28363  24262
0.675517425 227396863 644363 28364  24156
0.687518224 228042590 645727 28372  24321
0.699529048 228689771 647181 28363  24261
0.711529817 229334333 644562 28373  24087
0.723515724 229979352 645019 28366  24324
0.735517994 230584680 605328 28357  24272
0.747516081 231208027 623347 28373  24268
0.759529844 231858290 650263 28354  24517
0.771528774 232502409 644119 28365  24004
0.783528737 233148151 645742 28354  24288
0.795516124 233793519 645368 28365  24313
0.807529154 234433702 640183 28372  23998
0.819524557 235081961 648259 28376  24514
0.831519804 235725434 643473 28370  24286
0.843528177 236368472 643038 28356  24267
0.855529201 237012445 643973 28368  24422
0.867528867 237653873 641428 28362  23989
0.879517574 238299231 645358 28360  24294
0.891529904 238944130 644899 28375  24343
0.903530041 239586360 642230 28369  24222
0.915528757 240230190 643830 28368  24475
0.927517436 240873141 642951 28361  24162
0.939529626 241517143 644002 28360  24234
0.951516810 242163587 646444 28367  24372
0.963528363 242803366 639779 28356  24055
0.975524106 243445605 642239 28361  24323
0.987531026 244086852 641247 28366  24107
0.999528416 244728944 642092 28352  24136
1.011518143 245376892 647948 28357  24444
1.023529130 246021875 644983 28374  24144
1.035516923 246673462 651587 28366  24324
1.047528116 247325149 651687 28366  24216
1.059517640 247974808 649659 28375  24274
1.071516480 248632760 657952 28359  24648
1.083517182 249284356 651596 28366  24386
1.095527656 249936178 651822 28362  24401
1.107515235 250586931 650753 28361  24284
1.119528362 251234374 647443 28357  23959
1.131525476 251888961 654587 28356  24465
1.143530122 252540365 651404 28370  24494
1.155529529 253190026 649661 28381  24313
1.167517452 253841178 651152 28357  24429
1.179527979 254488838 647660 28363  23983
1.191529062 255141861 653023 28362  24320
1.203528052 255795062 653201 28364  24520
1.215517339 256443716 648654 28358  24303
1.227529602 257094223 650507 28362  24421
1.239528695 257743139 648916 28379  24285
1.251529302 258391842 648703 28357  24243
1.263517308 259043696 651854 28363  24373
1.275528759 259690271 646575 28349  24074
1.287523349 260340339 650068 28373  24409
1.299528872 260989704 649365 28365  24253
1.311515798 261637874 648170 28364  24318
1.323529585 262290434 652560 28363  24464
1.335528605 262939575 649141 28363  24208
1.347517134 263588999 649424 28356  24382
1.359515091 264237423 648424 28361  24266
1.371516314 264883304 645881 28367  24274
1.383528614 269950692 5067388 215779  190612
1.396537982 270590017 639325 27786  23831
1.408517565 271236081 646064 28361  24216
1.420516661 271883163 647082 28367  24231
1.432529652 272532954 649791 28378  24456
1.444517141 273177560 644606 28369  24118
1.456535852 273824099 646539 28353  24382
1.468528001 274469096 644997 28357  24232
1.480528925 275113848 644752 28355  24287
1.492518211 275765063 651215 28356  24507
1.504516965 276411726 646663 28363  24202
1.516528661 277060010 648284 28368  24402
1.528514871 277707270 647260 28370  24390
1.540528381 278351662 644392 28366  24269
1.552515811 279003977 652315 28357  24585
1.564528805 279650893 646916 28354  24377
1.576529271 280298922 648029 28375  24398
1.588528535 280946077 647155 28354  24471
1.600516225 281587543 641466 28380  23979
1.612537791 282236999 649456 28353  24524
1.624516905 282884348 647349 28354  24545
1.636527951 283530099 645751 28359  24357
1.648517167 284177094 646995 28353  24491
1.660529761 284821740 644646 28359  24239
1.672529214 285470398 648658 28355  24501
1.684527310 286117693 647295 28370  24507
1.696528775 286761983 644290 28374  24292
1.708516080 287407568 645585 28359  24464
1.720528300 288050792 643224 28356  24150
1.732528810 288695756 644964 28365  24297
1.744526340 289342899 647143 28354  24379
1.756515390 289985951 643052 28371  24219
1.768524450 290631971 646020 28344  24437
1.780515590 291277878 645907 28362  24311
1.792529067 291922037 644159 28359  24321
1.804516147 292572549 650512 28357  24591
1.816515697 293217357 644808 28352  24220
1.828529670 293861418 644061 28357  24407
1.840515927 294505269 643851 28363  24267
1.852517700 295146563 641294 28369  24259
1.864516444 295813787 667224 28351  24434
1.876527690 296464888 651101 28377  24092
1.888516130 297140505 675617 28369  24262
1.900514996 297783470 642965 28368  24253
1.912516686 298424710 641240 28367  24424
1.924537400 299074685 649975 28365  24632
1.936518037 299718132 643447 28367  24351
1.948528650 300362655 644523 28353  24386
1.960515876 301006061 643406 28359  24368
1.972527699 301645510 639449 28362  24033
1.984528653 302291051 645541 28359  24556
1.996515903 302933985 642934 28353  24436
2.008529323 303575602 641617 28358  24282
2.020516813 304217788 642186 28355  24406
2.032528863 304859055 641267 28370  24213
2.044516173 305504065 645010 28365  24295
2.056529649 306150466 646401 28370  24538
2.068529223 306794924 644458 28358  24360
2.080527959 307440891 645967 28357  24492
2.092524576 308084529 643638 28346  24259
2.104529409 308729630 645101 28360  24305
2.116517499 309377627 647997 28374  24436
2.128531753 310020171 642544 28357  24125
2.140516642 310666522 646351 28368  24499
2.152518375 311311151 644629 28365  24267
2.164527589 311954603 643452 28371  24381
2.176516599 312604222 649619 28373  24624
2.188529783 313247111 642889 28360  24085
2.200516322 313893656 646545 28361  24488
2.212524876 314537399 643743 28373  24298
2.224516308 315178951 641552 28369  24367
2.236528512 315828775 649824 28353  24713
2.248524075 316471792 643017 28362  24249
2.260517688 317115857 644065 28358  24363
2.272516628 317759379 643522 28353  24359
2.284529865 318399170 639791 28381  24062
2.296515668 319047002 647832 28354  24704
2.308518238 319691884 644882 28365  24517
2.320527575 320335733 643849 28370  24387
2.332517548 320979931 644198 28363  24467
2.344529225 321622437 642506 28372  24315
2.356516095 322268426 645989 28363  24426
2.368527918 322969087 700661 28372  24344
2.380515562 323612530 643443 28361  24359
2.392527775 328532452 4919922 212718  188479
2.404528455 329191499 659047 28356  24565
2.416529598 329838200 646701 28365  24142
2.428529608 330517920 679720 28364  24387
2.440531788 331159002 641082 28374  24486
2.452517185 331798029 639027 28382  24508
2.464528795 332442248 644219 28361  24732
2.476528605 333081414 639166 28353  24382
2.488517471 333722229 640815 28377  24516
2.500529697 334362317 640088 28373  24517
2.512516404 334999880 637563 28364  24201
2.524528938 335644179 644299 28355  24787
2.536516094 336285751 641572 28362  24680
2.548527891 336926036 640285 28363  24509
2.560523021 337569014 642978 28351  24654
2.572529191 338208423 639409 28374  24346
2.584516367 338851492 643069 28360  24509
2.596517064 339495192 643700 28379  24643
2.608515737 340136028 640836 28363  24483
2.620529234 340776236 640208 28355  24492
2.632515867 341416824 640588 28356  24389
2.644516564 342058369 641545 28368  24464
2.656528111 342703295 644926 28366  24662
2.668516244 343343214 639919 28368  24360
2.680528781 343985267 642053 28363  24621
2.692516591 344624278 639011 28363  24292
2.704527354 345263059 638781 28377  24402
2.716515763 345906840 643781 28358  24588
2.728537844 346546097 639257 28358  24291
2.740529157 347216753 670656 28368  24283
2.752527517 347880949 664196 28370  24258
2.764529707 348518595 637646 28374  24471
2.776528284 349160687 642092 28355  24642
2.788517226 349799187 638500 28370  24203
2.800527877 350438711 639524 28364  24412
2.812528493 351077091 638380 28377  24330
2.824514113 351714104 637013 28365  24414
2.836526977 352357606 643502 28352  24658
2.848516666 352996373 638767 28363  24338
2.860528021 353635928 639555 28358  24442
2.872515433 354275521 639593 28351  24469
2.884540844 354911233 635712 28355  24153
2.896517076 355554658 643425 28365  24813
2.908517143 356193864 639206 28355  24585
2.920529227 356833259 639395 28357  24472
2.932516446 357473155 639896 28353  24647
2.944517963 358110599 637444 28363  24276
2.956527916 358750881 640282 28356  24554
2.968516283 359391765 640884 28364  24752
2.980516776 360027361 635596 28350  24292
2.992528940 360676338 648977 28364  24475
3.004527360 361356516 680178 28370  24106
3.016530313 361996294 639778 28361  24454
3.028516923 362634673 638379 28372  24564
3.040526316 363270680 636007 28367  24412
3.052515946 363906109 635429 28356  24496
3.064529043 364541834 635725 28366  24427
3.076530080 365182274 640440 28355  24511
3.088516996 365822001 639727 28356  24643
3.100530076 366460208 638207 28377  24286
3.112527763 367107106 646898 28354  24707
3.124516006 367747087 639981 28367  24368
3.136527656 368391305 644218 28364  24555
3.148528576 369041046 649741 28367  24709
3.160515669 369686490 645444 28362  24401
3.172517299 370332509 646019 28353  24639
3.184515189 370978238 645729 28367  24563
3.196537136 371619788 641550 28352  24471
3.208529699 372278264 658476 28380  24809
3.220515615 372971469 693205 28364  24101
3.232518349 373615478 644009 28376  24614
3.244513902 374258485 643007 28348  24469
3.256530566 374899583 641098 28369  24525
3.268516922 375544617 645034 28351  24681
3.280517105 376188108 643491 28365  24443
3.292528512 376832643 644535 28354  24610
3.304516385 377477059 644416 28361  24585
3.316516225 378117920 640861 28364  24322
3.328529079 378765888 647968 28362  24867
3.340529669 379409539 643651 28361  24678
3.352527732 380053163 643624 28364  24556
3.364522455 380697119 643956 28359  24627
3.376516825 381338137 641018 28369  24266
3.388528085 387798736 6460599 274447  243996
3.400532515 388440794 642058 28356  24512
3.412529089 389084908 644114 28358  24620
3.424530925 389723560 638652 28364  24358
3.436529992 390365410 641850 28366  24660
3.448527575 391006789 641379 28361  24503
3.460529715 391647500 640711 28357  24670
3.472528712 392292996 645496 28357  24723
3.484528559 392932980 639984 28361  24408
3.496515971 393577564 644584 28357  24624
3.508529229 394270385 692821 28357  24325
3.520523865 394909319 638934 28365  24694
3.532529035 395550985 641666 28359  24664
3.544528589 396189044 638059 28361  24289
3.556516074 396829237 640193 28352  24477
3.568515638 397470222 640985 28371  24499
3.580517231 398110100 639878 28361  24626
3.592528641 398757422 647322 28347  24948
3.604529625 399399332 641910 28359  24573
3.616515208 400042300 642968 28349  24646
3.628517478 400684585 642285 28363  24633
3.640528414 401321872 637287 28363  24334
3.652516291 401967076 645204 28375  24880
3.664516708 402663730 696654 28361  24353
3.676523121 403303775 640045 28372  24528
3.688516991 403942748 638973 28364  24577
3.700528764 404578652 635904 28364  24227
3.712516078 405220443 641791 28356  24806
3.724514894 405862402 641959 28360  24784
3.736517888 406501997 639595 28366  24568
3.748527718 407143668 641671 28364  24788
3.760516984 407782059 638391 28360  24411
3.772514064 408423861 641802 28363  24680
3.784517684 409065687 641826 28364  24800
3.796529218 409703657 637970 28355  24527
3.808528058 410350558 646901 28359  24645
3.820528054 411036631 686073 28362  24148
3.832527728 411675998 639367 28365  24765
3.844541975 412313637 637639 28364  24687
3.856529984 412950547 636910 28358  24687
3.868515838 413589411 638864 28367  24835
3.880516484 414228090 638679 28370  24641
3.892528081 414867965 639875 28375  24823
3.904528864 415510425 642460 28369  24870
3.916515724 416145773 635348 28370  24544
3.928517698 416784711 638938 28362  24763
3.940528574 417423052 638341 28363  24637
3.952529461 418059715 636663 28368  24656
3.964515314 418756586 696871 28368  24460
3.976512511 419393621 637035 28358  24486
3.988515807 420029368 635747 28355  24621
4.000524328 420665584 636216 28362  24522
4.012516321 421302101 636517 28354  24749
4.024516888 421944836 642735 28360  24894
4.036529641 422582363 637527 28360  24502
4.048529084 423221318 638955 28373  24788
4.060517087 423857169 635851 28362  24569
4.072517143 424492818 635649 28362  24675
4.084530677 425134291 641473 28349  24857
4.096529318 425783433 649142 28369  24343
4.108516014 426466558 683125 28354  24536
4.120515730 427105518 638960 28356  24594
4.132528924 427742665 637147 28385  24573
4.144528881 428386880 644215 28365  24916
4.156530924 429026996 640116 28370  24655
4.168529620 429668992 641996 28374  24833
4.180529234 430310313 641321 28355  24787
4.192529238 430945879 635566 28372  24373
4.204516310 431590261 644382 28358  24963
4.216518317 432229018 638757 28355  24645
4.228517153 432923970 694952 28353  24434
4.240528933 433562439 638469 28365  24621
4.252516917 434196932 634493 28357  24342
4.264517647 434837096 640164 28349  24838
4.276528903 435475334 638238 28358  24727
4.288530674 436114081 638747 28357  24677
4.300517043 436753972 639891 28375  24867
4.312528487 437390621 636649 28363  24480
4.324516293 438031562 640941 28352  24738
4.336515923 438671903 640341 28356  24889
4.348530933 439307489 635586 28353  24489
4.360516313 440002331 694842 28364  24564
4.372516560 440638084 635753 28372  24480
4.384528550 445547695 4909611 210427  188137
4.396540240 446180668 632973 28023  24407
4.408528957 446815192 634524 28364  24573
4.420529513 447447962 632770 28355  24633
4.432517327 448090646 642684 28356  25049
4.444528963 448727708 637062 28365  24669
4.456516650 449366313 638605 28362  24804
4.468528053 450004962 638649 28376  24830
4.480535333 450638105 633143 28369  24452
4.492517447 451315274 677169 28362  24923
4.504529567 451969042 653768 28370  24638
4.516529823 452603444 634402 28365  24617
4.528529730 453238563 635119 28366  24716
4.540529900 453870282 631719 28357  24376
4.552517670 454512483 642201 28375  25179
4.564529443 455148551 636068 28365  24823
4.576528197 455786610 638059 28374  24801
4.588516280 456425776 639166 28356  24881
4.600515230 457067214 641438 28368  24477
4.612530200 457756266 689052 28351  24806
4.624528973 458391171 634905 28371  24839
4.636523670 459025861 634690 28367  24641
4.648529487 459663145 637284 28355  24874
4.660516223 460296723 633578 28361  24498
4.672517427 460935477 638754 28347  24861
4.684515643 461573748 638271 28369  24921
4.696517857 462208459 634711 28363  24679
4.708516973 462859703 651244 28369  24739
4.720527733 463532437 672734 28371  24434
4.732528200 464167403 634966 28366  24694
4.744516423 464803339 635936 28363  24866
4.756528607 465437954 634615 28364  24758
4.768527133 466073738 635784 28376  24875
4.780515482 466706905 633167 28364  24660
4.792524326 467342965 636060 28362  24812
4.804529737 467981208 638243 28370  24836
4.816528070 468628743 647535 28355  24486
4.828517740 469302858 674115 28374  24701
4.840528523 469935472 632614 28359  24656
4.852530103 470569980 634508 28353  24798
4.864528346 471209634 639654 28352  24978
4.876530350 471842682 633048 28362  24662
4.888516303 472479498 636816 28349  24990
4.900514983 473113662 634164 28358  24715
4.912529267 473746659 632997 28372  24764
4.924515009 474436902 690243 28367  24515
4.936516022 475067173 630271 28349  24546
4.948536687 475699733 632560 28370  24853
4.960529120 476333924 634191 28361  24764
4.972514999 476967268 633344 28366  24895
4.984517526 477606015 638747 28365  25135
4.996528013 478238671 632656 28363  24586
5.008516186 478872749 634078 28372  24990
5.020516363 479557779 685030 28359  24469
5.032516682 480186703 628924 28359  24826
5.044516152 480820595 633892 28363  24975
5.056528136 481451645 631050 28369  24610
5.068529542 482082406 630761 28366  24815
5.080516782 482712758 630352 28371  24783
5.092527777 483346863 634105 28370  24840
5.104528326 483993994 647131 28357  25201
5.116524476 484687818 693824 28362  24269
5.128518852 485344304 656486 28350  24787
5.140528519 485988331 644027 28367  24683
5.152529742 486644950 656619 28361  24886
5.164515782 487309463 664513 28357  25314
5.176529876 487967257 657794 28370  24734
5.188529280 488625757 658500 28350  24793
5.200528916 489306644 680887 28369  24632
5.212527896 489994610 687966 28362  24554
5.224528659 490652987 658377 28371  25114
5.236516342 491308188 655201 28359  24677
5.248528436 491966905 658717 28360  24932
5.260516019 492625595 658690 28357  24977
5.272523552 493278349 652754 28371  24609
5.284529099 493939099 660750 28355  25160
5.296528172 494654193 715094 28360  24554
5.308517179 495309017 654824 28363  24892
5.320516162 495963274 654257 28361  24824
5.332530663 496615032 651758 28361  24530
5.344515609 497276018 660986 28359  25192
5.356516576 497932166 656148 28368  24906
5.368516412 498588477 656311 28361  24873
5.380516812 499304999 716522 28364  24767
5.392526146 504336182 5031183 209667  188527
5.404532319 504987236 651054 28366  24618
5.416517626 505641319 654083 28364  24948
5.428537576 506296348 655029 28374  24828
5.440530212 506950329 653981 28365  24947
5.452529989 507610114 659785 28366  25119
5.464517976 508264449 654335 28364  24737
5.476529059 508975930 711481 28368  24713
5.488528089 509625867 649937 28366  24678
5.500528876 510275975 650108 28365  24786
5.512529612 510934685 658710 28355  25130
5.524528946 511586649 651964 28362  24603
5.536516042 512240953 654304 28349  24914
5.548528589 512893615 652662 28364  24836
5.560514366 513603109 709494 28367  24612
5.572515366 514256958 653849 28355  24977
5.584523969 514908289 651331 28365  24715
5.596534496 515564799 656510 28364  24998
5.608528199 516218733 653934 28359  24921
5.620516399 516871172 652439 28373  24902
5.632516306 517588883 717711 28380  24986
5.644528069 518239461 650578 28358  24592
5.656516029 518890009 650548 28374  24781
5.668530259 519543887 653878 28371  24884
5.680517239 520195817 651930 28374  24954
5.692529212 520855106 659289 28360  25245
5.704516392 521508440 653334 28367  24796
5.716528649 522218954 710514 28370  24570
5.728512449 522868800 649846 28359  24789
5.740528069 523517626 648826 28362  24848
5.752525612 524176250 658624 28370  25249
5.764517536 524827526 651276 28350  24729
5.776528086 525481530 654004 28370  24930
5.788529316 526138542 657012 28365  24747
5.800516356 526838603 700061 28367  24599
5.812517416 527492539 653936 28358  25167
5.824528322 528144261 651722 28362  24817
5.836516912 528799290 655029 28357  25089
5.848516599 529453269 653979 28366  24970
5.860527582 530099765 646496 28369  24583
5.872515962 530814329 714564 28371  25087
5.884514829 531461892 647563 28369  24682
5.896515592 532113115 651223 28358  24912
5.908524332 532765203 652088 28367  24960
5.920529092 533413172 647969 28362  24635
5.932527292 534066804 653632 28370  25109
5.944517886 534777474 710670 28360  24702
5.956527922 535426128 648654 28361  24885
5.968529596 536075969 649841 28357  24922
5.980528689 536724409 648440 28360  24707
5.992515679 537380043 655634 28356  25255
6.004532529 538031496 651453 28351  25022
6.016528099 538740397 708901 28367  24620
6.028517066 539388101 647704 28365  24940
6.040516796 540032527 644426 28365  24553
6.052528792 540687440 654913 28352  25292
6.064536469 541338287 650847 28364  25053
6.076528802 541987235 648948 28362  24864
6.088516709 542695850 708615 28360  24807
6.100514599 543340453 644603 28372  24670
6.112528699 543992186 651733 28355  25197
6.124527579 544642582 650396 28369  25172
6.136514542 545294915 652333 28357  24940
6.148516709 545946524 651609 28351  24934
6.160528493 546598406 651882 28373  24606
6.172515106 547306290 707884 28367  24846
6.184527382 547956408 650118 28352  24951
6.196515306 548608253 651845 28348  24920
6.208528182 549261203 652950 28361  25079
6.220524633 549910888 649685 28364  24702
6.232511902 550573652 662764 28372  25034
6.244515382 551274244 700592 28356  24886
6.256528406 551921972 647728 28356  24815
6.268516516 552574598 652626 28364  25125
6.280516232 553223675 649077 28370  24765
6.292528079 553875607 651932 28361  24980
6.304529156 554529686 654079 28369  25098
6.316515289 555234314 704628 28368  24653
6.328516806 555881463 647149 28362  24913
6.340530122 556530808 649345 28356  24828
6.352516336 557183666 652858 28363  25054
6.364528132 557835897 652231 28358  25127
6.376528353 558485240 649343 28360  24897
6.388523302 563530389 5045149 210487  189504
6.400532906 564185139 654750 28362  25267
6.412529800 564834961 649822 28372  24848
6.424516776 565485885 650924 28359  25128
6.436526716 566188662 702777 28371  24564
6.448529363 566833232 644570 28369  24998
6.460516369 567486440 653208 28353  25231
6.472517276 568133836 647396 28379  24768
6.484516089 568782899 649063 28355  25045
6.496528159 569433008 650109 28368  24926
6.508516052 570131851 698843 28356  24740
6.520528529 570780616 648765 28352  25084
6.532526819 571428309 647693 28366  24853
6.544525073 572078096 649787 28366  25152
6.556517299 572725519 647423 28353  25022
6.568528757 573428091 702572 28368  24740
6.580516762 574074670 646579 28365  25118
6.592528389 574719010 644340 28359  24743
6.604516339 575369089 650079 28359  25063
6.616516632 576016415 647326 28358  24958
6.628529703 576662241 645826 28364  24961
6.640528143 577371733 709492 28366  25100
6.652516280 578014139 642406 28357  24527
6.664515689 578662529 648390 28369  25014
6.676528283 579310943 648414 28370  25035
6.688516006 579956565 645622 28362  25029
6.700524419 580667266 710701 28355  25127
6.712529477 581310530 643264 28357  24668
6.724529073 581955838 645308 28362  24954
6.736513446 582602351 646513 28371  24930
6.748527953 583246541 644190 28371  24990
6.760516796 583899614 653073 28367  25361
6.772528819 584600843 701229 28366  24402
6.784529869 585244314 643471 28350  25049
6.796515986 585889956 645642 28348  24958
6.808516719 586536069 646113 28375  25160
6.820514276 587189055 652986 28350  25424
6.832528056 587890734 701679 28367  24535
6.844516309 588534319 643585 28359  25032
6.856535233 589179174 644855 28358  25000
6.868528813 589822133 642959 28367  24945
6.880516709 590474252 652119 28365  25377
6.892517959 591120072 645820 28374  24830
6.904515517 591820056 699984 28361  24771
6.916515933 592462494 642438 28355  24925
6.928527857 593107174 644680 28366  25104
6.940517977 593758786 651612 28359  25395
6.952516209 594404374 645588 28371  24968
6.964528080 595105007 700633 28358  24749
6.976527447 595746482 641475 28357  24901
6.988528497 596389724 643242 28362  25058
7.000528470 597041036 651312 28351  25424
7.012528057 597684548 643512 28359  24819
7.024528337 598384742 700194 28365  24691
7.036517467 599025496 640754 28349  24913
7.048529383 599667695 642199 28356  25028
7.060529250 600318746 651051 28359  25518
7.072527687 600963475 644729 28367  24938
7.084516897 601662452 698977 28350  24640
7.096516560 602302710 640258 28381  24991
7.108529757 602943791 641081 28363  24933
7.120528730 603595481 651690 28364  25456
7.132516493 604237881 642400 28361  24922
7.144515173 604907363 669482 28358  24855
7.156526743 605596461 689098 28351  24750
7.168528080 606242985 646524 28362  24903
7.180536470 606901130 658145 28363  25452
7.192529583 607553180 652050 28358  24999
7.204516593 608207156 653976 28358  25044
7.216516527 608912525 705369 28350  24749
7.228528777 609557142 644617 28364  24881
7.240517337 610214263 657121 28374  25447
7.252515893 610865082 650819 28367  24994
7.264517043 611516775 651693 28352  24975
7.276516197 612221862 705087 28361  24697
7.288528833 612866279 644417 28362  24943
7.300528363 613521444 655165 28358  25351
7.312516273 614172020 650576 28355  25022
7.324516617 614823841 651821 28372  25101
7.336523253 615528472 704631 28372  24699
7.348516900 616172395 643923 28358  24971
7.360516460 616828687 656292 28359  25485
7.372529443 617476329 647642 28363  24892
7.384529103 622506576 5030247 209434  189332
7.396538257 623147194 640618 27705  24504
7.408516810 623798188 650994 28354  25297
7.420529081 624445720 647532 28350  25050
7.432516300 625095514 649794 28365  25220
7.444528997 625797978 702464 28363  24594
7.456528243 626444250 646272 28361  25124
7.468516527 627095246 650996 28352  25288
7.480528628 627742608 647362 28353  25092
7.492528114 628391911 649303 28355  25217
7.504535878 629094458 702547 28364  24758
7.516515853 629739584 645126 28361  24992
7.528529453 630389902 650318 28355  25319
7.540517493 631036059 646157 28372  25072
7.552516460 631684194 648135 28364  25251
7.564528624 632383540 699346 28361  24657
7.576516287 633029691 646151 28352  25002
7.588516131 633678652 648961 28364  25287
7.600528394 634325498 646846 28356  25074
7.612516617 634985516 660018 28369  25161
7.624528204 635675827 690311 28362  24818
7.636528514 636325519 649692 28362  25199
7.648516761 636977417 651898 28364  25410
7.660538264 637623742 646325 28366  25070
7.672527921 638328022 704280 28370  25054
7.684528381 638970022 642000 28362  24896
7.696516831 639620121 650099 28356  25206
7.708528438 640270488 650367 28360  25395
7.720528208 640917040 646552 28372  25114
7.732516874 641617780 700740 28354  24970
7.744517351 642261464 643684 28379  24922
7.756527381 642911713 650249 28369  25294
7.768516671 643561118 649405 28360  25378
7.780528848 644262807 701689 28364  24903
7.792516298 644906416 643609 28357  25235
7.804516551 645549730 643314 28356  24919
7.816537608 646198404 648674 28353  25246
7.828530434 646846108 647704 28362  25300
7.840528281 647544622 698514 28357  24836
7.852515558 648188533 643911 28360  25149
7.864528621 648833984 645451 28374  25037
7.876517624 649481660 647676 28353  25169
7.888515154 650184827 703167 28366  25051
7.900529958 650826308 641481 28366  25151
7.912529374 651472676 646368 28355  25322
7.924516941 652116590 643914 28362  25013
7.936528391 652764527 647937 28343  25208
7.948515148 653463125 698598 28364  24997
7.960529595 654104628 641503 28358  25085
7.972537225 654750806 646178 28363  25329
7.984517804 655394333 643527 28361  24985
7.996514302 656098532 704199 28363  25034
8.008516244 656739993 641461 28358  25338
8.020526905 657383450 643457 28367  25250
8.032517144 658030236 646786 28362  25437
8.044529542 658674040 643804 28362  25110
8.056529092 659373675 699635 28355  25078
8.068516272 660015752 642077 28366  25320
8.080516642 660659392 643640 28355  25340
8.092527809 661303165 643773 28358  25300
8.104516369 661999229 696064 28359  24627
8.116516589 662643422 644193 28351  25456
8.128526335 663289923 646501 28364  25442
8.140516889 663937289 647366 28361  25333
8.152528435 664643557 706268 28370  25096
8.164528205 665282236 638679 28353  24880
8.176515359 665932776 650540 28362  25554
8.188517202 666580549 647773 28361  25398
8.200516609 667227315 646766 28370  25219
8.212516939 667928721 701406 28365  25068
8.224515355 668569528 640807 28359  24908
8.236528789 669219533 650005 28367  25506
8.248528529 669867866 648333 28356  25371
8.260514702 670569368 701502 28370  25028
8.272527505 671213166 643798 28357  25263
8.284515925 671856956 643790 28359  25085
8.296534659 672508210 651254 28361  25636
8.308529626 673208658 700448 28365  24976
8.320517585 673850764 642106 28344  25165
8.332528512 674497289 646525 28361  25358
8.344515315 675138664 641375 28372  24989
8.356528806 675844719 706055 28356  25370
8.368516495 676484246 639527 28347  25059
8.380528720 677130782 646536 28359  25302
8.392528462 680645898 3515116 148370  134946
8.404518562 681290483 644585 28365  25296
8.416528613 681989755 699272 28374  25062
8.428529816 682633073 643318 28358  25285
8.440516229 683275538 642465 28360  25065
8.452536543 683920797 645259 28352  25426
8.464516516 684619724 698927 28372  24938
8.476515719 685260766 641042 28368  25328
8.488529746 685909329 648563 28356  25489
8.500516372 686551832 642503 28364  25186
8.512528506 687250720 698888 28360  25144
8.524515290 687888813 638093 28362  25115
8.536530696 688534071 645258 28371  25412
8.548515923 689180343 646272 28352  25379
8.560515806 689875543 695200 28356  24944
8.572529373 690515051 639508 28356  25321
8.584516440 691157539 642488 28356  25279
8.596515773 691801311 643772 28353  25230
8.608536340 692500971 699660 28360  25157
8.620517423 693140100 639129 28358  25271
8.632528270 693785640 645540 28358  25517
8.644528546 694429117 643477 28362  25240
8.656516210 695128921 699804 28353  25049
8.668528836 695770269 641348 28370  25320
8.680516026 696412180 641911 28375  25292
8.692528526 697056278 644098 28383  25436
8.704514420 697752001 695723 28365  24866
8.716528283 698394431 642430 28360  25304
8.728529667 699039999 645568 28363  25501
8.740528700 699681157 641158 28358  25245
8.752528277 700378390 697233 28354  25287
8.764536341 701016946 638556 28373  25068
8.776516236 701663078 646132 28363  25426
8.788528897 702307379 644301 28354  25446
8.800516717 702999988 692609 28353  24970
8.812516607 703639179 639191 28359  25260
8.824529157 704279823 640644 28362  25193
8.836516037 704925194 645371 28363  25381
8.848528994 705619309 694115 28368  25167
8.860516251 706260401 641092 28351  25299
8.872527854 706905188 644787 28355  25603
8.884515424 707546762 641574 28369  24985
8.896516804 708239814 693052 28343  25268
8.908528237 708882349 642535 28360  25492
8.920515744 709523586 641237 28354  25333
8.932522854 710220660 697074 28368  25112
8.944517507 710853247 632587 28357  24934
8.956516894 711498480 645233 28358  25717
8.968529581 712140527 642047 28368  25445
8.980527587 712836844 696317 28360  25166
8.992516367 713476173 639329 28372  25443
9.004527884 714113941 637768 28366  25168
9.016516091 714761725 647784 28357  25877
9.028529377 715452430 690705 28361  24973
9.040516384 716092678 640248 28355  25410
9.052528384 716734485 641807 28356  25505
9.064526998 717371099 636614 28365  25149
9.076517087 718066295 695196 28366  25452
9.088526318 718705285 638990 28375  25254
9.100515902 719345311 640026 28350  25341
9.112513851 720038446 693135 28363  25135
9.124528652 720676262 637816 28356  25394
9.136515955 721326016 649754 28356  25828
9.148516832 721965496 639480 28359  25267
9.160528315 722678747 713251 28368  25171
9.172528232 723325849 647102 28362  25334
9.184527952 723981151 655302 28361  25435
9.196516192 724701504 720353 28369  25482
9.208527365 725351993 650489 28367  25032
9.220516415 726009738 657745 28350  25522
9.232515958 726666786 657048 28364  25514
9.244535672 727378015 711229 28369  25053
9.256529762 728035236 657221 28359  25646
9.268525642 728690354 655118 28356  25242
9.280516178 729348412 658058 28353  25566
9.292515292 730057179 708767 28360  25066
9.304528565 730710219 653040 28358  25396
9.316527396 731369464 659245 28355  25614
9.328519178 732060360 690896 28376  24910
9.340513752 732731235 670875 28355  25394
9.352527308 733386975 655740 28349  25417
9.364515665 734041996 655021 28353  25462
9.376516655 734756276 714280 28356  25371
9.388527039 739741580 4985304 207556  190163
9.400532203 740449721 708141 28370  24943
9.412532966 741105301 655580 28363  25804
9.424516466 741759215 653914 28360  25342
9.436515179 742416088 656873 28359  25466
9.448518286 743121730 705642 28360  25070
9.460528379 743772024 650294 28373  25361
9.472515853 744432035 660011 28357  25841
9.484515969 745139214 707179 28371  24835
9.496530283 745789944 650730 28355  25514
9.508528786 746443124 653180 28369  25430
9.520528366 747093990 650866 28364  25402
9.532515629 747803209 709219 28365  25329
9.544529253 748454198 650989 28366  25189
9.556516776 749108406 654208 28357  25614
9.568525329 749816238 707832 28369  25197
9.580516296 750464770 648532 28363  25481
9.592526963 751121961 657191 28362  25743
9.604528310 751774648 652687 28364  25160
9.616516036 752478558 703910 28352  25289
9.628517709 753131481 652923 28363  25460
9.640516073 753784983 653502 28365  25510
9.652527590 754496780 711797 28358  25376
9.664528337 755146247 649467 28361  25177
9.676515249 755800099 653852 28357  25653
9.688525520 756509599 709500 28365  25177
9.700528530 757159780 650181 28366  25568
9.712516707 757816594 656814 28363  25696
9.724537397 758467661 651067 28361  25351
9.736529910 759173227 705566 28360  25272
9.748516440 759823011 649784 28355  25329
9.760529364 760475966 652955 28364  25450
9.772528180 761185012 709046 28370  25296
9.784517197 761832602 647590 28365  25357
9.796527614 762485806 653204 28361  25629
9.808529277 763162449 676643 28360  25242
9.820515497 763841599 679150 28363  25273
9.832516194 764495261 653662 28357  25688
9.844528134 765145621 650360 28357  25439
9.856527691 765851189 705568 28361  25346
9.868517174 766498805 647616 28360  25209
9.880535528 767152286 653481 28366  25540
9.892518064 767858512 706226 28355  25246
9.904517525 768505019 646507 28346  25451
9.916528828 769156920 651901 28356  25654
9.928516248 769806510 649590 28363  25206
9.940529775 770512363 705853 28366  25446
9.952528555 771163807 651444 28352  25650
9.964518111 771813749 649942 28352  25437
9.976517411 772518753 705004 28367  25307
9.988528831 773163123 644370 28371  25141
10.000528401 773818897 655774 28355  25896
10.012528078 774523074 704177 28362  25213
10.024516218 775171061 647987 28370  25575
10.036528931 775820295 649234 28366  25501
10.048523828 776466227 645932 28361  25250
10.060530695 777173009 706782 28359  25646
10.072527788 777822124 649115 28376  25519
10.084528385 778473476 651352 28354  25601
10.096528676 779172543 699067 28367  25139
10.108516881 779818471 645928 28362  25460
10.120517186 780474070 655599 28356  25966
10.132530732 781174523 700453 28363  24974
10.144530099 781826258 651735 28361  25572
10.156516521 782477520 651262 28353  25526
10.168516189 783184928 707408 28369  25283
10.180526846 783837025 652097 28357  25720
10.192528502 784488586 651561 28370  25337
10.204537389 785198683 710097 28365  25440
10.216529349 785846169 647486 28378  25518
10.228530162 786497869 651700 28366  25667
10.240529386 787209164 711295 28354  25429
10.252517539 787852187 643023 28357  25101
10.264517559 788504848 652661 28359  25753
10.276515299 789154993 650145 28365  25434
10.288530112 789858762 703769 28347  25300
10.300517189 790510990 652228 28361  25568
10.312515779 791160454 649464 28365  25418
10.324529066 791865307 704853 28368  25372
10.336516949 792512909 647602 28361  25517
10.348514006 793164900 651991 28350  25648
10.360523523 793872015 707115 28362  25309
10.372529833 794517704 645689 28351  25455
10.384516287 798058937 3541233 148463  136415
10.396537800 798754748 695811 27801  24650
10.408529753 799399505 644757 28365  25568
10.420517063 800055980 656475 28361  26030
10.432527833 800759059 703079 28376  25065
10.444528110 801406430 647371 28353  25649
10.456516510 802055550 649120 28360  25585
10.468529617 802757836 702286 28364  25233
10.480529913 803407021 649185 28371  25824
10.492516450 804055207 648186 28367  25381
10.504528170 804760134 704927 28351  25429
10.516536787 805404313 644179 28356  25513
10.528529843 806053084 648771 28371  25741
10.540527627 806759632 706548 28367  25383
10.552530341 807401767 642135 28361  25412
10.564527091 808051471 649704 28374  25852
10.576517070 808738205 686734 28370  25332
10.588529394 809397289 659084 28360  25533
10.600516878 810048242 650953 28362  25845
10.612527571 810696747 648505 28354  25426
10.624528148 811395222 698475 28354  25460
10.636528901 812044471 649249 28359  25619
10.648516424 812694840 650369 28370  25586
10.660528521 813397440 702600 28357  25525
10.672528721 814045767 648327 28367  25659
10.684529858 814699143 653376 28353  25632
10.696516511 815390860 691717 28362  25148
10.708528644 816040812 649952 28364  25663
10.720529894 816690894 650082 28364  25743
10.732515431 817388187 697293 28361  25258
10.744530354 818037185 648998 28357  25779
10.756516681 818682383 645198 28373  25316
10.768515594 819383495 701112 28361  25416
10.780515454 820032544 649049 28354  25810
10.792528222 820680835 648291 28352  25596
10.804528739 821380005 699170 28347  25437
10.816529015 822024447 644442 28376  25435
10.828517215 822681968 657521 28363  25783
10.840525872 823371467 689499 28352  25335
10.852516305 824019342 647875 28342  25699
10.864515099 824672350 653008 28366  25441
10.876530369 825360723 688373 28375  25306
10.888515629 826013552 652829 28372  26025
10.900530082 826661098 647546 28366  25308
10.912516675 827356885 695787 28366  25506
10.924529482 828004461 647576 28352  25703
10.936529296 828654979 650518 28359  25575
10.948528215 829351100 696121 28358  25724
10.960516683 829995795 644695 28369  25459
10.972516290 830696678 700883 28361  25461
10.984517349 831338699 642021 28361  25611
10.996537013 831984084 645385 28364  25770
11.008517080 832687533 703449 28362  25449
11.020528973 833328069 640536 28374  25471
11.032529386 833975894 647825 28370  25947
11.044516143 834673562 697668 28368  25279
11.056530473 835316308 642746 28364  25713
11.068516423 835965143 648835 28359  25775
11.080529913 836660970 695827 28360  25334
11.092529266 837303082 642112 28349  25745
11.104517080 837946878 643796 28355  25629
11.116524817 838647674 700796 28357  25251
11.128515043 839294602 646928 28361  25794
11.140528204 839943296 648694 28350  25669
11.152536161 840651532 708236 28369  25612
11.164517444 841301388 649856 28369  25463
11.176528224 841957771 656383 28361  25805
11.188517430 842662518 704747 28363  25473
11.200515787 843313001 650483 28349  25600
11.212517271 843965718 652717 28363  25712
11.224516504 844666408 700690 28361  24940
11.236528831 845321557 655149 28362  26043
11.248516211 845973913 652356 28373  25732
11.260529867 846676984 703071 28358  25346
11.272529294 847330078 653094 28363  25779
11.284515281 847979115 649037 28361  25515
11.296527861 848688231 709116 28360  25848
11.308517087 849338242 650011 28368  25576
11.320522578 850045508 707266 28357  25400
11.332529698 850691158 645650 28370  25592
11.344516234 851339460 648302 28372  25746
11.356529485 852049247 709787 28363  25710
11.368528598 852693964 644717 28359  25296
11.380529962 853346793 652829 28362  25888
11.392516655 856852380 3505587 145981  134883
11.404521468 857551101 698721 28378  25205
11.416573286 858203794 652693 28349  25813
11.428518402 858869932 666138 28356  25647
11.440516125 859554173 684241 28359  25537
11.452527025 860205201 651028 28360  25893
11.464527485 860889145 683944 28354  25070
11.476536272 861556110 666965 28375  25916
11.488519508 862206073 649963 28358  25817
11.500516448 862911570 705497 28363  25586
11.512517135 863559612 648042 28358  25783
11.524528176 864204332 644720 28367  25450
11.536528613 864909856 705524 28360  25871
11.548516638 865556091 646235 28360  25565
11.560528616 866206499 650408 28359  25667
11.572528283 866903340 696841 28360  25305
11.584515149 867550580 647240 28379  25817
11.596515476 868260007 709427 28361  25835
11.608527703 868904077 644070 28364  25491
11.620515866 869555589 651512 28352  25899
11.632537879 870257374 701785 28359  25476
11.644515753 870902970 645596 28353  25782
11.656528873 871557378 654408 28356  25964
11.668529173 872255669 698291 28373  25161
11.680516809 872906499 650830 28369  25926
11.692515936 873554580 648081 28370  25707
11.704516709 874253130 698550 28349  25420
11.716529764 874904989 651859 28355  25968
11.728518050 875608693 703704 28368  25371
11.740516290 876255271 646578 28355  25894
11.752528470 876903528 648257 28366  25757
11.764528960 877605573 702045 28359  25529
11.776528490 878253144 647571 28369  25915
11.788536771 878900309 647165 28344  25716
11.800529950 879600026 699717 28357  25554
11.812528804 880245555 645529 28364  25611
11.824517090 880921401 675846 28365  25810
11.836515577 881592357 670956 28360  25630
11.848530028 882241708 649351 28361  25871
11.860529505 882945462 703754 28359  25556
11.872528301 883586258 640796 28363  25503
11.884515528 884239646 653388 28356  26285
11.896526391 884937367 697721 28358  25455
11.908529401 885586120 648753 28365  25831
11.920515871 886245822 659702 28363  25661
11.932516965 886927715 681893 28361  25590
11.944515981 887580423 652708 28357  26233
11.956522438 888279340 698917 28368  25229
11.968516868 888925994 646654 28359  26004
11.980515418 889572410 646416 28351  25842
11.992529349 890269144 696734 28366  25687
12.004528811 890919718 650574 28361  26098
12.016517669 891589865 670147 28364  25380
12.028516862 892262804 672939 28362  25995
12.040515935 892908431 645627 28358  25872
12.052528816 893605758 697327 28379  25583
12.064516999 894250819 645061 28358  25830
12.076515569 894894108 643289 28360  25674
12.088528389 895592137 698029 28363  25708
12.100531409 896235894 643757 28366  25867
12.112524382 896883058 647164 28352  25745
12.124528806 897579947 696889 28372  25618
12.136527156 898224838 644891 28355  25860
12.148528572 898927718 702880 28353  25801
12.160516543 899570938 643220 28373  25664
12.172516276 900221758 650820 28365  25856
12.184530377 900921425 699667 28366  25724
12.196517653 901569568 648143 28367  25792
12.208515477 902275886 706318 28368  25670
12.220515757 902915352 639466 28355  25433
12.232528393 903568871 653519 28348  26286
12.244528343 904268710 699839 28368  25661
12.256515723 904918679 649969 28355  25939
12.268524117 905567488 648809 28374  25755
12.280516383 906260489 693001 28366  25455
12.292515373 906913105 652616 28351  26295
12.304516993 907611427 698322 28364  25272
12.316517020 908257699 646272 28359  25879
12.328530334 908904162 646463 28361  25821
12.340529051 909599215 695053 28361  25551
12.352517554 910249582 650367 28354  26178
12.364517078 910920853 671271 28357  25343
12.376517164 911594186 673333 28356  25922
12.388529448 915082651 3488465 146484  135888
12.400519061 915776536 693885 28361  25099
12.412516851 916423274 646738 28350  26164
12.424537252 917069055 645781 28369  25964
12.436516395 917766666 697611 28359  25595
12.448528128 918414411 647745 28346  26036
12.460528965 919108639 694228 28358  25366
12.472528908 919757053 648414 28355  26353
12.484531119 920399221 642168 28355  25568
12.496526824 921095559 696338 28363  25531
12.508516105 921740832 645273 28367  25917
12.520528875 922436756 695924 28365  25562
12.532527215 923081514 644758 28353  26146
12.544527899 923724721 643207 28367  25555
12.556517909 924420403 695682 28361  25673
12.568527942 925064696 644293 28356  25871
12.580528222 925763621 698925 28368  25697
12.592522575 926406439 642818 28361  25978
12.604517115 927048726 642287 28348  25695
12.616515875 927745780 697054 28363  25736
12.628517975 928388657 642877 28362  25790
12.640516492 929089312 700655 28355  25570
12.652517470 929732459 643147 28363  25984
12.664529056 930377922 645463 28358  25879
12.676530166 931075852 697930 28357  25775
12.688516076 932411276 1335424 28359  18845
12.700512826 933923829 1512553 28369  10639
12.712528426 935645485 1721656 28359  8721
12.724528173 937627439 1981954 28351  8879
12.736516860 939384617 1757178 28367  10878
12.748524587 940885683 1501066 28358  10187
12.760529634 942868414 1982731 28355  7643
12.772528444 944769435 1901021 28350  10709
12.784529411 946088170 1318735 28355  10463
12.796528147 948073071 1984901 28354  7664
12.808529794 950045639 1972568 28361  9930
12.820529114 951537165 1491526 28354  10745
12.832516927 953300040 1762875 28354  8843
12.844518691 955268148 1968108 28367  8847
12.856529384 956917420 1649272 28354  10744
12.868529617 958505979 1588559 28361  9408
12.880528541 960484426 1978447 28370  8595
12.892517191 962238813 1754387 28357  10583
12.904537385 963725906 1487093 28357  10408
12.916530588 965715314 1989408 28363  7879
12.928517895 967675632 1960318 28355  10761
12.940518392 969014630 1338998 28351  10734
12.952515798 970924118 1909488 28358  7991
12.964516428 972889054 1964936 28365  9792
12.976516968 974386814 1497760 28354  10573
12.988517505 976143805 1756991 28355  8629
13.000530355 978125985 1982180 28363  8782
13.012528802 979807500 1681515 28358  10866
13.024517078 981364278 1556778 28362  9193
13.036518418 983364848 2000570 28366  8161
13.048515535 985102775 1737927 28369  10880
13.060529436 986568930 1466155 28378  10204
13.072524073 988553110 1984180 28357  7298
13.084516773 990296659 1743549 28358  11334
13.096529083 991781552 1484893 28356  10545
13.108529476 993772006 1990454 28361  8349
13.120528883 995747473 1975467 28361  9884
13.132528453 997206298 1458825 28358  10659
13.144526176 998982772 1776474 28350  8522
13.156528639 1000945830 1963058 28352  9066
13.168515536 1002477841 1532011 28368  10515
13.180518289 1004192688 1714847 28366  9052
13.192528660 1006184065 1991377 28361  8494
13.204510347 1007900418 1716353 28363  11028
13.216514697 1009419795 1519377 28357  10028
13.228525610 1011409077 1989282 28361  7405
13.240528634 1013104641 1695564 28356  11325
13.252530644 1014600843 1496202 28358  9622
13.264515414 1016582100 1981257 28368  7627
13.276516564 1018294812 1712712 28361  11195
13.288518150 1019804614 1509802 28362  9974
13.300515340 1021797613 1992999 28362  7921
13.312517237 1023675471 1877858 28354  10732
13.324515810 1025015000 1339529 28356  10551
13.336528711 1026995177 1980177 28355  7848
13.348527898 1028974169 1978992 28353  9785
13.360517171 1030428348 1454179 28361  10870
13.372515511 1032221076 1792728 28367  8639
13.384523135 1034194526 1973450 28354  8717
13.396530348 1035804965 1610439 28374  10836
13.408516281 1037436623 1631658 28365  9436
13.420516931 1039402403 1965780 28366  8283
13.432534792 1041120517 1718114 28361  11169
13.444529871 1042633555 1513038 28347  9231
13.456528162 1044624651 1991096 28357  8210
13.468529009 1046350383 1725732 28354  11052
13.480527902 1047852065 1501682 28359  10441
13.492528652 1049840313 1988248 28364  8400
13.504516392 1051806722 1966409 28360  10003
13.516516579 1053220825 1414103 28368  10680
13.528529872 1055051872 1831047 28352  8108
13.540536649 1057015194 1963322 28365  9208
13.552529492 1058576088 1560894 28349  10730
13.564516512 1060268367 1692279 28362  8990
13.576531066 1062236841 1968474 28345  8237
13.588526520 1063925270 1688429 28361  11188
13.600517096 1065477908 1552638 28358  9561
13.612515643 1067439035 1961127 28353  8165
13.624516963 1069109446 1670411 28366  10849
13.636515140 1070666768 1557322 28363  9618
13.648518600 1072660691 1993923 28360  8180
13.660515980 1074408047 1747356 28356  10989
13.672529967 1075882687 1474640 28368  10415
13.684530260 1077860297 1977610 28363  7525
13.696515743 1079773606 1913309 28361  10684
13.708525727 1081073404 1299798 28361  10319
13.720517738 1083050929 1977525 28374  7409
13.732529798 1085016701 1965772 28355  10362
13.744518038 1086487985 1471284 28350  10734
13.756517214 1088270298 1782313 28365  8452
13.768528498 1090230721 1960423 28358  9075
13.780526811 1091759718 1528997 28360  10596
13.792516494 1093455513 1695795 28366  8699
13.804528448 1095414789 1959276 28366  9305
13.816528831 1096938668 1523879 28355  10584
13.828529779 1098649451 1710783 28353  9162
13.840517374 1100629993 1980542 28363  8756
13.852516738 1102342180 1712187 28359  11109
13.864539099 1103863251 1521071 28366  9612
13.876517799 1105821545 1958294 28357  7823
13.888528449 1107481382 1659837 28362  10943
13.900517422 1109045829 1564447 28357  9336
13.912529409 1111032787 1986958 28358  7813
13.924530212 1112752569 1719782 28352  10951
13.936516712 1114253047 1500478 28364  10088
13.948517705 1116235071 1982024 28365  7552
13.960529430 1118195856 1960785 28359  10709
13.972515266 1119569979 1374123 28357  10637
13.984529053 1121437612 1867633 28359  8511
13.996517103 1123401732 1964120 28356  9322
14.008528503 1124897740 1496008 28366  10932
14.020536596 1126649336 1751596 28372  9168
14.032519860 1128633067 1983731 28365  8761
14.044527336 1130324293 1691226 28368  10918
14.056529091 1131811769 1487476 28378  10678
14.068528597 1133703414 1891645 28376  8903
14.080518340 1135608700 1905286 28358  9220
14.092516037 1137334627 1725927 28366  10983
14.104530057 1138817551 1482924 28368  11145
14.116528454 1140625090 1807539 28354  9521
14.128516887 1142564543 1939453 28360  8034
14.140527811 1144256878 1692335 28358  11201
14.152528254 1145724471 1467593 28356  10765
14.164529181 1147658819 1934348 28366  8222
14.176525207 1149552439 1893620 28356  9791
14.188517334 1150998782 1446343 28357  10987
14.200528438 1152702427 1703645 28366  9837
14.212530355 1154672923 1970496 28363  8265
14.224528528 1156430974 1758051 28359  10908
14.236517245 1157920092 1489118 28368  9280
14.248515742 1159909584 1989492 28367  8163
14.260528385 1161574023 1664439 28364  10718
14.272516718 1163193767 1619744 28366  9021
14.284516605 1165198013 2004246 28374  8333
14.296527825 1166898012 1699999 28368  10745
14.308515482 1168478715 1580703 28358  9267
14.320516896 1170485022 2006307 28361  8116
14.332528313 1172202661 1717639 28365  10692
14.344543963 1173764963 1562302 28357  9420
14.356530016 1175761527 1996564 28364  8327
14.368517476 1177418657 1657130 28354  10496
14.380529996 1179051090 1632433 28356  9706
14.392526819 1181058646 2007556 28355  8202
14.404528739 1182839302 1780656 28366  11032
14.416529160 1184338288 1498986 28364  9450
14.428522746 1186323923 1985635 28372  7943
14.440529803 1187967560 1643637 28362  10922
14.452529160 1189602245 1634685 28365  8784
14.464515890 1191609630 2007385 28363  8339
14.476529430 1193328066 1718436 28368  10903
14.488528814 1194892892 1564826 28367  9211
14.500525164 1196885082 1992190 28349  7780
14.512516817 1198570783 1685701 28366  11075
14.524517217 1200171482 1600699 28365  9082
14.536529970 1202161709 1990227 28369  8545
14.548528421 1203716466 1554757 28358  10810
14.560528971 1205427959 1711493 28366  8247
14.572515820 1207420780 1992821 28367  9388
14.584529435 1208970265 1549485 28356  10911
14.596528931 1210711252 1740987 28369  8441
14.608515938 1212698080 1986828 28366  9014
14.620516761 1214160050 1461970 28369  10896
14.632516488 1215968353 1808303 28367  7782
14.644515571 1217966297 1997944 28356  9420
14.656526419 1219392073 1425776 28365  10865
14.668517085 1221263362 1871289 28369  8414
14.680529469 1223250323 1986961 28353  8954
14.692529949 1224727161 1476838 28359  10562
14.704517272 1226543208 1816047 28358  8318
14.716529846 1228508969 1965761 28354  9462
14.728517262 1229796322 1287353 28360  10747
14.740530012 1231806064 2009742 28360  7314
14.752516719 1233803881 1997817 28364  10438
14.764516752 1235289337 1485456 28369  10876
14.776529873 1237110049 1820712 28358  8433
14.788528600 1239098871 1988822 28345  9195
14.800516617 1240522718 1423847 28371  10560
14.812535547 1242378707 1855989 28370  8158
14.824530583 1244365860 1987153 28364  9404
14.836528210 1245801111 1435251 28364  10514
14.848519240 1247664274 1863163 28356  8495
14.860516283 1249663315 1999041 28367  9053
14.872528590 1251150853 1487538 28356  10737
14.884519650 1252945228 1794375 28364  8264
14.896527794 1254941547 1996319 28364  9064
14.908516881 1256318708 1377161 28360  11006
14.920527624 1258210287 1891579 28364  7844
14.932528584 1260142109 1931822 28360  9685
14.944518774 1261476068 1333959 28362  10778
14.956517011 1263486616 2010548 28357  7907
14.968529575 1265487232 2000616 28364  9986
14.980529031 1266900930 1413698 28367  10684
14.992516521 1268772452 1871522 28357  7923
15.004515921 1270715965 1943513 28363  9728
15.016530649 1272024769 1308804 28357  10077
15.028528765 1274038895 2014126 28358  7743
15.040518242 1276027696 1988801 28360  10163
15.052531195 1277412003 1384307 28363  10562
15.064516512 1279318522 1906519 28357  7274
15.076528485 1281310847 1992325 28359  10307
15.088517145 1282697139 1386292 28377  10602
15.100516645 1284601646 1904507 28354  7968
15.112531266 1286547749 1946103 28361  9882
15.124528066 1287864249 1316500 28362  10257
15.136524613 1289878313 2014064 28369  8208
15.148528763 1291874275 1995962 28370  10257
15.160528896 1293391634 1517359 28371  10689
15.172530890 1295172370 1780736 28372  7802
15.184517443 1297151852 1979482 28359  9844
15.196518100 1298476263 1324411 28363  10479
15.208529181 1300438016 1961753 28357  7440
15.220519127 1302421579 1983563 28373  9928
15.232528147 1303811301 1389722 28368  10538
15.244516411 1305718165 1906864 28371  7873
15.256528351 1307709656 1991491 28358  9606
15.268528647 1309193496 1483840 28379  10637
15.280516197 1310993894 1800398 28352  7832
15.292523214 1312979936 1986042 28357  10110
15.304518057 1314260252 1280316 28358  10135
15.316515737 1316269703 2009451 28377  8002
15.328517785 1318260794 1991091 28360  10185
15.340516682 1319681918 1421124 28361  10766
15.352529705 1321560769 1878851 28370  7988
15.364529398 1323534659 1973890 28361  9633
15.376518965 1324851547 1316888 28363  10526
15.388528362 1326822703 1971156 28359  7600
15.400515838 1328811301 1988598 28351  9924
15.412529128 1330256538 1445237 28363  10596
15.424515955 1332115410 1858872 28363  8133
15.436515629 1334098109 1982699 28354  9139
15.448536809 1335597890 1499781 28366  10902
15.460530173 1337392222 1794332 28369  7983
15.472529209 1339380741 1988519 28360  9773
15.484528486 1340797114 1416373 28372  10725
15.496528689 1342676050 1878936 28362  8164
15.508528749 1344666583 1990533 28364  9597
15.520517019 1346180203 1513620 28369  10840
15.532515619 1347960157 1779954 28355  8329
15.544529650 1349944339 1984182 28352  8996
15.556516184 1351369839 1425500 28381  10845
15.568527720 1353218929 1849090 28358  7999
15.580516850 1355208656 1989727 28370  9120
15.592527587 1356679620 1470964 28353  10777
15.604532177 1358495690 1816070 28356  8182
15.616542691 1360478765 1983075 28355  9121
15.628531434 1361897407 1418642 28363  10420
15.640517028 1363776918 1879511 28377  8375
15.652516518 1365750228 1973310 28359  9430
15.664516484 1367146515 1396287 28354  10833
15.676516125 1369044573 1898058 28366  7658
15.688517965 1371035408 1990835 28353  9945
15.700517605 1372531769 1496361 28370  10838
15.712528378 1374333193 1801424 28364  8450
15.724517229 1376331509 1998316 28356  9185
15.736515865 1377828364 1496855 28373  10615
15.748529376 1379601346 1772982 28361  8275
15.760516632 1381586872 1985526 28352  9190
15.772538856 1383127652 1540780 28367  10494
15.784516569 1384881156 1753504 28364  8613
15.796528429 1386875348 1994192 28370  8802
15.808517679 1388390039 1514691 28355  10735
15.820526780 1390157565 1767526 28355  8545
15.832529043 1392151149 1993584 28371  8885
15.844529827 1393626078 1474929 28350  11029
15.856529127 1395423846 1797768 28360  8240
15.868527723 1397407230 1983384 28366  9348
15.880517587 1398912329 1505099 28365  10930
15.892528060 1400707977 1795648 28352  8448
15.904529121 1402707363 1999386 28365  9066
15.916517080 1404229914 1522551 28359  10923
15.928541694 1405981445 1751531 28364  8442
15.940516464 1407957139 1975694 28355  9073
15.952528198 1409473921 1516782 28366  10520
15.964531054 1411251856 1777935 28366  8313
15.976528421 1413247168 1995312 28366  9041
15.988517768 1414825881 1578713 28363  10698
16.000516488 1416523247 1697366 28349  8001
16.012529661 1418517179 1993932 28358  9342
16.024516408 1420008571 1491392 28358  10614
16.036517939 1421797400 1788829 28359  8636
16.048527802 1423799574 2002174 28360  9103
16.060518649 1425305403 1505829 28361  10889
16.072515575 1427081751 1776348 28372  8643
16.084526115 1429077189 1995438 28359  9206
16.096529885 1430666038 1588849 28356  10807
16.108529825 1432353052 1687014 28366  8044
16.120528763 1434329768 1976716 28352  9505
16.132517755 1435757890 1428122 28364  10447
16.144517366 1437622786 1864896 28360  8168
16.156528146 1439613930 1991144 28365  9280
16.168517836 1441121257 1507327 28360  10668
16.180529283 1442897339 1776082 28361  8354
16.192531830 1444896598 1999259 28361  9158
16.204528297 1446417673 1521075 28353  10591
16.216528827 1448165804 1748131 28351  8296
16.228516627 1450156310 1990506 28365  9685
16.240516517 1451564777 1408467 28365  10466
16.252537184 1453443539 1878762 28371  8450
16.264516757 1455428768 1985229 28354  9512
16.276516441 1456928294 1499526 28367  10839
16.288529491 1458723025 1794731 28363  8215
16.300528448 1460701828 1978803 28356  9370
16.312528991 1462140374 1438546 28366  10689
16.324515691 1463991237 1850863 28349  7922
16.336529352 1465978001 1986764 28357  9317
16.348530202 1467505708 1527707 28354  10640
16.360517438 1469271025 1765317 28369  8295
16.372516655 1471258710 1987685 28362  8907
16.384532205 1472783515 1524805 28375  10948
16.396525178 1474544580 1761065 28370  8161
16.408534896 1476529337 1984757 28355  8884
16.420516569 1477954292 1424955 28369  10473
16.432528516 1479823028 1868736 28361  7899
16.444529416 1481816430 1993402 28354  8931
16.456516743 1483399720 1583290 28358  10581
16.468517559 1485102947 1703227 28360  8424
16.480516033 1487080916 1977969 28374  9020
16.492529269 1488507896 1426980 28356  10932
16.504515593 1490352803 1844907 28363  7917
16.516516976 1492341661 1988858 28355  9224
16.528530274 1493813783 1472122 28363  10783
16.540530370 1495631333 1817550 28360  8217
16.552516370 1497622463 1991130 28352  9048
16.564536464 1499115464 1493001 28363  10629
16.576529110 1500911712 1796248 28359  8459
16.588528180 1502886092 1974380 28351  9070
16.600517407 1504307398 1421306 28358  10465
16.612516091 1506171697 1864299 28358  7190
16.624530161 1508160990 1989293 28355  9384
16.636526595 1509652530 1491540 28356  10710
16.648512338 1511454284 1801754 28358  7751
16.660515751 1513443077 1988793 28358  9345
16.672531535 1514912528 1469451 28362  10668
16.684526258 1516710992 1798464 28348  7929
16.696518515 1518698761 1987769 28360  9407
16.708517666 1520184391 1485630 28365  10530
16.720528012 1521992673 1808282 28369  8365
16.732523686 1523988116 1995443 28357  8764
16.744516312 1525509362 1521246 28353  10480
16.756518269 1527272145 1762783 28368  7923
16.768528569 1529262911 1990766 28360  8550
16.780529207 1530682391 1419480 28354  10763
16.792516789 1532543338 1860947 28358  7951
16.804516809 1534527787 1984449 28365  8753
16.816516317 1536066736 1538949 28373  10625
16.828529343 1537829957 1763221 28355  8454
16.840518093 1539842428 2012471 28354  7922
16.852515970 1541560000 1717572 28366  10615
16.864528621 1543128695 1568695 28361  9349
16.876530161 1545114959 1986264 28352  7459
16.888526247 1546808567 1693608 28366  10309
16.900529794 1548395694 1587127 28367  9121
16.912527511 1550412172 2016478 28375  7476
16.924529194 1552173629 1761457 28360  10389
16.936516804 1553669819 1496190 28369  9017
16.948518401 1555690326 2020507 28360  7420
16.960530315 1557414782 1724456 28352  10350
16.972529872 1558934969 1520187 28361  9399
16.984527592 1560929822 1994853 28363  7284
16.996515249 1562654710 1724888 28359  10821
17.008530409 1564213280 1558570 28361  9483
17.020528619 1566226007 2012727 28357  7104
17.032517505 1567959337 1733330 28361  10405
17.044525366 1569478137 1518800 28363  8989
17.056530256 1571460054 1981917 28358  7563
17.068515216 1573123320 1663266 28368  10378
17.080517320 1574738551 1615231 28360  8773
17.092516610 1576734607 1996056 28360  7677
17.104530266 1578456794 1722187 28367  10384
17.116528886 1580015590 1558796 28360  9277
17.128519503 1582013155 1997565 28360  7198
17.140515506 1583765815 1752660 28357  10364
17.152516310 1585279780 1513965 28363  9098
17.164528301 1587274448 1994668 28364  7785
17.176514677 1588944578 1670130 28376  10147
17.188516254 1590559809 1615231 28368  9509
17.200538698 1592569318 2009509 28357  7470
17.212530868 1594317601 1748283 28366  10325
17.224516664 1595826452 1508851 28365  9006
17.236515264 1597812013 1985561 28371  7438
17.248527615 1599484735 1672722 28368  10546
17.260529228 1601084670 1599935 28364  8657
17.272516632 1603093106 2008436 28362  7529
17.284517342 1604832143 1739037 28364  10538
17.296529988 1606357955 1525812 28366  9029
17.308529268 1608345267 1987312 28355  6974
17.320528093 1610074357 1729090 28361  10783
17.332514602 1611626378 1552021 28355  8919
17.344529213 1613609025 1982647 28368  7799
17.356528176 1615231140 1622115 28352  10513
17.368538166 1616883043 1651903 28359  8449
17.380520003 1618886797 2003754 28361  8420
17.392528516 1620602783 1715986 28356  10427
17.404516966 1622180264 1577481 28358  8955
17.416515909 1624163109 1982845 28362  7222
17.428522080 1625835513 1672404 28366  10483
17.440528434 1627427065 1591552 28356  8834
17.452532120 1629430048 2002983 28357  7457
17.464516047 1631137700 1707652 28365  10622
17.476518127 1632700999 1563299 28356  9025
17.488515830 1634702224 2001225 28346  7200
17.500526887 1636437548 1735324 28373  10309
17.512515488 1637975044 1537496 28360  9164
17.524523088 1639956901 1981857 28366  7628
17.536517867 1641630996 1674095 28370  11251
17.548529185 1643237402 1606406 28370  8799
17.560514111 1645235153 1997751 28361  8245
17.572519279 1646945414 1710261 28369  10924
17.584529868 1648513507 1568093 28361  8994
17.596515985 1650511617 1998110 28355  7318
17.608517102 1652196274 1684657 28363  10468
17.620529416 1653772118 1575844 28361  8996
17.632529852 1655765994 1993876 28366  7689
17.644529999 1657514721 1748727 28367  10296
17.656529440 1659043783 1529062 28367  9239
17.668516052 1661056693 2012910 28349  7284
17.680537550 1662749665 1692972 28348  10423
17.692528520 1664316533 1566868 28361  9274
17.704527180 1666318836 2002303 28349  7262
17.716517597 1667978559 1659723 28356  10868
17.728531433 1669580965 1602406 28365  9028
17.740516823 1671570692 1989727 28376  7549
17.752515651 1673288074 1717382 28349  10763
17.764528768 1674856585 1568511 28365  9369
17.776515374 1676875865 2019280 28371  6951
17.788515598 1678552641 1676776 28364  10608
17.800516621 1680118357 1565716 28363  9237
17.812516381 1682101975 1983618 28369  7319
17.824517264 1683826584 1724609 28383  10310
17.836537839 1685386960 1560376 28361  9296
17.848521729 1687400833 2013873 28365  7149
17.860529699 1689136239 1735406 28353  10334
17.872517112 1690642998 1506759 28383  8618
17.884528679 1692636555 1993557 28364  7777
17.896515732 1694353618 1717063 28350  10344
17.908528909 1695912236 1558618 28357  9402
17.920528243 1697907816 1995580 28362  7324
17.932517576 1699601347 1693531 28359  10802
17.944529460 1701183589 1582242 28364  9338
17.956529120 1703187887 2004298 28354  7218
17.968529036 1704931704 1743817 28368  10370
17.980518293 1706442660 1510956 28356  8774
17.992528594 1708420938 1978278 28360  7818
18.004522424 1710014587 1593649 28363  10340
18.016529897 1711692077 1677490 28363  8290
18.028519594 1713680124 1988047 28362  8094
18.040529704 1715320645 1640521 28356  10451
18.052514014 1716957870 1637225 28360  8587
18.064517371 1718961332 2003462 28361  7840
18.076514857 1720707388 1746056 28361  10485
18.088516274 1722237994 1530606 28371  9114
18.100516645 1724232336 1994342 28353  7812
18.112515795 1725906308 1673972 28359  10130
18.124518735 1727511469 1605161 28352  9419
18.136516518 1729521550 2010081 28363  7601
18.148528992 1731273119 1751569 28357  10365
18.160524365 1732776993 1503874 28366  8999
18.172528029 1734756695 1979702 28358  7438
18.184515419 1736391386 1634691 28370  10546
18.196529013 1738025072 1633686 28371  8472
18.208516349 1740024014 1998942 28353  7738
18.220530569 1741733257 1709243 28360  10472
18.232528800 1743300784 1567527 28353  9038
18.244530510 1745281005 1980221 28363  6948
18.256528840 1746994946 1713941 28365  10799
18.268516084 1748565349 1570403 28368  9021
18.280528864 1750552700 1987351 28365  7629
18.292529137 1752236919 1684219 28369  10542
18.304529304 1753833241 1596322 28364  9053
18.316537545 1755823708 1990467 28349  7880
18.328531881 1757590249 1766541 28371  10397
18.340516278 1759109806 1519557 28356  9105
18.352530271 1761097464 1987658 28351  7131
18.364516605 1762798437 1700973 28378  10530
18.376529151 1764354013 1555576 28357  8907
18.388528168 1766335389 1981376 28365  7199
18.400530112 1767996073 1660684 28356  10605
18.413847939 1769667957 1671884 30718  10584
18.425528526 1771658112 1990155 28354  7022
18.437527666 1773641442 1983330 28354  9364
18.449524364 1774987791 1346349 28366  10294
18.461516203 1776919056 1931265 28356  6701
18.473539984 1778782802 1863746 28368  10131
18.485517164 1780178325 1395523 28373  9711
18.497529440 1782184778 2006453 28362  7143
18.509517930 1784118899 1934121 28359  10464
18.521516350 1785449562 1330663 28355  10166
18.533518475 1787446937 1997375 28361  6323
18.545516977 1789206094 1759157 28358  11132
18.557519201 1790684171 1478077 28361  9426
18.569517401 1792675998 1991827 28359  7064
18.581517171 1794420269 1744271 28362  10478
18.593516061 1795940095 1519826 28360  9441
18.605516209 1797953522 2013427 28367  7087
18.617528956 1799672242 1718720 28354  10355
18.629532136 1801205577 1533335 28366  9428
18.641523889 1803207070 2001493 28361  7204
18.653529182 1804880044 1672974 28354  10847
18.665528722 1806465423 1585379 28366  9090
18.677528889 1808451406 1985983 28362  7524
18.689529120 1810167151 1715745 28362  10721
18.701517382 1811738100 1570949 28372  9332
18.713529090 1813749024 2010924 28357  6916
18.725528333 1815440541 1691517 28369  10634
18.737528313 1817003619 1563078 28354  9347
18.749516663 1818985293 1981674 28356  7269
18.761527921 1820706992 1721699 28365  10308
18.773528774 1822270908 1563916 28376  9296
18.785517238 1824279164 2008256 28361  7186
18.797524421 1826011146 1731982 28354  10339
18.809529421 1827530334 1519188 28365  8700
18.821517101 1829525249 1994915 28370  7624
18.833515441 1831192591 1667342 28356  10310
18.845516458 1832796035 1603444 28361  9296
18.857516054 1834781441 1985406 28361  7454
18.869530245 1836421394 1639953 28367  10774
18.881516702 1838060936 1639542 28355  9038
18.893517109 1840054875 1993939 28361  7506
18.905517675 1841744803 1689928 28364  10388
18.917528523 1843331370 1586567 28373  8812
18.929516756 1845309359 1977989 28365  7747
18.941516676 1846941448 1632089 28357  10307
18.953540146 1848587697 1646249 28350  8515
18.965529480 1850582983 1995286 28362  7820
18.977515886 1852299761 1716778 28359  10412
18.989530457 1853862933 1563172 28368  9137
19.001528477 1855855454 1992521 28367  7284
19.013529084 1857565855 1710401 28363  10285
19.025528904 1859121943 1556088 28363  8940
19.037518804 1861107587 1985644 28367  7964
19.049527037 1862689183 1581596 28359  10157
19.061528801 1864374254 1685071 28375  8524
19.073531828 1866373257 1999003 28369  8416
19.085510534 1868046866 1673609 28355  10478
19.097529378 1869657422 1610556 28349  8719
19.109537422 1871629696 1972274 28349  7685
19.121515835 1873178156 1548460 28365  10406
19.133517278 1874887177 1709021 28355  7564
19.145529839 1876868627 1981450 28352  8707
19.157516539 1878419758 1551131 28367  10309
19.169517859 1880149062 1729304 28359  7767
19.181515696 1882127244 1978182 28362  8404
19.193517173 1883630947 1503703 28362  10660
19.205528366 1885417210 1786263 28363  7768
19.217528747 1887398488 1981278 28354  8878
19.229518790 1888803359 1404871 28369  10470
19.241516573 1890676518 1873159 28352  7478
19.253528077 1892654814 1978296 28361  9293
19.265515890 1894159021 1504207 28360  10491
19.277526637 1895956881 1797860 28373  7579
19.289528730 1897935888 1979007 28354  8606
19.301529721 1899402140 1466252 28367  10535
19.313531665 1901198935 1796795 28368  7287
19.325527651 1903177615 1978680 28355  8821
19.337529471 1904605497 1427882 28368  10423
19.349527395 1906467363 1861866 28362  7690
19.361529741 1908446352 1978989 28353  8592
19.373514926 1909823742 1377390 28361  10008
19.385527759 1911727088 1903346 28363  7623
19.397528372 1913690750 1963662 28358  9255
19.409517399 1914979380 1288630 28372  10550
19.421516626 1916974990 1995610 28354  6126
19.433530729 1918867887 1892897 28363  10570
19.445530026 1920233611 1365724 28360  10383
19.457516197 1922238541 2004930 28364  6829
19.469530463 1924167809 1929268 28365  9808
19.481528627 1925496054 1328245 28371  9813
19.493531620 1927489203 1993149 28350  6507
19.505516963 1929192944 1703741 28353  10436
19.517529203 1930728770 1535826 28365  9000
19.529516851 1932722139 1993369 28359  7372
19.541516647 1934446520 1724381 28371  10452
19.553529034 1935981937 1535417 28351  8975
19.565529104 1937973830 1991893 28362  7461
19.577517184 1939714619 1740789 28364  10406
19.589523274 1941246654 1532035 28360  9125
19.601529362 1943237353 1990699 28355  7769
19.613516415 1944872144 1634791 28359  10197
19.625517629 1946508064 1635920 28358  9114
19.637516725 1948500689 1992625 28365  7792
19.649528736 1950200647 1699958 28351  10330
19.661517325 1951774701 1574054 28372  8832
19.673517196 1953751793 1977092 28367  7608
19.685515506 1955373199 1621406 28361  10486
19.697528610 1957016896 1643697 28361  8210
19.709529610 1959011041 1994145 28357  8072
19.721518513 1960680267 1669226 28350  10462
19.733516616 1962290717 1610450 28356  8736
19.745536654 1964273275 1982558 28368  7150
19.757517497 1965931064 1657789 28358  10752
19.769515731 1967550558 1619494 28360  8752
19.781531371 1969528255 1977697 28356  7984
19.793528312 1971069025 1540770 28362  10438
19.805517197 1972785737 1716712 28356  7846
19.817516655 1974773249 1987512 28371  9034
19.829531508 1976289338 1516089 28362  10440
19.841514742 1978053009 1763671 28366  7589
19.853529265 1980024890 1971881 28360  8637
19.865516935 1981410997 1386107 28374  10496
19.877516315 1983282937 1871940 28361  7028
19.889527749 1985269105 1986168 28351  9177
19.901528319 1986654514 1385409 28368  10453
19.913536106 1988548038 1893524 28365  7361
19.925518209 1990530094 1982056 28362  8928
19.937527149 1991950660 1420566 28358  10065
19.949516813 1993820198 1869538 28361  7823
19.961516089 1995789664 1969466 28358  9048
19.973516440 1997129770 1340106 28358  10403
19.985528830 1999066947 1937177 28374  6770
19.997517597 2001051065 1984118 28367  9945
20.009516707 2002464132 1413067 28359  10590
20.021517027 2004343861 1879729 28371  7531
20.033529615 2006329984 1986123 28355  8725
20.045529625 2007797647 1467663 28356  10360
20.057517225 2009592826 1795179 28357  7259
20.069536145 2011567117 1974291 28356  9196
20.081517325 2012919442 1352325 28370  10172
20.093518329 2014851503 1932061 28367  7396
20.105516668 2016837058 1985555 28365  9053
20.117529982 2018222514 1385456 28363  10286
20.129530912 2020117131 1894617 28359  7298
20.141528066 2022098693 1981562 28356  9098
20.153528562 2023430854 1332161 28359  10537
20.165529273 2025368886 1938032 28357  6837
20.177529577 2027254707 1885821 28368  9762
20.189528460 2028622948 1368241 28366  10150
20.201515373 2030626109 2003161 28366  7090
20.213516497 2032573357 1947248 28371  9692
20.225538941 2033883470 1310113 28353  10013
20.237529181 2035879754 1996284 28351  6405
20.249528961 2037585969 1706215 28356  10484
20.261516344 2039103823 1517854 28363  8669
20.273516061 2041089013 1985190 28362  7461
20.285528578 2042830108 1741095 28365  10467
20.297515698 2044366675 1536567 28354  9041
20.309517949 2046347763 1981088 28365  6958
20.321528595 2048046576 1698813 28360  10754
20.333517435 2049617697 1571121 28366  8631
20.345510925 2051598666 1980969 28376  7957
20.357515739 2053150306 1551640 28361  10426
20.369516389 2054852347 1702041 28359  7784
20.381528936 2056843587 1991240 28371  9011
20.393541546 2058424975 1581388 28364  10391
20.405530183 2060117037 1692062 28367  7542
20.417516830 2062095967 1978930 28353  8600
20.429531254 2063571184 1475217 28352  10493
20.441515480 2065353975 1782791 28353  7289
20.453529561 2067328088 1974113 28354  8881
20.465528851 2068719099 1391011 28363  10411
20.477515634 2070607653 1888554 28361  7360
20.489516517 2072585088 1977435 28360  8976
20.501526895 2073936327 1351239 28355  9976
20.513530368 2075866422 1930095 28355  7373
20.525515865 2077798504 1932082 28356  9387
20.537516565 2079113419 1314915 28365  10204
20.549525518 2081097890 1984471 28356  6158
20.561516905 2082785461 1687571 28364  10780
20.573516182 2084344004 1558543 28362  9406
20.585530476 2086327641 1983637 28362  7128
20.597528163 2088047253 1719612 28369  10331
20.609529106 2089600284 1553031 28367  9007
20.621515696 2091561247 1960963 28354  7506
20.633517286 2093098995 1537748 28353  10214
20.645516180 2094813699 1714704 28375  7519
20.657528810 2096793259 1979560 28362  8745
20.669527864 2098272588 1479329 28353  10409
20.681528884 2100059225 1786637 28368  7410
20.693515627 2102033223 1973998 28364  8878
20.705537048 2103406707 1373484 28367  10270
20.717517161 2105300241 1893534 28367  6584
20.729530828 2107112766 1812525 28362  10264
20.741530258 2108540993 1428227 28364  9121
20.753517051 2110551567 2010574 28367  7376
20.765517265 2112262686 1711119 28360  10728
20.777515881 2113789639 1526953 28365  9047
20.789529529 2115772175 1982536 28365  7223
20.801515675 2117400183 1628008 28366  10311
20.813515909 2119020217 1620034 28371  8352
20.825529729 2120999192 1978975 28361  7966
20.837527836 2122555788 1556596 28354  10211
20.849529089 2124262961 1707173 28376  8088
20.861536197 2126249870 1986909 28357  8355
20.873518017 2127759729 1509859 28354  10271
20.885528357 2129515097 1755368 28356  7755
20.897516783 2131494791 1979694 28364  8569
20.909515403 2132850941 1356150 28355  10575
20.921530951 2134753015 1902074 28362  6988
20.933527684 2136681327 1928312 28356  9554
20.945529371 2138009246 1327919 28364  10351
20.957517131 2140006576 1997330 28360  7118
20.969529144 2141991866 1985290 28350  9410
20.981529222 2143316925 1325059 28367  10355
20.993515764 2145260482 1943557 28373  6617
21.005516579 2147109486 1849004 28358  9891
21.017521502 2148507683 1398197 28366  9768
21.029524262 2150506554 1998871 28368  6403
21.041518166 2152389167 1882613 28358  10413
21.053516729 2153758892 1369725 28366  9805
21.065529776 2155751574 1992682 28358  6010
21.077527980 2157474601 1723027 28366  10788
21.089529537 2158989207 1514606 28362  8920
21.101515996 2160956386 1967179 28353  7657
21.113516201 2162469020 1512634 28358  10398
21.125517057 2164206962 1737942 28369  7728
21.137516331 2166180595 1973633 28345  9130
21.149516567 2167687677 1507082 28360  10429
21.161528315 2169469624 1781947 28365  7478
21.173527857 2171437885 1968261 28352  8697
21.185523538 2172806625 1368740 28357  10428
21.197529565 2174693883 1887258 28362  6693
21.209528582 2176670615 1976732 28350  9382
21.221529482 2178003517 1332902 28366  10339
21.233515065 2179945504 1941987 28373  6978
21.245515408 2181879526 1934022 28364  9395
21.257528976 2183190451 1310925 28372  9386
21.269529973 2185194395 2003944 28364  6830
21.281527989 2186894798 1700403 28364  10287
21.293529333 2188414588 1519790 28362  8990
21.305529517 2190395288 1980700 28364  7614
21.317528100 2191990235 1594947 28364  10705
21.329515687 2193659903 1669668 28366  8537
21.341537037 2195643348 1983445 28357  8060
21.353529054 2197262896 1619548 28364  10293
21.365516434 2198903826 1640930 28368  7670
21.377517070 2200865974 1962148 28353  8819
21.389529311 2202209130 1343156 28364  10147
21.401529391 2204137027 1927897 28355  7038
21.413527661 2206116760 1979733 28362  9265
21.425517258 2207545443 1428683 28360  10400
21.437516618 2209395747 1850304 28368  7362
21.449527422 2211373658 1977911 28370  8875
21.461516271 2212795950 1422292 28358  10309
21.473528749 2214648583 1852633 28364  7393
21.485515896 2216583535 1934952 28361  9526
21.497524002 2217896788 1313253 28365  9664
21.509517013 2219896533 1999745 28370  6973
21.521529560 2221775610 1879077 28367  10414
21.533528703 2223147191 1371581 28372  9764
21.545529427 2225139283 1992092 28357  6447
21.557516443 2226772505 1633222 28354  10296
21.569530964 2228357451 1584946 28363  8477
21.581528574 2230326907 1969456 28367  7848
21.593515278 2231866180 1539273 28365  10226
21.605527728 2233585983 1719803 28372  7898
21.617528018 2235570729 1984746 28361  8567
21.629530359 2236982967 1412238 28360  10248
21.641517718 2238834583 1851616 28359  7409
21.653524665 2240813672 1979089 28366  8958
21.665529775 2242178202 1364530 28361  10631
21.677527792 2244084390 1906188 28376  7135
21.689529349 2246007244 1922854 28358  9431
21.701515422 2247333249 1326005 28364  10293
21.713517840 2249334644 2001395 28366  7318
21.725526096 2251317017 1982373 28361  9397
21.737529976 2252628990 1311973 28359  10350
21.749517110 2254585236 1956246 28369  6507
21.761529817 2256367988 1782752 28352  10066
21.773515333 2257824103 1456115 28368  9492
21.785516064 2259830677 2006574 28374  6695
21.797516691 2261665315 1834638 28365  10418
21.809527668 2263082284 1416969 28364  9829
21.821536568 2265078540 1996256 28362  6081
21.833517368 2266793982 1715442 28361  10756
21.845529462 2268302384 1508402 28363  8580
21.857528705 2270273109 1970725 28360  7985
21.869515615 2271759052 1485943 28367  10430
21.881529996 2273521527 1762475 28361  7400
21.893515873 2275492933 1971406 28365  9444
21.905528656 2276976310 1483377 28363  10512
21.917515579 2278781559 1805249 28368  7187
21.929529249 2280738410 1956851 28359  9017
21.941515893 2282014152 1275742 28360  10172
21.953516779 2283997826 1983674 28362  6148
21.965526574 2285698238 1700412 28362  10222
21.977525404 2287234044 1535806 28367  9189
21.989516534 2289211684 1977640 28361  7241
22.001515857 2290908354 1696670 28363  10317
22.013517414 2292473093 1564739 28352  8385
22.025515584 2294462007 1988914 28360  7903
22.037528638 2296091955 1629948 28373  10280
22.049516258 2297718061 1626106 28350  8689
22.061530105 2299694257 1976196 28360  7929
22.073514352 2301208835 1514578 28361  10611
22.085528276 2302956984 1748149 28374  8254
22.097529106 2304941438 1984454 28360  8493
22.109516489 2306491814 1550376 28367  10208
22.121528670 2308194987 1703173 28366  7248
22.133529513 2310114938 1919951 28351  9327
22.145530057 2311421816 1306878 28365  9635
22.157529177 2313422113 2000297 28365  6337
22.169529930 2315224258 1802145 28365  10511
22.181528943 2316668687 1444429 28360  9751
22.193529624 2318667722 1999035 28352  6399
22.205515100 2320373566 1705844 28373  10321
22.217529281 2321903716 1530150 28382  9128
22.229515711 2323869383 1965667 28360  7460
22.241515951 2325444183 1574800 28366  10605
22.253515462 2327109790 1665607 28368  7143
22.265529925 2329081526 1971736 28355  9261
22.277529449 2330503622 1422096 28355  10625
22.289517025 2332360343 1856721 28380  7427
22.301535663 2334337499 1977156 28364  8800
22.313517492 2335704983 1367484 28361  10279
22.325515793 2337592058 1887075 28358  6651
22.337516459 2339437062 1845004 28355  9683
22.349516253 2340836407 1399345 28356  9842
22.361530080 2342833399 1996992 28378  6628
22.373527053 2344647497 1814098 28366  10196
22.385516826 2346077914 1430417 28359  9784
22.397525971 2348085306 2007392 28364  6590
22.409516927 2349804684 1719378 28360  10339
22.421514621 2351296107 1491423 28362  8734
22.433532105 2353272072 1975965 28363  8040
22.445515844 2354783464 1511392 28357  10179
22.457536515 2356529370 1745906 28364  8148
22.469517288 2358512953 1983583 28374  8731
22.481528652 2360052936 1539983 28362  10332
22.493529818 2361768396 1715460 28357  7367
22.505516965 2363694606 1926210 28363  9066
22.517517042 2364986953 1292347 28359  9478
22.529529699 2366965180 1978227 28356  6576
22.541516259 2368681302 1716122 28369  10265
22.553527369 2370212900 1531598 28379  9147
22.565516313 2372192114 1979214 28366  7223
22.577529660 2373819623 1627509 28368  10387
22.589516497 2375450143 1630520 28377  8561
22.601516537 2377427445 1977302 28373  7789
22.613524014 2378937925 1510480 28357  10640
22.625516570 2380674046 1736121 28359  7628
22.637529438 2382633138 1959092 28367  8871
22.649517198 2384012630 1379492 28368  10423
22.661515681 2385909688 1897058 28360  7260
22.673530021 2387890845 1981157 28359  9188
22.685528252 2389193882 1303037 28350  10360
22.697516822 2391150735 1956853 28362  6263
22.709527329 2392858997 1708262 28355  10211
22.721515516 2394365496 1506499 28362  8645
22.733529996 2396340617 1975121 28367  7395
22.745526050 2397980116 1639499 28362  10407
22.757517532 2399610271 1630155 28357  8724
22.769525833 2401573236 1962965 28363  7173
22.781517387 2403135234 1561998 28370  10618
22.793527823 2404826876 1691642 28360  7608
22.805516294 2406792723 1965847 28365  8996
22.817528068 2408089440 1296717 28362  10350
22.829531054 2410059153 1969713 28375  6671
22.841517151 2412019442 1960289 28361  10083
22.853529782 2413310876 1291434 28374  10198
22.865516454 2415311370 2000494 28372  6550
22.877515662 2417148763 1837393 28354  9660
22.889516869 2418544072 1395309 28354  9780
22.901515925 2420520348 1976276 28354  6626
22.913526350 2422208729 1688381 28368  10127
22.925528706 2423769695 1560966 28365  9020
22.937536236 2425747143 1977448 28359  7408
22.949516106 2427442027 1694884 28373  10237
22.961515746 2429001262 1559235 28361  8052
22.973516816 2430989763 1988501 28372  8175
22.985515677 2432571089 1581326 28369  10251
22.997518237 2434219571 1648482 28363  7630
23.009529001 2436147440 1927869 28359  9018
23.021529405 2437455623 1308183 28365  10034
23.033529534 2439452842 1997219 28364  7305
23.045515768 2441381290 1928448 28366  9880
23.057528508 2442707747 1326457 28368  9748
23.069528362 2444675174 1967427 28363  6278
23.081516565 2446315635 1640461 28360  10407
23.093525529 2447901829 1586194 28362  8495
23.105528689 2449882969 1981140 28358  7562
23.117527333 2451511283 1628314 28362  10567
23.129529896 2453143348 1632065 28349  8417
23.141528526 2455112417 1969069 28363  7745
23.153528584 2456610685 1498268 28351  10205
23.165529194 2458372057 1761372 28379  7735
23.177527520 2460325475 1953418 28357  8914
23.189528560 2461630151 1304676 28363  10344
23.201528407 2463594702 1964551 28374  5983
23.213515860 2465435176 1840474 28378  10594
23.225516345 2466839695 1404519 28362  10070
23.237516481 2468834409 1994714 28373  6320
23.249534911 2470541016 1706607 28356  10276
23.261518351 2472054931 1513915 28354  8612
23.273528462 2474016277 1961346 28371  7787
23.285516529 2475512698 1496421 28362  10176
23.297515562 2477258905 1746207 28359  7264
23.309516922 2479227526 1968621 28356  8929
23.321515516 2480695961 1468435 28357  10321
23.333529300 2482491904 1795943 28360  7080
23.345516417 2484452091 1960187 28354  9123
23.357528813 2485741677 1289586 28351  10053
23.369528950 2487726625 1984948 28360  6271
23.381528107 2489434741 1708116 28352  10724
23.393528994 2490949370 1514629 28357  8522
23.405536378 2492928824 1979454 28362  7909
23.417531308 2494587442 1658618 28361  10684
23.429529038 2496189156 1601714 28361  8500
23.441516854 2498164251 1975095 28363  7688
23.453529559 2499712975 1548724 28355  10275
23.465516182 2501396485 1683510 28365  7432
23.477529225 2503315224 1918739 28360  8918
23.489529285 2504631168 1315944 28353  10035
23.501529110 2506617066 1985898 28364  6344
23.513528336 2508457632 1840566 28364  10083
23.525527616 2509850763 1393131 28359  9523
23.537528706 2511844211 1993448 28365  6774
23.549496263 2513510307 1666096 28369  10232
23.561528967 2515064879 1554572 28371  8493
23.573535941 2517037013 1972134 28360  8228
23.585517171 2518488074 1451061 28353  10097
23.597526797 2520294673 1806599 28371  7930
23.609516434 2522277216 1982543 28370  8849
23.621516037 2523802521 1525305 28372  10340
23.633517682 2525534658 1732137 28360  7343
23.645515682 2527455993 1921335 28363  8989
23.657515958 2528746117 1290124 28369  9453
23.669528276 2530708879 1962762 28360  6643
23.681527879 2532444734 1735855 28363  10189
23.693516613 2533969376 1524642 28366  9175
23.705529023 2535953493 1984117 28362  7119
23.717527739 2537584932 1631439 28361  10348
23.729524704 2539206338 1621406 28359  8715
23.741518236 2541185529 1979191 28359  7523
23.753529720 2542739170 1553641 28362  10593
23.765517324 2544415856 1676686 28355  7513
23.777529020 2546374142 1958286 28369  9002
23.789516581 2547718845 1344703 28378  10397
23.801529021 2549645359 1926514 28376  7083
23.813529728 2551624003 1978644 28363  9234
23.825516585 2552947127 1323124 28368  10331
23.837515138 2554881790 1934663 28355  6214
23.849516301 2556591124 1709334 28362  10245
23.861528709 2558092012 1500888 28357  8432
23.873516742 2560069901 1977889 28373  7581
23.885523669 2561738161 1668260 28357  10379
23.897529657 2563338005 1599844 28357  8636
23.909528713 2565303184 1965179 28360  7228
23.921529883 2566878739 1575555 28351  10605
23.933516763 2568554797 1676058 28352  7491
23.945516760 2570482514 1927717 28355  9133
23.957528488 2571784696 1302182 28355  9896
23.969515741 2573785086 2000390 28365  6391
23.981528764 2575514344 1729258 28360  10708
23.993515961 2577019356 1505012 28364  9098
24.005516481 2579002660 1983304 28369  6954
24.017528095 2580625986 1623326 28362  10458
24.029516785 2582244091 1618105 28360  8064
24.041523755 2584201035 1956944 28356  8367
24.053527992 2585540797 1339762 28361  10172
24.065517329 2587468016 1927219 28366  6864
24.077529036 2589415173 1947157 28369  9546
24.089515493 2590726847 1311674 28367  10117
24.101529286 2592718632 1991785 28359  5623
24.113529343 2594548342 1829710 28362  10708
24.125529031 2595973901 1425559 28374  9688
24.137527804 2597945490 1971589 28365  6889
24.149515827 2599596225 1650735 28354  10450
24.161528727 2601206840 1610615 28367  8601
24.173527755 2603197542 1990702 28357  8148
24.185516175 2604895386 1697844 28353  10384
24.197528265 2606482310 1586924 28373  8655
24.209536142 2608441811 1959501 28368  7402
24.221515972 2609898760 1456949 28344  10517
24.233517025 2611677201 1778441 28364  6882
24.245517702 2613604416 1927215 28353  9215
24.257515849 2614922887 1318471 28370  9922
24.269515756 2616920512 1997625 28372  6419
24.281515726 2618655441 1734929 28350  10300
24.293517377 2620144546 1489105 28355  8346
24.305515780 2622137147 1992601 28358  7941
24.317527854 2623768089 1630942 28365  10328
24.329516784 2625390941 1622852 28368  8454
24.341516520 2627368994 1978053 28365  8200
24.353528768 2628848061 1479067 28365  10612
24.365524455 2630633565 1785504 28367  7862
24.377517021 2632608589 1975024 28373  8805
24.389515668 2634007663 1399074 28376  10135
24.401517118 2635876433 1868770 28365  6713
24.413529549 2637728584 1852151 28357  9815
24.425528972 2639118756 1390172 28364  9640
24.437516066 2641107642 1988886 28355  6268
24.449529109 2642788682 1681040 28363  10523
24.461527627 2644349870 1561188 28367  8971
24.473516153 2646323376 1973506 28347  7108
24.485515887 2647957365 1633989 28356  10329
24.497516360 2649592926 1635561 28373  8374
24.509514553 2651559171 1966245 28367  8273
24.521523721 2653011167 1451996 28349  10463
24.533528368 2654817767 1806600 28359  6765
24.545515148 2656793625 1975858 28369  9695
24.557530121 2658184482 1390857 28367  10424
24.569528745 2660076397 1891915 28366  7103
24.581529032 2662023233 1946836 28365  9206
24.593518572 2663321275 1298042 28358  9686
24.605516779 2665298881 1977606 28345  6560
24.617515482 2666975479 1676598 28358  10297
24.629529653 2668541891 1566412 28361  8561
24.641527970 2670522921 1981030 28360  7529
24.653527340 2672178012 1655091 28366  10317
24.665528191 2673783170 1605158 28356  8349
24.677535314 2675760875 1977705 28360  7896
24.689529084 2677273060 1512185 28362  10173
24.701516741 2679005585 1732525 28371  7294
24.713528301 2680929526 1923941 28363  9528
24.725515498 2682251029 1321503 28365  9462
24.737528402 2684255327 2004298 28360  6963
24.749515212 2686145849 1890522 28365  10528
24.761517022 2687507627 1361778 28353  9709
24.773528829 2689494516 1986889 28358  6362
24.785527623 2691159896 1665380 28363  10307
24.797516983 2692719129 1559233 28355  8361
24.809515876 2694688668 1969539 28353  7828
24.821516543 2696245449 1556781 28368  10106
24.833529154 2697947572 1702123 28366  7623
24.845523617 2699927702 1980130 28360  8661
24.857516890 2701344494 1416792 28374  10246
24.869528547 2703189679 1845185 28367  6922
24.881515725 2705133108 1943429 28356  9377
24.893528378 2706421378 1288270 28362  9625
24.905516795 2708398560 1977182 28365  7063
24.917528581 2710076441 1677881 28364  10037
24.929517588 2711664934 1588493 28360  9276
24.941516206 2713642586 1977652 28365  7415
24.953516116 2715316190 1673604 28361  10345
24.965528696 2716911585 1595395 28357  8473
24.977528322 2718873541 1961956 28356  7754
24.989528557 2720260801 1387260 28360  10214
25.001537313 2722110791 1849990 28355  6420
25.013527943 2724047937 1937146 28362  9683
25.025528474 2725363505 1315568 28362  10039
25.037517670 2727360203 1996698 28356  6610
25.049529161 2729211358 1851155 28353  9697
25.061528201 2730616879 1405521 28370  10070
25.073516628 2732608741 1991862 28361  6242
25.085529619 2734231396 1622655 28359  10680
25.097528829 2735828187 1596791 28365  8369
25.109528642 2737805152 1976965 28375  8040
25.121528382 2739377191 1572039 28350  10405
25.133516429 2741061707 1684516 28368  7733
25.145515536 2743043210 1981503 28363  8415
25.157525390 2744411350 1368140 28364  10310
25.169529070 2746291494 1880144 28364  6498
25.181516766 2748036940 1745446 28364  9856
25.193516580 2749517525 1480585 28354  8980
25.205528547 2751494821 1977296 28370  6987
25.217516194 2753200344 1705523 28375  10382
25.229528644 2754753611 1553267 28372  8589
25.241516831 2756720518 1966907 28357  7282
25.253515474 2758278645 1558127 28362  10588
25.265511958 2759973385 1694740 28359  7373
25.277515982 2761897730 1924345 28358  9197
25.289515765 2763202432 1304702 28354  9648
25.301516318 2765190335 1987903 28363  6613
25.313535566 2766900344 1710009 28359  10660
25.325530649 2768435989 1535645 28367  9042
25.337516566 2770418158 1982169 28363  6924
25.349528987 2772043675 1625517 28355  10411
25.361528333 2773660468 1616793 28349  8104
25.373517497 2775618255 1957787 28355  8183
25.385515984 2776987283 1369028 28382  10112
25.397517140 2778877170 1889887 28358  6855
25.409529301 2780856032 1978862 28366  9453
25.421528098 2782254812 1398780 28364  10192
25.433528465 2784125204 1870392 28356  6015
25.445528992 2786008489 1883285 28367  10213
25.457529875 2787372652 1364163 28357  9644
25.469528416 2789339539 1966887 28358  6790
25.481522932 2790989412 1649873 28362  10371
25.493516912 2792595998 1606586 28371  8616
25.505529517 2794579199 1983201 28369  8121
25.517530000 2796231475 1652276 28365  10321
25.529517853 2797860193 1628718 28358  8526
25.541530123 2799820057 1959864 28362  7461
25.553528540 2801304184 1484127 28364  10414
25.565529581 2803052680 1748496 28356  6917
25.577516567 2804973582 1920902 28355  9051
25.589516461 2806291520 1317938 28357  9856
25.601529304 2808289191 1997671 28351  6584
25.613516281 2810139245 1850054 28361  10158
25.625516099 2811534151 1394906 28362  9168
25.637523019 2813542996 2008845 28355  6969
25.649528899 2815241795 1698799 28359  10228
25.661528880 2816755378 1513583 28369  8737
25.673516559 2818727430 1972052 28358  7776
25.685519636 2820202561 1475131 28359  10604
25.697529400 2821983202 1780641 28380  7912
25.709516133 2823954902 1971700 28358  8666
25.721528054 2825433266 1478364 28374  10110
25.733515444 2827216312 1783046 28350  6550
25.745528614 2829041746 1825434 28367  9703
25.757526692 2830443823 1402077 28359  9283
25.769515984 2832431842 1988019 28350  6623
25.781529248 2834123172 1691330 28364  10441
25.793536142 2835678871 1555699 28365  8913
25.805528882 2837643251 1964380 28365  7109
25.817515463 2839244212 1600961 28361  10196
25.829516909 2840902787 1658575 28371  7938
25.841528133 2842864738 1961951 28362  8627
25.853529889 2844236828 1372090 28373  10365
25.865516346 2846123135 1886307 28354  5961
25.877529297 2847974163 1851028 28360  10449
25.889538954 2849367863 1393700 28368  9909
25.901529364 2851365498 1997635 28370  6337
25.913517105 2853124912 1759414 28350  10261
25.925516644 2854592594 1467682 28353  8757
25.937527935 2856547737 1955143 28354  7531
25.949515001 2858008831 1461094 28361  10097
25.961523841 2859787741 1778910 28372  6987
25.973516669 2861754320 1966579 28365  9101
25.985528659 2863085512 1331192 28378  10220
25.997517769 2865020194 1934682 28360  6491
26.009526817 2866905566 1885372 28364  9557
26.021517102 2868270665 1365099 28371  9769
26.033528983 2870240532 1969867 28373  6666
26.045517600 2871890270 1649738 28351  10591
26.057516553 2873479935 1589665 28370  7968
26.069516341 2875455355 1975420 28364  8326
26.081529318 2877029667 1574312 28366  10521
26.093528668 2878704933 1675266 28363  7466
26.105516711 2880676887 1971954 28360  8667
26.117535889 2882020504 1343617 28362  10157
26.129531092 2883928912 1908408 28366  6319
26.141528305 2885641727 1712815 28367  9905
26.153515992 2887147783 1506056 28368  8785
26.165516343 2889118282 1970499 28355  7289
26.177529420 2890773543 1655261 28361  10321
26.189524026 2892373707 1600164 28363  8383
26.201518040 2894350461 1976754 28361  7821
26.213528817 2895855831 1505370 28367  10128
26.225528287 2897589007 1733176 28369  7354
26.237528247 2899522707 1933700 28359  9467
26.249516367 2900827322 1304615 28364  9362
26.261516458 2902824766 1997444 28360  6806
26.273536878 2904545491 1720725 28363  10555
26.285517648 2906050377 1504886 28368  8868
26.297517305 2908018990 1968613 28363  7248
26.309515775 2909574577 1555587 28366  10211
26.321527666 2911246927 1672350 28356  7339
26.333530279 2913159765 1912838 28361  8862
26.345516403 2914477598 1317833 28364  9724
26.357517129 2916469041 1991443 28372  6319
26.369529004 2918230711 1761670 28360  10212
26.381516437 2919698653 1467942 28358  9307
26.393527500 2921674292 1975639 28355  6990
26.405515390 2923331854 1657562 28364  10230
26.417516808 2924914988 1583134 28350  8235
26.429536418 2926892648 1977660 28354  8473
26.441515401 2928259487 1366839 28366  10135
26.453516431 2930135468 1875981 28369  6992
26.465530152 2932072043 1936575 28362  9729
26.477527559 2933385917 1313874 28359  10016
26.489517212 2935379642 1993725 28369  6223
26.501516136 2937067503 1687861 28355  10080
26.513529062 2938583805 1516302 28362  8559
26.525528253 2940544965 1961160 28364  7627
26.537516410 2942079732 1534767 28363  10078
26.549529070 2943799140 1719408 28380  7581
26.561528784 2945771062 1971922 28363  8697
26.573528684 2947157152 1386090 28365  10289
26.585528004 2949035382 1878230 28375  6798
26.597522901 2950920171 1884789 28354  9496
26.609529762 2952261454 1341283 28366  9557
26.621515578 2954232260 1970806 28356  7065
26.633518829 2955860861 1628601 28356  10085
26.645516145 2957487612 1626751 28363  8801
26.657529305 2959464580 1976968 28372  7895
26.669529110 2961103535 1638955 28362  10380
26.681517596 2962727944 1624409 28354  8016
26.693515723 2964691823 1963879 28355  8252
26.705529551 2966080373 1388550 28360  10196
26.717516186 2967931586 1851213 28370  6249
26.729517831 2969853857 1922271 28367  9819
26.741515601 2971172945 1319088 28360  9697
26.753536835 2973165833 1992888 28374  6203
26.765528645 2974864243 1698410 28363  10309
26.777517488 2976395501 1531258 28358  8963
26.789529518 2978361325 1965824 28368  7263
26.801528079 2979886788 1525463 28359  10677
26.813529982 2981591884 1705096 28359  7073
26.825516413 2983482242 1890358 28370  9239
26.837517719 2984829160 1346918 28370  9952
26.849529249 2986821840 1992680 28377  6499
26.861527677 2988548406 1726566 28362  10299
26.873517264 2990044489 1496083 28366  8727
26.885528384 2992003368 1958879 28371  7532
26.897529024 2993487018 1483650 28357  10276
26.909523615 2995232001 1744983 28366  6714
26.921529231 2997162835 1930834 28368  9323
26.933527215 2998469939 1307104 28364  9811
26.945530138 3000462853 1992914 28378  6222
26.957516075 3002156354 1693501 28362  10179
26.969516626 3003690987 1534633 28369  9010
26.981515222 3005661147 1970160 28359  7209
26.993516239 3007219654 1558507 28361  10646
27.005516213 3008892798 1673144 28369  7386
27.017527850 3010850376 1957578 28356  9022
27.029517090 3012194344 1343968 28375  10288
27.041530044 3014124715 1930371 28369  6904
27.053516267 3016056949 1932234 28365  9539
27.065524251 3017362535 1305586 28356  9608
27.077528401 3019318753 1956218 28366  6626
27.089516101 3020937801 1619048 28357  10353
27.101517399 3022553717 1615916 28367  7666
27.113516822 3024527777 1974060 28369  8371
27.125516302 3026034152 1506375 28368  10736
27.137524723 3027784507 1750355 28361  7604
27.149529106 3029742349 1957842 28351  8571
27.161527536 3031079122 1336773 28366  10437
27.173532740 3033006816 1927694 28365  6152
27.185516466 3034699878 1693062 28352  10418
27.197528564 3036216424 1516546 28363  8437
27.209515711 3038178435 1962011 28364  7962
27.221528834 3039712357 1533922 28357  10474
27.233540298 3041431880 1719523 28368  7721
27.245529065 3043396816 1964936 28361  8554
27.257529398 3044713964 1317148 28357  10301
27.269529928 3046650248 1936284 28364  6027
27.281529475 3048319366 1669118 28348  10433
27.293529236 3049863121 1543755 28365  8624
27.305516376 3051831770 1968649 28365  7498
27.317517023 3053460012 1628242 28364  10281
27.329528810 3055090512 1630500 28372  8215
27.341528737 3057054851 1964339 28357  7602
27.353526167 3058536844 1481993 28373  10547
27.365517210 3060305954 1769110 28353  7187
27.377516400 3062188747 1882793 28355  9361
27.389530431 3063525022 1336275 28367  9283
27.401516531 3065477704 1952682 28368  7024
27.413528285 3067103725 1626021 28363  10512
27.425516741 3068733678 1629953 28377  8226
27.437527652 3070712091 1978413 28361  7788
27.449517642 3072193230 1481139 28356  10356
27.461516226 3073936668 1743438 28360  6757
27.473529033 3075764198 1827530 28356  9610
27.485527747 3077158711 1394513 28354  9073
27.497516767 3079153563 1994852 28368  6830
27.509527904 3080860578 1707015 28364  10347
27.521530230 3082383244 1522666 28365  8717
27.533527971 3084340804 1957560 28360  7050
27.545524004 3085899041 1558237 28362  10519
27.557529411 3087587830 1688789 28368  7392
27.569528515 3089503593 1915763 28353  9136
27.581528115 3090806965 1303372 28359  9583
27.593531805 3092768561 1961596 28370  6714
27.605517762 3094436774 1668213 28375  10591
27.617529089 3096024889 1588115 28352  8812
27.629529830 3097998954 1974065 28367  7139
27.641528663 3099578925 1579971 28372  10390
27.653516616 3101219190 1640265 28368  7206
27.665528041 3103104361 1885171 28352  9001
27.677516847 3104436645 1332284 28365  9263
27.689516677 3106435313 1998668 28367  6537
27.701526217 3108148690 1713377 28368  10307
27.713529882 3109653865 1505175 28361  8717
27.725530095 3111611003 1957138 28372  7090
27.737529822 3113173795 1562792 28363  10539
27.749515782 3114853331 1679536 28364  7287
27.761516648 3116742310 1888979 28357  9219
27.773527383 3118080449 1338139 28378  9647
27.785516336 3120073165 1992716 28372  6510
27.797515796 3121771383 1698218 28366  10549
27.809517567 3123297782 1526399 28367  8951
27.821527190 3125269368 1971586 28368  7009
27.833516820 3126848488 1579120 28364  10406
27.845528365 3128490864 1642376 28362  7269
27.857527225 3130393268 1902404 28350  8970
27.869536321 3131706800 1313532 28365  9263
27.881517328 3133705053 1998253 28372  6549
27.893526959 3135423060 1718007 28363  10306
27.905529532 3136928448 1505388 28363  8914
27.917528442 3138880760 1952312 28356  6831
27.929530037 3140437020 1556260 28355  10533
27.941516086 3142124911 1687891 28365  7349
27.953529597 3144045923 1921012 28362  9170
27.965529037 3145350442 1304519 28350  9685
27.977516320 3147344024 1993582 28362  6480
27.989515541 3149040919 1696895 28369  10565
28.001528931 3150565340 1524421 28371  8960
28.013529541 3152537308 1971968 28364  7008
28.025525248 3154109811 1572503 28358  10510
28.037517735 3155756272 1646461 28359  7211
28.049529229 3157655601 1899329 28364  8940
28.061516952 3158975425 1319824 28375  9396
28.073516500 3160972557 1997132 28365  6582
28.085516666 3162819601 1847044 28373  10256
28.097515620 3164218937 1399336 28367  9815
28.109527993 3166178262 1959325 28346  5988
28.121516876 3167867165 1688903 28379  10635
28.133516401 3169422630 1555465 28372  8447
28.145527397 3171384227 1961597 28359  7996
28.157528607 3172787476 1403249 28354  10305
28.169515038 3174621848 1834372 28372  6979
28.181537255 3176549929 1928081 28366  9569
28.193528148 3177856229 1306300 28373  9830
28.205528709 3179852071 1995842 28364  5979
28.217517255 3181514824 1662753 28364  10450
28.229529216 3183059904 1545080 28358  8753
28.241528236 3185010944 1951040 28360  7431
28.253527359 3186480125 1469181 28367  10122
28.265529307 3188258303 1778178 28366  7368
28.277517420 3190215676 1957373 28360  8762
28.289529087 3191590761 1375085 28371  10152
28.301527738 3193475144 1884383 28364  5932
28.313515718 3195327579 1852435 28364  10202
28.325516808 3196706856 1379277 28366  9436
28.337538562 3198665267 1958411 28355  7045
28.349518482 3200236886 1571619 28362  10314
28.361515725 3201898998 1662112 28366  7714
28.373517176 3203875722 1976724 28364  8870
28.385528483 3205356768 1481046 28371  10348
28.397517756 3207135392 1778624 28374  7129
28.409529237 3209050897 1915505 28360  8915
28.421516517 3210340065 1289168 28364  9513
28.433516113 3212292509 1952444 28362  6574
28.445528634 3213917068 1624559 28370  10074
28.457515231 3215538765 1621697 28380  8289
28.469516184 3217501765 1963000 28370  7776
28.481528038 3219040767 1539002 28357  10162
28.493527162 3220736875 1696108 28354  6669
28.505528535 3222709890 1973015 28365  9616
28.517517469 3223989029 1279139 28363  10143
28.529529413 3225953641 1964612 28360  6401
28.543778815 3227998234 2044593 33082  12861
28.555517388 3229504819 1506585 28366  12707
28.567528795 3231239562 1734743 28372  9178
28.579514835 3233206418 1966856 28356  8556
28.591528582 3234681348 1474930 28367  10073
28.603527702 3236457602 1776254 28364  6863
28.615529552 3238259368 1801766 28356  9573
28.627516553 3239674030 1414662 28365  9405
28.639529893 3241641694 1967664 28355  6651
28.651515633 3243309269 1667575 28365  10370
28.663525371 3244885433 1576164 28363  8618
28.675516494 3246852717 1967284 28361  7562
28.687516054 3248421001 1568284 28359  10138
28.699517108 3250093679 1672678 28362  7539
28.711528155 3252040040 1946361 28366  9073
28.723517929 3253320957 1280917 28353  10158
28.735516915 3255295207 1974250 28357  6097
28.747531726 3256974942 1679735 28364  10682
28.759516673 3258522172 1547230 28371  9135
28.771517573 3260490037 1967865 28352  7246
28.783516693 3262124441 1634404 28372  10261
28.795515533 3263739988 1615547 28353  8037
28.807515934 3265697076 1957088 28345  8251
28.819537907 3267067129 1370053 28366  9987
28.831528638 3268931564 1864435 28370  6583
28.843528328 3270838244 1906680 28361  9582
28.855517665 3272161340 1323096 28374  9676
28.867528755 3274152652 1991312 28369  6304
28.879528995 3275862269 1709617 28366  10154
28.891529363 3277376319 1514050 28374  8924
28.903516873 3279323612 1947293 28373  7565
28.915516249 3280813056 1489444 28366  10467
28.927528097 3282560361 1747305 28357  6747
28.939528434 3284522299 1961938 28362  9577
28.951529227 3285864213 1341914 28359  10374
28.963527841 3287785110 1920897 28374  6357
28.975536571 3289620491 1835381 28355  9624
28.987529705 3291009891 1389400 28367  9202
28.999516005 3292956804 1946913 28345  7019
29.011516398 3294522341 1565537 28366  10119
29.023527806 3296187899 1665558 28372  7291
29.035515346 3298154643 1966744 28361  8671
29.047516002 3299535970 1381327 28369  10165
29.059517380 3301401056 1865086 28368  6872
29.071528853 3303278557 1877501 28359  9103
29.083527233 3304641362 1362805 28365  9759
29.095515650 3306605629 1964267 28365  6580
29.107517220 3308267056 1661427 28364  10588
29.119516824 3309838326 1571270 28361  7864
29.131517871 3311814554 1976228 28368  8351
29.143522108 3313399837 1585283 28356  10570
29.155517072 3315054285 1654448 28368  7242
29.167527912 3317016566 1962281 28368  8636
29.179528259 3318289811 1273245 28354  10018
29.191517393 3320254140 1964329 28361  5986
29.203527320 3321884043 1629903 28361  10186
29.215529156 3323472819 1588776 28367  8404
29.227529707 3325444605 1971786 28374  7610
29.239516220 3327074134 1629529 28360  10236
29.251515664 3328691784 1617650 28366  8002
29.263527414 3330657640 1965856 28361  7991
29.275529071 3332136658 1479018 28367  10157
29.287528132 3333898241 1761583 28362  6831
29.299540762 3335761460 1863219 28363  9793
29.311528718 3337139194 1377734 28369  9438
29.323528839 3339135240 1996046 28357  6815
29.335528119 3340843701 1708461 28357  10639
29.347516256 3342353545 1509844 28380  8836
29.359517396 3344320716 1967171 28364  7152
29.371515800 3345873680 1552964 28362  10180
29.383517127 3347536838 1663158 28359  7099
29.395516060 3349370316 1833478 28356  8926
29.407528797 3350761152 1390836 28376  9605
29.419515631 3352753205 1992053 28375  6413
29.431517091 3354467401 1714196 28366  10193
29.443516068 3355963889 1496488 28355  8694
29.455522629 3357933543 1969654 28351  7446
29.467517259 3359481945 1548402 28363  10064
29.479517752 3361156264 1674319 28368  7154
29.491517732 3363014897 1858633 28359  9448
29.503516309 3364386644 1371747 28379  9279
29.515528907 3366382312 1995668 28365  6951
29.527517207 3368083998 1701686 28354  10499
29.539528944 3369601741 1517743 28374  8722
29.551528101 3371567515 1965774 28371  7285
29.563528214 3373111583 1544068 28356  10079
29.575521608 3374790915 1679332 28364  7269
29.587530025 3376697615 1906700 28355  8890
29.599527779 3378015393 1317778 28367  9687
29.611528799 3380002347 1986954 28361  6187
29.623537560 3381730958 1728611 28356  10184
29.635529026 3383209776 1478818 28353  8591
29.647526506 3385181233 1971457 28376  7457
29.659529203 3386762086 1580853 28374  10194
29.671527684 3388409157 1647071 28357  7344
29.683517474 3390327214 1918057 28358  9295
29.695528004 3391632614 1305400 28372  9175
29.707517504 3393631134 1998520 28364  6934
29.719516468 3395339289 1708155 28363  10536
29.731516202 3396845367 1506078 28365  8688
29.743527562 3398812557 1967190 28377  7337
29.755516002 3400360105 1547548 28351  10167
29.767515436 3402025926 1665821 28362  6919
29.779523549 3403873251 1847325 28356  9088
29.791515959 3405256745 1383494 28368  9756
29.803515394 3407241339 1984594 28370  6311
29.815516340 3408944958 1703619 28356  10218
29.827516460 3410451286 1506328 28352  8577
29.839516970 3412420512 1969226 28353  7490
29.851527948 3413969689 1549177 28359  10131
29.863517631 3415645144 1675455 28366  7265
29.875529405 3417518063 1872919 28349  9434
29.887529196 3418863981 1345918 28366  8929
29.899517782 3420831093 1967112 28370  7308
29.911527686 3422474674 1643581 28359  10463
29.923516902 3424074075 1599401 28378  8330
29.935524383 3426041929 1967854 28366  7644
29.947529097 3427519147 1477218 28359  10209
29.959528207 3429262957 1743810 28368  6866
29.971529078 3431110954 1847997 28352  9184
29.983515978 3432493015 1382061 28375  9642
29.995516081 3434483633 1990618 28366  6380
30.007515894 3436274199 1790566 28368  10152
30.019528842 3437704077 1429878 28367  9146
30.031528185 3439673055 1968978 28358  7008
30.043516885 3441300648 1627593 28369  10179
30.055516290 3442901441 1600793 28362  7898
30.067528716 3444865175 1963734 28354  8741
30.079514776 3446186560 1321385 28359  10019
30.091536011 3448113102 1926542 28368  6659
30.103529541 3449954682 1841580 28363  10039
30.115516107 3451345196 1390514 28370  9609
30.127517641 3453321258 1976062 28368  6418
30.139515145 3454961238 1639980 28349  10189
30.151529145 3456535827 1574589 28368  8262
30.163516108 3458495109 1959282 28370  7823
30.175528969 3460011674 1516565 28371  10051
30.187516226 3461741664 1729990 28363  7546
30.199516819 3463704808 1963144 28369  8648
30.211527880 3465070081 1365273 28370  10128
30.223527680 3466960909 1890828 28367  6497
30.235527597 3468790089 1829180 28358  9721
30.247515947 3470173899 1383810 28364  9248
30.259524011 3472137890 1963991 28366  7349
30.271515618 3473690206 1552316 28354  9972
30.283527965 3475362807 1672601 28370  7695
30.295529712 3477317692 1954885 28359  8962
30.307527832 3478710604 1392912 28365  10196
30.319529482 3480576396 1865792 28362  6270
30.331528572 3482287043 1710647 28350  9723
30.343528753 3483765255 1478212 28368  8331
30.355527647 3485721612 1956357 28365  7694
30.367528697 3487223383 1501771 28363  10004
30.379516030 3488966982 1743599 28357  7513
30.391514098 3490927858 1960876 28365  8640
30.403515841 3492268025 1340167 28358  10121
30.415524921 3494179747 1911722 28365  5995
30.427529292 3495923797 1744050 28357  10069
30.439528255 3497384046 1460249 28363  8835
30.451517162 3499349388 1965342 28358  7700
30.463516135 3500846286 1496898 28363  10039
30.475517880 3502584921 1738635 28372  7653
30.487516310 3504540943 1956022 28370  8945
30.499527993 3505885021 1344078 28361  10175
30.511528281 3507796034 1911013 28363  5905
30.523516117 3509480648 1684614 28358  10053
30.535516657 3510987804 1507156 28357  8362
30.547528314 3512942233 1954429 28359  7714
30.559527178 3514419285 1477052 28371  9974
30.571539442 3516188172 1768887 28370  7463
30.583529179 3518151916 1963744 28369  8674
30.595515339 3519491442 1339526 28361  10093
30.607528129 3521403358 1911916 28368  6155
30.619528733 3523195166 1791808 28360  9929
30.631529800 3524612558 1417392 28350  9051
30.643529350 3526572623 1960065 28363  7490
30.655529067 3528077737 1505114 28357  9999
30.667516997 3529807874 1730137 28369  7724
30.679527951 3531762723 1954849 28364  9349
30.691527888 3533152958 1390235 28370  10257
30.703505378 3535015625 1862667 28383  5911
30.715516416 3536701598 1685973 28361  10147
30.727524522 3538205351 1503753 28358  8220
30.739529099 3540157167 1951816 28350  7816
30.751516172 3541636175 1479008 28360  10006
30.763528827 3543405874 1769699 28375  7420
30.775528627 3545357078 1951204 28359  8766
30.787529287 3546631119 1274041 28360  10080
30.799515384 3548620040 1988921 28360  6068
30.811527701 3550405226 1785186 28369  10064
30.823527784 3551831391 1426165 28348  9123
30.835529235 3553791232 1959841 28370  7468
30.847528895 3555310326 1519094 28372  10026
30.859516352 3557021453 1711127 28368  7646
30.871516059 3558980088 1958635 28364  8955
30.883528473 3560376516 1396428 28382  10158
30.895536096 3562236672 1860156 28360  6466
30.907517456 3564024676 1788004 28354  9528
30.919528457 3565443394 1418718 28365  9038
30.931518727 3567398206 1954812 28362  6966
30.943515094 3569023833 1625627 28382  10053
30.955517131 3570640560 1616727 28374  8171
30.967529318 3572607604 1967044 28366  7923
30.979517298 3574003988 1396384 28354  10150
30.991516175 3575835772 1831784 28369  6455
31.003516129 3577669402 1833630 28367  9607
31.015515579 3579047209 1377807 28351  9272
31.027528776 3581005604 1958395 28355  7411
31.039528743 3582549662 1544058 28365  9988
31.051523324 3584231986 1682324 28357  7658
31.063529437 3586183037 1951051 28368  8980
31.075528011 3587523835 1340798 28369  10106
31.087517751 3589437572 1913737 28366  5748
31.099529251 3591096914 1659342 28357  10204
31.111528551 3592632562 1535648 28351  8413
31.123528829 3594585522 1952960 28367  7547
31.135517972 3596092968 1507446 28370  10011
31.147517109 3597828373 1735405 28384  7504
31.159515709 3599790709 1962336 28370  8592
31.171528483 3601150543 1359834 28364  10086
31.183529040 3603039115 1888572 28370  6157
31.195514720 3604826180 1787065 28363  9871
31.207523764 3606251015 1424835 28363  9216
31.219528991 3608207361 1956346 28358  7341
31.231516414 3609728674 1521313 28372  9958
31.243528369 3611437082 1708408 28360  7697
31.255527982 3613389577 1952495 28372  8968
31.267515575 3614726251 1336674 28372  10100
31.279515866 3616639562 1913311 28377  5795
31.291517633 3618306017 1666455 28361  10197
31.303527780 3619836184 1530167 28353  8512
31.315515650 3621787127 1950943 28364  7528
31.327515404 3623289890 1502763 28359  10016
31.339515664 3625028342 1738452 28360  7465
31.351515767 3626980418 1952076 28357  8672
31.363535625 3628261647 1281229 28364  10097
31.375517715 3630233432 1971785 28359  5910
31.387527635 3631936571 1703139 28372  10180
31.399517148 3633425742 1489171 28354  8408
31.411528693 3635388510 1962768 28360  8109
31.423515943 3636733882 1345372 28372  10054
31.435515073 3638613497 1879615 28376  6678
31.447516177 3640481250 1867753 28367  9910
31.459529697 3641839353 1358103 28360  9498
31.471529451 3643810756 1971403 28365  6467
31.483516374 3645438903 1628147 28362  10135
31.495516221 3647014839 1575936 28354  7909
31.507528588 3648962437 1947598 28358  8118
31.519528441 3650347049 1384612 28372  10002
31.531536506 3652203197 1856148 28365  6563
31.543517459 3654049450 1846253 28368  9511
31.555515752 3655416990 1367540 28364  9253
31.567605741 3657373662 1956672 28369  6736
31.579529480 3658971617 1597955 28386  10094
31.591529977 3660587547 1615930 28366  7374
31.603515861 3662502603 1915056 28360  9145
31.615528588 3663807912 1305309 28371  9345
31.627517168 3665795787 1987875 28363  6835
31.639516124 3667458937 1663150 28381  10496
31.651529019 3669001592 1542655 28368  8568
31.663529015 3670958392 1956800 28362  7296
31.675515469 3672418992 1460600 28352  10171
31.687535746 3674170713 1751721 28365  6640
31.699517273 3675996490 1825777 28364  9322
31.711527396 3677392419 1395929 28369  9438
31.723528211 3679381994 1989575 28368  6505
31.735516854 3681070215 1688221 28364  10182
31.747517451 3682579394 1509179 28369  8386
31.759515674 3684541728 1962334 28369  7582
31.771515508 3686003185 1461457 28354  10042
31.783515498 3687757076 1753891 28364  6505
31.795528962 3689487857 1730781 28362  10080
31.807528529 3690956110 1468253 28357  8072
31.819516793 3692919123 1963013 28367  8046
31.831518853 3694450683 1531560 28372  10362
31.843541760 3696150469 1699786 28366  7307
31.855515500 3698104997 1954528 28369  8704
31.867527638 3699374133 1269136 28362  9801
31.879516208 3701319531 1945398 28354  6160
31.891515201 3702921575 1602044 28368  10138
31.903517891 3704538545 1616970 28365  7913
31.915528362 3706497804 1959259 28372  7950
31.927529302 3707951049 1453245 28362  10143
31.939528102 3709723127 1772078 28372  6777
31.951527517 3711574312 1851185 28356  8931
31.963514510 3712955513 1381201 28361  9756
31.975516610 3714904430 1948917 28376  6638
31.987515553 3716525118 1620688 28367  10493
31.999536104 3718125381 1600263 28371  7242
32.011516498 3720081301 1955920 28354  8867
32.023528455 3721468621 1387320 28371  10372
32.035515224 3723326640 1858019 28363  6658
32.047529539 3725174963 1848323 28356  9203
32.059530059 3726541355 1366392 28358  9076
32.071528386 3728477946 1936591 28355  7123
32.083516600 3729940452 1462506 28371  10046
32.095516110 3731699510 1759058 28365  6877
32.107515946 3733619906 1920396 28368  9090
32.119515057 3734914919 1295013 28371  9659
32.131518067 3736873686 1958767 28371  6195
32.143528258 3738490133 1616447 28369  10070
32.155528408 3740103263 1613130 28359  8305
32.167523862 3742047377 1944114 28361  8097
32.179529078 3743413603 1366226 28365  10286
32.191515116 3745282894 1869291 28376  5736
32.203528926 3747036598 1753704 28363  10527
32.215517196 3748488231 1451633 28361  8958
32.227517556 3750437986 1949755 28364  7126
32.239515864 3752023040 1585054 28367  10104
32.251529060 3753663220 1640180 28365  6954
32.263528808 3755521581 1858361 28356  9200
32.275528248 3756859366 1337785 28359  8937
32.287528255 3758805701 1946335 28363  6678
32.299516288 3760421889 1616188 28350  10337
32.311516595 3762035473 1613584 28365  7615
32.323537619 3763987333 1951860 28358  8348
32.335528270 3765317442 1330109 28369  9764
32.347516140 3767234168 1916726 28376  6289
32.359529653 3768936067 1701899 28361  9960
32.371516593 3770424637 1488570 28366  8579
32.383528388 3772381689 1957052 28360  7736
32.395527874 3773788070 1406381 28357  10434
32.407529294 3775619533 1831463 28376  7500
32.419515544 3777575357 1955824 28375  8952
32.431522412 3778919158 1343801 28372  9888
32.443518059 3780824580 1905422 28357  5892
32.455515109 3782458869 1634289 28353  10259
32.467528326 3784008369 1549500 28355  8056
32.479523863 3785967549 1959180 28366  7774
32.491528574 3787420380 1452831 28373  10273
32.503516473 3789193066 1772686 28377  6942
32.515517134 3791121595 1928529 28363  9028
32.527514857 3792407353 1285758 28354  8917
32.539528882 3794390291 1982938 28360  7031
32.551528858 3796014943 1624652 28364  10075
32.563528065 3797596025 1581082 28362  8412
32.575515688 3799551596 1955571 28350  8004
32.587515713 3800936903 1385307 28379  10380
32.599528649 3802783372 1846469 28371  6905
32.611528324 3804674707 1891335 28364  9566
32.623527904 3806011077 1336370 28365  9243
32.635525294 3807952389 1941312 28363  6519
32.647516274 3809520067 1567678 28361  10265
32.659512265 3811151867 1631800 28365  7029
32.671516555 3813076801 1924934 28359  8862
32.683517048 3814369695 1292894 28372  9815
32.695528516 3816349656 1979961 28368  6337
32.707515462 3818039981 1690325 28359  10117
32.719517029 3819537712 1497731 28363  7590
32.731527073 3821503975 1966263 28372  8397
32.743528330 3822945935 1441960 28365  10120
32.755516277 3824726501 1780566 28354  6620
32.767516108 3826458331 1731830 28364  9765
32.779515851 3827931210 1472879 28361  8867
32.791515884 3829884049 1952839 28357  7731
32.803537399 3831504855 1620806 28367  10201
32.815529359 3833134181 1629326 28361  7724
32.827528673 3835080751 1946570 28364  8125
32.839529330 3836426441 1345690 28359  10263
32.851528203 3838305290 1878849 28363  5840
32.863514890 3839994679 1689389 28359  9948
32.875528621 3841506722 1512043 28368  8783
32.887529817 3843462424 1955702 28364  7248
32.899527761 3845084443 1622019 28365  10123
32.911514307 3846694826 1610383 28362  7232
32.923528968 3848659305 1964479 28366  8800
32.935527528 3850027079 1367774 28364  10086
32.947529446 3851889324 1862245 28368  6314
32.959536249 3853575191 1685867 28361  10122
32.971516879 3855084569 1509378 28362  8466
32.983516386 3857042519 1957950 28366  8038
32.995517414 3858590317 1547798 28363  10209
33.007514420 3860276376 1686059 28358  6970
33.019518137 3862170537 1894161 28361  8954
33.031527311 3863469920 1299383 28364  9324
33.043516181 3865408273 1938353 28359  6564
33.055514281 3866955945 1547672 28368  10006
33.067516389 3868630554 1674609 28363  7480
33.079527626 3870583431 1952877 28365  8594
33.091516596 3871986942 1403511 28363  10121
33.103516610 3873821041 1834099 28363  5478
33.115537293 3875633881 1812840 28363  10410
33.127515950 3877041410 1407529 28366  9216
33.139529078 3878987587 1946177 28375  7149
33.151529078 3880474574 1486987 28365  10275
33.163529118 3882201432 1726858 28371  7022
33.175529212 3884128901 1927469 28364  9466
33.187528002 3885420881 1291980 28362  9848
33.199528115 3887407791 1986910 28365  5887
33.211528496 3889023095 1615304 28374  10342
33.223527956 3890586138 1563043 28372  7942
33.235529190 3892527685 1941547 28351  8117
33.247516150 3893832870 1305185 28363  10018
33.259528931 3895764403 1931533 28372  6292
33.271529044 3897604291 1839888 28370  9669
33.283535282 3898989519 1385228 28366  9687
33.295529308 3900936391 1946872 28356  5947
33.307517168 3902571002 1634611 28368  10570
33.319515575 3904171697 1600695 28353  8225
33.331517909 3906117897 1946200 28357  8072
33.343515653 3907442859 1324962 28366  10214
33.355516436 3909351756 1908897 28361  6339
33.367517576 3911158722 1806966 28364  9992
33.379515970 3912573108 1414386 28365  9670
33.391516754 3914556712 1983604 28359  6122
33.403529058 3916163526 1606814 28366  10303
33.415529728 3917747737 1584211 28358  8071
33.427516441 3919694133 1946396 28363  7971
33.439526099 3921055871 1361738 28372  9973
33.451529586 3922925269 1869398 28364  6597
33.463515609 3924811904 1886635 28357  9398
33.475529353 3926147707 1335803 28377  9633
33.487527420 3928096480 1948773 28365  5860
33.499528020 3929758997 1662517 28373  10626
33.511528601 3931325863 1566866 28366  8136
33.523530381 3933271244 1945381 28361  8138
33.535528304 3934599040 1327796 28355  10194
33.547528268 3936503984 1904944 28384  6219
33.559571140 3938322986 1819002 28363  10650
33.571512478 3939727099 1404113 28371  10038
33.583508585 3941716940 1989841 28368  6098
33.595530896 3943330206 1613266 28362  10510
33.607519450 3944897219 1567013 28353  8015
33.619515006 3946838228 1941009 28351  8070
33.631515950 3948163391 1325163 28369  10029
33.643515914 3950070152 1906761 28370  6096
33.655516294 3951857360 1787208 28371  9857
33.667528798 3953284765 1427405 28365  9304
33.679529185 3955229941 1945176 28363  6375
33.691514458 3956855349 1625408 28378  10561
33.703527319 3958470518 1615169 28374  8020
33.715528383 3960419340 1948822 28368  8308
33.727528177 3961747986 1328646 28367  10251
33.739516923 3963652324 1904338 28364  6259
33.751526740 3965474284 1821960 28373  10104
33.763530061 3966873919 1399635 28374  9658
33.775529308 3968864963 1991044 28364  6155
33.787529761 3970482831 1617868 28364  10353
33.799528081 3972042673 1559842 28364  7919
33.811529999 3973987822 1945149 28358  8063
33.823527496 3975314166 1326344 28371  9968
33.835516649 3977218040 1903874 28376  6296
33.847516420 3979106367 1888327 28376  9685
33.859527687 3980443963 1337596 28363  9688
33.871515743 3982386206 1942243 28361  5832
33.883516111 3984028513 1642307 28366  10508
33.895520031 3985616766 1588253 28368  8082
33.907533034 3987565721 1948955 28358  8226
33.919524652 3988915799 1350078 28370  10218
33.931529985 3990795424 1879625 28370  6280
33.943529245 3992629965 1834541 28354  10036
33.955530350 3994014822 1384857 28359  9617
33.967515713 3996005181 1990359 28357  6145
33.979529630 3997618593 1613412 28357  10333
33.991528814 3999181796 1563203 28359  7855
34.003516181 4001120055 1938259 28359  8132
34.015515861 4002395031 1274976 28366  9953
34.027529145 4004354858 1959827 28365  6053
34.039516648 4006180333 1825475 28371  9844
34.051528088 4007579733 1399400 28366  9629
34.063528196 4009523168 1943435 28358  5859
34.075537439 4011160884 1637716 28361  10481
34.087528239 4012753786 1592902 28367  8072
34.099514540 4014701892 1948106 28362  8226
34.111517650 4016029827 1327935 28363  10205
34.123514357 4017933135 1903308 28378  6343
34.135528498 4019780102 1846967 28366  10008
34.147514165 4021151773 1371671 28370  9589
34.159517508 4023137601 1985828 28361  6140
34.171528866 4024749066 1611465 28358  10370
34.183527569 4026319356 1570290 28347  7963
34.195517042 4028258964 1939608 28356  8033
34.207528017 4029576736 1317772 28360  9960
34.219516677 4031491061 1914325 28379  6284
34.231526747 4033323700 1832639 28369  9559
34.243517463 4034713450 1389750 28365  9653
34.255516884 4036660671 1947221 28358  5878
34.267515601 4038323298 1662627 28371  10564
34.279516868 4039892539 1569241 28361  8253
34.291529975 4041839316 1946777 28369  7915
34.303515225 4043159031 1319715 28361  10223
34.315530460 4045061046 1902015 28368  6243
34.327516723 4046896305 1835259 28367  10081
34.339516456 4048283218 1386913 28368  9723
34.351516284 4050272140 1988922 28369  5985
34.363528207 4051883154 1611014 28361  10349
34.375515961 4053442826 1559672 28359  7810
34.387537928 4055376391 1933565 28362  8184
34.399529672 4056641990 1265599 28358  9821
34.411528432 4058613862 1971872 28364  5846
34.423517209 4060382543 1768681 28360  10197
34.435528543 4061826524 1443981 28370  9071
34.447517839 4063767740 1941216 28359  6525
34.459515850 4065330825 1563085 28355  10456
34.471528370 4066988639 1657814 28367  6988
34.483515164 4068814149 1825510 28357  9261
34.495515138 4070199183 1385034 28362  9180
34.507527418 4072146538 1947355 28371  6936
34.519527601 4073763099 1616561 28372  10392
34.531529899 4075376813 1613714 28358  7665
34.543536462 4077343916 1967103 28362  8219
34.555516719 4078694723 1350807 28359  10170
34.567514606 4080569170 1874447 28351  5911
34.579517223 4082214512 1645342 28362  10202
34.591511753 4083749434 1534922 28351  7644
34.603516491 4085711924 1962490 28370  8096
34.615528541 4087184354 1472430 28370  10018
34.627516431 4088942696 1758342 28367  6930
34.639527732 4090820731 1878035 28365  8787
34.651529382 4092164552 1343821 28373  9742
34.663528746 4094114816 1950264 28359  6328
34.675516393 4095723562 1608746 28362  10491
34.687516806 4097336598 1613036 28359  7708
34.699528694 4099273479 1936881 28358  8459
34.711535794 4100606041 1332562 28360  10144
34.723517384 4102525610 1919569 28379  6188
34.735528928 4104266471 1740861 28361  9944
34.747516355 4105726705 1460234 28349  8396
34.759516765 4107669007 1942302 28359  7580
34.771528435 4109021599 1352592 28368  10042
34.783527916 4110887212 1865613 28371  5721
34.795528079 4112711691 1824479 28361  9969
34.807515983 4114112121 1400430 28366  9497
34.819516860 4116086340 1974219 28372  6379
34.831517287 4117710477 1624137 28361  10082
34.843516244 4119308097 1597620 28372  8378
34.855528068 4121266836 1958739 28359  7641
34.867526091 4122645698 1378862 28351  10408
34.879516718 4124486360 1840662 28368  6162
34.891528122 4126171453 1685093 28363  9749
34.903518349 4127686136 1514683 28363  9047
34.915515349 4129642167 1956031 28356  7440
34.927529620 4131235068 1592901 28358  10131
34.939515620 4132868376 1633308 28361  7045
34.951515827 4134725741 1857365 28359  8874
34.963516721 4136060107 1334366 28365  9009
34.975527328 4138005159 1945052 28363  6828
34.987528075 4139632608 1627449 28363  9916
34.999528812 4141246850 1614242 28363  8153
35.011516492 4143212747 1965897 28352  7917
35.023522946 4144595657 1382910 28354  10072
35.035529363 4146436041 1840384 28378  6485
35.047527927 4148262233 1826192 28358  9527
35.059516970 4149640637 1378404 28355  9117
35.071529604 4151592672 1952035 28356  7323
35.083516054 4153085348 1492676 28364  9947
35.095517122 4154815575 1730227 28364  7494
35.107528635 4156735326 1919751 28366  9063
35.119528382 4158030955 1295629 28364  9647
35.131530083 4159998655 1967700 28354  6107
35.143515633 4161618729 1620074 28358  10092
35.155515959 4163200376 1581647 28360  8005
35.167516634 4165143796 1943420 28361  7926
35.179528377 4166552089 1408293 28357  9916
35.191523580 4168380832 1828743 28361  6705
35.203515567 4170222039 1841207 28364  9314
35.215515568 4171594298 1372259 28363  9349
35.227528492 4173551645 1957347 28369  6599
35.239528029 4175169174 1617529 28361  10164
35.251529652 4176764120 1594946 28357  7580
35.263528486 4178677435 1913315 28355  8949
35.275526737 4179972702 1295267 28369  9187
35.287517100 4181954149 1981447 28364  6876
35.299517007 4183610861 1656712 28367  10445
35.311528554 4185156543 1545682 28365  8252
35.323528174 4187116805 1960262 28357  7551
35.335528362 4188511464 1394659 28361  10112
35.347535635 4190327018 1815554 28360  6296
35.359529042 4192050679 1723661 28363  9568
35.371516479 4193529412 1478733 28356  8763
35.383516380 4195481624 1952212 28360  7106
35.395515763 4197058220 1576596 28359  10157
35.407515380 4198692722 1634502 28364  7067
35.419529037 4200602239 1909517 28356  8821
35.431530644 4201907842 1305603 28388  9411
35.443516368 4203851663 1943821 28372  6664
35.455528048 4205471424 1619761 28368  10460
35.467515705 4207076139 1604715 28364  7233
35.479515376 4209027778 1951639 28360  8847
35.491529296 4210424260 1396482 28358  10359
35.503536417 4212267944 1843684 28368  6435
35.515516099 4214098150 1830206 28362  9365
35.527516647 4215474675 1376525 28359  8841
35.539518444 4217408152 1933477 28358  7260
35.551527948 4218844497 1436345 28354  9995
35.563528201 4220628048 1783551 28358  6715
35.575532138 4222546571 1918523 28361  9244
35.587516469 4223843559 1296988 28370  9613
35.599516566 4225815170 1971611 28367  6212
35.611528463 4227458209 1643039 28350  10076
35.623515913 4229028504 1570295 28365  8363
35.635529587 4230965464 1936960 28357  7973
35.647527683 4232301390 1335926 28363  10250
35.659524188 4234198046 1896656 28364  5632
35.671516848 4235880028 1681982 28362  10624
35.683516285 4237387382 1507354 28362  8458
35.695529449 4239341263 1953881 28373  7602
35.707529155 4240843168 1501905 28356  10023
35.719517172 4242561991 1718823 28354  6600
35.731516446 4244353362 1791371 28363  9465
35.743516843 4245762697 1409335 28373  8970
35.755525847 4247714091 1951394 28359  6723
35.767517121 4249331901 1617810 28381  10331
35.779514921 4250945702 1613801 28374  7941
35.791528578 4252904277 1958575 28366  7905
35.803527882 4254288658 1384381 28363  9777
35.815515832 4256131793 1843135 28377  6464
35.827524123 4257854000 1722207 28362  9602
35.839530009 4259316277 1462277 28358  8585
35.851526844 4261271700 1955423 28353  7738
35.863517017 4262660317 1388617 28373  10337
35.875515650 4264493790 1833473 28371  7009
35.887529011 4266320458 1826668 28363  9456
35.899527558 4267717059 1396601 28369  9134
35.911516678 4269654830 1937771 28360  6568
35.923515748 4271215852 1561022 28356  10217
35.935528269 4272847257 1631405 28358  6549
35.947528619 4274646432 1799175 28363  9074
35.959516610 4276056066 1409634 28368  9280
35.971527863 4278011594 1955528 28382  6701
35.983535704 4279667756 1656162 28365  10099
35.995527764 4281229374 1561618 28361  7405
36.007516378 4283185714 1956340 28367  8541
36.019514361 4284532089 1346375 28356  10079
36.031529819 4286385788 1853699 28359  6118
36.043529762 4288010845 1625057 28360  10273
36.055514935 4289602483 1591638 28362  8138
36.067516743 4291560433 1957950 28365  8307
36.079530506 4293049150 1488717 28356  10200
36.091527607 4294796587 1747437 28371  6867
36.103516637 4296616717 1820130 28360  8870
36.115529334 4297985908 1369191 28358  9228
36.127528898 4299921036 1935128 28372  6776
36.139528792 4301413429 1492393 28365  10001
36.151516415 4303145245 1731816 28385  7303
36.163517033 4305091514 1946269 28363  8716
36.175529029 4306436227 1344713 28367  9996
36.187528280 4308333059 1896832 28360  5408
36.199528324 4310064213 1731154 28359  10568
36.211517427 4311528487 1464274 28363  8224
36.223528868 4313468525 1940038 28357  7937
36.235527668 4314790635 1322110 28365  10174
36.247517611 4316698795 1908160 28367  5916
36.259515425 4318496797 1798002 28364  10392
36.271516302 4319925396 1428599 28380  9697
36.283528452 4321915825 1990429 28353  6036
36.295525557 4323513631 1597806 28363  10339
36.307529230 4325095076 1581445 28359  8101
36.319527863 4327029681 1934605 28364  8012
36.331516758 4328314206 1284525 28374  9945
36.343516518 4330261343 1947137 28365  5787
36.355530124 4332071246 1809903 28370  10008
36.367528495 4333486318 1415072 28378  9509
36.379529699 4335431927 1945609 28361  5988
36.391528596 4337050241 1618314 28373  10510
36.403515626 4338660809 1610568 28372  7941
36.415515996 4340603188 1942379 28351  8240
36.427528041 4341881345 1278157 28366  10180
36.439529134 4343835932 1954587 28367  5828
36.451515534 4345560303 1724371 28365  10465
36.463524918 4347027945 1467642 28359  8453
36.475527068 4348991461 1963516 28369  7282
36.487516258 4350484302 1492841 28361  10238
36.499529786 4352196030 1711728 28364  6669
36.511528496 4353914716 1718686 28351  9286
36.523517479 4355374116 1459400 28377  8083
36.535516640 4357323283 1949167 28363  7598
36.547516480 4358809316 1486033 28363  10015
36.559514540 4360548017 1738701 28361  7118
36.571527891 4362426301 1878284 28350  8637
36.583528078 4363761480 1335179 28377  9689
36.595515698 4365712494 1951014 28364  6383
36.607514862 4367309483 1596989 28344  10460
36.619535463 4368917669 1608186 28357  7467
36.631518202 4370855033 1937364 28366  8566
36.643516083 4372177437 1322404 28371  10199
36.655530514 4374102756 1925319 28379  6119
36.667515701 4375854973 1752217 28364  9923
36.679517638 4377297729 1442756 28365  8366
36.691528335 4379236819 1939090 28349  7549
36.703529632 4380589251 1352432 28366  10013
36.715529022 4382447423 1858172 28350  5675
36.727529846 4384227337 1779914 28364  9925
36.739515576 4385657648 1430311 28369  9276
36.751517286 4387611379 1953731 28371  6605
36.763527767 4389218668 1607289 28366  10104
36.775535297 4390832067 1613399 28374  7648
36.787515967 4392785746 1953679 28360  8346
36.799528345 4394082027 1296281 28360  10321
36.811529038 4395986966 1904939 28361  6107
36.823515122 4397583788 1596822 28351  9832
36.835529643 4399194790 1611002 28371  8451
36.847527916 4401151367 1956577 28360  8109
36.859516433 4402643740 1492373 28364  10110
36.871516520 4404375077 1731337 28372  6732
36.883517217 4406165785 1790708 28351  9116
36.895514078 4407567601 1401816 28355  8980
36.907527395 4409501634 1934033 28365  6849
36.919516785 4411043431 1541797 28367  9931
36.931524459 4412724889 1681458 28367  7423
36.943516742 4414682244 1957355 28365  8642
36.955529083 4416027197 1344953 28353  10015
36.967517227 4417917857 1890660 28358  5898
36.979515243 4419621566 1703709 28367  10118
36.991529481 4421095371 1473805 28366  8183
37.003515878 4423051695 1956324 28347  8185
37.015517231 4424371111 1319416 28374  9931
37.027528805 4426268289 1897178 28374  6210
37.039528289 4428010981 1742692 28354  10286
37.051529066 4429466094 1455113 28361  8676
37.063527536 4431413671 1947577 28364  7086
37.075515936 4432863537 1449866 28359  10071
37.087516990 4434612173 1748636 28348  6147
37.099540227 4436303969 1691796 28362  9724
37.111530337 4437796650 1492681 28363  8182
37.123515301 4439750857 1954207 28368  7583
37.135529488 4441281718 1530861 28355  10030
37.147527698 4442963227 1681509 28374  6936
37.159516055 4444878077 1914850 28356  8975
37.171528303 4446180608 1302531 28374  9484
37.183529096 4448117906 1937298 28353  6597
37.195516714 4449735840 1617934 28358  10409
37.207515437 4451333477 1597637 28366  7027
37.219517087 4453280459 1946982 28363  9049
37.231517531 4454616066 1335607 28372  10255
37.243528305 4456520695 1904629 28370  6125
37.255537672 4458303218 1782523 28372  9740
37.267517756 4459728946 1425728 28366  8864
37.279516699 4461660241 1931295 28355  7215
37.291529763 4463057420 1397179 28370  9856
37.303516450 4464869397 1811977 28363  6492
37.315516677 4466726955 1857558 28355  9323
37.327527418 4468076533 1349578 28370  9316
37.339518228 4470025179 1948646 28365  6452
37.351516314 4471645457 1620278 28359  10038
37.363528575 4473255470 1610013 28359  8020
37.375527949 4475195931 1940461 28367  8285
37.387526256 4476533612 1337681 28364  10181
37.399529236 4478422649 1889037 28362  5654
37.411523246 4480071833 1649184 28360  10530
37.423517733 4481619391 1547558 28363  8593
37.435528344 4483574158 1954767 28366  7424
37.447527528 4485161472 1587314 28374  10082
37.459515458 4486788730 1627258 28363  6798
37.471530118 4488576952 1788222 28352  9158
37.483528779 4489981067 1404115 28352  8963
37.495516073 4491931697 1950630 28377  6615
37.507516556 4493550727 1619030 28368  10306
37.519527964 4495160348 1609621 28361  8016
37.531529600 4497115022 1954674 28368  7739
37.543515200 4498522688 1407666 28356  9863
37.555517291 4500343204 1820516 28359  7037
37.567523681 4502161145 1817941 28358  9086
37.579528808 4503540162 1379017 28354  9261
37.591528429 4505482814 1942652 28357  6868
37.603516789 4506979554 1496740 28365  10401
37.615516646 4508698900 1719346 28346  7496
37.627532863 4510641706 1942806 28349  8740
37.639517147 4511968919 1327213 28368  9825
37.651515901 4513869880 1900961 28366  5888
37.663528254 4515488745 1618865 28350  10194
37.675517158 4517064220 1575475 28365  7968
37.687516499 4519015229 1951009 28353  7786
37.699516262 4520455759 1440530 28376  10244
37.711528056 4522240918 1785159 28357  6989
37.723527936 4524153846 1912928 28364  8887
37.735535490 4525443359 1289513 28373  8855
37.747517357 4527399853 1956494 28357  7025
37.759527547 4529005054 1605201 28366  10058
37.771528468 4530608328 1603274 28366  7903
37.783528775 4532502895 1894567 28354  8474
37.795516332 4533801835 1298940 28367  9556
37.807528749 4535772314 1970479 28369  6854
37.819529119 4537409118 1636804 28360  10087
37.831517356 4538977860 1568742 28369  7875
37.843517027 4540914323 1936463 28362  7912
37.855528677 4542261740 1347417 28359  10219
37.867526821 4544126648 1864908 28352  5696
37.879514535 4545804166 1677518 28363  9947
37.891524288 4547319421 1515255 28356  8533
37.903517226 4549267879 1948458 28359  7379
37.915527259 4550818697 1550818 28370  10069
37.927518516 4552474289 1655592 28350  6247
37.939516300 4554339383 1865094 28360  9716
37.951529973 4555680455 1341072 28366  9116
37.963528874 4557614992 1934537 28352  7078
37.975516431 4559000686 1385694 28361  10202
37.987515948 4560821015 1820329 28361  6259
37.999527869 4562664736 1843721 28359  9956
38.011528962 4564035786 1371050 28372  9562
38.023515945 4566012736 1976950 28361  6170
38.035516236 4567598559 1585823 28361  10288
38.047536420 4569194216 1595657 28371  7883
38.059530261 4571127245 1933029 28359  8177
38.071527441 4572390896 1263651 28368  9929
38.083516991 4574362825 1971929 28361  6200
38.095528822 4576195016 1832191 28366  9728
38.107528945 4577584203 1389187 28358  9692
38.119517832 4579513164 1928961 28355  5903
38.131518189 4581130683 1617519 28366  10462
38.143528646 4582733608 1602925 28367  7470
38.155529620 4584625056 1891448 28351  8763
38.167516127 4585920308 1295252 28356  9229
38.179516780 4587860965 1940657 28376  6805
38.191530145 4589470947 1609982 28371  10420
38.203524395 4591081078 1610131 28364  7782
38.215517848 4593040565 1959487 28366  8026
38.227516599 4594398485 1357920 28358  10103
38.239516592 4596244921 1846436 28356  5853
38.251527820 4597848468 1603547 28371  10184
38.263518697 4599421755 1573287 28363  7638
38.275514993 4601379088 1957333 28358  8135
38.287516594 4602843893 1464805 28364  10052
38.299526924 4604602295 1758402 28365  7119
38.311516151 4606479148 1876853 28362  8600
38.323527852 4607813178 1334030 28375  9779
38.335527765 4609755038 1941860 28357  6265
38.347529210 4611357917 1602879 28371  10450
38.359516226 4612963802 1605885 28360  7594
38.371537033 4614899199 1935397 28354  8498
38.383528804 4616236642 1337443 28371  10182
38.395529304 4618138613 1901971 28368  6246
38.407517304 4619943378 1804765 28366  9727
38.419516305 4621345604 1402226 28366  8978
38.431530165 4623276172 1930568 28359  6994
38.443528963 4624647388 1371216 28358  9989
38.455516419 4626471345 1823957 28360  5895
38.467515936 4628297205 1825860 28367  9879
38.479529400 4629680690 1383485 28374  9346
38.491516174 4631652275 1971585 28366  6475
38.503515540 4633248764 1596489 28358  10058
38.515515205 4634853747 1604983 28368  8059
38.527536221 4636808709 1954962 28375  7935
38.539517182 4638160869 1352160 28356  10358
38.551515932 4640017905 1857036 28363  6003
38.563516619 4641658160 1640255 28359  9833
38.575528563 4643207661 1549501 28354  8815
38.587529723 4645159150 1951489 28374  7691
38.599516460 4646767887 1608737 28363  10154
38.611517588 4648380906 1613019 28377  7136
38.623528688 4650243981 1863075 28356  8779
38.635529382 4651561758 1317777 28370  8977
38.647516189 4653493642 1931884 28356  6722
38.659527555 4655062427 1568785 28365  9914
38.671528823 4656712199 1649772 28379  7470
38.683536187 4658662659 1950460 28356  8515
38.695517140 4659937007 1274348 28351  10037
38.707528507 4661894819 1957812 28367  5876
38.719529297 4663571289 1676470 28370  10022
38.731529228 4665065500 1494211 28358  8029
38.743516162 4667013547 1948047 28349  8339
38.755516036 4668325780 1312233 28366  9921
38.767530953 4670236415 1910635 28364  6151
38.779529126 4672023462 1787047 28361  10305
38.791516890 4673454456 1430994 28373  9461
38.803517310 4675407917 1953461 28365  6341
38.815529130 4677006055 1598138 28368  9974
38.827516075 4678606105 1600050 28376  7640
38.839516025 4680535632 1929527 28364  8217
38.851522786 4681803546 1267914 28372  9913
38.863528042 4683768304 1964758 28374  5756
38.875527992 4685496287 1727983 28362  10086
38.887516910 4686951463 1455176 28353  8338
38.899515623 4688903547 1952084 28365  7530
38.911529620 4690355051 1451504 28371  10019
38.923516558 4692104527 1749476 28368  5983
38.935514658 4693767517 1662990 28362  10379
38.947516345 4695288300 1520783 28363  7729
38.959528655 4697239192 1950892 28369  8272
38.971515419 4698700967 1461775 28367  10230
38.983528933 4700463802 1762835 28368  7100
38.995527423 4702375512 1911710 28358  8767
39.007523941 4703658530 1283018 28350  9010
39.019529284 4705585324 1926794 28359  6782
39.031516607 4707074749 1489425 28363  9919
39.043528768 4708789995 1715246 28357  6814
39.055516478 4710696996 1907001 28369  8983
39.067518586 4711988075 1291079 28369  9515
39.079516183 4713943531 1955456 28374  6249
39.091528139 4715577051 1633520 28354  10019
39.103528500 4717161895 1584844 28368  8294
39.115528987 4719097635 1935740 28369  7955
39.127516300 4720466804 1369169 28362  10185
39.139528408 4722318322 1851518 28366  5660
39.151516975 4724054076 1735754 28356  10494
39.163525016 4725514136 1460060 28366  8984
39.175529279 4727461894 1947758 28358  6959
39.187516139 4729080513 1618619 28357  10102
39.199528473 4730675020 1594507 28369  7192
39.211515640 4732540580 1865560 28355  8797
39.223528294 4733858961 1318381 28373  9172
39.235527014 4735804140 1945179 28367  6246
39.247516624 4737430195 1626055 28363  10258
39.259514792 4739023157 1592962 28368  8176
39.271516399 4740964709 1941552 28357  7606
39.283516843 4742373514 1408805 28364  9815
39.295528346 4744190204 1816690 28362  6888
39.307514353 4745994751 1804547 28367  9156
39.319535377 4747382945 1388194 28364  9220
39.331530307 4749322495 1939550 28367  6969
39.343515107 4750791037 1468542 28367  10364
39.355529402 4752534122 1743085 28362  7441
39.367516065 4754477086 1942964 28354  8769
39.379529533 4755824646 1347560 28370  9910
39.391515686 4757715153 1890507 28361  5825
39.403529974 4759315960 1600807 28355  10149
39.415516564 4760881268 1565308 28354  7740
39.427528127 4762820774 1939506 28358  7909
39.439516134 4764195038 1374264 28367  10105
39.451516188 4766042547 1847509 28354  6340
39.463528451 4767864492 1821945 28365  9509
39.475527652 4769237738 1373246 28365  8437
39.487523909 4771188937 1951199 28370  7408
39.499515423 4772729075 1540138 28361  10041
39.511528583 4774382428 1653353 28353  6806
39.523517150 4776116597 1734169 28355  9396
39.535516271 4777568885 1452288 28372  8666
39.547517261 4779508226 1939341 28368  7579
39.559515714 4781020467 1512241 28363  10122
39.571517349 4782730924 1710457 28361  6892
39.583530142 4784569439 1838515 28349  8861
39.595515479 4785905229 1335790 28355  9134
39.607509233 4787830142 1924913 28373  6840
39.619527371 4789223136 1392994 28359  9984
39.631517241 4791033099 1809963 28367  6706
39.643535517 4792945504 1912405 28359  9295
39.655517205 4794242881 1297377 28365  9500
39.667514415 4796174035 1931154 28355  5924
39.679516052 4797793315 1619280 28367  10492
39.691516293 4799396146 1602831 28371  7825
39.703516889 4801323816 1927670 28356  8398
39.715529507 4802588631 1264815 28372  9897
39.727529244 4804536945 1948314 28356  6070
39.739516970 4806168235 1631290 28366  10392
39.751528185 4807740888 1572653 28357  8408
39.763527902 4809698552 1957664 28365  7354
39.775529189 4811145212 1446660 28365  10242
39.787527569 4812886849 1741637 28355  6081
39.799536277 4814556518 1669669 28357  9873
39.811529180 4816055854 1499336 28358  7809
39.823527830 4818010131 1954277 28364  7885
39.835529494 4819510364 1500233 28366  10004
39.847527171 4821228695 1718331 28354  7166
39.859516834 4823078486 1849791 28349  8550
39.871526859 4824430271 1351785 28365  9619
39.883517352 4826373861 1943590 28367  6396
39.895514893 4827961714 1587853 28356  10470
39.907528286 4829570097 1608383 28359  7083
39.919516610 4831401576 1831479 28354  8777
39.931517027 4832771863 1370287 28363  9709
39.943516961 4834752866 1981003 28366  6539
39.955523565 4836500777 1747911 28362  10140
39.967517645 4837946851 1446074 28369  8419
39.979514965 4839877213 1930362 28353  7547
39.991517246 4841217342 1340129 28367  9963
40.003515379 4843087119 1869777 28365  5614
40.015528507 4844831955 1744836 28353  9938
40.027528020 4846282225 1450270 28373  8884
40.039517441 4848230236 1948011 28367  6981
40.051528848 4849765159 1534923 28362  10134
40.063527365 4851432036 1666877 28361  6636
40.075519496 4853294272 1862236 28360  9286
40.087528286 4854617537 1323265 28360  8948
40.099528542 4856561180 1943643 28358  7362
40.111514683 4857958593 1397413 28356  9915
40.123540784 4859768323 1809730 28364  6911
40.135536891 4861631121 1862798 28357  9548
40.147528204 4862977166 1346045 28359  9410
40.159529035 4864935192 1958026 28364  6361
40.171517222 4866524549 1589357 28361  10019
40.183528845 4868120994 1596445 28365  7431
40.195516012 4870011552 1890558 28359  8438
40.207528880 4871307566 1296014 28379  9364
40.219517773 4873282787 1975221 28368  6307
40.231517887 4874959780 1676993 28365  10073
40.243528164 4876460948 1501168 28355  8087
40.255527372 4878411184 1950236 28357  7753
40.267528098 4879779062 1367878 28367  9978
40.279526739 4881619092 1840030 28366  5978
40.291528879 4883252448 1633356 28354  10421
40.303515079 4884796755 1544307 28365  7404
40.315516306 4886751142 1954387 28360  8500
40.327516827 4888217460 1466318 28370  10364
40.339529668 4889977547 1760087 28370  7059
40.351515391 4891855011 1877464 28360  8767
40.363529928 4893166069 1311058 28365  8814
40.375516585 4895091018 1924949 28362  7077
40.387527549 4896477785 1386767 28362  9866
40.399529290 4898290023 1812238 28368  6269
40.411528030 4900149762 1859739 28362  9559
40.423516057 4901495276 1345514 28374  9370
40.435535541 4903445456 1950180 28366  6379
40.447528971 4905057356 1611900 28371  10027
40.459515531 4906662374 1605018 28364  7953
40.471530099 4908597876 1935502 28364  8320
40.483527369 4909921511 1323635 28376  10200
40.495529266 4911807370 1885859 28355  5609
40.507527896 4913429576 1622206 28353  10547
40.519529290 4915006769 1577193 28357  8496
40.531517204 4916956887 1950118 28364  7509
40.543516471 4918516971 1560084 28365  9987
40.555516572 4920162908 1645937 28357  6498
40.567516335 4921870780 1707872 28351  9443
40.579528578 4923323567 1452787 28367  8051
40.591537266 4925269676 1946109 28369  7661
40.603517266 4926714333 1444657 28357  10184
40.615515183 4928490030 1775697 28365  7062
40.627529284 4930403656 1913626 28360  8772
40.639516577 4931680596 1276940 28363  8706
40.651517655 4933633217 1952621 28362  7076
40.663515735 4935238323 1605106 28366  10078
40.675528036 4936839310 1600987 28359  7823
40.687515829 4938719511 1880201 28354  8489
40.699526513 4940027380 1307869 28382  9568
40.711528360 4941975323 1947943 28374  6901
40.723528654 4943622489 1647166 28359  10145
40.735528294 4945198647 1576158 28360  8023
40.747516961 4947131866 1933219 28361  7668
40.759526489 4948477107 1345241 28373  10239
40.771529342 4950334805 1857698 28359  5742
40.783528516 4951971542 1636737 28355  9978
40.795517360 4953519394 1547852 28360  8492
40.807528710 4955465570 1946176 28359  7401
40.819528894 4957020984 1555414 28362  10018
40.831528924 4958667584 1646600 28352  6344
40.843517037 4960581150 1913566 28366  9653
40.855527705 4961870614 1289464 28364  9127
40.867515665 4963798766 1928152 28354  6977
40.879526526 4965226549 1427783 28354  10186
40.891516449 4966997970 1771421 28375  6294
40.903517026 4968856990 1859020 28359  10006
40.915536817 4970205375 1348385 28381  9534
40.927529630 4972154770 1949395 28368  6237
40.939516615 4973748388 1593618 28377  10277
40.951518245 4975343378 1594990 28361  7376
40.963529112 4977224072 1880694 28355  8676
40.975516426 4978520799 1296727 28368  8949
40.987516652 4980473862 1953063 28364  6614
40.999517550 4982114541 1640679 28361  10207
41.011530673 4983690630 1576089 28373  8319
41.023515433 4985631272 1940642 28356  7200
41.035527701 4987088759 1457487 28371  10378
41.047528192 4988846546 1757787 28367  6750
41.059507979 4990564135 1717589 28353  9483
41.071534456 4992017206 1453071 28358  8116
41.083517383 4993958738 1941532 28364  7959
41.095527150 4995409891 1451153 28370  10239
41.107529444 4997181615 1771724 28372  7118
41.119528611 4999133999 1952384 28364  8815
41.131518654 5000395648 1261649 28377  9913
41.143530235 5002311286 1915638 28366  6081
41.155528138 5003850349 1539063 28352  10136
41.167529209 5005493019 1642670 28363  6500
41.179530619 5007358148 1865129 28371  9246
41.191528476 5008695493 1337345 28374  9357
41.203517387 5010654819 1959326 28361  6266
41.215514964 5012245420 1590601 28361  10047
41.227524541 5013853646 1608226 28362  8030
41.239515985 5015796339 1942693 28369  7986
41.251528582 5017083307 1286968 28355  10255
41.263517762 5018988209 1904902 28365  6119
41.275515592 5020584368 1596159 28362  9841
41.287517906 5022184510 1600142 28366  8370
41.299529503 5024136463 1951953 28370  8082
41.311515733 5025617148 1480685 28370  10079
41.323515888 5027351544 1734396 28378  6764
41.335516028 5029134222 1782678 28355  9077
41.347515998 5030531762 1397540 28368  8894
41.359515615 5032456214 1924452 28362  6893
41.371529223 5033924922 1468708 28359  9849
41.383514643 5035669522 1744600 28367  7241
41.395534784 5037572892 1903370 28364  8829
41.407529487 5038851280 1278388 28358  9043
41.419517327 5040801020 1949740 28360  6732
41.431529098 5042367985 1566965 28365  10032
41.443528465 5043989463 1621478 28355  7018
41.455530608 5045791783 1802320 28361  9229
41.467515993 5047181066 1389283 28367  8666
41.479529489 5049116045 1934979 28354  7373
41.491527990 5050685813 1569768 28364  10360
41.503528574 5052325833 1640020 28366  7145
41.515527694 5054232619 1906786 28359  8618
41.527528715 5055509541 1276922 28349  8925
41.539516408 5057432964 1923423 28357  6924
41.551522912 5058880054 1447090 28362  9954
41.563516832 5060629617 1749563 28366  6555
41.575515856 5062489322 1859705 28360  9188
41.587530310 5063827838 1338516 28371  9439
41.599516347 5065775996 1948158 28368  6302
41.611516094 5067382907 1606911 28365  10015
41.623516994 5068993746 1610839 28374  8204
41.635530409 5070922480 1928734 28355  8051
41.647516325 5072225785 1303305 28356  10100
41.659517075 5074139561 1913776 28352  5662
41.671516276 5075790545 1650984 28357  10550
41.683516730 5077324655 1534110 28368  8602
41.695516224 5079271847 1947192 28358  7481
41.707536704 5080857414 1585567 28363  10090
41.719528611 5082472531 1615117 28364  6509
41.731529315 5084188070 1715539 28353  9291
41.743529858 5085639912 1451842 28365  8353
41.755516709 5087581519 1941607 28356  7248
41.767528829 5089029216 1447697 28361  10181
41.779528444 5090790842 1761626 28358  7106
41.791530417 5092699825 1908983 28348  8760
41.803514920 5093980127 1280302 28366  8801
41.815528115 5095932865 1952738 28365  6996
41.827527381 5097526834 1593969 28360  10001
41.839528266 5099128791 1601957 28367  7760
41.851527492 5101016450 1887659 28367  8499
41.863535700 5102313222 1296772 28356  9516
41.875516890 5104283711 1970489 28365  6949
41.887515577 5105942562 1658851 28370  10128
41.899516294 5107488967 1546405 28358  8319
41.911516561 5109411101 1922134 28353  7440
41.923530032 5110753414 1342313 28361  10212
41.935516222 5112583889 1830475 28363  5702
41.947516336 5114194240 1610351 28363  9912
41.959516556 5115785433 1591193 28375  8273
41.971529416 5117733767 1948334 28359  7630
41.983516827 5119282912 1549145 28367  10031
41.995516157 5120932581 1649669 28364  6236
42.007517081 5122762127 1829546 28364  9690
42.019516095 5124128803 1366676 28358  9078
42.031530106 5126056513 1927710 28362  7109
42.043528919 5127441596 1385083 28360  10222
42.055528636 5129256513 1814917 28363  6244
42.067529450 5131085561 1829048 28358  9916
42.079529167 5132464277 1378716 28380  9684
42.091515381 5134435582 1971305 28359  6030
42.103529068 5136004810 1569228 28364  10244
42.115528059 5137598629 1593819 28360  7594
42.127528589 5139489350 1890721 28357  8541
42.139517119 5140768050 1278700 28362  9016
42.151529453 5142715566 1947516 28360  6571
42.163532493 5144365241 1649675 28367  10173
42.175528401 5145932802 1567561 28361  8323
42.187540894 5147872675 1939873 28359  7166
42.199528075 5149326719 1454044 28375  10380
42.211516388 5151086197 1759478 28364  6871
42.223517032 5152870188 1783991 28356  9410
42.235516175 5154275811 1405623 28368  8945
42.247517086 5156209512 1933701 28359  7013
42.259528267 5157787613 1578101 28365  10334
42.271520227 5159420803 1633190 28366  7470
42.283515941 5161363696 1942893 28358  8397
42.295527002 5162621519 1257823 28368  9972
42.307528022 5164543159 1921640 28346  5939
42.319517209 5166094044 1550885 28361  10175
42.331516769 5167718804 1624760 28364  6745
42.343523887 5169625152 1906348 28360  8946
42.355516394 5170912052 1286900 28363  9437
42.367528327 5172853301 1941249 28365  6201
42.379530918 5174449000 1595699 28358  10017
42.391514921 5176060447 1611447 28364  7927
42.403529536 5178001742 1941295 28369  8011
42.415528972 5179274062 1272320 28372  10275
42.427529006 5181181746 1907684 28371  6097
42.439515293 5182775043 1593297 28361  9748
42.451527273 5184380763 1605720 28365  8278
42.463529714 5186327782 1947019 28359  8138
42.475518551 5187786640 1458858 28363  10049
42.487529205 5189538102 1751462 28354  6469
42.499535992 5191307650 1769548 28357  9213
42.511529372 5192715654 1408004 28359  8831
42.523527626 5194642772 1927118 28361  6981
42.535515743 5196131974 1489202 28366  9884
42.547516614 5197855164 1723190 28372  7273
42.559529644 5199758241 1903077 28354  8741
42.571529335 5201032903 1274662 28364  9102
42.583517298 5202975727 1942824 28371  6772
42.595529042 5204544852 1569125 28362  10041
42.607515683 5206163136 1618284 28373  7019
42.619528203 5207973858 1810722 28367  9251
42.631518300 5209353272 1379414 28375  8604
42.643516440 5211295070 1941798 28378  7339
42.655516130 5212906608 1611538 28363  10395
42.667524238 5214515006 1608398 28369  7768
42.679517065 5216465015 1950009 28355  7905
42.691516676 5217806794 1341779 28363  9953
42.703528372 5219642655 1835861 28359  5905
42.715529490 5221246751 1604096 28352  10010
42.727517480 5222834407 1587656 28373  7988
42.739516357 5224776088 1941681 28363  7704
42.751527534 5226224255 1448167 28360  10049
42.763516764 5227979202 1754947 28356  6668
42.775515252 5229780592 1801390 28357  8921
42.787515102 5231188567 1407975 28376  9559
42.799530026 5233105290 1916723 28364  6707
42.811528626 5234585677 1480387 28360  10235
42.823536701 5236306014 1720337 28357  6201
42.835526964 5238178962 1872948 28350  9876
42.847528581 5239509399 1330437 28366  9672
42.859530272 5241475838 1966439 28367  6334
42.871515868 5243097151 1621313 28359  10065
42.883518693 5244654496 1557345 28366  7650
42.895528186 5246569312 1914816 28349  8263
42.907528547 5247824280 1254968 28354  9390
42.919516660 5249796120 1971840 28370  5953
42.931529985 5251487899 1691779 28366  10237
42.943516618 5252976385 1488486 28364  8446
42.955528201 5254914788 1938403 28356  7278
42.967516326 5256359532 1444744 28366  9830
42.979524569 5258133804 1774272 28356  7211
42.991517997 5259963033 1829229 28370  9003
43.003516113 5261316431 1353398 28355  9223
43.015517584 5263246362 1929931 28360  6765
43.027517098 5264738996 1492634 28374  10366
43.039516498 5266456739 1717743 28358  7668
43.051529269 5268393423 1936684 28373  8638
43.063517412 5269721671 1328248 28367  9763
43.075518169 5271614726 1893055 28357  5903
43.087528393 5273185554 1570828 28357  10146
43.099516543 5274776534 1590980 28363  7644
43.111516487 5276714539 1938005 28360  8043
43.123516611 5278078936 1364397 28370  10100
43.135527092 5279931302 1852366 28369  6403
43.147535965 5281740401 1809099 28360  9396
43.159528439 5283118318 1377917 28352  8487
43.171527589 5285065442 1947124 28370  7506
43.183529754 5286591018 1525576 28359  10117
43.195515140 5288251024 1660006 28356  6592
43.207516830 5289961067 1710043 28361  9659
43.219517501 5291428117 1467050 28362  8455
43.231530205 5293369027 1940910 28368  7862
43.243528539 5294899412 1530385 28357  10212
43.255517192 5296585836 1686424 28369  6925
43.267529076 5298443321 1857485 28361  8893
43.279528193 5299755669 1312348 28359  9020
43.291527640 5301678678 1923009 28357  6807
43.303522758 5303097647 1418969 28360  9926
43.315529551 5304870634 1772987 28370  6616
43.327514772 5306769982 1899348 28358  9255
43.339516662 5308071503 1301521 28367  9422
43.351517709 5310000552 1929049 28354  5898
43.363528513 5311616918 1616366 28381  10413
43.375514593 5313217231 1600313 28360  7846
43.387529287 5315146118 1928887 28357  8317
43.399529304 5316403995 1257877 28358  9903
43.411510288 5318355339 1951344 28380  5998
43.423527478 5319999384 1644045 28368  10447
43.435515919 5321547981 1548597 28360  8533
43.447517039 5323499111 1951130 28366  7180
43.459523090 5324986299 1487188 28361  10168
43.471530770 5326684933 1698634 28357  6376
43.483516987 5328387829 1702896 28359  9499
43.495529018 5329840495 1452666 28364  7757
43.507527885 5331785873 1945378 28369  7877
43.519529422 5333252207 1466334 28355  10020
43.531517359 5334995418 1743211 28371  7054
43.543516342 5336848134 1852716 28357  8593
43.555517977 5338192584 1344450 28368  9607
43.567517157 5340129897 1937313 28372  6393
43.579529804 5341686715 1556818 28362  10393
43.591515028 5343306189 1619474 28364  6700
43.603528442 5345115295 1809106 28359  9009
43.615536915 5346502840 1387545 28376  9766
43.627529220 5348461308 1958468 28365  6705
43.639514220 5350099743 1638435 28367  10064
43.651529341 5351649122 1549379 28361  7889
43.663515697 5353563189 1914067 28349  8041
43.675517254 5354815941 1252752 28357  9446
43.687515782 5356736138 1920197 28361  6105
43.699515758 5358367686 1631548 28371  9960
43.711528669 5359952578 1584892 28365  8374
43.723527883 5361900335 1947757 28368  7665
43.735529774 5363281638 1381303 28361  9979
43.747516607 5365097650 1816012 28359  6233
43.759518010 5366832907 1735257 28360  9693
43.771517061 5368262607 1429700 28354  8442
43.783524118 5370203503 1940896 28354  7845
43.795516275 5371537214 1333711 28352  9847
43.807530446 5373401941 1864727 28370  6095
43.819517232 5375139550 1737609 28361  10338
43.831530243 5376584805 1445255 28360  8593
43.843529904 5378521290 1936485 28365  7091
43.855515881 5379906543 1385253 28356  9949
43.867531274 5381705649 1799106 28367  5960
43.879515805 5383346853 1641204 28355  9809
43.891517379 5384878184 1531331 28356  8214
43.903516353 5386815045 1936861 28362  7468
43.915527966 5388295984 1480939 28360  10076
43.927516080 5390013327 1717343 28368  6806
43.939524944 5391875876 1862549 28358  8888
43.951529425 5393216785 1340909 28371  9462
43.963527735 5395139373 1922588 28364  6627
43.975517285 5396695137 1555764 28364  10291
43.987528099 5398326026 1630889 28368  6151
43.999517819 5400159545 1833519 28360  9825
44.011515314 5401526547 1367002 28364  9785
44.023530287 5403486248 1959701 28368  6250
44.035529935 5405115207 1628959 28356  10086
44.047528578 5406665199 1549992 28365  7684
44.059528852 5408580615 1915416 28359  8263
44.071527682 5409833106 1252491 28356  9408
44.083516292 5411781614 1948508 28362  5897
44.095537277 5413410093 1628479 28370  10224
44.107529713 5414975478 1565385 28371  8347
44.119516144 5416912607 1937129 28349  7302
44.131518141 5418313221 1400614 28359  9772
44.143529322 5420120848 1807627 28372  6871
44.155517382 5421891679 1770831 28362  9061
44.167527743 5423298278 1406599 28361  9027
44.179529086 5425235221 1936943 28364  7097
44.191515906 5426708486 1473265 28357  10323
44.203516237 5428440787 1732301 28379  7552
44.215515594 5430376438 1935651 28366  8668
44.227515515 5431739607 1363169 28363  9788
44.239515638 5433589747 1850140 28359  5793
44.251537169 5435175373 1585626 28355  10099
44.263517609 5436760891 1585518 28360  7768
44.275516696 5438699977 1939086 28355  7830
44.287529807 5440088948 1388971 28364  10064
44.299527701 5441906230 1817282 28372  6572
44.311516888 5443720002 1813772 28375  9204
44.323528198 5445093796 1373794 28362  8589
44.335515932 5447036704 1942908 28361  7237
44.347516119 5448582808 1546104 28354  9995
44.359529430 5450216493 1633685 28356  6703
44.371515230 5451913543 1697050 28363  9458
44.383528084 5453380690 1467147 28367  8149
44.395529598 5455321672 1940982 28356  8113
44.407516738 5456786616 1464944 28369  10109
44.419540725 5458539041 1752425 28363  6791
44.431518619 5460393569 1854528 28351  8904
44.443526933 5461703575 1310006 28352  8881
44.455517113 5463616931 1913356 28363  6869
44.467515164 5464956248 1339317 28364  9825
44.479529661 5466808738 1852490 28366  6103
44.491528208 5468636410 1827672 28363  9583
44.503520372 5470010426 1374016 28368  9459
44.515527879 5471934195 1923769 28354  5955
44.527515593 5473541723 1607528 28357  10510
44.539516239 5475135257 1593534 28378  7208
44.551515607 5476951959 1816702 28358  8892
44.563516087 5478314279 1362320 28362  9173
44.575536261 5480244899 1930620 28360  6783
44.587516768 5481858985 1614086 28379  10416
44.599516072 5483461541 1602556 28353  8074
44.611518272 5485415636 1954095 28366  7668
44.623526773 5486783325 1367689 28360  10146
44.635527893 5488600216 1816891 28366  5854
44.647528851 5490239625 1639409 28356  10063
44.659516068 5491758364 1518739 28354  7707
44.671528914 5493702386 1944022 28368  7910
44.683515165 5495196785 1494399 28377  9993
44.695527025 5496915933 1719148 28370  7210
44.707527910 5498768788 1852855 28359  8302
44.719527423 5500101705 1332917 28373  9584
44.731537721 5502037600 1935895 28352  6425
44.743517414 5503586378 1548778 28357  10385
44.755528912 5505218018 1631640 28361  7018
44.767529145 5507041001 1822983 28359  8797
44.779528539 5508405834 1364833 28377  9666
44.791516859 5510376553 1970719 28367  6663
44.803515423 5512058282 1681729 28369  10041
44.815529494 5513542654 1484372 28361  7819
44.827528894 5515462753 1920099 28357  8057
44.839514657 5516713732 1250979 28358  9678
44.851526611 5518631245 1917513 28366  5873
44.863516408 5520250148 1618903 28368  9769
44.875516846 5521839019 1588871 28367  8442
44.887524956 5523778395 1939376 28368  7567
44.899515443 5525160754 1382359 28360  9950
44.911528120 5526978400 1817646 28355  6409
44.923516954 5528765005 1786605 28367  9446
44.935516161 5530150018 1385013 28361  8832
44.947516542 5532088898 1938880 28362  7394
44.959528102 5533452797 1363899 28355  9813
44.971528696 5535278813 1826016 28366  6777
44.983517393 5537144092 1865279 28359  9638
44.995515590 5538474068 1329976 28376  9312
45.007528731 5540415335 1941267 28361  6331
45.019516411 5542000216 1584881 28353  9948
45.031529898 5543584042 1583826 28354  7075
45.043530308 5545381320 1797278 28353  8580
45.055535686 5546764881 1383561 28367  9354
45.067531126 5548734016 1969135 28359  6359
45.079517036 5550421111 1687095 28365  10029
45.091529800 5551901714 1480603 28378  8215
45.103528768 5553846051 1944337 28367  7458
45.115528358 5555284027 1437976 28366  9939
45.127514851 5557031200 1747173 28366  5960
45.139516082 5558709719 1678519 28357  10311
45.151527337 5560198575 1488856 28360  7576
45.163528347 5562143216 1944641 28371  8252
45.175517253 5563577212 1433996 28372  10193
45.187527088 5565349256 1772044 28361  7016
45.199516348 5567241903 1892647 28369  8761
45.211523585 5568527919 1286016 28366  8947
45.223528635 5570438988 1911069 28360  6770
45.235515016 5571849969 1410981 28363  9784
45.247528276 5573640313 1790344 28367  6288
45.259518544 5575495321 1855008 28361  9478
45.271520207 5576853392 1358071 28367  9469
45.283515037 5578803048 1949656 28368  6152
45.295527912 5580413952 1610904 28376  10036
45.307515972 5582026965 1613013 28369  8133
45.319514366 5583956834 1929869 28355  7970
45.331529089 5585232435 1275601 28351  10124
45.343528190 5587143940 1911505 28362  5615
45.355515364 5588783255 1639315 28367  10409
45.367541701 5590373679 1590424 28360  8377
45.379529848 5592330494 1956815 28369  7626
45.391515458 5593800842 1470348 28358  9944
45.403529096 5595543932 1743090 28368  6053
45.415528220 5597198692 1654760 28361  9743
45.427529827 5598717120 1518428 28353  7756
45.439529030 5600666579 1949459 28363  7879
45.451530061 5602064947 1398368 28361  10051
45.463516294 5603898746 1833799 28365  6317
45.475515925 5605721746 1823000 28359  9388
45.487528935 5607099353 1377607 28362  8420
45.499515900 5609046179 1946826 28352  7342
45.511515520 5610568157 1521978 28359  10034
45.523535797 5612251314 1683157 28352  6559
45.535516981 5613949894 1698580 28363  9569
45.547516468 5615442253 1492359 28357  8437
45.559516735 5617399636 1957383 28375  7829
45.571528189 5619025563 1625927 28375  10113
45.583517693 5620643262 1617699 28366  7411
45.595516006 5622579441 1936179 28355  8238
45.607517774 5623835164 1255723 28356  9692
45.619516610 5625767588 1932424 28347  6025
45.631527831 5627333571 1565983 28367  9878
45.643528178 5628979966 1646395 28376  7212
45.655528536 5630925439 1945473 28363  8604
45.667528739 5632251192 1325753 28364  9829
45.679515899 5634134454 1883262 28365  5365
45.691523283 5635770210 1635756 28362  10459
45.703530191 5637352214 1582004 28358  7990
45.715516578 5639278839 1926625 28356  8101
45.727528848 5640538690 1259851 28358  9839
45.739516159 5642503946 1965256 28368  5964
45.751528835 5644162339 1658393 28365  10378
45.763529666 5645715639 1553300 28367  8456
45.775528646 5647670498 1954859 28358  7158
45.787526701 5649162992 1492494 28355  10167
45.799514901 5650876115 1713123 28350  6346
45.811516172 5652562882 1686767 28355  9464
45.823514102 5654048690 1485808 28353  7579
45.835516929 5656006896 1958206 28364  7974
45.847536789 5657472517 1465621 28367  9909
45.859529620 5659243920 1771403 28367  7122
45.871516740 5661117605 1873685 28353  8428
45.883515670 5662445287 1327682 28366  9677
45.895515638 5664395119 1949832 28373  6328
45.907528866 5665997762 1602643 28367  10363
45.919516356 5667597943 1600181 28365  7443
45.931518042 5669533511 1935568 28353  8375
45.943516010 5670854176 1320665 28358  10187
45.955517300 5672786172 1931996 28370  6027
45.967527754 5674526117 1739945 28359  9893
45.979528734 5675976381 1450264 28381  8261
45.991528595 5677917910 1941529 28350  7611
46.003536979 5679279392 1361482 28359  9901
46.015517543 5681131244 1851852 28366  5540
46.027516153 5682842471 1711227 28360  9853
46.039529614 5684322427 1479956 28363  8317
46.051529257 5686279664 1957237 28353  7444
46.063529015 5687722306 1442642 28356  9915
46.075519835 5689487462 1765156 28359  6527
46.087529892 5691310852 1823390 28367  9334
46.099529083 5692683252 1372400 28357  8865
46.111528056 5694619432 1936180 28357  7361
46.123529610 5696006039 1386607 28363  9787
46.135516850 5697831616 1825577 28360  6425
46.147528538 5699650459 1818843 28363  9861
46.159536942 5701053684 1403225 28376  9373
46.171518096 5703001546 1947862 28366  6399
46.183527039 5704595865 1594319 28357  9983
46.195528567 5706193142 1597277 28353  6923
46.207516243 5708071649 1878507 28360  8750
46.219516494 5709402209 1330560 28377  9271
46.231516704 5711373052 1970843 28363  6304
46.243517111 5713012316 1639264 28361  9998
46.255516775 5714564812 1552496 28365  7720
46.267514205 5716506114 1941302 28351  7963
46.279517200 5717867588 1361474 28363  9917
46.291515710 5719730982 1863394 28361  5954
46.303528667 5721352480 1621498 28359  10397
46.315528341 5722912144 1559664 28363  7578
46.327529318 5724870184 1958040 28365  8273
46.339529835 5726340816 1470632 28363  10207
46.351516099 5728101141 1760325 28361  6975
46.363518073 5729996614 1895473 28369  8859
46.375529564 5731293320 1296706 28356  8817
46.387516984 5733220921 1927601 28359  6890
46.399528048 5734590214 1369293 28354  9787
46.411529595 5736425250 1835036 28377  5716
46.423529669 5738210588 1785338 28358  10026
46.435526362 5739642652 1432064 28364  9241
46.447517576 5741588315 1945663 28356  6341
46.459529460 5743192949 1604634 28374  10011
46.471527527 5744804220 1611271 28366  7607
46.483527708 5746702014 1897794 28364  8463
46.495529658 5747978965 1276951 28368  9106
46.507529789 5749909260 1930295 28363  6702
46.519530395 5751371460 1462200 28372  10276
46.531529490 5753133934 1762474 28367  7393
46.543517496 5755035495 1901561 28356  8732
46.555515741 5756340630 1305135 28374  9186
46.567516641 5758267730 1927100 28361  6358
46.579516371 5759788323 1520593 28347  10043
46.591529075 5761464023 1675700 28358  6307
46.603516378 5763242445 1778422 28357  9184
46.615517429 5764671116 1428671 28368  9029
46.627516913 5766624162 1953046 28361  6718
46.639536210 5768238241 1614079 28371  9929
46.651528378 5769829065 1590824 28355  6909
46.663516778 5771778623 1949558 28368  8909
46.675517618 5773087206 1308583 28371  9938
46.687515142 5774970776 1883570 28354  6045
46.699516932 5776573328 1602552 28363  10119
46.711530053 5778185715 1612387 28380  7731
46.723529473 5780137428 1951713 28368  8370
46.735527828 5781579418 1441990 28359  10111
46.747528548 5783374485 1795067 28363  6601
46.759528655 5785150320 1775835 28359  8978
46.771528402 5786563890 1413570 28354  8971
46.783529366 5788493510 1929620 28351  6863
46.795528033 5789866623 1373113 28356  9858
46.807524367 5791704618 1837995 28369  6246
46.819516414 5793569815 1865197 28365  9437
46.831529672 5794913751 1343936 28362  9039
46.843528605 5796845662 1931911 28361  6263
46.855527909 5798427540 1581878 28363  10416
46.867529149 5800059637 1632097 28370  6907
46.879516156 5801850401 1790764 28362  9076
46.891517577 5803246322 1395921 28381  8997
46.903515110 5805183580 1937258 28361  6865
46.915516958 5806799041 1615461 28361  10210
46.927515635 5808410735 1611694 28370  7344
46.939515876 5810355867 1945132 28358  8269
46.951516529 5811622817 1266950 28362  10104
46.963529250 5813550142 1927325 28364  5779
46.975529090 5815147640 1597498 28351  10039
46.987527791 5816747227 1599587 28359  6954
46.999529908 5818692668 1945441 28361  8607
47.011513679 5820032754 1340086 28387  9830
47.023517585 5821931991 1899237 28373  5793
47.035516840 5823585022 1653031 28347  9764
47.047529860 5825109044 1524022 28360  8125
47.059526921 5827064010 1954966 28378  7722
47.071528874 5828418033 1354023 28367  10310
47.083528965 5830266794 1848761 28356  5934
47.095517868 5831909494 1642700 28358  9668
47.107529466 5833455620 1546126 28366  8574
47.119537229 5835406311 1950691 28361  7753
47.131530527 5836888427 1482116 28365  9976
47.143516214 5838619871 1731444 28371  6521
47.155516187 5840338564 1718693 28363  9213
47.167528341 5841789490 1450926 28361  7937
47.179528655 5843727047 1937557 28355  7703
47.191528832 5845117827 1390780 28363  9819
47.203528532 5846954838 1837011 28377  6362
47.215516220 5848795187 1840349 28358  9477
47.227516053 5850158058 1362871 28354  8899
47.239516278 5852101737 1943679 28360  6809
47.251515294 5853705010 1603273 28375  9933
47.263528615 5855301567 1596557 28364  6944
47.275524022 5857107814 1806247 28364  9190
47.287517460 5858492850 1385036 28364  8716
47.299518210 5860442187 1949337 28385  7213
47.311529081 5862064694 1622507 28363  10357
47.323528954 5863674751 1610057 28376  7816
47.335517392 5865619036 1944285 28369  7785
47.347516418 5866916440 1297404 28354  9888
47.359515182 5868793527 1877087 28368  5944
47.371515189 5870395264 1601737 28358  9885
47.383528330 5872002398 1607134 28368  7480
47.395515234 5873954678 1952280 28368  8123
47.407528168 5875327588 1372910 28364  9938
47.419514861 5877168625 1841037 28357  5653
47.431538042 5878850020 1681395 28351  9830
47.443529662 5880354695 1504675 28368  8291
47.455528152 5882288516 1933821 28358  7786
47.467529553 5883600393 1311877 28354  10084
47.479515327 5885464095 1863702 28367  5548
47.491516044 5887077343 1613248 28372  10392
47.503516801 5888682421 1605078 28368  8246
47.515528739 5890634101 1951680 28361  7728
47.527528459 5892091405 1457304 28364  9925
47.539526886 5893842193 1750788 28350  5817
47.551515893 5895480303 1638110 28355  9904
47.563515984 5897011049 1530746 28362  7768
47.575515047 5898955399 1944350 28356  7792
47.587528852 5900348247 1392848 28374  10010
47.599535662 5902179501 1831254 28361  6298
47.611517105 5904020867 1841366 28359  9383
47.623516123 5905374395 1353528 28373  8317
47.635515566 5907314362 1939967 28369  7279
47.647527907 5908811657 1497295 28355  9958
47.659516658 5910513537 1701880 28356  6601
47.671529788 5912226256 1712719 28365  9451
47.683515661 5913697584 1471328 28363  8470
47.695516389 5915647546 1949962 28369  7770
47.707515047 5917223276 1575730 28362  10017
47.719528963 5918867834 1644558 28367  6820
47.731528394 5920731399 1863565 28363  8773
47.743515508 5922048914 1317515 28368  9009
47.755523335 5923974279 1925365 28356  6660
47.767515789 5925320975 1346696 28360  9796
47.779528913 5927177963 1856988 28365  6022
47.791529186 5928980276 1802313 28366  9706
47.803528523 5930395237 1414961 28359  9332
47.815517827 5932322299 1927062 28365  6047
47.827527142 5933942819 1620520 28375  10359
47.839516432 5935540112 1597293 28372  7265
47.851527692 5937400797 1860685 28343  8748
47.863524393 5938714658 1313861 28373  8925
47.875529537 5940653866 1939208 28369  6860
47.887515240 5942260539 1606673 28360  10279
47.899516844 5943877026 1616487 28374  7397
47.911536078 5945817275 1940249 28368  8273
47.923528261 5947083870 1266595 28362  9952
47.935528336 5949011417 1927547 28356  5813
47.947517839 5950609344 1597927 28358  10078
47.959516823 5952206373 1597029 28356  6882
47.971517210 5954147507 1941134 28362  8615
47.983528691 5955467295 1319788 28363  9882
47.995516144 5957390678 1923383 28357  5842
48.007529712 5959067236 1676558 28369  9720
48.019516089 5960569785 1502549 28366  8237
48.031530120 5962520908 1951123 28361  7560
48.043515690 5963882455 1361547 28367  10277
48.055527417 5965702934 1820479 28360  5908
48.067537468 5967340591 1637657 28359  9691
48.079516555 5968908761 1568170 28371  8615
48.091515012 5970859529 1950768 28354  7701
48.103517119 5972381264 1521735 28362  10008
48.115516789 5974071009 1689745 28373  6613
48.127529560 5975777137 1706128 28353  9024
48.139529087 5977233133 1455996 28357  7865
48.151516211 5979164253 1931120 28350  7785
48.163527311 5980562456 1398203 28373  9795
48.175517278 5982394040 1831584 28364  5977
48.187529949 5984174662 1780622 28352  9727
48.199516622 5985588510 1413848 28354  8610
48.211528470 5987526646 1938136 28363  7071
48.223515094 5988987489 1460843 28363  9931
48.235524134 5990726528 1739039 28374  6161
48.247528692 5992385227 1658699 28350  10033
48.259528945 5993898909 1513682 28368  7611
48.271528896 5995852609 1953700 28354  8256
48.283527100 5997308922 1456313 28364  10138
48.295518033 5999078027 1769105 28368  6931
48.307516244 6000954014 1875987 28359  8779
48.319529718 6002265734 1311720 28356  8755
48.331516858 6004194137 1928403 28368  6930
48.343515608 6005626430 1432293 28356  9816
48.355516533 6007398917 1772487 28366  6354
48.367528016 6009240737 1841820 28361  9229
48.379516444 6010607377 1366640 28368  9312
48.391536118 6012554608 1947231 28359  6262
48.403517268 6014160582 1605974 28371  9845
48.415515588 6015770612 1610030 28356  8014
48.427530102 6017708731 1938119 28351  8081
48.439515716 6019012023 1303292 28360  10074
48.451515790 6020901126 1889103 28361  5610
48.463528330 6022529776 1628650 28365  10385
48.475529684 6024108892 1579116 28374  8322
48.487516651 6026061006 1952114 28371  7544
48.499528395 6027562017 1501011 28355  9885
48.511528935 6029264564 1702547 28362  6116
48.523528190 6030947303 1682739 28354  9570
48.535527237 6032431822 1484519 28351  7857
48.547537124 6034378440 1946618 28355  7633
48.559516627 6035779885 1401445 28386  10039
48.571528175 6037596304 1816419 28361  6526
48.583528778 6039480781 1884477 28351  9148
48.595517936 6040791830 1311049 28359  8445
48.607528846 6042739181 1947351 28367  7168
48.619513949 6044301659 1562478 28365  9897
48.631518670 6045924279 1622620 28359  6691
48.643516825 6047624266 1699987 28364  9386
48.655528565 6049104012 1479746 28364  8387
48.667516062 6051055905 1951893 28354  7813
48.679515792 6052673061 1617156 28370  10054
48.691516957 6054285230 1612169 28359  7151
48.703513403 6056160755 1875525 28364  8427
48.715524604 6057452958 1292203 28369  8911
48.727529864 6059378444 1925486 28362  6701
48.739528902 6060771746 1393302 28366  9813
48.751516715 6062591233 1819487 28359  6739
48.763528236 6064509580 1918347 28357  8995
48.775516820 6065797868 1288288 28370  9297
48.787516177 6067718271 1920403 28374  5812
48.799529581 6069332075 1613804 28366  10342
48.811529352 6070932177 1600102 28375  7154
48.823516768 6072799510 1867333 28345  8808
48.835527656 6074109042 1309532 28369  9004
48.847529336 6076047746 1938704 28372  6775
48.859526740 6077659924 1612178 28363  10250
48.871525010 6079267394 1607470 28367  7532
48.883516670 6081215978 1948584 28363  8113
48.895516058 6082532721 1316743 28356  9980
48.907517716 6084418805 1886084 28350  5783
48.919527939 6085994537 1575732 28359  9980
48.931516680 6087592772 1598235 28366  7177
48.943528790 6089538948 1946176 28365  8353
48.955516338 6090932589 1393641 28374  9791
48.967516221 6092766134 1833545 28362  6336
48.979517095 6094539312 1773178 28361  9189
48.991528709 6095964649 1425337 28369  9193
49.003516402 6097911425 1946776 28369  6588
49.015515796 6099439695 1528270 28371  10330
49.027523611 6101094523 1654828 28374  6724
49.039517817 6102935871 1841348 28362  9041
49.051517108 6104303172 1367301 28357  9588
49.063530542 6106272215 1969043 28365  6534
49.075529143 6107923868 1651653 28364  9923
49.087518079 6109458942 1535074 28363  7811
49.099528837 6111389338 1930396 28365  7914
49.111517320 6112670409 1281071 28352  9774
49.123528781 6114581495 1911086 28358  5645
49.135526288 6116228194 1646699 28355  9755
49.147528999 6117793853 1565659 28363  8341
49.159516612 6119745319 1951466 28363  7448
49.171528017 6121171088 1425769 28368  9885
49.183537370 6122943949 1772861 28374  6393
49.195529018 6124737040 1793091 28357  9321
49.207527908 6126134566 1397526 28358  8871
49.219529612 6128065966 1931400 28359  7236
49.231518582 6129507085 1441119 28361  9786
49.243516862 6131282278 1775193 28373  7193
49.255528686 6133197350 1915072 28365  9116
49.267516400 6134490420 1293070 28361  9508
49.279527854 6136425590 1935170 28377  6074
49.291516492 6138023584 1597994 28364  9913
49.303516348 6139618305 1594721 28353  7231
49.315516766 6141487154 1868849 28358  8490
49.327528773 6142810463 1323309 28368  9288
49.339516347 6144779708 1969245 28377  6250
49.351538404 6146428431 1648723 28367  9983
49.363516474 6147961975 1533544 28360  7861
49.375515748 6149895394 1933419 28367  7761
49.387517198 6151249143 1353749 28375  9871
49.399515952 6153111193 1862050 28361  5980
49.411527353 6154721834 1610641 28372  10298
49.423515290 6156283266 1561432 28360  7528
49.435527431 6158238923 1955657 28357  8275
49.447514274 6159704172 1465249 28372  10211
49.459528792 6161458797 1754625 28356  6889
49.471529452 6163347802 1889005 28367  8784
49.483517266 6164640943 1293141 28361  8626
49.495516106 6166558197 1917254 28371  7051
49.507536301 6167913243 1355046 28366  9743
49.519529101 6169764006 1850763 28362  5828
49.531529132 6171561606 1797600 28365  9847
49.543517208 6172978828 1417222 28365  9419
49.555529406 6174925569 1946741 28354  6121
49.567528683 6176521815 1596246 28364  9843
49.579517780 6178128733 1606918 28379  7882
49.591513213 6180055719 1926986 28356  8906
49.603510957 6181315327 1259608 28358  10109
49.615523483 6183243907 1928580 28368  5744
49.627513763 6184879948 1636041 28370  10444
49.639517049 6186459487 1579539 28372  8422
49.651514987 6188408016 1948529 28366  7642
49.663522033 6189889779 1481763 28358  9819
49.675516631 6191609248 1719469 28360  5937
49.687517484 6193263518 1654270 28359  9701
49.699516782 6194772735 1509217 28356  7863
49.711528649 6196714336 1941601 28364  7726
49.723516666 6198101311 1386975 28361  10047
49.735526846 6199931438 1830127 28363  6380
49.747517207 6201763662 1832224 28377  9342
49.759515907 6203126851 1363189 28364  8536
49.771528385 6205069540 1942689 28367  7138
49.783517185 6206618904 1549364 28353  9969
49.795517006 6208252577 1633673 28351  6682
49.807528080 6209951963 1699386 28355  9398
49.819537107 6211434364 1482401 28359  8549
49.831529600 6213378252 1943888 28365  7692
49.843527841 6214954070 1575818 28371  10021
49.855530095 6216595333 1641263 28373  6828
49.867528286 6218462427 1867094 28361  8737
49.879516472 6219768244 1305817 28362  8919
49.891527377 6221693191 1924947 28356  6722
49.903516527 6223078383 1385192 28361  9850
49.915528951 6224895015 1816632 28371  6569
49.927527702 6226751121 1856106 28370  9102
49.939515809 6228103350 1352229 28373  9438
49.951528175 6230025575 1922225 28353  5863
49.963529060 6231640390 1614815 28368  10382
49.975516166 6233236831 1596441 28367  7395
49.987524047 6235096067 1859236 28357  8686
49.999517808 6236403655 1307588 28367  8927
50.011516005 6238340101 1936446 28367  6858
50.023515925 6239955677 1615576 28362  10231
50.035516066 6241566604 1610927 28358  7817
50.047517466 6243523970 1957366 28351  7728
50.059516560 6244906015 1382045 28362  9988
50.071516908 6246713461 1807446 28349  5787
50.083528688 6248282905 1569444 28360  10032
50.095514671 6249878528 1595623 28352  7289
50.107533006 6251834281 1955753 28361  8257
50.119516797 6253303464 1469183 28374  9836
50.131517313 6255054763 1751299 28363  6882
50.143541518 6256899885 1845122 28365  8624
50.155530744 6258245143 1345258 28364  9387
50.167515328 6260186199 1941056 28364  6385
50.179528779 6261741598 1555399 28352  10395
50.191526950 6263363627 1622029 28363  6761
50.203529410 6265177865 1814238 28358  8804
50.215516044 6266565033 1387168 28368  9626
50.227529347 6268532710 1967677 28372  6607
50.239515652 6270175248 1642538 28365  9952
50.251516212 6271714300 1539052 28364  7671
50.263528129 6273630314 1916014 28358  8031
50.275517443 6274884749 1254435 28351  9335
50.287528684 6276808984 1924235 28356  6115
50.299525450 6278429476 1620492 28355  9795
50.311517421 6280032800 1603324 28365  8080
50.323517165 6281984406 1951606 28366  7701
50.335528496 6283378873 1394467 28363  9913
50.347514962 6285184855 1805982 28370  6426
50.359517707 6286940161 1755306 28354  9366
50.371517150 6288365450 1425289 28356  8685
50.383517368 6290293905 1928455 28355  7461
50.395517611 6291651270 1357365 28370  9745
50.407528392 6293495112 1843842 28360  6198
50.419516249 6295288093 1792981 28368  10134
50.431516336 6296703177 1415084 28366  9242
50.443529017 6298643415 1940238 28351  6394
50.455525544 6300241575 1598160 28355  9946
50.467529218 6301829783 1588208 28359  7010
50.479528522 6303632033 1802250 28353  8537
50.491530242 6305022748 1390715 28360  9249
50.503516156 6306993086 1970338 28367  6415
50.515528140 6308646660 1653574 28356  9975
50.527527797 6310182490 1535830 28355  8042
50.539527418 6312118397 1935907 28365  7566
50.551516991 6313562867 1444470 28354  9947
50.563528589 6315326081 1763214 28371  5956
50.575521996 6316954834 1628753 28363  10196
50.587516469 6318488257 1533423 28367  7371
50.599528133 6320444116 1955859 28360  8488
50.611515560 6321902004 1457888 28366  10206
50.623536855 6323671658 1769654 28364  7108
50.635529525 6325565780 1894122 28362  8664
50.647516565 6326846737 1280957 28358  9770
50.659510529 6328767777 1921040 28365  6929
50.671508679 6330123225 1355448 28366  9896
50.683517123 6331968536 1845311 28364  6122
50.695516257 6333769680 1801144 28368  9885
50.707516838 6335179978 1410298 28379  9425
50.719526869 6337118000 1938022 28357  6285
50.731515143 6338714030 1596030 28361  9932
50.743515863 6340318716 1604686 28369  7544
50.755529247 6342215593 1896877 28351  8524
50.767514654 6343491457 1275864 28359  9300
50.779537858 6345422856 1931399 28361  6508
50.791517088 6347011516 1588660 28375  10440
50.803528612 6348630565 1619049 28365  7523
50.815528827 6350572140 1941575 28372  8601
50.827515977 6351899233 1327093 28372  9756
50.839515343 6353762908 1863675 28367  5858
50.851527401 6355357777 1594869 28361  10033
50.863529685 6356943731 1585954 28364  6949
50.875526775 6358796647 1852916 28366  8558
50.887516032 6360132368 1335721 28377  9249
50.899517856 6362083936 1951568 28369  6549
50.911516784 6363752349 1668413 28367  9986
50.923516564 6365279175 1526826 28365  7233
50.935540672 6367228448 1949273 28365  8465
50.947516335 6368589026 1360578 28370  9994
50.959529153 6370414309 1825283 28366  6034
50.971516733 6371998071 1583762 28361  10058
50.983515920 6373598747 1600676 28373  7757
50.995529217 6375548731 1949984 28346  8372
51.007517298 6377018444 1469713 28363  10068
51.019517115 6378775736 1757292 28361  6705
51.031516079 6380579547 1803811 28354  8852
51.043515936 6381953965 1374418 28364  9004
51.055528783 6383876760 1922795 28366  6708
51.067528484 6385262993 1386233 28370  9796
51.079528588 6387076639 1813646 28361  6276
51.091523382 6388933040 1856401 28364  9412
51.103516155 6390286135 1353095 28358  9352
51.115528056 6392210011 1923876 28367  5908
51.127517226 6393822966 1612955 28356  10324
51.139529137 6395429609 1606643 28365  7710
51.151516461 6397316061 1886452 28362  8253
51.163516364 6398587224 1271163 28367  9034
51.175517348 6400521183 1933959 28365  6749
51.187528543 6402136108 1614925 28370  10285
51.199529543 6403738611 1602503 28370  7604
51.211526027 6405680338 1941727 28360  8069
51.223516987 6406975307 1294969 28364  10025
51.235527921 6408864034 1888727 28357  5766
51.247528938 6410453503 1589469 28366  10004
51.259522619 6412051765 1598262 28355  7177
51.271516472 6414001469 1949704 28362  8361
51.283528833 6415402035 1400566 28376  9773
51.295517980 6417219344 1817309 28353  6524
51.307516164 6418931367 1712023 28362  9013
51.319516338 6420394333 1462966 28364  8573
51.331529605 6422333856 1939523 28372  7219
51.343528799 6423710511 1376655 28361  10246
51.355516050 6425526271 1815760 28360  6140
51.367529191 6427202593 1676322 28358  9526
51.379528391 6428708629 1506036 28356  8914
51.391528901 6430652351 1943722 28374  7406
51.403514475 6432263499 1611148 28349  10010
51.415538839 6433859523 1596024 28360  6831
51.427517579 6435682832 1823309 28351  8784
51.439528420 6437035551 1352719 28371  8755
51.451517000 6438958951 1923400 28360  6684
51.463528288 6440451668 1492717 28370  9809
51.475528765 6442173760 1722092 28372  7115
51.487516501 6444086575 1912815 28362  8645
51.499516492 6445355364 1268789 28367  9041
51.511515080 6447284220 1928856 28367  6613
51.523515830 6448890108 1605888 28369  9907
51.535516554 6450477792 1587684 28354  6936
51.547516201 6452266215 1788423 28368  9050
51.559514225 6453655177 1388962 28391  8536
51.571523882 6455598662 1943485 28365  7295
51.583528723 6457211089 1612427 28374  10261
51.595527803 6458821480 1610391 28369  7728
51.607529047 6460768723 1947243 28362  7878
51.619528558 6462112948 1344225 28376  9837
51.631518015 6463953697 1840749 28359  5881
51.643516628 6465550611 1596914 28365  9862
51.655527736 6467135331 1584720 28369  7723
51.667526717 6469085056 1949725 28369  7861
51.679529004 6470536234 1451178 28371  9965
51.691528128 6472287612 1751378 28370  6466
51.703526485 6474092905 1805293 28358  9011
51.715527866 6475487660 1394755 28377  9367
51.727524592 6477404586 1916926 28356  6627
51.739529323 6478867962 1463376 28350  10129
51.751516773 6480594115 1726153 28377  6011
51.763516971 6482459368 1865253 28365  9862
51.775527645 6483803564 1344196 28371  9660
51.787516845 6485774816 1971252 28359  6135
51.799528442 6487397725 1622909 28359  9969
51.811517046 6488940822 1543097 28365  7514
51.823515666 6490856220 1915398 28360  8248
51.835516757 6492114140 1257920 28357  9316
51.847515615 6494072113 1957973 28353  5914
51.859528032 6495704506 1632393 28364  10131
51.871516402 6497264687 1560181 28366  8048
51.883517479 6499207679 1942992 28359  7481
51.895523767 6500595536 1387857 28358  9642
51.907516850 6502408942 1813406 28376  6595
51.919527518 6504174371 1765429 28358  9166
51.931529062 6505586881 1412510 28356  8897
51.943528652 6507519590 1932709 28365  7098
51.955529682 6508971205 1451615 28356  10272
51.967515723 6510734705 1763500 28359  7393
51.979517650 6512672277 1937572 28345  8660
51.991516504 6513996040 1323763 28361  9633
52.003528915 6515874140 1878100 28353  5813
52.015528852 6517462026 1587886 28352  10044
52.027515642 6519057031 1595005 28359  7416
52.039527683 6520987710 1930679 28360  8049
52.051535934 6522345429 1357719 28361  9996
52.063529114 6524214597 1869168 28370  5891
52.075516411 6525985343 1770746 28370  9712
52.087515095 6527399189 1413846 28373  8275
52.099514713 6529345353 1946164 28364  7480
52.111516486 6530891182 1545829 28380  9880
52.123515623 6532527803 1636621 28364  6593
52.135529208 6534220437 1692634 28355  9397
52.147528605 6535700688 1480251 28360  8431
52.159516118 6537642167 1941479 28360  7713
52.171529596 6539200474 1558307 28372  10036
52.183515886 6540858500 1658026 28368  6826
52.195528000 6542723239 1864739 28359  8676
52.207525390 6544030871 1307632 28364  8984
52.219518078 6545951273 1920402 28354  6572
52.231517031 6547395028 1443755 28357  9833
52.243516392 6549162219 1767191 28364  7019
52.255515516 6551104842 1942623 28379  8665
52.267529660 6552468890 1364048 28361  9802
52.279527481 6554299842 1830952 28355  5249
52.291529631 6555929102 1629260 28359  10408
52.303527802 6557488221 1559119 28357  7666
52.315516405 6559411383 1923162 28367  8226
52.327526219 6560665170 1253787 28358  9805
52.339515239 6562603521 1938351 28359  5880
52.351528674 6564258317 1654796 28362  10321
52.363516364 6565815038 1556721 28367  8455
52.375536421 6567757310 1942272 28364  7061
52.387528456 6569240771 1483461 28358  10113
52.399527829 6570946162 1705391 28351  6227
52.411529943 6572638727 1692565 28352  9509
52.423533297 6574106129 1467402 28361  7615
52.435515290 6576054274 1948145 28374  7865
52.447515061 6577526822 1472548 28361  9900
52.459517845 6579263863 1737041 28367  6793
52.471529276 6581076996 1813133 28354  8651
52.483527046 6582455914 1378918 28374  9639
52.495515776 6584400571 1944657 28374  6222
52.507528154 6585982225 1581654 28360  10289
52.519517434 6587570542 1588317 28359  7123
52.531537062 6589443570 1873028 28371  8621
52.543516182 6590761037 1317467 28364  9552
52.555515853 6592712679 1951642 28376  6471
52.567517883 6594364078 1651399 28365  9955
52.579516770 6595904429 1540351 28357  7844
52.591515720 6597821079 1916650 28357  7910
52.603527605 6599074278 1253199 28372  9438
52.615529112 6601000153 1925875 28364  5992
52.627528136 6602639768 1639615 28359  9720
52.639516300 6604218852 1579084 28367  8390
52.651516160 6605302836 1083984 28350  16391
52.663529461 6606884289 1581453 28354  10909
52.675517344 6608424118 1539829 28352  6673
52.687536499 6609486480 1062362 28362  14275
52.699517246 6610884939 1398459 28363  9518
52.711527996 6612679262 1794323 28362  5802
52.723528654 6614324590 1645328 28353  10044
52.735527831 6615838807 1514217 28368  7455
52.747529025 6617787464 1948657 28364  8337
52.759529859 6619242499 1455035 28374  10193
52.771516196 6621008278 1765779 28359  7015
52.783515076 6622900530 1892252 28355  8676
52.795514697 6624186116 1285586 28366  8928
52.807529497 6626100012 1913896 28366  6893
52.819514155 6627450323 1350311 28355  9804
52.831516618 6629291571 1841248 28369  5750
52.843538289 6631089367 1797796 28361  9968
52.855516839 6632495917 1406550 28369  9244
52.867527403 6634435192 1939275 28364  6340
52.879517254 6636024096 1588904 28351  9950
52.891516311 6637629766 1605670 28358  7494
52.903516062 6639550453 1920687 28350  8435
52.915515065 6640803714 1253261 28357  9503
52.927517660 6642730595 1926881 28357  6077
52.939528690 6644337650 1607055 28367  10349
52.951528351 6645942180 1604530 28363  7997
52.963529111 6647891488 1949308 28358  7872
52.975516368 6649364925 1473437 28358  9787
52.987516795 6651088736 1723811 28362  6004
52.999528779 6652766579 1677843 28356  9709
53.011522976 6654251042 1484463 28361  7939
53.023528397 6656195358 1944316 28363  7447
53.035516611 6657666288 1470930 28362  10009
53.047528875 6659411263 1744975 28360  7128
53.059528606 6661343271 1932008 28350  8558
53.071517422 6662596592 1253321 28367  8972
53.083528857 6664554383 1957791 28370  6521
53.095529644 6666153630 1599247 28349  9796
53.107516018 6667727444 1573814 28362  8058
53.119516064 6669650243 1922799 28350  7948
53.131516669 6670843534 1193291 28358  11394
53.143529486 6671954520 1110986 28369  16196
53.155528773 6672553980 599460 28360  25137
53.167523447 6673206982 653002 28355  24478
53.179530974 6673810810 603828 28352  25432
53.191515628 6674465889 655079 28380  24775
53.203529092 6674898024 432135 28356  25281
53.215516413 6675501948 603924 28354  24750
53.227517499 6676110472 608524 28367  24954
53.239515567 6676730601 620129 28358  24844
53.251517324 6677379027 648426 28369  24693
53.263516835 6677987336 608309 28358  25217
53.275528176 6678653398 666062 28362  24953
53.287528726 6679263886 610488 28350  25097
53.299527843 6679926024 662138 28362  24976
53.311515607 6680537997 611973 28368  25294
53.323525208 6681202296 664299 28362  24915
53.335531134 6681820443 618147 28362  25564
53.347516422 6682475867 655424 28360  24975
53.359529055 6683095622 619755 28364  25206
53.371515846 6683746675 651053 28363  24865
53.383529794 6684360875 614200 28359  25168
53.395529141 6685016208 655333 28352  25015
53.407517034 6685624405 608197 28366  25057
53.419528018 6686287425 663020 28367  24870
53.431528149 6686894409 606984 28362  25064
53.443516259 6687559987 665578 28349  25290
53.455516097 6688208597 648610 28367  24788
53.467517267 6688827909 619312 28360  25078
53.479539378 6689480020 652111 28362  25025
53.491522871 6690099631 619611 28357  25265
53.503516712 6690761769 662138 28359  24901
53.515529983 6691367704 605935 28356  25150
53.527528130 6692028260 660556 28371  24846
53.539529491 6692638552 610292 28377  25448
53.551517091 6693301255 662703 28356  24718
53.563517291 6693909641 608386 28358  25661
53.575517095 6694570238 660597 28359  24854
53.587517233 6695178230 607992 28353  25431
53.599517156 6695836121 657891 28351  24414
53.611529771 6696446784 610663 28347  25609
53.623528337 6697105728 658944 28362  24954
53.635529652 6697710534 604806 28355  25192
53.647524082 6698369098 658564 28366  24598
53.659529649 6698975804 606706 28356  25323
53.671528554 6699635558 659754 28351  24910
53.683517340 6700243001 607443 28367  25178
53.695528445 6700900347 657346 28361  24821
53.707516508 6701510103 609756 28359  25319
53.719528726 6702171760 661657 28362  24832
53.731530479 6702781477 609717 28357  25310
53.743517590 6703440762 659285 28352  24808
53.755528570 6704049415 608653 28365  25334
53.767528928 6704710833 661418 28359  24781
53.779515385 6705319886 609053 28358  25085
53.791516272 6705981752 661866 28358  25090
53.803524303 6706589675 607923 28362  25165
53.815528830 6707250676 661001 28354  24787
53.827517087 6707855851 605175 28366  25029
53.839517827 6708520687 664836 28368  25295
53.851528965 6709180318 659631 28355  24752
53.863518375 6709787598 607280 28358  25231
53.875528326 6710448316 660718 28362  24829
53.887517490 6711053104 604788 28361  25228
53.899515944 6711715146 662042 28354  24883
53.911528485 6712319720 604574 28363  25094
53.923516201 6712979281 659561 28353  24893
53.935516052 6713587729 608448 28360  25382
53.947528646 6714248169 660440 28359  24711
53.959535767 6714855215 607046 28359  25403
53.971529774 6715513125 657910 28362  24803
53.983516441 6716120061 606936 28376  25354
53.995528935 6716775482 655421 28362  24379
54.007528269 6717385521 610039 28357  25599
54.019517283 6718042427 656906 28348  24799
54.031528960 6718646754 604327 28360  25085
54.043516107 6719304082 657328 28350  24661
54.055528467 6719908691 604609 28362  25255
54.067516295 6720570303 661612 28365  25100
54.079516855 6721175047 604744 28367  25012
54.091516776 6721831103 656056 28353  24930
54.103516606 6722435724 604621 28351  25213
54.115524170 6723092539 656815 28374  24767
54.127516457 6723739682 647143 28352  24967
54.139515408 6724353249 613567 28370  25108
54.151516899 6725010588 657339 28355  24894
54.163516476 6725616251 605663 28360  25244
54.175529227 6726273615 657364 28357  24697
54.187516443 6726878709 605094 28351  25557
54.199517578 6727534844 656135 28360  24757
54.211528319 6728141540 606696 28343  25303
54.223515092 6728796256 654716 28350  24715
54.235529620 6729403735 607479 28358  25544
54.247529000 6730060562 656827 28368  24672
54.259528321 6730664650 604088 28361  25148
54.271528821 6731322083 657433 28367  24899
54.283536478 6731905766 583683 28364  25098
54.295529559 6732296424 390658 28358  25289
54.307528243 6732928849 632425 28369  24221
54.319529324 6733303208 374359 28350  23288
54.331529484 6733961100 657892 28351  24283
54.343516301 6734564722 603622 28371  25033
54.355528725 6735220372 655650 28357  24891
54.367529396 6735825580 605208 28358  25295
54.379516089 6736480599 655019 28364  24696
54.391528953 6737082199 601600 28349  25340
54.403516753 6737740392 658193 28346  24811
54.415515694 6738345756 605364 28357  25317
54.427516214 6738693703 347947 28349  25360
54.439525425 6739354300 660597 28363  24096
54.451517002 6739959232 604932 28359  25034
54.463515170 6740613821 654589 28360  24603
54.475517271 6741216753 602932 28361  25320
54.487516631 6741870048 653295 28351  24875
54.499527305 6742469594 599546 28361  24974
54.511531032 6743122998 653404 28353  25005
54.523516779 6743724920 601922 28356  25321
54.535515556 6744378826 653906 28361  24908
54.547528190 6744981208 602382 28362  25544
54.559516117 6745632271 651063 28348  24948
54.571516548 6746284484 652213 28372  25025
54.583529312 6746881025 596541 28369  24926
54.595537097 6747534576 653551 28353  25137
54.607528930 6748132062 597486 28360  25169
54.619528217 6748781271 649209 28351  24769
54.631529561 6749380287 599016 28353  25333
54.643528445 6750029471 649184 28359  24776
54.655528452 6750632169 602698 28357  25427
54.667528820 6751279029 646860 28363  24714
54.679516673 6751877292 598263 28350  25414
54.691528521 6752526027 648735 28355  24984
54.703527235 6753153719 627692 28353  24676
54.715514832 6753772031 618312 28355  25234
54.727516135 6754418722 646691 28358  24844
54.739515223 6755016041 597319 28362  25385
54.751523447 6755660319 644278 28362  24342
54.763516264 6756259960 599641 28352  25540
54.775516218 6756907519 647559 28367  24988
54.787516161 6757504276 596757 28359  25242
54.799515872 6758149379 645103 28364  24744
54.811530573 6758744680 595301 28358  25273
54.823515857 6759392561 647881 28357  25019
54.835516627 6760036911 644350 28370  24555
54.847527394 6760631611 594700 28360  25466
54.859517019 6761276440 644829 28356  24830
54.871514662 6761871805 595365 28354  25162
54.883527800 6762517472 645667 28359  24905
54.895528773 6763110345 592873 28358  25165
54.907515834 6763755751 645406 28361  25080
54.919537348 6764348731 592980 28369  24994
54.931529852 6764993667 644936 28373  25048
54.943528019 6765639001 645334 28371  25079
54.955529406 6766231505 592504 28348  25400
54.967527344 6766871908 640403 28352  24582
54.979516947 6767462410 590502 28355  25319
54.991515778 6768107033 644623 28362  24972
55.003529982 6768699160 592127 28362  25144
55.015516826 6769339140 639980 28354  25018
55.027527807 6769931809 592669 28362  25349
55.039516083 6770571631 639822 28360  24682
55.051515758 6771215596 643965 28367  24978
55.063517051 6771806080 590484 28369  25542
55.075536022 6772446760 640680 28352  24986
55.087517433 6773036910 590150 28353  25236
55.099514670 6773677169 640259 28357  24772
55.111517086 6774267528 590359 28351  25438
55.123516267 6774906772 639244 28365  24939
55.135515995 6775513928 607156 28368  25022
55.147527979 6776133751 619823 28373  24971
55.159528906 6776777219 643468 28359  25218
55.171515999 6777367329 590110 28355  25312
55.183529924 6778003186 635857 28355  24849
55.195517270 6778592664 589478 28352  25302
55.207516588 6779229833 637169 28364  24793
55.219529142 6779820077 590244 28359  25468
55.231538409 6780455862 635785 28363  24896
55.243516637 6781094916 639054 28343  25036
55.255528420 6781680560 585644 28355  25165
55.267529094 6782318972 638412 28351  24913
55.279529955 6782907070 588098 28346  25496
55.291529845 6783544187 637117 28370  24947
55.303527773 6784133165 588978 28352  25285
55.315514286 6784766130 632965 28358  24888
55.327514147 6785405875 639745 28358  25210
55.339529824 6785991897 586022 28352  25182
55.351514808 6786626120 634223 28360  24984
55.363529069 6787212973 586853 28362  25365
55.375528476 6787848011 635038 28364  24937
55.387523770 6791171549 3323538 151238  137225
55.399519814 6791801427 629878 28364  24647
55.411529488 6792386933 585506 28369  25454
55.423529421 6793019018 632085 28362  25052
55.435516782 6793652740 633722 28362  24726
55.447517959 6794237424 584684 28355  25554
55.459516193 6794868612 631188 28355  24935
55.471517410 6795452450 583838 28356  25344
55.483515934 6796081100 628650 28370  24659
55.495529145 6796666827 585727 28348  25568
55.507528815 6797298001 631174 28359  25101
55.519516583 6797927261 629260 28354  24717
55.531530423 6798509514 582253 28360  25401
55.543527177 6799137920 628406 28360  24978
55.555500097 6799722654 584734 28352  25434
55.567517365 6800349190 626536 28367  24639
55.579528026 6800932947 583757 28351  25520
55.591529493 6801562343 629396 28365  25105
55.603517010 6802194279 631936 28361  24891
55.615516927 6802775480 581201 28360  25518
55.627516935 6803403372 627892 28362  24971
55.639529546 6803985424 582052 28355  25363
55.651515956 6804608649 623225 28349  24443
55.663517197 6805214815 606166 28376  25517
55.675515933 6805820558 605743 28369  25183
55.687528514 6806447888 627330 28363  24743
55.699517408 6807028447 580559 28347  25423
55.711524105 6807655414 626967 28368  25060
55.723517525 6808238784 583370 28360  25537
55.735528466 6808864193 625409 28358  24809
55.747517014 6809492553 628360 28352  25120
55.759516337 6810070631 578078 28353  25437
55.771529212 6810697209 626578 28346  24776
55.783528862 6811276871 579662 28342  25533
55.795529446 6811901587 624716 28357  24954
55.807516030 6812512156 610569 28359  25100
55.819529147 6813103151 590995 28359  24935
55.831529585 6813731413 628262 28347  25297
55.843528598 6814309654 578241 28371  25444
55.855515832 6814933670 624016 28358  24917
55.867537360 6815511715 578045 28360  25411
55.879528817 6816134892 623177 28367  25097
55.891527938 6816761948 627056 28361  25141
55.903518981 6817336343 574395 28349  25155
55.915527732 6817960086 623743 28357  25100
55.927528655 6818537072 576986 28361  25417
55.939516423 6819161704 624632 28369  24938
55.951517316 6819786338 624634 28357  25270
55.963516061 6820362990 576652 28362  25539
55.975528975 6820985635 622645 28362  25037
55.987517118 6821558956 573321 28363  25134
55.999517556 6822184434 625478 28359  25393
56.011516089 6822807392 622958 28375  25046
56.023528334 6823382131 574739 28351  25490
56.035524407 6824003668 621537 28360  25114
56.047517661 6824577982 574314 28365  25356
56.059516829 6825201202 623220 28364  25256
56.071529719 6825823456 622254 28364  25032
56.083515973 6826398215 574759 28364  25598
56.095530041 6827018654 620439 28368  25058
56.107516834 6827594880 576226 28350  25349
56.119517095 6828212864 617984 28368  25195
56.131529412 6828834602 621738 28363  25049
56.143516692 6829407414 572812 28353  25466
56.155527843 6830023683 616269 28365  24846
56.167517001 6830600555 576872 28349  25755
56.179516214 6831218268 617713 28358  24885
56.191537778 6831818626 600358 28358  25207
56.203517035 6832409092 590466 28360  25377
56.215516253 6833027016 617924 28351  25163
56.227530350 6833600024 573008 28358  25489
56.239516524 6834216320 616296 28358  25128
56.251517368 6834835147 618827 28354  25210
56.263515855 6835402019 566872 28366  25330
56.275530002 6836019399 617380 28360  25105
56.287528653 6836589265 569866 28364  25597
56.299515680 6837205090 615825 28362  25053
56.311527731 6837820696 615606 28382  25061
56.323516768 6838388794 568098 28366  25590
56.335527989 6839005265 616471 28360  25306
56.347535766 6839574208 568943 28362  25331
56.359517490 6840186523 612315 28360  25196
56.371528987 6840800447 613924 28361  25146
56.383529311 6845393600 4593153 216233  197133
56.396537056 6845997294 603694 27790  24576
56.408527506 6846558438 561144 28367  25091
56.420530304 6847170609 612171 28353  25446
56.432518517 6847779764 609155 28372  25013
56.444528532 6848344672 564908 28348  25507
56.456516935 6848952895 608223 28356  25172
56.468529289 6849517199 564304 28378  25524
56.480529360 6850125710 608511 28345  25214
56.492528934 6850732567 606857 28368  25058
56.504523857 6851295177 562610 28346  25514
56.516515078 6851901131 605954 28368  25100
56.528527662 6852476184 575053 28342  25211
56.540514929 6853070802 594618 28369  25548
56.552515317 6853676244 605442 28355  25024
56.564528863 6854239215 562971 28357  25478
56.576515848 6854841330 602115 28359  25093
56.588516708 6855451499 610169 28377  25491
56.600516149 6856012217 560718 28358  25409
56.612528756 6856615364 603147 28354  25195
56.624515726 6857176401 561037 28359  25606
56.636528107 6857779375 602974 28369  25142
56.648527518 6858384358 604983 28345  25265
56.660516172 6858943000 558642 28355  25488
56.672536003 6859545486 602486 28353  25230
56.684529399 6860104535 559049 28372  25351
56.696515940 6860705832 601297 28349  25159
56.708528357 6861309555 603723 28362  25408
56.720525375 6861868834 559279 28356  25487
56.732516665 6862469242 600408 28361  25082
56.744529852 6863071335 602093 28355  25333
56.756529277 6863630219 558884 28361  25698
56.768528311 6864227999 597780 28361  24886
56.780515634 6864784749 556750 28370  25532
56.792516261 6865383647 598898 28364  25213
56.804526705 6865983766 600119 28361  24911
56.816515660 6866540962 557196 28361  25751
56.828536134 6867139171 598209 28367  25206
56.840516551 6867706448 567277 28353  25274
56.852515791 6868291120 584672 28359  25091
56.864528608 6868892013 600893 28352  25504
56.876516369 6869447829 555816 28366  25514
56.888515843 6870043390 595561 28355  25040
56.900527724 6870641678 598288 28367  25247
56.912515800 6871193904 552226 28364  25531
56.924515745 6871791403 597499 28358  25229
56.936529149 6872345623 554220 28363  25455
56.948528279 6872942335 596712 28355  25335
56.960515673 6873538671 596336 28364  25289
56.972527783 6874093345 554674 28348  25406
56.984541068 6874687470 594125 28367  25478
56.996516181 6875283566 596096 28359  25212
57.008516599 6875837123 553557 28360  25702
57.020528346 6876427762 590639 28375  25050
57.032514986 6877015648 587886 28368  25588
57.044514781 6877576055 560407 28359  25374
57.056528002 6878167627 591572 28345  25187
57.068528385 6878719869 552242 28356  25678
57.080528736 6879312026 592157 28365  25163
57.092515236 6879906021 593995 28361  25432
57.104529350 6880456254 550233 28368  25650
57.116516304 6881048246 591992 28365  25383
57.128528548 6881618364 570118 28365  25014
57.140542832 6882188720 570356 28361  25813
57.152516182 6882778794 590074 28355  25340
57.164528557 6883329758 550964 28360  25614
57.176528853 6883918817 589059 28358  25269
57.188516281 6884508403 589586 28372  25441
57.200529752 6885058452 550049 28355  25749
57.212517372 6885644994 586542 28360  25105
57.224516560 6886234677 589683 28357  25410
57.236527694 6886782457 547780 28365  25756
57.248516871 6887369900 587443 28371  25185
57.260527998 6887958895 588995 28373  25488
57.272517842 6888503985 545090 28355  25687
57.284528836 6889090746 586761 28359  25159
57.296529336 6889634183 543437 28357  25429
57.308521330 6890222150 587967 28356  25626
57.320528597 6890809723 587573 28358  25299
57.332516348 6891354110 544387 28351  25587
57.344517409 6891938715 584605 28370  25370
57.356528282 6892524604 585889 28360  25365
57.368529653 6893069833 545229 28353  25630
57.380515843 6893653231 583398 28372  25337
57.392516768 6898075108 4421877 215976  197539
57.404518604 6898618764 543656 28368  25636
57.416528289 6899196954 578190 28355  25115
57.428514350 6899779119 582165 28358  25392
57.440527936 6900320065 540946 28357  25656
57.452528354 6900901506 581441 28364  25344
57.464537525 6901483360 581854 28357  25352
57.476529798 6902024449 541089 28366  25824
57.488528516 6902603833 579384 28361  25212
57.500529663 6903185885 582052 28359  25302
57.512530124 6903725286 539401 28357  25892
57.524517017 6904304354 579068 28360  25329
57.536516005 6904857781 553427 28372  25355
57.548529009 6905421172 563391 28367  25410
57.560526946 6906000813 579641 28354  25499
57.572528700 6906540861 540048 28380  25523
57.584528690 6907117866 577005 28368  25360
57.596529164 6907696585 578719 28356  25492
57.608516728 6908236080 539495 28344  25551
57.620524015 6908814585 578505 28350  25494
57.632517866 6909391061 576476 28356  25371
57.644517226 6909929463 538402 28355  25653
57.656516621 6910502017 572554 28359  24899
57.668515938 6911080806 578789 28359  25610
57.680517292 6911617460 536654 28361  25654
57.692528679 6912191976 574516 28352  25104
57.704517119 6912754895 562919 28373  25505
57.716527840 6913303227 548332 28363  25543
57.728515497 6913879109 575882 28365  25476
57.740515571 6914414479 535370 28368  25525
57.752516389 6914989255 574776 28361  25443
57.764516562 6915562820 573565 28363  25323
57.776536233 6916098717 535897 28359  25584
57.788529848 6916671413 572696 28359  25592
57.800515874 6917245018 573605 28358  25334
57.812530042 6917780379 535361 28360  25620
57.824515989 6918349678 569299 28364  25262
57.836516880 6918925057 575379 28361  25656
57.848527694 6919458591 533534 28353  25534
57.860516497 6920027742 569151 28359  25315
57.872528892 6920600214 572472 28365  25521
57.884514845 6921132957 532743 28352  25636
57.896529009 6921704064 571107 28381  25410
57.908527906 6922275206 571142 28356  25469
57.920527204 6922807154 531948 28349  25712
57.932528565 6923374704 567550 28374  24982
57.944523561 6923947652 572948 28358  25643
57.956528639 6924479681 532029 28359  25891
57.968529407 6925046442 566761 28360  25150
57.980516763 6925617504 571062 28371  25542
57.992528318 6926145951 528447 28360  25692
58.004530381 6926714023 568072 28354  25424
58.016516825 6927274047 560024 28358  25360
58.028516185 6927810207 536160 28365  25664
58.040516570 6928376789 566582 28375  25323
58.052528244 6928917844 541055 28360  25458
58.064529671 6929473551 555707 28358  25715
58.076528928 6930040738 567187 28356  25395
58.088529519 6930579607 538869 28368  25452
58.100537740 6931133786 554179 28367  25463
58.112529354 6931701980 568194 28355  25659
58.124528304 6932234773 532793 28354  25456
58.136516451 6932792831 558058 28354  25459
58.148528576 6933357697 564866 28364  25500
58.160529379 6933886263 528566 28378  25518
58.172529600 6934450829 564566 28358  25624
58.184517630 6935014305 563476 28358  25472
58.196516591 6935542222 527917 28369  25672
58.208527414 6936102270 560048 28374  25083
58.220527932 6936668250 565980 28354  25946
58.232529270 6937194561 526311 28371  25643
58.244515516 6937755946 561385 28343  25426
58.256524504 6938317711 561765 28358  25521
58.268517277 6938843028 525317 28368  25771
58.280527988 6939405065 562037 28350  25555
58.292515799 6939965066 560001 28350  25313
58.304528369 6940489811 524745 28352  25827
58.316517510 6941050595 560784 28354  25336
58.328515384 6941612504 561909 28355  25495
58.340516071 6942143879 531375 28376  25781
58.352514218 6942696121 552242 28365  25539
58.364528406 6943254357 558236 28355  25137
58.376517153 6943776999 522642 28360  25742
58.388529303 6949323797 5546798 282147  259138
58.400517568 6949879010 555213 28369  25266
58.412541522 6950399715 520705 28358  25772
58.424528899 6950954453 554738 28353  25480
58.436527673 6951511648 557195 28346  25366
58.448517736 6952033550 521902 28374  26046
58.460515474 6952588487 554937 28362  25584
58.472518304 6953143637 555150 28345  25360
58.484528535 6953660647 517010 28371  25501
58.496529306 6954216880 556233 28356  25792
58.508529320 6954769297 552417 28364  25276
58.520516327 6955295849 526552 28378  25586
58.532517477 6955841051 545202 28361  25666
58.544514621 6956394102 553051 28363  25439
58.556516532 6956950668 556566 28357  25554
58.568516302 6957465683 515015 28350  25784
58.580524340 6958018178 552495 28355  25555
58.592515711 6958570456 552278 28375  25107
58.604528221 6959087712 517256 28347  26111
58.616516525 6959638559 550847 28377  25496
58.628528870 6960189269 550710 28366  25312
58.640518616 6960704792 515523 28361  25765
58.652515910 6961254825 550033 28361  25487
58.664516481 6961807308 552483 28353  25624
58.676517282 6962322263 514955 28369  25682
58.688529648 6962871842 549579 28361  25553
58.700528809 6963421723 549881 28365  25528
58.712528460 6963937344 515621 28350  25679
58.724529100 6964486882 549538 28361  25817
58.736523968 6965035843 548961 28365  25522
58.748528556 6965551020 515177 28374  25661
58.760528779 6966096694 545674 28359  25477
58.772529120 6966647310 550616 28352  25800
58.784529347 6967171526 524216 28367  25372
58.796516818 6967706863 535337 28357  25779
58.808515438 6968253889 547026 28375  25708
58.820528485 6968803304 549415 28368  25458
58.832529923 6969315672 512368 28355  26043
58.844517096 6969861136 545464 28369  25616
58.856515381 6970407160 546024 28363  25458
58.868517342 6970917129 509969 28366  25637
58.880517065 6971464322 547193 28371  25756
58.892523536 6972010986 546664 28366  25624
58.904528409 6972522275 511289 28358  25772
58.916515167 6973067876 545601 28360  25754
58.928528745 6973611041 543165 28354  25454
58.940516245 6974123314 512273 28360  25892
58.952518192 6974668091 544777 28361  25683
58.964528037 6975211297 543206 28353  25500
58.976528477 6975729397 518100 28370  25508
58.988515430 6976263762 534365 28370  25724
59.000515228 6976806728 542966 28364  25583
59.012517545 6977350172 543444 28354  25313
59.024528903 6977858221 508049 28359  25867
59.036529436 6978400452 542231 28373  25603
59.048536454 6978944259 543807 28361  25622
59.060529554 6979453800 509541 28380  25873
59.072514322 6979993647 539847 28356  25570
59.084529159 6980536022 542375 28354  25598
59.096516096 6981044381 508359 28364  25649
59.108529197 6981586144 541763 28362  25828
59.120528191 6982125995 539851 28356  25454
59.132529755 6982642907 516912 28370  25596
59.144528638 6983172452 529545 28366  25665
59.156527896 6983713710 541258 28351  25689
59.168529567 6984255139 541429 28360  25396
59.180516470 6984760162 505023 28363  25953
59.192516174 6985299203 539041 28379  25647
59.204515935 6985838290 539087 28360  25286
59.216522795 6986344607 506317 28358  26019
59.228529496 6986882244 537637 28360  25563
59.240528561 6987420941 538697 28360  25452
59.252516287 6987926429 505488 28367  25725
59.264528792 6988465818 539389 28364  25775
59.276529092 6989005310 539492 28370  25609
59.288528819 6989543456 538146 28352  25433
59.300528690 6990047478 504022 28351  26020
59.312514984 6990584329 536851 28369  25542
59.324528171 6991123213 538884 28366  25736
59.336513871 6991627258 504045 28362  25889
59.348528236 6992163799 536541 28351  25598
59.360528177 6992696629 532830 28355  25100
59.372533230 6993203091 506462 28349  26213
59.384529464 6998595535 5392444 285789  263201
59.396535751 6999121584 526049 27807  24984
59.408517725 6999622285 500701 28365  26042
59.420527996 7000153142 530857 28363  25525
59.432529986 7000684857 531715 28348  25673
59.444528311 7001184203 499346 28354  25871
59.456529468 7001714437 530234 28359  25625
59.468517698 7002241681 527244 28359  25148
59.480528273 7002760327 518646 28361  25931
59.492527876 7003271930 511603 28362  25844
59.504528347 7003798875 526945 28368  25321
59.516515184 7004329031 530156 28358  25731
59.528525108 7004826281 497250 28371  25918
59.540516409 7005354733 528452 28356  25659
59.552516759 7005882328 527595 28357  25615
59.564529753 7006378314 495986 28353  25887
59.576528971 7006905079 526765 28359  25539
59.588517451 7007430501 525422 28348  25437
59.600527615 7007960623 530122 28362  25790
59.612516419 7008454632 494009 28361  25954
59.624516370 7008979365 524733 28361  25390
59.636528807 7009506087 526722 28353  25726
59.648515831 7010002351 496264 28352  26047
59.660517492 7010526534 524183 28365  25599
59.672514832 7011051126 524592 28357  25705
59.684528083 7011553717 502591 28372  25817
59.696535697 7012070411 516694 28358  25681
59.708530564 7012593485 523074 28362  25788
59.720529015 7013118142 524657 28358  25587
59.732517638 7013612433 494291 28357  25850
59.744515716 7014133266 520833 28373  25547
59.756527730 7014658918 525652 28343  25866
59.768515683 7015166295 507377 28365  25649
59.780529158 7015673975 507680 28346  25854
59.792527819 7016195398 521423 28368  25689
59.804515339 7016717810 522412 28380  25407
59.816528243 7017210390 492580 28353  26152
59.828528140 7017730930 520540 28363  25700
59.840527611 7018251880 520950 28348  25488
59.852523158 7018742167 490287 28373  25733
59.864517382 7019263365 521198 28352  25886
59.876516686 7019783376 520011 28359  25536
59.888518180 7020302659 519283 28357  25645
59.900529000 7020793598 490939 28365  26067
59.912528505 7021311937 518339 28360  25648
59.924516511 7021831736 519799 28360  25765
59.936529959 7022326396 494660 28364  25868
59.948516202 7022838836 512440 28361  25771
59.960516510 7023354564 515728 28351  25299
59.972527724 7023874267 519703 28365  25919
59.984516471 7024364263 489996 28361  26017
59.996515335 7024880110 515847 28352  25537
60.008523186 7025396958 516848 28354  25706
60.020530140 7025888364 491406 28371  25915
60.032530251 7026402548 514184 28355  25840
60.044527798 7026918665 516117 28373  25709
60.056528408 7027434957 516292 28354  25737
60.068517009 7027921826 486869 28364  25824
60.080515183 7028435814 513988 28360  25600
60.092529207 7028952219 516405 28360  25866
60.104516195 7029461525 509306 28362  25651
60.116528075 7029953759 492234 28354  25975
60.128528449 7030467708 513949 28366  25781
60.140527927 7030983600 515892 28360  25871
60.152516647 7031467530 483930 28370  25763
60.164535831 7031980961 513431 28353  25873
60.176528931 7032494088 513127 28364  25678
60.188516695 7033009412 515324 28361  25541
60.200517000 7033492840 483428 28362  26201
60.212516140 7034005246 512406 28365  25709
60.224528647 7034516459 511213 28361  25518
60.236517154 7035000562 484103 28354  26021
60.248528995 7035514032 513470 28355  25962
60.260515216 7036024356 510324 28351  25568
60.272527583 7036535635 511279 28371  25778
60.284516364 7037019476 483841 28364  26087
60.296517011 7037529307 509831 28358  25572
60.308516171 7038039426 510119 28366  25955
60.320529522 7038552438 513012 28347  25723
60.332525072 7039033240 480802 28351  25928
60.344516240 7039541177 507937 28375  25698
60.356529158 7040053002 511825 28359  26000
60.368528531 7040547544 494542 28362  25711
60.380517055 7041042106 494562 28352  25982
60.392516679 7046175720 5133614 286795  265337
60.404518030 7046681040 505320 28355  25689
60.416517147 7047187764 506724 28370  25901
60.428528228 7047666955 479191 28359  25929
60.440528562 7048170388 503433 28351  25625
60.452528836 7048674733 504345 28361  25814
60.464529226 7049181004 506271 28357  25925
60.476515664 7049659271 478267 28371  25987
60.488525418 7050162838 503567 28357  25858
60.500517521 7050666889 504051 28363  25707
60.512527892 7051169746 502857 28357  25569
60.524517296 7051646725 476979 28352  26264
60.536516110 7052148788 502063 28353  25694
60.548529784 7052650218 501430 28347  25470
60.560528601 7053155997 505779 28371  25809
60.572528645 7053630585 474588 28353  26193
60.584516705 7054131858 501273 28371  25612
60.596516086 7054633538 501680 28368  25863
60.608529124 7055138203 504665 28371  25836
60.620516957 7055611703 473500 28366  25936
60.632516335 7056112984 501281 28361  25966
60.644535843 7056613902 500918 28359  25746
60.656528076 7057095696 481794 28354  25656
60.668526857 7057587399 491703 28356  25974
60.680515641 7058087777 500378 28355  25816
60.692528611 7058589437 501660 28369  25758
60.704530332 7059068811 479374 28346  25949
60.716514863 7059563463 494652 28356  25986
60.728516180 7060060564 497101 28358  25470
60.740530114 7060561256 500692 28361  26101
60.752527099 7061038490 477234 28377  25894
60.764527815 7061532960 494470 28360  25789
60.776517375 7062029205 496245 28358  25642
60.788527260 7062528228 499023 28359  25886
60.800536534 7063001145 472917 28364  25883
60.812514901 7063497184 496039 28348  25756
60.824515945 7063994528 497344 28368  25892
60.836516156 7064492696 498168 28355  25686
60.848527076 7064965527 472831 28361  26272
60.860517437 7065462417 496890 28357  25925
60.872514004 7065957786 495369 28361  25536
60.884529478 7066452901 495115 28360  25703
60.896528782 7066924323 471422 28354  26235
60.908516119 7067420881 496558 28354  25739
60.920517083 7067915061 494180 28356  25702
60.932529444 7068411558 496497 28368  25971
60.944527365 7068881018 469460 28358  25898
60.956536849 7069376893 495875 28354  26029
60.968517656 7069870500 493607 28344  25895
60.980528810 7070364626 494126 28354  25665
60.992528627 7070832613 467987 28359  25965
61.004516478 7071325075 492462 28356  25932
61.016517265 7071818311 493236 28370  25750
61.028529716 7072309178 490867 28356  25680
61.040530394 7072777311 468133 28362  26174
61.052516580 7073269387 492076 28376  25742
61.064517291 7073761978 492591 28355  25901
61.076527939 7074254195 492217 28352  26016
61.088527846 7074720149 465954 28357  25957
61.100527700 7075210423 490274 28354  25671
61.112527584 7075699804 489381 28365  25902
61.124538694 7076192352 492548 28359  25982
61.136529365 7076656594 464242 28370  25887
61.148527822 7077146477 489883 28359  26051
61.160517116 7077634582 488105 28373  25702
61.172528167 7078125155 490573 28355  26027
61.184516374 7078604628 479473 28358  26083
61.196516058 7079079603 474975 28350  26080
61.208528392 7079566659 487056 28377  25597
61.220515909 7080054976 488317 28350  26083
61.232518306 7080545886 490910 28381  25797
61.244527037 7081004753 458867 28348  25922
61.256528238 7081491891 487138 28368  25952
61.268527819 7081978361 486470 28352  25788
61.280537829 7082468733 490372 28384  25934
61.292529407 7082929712 460979 28353  26239
61.304529867 7083414602 484890 28366  25809
61.316517151 7083899421 484819 28364  25613
61.328517415 7084387744 488323 28358  26104
61.340528669 7084849042 461298 28364  26162
61.352515573 7085332727 483685 28364  25737
61.364517861 7085817381 484654 28368  25924
61.376516057 7086302425 485044 28362  25834
61.388528388 7092361129 6058704 355333  330625
61.400531973 7092841953 480824 28351  25698
61.412515913 7093325248 483295 28345  26281
61.424515849 7093783605 458357 28369  26201
61.436523961 7094264275 480670 28364  25816
61.448529348 7094742537 478262 28370  25828
61.460516355 7095223950 481413 28359  26104
61.472516149 7095689746 465796 28359  25938
61.484527497 7096161135 471389 28365  26079
61.496528837 7096641268 480133 28372  26077
61.508514168 7097120664 479396 28345  25690
61.520528332 7097602341 481677 28379  26227
61.532529459 7098057745 455404 28361  26196
61.544529006 7098535975 478230 28353  25794
61.556515487 7099013731 477756 28365  25907
61.568516464 7099492310 478579 28362  26049
61.580528915 7099955618 463308 28380  26063
61.592528136 7100424943 469325 28352  25939
61.604536666 7100902092 477149 28383  26001
61.616516904 7101379624 477532 28367  25750
61.628529024 7101860279 480655 28362  26219
61.640528198 7102313229 452950 28354  26228
61.652514842 7102790076 476847 28369  25911
61.664517869 7103264220 474144 28353  25828
61.676528273 7103742130 477910 28356  26125
61.688516991 7104196740 454610 28371  26102
61.700516221 7104672052 475312 28357  26013
61.712516732 7105147293 475241 28374  26045
61.724527536 7105623542 476249 28353  25811
61.736527566 7106100331 476789 28366  26196
61.748515434 7106552511 452180 28360  26226
61.760523945 7107026888 474377 28365  25863
61.772516912 7107499367 472479 28374  25870
61.784518093 7107973396 474029 28359  26066
61.796528267 7108433956 460560 28371  25989
61.808517020 7108897268 463312 28351  26010
61.820528821 7109370101 472833 28387  26037
61.832529995 7109843559 473458 28356  25804
61.844529889 7110318547 474988 28353  26264
61.856527750 7110769657 451110 28369  26259
61.868516557 7111242377 472720 28360  25913
61.880516358 7111712226 469849 28379  25883
61.892514992 7112186100 473874 28355  26246
61.904515585 7112659931 473831 28376  25820
61.916536346 7113107126 447195 28356  26314
61.928528701 7113577852 470726 28356  26044
61.940527674 7114049483 471631 28351  25853
61.952530032 7114519671 470188 28370  26175
61.964528446 7114970285 450614 28370  26124
61.976528326 7115440279 469994 28356  26012
61.988515160 7115909280 469001 28372  26043
62.000517450 7116380695 471415 28357  26260
62.012529135 7116850015 469320 28362  25910
62.024516339 7117297089 447074 28363  26221
62.036516666 7117766461 469372 28363  26115
62.048517157 7118235531 469070 28382  25916
62.060529478 7118703990 468459 28365  26254
62.072537184 7119174478 470488 28379  26039
62.084517232 7119621150 446672 28357  26114
62.096514209 7120087215 466065 28351  26009
62.108529836 7120555543 468328 28372  26187
62.120529844 7121022651 467108 28362  25965
62.132517354 7121491891 469240 28370  26076
62.144515432 7121936141 444250 28355  26273
62.156516428 7122403792 467651 28359  26098
62.168516309 7122868971 465179 28361  26183
62.180527700 7123335803 466832 28352  26055
62.192516128 7123804832 469029 28370  25812
62.204526338 7124247210 442378 28351  26455
62.216529809 7124715206 467996 28354  26313
62.228516727 7125180140 464934 28381  25932
62.240534923 7125644448 464308 28355  26156
62.252530064 7126112512 468064 28370  26065
62.264528425 7126555315 442803 28363  26283
62.276529335 7127020134 464819 28362  26350
62.288516413 7127484298 464164 28366  26022
62.300529371 7127947955 463657 28358  25870
62.312528654 7128415106 467151 28375  26214
62.324517967 7128857750 442644 28342  26472
62.336517155 7129321181 463431 28359  26107
62.348529973 7129783728 462547 28370  26117
62.360515609 7130247016 463288 28370  26118
62.372515200 7130711462 464446 28360  25977
62.384515825 7136552886 5841424 359218  335870
62.396556149 7137006336 453450 27767  25776
62.408517652 7137464447 458111 28352  26036
62.420533450 7137925711 461264 28359  26232
62.432531161 7138362204 436493 28367  26456
62.444514144 7138820154 457950 28358  26237
62.456528622 7139276054 455900 28364  26381
62.468515602 7139731965 455911 28358  26110
62.480517443 7140188745 456780 28359  25970
62.492528384 7140624605 435860 28366  26460
62.504516237 7141081220 456615 28344  26466
62.516527878 7141536556 455336 28365  26159
62.528528189 7141990006 453450 28361  26243
62.540529496 7142446084 456078 28361  26386
62.552536260 7142902062 455978 28371  26078
62.564516827 7143336208 434146 28354  26645
62.576515198 7143789341 453133 28350  26235
62.588516705 7144241613 452272 28359  25993
62.600516520 7144693751 452138 28356  26298
62.612528567 7145147113 453362 28365  26329
62.624516021 7145585138 438025 28375  26265
62.636530025 7146033148 448010 28354  26329
62.648527992 7146485183 452035 28364  26173
62.660515935 7146936594 451411 28381  26217
62.672516603 7147388362 451768 28359  26374
62.684516074 7147839601 451239 28366  26123
62.696516365 7148271810 432209 28356  26407
62.708524418 7148722503 450693 28362  26315
62.720516983 7149172641 450138 28377  26286
62.732529750 7149622304 449663 28376  26278
62.744529550 7150071262 448958 28350  26165
62.756527821 7150522863 451601 28358  26030
62.768517509 7150952011 429148 28359  26549
62.780516786 7151403001 450990 28355  26463
62.792529120 7151848724 445723 28365  26018
62.804515697 7152296444 447720 28363  26229
62.816528574 7152742689 446245 28355  26115
62.828517319 7153193230 450541 28370  26223
62.840529426 7153619460 426230 28357  26453
62.852528446 7154065911 446451 28351  26178
62.864528537 7154512453 446542 28375  26014
62.876536938 7154957900 445447 28355  26333
62.888528735 7155404690 446790 28352  26282
62.900515709 7155852151 447461 28369  26070
62.912517189 7156277297 425146 28354  26514
62.924527707 7156722280 444983 28345  26212
62.936529318 7157166835 444555 28378  26311
62.948528438 7157609615 442780 28355  26240
62.960517496 7158052090 442475 28362  25967
62.972527597 7158491278 439188 28369  26174
62.984529127 7158921919 430641 28348  26503
62.996516294 7159366629 444710 28365  26304
63.008514461 7159806360 439731 28355  26094
63.020515372 7160248593 442233 28373  26350
63.032537130 7160689272 440679 28361  25979
63.044516046 7161134574 445302 28361  26388
63.056516377 7161555179 420605 28363  26412
63.068529332 7161995110 439931 28350  26081
63.080529319 7162435057 439947 28373  26192
63.092529696 7162876368 441311 28347  26407
63.104516590 7163316254 439886 28368  26094
63.116529324 7163759382 443128 28381  26346
63.128528425 7164181168 421786 28363  26475
63.140515368 7164620474 439306 28359  26199
63.152516566 7165060031 439557 28386  26481
63.164529327 7165497469 437438 28351  26097
63.176529991 7165934569 437100 28357  25925
63.188536859 7166369190 434621 28366  26397
63.200517172 7166795059 425869 28353  26381
63.212526976 7167234437 439378 28360  26360
63.224529290 7167671733 437296 28374  26269
63.236516247 7168110386 438653 28353  26307
63.248516725 7168544858 434472 28338  26056
63.260528465 7168986349 441491 28373  26563
63.272515039 7169404201 417852 28356  26302
63.284514497 7169839714 435513 28352  26125
63.296515790 7170276301 436587 28373  26458
63.308527475 7170711446 435145 28359  26222
63.320529112 7171146696 435250 28357  26313
63.332516892 7171583325 436629 28374  26345
63.344538630 7172002172 418847 28367  26191
63.356528901 7172436281 434109 28347  26437
63.368527864 7172872098 435817 28356  26441
63.380517255 7173304558 432460 28360  26093
63.391556608 7178807946 5503388 359574  337758
63.403530849 7179237371 429425 28358  26196
63.415529309 7179667253 429882 28359  26076
63.427515404 7180098413 431160 28352  26480
63.439529091 7180532049 433636 28384  26311
63.451515255 7180942104 410055 28340  26393
63.463516028 7181370177 428073 28357  26349
63.475528317 7181798111 427934 28357  26235
63.487516643 7182225686 427575 28354  26261
63.499516784 7182652429 426743 28360  26325
63.511529552 7183082645 430216 28364  26030
63.523517385 7183493462 410817 28362  26462
63.535515729 7183918705 425243 28342  26260
63.547517016 7184347732 429027 28378  26382
63.559515734 7184771971 424239 28348  26172
63.571516975 7185199392 427421 28366  26469
63.583528658 7185626074 426682 28378  26083
63.595529799 7186055626 429552 28359  26530
63.607515184 7186462633 407007 28347  26397
63.619529157 7186887403 424770 28370  26163
63.631529171 7187312509 425106 28382  26309
63.643521066 7187737462 424953 28360  26351
63.655529232 7188162852 425390 28364  26270
63.667536033 7188589444 426592 28382  26376
63.679529198 7188998305 408861 28365  26475
63.691529892 7189422620 424315 28352  26212
63.703517539 7189846857 424237 28364  26609
63.715529386 7190270069 423212 28372  26259
63.727528943 7190692423 422354 28358  26028
63.739528227 7191116085 423662 28365  26504
63.751517978 7191540724 424639 28361  26267
63.763517505 7191948847 408123 28353  26510
63.775526736 7192370965 422118 28359  26357
63.787515667 7192793907 422942 28366  26371
63.799516587 7193214787 420880 28375  26199
63.811528405 7193637640 422853 28355  26503
63.823524426 7194056800 419160 28350  26104
63.835535286 7194481148 424348 28364  26435
63.847515970 7194886743 405595 28360  26695
63.859534404 7195308206 421463 28349  26409
63.871516378 7195729373 421167 28355  26555
63.883516975 7196150529 421156 28360  26456
63.895518949 7196569208 418679 28353  26102
63.907516373 7196990561 421353 28357  26644
63.919528434 7197411563 421002 28377  26295
63.931518641 7197817036 405473 28371  26442
63.943516305 7198236615 419579 28353  26483
63.955527336 7198655609 418994 28357  26337
63.967528397 7199073155 417546 28368  26329
63.979524347 7199491413 418258 28352  26411
63.991528445 7199909147 417734 28352  26192
64.003528066 7200327967 418820 28379  26311
64.015530429 7200735857 407890 28345  26603
64.027529170 7201149907 414050 28364  26349
64.039529548 7201564390 414483 28345  26317
64.051529188 7201980771 416381 28386  26523
64.063529789 7202396799 416028 28354  26191
64.075528036 7202812331 415532 28364  26572
64.087516066 7203227907 415576 28356  26319
64.099529141 7203646173 418266 28366  26135
64.111529057 7204044168 397995 28355  26600
64.123528202 7204459799 415631 28348  26517
64.135517559 7204873367 413568 28367  26275
64.147536777 7205286433 413066 28357  26384
64.159517560 7205700334 413901 28362  26411
64.171515608 7206113703 413369 28355  26290
64.183516699 7206528987 415284 28370  26424
64.195529199 7206927018 398031 28346  26413
64.207528880 7207339386 412368 28366  26279
64.219526848 7207751984 412598 28364  26493
64.231517761 7208164033 412049 28363  26371
64.243515155 7208575655 411622 28361  26416
64.255528843 7208986932 411277 28351  26360
64.267517523 7209399477 412545 28359  26084
64.279515231 7209797649 398172 28352  26705
64.291528414 7210208000 410351 28353  26374
64.303542492 7210617505 409505 28351  26285
64.315517336 7211027620 410115 28380  26392
64.327516883 7211436987 409367 28355  26303
64.339529037 7211847013 410026 28358  26436
64.351529528 7212257801 410788 28368  26524
64.363516471 7212671188 413387 28363  26242
64.375528306 7213065317 394129 28351  26507
64.387530310 7219374633 6309316 436952  411718
64.399529764 7219779110 404477 28350  26337
64.411515954 7220183804 404694 28360  26215
64.423527805 7220590715 406911 28348  26590
64.435529906 7220997558 406843 28364  26402
64.447527856 7221386737 389179 28344  26434
64.459523554 7221791391 404654 28362  26640
64.471528987 7222193845 402454 28359  26326
64.483528225 7222596526 402681 28363  26409
64.495516739 7222999267 402741 28361  26507
64.507516496 7223401774 402507 28349  26215
64.519529190 7223806213 404439 28357  26453
64.531529648 7224199647 393434 28357  26538
64.543517111 7224600611 400964 28347  26457
64.555516506 7225001114 400503 28352  26379
64.567515452 7225403961 402847 28370  26627
64.579526493 7225804878 400917 28371  26179
64.591516284 7226206114 401236 28355  26647
64.603516604 7226606822 400708 28358  26356
64.615524902 7227007798 400976 28367  26162
64.627528400 7227411181 403383 28379  26517
64.639517184 7227799226 388045 28353  26671
64.651519111 7228198859 399633 28359  26424
64.663529412 7228599366 400507 28366  26494
64.675529696 7228999203 399837 28374  26502
64.687516523 7229396243 397040 28369  26237
64.699516470 7229795965 399722 28357  26658
64.711526605 7230191938 395973 28349  26210
64.723527612 7230592356 400418 28378  26467
64.735517109 7230978668 386312 28374  26591
64.747517749 7231375691 397023 28353  26357
64.759528174 7231772700 397009 28364  26578
64.771528831 7232169960 397260 28361  26472
64.783536115 7232565485 395525 28388  26220
64.795516742 7232962810 397325 28351  26706
64.807528713 7233358443 395633 28368  26397
64.819528984 7233754192 395749 28357  26415
64.831517754 7234152403 398211 28382  26503
64.843516808 7234535263 382860 28338  26429
64.855528983 7234930385 395122 28350  26592
64.867529083 7235325259 394874 28361  26568
64.879516330 7235720067 394808 28360  26313
64.891516355 7236113529 393462 28369  26471
64.903531909 7236507761 394232 28365  26564
64.915529212 7236902157 394396 28362  26456
64.927516723 7237297143 394986 28370  26556
64.939524321 7237693898 396755 28392  26498
64.951529194 7238073926 380028 28350  26472
64.963528822 7238468277 394351 28349  26773
64.975517742 7238859438 391161 28343  26411
64.987515986 7239251829 392391 28359  26279
64.999531004 7239644108 392279 28362  26656
65.011516894 7240037108 393000 28347  26542
65.023515855 7240429594 392486 28356  26554
65.035527986 7240823196 393602 28373  26565
65.047528477 7241208701 385505 28369  26228
65.059528844 7241594591 385890 28341  26674
65.071516791 7241986028 391437 28350  26607
65.083515709 7242375620 389592 28357  26311
65.095538799 7242765833 390213 28355  26542
65.107529690 7243156306 390473 28364  26456
65.119515164 7243546457 390151 28350  26509
65.131518334 7243936494 390037 28347  26655
65.143529049 7244328615 392121 28357  26374
65.155516665 7244719877 391262 28360  26543
65.167516133 7245096385 376508 28344  26616
65.179530407 7245487979 391594 28364  26569
65.191527295 7245874260 386281 28353  26387
65.203516188 7246262834 388574 28372  26632
65.215516206 7246650704 387870 28359  26263
65.227528654 7247040179 389475 28354  26770
65.239528444 7247428256 388077 28361  26536
65.251515955 7247817659 389403 28372  26369
65.263523182 7248207369 389710 28383  26627
65.275528626 7248584766 377397 28346  26716
65.287528563 7248971520 386754 28361  26573
65.299529438 7249358416 386896 28363  26544
65.311517231 7249744964 386548 28361  26533
65.323529579 7250130452 385488 28356  26359
65.335529533 7250517060 386608 28351  26660
65.347518183 7250902200 385140 28359  26343
65.359516404 7251288515 386315 28359  26604
65.371527658 7251676515 388000 28375  26606
65.383528939 7255788038 4111523 324925  304350
65.396537644 7256086150 298112 28227  26032
65.408516881 7256412547 326397 28345  26597
65.420538128 7256665348 252801 28367  23755
65.432530736 7256983055 317707 28363  26915
65.444517539 7257337069 354014 28370  26775
65.456529740 7257622602 285533 28357  24737
65.468515898 7257935477 312875 28358  26498
65.480530355 7258247834 312357 28352  26003
65.492516809 7258508529 260695 28364  24137
65.504517663 7258826131 317602 28355  26890
65.516517713 7259200736 374605 28353  26554
65.528528534 7259497579 296843 28355  24793
65.540529079 7259798886 301307 28357  26361
65.552516705 7260122445 323559 28355  26707
65.564529130 7260377182 254737 28360  23786
65.576537424 7260695162 317980 28366  26929
65.588517431 7261047273 352111 28352  26723
65.600528595 7261361093 313820 28355  25437
65.612530896 7261657407 296314 28358  25838
65.624516126 7261973062 315655 28362  26981
65.636517340 7262229750 256688 28341  23666
65.648516011 7262547281 317531 28352  26833
65.660529089 7262888315 341034 28351  26903
65.672529189 7263212473 324158 28362  25305
65.684529287 7263498728 286255 28354  25813
65.696517251 7263815834 317106 28359  26852
65.708516771 7264081546 265712 28357  24438
65.720515642 7264394454 312908 28358  26502
65.732525093 7264712774 318320 28352  26991
65.744530317 7265096791 384017 28352  26491
65.756517161 7265353800 257009 28344  24706
65.768517758 7265668818 315018 28382  26882
65.780529436 7266009822 341004 28353  26784
65.792528059 7266266473 256651 28349  24461
65.804528170 7266583986 317513 28356  26730
65.816530331 7266914520 330534 28349  26988
65.828516765 7267234967 320447 28352  25509
65.840515522 7267524221 289254 28364  25799
65.852529163 7267841946 317725 28362  27076
65.864528993 7268102877 260931 28359  24134
65.876527874 7268417890 315013 28369  26768
65.888528412 7268732966 315076 28366  27036
65.900536515 7269061904 328938 28358  25390
65.912517590 7269342748 280844 28341  25667
65.924528984 7269660185 317437 28347  26856
65.936529424 7269930161 269976 28348  24551
65.948516308 7270238783 308622 28371  26340
65.960517168 7270556515 317732 28354  27180
65.972515603 7270888044 331529 28344  25525
65.984528757 7271166279 278235 28345  25484
65.996528828 7271481959 315680 28368  26981
66.008528562 7271775080 293121 28361  25704
66.020530076 7272057116 282036 28350  25541
66.032517890 7272375128 318012 28359  27095
66.044514810 7272691758 316630 28354  25984
66.056523571 7272963815 272057 28354  25281
66.068518485 7273281434 317619 28353  26985
66.080528483 7273578422 296988 28347  25719
66.092518013 7273857247 278825 28363  25535
66.104516884 7274172193 314946 28356  27020
66.116529245 7274494914 322721 28363  26352
66.128529335 7274760373 265459 28351  24863
66.140529406 7275077824 317451 28356  26864
66.152517243 7275381443 303619 28373  26109
66.164527715 7275656506 275063 28349  25265
66.176529408 7275974157 317651 28353  27062
66.188516718 7276315756 341599 28354  26954
66.200529970 7276683100 367344 28357  26079
66.212536723 7276944188 261088 28367  25532
66.224518034 7277259317 315129 28360  26727
66.236527798 7277589094 329777 28353  27276
66.248529942 7277973859 384765 28357  26394
66.260516020 7278217565 243706 28345  25119
66.272528776 7278534711 317146 28359  26862
66.284530017 7278852617 317906 28355  27270
66.296516048 7279144858 292241 28347  25044
66.308516465 7279451498 306640 28379  26385
66.320528773 7279769476 317978 28370  27142
66.332528477 7280108168 338692 28341  26619
66.344517324 7280367822 259654 28351  25078
66.356529721 7280684266 316444 28367  26884
66.368525659 7280999236 314970 28369  27069
66.380527393 7281326629 327393 28367  25611
66.392527317 7281607045 280416 28355  25818
66.404530618 7281924934 317889 28358  27138
66.416528725 7282254052 329118 28352  27170
66.428528555 7282544306 290254 28355  25085
66.440516330 7282850806 306500 28367  26435
66.452530877 7283168715 317909 28378  27018
66.464517407 7283509633 340918 28352  27174
66.476529075 7283767608 257975 28352  24765
66.488528689 7284083495 315887 28355  26853
66.500527817 7284398571 315076 28387  27204
66.512516857 7284713196 314625 28359  25971
66.524516968 7284994326 281130 28346  25889
66.536505771 7285312246 317920 28358  27145
66.548516379 7285629837 317591 28350  27448
66.560529110 7285949111 319274 28349  25635
66.572518310 7286238618 289507 28365  26036
66.584528448 7286556189 317571 28345  27026
66.596515612 7286874046 317857 28355  27357
66.608528716 7287185159 311113 28348  25605
66.620529103 7287481985 296826 28362  25839
66.632528601 7287796984 314999 28385  27105
66.644515655 7288125225 328241 28367  27039
66.656516842 7288372665 247440 28352  25052
66.668529333 7288690251 317586 28354  26863
66.680527794 7289007957 317706 28374  27135
66.692534311 7289273902 265945 28354  25244
66.704528551 7289585629 311727 28344  26362
66.716529306 7289903300 317671 28345  27227
66.728529200 7290243183 339883 28376  26986
66.740516073 7290578922 335739 28358  25769
66.752516334 7290857715 278793 28364  25944
66.764516265 7291173058 315343 28357  26853
66.776516579 7291490585 317527 28358  27419
66.788517353 7291750635 260050 28351  25013
66.800515337 7292068730 318095 28394  26867
66.812515211 7292386894 318164 28394  27137
66.824528792 7292668067 281173 28359  25887
66.836516396 7292964901 296834 28346  25714
66.848524047 7293279996 315095 28363  27058
66.860517477 7293631214 351218 28360  26976
66.872517678 7293954252 323038 28352  25737
66.884517582 7294232576 278324 28364  25904
66.896528886 7294550133 317557 28354  26886
66.908529327 7294868080 317947 28371  27429
66.920528754 7295184891 316811 28348  26583
66.932530135 7295455167 270276 28360  25522
66.944528375 7295773088 317921 28359  27112
66.956515780 7296090710 317622 28356  27157
66.968519160 7296387251 296541 28361  26406
66.980516471 7296665641 278390 28349  25860
66.992528372 7296980274 314633 28364  26921
67.004536276 7297297662 317388 28348  27400
67.016528636 7297570668 273006 28353  25631
67.028530010 7297875949 305281 28377  26473
67.040530778 7298193652 317703 28373  27007
67.052516631 7298511123 317471 28359  27338
67.064517102 7298780849 269726 28352  24964
67.076516477 7299098080 317231 28359  26745
67.088518380 7299413231 315151 28370  27145
67.100528188 7299753769 340538 28382  27163
67.112515149 7300009316 255547 28349  25141
67.124529653 7300327083 317767 28365  26642
67.136528810 7300644135 317052 28355  27322
67.148529194 7300974151 330016 28378  27322
67.160517614 7301241555 267404 28357  25249
67.172529656 7301559262 317707 28360  26769
67.184517229 7301877064 317802 28359  27005
67.196515134 7302194591 317527 28352  27496
67.208530584 7302520684 326093 28347  26113
67.220515115 7302799135 278451 28363  25947
67.232514910 7303115123 315988 28366  27259
67.244515336 7303432995 317872 28366  27641
67.256517417 7303740441 307446 28338  27060
67.268530078 7304010822 270381 28360  25950
67.280529385 7304328182 317360 28371  27152
67.292517675 7304645892 317710 28359  27266
67.304516400 7304905461 259569 28362  25472
67.316515863 7305220543 315082 28355  26518
67.328537931 7305535640 315097 28363  27205
67.340516852 7305874479 338839 28355  27192
67.352528943 7306140240 265761 28343  24895
67.364529387 7306457847 317607 28360  26787
67.376527947 7306775575 317728 28354  27076
67.388515955 7307093435 317860 28372  27529
67.400528275 7307352989 259554 28349  24853
67.412529783 7307670516 317527 28353  26922
67.424527783 7307987743 317227 28356  27177
67.436517774 7308279322 291579 28356  26267
67.448529564 7308559799 280477 28355  25830
67.460517679 7308877655 317856 28351  26983
67.472529056 7309206793 329138 28355  27296
67.484525420 7309586989 380196 28372  26538
67.496529607 7309907338 320349 28345  26083
67.508517861 7310192223 284885 28348  25957
67.520529279 7310510187 317964 28371  27022
67.532530376 7310827686 317499 28359  27432
67.544516930 7311167794 340108 28359  27166
67.556514480 7311546968 379174 28371  26447
67.568517271 7311832427 285459 28351  25701
67.580516056 7312141948 309521 28364  26540
67.592517119 7312459604 317656 28356  27175
67.604516737 7312777311 317707 28356  27223
67.616516464 7313093030 315719 28359  27613
67.628528272 7313348967 255937 28351  25809
67.640529965 7313666461 317494 28365  26778
67.652529556 7313983858 317397 28349  27224
67.664527967 7314301584 317726 28368  27315
67.676528788 7314619075 317491 28361  27644
67.688516518 7314878588 259513 28355  25514
67.700517119 7315196443 317855 28362  26947
67.712527637 7315513174 316731 28352  27123
67.724530128 7315828157 314983 28368  27416
67.736516255 7316102153 273996 28342  25991
67.748517499 7316402573 300420 28348  26462
67.760529130 7316720188 317615 28349  27229
67.772528083 7317037713 317525 28366  27280
67.784528574 7317320671 282958 28361  26371
67.796527609 7317614436 293765 28351  25990
67.808537346 7317932156 317720 28359  27054
67.820516630 7318248219 316063 28365  27395
67.832529834 7318521990 273771 28353  25707
67.844517777 7318821697 299707 28363  26486
67.856529478 7319138827 317130 28338  26971
67.868531309 7319456653 317826 28365  27514
67.880528894 7319715541 258888 28350  25158
67.892517607 7320032987 317446 28347  26758
67.904524775 7320350704 317717 28358  27126
67.916528956 7320672439 321735 28358  26801
67.928528440 7320933389 260950 28365  25223
67.940516217 7321249919 316530 28356  26888
67.952517017 7321567408 317489 28351  27383
67.964524372 7321836422 269014 28347  24825
67.976518132 7322154250 317828 28363  26710
67.988529026 7322472050 317800 28375  27235
68.000517373 7322819438 347388 28356  26522
68.012528974 7323079379 259941 28354  25369
68.024517368 7323396455 317076 28358  26663
68.036516253 7323724173 327718 28371  27297
68.048517229 7324017561 293388 28359  25207
68.060515467 7324316965 299404 28361  26432
68.072528661 7324634196 317231 28355  27091
68.084528339 7324972855 338659 28356  26943
68.096529616 7325231256 258401 28344  25202
68.108517050 7325549181 317925 28374  26712
68.120542634 7325867008 317827 28362  27316
68.132529914 7326201159 334151 28350  26728
68.144529455 7326462479 261320 28364  25288
68.156517813 7326777349 314870 28371  26824
68.168528634 7327093239 315890 28359  27166
68.180529577 7327387807 294568 28353  25507
68.192516002 7327691370 303563 28363  26434
68.204530422 7328008726 317356 28356  27143
68.216527896 7328348273 339547 28367  26687
68.228529314 7328605052 256779 28348  24961
68.240528378 7328922518 317466 28349  26835
68.252529825 7329240067 317549 28343  27310
68.264529379 7329544958 304891 28351  25127
68.276538440 7329842064 297106 28365  26057
68.288518861 7330158660 316596 28369  27206
68.300516071 7330508301 349641 28342  26982
68.312517972 7330767016 258715 28362  25116
68.324516756 7331084521 317505 28357  26808
68.336517326 7331402140 317619 28374  27095
68.348516454 7331703632 301492 28357  25668
68.360528742 7331998978 295346 28357  25852
68.372516688 7332316418 317440 28358  27234
68.384515639 7332635098 318680 28370  26534
68.396531474 7332897656 262558 28348  24920
68.408514494 7333215316 317660 28370  26927
68.420516171 7333564341 349025 28349  26891
68.432517626 7333822196 257855 28347  24813
68.444524360 7334140228 318032 28367  26798
68.456530030 7334455271 315043 28358  26631
68.468516034 7334716322 261051 28343  24345
68.480518079 7335032477 316155 28365  26943
68.492515570 7335413898 381421 28369  26577
68.504528853 7335677665 263767 28356  24829
68.516515837 7335993942 316277 28353  26674
68.528517551 7336300481 306539 28358  26006
68.540528908 7336570263 269782 28362  24451
68.552515783 7336898632 328369 28377  26718
68.564515460 7337268827 370195 28382  26919
68.576516374 7337551976 283149 28342  24831
68.588529795 7337864326 312350 28359  26609
68.600526656 7338139220 274894 28345  23626
68.612529723 7338437036 297816 28375  25717
68.624516967 7338774657 337621 28369  26915
68.636530828 7339122989 348332 28373  27005
68.648527145 7339415756 292767 28349  25381
68.660530979 7339718688 302932 28356  26330
68.672516510 7340003031 284343 28354  24229
68.684529387 7340295167 292136 28368  25401
68.696530138 7340633383 338216 28350  26834
68.708517665 7341002957 369574 28353  26946
68.720529839 7341300954 297997 28348  25773
68.732528960 7341599049 298095 28362  25903
68.744516394 7341852477 253428 28356  21513
68.756524301 7342169905 317428 28350  26855
68.768530569 7342529498 359593 28350  26799
68.780528780 7342888527 359029 28354  26963
68.792529811 7343178975 290448 28349  25326
68.804515888 7343495092 316117 28371  26370
68.816517725 7343812631 317539 28347  27151
68.828516105 7344130668 318037 28370  27375
68.840529077 7344448089 317421 28352  27526
68.852515871 7344770456 322367 28355  27505
68.864529158 7345086738 316282 28355  27458
68.876528548 7345401586 314848 28363  27652
68.888515899 7345717710 316124 28366  27487
68.900515527 7346019976 302266 28346  26962
68.912514955 7346289632 269656 28360  26571
68.924536925 7346607334 317702 28358  26876
68.936516556 7346924949 317615 28374  27400
68.948515290 7347242458 317509 28348  27320
68.960529457 7347531453 288995 28347  26682
68.972528414 7347811377 279924 28373  26349
68.984529909 7348128203 316826 28349  27112
68.996528623 7348446159 317956 28358  27323
69.008528136 7348763229 317070 28340  27480
69.020516611 7349088862 325633 28362  27512
69.032517261 7349406906 318044 28386  27410
69.044528899 7349724993 318087 28370  27564
69.056527689 7350042555 317562 28350  27467
69.068526990 7350368460 325905 28345  27371
69.080535178 7350684183 315723 28373  27482
69.092528968 7350999078 314895 28373  27363
69.104515202 7351315879 316801 28355  27614
69.116529980 7351633627 317748 28362  27301
69.128515900 7351959892 326265 28361  27492
69.140517568 7352277704 317812 28360  27510
69.152515722 7352595454 317750 28378  27399
69.164517226 7352913216 317762 28364  27485
69.176528253 7353238791 325575 28358  27273
69.188529097 7353556503 317712 28348  27492
69.200528268 7353871982 315479 28361  27382
69.212516558 7354186791 314809 28366  27434
69.224516763 7354510476 323685 28353  27491
69.236521070 7354828115 317639 28350  27297
69.248529381 7355145856 317741 28348  27598
69.260516231 7355463510 317654 28357  27431
69.272528269 7355782000 318490 28358  27235
69.284516270 7356100084 318084 28365  27622
69.296529030 7356417335 317251 28338  27310
69.308530038 7356735145 317810 28348  27586
69.320529739 7357049918 314773 28355  27329
69.332527580 7357351593 301675 28378  26079
69.344528370 7357704950 353357 28373  24984
69.356515427 7358065538 360588 28373  25724
69.368528688 7358419408 353870 28363  25725
69.380528336 7358771799 352391 28370  25844
69.392536266 7359081852 310053 28369  26710
69.404518224 7359280344 198492 28372  27508
69.416516807 7359478913 198569 28395  27693
69.428518098 7359677776 198863 28391  27800
69.440516546 7359833065 155289 28373  26969
69.452528753 7360011185 178120 28399  24694
69.464529574 7360189264 178079 28354  25739
69.476516644 7360367295 178031 28385  26507
69.488516655 7360544951 177656 28370  26556
69.500516595 7360908767 363816 28370  23910
69.512517936 7361298900 390133 23520  18467
69.524532404 7361669067 370167 16968  16184
69.536529778 7362039117 370050 16976  16061
69.548516598 7362409168 370051 16969  16071
69.560525946 7362779472 370304 16978  16139
69.572518334 7363149732 370260 16977  16037
69.584516465 7363519803 370071 16963  16103
69.596517411 7363871464 351661 18890  17980
69.608530386 7364080127 208663 17134  15229
69.620518733 7364382094 301967 28378  20199
69.632530528 7364878842 496748 28376  27373
69.644530034 7365381153 502311 28368  28156
69.656528835 7365883131 501978 28371  28035
69.668528923 7379496536 13613405 12049  11312
69.687785644 7392225410 12728874 4371  2407
69.702529877 7394866011 2640601 25972  5247
69.713530950 7396242134 1376123 28342  7376
69.725524261 7397132128 889994 28358  6431
69.737517114 7397871309 739181 28337  6357
69.749526128 7398447641 576332 28351  5208
69.761530393 7398923142 475501 28355  3433
69.773516613 7399361696 438554 28350  3744
69.785529361 7399762124 400428 28358  3521
69.797528951 7400115576 353452 28380  2955
69.809529879 7400442808 327232 28357  2965
69.821528853 7400764606 321798 28370  3026
69.833528173 7401057515 292909 28371  2493
69.845527501 7401359622 302107 28375  2628
69.857528145 7401654488 294866 28387  2576
69.869515845 7401943261 288773 28383  2488
69.881523770 7402239537 296276 28385  2776
69.893530114 7402524069 284532 28415  2657
69.905527335 7402815442 291373 28374  3044
69.917529122 7403103377 287935 28387  2624
69.929527376 7403394638 291261 28395  2361
69.941530030 7403677687 283049 28394  2651
69.953516067 7403965506 287819 28380  2701
69.965529411 7404244675 279169 28376  2523
69.977528539 7404526563 281888 28389  3062
69.989516062 7404808769 282206 28378  2505
70.001515413 7405093107 284338 28383  2854
70.013515551 7405367390 274283 28387  2668
70.025516502 7405644797 277407 28372  3309
70.037538236 7405922073 277276 28399  2691
70.049539497 7406201997 279924 28382  2738
70.061515687 7406473047 271050 28383  2685
70.073517172 7406746833 273786 28397  2786
70.085528218 7407022302 275469 28389  2995
70.097528589 7407295649 273347 28379  2980
70.109515497 7407571835 276186 28391  3063
70.121518671 7407851005 279170 28394  3011
70.133516011 7408117594 266589 28396  2883
70.145528369 7408390109 272515 28389  2823
70.157528397 7408658956 268847 28382  2934
70.169529598 7408934676 275720 28387  2851
70.181527808 7409197816 263140 28419  2912
70.193527595 7409468105 270289 28395  2716
70.205535926 7409740172 272067 28388  3325
70.217517040 7410008146 267974 28371  2901
70.229528091 7410279748 271602 28403  2795
70.241519545 7410546334 266586 28383  2785
70.253516332 7410812942 266608 28382  2836
70.265516383 7411080399 267457 28382  2709
70.277528310 7411351126 270727 28371  3334
70.289528401 7411624604 273478 28377  3113
70.301515988 7411886325 261721 28402  2911
70.313516986 7412154592 268267 28370  3203
70.325527557 7412427089 272497 28397  2898
70.337528494 7412690744 263655 28395  2667
70.349528291 7412966607 275863 28386  3453
70.361524512 7413232648 266041 28385  2832
70.373516393 7413498911 266263 28400  2748
70.385517490 7413772981 274070 28385  3265
70.397528588 7414037233 264252 28394  2772
70.409528068 7414301322 264089 28406  3003
70.421529636 7414568983 267661 28382  3488
70.433528870 7414839591 270608 28379  3280
70.445516404 7415114054 274463 28393  2876
70.457516108 7415384866 270812 28395  3073
70.469528739 7415656143 271277 28365  3093
70.481518842 7415930219 274076 28403  3047
70.493516423 7416203336 273117 28385  2987
70.505511108 7416473790 270454 28371  3611
70.517523005 7416745834 272044 28394  2873
70.529529589 7417016647 270813 28397  3119
70.541528650 7417287372 270725 28396  3536
70.553529864 7417564938 277566 28386  3335
70.565527908 7417843163 278225 28379  4401
70.577517615 7418114630 271467 28395  3493
70.589514919 7418390085 275455 28399  3447
70.601516636 7418670347 280262 28382  3507
70.613529231 7418940810 270463 28382  3658
70.625529301 7419226235 285425 28372  3205
70.637517169 7419496812 270577 28379  3089
70.649528443 7419779858 283046 28406  3546
70.661528294 7420052220 272362 28387  3336
70.673536178 7420337795 285575 28396  4199
70.685528322 7420607942 270147 28374  3371
70.697516419 7420892778 284836 28409  3334
70.709517040 7421175018 282240 28375  3433
70.721516824 7421448419 273401 28389  3861
70.733517905 7421733451 285032 28358  3958
70.745529046 7422018668 285217 28396  3767
70.757529206 7422295830 277162 28392  3743
70.769528000 7422576101 280271 28388  3740
70.781516258 7422862575 286474 28400  4028
70.793516772 7423152789 290214 28423  3539
70.805529822 7423442574 289785 28393  4184
70.817530210 7423731489 288915 28381  4006
70.829516494 7424016442 284953 28382  4158
70.841539965 7424302871 286429 28405  3504
70.853516639 7424590394 287523 28374  4493
70.865527636 7424880849 290455 28401  4279
70.877529564 7425172086 291237 28417  4441
70.889529908 7425464120 292034 28383  4099
70.901518302 7425757390 293270 28413  4135
70.913516219 7426050567 293177 28384  3795
70.925517339 7426345561 294994 28392  3398
70.937515487 7426641715 296154 28390  3992
70.949528295 7426933518 291803 28390  3574
70.961529492 7427225891 292373 28377  4147
70.973518323 7427516854 290963 28378  4280
70.985529053 7427809711 292857 28396  4458
70.997523448 7428102729 293018 28395  3785
71.009516949 7428401326 298597 28396  4689
71.021527973 7428699665 298339 28391  4277
71.033529903 7428992332 292667 28376  4416
71.045515684 7429286827 294495 28386  4115
71.057516788 7429586737 299910 28387  4531
71.069528723 7429890316 303579 28389  4695
71.081528876 7430184879 294563 28391  4628
71.093516130 7430481366 296487 28396  5230
71.105527921 7430789093 307727 28384  4304
71.117516121 7431085318 296225 28378  4616
71.129516116 7431382742 297424 28388  5007
71.141532803 7431690761 308019 28409  5065
71.153524977 7431986626 295865 28381  5249
71.165517684 7432290881 304255 28397  5196
71.177528582 7432591229 300348 28373  4414
71.189516943 7432888902 297673 28389  4404
71.201516427 7433196065 307163 28384  4728
71.213531651 7433492420 296355 28386  4196
71.225529768 7433801428 309008 28400  4352
71.237516689 7434098624 297196 28385  4725
71.249516567 7434408205 309581 28398  4146
71.261530307 7434706345 298140 28384  4700
71.273514815 7435016946 310601 28386  4539
71.285517469 7435317100 300154 28397  4181
71.297527940 7435628092 310992 28388  5180
71.309541377 7435932866 304774 28383  5594
71.321527914 7436237861 304995 28377  4888
71.333517814 7436549169 311308 28383  4097
71.345517272 7436849226 300057 28390  5094
71.357512310 7437160943 311717 28389  4939
71.369528491 7437469853 308910 28418  4878
71.381516327 7437772580 302727 28382  4667
71.393529959 7439336492 1563912 142605  25006
71.405517589 7439648695 312203 28408  5330
71.417528450 7439960587 311892 28395  4528
71.429528865 7440261250 300663 28357  4991
71.441517041 7440572113 310863 28377  5253
71.453517616 7440885106 312993 28390  6061
71.465532027 7441198366 313260 28405  6035
71.477537141 7441502653 304287 28389  5328
71.489531421 7441814342 311689 28381  5182
71.501529832 7442127889 313547 28398  5464
71.513515382 7442441564 313675 28396  4655
71.525515437 7442754971 313407 28408  5143
71.537530361 7443064366 309395 28391  4290
71.549528795 7443372515 308149 28388  5178
71.561529469 7443685633 313118 28372  4156
71.573529010 7443999159 313526 28397  5058
71.585517067 7444312662 313503 28390  5375
71.597516161 7444625542 312880 28378  5876
71.609515666 7444938401 312859 28410  4809
71.621528389 7445252102 313701 28381  4855
71.633538274 7445565210 313108 28379  6033
71.645519378 7445873963 308753 28362  5306
71.657528725 7446183264 309301 28393  4104
71.669528292 7446495521 312257 28392  4950
71.681528046 7446809132 313611 28401  5863
71.693528441 7447122853 313721 28373  5773
71.705529078 7447437069 314216 28384  4788
71.717517722 7447751537 314468 28389  5865
71.729517699 7448066983 315446 28395  5767
71.741530460 7448381776 314793 28410  5147
71.753529755 7448695981 314205 28374  5951
71.765517725 7449010236 314255 28391  5345
71.777515652 7449325260 315024 28398  5939
71.789525027 7449639900 314640 28384  5279
71.801531138 7449955496 315596 28386  6066
71.813529729 7450272691 317195 28382  4926
71.825518035 7450591509 318818 28385  5031
71.837529393 7450907896 316387 28379  5602
71.849530387 7451222733 314837 28376  5356
71.861515387 7451536728 313995 28389  5629
71.873517752 7451850529 313801 28395  4968
71.885515873 7452165075 314546 28410  5639
71.897529460 7452478609 313534 28382  5480
71.909529610 7452792248 313639 28384  5582
71.921529248 7453106343 314095 28380  5044
71.933517489 7453426901 320558 28388  5175
71.945522797 7453745711 318810 28367  6209
71.957530943 7454059933 314222 28375  5518
71.969515484 7454373556 313623 28376  5787
71.981518599 7454687808 314252 28388  5249
71.993529543 7455002336 314528 28390  6413
72.005517597 7455324674 322338 28379  5662
72.017517044 7455640709 316035 28368  5080
72.029529358 7455955090 314381 28382  6950
72.041531323 7456269524 314434 28392  6375
72.053528007 7456584759 315235 28382  5470
72.065516190 7456909833 325074 28387  5279
72.077516718 7457224515 314682 28366  5917
72.089529082 7457539162 314647 28392  5720
72.101528163 7457853348 314186 28374  5861
72.113536387 7458177889 324541 28387  6222
72.125517901 7458492592 314703 28383  5968
72.137529385 7458806498 313906 28372  6362
72.149534432 7459121635 315137 28372  6669
72.161515903 7459444713 323078 28391  6794
72.173516897 7459758436 313723 28378  6934
72.185527832 7460071869 313433 28386  5239
72.197517168 7460396279 324410 28380  6381
72.209517483 7460709255 312976 28383  5647
72.221517413 7461022019 312764 28371  5845
72.233528228 7461346684 324665 28387  6213
72.245527781 7461660726 314042 28388  5719
72.257529949 7461973721 312995 28393  6181
72.269528377 7462298579 324858 28402  6928
72.281516777 7462612349 313770 28411  5963
72.293529672 7462925382 313033 28382  5809
72.305518012 7463250335 324953 28405  7005
72.317516680 7463563898 313563 28389  6641
72.329529560 7463880505 316607 28380  6844
72.341519681 7464201719 321214 28368  5882
72.353517042 7464515834 314115 28386  6033
72.365515139 7464840831 324997 28404  6020
72.377529946 7465155132 314301 28390  6391
72.389529217 7465472969 317837 28393  5455
72.401518481 7465792913 319944 28378  6039
72.413528906 7466106474 313561 28386  6626
72.425528722 7466430769 324295 28386  5842
72.437517323 7466743814 313045 28425  6199
72.449511501 7467067510 323696 28395  6487
72.461517342 7467379878 312368 28389  6759
72.473516099 7467703452 323574 28381  5378
72.485529650 7468016268 312816 28368  6013
72.497530254 7468335605 319337 28371  5409
72.509516687 7468652871 317266 28390  6044
72.521516668 7468969121 316250 28392  5891
72.533516006 7469289417 320296 28380  5859
72.545527230 7469605153 315736 28409  6301
72.557514825 7469926024 320871 28377  6456
72.569514541 7470242166 316142 28395  7063
72.581536387 7470562418 320252 28380  6953
72.593529990 7470880887 318469 28360  7412
72.605515854 7471199236 318349 28379  6044
72.617516834 7471522066 322830 28379  6784
72.629527672 7471836692 314626 28409  5863
72.641531460 7472160971 324279 28385  6183
72.653517187 7472473680 312709 28384  5751
72.665518368 7472797046 323366 28389  6599
72.677528012 7473109777 312731 28377  6309
72.689529236 7473433440 323663 28382  7986
72.701517037 7473747743 314303 28387  6225
72.713518771 7474071194 323451 28406  6347
72.725528316 7474395740 324546 28391  7514
72.737529482 7474708907 313167 28398  6311
72.749523617 7475032567 323660 28389  6303
72.761517010 7475344761 312194 28371  6425
72.773528365 7475668369 323608 28402  5783
72.785529012 7475989887 321518 28384  7074
72.797516033 7476303930 314043 28399  6234
72.809517177 7476627453 323523 28398  6164
72.821517844 7476939409 311956 28392  5483
72.833517992 7477262162 322753 28387  5844
72.845529129 7477585600 323438 28400  6806
72.857517650 7477897742 312142 28388  8108
72.869516847 7478221317 323575 28385  7223
72.881529978 7478545206 323889 28396  5730
72.893515199 7478857852 312646 28394  5981
72.905536827 7479180959 323107 28402  7705
72.917517108 7479503785 322826 28384  8025
72.929517101 7479817254 313469 28378  5650
72.941529005 7480140621 323367 28382  6289
72.953515516 7480464444 323823 28364  7333
72.965516797 7480777665 313221 28394  7700
72.977515834 7481101734 324069 28396  7140
72.989529418 7481425704 323970 28389  7714
73.001529226 7481738381 312677 28379  7749
73.013515786 7482062314 323933 28389  6590
73.025516657 7482386247 323933 28365  7238
73.037516465 7482703610 317363 28411  7637
73.049528092 7483023608 319998 28385  7011
73.061536077 7483347926 324318 28381  7122
73.073529377 7483671911 323985 28385  7155
73.085528835 7483984377 312466 28376  8153
73.097531082 7484307810 323433 28412  7197
73.109530006 7484631067 323257 28375  7206
73.121529890 7484954488 323421 28389  7318
73.133528237 7485267728 313240 28407  6652
73.145518725 7485591679 323951 28383  5950
73.157528449 7485915453 323774 28392  6612
73.169516756 7486239008 323555 28366  6584
73.181530280 7486551657 312649 28376  6820
73.193516341 7486874618 322961 28379  8388
73.205529536 7487198616 323998 28387  7375
73.217522853 7487522422 323806 28394  8492
73.229524003 7487843610 321188 28401  7093
73.241519051 7488158539 314929 28398  6455
73.253514491 7488482068 323529 28390  6696
73.265518555 7488805399 323331 28398  7165
73.277517303 7489129319 323920 28400  6571
73.289516761 7489452098 322779 28366  7079
73.301515222 7489765945 313847 28370  6363
73.313529445 7490089577 323632 28388  7967
73.325516739 7490413398 323821 28370  6253
73.337528227 7490736908 323510 28367  7609
73.349518508 7491060893 323985 28405  6467
73.361527952 7491381851 320958 28381  8010
73.373527229 7491697564 315713 28388  7607
73.385537934 7492021284 323720 28377  7310
73.397531678 7492345134 323850 28382  6806
73.409530919 7492668630 323496 28396  6598
73.421528999 7492992377 323747 28384  6921
73.433528393 7493315579 323202 28383  7640
73.445529037 7493637013 321434 28369  8394
73.457528182 7493951042 314029 28371  7675
73.469530469 7494272830 321788 28373  7962
73.481516023 7494595717 322887 28389  6787
73.493528720 7494918888 323171 28365  8137
73.505517864 7495241944 323056 28382  6594
73.517514851 7495565162 323218 28379  6940
73.529517559 7495888068 322906 28373  7075
73.541543497 7496210820 322752 28379  8188
73.553534884 7496533330 322510 28358  8137
73.565515868 7496850727 317397 28396  7943
73.577515685 7497169653 318926 28366  7870
73.589517323 7497491873 322220 28367  6984
73.601515947 7497815277 323404 28399  7206
73.613516334 7498138216 322939 28389  7225
73.625515658 7498461021 322805 28387  8314
73.637516909 7498784502 323481 28380  6761
73.649528770 7499107781 323279 28381  7004
73.661517481 7499431289 323508 28410  7181
73.673528821 7499754607 323318 28383  7536
73.685526919 7500077847 323240 28384  6619
73.697538477 7500400733 322886 28382  8019
73.709554948 7500724040 323307 28397  7874
73.721515315 7501047164 323124 28401  8840
73.733531069 7501370363 323199 28390  8146
73.745530460 7501693165 322802 28364  7352
73.757528627 7502016056 322891 28383  6865
73.769516981 7502338758 322702 28376  6629
73.781528699 7502662200 323442 28374  7225
73.793515636 7502984972 322772 28377  7502
73.805528170 7503306996 322024 28378  7981
73.817528704 7503629242 322246 28388  7729
73.829527255 7503951559 322317 28383  7023
73.841529199 7504273724 322165 28358  7273
73.853524977 7504596383 322659 28351  8482
73.865530974 7504919349 322966 28385  7403
73.877515958 7505242716 323367 28388  7463
73.889530345 7505565227 322511 28384  7879
73.901530420 7505887103 321876 28365  7970
73.913517644 7506208833 321730 28384  6628
73.925517042 7506531122 322289 28385  7524
73.937518488 7506852950 321828 28377  7780
73.949527033 7507175114 322164 28382  7576
73.961528414 7507497994 322880 28407  7450
73.973516581 7507820522 322528 28401  7589
73.985516952 7508142442 321920 28382  8173
73.997518256 7508464726 322284 28381  7190
74.009530133 7508786715 321989 28372  7439
74.021539191 7509108951 322236 28378  8543
74.033518644 7509431469 322518 28392  7625
74.045527575 7509753517 322048 28384  6573
74.057517160 7510075562 322045 28368  7426
74.069519441 7510398074 322512 28392  7523
74.081534082 7510720642 322568 28386  7960
74.093528705 7511043440 322798 28379  7152
74.105530819 7511368718 325278 28375  7876
74.117527944 7511698112 329394 28374  8010
74.129527998 7512020846 322734 28374  6938
74.141531148 7512343622 322776 28402  7566
74.153515539 7512665922 322300 28382  5969
74.165528203 7512987953 322031 28366  6710
74.177534894 7513310401 322448 28399  7113
74.189516919 7513632443 322042 28372  7923
74.201516845 7513953971 321528 28373  6985
74.213528363 7514276043 322072 28377  8781
74.225528367 7514601248 325205 28369  6820
74.237529075 7514931817 330569 28383  7678
74.249519402 7515253631 321814 28390  6360
74.261515806 7515575356 321725 28370  8112
74.273516397 7515897162 321806 28382  7238
74.285515520 7516218871 321709 28374  7708
74.297516245 7516540656 321785 28381  7087
74.309516332 7516862390 321734 28389  8968
74.321528087 7517189666 327276 28388  7830
74.333524094 7517516913 327247 28370  7810
74.345516754 7517838188 321275 28379  7969
74.357529329 7518159682 321494 28365  9496
74.369527993 7518481416 321734 28388  7567
74.381516347 7518803445 322029 28400  6357
74.393529284 7519125371 321926 28371  7155
74.405529462 7519458413 333042 28354  9318
74.417530466 7519779290 320877 28365  7712
74.429529290 7520101369 322079 28397  8650
74.441531255 7520423203 321834 28376  8996
74.453515691 7520744891 321688 28370  9570
74.465528559 7521067266 322375 28370  8396
74.477527627 7521400181 332915 28384  8056
74.489517907 7521722173 321992 28397  7344
74.501536919 7522044121 321948 28384  7195
74.513516705 7522366053 321932 28387  8443
74.525516130 7522687524 321471 28367  7987
74.537530684 7523020750 333226 28365  8591
74.549528655 7523342360 321610 28382  8878
74.561530143 7523663764 321404 28390  8832
74.573516929 7523985953 322189 28381  8165
74.585529847 7524308299 322346 28380  7613
74.597529854 7524642050 333751 28395  7136
74.609516855 7524963901 321851 28377  7490
74.621516142 7525285633 321732 28383  7333
74.633527300 7525607076 321443 28398  7774
74.645516398 7525930707 323631 28355  8387
74.657523981 7526261388 330681 28374  7808
74.669520532 7526582566 321178 28385  8558
74.681530273 7526903348 320782 28370  8176
74.693529364 7527224216 320868 28391  7220
74.705517848 7527556978 332762 28373  7254
74.717517428 7527878330 321352 28379  8607
74.729515716 7528199590 321260 28386  7951
74.741530050 7528520700 321110 28375  6789
74.753517044 7528853857 333157 28398  8259
74.765514968 7529174785 320928 28382  8316
74.777530182 7529495231 320446 28386  8407
74.789529653 7529816432 321201 28374  9083
74.801516454 7530149643 333211 28367  7222
74.813537785 7530470560 320917 28371  7743
74.825529426 7530791454 320894 28374  9207
74.837527657 7531112736 321282 28375  9473
74.849517274 7531444543 331807 28364  7739
74.861517588 7531766368 321825 28403  9942
74.873528795 7532087861 321493 28386  8715
74.885528003 7532417151 329290 28376  8130
74.897529724 7532742294 325143 28383  9876
74.909516405 7533063270 320976 28375  8395
74.921529319 7533384273 321003 28386  7615
74.933516372 7533717656 333383 28383  7276
74.945516487 7534038655 320999 28378  7870
74.957516001 7534359615 320960 28394  8598
74.969536132 7534692077 332462 28373  9249
74.981529900 7535012863 320786 28389  9142
74.993516260 7535333357 320494 28380  9197
75.005517481 7535657695 324338 28394  8643
75.017515998 7535987083 329388 28373  8254
75.029518735 7536307325 320242 28385  7253
75.041516079 7536628784 321459 28398  9174
75.053529207 7536961222 332438 28377  7995
75.065528958 7537281921 320699 28395  8159
75.077515156 7537602634 320713 28380  8390
75.089518246 7537935494 332860 28401  9553
75.101527841 7538255894 320400 28371  9171
75.113528511 7538576257 320363 28378  8584
75.125515915 7538908172 331915 28373  8738
75.137523340 7539227863 319691 28390  8121
75.149528380 7539547997 320134 28395  9019
75.161530594 7539880294 332297 28384  9052
75.173518802 7540200326 320032 28372  8262
75.185529673 7540520174 319848 28395  8441
75.197530100 7540852292 332118 28387  9464
75.209529110 7541171684 319392 28383  9474
75.221517751 7541491814 320130 28393  9501
75.233517889 7541823500 331686 28376  7548
75.245528893 7542143327 319827 28387  7833
75.257530094 7542467677 324350 28398  8308
75.269516531 7542795467 327790 28389  9123
75.281517079 7543115152 319685 28390  9811
75.293537046 7543447805 332653 28376  7502
75.305528704 7543767674 319869 28363  9629
75.317514897 7544087591 319917 28369  7583
75.329516245 7544419593 332002 28374  7498
75.341529033 7544738683 319090 28361  9047
75.353529394 7545060284 321601 28388  7450
75.365517164 7545390262 329978 28367  8861
75.377517158 7545710465 320203 28390  7503
75.389524522 7546042479 332014 28377  7917
75.401528993 7546361893 319414 28376  9388
75.413526903 7546681219 319326 28378  8940
75.425529384 7547013081 331862 28392  8452
75.437515272 7547332853 319772 28376  7744
75.449536733 7547664949 332096 28372  8672
75.461515824 7547984809 319860 28398  9657
75.473516677 7548304339 319530 28400  8328
75.485530792 7548636265 331926 28380  9060
75.497529773 7548955265 319000 28401  7876
75.509529370 7549286944 331679 28386  9449
75.521528781 7549606227 319283 28366  7705
75.533529638 7549925929 319702 28388  7894
75.545528249 7550257309 331380 28386  9154
75.557515850 7550576414 319105 28371  9013
75.569516673 7550908057 331643 28388  7752
75.581529409 7551227221 319164 28381  9750
75.593516682 7551555680 328459 28376  9933
75.605526980 7551877655 321975 28359  9512
75.617517934 7552196041 318386 28366  9032
75.629514761 7552527300 331259 28375  9943
75.641529526 7552845629 318329 28384  9016
75.653516859 7553177161 331532 28384  8658
75.665518254 7553495483 318322 28367  9063
75.677516835 7553826530 331047 28386  8712
75.689518726 7554144815 318285 28385  9563
75.701515472 7554466064 321249 28405  9561
75.713515883 7554793762 327698 28393  8493
75.725516121 7555112210 318448 28388  9001
75.737529415 7555443090 330880 28375  8686
75.749517410 7555761138 318048 28412  8559
75.761530063 7556092080 330942 28378  7843
75.773523534 7556409740 317660 28401  8421
75.785529652 7556740085 330345 28377  9798
75.797515249 7557057686 317601 28391  9005
75.809516607 7557388076 330390 28373  8458
75.821527884 7557705057 316981 28367  8307
75.833530525 7558029004 323947 28382  9690
75.845527656 7558352007 323003 28379  8662
75.857530543 7558670753 318746 28384  11283
75.869528908 7558999365 328612 28401  9491
75.881529562 7559316253 316888 28365  7675
75.893515465 7559646640 330387 28382  8893
75.905516753 7559963616 316976 28370  8696
75.917529214 7560293784 330168 28379  8726
75.929523187 7560610166 316382 28392  9790
75.941531169 7560940280 330114 28382  9992
75.953517256 7561256935 316655 28385  9703
75.965530100 7561586631 329696 28373  9234
75.977528071 7561902962 316331 28381  7926
75.989517301 7562232798 329836 28382  10087
76.001516182 7562548538 315740 28362  8753
76.013518310 7562878413 329875 28385  9929
76.025516984 7563194419 316006 28386  10028
76.037516415 7563523751 329332 28374  9797
76.049516245 7563839703 315952 28382  8885
76.061528543 7564169247 329544 28357  10272
76.073528794 7564484943 315696 28384  10884
76.085524785 7564814311 329368 28370  10293
76.097529263 7565130376 316065 28380  9861
76.109517016 7565459908 329532 28372  9522
76.121516667 7565775757 315849 28381  8761
76.133516095 7566104790 329033 28375  9812
76.145528999 7566421321 316531 28379  10245
76.157529053 7566749060 327739 28380  9993
76.169530483 7567070538 321478 28370  9173
76.181528354 7567394008 323470 28384  10576
76.193529045 7567721970 327962 28394  9434
76.205517132 7568038988 317018 28374  9990
76.217529440 7568368056 329068 28384  9957
76.229516317 7568683895 315839 28391  9055
76.241524772 7569013283 329388 28366  9117
76.253531523 7569328678 315395 28393  10074
76.265528246 7569657634 328956 28373  9326
76.277529880 7569972168 314534 28364  9429
76.289528681 7570301023 328855 28386  9738
76.301517746 7570616767 315744 28362  9782
76.313528690 7570944677 327910 28358  10692
76.325529964 7571269571 324894 28365  10775
76.337516671 7571588008 318437 28394  9991
76.349517709 7571916358 328350 28385  10686
76.361515206 7572230508 314150 28393  10078
76.373531214 7572559217 328709 28385  9484
76.385530172 7572873238 314021 28368  9517
76.397527738 7573202063 328825 28382  10778
76.409525816 7573518455 316392 28376  10011
76.421517197 7573844801 326346 28405  9757
76.433529028 7574172716 327915 28368  8048
76.445518181 7574487038 314322 28386  9354
76.457526899 7574815002 327964 28357  9878
76.469528857 7575128576 313574 28377  10431
76.481516374 7575456269 327693 28377  9212
76.493516834 7575774087 317818 28411  9826
76.505529203 7576097738 323651 28407  10487
76.517528613 7576425781 328043 28371  11101
76.529517657 7576739540 313759 28380  10797
76.541517668 7577067759 328219 28379  9150
76.553515085 7577381620 313861 28381  10291
76.565525859 7577708963 327343 28380  9851
76.577518190 7578036561 327598 28376  10764
76.589528898 7578349699 313138 28364  10259
76.601517882 7578677719 328020 28398  10765
76.613529147 7578990244 312525 28368  11723
76.625517830 7579317662 327418 28383  9594
76.637528154 7579645066 327404 28386  9196
76.649525902 7579958122 313056 28389  9735
76.661530910 7580285941 327819 28369  10746
76.673515957 7580599299 313358 28380  8932
76.685528954 7580926579 327280 28383  10799
76.697528122 7581254083 327504 28366  11553
76.709529086 7581566799 312716 28371  10885
76.721525293 7581893849 327050 28366  9531
76.733529788 7582210893 317044 28392  9686
76.745529276 7582534597 323704 28373  10400
76.757517756 7582861678 327081 28380  9115
76.769530283 7583174001 312323 28368  8523
76.781517644 7583501246 327245 28386  9917
76.793528461 7583827738 326492 28371  10473
76.805517239 7584139678 311940 28381  11018
76.817516146 7584466705 327027 28374  10182
76.829516081 7584783023 316318 28362  10277
76.841529688 7585104912 321889 28382  9602
76.853517178 7585431663 326751 28365  8681
76.865515983 7585743543 311880 28365  10653
76.877525830 7586070486 326943 28373  10088
76.889530015 7586397676 327190 28384  9889
76.901516819 7586709717 312041 28373  9207
76.913517583 7587036275 326558 28378  9767
76.925528320 7587362753 326478 28376  10221
76.937529471 7587674414 311661 28380  10986
76.949529109 7588001346 326932 28385  11779
76.961516636 7588324951 323605 28390  12533
76.973529841 7588639598 314647 28368  9626
76.985516474 7588966417 326819 28393  10221
76.997528468 7589284989 318572 28376  10675
77.009516969 7589603933 318944 28371  10751
77.021530130 7589930456 326523 28374  10139
77.033529415 7590247063 316607 28411  10523
77.045536499 7590569173 322110 28356  10468
77.057529206 7590895574 326401 28372  11101
77.069515940 7591210602 315028 28366  10586
77.081517951 7591532512 321910 28392  9890
77.093528895 7591859182 326670 28389  10058
77.105530432 7592174694 315512 28408  9288
77.117516946 7592496429 321735 28391  9339
77.129530281 7592822792 326363 28388  10463
77.141517218 7593140226 317434 28377  10320
77.153528905 7593459033 318807 28385  9220
77.165516876 7593785311 326278 28374  11043
77.177529154 7594107402 322091 28370  11189
77.189518385 7594423214 315812 28372  10931
77.201525122 7594749704 326490 28402  11234
77.213518663 7595075875 326171 28359  9836
77.225515827 7595386789 310914 28373  11627
77.237528878 7595713107 326318 28365  11413
77.249517255 7596039178 326071 28365  10436
77.261517342 7596350010 310832 28385  10676
77.273528724 7596675974 325964 28374  10623
77.285530108 7597001981 326007 28381  10200
77.297517518 7597314432 312451 28371  10581
77.309528726 7597639288 324856 28396  10821
77.321516889 7597965496 326208 28410  10075
77.333529401 7598288139 322643 28413  10630
77.345516498 7598601572 313433 28359  11165
77.357523922 7598927589 326017 28366  11816
77.369517723 7599253209 325620 28370  10474
77.381528658 7599563874 310665 28384  9464
77.393518224 7599889609 325735 28384  10797
77.405525652 7600215870 326261 28393  10151
77.417529807 7600534411 318541 28380  10602
77.429527571 7600852118 317707 28359  10558
77.441530395 7601177438 325320 28366  10389
77.453516552 7601503109 325671 28371  10599
77.465530096 7601813307 310198 28380  9197
77.477528884 7602138459 325152 28372  10197
77.489528085 7602463812 325353 28378  9197
77.501516472 7602786380 322568 28383  10485
77.513537097 7603098191 311811 28364  10277
77.525529473 7603423640 325449 28382  11571
77.537517021 7603749283 325643 28391  10797
77.549517245 7604063310 314027 28363  11565
77.561527460 7604384540 321230 28368  11473
77.573529497 7604710026 325486 28394  10505
77.585517391 7605034935 324909 28389  11284
77.597517178 7605345663 310728 28411  10259
77.609517243 7605670648 324985 28382  10119
77.621529440 7605995699 325051 28383  10787
77.633517867 7606320817 325118 28369  9835
77.645514911 7606630369 309552 28381  11337
77.657528460 7606955569 325200 28383  10171
77.669528900 7607280890 325321 28389  10196
77.681523611 7607606024 325134 28375  10532
77.693517645 7607915717 309693 28400  10861
77.705529842 7608241135 325418 28386  10100
77.717529486 7608566304 325169 28384  10877
77.729517167 7608891316 325012 28383  10317
77.741517392 7609201680 310364 28392  9158
77.753527593 7609526956 325276 28385  10636
77.765528394 7609851973 325017 28377  11227
77.777529187 7610177074 325101 28386  11109
77.789515968 7610487012 309938 28395  10117
77.801530259 7610811089 324077 28364  10941
77.813529617 7611136087 324998 28381  10637
77.825527611 7611461232 325145 28391  10909
77.837524688 7611775791 314559 28384  11208
77.849528265 7612094607 318816 28375  11359
77.861518220 7612418931 324324 28371  10888
77.873517337 7612743708 324777 28391  9461
77.885517591 7613068849 325141 28396  9949
77.897529536 7613377589 308740 28387  11591
77.909528169 7613702925 325336 28371  10828
77.921517827 7614028104 325179 28379  10849
77.933516965 7614353135 325031 28368  11706
77.945515915 7614666434 313299 28366  11465
77.957527813 7614987307 320873 28381  10507
77.969516593 7615312138 324831 28376  10894
77.981515991 7615637146 325008 28388  9927
77.993524055 7615962047 324901 28371  9932
78.005529830 7616271158 309111 28365  10288
78.017517300 7616595575 324417 28362  10099
78.029517394 7616920718 325143 28378  11345
78.041530298 7617246040 325322 28390  10851
78.053529999 7617571357 325317 28391  11231
78.065516830 7617880936 309579 28376  11838
78.077517318 7618206220 325284 28369  11333
78.089528831 7618531769 325549 28380  10850
78.101516299 7618857399 325630 28373  10685
78.113529037 7619183142 325743 28388  11124
78.125527731 7619493380 310238 28394  9675
78.137528215 7619819089 325709 28389  10267
78.149523293 7620144866 325777 28400  11174
78.161528036 7620470510 325644 28398  9102
78.173529374 7620796095 325585 28375  10658
78.185517628 7621107292 311197 28378  10629
78.197527509 7621431452 324160 28371  9645
78.209529440 7621756327 324875 28388  10907
78.221529168 7622081209 324882 28379  9702
78.233529911 7622406341 325132 28388  10822
78.245528629 7622725554 319213 28392  11282
78.257528307 7623042035 316481 28365  11154
78.269528057 7623367597 325562 28386  10902
78.281517354 7623693017 325420 28362  10138
78.293527992 7624018377 325360 28364  11832
78.305528450 7624343523 325146 28383  10820
78.317523524 7624656820 313297 28378  11889
78.329516338 7624979163 322343 28375  10374
78.341529625 7625304349 325186 28384  10179
78.353529649 7625629567 325218 28382  10153
78.365529224 7625954342 324775 28373  11466
78.377517481 7626279709 325367 28381  10379
78.389528949 7626592565 312856 28384  8958
78.401529463 7626915071 322506 28385  10766
78.413516000 7627240811 325740 28390  9880
78.425514681 7627566047 325236 28401  10670
78.437528355 7627891272 325225 28396  11384
78.449529733 7628215794 324522 28373  9060
78.461528721 7628533492 317698 28374  10693
78.473524094 7628849885 316393 28357  11533
78.485529412 7629175023 325138 28385  10506
78.497528793 7629500061 325038 28369  10504
78.509517009 7629825633 325572 28404  11385
78.521528728 7630150360 324727 28371  9400
78.533529649 7630475242 324882 28383  9320
78.545528962 7630787444 312202 28421  12542
78.557531187 7631110072 322628 28374  11413
78.569514794 7631435017 324945 28374  10460
78.581528608 7631759822 324805 28395  10631
78.593516815 7632084437 324615 28383  9802
78.605515570 7632409555 325118 28361  11775
78.617516394 7632734424 324869 28358  10227
78.629524292 7633047853 313429 28373  11552
78.641518526 7633368082 320229 28387  12109
78.653514507 7633693331 325249 28378  11451
78.665529330 7634017973 324642 28363  11503
78.677527451 7634343329 325356 28389  10958
78.689529372 7634668878 325549 28391  10088
78.701515770 7634993928 325050 28383  10100
78.713530144 7635317896 323968 28388  11112
78.725516529 7635629209 311313 28389  10079
78.737528745 7635952555 323346 28390  11489
78.749528200 7636277384 324829 28385  9752
78.761528397 7636602019 324635 28384  10828
78.773528068 7636926657 324638 28385  10787
78.785515792 7637251450 324793 28376  10531
78.797535610 7637576050 324600 28360  11074
78.809530090 7637900338 324288 28383  10406
78.821528835 7638213563 313225 28372  10817
78.833529119 7638534377 320814 28383  10773
78.845528467 7638859108 324731 28369  10356
78.857517093 7639183711 324603 28380  11573
78.869529192 7639508453 324742 28395  11212
78.881516659 7639833280 324827 28401  10839
78.893529220 7640158396 325116 28391  11468
78.905516167 7640483256 324860 28376  11388
78.917527525 7640807916 324660 28383  9870
78.929515265 7641123067 315151 28372  9861
78.941516773 7641441740 318673 28375  10432
78.953529310 7641766353 324613 28385  10690
78.965515871 7642091349 324996 28382  11744
78.977517276 7642416060 324711 28385  12299
78.989516000 7642740868 324808 28388  12559
79.001516190 7643065625 324757 28392  11459
79.013517724 7643389839 324214 28375  10071
79.025527922 7643713676 323837 28365  11625
79.037516026 7644038820 325144 28409  10563
79.049528391 7644356876 318056 28369  11497
79.061518302 7644672709 315833 28397  10887
79.073529535 7644996594 323885 28384  11196
79.085517403 7645321111 324517 28383  11081
79.097528537 7645645667 324556 28403  11335
79.109539138 7645970376 324709 28380  11936
79.121517945 7646294785 324409 28385  11718
79.133516632 7646619283 324498 28384  11084
79.145517793 7646943471 324188 28387  10193
79.157528774 7647267847 324376 28390  10795
79.169529302 7647591650 323803 28370  10273
79.181529450 7647915952 324302 28386  11335
79.193517323 7648232569 316617 28364  10939
79.205516721 7648549170 316601 28375  11587
79.217528469 7648871927 322757 28364  11802
79.229517939 7649196542 324615 28406  11528
79.241528960 7649520589 324047 28373  9632
79.253529091 7649845054 324465 28386  12053
79.265524471 7650169409 324355 28377  11132
79.277517196 7650493325 323916 28377  11990
79.289516073 7650817550 324225 28373  12304
79.301528188 7651142140 324590 28359  9963
79.313528775 7651466519 324379 28386  10929
79.325517850 7651790867 324348 28377  10275
79.337515146 7652114924 324057 28371  10228
79.349516441 7652439578 324654 28390  10172
79.361528058 7652763199 323621 28391  12376
79.373528253 7653079912 316713 28375  9967
79.385516330 7653397872 317960 28388  10782
79.397529171 7653720657 322785 28363  10892
79.409514201 7654044737 324080 28383  12176
79.421516526 7654369012 324275 28372  11160
79.433523897 7654693048 324036 28360  10357
79.445529828 7655013571 320523 28395  11510
79.457534965 7655317975 304404 28385  8401
79.469517945 7655615736 297761 28412  7473
79.481515120 7655913372 297636 28380  8433
79.493530067 7656218476 305104 28402  7757
79.505528288 7656523420 304944 28395  7850
79.517528289 7656813575 290155 28397  7885
79.529515509 7657117613 304038 28375  8184
79.541517710 7657422242 304629 28363  7417
79.553529349 7657712411 290169 28402  7953
79.565516486 7658017272 304861 28384  7731
79.577515003 7658321776 304504 28367  7774
79.589535954 7658617284 295508 28393  8151
79.601528421 7658916297 299013 28399  8221
79.613528539 7659221121 304824 28387  8095
79.625516266 7659525738 304617 28381  8198
79.637529424 7659815614 289876 28376  8384
79.649528625 7660119968 304354 28367  9714
79.661515513 7660424870 304902 28391  8888
79.673516344 7660717915 293045 28383  8451
79.685528137 7661019618 301703 28389  9088
79.697515348 7661324784 305166 28398  9272
79.709516732 7661629390 304606 28380  8703
79.721515906 7661919348 289958 28370  10093
79.733528034 7662224061 304713 28365  8996
79.745536045 7662528418 304357 28366  8163
79.757517549 7662827321 298903 28396  7818
79.769515800 7663123573 296252 28378  7448
79.781537124 7663428252 304679 28382  9956
79.793517348 7663733174 304922 28374  10500
79.805528529 7664024889 291715 28387  9474
79.817515899 7664328425 303536 28371  8417
79.829517660 7664633498 305073 28377  10433
79.841529278 7664938269 304771 28376  8475
79.853528852 7665228168 289899 28363  9015
79.865532353 7665533013 304845 28384  8597
79.877516093 7665837507 304494 28364  10315
79.889529515 7666141973 304466 28386  8762
79.901537200 7666432216 290243 28376  8853
79.913530230 7666737388 305172 28395  8303
79.925528407 7667041936 304548 28364  8706
79.937516688 7667346917 304981 28391  7356
79.949528419 7667636977 290060 28375  9118
79.961530286 7667941453 304476 28376  8443
79.973515807 7668246357 304904 28386  8735
79.985516168 7668551252 304895 28391  8677
79.997529156 7668840311 289059 28356  9153
80.009515873 7669145512 305201 28367  10303
80.021517098 7669450224 304712 28371  8843
80.033516251 7669754898 304674 28394  9134
80.045527972 7670045116 290218 28375  9867
80.057527676 7670350154 305038 28386  8987
80.069523864 7670655078 304924 28370  7914
80.081516381 7670959666 304588 28375  7072
80.093528126 7671249686 290020 28397  9775
80.105528567 7671553932 304246 28384  7961
80.117515497 7671858538 304606 28373  8498
80.129517841 7672163612 305074 28375  9128
80.141529786 7672458270 294658 28400  9523
80.153529810 7672758538 300268 28384  8710
80.165516680 7673063150 304612 28375  9902
80.177515971 7673367426 304276 28368  9350
80.189527566 7673672146 304720 28366  9644
80.201530060 7673962067 289921 28388  7905
80.213516937 7674266532 304465 28363  8812
80.225536495 7674571159 304627 28393  9593
80.237529805 7674875745 304586 28373  10221
80.249527936 7675168582 292837 28382  8863
80.261529417 7675469911 301329 28365  9823
80.273515685 7675774129 304218 28373  9579
80.285528849 7676078223 304094 28355  9420
80.297529620 7676382827 304604 28394  7557
80.309516734 7676672630 289803 28369  8697
80.321517051 7676976657 304027 28373  8538
80.333516479 7677280945 304288 28358  9768
80.345515813 7677585615 304670 28375  10766
80.357528601 7677890085 304470 28381  8367
80.369516858 7678181275 291190 28397  8551
80.381537259 7678486263 304988 28386  9200
80.393517099 7678790734 304471 28372  9987
80.405517357 7679096035 305301 28371  10427
80.417529755 7679399376 303341 28376  10448
80.429516066 7679691445 292069 28380  9564
80.441516606 7679996391 304946 28396  8583
80.453528308 7680301111 304720 28369  10676
80.465518621 7680605737 304626 28373  10521
80.477527442 7680910659 304922 28383  9901
80.489528236 7681200545 289886 28372  8959
80.501528597 7681505200 304655 28387  9908
80.513528955 7681809878 304678 28386  9000
80.525527802 7682114340 304462 28374  9042
80.537536654 7682418773 304433 28371  10218
80.549517444 7682711244 292471 28382  10049
80.561528701 7683013849 302605 28368  10476
80.573530122 7683318699 304850 28381  8937
80.585517993 7683623481 304782 28376  8800
80.597516943 7683927893 304412 28363  10400
80.609516674 7684229493 301600 28385  10433
80.621529772 7684522336 292843 28378  10594
80.633528823 7684826876 304540 28353  10170
80.645529084 7685131197 304321 28374  9229
80.657517265 7685436077 304880 28395  9230
80.669528799 7685740561 304484 28387  8141
80.681516306 7686036418 295857 28382  10691
80.693516794 7686335188 298770 28382  9691
80.705522585 7686639674 304486 28377  9184
80.717516819 7686944074 304400 28363  9992
80.729528620 7687248410 304336 28367  9515
80.741518691 7687552719 304309 28380  9656
80.753514981 7687847373 294654 28365  9138
80.765516955 7688145750 298377 28370  9627
80.777530250 7688449688 303938 28351  9282
80.789518701 7688754077 304389 28382  9071
80.801516338 7689058284 304207 28384  9638
80.813515328 7689362163 303879 28368  8478
80.825527847 7689661104 298941 28370  10414
80.837516954 7689955418 294314 28369  8865
80.849528695 7690259715 304297 28366  8496
80.861541816 7690563896 304181 28378  8709
80.873530013 7690867754 303858 28365  8531
80.885528778 7691171926 304172 28372  9659
80.897516634 7691475721 303795 28377  10276
80.909517639 7691767694 291973 28377  10784
80.921529154 7692069236 301542 28382  10092
80.933528804 7692373357 304121 28372  8400
80.945517598 7692677709 304352 28363  9045
80.957528556 7692982023 304314 28375  10526
80.969529150 7693285911 303888 28370  11145
80.981528680 7693590126 304215 28370  10477
80.993529211 7693881436 291310 28386  9083
81.005515966 7694182960 301524 28368  9561
81.017522643 7694487010 304050 28395  11427
81.029529768 7694791073 304063 28376  10546
81.041517605 7695094660 303587 28374  9075
81.053517726 7695398846 304186 28385  8421
81.065528073 7695703166 304320 28391  8990
81.077531047 7695998110 294944 28375  10617
81.089516415 7696295601 297491 28371  10105
81.101528983 7696599734 304133 28385  10138
81.113529500 7696903135 303401 28371  10977
81.125516791 7697207112 303977 28372  9548
81.137515785 7697511313 304201 28374  9016
81.149517049 7697815195 303882 28374  8760
81.161517377 7698118966 303771 28380  10918
81.173526064 7698411845 292879 28381  10589
81.185529555 7698711872 300027 28371  11238
81.197529260 7699015935 304063 28368  9939
81.209529294 7699320243 304308 28368  10133
81.221529422 7699624384 304141 28387  8841
81.233515885 7699928364 303980 28384  10167
81.245516829 7700232169 303805 28365  10958
81.257528954 7700535860 303691 28363  10982
81.269513221 7700835118 299258 28380  10117
81.281516311 7701129520 294402 28380  10372
81.293529359 7701432709 303189 28372  11256
81.305528050 7701736858 304149 28370  8568
81.317527841 7702040780 303922 28373  8962
81.329527875 7702344343 303563 28364  10967
81.341525403 7702648488 304145 28374  11172
81.353517031 7702952271 303783 28364  8778
81.365516804 7703256170 303899 28374  9325
81.377517852 7703557638 301468 28361  11710
81.389515869 7703850583 292945 28368  9772
81.401529400 7704152239 301656 28373  8861
81.413528668 7704455968 303729 28367  9626
81.425516476 7704759541 303573 28362  9907
81.437516463 7705062838 303297 28370  10820
81.449528180 7705366704 303866 28396  9678
81.461515741 7705670297 303593 28361  9734
81.473516182 7705973540 303243 28378  8591
81.485516866 7706277319 303779 28373  8856
81.497538134 7706581457 304138 28382  9613
81.509531558 7706874901 293444 28369  11055
81.521528396 7707174014 299113 28351  10467
81.533528806 7707477396 303382 28367  9753
81.545528004 7707781085 303689 28386  9356
81.557529181 7708085056 303971 28372  8938
81.569515689 7708388994 303938 28372  9759
81.581517306 7708693010 304016 28374  8936
81.593528211 7708996806 303796 28374  9781
81.605528298 7709300663 303857 28358  10905
81.617515709 7709603984 303321 28381  10055
81.629517270 7709907948 303964 28377  10789
81.641529121 7710209028 301080 28360  12104
81.653535515 7710503857 294829 28397  10822
81.665530062 7710803941 300084 28369  10168
81.677494226 7711107434 303493 28356  10101
81.689516897 7711411119 303685 28387  10536
81.701516258 7711715123 304004 28393  8801
81.713529759 7712018849 303726 28363  11626
81.725515907 7712322569 303720 28371  10244
81.737527594 7712626886 304317 28390  8635
81.749528259 7712930764 303878 28376  9760
81.761527742 7713234525 303761 28381  8956
81.773515970 7713539007 304482 28389  10671
81.785528097 7713843008 304001 28394  10347
81.797527592 7714146693 303685 28363  11487
81.809524869 7714447939 301246 28415  11310
81.821528580 7714744437 296498 28373  9501
81.833516538 7715043219 298782 28366  9102
81.845515515 7715346952 303733 28390  10102
81.857528216 7715650971 304019 28370  12028
81.869528887 7715954733 303762 28385  10751
81.881515944 7716258306 303573 28365  9275
81.893529662 7716561928 303622 28359  11808
81.905528893 7716865360 303432 28368  11219
81.917529491 7717169306 303946 28389  11005
81.929515547 7717473155 303849 28383  10834
81.941529358 7717776574 303419 28375  11352
81.953517456 7718080147 303573 28379  10984
81.965515477 7718383567 303420 28379  8769
81.977536748 7718687069 303502 28370  8781
81.989517121 7718991093 304024 28377  10762
82.001528919 7719294894 303801 28383  9462
82.013528524 7719598665 303771 28357  9595
82.025516101 7719902333 303668 28353  10704
82.037518225 7720201191 298858 28359  11131
82.049528210 7720500093 298902 28373  10877
82.061517084 7720800290 300197 28373  9500
82.073517231 7721102478 302188 28367  9825
82.085529535 7721406441 303963 28383  10649
82.097528876 7721710337 303896 28365  10715
82.109516107 7722014475 304138 28381  9031
82.121527808 7722318691 304216 28388  11393
82.133537382 7722622914 304223 28348  10686
82.145517670 7722927258 304344 28376  10506
82.157528134 7723231405 304147 28376  9498
82.169517008 7723535523 304118 28391  9306
82.181528549 7723839481 303958 28384  11532
82.193529330 7724143571 304090 28387  9622
82.205528307 7724447679 304108 28365  9384
82.217517811 7724751679 304000 28395  9285
82.229527519 7725055728 304049 28375  9518
82.241528320 7725359678 303950 28368  9619
82.253517117 7725663631 303953 28364  9175
82.265529095 7725967632 304001 28377  9026
82.277528772 7726271888 304256 28360  11196
82.289524993 7726576184 304296 28379  10562
82.301516250 7726880182 303998 28370  9556
82.313528345 7727184172 303990 28381  9675
82.325529893 7727488095 303923 28368  10613
82.337528687 7727792021 303926 28377  9873
82.349517237 7728096325 304304 28370  11086
82.361516305 7728400680 304355 28391  9790
82.373517959 7728704949 304269 28375  11104
82.385529584 7729009253 304304 28375  9769
82.397516437 7729313328 304075 28380  9777
82.409515925 7729617101 303773 28370  10772
82.421980377 7729921159 304058 28366  9789
82.433529170 7730225287 304128 28384  9224
82.445515524 7730529333 304046 28360  10600
82.457535815 7730833214 303881 28349  10717
82.469529490 7731137653 304439 28382  10221
82.481515846 7731441537 303884 28369  9715
82.493517427 7731745925 304388 28372  10703
82.505516085 7732050180 304255 28380  9712
82.517527893 7732354410 304230 28380  11530
82.529527350 7732658478 304068 28371  9561
82.541529805 7732962764 304286 28373  11448
82.553515339 7733266745 303981 28395  10315
82.565529670 7733571073 304328 28366  9970
82.577527740 7733875168 304095 28369  10063
82.589516788 7734179203 304035 28367  10879
82.601527642 7734483255 304052 28368  9837
82.613523443 7734787108 303853 28376  9176
82.625517040 7735090888 303780 28365  9796
82.637517377 7735394914 304026 28376  9408
82.649529116 7735699024 304110 28371  9155
82.661528070 7736003254 304230 28371  10206
82.673516327 7736307491 304237 28355  10194
82.685515371 7736611757 304266 28390  10114
82.697517012 7736915560 303803 28352  11108
82.709516433 7737219928 304368 28368  9612
82.721529991 7737525028 305100 28360  9515
82.733528218 7737829620 304592 28373  10682
82.745517485 7738134244 304624 28367  10382
82.757528920 7738438766 304522 28370  10073
82.769524041 7738743212 304446 28354  9480
82.781516785 7739047856 304644 28356  9656
82.793528086 7739352794 304938 28376  10101
82.805529637 7739657737 304943 28393  10030
82.817527991 7739962449 304712 28376  11070
82.829517385 7740266875 304426 28357  10942
82.841528459 7740571196 304321 28367  9892
82.853516150 7740876478 305282 28395  10398
82.865528108 7741181723 305245 28391  10676
82.877527715 7741486596 304873 28367  10427
82.889515820 7741791572 304976 28368  10636
82.901515947 7742096365 304793 28358  10456
82.913529642 7742401102 304737 28367  10186
82.925525942 7742706151 305049 28372  10224
82.937529229 7743011240 305089 28363  10359
82.949529780 7743316195 304955 28374  10854
82.961516761 7743620992 304797 28358  9759
82.973516268 7743926003 305011 28383  9516
82.985517233 7744230733 304730 28397  9878
82.997529178 7744536338 305605 28384  10487
83.009530232 7744841530 305192 28379  9981
83.021528942 7745146795 305265 28385  9322
83.033515873 7745451615 304820 28369  10956
83.045515814 7745756201 304586 28380  10781
83.057528372 7746060958 304757 28361  10539
83.069528333 7746366559 305601 28378  10562
83.081516669 7746673307 306748 28361  10329
83.093536118 7746982569 309262 28378  10930
83.105516838 7747292327 309758 28365  10559
83.117516592 7747599430 307103 28379  9625
83.129528263 7747903453 304023 28373  9300
83.141529281 7748208614 305161 28379  9659
83.153529199 7748513784 305170 28376  10217
83.165515295 7748818402 304618 28356  10391
83.177518080 7749123021 304619 28370  9821
83.189516874 7749428009 304988 28390  10743
83.201528412 7749732520 304511 28368  11233
83.213529189 7750037352 304832 28364  10767
83.225527820 7750342183 304831 28376  9484
83.237515631 7750647109 304926 28380  10616
83.249524212 7750951763 304654 28377  11051
83.261571593 7751256829 305066 28383  11636
83.273516483 7751561615 304786 28391  9839
83.285530118 7751866811 305196 28371  10125
83.297529055 7752172092 305281 28388  10382
83.309529836 7752476944 304852 28364  10068
83.321529064 7752782834 305890 28353  9620
83.333528518 7753093226 310392 28368  10877
83.345516443 7753405240 312014 28372  10004
83.357517310 7753710678 305438 28369  9692
83.369528584 7754015732 305054 28395  9323
83.381515838 7754320648 304916 28380  9530
83.393516639 7754625030 304382 28358  10616
83.405527283 7754929831 304801 28375  10409
83.417528741 7755234312 304481 28361  9721
83.429515444 7755539488 305176 28395  10689
83.441530896 7755844470 304982 28378  10107
83.453528071 7756149459 304989 28380  9610
83.465517474 7756454455 304996 28371  11042
83.477515552 7756759344 304889 28357  9702
83.489516483 7757064098 304754 28385  11168
83.501529137 7757369859 305761 28383  9983
83.513527378 7757679288 309429 28380  10722
83.525515611 7757993513 314225 28364  10849
83.537516096 7758299844 306331 28377  10532
83.549517547 7758605265 305421 28377  10419
83.561540708 7758910455 305190 28365  10186
83.573517569 7759215907 305452 28371  10194
83.585517066 7759521882 305975 28384  9078
83.597529014 7759827312 305430 28351  9583
83.609520074 7760132535 305223 28375  10438
83.621516488 7760437864 305329 28375  10584
83.633529023 7760743157 305293 28365  10495
83.645529930 7761049277 306120 28372  9189
83.657528511 7761355033 305756 28386  10622
83.669516202 7761664963 309930 28368  9072
83.681515600 7761980451 315488 28378  11132
83.693529308 7762285852 305401 28364  10078
83.705527865 7762591208 305356 28368  10160
83.717528452 7762896865 305657 28373  11108
83.729524506 7763202191 305326 28359  10555
83.741530204 7763507563 305372 28375  9995
83.753515798 7763812932 305369 28384  11014
83.765518193 7764118416 305484 28363  10155
83.777527130 7764423271 304855 28370  9928
83.789516708 7764729104 305833 28383  9686
83.801515935 7765035766 306662 28373  9605
83.813529820 7765351021 315255 28369  11369
83.825529030 7765659720 308699 28374  9574
83.837529488 7765965253 305533 28365  11011
83.849516525 7766270537 305284 28372  10717
83.861516896 7766576306 305769 28376  11690
83.873515867 7766881513 305207 28370  9060
83.885524681 7767186894 305381 28367  11791
83.897517672 7767492447 305553 28383  10521
83.909528560 7767797637 305190 28379  9447
83.921528601 7768103158 305521 28366  10143
83.933528801 7768416551 313393 28384  11655
83.945528699 7768728822 312271 28376  9392
83.957528053 7769034602 305780 28388  10097
83.969529564 7769339661 305059 28367  10319
83.981515094 7769645266 305605 28380  9387
83.993516669 7769950103 304837 28345  10148
84.005517180 7770255520 305417 28379  11508
84.017515621 7770561259 305739 28380  9500
84.029527985 7770866678 305419 28370  11405
84.041538416 7771173860 307182 28393  9638
84.053528947 7771492159 318299 28370  11074
84.065528125 7771797655 305496 28383  10699
84.077518236 7772103383 305728 28368  10152
84.089517119 7772409357 305974 28384  10927
84.101516873 7772714814 305457 28365  10648
84.113528841 7773020069 305255 28353  11816
84.125516705 7773325810 305741 28373  10505
84.137516490 7773631187 305377 28369  10042
84.149529707 7773939812 308625 28365  9683
84.161528178 7774257102 317290 28370  9671
84.173529423 7774563041 305939 28383  10773
84.185528744 7774868666 305625 28372  11507
84.197526440 7775174577 305911 28383  10441
84.209516841 7775480277 305700 28398  11336
84.221528696 7775786007 305730 28379  10711
84.233517423 7776091536 305529 28363  10448
84.245517098 7776397484 305948 28372  10502
84.257517458 7776715478 317994 28391  10676
84.269528766 7777023019 307541 28387  9621
84.281517716 7777328300 305281 28366  10557
84.293528468 7777633738 305438 28365  10737
84.305528365 7777939125 305387 28361  10350
84.317516016 7778244856 305731 28372  11769
84.329530157 7778550466 305610 28374  10530
84.341517511 7778857064 306598 28365  9659
84.353515351 7779176586 319522 28382  11285
84.365543020 7779482450 305864 28368  11216
84.377529724 7779788129 305679 28365  10774
84.389528125 7780094099 305970 28372  11467
84.401515959 7780399843 305744 28352  10331
84.413529290 7780705546 305703 28354  11480
84.425532391 7781010959 305413 28356  10197
84.437515505 7781323977 313018 28367  11306
84.449528823 7781636994 313017 28374  10930
84.461516443 7781942861 305867 28369  10810
84.473515477 7782249332 306471 28390  10989
84.485515941 7782555305 305973 28364  10580
84.497515752 7782861132 305827 28367  10610
84.509529103 7783167034 305902 28360  10583
84.521539421 7783476838 309804 28357  9857
84.533517402 7783793112 316274 28369  11438
84.545516246 7784099014 305902 28357  10639
84.557516981 7784405100 306086 28392  11511
84.569529981 7784710943 305843 28387  10859
84.581536068 7785016744 305801 28376  11594
84.593529063 7785322822 306078 28358  11013
84.605529970 7785634028 311206 28375  11650
84.617516005 7785949050 315022 28357  11079
84.629529172 7786255152 306102 28365  10682
84.641517970 7786560813 305661 28371  10886
84.653517351 7786867072 306259 28378  10170
84.665528929 7787173264 306192 28358  10608
84.677526086 7787479463 306199 28367  11466
84.689516413 7787796184 316721 28380  11940
84.701515964 7788105550 309366 28367  10620
84.713529075 7788411769 306219 28374  11694
84.725516779 7788718298 306529 28374  10758
84.737528327 7789024399 306101 28377  11474
84.749515597 7789330713 306314 28377  11261
84.761516941 7789638733 308020 28377  10221
84.773516499 7789956856 318123 28377  10526
84.785528058 7790262857 306001 28387  11948
84.797516614 7790569122 306265 28365  11238
84.809515672 7790875269 306147 28379  10994
84.821528226 7791181214 305945 28382  10941
84.833536664 7791487444 306230 28367  10992
84.845518068 7791807636 320192 28355  10799
84.857529305 7792113525 305889 28374  11797
84.869528829 7792419575 306050 28358  11204
84.881515640 7792725726 306151 28371  10612
84.893529545 7793031843 306117 28383  11168
84.905515659 7793337874 306031 28370  11749
84.917528287 7793657744 319870 28377  11289
84.929528078 7793963696 305952 28375  11146
84.941530102 7794269497 305801 28364  11579
84.953516670 7794575532 306035 28392  11494
84.965527967 7794881477 305945 28377  10927
84.977528671 7795187385 305908 28368  11090
84.989527858 7795507053 319668 28349  11344
85.001522973 7795813001 305948 28373  11236
85.013528894 7796119263 306262 28347  11036
85.025515675 7796425396 306133 28366  10590
85.037516399 7796731259 305863 28359  10880
85.049528853 7797037980 306721 28363  11261
85.061517738 7797357859 319879 28362  11554
85.073530222 7797664392 306533 28366  10855
85.085517163 7797971384 306992 28395  11440
85.097515573 7798278153 306769 28372  11360
85.109516134 7798584866 306713 28372  12140
85.121528445 7798897985 313119 28366  11461
85.133516293 7799212124 314139 28384  11974
85.145514789 7799518603 306479 28369  11922
85.157536355 7799825631 307028 28366  11172
85.169529672 7800132422 306791 28372  11023
85.181516812 7800439042 306620 28380  11683
85.193529864 7800759051 320009 28358  11127
85.205528404 7801065848 306797 28377  11945
85.217516952 7801372562 306714 28361  11361
85.229527820 7801679515 306953 28379  11455
85.241517627 7801986325 306810 28365  11396
85.253528878 7802301716 315391 28369  12409
85.265517135 7802613839 312123 28370  10705
85.277527853 7802920644 306805 28357  12449
85.289514677 7803227409 306765 28380  11868
85.301516638 7803534625 307216 28370  11731
85.313537003 7803843523 308898 28386  11940
85.325516663 7804161902 318379 28363  10332
85.337516398 7804468627 306725 28376  11569
85.349529865 7804775850 307223 28386  10629
85.361516700 7805082619 306769 28384  11818
85.373517121 7805390069 307450 28350  10662
85.385515764 7805710347 320278 28367  12231
85.397517622 7806017726 307379 28381  11477
85.409529879 7806324754 307028 28368  11924
85.421516787 7806631656 306902 28380  11284
85.433527431 7806938282 306626 28377  11922
85.445514949 7807259052 320770 28382  11862
85.457529343 7807565741 306689 28353  12924
85.469535768 7807872286 306545 28363  11317
85.481517579 7808178783 306497 28339  11483
85.493529765 7808485398 306615 28365  12198
85.505529483 7808805659 320261 28373  11980
85.517528977 7809112823 307164 28372  11321
85.529530035 7809419572 306749 28368  12392
85.541529429 7809726245 306673 28374  11927
85.553528820 7810033081 306836 28374  12319
85.565517327 7810353352 320271 28374  11402
85.577529146 7810660022 306670 28368  11997
85.589530340 7810966522 306500 28345  11937
85.601532351 7811272981 306459 28364  12038
85.613528622 7811581023 308042 28362  11831
85.625514979 7811900195 319172 28390  11607
85.637523956 7812206770 306575 28372  12144
85.649516857 7812513615 306845 28380  11911
85.661516622 7812820312 306697 28374  12110
85.673516976 7813133824 313512 28374  11921
85.685528517 7813447779 313955 28351  11881
85.697517654 7813754612 306833 28365  12872
85.709516481 7814061354 306742 28376  11662
85.721517036 7814368159 306805 28382  12696
85.733528374 7814688606 320447 28360  11499
85.745528338 7814995123 306517 28355  12551
85.757516109 7815301982 306859 28359  11534
85.769515216 7815609276 307294 28367  11994
85.781516621 7815916825 307549 28362  12500
85.793535502 7816236562 319737 28367  10911
85.805529726 7816544008 307446 28363  12093
85.817516856 7816850911 306903 28360  11476
85.829528830 7817158174 307263 28368  11656
85.841529688 7817476266 318092 28349  12452
85.853516796 7817786399 310133 28374  12233
85.865527770 7818093673 307274 28354  11765
85.877528431 7818401439 307766 28380  11943
85.889528475 7818709466 308027 28367  12973
85.901528923 7819030117 320651 28372  12261
85.913528651 7819337776 307659 28377  10958
85.925528735 7819645486 307710 28384  12287
85.937515685 7819952795 307309 28378  13020
85.949537016 7820273412 320617 28377  11633
85.961529157 7820581808 308396 28365  11630
85.973516255 7820889425 307617 28376  11616
85.985517139 7821196819 307394 28374  12073
85.997516083 7821506240 309421 28370  12492
86.009529101 7821824877 318637 28362  11244
86.021528805 7822132871 307994 28378  12297
86.033516819 7822440441 307570 28361  11181
86.045515287 7822747961 307520 28364  11657
86.057525045 7823068513 320552 28373  12640
86.069527882 7823375354 306841 28353  12286
86.081516693 7823682476 307122 28361  12866
86.093516160 7823989768 307292 28357  11509
86.105529731 7824310526 320758 28375  12520
86.117524679 7824618156 307630 28386  11968
86.129518059 7824925321 307165 28386  12387
86.141529248 7825232504 307183 28376  12251
86.153517081 7825547439 314935 28385  12520
86.165515999 7825861217 313778 28390  12121
86.177517323 7826168891 307674 28384  12325
86.189527517 7826476523 307632 28385  12569
86.201529918 7826786174 309651 28375  11922
86.213527849 7827104720 318546 28357  11718
86.225528097 7827412108 307388 28376  12591
86.237517375 7827720143 308035 28386  11465
86.249528869 7828028351 308208 28373  11751
86.261515606 7828348779 320428 28374  13254
86.273528664 7828656326 307547 28376  12710
86.285530091 7828963918 307592 28376  11130
86.297527965 7829271298 307380 28378  12139
86.309516816 7829592062 320764 28367  12371
86.321528104 7829899718 307656 28390  12551
86.333529082 7830206986 307268 28364  11337
86.345528239 7830514559 307573 28375  12440
86.357516030 7830835448 320889 28389  12300
86.369528198 7831143031 307583 28373  12834
86.381530618 7831450671 307640 28360  11514
86.393516112 7831758472 307801 28376  12434
86.405528960 7832079333 320861 28373  11997
86.417515528 7832386839 307506 28375  12145
86.429536476 7832694552 307713 28377  10963
86.441518326 7833002268 307716 28366  12468
86.453529714 7833323177 320909 28378  12297
86.465529805 7833630971 307794 28370  12753
86.477528999 7833938409 307438 28368  11822
86.489517784 7834246700 308291 28378  12738
86.501516614 7834566662 319962 28363  12299
86.513517515 7834874317 307655 28369  12618
86.525529439 7835182381 308064 28364  12438
86.537527300 7835493379 310998 28381  12247
86.549516004 7835811645 318266 28380  11845
86.561516352 7836119106 307461 28354  12048
86.573516012 7836426680 307574 28373  12231
86.585535601 7836743458 316778 28369  11948
86.597517924 7837055842 312384 28356  12816
86.609528459 7837364152 308310 28360  11663
86.621527754 7837672745 308593 28371  12432
86.633515527 7837993700 320955 28357  11467
86.645516471 7838301996 308296 28371  12317
86.657528112 7838610096 308100 28359  12340
86.669529540 7838919006 308910 28400  12663
86.681529094 7839240364 321358 28362  10968
86.693516569 7839548650 308286 28377  12377
86.705517340 7839857082 308432 28384  11293
86.717527773 7840166180 309098 28369  12950
86.729515431 7840486920 320740 28358  11832
86.741538783 7840795294 308374 28367  11991
86.753516636 7841103672 308378 28360  11954
86.765528557 7841421113 317441 28376  12820
86.777517341 7841733400 312287 28375  12720
86.789517369 7842041575 308175 28362  11800
86.801529160 7842349869 308294 28380  11899
86.813528218 7842671345 321476 28387  12857
86.825516049 7842980029 308684 28382  12356
86.837516073 7843288403 308374 28363  12008
86.849517284 7843597299 308896 28371  12012
86.861529324 7843917979 320680 28374  12227
86.873528655 7844226245 308266 28379  13189
86.885516096 7844534791 308546 28372  11709
86.897528260 7844856117 321326 28366  12761
86.909523615 7845164887 308770 28376  12085
86.921528476 7845473430 308543 28378  11741
86.933516063 7845782063 308633 28381  12018
86.945530144 7846103438 321375 28378  12667
86.957529275 7846412391 308953 28371  12446
86.969516633 7846721107 308716 28372  12443
86.981516917 7847037350 316243 28379  11433
86.993529528 7847351242 313892 28363  12495
87.005528905 7847660061 308819 28385  12832
87.017528109 7847968921 308860 28388  11300
87.029517387 7848290555 321634 28383  12779
87.041517351 7848599241 308686 28377  12103
87.053528626 7848907931 308690 28373  12718
87.065525470 7849222847 314916 28375  12211
87.077516740 7849538030 315183 28404  12217
87.089515148 7849846481 308451 28384  12536
87.101530053 7850155752 309271 28388  11703
87.113515863 7850477318 321566 28373  12586
87.125517101 7850785983 308665 28364  12133
87.137528916 7851094605 308622 28370  12462
87.149528859 7851412527 317922 28371  12176
87.161528470 7851724283 311756 28357  12495
87.173515785 7852033268 308985 28388  12038
87.185517026 7852341888 308620 28382  12090
87.197529020 7852663075 321187 28369  12687
87.209516787 7852971395 308320 28345  13177
87.221525545 7853280005 308610 28370  12666
87.233516485 7853601085 321080 28373  11639
87.245515636 7853909733 308648 28375  12076
87.257518084 7854218416 308683 28365  13027
87.269516178 7854529553 311137 28363  12882
87.281529723 7854849081 319528 28375  11771
87.293516327 7855158354 309273 28384  12145
87.305516108 7855467957 309603 28376  11776
87.317528719 7855790038 322081 28370  12941
87.329516447 7856099847 309809 28367  12723
87.341517338 7856409631 309784 28369  12671
87.353527894 7856731584 321953 28374  12712
87.365515649 7857041227 309643 28363  13117
87.377537150 7857350788 309561 28365  12644
87.389530207 7857662556 311768 28391  12369
87.401516652 7857982440 319884 28357  12488
87.413517543 7858291923 309483 28370  12760
87.425529680 7858601880 309957 28394  12664
87.437517235 7858923917 322037 28382  12849
87.449527642 7859233707 309790 28374  13367
87.461529217 7859543478 309771 28358  12097
87.473539394 7859865113 321635 28366  12433
87.485527932 7860174968 309855 28359  12833
87.497515962 7860484771 309803 28359  12651
87.509514990 7860804448 319677 28371  12999
87.521529807 7861116519 312071 28368  13002
87.533527798 7861426740 310221 28365  12172
87.545536213 7861737927 311187 28371  12592
87.557517064 7862058921 320994 28361  13266
87.569516621 7862369114 310193 28382  13086
87.581529969 7862679348 310234 28372  12527
87.593515666 7863000938 321590 28366  12928
87.605530434 7863310837 309899 28362  12074
87.617527799 7863620740 309903 28362  12727
87.629515612 7863942595 321855 28374  13007
87.641529921 7864252820 310225 28411  12666
87.653515691 7864562630 309810 28353  12353
87.665528622 7864884519 321889 28371  13051
87.677550486 7865194934 310415 28378  13292
87.689517240 7865505316 310382 28396  12344
87.701524395 7865827096 321780 28362  12857
87.713517822 7866136798 309702 28348  13022
87.725516206 7866446697 309899 28385  12514
87.737517103 7866762727 316030 28371  12584
87.749529422 7867078367 315640 28385  12677
87.761529873 7867388123 309756 28373  12594
87.773528920 7867699759 311636 28400  13244
87.785516491 7868020071 320312 28368  12971
87.797528696 7868329805 309734 28381  12171
87.809529086 7868639560 309755 28381  11222
87.821528417 7868961553 321993 28393  12027
87.833517368 7869271817 310264 28376  11874
87.845516972 7869582228 310411 28396  12186
87.857536033 7869904660 322432 28384  11890
87.869529731 7870214913 310253 28375  11410
87.881527542 7870524358 309445 28387  11010
87.893515815 7870846594 322236 28373  11660
87.905527603 7871156240 309646 28372  11765
87.917516587 7871466382 310142 28385  11843
87.929516748 7871788565 322183 28377  11843
87.941530449 7872098715 310150 28385  12054
87.953529310 7872408399 309684 28374  11267
87.965516991 7872730693 322294 28373  12017
87.977515202 7873040818 310125 28371  13116
87.989516100 7873351114 310296 28383  12179
88.001527938 7873673524 322410 28390  12137
88.013528859 7873984208 310684 28373  12231
88.025523480 7874294271 310063 28375  12137
88.037516967 7874616948 322677 28391  12768
88.049517201 7874928208 311260 28393  12438
88.061529878 7875239307 311099 28383  11783
88.073516356 7875561716 322409 28365  12308
88.085517500 7875872796 311080 28400  11381
88.097527588 7876182754 309958 28371  11871
88.109517616 7876505224 322470 28369  12714
88.121516780 7876816231 311007 28367  12444
88.133529064 7877127441 311210 28390  11797
88.145529725 7877449813 322372 28370  13509
88.157528713 7877760518 310705 28357  12666
88.169517367 7878070918 310400 28379  12387
88.181523325 7878393483 322565 28382  12645
88.193529006 7878704895 311412 28388  12754
88.205529419 7879015959 311064 28369  11906
88.217529930 7879338308 322349 28381  11993
88.229516975 7879649595 311287 28379  11877
88.241529832 7879960214 310619 28381  12014
88.253517380 7880283140 322926 28388  11938
88.265517078 7880594498 311358 28378  11721
88.277528195 7880906179 311681 28386  10840
88.289528473 7881228605 322426 28388  12998
88.301516426 7881539653 311048 28375  11862
88.313516307 7881854281 314628 28384  12648
88.325516352 7882172906 318625 28379  12770
88.337536847 7882484385 311479 28371  11771
88.349528388 7882805626 321241 28397  12949
88.361516001 7883118744 313118 28387  12446
88.373517329 7883430354 311610 28402  11809
88.385515940 7883752494 322140 28377  10756
88.397529654 7884064182 311688 28380  12530
88.409527775 7884376202 312020 28395  11307
88.421529946 7884699032 322830 28377  12528
88.433528541 7885010537 311505 28375  13439
88.445528787 7885322422 311885 28380  11814
88.457515218 7885644726 322304 28369  12368
88.469529246 7885956573 311847 28378  12725
88.481528414 7886268535 311962 28374  12742
88.493536009 7886591495 322960 28379  12187
88.505517816 7886903317 311822 28384  12106
88.517515770 7887215741 312424 28380  12653
88.529529548 7887537478 321737 28377  13438
88.541529162 7887849002 311524 28383  16299
88.553530816 7888169680 320678 28373  20840
88.565515191 7888483396 313716 28373  21124
88.577516608 7888795086 311690 28380  13961
88.589529136 7889118239 323153 28405  11488
88.601515237 7889429713 311474 28378  12485
88.613528990 7889742416 312703 28383  12982
88.625528571 7890066125 323709 28395  12858
88.637530002 7890379004 312879 28384  13110
88.649527433 7890691684 312680 28385  11478
88.661524258 7891015096 323412 28374  12354
88.673529995 7891326970 311874 28374  13282
88.685515853 7891643784 316814 28376  13073
88.697517777 7891963685 319901 28388  12839
88.709529235 7892276838 313153 28380  12729
88.721529696 7892600284 323446 28370  12797
88.733528140 7892913481 313197 28388  13240
88.745529101 7893225987 312506 28368  12847
88.757516908 7893549649 323662 28384  12399
88.769517276 7893863230 313581 28402  12447
88.781528704 7894176622 313392 28392  12646
88.793515288 7894500507 323885 28388  12555
88.805527982 7894813899 313392 28391  11998
88.817536403 7895134383 320484 28383  13436
88.829516441 7895450100 315717 28385  13718
88.841517162 7895763526 313426 28393  11979
88.853530103 7896087090 323564 28369  11454
88.865530644 7896400656 313566 28380  12661
88.877516580 7896714423 313767 28387  13597
88.889516241 7897037472 323049 28376  11821
88.901517102 7897351290 313818 28385  10854
88.913528778 7897668866 317576 28374  12887
88.925515618 7897989022 320156 28379  12128
88.937515592 7898303130 314108 28408  11860
88.949528397 7898627049 323919 28382  11904
88.961528688 7898940777 313728 28385  12425
88.973525418 7899254893 314116 28386  12689
88.985516489 7899579111 324218 28385  12866
88.997528064 7899893403 314292 28377  12838
89.009530135 7900211500 318097 28392  12307
89.021515806 7900531915 320415 28372  12891
89.033517643 7900845455 313540 28387  11466
89.045529681 7901169724 324269 28383  12356
89.057527595 7901483932 314208 28375  12749
89.069514729 7901798260 314328 28375  12942
89.081516143 7902122621 324361 28378  12516
89.093517424 7902436863 314242 28388  11045
89.105528862 7902760426 323563 28379  12001
89.117515369 7903074847 314421 28379  12069
89.129524570 7903389306 314459 28387  12477
89.141530511 7903713784 324478 28392  12573
89.153528506 7904028210 314426 28369  13075
89.165517357 7904343103 314893 28388  12981
89.177516288 7904666934 323831 28412  12165
89.189528585 7904981781 314847 28391  12297
89.201529083 7905306174 324393 28374  13093
89.213529547 7905621132 314958 28393  12619
89.225529195 7905936006 314874 28387  12885
89.237515779 7906260759 324753 28385  12320
89.249527916 7906575022 314263 28371  12020
89.261516780 7906899413 324391 28369  13205
89.273516511 7907214638 315225 28367  12779
89.285529172 7907529914 315276 28374  11657
89.297523320 7907854734 324820 28393  12299
89.309528601 7908170229 315495 28384  12012
89.321528609 7908488825 318596 28383  12586
89.333529743 7908809623 320798 28376  13363
89.345516853 7909124791 315168 28384  11558
89.357516841 7909449566 324775 28398  12885
89.369529069 7909764580 315014 28370  11844
89.381528440 7915628654 5864074 519080  228216
89.396547221 7915937199 308545 27789  12214
89.408517321 7916252954 315755 28392  12373
89.420516385 7916578394 325440 28385  12380
89.432516163 7916894630 316236 28372  13050
89.444517581 7917219960 325330 28376  12506
89.456524772 7917536853 316893 28398  13182
89.468529173 7917852969 316116 28382  12308
89.480528787 7918178178 325209 28371  12615
89.492517328 7918494686 316508 28379  12660
89.504528219 7918820298 325612 28382  13256
89.516516829 7919137239 316941 28385  13161
89.528527737 7919454890 317651 28397  12886
89.540517308 7919778931 324041 28375  12383
89.552529192 7920095455 316524 28370  11402
89.564529040 7920420689 325234 28376  12383
89.576528951 7920737553 316864 28373  12829
89.588516592 7921061844 324291 28395  12963
89.600528613 7921380582 318738 28398  13387
89.612534774 7921697008 316426 28383  12602
89.624529728 7922022544 325536 28381  13845
89.636515425 7922339602 317058 28388  13048
89.648518293 7922665339 325737 28400  12928
89.660528051 7922982556 317217 28381  12985
89.672516901 7923299968 317412 28383  13082
89.684527696 7923624937 324969 28391  13536
89.696516917 7923942219 317282 28371  13750
89.708529045 7924267953 325734 28391  12295
89.720527985 7924585267 317314 28375  12748
89.732515879 7924905623 320356 28399  12348
89.744517740 7925228797 323174 28389  13731
89.756516425 7925545924 317127 28381  13833
89.768537536 7925871698 325774 28372  13236
89.780516930 7926189831 318133 28402  12610
89.792515434 7926515893 326062 28384  12522
89.804529105 7926833983 318090 28378  12420
89.816527396 7927152179 318196 28369  12928
89.828515610 7927477216 325037 28374  13830
89.840528602 7927794868 317652 28384  13093
89.852516788 7928120696 325828 28380  13921
89.864528200 7928438500 317804 28380  12880
89.876516270 7928764341 325841 28378  13631
89.888515961 7929082125 317784 28379  13077
89.900529030 7929399159 317034 28374  13481
89.912516550 7929725233 326074 28379  12352
89.924528248 7930043577 318344 28396  11716
89.936536859 7930369986 326409 28382  12588
89.948528316 7930688511 318525 28382  13643
89.960515244 7931012077 323566 28364  12481
89.972516382 7931332252 320175 28369  13162
89.984528936 7931651082 318830 28387  13416
89.996528750 7931977168 326086 28384  13422
90.008528765 7932295684 318516 28395  13560
90.020529586 7932621885 326201 28382  12830
90.032527790 7932940829 318944 28390  12960
90.044517243 7933263853 323024 28376  13362
90.056528174 7933585189 321336 28374  13645
90.068517022 7933904086 318897 28393  14155
90.080516293 7934230657 326571 28384  13288
90.092536195 7934549517 318860 28391  12467
90.104517162 7934875763 326246 28402  12181
90.116528773 7935193635 317872 28377  14270
90.128528554 7935519798 326163 28395  13595
90.140527445 7935838475 318677 28374  13652
90.152528826 7936157232 318757 28386  13124
90.164515457 7936483578 326346 28392  13906
90.176516224 7936802144 318566 28385  13285
90.188514039 7937127769 325625 28383  13556
90.200516930 7937447037 319268 28379  12989
90.212529277 7937773684 326647 28374  13793
90.224527978 7938093141 319457 28380  13130
90.236528593 7938412637 319496 28384  13582
90.248523506 7938739475 326838 28377  13722
90.260516360 7939058219 318744 28382  13311
90.272528115 7939385076 326857 28368  13628
90.284516449 7939705050 319974 28379  13493
90.296516610 7940031769 326719 28368  14012
90.308514634 7940351491 319722 28392  12738
90.320527705 7940677210 325719 28379  13771
90.332516663 7940996994 319784 28358  13520
90.344528934 7941316641 319647 28392  13155
90.356528175 7941643349 326708 28388  13539
90.368528373 7941962679 319330 28366  13071
90.380517426 7947916344 5953665 521145  241491
90.396542508 7948228860 312516 27777  12857
90.408522446 7948549668 320808 28379  12879
90.420527187 7948875410 325742 28382  13375
90.432515514 7949195768 320358 28379  13442
90.444517109 7949522963 327195 28384  13385
90.456527533 7949843215 320252 28384  13357
90.468529000 7950170718 327503 28398  14014
90.480529207 7950491097 320379 28382  12435
90.492528988 7950818659 327562 28386  13886
90.504515256 7951139285 320626 28355  13769
90.516528760 7951466750 327465 28380  14005
90.528515488 7951787811 321061 28384  13755
90.540528186 7952109142 321331 28384  12641
90.552515990 7952435774 326632 28386  13168
90.564515538 7952756810 321036 28391  12536
90.576536642 7953084134 327324 28388  13329
90.588515673 7953405030 320896 28395  13006
90.600509710 7953732389 327359 28388  13601
90.612516628 7954053102 320713 28387  12332
90.624529206 7954379652 326550 28384  13132
90.636518140 7954700353 320701 28372  13483
90.648516285 7955027793 327440 28377  13607
90.660518262 7955348999 321206 28383  13139
90.672528617 7955675684 326685 28392  13338
90.684527751 7955997420 321736 28368  13588
90.696529314 7956317688 320268 28372  13922
90.708527435 7956645004 327316 28366  14470
90.720528966 7956966007 321003 28376  13180
90.732536264 7957293639 327632 28381  13944
90.744515592 7957615100 321461 28395  13898
90.756530079 7957942683 327583 28378  13996
90.768516867 7958263433 320750 28382  13226
90.780516531 7958591033 327600 28375  13414
90.792516959 7958912346 321313 28384  12777
90.804516527 7959240061 327715 28374  14051
90.816528841 7959561193 321132 28367  14014
90.828528265 7959889043 327850 28379  13668
90.840516842 7960209541 320498 28368  13221
90.852516580 7960532745 323204 28373  12929
90.864527442 7960858768 326023 28368  13704
90.876516255 7961180180 321412 28382  13902
90.888523730 7961507722 327542 28373  12435
90.900517294 7961829154 321432 28382  13428
90.912528642 7962156010 326856 28369  13270
90.924517143 7962477456 321446 28386  14084
90.936528161 7962804998 327542 28356  13376
90.948529401 7963126350 321352 28366  13163
90.960528529 7963454090 327740 28376  13686
90.972516340 7963775832 321742 28375  13994
90.984515841 7964103057 327225 28377  13150
90.996515838 7964424581 321524 28384  12868
91.008527913 7964752411 327830 28379  13344
91.020516234 7965074037 321626 28381  13410
91.032517281 7965401850 327813 28378  13866
91.044535562 7965723426 321576 28384  13248
91.056528710 7966049886 326460 28388  13906
91.068528514 7966372307 322421 28377  13443
91.080516834 7966693849 321542 28381  13033
91.092528099 7967021805 327956 28376  14398
91.104517140 7967343681 321876 28390  12593
91.116516017 7967671697 328016 28371  13489
91.128517662 7967992839 321142 28388  13657
91.140528380 7968320658 327819 28362  13063
91.152529661 7968642229 321571 28378  12739
91.164529075 7968969985 327756 28368  12779
91.176515922 7969291826 321841 28371  13022
91.188516000 7969619295 327469 28367  13522
91.200528118 7969940403 321108 28374  13017
91.212523349 7970268328 327925 28394  13169
91.224516330 7970590280 321952 28369  13576
91.236528277 7970918193 327913 28376  13086
91.248529322 7971240366 322173 28383  12701
91.260528193 7971568313 327947 28386  12125
91.272517334 7971889922 321609 28380  12756
91.284528475 7972218190 328268 28390  12469
91.296528749 7972540877 322687 28399  13361
91.308515680 7972868655 327778 28363  13548
91.320515797 7973190849 322194 28372  14428
91.332515671 7973519144 328295 28386  13501
91.344527669 7973840846 321702 28380  13914
91.356529003 7974168784 327938 28364  14255
91.368524044 7974490886 322102 28382  13462
91.380516585 7980198627 5707741 496777  237495
91.396546540 7980520261 321634 27823  13773
91.408529668 7980842500 322239 28380  14481
91.420532212 7981169911 327411 28388  12991
91.432518053 7981492354 322443 28376  13634
91.444525274 7981820668 328314 28382  13761
91.456529438 7982143359 322691 28387  13407
91.468527872 7982471773 328414 28380  13947
91.480515406 7982793968 322195 28372  14346
91.492528904 7983121580 327612 28376  14221
91.504527692 7983443764 322184 28383  13901
91.516515349 7983771713 327949 28379  13404
91.528522977 7984094079 322366 28388  13611
91.540530175 7984422186 328107 28376  14087
91.552529989 7984744485 322299 28379  14076
91.564517370 7985071974 327489 28386  14047
91.576515631 7985394030 322056 28384  13587
91.588528792 7985722311 328281 28376  13581
91.600528259 7986044778 322467 28391  14003
91.612528767 7986372764 327986 28368  13815
91.624528188 7986695273 322509 28374  13505
91.636527722 7987022682 327409 28372  14014
91.648517463 7987345186 322504 28388  14131
91.660517970 7987673581 328395 28379  13129
91.672515988 7987996114 322533 28368  14726
91.684529256 7988324335 328221 28365  13886
91.696538548 7988646844 322509 28380  13102
91.708517408 7988974247 327403 28368  14654
91.720514569 7989296423 322176 28379  14190
91.732517480 7989624448 328025 28380  14132
91.744528817 7989946692 322244 28383  13911
91.756517762 7990274890 328198 28380  13997
91.768515209 7990597196 322306 28384  14066
91.780516490 7990924931 327735 28384  13799
91.792529621 7991247338 322407 28380  13820
91.804515269 7991575471 328133 28373  13895
91.816529277 7991897980 322509 28385  13462
91.828527368 7992226278 328298 28377  14109
91.840528365 7992549416 323138 28366  13794
91.852524040 7992876077 326661 28376  14400
91.864516907 7993202459 326382 28373  13764
91.876528322 7993526773 324314 28399  14256
91.888528393 7993855023 328250 28369  13200
91.900527499 7994177743 322720 28389  15048
91.912515964 7994505826 328083 28383  13532
91.924528391 7994827764 321938 28384  14921
91.936529466 7995155850 328086 28362  14512
91.948528383 7995478408 322558 28389  14254
91.960517404 7995806787 328379 28395  13850
91.972528672 7996129255 322468 28372  14281
91.984515546 7996457723 328468 28399  13831
91.996528287 7996779477 321754 28375  13928
92.008526562 7997107696 328219 28377  13985
92.020529239 7997429992 322296 28365  14486
92.032528210 7997758124 328132 28385  13484
92.044517588 7998080612 322488 28366  14408
92.056515809 7998408598 327986 28388  14019
92.068516893 7998730697 322099 28387  14358
92.080527268 7999059061 328364 28381  14349
92.092516775 7999381801 322740 28384  13418
92.104515373 7999710080 328279 28388  14218
92.116514753 8000032808 322728 28386  14788
92.128527495 8000361166 328358 28384  13945
92.140516469 8000683002 321836 28373  13575
92.152529640 8001011353 328351 28399  14132
92.164535005 8001333890 322537 28396  14401
92.176529416 8001661842 327952 28372  14388
92.188526473 8001983808 321966 28367  13913
92.200516030 8002312007 328199 28373  14375
92.212529434 8002634003 321996 28382  14624
92.224529142 8002962241 328238 28370  14437
92.236529170 8003288827 326586 28382  14087
92.248517117 8003612868 324041 28361  14887
92.260528512 8003940945 328077 28386  14162
92.272528323 8004263361 322416 28387  14480
92.284528647 8004591060 327699 28372  13998
92.296518255 8004913848 322788 28401  14491
92.308528412 8005242272 328424 28374  14515
92.320515827 8005565250 322978 28388  13932
92.332522998 8005893781 328531 28377  13694
92.344517785 8006216637 322856 28381  14752
92.356528306 8006544271 327634 28389  14359
92.368529007 8006866833 322562 28373  14238
92.380528822 8007194888 328055 28390  14716
92.391561969 8011191107 3996219 347038  175999
92.403530459 8011513989 322882 28374  15204
92.415516573 8011842064 328075 28374  14585
92.427520494 8012164109 322045 28379  14929
92.439516965 8012492600 328491 28378  15315
92.451517696 8012815319 322719 28399  14321
92.463527687 8013143648 328329 28387  15370
92.475516735 8013466398 322750 28385  13592
92.487525119 8013794968 328570 28383  14086
92.499516837 8014118754 323786 28381  14946
92.511529691 8014444782 326028 28381  13760
92.523516815 8014773113 328331 28396  15196
92.535515632 8015095597 322484 28365  14592
92.547517557 8015423881 328284 28374  14679
92.559527401 8015746439 322558 28379  14325
92.571518269 8016073889 327450 28369  15439
92.583528530 8016396236 322347 28376  14417
92.595528417 8016724306 328070 28378  15179
92.607528715 8017046714 322408 28383  13825
92.619528713 8017375063 328349 28366  14428
92.631517127 8017697799 322736 28376  15303
92.643537589 8018025496 327697 28378  14501
92.655529902 8018349389 323893 28368  14854
92.667517527 8018676505 327116 28374  14334
92.679518964 8019004795 328290 28375  14997
92.691528222 8019327557 322762 28375  14725
92.703529203 8019655977 328420 28383  14110
92.715529271 8019977790 321813 28381  15025
92.727516435 8020306052 328262 28372  14568
92.739528533 8020629016 322964 28378  14924
92.751516900 8020957294 328278 28381  14845
92.763529468 8021279890 322596 28383  15074
92.775514239 8021608327 328437 28390  14807
92.787516713 8021930502 322175 28382  15335
92.799524034 8022259079 328577 28381  14839
92.811529339 8022587357 328278 28375  14830
92.823529053 8022910025 322668 28376  15452
92.835517224 8023238441 328416 28373  14214
92.847517245 8023561384 322943 28394  15035
92.859521163 8023889019 327635 28376  14750
92.871516450 8024211739 322720 28384  14809
92.883516391 8024540099 328360 28380  14261
92.895528289 8024863075 322976 28388  15806
92.907516393 8025191114 328039 28372  13647
92.919529218 8025513642 322528 28379  14685
92.931528228 8025841217 327575 28377  14344
92.943529022 8026169438 328221 28382  14990
92.955529056 8026491938 322500 28386  14250
92.967525647 8026820138 328200 28381  14798
92.979529125 8027142836 322698 28368  14123
92.991528689 8027471200 328364 28382  15575
93.003530857 8027793302 322102 28381  15128
93.015515898 8028121415 328113 28365  14585
93.027530042 8028443876 322461 28382  14535
93.039528490 8028772501 328625 28401  15533
93.051518364 8029099868 327367 28388  14612
93.063528862 8029423777 323909 28385  14082
93.075528376 8029751426 327649 28381  14637
93.087516321 8030074336 322910 28371  14780
93.099516158 8030402622 328286 28391  14916
93.111516663 8030725444 322822 28397  14251
93.123528990 8031053917 328473 28384  14596
93.135517627 8031376575 322658 28374  14100
93.147516428 8031704629 328054 28381  14735
93.159516372 8032030073 325444 28382  14984
93.171516733 8032355742 325669 28378  15667
93.183517551 8032684004 328262 28378  14765
93.195516305 8033006769 322765 28381  15327
93.207529851 8033335139 328370 28389  15002
93.219527408 8033657117 321978 28371  15149
93.231517445 8033985408 328291 28383  14962
93.243516486 8034308372 322964 28395  15320
93.255517214 8034636830 328458 28375  15322
93.267517538 8034964576 327746 28387  14621
93.279536833 8035288015 323439 28369  15711
93.291529554 8035615673 327658 28384  13915
93.303528675 8035938926 323253 28406  14510
93.315517479 8036267240 328314 28377  15342
93.327527230 8036590154 322914 28383  14771
93.339516997 8036918497 328343 28365  15635
93.351530098 8037241208 322711 28382  14717
93.363529529 8037568835 327627 28372  14622
93.375529494 8037896925 328090 28372  14409
93.387516141 8041915856 4018931 348820  182192
93.399515206 8042238708 322852 28392  15250
93.411513400 8042567046 328338 28382  14877
93.423515024 8042890755 323709 28396  15249
93.435537992 8043217924 327169 28368  14889
93.447517940 8043546336 328412 28376  14661
93.459528041 8043869484 323148 28375  15470
93.471516658 8044197840 328356 28380  14680
93.483528169 8044520968 323128 28399  14465
93.495529340 8044849197 328229 28368  14778
93.507517151 8045171328 322131 28371  15490
93.519530409 8045499719 328391 28383  15003
93.531516800 8045828115 328396 28381  14854
93.543515710 8046151068 322953 28373  14163
93.555529191 8046479448 328380 28376  14923
93.567527992 8046802725 323277 28370  14830
93.579516573 8047130301 327576 28372  14824
93.591529131 8047453392 323091 28384  15140
93.603524922 8047782051 328659 28394  13125
93.615529699 8048110579 328528 28374  15659
93.627528517 8048433567 322988 28384  14575
93.639530295 8048762111 328544 28395  14757
93.651517002 8049084559 322448 28373  13984
93.663529900 8049412917 328358 28369  14920
93.675529071 8049737386 324469 28388  15389
93.687516775 8050065058 327672 28377  15061
93.699529796 8050393358 328300 28376  14328
93.711528397 8050716641 323283 28386  14687
93.723516915 8051044305 327664 28379  15286
93.735515593 8051367288 322983 28381  14045
93.747529957 8051695851 328563 28377  14940
93.759523481 8052024502 328651 28378  14546
93.771529842 8052347685 323183 28374  14754
93.783517933 8052676483 328798 28384  15914
93.795517181 8052999309 322826 28388  14155
93.807516989 8053328142 328833 28391  15282
93.819529926 8053651313 323171 28386  14160
93.831516064 8053979813 328500 28376  14577
93.843516822 8054308414 328601 28388  14398
93.855528729 8054631709 323295 28382  15873
93.867517524 8054959565 327856 28380  15070
93.879515771 8055283047 323482 28396  14434
93.891528759 8055611570 328523 28388  15002
93.903529007 8055934822 323252 28389  15438
93.915524834 8056263195 328373 28369  14575
93.927529855 8056591849 328654 28377  15144
93.939517536 8056914480 322631 28370  15542
93.951529367 8057243238 328758 28407  15417
93.963513301 8057566583 323345 28384  13830
93.975531093 8057894799 328216 28376  14350
93.987516103 8058223571 328772 28368  14925
93.999529675 8058547312 323741 28395  14699
94.011531482 8058875420 328108 28384  14990
94.023516989 8059198898 323478 28386  14903
94.035528494 8059527628 328730 28371  14617
94.047529102 8059851256 323628 28381  14821
94.059516526 8060179879 328623 28366  15049
94.071524277 8060508508 328629 28371  15434
94.083530205 8060831366 322858 28365  15369
94.095517319 8061160234 328868 28389  15402
94.107516643 8061483701 323467 28379  15326
94.119517234 8061812376 328675 28380  14069
94.131516005 8062141207 328831 28377  14108
94.143516609 8062465160 323953 28380  15153
94.155518683 8062793411 328251 28389  15025
94.167515854 8063116821 323410 28364  14138
94.179515705 8063445376 328555 28368  14821
94.191516456 8063773909 328533 28367  15673
94.203515054 8064097578 323669 28365  15131
94.215515788 8064426249 328671 28375  14704
94.227529789 8064749493 323244 28386  14621
94.239524340 8065078277 328784 28373  15973
94.251519058 8065403104 324827 28375  15376
94.263529092 8065730864 327760 28375  14977
94.275529803 8066059827 328963 28390  14955
94.287527878 8066384002 324175 28372  14861
94.299529189 8066712303 328301 28377  15644
94.311528990 8067036745 324442 28386  15116
94.323530307 8067365848 329103 28386  15347
94.335529148 8067694911 329063 28377  14630
94.347528343 8068019051 324140 28362  14889
94.359516230 8068348253 329202 28381  15128
94.371527171 8068672093 323840 28364  15450
94.383516512 8073447133 4775040 411822  215746
94.396555318 8073770031 322898 27792  13967
94.408517991 8074096216 326185 28381  15534
94.420528477 8074426450 330234 28388  14959
94.432529404 8074753154 326704 28383  14611
94.444516664 8075082678 329524 28376  15060
94.456516429 8075413045 330367 28392  15759
94.468515983 8075739749 326704 28369  15066
94.480530461 8076070250 330501 28386  14822
94.492528132 8076397189 326939 28380  14061
94.504517336 8076727907 330718 28375  14223
94.516528450 8077057939 330032 28375  14275
94.528527945 8077387025 329086 28377  13908
94.540528002 8077718726 331701 28370  14222
94.552524210 8078048811 330085 28380  13755
94.564528754 8078380728 331917 28376  13781
94.576516799 8078713481 332753 28374  14099
94.588517926 8079045033 331552 28377  14359
94.600516017 8079378063 333030 28380  14724
94.612516598 8079711262 333199 28379  14131
94.624528269 8080044976 333714 28381  14179
94.636529474 8080378698 333722 28374  13796
94.648516031 8080712183 333485 28377  15120
94.660529002 8081045357 333174 28381  15041
94.672529753 8081378683 333326 28391  15132
94.684515711 8081712222 333539 28370  14847
94.696517035 8082045870 333648 28378  15597
94.708524813 8082379190 333320 28369  14972
94.720529804 8082713147 333957 28383  14990
94.732515622 8083046115 332968 28379  14290
94.744530453 8083379469 333354 28374  14375
94.756529000 8083712980 333511 28379  13794
94.768529028 8084046712 333732 28379  14430
94.780528986 8084380138 333426 28374  15405
94.792515763 8087444498 3064360 28361  16653
94.804529484 8089950745 2506247 28368  14225
94.816527892 8091151133 1200388 28377  10680
94.828527633 8093768665 2617532 28365  13663
94.840516121 8095842736 2074071 28360  13230
94.852529488 8096453721 610985 28396  15117
94.864526903 8098934089 2480368 28374  18813
94.876535764 8101450113 2516024 28367  12761
94.888516661 8103005450 1555337 28362  10979
94.900527409 8105572949 2567499 28374  16078
94.912529463 8107071029 1498080 28361  13193
94.924531564 8107632873 561844 28371  16798
94.936516584 8108258574 625701 28385  27188
94.948514915 8109113212 854638 28370  23445
94.960528353 8111677433 2564221 28365  15028
94.972527804 8113769996 2092563 28362  11267
94.984515598 8116260515 2490519 28374  16742
94.996516479 8118765166 2504651 28359  14450
95.008515530 8119367606 602440 28372  10070
95.020516778 8120896668 1529062 28356  20195
95.032523962 8123393137 2496469 28359  14418
95.044515423 8124946537 1553400 28375  10126
95.056527074 8127448205 2501668 28371  13759
95.068517155 8129966063 2517858 28359  15239
95.080516306 8130568872 602809 28396  15655
95.092517334 8131148082 579210 28380  24081
95.104528688 8131779629 631547 28368  26734
95.116528913 8132302361 522732 28371  24070
95.128558688 8132934890 632529 28395  28244
95.140526925 8133567149 632259 28374  28233
95.152527816 8134091206 524057 28377  27389
95.164527300 8136499243 2408037 28364  13990
95.176516031 8139016625 2517382 28368  13355
95.188535529 8140868241 1851616 28370  12573
95.200527803 8143431502 2563261 28357  13797
95.212516177 8144584002 1152500 28379  10210
95.224516212 8145352273 768271 28378  18671
95.236528199 8148081034 2728761 28376  13704
95.248528797 8150164921 2083887 28365  12073
95.260528981 8152663678 2498757 28370  15188
95.272516926 8155171217 2507539 28368  14047
95.284516823 8155773368 602151 28391  10476
95.296515848 8156353672 580304 28401  19452
95.308515552 8156985667 631995 28376  28228
95.320515646 8158517943 1532276 28372  20122
95.332515664 8161253573 2735630 28376  14128
95.344515965 8162505982 1252409 28399  6492
95.356536376 8165030194 2524212 28359  14276
95.368516987 8167505747 2475553 28373  13323
95.380514475 8168113984 608237 28363  15601
95.392528452 8170584758 2470774 28368  19052
95.404516037 8173088429 2503671 28379  14790
95.416529531 8174549469 1461040 28373  12871
95.428529489 8176998921 2449452 28369  12897
95.440517566 8178652883 1653962 28375  8569
95.452528881 8179263083 610200 28359  20527
95.464515992 8179843111 580028 28378  22573
95.476515449 8180431644 588533 28363  26134
95.488528784 8180997028 565384 28380  25727
95.500529105 8181628351 631323 28359  28185
95.512536796 8182260536 632185 28372  28218
95.524529377 8182672620 412084 28373  22410
95.536528198 8183305063 632443 28379  28238
95.548516725 8183937086 632023 28370  28219
95.560515022 8184569725 632639 28393  28244
95.572529547 8185202419 632694 28384  28252
95.584528052 8185835578 633159 28400  28277
95.596529519 8186468289 632711 28380  28256
95.608515739 8187044370 576081 28403  24122
95.620516287 8188754858 1710488 28367  23468
95.632528476 8191285269 2530411 28374  13956
95.644516092 8192418927 1133658 28370  9179
95.656516460 8195056623 2637696 28358  14829
95.668536569 8197439725 2383102 28375  13575
95.680516572 8198048741 609016 28386  15416
95.692516846 8200527755 2479014 28377  19969
95.704517334 8203036429 2508674 28354  13585
95.716528303 8204586096 1549667 28374  11282
95.728516779 8207110450 2524354 28370  12968
95.740516537 8208673114 1562664 28367  9869
95.752516228 8209248379 575265 28367  20389
95.764515802 8209861195 612816 28378  26452
95.776528571 8210630678 769483 28384  24018
95.788528732 8213178569 2547891 28357  13300
95.800515775 8215379304 2200735 28361  13661
95.812528714 8217879968 2500664 28368  16534
95.824536482 8220387690 2507722 28369  13654
95.836516762 8220989710 602020 28378  11286
95.848528270 8222517702 1527992 28363  20263
95.860529191 8225032514 2514812 28360  15220
95.872529066 8226592581 1560067 28367  11759
95.884515379 8229084403 2491822 28352  14840
95.896527594 8231582057 2497654 28358  13812
95.908528822 8232182660 600603 28389  16636
95.920528013 8232762766 580106 28387  22823
95.932528237 8233394761 631995 28378  27071
95.944516457 8233917355 522594 28379  24158
95.956528973 8234548678 631323 28361  28188
95.968527807 8235180001 631323 28362  28194
95.980516037 8235706598 526597 28367  27270
95.992529542 8238104317 2397719 28367  16311
96.004528690 8240607167 2502850 28377  14789
96.016515863 8242261415 1654248 28384  15430
96.028516628 8244969929 2708514 28372  14397
96.040516365 8246195669 1225740 28379  9862
96.052519040 8246922217 726548 28374  20215
96.064515537 8249629503 2707286 28368  13750
96.076517822 8251776955 2147452 28360  13144
96.088515986 8254274288 2497333 28360  15319
96.100514907 8256788597 2514309 28363  13167
96.112529299 8257389294 600697 28378  9095
96.124530313 8257968980 579686 28379  23594
96.136527677 8258601395 632415 28386  27648
96.148535932 8260124580 1523185 28376  19415
96.160530159 8262756238 2631658 28379  14837
96.172515343 8264121374 1365136 28379  13198
96.184529848 8266647887 2526513 28362  15633
96.196528499 8269123176 2475289 28362  13800
96.208516919 8269734776 611600 28378  17568
96.220528481 8272212821 2478045 28377  18536
96.232528995 8274716028 2503207 28360  14952
96.244527923 8276168400 1452372 28359  12244
96.256527730 8278676717 2508317 28372  16359
96.268516118 8280269058 1592341 28365  12870
96.280516149 8280879530 610472 28370  19547
96.292515486 8281459062 579532 28377  21245
96.304522524 8282047035 587973 28380  26227
96.316515322 8282613203 566168 28371  24972
96.328527803 8283245646 632443 28386  28223
96.340528724 8283877417 631771 28376  28208
96.352517168 8284290139 412722 28378  23000
96.364517489 8284922134 631995 28382  28227
96.376528143 8285553681 631547 28364  28201
96.388529551 8286185229 631548 28374  28214
96.400515085 8286817000 631771 28372  28205
96.412515870 8287449219 632219 28390  28232
96.424515121 8288081121 631902 28375  28212
96.436516062 8288659632 578511 28366  25041
96.448528226 8289079575 419943 28387  25880
96.460529734 8289711346 631771 28379  28209
96.472516035 8290343565 632219 28381  28224
96.484515249 8290975943 632378 28386  28231
96.496528937 8291607779 631836 28374  28219
96.508515278 8292239774 631995 28378  28220
96.520516579 8292871769 631995 28372  28217
96.532516153 8293503787 632018 28368  28230
96.544516218 8294136722 632935 28388  28263
96.556527609 8294769881 633159 28393  28267
96.568515987 8295402592 632711 28381  28243
96.580516285 8296035975 633383 28407  28277
96.592528436 8296668910 632935 28393  28260
96.604515490 8297302293 633383 28411  28281
96.616529024 8297701884 399591 28390  22402
96.628523642 8298896760 1194876 28367  28030
96.640529350 8301343199 2446439 28361  16947
96.652528581 8303001033 1657834 28369  12761
96.664516455 8305497828 2496795 28361  15949
96.676527573 8308013486 2515658 28363  12482
96.688528887 8308617709 604223 28375  11575
96.700528238 8310429520 1811811 28376  18766
96.712528846 8312879464 2449944 28369  13288
96.724516147 8314171912 1292448 28372  7308
96.736528228 8316675489 2503577 28365  15510
96.748516315 8319174117 2498628 28366  14592
96.760514253 8319783837 609720 28386  15394
96.772516191 8320364111 580274 28397  24021
96.784523418 8320996554 632443 28383  28073
96.796529303 8323408830 2412276 28358  16017
96.808516297 8325906781 2497951 28367  16337
96.820515535 8327444671 1537890 28376  11409
96.832529429 8329955436 2510765 28365  12940
96.844516663 8331512735 1557299 28373  11238
96.856528774 8332097595 584860 28377  18383
96.868516602 8334602378 2504783 28356  13256
96.880516123 8337101321 2498943 28365  13261
96.892514301 8339493025 2391704 28361  17317
96.904516375 8342092913 2599888 28367  13850
96.916527353 8342696328 603415 28365  7116
96.928527400 8343276792 580464 28388  21993
96.940542162 8343908877 632085 28381  27722
96.952529962 8344431919 523042 28405  21508
96.964516983 8345063690 631771 28370  28204
96.976528858 8345695797 632107 28368  28214
96.988528329 8346327904 632107 28384  28231
97.000515096 8348042483 1714579 28371  20366
97.012527351 8350613705 2571222 28363  15511
97.024517098 8351889963 1276258 28389  10962
97.036528699 8354547997 2658034 28361  14389
97.048529414 8356701391 2153394 28374  10898
97.060516588 8357311569 610178 28376  17085
97.072528426 8359769751 2458182 28375  17346
97.084528527 8362294044 2524293 28361  16071
97.096537855 8363838872 1544828 28365  15033
97.108518092 8366356560 2517688 28361  13335
97.120516183 8367917667 1561107 28367  11020
97.132529404 8368497039 579372 28394  19027
97.144515288 8369104983 607944 28391  25685
97.156516359 8369852794 747811 28382  23738
97.168527747 8372438847 2586053 28374  15359
97.180528141 8374622510 2183663 28365  12372
97.192528712 8377129447 2506937 28365  18651
97.204515970 8379635412 2505965 28372  13729
97.216516941 8380238286 602874 28369  11328
97.228511665 8381771374 1533088 28383  20678
97.240515876 8384289232 2517858 28356  14469
97.252529434 8385843451 1554219 28370  13231
97.264527875 8388338487 2495036 28361  15875
97.276529656 8390833754 2495267 28361  17633
97.288528347 8391434736 600982 28380  15342
97.300516805 8392013946 579210 28376  23930
97.312514216 8392645521 631575 28364  26162
97.324529153 8393167415 521894 28362  23730
97.336516331 8393799858 632443 28388  28237
97.348515035 8394432301 632443 28393  28244
97.360515363 8394955258 522957 28380  27203
97.372529417 8395477242 521984 28388  25085
97.384527505 8396108565 631323 28352  28182
97.396519376 8396739440 630875 28355  28173
97.408527540 8397370539 631099 28340  28178
97.420524595 8398002086 631547 28363  28200
97.432528722 8398633347 631261 28357  28184
97.444515347 8399264508 631161 28359  28190
97.456516904 8400402087 1137579 28372  22598
97.468527669 8402992300 2590213 28363  13416
97.480517086 8404624895 1632595 28377  8769
97.492515421 8407117180 2492285 28362  15471
97.504529475 8409607962 2490782 28372  15298
97.516528473 8410211807 603845 28393  11511
97.528528510 8411790985 1579178 28378  18775
97.540516308 8414479749 2688764 28371  15187
97.552517866 8415787150 1307401 28378  9899
97.564516881 8418363511 2576361 28365  13790
97.576523592 8420786321 2422810 28371  14777
97.588529010 8421397285 610964 28414  13537
97.600516117 8421978015 580730 28386  23956
97.612528608 8422609832 631817 28374  28146
97.624527806 8425026473 2416641 28382  17185
97.636516864 8427541871 2515398 28368  14989
97.648516381 8429087370 1545499 28382  13205
97.660529362 8431663983 2576613 28365  14105
97.672517220 8433161657 1497674 28384  11425
97.684529031 8433727578 565921 28377  18812
97.696517195 8436365336 2637758 28370  16848
97.708528016 8438714602 2349266 28368  17842
97.720527461 8440964401 2249799 28384  16352
97.732529236 8443513445 2549044 28373  14437
97.744529369 8444277630 764185 28381  7880
97.756515386 8444855944 578314 28316  22259
97.768516474 8445488745 632801 28390  26133
97.780516432 8446011653 522908 28391  24557
97.792517656 8446644096 632443 28390  28239
97.804516304 8447275759 631663 28363  28206
97.816509518 8447907890 632131 28394  28233
97.828515259 8449571454 1663564 28380  18559
97.840527294 8452096499 2525045 28358  13680
97.852516381 8453282825 1186326 28387  9177
97.864528569 8455814362 2531537 28353  15750
97.876528950 8458289945 2475583 28365  14066
97.888528011 8458899769 609824 28376  17131
97.900523986 8461380845 2481076 28383  19337
97.912516516 8463896293 2515448 28370  13653
97.924527774 8465440978 1544685 28389  12107
97.936528615 8467949876 2508898 28368  13320
97.948529396 8469519129 1569253 28374  9010
97.960517127 8470112277 593148 28397  20713
97.972528242 8470707565 595288 28379  25857
97.984529419 8471350704 643139 28372  23359
97.996527434 8474024466 2673762 28366  16048
98.008516131 8476240906 2216440 28362  13602
98.020529022 8478748542 2507636 28369  17008
98.032516903 8481258028 2509486 28369  13545
98.044529254 8481859376 601348 28380  8797
98.056524269 8483387234 1527858 28357  20552
98.068528950 8485903524 2516290 28369  12931
98.080527767 8487463255 1559731 28361  9615
98.092516798 8489957146 2493891 28371  15670
98.104517106 8492473788 2516642 28360  13595
98.116529580 8493084806 611018 28366  14364
98.128514811 8493665360 580554 28394  23271
98.140516269 8494297131 631771 28377  27900
98.152516880 8494819949 522818 28389  24287
98.164514891 8495452840 632891 28403  28259
98.176529872 8496085283 632443 28392  28248
98.188515113 8496570496 485213 28380  25378
98.200516267 8497130014 559518 28372  25352
98.212535385 8497762219 632205 28384  28244
98.224529196 8498394214 631995 28370  28223
98.236527570 8499025985 631771 28366  28216
98.248516631 8499658204 632219 28379  28237
98.260528402 8500289975 631771 28376  28223
98.272528781 8500921942 631967 28371  28225
98.284516431 8501286950 365008 28374  21372
98.296516432 8501918987 632037 28376  28220
98.308527404 8502551206 632219 28377  28220
98.320528545 8503183367 632161 28373  28219
98.332527373 8503814972 631605 28379  28213
98.344516023 8504446743 631771 28369  28212
98.356515577 8505078738 631995 28372  28222
98.368535749 8505710733 631995 28373  28222
98.380516356 8506342623 631890 28364  28212
98.392526488 8506974534 631911 28368  28221
98.404527515 8507605823 631289 28362  28200
98.416528326 8508237594 631771 28361  28213
98.428518020 8508869589 631995 28371  28222
98.440516084 8509501808 632219 28389  28237
98.452517568 8509983996 482188 28375  23390
98.464526767 8510228887 244891 28379  28203
98.476528578 8510861106 632219 28386  28229
98.488516028 8511493325 632219 28378  28226
98.500514179 8512125510 632185 28368  28219
98.512528251 8512757091 631581 28366  28211
98.524528422 8513389086 631995 28373  28222
98.536523393 8514021529 632443 28397  28236
98.548529551 8514653300 631771 28376  28221
98.560528648 8515285295 631995 28368  28222
98.572529673 8515917290 631995 28379  28219
98.584514849 8516549061 631771 28373  28212
98.596529535 8517181056 631995 28381  28219
98.608527166 8517813051 631995 28375  28220
98.620516970 8518445046 631995 28389  28223
98.632516984 8519077047 632001 28373  28214
98.644517105 8519710206 633159 28397  28271
98.656528373 8520343141 632935 28398  28256
98.668515857 8520976076 632935 28383  28259
98.680528812 8521608563 632487 28373  28238
98.692534993 8522241050 632487 28389  28249
98.704529517 8522873985 632935 28388  28263
98.716515048 8523506696 632711 28387  28254
98.728527992 8524139995 633299 28398  28267
98.740514643 8524772567 632572 28378  28245
98.752529221 8525405278 632711 28389  28256
98.764515812 8526038213 632935 28393  28262
98.776516320 8526670700 632487 28381  28245
98.788527727 8527303859 633159 28394  28273
98.800528185 8527825573 521714 28393  23965
98.812515916 8528066022 240449 28377  26765
98.824515920 8528306307 240285 28362  28189
98.836515085 8530240506 1934199 28374  23600
98.848537003 8532920461 2679955 28372  13544
98.860517330 8534147379 1226918 28393  8641
98.872517224 8536567448 2420069 28371  14150
98.884529566 8538700301 2132853 28360  11592
98.896528444 8539310731 610430 28381  16193
98.908528108 8541788100 2477369 28362  17693
98.920516145 8544290551 2502451 28355  13441
98.932529870 8545841814 1551263 28385  11628
98.944528165 8548356770 2514956 28372  13228
98.956516678 8549908317 1551547 28372  9524
98.968515779 8550497265 588948 28379  19283
98.980527744 8551094737 597472 28387  26581
98.992515958 8551749202 654465 28368  23205
99.004528073 8554366974 2617772 28370  14774
99.016524507 8556624494 2257520 28375  13346
99.028528702 8559126530 2502036 28361  16901
99.040529259 8561622548 2496018 28363  15285
99.052517716 8562223700 601152 28387  10414
99.064529571 8563743597 1519897 28365  19243
99.076528136 8566245346 2501749 28353  15702
99.088527743 8567814475 1569129 28391  13417
99.100517311 8570311663 2497188 28360  14982
99.112516205 8572808643 2496980 28362  14773
99.124528530 8573409940 601297 28385  16230
99.136528697 8573989532 579592 28375  21712
99.148517025 8574621359 631827 28375  27292
99.160516186 8575143953 522594 28389  24798
99.172524274 8575775500 631547 28360  28199
99.184528615 8576406599 631099 28347  28188
99.196516022 8576955484 548885 28370  27430
99.208517600 8579338951 2383467 28384  15254
99.220528794 8581851013 2512062 28368  14077
99.232515905 8583510793 1659780 28388  14124
99.244516540 8586163816 2653023 28370  15518
99.256528701 8587444555 1280739 28383  9599
99.268529232 8588088854 644299 28366  20315
99.280528409 8590736918 2648064 28367  14696
99.292557315 8593009461 2272543 28373  12390
99.304516365 8595443400 2433939 28367  17437
99.316524629 8597995283 2551883 28357  13681
99.328538398 8598598938 603655 28382  8298
99.340515764 8599177406 578468 28381  21456
99.352516735 8599809177 631771 28378  28047
99.364529847 8601272209 1463032 28380  21567
99.376528432 8603779539 2507330 28370  13909
99.388517295 8605336443 1556904 28363  11084
99.400526187 8607826518 2490075 28372  14485
99.412517184 8610337066 2510548 28361  14337
99.424515818 8610937917 600851 28362  13700
99.436516122 8613086558 2148641 28369  19090
99.448532024 8615736909 2650351 28368  14548
99.460529749 8616977584 1240675 28388  7651
99.472528599 8619465185 2487601 28360  15214
99.484537827 8621478829 2013644 28364  13102
99.496515607 8622090323 611494 28368  16467
99.508527922 8622669484 579161 28376  22518
99.520529427 8623295922 626438 28369  27104
99.532516385 8623824346 528424 28398  24304
99.544529129 8624456395 632049 28377  28223
99.556526373 8625088336 631941 28384  28226
99.568528478 8625501282 412946 28390  23009
99.580533355 8626133240 631958 28363  28217
99.592515773 8626765272 632032 28378  28234
99.604524708 8627397043 631771 28370  28215
99.616527855 8628028590 631547 28363  28205
99.628515646 8628659913 631323 28367  28200
99.640515470 8629291908 631995 28373  28222
99.652524618 8629894063 602155 28367  25894
99.664528926 8631259007 1364944 28362  21707
99.676514900 8633958657 2699650 28372  17105
99.688516034 8635283052 1324395 28363  12401
99.700516255 8637889764 2606712 28370  14327
99.712516130 8640290900 2401136 28363  13330
99.724517011 8640901781 610881 28374  18454
99.736529219 8643360639 2458858 28363  18784
99.748515503 8645877924 2517285 28372  13856
99.760516580 8647426477 1548553 28385  13306
99.772515761 8649934255 2507778 28369  13154
99.784516472 8651509780 1575525 28384  8910
99.796528878 8652112504 602724 28368  20010
99.808538545 8652697320 584816 28395  24258
99.820516855 8653273007 575687 28358  25649
99.832515936 8655961166 2688159 28372  13553
99.844516204 8658226405 2265239 28373  12174
99.856528499 8660661579 2435174 28375  17319
99.868517064 8663185722 2524143 28367  12597
99.880529358 8663798955 613233 28397  7220
99.892528912 8665237137 1438182 28369  23713
99.904528483 8667678084 2440947 28366  12370
99.916528718 8669353666 1675582 28386  10585
99.928515669 8671844968 2491302 28355  14414
99.940528980 8674347432 2502464 28384  15246
99.952529861 8674951361 603929 28379  11569
99.964538062 8675531019 579658 28383  23680
99.976517213 8676162342 631323 28366  26444
99.988517147 8676684068 521726 28368  24116
100.000517035 8677315811 631743 28370  28212
100.012516129 8677947582 631771 28372  28212
100.024518427 8678570723 623141 28371  28208
100.036528058 8680889649 2318926 28368  17884
100.048529646 8683402137 2512488 28373  13668
100.060516433 8684944789 1542652 28377  11376
100.072517587 8687472153 2527364 28365  13276
100.084514948 8689030428 1558275 28378  12375
100.096515746 8689607924 577496 28389  17255
100.108516690 8692138393 2530469 28369  14680
100.120528779 8694586679 2448286 28363  18213
100.132516592 8696734746 2148067 28364  17964
100.144528988 8699262388 2527642 28360  14981
100.156528795 8700172331 909943 28385  9785
100.168528219 8700752213 579882 28381  22038
100.180528994 8701383984 631771 28365  26838
100.192528701 8702858930 1474946 28366  22699
100.204517482 8705363978 2505048 28356  12910
100.216516137 8706935245 1571267 28374  9168
100.228528938 8709431088 2495843 28368  14423
100.240528492 8711929682 2498594 28360  13880
100.252514930 8712533107 603425 28384  12353
100.264528461 8714629399 2096292 28361  19487
100.276536929 8717206294 2576895 28358  14431
100.288516710 8718570663 1364369 28380  8946
100.300527597 8721098555 2527892 28368  14285
100.312517738 8723103167 2004612 28371  10367
100.324517199 8723712169 609002 28372  17136
100.336516634 8724289811 577642 28292  24083
100.348516408 8724911160 621349 28370  27123
100.360517589 8725444400 533240 28400  24364
100.372515857 8726076395 631995 28375  28222
100.384528519 8726708166 631771 28365  28212
100.396518732 8727120776 412610 28379  22966
100.408528617 8727752435 631659 28361  28220
100.420529265 8728383534 631099 28360  28200
100.432515778 8729015081 631547 28362  28206
100.444527544 8729646762 631681 28362  28207
100.456529215 8730278175 631413 28360  28207
100.468517125 8730910394 632219 28383  28234
100.480529537 8731510781 600387 28364  25822
100.492528394 8731909651 398870 28393  25785
100.504515951 8732541646 631995 28374  28225
100.516527179 8733173641 631995 28379  28226
100.528529881 8733805370 631729 28359  28205
100.540526931 8734436735 631365 28355  28200
100.552515779 8735068954 632219 28378  28230
100.564527930 8735700053 631099 28353  28193
100.576528868 8736331824 631771 28365  28214
100.588527569 8736963819 631995 28378  28224
100.600537490 8737595513 631694 28364  28204
100.612529504 8738227361 631848 28371  28222
100.624515389 8738858628 631267 28348  28187
100.636527943 8739489783 631155 28363  28200
100.648516887 8740121330 631547 28363  28207
100.660516495 8740549961 428631 28366  23959
100.672527846 8741363903 813942 28368  27578
100.684516054 8743986936 2623033 28365  14929
100.696516485 8745856788 1869852 28374  11376
100.708515976 8748340032 2483244 28357  16442
100.720528288 8750845889 2505857 28360  13662
100.732516464 8751447502 601613 28383  12285
100.744516125 8753022744 1575242 28365  17981
100.756530894 8755754173 2731429 28357  14317
100.768528068 8757035731 1281558 28385  10436
100.780516052 8759562226 2526495 28373  15020
100.792530327 8762041510 2479284 28360  13896
100.804528281 8762651632 610122 28385  15689
100.816529872 8763231480 579848 28368  24529
100.828526020 8763863285 631805 28376  25805
100.840514861 8766274722 2411437 28353  17122
100.852516702 8768789027 2514305 28354  13616
100.864528663 8770325311 1536284 28366  11665
100.876528984 8772953120 2627809 28361  15288
100.888530008 8774413284 1460164 28393  10656
100.900528879 8775018150 604866 28367  19013
100.912529627 8777639248 2621098 28370  15101
100.924537361 8779968976 2329728 28376  13460
100.936529102 8782371937 2402961 28363  17655
100.948527040 8784875191 2503254 28367  14085
100.960516978 8785537075 661884 28383  10398
100.972524930 8786117181 580106 28388  20980
100.984516060 8786748952 631771 28375  26039
100.996516237 8787270650 521698 28372  23628
101.008529046 8787902869 632219 28385  28194
101.020515466 8788534554 631685 28369  28207
101.032528061 8789165963 631409 28361  28202
101.044516318 8790930805 1764842 28376  20255
101.056516156 8793486176 2555371 28369  14226
101.068514927 8794695413 1209237 28366  9094
101.080524332 8797222330 2526917 28357  14217
101.092516816 8799564656 2342326 28357  13325
101.104515991 8800174940 610284 28386  15724
101.116515835 8802639170 2464230 28365  18904
101.128528923 8805158059 2518889 28375  16094
101.140528547 8806708487 1550428 28375  12597
101.152530281 8809201929 2493442 28372  14272
101.164528189 8810777678 1575749 28370  12143
101.176527507 8811360858 583180 28395  17765
101.188527481 8811964798 603940 28377  25933
101.200528279 8812654698 689900 28368  23372
101.212515963 8815353519 2698821 28354  15024
101.224528975 8817487135 2133616 28353  12426
101.236536393 8819995863 2508728 28372  16937
101.248528907 8822504491 2508628 28360  13723
101.260515504 8823105157 600666 28382  12197
101.272528839 8824633659 1528502 28379  20183
101.284529167 8827152115 2518456 28369  13168
101.296529231 8828707804 1555689 28370  12494
101.308528225 8831199168 2491364 28359  14011
101.320517732 8833711057 2511889 28377  13546
101.332516133 8834322523 611466 28389  14481
101.344514584 8834902629 580106 28371  23815
101.356515472 8835533952 631323 28365  27815
101.368528640 8836056098 522146 28370  24348
101.380528505 8836687975 631877 28374  28212
101.392537362 8837318969 630994 28346  28184
101.404516773 8837819078 500109 28364  26832
101.416515668 8838363768 544690 28380  25194
101.428528862 8838995009 631241 28360  28205
101.440515623 8839626668 631659 28360  28201
101.452516717 8840258551 631883 28373  28223
101.464515342 8840890213 631662 28364  28204
101.476516856 8841521869 631656 28374  28215
101.488527870 8842153846 631977 28377  28213
101.500527299 8843315795 1161949 28347  22026
101.512528773 8845805306 2489511 28382  12829
101.524527818 8847477821 1672515 28379  12322
101.536529749 8849969800 2491979 28372  16154
101.548517796 8852488554 2518754 28361  15621
101.560523891 8853088171 599617 28368  12366
101.572529345 8854666321 1578150 28374  19012
101.584527049 8857342533 2676212 28352  14659
101.596517116 8858650970 1308437 28380  12946
101.608528151 8861177311 2526341 28370  13284
101.620517466 8863657309 2479998 28371  12421
101.632529467 8864267655 610346 28375  16310
101.644529651 8864847985 580330 28386  24936
101.656515955 8865479854 631869 28364  28214
101.668515226 8867887348 2407494 28372  17403
101.680515374 8870389115 2501767 28368  13979
101.692514792 8871940662 1551547 28377  12407
101.704516076 8874516757 2576095 28361  17638
101.716536584 8876023123 1506366 28373  16413
101.728530199 8876580411 557288 28375  11841
101.740515429 8879258692 2678281 28364  16209
101.752517854 8881580349 2321657 28363  13566
101.764515114 8884001513 2421164 28370  15616
101.776517242 8886567349 2565836 28367  13482
101.788527897 8887172138 604789 28373  9638
101.800518064 8887751526 579388 28376  20441
101.812516915 8888383567 632041 28386  26897
101.824528820 8888905396 521829 28357  25714
101.836527865 8889537036 631640 28367  28210
101.848515989 8890169031 631995 28380  28224
101.860527983 8890800802 631771 28396  28220
101.872527464 8892648700 1847898 28384  20131
101.884517429 8895309202 2660502 28369  14536
101.896516856 8896695632 1386430 28377  9394
101.908516447 8899268993 2573361 28360  13098
101.920528988 8901232361 1963368 28372  10542
101.932530219 8901841139 608778 28373  16123
101.944528460 8904309984 2468845 28361  15751
101.956529132 8906818245 2508261 28368  13519
101.968528713 8908434544 1616299 28375  10286
101.980528214 8911167185 2732641 28374  14663
101.992528572 8912427967 1260782 28370  9091
102.004516429 8912993822 565855 28365  17584
102.016516187 8913626041 632219 28385  27573
102.028523645 8914637270 1011229 28382  24400
102.040516792 8917277772 2640502 28364  13794
102.052517057 8919168790 1891018 28365  10963
102.064529638 8921660424 2491634 28357  17223
102.076528519 8924164795 2504371 28365  16177
102.088516807 8924768407 603612 28363  14371
102.100529051 8926339293 1570886 28368  18330
102.112516779 8929092650 2753357 28372  15447
102.124514516 8930353417 1260767 28389  10292
102.136528904 8932898521 2545104 28355  14367
102.148515818 8935356135 2457614 28368  13695
102.160516063 8935965650 609515 28376  14408
102.172529120 8936546204 580554 28410  25374
102.184529319 8937177751 631547 28366  27226
102.196535233 8937700345 522594 28389  25031
102.208528661 8938331892 631547 28366  28210
102.220528092 8938963439 631547 28372  28210
102.232515356 8939434316 470877 28374  24986
102.244516017 8940007484 573168 28388  26309
102.256530025 8940639059 631575 28369  28204
102.268515206 8941270320 631261 28360  28182
102.280527964 8941901677 631357 28366  28198
102.292514495 8942532552 630875 28359  28187
102.304516339 8943164099 631547 28364  28204
102.316528170 8943795646 631547 28366  28203
102.328527468 8944160710 365064 28386  21863
102.340516655 8944792663 631953 28373  28222
102.352537293 8945424434 631771 28370  28222
102.364516224 8946055533 631099 28350  28191
102.376528375 8946687080 631547 28355  28203
102.388516296 8947318852 631772 28370  28219
102.400528310 8947950813 631961 28369  28217
102.412527712 8948583066 632253 28391  28242
102.424530250 8949214324 631258 28348  28190
102.436528328 8949845936 631612 28376  28216
102.448515839 8950477707 631771 28365  28213
102.460527716 8951109254 631547 28359  28207
102.472529237 8951740577 631323 28357  28198
102.484515905 8952372572 631995 28375  28222
102.496528316 8952850092 477520 28369  22820
102.508525480 8953098345 248253 28374  28238
102.520527535 8953730848 632503 28380  28238
102.532527849 8954362745 631897 28381  28222
102.544530120 8954994740 631995 28373  28222
102.556528381 8955626959 632219 28385  28232
102.568511195 8956258954 631995 28388  28226
102.580528576 8956890529 631575 28369  28208
102.592516817 8957522524 631995 28373  28226
102.604515332 8958154519 631995 28387  28225
102.616528140 8958786424 631905 28374  28220
102.628514945 8959417809 631385 28360  28202
102.640516116 8960049580 631771 28371  28215
102.652528217 8960680903 631323 28363  28199
102.664524321 8961313017 632114 28378  28224
102.676529052 8961944893 631876 28375  28223
102.688516176 8962576664 631771 28371  28216
102.700516861 8963208435 631771 28371  28212
102.712516975 8963839758 631323 28368  28199
102.724528173 8964471047 631289 28353  28190
102.736528170 8965103072 632025 28391  28229
102.748528995 8965734761 631689 28362  28209
102.760516732 8966366394 631633 28361  28210
102.772528313 8966997717 631323 28350  28194
102.784515718 8967629712 631995 28376  28223
102.796528192 8968261259 631547 28372  28211
102.808516840 8968893089 631830 28365  28211
102.820527148 8969524577 631488 28361  28203
102.832528983 8970156306 631729 28360  28202
102.844530057 8970686145 529839 28370  23893
102.856529265 8970926530 240385 28384  27805
102.868528869 8971166931 240401 28381  28248
102.880528960 8971604519 437588 28390  28250
102.892515448 8972236607 632088 28375  28230
102.904515492 8972868154 631547 28364  28202
102.916528783 8973500597 632443 28384  28237
102.928528467 8974132144 631547 28363  28204
102.940515425 8974764363 632219 28388  28238
102.952528169 8975396582 632219 28381  28230
102.964515974 8976028577 631995 28372  28220
102.976526261 8976660759 632182 28376  28226
102.988527459 8977292343 631584 28364  28208
103.000527474 8977924000 631657 28362  28199
103.012528309 8978556067 632067 28384  28225
103.024529673 8979187880 631813 28369  28216
103.036515114 8979820013 632133 28375  28219
103.048517028 8980451870 631857 28377  28218
103.060528473 8981084444 632574 28388  28240
103.072529214 8981716647 632203 28383  28232
103.084515998 8982348751 632104 28383  28230
103.096515866 8982981418 632667 28391  28250
103.108515280 8983613219 631801 28374  28214
103.120515628 8984245184 631965 28377  28228
103.132528052 8984876955 631771 28366  28206
103.144558961 8985508278 631323 28354  28190
103.156515224 8986140273 631995 28375  28222
103.168528495 8986772670 632397 28388  28231
103.180529716 8987404585 631915 28374  28222
103.192526515 8988036672 632087 28376  28219
103.204527976 8988668477 631805 28380  28221
103.216527897 8989300852 632375 28379  28230
103.228518064 8989932993 632141 28380  28224
103.240527372 8990565704 632711 28380  28244
103.252528420 8991198191 632487 28380  28242
103.264527547 8991830230 632039 28371  28224
103.276527272 8992462717 632487 28377  28232
103.288515809 8993095428 632711 28386  28246
103.300524587 8993728363 632935 28405  28263
103.312529415 8994360850 632487 28374  28243
103.324528559 8994993785 632935 28390  28264
103.336528900 8995626048 632263 28372  28233
103.348516251 8996258983 632935 28401  28272
103.360528919 8996891918 632935 28396  28263
103.372515350 8997524629 632711 28397  28265
103.384529005 8998157564 632935 28392  28268
103.396529393 8998789827 632263 28369  28239
103.408527000 8999422090 632263 28376  28234
103.420516501 9000054540 632450 28367  28233
103.432514809 9000687064 632524 28383  28253
103.444515580 9001319551 632487 28388  28250
103.456515771 9001951730 632179 28358  28218
103.468523899 9002584525 632795 28387  28263
103.480517580 9003217236 632711 28384  28254
103.492515471 9003849724 632488 28386  28243
103.504529426 9004482435 632711 28383  28253
103.516527530 9005115370 632935 28392  28270
103.528517324 9005747776 632406 28375  28237
103.540528122 9006365542 617766 28385  27109
103.552518072 9006605807 240265 28370  24473
103.564515823 9006846174 240367 28375  28233
103.576516739 9007086575 240401 28382  28202
103.588515470 9007326810 240235 28366  28179
103.600528037 9007566969 240159 28353  28178
103.612527182 9009417636 1850667 28374  23635
103.624536013 9012001089 2583453 28368  13458
103.636529420 9013289516 1288427 28381  12349
103.648527735 9015873683 2584167 28357  15022
103.660530747 9017963779 2090096 28367  12982
103.672516837 9018571976 608197 28346  19312
103.684517594 9021036274 2464298 28387  20063
103.696528473 9023526039 2489765 28366  15862
103.708529234 9025066095 1540056 28365  14330
103.720528552 9027579134 2513039 28370  13438
103.732528283 9029140771 1561637 28366  8928
103.744528530 9029750473 609702 28374  22561
103.756516431 9030328983 578510 28377  26646
103.768516846 9030859976 530993 28373  23947
103.780523377 9033429540 2569564 28372  13609
103.792529594 9035867028 2437488 28378  13334
103.804516035 9038281702 2414674 28366  14601
103.816516876 9040772268 2490566 28370  12707
103.828516547 9041435770 663502 28392  6672
103.840529269 9042666793 1231023 28369  21258
103.852529060 9045402478 2735685 28359  15585
103.864516227 9047022289 1619811 28380  9884
103.876527666 9049514549 2492260 28370  15260
103.888516066 9052017651 2503102 28361  15761
103.900515950 9052621552 603901 28385  11976
103.912516265 9053200762 579210 28385  20923
103.924516770 9053832757 631995 28382  26937
103.936537434 9054355127 522370 28386  24830
103.948527085 9054985965 630838 28351  28169
103.960528279 9055617325 631360 28362  28206
103.972529567 9056221986 604661 28367  28202
103.984529001 9058535458 2313472 28374  17478
103.996528463 9061050180 2514722 28352  13474
104.008515610 9062592230 1542050 28367  11413
104.020516381 9065105188 2512958 28361  14385
104.032529810 9066679115 1573927 28362  12741
104.044515957 9067259187 580072 28362  15830
104.056528482 9069759605 2500418 28368  13326
104.068527096 9072257595 2497990 28366  13516
104.080529684 9074532761 2275166 28366  13497
104.092529068 9076880131 2347370 28361  15575
104.104523702 9077805338 925207 28372  13407
104.116517573 9078384548 579210 28364  14332
104.128515834 9079016833 632285 28373  27963
104.140515345 9080394834 1378001 28357  22808
104.152515856 9082960224 2565390 28381  12622
104.164517652 9084528604 1568380 28384  8275
104.176516816 9087034779 2506175 28363  13384
104.188529014 9089542184 2507405 28356  13698
104.200516751 9090147264 605080 28377  10546
104.212528639 9092066772 1919508 28359  19776
104.224517356 9094608557 2541785 28364  17075
104.236515394 9095837913 1229356 28368  9674
104.248515715 9098504015 2666102 28369  13677
104.260521906 9100705038 2201023 28370  13939
104.272531104 9101314846 609808 28393  15714
104.284528825 9101892802 577956 28375  22302
104.296516193 9102523677 630875 28346  28175
104.308529050 9103045599 521922 28380  24272
104.320528741 9103677370 631771 28369  28207
104.332528083 9104308917 631547 28363  28207
104.344516744 9104754818 445901 28387  23542
104.356516669 9105353186 598368 28364  27262
104.368528813 9105984285 631099 28353  28185
104.380515077 9106615384 631099 28368  28190
104.392529888 9107246708 631324 28363  28191
104.404528213 9107878442 631734 28371  28203
104.416535857 9108509273 630831 28349  28178
104.428529088 9109142240 632967 28368  28122
104.440529999 9110451613 1309373 28369  20412
104.452530363 9112960511 2508898 28375  14452
104.464516061 9114520776 1560265 28363  10966
104.476516875 9117017345 2496569 28354  14207
104.488514640 9119531446 2514101 28355  13415
104.500517008 9120143080 611634 28398  16560
104.512527409 9122546194 2403114 28372  18202
104.524528340 9125085684 2539490 28361  15948
104.536530055 9126288564 1202880 28370  14536
104.548527679 9128816397 2527833 28360  14955
104.560516350 9130698106 1881709 28364  17003
104.572528098 9131307780 609674 28374  15766
104.584536909 9131887625 579845 28390  25774
104.596517400 9132475215 587590 28361  26860
104.608529057 9134927104 2451889 28358  13578
104.620529278 9137445698 2518594 28360  13253
104.632528529 9139599056 2153358 28381  12094
104.644517977 9142225415 2626359 28370  13256
104.656526992 9143031885 806470 28366  7903
104.668528397 9144153223 1121338 28361  17966
104.680516951 9146818087 2664864 28377  14406
104.692529785 9148619720 1801633 28377  11099
104.704529453 9151121531 2501811 28369  15616
104.716516267 9153635214 2513683 28357  15472
104.728517345 9154239591 604377 28394  15653
104.740536304 9154819004 579413 28389  22881
104.752530744 9155450796 631792 28382  24194
104.764528735 9155973362 522566 28386  23529
104.776516719 9156605096 631734 28360  28206
104.788515220 9157236932 631836 28374  28222
104.800516185 9157837225 600293 28373  27515
104.812528330 9160175925 2338700 28357  17304
104.824516871 9162675298 2499373 28357  14576
104.836516655 9164219005 1543707 28366  12429
104.848528953 9166739794 2520789 28344  13385
104.860515817 9168298050 1558256 28380  12629
104.872515191 9168874426 576376 28383  19323
104.884528769 9171422539 2548113 28351  13257
104.896535748 9173877426 2454887 28361  12712
104.908517378 9176260915 2383489 28364  15649
104.920515685 9178814065 2553150 28368  15569
104.932516996 9179453841 639776 28372  11077
104.944515581 9180034458 580617 28381  17917
104.956528923 9180665718 631260 28361  26638
104.968528264 9182135470 1469752 28375  21881
104.980517738 9184650864 2515394 28364  13831
104.992527596 9186223923 1573059 28384  10658
105.004529123 9188716266 2492343 28361  14271
105.016515994 9191222414 2506148 28368  14756
105.028517272 9191825817 603403 28364  13710
105.040526707 9194121068 2295251 28363  19746
105.052524768 9196707445 2586377 28370  13166
105.064517918 9197904667 1197222 28385  9036
105.076527983 9200507703 2603036 28379  13757
105.088527774 9202401925 1894222 28369  8588
105.100527649 9203011375 609450 28372  16918
105.112530240 9203590809 579434 28364  25156
105.124515608 9204177662 586853 28369  26342
105.136516215 9204744950 567288 28379  25411
105.148528256 9205376945 631995 28379  28227
105.160515967 9206008492 631547 28360  28203
105.172515865 9206420766 412274 28368  23272
105.184528810 9207053209 632443 28385  28238
105.196529088 9207684980 631771 28377  28224
105.208516371 9208316751 631771 28369  28215
105.220534253 9208948298 631547 28365  28204
105.232529058 9209579845 631547 28356  28203
105.244515018 9210211392 631547 28365  28206
105.256517046 9210790156 578764 28379  24213
105.268515607 9211210192 420036 28371  26311
105.280529252 9211842206 632014 28375  28221
105.292530933 9212473519 631313 28351  28194
105.304529234 9213104842 631323 28357  28195
105.316514688 9213735717 630875 28355  28182
105.328529190 9214367264 631547 28364  28204
105.340528304 9214998989 631725 28360  28207
105.352516774 9215630582 631593 28376  28218
105.364516525 9216262129 631547 28370  28204
105.376536111 9216893452 631323 28365  28198
105.388516607 9217524776 631324 28365  28201
105.400516273 9218156547 631771 28373  28215
105.412528864 9218788094 631547 28368  28208
105.424527871 9219419641 631547 28358  28204
105.436530722 9219828501 408860 28366  22437
105.448516227 9220932733 1104232 28367  27914
105.460516164 9223524604 2591871 28366  13117
105.472515872 9225143227 1618623 28369  11102
105.484528631 9227630080 2486853 28371  18597
105.496516711 9230149786 2519706 28376  13985
105.508514849 9230753435 603649 28380  11525
105.520528770 9232553858 1800423 28365  22589
105.532536951 9235123130 2569272 28368  14126
105.544517199 9236302234 1179104 28379  8012
105.556528413 9238875861 2573627 28370  12895
105.568529168 9241308667 2432806 28363  15136
105.580514832 9241918583 609916 28370  12033
105.592518116 9242497975 579392 28370  26066
105.604515754 9243129340 631365 28372  28163
105.616517876 9245534818 2405478 28367  16945
105.628528894 9248022212 2487394 28364  15505
105.640528568 9249574370 1552158 28376  10303
105.652517462 9252086824 2512454 28373  13482
105.664529017 9253650673 1563849 28369  12582
105.676528434 9254227917 577244 28368  16972
105.688523565 9256771747 2543830 28365  12947
105.700518010 9259233883 2462136 28367  12210
105.712527731 9261608718 2374835 28368  15111
105.724516492 9264136075 2527357 28356  14973
105.736517176 9264799546 663471 28376  7554
105.748530205 9265378490 578944 28373  21228
105.760529139 9266010079 631589 28368  28178
105.772528413 9266532225 522146 28380  23177
105.784517071 9267164150 631925 28359  28214
105.796514599 9267795730 631580 28360  28201
105.808515510 9268427314 631584 28372  28215
105.820528021 9270178826 1751512 28374  20174
105.832515455 9272756753 2577927 28357  13828
105.844516139 9273959301 1202548 28383  8463
105.856536034 9276499132 2539831 28358  16220
105.868528731 9278831349 2332217 28371  14538
105.880527703 9279440622 609273 28373  18580
105.892528894 9281909033 2468411 28372  18288
105.904516765 9284416335 2507302 28365  13233
105.916517386 9285960514 1544179 28378  14075
105.928528871 9288451016 2490502 28365  16171
105.940529135 9290026392 1575376 28362  12882
105.952530616 9290627361 600969 28381  19940
105.964528317 9291212905 585544 28358  24971
105.976528168 9291792657 579752 28357  21988
105.988528042 9294406725 2614068 28371  14575
106.000529283 9296736432 2329707 28355  18485
106.012523438 9299132182 2395750 28372  16194
106.024528460 9301656920 2524738 28365  13825
106.036516184 9302299308 642388 28368  10241
106.048529225 9303502676 1203368 28371  24134
106.060516253 9306196758 2694082 28364  17667
106.072529350 9307866087 1669329 28359  12978
106.084528535 9310362183 2496096 28376  16641
106.096517816 9312883177 2520994 28363  12769
106.108515580 9313486173 602996 28379  12421
106.120517521 9314065196 579023 28364  24535
106.132528782 9314696967 631771 28371  26820
106.144515283 9315219337 522370 28381  24873
106.156515778 9315851519 632182 28385  28224
106.168535549 9316483103 631584 28373  28212
106.180526847 9317085580 602477 28352  28179
106.192529211 9317526586 441006 28367  24470
106.204529162 9318158023 631437 28364  28202
106.216516530 9318789346 631323 28346  28193
106.228528092 9319420669 631323 28354  28195
106.240625374 9320052440 631771 28372  28218
106.252518433 9320683735 631295 28359  28198
106.264527711 9321315520 631785 28360  28209
106.276515608 9321959457 643937 28366  22763
106.288528150 9324546889 2587432 28370  13626
106.300528668 9326668081 2121192 28361  11666
106.312527729 9329176387 2508306 28375  13830
106.324522913 9331692173 2515786 28376  13667
106.336532388 9332293297 601124 28384  11047
106.348516605 9333809342 1516045 28363  19097
106.360515810 9336326280 2516938 28365  13023
106.372514917 9337888302 1562022 28370  8585
106.384517328 9340391762 2503460 28364  13447
106.396517813 9342896708 2504946 28362  13920
106.408516014 9343506382 609674 28361  13073
106.420528952 9344086712 580330 28391  24639
106.432515917 9344718801 632089 28369  28224
106.444528111 9347143673 2424872 28383  17778
106.456527032 9349655394 2511721 28373  12976
106.468516123 9351196637 1541243 28378  11974
106.480515784 9353702847 2506210 28369  14410
106.492536989 9355263364 1560517 28368  8768
106.504517126 9355843156 579792 28373  20321
106.516528221 9358356986 2513830 28376  14757
106.528529716 9360845482 2488496 28366  15699
106.540529133 9363270475 2424993 28367  18703
106.552517874 9365755679 2485204 28363  14514
106.564528505 9366418705 663026 28377  8844
106.576516503 9366998139 579434 28369  21968
106.588515824 9367629686 631547 28366  26277
106.600528098 9368152056 522370 28390  23493
106.612516323 9368783155 631099 28355  28193
106.624528295 9369414926 631771 28372  28215
106.636528512 9370046249 631323 28360  28200
106.648536143 9371818022 1771773 28373  19119
106.660517017 9374296878 2478856 28355  12733
106.672529749 9375413148 1116270 28370  5612
106.684517083 9378078836 2665688 28366  13913
106.696516604 9380417132 2338296 28364  14437
106.708517615 9381026554 609422 28382  14669
106.720527426 9383498848 2472294 28368  17029
106.732516124 9386005254 2506406 28369  16058
106.744515606 9387550812 1545558 28380  12934
106.756529910 9390075234 2524422 28356  12366
106.768516641 9391646568 1571334 28365  10338
106.780528925 9392242600 596032 28385  20948
106.792515606 9392833856 591256 28385  27315
106.804524401 9393460470 626614 28373  25241
106.816515648 9396083333 2622863 28363  15212
106.828516673 9398357817 2274484 28380  12147
106.840516197 9400791675 2433858 28370  17723
106.852528661 9403272764 2481089 28366  13223
106.864529213 9403917210 644446 28388  9148
106.876528451 9405203466 1286256 28386  22042
106.888515785 9407881311 2677845 28366  13711
106.900528750 9409501064 1619753 28379  11581
106.912529397 9411986749 2485685 28373  16932
106.924516925 9414504331 2517582 28361  12374
106.936529003 9415107833 603502 28386  9800
106.948515490 9415686819 578986 28357  25123
106.960535842 9416318142 631323 28361  27722
106.972516359 9416840288 522146 28389  24528
106.984528824 9417472283 631995 28369  28220
106.996517159 9418104726 632443 28393  28249
107.008526690 9418700819 596093 28377  28224
107.020516967 9419149378 448559 28367  25194
107.032516708 9419781438 632060 28382  28232
107.044517543 9420412985 631547 28373  28207
107.056527477 9421043860 630875 28345  28175
107.068516288 9421675407 631547 28365  28202
107.080515959 9422307402 631995 28385  28219
107.092515327 9422938725 631323 28365  28199
107.104516425 9423305987 367262 28379  23254
107.116528343 9423937086 631099 28360  28188
107.128524987 9424569081 631995 28383  28221
107.140527265 9425200607 631526 28351  28195
107.152515889 9425832213 631606 28364  28212
107.164529938 9426463498 631285 28357  28198
107.176516428 9427095717 632219 28385  28230
107.188530436 9427727264 631547 28373  28218
107.200526394 9428359259 631995 28385  28225
107.212527475 9428990610 631351 28352  28194
107.224527493 9429622353 631743 28372  28212
107.236527804 9430253900 631547 28379  28209
107.248516328 9430885366 631466 28359  28197
107.260516383 9431516546 631180 28361  28193
107.272528487 9432070016 553470 28369  23423
107.284523942 9432310366 240350 28371  28182
107.296528897 9432873828 563462 28365  28214
107.308516137 9433505823 631995 28374  28215
107.320528315 9434137370 631547 28365  28205
107.332515629 9434768693 631323 28367  28199
107.344530271 9435400016 631323 28353  28190
107.356536878 9436031339 631323 28355  28198
107.368517266 9436663241 631902 28368  28217
107.380516247 9437294657 631416 28365  28208
107.392516681 9437925757 631100 28348  28184
107.404515542 9438556632 630875 28350  28179
107.416514420 9439188289 631657 28366  28203
107.428528695 9439819726 631437 28364  28204
107.440522899 9440451635 631909 28377  28212
107.452529597 9441083044 631409 28358  28201
107.464516038 9441714815 631771 28369  28214
107.476527893 9442346138 631323 28361  28204
107.488515777 9442977237 631099 28353  28181
107.500528818 9443608523 631286 28354  28191
107.512515219 9444240555 632032 28380  28229
107.524516890 9444871801 631246 28349  28188
107.536528892 9445503201 631400 28373  28205
107.548527330 9446134104 630903 28349  28180
107.560527507 9446765847 631743 28372  28210
107.572528025 9447397618 631771 28381  28214
107.584528263 9448029165 631547 28370  28207
107.596524157 9448660712 631547 28363  28201
107.608518471 9449292035 631323 28357  28198
107.620516569 9449902957 610922 28375  26542
107.632528083 9450143291 240334 28366  24873
107.644515218 9450383707 240416 28382  28250
107.656528640 9451691975 1308268 28384  26052
107.668514657 9454204787 2512812 28353  13614
107.680526085 9455767740 1562953 28371  14861
107.692528879 9458245913 2478173 28362  15110
107.704514934 9460761914 2516001 28366  14332
107.716517235 9461364732 602818 28393  16890
107.728515519 9463579999 2215267 28383  19910
107.740516060 9466149104 2569105 28374  13148
107.752517445 9467399603 1250499 28365  8117
107.764541136 9469999090 2599487 28370  13376
107.776527741 9471927150 1928060 28364  11327
107.788529222 9472533978 606828 28367  18519
107.800517103 9473113794 579816 28389  24739
107.812527587 9473723187 609393 28364  25900
107.824516268 9476140874 2417687 28382  13868
107.836528869 9478660832 2519958 28370  13913
107.848517507 9480607196 1946364 28386  12226
107.860516765 9483072426 2465230 28364  13374
107.872528773 9484216997 1144571 28393  7876
107.884529084 9485033836 816839 28386  21269
107.896528395 9487632020 2598184 28382  13961
107.908528573 9489791648 2159628 28365  13624
107.920536385 9492277698 2486050 28367  15193
107.932516858 9494789021 2511323 28362  15032
107.944512676 9495390459 601438 28386  10601
107.956516710 9495969893 579434 28379  19792
107.968527958 9496601664 631771 28367  26743
107.980517500 9497122914 521250 28359  23764
107.992528377 9497754819 631905 28379  28215
108.004516105 9498386008 631189 28360  28200
108.016529606 9499017779 631771 28373  28218
108.028528884 9501023557 2005778 28382  17656
108.040515998 9503706607 2683050 28375  14082
108.052517606 9504910435 1203828 28387  7418
108.064517373 9507527741 2617306 28365  15016
108.076522954 9509418625 1890884 28368  14741
108.088529206 9510029668 611043 28401  17028
108.100527044 9512494705 2465037 28367  16243
108.112530468 9515002259 2507554 28385  13724
108.124529563 9516628554 1626295 28363  9676
108.136517377 9519372917 2744363 28370  14631
108.148529386 9520611680 1238763 28380  9830
108.160515612 9521181231 569551 28393  19405
108.172527684 9521813450 632219 28379  26115
108.184515648 9522842573 1029123 28364  25140
108.196517573 9525489331 2646758 28365  13621
108.208528091 9527358887 1869556 28371  9896
108.220528782 9529859434 2500547 28371  13341
108.232527896 9532352428 2492994 28365  15689
108.244535664 9532958093 605665 28383  12119
108.256527926 9534537429 1579336 28380  16113
108.268528627 9537282351 2744922 28373  13859
108.280518230 9538537130 1254779 28367  6261
108.292515814 9541093823 2556693 28370  13344
108.304529586 9543534873 2441050 28355  12802
108.316515361 9544143875 609002 28388  13587
108.328516508 9544723981 580106 28388  24823
108.340514549 9545354660 630679 28352  27691
108.352529107 9545876582 521922 28360  24295
108.364528809 9546507429 630847 28345  28169
108.376527327 9547138304 630875 28349  28175
108.388515937 9547618030 479726 28378  27802
108.400524025 9548183246 565216 28397  26661
108.412516606 9548815017 631771 28371  28220
108.424515941 9549446564 631547 28363  28208
108.436516542 9550078559 631995 28373  28220
108.448528136 9550710106 631547 28371  28205
108.460528447 9551341519 631413 28352  28192
108.472515045 9551972752 631233 28356  28193
108.484529843 9553288840 1316088 28359  23127
108.496515174 9555792138 2503298 28369  12862
108.508528239 9557357779 1565641 28377  12017
108.520516156 9559858371 2500592 28373  14366
108.532515864 9562357646 2499275 28375  14486
108.544528102 9562960819 603173 28413  15930
108.556536359 9565014408 2053589 28369  22695
108.568516204 9567621789 2607381 28365  16253
108.580528858 9569006457 1384668 28367  13214
108.592529877 9571628708 2622251 28362  14035
108.604515058 9573538192 1909484 28368  9512
108.616528375 9574147919 609727 28387  14826
108.628527966 9574728366 580447 28379  26288
108.640528651 9575338426 610060 28386  27238
108.652517158 9577759809 2421383 28372  12795
108.664528586 9580271619 2511810 28353  12347
108.676516877 9582169285 1897666 28389  12904
108.688529332 9584692750 2523465 28387  15481
108.700516233 9585827475 1134725 28359  12096
108.712536201 9586567335 739860 28380  15427
108.724517069 9589193142 2625807 28370  15872
108.736528910 9591406417 2213275 28368  10805
108.748516671 9593910292 2503875 28362  19017
108.760529955 9596419638 2509346 28373  12825
108.772516676 9597019670 600032 28365  7713
108.784515860 9597600000 580330 28383  24399
108.796516182 9598231575 631575 28360  26567
108.808516300 9598754169 522594 28388  25094
108.820527334 9599386388 632219 28391  28230
108.832515465 9600017739 631351 28353  28194
108.844527847 9600649258 631519 28370  28210
108.856528254 9602769309 2120051 28354  18985
108.868528279 9605354790 2585481 28369  14776
108.880524569 9606538545 1183755 28383  14122
108.892517628 9609136532 2597987 28357  15473
108.904528882 9611039181 1902649 28373  10204
108.916528150 9611647931 608750 28359  19763
108.928528851 9614120360 2472429 28368  16442
108.940517479 9616621642 2501282 28371  14030
108.952517720 9618280500 1658858 28364  12397
108.964529818 9620916248 2635748 28362  15166
108.976516365 9622226919 1310671 28374  13543
108.988517593 9622784433 557514 28371  16075
109.000528338 9623416481 632048 28385  28235
109.012516019 9624347932 931451 28380  23392
109.024528500 9626899098 2551166 28381  12742
109.036524444 9628928437 2029339 28371  13716
109.048528643 9631424026 2495589 28371  16205
109.060527341 9633942976 2518950 28353  13712
109.072516047 9634545220 602244 28400  12913
109.084515145 9636073778 1528558 28369  20010
109.096516480 9638694100 2620322 28354  13161
109.108527831 9640149386 1455286 28375  11077
109.120515912 9642664664 2515278 28368  14191
109.132516343 9645154866 2490202 28357  14137
109.144529048 9645765274 610408 28372  17566
109.156528523 9646345156 579882 28375  22397
109.168515537 9646977005 631849 28365  27509
109.180528148 9647499073 522068 28377  23458
109.192523333 9648130396 631323 28351  28198
109.204528257 9648762167 631771 28377  28221
109.216516105 9649233268 471101 28390  23026
109.228517872 9649807332 574064 28383  26773
109.240528753 9650438879 631547 28368  28207
109.252529362 9651070202 631323 28356  28195
109.264515569 9651701525 631323 28349  28195
109.276529284 9652332652 631127 28349  28187
109.288528938 9652964843 632191 28385  28232
109.300526969 9653595942 631099 28348  28191
109.312515474 9653960964 365022 28381  24184
109.324516005 9654593183 632219 28390  28235
109.336527096 9655225178 631995 28373  28218
109.348536263 9655857173 631995 28384  28230
109.360516195 9656488720 631547 28360  28205
109.372516906 9657120043 631323 28361  28192
109.384530501 9657751366 631323 28357  28202
109.396530095 9658382689 631323 28355  28200
109.408528253 9659014684 631995 28380  28222
109.420515214 9659646231 631547 28374  28211
109.432529728 9660277582 631351 28357  28193
109.444515522 9660909101 631519 28369  28207
109.456516891 9661540107 631006 28340  28176
109.468515645 9662171523 631416 28364  28203
109.480527950 9662649789 478266 28367  23262
109.492528414 9662975465 325676 28370  28224
109.504515965 9665648484 2673019 28353  13588
109.516525426 9667913783 2265299 28370  13078
109.528516080 9670418675 2504892 28369  14251
109.540528361 9672929281 2510606 28358  12939
109.552517442 9673530755 601474 28375  13129
109.564516824 9675059831 1529076 28379  20197
109.576529199 9677578361 2518530 28366  13614
109.588527546 9679135490 1557129 28376  11099
109.600517794 9681627106 2491616 28362  14293
109.612515992 9684124776 2497670 28370  14095
109.624528707 9684726689 601913 28374  17435
109.636528381 9685306123 579434 28374  22589
109.648516495 9685937446 631323 28364  28193
109.660515997 9688340236 2402790 28372  18522
109.672536241 9690847804 2507568 28366  13957
109.684529425 9692320513 1472709 28366  11032
109.696528873 9694730288 2409775 28367  13344
109.708517777 9696404347 1674059 28384  10986
109.720529543 9697013321 608974 28379  19621
109.732529214 9699484656 2471335 28359  14572
109.744529291 9701998734 2514078 28358  13397
109.756515616 9703645594 1646860 28386  12277
109.768527440 9706319768 2674174 28376  18493
109.780514558 9707580435 1260667 28370  12073
109.792516212 9708144750 564315 28391  19296
109.804516906 9708776745 631995 28370  25924
109.816528565 9709298891 522146 28377  25097
109.828524649 9709930886 631995 28371  28222
109.840516186 9710562657 631771 28365  28216
109.852516165 9711194734 632077 28378  28232
109.864516866 9712558754 1364020 28376  22302
109.876529563 9715074820 2516066 28371  13450
109.888515474 9716637773 1562953 28366  13193
109.900516493 9719123114 2485341 28356  14834
109.912517077 9721615660 2492546 28376  15679
109.924527332 9722215949 600289 28366  11924
109.936514342 9724391593 2175644 28377  18852
109.948516994 9727103562 2711969 28363  13759
109.960528691 9728308682 1205120 28387  7622
109.972529056 9730928438 2619756 28371  15045
109.984523667 9732804323 1875885 28364  12707
109.996529322 9733413353 609030 28369  17318
110.008527780 9733993683 580330 28388  24488
110.020530644 9734586780 593097 28370  26907
110.032527982 9737040251 2453471 28372  13699
110.044516609 9739556280 2516029 28362  12917
110.056528170 9741679190 2122910 28379  12413
110.068530101 9744263703 2584513 28368  13340
110.080517022 9745151965 888262 28347  7951
110.092515278 9746336164 1184199 28390  19263
110.104528639 9748816467 2480303 28356  15319
110.116527726 9750709548 1893081 28358  9324
110.128525727 9753209102 2499554 28366  16828
110.140516938 9755720627 2511525 28362  12551
110.152537930 9756324780 604153 28383  6938
110.164517087 9756904886 580106 28384  23769
110.176515145 9757537329 632443 28391  26536
110.188517457 9758060147 522818 28388  23934
110.200517081 9758692366 632219 28379  28232
110.212528015 9759324137 631771 28372  28221
110.224529113 9759948790 624653 28370  28211
110.236516847 9760349814 401024 28375  24833
110.248516968 9760981361 631547 28361  28206
110.260527879 9761613132 631771 28373  28214
110.272527640 9762244679 631547 28367  28204
110.284515642 9762876674 631995 28388  28231
110.296528533 9763508221 631547 28359  28204
110.308536514 9764139992 631771 28367  28217
110.320516265 9764537419 397427 28358  23965
110.332515340 9767208281 2670862 28387  13608
110.344527708 9769531291 2323010 28360  11686
110.356529116 9772033969 2502678 28360  13073
110.368527543 9774546753 2512784 28356  14967
110.380515588 9775149787 603034 28375  9380
110.392527869 9776669078 1519291 28353  18396
110.404528603 9779187664 2518586 28354  13755
110.416515728 9780747033 1559369 28384  9234
110.428514882 9783241135 2494102 28369  13790
110.440527771 9785738755 2497620 28358  13592
110.452529902 9786339800 601045 28373  16704
110.464524572 9786920578 580778 28398  21592
110.476514954 9787552573 631995 28369  27671
110.488526981 9789960049 2407476 28369  18373
110.500517209 9792474537 2514488 28373  12979
110.512516143 9794025302 1550765 28361  9217
110.524517785 9796537413 2512111 28371  14786
110.536516339 9798104097 1566684 28374  9342
110.548530077 9798706366 602269 28401  19317
110.560515287 9801181991 2475625 28371  12739
110.572514509 9803685788 2503797 28359  15077
110.584528724 9805842001 2156213 28370  14712
110.596528171 9808498261 2656260 28369  14806
110.608516609 9809265731 767470 28376  8309
110.620524574 9809845221 579490 28364  20192
110.632528265 9810477216 631995 28365  26383
110.644515839 9810998690 521474 28362  23401
110.656528884 9811630816 632126 28366  28219
110.668527862 9812262484 631668 28367  28214
110.680516309 9812894479 631995 28380  28223
110.692528464 9814533396 1638917 28377  16633
110.704529402 9817153780 2620384 28356  13361
110.716567074 9818289360 1135580 28371  8418
110.728516424 9820952832 2663472 28364  13631
110.740527635 9823312573 2359741 28364  11069
110.752529370 9823923812 611239 28409  16766
110.764515657 9826386474 2462662 28379  17290
110.776528825 9828903123 2516649 28365  13803
110.788536147 9830451087 1547964 28370  7482
110.800517671 9832962449 2511362 28368  13385
110.812528339 9834523862 1561413 28380  8478
110.824530150 9835105810 581948 28390  18187
110.836515274 9835710506 604696 28393  26418
110.848516239 9836407432 696926 28378  24081
110.860517273 9839131588 2724156 28357  15179
110.872517931 9841234467 2102879 28369  13017
110.884528356 9843740529 2506062 28370  14445
110.896528734 9846267695 2527166 28357  12588
110.908515828 9846869037 601342 28371  10667
110.920516269 9848396329 1527292 28372  18203
110.932515627 9850963309 2566980 28368  16568
110.944527168 9852482170 1518861 28376  15577
110.956517432 9855040252 2558082 28366  13734
110.968528721 9857485689 2445437 28362  12175
110.980516948 9858095139 609450 28378  17013
110.992528376 9858675840 580701 28396  23510
111.004528450 9859307464 631624 28372  24888
111.016527932 9859830058 522594 28374  23776
111.028529000 9860462277 632219 28388  28234
111.040528894 9861093852 631575 28364  28210
111.052517852 9861564029 470177 28389  24133
111.064516503 9862138317 574288 28364  25791
111.076517644 9862770088 631771 28379  28219
111.088528492 9863402307 632219 28385  28235
111.100529123 9864033854 631547 28362  28209
111.112528795 9864666073 632219 28385  28232
111.124527909 9865297844 631771 28364  28214
111.136515932 9865930063 632219 28391  28235
111.148528668 9866295309 365246 28402  21694
111.160517459 9866927351 632042 28371  28222
111.172516516 9867559075 631724 28363  28215
111.184516011 9868190846 631771 28373  28212
111.196528026 9868823289 632443 28388  28243
111.208517117 9869455060 631771 28370  28220
111.220528071 9870086607 631547 28367  28209
111.232527979 9870717930 631323 28350  28194
111.244527233 9871349925 631995 28374  28225
111.256523748 9871981920 631995 28372  28226
111.268528495 9872613878 631958 28365  28215
111.280515201 9873245521 631643 28367  28216
111.292517375 9873877233 631712 28375  28219
111.304529406 9874509004 631771 28367  28215
111.316527244 9874982471 473467 28382  21907
111.328515718 9875235411 252940 28387  28247
111.340516759 9875867854 632443 28391  28240
111.352528380 9876499401 631547 28377  28209
111.364528248 9877130724 631323 28358  28197
111.376528610 9877762495 631771 28382  28217
111.388516867 9878393371 630876 28346  28175
111.400527702 9879024865 631494 28355  28194
111.412529339 9879655793 630928 28353  28185
111.424536455 9880287116 631323 28362  28191
111.436516718 9880917991 630875 28349  28180
111.448527982 9881549538 631547 28370  28204
111.460530661 9882180637 631099 28357  28183
111.472517245 9882811736 631099 28366  28181
111.484516623 9883442835 631099 28358  28191
111.496528431 9884074158 631323 28360  28198
111.508517085 9884705481 631323 28372  28206
111.520516079 9885337028 631547 28364  28203
111.532516830 9885968351 631323 28354  28195
111.544516336 9886600122 631771 28380  28214
111.556528303 9887231669 631547 28372  28204
111.568517351 9887863022 631353 28350  28191
111.580528895 9888494091 631069 28358  28192
111.592529857 9889125190 631099 28350  28188
111.604527705 9889756513 631323 28352  28192
111.616514532 9890387438 630925 28340  28176
111.628516404 9891018935 631497 28368  28202
111.640529631 9891650896 631961 28383  28213
111.652525512 9892282384 631488 28379  28213
111.664513950 9892814412 532028 28384  23275
111.676514858 9893054659 240247 28369  25722
111.688527973 9893294935 240276 28379  28248
111.700528611 9893729792 434857 28381  28242
111.712527718 9894361616 631824 28368  28217
111.724516059 9894992967 631351 28364  28201
111.736536787 9895624934 631967 28381  28223
111.748527838 9896256481 631547 28358  28205
111.760527920 9896888252 631771 28375  28215
111.772515850 9897519799 631547 28358  28204
111.784527892 9898151346 631547 28362  28205
111.796515923 9898782221 630875 28345  28186
111.808516247 9899413544 631323 28355  28192
111.820516715 9900044643 631099 28360  28189
111.832528839 9900676377 631734 28363  28204
111.844528678 9901308185 631808 28382  28223
111.856515369 9901939670 631485 28350  28194
111.868516743 9902571279 631609 28377  28219
111.880517121 9903203050 631771 28373  28219
111.892536449 9903835045 631995 28376  28222
111.904516026 9904466898 631853 28369  28219
111.916516204 9905098363 631465 28364  28208
111.928529776 9905730806 632443 28388  28241
111.940527557 9906362283 631477 28366  28206
111.952516738 9906994482 632199 28379  28232
111.964516076 9907626377 631895 28374  28216
111.976512793 9908257890 631513 28359  28201
111.988527568 9908889885 631995 28382  28224
112.000516525 9909521208 631323 28349  28193
112.012516757 9910151859 630651 28341  28176
112.024528678 9910783630 631771 28372  28217
112.036529236 9911414729 631099 28354  28189
112.048528627 9912046724 631995 28380  28224
112.060527158 9912678270 631546 28372  28208
112.072529543 9913310381 632111 28387  28228
112.084529204 9913941191 630810 28346  28180
112.096517442 9914572464 631273 28361  28202
112.108515356 9915203787 631323 28353  28194
112.120529647 9915835558 631771 28375  28216
112.132528155 9916467105 631547 28361  28205
112.144516323 9917099100 631995 28382  28227
112.156516547 9917729975 630875 28361  28185
112.168528675 9918361522 631547 28358  28207
112.180528913 9918993069 631547 28365  28199
112.192516074 9919624616 631547 28362  28203
112.204516099 9920256163 631547 28373  28208
112.216534181 9920887710 631547 28356  28204
112.228529508 9921519257 631547 28367  28212
112.240515908 9922150804 631547 28366  28204
112.252518099 9922782351 631547 28362  28205
112.264528681 9923413450 631099 28349  28184
112.276528029 9924044773 631323 28352  28196
112.288517613 9924676274 631501 28353  28197
112.300516974 9925307867 631593 28384  28221
112.312528503 9925939862 631995 28372  28222
112.324528097 9926571633 631771 28372  28211
112.336516734 9927203404 631771 28364  28216
112.348516293 9927835150 631746 28369  28206
112.360527507 9928466498 631348 28362  28204
112.372536415 9928719360 252862 28393  21494
112.384516082 9928959725 240365 28383  28245
112.396517581 9929200125 240400 28383  28248
112.408528202 9929440494 240369 28388  28256
112.420534533 9929680961 240467 28376  28242
112.432516887 9930088887 407926 28369  28225
112.444514648 9930720105 631218 28349  28182
112.456529703 9931351944 631839 28369  28208
112.468527071 9931983976 632032 28385  28227
112.480617983 9932615971 631995 28379  28223
112.492516603 9933247742 631771 28362  28208
112.504528454 9933879961 632219 28387  28229
112.516527715 9934511732 631771 28371  28220
112.528514733 9935143503 631771 28373  28214
112.540524511 9935775722 632219 28386  28226
112.552517926 9936407269 631547 28372  28200
112.564527100 9937039264 631995 28378  28220
112.576515828 9937671035 631771 28373  28207
112.588516009 9938302358 631323 28365  28193
112.600527507 9938934353 631995 28385  28217
112.612527308 9939566059 631706 28366  28204
112.624518095 9940197877 631818 28382  28211
112.636516311 9940829442 631565 28379  28206
112.648528412 9941461213 631771 28373  28211
112.660528776 9942092446 631233 28364  28195
112.672528978 9942724307 631861 28379  28224
112.684515831 9943356302 631995 28383  28221
112.696536283 9943988073 631771 28378  28206
112.708529918 9944620068 631995 28384  28221
112.720528789 9945251391 631323 28357  28187
112.732517123 9945882938 631547 28374  28209
112.744528717 9946514485 631547 28361  28200
112.756516565 9947146480 631995 28375  28218
112.768515613 9947778027 631547 28362  28198
112.780515610 9948409378 631351 28359  28189
112.792528002 9949041121 631743 28375  28203
112.804528840 9949672892 631771 28383  28215
112.816515934 9950304887 631995 28379  28219
112.828516215 9950936840 631953 28369  28208
112.840515416 9951568653 631813 28379  28222
112.852535692 9952199976 631323 28359  28192
112.864515746 9952832195 632219 28394  28231
112.876517437 9953463518 631323 28373  28200
112.888517168 9954095289 631771 28382  28211
112.900528709 9954726612 631323 28347  28191
112.912517968 9955358607 631995 28379  28223
112.924527252 9955990045 631438 28363  28203
112.936529300 9956621701 631656 28370  28212
112.948526227 9957253472 631771 28378  28221
112.960516702 9957884882 631410 28349  28195
112.972516403 9958516580 631698 28375  28215
112.984524315 9959148113 631533 28372  28207
112.996528112 9959779660 631547 28364  28201
113.008542120 9960410983 631323 28364  28197
113.020515774 9961042344 631361 28363  28199
113.032528339 9961673853 631509 28372  28207
113.044529470 9962305400 631547 28365  28202
113.056529114 9962937171 631771 28375  28217
113.068516746 9963568494 631323 28361  28197
113.080526154 9964199593 631099 28360  28185
113.092517905 9964830916 631323 28365  28197
113.104514049 9965462951 632035 28370  28227
113.116517053 9966096110 633159 28395  28266
113.128528641 9966728821 632711 28385  28255
113.140529866 9967361308 632487 28369  28245
113.152516577 9967994691 633383 28406  28284
113.164524785 9968627402 632711 28391  28259
113.176517089 9969260705 633303 28407  28280
113.188529214 9969893721 633016 28393  28268
113.200516858 9970526432 632711 28384  28261
113.212516299 9971159367 632935 28398  28272
113.224517158 9971791854 632487 28378  28247
113.236528975 9972424117 632263 28381  28244
113.248515526 9973057052 632935 28387  28262
113.260527881 9973689987 632935 28392  28260
113.272527686 9974322698 632711 28387  28249
113.284528197 9974955633 632935 28391  28259
113.296514930 9975588344 632711 28386  28254
113.308516699 9976220607 632263 28378  28244
113.320528897 9976852756 632149 28370  28222
113.332535681 9977485715 632959 28394  28265
113.344529193 9978118292 632577 28393  28258
113.356515366 9978751141 632849 28383  28253
113.368529518 9979383490 632349 28377  28246
113.380528863 9980016201 632711 28398  28260
113.392529844 9980648465 632264 28371  28228
113.404515795 9981281400 632935 28396  28261
113.416529553 9981914025 632625 28382  28256
113.428516451 9982546561 632536 28380  28245
113.440515535 9983178931 632370 28375  28246
113.452516206 9983812245 633314 28416  28290
113.464527874 9984444606 632361 28367  28238
113.476527158 9985077219 632613 28386  28253
113.488541643 9985710154 632935 28389  28262
113.500529621 9986342641 632487 28386  28249
113.512514162 9986975800 633159 28397  28272
113.524529210 9987608287 632487 28384  28253
113.536515091 9988240908 632621 28377  28244
113.548529139 9988873261 632353 28366  28241
113.560514810 9989506196 632935 28391  28268
113.572529135 9990139355 633159 28394  28271
113.584528469 9990772514 633159 28400  28276
113.596528967 9991405001 632487 28381  28251
113.608529331 9992037712 632711 28382  28256
113.620533626 9992670647 632935 28394  28265
113.632516630 9993303582 632935 28382  28266
113.644523551 9993936069 632487 28375  28247
113.656529150 9994568332 632263 28365  28237
113.668516164 9995200933 632601 28387  28245
113.680529435 9995833754 632821 28385  28258
113.692515436 9996466465 632711 28375  28255
113.704529191 9997099401 632936 28394  28263
113.716528912 9997732336 632935 28391  28266
113.728527987 9998365495 633159 28392  28274
113.740514004 9998997758 632263 28371  28243
113.752517532 9999631141 633383 28395  28281
113.764515866 10000073548 442407 28385  23621
113.776515771 10000313776 240228 28371  28224
113.788515158 10000554061 240285 28374  28232
113.800527747 10000794323 240262 28377  28236
113.812535565 10001034521 240198 28369  28223
113.824514879 10001274835 240314 28383  28242
113.836528231 10001515083 240248 28368  28235
113.848516964 10001755486 240403 28377  28245
113.860528186 10001995902 240416 28379  28205
113.872514887 10002236358 240456 28382  28208
113.884517082 10002476619 240261 28368  28197
113.896517646 10002751786 275167 18683  18478
113.908528871 10003131643 379857 3360  3215
113.920529009 10003511768 380125 3361  3218
113.932528063 10003891882 380114 3357  3216
113.944528981 10004271990 380108 3373  3223
113.956528325 10004652060 380070 3366  3225
113.968523030 10005032065 380005 3369  3220
113.980516644 10005412023 379958 3377  3224
113.992528439 10005792194 380171 3363  3219
114.004517807 10006172456 380262 3361  3220
114.016526735 10006552536 380080 3360  3224
114.028516999 10006932681 380145 3368  3226
114.040528470 10007312714 380033 3362  3215
114.052531124 10007692734 380020 3363  3218
114.064528960 10008072761 380027 3358  3216
114.076528947 10008452791 380030 3359  3218
114.088515855 10008832962 380171 3360  3218
114.100515796 10009212923 379961 3372  3227
114.112527714 10009592990 380067 3374  3224
114.124523001 10009973029 380039 3364  3214
114.136530000 10010353092 380063 3359  3218
114.148527624 10010733097 380005 3365  3218
114.160516002 10011113148 380051 3359  3220
114.172528497 10011493344 380196 3368  3228
114.184517291 10011873490 380146 3363  3224
114.196527339 10012253512 380022 3358  3217
114.208515437 10012633638 380126 3361  3214
114.220516621 10013013643 380005 3364  3220
114.232515676 10013393818 380175 3363  3221
114.244528500 10013773956 380138 3368  3227
114.256516434 10014154022 380066 3362  3220
114.268528643 10014534135 380113 3357  3224
114.280536541 10014914294 380159 3355  3222
114.292529455 10015294535 380241 3360  3222
114.304516096 10015674360 379825 3368  3227
114.316516227 10016054411 380051 3375  3231
114.328528646 10016434538 380127 3355  3223
114.340517172 10016814619 380081 3359  3223
114.352529354 10017194804 380185 3372  3226
114.364516545 10017574855 380051 3365  3225
114.376527953 10017954894 380039 3364  3231
114.388528107 10018334958 380064 3373  3230
114.400517302 10018715129 380171 3359  3226
114.412516230 10019095300 380171 3371  3230
114.424528445 10019475231 379931 3363  3219
114.436516869 10019855282 380051 3363  3220
114.448523383 10020235213 379931 3365  3229
114.460516081 10020615310 380097 3374  3235
114.472529023 10020995435 380125 3372  3226
114.484516757 10021375498 380063 3378  3230
114.496527625 10021755600 380102 3370  3229
114.508529826 10022135708 380108 3369  3223
114.520516310 10022515759 380051 3367  3225
114.532516471 10022895649 379890 3376  3232
114.544516147 10023275745 380096 3362  3222
114.556518261 10023655841 380096 3364  3225
114.568515879 10024036054 380213 3363  3223
114.580528623 10024416134 380080 3370  3226
114.592529587 10024796185 380051 3367  3224
114.604536646 10025176122 379937 3379  3232
114.616517390 10025556167 380045 3370  3226
114.628527725 10025936338 380171 3373  3225
114.640517269 10026316435 380097 3365  3226
114.652529131 10026696486 380051 3381  3231
114.664528831 10027076653 380167 3366  3221
114.676516225 10027456782 380129 3383  3235
114.688529677 10027836953 380171 3384  3228
114.700527648 10028217124 380171 3372  3227
114.712527626 10028597223 380099 3367  3222
114.724528391 10028977424 380201 3371  3223
114.736528439 10029357435 380011 3372  3224
114.748515946 10029737448 380013 3379  3232
114.760524184 10030117619 380171 3373  3225
114.772516809 10030497790 380171 3365  3225
114.784527916 10030877721 379931 3381  3225
114.796517317 10031257772 380051 3374  3226
114.808529579 10031637703 379931 3364  3223
114.820517656 10032017800 380097 3382  3235
114.832528235 10032398018 380218 3372  3224
114.844529312 10032778216 380198 3376  3230
114.856515667 10033158267 380051 3375  3228
114.868514785 10033538202 379935 3376  3224
114.880516246 10033918295 380093 3365  3226
114.892515607 10034298420 380125 3381  3233
114.904515415 10034678562 380142 3380  3225
114.916536276 10035058522 379960 3367  3223
114.928528254 10035438453 379931 3365  3226
114.940514496 10035818504 380051 3371  3227
114.952517920 10036198555 380051 3370  3224
114.964528311 10036578726 380171 3381  3237
114.976516322 10036958750 380024 3372  3223
114.988529103 10037338694 379944 3379  3235
115.000529315 10037718759 380065 3367  3228
115.012516846 10038098930 380171 3378  3228
115.024516034 10038479027 380097 3371  3223
115.036529201 10038859162 380135 3376  3229
115.048529249 10039239294 380132 3382  3229
115.060527677 10039619258 379964 3366  3226
115.072528115 10039999425 380167 3370  3228
115.084524373 10040379476 380051 3368  3223
115.096517147 10040759408 379932 3375  3229
115.108528042 10041139578 380170 3381  3230
115.120529323 10041519689 380111 3371  3225
115.132516327 10041899800 380111 3373  3227
115.144530449 10042279851 380051 3374  3227
115.156516833 10042659873 380022 3380  3224
115.168516861 10043040044 380171 3373  3230
115.180528783 10043420162 380118 3386  3232
115.192528754 10043800295 380133 3375  3226
115.204516067 10044180346 380051 3371  3221
115.216515189 10044560277 379931 3368  3225
115.228516660 10044940212 379935 3372  3226
115.240523195 10045320350 380138 3366  3222
115.252531750 10045700508 380158 3392  3239
115.264528724 10046080601 380093 3368  3225
115.276516768 10046460728 380127 3376  3232
115.288514466 10046840823 380095 3374  3221
115.300528797 10047220758 379935 3379  3226
115.312516308 10047600925 380167 3375  3227
115.324528800 10047981022 380097 3373  3228
115.336528271 10048361027 380005 3370  3224
115.348528252 10048741244 380217 3384  3230
115.360528813 10049121249 380005 3381  3227
115.372527108 10049501300 380051 3380  3228
115.384527542 10049881414 380114 3375  3227
115.396540471 10050261439 380025 3381  3235
115.408517672 10050641574 380135 3372  3227
115.420531586 10051021644 380070 3381  3229
115.432529484 10051401754 380110 3371  3226
115.444528688 10051781803 380049 3376  3226
115.456516619 10052161902 380099 3368  3226
115.468516731 10052541949 380047 3376  3228
115.480530015 10052922120 380171 3374  3228
115.492515863 10053302217 380097 3371  3224
115.504529477 10053682388 380171 3369  3227
115.516516905 10054062319 379931 3367  3218
115.528528033 10054442417 380098 3380  3229
115.540526101 10054822556 380139 3382  3230
115.552525506 10055202546 379990 3371  3223
115.564515830 10055582631 380085 3371  3223
115.576515521 10055962648 380017 3371  3226
115.588517882 10056342699 380051 3369  3221
115.600515847 10056722630 379931 3373  3223
115.612515668 10057102639 380009 3371  3233
115.624528469 10057482808 380169 3372  3228
115.636529021 10057862903 380095 3373  3222
115.648515791 10058242954 380051 3374  3228
115.660531683 10058622978 380024 3366  3219
115.672517164 10059003027 380049 3364  3221
115.684529082 10059383107 380080 3379  3233
115.696517360 10059763251 380144 3364  3225
115.708516577 10060143329 380078 3364  3222
115.720536006 10060523519 380190 3370  3226
115.732528850 10060903431 379912 3370  3221
115.744529221 10061283602 380171 3373  3223
115.756527072 10061663653 380051 3384  3231
115.768528608 10062043824 380171 3376  3227
115.780528482 10062423861 380037 3367  3224
115.792515576 10062804046 380185 3369  3226
115.804516114 10063260335 456289 19891  14593
115.816529402 10063894407 634072 27973  19183
115.828528686 10064522189 627782 27996  19072
115.840528825 10065157386 635197 27956  19158
115.852517336 10065796116 638730 28056  19322
115.864529173 10066430039 633923 28050  19121
115.876529834 10067064282 634243 28138  19153
115.888516782 10067703882 639600 27711  19357
115.900527994 10068334099 630217 27917  19112
115.912517668 10068972957 638858 28066  19269
115.924515963 10069606571 633614 27934  19122
115.936516464 10070239934 633363 27913  19110
115.948514598 10070877645 637711 28012  19219
115.960517702 10071514928 637283 27970  19295
115.972527871 10072143063 628135 27932  19093
115.984521079 10072776742 633679 27906  19175
115.996527976 10073415629 638887 27992  19368
116.008516157 10074054943 639314 28056  19337
116.020528562 10074693087 638144 28006  19277
116.032525719 10075329646 636559 28045  19210
116.044528761 10075961044 631398 28128  19239
116.056529412 10076600428 639384 28043  19356
116.068529880 10077232329 631901 27995  19158
116.080528762 10077863369 631040 27929  19127
116.092530380 10078500801 637432 28024  19271
116.104529297 10079138028 637227 27910  19302
116.116530322 10079766631 628603 27961  18995
116.128528003 10080401354 634723 28041  19280
116.140515710 10081038809 637455 27987  19235
116.152529689 10081675279 636470 28060  19301
116.164516432 10082312002 636723 27922  19295
116.176529444 10082942306 630304 28078  19042
116.188522182 10083568821 626515 27921  18972
116.200530266 10084207540 638719 27898  19310
116.212516055 10084848331 640791 28058  19334
116.224517469 10085484282 635951 27916  19157
116.236515007 10086120275 635993 28081  19162
116.248517611 10086756100 635825 28107  19230
116.260516602 10087386779 630679 28006  19135
116.272517131 10088020614 633835 27776  19239
116.284516342 10088655229 634615 28045  19206
116.296516073 10089290284 635055 28065  19242
116.308528347 10089929302 639018 27956  19293
116.320515502 10090567206 637904 28060  19320
116.332528786 10091196012 628806 27911  19092
116.344529325 10091833690 637678 28168  19307
116.356535536 10092470819 637129 27961  19264
116.368518067 10093109302 638483 27893  19325
116.380528874 10093746301 636999 28020  19246
116.392529579 10094381195 634894 28073  19164
116.404529281 10095008944 627749 28110  19079
116.416530472 10095648087 639143 27828  19303
116.428516913 10096284930 636843 27943  19237
116.440534068 10096921933 637003 28030  19268
116.452530209 10097555332 633399 27942  19194
116.464529490 10098192331 636999 28093  19263
116.476516054 10098823662 631331 28029  19129
116.488529039 10099460169 636507 28027  19246
116.500516530 10100094172 634003 28015  19173
116.512525598 10100725837 631665 27958  19088
116.524516998 10101362633 636796 27813  19243
116.536528127 10102000105 637472 28024  19270
116.548516438 10102630141 630036 27978  19103
116.560516366 10103265843 635702 28069  19263
116.572518867 10103904030 638187 28102  19338
116.584518321 10104543885 639855 28059  19285
116.596517606 10105177419 633534 28106  19202
116.608516711 10105811998 634579 28057  19264
116.620517348 10106442874 630876 28068  19178
116.632516313 10107085324 642450 28012  19525
116.644528675 10107721592 636268 28023  19220
116.656516849 10108359350 637758 28010  19314
116.668538760 10108996269 636919 27968  19294
116.680529551 10109629817 633548 27998  19174
116.692527945 10110263524 633707 27980  19248
116.704517247 10110897647 634123 28075  19156
116.716528965 10111534237 636590 28095  19193
116.728529333 10112169787 635550 27920  19222
116.740528960 10112809344 639557 27984  19384
116.752531005 10113446621 637277 27973  19264
116.764528913 10114075806 629185 28012  19112
116.776530394 10114711304 635498 27897  19194
116.788527782 10115346212 634908 27998  19245
116.800529320 10115986795 640583 28113  19354
116.812515827 10116619814 633019 28165  19169
116.824536823 10117253516 633702 27992  19182
116.836517120 10117882060 628544 27752  19091
116.848529165 10118519067 637007 28076  19241
116.860516522 10119161217 642150 28087  19409
116.872528784 10119797063 635846 28105  19192
116.884517081 10120434892 637829 28190  19291
116.896516300 10121069811 634919 27953  19166
116.908517031 10121697454 627643 27885  19067
116.920516072 10122331537 634083 28029  19152
116.932517549 10122961392 629855 28087  18966
116.944518080 10123601210 639818 27832  19318
116.956516329 10124237802 636592 28049  19269
116.968516747 10124872443 634641 27773  19186
116.980528264 10125500654 628211 27998  19067
116.992524623 10126138394 637740 28063  19253
117.004529144 10126775010 636616 27977  19201
117.016511507 10127413945 638935 28072  19317
117.028529656 10128048910 634965 28061  19124
117.040514357 10128683273 634363 28074  19103
117.052531042 10129317354 634081 27846  19253
117.064528880 10129955703 638349 27949  19295
117.076518268 10130595362 639659 27949  19331
117.088529705 10131234171 638809 28042  19329
117.100530276 10131870818 636647 28045  19210
117.112528528 10132508891 638073 28078  19223
117.124528149 10133139291 630400 28136  19107
117.136528080 10133775698 636407 28113  19192
117.148526338 10134412442 636744 28078  19205
117.160529822 10135052845 640403 27922  19379
117.172516150 10135691220 638375 28045  19267
117.184528825 10136327543 636323 27923  19220
117.196515916 10136955964 628421 27964  19081
117.208530641 10137589481 633517 27958  19142
117.220516378 10138226682 637201 27766  19275
117.232516996 10138859071 632389 28033  19149
117.244517381 10139494318 635247 27979  19214
117.256515306 10140131201 636883 27989  19197
117.268517280 10140763696 632495 27917  19217
117.280516544 10141401907 638211 27997  19282
117.292516129 10142038382 636475 27995  19297
117.304525811 10142676425 638043 27956  19256
117.316516882 10143312223 635798 28052  19213
117.328516679 10143952031 639808 27936  19331
117.340529381 10144578834 626803 28041  19036
117.352531826 10145214813 635979 28087  19214
117.364530183 10145854972 640159 27930  19317
117.376516978 10146490907 635935 27880  19203
117.388516712 10147132099 641192 27964  19391
117.400515016 10147767417 635318 27844  19232
117.412528562 10148395336 627919 27932  19037
117.424517122 10149029447 634111 27963  19209
117.436532087 10149667323 637876 27928  19280
117.448529695 10150301246 633923 28031  19205
117.460524236 10150933875 632629 28002  19139
117.472516404 10151575128 641253 27914  19351
117.484516755 10152205413 630285 28034  19176
117.496529940 10152846122 640709 28001  19391
117.508516264 10153480580 634458 28030  19161
117.520529418 10154119156 638576 28063  19247
117.532516574 10154754079 634923 28034  19162
117.544517621 10155390049 635970 28003  19239
117.556515209 10156017530 627481 28033  19048
117.568516320 10156653126 635596 28102  19290
117.580516714 10157293890 640764 27966  19447
117.592515003 10157926958 633068 27840  19181
117.604516704 10158564776 637818 27921  19329
117.616517292 10159201720 636944 28072  19231
117.628536680 10159829518 627798 27992  19042
117.640517760 10160466185 636667 27952  19296
117.652529502 10161102973 636788 28036  19344
117.664518187 10161739723 636750 28132  19220
117.676528038 10162376014 636291 28137  19210
117.688529520 10163014926 638912 27847  19296
117.700529287 10163641801 626875 27897  18951
117.712528678 10164281120 639319 28077  19317
117.724528829 10164919790 638670 28082  19345
117.736516227 10165553966 634176 27974  19156
117.748530376 10166193157 639191 27964  19321
117.760528757 10166826308 633151 28043  19148
117.772528134 10167455187 628879 27983  19090
117.784537229 10168088122 632935 27995  19129
117.796517443 10168727113 638991 27847  19330
117.808528342 10169365036 637923 28072  19267
117.820517856 10170001587 636551 28027  19211
117.832517170 10170639136 637549 28061  19241
117.844518225 10171267925 628789 28026  19064
117.856518069 10171907992 640067 27909  19268
117.868529874 10172540320 632328 28091  19104
117.880516802 10173170306 629986 27887  19042
117.892515976 10173807749 637443 27927  19271
117.904516737 10174445400 637651 27889  19295
117.916529498 10175074723 629323 27904  19065
117.928515783 10175709302 634579 27878  19174
117.940524775 10176344967 635665 27937  19198
117.952531662 10176978315 633348 28094  19154
117.964516303 10177616871 638556 27973  19261
117.976517118 10178251171 634300 28012  19194
117.988528483 10178878505 627334 27998  19029
118.000528951 10179516640 638135 27809  19295
118.012516668 10180158003 641363 27970  19446
118.024510473 10180795458 637455 27849  19258
118.036516924 10181429089 633631 27980  19186
118.048528886 10182067564 638475 28015  19272
118.060528827 10182696779 629215 27970  19123
118.072528724 10183334376 637597 27809  19347
118.084529176 10183966793 632417 28047  19116
118.096528604 10184598956 632163 27959  19135
118.108536062 10185238106 639150 27950  19286
118.120517179 10185873570 635464 27926  19283
118.132515720 10186503253 629683 27809  19051
118.144529039 10187140383 637130 28029  19245
118.156516282 10187778817 638434 28115  19281
118.168517054 10188410986 632169 27983  19120
118.180516862 10189045189 634203 27941  19183
118.192517900 10189676770 631581 28010  19075
118.204528325 10190296875 620105 27840  18897
118.216516926 10190935598 638723 27808  19300
118.228529530 10191571063 635465 27940  19245
118.240516761 10192207092 636029 27869  19317
118.252529836 10192840549 633457 27937  19189
118.264523611 10193477662 637113 28002  19299
118.276517302 10194105425 627763 27870  19074
118.288529706 10194739965 634540 27975  19184
118.300529747 10195375382 635417 28273  19247
118.312529055 10196010938 635556 28141  19221
118.324529640 10196650665 639727 27898  19397
118.336516748 10197289199 638534 28184  19354
118.348529776 10197921002 631803 28135  19274
118.360530004 10198554658 633656 27984  19198
118.372528928 10199189846 635188 28180  19388
118.384517686 10199825260 635414 28140  19319
118.396517614 10200458591 633331 28057  19278
118.408528522 10201090998 632407 28145  19211
118.420534534 10201718233 627235 28079  19057
118.432529354 10202354768 636535 27938  19293
118.444529595 10202992491 637723 28040  19394
118.456529873 10203630065 637574 28169  19307
118.468516181 10204265557 635492 28134  19293
118.480517595 10204900379 634822 28210  19276
118.492515640 10205533275 632896 28083  19341
118.504531345 10206166673 633398 28132  19192
118.516516306 10206798548 631875 28096  19145
118.528528647 10207427976 629428 27915  19051
118.540515595 10208063074 635098 27954  19229
118.552516646 10208699674 636600 28147  19239
118.564528338 10209329165 629491 28114  19179
118.576524749 10209962766 633601 28169  19237
118.588517080 10210594713 631947 28052  19146
118.600529252 10211229474 634761 28011  19224
118.612530066 10211859317 629843 28148  19090
118.624516554 10212492680 633363 28099  19149
118.636529345 10213123283 630603 28139  19166
118.648527469 10213759818 636535 28074  19303
118.660528741 10214397165 637347 28012  19267
118.672516915 10215030676 633511 28122  19171
118.684515623 10215665471 634795 28182  19190
118.696516207 10216053163 387692 28268  23737
118.708528592 10216195329 142166 28392  28257
118.720527400 10216337475 142146 28380  28248
118.732515125 10216479691 142216 28384  28253
118.744535722 10216621787 142096 28374  28245
118.756528840 10216763988 142201 28377  28248
118.768515534 10216906074 142086 28371  28243
118.780525036 10217048180 142106 28383  28251
118.792515774 10217190391 142211 28386  28254
118.804514848 10217332457 142066 28371  28242
118.816528027 10217474628 142171 28384  28249
118.828515707 10217616849 142221 28398  28267
118.840513782 10217758965 142116 28359  28232
118.852516667 10217901156 142191 28391  28264
118.864528942 10218043372 142216 28396  28262
118.876528423 10218185483 142111 28374  28247
118.888515147 10218327619 142136 28364  28239
118.900536202 10218469710 142091 28368  28239
118.912516446 10218611971 142261 28401  28270
118.924527945 10218754117 142146 28375  28251
118.936517889 10218896313 142196 28385  28260
118.948528273 10219038419 142106 28371  28244
118.960528831 10219180590 142171 28380  28256
118.972528719 10219322776 142186 28381  28258
118.984517124 10219464902 142126 28374  28245
118.996527705 10219607078 142176 28384  28256
119.008527426 10219749209 142131 28369  28246
119.020527767 10219891415 142206 28382  28253
119.032516441 10220033586 142171 28377  28250
119.044516253 10220175732 142146 28370  28246
119.056536864 10220317903 142171 28382  28258
119.068529312 10220460049 142146 28381  28257
119.080527773 10220602100 142051 28368  28237
119.092515957 10220744291 142191 28387  28256
119.104528843 10220886477 142186 28378  28252
119.116517747 10221041390 154913 28363  28226
119.128528832 10221746720 705330 28344  26499
119.140515349 10222390698 643978 28212  17125
119.152529028 10223022393 631695 28206  18084
119.164515729 10223642575 620182 28172  19254
119.176516456 10224267476 624901 28250  19417
119.188514924 10224899090 631614 28052  19568
119.200528773 10225526769 627679 28271  19477
119.212541194 10225923543 396774 28235  23701
119.224518375 10226121930 198387 28391  28203
119.236516359 10226320527 198597 28389  28243
119.248517370 10226518990 198463 28377  28176
119.260528305 10226717350 198360 28375  28228
119.272516160 10226915968 198618 28397  28263
119.284529531 10227114887 198919 28382  28245
119.296530078 10227313414 198527 28382  28244
119.308528254 10227511899 198485 28374  28239
119.320532615 10227710447 198548 28389  28254
119.332528432 10227908883 198436 28379  28240
119.344528287 10228107284 198401 28366  28233
119.356528895 10228305790 198506 28386  28254
119.368516670 10228504226 198436 28373  28241
119.380523641 10228702718 198492 28383  28248
119.392529272 10228901631 198913 28395  28257
119.404529166 10229100074 198443 28379  28239
119.416529378 10229298692 198618 28385  28258
119.428516342 10229497247 198555 28396  28263
119.440516870 10229695669 198422 28379  28244
119.452515984 10229894105 198436 28365  28223
119.464517435 10230092548 198443 28371  28232
119.476516134 10230291040 198492 28381  28243
119.488528882 10230489532 198492 28377  28243
119.500515986 10230688381 198849 28386  28239
119.512516070 10230886719 198338 28369  28231
119.524516421 10231085197 198478 28380  28239
119.536537387 10231283745 198548 28388  28258
119.548529234 10231482370 198625 28393  28253
119.560516309 10231680799 198429 28364  28229
119.572516266 10231879389 198590 28396  28260
119.584515657 10232077888 198499 28381  28247
119.596529633 10232276366 198478 28379  28248
119.608516284 10232475096 198730 28388  28252
119.620529092 10232673903 198807 28384  28251
119.632517333 10232872416 198513 28378  28243
119.644530671 10233070971 198555 28386  28256
119.656516412 10233269330 198359 28376  28234
119.668528833 10233467850 198520 28377  28242
119.680529672 10233666258 198408 28376  28240
119.692541299 10233864757 198499 28381  28236
119.704517040 10234063179 198422 28377  28231
119.716516845 10234261594 198415 28378  28241
119.728529970 10234460611 199017 28399  28251
119.740516274 10234659180 198569 28397  28257
119.752529872 10234857644 198464 28390  28246
119.764517266 10235056185 198541 28383  28243
119.776530064 10235254635 198450 28380  28239
119.788515926 10235453162 198527 28394  28251
119.800521280 10235651745 198583 28395  28257
119.812515935 10235850293 198548 28397  28259
119.824529366 10236048610 198317 28369  28225
119.836516467 10236247501 198891 28394  28252
119.848524859 10236445902 198401 28372  28234
119.860529966 10236644338 198436 28387  28246
119.872529022 10236842767 198429 28375  28229
119.884529529 10237041301 198534 28388  28242
119.896517580 10237239688 198387 28389  28241
119.908517381 10237438215 198527 28386  28241
119.920516496 10237636735 198520 28388  28248
119.932529564 10237835318 198583 28391  28255
119.944516731 10238033964 198646 28365  28225
119.956529836 10238232477 198513 28372  28233
119.968528197 10238430941 198464 28389  28247
119.980528349 10238629538 198597 28401  28262
119.992517190 10238828093 198555 28388  28253
120.004528641 10239026536 198443 28391  28257
120.016537722 10239225175 198639 28394  28264
120.028529837 10239423733 198558 28378  28243
120.040516265 10239622299 198566 28392  28260
120.052518796 10239820812 198513 28387  28246
120.064528914 10240019689 198877 28386  28249
120.076530255 10240218286 198597 28398  28262
120.088529166 10240416827 198541 28383  28252
120.100517908 10240615347 198520 28387  28246
120.112529406 10240813881 198534 28387  28252
120.124516743 10241012366 198485 28380  28250
120.136516214 10241210879 198513 28384  28250
120.148518606 10241409280 198401 28374  28243
120.160528207 10241607807 198527 28384  28244
120.172523898 10241806614 198807 28370  28235
120.184518519 10242005071 198457 28374  28232
120.196517224 10242203654 198583 28392  28247
120.208516609 10242402041 198387 28369  28231
120.220528223 10242600442 198401 28373  28236
120.232517164 10242798927 198485 28391  28245
120.244527420 10242997433 198506 28379  28240
120.256529937 10243195988 198555 28395  28261
120.268529315 10243394438 198450 28387  28244
120.280516713 10243593427 198989 28396  28257
120.292516494 10243791793 198366 28361  28221
120.304529142 10243990348 198555 28391  28248
120.316528627 10244188777 198429 28386  28242
120.328524154 10244387318 198541 28378  28240
120.340517055 10244585838 198520 28397  28258
120.352530584 10244784302 198464 28383  28243
120.364529812 10244982773 198471 28397  28250
120.376529149 10245181272 198499 28385  28245
120.388527207 10247610286 2429014 347678  347459
120.400515231 10247808603 198317 28372  28229
120.412526280 10248006990 198387 28382  28242
120.424526881 10248205496 198506 28387  28243
120.436516139 10248403897 198401 28377  28233
120.448529616 10248602298 198401 28365  28229
120.460529008 10248800601 198303 28359  28226
120.472516549 10248999114 198513 28381  28248
120.484526780 10249197823 198709 28373  28238
120.496528938 10249396259 198436 28369  28228
120.508516899 10249594632 198373 28377  28242
120.520517654 10249793138 198506 28386  28242
120.532515959 10249991638 198500 28384  28244
120.544518506 10250190094 198456 28391  28249
120.556529025 10250388376 198282 28367  28224
120.568529206 10250586938 198562 28392  28251
120.580516404 10250785514 198576 28388  28245
120.592516805 10250984314 198800 28382  28241
120.604529303 10251182624 198310 28376  28225
120.616517257 10251381158 198534 28398  28254
120.628530005 10251579643 198485 28387  28248
120.640530320 10251778100 198457 28382  28247
120.652525044 10251976613 198513 28379  28245
120.664517942 10252175147 198534 28390  28254
120.676528897 10252373737 198590 28386  28253
120.688531368 10252572348 198611 28400  28262
120.700528769 10252770854 198506 28360  28228
120.712517744 10252969619 198765 28380  28243
120.724517092 10253168111 198492 28389  28253
120.736528633 10253366666 198555 28391  28254
120.748528074 10253565102 198436 28387  28239
120.760529366 10253763552 198450 28375  28241
120.772516050 10253962044 198492 28391  28250
120.784517428 10254160634 198590 28380  28242
120.796528162 10254359175 198541 28399  28260
120.808525990 10254557583 198408 28378  28241
120.820530712 10254735401 177818 28394  28083
120.832528916 10254887337 151936 28388  27839
120.844516811 10255057568 170231 28372  28131
120.856516448 10255228088 170520 28365  28188
120.868516317 10255398246 170158 28377  28127
120.880528368 10255568693 170447 28389  28196
120.892526712 10255739284 170591 28392  28225
120.904516203 10255909707 170423 28369  28198
120.916513938 10256080010 170303 28373  28181
120.928514896 10256250685 170675 28389  28218
120.940528661 10256420916 170231 28390  28197
120.952517658 10256591309 170393 28390  28206
120.964537360 10256761840 170531 28381  28210
120.976529361 10256932221 170381 28376  28208
120.988528592 10257102527 170306 28385  28193
121.000514060 10257273070 170543 28374  28202
121.012527819 10257443271 170201 28379  28189
121.024529503 10257613574 170303 28378  28187
121.036528441 10257784045 170471 28367  28194
121.048516258 10257954546 170501 28386  28218
121.060515870 10258124891 170345 28379  28198
121.072527931 10258295512 170621 28378  28210
121.084528019 10258465629 170117 28370  28178
121.096527173 10258636034 170405 28388  28201
121.108516535 10258806492 170458 28374  28207
121.120535166 10258976993 170501 28385  28211
121.132516184 10259147302 170309 28369  28182
121.144515538 10259317833 170531 28380  28202
121.156517053 10259488022 170189 28373  28182
121.168527441 10259658493 170471 28402  28218
121.180515842 10259829066 170573 28390  28214
121.192516420 10259999525 170459 28384  28206
121.204527941 10260169888 170363 28389  28206
121.216527916 10260340539 170651 28384  28222
121.228516064 10260510698 170159 28381  28184
121.240527388 10260680995 170297 28371  28187
121.252516606 10260851586 170591 28376  28207
121.264516290 10261021877 170291 28370  28191
121.276529122 10261192138 170261 28388  28197
121.288536760 10261362639 170501 28382  28205
121.300528822 10261532666 170027 28379  28180
121.312528203 10261702880 170214 28380  28178
121.324530161 10261873296 170416 28380  28190
121.336515658 10262043479 170183 28371  28180
121.348528853 10262213674 170195 28388  28184
121.360516141 10262384175 170501 28384  28200
121.372529029 10262554244 170069 28377  28170
121.384517490 10268877667 6323423 1055432  1053667
121.396535021 10269043659 165992 27640  27466
121.408524493 10269214117 170458 28387  28213
121.420526944 10269384436 170319 28384  28194
121.432526155 10269554946 170510 28381  28199
121.444525959 10269725032 170086 28379  28176
121.456517057 10269895375 170343 28378  28190
121.468528062 10270065824 170449 28373  28199
121.480515430 10270236222 170398 28371  28201
121.492516998 10270406547 170325 28372  28190
121.504529666 10270577027 170480 28379  28204
121.516514891 10270747197 170170 28385  28194
121.528515988 10270917630 170433 28389  28193
121.540514689 10271088062 170432 28371  28197
121.552529158 10271258467 170405 28378  28205
121.564528289 10271428803 170336 28385  28196
121.576516187 10271599253 170450 28374  28201
121.588514118 10271769435 170182 28390  28185
121.600522786 10271939898 170463 28392  28204
121.612528641 10272110438 170540 28381  28212
121.624515745 10272280782 170344 28375  28196
121.636530609 10272451017 170235 28375  28181
121.648527415 10272621599 170582 28379  28210
121.660528479 10272791721 170122 28360  28170
121.672514797 10272962034 170313 28375  28194
121.684528374 10273132616 170582 28383  28221
121.696527900 10273303153 170537 28391  28217
121.708528014 10273473525 170372 28389  28201
121.720513338 10273644137 170612 28373  28213
121.732515143 10273814265 170128 28381  28183
121.744528094 10273984584 170319 28370  28187
121.756510499 10274155168 170584 28383  28218
121.768534333 10274325473 170305 28370  28194
121.780517968 10274495840 170367 28387  28193
121.792527499 10274666404 170564 28376  28211
121.804518047 10274836532 170128 28374  28175
121.816516928 10275006845 170313 28378  28188
121.828517523 10275177433 170588 28375  28208
121.840527541 10275347885 170452 28387  28216
121.852516559 10275518171 170286 28379  28195
121.864515543 10275688732 170561 28383  28209
121.876515251 10275858788 170056 28376  28169
121.888527916 10276029203 170415 28399  28211
121.900527444 10276199671 170468 28378  28201
121.912516175 10276370033 170362 28370  28199
121.924523656 10276540388 170355 28391  28203
121.936516297 10276710892 170504 28378  28201
121.948528426 10276881044 170152 28372  28179
121.960517050 10277051429 170385 28390  28205
121.972527558 10277222089 170660 28394  28233
121.984527933 10277392409 170320 28367  28201
121.996527664 10277562842 170433 28379  28195
122.008515935 10277733315 170473 28373  28203
122.020526733 10277903406 170091 28381  28169
122.032527491 10278074108 170702 28391  28231
122.044527576 10278244458 170350 28372  28203
122.056516777 10278414776 170318 28372  28191
122.068514814 10278585271 170495 28375  28202
122.080536473 10278755687 170416 28383  28211
122.092527687 10278925688 170001 28369  28154
122.104527438 10279096270 170582 28388  28211
122.116528016 10279266656 170386 28383  28209
122.128514817 10279437047 170391 28389  28200
122.140514316 10279607617 170570 28386  28213
122.152528853 10279797849 190232 28386  28181
122.164532689 10279996264 198415 28372  28225
122.176516515 10280194798 198534 28385  28260
122.188516377 10280393185 198387 28367  28175
122.200527975 10280591600 198415 28377  28233
122.212528920 10280790092 198492 28388  28253
122.224516334 10280989180 199088 28406  28267
122.236526852 10281187741 198561 28385  28253
122.248529407 10281386275 198534 28389  28261
122.260515848 10281584718 198443 28384  28247
122.272516896 10281783224 198506 28379  28246
122.284517490 10281981758 198534 28376  28244
122.296529445 10282180341 198583 28391  28257
122.308528336 10282378798 198457 28387  28256
122.320517318 10282577367 198569 28390  28258
122.332516639 10282776286 198919 28379  28241
122.344512130 10282974729 198443 28374  28234
122.356528644 10283173473 198744 28416  28280
122.368515732 10283372014 198541 28387  28256
122.380516821 10289648250 6276236 898583  898220
122.395783962 10290183522 535272 76539  76383
122.407533582 10290382014 198492 28388  28245
122.419518906 10290580604 198590 28397  28254
122.431528932 10290779019 198415 28395  28248
122.443517422 10290977476 198457 28370  28233
122.455529134 10291175891 198415 28392  28240
122.467530148 10291374257 198366 28381  28238
122.479528167 10291572945 198688 28404  28265
122.491516025 10291771367 198422 28387  28247
122.503528396 10291970279 198912 28388  28248
122.515517100 10292168708 198429 28379  28242
122.527516882 10292367151 198443 28390  28240
122.539517053 10292565720 198569 28392  28251
122.551529154 10292764170 198450 28390  28251
122.563537586 10292962620 198450 28371  28236
122.575517560 10293160979 198359 28370  28228
122.587529045 10293359555 198576 28391  28254
122.599517069 10293558068 198513 28382  28244
122.611529490 10293756959 198891 28387  28248
122.623516888 10293955451 198492 28377  28237
122.635516993 10294154020 198569 28389  28258
122.647518307 10294352547 198527 28386  28253
122.659528449 10294551074 198527 28385  28251
122.671528410 10294749517 198443 28377  28246
122.683528551 10294948093 198576 28391  28254
122.695529742 10295146431 198338 28355  28224
122.707528711 10295344769 198338 28372  28236
122.719525175 10295543667 198898 28396  28256
122.731518073 10295742271 198604 28381  28235
122.743528637 10295940833 198562 28399  28256
122.755520129 10296139234 198401 28381  28242
122.767516860 10296337733 198499 28387  28245
122.779517211 10296536183 198450 28382  28243
122.791516829 10296734584 198401 28389  28242
122.803529931 10296933048 198464 28373  28230
122.815529065 10297131463 198415 28390  28248
122.827516836 10297329885 198422 28375  28234
122.839516077 10297528804 198919 28377  28238
122.851516736 10297727471 198667 28397  28254
122.863516770 10297925977 198506 28387  28244
122.875537871 10298124532 198555 28399  28258
122.887530203 10298323059 198527 28389  28249
122.899530361 10298521299 198240 28368  28226
122.911518602 10298719819 198520 28386  28241
122.923528203 10298918157 198338 28382  28242
122.935517327 10299116684 198527 28387  28240
122.947529476 10299315421 198737 28370  28225
122.959531184 10299513822 198401 28382  28243
122.971516598 10299712412 198590 28386  28260
122.983517296 10299910904 198492 28388  28252
122.995529848 10300109431 198527 28395  28250
123.007530665 10300307783 198352 28372  28224
123.019516823 10300506248 198465 28379  28241
123.031528305 10300704662 198414 28375  28240
123.043524189 10300903196 198534 28387  28251
123.055519357 10301101975 198779 28378  28242
123.067516861 10301300565 198590 28379  28241
123.079517210 10301499071 198506 28381  28243
123.091518434 10301697423 198352 28379  28237
123.103517482 10301895978 198555 28395  28254
123.115517143 10302094470 198492 28369  28231
123.127518935 10302292850 198380 28385  28245
123.139529309 10302491251 198401 28373  28237
123.151529524 10302689603 198352 28369  28233
123.163528448 10302888285 198682 28389  28255
123.175516546 10303087013 198728 28392  28252
123.187528718 10303285534 198521 28394  28249
123.199525362 10303484026 198492 28374  28231
123.211530660 10303682497 198471 28389  28254
123.223530105 10303881010 198513 28396  28263
123.235530929 10304079537 198527 28379  28238
123.247528470 10304278015 198478 28385  28247
123.259529982 10304476528 198513 28400  28255
123.271516126 10304674951 198423 28384  28236
123.283530084 10304873806 198855 28380  28241
123.295529409 10305072263 198457 28379  28236
123.307517650 10305270587 198324 28384  28236
123.319516644 10305468932 198345 28368  28227
123.331518599 10305667438 198506 28396  28260
123.343529967 10305865930 198492 28380  28248
123.355524866 10306064352 198422 28376  28233
123.367529837 10306262781 198429 28377  28243
123.379516428 10306461420 198639 28398  28267
123.390558995 10309139272 2677852 403073  402301
123.402515439 10309309617 170345 28381  28146
123.414514370 10309480094 170477 28372  28203
123.426515169 10309650415 170321 28373  28197
123.438528687 10309820724 170309 28367  28182
123.450513981 10309991351 170627 28381  28217
123.462515735 10310161522 170171 28378  28191
123.474528183 10310331873 170351 28378  28189
123.486528228 10310502326 170453 28371  28200
123.498529223 10310672755 170429 28367  28208
123.510525044 10310843052 170297 28374  28191
123.522516181 10311013670 170618 28381  28213
123.534515083 10311183943 170273 28404  28209
123.546528718 10311354270 170327 28381  28189
123.558529379 10311524866 170596 28378  28204
123.570529201 10311695302 170436 28392  28222
123.582528575 10311865623 170321 28376  28189
123.594529729 10312036268 170645 28382  28219
123.606528108 10312206421 170153 28375  28175
123.618527722 10312376796 170375 28382  28201
123.630528217 10312547422 170626 28386  28219
123.642516028 10312717857 170435 28373  28212
123.654516655 10312888082 170225 28371  28176
123.666516594 10313058541 170459 28368  28194
123.678535068 10313228622 170081 28371  28174
123.690529139 10313398781 170159 28360  28156
123.702527888 10313569450 170669 28388  28220
123.714517449 10313739842 170392 28379  28212
123.726516980 10313910206 170364 28377  28197
123.738517091 10314080707 170501 28384  28215
123.750517130 10314250710 170003 28380  28163
123.762516444 10314420965 170255 28382  28190
123.774517045 10314591485 170520 28380  28210
123.786515803 10314761793 170308 28368  28197
123.798528651 10314932024 170231 28377  28185
123.810529336 10315102477 170453 28389  28206
123.822528000 10315272600 170123 28381  28179
123.834537189 10315442867 170267 28379  28181
123.846529806 10315613248 170381 28376  28194
123.858515774 10315783503 170255 28375  28191
123.870528209 10315953698 170195 28380  28179
123.882528820 10316124121 170423 28389  28195
123.894530018 10316294256 170135 28375  28169
123.906533086 10316464535 170279 28380  28196
123.918517057 10316634985 170450 28378  28194
123.930516934 10316805252 170267 28366  28182
123.942516316 10316975393 170141 28381  28166
123.954528141 10317145846 170453 28386  28200
123.966527673 10317315963 170117 28386  28185
123.978517153 10317486194 170231 28384  28178
123.990525661 10317656593 170399 28377  28186
124.002530079 10317826764 170171 28372  28181
124.014516841 10317996996 170232 28376  28172
124.026529625 10318167424 170428 28375  28194
124.038527903 10318337451 170027 28362  28162
124.050516281 10318507610 170159 28379  28174
124.062517149 10318678117 170507 28390  28214
124.074517654 10318848552 170435 28391  28214
124.086528151 10319018849 170297 28401  28197
124.098528842 10319189248 170399 28378  28194
124.110528464 10319359359 170111 28376  28166
124.122514965 10319529506 170147 28377  28178
124.134514636 10319700013 170507 28374  28200
124.146535612 10319870430 170417 28382  28216
124.158528666 10320040721 170291 28388  28195
124.170516797 10320211294 170573 28379  28212
124.182529729 10320381369 170075 28374  28173
124.194515556 10320551618 170249 28386  28192
124.206516064 10320722107 170489 28376  28208
124.218529479 10320892524 170417 28386  28209
124.230528264 10321062752 170228 28375  28195
124.242528768 10321233234 170482 28386  28210
124.254516619 10321403298 170064 28377  28176
124.266515347 10321573449 170151 28372  28170
124.278549289 10321743911 170462 28373  28202
124.290527433 10321914207 170296 28373  28203
124.302528134 10322084514 170307 28377  28196
124.314523202 10322255060 170546 28386  28210
124.326516084 10322425140 170080 28380  28178
124.338528835 10322595291 170151 28370  28177
124.350517139 10322765627 170336 28364  28183
124.362515457 10322935905 170278 28371  28192
124.374516079 10331164038 8228133 1373375  1371199
124.395796926 10331739617 575579 96002  95728
124.407531333 10331909895 170278 28382  28198
124.419528928 10332080256 170361 28378  28202
124.431516255 10332250870 170614 28380  28213
124.443515174 10332421160 170290 28361  28194
124.455528702 10332591527 170367 28373  28188
124.467527733 10332762169 170642 28403  28237
124.479536727 10332932417 170248 28394  28195
124.491517939 10333102802 170385 28394  28199
124.503515197 10333273450 170648 28395  28219
124.515526984 10333443842 170392 28382  28211
124.527516882 10333483926 40084 5890  5672
124.545199507 10333485113 1187 57  1
124.560398251 10333486432 1319 90  15
124.576455874 10333487619 1187 53  1
124.590225863 10333490912 3293 179  84
